    0 3 0000000080000000 00c0006f jal         , x0, x0, 000000000000000c        
    1 3 000000008000000c 00000093 addi        ra, x0, x0, 0000000000000000                     0
    2 3 0000000080000010 00000113 addi        sp, x0, x0, 0000000000000000                     0
    3 3 0000000080000014 00000193 addi        gp, x0, x0, 0000000000000000                     0
    4 3 0000000080000018 00000213 addi        tp, x0, x0, 0000000000000000                     0
    5 3 000000008000001c 00000293 addi        t0, x0, x0, 0000000000000000                     0
    6 3 0000000080000020 00000313 addi        t1, x0, x0, 0000000000000000                     0
    7 3 0000000080000024 00000393 addi        t2, x0, x0, 0000000000000000                     0
    8 3 0000000080000028 00000413 addi        s0, x0, x0, 0000000000000000                     0
    9 3 000000008000002c 00000493 addi        s1, x0, x0, 0000000000000000                     0
   10 3 0000000080000030 00000513 addi        a0, x0, x0, 0000000000000000                     0
   11 3 0000000080000034 00000593 addi        a1, x0, x0, 0000000000000000                     0
   12 3 0000000080000038 00000613 addi        a2, x0, x0, 0000000000000000                     0
   13 3 000000008000003c 00000693 addi        a3, x0, x0, 0000000000000000                     0
   14 3 0000000080000040 00000713 addi        a4, x0, x0, 0000000000000000                     0
   15 3 0000000080000044 00000793 addi        a5, x0, x0, 0000000000000000                     0
   16 3 0000000080000048 00000813 addi        a6, x0, x0, 0000000000000000                     0
   17 3 000000008000004c 00000893 addi        a7, x0, x0, 0000000000000000                     0
   18 3 0000000080000050 00000913 addi        s2, x0, x0, 0000000000000000                     0
   19 3 0000000080000054 00000993 addi        s3, x0, x0, 0000000000000000                     0
   20 3 0000000080000058 00000a13 addi        s4, x0, x0, 0000000000000000                     0
   21 3 000000008000005c 00000a93 addi        s5, x0, x0, 0000000000000000                     0
   22 3 0000000080000060 00000b13 addi        s6, x0, x0, 0000000000000000                     0
   23 3 0000000080000064 00000b93 addi        s7, x0, x0, 0000000000000000                     0
   24 3 0000000080000068 00000c13 addi        s8, x0, x0, 0000000000000000                     0
   25 3 000000008000006c 00000c93 addi        s9, x0, x0, 0000000000000000                     0
   26 3 0000000080000070 00000d13 addi        s10, x0, x0, 0000000000000000                    0
   27 3 0000000080000074 00000d93 addi        s11, x0, x0, 0000000000000000                    0
   28 3 0000000080000078 00000e13 addi        t3, x0, x0, 0000000000000000                     0
   29 3 000000008000007c 00000e93 addi        t4, x0, x0, 0000000000000000                     0
   30 3 0000000080000080 00000f13 addi        t5, x0, x0, 0000000000000000                     0
   31 3 0000000080000084 00000f93 addi        t6, x0, x0, 0000000000000000                     0
   32 3 0000000080000088 00000297 auipc       t0, x0, x0, 0000000000000000              80000088
   33 3 000000008000008c 01028293 addi        t0, t0, x0, 0000000000000010              80000098
   34 3 0000000080000090 30529073 csrrw       , t0, x0, 0000000000000305        
   35 3 0000000080000094 74445073 csrrwi      , s0, x0, 0000000000000744        
   36 3 0000000080000098 00000297 auipc       t0, x0, x0, 0000000000000000              80000098
   37 3 000000008000009c f7028293 addi        t0, t0, x0, 00000000ffffff70              80000008
   38 3 00000000800000a0 30529073 csrrw       , t0, x0, 0000000000000305        
   39 3 00000000800000a4 0000c117 auipc       sp, x0, x0, 000000000000c000              8000c0a4
   40 3 00000000800000a8 e3c10113 addi        sp, sp, x0, 00000000fffffe3c              8000bee0
   41 3 00000000800000ac f14022f3 csrrs       t0, x0, x0, 0000000000000f14                     0
   42 3 00000000800000b0 00c29293 slli        t0, t0, x0, 000000000000000c                     0
   43 3 00000000800000b4 00510133 add         sp, sp, t0, 0000000000000000              8000bee0
   44 3 00000000800000b8 34011073 csrrw       , sp, x0, 0000000000000340        
   45 3 00000000800000bc 125020ef jal         ra, x0, x0, 0000000000002924              800000c0
   46 3 00000000800029e0 00008067 jalr        , ra, x0, 0000000000000000        
   47 3 00000000800000c0 00003517 auipc       a0, x0, x0, 0000000000003000              800030c0
   48 3 00000000800000c4 93450513 addi        a0, a0, x0, 00000000fffff934              800029f4
   49 3 00000000800000c8 71c0206f jal         , x0, x0, 000000000000271c        
   50 3 00000000800027e4 f14027f3 csrrs       a5, x0, x0, 0000000000000f14                     0
   51 3 00000000800027e8 18079a63 bne         , a5, x0, 0000000000000194        
   52 3 00000000800027ec 00004797 auipc       a5, x0, x0, 0000000000004000              800067ec
   53 3 00000000800027f0 81478793 addi        a5, a5, x0, 00000000fffff814              80006000
   54 3 00000000800027f4 ed010113 addi        sp, sp, x0, 00000000fffffed0              8000bdb0
   55 3 00000000800027f8 00c7d793 srli        a5, a5, x0, 000000000000000c                 80006
   56 3 00000000800027fc 12813023 sd          , sp, s0, 0000000000000120        
   57 3 0000000080002800 00005817 auipc       a6, x0, x0, 0000000000005000              80007800
   58 3 0000000080002804 80080813 addi        a6, a6, x0, 00000000fffff800              80007000
   59 3 0000000080002808 00050413 addi        s0, a0, x0, 0000000000000000              800029f4
   60 3 000000008000280c 00a79793 slli        a5, a5, x0, 000000000000000a              20001800
   61 3 0000000080002810 00002517 auipc       a0, x0, x0, 0000000000002000              80004810
   62 3 0000000080002814 7f050513 addi        a0, a0, x0, 00000000000007f0              80005000
   63 3 0000000080002818 12113423 sd          , sp, ra, 0000000000000128        
   64 3 000000008000281c 00c55693 srli        a3, a0, x0, 000000000000000c                 80005
   65 3 0000000080002820 00c85713 srli        a4, a6, x0, 000000000000000c                 80007
   66 3 0000000080002824 0017e793 ori         a5, a5, x0, 0000000000000001              20001801
   67 3 0000000080002828 00001897 auipc       a7, x0, x0, 0000000000001000              80003828
   68 3 000000008000282c 7d888893 addi        a7, a7, x0, 00000000000007d8              80004000
   69 3 0000000080002830 fff00613 addi        a2, x0, x0, 00000000ffffffff      ffffffffffffffff
   70 3 0000000080002834 fef53c23 sd          , a0, a5, 00000000fffffff8        
   71 3 0000000080002838 00a69693 slli        a3, a3, x0, 000000000000000a              20001400
   72 3 000000008000283c 00a71713 slli        a4, a4, x0, 000000000000000a              20001c00
   73 3 0000000080002840 200007b7 lui         a5, x0, x0, 0000000020000000              20000000
   74 3 0000000080002844 0016e693 ori         a3, a3, x0, 0000000000000001              20001401
   75 3 0000000080002848 00176713 ori         a4, a4, x0, 0000000000000001              20001c01
   76 3 000000008000284c 00c8d593 srli        a1, a7, x0, 000000000000000c                 80004
   77 3 0000000080002850 03f61313 slli        t1, a2, x0, 000000000000003f      8000000000000000
   78 3 0000000080002854 0cf78793 addi        a5, a5, x0, 00000000000000cf              200000cf
   79 3 0000000080002858 fef83c23 sd          , a6, a5, 00000000fffffff8        
   80 3 000000008000285c 00d8b023 sd          , a7, a3, 0000000000000000        
   81 3 0000000080002860 00e53023 sd          , a0, a4, 0000000000000000        
   82 3 0000000080002864 0065e7b3 or          a5, a1, t1, 0000000000000000      8000000000080004
   83 3 0000000080002868 18079073 csrrw       , a5, x0, 0000000000000180        
   84 3 000000008000286c 18002773 csrrs       a4, x0, x0, 0000000000000180      8000000000080004
   85 3 0000000080002870 14e79e63 bne         , a5, a4, 000000000000015c        
   86 3 0000000080002874 00b65613 srli        a2, a2, x0, 000000000000000b        1fffffffffffff
   87 3 0000000080002878 01f00793 addi        a5, x0, x0, 000000000000001f                    1f
   88 3 000000008000287c 00000297 auipc       t0, x0, x0, 0000000000000000              8000287c
   89 3 0000000080002880 01428293 addi        t0, t0, x0, 0000000000000014              80002890
   90 3 0000000080002884 305292f3 csrrw       t0, t0, x0, 0000000000000305              80000008
   91 3 0000000080002888 3b061073 csrrw       , a2, x0, 00000000000003b0        
   92 3 000000008000288c 3a079073 csrrw       , a5, x0, 00000000000003a0        
   93 3 0000000080002890 30529073 csrrw       , t0, x0, 0000000000000305        
   94 3 0000000080002894 bff00813 addi        a6, x0, x0, 00000000fffffbff      fffffffffffffbff
   95 3 0000000080002898 01581813 slli        a6, a6, x0, 0000000000000015      ffffffff7fe00000
   96 3 000000008000289c ffffe797 auipc       a5, x0, x0, 00000000ffffe000              8000089c
   97 3 00000000800028a0 8b878793 addi        a5, a5, x0, 00000000fffff8b8              80000154
   98 3 00000000800028a4 010787b3 add         a5, a5, a6, 0000000000000000      ffffffffffe00154
   99 3 00000000800028a8 10579073 csrrw       , a5, x0, 0000000000000105        
  100 3 00000000800028ac 340027f3 csrrs       a5, x0, x0, 0000000000000340              8000bee0
  101 3 00000000800028b0 010787b3 add         a5, a5, a6, 0000000000000000      ffffffffffe0bee0
  102 3 00000000800028b4 14079073 csrrw       , a5, x0, 0000000000000140        
  103 3 00000000800028b8 0000b7b7 lui         a5, x0, x0, 000000000000b000                  b000
  104 3 00000000800028bc 1007879b addiw       a5, a5, x0, 0000000000000100                  b100
  105 3 00000000800028c0 30279073 csrrw       , a5, x0, 0000000000000302        
  106 3 00000000800028c4 0001e7b7 lui         a5, x0, x0, 000000000001e000                 1e000
  107 3 00000000800028c8 6007879b addiw       a5, a5, x0, 0000000000000600                 1e600
  108 3 00000000800028cc 30079073 csrrw       , a5, x0, 0000000000000300        
  109 3 00000000800028d0 30405073 csrrwi      , x0, x0, 0000000000000304        
  110 3 00000000800028d4 00001717 auipc       a4, x0, x0, 0000000000001000              800038d4
  111 3 00000000800028d8 b1c70713 addi        a4, a4, x0, 00000000fffffb1c              800033f0
  112 3 00000000800028dc 3e080793 addi        a5, a6, x0, 00000000000003e0      ffffffff7fe003e0
  113 3 00000000800028e0 010706b3 add         a3, a4, a6, 0000000000000000      ffffffffffe033f0
  114 3 00000000800028e4 00f707b3 add         a5, a4, a5, 0000000000000000      ffffffffffe037d0
  115 3 00000000800028e8 000808b7 lui         a7, x0, x0, 0000000000080000                 80000
  116 3 00000000800028ec 00005617 auipc       a2, x0, x0, 0000000000005000              800078ec
  117 3 00000000800028f0 70d63e23 sd          , a2, a3, 000000000000071c        
  118 3 00000000800028f4 00001317 auipc       t1, x0, x0, 0000000000001000              800038f4
  119 3 00000000800028f8 eec30313 addi        t1, t1, x0, 00000000fffffeec              800037e0
  120 3 00000000800028fc 00005697 auipc       a3, x0, x0, 0000000000005000              800078fc
  121 3 0000000080002900 70f6b223 sd          , a3, a5, 0000000000000704        
  122 3 0000000080002904 03f88893 addi        a7, a7, x0, 000000000000003f                 8003f
  123 3 0000000080002908 03000793 addi        a5, x0, x0, 0000000000000030                    30
  124 3 000000008000290c 01080813 addi        a6, a6, x0, 0000000000000010      ffffffff7fe00010
  125 3 0000000080002910 0017d613 srli        a2, a5, x0, 0000000000000001                    18
  126 3 0000000080002914 011786b3 add         a3, a5, a7, 0000000000000000                 8006f
  127 3 0000000080002918 00f647b3 xor         a5, a2, a5, 0000000000000000                    28
  128 3 000000008000291c 010705b3 add         a1, a4, a6, 0000000000000000      ffffffffffe03400
  129 3 0000000080002920 00c69693 slli        a3, a3, x0, 000000000000000c              8006f000
  130 3 0000000080002924 00579793 slli        a5, a5, x0, 0000000000000005                   500
  131 3 0000000080002928 00d73023 sd          , a4, a3, 0000000000000000        
  132 3 000000008000292c 00b73423 sd          , a4, a1, 0000000000000008        
  133 3 0000000080002930 0207f793 andi        a5, a5, x0, 0000000000000020                     0
  134 3 0000000080002934 01070713 addi        a4, a4, x0, 0000000000000010              80003400
  135 3 0000000080002938 00f667b3 or          a5, a2, a5, 0000000000000000                    18
  136 3 000000008000293c fce31ae3 bne         , t1, a4, 00000000ffffffd4        
  137 3 0000000080002910 0017d613 srli        a2, a5, x0, 0000000000000001                     c
  138 3 0000000080002914 011786b3 add         a3, a5, a7, 0000000000000000                 80057
  139 3 0000000080002918 00f647b3 xor         a5, a2, a5, 0000000000000000                    14
  140 3 000000008000291c 010705b3 add         a1, a4, a6, 0000000000000000      ffffffffffe03410
  141 3 0000000080002920 00c69693 slli        a3, a3, x0, 000000000000000c              80057000
  142 3 0000000080002924 00579793 slli        a5, a5, x0, 0000000000000005                   280
  143 3 0000000080002928 00d73023 sd          , a4, a3, 0000000000000000        
  144 3 000000008000292c 00b73423 sd          , a4, a1, 0000000000000008        
  145 3 0000000080002930 0207f793 andi        a5, a5, x0, 0000000000000020                     0
  146 3 0000000080002934 01070713 addi        a4, a4, x0, 0000000000000010              80003410
  147 3 0000000080002938 00f667b3 or          a5, a2, a5, 0000000000000000                     c
  148 3 000000008000293c fce31ae3 bne         , t1, a4, 00000000ffffffd4        
  149 3 0000000080002910 0017d613 srli        a2, a5, x0, 0000000000000001                     6
  150 3 0000000080002914 011786b3 add         a3, a5, a7, 0000000000000000                 8004b
  151 3 0000000080002918 00f647b3 xor         a5, a2, a5, 0000000000000000                     a
  152 3 000000008000291c 010705b3 add         a1, a4, a6, 0000000000000000      ffffffffffe03420
  153 3 0000000080002920 00c69693 slli        a3, a3, x0, 000000000000000c              8004b000
  154 3 0000000080002924 00579793 slli        a5, a5, x0, 0000000000000005                   140
  155 3 0000000080002928 00d73023 sd          , a4, a3, 0000000000000000        
  156 3 000000008000292c 00b73423 sd          , a4, a1, 0000000000000008        
  157 3 0000000080002930 0207f793 andi        a5, a5, x0, 0000000000000020                     0
  158 3 0000000080002934 01070713 addi        a4, a4, x0, 0000000000000010              80003420
  159 3 0000000080002938 00f667b3 or          a5, a2, a5, 0000000000000000                     6
  160 3 000000008000293c fce31ae3 bne         , t1, a4, 00000000ffffffd4        
  161 3 0000000080002910 0017d613 srli        a2, a5, x0, 0000000000000001                     3
  162 3 0000000080002914 011786b3 add         a3, a5, a7, 0000000000000000                 80045
  163 3 0000000080002918 00f647b3 xor         a5, a2, a5, 0000000000000000                     5
  164 3 000000008000291c 010705b3 add         a1, a4, a6, 0000000000000000      ffffffffffe03430
  165 3 0000000080002920 00c69693 slli        a3, a3, x0, 000000000000000c              80045000
  166 3 0000000080002924 00579793 slli        a5, a5, x0, 0000000000000005                    a0
  167 3 0000000080002928 00d73023 sd          , a4, a3, 0000000000000000        
  168 3 000000008000292c 00b73423 sd          , a4, a1, 0000000000000008        
  169 3 0000000080002930 0207f793 andi        a5, a5, x0, 0000000000000020                    20
  170 3 0000000080002934 01070713 addi        a4, a4, x0, 0000000000000010              80003430
  171 3 0000000080002938 00f667b3 or          a5, a2, a5, 0000000000000000                    23
  172 3 000000008000293c fce31ae3 bne         , t1, a4, 00000000ffffffd4        
  173 3 0000000080002910 0017d613 srli        a2, a5, x0, 0000000000000001                    11
  174 3 0000000080002914 011786b3 add         a3, a5, a7, 0000000000000000                 80062
  175 3 0000000080002918 00f647b3 xor         a5, a2, a5, 0000000000000000                    32
  176 3 000000008000291c 010705b3 add         a1, a4, a6, 0000000000000000      ffffffffffe03440
  177 3 0000000080002920 00c69693 slli        a3, a3, x0, 000000000000000c              80062000
  178 3 0000000080002924 00579793 slli        a5, a5, x0, 0000000000000005                   640
  179 3 0000000080002928 00d73023 sd          , a4, a3, 0000000000000000        
  180 3 000000008000292c 00b73423 sd          , a4, a1, 0000000000000008        
  181 3 0000000080002930 0207f793 andi        a5, a5, x0, 0000000000000020                     0
  182 3 0000000080002934 01070713 addi        a4, a4, x0, 0000000000000010              80003440
  183 3 0000000080002938 00f667b3 or          a5, a2, a5, 0000000000000000                    11
  184 3 000000008000293c fce31ae3 bne         , t1, a4, 00000000ffffffd4        
  185 3 0000000080002910 0017d613 srli        a2, a5, x0, 0000000000000001                     8
  186 3 0000000080002914 011786b3 add         a3, a5, a7, 0000000000000000                 80050
  187 3 0000000080002918 00f647b3 xor         a5, a2, a5, 0000000000000000                    19
  188 3 000000008000291c 010705b3 add         a1, a4, a6, 0000000000000000      ffffffffffe03450
  189 3 0000000080002920 00c69693 slli        a3, a3, x0, 000000000000000c              80050000
  190 3 0000000080002924 00579793 slli        a5, a5, x0, 0000000000000005                   320
  191 3 0000000080002928 00d73023 sd          , a4, a3, 0000000000000000        
  192 3 000000008000292c 00b73423 sd          , a4, a1, 0000000000000008        
  193 3 0000000080002930 0207f793 andi        a5, a5, x0, 0000000000000020                    20
  194 3 0000000080002934 01070713 addi        a4, a4, x0, 0000000000000010              80003450
  195 3 0000000080002938 00f667b3 or          a5, a2, a5, 0000000000000000                    28
  196 3 000000008000293c fce31ae3 bne         , t1, a4, 00000000ffffffd4        
  197 3 0000000080002910 0017d613 srli        a2, a5, x0, 0000000000000001                    14
  198 3 0000000080002914 011786b3 add         a3, a5, a7, 0000000000000000                 80067
  199 3 0000000080002918 00f647b3 xor         a5, a2, a5, 0000000000000000                    3c
  200 3 000000008000291c 010705b3 add         a1, a4, a6, 0000000000000000      ffffffffffe03460
  201 3 0000000080002920 00c69693 slli        a3, a3, x0, 000000000000000c              80067000
  202 3 0000000080002924 00579793 slli        a5, a5, x0, 0000000000000005                   780
  203 3 0000000080002928 00d73023 sd          , a4, a3, 0000000000000000        
  204 3 000000008000292c 00b73423 sd          , a4, a1, 0000000000000008        
  205 3 0000000080002930 0207f793 andi        a5, a5, x0, 0000000000000020                     0
  206 3 0000000080002934 01070713 addi        a4, a4, x0, 0000000000000010              80003460
  207 3 0000000080002938 00f667b3 or          a5, a2, a5, 0000000000000000                    14
  208 3 000000008000293c fce31ae3 bne         , t1, a4, 00000000ffffffd4        
  209 3 0000000080002910 0017d613 srli        a2, a5, x0, 0000000000000001                     a
  210 3 0000000080002914 011786b3 add         a3, a5, a7, 0000000000000000                 80053
  211 3 0000000080002918 00f647b3 xor         a5, a2, a5, 0000000000000000                    1e
  212 3 000000008000291c 010705b3 add         a1, a4, a6, 0000000000000000      ffffffffffe03470
  213 3 0000000080002920 00c69693 slli        a3, a3, x0, 000000000000000c              80053000
  214 3 0000000080002924 00579793 slli        a5, a5, x0, 0000000000000005                   3c0
  215 3 0000000080002928 00d73023 sd          , a4, a3, 0000000000000000        
  216 3 000000008000292c 00b73423 sd          , a4, a1, 0000000000000008        
  217 3 0000000080002930 0207f793 andi        a5, a5, x0, 0000000000000020                     0
  218 3 0000000080002934 01070713 addi        a4, a4, x0, 0000000000000010              80003470
  219 3 0000000080002938 00f667b3 or          a5, a2, a5, 0000000000000000                     a
  220 3 000000008000293c fce31ae3 bne         , t1, a4, 00000000ffffffd4        
  221 3 0000000080002910 0017d613 srli        a2, a5, x0, 0000000000000001                     5
  222 3 0000000080002914 011786b3 add         a3, a5, a7, 0000000000000000                 80049
  223 3 0000000080002918 00f647b3 xor         a5, a2, a5, 0000000000000000                     f
  224 3 000000008000291c 010705b3 add         a1, a4, a6, 0000000000000000      ffffffffffe03480
  225 3 0000000080002920 00c69693 slli        a3, a3, x0, 000000000000000c              80049000
  226 3 0000000080002924 00579793 slli        a5, a5, x0, 0000000000000005                   1e0
  227 3 0000000080002928 00d73023 sd          , a4, a3, 0000000000000000        
  228 3 000000008000292c 00b73423 sd          , a4, a1, 0000000000000008        
  229 3 0000000080002930 0207f793 andi        a5, a5, x0, 0000000000000020                    20
  230 3 0000000080002934 01070713 addi        a4, a4, x0, 0000000000000010              80003480
  231 3 0000000080002938 00f667b3 or          a5, a2, a5, 0000000000000000                    25
  232 3 000000008000293c fce31ae3 bne         , t1, a4, 00000000ffffffd4        
  233 3 0000000080002910 0017d613 srli        a2, a5, x0, 0000000000000001                    12
  234 3 0000000080002914 011786b3 add         a3, a5, a7, 0000000000000000                 80064
  235 3 0000000080002918 00f647b3 xor         a5, a2, a5, 0000000000000000                    37
  236 3 000000008000291c 010705b3 add         a1, a4, a6, 0000000000000000      ffffffffffe03490
  237 3 0000000080002920 00c69693 slli        a3, a3, x0, 000000000000000c              80064000
  238 3 0000000080002924 00579793 slli        a5, a5, x0, 0000000000000005                   6e0
  239 3 0000000080002928 00d73023 sd          , a4, a3, 0000000000000000        
  240 3 000000008000292c 00b73423 sd          , a4, a1, 0000000000000008        
  241 3 0000000080002930 0207f793 andi        a5, a5, x0, 0000000000000020                    20
  242 3 0000000080002934 01070713 addi        a4, a4, x0, 0000000000000010              80003490
  243 3 0000000080002938 00f667b3 or          a5, a2, a5, 0000000000000000                    32
  244 3 000000008000293c fce31ae3 bne         , t1, a4, 00000000ffffffd4        
  245 3 0000000080002910 0017d613 srli        a2, a5, x0, 0000000000000001                    19
  246 3 0000000080002914 011786b3 add         a3, a5, a7, 0000000000000000                 80071
  247 3 0000000080002918 00f647b3 xor         a5, a2, a5, 0000000000000000                    2b
  248 3 000000008000291c 010705b3 add         a1, a4, a6, 0000000000000000      ffffffffffe034a0
  249 3 0000000080002920 00c69693 slli        a3, a3, x0, 000000000000000c              80071000
  250 3 0000000080002924 00579793 slli        a5, a5, x0, 0000000000000005                   560
  251 3 0000000080002928 00d73023 sd          , a4, a3, 0000000000000000        
  252 3 000000008000292c 00b73423 sd          , a4, a1, 0000000000000008        
  253 3 0000000080002930 0207f793 andi        a5, a5, x0, 0000000000000020                    20
  254 3 0000000080002934 01070713 addi        a4, a4, x0, 0000000000000010              800034a0
  255 3 0000000080002938 00f667b3 or          a5, a2, a5, 0000000000000000                    39
  256 3 000000008000293c fce31ae3 bne         , t1, a4, 00000000ffffffd4        
  257 3 0000000080002910 0017d613 srli        a2, a5, x0, 0000000000000001                    1c
  258 3 0000000080002914 011786b3 add         a3, a5, a7, 0000000000000000                 80078
  259 3 0000000080002918 00f647b3 xor         a5, a2, a5, 0000000000000000                    25
  260 3 000000008000291c 010705b3 add         a1, a4, a6, 0000000000000000      ffffffffffe034b0
  261 3 0000000080002920 00c69693 slli        a3, a3, x0, 000000000000000c              80078000
  262 3 0000000080002924 00579793 slli        a5, a5, x0, 0000000000000005                   4a0
  263 3 0000000080002928 00d73023 sd          , a4, a3, 0000000000000000        
  264 3 000000008000292c 00b73423 sd          , a4, a1, 0000000000000008        
  265 3 0000000080002930 0207f793 andi        a5, a5, x0, 0000000000000020                    20
  266 3 0000000080002934 01070713 addi        a4, a4, x0, 0000000000000010              800034b0
  267 3 0000000080002938 00f667b3 or          a5, a2, a5, 0000000000000000                    3c
  268 3 000000008000293c fce31ae3 bne         , t1, a4, 00000000ffffffd4        
  269 3 0000000080002910 0017d613 srli        a2, a5, x0, 0000000000000001                    1e
  270 3 0000000080002914 011786b3 add         a3, a5, a7, 0000000000000000                 8007b
  271 3 0000000080002918 00f647b3 xor         a5, a2, a5, 0000000000000000                    22
  272 3 000000008000291c 010705b3 add         a1, a4, a6, 0000000000000000      ffffffffffe034c0
  273 3 0000000080002920 00c69693 slli        a3, a3, x0, 000000000000000c              8007b000
  274 3 0000000080002924 00579793 slli        a5, a5, x0, 0000000000000005                   440
  275 3 0000000080002928 00d73023 sd          , a4, a3, 0000000000000000        
  276 3 000000008000292c 00b73423 sd          , a4, a1, 0000000000000008        
  277 3 0000000080002930 0207f793 andi        a5, a5, x0, 0000000000000020                     0
  278 3 0000000080002934 01070713 addi        a4, a4, x0, 0000000000000010              800034c0
  279 3 0000000080002938 00f667b3 or          a5, a2, a5, 0000000000000000                    1e
  280 3 000000008000293c fce31ae3 bne         , t1, a4, 00000000ffffffd4        
  281 3 0000000080002910 0017d613 srli        a2, a5, x0, 0000000000000001                     f
  282 3 0000000080002914 011786b3 add         a3, a5, a7, 0000000000000000                 8005d
  283 3 0000000080002918 00f647b3 xor         a5, a2, a5, 0000000000000000                    11
  284 3 000000008000291c 010705b3 add         a1, a4, a6, 0000000000000000      ffffffffffe034d0
  285 3 0000000080002920 00c69693 slli        a3, a3, x0, 000000000000000c              8005d000
  286 3 0000000080002924 00579793 slli        a5, a5, x0, 0000000000000005                   220
  287 3 0000000080002928 00d73023 sd          , a4, a3, 0000000000000000        
  288 3 000000008000292c 00b73423 sd          , a4, a1, 0000000000000008        
  289 3 0000000080002930 0207f793 andi        a5, a5, x0, 0000000000000020                    20
  290 3 0000000080002934 01070713 addi        a4, a4, x0, 0000000000000010              800034d0
  291 3 0000000080002938 00f667b3 or          a5, a2, a5, 0000000000000000                    2f
  292 3 000000008000293c fce31ae3 bne         , t1, a4, 00000000ffffffd4        
  293 3 0000000080002910 0017d613 srli        a2, a5, x0, 0000000000000001                    17
  294 3 0000000080002914 011786b3 add         a3, a5, a7, 0000000000000000                 8006e
  295 3 0000000080002918 00f647b3 xor         a5, a2, a5, 0000000000000000                    38
  296 3 000000008000291c 010705b3 add         a1, a4, a6, 0000000000000000      ffffffffffe034e0
  297 3 0000000080002920 00c69693 slli        a3, a3, x0, 000000000000000c              8006e000
  298 3 0000000080002924 00579793 slli        a5, a5, x0, 0000000000000005                   700
  299 3 0000000080002928 00d73023 sd          , a4, a3, 0000000000000000        
  300 3 000000008000292c 00b73423 sd          , a4, a1, 0000000000000008        
  301 3 0000000080002930 0207f793 andi        a5, a5, x0, 0000000000000020                     0
  302 3 0000000080002934 01070713 addi        a4, a4, x0, 0000000000000010              800034e0
  303 3 0000000080002938 00f667b3 or          a5, a2, a5, 0000000000000000                    17
  304 3 000000008000293c fce31ae3 bne         , t1, a4, 00000000ffffffd4        
  305 3 0000000080002910 0017d613 srli        a2, a5, x0, 0000000000000001                     b
  306 3 0000000080002914 011786b3 add         a3, a5, a7, 0000000000000000                 80056
  307 3 0000000080002918 00f647b3 xor         a5, a2, a5, 0000000000000000                    1c
  308 3 000000008000291c 010705b3 add         a1, a4, a6, 0000000000000000      ffffffffffe034f0
  309 3 0000000080002920 00c69693 slli        a3, a3, x0, 000000000000000c              80056000
  310 3 0000000080002924 00579793 slli        a5, a5, x0, 0000000000000005                   380
  311 3 0000000080002928 00d73023 sd          , a4, a3, 0000000000000000        
  312 3 000000008000292c 00b73423 sd          , a4, a1, 0000000000000008        
  313 3 0000000080002930 0207f793 andi        a5, a5, x0, 0000000000000020                     0
  314 3 0000000080002934 01070713 addi        a4, a4, x0, 0000000000000010              800034f0
  315 3 0000000080002938 00f667b3 or          a5, a2, a5, 0000000000000000                     b
  316 3 000000008000293c fce31ae3 bne         , t1, a4, 00000000ffffffd4        
  317 3 0000000080002910 0017d613 srli        a2, a5, x0, 0000000000000001                     5
  318 3 0000000080002914 011786b3 add         a3, a5, a7, 0000000000000000                 8004a
  319 3 0000000080002918 00f647b3 xor         a5, a2, a5, 0000000000000000                     e
  320 3 000000008000291c 010705b3 add         a1, a4, a6, 0000000000000000      ffffffffffe03500
  321 3 0000000080002920 00c69693 slli        a3, a3, x0, 000000000000000c              8004a000
  322 3 0000000080002924 00579793 slli        a5, a5, x0, 0000000000000005                   1c0
  323 3 0000000080002928 00d73023 sd          , a4, a3, 0000000000000000        
  324 3 000000008000292c 00b73423 sd          , a4, a1, 0000000000000008        
  325 3 0000000080002930 0207f793 andi        a5, a5, x0, 0000000000000020                     0
  326 3 0000000080002934 01070713 addi        a4, a4, x0, 0000000000000010              80003500
  327 3 0000000080002938 00f667b3 or          a5, a2, a5, 0000000000000000                     5
  328 3 000000008000293c fce31ae3 bne         , t1, a4, 00000000ffffffd4        
  329 3 0000000080002910 0017d613 srli        a2, a5, x0, 0000000000000001                     2
  330 3 0000000080002914 011786b3 add         a3, a5, a7, 0000000000000000                 80044
  331 3 0000000080002918 00f647b3 xor         a5, a2, a5, 0000000000000000                     7
  332 3 000000008000291c 010705b3 add         a1, a4, a6, 0000000000000000      ffffffffffe03510
  333 3 0000000080002920 00c69693 slli        a3, a3, x0, 000000000000000c              80044000
  334 3 0000000080002924 00579793 slli        a5, a5, x0, 0000000000000005                    e0
  335 3 0000000080002928 00d73023 sd          , a4, a3, 0000000000000000        
  336 3 000000008000292c 00b73423 sd          , a4, a1, 0000000000000008        
  337 3 0000000080002930 0207f793 andi        a5, a5, x0, 0000000000000020                    20
  338 3 0000000080002934 01070713 addi        a4, a4, x0, 0000000000000010              80003510
  339 3 0000000080002938 00f667b3 or          a5, a2, a5, 0000000000000000                    22
  340 3 000000008000293c fce31ae3 bne         , t1, a4, 00000000ffffffd4        
  341 3 0000000080002910 0017d613 srli        a2, a5, x0, 0000000000000001                    11
  342 3 0000000080002914 011786b3 add         a3, a5, a7, 0000000000000000                 80061
  343 3 0000000080002918 00f647b3 xor         a5, a2, a5, 0000000000000000                    33
  344 3 000000008000291c 010705b3 add         a1, a4, a6, 0000000000000000      ffffffffffe03520
  345 3 0000000080002920 00c69693 slli        a3, a3, x0, 000000000000000c              80061000
  346 3 0000000080002924 00579793 slli        a5, a5, x0, 0000000000000005                   660
  347 3 0000000080002928 00d73023 sd          , a4, a3, 0000000000000000        
  348 3 000000008000292c 00b73423 sd          , a4, a1, 0000000000000008        
  349 3 0000000080002930 0207f793 andi        a5, a5, x0, 0000000000000020                    20
  350 3 0000000080002934 01070713 addi        a4, a4, x0, 0000000000000010              80003520
  351 3 0000000080002938 00f667b3 or          a5, a2, a5, 0000000000000000                    31
  352 3 000000008000293c fce31ae3 bne         , t1, a4, 00000000ffffffd4        
  353 3 0000000080002910 0017d613 srli        a2, a5, x0, 0000000000000001                    18
  354 3 0000000080002914 011786b3 add         a3, a5, a7, 0000000000000000                 80070
  355 3 0000000080002918 00f647b3 xor         a5, a2, a5, 0000000000000000                    29
  356 3 000000008000291c 010705b3 add         a1, a4, a6, 0000000000000000      ffffffffffe03530
  357 3 0000000080002920 00c69693 slli        a3, a3, x0, 000000000000000c              80070000
  358 3 0000000080002924 00579793 slli        a5, a5, x0, 0000000000000005                   520
  359 3 0000000080002928 00d73023 sd          , a4, a3, 0000000000000000        
  360 3 000000008000292c 00b73423 sd          , a4, a1, 0000000000000008        
  361 3 0000000080002930 0207f793 andi        a5, a5, x0, 0000000000000020                    20
  362 3 0000000080002934 01070713 addi        a4, a4, x0, 0000000000000010              80003530
  363 3 0000000080002938 00f667b3 or          a5, a2, a5, 0000000000000000                    38
  364 3 000000008000293c fce31ae3 bne         , t1, a4, 00000000ffffffd4        
  365 3 0000000080002910 0017d613 srli        a2, a5, x0, 0000000000000001                    1c
  366 3 0000000080002914 011786b3 add         a3, a5, a7, 0000000000000000                 80077
  367 3 0000000080002918 00f647b3 xor         a5, a2, a5, 0000000000000000                    24
  368 3 000000008000291c 010705b3 add         a1, a4, a6, 0000000000000000      ffffffffffe03540
  369 3 0000000080002920 00c69693 slli        a3, a3, x0, 000000000000000c              80077000
  370 3 0000000080002924 00579793 slli        a5, a5, x0, 0000000000000005                   480
  371 3 0000000080002928 00d73023 sd          , a4, a3, 0000000000000000        
  372 3 000000008000292c 00b73423 sd          , a4, a1, 0000000000000008        
  373 3 0000000080002930 0207f793 andi        a5, a5, x0, 0000000000000020                     0
  374 3 0000000080002934 01070713 addi        a4, a4, x0, 0000000000000010              80003540
  375 3 0000000080002938 00f667b3 or          a5, a2, a5, 0000000000000000                    1c
  376 3 000000008000293c fce31ae3 bne         , t1, a4, 00000000ffffffd4        
  377 3 0000000080002910 0017d613 srli        a2, a5, x0, 0000000000000001                     e
  378 3 0000000080002914 011786b3 add         a3, a5, a7, 0000000000000000                 8005b
  379 3 0000000080002918 00f647b3 xor         a5, a2, a5, 0000000000000000                    12
  380 3 000000008000291c 010705b3 add         a1, a4, a6, 0000000000000000      ffffffffffe03550
  381 3 0000000080002920 00c69693 slli        a3, a3, x0, 000000000000000c              8005b000
  382 3 0000000080002924 00579793 slli        a5, a5, x0, 0000000000000005                   240
  383 3 0000000080002928 00d73023 sd          , a4, a3, 0000000000000000        
  384 3 000000008000292c 00b73423 sd          , a4, a1, 0000000000000008        
  385 3 0000000080002930 0207f793 andi        a5, a5, x0, 0000000000000020                     0
  386 3 0000000080002934 01070713 addi        a4, a4, x0, 0000000000000010              80003550
  387 3 0000000080002938 00f667b3 or          a5, a2, a5, 0000000000000000                     e
  388 3 000000008000293c fce31ae3 bne         , t1, a4, 00000000ffffffd4        
  389 3 0000000080002910 0017d613 srli        a2, a5, x0, 0000000000000001                     7
  390 3 0000000080002914 011786b3 add         a3, a5, a7, 0000000000000000                 8004d
  391 3 0000000080002918 00f647b3 xor         a5, a2, a5, 0000000000000000                     9
  392 3 000000008000291c 010705b3 add         a1, a4, a6, 0000000000000000      ffffffffffe03560
  393 3 0000000080002920 00c69693 slli        a3, a3, x0, 000000000000000c              8004d000
  394 3 0000000080002924 00579793 slli        a5, a5, x0, 0000000000000005                   120
  395 3 0000000080002928 00d73023 sd          , a4, a3, 0000000000000000        
  396 3 000000008000292c 00b73423 sd          , a4, a1, 0000000000000008        
  397 3 0000000080002930 0207f793 andi        a5, a5, x0, 0000000000000020                    20
  398 3 0000000080002934 01070713 addi        a4, a4, x0, 0000000000000010              80003560
  399 3 0000000080002938 00f667b3 or          a5, a2, a5, 0000000000000000                    27
  400 3 000000008000293c fce31ae3 bne         , t1, a4, 00000000ffffffd4        
  401 3 0000000080002910 0017d613 srli        a2, a5, x0, 0000000000000001                    13
  402 3 0000000080002914 011786b3 add         a3, a5, a7, 0000000000000000                 80066
  403 3 0000000080002918 00f647b3 xor         a5, a2, a5, 0000000000000000                    34
  404 3 000000008000291c 010705b3 add         a1, a4, a6, 0000000000000000      ffffffffffe03570
  405 3 0000000080002920 00c69693 slli        a3, a3, x0, 000000000000000c              80066000
  406 3 0000000080002924 00579793 slli        a5, a5, x0, 0000000000000005                   680
  407 3 0000000080002928 00d73023 sd          , a4, a3, 0000000000000000        
  408 3 000000008000292c 00b73423 sd          , a4, a1, 0000000000000008        
  409 3 0000000080002930 0207f793 andi        a5, a5, x0, 0000000000000020                     0
  410 3 0000000080002934 01070713 addi        a4, a4, x0, 0000000000000010              80003570
  411 3 0000000080002938 00f667b3 or          a5, a2, a5, 0000000000000000                    13
  412 3 000000008000293c fce31ae3 bne         , t1, a4, 00000000ffffffd4        
  413 3 0000000080002910 0017d613 srli        a2, a5, x0, 0000000000000001                     9
  414 3 0000000080002914 011786b3 add         a3, a5, a7, 0000000000000000                 80052
  415 3 0000000080002918 00f647b3 xor         a5, a2, a5, 0000000000000000                    1a
  416 3 000000008000291c 010705b3 add         a1, a4, a6, 0000000000000000      ffffffffffe03580
  417 3 0000000080002920 00c69693 slli        a3, a3, x0, 000000000000000c              80052000
  418 3 0000000080002924 00579793 slli        a5, a5, x0, 0000000000000005                   340
  419 3 0000000080002928 00d73023 sd          , a4, a3, 0000000000000000        
  420 3 000000008000292c 00b73423 sd          , a4, a1, 0000000000000008        
  421 3 0000000080002930 0207f793 andi        a5, a5, x0, 0000000000000020                     0
  422 3 0000000080002934 01070713 addi        a4, a4, x0, 0000000000000010              80003580
  423 3 0000000080002938 00f667b3 or          a5, a2, a5, 0000000000000000                     9
  424 3 000000008000293c fce31ae3 bne         , t1, a4, 00000000ffffffd4        
  425 3 0000000080002910 0017d613 srli        a2, a5, x0, 0000000000000001                     4
  426 3 0000000080002914 011786b3 add         a3, a5, a7, 0000000000000000                 80048
  427 3 0000000080002918 00f647b3 xor         a5, a2, a5, 0000000000000000                     d
  428 3 000000008000291c 010705b3 add         a1, a4, a6, 0000000000000000      ffffffffffe03590
  429 3 0000000080002920 00c69693 slli        a3, a3, x0, 000000000000000c              80048000
  430 3 0000000080002924 00579793 slli        a5, a5, x0, 0000000000000005                   1a0
  431 3 0000000080002928 00d73023 sd          , a4, a3, 0000000000000000        
  432 3 000000008000292c 00b73423 sd          , a4, a1, 0000000000000008        
  433 3 0000000080002930 0207f793 andi        a5, a5, x0, 0000000000000020                    20
  434 3 0000000080002934 01070713 addi        a4, a4, x0, 0000000000000010              80003590
  435 3 0000000080002938 00f667b3 or          a5, a2, a5, 0000000000000000                    24
  436 3 000000008000293c fce31ae3 bne         , t1, a4, 00000000ffffffd4        
  437 3 0000000080002910 0017d613 srli        a2, a5, x0, 0000000000000001                    12
  438 3 0000000080002914 011786b3 add         a3, a5, a7, 0000000000000000                 80063
  439 3 0000000080002918 00f647b3 xor         a5, a2, a5, 0000000000000000                    36
  440 3 000000008000291c 010705b3 add         a1, a4, a6, 0000000000000000      ffffffffffe035a0
  441 3 0000000080002920 00c69693 slli        a3, a3, x0, 000000000000000c              80063000
  442 3 0000000080002924 00579793 slli        a5, a5, x0, 0000000000000005                   6c0
  443 3 0000000080002928 00d73023 sd          , a4, a3, 0000000000000000        
  444 3 000000008000292c 00b73423 sd          , a4, a1, 0000000000000008        
  445 3 0000000080002930 0207f793 andi        a5, a5, x0, 0000000000000020                     0
  446 3 0000000080002934 01070713 addi        a4, a4, x0, 0000000000000010              800035a0
  447 3 0000000080002938 00f667b3 or          a5, a2, a5, 0000000000000000                    12
  448 3 000000008000293c fce31ae3 bne         , t1, a4, 00000000ffffffd4        
  449 3 0000000080002910 0017d613 srli        a2, a5, x0, 0000000000000001                     9
  450 3 0000000080002914 011786b3 add         a3, a5, a7, 0000000000000000                 80051
  451 3 0000000080002918 00f647b3 xor         a5, a2, a5, 0000000000000000                    1b
  452 3 000000008000291c 010705b3 add         a1, a4, a6, 0000000000000000      ffffffffffe035b0
  453 3 0000000080002920 00c69693 slli        a3, a3, x0, 000000000000000c              80051000
  454 3 0000000080002924 00579793 slli        a5, a5, x0, 0000000000000005                   360
  455 3 0000000080002928 00d73023 sd          , a4, a3, 0000000000000000        
  456 3 000000008000292c 00b73423 sd          , a4, a1, 0000000000000008        
  457 3 0000000080002930 0207f793 andi        a5, a5, x0, 0000000000000020                    20
  458 3 0000000080002934 01070713 addi        a4, a4, x0, 0000000000000010              800035b0
  459 3 0000000080002938 00f667b3 or          a5, a2, a5, 0000000000000000                    29
  460 3 000000008000293c fce31ae3 bne         , t1, a4, 00000000ffffffd4        
  461 3 0000000080002910 0017d613 srli        a2, a5, x0, 0000000000000001                    14
  462 3 0000000080002914 011786b3 add         a3, a5, a7, 0000000000000000                 80068
  463 3 0000000080002918 00f647b3 xor         a5, a2, a5, 0000000000000000                    3d
  464 3 000000008000291c 010705b3 add         a1, a4, a6, 0000000000000000      ffffffffffe035c0
  465 3 0000000080002920 00c69693 slli        a3, a3, x0, 000000000000000c              80068000
  466 3 0000000080002924 00579793 slli        a5, a5, x0, 0000000000000005                   7a0
  467 3 0000000080002928 00d73023 sd          , a4, a3, 0000000000000000        
  468 3 000000008000292c 00b73423 sd          , a4, a1, 0000000000000008        
  469 3 0000000080002930 0207f793 andi        a5, a5, x0, 0000000000000020                    20
  470 3 0000000080002934 01070713 addi        a4, a4, x0, 0000000000000010              800035c0
  471 3 0000000080002938 00f667b3 or          a5, a2, a5, 0000000000000000                    34
  472 3 000000008000293c fce31ae3 bne         , t1, a4, 00000000ffffffd4        
  473 3 0000000080002910 0017d613 srli        a2, a5, x0, 0000000000000001                    1a
  474 3 0000000080002914 011786b3 add         a3, a5, a7, 0000000000000000                 80073
  475 3 0000000080002918 00f647b3 xor         a5, a2, a5, 0000000000000000                    2e
  476 3 000000008000291c 010705b3 add         a1, a4, a6, 0000000000000000      ffffffffffe035d0
  477 3 0000000080002920 00c69693 slli        a3, a3, x0, 000000000000000c              80073000
  478 3 0000000080002924 00579793 slli        a5, a5, x0, 0000000000000005                   5c0
  479 3 0000000080002928 00d73023 sd          , a4, a3, 0000000000000000        
  480 3 000000008000292c 00b73423 sd          , a4, a1, 0000000000000008        
  481 3 0000000080002930 0207f793 andi        a5, a5, x0, 0000000000000020                     0
  482 3 0000000080002934 01070713 addi        a4, a4, x0, 0000000000000010              800035d0
  483 3 0000000080002938 00f667b3 or          a5, a2, a5, 0000000000000000                    1a
  484 3 000000008000293c fce31ae3 bne         , t1, a4, 00000000ffffffd4        
  485 3 0000000080002910 0017d613 srli        a2, a5, x0, 0000000000000001                     d
  486 3 0000000080002914 011786b3 add         a3, a5, a7, 0000000000000000                 80059
  487 3 0000000080002918 00f647b3 xor         a5, a2, a5, 0000000000000000                    17
  488 3 000000008000291c 010705b3 add         a1, a4, a6, 0000000000000000      ffffffffffe035e0
  489 3 0000000080002920 00c69693 slli        a3, a3, x0, 000000000000000c              80059000
  490 3 0000000080002924 00579793 slli        a5, a5, x0, 0000000000000005                   2e0
  491 3 0000000080002928 00d73023 sd          , a4, a3, 0000000000000000        
  492 3 000000008000292c 00b73423 sd          , a4, a1, 0000000000000008        
  493 3 0000000080002930 0207f793 andi        a5, a5, x0, 0000000000000020                    20
  494 3 0000000080002934 01070713 addi        a4, a4, x0, 0000000000000010              800035e0
  495 3 0000000080002938 00f667b3 or          a5, a2, a5, 0000000000000000                    2d
  496 3 000000008000293c fce31ae3 bne         , t1, a4, 00000000ffffffd4        
  497 3 0000000080002910 0017d613 srli        a2, a5, x0, 0000000000000001                    16
  498 3 0000000080002914 011786b3 add         a3, a5, a7, 0000000000000000                 8006c
  499 3 0000000080002918 00f647b3 xor         a5, a2, a5, 0000000000000000                    3b
  500 3 000000008000291c 010705b3 add         a1, a4, a6, 0000000000000000      ffffffffffe035f0
  501 3 0000000080002920 00c69693 slli        a3, a3, x0, 000000000000000c              8006c000
  502 3 0000000080002924 00579793 slli        a5, a5, x0, 0000000000000005                   760
  503 3 0000000080002928 00d73023 sd          , a4, a3, 0000000000000000        
  504 3 000000008000292c 00b73423 sd          , a4, a1, 0000000000000008        
  505 3 0000000080002930 0207f793 andi        a5, a5, x0, 0000000000000020                    20
  506 3 0000000080002934 01070713 addi        a4, a4, x0, 0000000000000010              800035f0
  507 3 0000000080002938 00f667b3 or          a5, a2, a5, 0000000000000000                    36
  508 3 000000008000293c fce31ae3 bne         , t1, a4, 00000000ffffffd4        
  509 3 0000000080002910 0017d613 srli        a2, a5, x0, 0000000000000001                    1b
  510 3 0000000080002914 011786b3 add         a3, a5, a7, 0000000000000000                 80075
  511 3 0000000080002918 00f647b3 xor         a5, a2, a5, 0000000000000000                    2d
  512 3 000000008000291c 010705b3 add         a1, a4, a6, 0000000000000000      ffffffffffe03600
  513 3 0000000080002920 00c69693 slli        a3, a3, x0, 000000000000000c              80075000
  514 3 0000000080002924 00579793 slli        a5, a5, x0, 0000000000000005                   5a0
  515 3 0000000080002928 00d73023 sd          , a4, a3, 0000000000000000        
  516 3 000000008000292c 00b73423 sd          , a4, a1, 0000000000000008        
  517 3 0000000080002930 0207f793 andi        a5, a5, x0, 0000000000000020                    20
  518 3 0000000080002934 01070713 addi        a4, a4, x0, 0000000000000010              80003600
  519 3 0000000080002938 00f667b3 or          a5, a2, a5, 0000000000000000                    3b
  520 3 000000008000293c fce31ae3 bne         , t1, a4, 00000000ffffffd4        
  521 3 0000000080002910 0017d613 srli        a2, a5, x0, 0000000000000001                    1d
  522 3 0000000080002914 011786b3 add         a3, a5, a7, 0000000000000000                 8007a
  523 3 0000000080002918 00f647b3 xor         a5, a2, a5, 0000000000000000                    26
  524 3 000000008000291c 010705b3 add         a1, a4, a6, 0000000000000000      ffffffffffe03610
  525 3 0000000080002920 00c69693 slli        a3, a3, x0, 000000000000000c              8007a000
  526 3 0000000080002924 00579793 slli        a5, a5, x0, 0000000000000005                   4c0
  527 3 0000000080002928 00d73023 sd          , a4, a3, 0000000000000000        
  528 3 000000008000292c 00b73423 sd          , a4, a1, 0000000000000008        
  529 3 0000000080002930 0207f793 andi        a5, a5, x0, 0000000000000020                     0
  530 3 0000000080002934 01070713 addi        a4, a4, x0, 0000000000000010              80003610
  531 3 0000000080002938 00f667b3 or          a5, a2, a5, 0000000000000000                    1d
  532 3 000000008000293c fce31ae3 bne         , t1, a4, 00000000ffffffd4        
  533 3 0000000080002910 0017d613 srli        a2, a5, x0, 0000000000000001                     e
  534 3 0000000080002914 011786b3 add         a3, a5, a7, 0000000000000000                 8005c
  535 3 0000000080002918 00f647b3 xor         a5, a2, a5, 0000000000000000                    13
  536 3 000000008000291c 010705b3 add         a1, a4, a6, 0000000000000000      ffffffffffe03620
  537 3 0000000080002920 00c69693 slli        a3, a3, x0, 000000000000000c              8005c000
  538 3 0000000080002924 00579793 slli        a5, a5, x0, 0000000000000005                   260
  539 3 0000000080002928 00d73023 sd          , a4, a3, 0000000000000000        
  540 3 000000008000292c 00b73423 sd          , a4, a1, 0000000000000008        
  541 3 0000000080002930 0207f793 andi        a5, a5, x0, 0000000000000020                    20
  542 3 0000000080002934 01070713 addi        a4, a4, x0, 0000000000000010              80003620
  543 3 0000000080002938 00f667b3 or          a5, a2, a5, 0000000000000000                    2e
  544 3 000000008000293c fce31ae3 bne         , t1, a4, 00000000ffffffd4        
  545 3 0000000080002910 0017d613 srli        a2, a5, x0, 0000000000000001                    17
  546 3 0000000080002914 011786b3 add         a3, a5, a7, 0000000000000000                 8006d
  547 3 0000000080002918 00f647b3 xor         a5, a2, a5, 0000000000000000                    39
  548 3 000000008000291c 010705b3 add         a1, a4, a6, 0000000000000000      ffffffffffe03630
  549 3 0000000080002920 00c69693 slli        a3, a3, x0, 000000000000000c              8006d000
  550 3 0000000080002924 00579793 slli        a5, a5, x0, 0000000000000005                   720
  551 3 0000000080002928 00d73023 sd          , a4, a3, 0000000000000000        
  552 3 000000008000292c 00b73423 sd          , a4, a1, 0000000000000008        
  553 3 0000000080002930 0207f793 andi        a5, a5, x0, 0000000000000020                    20
  554 3 0000000080002934 01070713 addi        a4, a4, x0, 0000000000000010              80003630
  555 3 0000000080002938 00f667b3 or          a5, a2, a5, 0000000000000000                    37
  556 3 000000008000293c fce31ae3 bne         , t1, a4, 00000000ffffffd4        
  557 3 0000000080002910 0017d613 srli        a2, a5, x0, 0000000000000001                    1b
  558 3 0000000080002914 011786b3 add         a3, a5, a7, 0000000000000000                 80076
  559 3 0000000080002918 00f647b3 xor         a5, a2, a5, 0000000000000000                    2c
  560 3 000000008000291c 010705b3 add         a1, a4, a6, 0000000000000000      ffffffffffe03640
  561 3 0000000080002920 00c69693 slli        a3, a3, x0, 000000000000000c              80076000
  562 3 0000000080002924 00579793 slli        a5, a5, x0, 0000000000000005                   580
  563 3 0000000080002928 00d73023 sd          , a4, a3, 0000000000000000        
  564 3 000000008000292c 00b73423 sd          , a4, a1, 0000000000000008        
  565 3 0000000080002930 0207f793 andi        a5, a5, x0, 0000000000000020                     0
  566 3 0000000080002934 01070713 addi        a4, a4, x0, 0000000000000010              80003640
  567 3 0000000080002938 00f667b3 or          a5, a2, a5, 0000000000000000                    1b
  568 3 000000008000293c fce31ae3 bne         , t1, a4, 00000000ffffffd4        
  569 3 0000000080002910 0017d613 srli        a2, a5, x0, 0000000000000001                     d
  570 3 0000000080002914 011786b3 add         a3, a5, a7, 0000000000000000                 8005a
  571 3 0000000080002918 00f647b3 xor         a5, a2, a5, 0000000000000000                    16
  572 3 000000008000291c 010705b3 add         a1, a4, a6, 0000000000000000      ffffffffffe03650
  573 3 0000000080002920 00c69693 slli        a3, a3, x0, 000000000000000c              8005a000
  574 3 0000000080002924 00579793 slli        a5, a5, x0, 0000000000000005                   2c0
  575 3 0000000080002928 00d73023 sd          , a4, a3, 0000000000000000        
  576 3 000000008000292c 00b73423 sd          , a4, a1, 0000000000000008        
  577 3 0000000080002930 0207f793 andi        a5, a5, x0, 0000000000000020                     0
  578 3 0000000080002934 01070713 addi        a4, a4, x0, 0000000000000010              80003650
  579 3 0000000080002938 00f667b3 or          a5, a2, a5, 0000000000000000                     d
  580 3 000000008000293c fce31ae3 bne         , t1, a4, 00000000ffffffd4        
  581 3 0000000080002910 0017d613 srli        a2, a5, x0, 0000000000000001                     6
  582 3 0000000080002914 011786b3 add         a3, a5, a7, 0000000000000000                 8004c
  583 3 0000000080002918 00f647b3 xor         a5, a2, a5, 0000000000000000                     b
  584 3 000000008000291c 010705b3 add         a1, a4, a6, 0000000000000000      ffffffffffe03660
  585 3 0000000080002920 00c69693 slli        a3, a3, x0, 000000000000000c              8004c000
  586 3 0000000080002924 00579793 slli        a5, a5, x0, 0000000000000005                   160
  587 3 0000000080002928 00d73023 sd          , a4, a3, 0000000000000000        
  588 3 000000008000292c 00b73423 sd          , a4, a1, 0000000000000008        
  589 3 0000000080002930 0207f793 andi        a5, a5, x0, 0000000000000020                    20
  590 3 0000000080002934 01070713 addi        a4, a4, x0, 0000000000000010              80003660
  591 3 0000000080002938 00f667b3 or          a5, a2, a5, 0000000000000000                    26
  592 3 000000008000293c fce31ae3 bne         , t1, a4, 00000000ffffffd4        
  593 3 0000000080002910 0017d613 srli        a2, a5, x0, 0000000000000001                    13
  594 3 0000000080002914 011786b3 add         a3, a5, a7, 0000000000000000                 80065
  595 3 0000000080002918 00f647b3 xor         a5, a2, a5, 0000000000000000                    35
  596 3 000000008000291c 010705b3 add         a1, a4, a6, 0000000000000000      ffffffffffe03670
  597 3 0000000080002920 00c69693 slli        a3, a3, x0, 000000000000000c              80065000
  598 3 0000000080002924 00579793 slli        a5, a5, x0, 0000000000000005                   6a0
  599 3 0000000080002928 00d73023 sd          , a4, a3, 0000000000000000        
  600 3 000000008000292c 00b73423 sd          , a4, a1, 0000000000000008        
  601 3 0000000080002930 0207f793 andi        a5, a5, x0, 0000000000000020                    20
  602 3 0000000080002934 01070713 addi        a4, a4, x0, 0000000000000010              80003670
  603 3 0000000080002938 00f667b3 or          a5, a2, a5, 0000000000000000                    33
  604 3 000000008000293c fce31ae3 bne         , t1, a4, 00000000ffffffd4        
  605 3 0000000080002910 0017d613 srli        a2, a5, x0, 0000000000000001                    19
  606 3 0000000080002914 011786b3 add         a3, a5, a7, 0000000000000000                 80072
  607 3 0000000080002918 00f647b3 xor         a5, a2, a5, 0000000000000000                    2a
  608 3 000000008000291c 010705b3 add         a1, a4, a6, 0000000000000000      ffffffffffe03680
  609 3 0000000080002920 00c69693 slli        a3, a3, x0, 000000000000000c              80072000
  610 3 0000000080002924 00579793 slli        a5, a5, x0, 0000000000000005                   540
  611 3 0000000080002928 00d73023 sd          , a4, a3, 0000000000000000        
  612 3 000000008000292c 00b73423 sd          , a4, a1, 0000000000000008        
  613 3 0000000080002930 0207f793 andi        a5, a5, x0, 0000000000000020                     0
  614 3 0000000080002934 01070713 addi        a4, a4, x0, 0000000000000010              80003680
  615 3 0000000080002938 00f667b3 or          a5, a2, a5, 0000000000000000                    19
  616 3 000000008000293c fce31ae3 bne         , t1, a4, 00000000ffffffd4        
  617 3 0000000080002910 0017d613 srli        a2, a5, x0, 0000000000000001                     c
  618 3 0000000080002914 011786b3 add         a3, a5, a7, 0000000000000000                 80058
  619 3 0000000080002918 00f647b3 xor         a5, a2, a5, 0000000000000000                    15
  620 3 000000008000291c 010705b3 add         a1, a4, a6, 0000000000000000      ffffffffffe03690
  621 3 0000000080002920 00c69693 slli        a3, a3, x0, 000000000000000c              80058000
  622 3 0000000080002924 00579793 slli        a5, a5, x0, 0000000000000005                   2a0
  623 3 0000000080002928 00d73023 sd          , a4, a3, 0000000000000000        
  624 3 000000008000292c 00b73423 sd          , a4, a1, 0000000000000008        
  625 3 0000000080002930 0207f793 andi        a5, a5, x0, 0000000000000020                    20
  626 3 0000000080002934 01070713 addi        a4, a4, x0, 0000000000000010              80003690
  627 3 0000000080002938 00f667b3 or          a5, a2, a5, 0000000000000000                    2c
  628 3 000000008000293c fce31ae3 bne         , t1, a4, 00000000ffffffd4        
  629 3 0000000080002910 0017d613 srli        a2, a5, x0, 0000000000000001                    16
  630 3 0000000080002914 011786b3 add         a3, a5, a7, 0000000000000000                 8006b
  631 3 0000000080002918 00f647b3 xor         a5, a2, a5, 0000000000000000                    3a
  632 3 000000008000291c 010705b3 add         a1, a4, a6, 0000000000000000      ffffffffffe036a0
  633 3 0000000080002920 00c69693 slli        a3, a3, x0, 000000000000000c              8006b000
  634 3 0000000080002924 00579793 slli        a5, a5, x0, 0000000000000005                   740
  635 3 0000000080002928 00d73023 sd          , a4, a3, 0000000000000000        
  636 3 000000008000292c 00b73423 sd          , a4, a1, 0000000000000008        
  637 3 0000000080002930 0207f793 andi        a5, a5, x0, 0000000000000020                     0
  638 3 0000000080002934 01070713 addi        a4, a4, x0, 0000000000000010              800036a0
  639 3 0000000080002938 00f667b3 or          a5, a2, a5, 0000000000000000                    16
  640 3 000000008000293c fce31ae3 bne         , t1, a4, 00000000ffffffd4        
  641 3 0000000080002910 0017d613 srli        a2, a5, x0, 0000000000000001                     b
  642 3 0000000080002914 011786b3 add         a3, a5, a7, 0000000000000000                 80055
  643 3 0000000080002918 00f647b3 xor         a5, a2, a5, 0000000000000000                    1d
  644 3 000000008000291c 010705b3 add         a1, a4, a6, 0000000000000000      ffffffffffe036b0
  645 3 0000000080002920 00c69693 slli        a3, a3, x0, 000000000000000c              80055000
  646 3 0000000080002924 00579793 slli        a5, a5, x0, 0000000000000005                   3a0
  647 3 0000000080002928 00d73023 sd          , a4, a3, 0000000000000000        
  648 3 000000008000292c 00b73423 sd          , a4, a1, 0000000000000008        
  649 3 0000000080002930 0207f793 andi        a5, a5, x0, 0000000000000020                    20
  650 3 0000000080002934 01070713 addi        a4, a4, x0, 0000000000000010              800036b0
  651 3 0000000080002938 00f667b3 or          a5, a2, a5, 0000000000000000                    2b
  652 3 000000008000293c fce31ae3 bne         , t1, a4, 00000000ffffffd4        
  653 3 0000000080002910 0017d613 srli        a2, a5, x0, 0000000000000001                    15
  654 3 0000000080002914 011786b3 add         a3, a5, a7, 0000000000000000                 8006a
  655 3 0000000080002918 00f647b3 xor         a5, a2, a5, 0000000000000000                    3e
  656 3 000000008000291c 010705b3 add         a1, a4, a6, 0000000000000000      ffffffffffe036c0
  657 3 0000000080002920 00c69693 slli        a3, a3, x0, 000000000000000c              8006a000
  658 3 0000000080002924 00579793 slli        a5, a5, x0, 0000000000000005                   7c0
  659 3 0000000080002928 00d73023 sd          , a4, a3, 0000000000000000        
  660 3 000000008000292c 00b73423 sd          , a4, a1, 0000000000000008        
  661 3 0000000080002930 0207f793 andi        a5, a5, x0, 0000000000000020                     0
  662 3 0000000080002934 01070713 addi        a4, a4, x0, 0000000000000010              800036c0
  663 3 0000000080002938 00f667b3 or          a5, a2, a5, 0000000000000000                    15
  664 3 000000008000293c fce31ae3 bne         , t1, a4, 00000000ffffffd4        
  665 3 0000000080002910 0017d613 srli        a2, a5, x0, 0000000000000001                     a
  666 3 0000000080002914 011786b3 add         a3, a5, a7, 0000000000000000                 80054
  667 3 0000000080002918 00f647b3 xor         a5, a2, a5, 0000000000000000                    1f
  668 3 000000008000291c 010705b3 add         a1, a4, a6, 0000000000000000      ffffffffffe036d0
  669 3 0000000080002920 00c69693 slli        a3, a3, x0, 000000000000000c              80054000
  670 3 0000000080002924 00579793 slli        a5, a5, x0, 0000000000000005                   3e0
  671 3 0000000080002928 00d73023 sd          , a4, a3, 0000000000000000        
  672 3 000000008000292c 00b73423 sd          , a4, a1, 0000000000000008        
  673 3 0000000080002930 0207f793 andi        a5, a5, x0, 0000000000000020                    20
  674 3 0000000080002934 01070713 addi        a4, a4, x0, 0000000000000010              800036d0
  675 3 0000000080002938 00f667b3 or          a5, a2, a5, 0000000000000000                    2a
  676 3 000000008000293c fce31ae3 bne         , t1, a4, 00000000ffffffd4        
  677 3 0000000080002910 0017d613 srli        a2, a5, x0, 0000000000000001                    15
  678 3 0000000080002914 011786b3 add         a3, a5, a7, 0000000000000000                 80069
  679 3 0000000080002918 00f647b3 xor         a5, a2, a5, 0000000000000000                    3f
  680 3 000000008000291c 010705b3 add         a1, a4, a6, 0000000000000000      ffffffffffe036e0
  681 3 0000000080002920 00c69693 slli        a3, a3, x0, 000000000000000c              80069000
  682 3 0000000080002924 00579793 slli        a5, a5, x0, 0000000000000005                   7e0
  683 3 0000000080002928 00d73023 sd          , a4, a3, 0000000000000000        
  684 3 000000008000292c 00b73423 sd          , a4, a1, 0000000000000008        
  685 3 0000000080002930 0207f793 andi        a5, a5, x0, 0000000000000020                    20
  686 3 0000000080002934 01070713 addi        a4, a4, x0, 0000000000000010              800036e0
  687 3 0000000080002938 00f667b3 or          a5, a2, a5, 0000000000000000                    35
  688 3 000000008000293c fce31ae3 bne         , t1, a4, 00000000ffffffd4        
  689 3 0000000080002910 0017d613 srli        a2, a5, x0, 0000000000000001                    1a
  690 3 0000000080002914 011786b3 add         a3, a5, a7, 0000000000000000                 80074
  691 3 0000000080002918 00f647b3 xor         a5, a2, a5, 0000000000000000                    2f
  692 3 000000008000291c 010705b3 add         a1, a4, a6, 0000000000000000      ffffffffffe036f0
  693 3 0000000080002920 00c69693 slli        a3, a3, x0, 000000000000000c              80074000
  694 3 0000000080002924 00579793 slli        a5, a5, x0, 0000000000000005                   5e0
  695 3 0000000080002928 00d73023 sd          , a4, a3, 0000000000000000        
  696 3 000000008000292c 00b73423 sd          , a4, a1, 0000000000000008        
  697 3 0000000080002930 0207f793 andi        a5, a5, x0, 0000000000000020                    20
  698 3 0000000080002934 01070713 addi        a4, a4, x0, 0000000000000010              800036f0
  699 3 0000000080002938 00f667b3 or          a5, a2, a5, 0000000000000000                    3a
  700 3 000000008000293c fce31ae3 bne         , t1, a4, 00000000ffffffd4        
  701 3 0000000080002910 0017d613 srli        a2, a5, x0, 0000000000000001                    1d
  702 3 0000000080002914 011786b3 add         a3, a5, a7, 0000000000000000                 80079
  703 3 0000000080002918 00f647b3 xor         a5, a2, a5, 0000000000000000                    27
  704 3 000000008000291c 010705b3 add         a1, a4, a6, 0000000000000000      ffffffffffe03700
  705 3 0000000080002920 00c69693 slli        a3, a3, x0, 000000000000000c              80079000
  706 3 0000000080002924 00579793 slli        a5, a5, x0, 0000000000000005                   4e0
  707 3 0000000080002928 00d73023 sd          , a4, a3, 0000000000000000        
  708 3 000000008000292c 00b73423 sd          , a4, a1, 0000000000000008        
  709 3 0000000080002930 0207f793 andi        a5, a5, x0, 0000000000000020                    20
  710 3 0000000080002934 01070713 addi        a4, a4, x0, 0000000000000010              80003700
  711 3 0000000080002938 00f667b3 or          a5, a2, a5, 0000000000000000                    3d
  712 3 000000008000293c fce31ae3 bne         , t1, a4, 00000000ffffffd4        
  713 3 0000000080002910 0017d613 srli        a2, a5, x0, 0000000000000001                    1e
  714 3 0000000080002914 011786b3 add         a3, a5, a7, 0000000000000000                 8007c
  715 3 0000000080002918 00f647b3 xor         a5, a2, a5, 0000000000000000                    23
  716 3 000000008000291c 010705b3 add         a1, a4, a6, 0000000000000000      ffffffffffe03710
  717 3 0000000080002920 00c69693 slli        a3, a3, x0, 000000000000000c              8007c000
  718 3 0000000080002924 00579793 slli        a5, a5, x0, 0000000000000005                   460
  719 3 0000000080002928 00d73023 sd          , a4, a3, 0000000000000000        
  720 3 000000008000292c 00b73423 sd          , a4, a1, 0000000000000008        
  721 3 0000000080002930 0207f793 andi        a5, a5, x0, 0000000000000020                    20
  722 3 0000000080002934 01070713 addi        a4, a4, x0, 0000000000000010              80003710
  723 3 0000000080002938 00f667b3 or          a5, a2, a5, 0000000000000000                    3e
  724 3 000000008000293c fce31ae3 bne         , t1, a4, 00000000ffffffd4        
  725 3 0000000080002910 0017d613 srli        a2, a5, x0, 0000000000000001                    1f
  726 3 0000000080002914 011786b3 add         a3, a5, a7, 0000000000000000                 8007d
  727 3 0000000080002918 00f647b3 xor         a5, a2, a5, 0000000000000000                    21
  728 3 000000008000291c 010705b3 add         a1, a4, a6, 0000000000000000      ffffffffffe03720
  729 3 0000000080002920 00c69693 slli        a3, a3, x0, 000000000000000c              8007d000
  730 3 0000000080002924 00579793 slli        a5, a5, x0, 0000000000000005                   420
  731 3 0000000080002928 00d73023 sd          , a4, a3, 0000000000000000        
  732 3 000000008000292c 00b73423 sd          , a4, a1, 0000000000000008        
  733 3 0000000080002930 0207f793 andi        a5, a5, x0, 0000000000000020                    20
  734 3 0000000080002934 01070713 addi        a4, a4, x0, 0000000000000010              80003720
  735 3 0000000080002938 00f667b3 or          a5, a2, a5, 0000000000000000                    3f
  736 3 000000008000293c fce31ae3 bne         , t1, a4, 00000000ffffffd4        
  737 3 0000000080002910 0017d613 srli        a2, a5, x0, 0000000000000001                    1f
  738 3 0000000080002914 011786b3 add         a3, a5, a7, 0000000000000000                 8007e
  739 3 0000000080002918 00f647b3 xor         a5, a2, a5, 0000000000000000                    20
  740 3 000000008000291c 010705b3 add         a1, a4, a6, 0000000000000000      ffffffffffe03730
  741 3 0000000080002920 00c69693 slli        a3, a3, x0, 000000000000000c              8007e000
  742 3 0000000080002924 00579793 slli        a5, a5, x0, 0000000000000005                   400
  743 3 0000000080002928 00d73023 sd          , a4, a3, 0000000000000000        
  744 3 000000008000292c 00b73423 sd          , a4, a1, 0000000000000008        
  745 3 0000000080002930 0207f793 andi        a5, a5, x0, 0000000000000020                     0
  746 3 0000000080002934 01070713 addi        a4, a4, x0, 0000000000000010              80003730
  747 3 0000000080002938 00f667b3 or          a5, a2, a5, 0000000000000000                    1f
  748 3 000000008000293c fce31ae3 bne         , t1, a4, 00000000ffffffd4        
  749 3 0000000080002910 0017d613 srli        a2, a5, x0, 0000000000000001                     f
  750 3 0000000080002914 011786b3 add         a3, a5, a7, 0000000000000000                 8005e
  751 3 0000000080002918 00f647b3 xor         a5, a2, a5, 0000000000000000                    10
  752 3 000000008000291c 010705b3 add         a1, a4, a6, 0000000000000000      ffffffffffe03740
  753 3 0000000080002920 00c69693 slli        a3, a3, x0, 000000000000000c              8005e000
  754 3 0000000080002924 00579793 slli        a5, a5, x0, 0000000000000005                   200
  755 3 0000000080002928 00d73023 sd          , a4, a3, 0000000000000000        
  756 3 000000008000292c 00b73423 sd          , a4, a1, 0000000000000008        
  757 3 0000000080002930 0207f793 andi        a5, a5, x0, 0000000000000020                     0
  758 3 0000000080002934 01070713 addi        a4, a4, x0, 0000000000000010              80003740
  759 3 0000000080002938 00f667b3 or          a5, a2, a5, 0000000000000000                     f
  760 3 000000008000293c fce31ae3 bne         , t1, a4, 00000000ffffffd4        
  761 3 0000000080002910 0017d613 srli        a2, a5, x0, 0000000000000001                     7
  762 3 0000000080002914 011786b3 add         a3, a5, a7, 0000000000000000                 8004e
  763 3 0000000080002918 00f647b3 xor         a5, a2, a5, 0000000000000000                     8
  764 3 000000008000291c 010705b3 add         a1, a4, a6, 0000000000000000      ffffffffffe03750
  765 3 0000000080002920 00c69693 slli        a3, a3, x0, 000000000000000c              8004e000
  766 3 0000000080002924 00579793 slli        a5, a5, x0, 0000000000000005                   100
  767 3 0000000080002928 00d73023 sd          , a4, a3, 0000000000000000        
  768 3 000000008000292c 00b73423 sd          , a4, a1, 0000000000000008        
  769 3 0000000080002930 0207f793 andi        a5, a5, x0, 0000000000000020                     0
  770 3 0000000080002934 01070713 addi        a4, a4, x0, 0000000000000010              80003750
  771 3 0000000080002938 00f667b3 or          a5, a2, a5, 0000000000000000                     7
  772 3 000000008000293c fce31ae3 bne         , t1, a4, 00000000ffffffd4        
  773 3 0000000080002910 0017d613 srli        a2, a5, x0, 0000000000000001                     3
  774 3 0000000080002914 011786b3 add         a3, a5, a7, 0000000000000000                 80046
  775 3 0000000080002918 00f647b3 xor         a5, a2, a5, 0000000000000000                     4
  776 3 000000008000291c 010705b3 add         a1, a4, a6, 0000000000000000      ffffffffffe03760
  777 3 0000000080002920 00c69693 slli        a3, a3, x0, 000000000000000c              80046000
  778 3 0000000080002924 00579793 slli        a5, a5, x0, 0000000000000005                    80
  779 3 0000000080002928 00d73023 sd          , a4, a3, 0000000000000000        
  780 3 000000008000292c 00b73423 sd          , a4, a1, 0000000000000008        
  781 3 0000000080002930 0207f793 andi        a5, a5, x0, 0000000000000020                     0
  782 3 0000000080002934 01070713 addi        a4, a4, x0, 0000000000000010              80003760
  783 3 0000000080002938 00f667b3 or          a5, a2, a5, 0000000000000000                     3
  784 3 000000008000293c fce31ae3 bne         , t1, a4, 00000000ffffffd4        
  785 3 0000000080002910 0017d613 srli        a2, a5, x0, 0000000000000001                     1
  786 3 0000000080002914 011786b3 add         a3, a5, a7, 0000000000000000                 80042
  787 3 0000000080002918 00f647b3 xor         a5, a2, a5, 0000000000000000                     2
  788 3 000000008000291c 010705b3 add         a1, a4, a6, 0000000000000000      ffffffffffe03770
  789 3 0000000080002920 00c69693 slli        a3, a3, x0, 000000000000000c              80042000
  790 3 0000000080002924 00579793 slli        a5, a5, x0, 0000000000000005                    40
  791 3 0000000080002928 00d73023 sd          , a4, a3, 0000000000000000        
  792 3 000000008000292c 00b73423 sd          , a4, a1, 0000000000000008        
  793 3 0000000080002930 0207f793 andi        a5, a5, x0, 0000000000000020                     0
  794 3 0000000080002934 01070713 addi        a4, a4, x0, 0000000000000010              80003770
  795 3 0000000080002938 00f667b3 or          a5, a2, a5, 0000000000000000                     1
  796 3 000000008000293c fce31ae3 bne         , t1, a4, 00000000ffffffd4        
  797 3 0000000080002910 0017d613 srli        a2, a5, x0, 0000000000000001                     0
  798 3 0000000080002914 011786b3 add         a3, a5, a7, 0000000000000000                 80040
  799 3 0000000080002918 00f647b3 xor         a5, a2, a5, 0000000000000000                     1
  800 3 000000008000291c 010705b3 add         a1, a4, a6, 0000000000000000      ffffffffffe03780
  801 3 0000000080002920 00c69693 slli        a3, a3, x0, 000000000000000c              80040000
  802 3 0000000080002924 00579793 slli        a5, a5, x0, 0000000000000005                    20
  803 3 0000000080002928 00d73023 sd          , a4, a3, 0000000000000000        
  804 3 000000008000292c 00b73423 sd          , a4, a1, 0000000000000008        
  805 3 0000000080002930 0207f793 andi        a5, a5, x0, 0000000000000020                    20
  806 3 0000000080002934 01070713 addi        a4, a4, x0, 0000000000000010              80003780
  807 3 0000000080002938 00f667b3 or          a5, a2, a5, 0000000000000000                    20
  808 3 000000008000293c fce31ae3 bne         , t1, a4, 00000000ffffffd4        
  809 3 0000000080002910 0017d613 srli        a2, a5, x0, 0000000000000001                    10
  810 3 0000000080002914 011786b3 add         a3, a5, a7, 0000000000000000                 8005f
  811 3 0000000080002918 00f647b3 xor         a5, a2, a5, 0000000000000000                    30
  812 3 000000008000291c 010705b3 add         a1, a4, a6, 0000000000000000      ffffffffffe03790
  813 3 0000000080002920 00c69693 slli        a3, a3, x0, 000000000000000c              8005f000
  814 3 0000000080002924 00579793 slli        a5, a5, x0, 0000000000000005                   600
  815 3 0000000080002928 00d73023 sd          , a4, a3, 0000000000000000        
  816 3 000000008000292c 00b73423 sd          , a4, a1, 0000000000000008        
  817 3 0000000080002930 0207f793 andi        a5, a5, x0, 0000000000000020                     0
  818 3 0000000080002934 01070713 addi        a4, a4, x0, 0000000000000010              80003790
  819 3 0000000080002938 00f667b3 or          a5, a2, a5, 0000000000000000                    10
  820 3 000000008000293c fce31ae3 bne         , t1, a4, 00000000ffffffd4        
  821 3 0000000080002910 0017d613 srli        a2, a5, x0, 0000000000000001                     8
  822 3 0000000080002914 011786b3 add         a3, a5, a7, 0000000000000000                 8004f
  823 3 0000000080002918 00f647b3 xor         a5, a2, a5, 0000000000000000                    18
  824 3 000000008000291c 010705b3 add         a1, a4, a6, 0000000000000000      ffffffffffe037a0
  825 3 0000000080002920 00c69693 slli        a3, a3, x0, 000000000000000c              8004f000
  826 3 0000000080002924 00579793 slli        a5, a5, x0, 0000000000000005                   300
  827 3 0000000080002928 00d73023 sd          , a4, a3, 0000000000000000        
  828 3 000000008000292c 00b73423 sd          , a4, a1, 0000000000000008        
  829 3 0000000080002930 0207f793 andi        a5, a5, x0, 0000000000000020                     0
  830 3 0000000080002934 01070713 addi        a4, a4, x0, 0000000000000010              800037a0
  831 3 0000000080002938 00f667b3 or          a5, a2, a5, 0000000000000000                     8
  832 3 000000008000293c fce31ae3 bne         , t1, a4, 00000000ffffffd4        
  833 3 0000000080002910 0017d613 srli        a2, a5, x0, 0000000000000001                     4
  834 3 0000000080002914 011786b3 add         a3, a5, a7, 0000000000000000                 80047
  835 3 0000000080002918 00f647b3 xor         a5, a2, a5, 0000000000000000                     c
  836 3 000000008000291c 010705b3 add         a1, a4, a6, 0000000000000000      ffffffffffe037b0
  837 3 0000000080002920 00c69693 slli        a3, a3, x0, 000000000000000c              80047000
  838 3 0000000080002924 00579793 slli        a5, a5, x0, 0000000000000005                   180
  839 3 0000000080002928 00d73023 sd          , a4, a3, 0000000000000000        
  840 3 000000008000292c 00b73423 sd          , a4, a1, 0000000000000008        
  841 3 0000000080002930 0207f793 andi        a5, a5, x0, 0000000000000020                     0
  842 3 0000000080002934 01070713 addi        a4, a4, x0, 0000000000000010              800037b0
  843 3 0000000080002938 00f667b3 or          a5, a2, a5, 0000000000000000                     4
  844 3 000000008000293c fce31ae3 bne         , t1, a4, 00000000ffffffd4        
  845 3 0000000080002910 0017d613 srli        a2, a5, x0, 0000000000000001                     2
  846 3 0000000080002914 011786b3 add         a3, a5, a7, 0000000000000000                 80043
  847 3 0000000080002918 00f647b3 xor         a5, a2, a5, 0000000000000000                     6
  848 3 000000008000291c 010705b3 add         a1, a4, a6, 0000000000000000      ffffffffffe037c0
  849 3 0000000080002920 00c69693 slli        a3, a3, x0, 000000000000000c              80043000
  850 3 0000000080002924 00579793 slli        a5, a5, x0, 0000000000000005                    c0
  851 3 0000000080002928 00d73023 sd          , a4, a3, 0000000000000000        
  852 3 000000008000292c 00b73423 sd          , a4, a1, 0000000000000008        
  853 3 0000000080002930 0207f793 andi        a5, a5, x0, 0000000000000020                     0
  854 3 0000000080002934 01070713 addi        a4, a4, x0, 0000000000000010              800037c0
  855 3 0000000080002938 00f667b3 or          a5, a2, a5, 0000000000000000                     2
  856 3 000000008000293c fce31ae3 bne         , t1, a4, 00000000ffffffd4        
  857 3 0000000080002910 0017d613 srli        a2, a5, x0, 0000000000000001                     1
  858 3 0000000080002914 011786b3 add         a3, a5, a7, 0000000000000000                 80041
  859 3 0000000080002918 00f647b3 xor         a5, a2, a5, 0000000000000000                     3
  860 3 000000008000291c 010705b3 add         a1, a4, a6, 0000000000000000      ffffffffffe037d0
  861 3 0000000080002920 00c69693 slli        a3, a3, x0, 000000000000000c              80041000
  862 3 0000000080002924 00579793 slli        a5, a5, x0, 0000000000000005                    60
  863 3 0000000080002928 00d73023 sd          , a4, a3, 0000000000000000        
  864 3 000000008000292c 00b73423 sd          , a4, a1, 0000000000000008        
  865 3 0000000080002930 0207f793 andi        a5, a5, x0, 0000000000000020                    20
  866 3 0000000080002934 01070713 addi        a4, a4, x0, 0000000000000010              800037d0
  867 3 0000000080002938 00f667b3 or          a5, a2, a5, 0000000000000000                    21
  868 3 000000008000293c fce31ae3 bne         , t1, a4, 00000000ffffffd4        
  869 3 0000000080002910 0017d613 srli        a2, a5, x0, 0000000000000001                    10
  870 3 0000000080002914 011786b3 add         a3, a5, a7, 0000000000000000                 80060
  871 3 0000000080002918 00f647b3 xor         a5, a2, a5, 0000000000000000                    31
  872 3 000000008000291c 010705b3 add         a1, a4, a6, 0000000000000000      ffffffffffe037e0
  873 3 0000000080002920 00c69693 slli        a3, a3, x0, 000000000000000c              80060000
  874 3 0000000080002924 00579793 slli        a5, a5, x0, 0000000000000005                   620
  875 3 0000000080002928 00d73023 sd          , a4, a3, 0000000000000000        
  876 3 000000008000292c 00b73423 sd          , a4, a1, 0000000000000008        
  877 3 0000000080002930 0207f793 andi        a5, a5, x0, 0000000000000020                    20
  878 3 0000000080002934 01070713 addi        a4, a4, x0, 0000000000000010              800037e0
  879 3 0000000080002938 00f667b3 or          a5, a2, a5, 0000000000000000                    30
  880 3 000000008000293c fce31ae3 bne         , t1, a4, 00000000ffffffd4        
  881 3 0000000080002940 12000613 addi        a2, x0, x0, 0000000000000120                   120
  882 3 0000000080002944 00000593 addi        a1, x0, x0, 0000000000000000                     0
  883 3 0000000080002948 00010513 addi        a0, sp, x0, 0000000000000000              8000bdb0
  884 3 000000008000294c 00001797 auipc       a5, x0, x0, 0000000000001000              8000394c
  885 3 0000000080002950 e807b623 sd          , a5, x0, 00000000fffffe8c        
  886 3 0000000080002954 f08ff0ef jal         ra, x0, x0, 00000000fffff708              80002958
  887 3 000000008000205c ff010113 addi        sp, sp, x0, 00000000fffffff0              8000bda0
  888 3 0000000080002060 00c567b3 or          a5, a0, a2, 0000000000000000              8000bdb0
  889 3 0000000080002064 00813023 sd          , sp, s0, 0000000000000000        
  890 3 0000000080002068 00113423 sd          , sp, ra, 0000000000000008        
  891 3 000000008000206c 0077f793 andi        a5, a5, x0, 0000000000000007                     0
  892 3 0000000080002070 00050413 addi        s0, a0, x0, 0000000000000000              8000bdb0
  893 3 0000000080002074 00c50733 add         a4, a0, a2, 0000000000000000              8000bed0
  894 3 0000000080002078 02078263 beq         , a5, x0, 0000000000000024        
  895 3 000000008000209c 0ff5f593 andi        a1, a1, x0, 00000000000000ff                     0
  896 3 00000000800020a0 00859693 slli        a3, a1, x0, 0000000000000008                     0
  897 3 00000000800020a4 00b6e5b3 or          a1, a3, a1, 0000000000000000                     0
  898 3 00000000800020a8 01059693 slli        a3, a1, x0, 0000000000000010                     0
  899 3 00000000800020ac 00b6e5b3 or          a1, a3, a1, 0000000000000000                     0
  900 3 00000000800020b0 02059693 slli        a3, a1, x0, 0000000000000020                     0
  901 3 00000000800020b4 00b6e6b3 or          a3, a3, a1, 0000000000000000                     0
  902 3 00000000800020b8 fce578e3 bgeu        , a0, a4, 00000000ffffffd0        
  903 3 00000000800020bc 00050793 addi        a5, a0, x0, 0000000000000000              8000bdb0
  904 3 00000000800020c0 00878793 addi        a5, a5, x0, 0000000000000008              8000bdb8
  905 3 00000000800020c4 fed7bc23 sd          , a5, a3, 00000000fffffff8        
  906 3 00000000800020c8 fee7ece3 bltu        , a5, a4, 00000000fffffff8        
  907 3 00000000800020c0 00878793 addi        a5, a5, x0, 0000000000000008              8000bdc0
  908 3 00000000800020c4 fed7bc23 sd          , a5, a3, 00000000fffffff8        
  909 3 00000000800020c8 fee7ece3 bltu        , a5, a4, 00000000fffffff8        
  910 3 00000000800020c0 00878793 addi        a5, a5, x0, 0000000000000008              8000bdc8
  911 3 00000000800020c4 fed7bc23 sd          , a5, a3, 00000000fffffff8        
  912 3 00000000800020c8 fee7ece3 bltu        , a5, a4, 00000000fffffff8        
  913 3 00000000800020c0 00878793 addi        a5, a5, x0, 0000000000000008              8000bdd0
  914 3 00000000800020c4 fed7bc23 sd          , a5, a3, 00000000fffffff8        
  915 3 00000000800020c8 fee7ece3 bltu        , a5, a4, 00000000fffffff8        
  916 3 00000000800020c0 00878793 addi        a5, a5, x0, 0000000000000008              8000bdd8
  917 3 00000000800020c4 fed7bc23 sd          , a5, a3, 00000000fffffff8        
  918 3 00000000800020c8 fee7ece3 bltu        , a5, a4, 00000000fffffff8        
  919 3 00000000800020c0 00878793 addi        a5, a5, x0, 0000000000000008              8000bde0
  920 3 00000000800020c4 fed7bc23 sd          , a5, a3, 00000000fffffff8        
  921 3 00000000800020c8 fee7ece3 bltu        , a5, a4, 00000000fffffff8        
  922 3 00000000800020c0 00878793 addi        a5, a5, x0, 0000000000000008              8000bde8
  923 3 00000000800020c4 fed7bc23 sd          , a5, a3, 00000000fffffff8        
  924 3 00000000800020c8 fee7ece3 bltu        , a5, a4, 00000000fffffff8        
  925 3 00000000800020c0 00878793 addi        a5, a5, x0, 0000000000000008              8000bdf0
  926 3 00000000800020c4 fed7bc23 sd          , a5, a3, 00000000fffffff8        
  927 3 00000000800020c8 fee7ece3 bltu        , a5, a4, 00000000fffffff8        
  928 3 00000000800020c0 00878793 addi        a5, a5, x0, 0000000000000008              8000bdf8
  929 3 00000000800020c4 fed7bc23 sd          , a5, a3, 00000000fffffff8        
  930 3 00000000800020c8 fee7ece3 bltu        , a5, a4, 00000000fffffff8        
  931 3 00000000800020c0 00878793 addi        a5, a5, x0, 0000000000000008              8000be00
  932 3 00000000800020c4 fed7bc23 sd          , a5, a3, 00000000fffffff8        
  933 3 00000000800020c8 fee7ece3 bltu        , a5, a4, 00000000fffffff8        
  934 3 00000000800020c0 00878793 addi        a5, a5, x0, 0000000000000008              8000be08
  935 3 00000000800020c4 fed7bc23 sd          , a5, a3, 00000000fffffff8        
  936 3 00000000800020c8 fee7ece3 bltu        , a5, a4, 00000000fffffff8        
  937 3 00000000800020c0 00878793 addi        a5, a5, x0, 0000000000000008              8000be10
  938 3 00000000800020c4 fed7bc23 sd          , a5, a3, 00000000fffffff8        
  939 3 00000000800020c8 fee7ece3 bltu        , a5, a4, 00000000fffffff8        
  940 3 00000000800020c0 00878793 addi        a5, a5, x0, 0000000000000008              8000be18
  941 3 00000000800020c4 fed7bc23 sd          , a5, a3, 00000000fffffff8        
  942 3 00000000800020c8 fee7ece3 bltu        , a5, a4, 00000000fffffff8        
  943 3 00000000800020c0 00878793 addi        a5, a5, x0, 0000000000000008              8000be20
  944 3 00000000800020c4 fed7bc23 sd          , a5, a3, 00000000fffffff8        
  945 3 00000000800020c8 fee7ece3 bltu        , a5, a4, 00000000fffffff8        
  946 3 00000000800020c0 00878793 addi        a5, a5, x0, 0000000000000008              8000be28
  947 3 00000000800020c4 fed7bc23 sd          , a5, a3, 00000000fffffff8        
  948 3 00000000800020c8 fee7ece3 bltu        , a5, a4, 00000000fffffff8        
  949 3 00000000800020c0 00878793 addi        a5, a5, x0, 0000000000000008              8000be30
  950 3 00000000800020c4 fed7bc23 sd          , a5, a3, 00000000fffffff8        
  951 3 00000000800020c8 fee7ece3 bltu        , a5, a4, 00000000fffffff8        
  952 3 00000000800020c0 00878793 addi        a5, a5, x0, 0000000000000008              8000be38
  953 3 00000000800020c4 fed7bc23 sd          , a5, a3, 00000000fffffff8        
  954 3 00000000800020c8 fee7ece3 bltu        , a5, a4, 00000000fffffff8        
  955 3 00000000800020c0 00878793 addi        a5, a5, x0, 0000000000000008              8000be40
  956 3 00000000800020c4 fed7bc23 sd          , a5, a3, 00000000fffffff8        
  957 3 00000000800020c8 fee7ece3 bltu        , a5, a4, 00000000fffffff8        
  958 3 00000000800020c0 00878793 addi        a5, a5, x0, 0000000000000008              8000be48
  959 3 00000000800020c4 fed7bc23 sd          , a5, a3, 00000000fffffff8        
  960 3 00000000800020c8 fee7ece3 bltu        , a5, a4, 00000000fffffff8        
  961 3 00000000800020c0 00878793 addi        a5, a5, x0, 0000000000000008              8000be50
  962 3 00000000800020c4 fed7bc23 sd          , a5, a3, 00000000fffffff8        
  963 3 00000000800020c8 fee7ece3 bltu        , a5, a4, 00000000fffffff8        
  964 3 00000000800020c0 00878793 addi        a5, a5, x0, 0000000000000008              8000be58
  965 3 00000000800020c4 fed7bc23 sd          , a5, a3, 00000000fffffff8        
  966 3 00000000800020c8 fee7ece3 bltu        , a5, a4, 00000000fffffff8        
  967 3 00000000800020c0 00878793 addi        a5, a5, x0, 0000000000000008              8000be60
  968 3 00000000800020c4 fed7bc23 sd          , a5, a3, 00000000fffffff8        
  969 3 00000000800020c8 fee7ece3 bltu        , a5, a4, 00000000fffffff8        
  970 3 00000000800020c0 00878793 addi        a5, a5, x0, 0000000000000008              8000be68
  971 3 00000000800020c4 fed7bc23 sd          , a5, a3, 00000000fffffff8        
  972 3 00000000800020c8 fee7ece3 bltu        , a5, a4, 00000000fffffff8        
  973 3 00000000800020c0 00878793 addi        a5, a5, x0, 0000000000000008              8000be70
  974 3 00000000800020c4 fed7bc23 sd          , a5, a3, 00000000fffffff8        
  975 3 00000000800020c8 fee7ece3 bltu        , a5, a4, 00000000fffffff8        
  976 3 00000000800020c0 00878793 addi        a5, a5, x0, 0000000000000008              8000be78
  977 3 00000000800020c4 fed7bc23 sd          , a5, a3, 00000000fffffff8        
  978 3 00000000800020c8 fee7ece3 bltu        , a5, a4, 00000000fffffff8        
  979 3 00000000800020c0 00878793 addi        a5, a5, x0, 0000000000000008              8000be80
  980 3 00000000800020c4 fed7bc23 sd          , a5, a3, 00000000fffffff8        
  981 3 00000000800020c8 fee7ece3 bltu        , a5, a4, 00000000fffffff8        
  982 3 00000000800020c0 00878793 addi        a5, a5, x0, 0000000000000008              8000be88
  983 3 00000000800020c4 fed7bc23 sd          , a5, a3, 00000000fffffff8        
  984 3 00000000800020c8 fee7ece3 bltu        , a5, a4, 00000000fffffff8        
  985 3 00000000800020c0 00878793 addi        a5, a5, x0, 0000000000000008              8000be90
  986 3 00000000800020c4 fed7bc23 sd          , a5, a3, 00000000fffffff8        
  987 3 00000000800020c8 fee7ece3 bltu        , a5, a4, 00000000fffffff8        
  988 3 00000000800020c0 00878793 addi        a5, a5, x0, 0000000000000008              8000be98
  989 3 00000000800020c4 fed7bc23 sd          , a5, a3, 00000000fffffff8        
  990 3 00000000800020c8 fee7ece3 bltu        , a5, a4, 00000000fffffff8        
  991 3 00000000800020c0 00878793 addi        a5, a5, x0, 0000000000000008              8000bea0
  992 3 00000000800020c4 fed7bc23 sd          , a5, a3, 00000000fffffff8        
  993 3 00000000800020c8 fee7ece3 bltu        , a5, a4, 00000000fffffff8        
  994 3 00000000800020c0 00878793 addi        a5, a5, x0, 0000000000000008              8000bea8
  995 3 00000000800020c4 fed7bc23 sd          , a5, a3, 00000000fffffff8        
  996 3 00000000800020c8 fee7ece3 bltu        , a5, a4, 00000000fffffff8        
  997 3 00000000800020c0 00878793 addi        a5, a5, x0, 0000000000000008              8000beb0
  998 3 00000000800020c4 fed7bc23 sd          , a5, a3, 00000000fffffff8        
  999 3 00000000800020c8 fee7ece3 bltu        , a5, a4, 00000000fffffff8        
 1000 3 00000000800020c0 00878793 addi        a5, a5, x0, 0000000000000008              8000beb8
 1001 3 00000000800020c4 fed7bc23 sd          , a5, a3, 00000000fffffff8        
 1002 3 00000000800020c8 fee7ece3 bltu        , a5, a4, 00000000fffffff8        
 1003 3 00000000800020c0 00878793 addi        a5, a5, x0, 0000000000000008              8000bec0
 1004 3 00000000800020c4 fed7bc23 sd          , a5, a3, 00000000fffffff8        
 1005 3 00000000800020c8 fee7ece3 bltu        , a5, a4, 00000000fffffff8        
 1006 3 00000000800020c0 00878793 addi        a5, a5, x0, 0000000000000008              8000bec8
 1007 3 00000000800020c4 fed7bc23 sd          , a5, a3, 00000000fffffff8        
 1008 3 00000000800020c8 fee7ece3 bltu        , a5, a4, 00000000fffffff8        
 1009 3 00000000800020c0 00878793 addi        a5, a5, x0, 0000000000000008              8000bed0
 1010 3 00000000800020c4 fed7bc23 sd          , a5, a3, 00000000fffffff8        
 1011 3 00000000800020c8 fee7ece3 bltu        , a5, a4, 00000000fffffff8        
 1012 3 00000000800020cc 00813083 ld          ra, sp, x0, 0000000000000008              80002958
 1013 3 00000000800020d0 00040513 addi        a0, s0, x0, 0000000000000000              8000bdb0
 1014 3 00000000800020d4 00013403 ld          s0, sp, x0, 0000000000000000              800029f4
 1015 3 00000000800020d8 01010113 addi        sp, sp, x0, 0000000000000010              8000bdb0
 1016 3 00000000800020dc 00008067 jalr        , ra, x0, 0000000000000000        
 1017 3 0000000080002958 800007b7 lui         a5, x0, x0, 0000000080000000      ffffffff80000000
 1018 3 000000008000295c 00f40433 add         s0, s0, a5, 0000000000000000                  29f4
 1019 3 0000000080002960 00010513 addi        a0, sp, x0, 0000000000000000              8000bdb0
 1020 3 0000000080002964 10813423 sd          , sp, s0, 0000000000000108        
 1021 3 0000000080002968 f64fd0ef jal         ra, x0, x0, 00000000ffffd764              8000296c
 1022 3 00000000800000cc 10853283 ld          t0, a0, x0, 0000000000000108                  29f4
 1023 3 00000000800000d0 14129073 csrrw       , t0, x0, 0000000000000141        
 1024 3 00000000800000d4 00853083 ld          ra, a0, x0, 0000000000000008                     0
 1025 3 00000000800000d8 01053103 ld          sp, a0, x0, 0000000000000010                     0
 1026 3 00000000800000dc 01853183 ld          gp, a0, x0, 0000000000000018                     0
 1027 3 00000000800000e0 02053203 ld          tp, a0, x0, 0000000000000020                     0
 1028 3 00000000800000e4 02853283 ld          t0, a0, x0, 0000000000000028                     0
 1029 3 00000000800000e8 03053303 ld          t1, a0, x0, 0000000000000030                     0
 1030 3 00000000800000ec 03853383 ld          t2, a0, x0, 0000000000000038                     0
 1031 3 00000000800000f0 04053403 ld          s0, a0, x0, 0000000000000040                     0
 1032 3 00000000800000f4 04853483 ld          s1, a0, x0, 0000000000000048                     0
 1033 3 00000000800000f8 05853583 ld          a1, a0, x0, 0000000000000058                     0
 1034 3 00000000800000fc 06053603 ld          a2, a0, x0, 0000000000000060                     0
 1035 3 0000000080000100 06853683 ld          a3, a0, x0, 0000000000000068                     0
 1036 3 0000000080000104 07053703 ld          a4, a0, x0, 0000000000000070                     0
 1037 3 0000000080000108 07853783 ld          a5, a0, x0, 0000000000000078                     0
 1038 3 000000008000010c 08053803 ld          a6, a0, x0, 0000000000000080                     0
 1039 3 0000000080000110 08853883 ld          a7, a0, x0, 0000000000000088                     0
 1040 3 0000000080000114 09053903 ld          s2, a0, x0, 0000000000000090                     0
 1041 3 0000000080000118 09853983 ld          s3, a0, x0, 0000000000000098                     0
 1042 3 000000008000011c 0a053a03 ld          s4, a0, x0, 00000000000000a0                     0
 1043 3 0000000080000120 0a853a83 ld          s5, a0, x0, 00000000000000a8                     0
 1044 3 0000000080000124 0b053b03 ld          s6, a0, x0, 00000000000000b0                     0
 1045 3 0000000080000128 0b853b83 ld          s7, a0, x0, 00000000000000b8                     0
 1046 3 000000008000012c 0c053c03 ld          s8, a0, x0, 00000000000000c0                     0
 1047 3 0000000080000130 0c853c83 ld          s9, a0, x0, 00000000000000c8                     0
 1048 3 0000000080000134 0d053d03 ld          s10, a0, x0, 00000000000000d0                    0
 1049 3 0000000080000138 0d853d83 ld          s11, a0, x0, 00000000000000d8                    0
 1050 3 000000008000013c 0e053e03 ld          t3, a0, x0, 00000000000000e0                     0
 1051 3 0000000080000140 0e853e83 ld          t4, a0, x0, 00000000000000e8                     0
 1052 3 0000000080000144 0f053f03 ld          t5, a0, x0, 00000000000000f0                     0
 1053 3 0000000080000148 0f853f83 ld          t6, a0, x0, 00000000000000f8                     0
 1054 3 000000008000014c 05053503 ld          a0, a0, x0, 0000000000000050                     0
 1055 0 0000000080000150 10200073 sret        , x0, x0, 0000000000000000        
 1056 1 00000000000029f4 <inaccessible>                                         --can't fetch from 00000000000029f4--
 1057 1 ffffffffffe00154 14011173 csrrw       sp, sp, x0, 0000000000000140      ffffffffffe0bee0
 1058 1 ffffffffffe00158 00113423 sd          , sp, ra, 0000000000000008        
 1059 1 ffffffffffe0015c 00313c23 sd          , sp, gp, 0000000000000018        
 1060 1 ffffffffffe00160 02413023 sd          , sp, tp, 0000000000000020        
 1061 1 ffffffffffe00164 02513423 sd          , sp, t0, 0000000000000028        
 1062 1 ffffffffffe00168 02613823 sd          , sp, t1, 0000000000000030        
 1063 1 ffffffffffe0016c 02713c23 sd          , sp, t2, 0000000000000038        
 1064 1 ffffffffffe00170 04813023 sd          , sp, s0, 0000000000000040        
 1065 1 ffffffffffe00174 04913423 sd          , sp, s1, 0000000000000048        
 1066 1 ffffffffffe00178 04a13823 sd          , sp, a0, 0000000000000050        
 1067 1 ffffffffffe0017c 04b13c23 sd          , sp, a1, 0000000000000058        
 1068 1 ffffffffffe00180 06c13023 sd          , sp, a2, 0000000000000060        
 1069 1 ffffffffffe00184 06d13423 sd          , sp, a3, 0000000000000068        
 1070 1 ffffffffffe00188 06e13823 sd          , sp, a4, 0000000000000070        
 1071 1 ffffffffffe0018c 06f13c23 sd          , sp, a5, 0000000000000078        
 1072 1 ffffffffffe00190 09013023 sd          , sp, a6, 0000000000000080        
 1073 1 ffffffffffe00194 09113423 sd          , sp, a7, 0000000000000088        
 1074 1 ffffffffffe00198 09213823 sd          , sp, s2, 0000000000000090        
 1075 1 ffffffffffe0019c 09313c23 sd          , sp, s3, 0000000000000098        
 1076 1 ffffffffffe001a0 0b413023 sd          , sp, s4, 00000000000000a0        
 1077 1 ffffffffffe001a4 0b513423 sd          , sp, s5, 00000000000000a8        
 1078 1 ffffffffffe001a8 0b613823 sd          , sp, s6, 00000000000000b0        
 1079 1 ffffffffffe001ac 0b713c23 sd          , sp, s7, 00000000000000b8        
 1080 1 ffffffffffe001b0 0d813023 sd          , sp, s8, 00000000000000c0        
 1081 1 ffffffffffe001b4 0d913423 sd          , sp, s9, 00000000000000c8        
 1082 1 ffffffffffe001b8 0da13823 sd          , sp, s10, 00000000000000d0       
 1083 1 ffffffffffe001bc 0db13c23 sd          , sp, s11, 00000000000000d8       
 1084 1 ffffffffffe001c0 0fc13023 sd          , sp, t3, 00000000000000e0        
 1085 1 ffffffffffe001c4 0fd13423 sd          , sp, t4, 00000000000000e8        
 1086 1 ffffffffffe001c8 0fe13823 sd          , sp, t5, 00000000000000f0        
 1087 1 ffffffffffe001cc 0ff13c23 sd          , sp, t6, 00000000000000f8        
 1088 1 ffffffffffe001d0 140112f3 csrrw       t0, sp, x0, 0000000000000140                     0
 1089 1 ffffffffffe001d4 00513823 sd          , sp, t0, 0000000000000010        
 1090 1 ffffffffffe001d8 100022f3 csrrs       t0, x0, x0, 0000000000000100      8000000200006000
 1091 1 ffffffffffe001dc 10513023 sd          , sp, t0, 0000000000000100        
 1092 1 ffffffffffe001e0 141022f3 csrrs       t0, x0, x0, 0000000000000141                  29f4
 1093 1 ffffffffffe001e4 10513423 sd          , sp, t0, 0000000000000108        
 1094 1 ffffffffffe001e8 143022f3 csrrs       t0, x0, x0, 0000000000000143                  29f4
 1095 1 ffffffffffe001ec 10513823 sd          , sp, t0, 0000000000000110        
 1096 1 ffffffffffe001f0 142022f3 csrrs       t0, x0, x0, 0000000000000142                     c
 1097 1 ffffffffffe001f4 10513c23 sd          , sp, t0, 0000000000000118        
 1098 1 ffffffffffe001f8 00010513 addi        a0, sp, x0, 0000000000000000      ffffffffffe0bee0
 1099 1 ffffffffffe001fc 3880206f jal         , x0, x0, 0000000000002388        
 1100 1 ffffffffffe02584 f8010113 addi        sp, sp, x0, 00000000ffffff80      ffffffffffe0be60
 1101 1 ffffffffffe02588 06813823 sd          , sp, s0, 0000000000000070        
 1102 1 ffffffffffe0258c 06113c23 sd          , sp, ra, 0000000000000078        
 1103 1 ffffffffffe02590 06913423 sd          , sp, s1, 0000000000000068        
 1104 1 ffffffffffe02594 07213023 sd          , sp, s2, 0000000000000060        
 1105 1 ffffffffffe02598 05313c23 sd          , sp, s3, 0000000000000058        
 1106 1 ffffffffffe0259c 05413823 sd          , sp, s4, 0000000000000050        
 1107 1 ffffffffffe025a0 05513423 sd          , sp, s5, 0000000000000048        
 1108 1 ffffffffffe025a4 05613023 sd          , sp, s6, 0000000000000040        
 1109 1 ffffffffffe025a8 03713c23 sd          , sp, s7, 0000000000000038        
 1110 1 ffffffffffe025ac 03813823 sd          , sp, s8, 0000000000000030        
 1111 1 ffffffffffe025b0 03913423 sd          , sp, s9, 0000000000000028        
 1112 1 ffffffffffe025b4 03a13023 sd          , sp, s10, 0000000000000020       
 1113 1 ffffffffffe025b8 01b13c23 sd          , sp, s11, 0000000000000018       
 1114 1 ffffffffffe025bc 00050413 addi        s0, a0, x0, 0000000000000000      ffffffffffe0bee0
 1115 1 ffffffffffe025c0 424000ef jal         ra, x0, x0, 0000000000000424      ffffffffffe025c4
 1116 1 ffffffffffe029e4 00000513 addi        a0, x0, x0, 0000000000000000                     0
 1117 1 ffffffffffe029e8 00008067 jalr        , ra, x0, 0000000000000000        
 1118 1 ffffffffffe025c4 0e051263 bne         , a0, x0, 00000000000000e4        
 1119 1 ffffffffffe025c8 11843583 ld          a1, s0, x0, 0000000000000118                     c
 1120 1 ffffffffffe025cc 00800793 addi        a5, x0, x0, 0000000000000008                     8
 1121 1 ffffffffffe025d0 10f58063 beq         , a1, a5, 0000000000000100        
 1122 1 ffffffffffe025d4 00200793 addi        a5, x0, x0, 0000000000000002                     2
 1123 1 ffffffffffe025d8 06f58063 beq         , a1, a5, 0000000000000060        
 1124 1 ffffffffffe025dc ff458793 addi        a5, a1, x0, 00000000fffffff4                     0
 1125 1 ffffffffffe025e0 00100713 addi        a4, x0, x0, 0000000000000001                     1
 1126 1 ffffffffffe025e4 00f77663 bgeu        , a4, a5, 000000000000000c        
 1127 1 ffffffffffe025f0 11043503 ld          a0, s0, x0, 0000000000000110                  29f4
 1128 1 ffffffffffe025f4 d7dff0ef jal         ra, x0, x0, 00000000fffffd7c      ffffffffffe025f8
 1129 1 ffffffffffe02370 fb010113 addi        sp, sp, x0, 00000000ffffffb0      ffffffffffe0be10
 1130 1 ffffffffffe02374 00100793 addi        a5, x0, x0, 0000000000000001                     1
 1131 1 ffffffffffe02378 04813023 sd          , sp, s0, 0000000000000040        
 1132 1 ffffffffffe0237c fffff437 lui         s0, x0, x0, 00000000fffff000      fffffffffffff000
 1133 1 ffffffffffe02380 00f12223 sw          , sp, a5, 0000000000000004        
 1134 1 ffffffffffe02384 04113423 sd          , sp, ra, 0000000000000048        
 1135 1 ffffffffffe02388 02913c23 sd          , sp, s1, 0000000000000038        
 1136 1 ffffffffffe0238c 03213823 sd          , sp, s2, 0000000000000030        
 1137 1 ffffffffffe02390 03313423 sd          , sp, s3, 0000000000000028        
 1138 1 ffffffffffe02394 03413023 sd          , sp, s4, 0000000000000020        
 1139 1 ffffffffffe02398 01513c23 sd          , sp, s5, 0000000000000018        
 1140 1 ffffffffffe0239c 00013423 sd          , sp, x0, 0000000000000008        
 1141 1 ffffffffffe023a0 00850733 add         a4, a0, s0, 0000000000000000                  19f4
 1142 1 ffffffffffe023a4 0003e7b7 lui         a5, x0, x0, 000000000003e000                 3e000
 1143 1 ffffffffffe023a8 18f77663 bgeu        , a4, a5, 000000000000018c        
 1144 1 ffffffffffe023ac 00c55993 srli        s3, a0, x0, 000000000000000c                     2
 1145 1 ffffffffffe023b0 60098913 addi        s2, s3, x0, 0000000000000600                   602
 1146 1 ffffffffffe023b4 00002497 auipc       s1, x0, x0, 0000000000002000      ffffffffffe043b4
 1147 1 ffffffffffe023b8 c4c48493 addi        s1, s1, x0, 00000000fffffc4c      ffffffffffe04000
 1148 1 ffffffffffe023bc 00391793 slli        a5, s2, x0, 0000000000000003                  3010
 1149 1 ffffffffffe023c0 00f487b3 add         a5, s1, a5, 0000000000000000      ffffffffffe07010
 1150 1 ffffffffffe023c4 0007b703 ld          a4, a5, x0, 0000000000000000                     0
 1151 1 ffffffffffe023c8 00857433 and         s0, a0, s0, 0000000000000000                  2000
 1152 1 ffffffffffe023cc 10071663 bne         , a4, x0, 000000000000010c        
 1153 1 ffffffffffe023d0 00006717 auipc       a4, x0, x0, 0000000000006000      ffffffffffe083d0
 1154 1 ffffffffffe023d4 c3870713 addi        a4, a4, x0, 00000000fffffc38      ffffffffffe08008
 1155 1 ffffffffffe023d8 00073a03 ld          s4, a4, x0, 0000000000000000      ffffffffffe033f0
 1156 1 ffffffffffe023dc 180a0063 beq         , s4, x0, 0000000000000180        
 1157 1 ffffffffffe023e0 008a3783 ld          a5, s4, x0, 0000000000000008      ffffffffffe03400
 1158 1 ffffffffffe023e4 00006697 auipc       a3, x0, x0, 0000000000006000      ffffffffffe083e4
 1159 1 ffffffffffe023e8 c1c6b683 ld          a3, a3, x0, 00000000fffffc1c      ffffffffffe037d0
 1160 1 ffffffffffe023ec 00f73023 sd          , a4, a5, 0000000000000000        
 1161 1 ffffffffffe023f0 12d78c63 beq         , a5, a3, 0000000000000138        
 1162 1 ffffffffffe023f4 00410613 addi        a2, sp, x0, 0000000000000004      ffffffffffe0be14
 1163 1 ffffffffffe023f8 00810593 addi        a1, sp, x0, 0000000000000008      ffffffffffe0be18
 1164 1 ffffffffffe023fc 00040513 addi        a0, s0, x0, 0000000000000000                  2000
 1165 1 ffffffffffe02400 000a3a83 ld          s5, s4, x0, 0000000000000000              8006f000
 1166 1 ffffffffffe02404 5e8000ef jal         ra, x0, x0, 00000000000005e8      ffffffffffe02408
 1167 1 ffffffffffe029ec 00000513 addi        a0, x0, x0, 0000000000000000                     0
 1168 1 ffffffffffe029f0 00008067 jalr        , ra, x0, 0000000000000000        
 1169 1 ffffffffffe02408 0e051c63 bne         , a0, x0, 00000000000000f8        
 1170 1 ffffffffffe0240c 00cad693 srli        a3, s5, x0, 000000000000000c                 8006f
 1171 1 ffffffffffe02410 00a69693 slli        a3, a3, x0, 000000000000000a              2001bc00
 1172 1 ffffffffffe02414 01f6e693 ori         a3, a3, x0, 000000000000001f              2001bc1f
 1173 1 ffffffffffe02418 00391793 slli        a5, s2, x0, 0000000000000003                  3010
 1174 1 ffffffffffe0241c 00f487b3 add         a5, s1, a5, 0000000000000000      ffffffffffe07010
 1175 1 ffffffffffe02420 0c06e713 ori         a4, a3, x0, 00000000000000c0              2001bcdf
 1176 1 ffffffffffe02424 00e7b023 sd          , a5, a4, 0000000000000000        
 1177 1 ffffffffffe02428 12040073 sfencevma   , s0, x0, 0000000000000000        
 1178 1 ffffffffffe0242c 00001797 auipc       a5, x0, x0, 0000000000001000      ffffffffffe0342c
 1179 1 ffffffffffe02430 bd478793 addi        a5, a5, x0, 00000000fffffbd4      ffffffffffe03000
 1180 1 ffffffffffe02434 00499993 slli        s3, s3, x0, 0000000000000004                    20
 1181 1 ffffffffffe02438 013789b3 add         s3, a5, s3, 0000000000000000      ffffffffffe03020
 1182 1 ffffffffffe0243c 0009b783 ld          a5, s3, x0, 0000000000000000                     0
 1183 1 ffffffffffe02440 12079863 bne         , a5, x0, 0000000000000130        
 1184 1 ffffffffffe02444 000a3783 ld          a5, s4, x0, 0000000000000000              8006f000
 1185 1 ffffffffffe02448 000405b7 lui         a1, x0, x0, 0000000000040000                 40000
 1186 1 ffffffffffe0244c 00f9b023 sd          , s3, a5, 0000000000000000        
 1187 1 ffffffffffe02450 008a3783 ld          a5, s4, x0, 0000000000000008      ffffffffffe03400
 1188 1 ffffffffffe02454 00f9b423 sd          , s3, a5, 0000000000000008        
 1189 1 ffffffffffe02458 1005a5f3 csrrs       a1, a1, x0, 0000000000000100      8000000200006000
 1190 1 ffffffffffe0245c ffe007b7 lui         a5, x0, x0, 00000000ffe00000      ffffffffffe00000
 1191 1 ffffffffffe02460 00f407b3 add         a5, s0, a5, 0000000000000000      ffffffffffe02000
 1192 1 ffffffffffe02464 00001637 lui         a2, x0, x0, 0000000000001000                  1000
 1193 1 ffffffffffe02468 00040713 addi        a4, s0, x0, 0000000000000000                  2000
 1194 1 ffffffffffe0246c 00c78633 add         a2, a5, a2, 0000000000000000      ffffffffffe03000
 1195 1 ffffffffffe02470 0007b303 ld          t1, a5, x0, 0000000000000000        f567b300c5e7b3
 1196 1 ffffffffffe02474 0087b883 ld          a7, a5, x0, 0000000000000008        c506b30077f793
 1197 1 ffffffffffe02478 0107b803 ld          a6, a5, x0, 0000000000000010        c5863302078463
 1198 1 ffffffffffe0247c 0187b503 ld          a0, a5, x0, 0000000000000018       2d57e6300050793
 1199 1 ffffffffffe02480 00673023 sd          , a4, t1, 0000000000000000        
 1200 1 ffffffffffe02484 01173423 sd          , a4, a7, 0000000000000008        
 1201 1 ffffffffffe02488 01073823 sd          , a4, a6, 0000000000000010        
 1202 1 ffffffffffe0248c 00a73c23 sd          , a4, a0, 0000000000000018        
 1203 1 ffffffffffe02490 02078793 addi        a5, a5, x0, 0000000000000020      ffffffffffe02020
 1204 1 ffffffffffe02494 02070713 addi        a4, a4, x0, 0000000000000020                  2020
 1205 1 ffffffffffe02498 fcc79ce3 bne         , a5, a2, 00000000ffffffd8        
 1206 1 ffffffffffe02470 0007b303 ld          t1, a5, x0, 0000000000000000        1585930005c703
 1207 1 ffffffffffe02474 0087b883 ld          a7, a5, x0, 0000000000000008      fee78fa300178793
 1208 1 ffffffffffe02478 0107b803 ld          a6, a5, x0, 0000000000000010          8067fec598e3
 1209 1 ffffffffffe0247c 0187b503 ld          a0, a5, x0, 0000000000000018         50793fed57ee3
 1210 1 ffffffffffe02480 00673023 sd          , a4, t1, 0000000000000000        
 1211 1 ffffffffffe02484 01173423 sd          , a4, a7, 0000000000000008        
 1212 1 ffffffffffe02488 01073823 sd          , a4, a6, 0000000000000010        
 1213 1 ffffffffffe0248c 00a73c23 sd          , a4, a0, 0000000000000018        
 1214 1 ffffffffffe02490 02078793 addi        a5, a5, x0, 0000000000000020      ffffffffffe02040
 1215 1 ffffffffffe02494 02070713 addi        a4, a4, x0, 0000000000000020                  2040
 1216 1 ffffffffffe02498 fcc79ce3 bne         , a5, a2, 00000000ffffffd8        
 1217 1 ffffffffffe02470 0007b303 ld          t1, a5, x0, 0000000000000000        8787930005b703
 1218 1 ffffffffffe02474 0087b883 ld          a7, a5, x0, 0000000000000008      fee7bc2300858593
 1219 1 ffffffffffe02478 0107b803 ld          a6, a5, x0, 0000000000000010          8067fed7e8e3
 1220 1 ffffffffffe0247c 0187b503 ld          a0, a5, x0, 0000000000000018      ff01011300008067
 1221 1 ffffffffffe02480 00673023 sd          , a4, t1, 0000000000000000        
 1222 1 ffffffffffe02484 01173423 sd          , a4, a7, 0000000000000008        
 1223 1 ffffffffffe02488 01073823 sd          , a4, a6, 0000000000000010        
 1224 1 ffffffffffe0248c 00a73c23 sd          , a4, a0, 0000000000000018        
 1225 1 ffffffffffe02490 02078793 addi        a5, a5, x0, 0000000000000020      ffffffffffe02060
 1226 1 ffffffffffe02494 02070713 addi        a4, a4, x0, 0000000000000020                  2060
 1227 1 ffffffffffe02498 fcc79ce3 bne         , a5, a2, 00000000ffffffd8        
 1228 1 ffffffffffe02470 0007b303 ld          t1, a5, x0, 0000000000000000        81302300c567b3
 1229 1 ffffffffffe02474 0087b883 ld          a7, a5, x0, 0000000000000008        77f79300113423
 1230 1 ffffffffffe02478 0107b803 ld          a6, a5, x0, 0000000000000010        c5073300050413
 1231 1 ffffffffffe0247c 0187b503 ld          a0, a5, x0, 0000000000000018        e5766302078263
 1232 1 ffffffffffe02480 00673023 sd          , a4, t1, 0000000000000000        
 1233 1 ffffffffffe02484 01173423 sd          , a4, a7, 0000000000000008        
 1234 1 ffffffffffe02488 01073823 sd          , a4, a6, 0000000000000010        
 1235 1 ffffffffffe0248c 00a73c23 sd          , a4, a0, 0000000000000018        
 1236 1 ffffffffffe02490 02078793 addi        a5, a5, x0, 0000000000000020      ffffffffffe02080
 1237 1 ffffffffffe02494 02070713 addi        a4, a4, x0, 0000000000000020                  2080
 1238 1 ffffffffffe02498 fcc79ce3 bne         , a5, a2, 00000000ffffffd8        
 1239 1 ffffffffffe02470 0007b303 ld          t1, a5, x0, 0000000000000000      fd9ff0ef0ff5f593
 1240 1 ffffffffffe02474 0087b883 ld          a7, a5, x0, 0000000000000008         4051300813083
 1241 1 ffffffffffe02478 0107b803 ld          a6, a5, x0, 0000000000000010       101011300013403
 1242 1 ffffffffffe0247c 0187b503 ld          a0, a5, x0, 0000000000000018       ff5f59300008067
 1243 1 ffffffffffe02480 00673023 sd          , a4, t1, 0000000000000000        
 1244 1 ffffffffffe02484 01173423 sd          , a4, a7, 0000000000000008        
 1245 1 ffffffffffe02488 01073823 sd          , a4, a6, 0000000000000010        
 1246 1 ffffffffffe0248c 00a73c23 sd          , a4, a0, 0000000000000018        
 1247 1 ffffffffffe02490 02078793 addi        a5, a5, x0, 0000000000000020      ffffffffffe020a0
 1248 1 ffffffffffe02494 02070713 addi        a4, a4, x0, 0000000000000020                  20a0
 1249 1 ffffffffffe02498 fcc79ce3 bne         , a5, a2, 00000000ffffffd8        
 1250 1 ffffffffffe02470 0007b303 ld          t1, a5, x0, 0000000000000000        b6e5b300859693
 1251 1 ffffffffffe02474 0087b883 ld          a7, a5, x0, 0000000000000008        b6e5b301059693
 1252 1 ffffffffffe02478 0107b803 ld          a6, a5, x0, 0000000000000010        b6e6b302059693
 1253 1 ffffffffffe0247c 0187b503 ld          a0, a5, x0, 0000000000000018         50793fce578e3
 1254 1 ffffffffffe02480 00673023 sd          , a4, t1, 0000000000000000        
 1255 1 ffffffffffe02484 01173423 sd          , a4, a7, 0000000000000008        
 1256 1 ffffffffffe02488 01073823 sd          , a4, a6, 0000000000000010        
 1257 1 ffffffffffe0248c 00a73c23 sd          , a4, a0, 0000000000000018        
 1258 1 ffffffffffe02490 02078793 addi        a5, a5, x0, 0000000000000020      ffffffffffe020c0
 1259 1 ffffffffffe02494 02070713 addi        a4, a4, x0, 0000000000000020                  20c0
 1260 1 ffffffffffe02498 fcc79ce3 bne         , a5, a2, 00000000ffffffd8        
 1261 1 ffffffffffe02470 0007b303 ld          t1, a5, x0, 0000000000000000      fed7bc2300878793
 1262 1 ffffffffffe02474 0087b883 ld          a7, a5, x0, 0000000000000008        813083fee7ece3
 1263 1 ffffffffffe02478 0107b803 ld          a6, a5, x0, 0000000000000010         1340300040513
 1264 1 ffffffffffe0247c 0187b503 ld          a0, a5, x0, 0000000000000018          806701010113
 1265 1 ffffffffffe02480 00673023 sd          , a4, t1, 0000000000000000        
 1266 1 ffffffffffe02484 01173423 sd          , a4, a7, 0000000000000008        
 1267 1 ffffffffffe02488 01073823 sd          , a4, a6, 0000000000000010        
 1268 1 ffffffffffe0248c 00a73c23 sd          , a4, a0, 0000000000000018        
 1269 1 ffffffffffe02490 02078793 addi        a5, a5, x0, 0000000000000020      ffffffffffe020e0
 1270 1 ffffffffffe02494 02070713 addi        a4, a4, x0, 0000000000000020                  20e0
 1271 1 ffffffffffe02498 fcc79ce3 bne         , a5, a2, 00000000ffffffd8        
 1272 1 ffffffffffe02470 0007b303 ld          t1, a5, x0, 0000000000000000         78e6300054783
 1273 1 ffffffffffe02474 0087b883 ld          a7, a5, x0, 0000000000000008        17c70300050793
 1274 1 ffffffffffe02478 0107b803 ld          a6, a5, x0, 0000000000000010      fe071ce300178793
 1275 1 ffffffffffe0247c 0187b503 ld          a0, a5, x0, 0000000000000018          806740a78533
 1276 1 ffffffffffe02480 00673023 sd          , a4, t1, 0000000000000000        
 1277 1 ffffffffffe02484 01173423 sd          , a4, a7, 0000000000000008        
 1278 1 ffffffffffe02488 01073823 sd          , a4, a6, 0000000000000010        
 1279 1 ffffffffffe0248c 00a73c23 sd          , a4, a0, 0000000000000018        
 1280 1 ffffffffffe02490 02078793 addi        a5, a5, x0, 0000000000000020      ffffffffffe02100
 1281 1 ffffffffffe02494 02070713 addi        a4, a4, x0, 0000000000000020                  2100
 1282 1 ffffffffffe02498 fcc79ce3 bne         , a5, a2, 00000000ffffffd8        
 1283 1 ffffffffffe02470 0007b303 ld          t1, a5, x0, 0000000000000000          806700000513
 1284 1 ffffffffffe02474 0087b883 ld          a7, a5, x0, 0000000000000008        15859300054783
 1285 1 ffffffffffe02478 0107b803 ld          a6, a5, x0, 0000000000000010      fff5c70300150513
 1286 1 ffffffffffe0247c 0187b503 ld          a0, a5, x0, 0000000000000018      fee786e300078a63
 1287 1 ffffffffffe02480 00673023 sd          , a4, t1, 0000000000000000        
 1288 1 ffffffffffe02484 01173423 sd          , a4, a7, 0000000000000008        
 1289 1 ffffffffffe02488 01073823 sd          , a4, a6, 0000000000000010        
 1290 1 ffffffffffe0248c 00a73c23 sd          , a4, a0, 0000000000000018        
 1291 1 ffffffffffe02490 02078793 addi        a5, a5, x0, 0000000000000020      ffffffffffe02120
 1292 1 ffffffffffe02494 02070713 addi        a4, a4, x0, 0000000000000020                  2120
 1293 1 ffffffffffe02498 fcc79ce3 bne         , a5, a2, 00000000ffffffd8        
 1294 1 ffffffffffe02470 0007b303 ld          t1, a5, x0, 0000000000000000      40e5053b0007851b
 1295 1 ffffffffffe02474 0087b883 ld          a7, a5, x0, 0000000000000008           51300008067
 1296 1 ffffffffffe02478 0107b803 ld          a6, a5, x0, 0000000000000010        b567b3ff5ff06f
 1297 1 ffffffffffe0247c 0187b503 ld          a0, a5, x0, 0000000000000018       2079e630077f793
 1298 1 ffffffffffe02480 00673023 sd          , a4, t1, 0000000000000000        
 1299 1 ffffffffffe02484 01173423 sd          , a4, a7, 0000000000000008        
 1300 1 ffffffffffe02488 01073823 sd          , a4, a6, 0000000000000010        
 1301 1 ffffffffffe0248c 00a73c23 sd          , a4, a0, 0000000000000018        
 1302 1 ffffffffffe02490 02078793 addi        a5, a5, x0, 0000000000000020      ffffffffffe02140
 1303 1 ffffffffffe02494 02070713 addi        a4, a4, x0, 0000000000000020                  2140
 1304 1 ffffffffffe02498 fcc79ce3 bne         , a5, a2, 00000000ffffffd8        
 1305 1 ffffffffffe02470 0007b303 ld          t1, a5, x0, 0000000000000000       1050833ff867813
 1306 1 ffffffffffe02474 0087b883 ld          a7, a5, x0, 0000000000000008         5079303057863
 1307 1 ffffffffffe02478 0107b803 ld          a6, a5, x0, 0000000000000010        8787930100006f
 1308 1 ffffffffffe0247c 0187b503 ld          a0, a5, x0, 0000000000000018       107f86300858593
 1309 1 ffffffffffe02480 00673023 sd          , a4, t1, 0000000000000000        
 1310 1 ffffffffffe02484 01173423 sd          , a4, a7, 0000000000000008        
 1311 1 ffffffffffe02488 01073823 sd          , a4, a6, 0000000000000010        
 1312 1 ffffffffffe0248c 00a73c23 sd          , a4, a0, 0000000000000018        
 1313 1 ffffffffffe02490 02078793 addi        a5, a5, x0, 0000000000000020      ffffffffffe02160
 1314 1 ffffffffffe02494 02070713 addi        a4, a4, x0, 0000000000000020                  2160
 1315 1 ffffffffffe02498 fcc79ce3 bne         , a5, a2, 00000000ffffffd8        
 1316 1 ffffffffffe02470 0007b303 ld          t1, a5, x0, 0000000000000000         5b7030007b683
 1317 1 ffffffffffe02474 0087b883 ld          a7, a5, x0, 0000000000000008      40a78533fee686e3
 1318 1 ffffffffffe02478 0107b803 ld          a6, a5, x0, 0000000000000010         7851340a60633
 1319 1 ffffffffffe0247c 0187b503 ld          a0, a5, x0, 0000000000000018       140006f00c58633
 1320 1 ffffffffffe02480 00673023 sd          , a4, t1, 0000000000000000        
 1321 1 ffffffffffe02484 01173423 sd          , a4, a7, 0000000000000008        
 1322 1 ffffffffffe02488 01073823 sd          , a4, a6, 0000000000000010        
 1323 1 ffffffffffe0248c 00a73c23 sd          , a4, a0, 0000000000000018        
 1324 1 ffffffffffe02490 02078793 addi        a5, a5, x0, 0000000000000020      ffffffffffe02180
 1325 1 ffffffffffe02494 02070713 addi        a4, a4, x0, 0000000000000020                  2180
 1326 1 ffffffffffe02498 fcc79ce3 bne         , a5, a2, 00000000ffffffd8        
 1327 1 ffffffffffe02470 0007b303 ld          t1, a5, x0, 0000000000000000      fff547830005c703
 1328 1 ffffffffffe02474 0087b883 ld          a7, a5, x0, 0000000000000008        e79a6300158593
 1329 1 ffffffffffe02478 0107b803 ld          a6, a5, x0, 0000000000000010      fec596e300150513
 1330 1 ffffffffffe0247c 0187b503 ld          a0, a5, x0, 0000000000000018          806700000513
 1331 1 ffffffffffe02480 00673023 sd          , a4, t1, 0000000000000000        
 1332 1 ffffffffffe02484 01173423 sd          , a4, a7, 0000000000000008        
 1333 1 ffffffffffe02488 01073823 sd          , a4, a6, 0000000000000010        
 1334 1 ffffffffffe0248c 00a73c23 sd          , a4, a0, 0000000000000018        
 1335 1 ffffffffffe02490 02078793 addi        a5, a5, x0, 0000000000000020      ffffffffffe021a0
 1336 1 ffffffffffe02494 02070713 addi        a4, a4, x0, 0000000000000020                  21a0
 1337 1 ffffffffffe02498 fcc79ce3 bne         , a5, a2, 00000000ffffffd8        
 1338 1 ffffffffffe02470 0007b303 ld          t1, a5, x0, 0000000000000000          806740e7853b
 1339 1 ffffffffffe02474 0087b883 ld          a7, a5, x0, 0000000000000008         5c70300050793
 1340 1 ffffffffffe02478 0107b803 ld          a6, a5, x0, 0000000000000010        15859300178793
 1341 1 ffffffffffe0247c 0187b503 ld          a0, a5, x0, 0000000000000018      fe0718e3fee78fa3
 1342 1 ffffffffffe02480 00673023 sd          , a4, t1, 0000000000000000        
 1343 1 ffffffffffe02484 01173423 sd          , a4, a7, 0000000000000008        
 1344 1 ffffffffffe02488 01073823 sd          , a4, a6, 0000000000000010        
 1345 1 ffffffffffe0248c 00a73c23 sd          , a4, a0, 0000000000000018        
 1346 1 ffffffffffe02490 02078793 addi        a5, a5, x0, 0000000000000020      ffffffffffe021c0
 1347 1 ffffffffffe02494 02070713 addi        a4, a4, x0, 0000000000000020                  21c0
 1348 1 ffffffffffe02498 fcc79ce3 bne         , a5, a2, 00000000ffffffd8        
 1349 1 ffffffffffe02470 0007b303 ld          t1, a5, x0, 0000000000000000         5470300008067
 1350 1 ffffffffffe02474 0087b883 ld          a7, a5, x0, 0000000000000008         5079302000693
 1351 1 ffffffffffe02478 0107b803 ld          a6, a5, x0, 0000000000000010        17c70300d71863
 1352 1 ffffffffffe0247c 0187b503 ld          a0, a5, x0, 0000000000000018      fed70ce300178793
 1353 1 ffffffffffe02480 00673023 sd          , a4, t1, 0000000000000000        
 1354 1 ffffffffffe02484 01173423 sd          , a4, a7, 0000000000000008        
 1355 1 ffffffffffe02488 01073823 sd          , a4, a6, 0000000000000010        
 1356 1 ffffffffffe0248c 00a73c23 sd          , a4, a0, 0000000000000018        
 1357 1 ffffffffffe02490 02078793 addi        a5, a5, x0, 0000000000000020      ffffffffffe021e0
 1358 1 ffffffffffe02494 02070713 addi        a4, a4, x0, 0000000000000020                  21e0
 1359 1 ffffffffffe02498 fcc79ce3 bne         , a5, a2, 00000000ffffffd8        
 1360 1 ffffffffffe02470 0007b303 ld          t1, a5, x0, 0000000000000000       6d7006302d00693
 1361 1 ffffffffffe02474 0087b883 ld          a7, a5, x0, 0000000000000008       4d7006302b00693
 1362 1 ffffffffffe02478 0107b803 ld          a6, a5, x0, 0000000000000010           5930007c683
 1363 1 ffffffffffe0247c 0187b503 ld          a0, a5, x0, 0000000000000018           51304068263
 1364 1 ffffffffffe02480 00673023 sd          , a4, t1, 0000000000000000        
 1365 1 ffffffffffe02484 01173423 sd          , a4, a7, 0000000000000008        
 1366 1 ffffffffffe02488 01073823 sd          , a4, a6, 0000000000000010        
 1367 1 ffffffffffe0248c 00a73c23 sd          , a4, a0, 0000000000000018        
 1368 1 ffffffffffe02490 02078793 addi        a5, a5, x0, 0000000000000020      ffffffffffe02200
 1369 1 ffffffffffe02494 02070713 addi        a4, a4, x0, 0000000000000020                  2200
 1370 1 ffffffffffe02498 fcc79ce3 bne         , a5, a2, 00000000ffffffd8        
 1371 1 ffffffffffe02470 0007b303 ld          t1, a5, x0, 0000000000000000      fd06861b00178793
 1372 1 ffffffffffe02474 0087b883 ld          a7, a5, x0, 0000000000000008         7c68300251713
 1373 1 ffffffffffe02478 0107b803 ld          a6, a5, x0, 0000000000000010        15151300a70533
 1374 1 ffffffffffe0247c 0187b503 ld          a0, a5, x0, 0000000000000018      fe0692e300a60533
 1375 1 ffffffffffe02480 00673023 sd          , a4, t1, 0000000000000000        
 1376 1 ffffffffffe02484 01173423 sd          , a4, a7, 0000000000000008        
 1377 1 ffffffffffe02488 01073823 sd          , a4, a6, 0000000000000010        
 1378 1 ffffffffffe0248c 00a73c23 sd          , a4, a0, 0000000000000018        
 1379 1 ffffffffffe02490 02078793 addi        a5, a5, x0, 0000000000000020      ffffffffffe02220
 1380 1 ffffffffffe02494 02070713 addi        a4, a4, x0, 0000000000000020                  2220
 1381 1 ffffffffffe02498 fcc79ce3 bne         , a5, a2, 00000000ffffffd8        
 1382 1 ffffffffffe02470 0007b303 ld          t1, a5, x0, 0000000000000000      40a0053302058063
 1383 1 ffffffffffe02474 0087b883 ld          a7, a5, x0, 0000000000000008        17c68300008067
 1384 1 ffffffffffe02478 0107b803 ld          a6, a5, x0, 0000000000000010        17879300000593
 1385 1 ffffffffffe0247c 0187b503 ld          a0, a5, x0, 0000000000000018           513fc0692e3
 1386 1 ffffffffffe02480 00673023 sd          , a4, t1, 0000000000000000        
 1387 1 ffffffffffe02484 01173423 sd          , a4, a7, 0000000000000008        
 1388 1 ffffffffffe02488 01073823 sd          , a4, a6, 0000000000000010        
 1389 1 ffffffffffe0248c 00a73c23 sd          , a4, a0, 0000000000000018        
 1390 1 ffffffffffe02490 02078793 addi        a5, a5, x0, 0000000000000020      ffffffffffe02240
 1391 1 ffffffffffe02494 02070713 addi        a4, a4, x0, 0000000000000020                  2240
 1392 1 ffffffffffe02498 fcc79ce3 bne         , a5, a2, 00000000ffffffd8        
 1393 1 ffffffffffe02470 0007b303 ld          t1, a5, x0, 0000000000000000        17c68300008067
 1394 1 ffffffffffe02474 0087b883 ld          a7, a5, x0, 0000000000000008        17879300100593
 1395 1 ffffffffffe02478 0107b803 ld          a6, a5, x0, 0000000000000010           513fa0696e3
 1396 1 ffffffffffe0247c 0187b503 ld          a0, a5, x0, 0000000000000018         54783fe9ff06f
 1397 1 ffffffffffe02480 00673023 sd          , a4, t1, 0000000000000000        
 1398 1 ffffffffffe02484 01173423 sd          , a4, a7, 0000000000000008        
 1399 1 ffffffffffe02488 01073823 sd          , a4, a6, 0000000000000010        
 1400 1 ffffffffffe0248c 00a73c23 sd          , a4, a0, 0000000000000018        
 1401 1 ffffffffffe02490 02078793 addi        a5, a5, x0, 0000000000000020      ffffffffffe02260
 1402 1 ffffffffffe02494 02070713 addi        a4, a4, x0, 0000000000000020                  2260
 1403 1 ffffffffffe02498 fcc79ce3 bne         , a5, a2, 00000000ffffffd8        
 1404 1 ffffffffffe02470 0007b303 ld          t1, a5, x0, 0000000000000000      1010059304078063
 1405 1 ffffffffffe02474 0087b883 ld          a7, a5, x0, 0000000000000008      d9870713fffff717
 1406 1 ffffffffffe02478 0107b803 ld          a6, a5, x0, 0000000000000010         7360303059593
 1407 1 ffffffffffe0247c 0187b503 ld          a0, a5, x0, 0000000000000018        b7e6b300150513
 1408 1 ffffffffffe02480 00673023 sd          , a4, t1, 0000000000000000        
 1409 1 ffffffffffe02484 01173423 sd          , a4, a7, 0000000000000008        
 1410 1 ffffffffffe02488 01073823 sd          , a4, a6, 0000000000000010        
 1411 1 ffffffffffe0248c 00a73c23 sd          , a4, a0, 0000000000000018        
 1412 1 ffffffffffe02490 02078793 addi        a5, a5, x0, 0000000000000020      ffffffffffe02280
 1413 1 ffffffffffe02494 02070713 addi        a4, a4, x0, 0000000000000020                  2280
 1414 1 ffffffffffe02498 fcc79ce3 bne         , a5, a2, 00000000ffffffd8        
 1415 1 ffffffffffe02470 0007b303 ld          t1, a5, x0, 0000000000000000      fffff79700060a63
 1416 1 ffffffffffe02474 0087b883 ld          a7, a5, x0, 0000000000000008         73783da07be23
 1417 1 ffffffffffe02478 0107b803 ld          a6, a5, x0, 0000000000000010        d73023fe079ae3
 1418 1 ffffffffffe0247c 0187b503 ld          a0, a5, x0, 0000000000000018      fc079ce300054783
 1419 1 ffffffffffe02480 00673023 sd          , a4, t1, 0000000000000000        
 1420 1 ffffffffffe02484 01173423 sd          , a4, a7, 0000000000000008        
 1421 1 ffffffffffe02488 01073823 sd          , a4, a6, 0000000000000010        
 1422 1 ffffffffffe0248c 00a73c23 sd          , a4, a0, 0000000000000018        
 1423 1 ffffffffffe02490 02078793 addi        a5, a5, x0, 0000000000000020      ffffffffffe022a0
 1424 1 ffffffffffe02494 02070713 addi        a4, a4, x0, 0000000000000020                  22a0
 1425 1 ffffffffffe02498 fcc79ce3 bne         , a5, a2, 00000000ffffffd8        
 1426 1 ffffffffffe02470 0007b303 ld          t1, a5, x0, 0000000000000000      fffff71700008067
 1427 1 ffffffffffe02474 0087b883 ld          a7, a5, x0, 0000000000000008         73783d5c70713
 1428 1 ffffffffffe02478 0107b803 ld          a6, a5, x0, 0000000000000010      fffff79700078a63
 1429 1 ffffffffffe0247c 0187b503 ld          a0, a5, x0, 0000000000000018         73783d807b623
 1430 1 ffffffffffe02480 00673023 sd          , a4, t1, 0000000000000000        
 1431 1 ffffffffffe02484 01173423 sd          , a4, a7, 0000000000000008        
 1432 1 ffffffffffe02488 01073823 sd          , a4, a6, 0000000000000010        
 1433 1 ffffffffffe0248c 00a73c23 sd          , a4, a0, 0000000000000018        
 1434 1 ffffffffffe02490 02078793 addi        a5, a5, x0, 0000000000000020      ffffffffffe022c0
 1435 1 ffffffffffe02494 02070713 addi        a4, a4, x0, 0000000000000020                  22c0
 1436 1 ffffffffffe02498 fcc79ce3 bne         , a5, a2, 00000000ffffffd8        
 1437 1 ffffffffffe02470 0007b303 ld          t1, a5, x0, 0000000000000000        a73023fe079ae3
 1438 1 ffffffffffe02474 0087b883 ld          a7, a5, x0, 0000000000000008      ff0101130000006f
 1439 1 ffffffffffe02478 0107b803 ld          a6, a5, x0, 0000000000000010        11342334900513
 1440 1 ffffffffffe0247c 0187b503 ld          a0, a5, x0, 0000000000000018      fe010113fcdff0ef
 1441 1 ffffffffffe02480 00673023 sd          , a4, t1, 0000000000000000        
 1442 1 ffffffffffe02484 01173423 sd          , a4, a7, 0000000000000008        
 1443 1 ffffffffffe02488 01073823 sd          , a4, a6, 0000000000000010        
 1444 1 ffffffffffe0248c 00a73c23 sd          , a4, a0, 0000000000000018        
 1445 1 ffffffffffe02490 02078793 addi        a5, a5, x0, 0000000000000020      ffffffffffe022e0
 1446 1 ffffffffffe02494 02070713 addi        a4, a4, x0, 0000000000000020                  22e0
 1447 1 ffffffffffe02498 fcc79ce3 bne         , a5, a2, 00000000ffffffd8        
 1448 1 ffffffffffe02470 0007b303 ld          t1, a5, x0, 0000000000000000       171079300810613
 1449 1 ffffffffffe02474 0087b883 ld          a7, a5, x0, 0000000000000008        80006f00900813
 1450 1 ffffffffffe02478 0107b803 ld          a6, a5, x0, 0000000000000010        f5769300070793
 1451 1 ffffffffffe0247c 0187b503 ld          a0, a5, x0, 0000000000000018       300059300068713
 1452 1 ffffffffffe02480 00673023 sd          , a4, t1, 0000000000000000        
 1453 1 ffffffffffe02484 01173423 sd          , a4, a7, 0000000000000008        
 1454 1 ffffffffffe02488 01073823 sd          , a4, a6, 0000000000000010        
 1455 1 ffffffffffe0248c 00a73c23 sd          , a4, a0, 0000000000000018        
 1456 1 ffffffffffe02490 02078793 addi        a5, a5, x0, 0000000000000020      ffffffffffe02300
 1457 1 ffffffffffe02494 02070713 addi        a4, a4, x0, 0000000000000020                  2300
 1458 1 ffffffffffe02498 fcc79ce3 bne         , a5, a2, 00000000ffffffd8        
 1459 1 ffffffffffe02470 0007b303 ld          t1, a5, x0, 0000000000000000       570059300d87463
 1460 1 ffffffffffe02474 0087b883 ld          a7, a5, x0, 0000000000000008        e7802300b7073b
 1461 1 ffffffffffe02478 0107b803 ld          a6, a5, x0, 0000000000000010      fff7871300455513
 1462 1 ffffffffffe0247c 0187b503 ld          a0, a5, x0, 0000000000000018        814783fcf61ce3
 1463 1 ffffffffffe02480 00673023 sd          , a4, t1, 0000000000000000        
 1464 1 ffffffffffe02484 01173423 sd          , a4, a7, 0000000000000008        
 1465 1 ffffffffffe02488 01073823 sd          , a4, a6, 0000000000000010        
 1466 1 ffffffffffe0248c 00a73c23 sd          , a4, a0, 0000000000000018        
 1467 1 ffffffffffe02490 02078793 addi        a5, a5, x0, 0000000000000020      ffffffffffe02320
 1468 1 ffffffffffe02494 02070713 addi        a4, a4, x0, 0000000000000020                  2320
 1469 1 ffffffffffe02498 fcc79ce3 bne         , a5, a2, 00000000ffffffd8        
 1470 1 ffffffffffe02470 0007b303 ld          t1, a5, x0, 0000000000000000       407826300010c23
 1471 1 ffffffffffe02474 0087b883 ld          a7, a5, x0, 0000000000000008         6069310100513
 1472 1 ffffffffffe02478 0107b803 ld          a6, a5, x0, 0000000000000010      cd070713fffff717
 1473 1 ffffffffffe0247c 0187b503 ld          a0, a5, x0, 0000000000000018         7358303051513
 1474 1 ffffffffffe02480 00673023 sd          , a4, t1, 0000000000000000        
 1475 1 ffffffffffe02484 01173423 sd          , a4, a7, 0000000000000008        
 1476 1 ffffffffffe02488 01073823 sd          , a4, a6, 0000000000000010        
 1477 1 ffffffffffe0248c 00a73c23 sd          , a4, a0, 0000000000000018        
 1478 1 ffffffffffe02490 02078793 addi        a5, a5, x0, 0000000000000020      ffffffffffe02340
 1479 1 ffffffffffe02494 02070713 addi        a4, a4, x0, 0000000000000020                  2340
 1480 1 ffffffffffe02498 fcc79ce3 bne         , a5, a2, 00000000ffffffd8        
 1481 1 ffffffffffe02470 0007b303 ld          t1, a5, x0, 0000000000000000        a7e63300168693
 1482 1 ffffffffffe02474 0087b883 ld          a7, a5, x0, 0000000000000008      fffff79700058a63
 1483 1 ffffffffffe02478 0107b803 ld          a6, a5, x0, 0000000000000010         73783ce07ba23
 1484 1 ffffffffffe0247c 0187b503 ld          a0, a5, x0, 0000000000000018         6c783fe079ae3
 1485 1 ffffffffffe02480 00673023 sd          , a4, t1, 0000000000000000        
 1486 1 ffffffffffe02484 01173423 sd          , a4, a7, 0000000000000008        
 1487 1 ffffffffffe02488 01073823 sd          , a4, a6, 0000000000000010        
 1488 1 ffffffffffe0248c 00a73c23 sd          , a4, a0, 0000000000000018        
 1489 1 ffffffffffe02490 02078793 addi        a5, a5, x0, 0000000000000020      ffffffffffe02360
 1490 1 ffffffffffe02494 02070713 addi        a4, a4, x0, 0000000000000020                  2360
 1491 1 ffffffffffe02498 fcc79ce3 bne         , a5, a2, 00000000ffffffd8        
 1492 1 ffffffffffe02470 0007b303 ld          t1, a5, x0, 0000000000000000      fc079ce300c73023
 1493 1 ffffffffffe02474 0087b883 ld          a7, a5, x0, 0000000000000008          806702010113
 1494 1 ffffffffffe02478 0107b803 ld          a6, a5, x0, 0000000000000010        100793fb010113
 1495 1 ffffffffffe0247c 0187b503 ld          a0, a5, x0, 0000000000000018      fffff43704813023
 1496 1 ffffffffffe02480 00673023 sd          , a4, t1, 0000000000000000        
 1497 1 ffffffffffe02484 01173423 sd          , a4, a7, 0000000000000008        
 1498 1 ffffffffffe02488 01073823 sd          , a4, a6, 0000000000000010        
 1499 1 ffffffffffe0248c 00a73c23 sd          , a4, a0, 0000000000000018        
 1500 1 ffffffffffe02490 02078793 addi        a5, a5, x0, 0000000000000020      ffffffffffe02380
 1501 1 ffffffffffe02494 02070713 addi        a4, a4, x0, 0000000000000020                  2380
 1502 1 ffffffffffe02498 fcc79ce3 bne         , a5, a2, 00000000ffffffd8        
 1503 1 ffffffffffe02470 0007b303 ld          t1, a5, x0, 0000000000000000       411342300f12223
 1504 1 ffffffffffe02474 0087b883 ld          a7, a5, x0, 0000000000000008       321382302913c23
 1505 1 ffffffffffe02478 0107b803 ld          a6, a5, x0, 0000000000000010       341302303313423
 1506 1 ffffffffffe0247c 0187b503 ld          a0, a5, x0, 0000000000000018         1342301513c23
 1507 1 ffffffffffe02480 00673023 sd          , a4, t1, 0000000000000000        
 1508 1 ffffffffffe02484 01173423 sd          , a4, a7, 0000000000000008        
 1509 1 ffffffffffe02488 01073823 sd          , a4, a6, 0000000000000010        
 1510 1 ffffffffffe0248c 00a73c23 sd          , a4, a0, 0000000000000018        
 1511 1 ffffffffffe02490 02078793 addi        a5, a5, x0, 0000000000000020      ffffffffffe023a0
 1512 1 ffffffffffe02494 02070713 addi        a4, a4, x0, 0000000000000020                  23a0
 1513 1 ffffffffffe02498 fcc79ce3 bne         , a5, a2, 00000000ffffffd8        
 1514 1 ffffffffffe02470 0007b303 ld          t1, a5, x0, 0000000000000000         3e7b700850733
 1515 1 ffffffffffe02474 0087b883 ld          a7, a5, x0, 0000000000000008        c5599318f77663
 1516 1 ffffffffffe02478 0107b803 ld          a6, a5, x0, 0000000000000010          249760098913
 1517 1 ffffffffffe0247c 0187b503 ld          a0, a5, x0, 0000000000000018        391793c4c48493
 1518 1 ffffffffffe02480 00673023 sd          , a4, t1, 0000000000000000        
 1519 1 ffffffffffe02484 01173423 sd          , a4, a7, 0000000000000008        
 1520 1 ffffffffffe02488 01073823 sd          , a4, a6, 0000000000000010        
 1521 1 ffffffffffe0248c 00a73c23 sd          , a4, a0, 0000000000000018        
 1522 1 ffffffffffe02490 02078793 addi        a5, a5, x0, 0000000000000020      ffffffffffe023c0
 1523 1 ffffffffffe02494 02070713 addi        a4, a4, x0, 0000000000000020                  23c0
 1524 1 ffffffffffe02498 fcc79ce3 bne         , a5, a2, 00000000ffffffd8        
 1525 1 ffffffffffe02470 0007b303 ld          t1, a5, x0, 0000000000000000         7b70300f487b3
 1526 1 ffffffffffe02474 0087b883 ld          a7, a5, x0, 0000000000000008      1007166300857433
 1527 1 ffffffffffe02478 0107b803 ld          a6, a5, x0, 0000000000000010      c387071300006717
 1528 1 ffffffffffe0247c 0187b503 ld          a0, a5, x0, 0000000000000018      180a006300073a03
 1529 1 ffffffffffe02480 00673023 sd          , a4, t1, 0000000000000000        
 1530 1 ffffffffffe02484 01173423 sd          , a4, a7, 0000000000000008        
 1531 1 ffffffffffe02488 01073823 sd          , a4, a6, 0000000000000010        
 1532 1 ffffffffffe0248c 00a73c23 sd          , a4, a0, 0000000000000018        
 1533 1 ffffffffffe02490 02078793 addi        a5, a5, x0, 0000000000000020      ffffffffffe023e0
 1534 1 ffffffffffe02494 02070713 addi        a4, a4, x0, 0000000000000020                  23e0
 1535 1 ffffffffffe02498 fcc79ce3 bne         , a5, a2, 00000000ffffffd8        
 1536 1 ffffffffffe02470 0007b303 ld          t1, a5, x0, 0000000000000000          6697008a3783
 1537 1 ffffffffffe02474 0087b883 ld          a7, a5, x0, 0000000000000008        f73023c1c6b683
 1538 1 ffffffffffe02478 0107b803 ld          a6, a5, x0, 0000000000000010        41061312d78c63
 1539 1 ffffffffffe0247c 0187b503 ld          a0, a5, x0, 0000000000000018         4051300810593
 1540 1 ffffffffffe02480 00673023 sd          , a4, t1, 0000000000000000        
 1541 1 ffffffffffe02484 01173423 sd          , a4, a7, 0000000000000008        
 1542 1 ffffffffffe02488 01073823 sd          , a4, a6, 0000000000000010        
 1543 1 ffffffffffe0248c 00a73c23 sd          , a4, a0, 0000000000000018        
 1544 1 ffffffffffe02490 02078793 addi        a5, a5, x0, 0000000000000020      ffffffffffe02400
 1545 1 ffffffffffe02494 02070713 addi        a4, a4, x0, 0000000000000020                  2400
 1546 1 ffffffffffe02498 fcc79ce3 bne         , a5, a2, 00000000ffffffd8        
 1547 1 ffffffffffe02470 0007b303 ld          t1, a5, x0, 0000000000000000      5e8000ef000a3a83
 1548 1 ffffffffffe02474 0087b883 ld          a7, a5, x0, 0000000000000008        cad6930e051c63
 1549 1 ffffffffffe02478 0107b803 ld          a6, a5, x0, 0000000000000010       1f6e69300a69693
 1550 1 ffffffffffe0247c 0187b503 ld          a0, a5, x0, 0000000000000018        f487b300391793
 1551 1 ffffffffffe02480 00673023 sd          , a4, t1, 0000000000000000        
 1552 1 ffffffffffe02484 01173423 sd          , a4, a7, 0000000000000008        
 1553 1 ffffffffffe02488 01073823 sd          , a4, a6, 0000000000000010        
 1554 1 ffffffffffe0248c 00a73c23 sd          , a4, a0, 0000000000000018        
 1555 1 ffffffffffe02490 02078793 addi        a5, a5, x0, 0000000000000020      ffffffffffe02420
 1556 1 ffffffffffe02494 02070713 addi        a4, a4, x0, 0000000000000020                  2420
 1557 1 ffffffffffe02498 fcc79ce3 bne         , a5, a2, 00000000ffffffd8        
 1558 1 ffffffffffe02470 0007b303 ld          t1, a5, x0, 0000000000000000        e7b0230c06e713
 1559 1 ffffffffffe02474 0087b883 ld          a7, a5, x0, 0000000000000008          179712040073
 1560 1 ffffffffffe02478 0107b803 ld          a6, a5, x0, 0000000000000010        499993bd478793
 1561 1 ffffffffffe0247c 0187b503 ld          a0, a5, x0, 0000000000000018         9b783013789b3
 1562 1 ffffffffffe02480 00673023 sd          , a4, t1, 0000000000000000        
 1563 1 ffffffffffe02484 01173423 sd          , a4, a7, 0000000000000008        
 1564 1 ffffffffffe02488 01073823 sd          , a4, a6, 0000000000000010        
 1565 1 ffffffffffe0248c 00a73c23 sd          , a4, a0, 0000000000000018        
 1566 1 ffffffffffe02490 02078793 addi        a5, a5, x0, 0000000000000020      ffffffffffe02440
 1567 1 ffffffffffe02494 02070713 addi        a4, a4, x0, 0000000000000020                  2440
 1568 1 ffffffffffe02498 fcc79ce3 bne         , a5, a2, 00000000ffffffd8        
 1569 1 ffffffffffe02470 0007b303 ld          t1, a5, x0, 0000000000000000         a378312079863
 1570 1 ffffffffffe02474 0087b883 ld          a7, a5, x0, 0000000000000008        f9b023000405b7
 1571 1 ffffffffffe02478 0107b803 ld          a6, a5, x0, 0000000000000010        f9b423008a3783
 1572 1 ffffffffffe0247c 0187b503 ld          a0, a5, x0, 0000000000000018      ffe007b71005a5f3
 1573 1 ffffffffffe02480 00673023 sd          , a4, t1, 0000000000000000        
 1574 1 ffffffffffe02484 01173423 sd          , a4, a7, 0000000000000008        
 1575 1 ffffffffffe02488 01073823 sd          , a4, a6, 0000000000000010        
 1576 1 ffffffffffe0248c 00a73c23 sd          , a4, a0, 0000000000000018        
 1577 1 ffffffffffe02490 02078793 addi        a5, a5, x0, 0000000000000020      ffffffffffe02460
 1578 1 ffffffffffe02494 02070713 addi        a4, a4, x0, 0000000000000020                  2460
 1579 1 ffffffffffe02498 fcc79ce3 bne         , a5, a2, 00000000ffffffd8        
 1580 1 ffffffffffe02470 0007b303 ld          t1, a5, x0, 0000000000000000          163700f407b3
 1581 1 ffffffffffe02474 0087b883 ld          a7, a5, x0, 0000000000000008        c7863300040713
 1582 1 ffffffffffe02478 0107b803 ld          a6, a5, x0, 0000000000000010        87b8830007b303
 1583 1 ffffffffffe0247c 0187b503 ld          a0, a5, x0, 0000000000000018       187b5030107b803
 1584 1 ffffffffffe02480 00673023 sd          , a4, t1, 0000000000000000        
 1585 1 ffffffffffe02484 01173423 sd          , a4, a7, 0000000000000008        
 1586 1 ffffffffffe02488 01073823 sd          , a4, a6, 0000000000000010        
 1587 1 ffffffffffe0248c 00a73c23 sd          , a4, a0, 0000000000000018        
 1588 1 ffffffffffe02490 02078793 addi        a5, a5, x0, 0000000000000020      ffffffffffe02480
 1589 1 ffffffffffe02494 02070713 addi        a4, a4, x0, 0000000000000020                  2480
 1590 1 ffffffffffe02498 fcc79ce3 bne         , a5, a2, 00000000ffffffd8        
 1591 1 ffffffffffe02470 0007b303 ld          t1, a5, x0, 0000000000000000       117342300673023
 1592 1 ffffffffffe02474 0087b883 ld          a7, a5, x0, 0000000000000008        a73c2301073823
 1593 1 ffffffffffe02478 0107b803 ld          a6, a5, x0, 0000000000000010       207071302078793
 1594 1 ffffffffffe0247c 0187b503 ld          a0, a5, x0, 0000000000000018      10059073fcc79ce3
 1595 1 ffffffffffe02480 00673023 sd          , a4, t1, 0000000000000000        
 1596 1 ffffffffffe02484 01173423 sd          , a4, a7, 0000000000000008        
 1597 1 ffffffffffe02488 01073823 sd          , a4, a6, 0000000000000010        
 1598 1 ffffffffffe0248c 00a73c23 sd          , a4, a0, 0000000000000018        
 1599 1 ffffffffffe02490 02078793 addi        a5, a5, x0, 0000000000000020      ffffffffffe024a0
 1600 1 ffffffffffe02494 02070713 addi        a4, a4, x0, 0000000000000020                  24a0
 1601 1 ffffffffffe02498 fcc79ce3 bne         , a5, a2, 00000000ffffffd8        
 1602 1 ffffffffffe02470 0007b303 ld          t1, a5, x0, 0000000000000000       12484b300391913
 1603 1 ffffffffffe02474 0087b883 ld          a7, a5, x0, 0000000000000008      1204007300d4b023
 1604 1 ffffffffffe02478 0107b803 ld          a6, a5, x0, 0000000000000010       48130830000100f
 1605 1 ffffffffffe0247c 0187b503 ld          a0, a5, x0, 0000000000000018       381348304013403
 1606 1 ffffffffffe02480 00673023 sd          , a4, t1, 0000000000000000        
 1607 1 ffffffffffe02484 01173423 sd          , a4, a7, 0000000000000008        
 1608 1 ffffffffffe02488 01073823 sd          , a4, a6, 0000000000000010        
 1609 1 ffffffffffe0248c 00a73c23 sd          , a4, a0, 0000000000000018        
 1610 1 ffffffffffe02490 02078793 addi        a5, a5, x0, 0000000000000020      ffffffffffe024c0
 1611 1 ffffffffffe02494 02070713 addi        a4, a4, x0, 0000000000000020                  24c0
 1612 1 ffffffffffe02498 fcc79ce3 bne         , a5, a2, 00000000ffffffd8        
 1613 1 ffffffffffe02470 0007b303 ld          t1, a5, x0, 0000000000000000       281398303013903
 1614 1 ffffffffffe02474 0087b883 ld          a7, a5, x0, 0000000000000008       1813a8302013a03
 1615 1 ffffffffffe02478 0107b803 ld          a6, a5, x0, 0000000000000010          806705010113
 1616 1 ffffffffffe0247c 0187b503 ld          a0, a5, x0, 0000000000000018       2068e6304077693
 1617 1 ffffffffffe02480 00673023 sd          , a4, t1, 0000000000000000        
 1618 1 ffffffffffe02484 01173423 sd          , a4, a7, 0000000000000008        
 1619 1 ffffffffffe02488 01073823 sd          , a4, a6, 0000000000000010        
 1620 1 ffffffffffe0248c 00a73c23 sd          , a4, a0, 0000000000000018        
 1621 1 ffffffffffe02490 02078793 addi        a5, a5, x0, 0000000000000020      ffffffffffe024e0
 1622 1 ffffffffffe02494 02070713 addi        a4, a4, x0, 0000000000000020                  24e0
 1623 1 ffffffffffe02498 fcc79ce3 bne         , a5, a2, 00000000ffffffd8        
 1624 1 ffffffffffe02470 0007b303 ld          t1, a5, x0, 0000000000000000       606926308077693
 1625 1 ffffffffffe02474 0087b883 ld          a7, a5, x0, 0000000000000008       4d59e6300f00693
 1626 1 ffffffffffe02478 0107b803 ld          a6, a5, x0, 0000000000000010        e7b02308076713
 1627 1 ffffffffffe0247c 0187b503 ld          a0, a5, x0, 0000000000000018      fb9ff06f12040073
 1628 1 ffffffffffe02480 00673023 sd          , a4, t1, 0000000000000000        
 1629 1 ffffffffffe02484 01173423 sd          , a4, a7, 0000000000000008        
 1630 1 ffffffffffe02488 01073823 sd          , a4, a6, 0000000000000010        
 1631 1 ffffffffffe0248c 00a73c23 sd          , a4, a0, 0000000000000018        
 1632 1 ffffffffffe02490 02078793 addi        a5, a5, x0, 0000000000000020      ffffffffffe02500
 1633 1 ffffffffffe02494 02070713 addi        a4, a4, x0, 0000000000000020                  2500
 1634 1 ffffffffffe02498 fcc79ce3 bne         , a5, a2, 00000000ffffffd8        
 1635 1 ffffffffffe02470 0007b303 ld          t1, a5, x0, 0000000000000000        813783000a3683
 1636 1 ffffffffffe02474 0087b883 ld          a7, a5, x0, 0000000000000008        a6969300c6d693
 1637 1 ffffffffffe02478 0107b803 ld          a6, a5, x0, 0000000000000010      f05ff06f00f6e6b3
 1638 1 ffffffffffe0247c 0187b503 ld          a0, a5, x0, 0000000000000018        e7b02304076713
 1639 1 ffffffffffe02480 00673023 sd          , a4, t1, 0000000000000000        
 1640 1 ffffffffffe02484 01173423 sd          , a4, a7, 0000000000000008        
 1641 1 ffffffffffe02488 01073823 sd          , a4, a6, 0000000000000010        
 1642 1 ffffffffffe0248c 00a73c23 sd          , a4, a0, 0000000000000018        
 1643 1 ffffffffffe02490 02078793 addi        a5, a5, x0, 0000000000000020      ffffffffffe02520
 1644 1 ffffffffffe02494 02070713 addi        a4, a4, x0, 0000000000000020                  2520
 1645 1 ffffffffffe02498 fcc79ce3 bne         , a5, a2, 00000000ffffffd8        
 1646 1 ffffffffffe02470 0007b303 ld          t1, a5, x0, 0000000000000000      f91ff06f12040073
 1647 1 ffffffffffe02474 0087b883 ld          a7, a5, x0, 0000000000000008      ac07bc2300006797
 1648 1 ffffffffffe02478 0107b803 ld          a6, a5, x0, 0000000000000010           517ec5ff06f
 1649 1 ffffffffffe0247c 0187b503 ld          a0, a5, x0, 0000000000000018      d21ff0ef4cc50513
 1650 1 ffffffffffe02480 00673023 sd          , a4, t1, 0000000000000000        
 1651 1 ffffffffffe02484 01173423 sd          , a4, a7, 0000000000000008        
 1652 1 ffffffffffe02488 01073823 sd          , a4, a6, 0000000000000010        
 1653 1 ffffffffffe0248c 00a73c23 sd          , a4, a0, 0000000000000018        
 1654 1 ffffffffffe02490 02078793 addi        a5, a5, x0, 0000000000000020      ffffffffffe02540
 1655 1 ffffffffffe02494 02070713 addi        a4, a4, x0, 0000000000000020                  2540
 1656 1 ffffffffffe02498 fcc79ce3 bne         , a5, a2, 00000000ffffffd8        
 1657 1 ffffffffffe02470 0007b303 ld          t1, a5, x0, 0000000000000000      d61ff0ef00300513
 1658 1 ffffffffffe02474 0087b883 ld          a7, a5, x0, 0000000000000008      5005051300000517
 1659 1 ffffffffffe02478 0107b803 ld          a6, a5, x0, 0000000000000010        300513d0dff0ef
 1660 1 ffffffffffe0247c 0187b503 ld          a0, a5, x0, 0000000000000018           517d4dff0ef
 1661 1 ffffffffffe02480 00673023 sd          , a4, t1, 0000000000000000        
 1662 1 ffffffffffe02484 01173423 sd          , a4, a7, 0000000000000008        
 1663 1 ffffffffffe02488 01073823 sd          , a4, a6, 0000000000000010        
 1664 1 ffffffffffe0248c 00a73c23 sd          , a4, a0, 0000000000000018        
 1665 1 ffffffffffe02490 02078793 addi        a5, a5, x0, 0000000000000020      ffffffffffe02560
 1666 1 ffffffffffe02494 02070713 addi        a4, a4, x0, 0000000000000020                  2560
 1667 1 ffffffffffe02498 fcc79ce3 bne         , a5, a2, 00000000ffffffd8        
 1668 1 ffffffffffe02470 0007b303 ld          t1, a5, x0, 0000000000000000      cf9ff0ef53450513
 1669 1 ffffffffffe02474 0087b883 ld          a7, a5, x0, 0000000000000008      d39ff0ef00300513
 1670 1 ffffffffffe02478 0107b803 ld          a6, a5, x0, 0000000000000010      5385051300000517
 1671 1 ffffffffffe0247c 0187b503 ld          a0, a5, x0, 0000000000000018        300513ce5ff0ef
 1672 1 ffffffffffe02480 00673023 sd          , a4, t1, 0000000000000000        
 1673 1 ffffffffffe02484 01173423 sd          , a4, a7, 0000000000000008        
 1674 1 ffffffffffe02488 01073823 sd          , a4, a6, 0000000000000010        
 1675 1 ffffffffffe0248c 00a73c23 sd          , a4, a0, 0000000000000018        
 1676 1 ffffffffffe02490 02078793 addi        a5, a5, x0, 0000000000000020      ffffffffffe02580
 1677 1 ffffffffffe02494 02070713 addi        a4, a4, x0, 0000000000000020                  2580
 1678 1 ffffffffffe02498 fcc79ce3 bne         , a5, a2, 00000000ffffffd8        
 1679 1 ffffffffffe02470 0007b303 ld          t1, a5, x0, 0000000000000000      f8010113d25ff0ef
 1680 1 ffffffffffe02474 0087b883 ld          a7, a5, x0, 0000000000000008       6113c2306813823
 1681 1 ffffffffffe02478 0107b803 ld          a6, a5, x0, 0000000000000010       721302306913423
 1682 1 ffffffffffe0247c 0187b503 ld          a0, a5, x0, 0000000000000018       541382305313c23
 1683 1 ffffffffffe02480 00673023 sd          , a4, t1, 0000000000000000        
 1684 1 ffffffffffe02484 01173423 sd          , a4, a7, 0000000000000008        
 1685 1 ffffffffffe02488 01073823 sd          , a4, a6, 0000000000000010        
 1686 1 ffffffffffe0248c 00a73c23 sd          , a4, a0, 0000000000000018        
 1687 1 ffffffffffe02490 02078793 addi        a5, a5, x0, 0000000000000020      ffffffffffe025a0
 1688 1 ffffffffffe02494 02070713 addi        a4, a4, x0, 0000000000000020                  25a0
 1689 1 ffffffffffe02498 fcc79ce3 bne         , a5, a2, 00000000ffffffd8        
 1690 1 ffffffffffe02470 0007b303 ld          t1, a5, x0, 0000000000000000       561302305513423
 1691 1 ffffffffffe02474 0087b883 ld          a7, a5, x0, 0000000000000008       381382303713c23
 1692 1 ffffffffffe02478 0107b803 ld          a6, a5, x0, 0000000000000010       3a1302303913423
 1693 1 ffffffffffe0247c 0187b503 ld          a0, a5, x0, 0000000000000018         5041301b13c23
 1694 1 ffffffffffe02480 00673023 sd          , a4, t1, 0000000000000000        
 1695 1 ffffffffffe02484 01173423 sd          , a4, a7, 0000000000000008        
 1696 1 ffffffffffe02488 01073823 sd          , a4, a6, 0000000000000010        
 1697 1 ffffffffffe0248c 00a73c23 sd          , a4, a0, 0000000000000018        
 1698 1 ffffffffffe02490 02078793 addi        a5, a5, x0, 0000000000000020      ffffffffffe025c0
 1699 1 ffffffffffe02494 02070713 addi        a4, a4, x0, 0000000000000020                  25c0
 1700 1 ffffffffffe02498 fcc79ce3 bne         , a5, a2, 00000000ffffffd8        
 1701 1 ffffffffffe02470 0007b303 ld          t1, a5, x0, 0000000000000000       e051263424000ef
 1702 1 ffffffffffe02474 0087b883 ld          a7, a5, x0, 0000000000000008        80079311843583
 1703 1 ffffffffffe02478 0107b803 ld          a6, a5, x0, 0000000000000010        20079310f58063
 1704 1 ffffffffffe0247c 0187b503 ld          a0, a5, x0, 0000000000000018      ff45879306f58063
 1705 1 ffffffffffe02480 00673023 sd          , a4, t1, 0000000000000000        
 1706 1 ffffffffffe02484 01173423 sd          , a4, a7, 0000000000000008        
 1707 1 ffffffffffe02488 01073823 sd          , a4, a6, 0000000000000010        
 1708 1 ffffffffffe0248c 00a73c23 sd          , a4, a0, 0000000000000018        
 1709 1 ffffffffffe02490 02078793 addi        a5, a5, x0, 0000000000000020      ffffffffffe025e0
 1710 1 ffffffffffe02494 02070713 addi        a4, a4, x0, 0000000000000020                  25e0
 1711 1 ffffffffffe02498 fcc79ce3 bne         , a5, a2, 00000000ffffffd8        
 1712 1 ffffffffffe02470 0007b303 ld          t1, a5, x0, 0000000000000000        f7766300100713
 1713 1 ffffffffffe02474 0087b883 ld          a7, a5, x0, 0000000000000008      1af59c6300f00793
 1714 1 ffffffffffe02478 0107b803 ld          a6, a5, x0, 0000000000000010      d7dff0ef11043503
 1715 1 ffffffffffe0247c 0187b503 ld          a0, a5, x0, 0000000000000018       701340300040513
 1716 1 ffffffffffe02480 00673023 sd          , a4, t1, 0000000000000000        
 1717 1 ffffffffffe02484 01173423 sd          , a4, a7, 0000000000000008        
 1718 1 ffffffffffe02488 01073823 sd          , a4, a6, 0000000000000010        
 1719 1 ffffffffffe0248c 00a73c23 sd          , a4, a0, 0000000000000018        
 1720 1 ffffffffffe02490 02078793 addi        a5, a5, x0, 0000000000000020      ffffffffffe02600
 1721 1 ffffffffffe02494 02070713 addi        a4, a4, x0, 0000000000000020                  2600
 1722 1 ffffffffffe02498 fcc79ce3 bne         , a5, a2, 00000000ffffffd8        
 1723 1 ffffffffffe02470 0007b303 ld          t1, a5, x0, 0000000000000000       681348307813083
 1724 1 ffffffffffe02474 0087b883 ld          a7, a5, x0, 0000000000000008       581398306013903
 1725 1 ffffffffffe02478 0107b803 ld          a6, a5, x0, 0000000000000010       4813a8305013a03
 1726 1 ffffffffffe0247c 0187b503 ld          a0, a5, x0, 0000000000000018       3813b8304013b03
 1727 1 ffffffffffe02480 00673023 sd          , a4, t1, 0000000000000000        
 1728 1 ffffffffffe02484 01173423 sd          , a4, a7, 0000000000000008        
 1729 1 ffffffffffe02488 01073823 sd          , a4, a6, 0000000000000010        
 1730 1 ffffffffffe0248c 00a73c23 sd          , a4, a0, 0000000000000018        
 1731 1 ffffffffffe02490 02078793 addi        a5, a5, x0, 0000000000000020      ffffffffffe02620
 1732 1 ffffffffffe02494 02070713 addi        a4, a4, x0, 0000000000000020                  2620
 1733 1 ffffffffffe02498 fcc79ce3 bne         , a5, a2, 00000000ffffffd8        
 1734 1 ffffffffffe02470 0007b303 ld          t1, a5, x0, 0000000000000000       2813c8303013c03
 1735 1 ffffffffffe02474 0087b883 ld          a7, a5, x0, 0000000000000008       1813d8302013d03
 1736 1 ffffffffffe02478 0107b803 ld          a6, a5, x0, 0000000000000010      a99fd06f08010113
 1737 1 ffffffffffe0247c 0187b503 ld          a0, a5, x0, 0000000000000018        37779310843703
 1738 1 ffffffffffe02480 00673023 sd          , a4, t1, 0000000000000000        
 1739 1 ffffffffffe02484 01173423 sd          , a4, a7, 0000000000000008        
 1740 1 ffffffffffe02488 01073823 sd          , a4, a6, 0000000000000010        
 1741 1 ffffffffffe0248c 00a73c23 sd          , a4, a0, 0000000000000018        
 1742 1 ffffffffffe02490 02078793 addi        a5, a5, x0, 0000000000000020      ffffffffffe02640
 1743 1 ffffffffffe02494 02070713 addi        a4, a4, x0, 0000000000000020                  2640
 1744 1 ffffffffffe02498 fcc79ce3 bne         , a5, a2, 00000000ffffffd8        
 1745 1 ffffffffffe02470 0007b303 ld          t1, a5, x0, 0000000000000000        8007ef06079e63
 1746 1 ffffffffffe02474 0087b883 ld          a7, a5, x0, 0000000000000008         7270300301073
 1747 1 ffffffffffe02478 0107b803 ld          a6, a5, x0, 0000000000000010       6f700630007a783
 1748 1 ffffffffffe0247c 0187b503 ld          a0, a5, x0, 0000000000000018       410079310100513
 1749 1 ffffffffffe02480 00673023 sd          , a4, t1, 0000000000000000        
 1750 1 ffffffffffe02484 01173423 sd          , a4, a7, 0000000000000008        
 1751 1 ffffffffffe02488 01073823 sd          , a4, a6, 0000000000000010        
 1752 1 ffffffffffe0248c 00a73c23 sd          , a4, a0, 0000000000000018        
 1753 1 ffffffffffe02490 02078793 addi        a5, a5, x0, 0000000000000020      ffffffffffe02660
 1754 1 ffffffffffe02494 02070713 addi        a4, a4, x0, 0000000000000020                  2660
 1755 1 ffffffffffe02498 fcc79ce3 bne         , a5, a2, 00000000ffffffd8        
 1756 1 ffffffffffe02470 0007b303 ld          t1, a5, x0, 0000000000000000      4886869300000697
 1757 1 ffffffffffe02474 0087b883 ld          a7, a5, x0, 0000000000000008      99870713fffff717
 1758 1 ffffffffffe02478 0107b803 ld          a6, a5, x0, 0000000000000010         7358303051513
 1759 1 ffffffffffe0247c 0187b503 ld          a0, a5, x0, 0000000000000018        a7e63300168693
 1760 1 ffffffffffe02480 00673023 sd          , a4, t1, 0000000000000000        
 1761 1 ffffffffffe02484 01173423 sd          , a4, a7, 0000000000000008        
 1762 1 ffffffffffe02488 01073823 sd          , a4, a6, 0000000000000010        
 1763 1 ffffffffffe0248c 00a73c23 sd          , a4, a0, 0000000000000018        
 1764 1 ffffffffffe02490 02078793 addi        a5, a5, x0, 0000000000000020      ffffffffffe02680
 1765 1 ffffffffffe02494 02070713 addi        a4, a4, x0, 0000000000000020                  2680
 1766 1 ffffffffffe02498 fcc79ce3 bne         , a5, a2, 00000000ffffffd8        
 1767 1 ffffffffffe02470 0007b303 ld          t1, a5, x0, 0000000000000000      fffff79700058a63
 1768 1 ffffffffffe02474 0087b883 ld          a7, a5, x0, 0000000000000008         737839a07be23
 1769 1 ffffffffffe02478 0107b803 ld          a6, a5, x0, 0000000000000010         6c783fe079ae3
 1770 1 ffffffffffe0247c 0187b503 ld          a0, a5, x0, 0000000000000018      fc079ce300c73023
 1771 1 ffffffffffe02480 00673023 sd          , a4, t1, 0000000000000000        
 1772 1 ffffffffffe02484 01173423 sd          , a4, a7, 0000000000000008        
 1773 1 ffffffffffe02488 01073823 sd          , a4, a6, 0000000000000010        
 1774 1 ffffffffffe0248c 00a73c23 sd          , a4, a0, 0000000000000018        
 1775 1 ffffffffffe02490 02078793 addi        a5, a5, x0, 0000000000000020      ffffffffffe026a0
 1776 1 ffffffffffe02494 02070713 addi        a4, a4, x0, 0000000000000020                  26a0
 1777 1 ffffffffffe02498 fcc79ce3 bne         , a5, a2, 00000000ffffffd8        
 1778 1 ffffffffffe02470 0007b303 ld          t1, a5, x0, 0000000000000000      c01ff0ef00300513
 1779 1 ffffffffffe02474 0087b883 ld          a7, a5, x0, 0000000000000008      a21fd0ef00040513
 1780 1 ffffffffffe02478 0107b803 ld          a6, a5, x0, 0000000000000010        100513f19ff06f
 1781 1 ffffffffffe0247c 0187b503 ld          a0, a5, x0, 0000000000000018           517bedff0ef
 1782 1 ffffffffffe02480 00673023 sd          , a4, t1, 0000000000000000        
 1783 1 ffffffffffe02484 01173423 sd          , a4, a7, 0000000000000008        
 1784 1 ffffffffffe02488 01073823 sd          , a4, a6, 0000000000000010        
 1785 1 ffffffffffe0248c 00a73c23 sd          , a4, a0, 0000000000000018        
 1786 1 ffffffffffe02490 02078793 addi        a5, a5, x0, 0000000000000020      ffffffffffe026c0
 1787 1 ffffffffffe02494 02070713 addi        a4, a4, x0, 0000000000000020                  26c0
 1788 1 ffffffffffe02498 fcc79ce3 bne         , a5, a2, 00000000ffffffd8        
 1789 1 ffffffffffe02470 0007b303 ld          t1, a5, x0, 0000000000000000      b99ff0ef4cc50513
 1790 1 ffffffffffe02474 0087b883 ld          a7, a5, x0, 0000000000000008      bd9ff0ef00300513
 1791 1 ffffffffffe02478 0107b803 ld          a6, a5, x0, 0000000000000010          1c3705042903
 1792 1 ffffffffffe0247c 0187b503 ld          a0, a5, x0, 0000000000000018      9284849300001497
 1793 1 ffffffffffe02480 00673023 sd          , a4, t1, 0000000000000000        
 1794 1 ffffffffffe02484 01173423 sd          , a4, a7, 0000000000000008        
 1795 1 ffffffffffe02488 01073823 sd          , a4, a6, 0000000000000010        
 1796 1 ffffffffffe0248c 00a73c23 sd          , a4, a0, 0000000000000018        
 1797 1 ffffffffffe02490 02078793 addi        a5, a5, x0, 0000000000000020      ffffffffffe026e0
 1798 1 ffffffffffe02494 02070713 addi        a4, a4, x0, 0000000000000020                  26e0
 1799 1 ffffffffffe02498 fcc79ce3 bne         , a5, a2, 00000000ffffffd8        
 1800 1 ffffffffffe02470 0007b303 ld          t1, a5, x0, 0000000000000000      920b8b9300002b97
 1801 1 ffffffffffe02474 0087b883 ld          a7, a5, x0, 0000000000000008      ffe00ab700040b37
 1802 1 ffffffffffe02478 0107b803 ld          a6, a5, x0, 0000000000000010      910d8d9300006d97
 1803 1 ffffffffffe0247c 0187b503 ld          a0, a5, x0, 0000000000000018      910a0a1300006a17
 1804 1 ffffffffffe02480 00673023 sd          , a4, t1, 0000000000000000        
 1805 1 ffffffffffe02484 01173423 sd          , a4, a7, 0000000000000008        
 1806 1 ffffffffffe02488 01073823 sd          , a4, a6, 0000000000000010        
 1807 1 ffffffffffe0248c 00a73c23 sd          , a4, a0, 0000000000000018        
 1808 1 ffffffffffe02490 02078793 addi        a5, a5, x0, 0000000000000020      ffffffffffe02700
 1809 1 ffffffffffe02494 02070713 addi        a4, a4, x0, 0000000000000020                  2700
 1810 1 ffffffffffe02498 fcc79ce3 bne         , a5, a2, 00000000ffffffd8        
 1811 1 ffffffffffe02470 0007b303 ld          t1, a5, x0, 0000000000000000       180006f0003f9b7
 1812 1 ffffffffffe02474 0087b883 ld          a7, a5, x0, 0000000000000008        fdb02300f73423
 1813 1 ffffffffffe02478 0107b803 ld          a6, a5, x0, 0000000000000010        fc0c33000017b7
 1814 1 ffffffffffe0247c 0187b503 ld          a0, a5, x0, 0000000000000018        cc57930d3c0263
 1815 1 ffffffffffe02480 00673023 sd          , a4, t1, 0000000000000000        
 1816 1 ffffffffffe02484 01173423 sd          , a4, a7, 0000000000000008        
 1817 1 ffffffffffe02488 01073823 sd          , a4, a6, 0000000000000010        
 1818 1 ffffffffffe0248c 00a73c23 sd          , a4, a0, 0000000000000018        
 1819 1 ffffffffffe02490 02078793 addi        a5, a5, x0, 0000000000000020      ffffffffffe02720
 1820 1 ffffffffffe02494 02070713 addi        a4, a4, x0, 0000000000000020                  2720
 1821 1 ffffffffffe02498 fcc79ce3 bne         , a5, a2, 00000000ffffffd8        
 1822 1 ffffffffffe02470 0007b303 ld          t1, a5, x0, 0000000000000000        84873300479413
 1823 1 ffffffffffe02474 0087b883 ld          a7, a5, x0, 0000000000000008      fe0702e300073703
 1824 1 ffffffffffe02478 0107b803 ld          a6, a5, x0, 0000000000000010        37979360078793
 1825 1 ffffffffffe0247c 0187b503 ld          a0, a5, x0, 0000000000000018         7bc8300fb87b3
 1826 1 ffffffffffe02480 00673023 sd          , a4, t1, 0000000000000000        
 1827 1 ffffffffffe02484 01173423 sd          , a4, a7, 0000000000000008        
 1828 1 ffffffffffe02488 01073823 sd          , a4, a6, 0000000000000010        
 1829 1 ffffffffffe0248c 00a73c23 sd          , a4, a0, 0000000000000018        
 1830 1 ffffffffffe02490 02078793 addi        a5, a5, x0, 0000000000000020      ffffffffffe02740
 1831 1 ffffffffffe02494 02070713 addi        a4, a4, x0, 0000000000000020                  2740
 1832 1 ffffffffffe02498 fcc79ce3 bne         , a5, a2, 00000000ffffffd8        
 1833 1 ffffffffffe02470 0007b303 ld          t1, a5, x0, 0000000000000000       8078263040cf793
 1834 1 ffffffffffe02474 0087b883 ld          a7, a5, x0, 0000000000000008       15c07b3100b2d73
 1835 1 ffffffffffe02478 0107b803 ld          a6, a5, x0, 0000000000000010         7859300001637
 1836 1 ffffffffffe0247c 0187b503 ld          a0, a5, x0, 0000000000000018        f13423000c0513
 1837 1 ffffffffffe02480 00673023 sd          , a4, t1, 0000000000000000        
 1838 1 ffffffffffe02484 01173423 sd          , a4, a7, 0000000000000008        
 1839 1 ffffffffffe02488 01073823 sd          , a4, a6, 0000000000000010        
 1840 1 ffffffffffe0248c 00a73c23 sd          , a4, a0, 0000000000000018        
 1841 1 ffffffffffe02490 02078793 addi        a5, a5, x0, 0000000000000020      ffffffffffe02760
 1842 1 ffffffffffe02494 02070713 addi        a4, a4, x0, 0000000000000020                  2760
 1843 1 ffffffffffe02498 fcc79ce3 bne         , a5, a2, 00000000ffffffd8        
 1844 1 ffffffffffe02470 0007b303 ld          t1, a5, x0, 0000000000000000       20500639d5ff0ef
 1845 1 ffffffffffe02474 0087b883 ld          a7, a5, x0, 0000000000000008        813783080cfc93
 1846 1 ffffffffffe02478 0107b803 ld          a6, a5, x0, 0000000000000010          1637040c8263
 1847 1 ffffffffffe0247c 0187b503 ld          a0, a5, x0, 0000000000000018         78513000c0593
 1848 1 ffffffffffe02480 00673023 sd          , a4, t1, 0000000000000000        
 1849 1 ffffffffffe02484 01173423 sd          , a4, a7, 0000000000000008        
 1850 1 ffffffffffe02488 01073823 sd          , a4, a6, 0000000000000010        
 1851 1 ffffffffffe0248c 00a73c23 sd          , a4, a0, 0000000000000018        
 1852 1 ffffffffffe02490 02078793 addi        a5, a5, x0, 0000000000000020      ffffffffffe02780
 1853 1 ffffffffffe02494 02070713 addi        a4, a4, x0, 0000000000000020                  2780
 1854 1 ffffffffffe02498 fcc79ce3 bne         , a5, a2, 00000000ffffffd8        
 1855 1 ffffffffffe02470 0007b303 ld          t1, a5, x0, 0000000000000000        8487b3881ff0ef
 1856 1 ffffffffffe02474 0087b883 ld          a7, a5, x0, 0000000000000008         db703100d1073
 1857 1 ffffffffffe02478 0107b803 ld          a6, a5, x0, 0000000000000010      f6071ae30007b023
 1858 1 ffffffffffe0247c 0187b503 ld          a0, a5, x0, 0000000000000018        fa302300fdb023
 1859 1 ffffffffffe02480 00673023 sd          , a4, t1, 0000000000000000        
 1860 1 ffffffffffe02484 01173423 sd          , a4, a7, 0000000000000008        
 1861 1 ffffffffffe02488 01073823 sd          , a4, a6, 0000000000000010        
 1862 1 ffffffffffe0248c 00a73c23 sd          , a4, a0, 0000000000000018        
 1863 1 ffffffffffe02490 02078793 addi        a5, a5, x0, 0000000000000020      ffffffffffe027a0
 1864 1 ffffffffffe02494 02070713 addi        a4, a4, x0, 0000000000000020                  27a0
 1865 1 ffffffffffe02498 fcc79ce3 bne         , a5, a2, 00000000ffffffd8        
 1866 1 ffffffffffe02470 0007b303 ld          t1, a5, x0, 0000000000000000           517f71ff06f
 1867 1 ffffffffffe02474 0087b883 ld          a7, a5, x0, 0000000000000008      ab1ff0ef40c50513
 1868 1 ffffffffffe02478 0107b803 ld          a6, a5, x0, 0000000000000010           517ef1ff06f
 1869 1 ffffffffffe0247c 0187b503 ld          a0, a5, x0, 0000000000000018      aa1ff0ef39c50513
 1870 1 ffffffffffe02480 00673023 sd          , a4, t1, 0000000000000000        
 1871 1 ffffffffffe02484 01173423 sd          , a4, a7, 0000000000000008        
 1872 1 ffffffffffe02488 01073823 sd          , a4, a6, 0000000000000010        
 1873 1 ffffffffffe0248c 00a73c23 sd          , a4, a0, 0000000000000018        
 1874 1 ffffffffffe02490 02078793 addi        a5, a5, x0, 0000000000000020      ffffffffffe027c0
 1875 1 ffffffffffe02494 02070713 addi        a4, a4, x0, 0000000000000020                  27c0
 1876 1 ffffffffffe02498 fcc79ce3 bne         , a5, a2, 00000000ffffffd8        
 1877 1 ffffffffffe02470 0007b303 ld          t1, a5, x0, 0000000000000000      ae1ff0ef00300513
 1878 1 ffffffffffe02474 0087b883 ld          a7, a5, x0, 0000000000000008      3505051300000517
 1879 1 ffffffffffe02478 0107b803 ld          a6, a5, x0, 0000000000000010        300513a8dff0ef
 1880 1 ffffffffffe0247c 0187b503 ld          a0, a5, x0, 0000000000000018         90513acdff0ef
 1881 1 ffffffffffe02480 00673023 sd          , a4, t1, 0000000000000000        
 1882 1 ffffffffffe02484 01173423 sd          , a4, a7, 0000000000000008        
 1883 1 ffffffffffe02488 01073823 sd          , a4, a6, 0000000000000010        
 1884 1 ffffffffffe0248c 00a73c23 sd          , a4, a0, 0000000000000018        
 1885 1 ffffffffffe02490 02078793 addi        a5, a5, x0, 0000000000000020      ffffffffffe027e0
 1886 1 ffffffffffe02494 02070713 addi        a4, a4, x0, 0000000000000020                  27e0
 1887 1 ffffffffffe02498 fcc79ce3 bne         , a5, a2, 00000000ffffffd8        
 1888 1 ffffffffffe02470 0007b303 ld          t1, a5, x0, 0000000000000000      f14027f3ac5ff0ef
 1889 1 ffffffffffe02474 0087b883 ld          a7, a5, x0, 0000000000000008          479718079a63
 1890 1 ffffffffffe02478 0107b803 ld          a6, a5, x0, 0000000000000010      ed01011381478793
 1891 1 ffffffffffe0247c 0187b503 ld          a0, a5, x0, 0000000000000018      1281302300c7d793
 1892 1 ffffffffffe02480 00673023 sd          , a4, t1, 0000000000000000        
 1893 1 ffffffffffe02484 01173423 sd          , a4, a7, 0000000000000008        
 1894 1 ffffffffffe02488 01073823 sd          , a4, a6, 0000000000000010        
 1895 1 ffffffffffe0248c 00a73c23 sd          , a4, a0, 0000000000000018        
 1896 1 ffffffffffe02490 02078793 addi        a5, a5, x0, 0000000000000020      ffffffffffe02800
 1897 1 ffffffffffe02494 02070713 addi        a4, a4, x0, 0000000000000020                  2800
 1898 1 ffffffffffe02498 fcc79ce3 bne         , a5, a2, 00000000ffffffd8        
 1899 1 ffffffffffe02470 0007b303 ld          t1, a5, x0, 0000000000000000      8008081300005817
 1900 1 ffffffffffe02474 0087b883 ld          a7, a5, x0, 0000000000000008        a7979300050413
 1901 1 ffffffffffe02478 0107b803 ld          a6, a5, x0, 0000000000000010      7f05051300002517
 1902 1 ffffffffffe0247c 0187b503 ld          a0, a5, x0, 0000000000000018        c5569312113423
 1903 1 ffffffffffe02480 00673023 sd          , a4, t1, 0000000000000000        
 1904 1 ffffffffffe02484 01173423 sd          , a4, a7, 0000000000000008        
 1905 1 ffffffffffe02488 01073823 sd          , a4, a6, 0000000000000010        
 1906 1 ffffffffffe0248c 00a73c23 sd          , a4, a0, 0000000000000018        
 1907 1 ffffffffffe02490 02078793 addi        a5, a5, x0, 0000000000000020      ffffffffffe02820
 1908 1 ffffffffffe02494 02070713 addi        a4, a4, x0, 0000000000000020                  2820
 1909 1 ffffffffffe02498 fcc79ce3 bne         , a5, a2, 00000000ffffffd8        
 1910 1 ffffffffffe02470 0007b303 ld          t1, a5, x0, 0000000000000000        17e79300c85713
 1911 1 ffffffffffe02474 0087b883 ld          a7, a5, x0, 0000000000000008      7d88889300001897
 1912 1 ffffffffffe02478 0107b803 ld          a6, a5, x0, 0000000000000010      fef53c23fff00613
 1913 1 ffffffffffe0247c 0187b503 ld          a0, a5, x0, 0000000000000018        a7171300a69693
 1914 1 ffffffffffe02480 00673023 sd          , a4, t1, 0000000000000000        
 1915 1 ffffffffffe02484 01173423 sd          , a4, a7, 0000000000000008        
 1916 1 ffffffffffe02488 01073823 sd          , a4, a6, 0000000000000010        
 1917 1 ffffffffffe0248c 00a73c23 sd          , a4, a0, 0000000000000018        
 1918 1 ffffffffffe02490 02078793 addi        a5, a5, x0, 0000000000000020      ffffffffffe02840
 1919 1 ffffffffffe02494 02070713 addi        a4, a4, x0, 0000000000000020                  2840
 1920 1 ffffffffffe02498 fcc79ce3 bne         , a5, a2, 00000000ffffffd8        
 1921 1 ffffffffffe02470 0007b303 ld          t1, a5, x0, 0000000000000000        16e693200007b7
 1922 1 ffffffffffe02474 0087b883 ld          a7, a5, x0, 0000000000000008        c8d59300176713
 1923 1 ffffffffffe02478 0107b803 ld          a6, a5, x0, 0000000000000010       cf7879303f61313
 1924 1 ffffffffffe0247c 0187b503 ld          a0, a5, x0, 0000000000000018        d8b023fef83c23
 1925 1 ffffffffffe02480 00673023 sd          , a4, t1, 0000000000000000        
 1926 1 ffffffffffe02484 01173423 sd          , a4, a7, 0000000000000008        
 1927 1 ffffffffffe02488 01073823 sd          , a4, a6, 0000000000000010        
 1928 1 ffffffffffe0248c 00a73c23 sd          , a4, a0, 0000000000000018        
 1929 1 ffffffffffe02490 02078793 addi        a5, a5, x0, 0000000000000020      ffffffffffe02860
 1930 1 ffffffffffe02494 02070713 addi        a4, a4, x0, 0000000000000020                  2860
 1931 1 ffffffffffe02498 fcc79ce3 bne         , a5, a2, 00000000ffffffd8        
 1932 1 ffffffffffe02470 0007b303 ld          t1, a5, x0, 0000000000000000        65e7b300e53023
 1933 1 ffffffffffe02474 0087b883 ld          a7, a5, x0, 0000000000000008      1800277318079073
 1934 1 ffffffffffe02478 0107b803 ld          a6, a5, x0, 0000000000000010        b6561314e79e63
 1935 1 ffffffffffe0247c 0187b503 ld          a0, a5, x0, 0000000000000018           29701f00793
 1936 1 ffffffffffe02480 00673023 sd          , a4, t1, 0000000000000000        
 1937 1 ffffffffffe02484 01173423 sd          , a4, a7, 0000000000000008        
 1938 1 ffffffffffe02488 01073823 sd          , a4, a6, 0000000000000010        
 1939 1 ffffffffffe0248c 00a73c23 sd          , a4, a0, 0000000000000018        
 1940 1 ffffffffffe02490 02078793 addi        a5, a5, x0, 0000000000000020      ffffffffffe02880
 1941 1 ffffffffffe02494 02070713 addi        a4, a4, x0, 0000000000000020                  2880
 1942 1 ffffffffffe02498 fcc79ce3 bne         , a5, a2, 00000000ffffffd8        
 1943 1 ffffffffffe02470 0007b303 ld          t1, a5, x0, 0000000000000000      305292f301428293
 1944 1 ffffffffffe02474 0087b883 ld          a7, a5, x0, 0000000000000008      3a0790733b061073
 1945 1 ffffffffffe02478 0107b803 ld          a6, a5, x0, 0000000000000010      bff0081330529073
 1946 1 ffffffffffe0247c 0187b503 ld          a0, a5, x0, 0000000000000018      ffffe79701581813
 1947 1 ffffffffffe02480 00673023 sd          , a4, t1, 0000000000000000        
 1948 1 ffffffffffe02484 01173423 sd          , a4, a7, 0000000000000008        
 1949 1 ffffffffffe02488 01073823 sd          , a4, a6, 0000000000000010        
 1950 1 ffffffffffe0248c 00a73c23 sd          , a4, a0, 0000000000000018        
 1951 1 ffffffffffe02490 02078793 addi        a5, a5, x0, 0000000000000020      ffffffffffe028a0
 1952 1 ffffffffffe02494 02070713 addi        a4, a4, x0, 0000000000000020                  28a0
 1953 1 ffffffffffe02498 fcc79ce3 bne         , a5, a2, 00000000ffffffd8        
 1954 1 ffffffffffe02470 0007b303 ld          t1, a5, x0, 0000000000000000       10787b38b878793
 1955 1 ffffffffffe02474 0087b883 ld          a7, a5, x0, 0000000000000008      340027f310579073
 1956 1 ffffffffffe02478 0107b803 ld          a6, a5, x0, 0000000000000010      14079073010787b3
 1957 1 ffffffffffe0247c 0187b503 ld          a0, a5, x0, 0000000000000018      1007879b0000b7b7
 1958 1 ffffffffffe02480 00673023 sd          , a4, t1, 0000000000000000        
 1959 1 ffffffffffe02484 01173423 sd          , a4, a7, 0000000000000008        
 1960 1 ffffffffffe02488 01073823 sd          , a4, a6, 0000000000000010        
 1961 1 ffffffffffe0248c 00a73c23 sd          , a4, a0, 0000000000000018        
 1962 1 ffffffffffe02490 02078793 addi        a5, a5, x0, 0000000000000020      ffffffffffe028c0
 1963 1 ffffffffffe02494 02070713 addi        a4, a4, x0, 0000000000000020                  28c0
 1964 1 ffffffffffe02498 fcc79ce3 bne         , a5, a2, 00000000ffffffd8        
 1965 1 ffffffffffe02470 0007b303 ld          t1, a5, x0, 0000000000000000         1e7b730279073
 1966 1 ffffffffffe02474 0087b883 ld          a7, a5, x0, 0000000000000008      300790736007879b
 1967 1 ffffffffffe02478 0107b803 ld          a6, a5, x0, 0000000000000010          171730405073
 1968 1 ffffffffffe0247c 0187b503 ld          a0, a5, x0, 0000000000000018      3e080793b1c70713
 1969 1 ffffffffffe02480 00673023 sd          , a4, t1, 0000000000000000        
 1970 1 ffffffffffe02484 01173423 sd          , a4, a7, 0000000000000008        
 1971 1 ffffffffffe02488 01073823 sd          , a4, a6, 0000000000000010        
 1972 1 ffffffffffe0248c 00a73c23 sd          , a4, a0, 0000000000000018        
 1973 1 ffffffffffe02490 02078793 addi        a5, a5, x0, 0000000000000020      ffffffffffe028e0
 1974 1 ffffffffffe02494 02070713 addi        a4, a4, x0, 0000000000000020                  28e0
 1975 1 ffffffffffe02498 fcc79ce3 bne         , a5, a2, 00000000ffffffd8        
 1976 1 ffffffffffe02470 0007b303 ld          t1, a5, x0, 0000000000000000        f707b3010706b3
 1977 1 ffffffffffe02474 0087b883 ld          a7, a5, x0, 0000000000000008          5617000808b7
 1978 1 ffffffffffe02478 0107b803 ld          a6, a5, x0, 0000000000000010          131770d63e23
 1979 1 ffffffffffe0247c 0187b503 ld          a0, a5, x0, 0000000000000018          5697eec30313
 1980 1 ffffffffffe02480 00673023 sd          , a4, t1, 0000000000000000        
 1981 1 ffffffffffe02484 01173423 sd          , a4, a7, 0000000000000008        
 1982 1 ffffffffffe02488 01073823 sd          , a4, a6, 0000000000000010        
 1983 1 ffffffffffe0248c 00a73c23 sd          , a4, a0, 0000000000000018        
 1984 1 ffffffffffe02490 02078793 addi        a5, a5, x0, 0000000000000020      ffffffffffe02900
 1985 1 ffffffffffe02494 02070713 addi        a4, a4, x0, 0000000000000020                  2900
 1986 1 ffffffffffe02498 fcc79ce3 bne         , a5, a2, 00000000ffffffd8        
 1987 1 ffffffffffe02470 0007b303 ld          t1, a5, x0, 0000000000000000       3f8889370f6b223
 1988 1 ffffffffffe02474 0087b883 ld          a7, a5, x0, 0000000000000008       108081303000793
 1989 1 ffffffffffe02478 0107b803 ld          a6, a5, x0, 0000000000000010       11786b30017d613
 1990 1 ffffffffffe0247c 0187b503 ld          a0, a5, x0, 0000000000000018       10705b300f647b3
 1991 1 ffffffffffe02480 00673023 sd          , a4, t1, 0000000000000000        
 1992 1 ffffffffffe02484 01173423 sd          , a4, a7, 0000000000000008        
 1993 1 ffffffffffe02488 01073823 sd          , a4, a6, 0000000000000010        
 1994 1 ffffffffffe0248c 00a73c23 sd          , a4, a0, 0000000000000018        
 1995 1 ffffffffffe02490 02078793 addi        a5, a5, x0, 0000000000000020      ffffffffffe02920
 1996 1 ffffffffffe02494 02070713 addi        a4, a4, x0, 0000000000000020                  2920
 1997 1 ffffffffffe02498 fcc79ce3 bne         , a5, a2, 00000000ffffffd8        
 1998 1 ffffffffffe02470 0007b303 ld          t1, a5, x0, 0000000000000000        57979300c69693
 1999 1 ffffffffffe02474 0087b883 ld          a7, a5, x0, 0000000000000008        b7342300d73023
 2000 1 ffffffffffe02478 0107b803 ld          a6, a5, x0, 0000000000000010       10707130207f793
 2001 1 ffffffffffe0247c 0187b503 ld          a0, a5, x0, 0000000000000018      fce31ae300f667b3
 2002 1 ffffffffffe02480 00673023 sd          , a4, t1, 0000000000000000        
 2003 1 ffffffffffe02484 01173423 sd          , a4, a7, 0000000000000008        
 2004 1 ffffffffffe02488 01073823 sd          , a4, a6, 0000000000000010        
 2005 1 ffffffffffe0248c 00a73c23 sd          , a4, a0, 0000000000000018        
 2006 1 ffffffffffe02490 02078793 addi        a5, a5, x0, 0000000000000020      ffffffffffe02940
 2007 1 ffffffffffe02494 02070713 addi        a4, a4, x0, 0000000000000020                  2940
 2008 1 ffffffffffe02498 fcc79ce3 bne         , a5, a2, 00000000ffffffd8        
 2009 1 ffffffffffe02470 0007b303 ld          t1, a5, x0, 0000000000000000           59312000613
 2010 1 ffffffffffe02474 0087b883 ld          a7, a5, x0, 0000000000000008          179700010513
 2011 1 ffffffffffe02478 0107b803 ld          a6, a5, x0, 0000000000000010      f08ff0efe807b623
 2012 1 ffffffffffe0247c 0187b503 ld          a0, a5, x0, 0000000000000018        f40433800007b7
 2013 1 ffffffffffe02480 00673023 sd          , a4, t1, 0000000000000000        
 2014 1 ffffffffffe02484 01173423 sd          , a4, a7, 0000000000000008        
 2015 1 ffffffffffe02488 01073823 sd          , a4, a6, 0000000000000010        
 2016 1 ffffffffffe0248c 00a73c23 sd          , a4, a0, 0000000000000018        
 2017 1 ffffffffffe02490 02078793 addi        a5, a5, x0, 0000000000000020      ffffffffffe02960
 2018 1 ffffffffffe02494 02070713 addi        a4, a4, x0, 0000000000000020                  2960
 2019 1 ffffffffffe02498 fcc79ce3 bne         , a5, a2, 00000000ffffffd8        
 2020 1 ffffffffffe02470 0007b303 ld          t1, a5, x0, 0000000000000000      1081342300010513
 2021 1 ffffffffffe02474 0087b883 ld          a7, a5, x0, 0000000000000008      12813083f64fd0ef
 2022 1 ffffffffffe02478 0107b803 ld          a6, a5, x0, 0000000000000010      1301011312013403
 2023 1 ffffffffffe0247c 0187b503 ld          a0, a5, x0, 0000000000000018        10071300008067
 2024 1 ffffffffffe02480 00673023 sd          , a4, t1, 0000000000000000        
 2025 1 ffffffffffe02484 01173423 sd          , a4, a7, 0000000000000008        
 2026 1 ffffffffffe02488 01073823 sd          , a4, a6, 0000000000000010        
 2027 1 ffffffffffe0248c 00a73c23 sd          , a4, a0, 0000000000000018        
 2028 1 ffffffffffe02490 02078793 addi        a5, a5, x0, 0000000000000020      ffffffffffe02980
 2029 1 ffffffffffe02494 02070713 addi        a4, a4, x0, 0000000000000020                  2980
 2030 1 ffffffffffe02498 fcc79ce3 bne         , a5, a2, 00000000ffffffd8        
 2031 1 ffffffffffe02470 0007b303 ld          t1, a5, x0, 0000000000000000         8063707a657b7
 2032 1 ffffffffffe02474 0087b883 ld          a7, a5, x0, 0000000000000008      ffc60613bab78793
 2033 1 ffffffffffe02478 0107b803 ld          a6, a5, x0, 0000000000000010       3e7169301f71513
 2034 1 ffffffffffe0247c 0187b503 ld          a0, a5, x0, 0000000000000018         7202f01c0006f
 2035 1 ffffffffffe02480 00673023 sd          , a4, t1, 0000000000000000        
 2036 1 ffffffffffe02484 01173423 sd          , a4, a7, 0000000000000008        
 2037 1 ffffffffffe02488 01073823 sd          , a4, a6, 0000000000000010        
 2038 1 ffffffffffe0248c 00a73c23 sd          , a4, a0, 0000000000000018        
 2039 1 ffffffffffe02490 02078793 addi        a5, a5, x0, 0000000000000020      ffffffffffe029a0
 2040 1 ffffffffffe02494 02070713 addi        a4, a4, x0, 0000000000000020                  29a0
 2041 1 ffffffffffe02498 fcc79ce3 bne         , a5, a2, 00000000ffffffd8        
 2042 1 ffffffffffe02470 0007b303 ld          t1, a5, x0, 0000000000000000        e7c7b30017d713
 2043 1 ffffffffffe02474 0087b883 ld          a7, a5, x0, 0000000000000008        d7f7b303e79793
 2044 1 ffffffffffe02478 0107b803 ld          a6, a5, x0, 0000000000000010        c7f73300e7e7b3
 2045 1 ffffffffffe0247c 0187b503 ld          a0, a5, x0, 0000000000000018        a707330017f593
 2046 1 ffffffffffe02480 00673023 sd          , a4, t1, 0000000000000000        
 2047 1 ffffffffffe02484 01173423 sd          , a4, a7, 0000000000000008        
 2048 1 ffffffffffe02488 01073823 sd          , a4, a6, 0000000000000010        
 2049 1 ffffffffffe0248c 00a73c23 sd          , a4, a0, 0000000000000018        
 2050 1 ffffffffffe02490 02078793 addi        a5, a5, x0, 0000000000000020      ffffffffffe029c0
 2051 1 ffffffffffe02494 02070713 addi        a4, a4, x0, 0000000000000020                  29c0
 2052 1 ffffffffffe02498 fcc79ce3 bne         , a5, a2, 00000000ffffffd8        
 2053 1 ffffffffffe02470 0007b303 ld          t1, a5, x0, 0000000000000000         72003fc059ee3
 2054 1 ffffffffffe02474 0087b883 ld          a7, a5, x0, 0000000000000008           517fd9ff06f
 2055 1 ffffffffffe02478 0107b803 ld          a6, a5, x0, 0000000000000010      889ff0ef21450513
 2056 1 ffffffffffe0247c 0187b503 ld          a0, a5, x0, 0000000000000018      8c9ff0ef00300513
 2057 1 ffffffffffe02480 00673023 sd          , a4, t1, 0000000000000000        
 2058 1 ffffffffffe02484 01173423 sd          , a4, a7, 0000000000000008        
 2059 1 ffffffffffe02488 01073823 sd          , a4, a6, 0000000000000010        
 2060 1 ffffffffffe0248c 00a73c23 sd          , a4, a0, 0000000000000018        
 2061 1 ffffffffffe02490 02078793 addi        a5, a5, x0, 0000000000000020      ffffffffffe029e0
 2062 1 ffffffffffe02494 02070713 addi        a4, a4, x0, 0000000000000020                  29e0
 2063 1 ffffffffffe02498 fcc79ce3 bne         , a5, a2, 00000000ffffffd8        
 2064 1 ffffffffffe02470 0007b303 ld          t1, a5, x0, 0000000000000000           51300008067
 2065 1 ffffffffffe02474 0087b883 ld          a7, a5, x0, 0000000000000008           51300008067
 2066 1 ffffffffffe02478 0107b803 ld          a6, a5, x0, 0000000000000010        10051300008067
 2067 1 ffffffffffe0247c 0187b503 ld          a0, a5, x0, 0000000000000018      c000107300000073
 2068 1 ffffffffffe02480 00673023 sd          , a4, t1, 0000000000000000        
 2069 1 ffffffffffe02484 01173423 sd          , a4, a7, 0000000000000008        
 2070 1 ffffffffffe02488 01073823 sd          , a4, a6, 0000000000000010        
 2071 1 ffffffffffe0248c 00a73c23 sd          , a4, a0, 0000000000000018        
 2072 1 ffffffffffe02490 02078793 addi        a5, a5, x0, 0000000000000020      ffffffffffe02a00
 2073 1 ffffffffffe02494 02070713 addi        a4, a4, x0, 0000000000000020                  2a00
 2074 1 ffffffffffe02498 fcc79ce3 bne         , a5, a2, 00000000ffffffd8        
 2075 1 ffffffffffe02470 0007b303 ld          t1, a5, x0, 0000000000000000      6f69747265737341
 2076 1 ffffffffffe02474 0087b883 ld          a7, a5, x0, 0000000000000008      64656c696166206e
 2077 1 ffffffffffe02478 0107b803 ld          a6, a5, x0, 0000000000000010      3e2072646461203a
 2078 1 ffffffffffe0247c 0187b503 ld          a0, a5, x0, 0000000000000018      3c204c553128203d
 2079 1 ffffffffffe02480 00673023 sd          , a4, t1, 0000000000000000        
 2080 1 ffffffffffe02484 01173423 sd          , a4, a7, 0000000000000008        
 2081 1 ffffffffffe02488 01073823 sd          , a4, a6, 0000000000000010        
 2082 1 ffffffffffe0248c 00a73c23 sd          , a4, a0, 0000000000000018        
 2083 1 ffffffffffe02490 02078793 addi        a5, a5, x0, 0000000000000020      ffffffffffe02a20
 2084 1 ffffffffffe02494 02070713 addi        a4, a4, x0, 0000000000000020                  2a20
 2085 1 ffffffffffe02498 fcc79ce3 bne         , a5, a2, 00000000ffffffd8        
 2086 1 ffffffffffe02470 0007b303 ld          t1, a5, x0, 0000000000000000      262620293231203c
 2087 1 ffffffffffe02474 0087b883 ld          a7, a5, x0, 0000000000000008      203c207264646120
 2088 1 ffffffffffe02478 0107b803 ld          a6, a5, x0, 0000000000000010      553128202a203336
 2089 1 ffffffffffe0247c 0187b503 ld          a0, a5, x0, 0000000000000018      293231203c3c204c
 2090 1 ffffffffffe02480 00673023 sd          , a4, t1, 0000000000000000        
 2091 1 ffffffffffe02484 01173423 sd          , a4, a7, 0000000000000008        
 2092 1 ffffffffffe02488 01073823 sd          , a4, a6, 0000000000000010        
 2093 1 ffffffffffe0248c 00a73c23 sd          , a4, a0, 0000000000000018        
 2094 1 ffffffffffe02490 02078793 addi        a5, a5, x0, 0000000000000020      ffffffffffe02a40
 2095 1 ffffffffffe02494 02070713 addi        a4, a4, x0, 0000000000000020                  2a40
 2096 1 ffffffffffe02498 fcc79ce3 bne         , a5, a2, 00000000ffffffd8        
 2097 1 ffffffffffe02470 0007b303 ld          t1, a5, x0, 0000000000000000                     a
 2098 1 ffffffffffe02474 0087b883 ld          a7, a5, x0, 0000000000000008      6f69747265737341
 2099 1 ffffffffffe02478 0107b803 ld          a6, a5, x0, 0000000000000010      64656c696166206e
 2100 1 ffffffffffe0247c 0187b503 ld          a0, a5, x0, 0000000000000018      335b74702821203a
 2101 1 ffffffffffe02480 00673023 sd          , a4, t1, 0000000000000000        
 2102 1 ffffffffffe02484 01173423 sd          , a4, a7, 0000000000000008        
 2103 1 ffffffffffe02488 01073823 sd          , a4, a6, 0000000000000010        
 2104 1 ffffffffffe0248c 00a73c23 sd          , a4, a0, 0000000000000018        
 2105 1 ffffffffffe02490 02078793 addi        a5, a5, x0, 0000000000000020      ffffffffffe02a60
 2106 1 ffffffffffe02494 02070713 addi        a4, a4, x0, 0000000000000020                  2a60
 2107 1 ffffffffffe02498 fcc79ce3 bne         , a5, a2, 00000000ffffffd8        
 2108 1 ffffffffffe02470 0007b303 ld          t1, a5, x0, 0000000000000000      282f726464615b5d
 2109 1 ffffffffffe02474 0087b883 ld          a7, a5, x0, 0000000000000008      31203c3c204c5531
 2110 1 ffffffffffe02478 0107b803 ld          a6, a5, x0, 0000000000000010      78302026205d2932
 2111 1 ffffffffffe0247c 0187b503 ld          a0, a5, x0, 0000000000000018      2026262029303830
 2112 1 ffffffffffe02480 00673023 sd          , a4, t1, 0000000000000000        
 2113 1 ffffffffffe02484 01173423 sd          , a4, a7, 0000000000000008        
 2114 1 ffffffffffe02488 01073823 sd          , a4, a6, 0000000000000010        
 2115 1 ffffffffffe0248c 00a73c23 sd          , a4, a0, 0000000000000018        
 2116 1 ffffffffffe02490 02078793 addi        a5, a5, x0, 0000000000000020      ffffffffffe02a80
 2117 1 ffffffffffe02494 02070713 addi        a4, a4, x0, 0000000000000020                  2a80
 2118 1 ffffffffffe02498 fcc79ce3 bne         , a5, a2, 00000000ffffffd8        
 2119 1 ffffffffffe02470 0007b303 ld          t1, a5, x0, 0000000000000000      3d3d206573756163
 2120 1 ffffffffffe02474 0087b883 ld          a7, a5, x0, 0000000000000008             a66783020
 2121 1 ffffffffffe02478 0107b803 ld          a6, a5, x0, 0000000000000010      6f69747265737341
 2122 1 ffffffffffe0247c 0187b503 ld          a0, a5, x0, 0000000000000018      64656c696166206e
 2123 1 ffffffffffe02480 00673023 sd          , a4, t1, 0000000000000000        
 2124 1 ffffffffffe02484 01173423 sd          , a4, a7, 0000000000000008        
 2125 1 ffffffffffe02488 01073823 sd          , a4, a6, 0000000000000010        
 2126 1 ffffffffffe0248c 00a73c23 sd          , a4, a0, 0000000000000018        
 2127 1 ffffffffffe02490 02078793 addi        a5, a5, x0, 0000000000000020      ffffffffffe02aa0
 2128 1 ffffffffffe02494 02070713 addi        a4, a4, x0, 0000000000000020                  2aa0
 2129 1 ffffffffffe02498 fcc79ce3 bne         , a5, a2, 00000000ffffffd8        
 2130 1 ffffffffffe02470 0007b303 ld          t1, a5, x0, 0000000000000000         a65646f6e203a
 2131 1 ffffffffffe02474 0087b883 ld          a7, a5, x0, 0000000000000008      6f69747265737341
 2132 1 ffffffffffe02478 0107b803 ld          a6, a5, x0, 0000000000000010      64656c696166206e
 2133 1 ffffffffffe0247c 0187b503 ld          a0, a5, x0, 0000000000000018      6d5f72657375203a
 2134 1 ffffffffffe02480 00673023 sd          , a4, t1, 0000000000000000        
 2135 1 ffffffffffe02484 01173423 sd          , a4, a7, 0000000000000008        
 2136 1 ffffffffffe02488 01073823 sd          , a4, a6, 0000000000000010        
 2137 1 ffffffffffe0248c 00a73c23 sd          , a4, a0, 0000000000000018        
 2138 1 ffffffffffe02490 02078793 addi        a5, a5, x0, 0000000000000020      ffffffffffe02ac0
 2139 1 ffffffffffe02494 02070713 addi        a4, a4, x0, 0000000000000020                  2ac0
 2140 1 ffffffffffe02498 fcc79ce3 bne         , a5, a2, 00000000ffffffd8        
 2141 1 ffffffffffe02470 0007b303 ld          t1, a5, x0, 0000000000000000      615b676e69707061
 2142 1 ffffffffffe02474 0087b883 ld          a7, a5, x0, 0000000000000008      4c5531282f726464
 2143 1 ffffffffffe02478 0107b803 ld          a6, a5, x0, 0000000000000010      5d293231203c3c20
 2144 1 ffffffffffe0247c 0187b503 ld          a0, a5, x0, 0000000000000018      3d3d20726464612e
 2145 1 ffffffffffe02480 00673023 sd          , a4, t1, 0000000000000000        
 2146 1 ffffffffffe02484 01173423 sd          , a4, a7, 0000000000000008        
 2147 1 ffffffffffe02488 01073823 sd          , a4, a6, 0000000000000010        
 2148 1 ffffffffffe0248c 00a73c23 sd          , a4, a0, 0000000000000018        
 2149 1 ffffffffffe02490 02078793 addi        a5, a5, x0, 0000000000000020      ffffffffffe02ae0
 2150 1 ffffffffffe02494 02070713 addi        a4, a4, x0, 0000000000000020                  2ae0
 2151 1 ffffffffffe02498 fcc79ce3 bne         , a5, a2, 00000000ffffffd8        
 2152 1 ffffffffffe02470 0007b303 ld          t1, a5, x0, 0000000000000000                 a3020
 2153 1 ffffffffffe02474 0087b883 ld          a7, a5, x0, 0000000000000008      6f69747265737341
 2154 1 ffffffffffe02478 0107b803 ld          a6, a5, x0, 0000000000000010      64656c696166206e
 2155 1 ffffffffffe0247c 0187b503 ld          a0, a5, x0, 0000000000000018      656c6c692221203a
 2156 1 ffffffffffe02480 00673023 sd          , a4, t1, 0000000000000000        
 2157 1 ffffffffffe02484 01173423 sd          , a4, a7, 0000000000000008        
 2158 1 ffffffffffe02488 01073823 sd          , a4, a6, 0000000000000010        
 2159 1 ffffffffffe0248c 00a73c23 sd          , a4, a0, 0000000000000018        
 2160 1 ffffffffffe02490 02078793 addi        a5, a5, x0, 0000000000000020      ffffffffffe02b00
 2161 1 ffffffffffe02494 02070713 addi        a4, a4, x0, 0000000000000020                  2b00
 2162 1 ffffffffffe02498 fcc79ce3 bne         , a5, a2, 00000000ffffffd8        
 2163 1 ffffffffffe02470 0007b303 ld          t1, a5, x0, 0000000000000000      74736e69206c6167
 2164 1 ffffffffffe02474 0087b883 ld          a7, a5, x0, 0000000000000008      226e6f6974637572
 2165 1 ffffffffffe02478 0107b803 ld          a6, a5, x0, 0000000000000010                     a
 2166 1 ffffffffffe0247c 0187b503 ld          a0, a5, x0, 0000000000000018      6f69747265737341
 2167 1 ffffffffffe02480 00673023 sd          , a4, t1, 0000000000000000        
 2168 1 ffffffffffe02484 01173423 sd          , a4, a7, 0000000000000008        
 2169 1 ffffffffffe02488 01073823 sd          , a4, a6, 0000000000000010        
 2170 1 ffffffffffe0248c 00a73c23 sd          , a4, a0, 0000000000000018        
 2171 1 ffffffffffe02490 02078793 addi        a5, a5, x0, 0000000000000020      ffffffffffe02b20
 2172 1 ffffffffffe02494 02070713 addi        a4, a4, x0, 0000000000000020                  2b20
 2173 1 ffffffffffe02498 fcc79ce3 bne         , a5, a2, 00000000ffffffd8        
 2174 1 ffffffffffe02470 0007b303 ld          t1, a5, x0, 0000000000000000      64656c696166206e
 2175 1 ffffffffffe02474 0087b883 ld          a7, a5, x0, 0000000000000008      5b5d335b7470203a
 2176 1 ffffffffffe02478 0107b803 ld          a6, a5, x0, 0000000000000010      5531282f72646461
 2177 1 ffffffffffe0247c 0187b503 ld          a0, a5, x0, 0000000000000018      293231203c3c204c
 2178 1 ffffffffffe02480 00673023 sd          , a4, t1, 0000000000000000        
 2179 1 ffffffffffe02484 01173423 sd          , a4, a7, 0000000000000008        
 2180 1 ffffffffffe02488 01073823 sd          , a4, a6, 0000000000000010        
 2181 1 ffffffffffe0248c 00a73c23 sd          , a4, a0, 0000000000000018        
 2182 1 ffffffffffe02490 02078793 addi        a5, a5, x0, 0000000000000020      ffffffffffe02b40
 2183 1 ffffffffffe02494 02070713 addi        a4, a4, x0, 0000000000000020                  2b40
 2184 1 ffffffffffe02498 fcc79ce3 bne         , a5, a2, 00000000ffffffd8        
 2185 1 ffffffffffe02470 0007b303 ld          t1, a5, x0, 0000000000000000      343078302026205d
 2186 1 ffffffffffe02474 0087b883 ld          a7, a5, x0, 0000000000000008                   a30
 2187 1 ffffffffffe02478 0107b803 ld          a6, a5, x0, 0000000000000010      6f69747265737341
 2188 1 ffffffffffe0247c 0187b503 ld          a0, a5, x0, 0000000000000018      64656c696166206e
 2189 1 ffffffffffe02480 00673023 sd          , a4, t1, 0000000000000000        
 2190 1 ffffffffffe02484 01173423 sd          , a4, a7, 0000000000000008        
 2191 1 ffffffffffe02488 01073823 sd          , a4, a6, 0000000000000010        
 2192 1 ffffffffffe0248c 00a73c23 sd          , a4, a0, 0000000000000018        
 2193 1 ffffffffffe02490 02078793 addi        a5, a5, x0, 0000000000000020      ffffffffffe02b60
 2194 1 ffffffffffe02494 02070713 addi        a4, a4, x0, 0000000000000020                  2b60
 2195 1 ffffffffffe02498 fcc79ce3 bne         , a5, a2, 00000000ffffffd8        
 2196 1 ffffffffffe02470 0007b303 ld          t1, a5, x0, 0000000000000000      5b5d335b7470203a
 2197 1 ffffffffffe02474 0087b883 ld          a7, a5, x0, 0000000000000008      5531282f72646461
 2198 1 ffffffffffe02478 0107b803 ld          a6, a5, x0, 0000000000000010      293231203c3c204c
 2199 1 ffffffffffe0247c 0187b503 ld          a0, a5, x0, 0000000000000018      383078302026205d
 2200 1 ffffffffffe02480 00673023 sd          , a4, t1, 0000000000000000        
 2201 1 ffffffffffe02484 01173423 sd          , a4, a7, 0000000000000008        
 2202 1 ffffffffffe02488 01073823 sd          , a4, a6, 0000000000000010        
 2203 1 ffffffffffe0248c 00a73c23 sd          , a4, a0, 0000000000000018        
 2204 1 ffffffffffe02490 02078793 addi        a5, a5, x0, 0000000000000020      ffffffffffe02b80
 2205 1 ffffffffffe02494 02070713 addi        a4, a4, x0, 0000000000000020                  2b80
 2206 1 ffffffffffe02498 fcc79ce3 bne         , a5, a2, 00000000ffffffd8        
 2207 1 ffffffffffe02470 0007b303 ld          t1, a5, x0, 0000000000000000                   a30
 2208 1 ffffffffffe02474 0087b883 ld          a7, a5, x0, 0000000000000008      6f69747265737341
 2209 1 ffffffffffe02478 0107b803 ld          a6, a5, x0, 0000000000000010      64656c696166206e
 2210 1 ffffffffffe0247c 0187b503 ld          a0, a5, x0, 0000000000000018      70653e2d6674203a
 2211 1 ffffffffffe02480 00673023 sd          , a4, t1, 0000000000000000        
 2212 1 ffffffffffe02484 01173423 sd          , a4, a7, 0000000000000008        
 2213 1 ffffffffffe02488 01073823 sd          , a4, a6, 0000000000000010        
 2214 1 ffffffffffe0248c 00a73c23 sd          , a4, a0, 0000000000000018        
 2215 1 ffffffffffe02490 02078793 addi        a5, a5, x0, 0000000000000020      ffffffffffe02ba0
 2216 1 ffffffffffe02494 02070713 addi        a4, a4, x0, 0000000000000020                  2ba0
 2217 1 ffffffffffe02498 fcc79ce3 bne         , a5, a2, 00000000ffffffd8        
 2218 1 ffffffffffe02470 0007b303 ld          t1, a5, x0, 0000000000000000      3d3d203420252063
 2219 1 ffffffffffe02474 0087b883 ld          a7, a5, x0, 0000000000000008                 a3020
 2220 1 ffffffffffe02478 0107b803 ld          a6, a5, x0, 0000000000000010      6f69747265737341
 2221 1 ffffffffffe0247c 0187b503 ld          a0, a5, x0, 0000000000000018      64656c696166206e
 2222 1 ffffffffffe02480 00673023 sd          , a4, t1, 0000000000000000        
 2223 1 ffffffffffe02484 01173423 sd          , a4, a7, 0000000000000008        
 2224 1 ffffffffffe02488 01073823 sd          , a4, a6, 0000000000000010        
 2225 1 ffffffffffe0248c 00a73c23 sd          , a4, a0, 0000000000000018        
 2226 1 ffffffffffe02490 02078793 addi        a5, a5, x0, 0000000000000020      ffffffffffe02bc0
 2227 1 ffffffffffe02494 02070713 addi        a4, a4, x0, 0000000000000020                  2bc0
 2228 1 ffffffffffe02498 fcc79ce3 bne         , a5, a2, 00000000ffffffd8        
 2229 1 ffffffffffe02470 0007b303 ld          t1, a5, x0, 0000000000000000      78656e752221203a
 2230 1 ffffffffffe02474 0087b883 ld          a7, a5, x0, 0000000000000008      6520646574636570
 2231 1 ffffffffffe02478 0107b803 ld          a6, a5, x0, 0000000000000010      6e6f697470656378
 2232 1 ffffffffffe0247c 0187b503 ld          a0, a5, x0, 0000000000000018                   a22
 2233 1 ffffffffffe02480 00673023 sd          , a4, t1, 0000000000000000        
 2234 1 ffffffffffe02484 01173423 sd          , a4, a7, 0000000000000008        
 2235 1 ffffffffffe02488 01073823 sd          , a4, a6, 0000000000000010        
 2236 1 ffffffffffe0248c 00a73c23 sd          , a4, a0, 0000000000000018        
 2237 1 ffffffffffe02490 02078793 addi        a5, a5, x0, 0000000000000020      ffffffffffe02be0
 2238 1 ffffffffffe02494 02070713 addi        a4, a4, x0, 0000000000000020                  2be0
 2239 1 ffffffffffe02498 fcc79ce3 bne         , a5, a2, 00000000ffffffd8        
 2240 1 ffffffffffe02470 0007b303 ld          t1, a5, x0, 0000000000000000      6f69747265737341
 2241 1 ffffffffffe02474 0087b883 ld          a7, a5, x0, 0000000000000008      64656c696166206e
 2242 1 ffffffffffe02478 0107b803 ld          a6, a5, x0, 0000000000000010      75736e752221203a
 2243 1 ffffffffffe0247c 0187b503 ld          a0, a5, x0, 0000000000000018      20646574726f7070
 2244 1 ffffffffffe02480 00673023 sd          , a4, t1, 0000000000000000        
 2245 1 ffffffffffe02484 01173423 sd          , a4, a7, 0000000000000008        
 2246 1 ffffffffffe02488 01073823 sd          , a4, a6, 0000000000000010        
 2247 1 ffffffffffe0248c 00a73c23 sd          , a4, a0, 0000000000000018        
 2248 1 ffffffffffe02490 02078793 addi        a5, a5, x0, 0000000000000020      ffffffffffe02c00
 2249 1 ffffffffffe02494 02070713 addi        a4, a4, x0, 0000000000000020                  2c00
 2250 1 ffffffffffe02498 fcc79ce3 bne         , a5, a2, 00000000ffffffd8        
 2251 1 ffffffffffe02470 0007b303 ld          t1, a5, x0, 0000000000000000      646f6d2070746173
 2252 1 ffffffffffe02474 0087b883 ld          a7, a5, x0, 0000000000000008                 a2265
 2253 1 ffffffffffe02478 0107b803 ld          a6, a5, x0, 0000000000000010                     0
 2254 1 ffffffffffe0247c 0187b503 ld          a0, a5, x0, 0000000000000018                     0
 2255 1 ffffffffffe02480 00673023 sd          , a4, t1, 0000000000000000        
 2256 1 ffffffffffe02484 01173423 sd          , a4, a7, 0000000000000008        
 2257 1 ffffffffffe02488 01073823 sd          , a4, a6, 0000000000000010        
 2258 1 ffffffffffe0248c 00a73c23 sd          , a4, a0, 0000000000000018        
 2259 1 ffffffffffe02490 02078793 addi        a5, a5, x0, 0000000000000020      ffffffffffe02c20
 2260 1 ffffffffffe02494 02070713 addi        a4, a4, x0, 0000000000000020                  2c20
 2261 1 ffffffffffe02498 fcc79ce3 bne         , a5, a2, 00000000ffffffd8        
 2262 1 ffffffffffe02470 0007b303 ld          t1, a5, x0, 0000000000000000                     0
 2263 1 ffffffffffe02474 0087b883 ld          a7, a5, x0, 0000000000000008                     0
 2264 1 ffffffffffe02478 0107b803 ld          a6, a5, x0, 0000000000000010                     0
 2265 1 ffffffffffe0247c 0187b503 ld          a0, a5, x0, 0000000000000018                     0
 2266 1 ffffffffffe02480 00673023 sd          , a4, t1, 0000000000000000        
 2267 1 ffffffffffe02484 01173423 sd          , a4, a7, 0000000000000008        
 2268 1 ffffffffffe02488 01073823 sd          , a4, a6, 0000000000000010        
 2269 1 ffffffffffe0248c 00a73c23 sd          , a4, a0, 0000000000000018        
 2270 1 ffffffffffe02490 02078793 addi        a5, a5, x0, 0000000000000020      ffffffffffe02c40
 2271 1 ffffffffffe02494 02070713 addi        a4, a4, x0, 0000000000000020                  2c40
 2272 1 ffffffffffe02498 fcc79ce3 bne         , a5, a2, 00000000ffffffd8        
 2273 1 ffffffffffe02470 0007b303 ld          t1, a5, x0, 0000000000000000                     0
 2274 1 ffffffffffe02474 0087b883 ld          a7, a5, x0, 0000000000000008                     0
 2275 1 ffffffffffe02478 0107b803 ld          a6, a5, x0, 0000000000000010                     0
 2276 1 ffffffffffe0247c 0187b503 ld          a0, a5, x0, 0000000000000018                     0
 2277 1 ffffffffffe02480 00673023 sd          , a4, t1, 0000000000000000        
 2278 1 ffffffffffe02484 01173423 sd          , a4, a7, 0000000000000008        
 2279 1 ffffffffffe02488 01073823 sd          , a4, a6, 0000000000000010        
 2280 1 ffffffffffe0248c 00a73c23 sd          , a4, a0, 0000000000000018        
 2281 1 ffffffffffe02490 02078793 addi        a5, a5, x0, 0000000000000020      ffffffffffe02c60
 2282 1 ffffffffffe02494 02070713 addi        a4, a4, x0, 0000000000000020                  2c60
 2283 1 ffffffffffe02498 fcc79ce3 bne         , a5, a2, 00000000ffffffd8        
 2284 1 ffffffffffe02470 0007b303 ld          t1, a5, x0, 0000000000000000                     0
 2285 1 ffffffffffe02474 0087b883 ld          a7, a5, x0, 0000000000000008                     0
 2286 1 ffffffffffe02478 0107b803 ld          a6, a5, x0, 0000000000000010                     0
 2287 1 ffffffffffe0247c 0187b503 ld          a0, a5, x0, 0000000000000018                     0
 2288 1 ffffffffffe02480 00673023 sd          , a4, t1, 0000000000000000        
 2289 1 ffffffffffe02484 01173423 sd          , a4, a7, 0000000000000008        
 2290 1 ffffffffffe02488 01073823 sd          , a4, a6, 0000000000000010        
 2291 1 ffffffffffe0248c 00a73c23 sd          , a4, a0, 0000000000000018        
 2292 1 ffffffffffe02490 02078793 addi        a5, a5, x0, 0000000000000020      ffffffffffe02c80
 2293 1 ffffffffffe02494 02070713 addi        a4, a4, x0, 0000000000000020                  2c80
 2294 1 ffffffffffe02498 fcc79ce3 bne         , a5, a2, 00000000ffffffd8        
 2295 1 ffffffffffe02470 0007b303 ld          t1, a5, x0, 0000000000000000                     0
 2296 1 ffffffffffe02474 0087b883 ld          a7, a5, x0, 0000000000000008                     0
 2297 1 ffffffffffe02478 0107b803 ld          a6, a5, x0, 0000000000000010                     0
 2298 1 ffffffffffe0247c 0187b503 ld          a0, a5, x0, 0000000000000018                     0
 2299 1 ffffffffffe02480 00673023 sd          , a4, t1, 0000000000000000        
 2300 1 ffffffffffe02484 01173423 sd          , a4, a7, 0000000000000008        
 2301 1 ffffffffffe02488 01073823 sd          , a4, a6, 0000000000000010        
 2302 1 ffffffffffe0248c 00a73c23 sd          , a4, a0, 0000000000000018        
 2303 1 ffffffffffe02490 02078793 addi        a5, a5, x0, 0000000000000020      ffffffffffe02ca0
 2304 1 ffffffffffe02494 02070713 addi        a4, a4, x0, 0000000000000020                  2ca0
 2305 1 ffffffffffe02498 fcc79ce3 bne         , a5, a2, 00000000ffffffd8        
 2306 1 ffffffffffe02470 0007b303 ld          t1, a5, x0, 0000000000000000                     0
 2307 1 ffffffffffe02474 0087b883 ld          a7, a5, x0, 0000000000000008                     0
 2308 1 ffffffffffe02478 0107b803 ld          a6, a5, x0, 0000000000000010                     0
 2309 1 ffffffffffe0247c 0187b503 ld          a0, a5, x0, 0000000000000018                     0
 2310 1 ffffffffffe02480 00673023 sd          , a4, t1, 0000000000000000        
 2311 1 ffffffffffe02484 01173423 sd          , a4, a7, 0000000000000008        
 2312 1 ffffffffffe02488 01073823 sd          , a4, a6, 0000000000000010        
 2313 1 ffffffffffe0248c 00a73c23 sd          , a4, a0, 0000000000000018        
 2314 1 ffffffffffe02490 02078793 addi        a5, a5, x0, 0000000000000020      ffffffffffe02cc0
 2315 1 ffffffffffe02494 02070713 addi        a4, a4, x0, 0000000000000020                  2cc0
 2316 1 ffffffffffe02498 fcc79ce3 bne         , a5, a2, 00000000ffffffd8        
 2317 1 ffffffffffe02470 0007b303 ld          t1, a5, x0, 0000000000000000                     0
 2318 1 ffffffffffe02474 0087b883 ld          a7, a5, x0, 0000000000000008                     0
 2319 1 ffffffffffe02478 0107b803 ld          a6, a5, x0, 0000000000000010                     0
 2320 1 ffffffffffe0247c 0187b503 ld          a0, a5, x0, 0000000000000018                     0
 2321 1 ffffffffffe02480 00673023 sd          , a4, t1, 0000000000000000        
 2322 1 ffffffffffe02484 01173423 sd          , a4, a7, 0000000000000008        
 2323 1 ffffffffffe02488 01073823 sd          , a4, a6, 0000000000000010        
 2324 1 ffffffffffe0248c 00a73c23 sd          , a4, a0, 0000000000000018        
 2325 1 ffffffffffe02490 02078793 addi        a5, a5, x0, 0000000000000020      ffffffffffe02ce0
 2326 1 ffffffffffe02494 02070713 addi        a4, a4, x0, 0000000000000020                  2ce0
 2327 1 ffffffffffe02498 fcc79ce3 bne         , a5, a2, 00000000ffffffd8        
 2328 1 ffffffffffe02470 0007b303 ld          t1, a5, x0, 0000000000000000                     0
 2329 1 ffffffffffe02474 0087b883 ld          a7, a5, x0, 0000000000000008                     0
 2330 1 ffffffffffe02478 0107b803 ld          a6, a5, x0, 0000000000000010                     0
 2331 1 ffffffffffe0247c 0187b503 ld          a0, a5, x0, 0000000000000018                     0
 2332 1 ffffffffffe02480 00673023 sd          , a4, t1, 0000000000000000        
 2333 1 ffffffffffe02484 01173423 sd          , a4, a7, 0000000000000008        
 2334 1 ffffffffffe02488 01073823 sd          , a4, a6, 0000000000000010        
 2335 1 ffffffffffe0248c 00a73c23 sd          , a4, a0, 0000000000000018        
 2336 1 ffffffffffe02490 02078793 addi        a5, a5, x0, 0000000000000020      ffffffffffe02d00
 2337 1 ffffffffffe02494 02070713 addi        a4, a4, x0, 0000000000000020                  2d00
 2338 1 ffffffffffe02498 fcc79ce3 bne         , a5, a2, 00000000ffffffd8        
 2339 1 ffffffffffe02470 0007b303 ld          t1, a5, x0, 0000000000000000                     0
 2340 1 ffffffffffe02474 0087b883 ld          a7, a5, x0, 0000000000000008                     0
 2341 1 ffffffffffe02478 0107b803 ld          a6, a5, x0, 0000000000000010                     0
 2342 1 ffffffffffe0247c 0187b503 ld          a0, a5, x0, 0000000000000018                     0
 2343 1 ffffffffffe02480 00673023 sd          , a4, t1, 0000000000000000        
 2344 1 ffffffffffe02484 01173423 sd          , a4, a7, 0000000000000008        
 2345 1 ffffffffffe02488 01073823 sd          , a4, a6, 0000000000000010        
 2346 1 ffffffffffe0248c 00a73c23 sd          , a4, a0, 0000000000000018        
 2347 1 ffffffffffe02490 02078793 addi        a5, a5, x0, 0000000000000020      ffffffffffe02d20
 2348 1 ffffffffffe02494 02070713 addi        a4, a4, x0, 0000000000000020                  2d20
 2349 1 ffffffffffe02498 fcc79ce3 bne         , a5, a2, 00000000ffffffd8        
 2350 1 ffffffffffe02470 0007b303 ld          t1, a5, x0, 0000000000000000                     0
 2351 1 ffffffffffe02474 0087b883 ld          a7, a5, x0, 0000000000000008                     0
 2352 1 ffffffffffe02478 0107b803 ld          a6, a5, x0, 0000000000000010                     0
 2353 1 ffffffffffe0247c 0187b503 ld          a0, a5, x0, 0000000000000018                     0
 2354 1 ffffffffffe02480 00673023 sd          , a4, t1, 0000000000000000        
 2355 1 ffffffffffe02484 01173423 sd          , a4, a7, 0000000000000008        
 2356 1 ffffffffffe02488 01073823 sd          , a4, a6, 0000000000000010        
 2357 1 ffffffffffe0248c 00a73c23 sd          , a4, a0, 0000000000000018        
 2358 1 ffffffffffe02490 02078793 addi        a5, a5, x0, 0000000000000020      ffffffffffe02d40
 2359 1 ffffffffffe02494 02070713 addi        a4, a4, x0, 0000000000000020                  2d40
 2360 1 ffffffffffe02498 fcc79ce3 bne         , a5, a2, 00000000ffffffd8        
 2361 1 ffffffffffe02470 0007b303 ld          t1, a5, x0, 0000000000000000                     0
 2362 1 ffffffffffe02474 0087b883 ld          a7, a5, x0, 0000000000000008                     0
 2363 1 ffffffffffe02478 0107b803 ld          a6, a5, x0, 0000000000000010                     0
 2364 1 ffffffffffe0247c 0187b503 ld          a0, a5, x0, 0000000000000018                     0
 2365 1 ffffffffffe02480 00673023 sd          , a4, t1, 0000000000000000        
 2366 1 ffffffffffe02484 01173423 sd          , a4, a7, 0000000000000008        
 2367 1 ffffffffffe02488 01073823 sd          , a4, a6, 0000000000000010        
 2368 1 ffffffffffe0248c 00a73c23 sd          , a4, a0, 0000000000000018        
 2369 1 ffffffffffe02490 02078793 addi        a5, a5, x0, 0000000000000020      ffffffffffe02d60
 2370 1 ffffffffffe02494 02070713 addi        a4, a4, x0, 0000000000000020                  2d60
 2371 1 ffffffffffe02498 fcc79ce3 bne         , a5, a2, 00000000ffffffd8        
 2372 1 ffffffffffe02470 0007b303 ld          t1, a5, x0, 0000000000000000                     0
 2373 1 ffffffffffe02474 0087b883 ld          a7, a5, x0, 0000000000000008                     0
 2374 1 ffffffffffe02478 0107b803 ld          a6, a5, x0, 0000000000000010                     0
 2375 1 ffffffffffe0247c 0187b503 ld          a0, a5, x0, 0000000000000018                     0
 2376 1 ffffffffffe02480 00673023 sd          , a4, t1, 0000000000000000        
 2377 1 ffffffffffe02484 01173423 sd          , a4, a7, 0000000000000008        
 2378 1 ffffffffffe02488 01073823 sd          , a4, a6, 0000000000000010        
 2379 1 ffffffffffe0248c 00a73c23 sd          , a4, a0, 0000000000000018        
 2380 1 ffffffffffe02490 02078793 addi        a5, a5, x0, 0000000000000020      ffffffffffe02d80
 2381 1 ffffffffffe02494 02070713 addi        a4, a4, x0, 0000000000000020                  2d80
 2382 1 ffffffffffe02498 fcc79ce3 bne         , a5, a2, 00000000ffffffd8        
 2383 1 ffffffffffe02470 0007b303 ld          t1, a5, x0, 0000000000000000                     0
 2384 1 ffffffffffe02474 0087b883 ld          a7, a5, x0, 0000000000000008                     0
 2385 1 ffffffffffe02478 0107b803 ld          a6, a5, x0, 0000000000000010                     0
 2386 1 ffffffffffe0247c 0187b503 ld          a0, a5, x0, 0000000000000018                     0
 2387 1 ffffffffffe02480 00673023 sd          , a4, t1, 0000000000000000        
 2388 1 ffffffffffe02484 01173423 sd          , a4, a7, 0000000000000008        
 2389 1 ffffffffffe02488 01073823 sd          , a4, a6, 0000000000000010        
 2390 1 ffffffffffe0248c 00a73c23 sd          , a4, a0, 0000000000000018        
 2391 1 ffffffffffe02490 02078793 addi        a5, a5, x0, 0000000000000020      ffffffffffe02da0
 2392 1 ffffffffffe02494 02070713 addi        a4, a4, x0, 0000000000000020                  2da0
 2393 1 ffffffffffe02498 fcc79ce3 bne         , a5, a2, 00000000ffffffd8        
 2394 1 ffffffffffe02470 0007b303 ld          t1, a5, x0, 0000000000000000                     0
 2395 1 ffffffffffe02474 0087b883 ld          a7, a5, x0, 0000000000000008                     0
 2396 1 ffffffffffe02478 0107b803 ld          a6, a5, x0, 0000000000000010                     0
 2397 1 ffffffffffe0247c 0187b503 ld          a0, a5, x0, 0000000000000018                     0
 2398 1 ffffffffffe02480 00673023 sd          , a4, t1, 0000000000000000        
 2399 1 ffffffffffe02484 01173423 sd          , a4, a7, 0000000000000008        
 2400 1 ffffffffffe02488 01073823 sd          , a4, a6, 0000000000000010        
 2401 1 ffffffffffe0248c 00a73c23 sd          , a4, a0, 0000000000000018        
 2402 1 ffffffffffe02490 02078793 addi        a5, a5, x0, 0000000000000020      ffffffffffe02dc0
 2403 1 ffffffffffe02494 02070713 addi        a4, a4, x0, 0000000000000020                  2dc0
 2404 1 ffffffffffe02498 fcc79ce3 bne         , a5, a2, 00000000ffffffd8        
 2405 1 ffffffffffe02470 0007b303 ld          t1, a5, x0, 0000000000000000                     0
 2406 1 ffffffffffe02474 0087b883 ld          a7, a5, x0, 0000000000000008                     0
 2407 1 ffffffffffe02478 0107b803 ld          a6, a5, x0, 0000000000000010                     0
 2408 1 ffffffffffe0247c 0187b503 ld          a0, a5, x0, 0000000000000018                     0
 2409 1 ffffffffffe02480 00673023 sd          , a4, t1, 0000000000000000        
 2410 1 ffffffffffe02484 01173423 sd          , a4, a7, 0000000000000008        
 2411 1 ffffffffffe02488 01073823 sd          , a4, a6, 0000000000000010        
 2412 1 ffffffffffe0248c 00a73c23 sd          , a4, a0, 0000000000000018        
 2413 1 ffffffffffe02490 02078793 addi        a5, a5, x0, 0000000000000020      ffffffffffe02de0
 2414 1 ffffffffffe02494 02070713 addi        a4, a4, x0, 0000000000000020                  2de0
 2415 1 ffffffffffe02498 fcc79ce3 bne         , a5, a2, 00000000ffffffd8        
 2416 1 ffffffffffe02470 0007b303 ld          t1, a5, x0, 0000000000000000                     0
 2417 1 ffffffffffe02474 0087b883 ld          a7, a5, x0, 0000000000000008                     0
 2418 1 ffffffffffe02478 0107b803 ld          a6, a5, x0, 0000000000000010                     0
 2419 1 ffffffffffe0247c 0187b503 ld          a0, a5, x0, 0000000000000018                     0
 2420 1 ffffffffffe02480 00673023 sd          , a4, t1, 0000000000000000        
 2421 1 ffffffffffe02484 01173423 sd          , a4, a7, 0000000000000008        
 2422 1 ffffffffffe02488 01073823 sd          , a4, a6, 0000000000000010        
 2423 1 ffffffffffe0248c 00a73c23 sd          , a4, a0, 0000000000000018        
 2424 1 ffffffffffe02490 02078793 addi        a5, a5, x0, 0000000000000020      ffffffffffe02e00
 2425 1 ffffffffffe02494 02070713 addi        a4, a4, x0, 0000000000000020                  2e00
 2426 1 ffffffffffe02498 fcc79ce3 bne         , a5, a2, 00000000ffffffd8        
 2427 1 ffffffffffe02470 0007b303 ld          t1, a5, x0, 0000000000000000                     0
 2428 1 ffffffffffe02474 0087b883 ld          a7, a5, x0, 0000000000000008                     0
 2429 1 ffffffffffe02478 0107b803 ld          a6, a5, x0, 0000000000000010                     0
 2430 1 ffffffffffe0247c 0187b503 ld          a0, a5, x0, 0000000000000018                     0
 2431 1 ffffffffffe02480 00673023 sd          , a4, t1, 0000000000000000        
 2432 1 ffffffffffe02484 01173423 sd          , a4, a7, 0000000000000008        
 2433 1 ffffffffffe02488 01073823 sd          , a4, a6, 0000000000000010        
 2434 1 ffffffffffe0248c 00a73c23 sd          , a4, a0, 0000000000000018        
 2435 1 ffffffffffe02490 02078793 addi        a5, a5, x0, 0000000000000020      ffffffffffe02e20
 2436 1 ffffffffffe02494 02070713 addi        a4, a4, x0, 0000000000000020                  2e20
 2437 1 ffffffffffe02498 fcc79ce3 bne         , a5, a2, 00000000ffffffd8        
 2438 1 ffffffffffe02470 0007b303 ld          t1, a5, x0, 0000000000000000                     0
 2439 1 ffffffffffe02474 0087b883 ld          a7, a5, x0, 0000000000000008                     0
 2440 1 ffffffffffe02478 0107b803 ld          a6, a5, x0, 0000000000000010                     0
 2441 1 ffffffffffe0247c 0187b503 ld          a0, a5, x0, 0000000000000018                     0
 2442 1 ffffffffffe02480 00673023 sd          , a4, t1, 0000000000000000        
 2443 1 ffffffffffe02484 01173423 sd          , a4, a7, 0000000000000008        
 2444 1 ffffffffffe02488 01073823 sd          , a4, a6, 0000000000000010        
 2445 1 ffffffffffe0248c 00a73c23 sd          , a4, a0, 0000000000000018        
 2446 1 ffffffffffe02490 02078793 addi        a5, a5, x0, 0000000000000020      ffffffffffe02e40
 2447 1 ffffffffffe02494 02070713 addi        a4, a4, x0, 0000000000000020                  2e40
 2448 1 ffffffffffe02498 fcc79ce3 bne         , a5, a2, 00000000ffffffd8        
 2449 1 ffffffffffe02470 0007b303 ld          t1, a5, x0, 0000000000000000                     0
 2450 1 ffffffffffe02474 0087b883 ld          a7, a5, x0, 0000000000000008                     0
 2451 1 ffffffffffe02478 0107b803 ld          a6, a5, x0, 0000000000000010                     0
 2452 1 ffffffffffe0247c 0187b503 ld          a0, a5, x0, 0000000000000018                     0
 2453 1 ffffffffffe02480 00673023 sd          , a4, t1, 0000000000000000        
 2454 1 ffffffffffe02484 01173423 sd          , a4, a7, 0000000000000008        
 2455 1 ffffffffffe02488 01073823 sd          , a4, a6, 0000000000000010        
 2456 1 ffffffffffe0248c 00a73c23 sd          , a4, a0, 0000000000000018        
 2457 1 ffffffffffe02490 02078793 addi        a5, a5, x0, 0000000000000020      ffffffffffe02e60
 2458 1 ffffffffffe02494 02070713 addi        a4, a4, x0, 0000000000000020                  2e60
 2459 1 ffffffffffe02498 fcc79ce3 bne         , a5, a2, 00000000ffffffd8        
 2460 1 ffffffffffe02470 0007b303 ld          t1, a5, x0, 0000000000000000                     0
 2461 1 ffffffffffe02474 0087b883 ld          a7, a5, x0, 0000000000000008                     0
 2462 1 ffffffffffe02478 0107b803 ld          a6, a5, x0, 0000000000000010                     0
 2463 1 ffffffffffe0247c 0187b503 ld          a0, a5, x0, 0000000000000018                     0
 2464 1 ffffffffffe02480 00673023 sd          , a4, t1, 0000000000000000        
 2465 1 ffffffffffe02484 01173423 sd          , a4, a7, 0000000000000008        
 2466 1 ffffffffffe02488 01073823 sd          , a4, a6, 0000000000000010        
 2467 1 ffffffffffe0248c 00a73c23 sd          , a4, a0, 0000000000000018        
 2468 1 ffffffffffe02490 02078793 addi        a5, a5, x0, 0000000000000020      ffffffffffe02e80
 2469 1 ffffffffffe02494 02070713 addi        a4, a4, x0, 0000000000000020                  2e80
 2470 1 ffffffffffe02498 fcc79ce3 bne         , a5, a2, 00000000ffffffd8        
 2471 1 ffffffffffe02470 0007b303 ld          t1, a5, x0, 0000000000000000                     0
 2472 1 ffffffffffe02474 0087b883 ld          a7, a5, x0, 0000000000000008                     0
 2473 1 ffffffffffe02478 0107b803 ld          a6, a5, x0, 0000000000000010                     0
 2474 1 ffffffffffe0247c 0187b503 ld          a0, a5, x0, 0000000000000018                     0
 2475 1 ffffffffffe02480 00673023 sd          , a4, t1, 0000000000000000        
 2476 1 ffffffffffe02484 01173423 sd          , a4, a7, 0000000000000008        
 2477 1 ffffffffffe02488 01073823 sd          , a4, a6, 0000000000000010        
 2478 1 ffffffffffe0248c 00a73c23 sd          , a4, a0, 0000000000000018        
 2479 1 ffffffffffe02490 02078793 addi        a5, a5, x0, 0000000000000020      ffffffffffe02ea0
 2480 1 ffffffffffe02494 02070713 addi        a4, a4, x0, 0000000000000020                  2ea0
 2481 1 ffffffffffe02498 fcc79ce3 bne         , a5, a2, 00000000ffffffd8        
 2482 1 ffffffffffe02470 0007b303 ld          t1, a5, x0, 0000000000000000                     0
 2483 1 ffffffffffe02474 0087b883 ld          a7, a5, x0, 0000000000000008                     0
 2484 1 ffffffffffe02478 0107b803 ld          a6, a5, x0, 0000000000000010                     0
 2485 1 ffffffffffe0247c 0187b503 ld          a0, a5, x0, 0000000000000018                     0
 2486 1 ffffffffffe02480 00673023 sd          , a4, t1, 0000000000000000        
 2487 1 ffffffffffe02484 01173423 sd          , a4, a7, 0000000000000008        
 2488 1 ffffffffffe02488 01073823 sd          , a4, a6, 0000000000000010        
 2489 1 ffffffffffe0248c 00a73c23 sd          , a4, a0, 0000000000000018        
 2490 1 ffffffffffe02490 02078793 addi        a5, a5, x0, 0000000000000020      ffffffffffe02ec0
 2491 1 ffffffffffe02494 02070713 addi        a4, a4, x0, 0000000000000020                  2ec0
 2492 1 ffffffffffe02498 fcc79ce3 bne         , a5, a2, 00000000ffffffd8        
 2493 1 ffffffffffe02470 0007b303 ld          t1, a5, x0, 0000000000000000                     0
 2494 1 ffffffffffe02474 0087b883 ld          a7, a5, x0, 0000000000000008                     0
 2495 1 ffffffffffe02478 0107b803 ld          a6, a5, x0, 0000000000000010                     0
 2496 1 ffffffffffe0247c 0187b503 ld          a0, a5, x0, 0000000000000018                     0
 2497 1 ffffffffffe02480 00673023 sd          , a4, t1, 0000000000000000        
 2498 1 ffffffffffe02484 01173423 sd          , a4, a7, 0000000000000008        
 2499 1 ffffffffffe02488 01073823 sd          , a4, a6, 0000000000000010        
 2500 1 ffffffffffe0248c 00a73c23 sd          , a4, a0, 0000000000000018        
 2501 1 ffffffffffe02490 02078793 addi        a5, a5, x0, 0000000000000020      ffffffffffe02ee0
 2502 1 ffffffffffe02494 02070713 addi        a4, a4, x0, 0000000000000020                  2ee0
 2503 1 ffffffffffe02498 fcc79ce3 bne         , a5, a2, 00000000ffffffd8        
 2504 1 ffffffffffe02470 0007b303 ld          t1, a5, x0, 0000000000000000                     0
 2505 1 ffffffffffe02474 0087b883 ld          a7, a5, x0, 0000000000000008                     0
 2506 1 ffffffffffe02478 0107b803 ld          a6, a5, x0, 0000000000000010                     0
 2507 1 ffffffffffe0247c 0187b503 ld          a0, a5, x0, 0000000000000018                     0
 2508 1 ffffffffffe02480 00673023 sd          , a4, t1, 0000000000000000        
 2509 1 ffffffffffe02484 01173423 sd          , a4, a7, 0000000000000008        
 2510 1 ffffffffffe02488 01073823 sd          , a4, a6, 0000000000000010        
 2511 1 ffffffffffe0248c 00a73c23 sd          , a4, a0, 0000000000000018        
 2512 1 ffffffffffe02490 02078793 addi        a5, a5, x0, 0000000000000020      ffffffffffe02f00
 2513 1 ffffffffffe02494 02070713 addi        a4, a4, x0, 0000000000000020                  2f00
 2514 1 ffffffffffe02498 fcc79ce3 bne         , a5, a2, 00000000ffffffd8        
 2515 1 ffffffffffe02470 0007b303 ld          t1, a5, x0, 0000000000000000                     0
 2516 1 ffffffffffe02474 0087b883 ld          a7, a5, x0, 0000000000000008                     0
 2517 1 ffffffffffe02478 0107b803 ld          a6, a5, x0, 0000000000000010                     0
 2518 1 ffffffffffe0247c 0187b503 ld          a0, a5, x0, 0000000000000018                     0
 2519 1 ffffffffffe02480 00673023 sd          , a4, t1, 0000000000000000        
 2520 1 ffffffffffe02484 01173423 sd          , a4, a7, 0000000000000008        
 2521 1 ffffffffffe02488 01073823 sd          , a4, a6, 0000000000000010        
 2522 1 ffffffffffe0248c 00a73c23 sd          , a4, a0, 0000000000000018        
 2523 1 ffffffffffe02490 02078793 addi        a5, a5, x0, 0000000000000020      ffffffffffe02f20
 2524 1 ffffffffffe02494 02070713 addi        a4, a4, x0, 0000000000000020                  2f20
 2525 1 ffffffffffe02498 fcc79ce3 bne         , a5, a2, 00000000ffffffd8        
 2526 1 ffffffffffe02470 0007b303 ld          t1, a5, x0, 0000000000000000                     0
 2527 1 ffffffffffe02474 0087b883 ld          a7, a5, x0, 0000000000000008                     0
 2528 1 ffffffffffe02478 0107b803 ld          a6, a5, x0, 0000000000000010                     0
 2529 1 ffffffffffe0247c 0187b503 ld          a0, a5, x0, 0000000000000018                     0
 2530 1 ffffffffffe02480 00673023 sd          , a4, t1, 0000000000000000        
 2531 1 ffffffffffe02484 01173423 sd          , a4, a7, 0000000000000008        
 2532 1 ffffffffffe02488 01073823 sd          , a4, a6, 0000000000000010        
 2533 1 ffffffffffe0248c 00a73c23 sd          , a4, a0, 0000000000000018        
 2534 1 ffffffffffe02490 02078793 addi        a5, a5, x0, 0000000000000020      ffffffffffe02f40
 2535 1 ffffffffffe02494 02070713 addi        a4, a4, x0, 0000000000000020                  2f40
 2536 1 ffffffffffe02498 fcc79ce3 bne         , a5, a2, 00000000ffffffd8        
 2537 1 ffffffffffe02470 0007b303 ld          t1, a5, x0, 0000000000000000                     0
 2538 1 ffffffffffe02474 0087b883 ld          a7, a5, x0, 0000000000000008                     0
 2539 1 ffffffffffe02478 0107b803 ld          a6, a5, x0, 0000000000000010                     0
 2540 1 ffffffffffe0247c 0187b503 ld          a0, a5, x0, 0000000000000018                     0
 2541 1 ffffffffffe02480 00673023 sd          , a4, t1, 0000000000000000        
 2542 1 ffffffffffe02484 01173423 sd          , a4, a7, 0000000000000008        
 2543 1 ffffffffffe02488 01073823 sd          , a4, a6, 0000000000000010        
 2544 1 ffffffffffe0248c 00a73c23 sd          , a4, a0, 0000000000000018        
 2545 1 ffffffffffe02490 02078793 addi        a5, a5, x0, 0000000000000020      ffffffffffe02f60
 2546 1 ffffffffffe02494 02070713 addi        a4, a4, x0, 0000000000000020                  2f60
 2547 1 ffffffffffe02498 fcc79ce3 bne         , a5, a2, 00000000ffffffd8        
 2548 1 ffffffffffe02470 0007b303 ld          t1, a5, x0, 0000000000000000                     0
 2549 1 ffffffffffe02474 0087b883 ld          a7, a5, x0, 0000000000000008                     0
 2550 1 ffffffffffe02478 0107b803 ld          a6, a5, x0, 0000000000000010                     0
 2551 1 ffffffffffe0247c 0187b503 ld          a0, a5, x0, 0000000000000018                     0
 2552 1 ffffffffffe02480 00673023 sd          , a4, t1, 0000000000000000        
 2553 1 ffffffffffe02484 01173423 sd          , a4, a7, 0000000000000008        
 2554 1 ffffffffffe02488 01073823 sd          , a4, a6, 0000000000000010        
 2555 1 ffffffffffe0248c 00a73c23 sd          , a4, a0, 0000000000000018        
 2556 1 ffffffffffe02490 02078793 addi        a5, a5, x0, 0000000000000020      ffffffffffe02f80
 2557 1 ffffffffffe02494 02070713 addi        a4, a4, x0, 0000000000000020                  2f80
 2558 1 ffffffffffe02498 fcc79ce3 bne         , a5, a2, 00000000ffffffd8        
 2559 1 ffffffffffe02470 0007b303 ld          t1, a5, x0, 0000000000000000                     0
 2560 1 ffffffffffe02474 0087b883 ld          a7, a5, x0, 0000000000000008                     0
 2561 1 ffffffffffe02478 0107b803 ld          a6, a5, x0, 0000000000000010                     0
 2562 1 ffffffffffe0247c 0187b503 ld          a0, a5, x0, 0000000000000018                     0
 2563 1 ffffffffffe02480 00673023 sd          , a4, t1, 0000000000000000        
 2564 1 ffffffffffe02484 01173423 sd          , a4, a7, 0000000000000008        
 2565 1 ffffffffffe02488 01073823 sd          , a4, a6, 0000000000000010        
 2566 1 ffffffffffe0248c 00a73c23 sd          , a4, a0, 0000000000000018        
 2567 1 ffffffffffe02490 02078793 addi        a5, a5, x0, 0000000000000020      ffffffffffe02fa0
 2568 1 ffffffffffe02494 02070713 addi        a4, a4, x0, 0000000000000020                  2fa0
 2569 1 ffffffffffe02498 fcc79ce3 bne         , a5, a2, 00000000ffffffd8        
 2570 1 ffffffffffe02470 0007b303 ld          t1, a5, x0, 0000000000000000                     0
 2571 1 ffffffffffe02474 0087b883 ld          a7, a5, x0, 0000000000000008                     0
 2572 1 ffffffffffe02478 0107b803 ld          a6, a5, x0, 0000000000000010                     0
 2573 1 ffffffffffe0247c 0187b503 ld          a0, a5, x0, 0000000000000018                     0
 2574 1 ffffffffffe02480 00673023 sd          , a4, t1, 0000000000000000        
 2575 1 ffffffffffe02484 01173423 sd          , a4, a7, 0000000000000008        
 2576 1 ffffffffffe02488 01073823 sd          , a4, a6, 0000000000000010        
 2577 1 ffffffffffe0248c 00a73c23 sd          , a4, a0, 0000000000000018        
 2578 1 ffffffffffe02490 02078793 addi        a5, a5, x0, 0000000000000020      ffffffffffe02fc0
 2579 1 ffffffffffe02494 02070713 addi        a4, a4, x0, 0000000000000020                  2fc0
 2580 1 ffffffffffe02498 fcc79ce3 bne         , a5, a2, 00000000ffffffd8        
 2581 1 ffffffffffe02470 0007b303 ld          t1, a5, x0, 0000000000000000                     0
 2582 1 ffffffffffe02474 0087b883 ld          a7, a5, x0, 0000000000000008                     0
 2583 1 ffffffffffe02478 0107b803 ld          a6, a5, x0, 0000000000000010                     0
 2584 1 ffffffffffe0247c 0187b503 ld          a0, a5, x0, 0000000000000018                     0
 2585 1 ffffffffffe02480 00673023 sd          , a4, t1, 0000000000000000        
 2586 1 ffffffffffe02484 01173423 sd          , a4, a7, 0000000000000008        
 2587 1 ffffffffffe02488 01073823 sd          , a4, a6, 0000000000000010        
 2588 1 ffffffffffe0248c 00a73c23 sd          , a4, a0, 0000000000000018        
 2589 1 ffffffffffe02490 02078793 addi        a5, a5, x0, 0000000000000020      ffffffffffe02fe0
 2590 1 ffffffffffe02494 02070713 addi        a4, a4, x0, 0000000000000020                  2fe0
 2591 1 ffffffffffe02498 fcc79ce3 bne         , a5, a2, 00000000ffffffd8        
 2592 1 ffffffffffe02470 0007b303 ld          t1, a5, x0, 0000000000000000                     0
 2593 1 ffffffffffe02474 0087b883 ld          a7, a5, x0, 0000000000000008                     0
 2594 1 ffffffffffe02478 0107b803 ld          a6, a5, x0, 0000000000000010                     0
 2595 1 ffffffffffe0247c 0187b503 ld          a0, a5, x0, 0000000000000018                     0
 2596 1 ffffffffffe02480 00673023 sd          , a4, t1, 0000000000000000        
 2597 1 ffffffffffe02484 01173423 sd          , a4, a7, 0000000000000008        
 2598 1 ffffffffffe02488 01073823 sd          , a4, a6, 0000000000000010        
 2599 1 ffffffffffe0248c 00a73c23 sd          , a4, a0, 0000000000000018        
 2600 1 ffffffffffe02490 02078793 addi        a5, a5, x0, 0000000000000020      ffffffffffe03000
 2601 1 ffffffffffe02494 02070713 addi        a4, a4, x0, 0000000000000020                  3000
 2602 1 ffffffffffe02498 fcc79ce3 bne         , a5, a2, 00000000ffffffd8        
 2603 1 ffffffffffe0249c 10059073 csrrw       , a1, x0, 0000000000000100        
 2604 1 ffffffffffe024a0 00391913 slli        s2, s2, x0, 0000000000000003                  3010
 2605 1 ffffffffffe024a4 012484b3 add         s1, s1, s2, 0000000000000000      ffffffffffe07010
 2606 1 ffffffffffe024a8 00d4b023 sd          , s1, a3, 0000000000000000        
 2607 1 ffffffffffe024ac 12040073 sfencevma   , s0, x0, 0000000000000000        
 2608 1 ffffffffffe024b0 0000100f fencei      , x0, x0, 0000000000000000        
 2609 1 ffffffffffe024b4 04813083 ld          ra, sp, x0, 0000000000000048      ffffffffffe025f8
 2610 1 ffffffffffe024b8 04013403 ld          s0, sp, x0, 0000000000000040      ffffffffffe0bee0
 2611 1 ffffffffffe024bc 03813483 ld          s1, sp, x0, 0000000000000038                     0
 2612 1 ffffffffffe024c0 03013903 ld          s2, sp, x0, 0000000000000030                     0
 2613 1 ffffffffffe024c4 02813983 ld          s3, sp, x0, 0000000000000028                     0
 2614 1 ffffffffffe024c8 02013a03 ld          s4, sp, x0, 0000000000000020                     0
 2615 1 ffffffffffe024cc 01813a83 ld          s5, sp, x0, 0000000000000018                     0
 2616 1 ffffffffffe024d0 05010113 addi        sp, sp, x0, 0000000000000050      ffffffffffe0be60
 2617 1 ffffffffffe024d4 00008067 jalr        , ra, x0, 0000000000000000        
 2618 1 ffffffffffe025f8 00040513 addi        a0, s0, x0, 0000000000000000      ffffffffffe0bee0
 2619 1 ffffffffffe025fc 07013403 ld          s0, sp, x0, 0000000000000070                     0
 2620 1 ffffffffffe02600 07813083 ld          ra, sp, x0, 0000000000000078                     0
 2621 1 ffffffffffe02604 06813483 ld          s1, sp, x0, 0000000000000068                     0
 2622 1 ffffffffffe02608 06013903 ld          s2, sp, x0, 0000000000000060                     0
 2623 1 ffffffffffe0260c 05813983 ld          s3, sp, x0, 0000000000000058                     0
 2624 1 ffffffffffe02610 05013a03 ld          s4, sp, x0, 0000000000000050                     0
 2625 1 ffffffffffe02614 04813a83 ld          s5, sp, x0, 0000000000000048                     0
 2626 1 ffffffffffe02618 04013b03 ld          s6, sp, x0, 0000000000000040                     0
 2627 1 ffffffffffe0261c 03813b83 ld          s7, sp, x0, 0000000000000038                     0
 2628 1 ffffffffffe02620 03013c03 ld          s8, sp, x0, 0000000000000030                     0
 2629 1 ffffffffffe02624 02813c83 ld          s9, sp, x0, 0000000000000028                     0
 2630 1 ffffffffffe02628 02013d03 ld          s10, sp, x0, 0000000000000020                    0
 2631 1 ffffffffffe0262c 01813d83 ld          s11, sp, x0, 0000000000000018                    0
 2632 1 ffffffffffe02630 08010113 addi        sp, sp, x0, 0000000000000080      ffffffffffe0bee0
 2633 1 ffffffffffe02634 a99fd06f jal         , x0, x0, 00000000ffffda98        
 2634 1 ffffffffffe000cc 10853283 ld          t0, a0, x0, 0000000000000108                  29f4
 2635 1 ffffffffffe000d0 14129073 csrrw       , t0, x0, 0000000000000141        
 2636 1 ffffffffffe000d4 00853083 ld          ra, a0, x0, 0000000000000008                     0
 2637 1 ffffffffffe000d8 01053103 ld          sp, a0, x0, 0000000000000010                     0
 2638 1 ffffffffffe000dc 01853183 ld          gp, a0, x0, 0000000000000018                     0
 2639 1 ffffffffffe000e0 02053203 ld          tp, a0, x0, 0000000000000020                     0
 2640 1 ffffffffffe000e4 02853283 ld          t0, a0, x0, 0000000000000028                     0
 2641 1 ffffffffffe000e8 03053303 ld          t1, a0, x0, 0000000000000030                     0
 2642 1 ffffffffffe000ec 03853383 ld          t2, a0, x0, 0000000000000038                     0
 2643 1 ffffffffffe000f0 04053403 ld          s0, a0, x0, 0000000000000040                     0
 2644 1 ffffffffffe000f4 04853483 ld          s1, a0, x0, 0000000000000048                     0
 2645 1 ffffffffffe000f8 05853583 ld          a1, a0, x0, 0000000000000058                     0
 2646 1 ffffffffffe000fc 06053603 ld          a2, a0, x0, 0000000000000060                     0
 2647 1 ffffffffffe00100 06853683 ld          a3, a0, x0, 0000000000000068                     0
 2648 1 ffffffffffe00104 07053703 ld          a4, a0, x0, 0000000000000070                     0
 2649 1 ffffffffffe00108 07853783 ld          a5, a0, x0, 0000000000000078                     0
 2650 1 ffffffffffe0010c 08053803 ld          a6, a0, x0, 0000000000000080                     0
 2651 1 ffffffffffe00110 08853883 ld          a7, a0, x0, 0000000000000088                     0
 2652 1 ffffffffffe00114 09053903 ld          s2, a0, x0, 0000000000000090                     0
 2653 1 ffffffffffe00118 09853983 ld          s3, a0, x0, 0000000000000098                     0
 2654 1 ffffffffffe0011c 0a053a03 ld          s4, a0, x0, 00000000000000a0                     0
 2655 1 ffffffffffe00120 0a853a83 ld          s5, a0, x0, 00000000000000a8                     0
 2656 1 ffffffffffe00124 0b053b03 ld          s6, a0, x0, 00000000000000b0                     0
 2657 1 ffffffffffe00128 0b853b83 ld          s7, a0, x0, 00000000000000b8                     0
 2658 1 ffffffffffe0012c 0c053c03 ld          s8, a0, x0, 00000000000000c0                     0
 2659 1 ffffffffffe00130 0c853c83 ld          s9, a0, x0, 00000000000000c8                     0
 2660 1 ffffffffffe00134 0d053d03 ld          s10, a0, x0, 00000000000000d0                    0
 2661 1 ffffffffffe00138 0d853d83 ld          s11, a0, x0, 00000000000000d8                    0
 2662 1 ffffffffffe0013c 0e053e03 ld          t3, a0, x0, 00000000000000e0                     0
 2663 1 ffffffffffe00140 0e853e83 ld          t4, a0, x0, 00000000000000e8                     0
 2664 1 ffffffffffe00144 0f053f03 ld          t5, a0, x0, 00000000000000f0                     0
 2665 1 ffffffffffe00148 0f853f83 ld          t6, a0, x0, 00000000000000f8                     0
 2666 1 ffffffffffe0014c 05053503 ld          a0, a0, x0, 0000000000000050                     0
 2667 0 ffffffffffe00150 10200073 sret        , x0, x0, 0000000000000000        
 2668 1 00000000000029f4 <inaccessible>                                         --can't fetch from 00000000000029f4--
 2669 1 ffffffffffe00154 14011173 csrrw       sp, sp, x0, 0000000000000140      ffffffffffe0bee0
 2670 1 ffffffffffe00158 00113423 sd          , sp, ra, 0000000000000008        
 2671 1 ffffffffffe0015c 00313c23 sd          , sp, gp, 0000000000000018        
 2672 1 ffffffffffe00160 02413023 sd          , sp, tp, 0000000000000020        
 2673 1 ffffffffffe00164 02513423 sd          , sp, t0, 0000000000000028        
 2674 1 ffffffffffe00168 02613823 sd          , sp, t1, 0000000000000030        
 2675 1 ffffffffffe0016c 02713c23 sd          , sp, t2, 0000000000000038        
 2676 1 ffffffffffe00170 04813023 sd          , sp, s0, 0000000000000040        
 2677 1 ffffffffffe00174 04913423 sd          , sp, s1, 0000000000000048        
 2678 1 ffffffffffe00178 04a13823 sd          , sp, a0, 0000000000000050        
 2679 1 ffffffffffe0017c 04b13c23 sd          , sp, a1, 0000000000000058        
 2680 1 ffffffffffe00180 06c13023 sd          , sp, a2, 0000000000000060        
 2681 1 ffffffffffe00184 06d13423 sd          , sp, a3, 0000000000000068        
 2682 1 ffffffffffe00188 06e13823 sd          , sp, a4, 0000000000000070        
 2683 1 ffffffffffe0018c 06f13c23 sd          , sp, a5, 0000000000000078        
 2684 1 ffffffffffe00190 09013023 sd          , sp, a6, 0000000000000080        
 2685 1 ffffffffffe00194 09113423 sd          , sp, a7, 0000000000000088        
 2686 1 ffffffffffe00198 09213823 sd          , sp, s2, 0000000000000090        
 2687 1 ffffffffffe0019c 09313c23 sd          , sp, s3, 0000000000000098        
 2688 1 ffffffffffe001a0 0b413023 sd          , sp, s4, 00000000000000a0        
 2689 1 ffffffffffe001a4 0b513423 sd          , sp, s5, 00000000000000a8        
 2690 1 ffffffffffe001a8 0b613823 sd          , sp, s6, 00000000000000b0        
 2691 1 ffffffffffe001ac 0b713c23 sd          , sp, s7, 00000000000000b8        
 2692 1 ffffffffffe001b0 0d813023 sd          , sp, s8, 00000000000000c0        
 2693 1 ffffffffffe001b4 0d913423 sd          , sp, s9, 00000000000000c8        
 2694 1 ffffffffffe001b8 0da13823 sd          , sp, s10, 00000000000000d0       
 2695 1 ffffffffffe001bc 0db13c23 sd          , sp, s11, 00000000000000d8       
 2696 1 ffffffffffe001c0 0fc13023 sd          , sp, t3, 00000000000000e0        
 2697 1 ffffffffffe001c4 0fd13423 sd          , sp, t4, 00000000000000e8        
 2698 1 ffffffffffe001c8 0fe13823 sd          , sp, t5, 00000000000000f0        
 2699 1 ffffffffffe001cc 0ff13c23 sd          , sp, t6, 00000000000000f8        
 2700 1 ffffffffffe001d0 140112f3 csrrw       t0, sp, x0, 0000000000000140                     0
 2701 1 ffffffffffe001d4 00513823 sd          , sp, t0, 0000000000000010        
 2702 1 ffffffffffe001d8 100022f3 csrrs       t0, x0, x0, 0000000000000100      8000000200006000
 2703 1 ffffffffffe001dc 10513023 sd          , sp, t0, 0000000000000100        
 2704 1 ffffffffffe001e0 141022f3 csrrs       t0, x0, x0, 0000000000000141                  29f4
 2705 1 ffffffffffe001e4 10513423 sd          , sp, t0, 0000000000000108        
 2706 1 ffffffffffe001e8 143022f3 csrrs       t0, x0, x0, 0000000000000143                  29f4
 2707 1 ffffffffffe001ec 10513823 sd          , sp, t0, 0000000000000110        
 2708 1 ffffffffffe001f0 142022f3 csrrs       t0, x0, x0, 0000000000000142                     c
 2709 1 ffffffffffe001f4 10513c23 sd          , sp, t0, 0000000000000118        
 2710 1 ffffffffffe001f8 00010513 addi        a0, sp, x0, 0000000000000000      ffffffffffe0bee0
 2711 1 ffffffffffe001fc 3880206f jal         , x0, x0, 0000000000002388        
 2712 1 ffffffffffe02584 f8010113 addi        sp, sp, x0, 00000000ffffff80      ffffffffffe0be60
 2713 1 ffffffffffe02588 06813823 sd          , sp, s0, 0000000000000070        
 2714 1 ffffffffffe0258c 06113c23 sd          , sp, ra, 0000000000000078        
 2715 1 ffffffffffe02590 06913423 sd          , sp, s1, 0000000000000068        
 2716 1 ffffffffffe02594 07213023 sd          , sp, s2, 0000000000000060        
 2717 1 ffffffffffe02598 05313c23 sd          , sp, s3, 0000000000000058        
 2718 1 ffffffffffe0259c 05413823 sd          , sp, s4, 0000000000000050        
 2719 1 ffffffffffe025a0 05513423 sd          , sp, s5, 0000000000000048        
 2720 1 ffffffffffe025a4 05613023 sd          , sp, s6, 0000000000000040        
 2721 1 ffffffffffe025a8 03713c23 sd          , sp, s7, 0000000000000038        
 2722 1 ffffffffffe025ac 03813823 sd          , sp, s8, 0000000000000030        
 2723 1 ffffffffffe025b0 03913423 sd          , sp, s9, 0000000000000028        
 2724 1 ffffffffffe025b4 03a13023 sd          , sp, s10, 0000000000000020       
 2725 1 ffffffffffe025b8 01b13c23 sd          , sp, s11, 0000000000000018       
 2726 1 ffffffffffe025bc 00050413 addi        s0, a0, x0, 0000000000000000      ffffffffffe0bee0
 2727 1 ffffffffffe025c0 424000ef jal         ra, x0, x0, 0000000000000424      ffffffffffe025c4
 2728 1 ffffffffffe029e4 00000513 addi        a0, x0, x0, 0000000000000000                     0
 2729 1 ffffffffffe029e8 00008067 jalr        , ra, x0, 0000000000000000        
 2730 1 ffffffffffe025c4 0e051263 bne         , a0, x0, 00000000000000e4        
 2731 1 ffffffffffe025c8 11843583 ld          a1, s0, x0, 0000000000000118                     c
 2732 1 ffffffffffe025cc 00800793 addi        a5, x0, x0, 0000000000000008                     8
 2733 1 ffffffffffe025d0 10f58063 beq         , a1, a5, 0000000000000100        
 2734 1 ffffffffffe025d4 00200793 addi        a5, x0, x0, 0000000000000002                     2
 2735 1 ffffffffffe025d8 06f58063 beq         , a1, a5, 0000000000000060        
 2736 1 ffffffffffe025dc ff458793 addi        a5, a1, x0, 00000000fffffff4                     0
 2737 1 ffffffffffe025e0 00100713 addi        a4, x0, x0, 0000000000000001                     1
 2738 1 ffffffffffe025e4 00f77663 bgeu        , a4, a5, 000000000000000c        
 2739 1 ffffffffffe025f0 11043503 ld          a0, s0, x0, 0000000000000110                  29f4
 2740 1 ffffffffffe025f4 d7dff0ef jal         ra, x0, x0, 00000000fffffd7c      ffffffffffe025f8
 2741 1 ffffffffffe02370 fb010113 addi        sp, sp, x0, 00000000ffffffb0      ffffffffffe0be10
 2742 1 ffffffffffe02374 00100793 addi        a5, x0, x0, 0000000000000001                     1
 2743 1 ffffffffffe02378 04813023 sd          , sp, s0, 0000000000000040        
 2744 1 ffffffffffe0237c fffff437 lui         s0, x0, x0, 00000000fffff000      fffffffffffff000
 2745 1 ffffffffffe02380 00f12223 sw          , sp, a5, 0000000000000004        
 2746 1 ffffffffffe02384 04113423 sd          , sp, ra, 0000000000000048        
 2747 1 ffffffffffe02388 02913c23 sd          , sp, s1, 0000000000000038        
 2748 1 ffffffffffe0238c 03213823 sd          , sp, s2, 0000000000000030        
 2749 1 ffffffffffe02390 03313423 sd          , sp, s3, 0000000000000028        
 2750 1 ffffffffffe02394 03413023 sd          , sp, s4, 0000000000000020        
 2751 1 ffffffffffe02398 01513c23 sd          , sp, s5, 0000000000000018        
 2752 1 ffffffffffe0239c 00013423 sd          , sp, x0, 0000000000000008        
 2753 1 ffffffffffe023a0 00850733 add         a4, a0, s0, 0000000000000000                  19f4
 2754 1 ffffffffffe023a4 0003e7b7 lui         a5, x0, x0, 000000000003e000                 3e000
 2755 1 ffffffffffe023a8 18f77663 bgeu        , a4, a5, 000000000000018c        
 2756 1 ffffffffffe023ac 00c55993 srli        s3, a0, x0, 000000000000000c                     2
 2757 1 ffffffffffe023b0 60098913 addi        s2, s3, x0, 0000000000000600                   602
 2758 1 ffffffffffe023b4 00002497 auipc       s1, x0, x0, 0000000000002000      ffffffffffe043b4
 2759 1 ffffffffffe023b8 c4c48493 addi        s1, s1, x0, 00000000fffffc4c      ffffffffffe04000
 2760 1 ffffffffffe023bc 00391793 slli        a5, s2, x0, 0000000000000003                  3010
 2761 1 ffffffffffe023c0 00f487b3 add         a5, s1, a5, 0000000000000000      ffffffffffe07010
 2762 1 ffffffffffe023c4 0007b703 ld          a4, a5, x0, 0000000000000000              2001bc1f
 2763 1 ffffffffffe023c8 00857433 and         s0, a0, s0, 0000000000000000                  2000
 2764 1 ffffffffffe023cc 10071663 bne         , a4, x0, 000000000000010c        
 2765 1 ffffffffffe024d8 04077693 andi        a3, a4, x0, 0000000000000040                     0
 2766 1 ffffffffffe024dc 02068e63 beq         , a3, x0, 000000000000003c        
 2767 1 ffffffffffe02518 04076713 ori         a4, a4, x0, 0000000000000040              2001bc5f
 2768 1 ffffffffffe0251c 00e7b023 sd          , a5, a4, 0000000000000000        
 2769 1 ffffffffffe02520 12040073 sfencevma   , s0, x0, 0000000000000000        
 2770 1 ffffffffffe02524 f91ff06f jal         , x0, x0, 00000000ffffff90        
 2771 1 ffffffffffe024b4 04813083 ld          ra, sp, x0, 0000000000000048      ffffffffffe025f8
 2772 1 ffffffffffe024b8 04013403 ld          s0, sp, x0, 0000000000000040      ffffffffffe0bee0
 2773 1 ffffffffffe024bc 03813483 ld          s1, sp, x0, 0000000000000038                     0
 2774 1 ffffffffffe024c0 03013903 ld          s2, sp, x0, 0000000000000030                     0
 2775 1 ffffffffffe024c4 02813983 ld          s3, sp, x0, 0000000000000028                     0
 2776 1 ffffffffffe024c8 02013a03 ld          s4, sp, x0, 0000000000000020                     0
 2777 1 ffffffffffe024cc 01813a83 ld          s5, sp, x0, 0000000000000018                     0
 2778 1 ffffffffffe024d0 05010113 addi        sp, sp, x0, 0000000000000050      ffffffffffe0be60
 2779 1 ffffffffffe024d4 00008067 jalr        , ra, x0, 0000000000000000        
 2780 1 ffffffffffe025f8 00040513 addi        a0, s0, x0, 0000000000000000      ffffffffffe0bee0
 2781 1 ffffffffffe025fc 07013403 ld          s0, sp, x0, 0000000000000070                     0
 2782 1 ffffffffffe02600 07813083 ld          ra, sp, x0, 0000000000000078                     0
 2783 1 ffffffffffe02604 06813483 ld          s1, sp, x0, 0000000000000068                     0
 2784 1 ffffffffffe02608 06013903 ld          s2, sp, x0, 0000000000000060                     0
 2785 1 ffffffffffe0260c 05813983 ld          s3, sp, x0, 0000000000000058                     0
 2786 1 ffffffffffe02610 05013a03 ld          s4, sp, x0, 0000000000000050                     0
 2787 1 ffffffffffe02614 04813a83 ld          s5, sp, x0, 0000000000000048                     0
 2788 1 ffffffffffe02618 04013b03 ld          s6, sp, x0, 0000000000000040                     0
 2789 1 ffffffffffe0261c 03813b83 ld          s7, sp, x0, 0000000000000038                     0
 2790 1 ffffffffffe02620 03013c03 ld          s8, sp, x0, 0000000000000030                     0
 2791 1 ffffffffffe02624 02813c83 ld          s9, sp, x0, 0000000000000028                     0
 2792 1 ffffffffffe02628 02013d03 ld          s10, sp, x0, 0000000000000020                    0
 2793 1 ffffffffffe0262c 01813d83 ld          s11, sp, x0, 0000000000000018                    0
 2794 1 ffffffffffe02630 08010113 addi        sp, sp, x0, 0000000000000080      ffffffffffe0bee0
 2795 1 ffffffffffe02634 a99fd06f jal         , x0, x0, 00000000ffffda98        
 2796 1 ffffffffffe000cc 10853283 ld          t0, a0, x0, 0000000000000108                  29f4
 2797 1 ffffffffffe000d0 14129073 csrrw       , t0, x0, 0000000000000141        
 2798 1 ffffffffffe000d4 00853083 ld          ra, a0, x0, 0000000000000008                     0
 2799 1 ffffffffffe000d8 01053103 ld          sp, a0, x0, 0000000000000010                     0
 2800 1 ffffffffffe000dc 01853183 ld          gp, a0, x0, 0000000000000018                     0
 2801 1 ffffffffffe000e0 02053203 ld          tp, a0, x0, 0000000000000020                     0
 2802 1 ffffffffffe000e4 02853283 ld          t0, a0, x0, 0000000000000028                     0
 2803 1 ffffffffffe000e8 03053303 ld          t1, a0, x0, 0000000000000030                     0
 2804 1 ffffffffffe000ec 03853383 ld          t2, a0, x0, 0000000000000038                     0
 2805 1 ffffffffffe000f0 04053403 ld          s0, a0, x0, 0000000000000040                     0
 2806 1 ffffffffffe000f4 04853483 ld          s1, a0, x0, 0000000000000048                     0
 2807 1 ffffffffffe000f8 05853583 ld          a1, a0, x0, 0000000000000058                     0
 2808 1 ffffffffffe000fc 06053603 ld          a2, a0, x0, 0000000000000060                     0
 2809 1 ffffffffffe00100 06853683 ld          a3, a0, x0, 0000000000000068                     0
 2810 1 ffffffffffe00104 07053703 ld          a4, a0, x0, 0000000000000070                     0
 2811 1 ffffffffffe00108 07853783 ld          a5, a0, x0, 0000000000000078                     0
 2812 1 ffffffffffe0010c 08053803 ld          a6, a0, x0, 0000000000000080                     0
 2813 1 ffffffffffe00110 08853883 ld          a7, a0, x0, 0000000000000088                     0
 2814 1 ffffffffffe00114 09053903 ld          s2, a0, x0, 0000000000000090                     0
 2815 1 ffffffffffe00118 09853983 ld          s3, a0, x0, 0000000000000098                     0
 2816 1 ffffffffffe0011c 0a053a03 ld          s4, a0, x0, 00000000000000a0                     0
 2817 1 ffffffffffe00120 0a853a83 ld          s5, a0, x0, 00000000000000a8                     0
 2818 1 ffffffffffe00124 0b053b03 ld          s6, a0, x0, 00000000000000b0                     0
 2819 1 ffffffffffe00128 0b853b83 ld          s7, a0, x0, 00000000000000b8                     0
 2820 1 ffffffffffe0012c 0c053c03 ld          s8, a0, x0, 00000000000000c0                     0
 2821 1 ffffffffffe00130 0c853c83 ld          s9, a0, x0, 00000000000000c8                     0
 2822 1 ffffffffffe00134 0d053d03 ld          s10, a0, x0, 00000000000000d0                    0
 2823 1 ffffffffffe00138 0d853d83 ld          s11, a0, x0, 00000000000000d8                    0
 2824 1 ffffffffffe0013c 0e053e03 ld          t3, a0, x0, 00000000000000e0                     0
 2825 1 ffffffffffe00140 0e853e83 ld          t4, a0, x0, 00000000000000e8                     0
 2826 1 ffffffffffe00144 0f053f03 ld          t5, a0, x0, 00000000000000f0                     0
 2827 1 ffffffffffe00148 0f853f83 ld          t6, a0, x0, 00000000000000f8                     0
 2828 1 ffffffffffe0014c 05053503 ld          a0, a0, x0, 0000000000000050                     0
 2829 0 ffffffffffe00150 10200073 sret        , x0, x0, 0000000000000000        
 2830 0 00000000000029f4 00100513 addi        a0, x0, x0, 0000000000000001                     1
 2831 1 00000000000029f8 00000073 ecall       , x0, x0, 0000000000000000        
 2832 1 ffffffffffe00154 14011173 csrrw       sp, sp, x0, 0000000000000140      ffffffffffe0bee0
 2833 1 ffffffffffe00158 00113423 sd          , sp, ra, 0000000000000008        
 2834 1 ffffffffffe0015c 00313c23 sd          , sp, gp, 0000000000000018        
 2835 1 ffffffffffe00160 02413023 sd          , sp, tp, 0000000000000020        
 2836 1 ffffffffffe00164 02513423 sd          , sp, t0, 0000000000000028        
 2837 1 ffffffffffe00168 02613823 sd          , sp, t1, 0000000000000030        
 2838 1 ffffffffffe0016c 02713c23 sd          , sp, t2, 0000000000000038        
 2839 1 ffffffffffe00170 04813023 sd          , sp, s0, 0000000000000040        
 2840 1 ffffffffffe00174 04913423 sd          , sp, s1, 0000000000000048        
 2841 1 ffffffffffe00178 04a13823 sd          , sp, a0, 0000000000000050        
 2842 1 ffffffffffe0017c 04b13c23 sd          , sp, a1, 0000000000000058        
 2843 1 ffffffffffe00180 06c13023 sd          , sp, a2, 0000000000000060        
 2844 1 ffffffffffe00184 06d13423 sd          , sp, a3, 0000000000000068        
 2845 1 ffffffffffe00188 06e13823 sd          , sp, a4, 0000000000000070        
 2846 1 ffffffffffe0018c 06f13c23 sd          , sp, a5, 0000000000000078        
 2847 1 ffffffffffe00190 09013023 sd          , sp, a6, 0000000000000080        
 2848 1 ffffffffffe00194 09113423 sd          , sp, a7, 0000000000000088        
 2849 1 ffffffffffe00198 09213823 sd          , sp, s2, 0000000000000090        
 2850 1 ffffffffffe0019c 09313c23 sd          , sp, s3, 0000000000000098        
 2851 1 ffffffffffe001a0 0b413023 sd          , sp, s4, 00000000000000a0        
 2852 1 ffffffffffe001a4 0b513423 sd          , sp, s5, 00000000000000a8        
 2853 1 ffffffffffe001a8 0b613823 sd          , sp, s6, 00000000000000b0        
 2854 1 ffffffffffe001ac 0b713c23 sd          , sp, s7, 00000000000000b8        
 2855 1 ffffffffffe001b0 0d813023 sd          , sp, s8, 00000000000000c0        
 2856 1 ffffffffffe001b4 0d913423 sd          , sp, s9, 00000000000000c8        
 2857 1 ffffffffffe001b8 0da13823 sd          , sp, s10, 00000000000000d0       
 2858 1 ffffffffffe001bc 0db13c23 sd          , sp, s11, 00000000000000d8       
 2859 1 ffffffffffe001c0 0fc13023 sd          , sp, t3, 00000000000000e0        
 2860 1 ffffffffffe001c4 0fd13423 sd          , sp, t4, 00000000000000e8        
 2861 1 ffffffffffe001c8 0fe13823 sd          , sp, t5, 00000000000000f0        
 2862 1 ffffffffffe001cc 0ff13c23 sd          , sp, t6, 00000000000000f8        
 2863 1 ffffffffffe001d0 140112f3 csrrw       t0, sp, x0, 0000000000000140                     0
 2864 1 ffffffffffe001d4 00513823 sd          , sp, t0, 0000000000000010        
 2865 1 ffffffffffe001d8 100022f3 csrrs       t0, x0, x0, 0000000000000100      8000000200006000
 2866 1 ffffffffffe001dc 10513023 sd          , sp, t0, 0000000000000100        
 2867 1 ffffffffffe001e0 141022f3 csrrs       t0, x0, x0, 0000000000000141                  29f8
 2868 1 ffffffffffe001e4 10513423 sd          , sp, t0, 0000000000000108        
 2869 1 ffffffffffe001e8 143022f3 csrrs       t0, x0, x0, 0000000000000143                     0
 2870 1 ffffffffffe001ec 10513823 sd          , sp, t0, 0000000000000110        
 2871 1 ffffffffffe001f0 142022f3 csrrs       t0, x0, x0, 0000000000000142                     8
 2872 1 ffffffffffe001f4 10513c23 sd          , sp, t0, 0000000000000118        
 2873 1 ffffffffffe001f8 00010513 addi        a0, sp, x0, 0000000000000000      ffffffffffe0bee0
 2874 1 ffffffffffe001fc 3880206f jal         , x0, x0, 0000000000002388        
 2875 1 ffffffffffe02584 f8010113 addi        sp, sp, x0, 00000000ffffff80      ffffffffffe0be60
 2876 1 ffffffffffe02588 06813823 sd          , sp, s0, 0000000000000070        
 2877 1 ffffffffffe0258c 06113c23 sd          , sp, ra, 0000000000000078        
 2878 1 ffffffffffe02590 06913423 sd          , sp, s1, 0000000000000068        
 2879 1 ffffffffffe02594 07213023 sd          , sp, s2, 0000000000000060        
 2880 1 ffffffffffe02598 05313c23 sd          , sp, s3, 0000000000000058        
 2881 1 ffffffffffe0259c 05413823 sd          , sp, s4, 0000000000000050        
 2882 1 ffffffffffe025a0 05513423 sd          , sp, s5, 0000000000000048        
 2883 1 ffffffffffe025a4 05613023 sd          , sp, s6, 0000000000000040        
 2884 1 ffffffffffe025a8 03713c23 sd          , sp, s7, 0000000000000038        
 2885 1 ffffffffffe025ac 03813823 sd          , sp, s8, 0000000000000030        
 2886 1 ffffffffffe025b0 03913423 sd          , sp, s9, 0000000000000028        
 2887 1 ffffffffffe025b4 03a13023 sd          , sp, s10, 0000000000000020       
 2888 1 ffffffffffe025b8 01b13c23 sd          , sp, s11, 0000000000000018       
 2889 1 ffffffffffe025bc 00050413 addi        s0, a0, x0, 0000000000000000      ffffffffffe0bee0
 2890 1 ffffffffffe025c0 424000ef jal         ra, x0, x0, 0000000000000424      ffffffffffe025c4
 2891 1 ffffffffffe029e4 00000513 addi        a0, x0, x0, 0000000000000000                     0
 2892 1 ffffffffffe029e8 00008067 jalr        , ra, x0, 0000000000000000        
 2893 1 ffffffffffe025c4 0e051263 bne         , a0, x0, 00000000000000e4        
 2894 1 ffffffffffe025c8 11843583 ld          a1, s0, x0, 0000000000000118                     8
 2895 1 ffffffffffe025cc 00800793 addi        a5, x0, x0, 0000000000000008                     8
 2896 1 ffffffffffe025d0 10f58063 beq         , a1, a5, 0000000000000100        
 2897 1 ffffffffffe026d0 05042903 lw          s2, s0, x0, 0000000000000050                     1
 2898 1 ffffffffffe026d4 00001c37 lui         s8, x0, x0, 0000000000001000                  1000
 2899 1 ffffffffffe026d8 00001497 auipc       s1, x0, x0, 0000000000001000      ffffffffffe036d8
 2900 1 ffffffffffe026dc 92848493 addi        s1, s1, x0, 00000000fffff928      ffffffffffe03000
 2901 1 ffffffffffe026e0 00002b97 auipc       s7, x0, x0, 0000000000002000      ffffffffffe046e0
 2902 1 ffffffffffe026e4 920b8b93 addi        s7, s7, x0, 00000000fffff920      ffffffffffe04000
 2903 1 ffffffffffe026e8 00040b37 lui         s6, x0, x0, 0000000000040000                 40000
 2904 1 ffffffffffe026ec ffe00ab7 lui         s5, x0, x0, 00000000ffe00000      ffffffffffe00000
 2905 1 ffffffffffe026f0 00006d97 auipc       s11, x0, x0, 0000000000006000     ffffffffffe086f0
 2906 1 ffffffffffe026f4 910d8d93 addi        s11, s11, x0, 00000000fffff910    ffffffffffe08000
 2907 1 ffffffffffe026f8 00006a17 auipc       s4, x0, x0, 0000000000006000      ffffffffffe086f8
 2908 1 ffffffffffe026fc 910a0a13 addi        s4, s4, x0, 00000000fffff910      ffffffffffe08008
 2909 1 ffffffffffe02700 0003f9b7 lui         s3, x0, x0, 000000000003f000                 3f000
 2910 1 ffffffffffe02704 0180006f jal         , x0, x0, 0000000000000018        
 2911 1 ffffffffffe0271c 00cc5793 srli        a5, s8, x0, 000000000000000c                     1
 2912 1 ffffffffffe02720 00479413 slli        s0, a5, x0, 0000000000000004                    10
 2913 1 ffffffffffe02724 00848733 add         a4, s1, s0, 0000000000000000      ffffffffffe03010
 2914 1 ffffffffffe02728 00073703 ld          a4, a4, x0, 0000000000000000                     0
 2915 1 ffffffffffe0272c fe0702e3 beq         , a4, x0, 00000000ffffffe4        
 2916 1 ffffffffffe02710 000017b7 lui         a5, x0, x0, 0000000000001000                  1000
 2917 1 ffffffffffe02714 00fc0c33 add         s8, s8, a5, 0000000000000000                  2000
 2918 1 ffffffffffe02718 0d3c0263 beq         , s8, s3, 00000000000000c4        
 2919 1 ffffffffffe0271c 00cc5793 srli        a5, s8, x0, 000000000000000c                     2
 2920 1 ffffffffffe02720 00479413 slli        s0, a5, x0, 0000000000000004                    20
 2921 1 ffffffffffe02724 00848733 add         a4, s1, s0, 0000000000000000      ffffffffffe03020
 2922 1 ffffffffffe02728 00073703 ld          a4, a4, x0, 0000000000000000              8006f000
 2923 1 ffffffffffe0272c fe0702e3 beq         , a4, x0, 00000000ffffffe4        
 2924 1 ffffffffffe02730 60078793 addi        a5, a5, x0, 0000000000000600                   602
 2925 1 ffffffffffe02734 00379793 slli        a5, a5, x0, 0000000000000003                  3010
 2926 1 ffffffffffe02738 00fb87b3 add         a5, s7, a5, 0000000000000000      ffffffffffe07010
 2927 1 ffffffffffe0273c 0007bc83 ld          s9, a5, x0, 0000000000000000              2001bc5f
 2928 1 ffffffffffe02740 040cf793 andi        a5, s9, x0, 0000000000000040                    40
 2929 1 ffffffffffe02744 08078263 beq         , a5, x0, 0000000000000084        
 2930 1 ffffffffffe02748 100b2d73 csrrs       s10, s6, x0, 0000000000000100     8000000200006000
 2931 1 ffffffffffe0274c 015c07b3 add         a5, s8, s5, 0000000000000000      ffffffffffe02000
 2932 1 ffffffffffe02750 00001637 lui         a2, x0, x0, 0000000000001000                  1000
 2933 1 ffffffffffe02754 00078593 addi        a1, a5, x0, 0000000000000000      ffffffffffe02000
 2934 1 ffffffffffe02758 000c0513 addi        a0, s8, x0, 0000000000000000                  2000
 2935 1 ffffffffffe0275c 00f13423 sd          , sp, a5, 0000000000000008        
 2936 1 ffffffffffe02760 9d5ff0ef jal         ra, x0, x0, 00000000fffff9d4      ffffffffffe02764
 2937 1 ffffffffffe02134 00b567b3 or          a5, a0, a1, 0000000000000000      ffffffffffe02000
 2938 1 ffffffffffe02138 0077f793 andi        a5, a5, x0, 0000000000000007                     0
 2939 1 ffffffffffe0213c 02079e63 bne         , a5, x0, 000000000000003c        
 2940 1 ffffffffffe02140 ff867813 andi        a6, a2, x0, 00000000fffffff8                  1000
 2941 1 ffffffffffe02144 01050833 add         a6, a0, a6, 0000000000000000                  3000
 2942 1 ffffffffffe02148 03057863 bgeu        , a0, a6, 0000000000000030        
 2943 1 ffffffffffe0214c 00050793 addi        a5, a0, x0, 0000000000000000                  2000
 2944 1 ffffffffffe02150 0100006f jal         , x0, x0, 0000000000000010        
 2945 1 ffffffffffe02160 0007b683 ld          a3, a5, x0, 0000000000000000        f567b300c5e7b3
 2946 1 ffffffffffe02164 0005b703 ld          a4, a1, x0, 0000000000000000        f567b300c5e7b3
 2947 1 ffffffffffe02168 fee686e3 beq         , a3, a4, 00000000ffffffec        
 2948 1 ffffffffffe02154 00878793 addi        a5, a5, x0, 0000000000000008                  2008
 2949 1 ffffffffffe02158 00858593 addi        a1, a1, x0, 0000000000000008      ffffffffffe02008
 2950 1 ffffffffffe0215c 0107f863 bgeu        , a5, a6, 0000000000000010        
 2951 1 ffffffffffe02160 0007b683 ld          a3, a5, x0, 0000000000000000        c506b30077f793
 2952 1 ffffffffffe02164 0005b703 ld          a4, a1, x0, 0000000000000000        c506b30077f793
 2953 1 ffffffffffe02168 fee686e3 beq         , a3, a4, 00000000ffffffec        
 2954 1 ffffffffffe02154 00878793 addi        a5, a5, x0, 0000000000000008                  2010
 2955 1 ffffffffffe02158 00858593 addi        a1, a1, x0, 0000000000000008      ffffffffffe02010
 2956 1 ffffffffffe0215c 0107f863 bgeu        , a5, a6, 0000000000000010        
 2957 1 ffffffffffe02160 0007b683 ld          a3, a5, x0, 0000000000000000        c5863302078463
 2958 1 ffffffffffe02164 0005b703 ld          a4, a1, x0, 0000000000000000        c5863302078463
 2959 1 ffffffffffe02168 fee686e3 beq         , a3, a4, 00000000ffffffec        
 2960 1 ffffffffffe02154 00878793 addi        a5, a5, x0, 0000000000000008                  2018
 2961 1 ffffffffffe02158 00858593 addi        a1, a1, x0, 0000000000000008      ffffffffffe02018
 2962 1 ffffffffffe0215c 0107f863 bgeu        , a5, a6, 0000000000000010        
 2963 1 ffffffffffe02160 0007b683 ld          a3, a5, x0, 0000000000000000       2d57e6300050793
 2964 1 ffffffffffe02164 0005b703 ld          a4, a1, x0, 0000000000000000       2d57e6300050793
 2965 1 ffffffffffe02168 fee686e3 beq         , a3, a4, 00000000ffffffec        
 2966 1 ffffffffffe02154 00878793 addi        a5, a5, x0, 0000000000000008                  2020
 2967 1 ffffffffffe02158 00858593 addi        a1, a1, x0, 0000000000000008      ffffffffffe02020
 2968 1 ffffffffffe0215c 0107f863 bgeu        , a5, a6, 0000000000000010        
 2969 1 ffffffffffe02160 0007b683 ld          a3, a5, x0, 0000000000000000        1585930005c703
 2970 1 ffffffffffe02164 0005b703 ld          a4, a1, x0, 0000000000000000        1585930005c703
 2971 1 ffffffffffe02168 fee686e3 beq         , a3, a4, 00000000ffffffec        
 2972 1 ffffffffffe02154 00878793 addi        a5, a5, x0, 0000000000000008                  2028
 2973 1 ffffffffffe02158 00858593 addi        a1, a1, x0, 0000000000000008      ffffffffffe02028
 2974 1 ffffffffffe0215c 0107f863 bgeu        , a5, a6, 0000000000000010        
 2975 1 ffffffffffe02160 0007b683 ld          a3, a5, x0, 0000000000000000      fee78fa300178793
 2976 1 ffffffffffe02164 0005b703 ld          a4, a1, x0, 0000000000000000      fee78fa300178793
 2977 1 ffffffffffe02168 fee686e3 beq         , a3, a4, 00000000ffffffec        
 2978 1 ffffffffffe02154 00878793 addi        a5, a5, x0, 0000000000000008                  2030
 2979 1 ffffffffffe02158 00858593 addi        a1, a1, x0, 0000000000000008      ffffffffffe02030
 2980 1 ffffffffffe0215c 0107f863 bgeu        , a5, a6, 0000000000000010        
 2981 1 ffffffffffe02160 0007b683 ld          a3, a5, x0, 0000000000000000          8067fec598e3
 2982 1 ffffffffffe02164 0005b703 ld          a4, a1, x0, 0000000000000000          8067fec598e3
 2983 1 ffffffffffe02168 fee686e3 beq         , a3, a4, 00000000ffffffec        
 2984 1 ffffffffffe02154 00878793 addi        a5, a5, x0, 0000000000000008                  2038
 2985 1 ffffffffffe02158 00858593 addi        a1, a1, x0, 0000000000000008      ffffffffffe02038
 2986 1 ffffffffffe0215c 0107f863 bgeu        , a5, a6, 0000000000000010        
 2987 1 ffffffffffe02160 0007b683 ld          a3, a5, x0, 0000000000000000         50793fed57ee3
 2988 1 ffffffffffe02164 0005b703 ld          a4, a1, x0, 0000000000000000         50793fed57ee3
 2989 1 ffffffffffe02168 fee686e3 beq         , a3, a4, 00000000ffffffec        
 2990 1 ffffffffffe02154 00878793 addi        a5, a5, x0, 0000000000000008                  2040
 2991 1 ffffffffffe02158 00858593 addi        a1, a1, x0, 0000000000000008      ffffffffffe02040
 2992 1 ffffffffffe0215c 0107f863 bgeu        , a5, a6, 0000000000000010        
 2993 1 ffffffffffe02160 0007b683 ld          a3, a5, x0, 0000000000000000        8787930005b703
 2994 1 ffffffffffe02164 0005b703 ld          a4, a1, x0, 0000000000000000        8787930005b703
 2995 1 ffffffffffe02168 fee686e3 beq         , a3, a4, 00000000ffffffec        
 2996 1 ffffffffffe02154 00878793 addi        a5, a5, x0, 0000000000000008                  2048
 2997 1 ffffffffffe02158 00858593 addi        a1, a1, x0, 0000000000000008      ffffffffffe02048
 2998 1 ffffffffffe0215c 0107f863 bgeu        , a5, a6, 0000000000000010        
 2999 1 ffffffffffe02160 0007b683 ld          a3, a5, x0, 0000000000000000      fee7bc2300858593
 3000 1 ffffffffffe02164 0005b703 ld          a4, a1, x0, 0000000000000000      fee7bc2300858593
 3001 1 ffffffffffe02168 fee686e3 beq         , a3, a4, 00000000ffffffec        
 3002 1 ffffffffffe02154 00878793 addi        a5, a5, x0, 0000000000000008                  2050
 3003 1 ffffffffffe02158 00858593 addi        a1, a1, x0, 0000000000000008      ffffffffffe02050
 3004 1 ffffffffffe0215c 0107f863 bgeu        , a5, a6, 0000000000000010        
 3005 1 ffffffffffe02160 0007b683 ld          a3, a5, x0, 0000000000000000          8067fed7e8e3
 3006 1 ffffffffffe02164 0005b703 ld          a4, a1, x0, 0000000000000000          8067fed7e8e3
 3007 1 ffffffffffe02168 fee686e3 beq         , a3, a4, 00000000ffffffec        
 3008 1 ffffffffffe02154 00878793 addi        a5, a5, x0, 0000000000000008                  2058
 3009 1 ffffffffffe02158 00858593 addi        a1, a1, x0, 0000000000000008      ffffffffffe02058
 3010 1 ffffffffffe0215c 0107f863 bgeu        , a5, a6, 0000000000000010        
 3011 1 ffffffffffe02160 0007b683 ld          a3, a5, x0, 0000000000000000      ff01011300008067
 3012 1 ffffffffffe02164 0005b703 ld          a4, a1, x0, 0000000000000000      ff01011300008067
 3013 1 ffffffffffe02168 fee686e3 beq         , a3, a4, 00000000ffffffec        
 3014 1 ffffffffffe02154 00878793 addi        a5, a5, x0, 0000000000000008                  2060
 3015 1 ffffffffffe02158 00858593 addi        a1, a1, x0, 0000000000000008      ffffffffffe02060
 3016 1 ffffffffffe0215c 0107f863 bgeu        , a5, a6, 0000000000000010        
 3017 1 ffffffffffe02160 0007b683 ld          a3, a5, x0, 0000000000000000        81302300c567b3
 3018 1 ffffffffffe02164 0005b703 ld          a4, a1, x0, 0000000000000000        81302300c567b3
 3019 1 ffffffffffe02168 fee686e3 beq         , a3, a4, 00000000ffffffec        
 3020 1 ffffffffffe02154 00878793 addi        a5, a5, x0, 0000000000000008                  2068
 3021 1 ffffffffffe02158 00858593 addi        a1, a1, x0, 0000000000000008      ffffffffffe02068
 3022 1 ffffffffffe0215c 0107f863 bgeu        , a5, a6, 0000000000000010        
 3023 1 ffffffffffe02160 0007b683 ld          a3, a5, x0, 0000000000000000        77f79300113423
 3024 1 ffffffffffe02164 0005b703 ld          a4, a1, x0, 0000000000000000        77f79300113423
 3025 1 ffffffffffe02168 fee686e3 beq         , a3, a4, 00000000ffffffec        
 3026 1 ffffffffffe02154 00878793 addi        a5, a5, x0, 0000000000000008                  2070
 3027 1 ffffffffffe02158 00858593 addi        a1, a1, x0, 0000000000000008      ffffffffffe02070
 3028 1 ffffffffffe0215c 0107f863 bgeu        , a5, a6, 0000000000000010        
 3029 1 ffffffffffe02160 0007b683 ld          a3, a5, x0, 0000000000000000        c5073300050413
 3030 1 ffffffffffe02164 0005b703 ld          a4, a1, x0, 0000000000000000        c5073300050413
 3031 1 ffffffffffe02168 fee686e3 beq         , a3, a4, 00000000ffffffec        
 3032 1 ffffffffffe02154 00878793 addi        a5, a5, x0, 0000000000000008                  2078
 3033 1 ffffffffffe02158 00858593 addi        a1, a1, x0, 0000000000000008      ffffffffffe02078
 3034 1 ffffffffffe0215c 0107f863 bgeu        , a5, a6, 0000000000000010        
 3035 1 ffffffffffe02160 0007b683 ld          a3, a5, x0, 0000000000000000        e5766302078263
 3036 1 ffffffffffe02164 0005b703 ld          a4, a1, x0, 0000000000000000        e5766302078263
 3037 1 ffffffffffe02168 fee686e3 beq         , a3, a4, 00000000ffffffec        
 3038 1 ffffffffffe02154 00878793 addi        a5, a5, x0, 0000000000000008                  2080
 3039 1 ffffffffffe02158 00858593 addi        a1, a1, x0, 0000000000000008      ffffffffffe02080
 3040 1 ffffffffffe0215c 0107f863 bgeu        , a5, a6, 0000000000000010        
 3041 1 ffffffffffe02160 0007b683 ld          a3, a5, x0, 0000000000000000      fd9ff0ef0ff5f593
 3042 1 ffffffffffe02164 0005b703 ld          a4, a1, x0, 0000000000000000      fd9ff0ef0ff5f593
 3043 1 ffffffffffe02168 fee686e3 beq         , a3, a4, 00000000ffffffec        
 3044 1 ffffffffffe02154 00878793 addi        a5, a5, x0, 0000000000000008                  2088
 3045 1 ffffffffffe02158 00858593 addi        a1, a1, x0, 0000000000000008      ffffffffffe02088
 3046 1 ffffffffffe0215c 0107f863 bgeu        , a5, a6, 0000000000000010        
 3047 1 ffffffffffe02160 0007b683 ld          a3, a5, x0, 0000000000000000         4051300813083
 3048 1 ffffffffffe02164 0005b703 ld          a4, a1, x0, 0000000000000000         4051300813083
 3049 1 ffffffffffe02168 fee686e3 beq         , a3, a4, 00000000ffffffec        
 3050 1 ffffffffffe02154 00878793 addi        a5, a5, x0, 0000000000000008                  2090
 3051 1 ffffffffffe02158 00858593 addi        a1, a1, x0, 0000000000000008      ffffffffffe02090
 3052 1 ffffffffffe0215c 0107f863 bgeu        , a5, a6, 0000000000000010        
 3053 1 ffffffffffe02160 0007b683 ld          a3, a5, x0, 0000000000000000       101011300013403
 3054 1 ffffffffffe02164 0005b703 ld          a4, a1, x0, 0000000000000000       101011300013403
 3055 1 ffffffffffe02168 fee686e3 beq         , a3, a4, 00000000ffffffec        
 3056 1 ffffffffffe02154 00878793 addi        a5, a5, x0, 0000000000000008                  2098
 3057 1 ffffffffffe02158 00858593 addi        a1, a1, x0, 0000000000000008      ffffffffffe02098
 3058 1 ffffffffffe0215c 0107f863 bgeu        , a5, a6, 0000000000000010        
 3059 1 ffffffffffe02160 0007b683 ld          a3, a5, x0, 0000000000000000       ff5f59300008067
 3060 1 ffffffffffe02164 0005b703 ld          a4, a1, x0, 0000000000000000       ff5f59300008067
 3061 1 ffffffffffe02168 fee686e3 beq         , a3, a4, 00000000ffffffec        
 3062 1 ffffffffffe02154 00878793 addi        a5, a5, x0, 0000000000000008                  20a0
 3063 1 ffffffffffe02158 00858593 addi        a1, a1, x0, 0000000000000008      ffffffffffe020a0
 3064 1 ffffffffffe0215c 0107f863 bgeu        , a5, a6, 0000000000000010        
 3065 1 ffffffffffe02160 0007b683 ld          a3, a5, x0, 0000000000000000        b6e5b300859693
 3066 1 ffffffffffe02164 0005b703 ld          a4, a1, x0, 0000000000000000        b6e5b300859693
 3067 1 ffffffffffe02168 fee686e3 beq         , a3, a4, 00000000ffffffec        
 3068 1 ffffffffffe02154 00878793 addi        a5, a5, x0, 0000000000000008                  20a8
 3069 1 ffffffffffe02158 00858593 addi        a1, a1, x0, 0000000000000008      ffffffffffe020a8
 3070 1 ffffffffffe0215c 0107f863 bgeu        , a5, a6, 0000000000000010        
 3071 1 ffffffffffe02160 0007b683 ld          a3, a5, x0, 0000000000000000        b6e5b301059693
 3072 1 ffffffffffe02164 0005b703 ld          a4, a1, x0, 0000000000000000        b6e5b301059693
 3073 1 ffffffffffe02168 fee686e3 beq         , a3, a4, 00000000ffffffec        
 3074 1 ffffffffffe02154 00878793 addi        a5, a5, x0, 0000000000000008                  20b0
 3075 1 ffffffffffe02158 00858593 addi        a1, a1, x0, 0000000000000008      ffffffffffe020b0
 3076 1 ffffffffffe0215c 0107f863 bgeu        , a5, a6, 0000000000000010        
 3077 1 ffffffffffe02160 0007b683 ld          a3, a5, x0, 0000000000000000        b6e6b302059693
 3078 1 ffffffffffe02164 0005b703 ld          a4, a1, x0, 0000000000000000        b6e6b302059693
 3079 1 ffffffffffe02168 fee686e3 beq         , a3, a4, 00000000ffffffec        
 3080 1 ffffffffffe02154 00878793 addi        a5, a5, x0, 0000000000000008                  20b8
 3081 1 ffffffffffe02158 00858593 addi        a1, a1, x0, 0000000000000008      ffffffffffe020b8
 3082 1 ffffffffffe0215c 0107f863 bgeu        , a5, a6, 0000000000000010        
 3083 1 ffffffffffe02160 0007b683 ld          a3, a5, x0, 0000000000000000         50793fce578e3
 3084 1 ffffffffffe02164 0005b703 ld          a4, a1, x0, 0000000000000000         50793fce578e3
 3085 1 ffffffffffe02168 fee686e3 beq         , a3, a4, 00000000ffffffec        
 3086 1 ffffffffffe02154 00878793 addi        a5, a5, x0, 0000000000000008                  20c0
 3087 1 ffffffffffe02158 00858593 addi        a1, a1, x0, 0000000000000008      ffffffffffe020c0
 3088 1 ffffffffffe0215c 0107f863 bgeu        , a5, a6, 0000000000000010        
 3089 1 ffffffffffe02160 0007b683 ld          a3, a5, x0, 0000000000000000      fed7bc2300878793
 3090 1 ffffffffffe02164 0005b703 ld          a4, a1, x0, 0000000000000000      fed7bc2300878793
 3091 1 ffffffffffe02168 fee686e3 beq         , a3, a4, 00000000ffffffec        
 3092 1 ffffffffffe02154 00878793 addi        a5, a5, x0, 0000000000000008                  20c8
 3093 1 ffffffffffe02158 00858593 addi        a1, a1, x0, 0000000000000008      ffffffffffe020c8
 3094 1 ffffffffffe0215c 0107f863 bgeu        , a5, a6, 0000000000000010        
 3095 1 ffffffffffe02160 0007b683 ld          a3, a5, x0, 0000000000000000        813083fee7ece3
 3096 1 ffffffffffe02164 0005b703 ld          a4, a1, x0, 0000000000000000        813083fee7ece3
 3097 1 ffffffffffe02168 fee686e3 beq         , a3, a4, 00000000ffffffec        
 3098 1 ffffffffffe02154 00878793 addi        a5, a5, x0, 0000000000000008                  20d0
 3099 1 ffffffffffe02158 00858593 addi        a1, a1, x0, 0000000000000008      ffffffffffe020d0
 3100 1 ffffffffffe0215c 0107f863 bgeu        , a5, a6, 0000000000000010        
 3101 1 ffffffffffe02160 0007b683 ld          a3, a5, x0, 0000000000000000         1340300040513
 3102 1 ffffffffffe02164 0005b703 ld          a4, a1, x0, 0000000000000000         1340300040513
 3103 1 ffffffffffe02168 fee686e3 beq         , a3, a4, 00000000ffffffec        
 3104 1 ffffffffffe02154 00878793 addi        a5, a5, x0, 0000000000000008                  20d8
 3105 1 ffffffffffe02158 00858593 addi        a1, a1, x0, 0000000000000008      ffffffffffe020d8
 3106 1 ffffffffffe0215c 0107f863 bgeu        , a5, a6, 0000000000000010        
 3107 1 ffffffffffe02160 0007b683 ld          a3, a5, x0, 0000000000000000          806701010113
 3108 1 ffffffffffe02164 0005b703 ld          a4, a1, x0, 0000000000000000          806701010113
 3109 1 ffffffffffe02168 fee686e3 beq         , a3, a4, 00000000ffffffec        
 3110 1 ffffffffffe02154 00878793 addi        a5, a5, x0, 0000000000000008                  20e0
 3111 1 ffffffffffe02158 00858593 addi        a1, a1, x0, 0000000000000008      ffffffffffe020e0
 3112 1 ffffffffffe0215c 0107f863 bgeu        , a5, a6, 0000000000000010        
 3113 1 ffffffffffe02160 0007b683 ld          a3, a5, x0, 0000000000000000         78e6300054783
 3114 1 ffffffffffe02164 0005b703 ld          a4, a1, x0, 0000000000000000         78e6300054783
 3115 1 ffffffffffe02168 fee686e3 beq         , a3, a4, 00000000ffffffec        
 3116 1 ffffffffffe02154 00878793 addi        a5, a5, x0, 0000000000000008                  20e8
 3117 1 ffffffffffe02158 00858593 addi        a1, a1, x0, 0000000000000008      ffffffffffe020e8
 3118 1 ffffffffffe0215c 0107f863 bgeu        , a5, a6, 0000000000000010        
 3119 1 ffffffffffe02160 0007b683 ld          a3, a5, x0, 0000000000000000        17c70300050793
 3120 1 ffffffffffe02164 0005b703 ld          a4, a1, x0, 0000000000000000        17c70300050793
 3121 1 ffffffffffe02168 fee686e3 beq         , a3, a4, 00000000ffffffec        
 3122 1 ffffffffffe02154 00878793 addi        a5, a5, x0, 0000000000000008                  20f0
 3123 1 ffffffffffe02158 00858593 addi        a1, a1, x0, 0000000000000008      ffffffffffe020f0
 3124 1 ffffffffffe0215c 0107f863 bgeu        , a5, a6, 0000000000000010        
 3125 1 ffffffffffe02160 0007b683 ld          a3, a5, x0, 0000000000000000      fe071ce300178793
 3126 1 ffffffffffe02164 0005b703 ld          a4, a1, x0, 0000000000000000      fe071ce300178793
 3127 1 ffffffffffe02168 fee686e3 beq         , a3, a4, 00000000ffffffec        
 3128 1 ffffffffffe02154 00878793 addi        a5, a5, x0, 0000000000000008                  20f8
 3129 1 ffffffffffe02158 00858593 addi        a1, a1, x0, 0000000000000008      ffffffffffe020f8
 3130 1 ffffffffffe0215c 0107f863 bgeu        , a5, a6, 0000000000000010        
 3131 1 ffffffffffe02160 0007b683 ld          a3, a5, x0, 0000000000000000          806740a78533
 3132 1 ffffffffffe02164 0005b703 ld          a4, a1, x0, 0000000000000000          806740a78533
 3133 1 ffffffffffe02168 fee686e3 beq         , a3, a4, 00000000ffffffec        
 3134 1 ffffffffffe02154 00878793 addi        a5, a5, x0, 0000000000000008                  2100
 3135 1 ffffffffffe02158 00858593 addi        a1, a1, x0, 0000000000000008      ffffffffffe02100
 3136 1 ffffffffffe0215c 0107f863 bgeu        , a5, a6, 0000000000000010        
 3137 1 ffffffffffe02160 0007b683 ld          a3, a5, x0, 0000000000000000          806700000513
 3138 1 ffffffffffe02164 0005b703 ld          a4, a1, x0, 0000000000000000          806700000513
 3139 1 ffffffffffe02168 fee686e3 beq         , a3, a4, 00000000ffffffec        
 3140 1 ffffffffffe02154 00878793 addi        a5, a5, x0, 0000000000000008                  2108
 3141 1 ffffffffffe02158 00858593 addi        a1, a1, x0, 0000000000000008      ffffffffffe02108
 3142 1 ffffffffffe0215c 0107f863 bgeu        , a5, a6, 0000000000000010        
 3143 1 ffffffffffe02160 0007b683 ld          a3, a5, x0, 0000000000000000        15859300054783
 3144 1 ffffffffffe02164 0005b703 ld          a4, a1, x0, 0000000000000000        15859300054783
 3145 1 ffffffffffe02168 fee686e3 beq         , a3, a4, 00000000ffffffec        
 3146 1 ffffffffffe02154 00878793 addi        a5, a5, x0, 0000000000000008                  2110
 3147 1 ffffffffffe02158 00858593 addi        a1, a1, x0, 0000000000000008      ffffffffffe02110
 3148 1 ffffffffffe0215c 0107f863 bgeu        , a5, a6, 0000000000000010        
 3149 1 ffffffffffe02160 0007b683 ld          a3, a5, x0, 0000000000000000      fff5c70300150513
 3150 1 ffffffffffe02164 0005b703 ld          a4, a1, x0, 0000000000000000      fff5c70300150513
 3151 1 ffffffffffe02168 fee686e3 beq         , a3, a4, 00000000ffffffec        
 3152 1 ffffffffffe02154 00878793 addi        a5, a5, x0, 0000000000000008                  2118
 3153 1 ffffffffffe02158 00858593 addi        a1, a1, x0, 0000000000000008      ffffffffffe02118
 3154 1 ffffffffffe0215c 0107f863 bgeu        , a5, a6, 0000000000000010        
 3155 1 ffffffffffe02160 0007b683 ld          a3, a5, x0, 0000000000000000      fee786e300078a63
 3156 1 ffffffffffe02164 0005b703 ld          a4, a1, x0, 0000000000000000      fee786e300078a63
 3157 1 ffffffffffe02168 fee686e3 beq         , a3, a4, 00000000ffffffec        
 3158 1 ffffffffffe02154 00878793 addi        a5, a5, x0, 0000000000000008                  2120
 3159 1 ffffffffffe02158 00858593 addi        a1, a1, x0, 0000000000000008      ffffffffffe02120
 3160 1 ffffffffffe0215c 0107f863 bgeu        , a5, a6, 0000000000000010        
 3161 1 ffffffffffe02160 0007b683 ld          a3, a5, x0, 0000000000000000      40e5053b0007851b
 3162 1 ffffffffffe02164 0005b703 ld          a4, a1, x0, 0000000000000000      40e5053b0007851b
 3163 1 ffffffffffe02168 fee686e3 beq         , a3, a4, 00000000ffffffec        
 3164 1 ffffffffffe02154 00878793 addi        a5, a5, x0, 0000000000000008                  2128
 3165 1 ffffffffffe02158 00858593 addi        a1, a1, x0, 0000000000000008      ffffffffffe02128
 3166 1 ffffffffffe0215c 0107f863 bgeu        , a5, a6, 0000000000000010        
 3167 1 ffffffffffe02160 0007b683 ld          a3, a5, x0, 0000000000000000           51300008067
 3168 1 ffffffffffe02164 0005b703 ld          a4, a1, x0, 0000000000000000           51300008067
 3169 1 ffffffffffe02168 fee686e3 beq         , a3, a4, 00000000ffffffec        
 3170 1 ffffffffffe02154 00878793 addi        a5, a5, x0, 0000000000000008                  2130
 3171 1 ffffffffffe02158 00858593 addi        a1, a1, x0, 0000000000000008      ffffffffffe02130
 3172 1 ffffffffffe0215c 0107f863 bgeu        , a5, a6, 0000000000000010        
 3173 1 ffffffffffe02160 0007b683 ld          a3, a5, x0, 0000000000000000        b567b3ff5ff06f
 3174 1 ffffffffffe02164 0005b703 ld          a4, a1, x0, 0000000000000000        b567b3ff5ff06f
 3175 1 ffffffffffe02168 fee686e3 beq         , a3, a4, 00000000ffffffec        
 3176 1 ffffffffffe02154 00878793 addi        a5, a5, x0, 0000000000000008                  2138
 3177 1 ffffffffffe02158 00858593 addi        a1, a1, x0, 0000000000000008      ffffffffffe02138
 3178 1 ffffffffffe0215c 0107f863 bgeu        , a5, a6, 0000000000000010        
 3179 1 ffffffffffe02160 0007b683 ld          a3, a5, x0, 0000000000000000       2079e630077f793
 3180 1 ffffffffffe02164 0005b703 ld          a4, a1, x0, 0000000000000000       2079e630077f793
 3181 1 ffffffffffe02168 fee686e3 beq         , a3, a4, 00000000ffffffec        
 3182 1 ffffffffffe02154 00878793 addi        a5, a5, x0, 0000000000000008                  2140
 3183 1 ffffffffffe02158 00858593 addi        a1, a1, x0, 0000000000000008      ffffffffffe02140
 3184 1 ffffffffffe0215c 0107f863 bgeu        , a5, a6, 0000000000000010        
 3185 1 ffffffffffe02160 0007b683 ld          a3, a5, x0, 0000000000000000       1050833ff867813
 3186 1 ffffffffffe02164 0005b703 ld          a4, a1, x0, 0000000000000000       1050833ff867813
 3187 1 ffffffffffe02168 fee686e3 beq         , a3, a4, 00000000ffffffec        
 3188 1 ffffffffffe02154 00878793 addi        a5, a5, x0, 0000000000000008                  2148
 3189 1 ffffffffffe02158 00858593 addi        a1, a1, x0, 0000000000000008      ffffffffffe02148
 3190 1 ffffffffffe0215c 0107f863 bgeu        , a5, a6, 0000000000000010        
 3191 1 ffffffffffe02160 0007b683 ld          a3, a5, x0, 0000000000000000         5079303057863
 3192 1 ffffffffffe02164 0005b703 ld          a4, a1, x0, 0000000000000000         5079303057863
 3193 1 ffffffffffe02168 fee686e3 beq         , a3, a4, 00000000ffffffec        
 3194 1 ffffffffffe02154 00878793 addi        a5, a5, x0, 0000000000000008                  2150
 3195 1 ffffffffffe02158 00858593 addi        a1, a1, x0, 0000000000000008      ffffffffffe02150
 3196 1 ffffffffffe0215c 0107f863 bgeu        , a5, a6, 0000000000000010        
 3197 1 ffffffffffe02160 0007b683 ld          a3, a5, x0, 0000000000000000        8787930100006f
 3198 1 ffffffffffe02164 0005b703 ld          a4, a1, x0, 0000000000000000        8787930100006f
 3199 1 ffffffffffe02168 fee686e3 beq         , a3, a4, 00000000ffffffec        
 3200 1 ffffffffffe02154 00878793 addi        a5, a5, x0, 0000000000000008                  2158
 3201 1 ffffffffffe02158 00858593 addi        a1, a1, x0, 0000000000000008      ffffffffffe02158
 3202 1 ffffffffffe0215c 0107f863 bgeu        , a5, a6, 0000000000000010        
 3203 1 ffffffffffe02160 0007b683 ld          a3, a5, x0, 0000000000000000       107f86300858593
 3204 1 ffffffffffe02164 0005b703 ld          a4, a1, x0, 0000000000000000       107f86300858593
 3205 1 ffffffffffe02168 fee686e3 beq         , a3, a4, 00000000ffffffec        
 3206 1 ffffffffffe02154 00878793 addi        a5, a5, x0, 0000000000000008                  2160
 3207 1 ffffffffffe02158 00858593 addi        a1, a1, x0, 0000000000000008      ffffffffffe02160
 3208 1 ffffffffffe0215c 0107f863 bgeu        , a5, a6, 0000000000000010        
 3209 1 ffffffffffe02160 0007b683 ld          a3, a5, x0, 0000000000000000         5b7030007b683
 3210 1 ffffffffffe02164 0005b703 ld          a4, a1, x0, 0000000000000000         5b7030007b683
 3211 1 ffffffffffe02168 fee686e3 beq         , a3, a4, 00000000ffffffec        
 3212 1 ffffffffffe02154 00878793 addi        a5, a5, x0, 0000000000000008                  2168
 3213 1 ffffffffffe02158 00858593 addi        a1, a1, x0, 0000000000000008      ffffffffffe02168
 3214 1 ffffffffffe0215c 0107f863 bgeu        , a5, a6, 0000000000000010        
 3215 1 ffffffffffe02160 0007b683 ld          a3, a5, x0, 0000000000000000      40a78533fee686e3
 3216 1 ffffffffffe02164 0005b703 ld          a4, a1, x0, 0000000000000000      40a78533fee686e3
 3217 1 ffffffffffe02168 fee686e3 beq         , a3, a4, 00000000ffffffec        
 3218 1 ffffffffffe02154 00878793 addi        a5, a5, x0, 0000000000000008                  2170
 3219 1 ffffffffffe02158 00858593 addi        a1, a1, x0, 0000000000000008      ffffffffffe02170
 3220 1 ffffffffffe0215c 0107f863 bgeu        , a5, a6, 0000000000000010        
 3221 1 ffffffffffe02160 0007b683 ld          a3, a5, x0, 0000000000000000         7851340a60633
 3222 1 ffffffffffe02164 0005b703 ld          a4, a1, x0, 0000000000000000         7851340a60633
 3223 1 ffffffffffe02168 fee686e3 beq         , a3, a4, 00000000ffffffec        
 3224 1 ffffffffffe02154 00878793 addi        a5, a5, x0, 0000000000000008                  2178
 3225 1 ffffffffffe02158 00858593 addi        a1, a1, x0, 0000000000000008      ffffffffffe02178
 3226 1 ffffffffffe0215c 0107f863 bgeu        , a5, a6, 0000000000000010        
 3227 1 ffffffffffe02160 0007b683 ld          a3, a5, x0, 0000000000000000       140006f00c58633
 3228 1 ffffffffffe02164 0005b703 ld          a4, a1, x0, 0000000000000000       140006f00c58633
 3229 1 ffffffffffe02168 fee686e3 beq         , a3, a4, 00000000ffffffec        
 3230 1 ffffffffffe02154 00878793 addi        a5, a5, x0, 0000000000000008                  2180
 3231 1 ffffffffffe02158 00858593 addi        a1, a1, x0, 0000000000000008      ffffffffffe02180
 3232 1 ffffffffffe0215c 0107f863 bgeu        , a5, a6, 0000000000000010        
 3233 1 ffffffffffe02160 0007b683 ld          a3, a5, x0, 0000000000000000      fff547830005c703
 3234 1 ffffffffffe02164 0005b703 ld          a4, a1, x0, 0000000000000000      fff547830005c703
 3235 1 ffffffffffe02168 fee686e3 beq         , a3, a4, 00000000ffffffec        
 3236 1 ffffffffffe02154 00878793 addi        a5, a5, x0, 0000000000000008                  2188
 3237 1 ffffffffffe02158 00858593 addi        a1, a1, x0, 0000000000000008      ffffffffffe02188
 3238 1 ffffffffffe0215c 0107f863 bgeu        , a5, a6, 0000000000000010        
 3239 1 ffffffffffe02160 0007b683 ld          a3, a5, x0, 0000000000000000        e79a6300158593
 3240 1 ffffffffffe02164 0005b703 ld          a4, a1, x0, 0000000000000000        e79a6300158593
 3241 1 ffffffffffe02168 fee686e3 beq         , a3, a4, 00000000ffffffec        
 3242 1 ffffffffffe02154 00878793 addi        a5, a5, x0, 0000000000000008                  2190
 3243 1 ffffffffffe02158 00858593 addi        a1, a1, x0, 0000000000000008      ffffffffffe02190
 3244 1 ffffffffffe0215c 0107f863 bgeu        , a5, a6, 0000000000000010        
 3245 1 ffffffffffe02160 0007b683 ld          a3, a5, x0, 0000000000000000      fec596e300150513
 3246 1 ffffffffffe02164 0005b703 ld          a4, a1, x0, 0000000000000000      fec596e300150513
 3247 1 ffffffffffe02168 fee686e3 beq         , a3, a4, 00000000ffffffec        
 3248 1 ffffffffffe02154 00878793 addi        a5, a5, x0, 0000000000000008                  2198
 3249 1 ffffffffffe02158 00858593 addi        a1, a1, x0, 0000000000000008      ffffffffffe02198
 3250 1 ffffffffffe0215c 0107f863 bgeu        , a5, a6, 0000000000000010        
 3251 1 ffffffffffe02160 0007b683 ld          a3, a5, x0, 0000000000000000          806700000513
 3252 1 ffffffffffe02164 0005b703 ld          a4, a1, x0, 0000000000000000          806700000513
 3253 1 ffffffffffe02168 fee686e3 beq         , a3, a4, 00000000ffffffec        
 3254 1 ffffffffffe02154 00878793 addi        a5, a5, x0, 0000000000000008                  21a0
 3255 1 ffffffffffe02158 00858593 addi        a1, a1, x0, 0000000000000008      ffffffffffe021a0
 3256 1 ffffffffffe0215c 0107f863 bgeu        , a5, a6, 0000000000000010        
 3257 1 ffffffffffe02160 0007b683 ld          a3, a5, x0, 0000000000000000          806740e7853b
 3258 1 ffffffffffe02164 0005b703 ld          a4, a1, x0, 0000000000000000          806740e7853b
 3259 1 ffffffffffe02168 fee686e3 beq         , a3, a4, 00000000ffffffec        
 3260 1 ffffffffffe02154 00878793 addi        a5, a5, x0, 0000000000000008                  21a8
 3261 1 ffffffffffe02158 00858593 addi        a1, a1, x0, 0000000000000008      ffffffffffe021a8
 3262 1 ffffffffffe0215c 0107f863 bgeu        , a5, a6, 0000000000000010        
 3263 1 ffffffffffe02160 0007b683 ld          a3, a5, x0, 0000000000000000         5c70300050793
 3264 1 ffffffffffe02164 0005b703 ld          a4, a1, x0, 0000000000000000         5c70300050793
 3265 1 ffffffffffe02168 fee686e3 beq         , a3, a4, 00000000ffffffec        
 3266 1 ffffffffffe02154 00878793 addi        a5, a5, x0, 0000000000000008                  21b0
 3267 1 ffffffffffe02158 00858593 addi        a1, a1, x0, 0000000000000008      ffffffffffe021b0
 3268 1 ffffffffffe0215c 0107f863 bgeu        , a5, a6, 0000000000000010        
 3269 1 ffffffffffe02160 0007b683 ld          a3, a5, x0, 0000000000000000        15859300178793
 3270 1 ffffffffffe02164 0005b703 ld          a4, a1, x0, 0000000000000000        15859300178793
 3271 1 ffffffffffe02168 fee686e3 beq         , a3, a4, 00000000ffffffec        
 3272 1 ffffffffffe02154 00878793 addi        a5, a5, x0, 0000000000000008                  21b8
 3273 1 ffffffffffe02158 00858593 addi        a1, a1, x0, 0000000000000008      ffffffffffe021b8
 3274 1 ffffffffffe0215c 0107f863 bgeu        , a5, a6, 0000000000000010        
 3275 1 ffffffffffe02160 0007b683 ld          a3, a5, x0, 0000000000000000      fe0718e3fee78fa3
 3276 1 ffffffffffe02164 0005b703 ld          a4, a1, x0, 0000000000000000      fe0718e3fee78fa3
 3277 1 ffffffffffe02168 fee686e3 beq         , a3, a4, 00000000ffffffec        
 3278 1 ffffffffffe02154 00878793 addi        a5, a5, x0, 0000000000000008                  21c0
 3279 1 ffffffffffe02158 00858593 addi        a1, a1, x0, 0000000000000008      ffffffffffe021c0
 3280 1 ffffffffffe0215c 0107f863 bgeu        , a5, a6, 0000000000000010        
 3281 1 ffffffffffe02160 0007b683 ld          a3, a5, x0, 0000000000000000         5470300008067
 3282 1 ffffffffffe02164 0005b703 ld          a4, a1, x0, 0000000000000000         5470300008067
 3283 1 ffffffffffe02168 fee686e3 beq         , a3, a4, 00000000ffffffec        
 3284 1 ffffffffffe02154 00878793 addi        a5, a5, x0, 0000000000000008                  21c8
 3285 1 ffffffffffe02158 00858593 addi        a1, a1, x0, 0000000000000008      ffffffffffe021c8
 3286 1 ffffffffffe0215c 0107f863 bgeu        , a5, a6, 0000000000000010        
 3287 1 ffffffffffe02160 0007b683 ld          a3, a5, x0, 0000000000000000         5079302000693
 3288 1 ffffffffffe02164 0005b703 ld          a4, a1, x0, 0000000000000000         5079302000693
 3289 1 ffffffffffe02168 fee686e3 beq         , a3, a4, 00000000ffffffec        
 3290 1 ffffffffffe02154 00878793 addi        a5, a5, x0, 0000000000000008                  21d0
 3291 1 ffffffffffe02158 00858593 addi        a1, a1, x0, 0000000000000008      ffffffffffe021d0
 3292 1 ffffffffffe0215c 0107f863 bgeu        , a5, a6, 0000000000000010        
 3293 1 ffffffffffe02160 0007b683 ld          a3, a5, x0, 0000000000000000        17c70300d71863
 3294 1 ffffffffffe02164 0005b703 ld          a4, a1, x0, 0000000000000000        17c70300d71863
 3295 1 ffffffffffe02168 fee686e3 beq         , a3, a4, 00000000ffffffec        
 3296 1 ffffffffffe02154 00878793 addi        a5, a5, x0, 0000000000000008                  21d8
 3297 1 ffffffffffe02158 00858593 addi        a1, a1, x0, 0000000000000008      ffffffffffe021d8
 3298 1 ffffffffffe0215c 0107f863 bgeu        , a5, a6, 0000000000000010        
 3299 1 ffffffffffe02160 0007b683 ld          a3, a5, x0, 0000000000000000      fed70ce300178793
 3300 1 ffffffffffe02164 0005b703 ld          a4, a1, x0, 0000000000000000      fed70ce300178793
 3301 1 ffffffffffe02168 fee686e3 beq         , a3, a4, 00000000ffffffec        
 3302 1 ffffffffffe02154 00878793 addi        a5, a5, x0, 0000000000000008                  21e0
 3303 1 ffffffffffe02158 00858593 addi        a1, a1, x0, 0000000000000008      ffffffffffe021e0
 3304 1 ffffffffffe0215c 0107f863 bgeu        , a5, a6, 0000000000000010        
 3305 1 ffffffffffe02160 0007b683 ld          a3, a5, x0, 0000000000000000       6d7006302d00693
 3306 1 ffffffffffe02164 0005b703 ld          a4, a1, x0, 0000000000000000       6d7006302d00693
 3307 1 ffffffffffe02168 fee686e3 beq         , a3, a4, 00000000ffffffec        
 3308 1 ffffffffffe02154 00878793 addi        a5, a5, x0, 0000000000000008                  21e8
 3309 1 ffffffffffe02158 00858593 addi        a1, a1, x0, 0000000000000008      ffffffffffe021e8
 3310 1 ffffffffffe0215c 0107f863 bgeu        , a5, a6, 0000000000000010        
 3311 1 ffffffffffe02160 0007b683 ld          a3, a5, x0, 0000000000000000       4d7006302b00693
 3312 1 ffffffffffe02164 0005b703 ld          a4, a1, x0, 0000000000000000       4d7006302b00693
 3313 1 ffffffffffe02168 fee686e3 beq         , a3, a4, 00000000ffffffec        
 3314 1 ffffffffffe02154 00878793 addi        a5, a5, x0, 0000000000000008                  21f0
 3315 1 ffffffffffe02158 00858593 addi        a1, a1, x0, 0000000000000008      ffffffffffe021f0
 3316 1 ffffffffffe0215c 0107f863 bgeu        , a5, a6, 0000000000000010        
 3317 1 ffffffffffe02160 0007b683 ld          a3, a5, x0, 0000000000000000           5930007c683
 3318 1 ffffffffffe02164 0005b703 ld          a4, a1, x0, 0000000000000000           5930007c683
 3319 1 ffffffffffe02168 fee686e3 beq         , a3, a4, 00000000ffffffec        
 3320 1 ffffffffffe02154 00878793 addi        a5, a5, x0, 0000000000000008                  21f8
 3321 1 ffffffffffe02158 00858593 addi        a1, a1, x0, 0000000000000008      ffffffffffe021f8
 3322 1 ffffffffffe0215c 0107f863 bgeu        , a5, a6, 0000000000000010        
 3323 1 ffffffffffe02160 0007b683 ld          a3, a5, x0, 0000000000000000           51304068263
 3324 1 ffffffffffe02164 0005b703 ld          a4, a1, x0, 0000000000000000           51304068263
 3325 1 ffffffffffe02168 fee686e3 beq         , a3, a4, 00000000ffffffec        
 3326 1 ffffffffffe02154 00878793 addi        a5, a5, x0, 0000000000000008                  2200
 3327 1 ffffffffffe02158 00858593 addi        a1, a1, x0, 0000000000000008      ffffffffffe02200
 3328 1 ffffffffffe0215c 0107f863 bgeu        , a5, a6, 0000000000000010        
 3329 1 ffffffffffe02160 0007b683 ld          a3, a5, x0, 0000000000000000      fd06861b00178793
 3330 1 ffffffffffe02164 0005b703 ld          a4, a1, x0, 0000000000000000      fd06861b00178793
 3331 1 ffffffffffe02168 fee686e3 beq         , a3, a4, 00000000ffffffec        
 3332 1 ffffffffffe02154 00878793 addi        a5, a5, x0, 0000000000000008                  2208
 3333 1 ffffffffffe02158 00858593 addi        a1, a1, x0, 0000000000000008      ffffffffffe02208
 3334 1 ffffffffffe0215c 0107f863 bgeu        , a5, a6, 0000000000000010        
 3335 1 ffffffffffe02160 0007b683 ld          a3, a5, x0, 0000000000000000         7c68300251713
 3336 1 ffffffffffe02164 0005b703 ld          a4, a1, x0, 0000000000000000         7c68300251713
 3337 1 ffffffffffe02168 fee686e3 beq         , a3, a4, 00000000ffffffec        
 3338 1 ffffffffffe02154 00878793 addi        a5, a5, x0, 0000000000000008                  2210
 3339 1 ffffffffffe02158 00858593 addi        a1, a1, x0, 0000000000000008      ffffffffffe02210
 3340 1 ffffffffffe0215c 0107f863 bgeu        , a5, a6, 0000000000000010        
 3341 1 ffffffffffe02160 0007b683 ld          a3, a5, x0, 0000000000000000        15151300a70533
 3342 1 ffffffffffe02164 0005b703 ld          a4, a1, x0, 0000000000000000        15151300a70533
 3343 1 ffffffffffe02168 fee686e3 beq         , a3, a4, 00000000ffffffec        
 3344 1 ffffffffffe02154 00878793 addi        a5, a5, x0, 0000000000000008                  2218
 3345 1 ffffffffffe02158 00858593 addi        a1, a1, x0, 0000000000000008      ffffffffffe02218
 3346 1 ffffffffffe0215c 0107f863 bgeu        , a5, a6, 0000000000000010        
 3347 1 ffffffffffe02160 0007b683 ld          a3, a5, x0, 0000000000000000      fe0692e300a60533
 3348 1 ffffffffffe02164 0005b703 ld          a4, a1, x0, 0000000000000000      fe0692e300a60533
 3349 1 ffffffffffe02168 fee686e3 beq         , a3, a4, 00000000ffffffec        
 3350 1 ffffffffffe02154 00878793 addi        a5, a5, x0, 0000000000000008                  2220
 3351 1 ffffffffffe02158 00858593 addi        a1, a1, x0, 0000000000000008      ffffffffffe02220
 3352 1 ffffffffffe0215c 0107f863 bgeu        , a5, a6, 0000000000000010        
 3353 1 ffffffffffe02160 0007b683 ld          a3, a5, x0, 0000000000000000      40a0053302058063
 3354 1 ffffffffffe02164 0005b703 ld          a4, a1, x0, 0000000000000000      40a0053302058063
 3355 1 ffffffffffe02168 fee686e3 beq         , a3, a4, 00000000ffffffec        
 3356 1 ffffffffffe02154 00878793 addi        a5, a5, x0, 0000000000000008                  2228
 3357 1 ffffffffffe02158 00858593 addi        a1, a1, x0, 0000000000000008      ffffffffffe02228
 3358 1 ffffffffffe0215c 0107f863 bgeu        , a5, a6, 0000000000000010        
 3359 1 ffffffffffe02160 0007b683 ld          a3, a5, x0, 0000000000000000        17c68300008067
 3360 1 ffffffffffe02164 0005b703 ld          a4, a1, x0, 0000000000000000        17c68300008067
 3361 1 ffffffffffe02168 fee686e3 beq         , a3, a4, 00000000ffffffec        
 3362 1 ffffffffffe02154 00878793 addi        a5, a5, x0, 0000000000000008                  2230
 3363 1 ffffffffffe02158 00858593 addi        a1, a1, x0, 0000000000000008      ffffffffffe02230
 3364 1 ffffffffffe0215c 0107f863 bgeu        , a5, a6, 0000000000000010        
 3365 1 ffffffffffe02160 0007b683 ld          a3, a5, x0, 0000000000000000        17879300000593
 3366 1 ffffffffffe02164 0005b703 ld          a4, a1, x0, 0000000000000000        17879300000593
 3367 1 ffffffffffe02168 fee686e3 beq         , a3, a4, 00000000ffffffec        
 3368 1 ffffffffffe02154 00878793 addi        a5, a5, x0, 0000000000000008                  2238
 3369 1 ffffffffffe02158 00858593 addi        a1, a1, x0, 0000000000000008      ffffffffffe02238
 3370 1 ffffffffffe0215c 0107f863 bgeu        , a5, a6, 0000000000000010        
 3371 1 ffffffffffe02160 0007b683 ld          a3, a5, x0, 0000000000000000           513fc0692e3
 3372 1 ffffffffffe02164 0005b703 ld          a4, a1, x0, 0000000000000000           513fc0692e3
 3373 1 ffffffffffe02168 fee686e3 beq         , a3, a4, 00000000ffffffec        
 3374 1 ffffffffffe02154 00878793 addi        a5, a5, x0, 0000000000000008                  2240
 3375 1 ffffffffffe02158 00858593 addi        a1, a1, x0, 0000000000000008      ffffffffffe02240
 3376 1 ffffffffffe0215c 0107f863 bgeu        , a5, a6, 0000000000000010        
 3377 1 ffffffffffe02160 0007b683 ld          a3, a5, x0, 0000000000000000        17c68300008067
 3378 1 ffffffffffe02164 0005b703 ld          a4, a1, x0, 0000000000000000        17c68300008067
 3379 1 ffffffffffe02168 fee686e3 beq         , a3, a4, 00000000ffffffec        
 3380 1 ffffffffffe02154 00878793 addi        a5, a5, x0, 0000000000000008                  2248
 3381 1 ffffffffffe02158 00858593 addi        a1, a1, x0, 0000000000000008      ffffffffffe02248
 3382 1 ffffffffffe0215c 0107f863 bgeu        , a5, a6, 0000000000000010        
 3383 1 ffffffffffe02160 0007b683 ld          a3, a5, x0, 0000000000000000        17879300100593
 3384 1 ffffffffffe02164 0005b703 ld          a4, a1, x0, 0000000000000000        17879300100593
 3385 1 ffffffffffe02168 fee686e3 beq         , a3, a4, 00000000ffffffec        
 3386 1 ffffffffffe02154 00878793 addi        a5, a5, x0, 0000000000000008                  2250
 3387 1 ffffffffffe02158 00858593 addi        a1, a1, x0, 0000000000000008      ffffffffffe02250
 3388 1 ffffffffffe0215c 0107f863 bgeu        , a5, a6, 0000000000000010        
 3389 1 ffffffffffe02160 0007b683 ld          a3, a5, x0, 0000000000000000           513fa0696e3
 3390 1 ffffffffffe02164 0005b703 ld          a4, a1, x0, 0000000000000000           513fa0696e3
 3391 1 ffffffffffe02168 fee686e3 beq         , a3, a4, 00000000ffffffec        
 3392 1 ffffffffffe02154 00878793 addi        a5, a5, x0, 0000000000000008                  2258
 3393 1 ffffffffffe02158 00858593 addi        a1, a1, x0, 0000000000000008      ffffffffffe02258
 3394 1 ffffffffffe0215c 0107f863 bgeu        , a5, a6, 0000000000000010        
 3395 1 ffffffffffe02160 0007b683 ld          a3, a5, x0, 0000000000000000         54783fe9ff06f
 3396 1 ffffffffffe02164 0005b703 ld          a4, a1, x0, 0000000000000000         54783fe9ff06f
 3397 1 ffffffffffe02168 fee686e3 beq         , a3, a4, 00000000ffffffec        
 3398 1 ffffffffffe02154 00878793 addi        a5, a5, x0, 0000000000000008                  2260
 3399 1 ffffffffffe02158 00858593 addi        a1, a1, x0, 0000000000000008      ffffffffffe02260
 3400 1 ffffffffffe0215c 0107f863 bgeu        , a5, a6, 0000000000000010        
 3401 1 ffffffffffe02160 0007b683 ld          a3, a5, x0, 0000000000000000      1010059304078063
 3402 1 ffffffffffe02164 0005b703 ld          a4, a1, x0, 0000000000000000      1010059304078063
 3403 1 ffffffffffe02168 fee686e3 beq         , a3, a4, 00000000ffffffec        
 3404 1 ffffffffffe02154 00878793 addi        a5, a5, x0, 0000000000000008                  2268
 3405 1 ffffffffffe02158 00858593 addi        a1, a1, x0, 0000000000000008      ffffffffffe02268
 3406 1 ffffffffffe0215c 0107f863 bgeu        , a5, a6, 0000000000000010        
 3407 1 ffffffffffe02160 0007b683 ld          a3, a5, x0, 0000000000000000      d9870713fffff717
 3408 1 ffffffffffe02164 0005b703 ld          a4, a1, x0, 0000000000000000      d9870713fffff717
 3409 1 ffffffffffe02168 fee686e3 beq         , a3, a4, 00000000ffffffec        
 3410 1 ffffffffffe02154 00878793 addi        a5, a5, x0, 0000000000000008                  2270
 3411 1 ffffffffffe02158 00858593 addi        a1, a1, x0, 0000000000000008      ffffffffffe02270
 3412 1 ffffffffffe0215c 0107f863 bgeu        , a5, a6, 0000000000000010        
 3413 1 ffffffffffe02160 0007b683 ld          a3, a5, x0, 0000000000000000         7360303059593
 3414 1 ffffffffffe02164 0005b703 ld          a4, a1, x0, 0000000000000000         7360303059593
 3415 1 ffffffffffe02168 fee686e3 beq         , a3, a4, 00000000ffffffec        
 3416 1 ffffffffffe02154 00878793 addi        a5, a5, x0, 0000000000000008                  2278
 3417 1 ffffffffffe02158 00858593 addi        a1, a1, x0, 0000000000000008      ffffffffffe02278
 3418 1 ffffffffffe0215c 0107f863 bgeu        , a5, a6, 0000000000000010        
 3419 1 ffffffffffe02160 0007b683 ld          a3, a5, x0, 0000000000000000        b7e6b300150513
 3420 1 ffffffffffe02164 0005b703 ld          a4, a1, x0, 0000000000000000        b7e6b300150513
 3421 1 ffffffffffe02168 fee686e3 beq         , a3, a4, 00000000ffffffec        
 3422 1 ffffffffffe02154 00878793 addi        a5, a5, x0, 0000000000000008                  2280
 3423 1 ffffffffffe02158 00858593 addi        a1, a1, x0, 0000000000000008      ffffffffffe02280
 3424 1 ffffffffffe0215c 0107f863 bgeu        , a5, a6, 0000000000000010        
 3425 1 ffffffffffe02160 0007b683 ld          a3, a5, x0, 0000000000000000      fffff79700060a63
 3426 1 ffffffffffe02164 0005b703 ld          a4, a1, x0, 0000000000000000      fffff79700060a63
 3427 1 ffffffffffe02168 fee686e3 beq         , a3, a4, 00000000ffffffec        
 3428 1 ffffffffffe02154 00878793 addi        a5, a5, x0, 0000000000000008                  2288
 3429 1 ffffffffffe02158 00858593 addi        a1, a1, x0, 0000000000000008      ffffffffffe02288
 3430 1 ffffffffffe0215c 0107f863 bgeu        , a5, a6, 0000000000000010        
 3431 1 ffffffffffe02160 0007b683 ld          a3, a5, x0, 0000000000000000         73783da07be23
 3432 1 ffffffffffe02164 0005b703 ld          a4, a1, x0, 0000000000000000         73783da07be23
 3433 1 ffffffffffe02168 fee686e3 beq         , a3, a4, 00000000ffffffec        
 3434 1 ffffffffffe02154 00878793 addi        a5, a5, x0, 0000000000000008                  2290
 3435 1 ffffffffffe02158 00858593 addi        a1, a1, x0, 0000000000000008      ffffffffffe02290
 3436 1 ffffffffffe0215c 0107f863 bgeu        , a5, a6, 0000000000000010        
 3437 1 ffffffffffe02160 0007b683 ld          a3, a5, x0, 0000000000000000        d73023fe079ae3
 3438 1 ffffffffffe02164 0005b703 ld          a4, a1, x0, 0000000000000000        d73023fe079ae3
 3439 1 ffffffffffe02168 fee686e3 beq         , a3, a4, 00000000ffffffec        
 3440 1 ffffffffffe02154 00878793 addi        a5, a5, x0, 0000000000000008                  2298
 3441 1 ffffffffffe02158 00858593 addi        a1, a1, x0, 0000000000000008      ffffffffffe02298
 3442 1 ffffffffffe0215c 0107f863 bgeu        , a5, a6, 0000000000000010        
 3443 1 ffffffffffe02160 0007b683 ld          a3, a5, x0, 0000000000000000      fc079ce300054783
 3444 1 ffffffffffe02164 0005b703 ld          a4, a1, x0, 0000000000000000      fc079ce300054783
 3445 1 ffffffffffe02168 fee686e3 beq         , a3, a4, 00000000ffffffec        
 3446 1 ffffffffffe02154 00878793 addi        a5, a5, x0, 0000000000000008                  22a0
 3447 1 ffffffffffe02158 00858593 addi        a1, a1, x0, 0000000000000008      ffffffffffe022a0
 3448 1 ffffffffffe0215c 0107f863 bgeu        , a5, a6, 0000000000000010        
 3449 1 ffffffffffe02160 0007b683 ld          a3, a5, x0, 0000000000000000      fffff71700008067
 3450 1 ffffffffffe02164 0005b703 ld          a4, a1, x0, 0000000000000000      fffff71700008067
 3451 1 ffffffffffe02168 fee686e3 beq         , a3, a4, 00000000ffffffec        
 3452 1 ffffffffffe02154 00878793 addi        a5, a5, x0, 0000000000000008                  22a8
 3453 1 ffffffffffe02158 00858593 addi        a1, a1, x0, 0000000000000008      ffffffffffe022a8
 3454 1 ffffffffffe0215c 0107f863 bgeu        , a5, a6, 0000000000000010        
 3455 1 ffffffffffe02160 0007b683 ld          a3, a5, x0, 0000000000000000         73783d5c70713
 3456 1 ffffffffffe02164 0005b703 ld          a4, a1, x0, 0000000000000000         73783d5c70713
 3457 1 ffffffffffe02168 fee686e3 beq         , a3, a4, 00000000ffffffec        
 3458 1 ffffffffffe02154 00878793 addi        a5, a5, x0, 0000000000000008                  22b0
 3459 1 ffffffffffe02158 00858593 addi        a1, a1, x0, 0000000000000008      ffffffffffe022b0
 3460 1 ffffffffffe0215c 0107f863 bgeu        , a5, a6, 0000000000000010        
 3461 1 ffffffffffe02160 0007b683 ld          a3, a5, x0, 0000000000000000      fffff79700078a63
 3462 1 ffffffffffe02164 0005b703 ld          a4, a1, x0, 0000000000000000      fffff79700078a63
 3463 1 ffffffffffe02168 fee686e3 beq         , a3, a4, 00000000ffffffec        
 3464 1 ffffffffffe02154 00878793 addi        a5, a5, x0, 0000000000000008                  22b8
 3465 1 ffffffffffe02158 00858593 addi        a1, a1, x0, 0000000000000008      ffffffffffe022b8
 3466 1 ffffffffffe0215c 0107f863 bgeu        , a5, a6, 0000000000000010        
 3467 1 ffffffffffe02160 0007b683 ld          a3, a5, x0, 0000000000000000         73783d807b623
 3468 1 ffffffffffe02164 0005b703 ld          a4, a1, x0, 0000000000000000         73783d807b623
 3469 1 ffffffffffe02168 fee686e3 beq         , a3, a4, 00000000ffffffec        
 3470 1 ffffffffffe02154 00878793 addi        a5, a5, x0, 0000000000000008                  22c0
 3471 1 ffffffffffe02158 00858593 addi        a1, a1, x0, 0000000000000008      ffffffffffe022c0
 3472 1 ffffffffffe0215c 0107f863 bgeu        , a5, a6, 0000000000000010        
 3473 1 ffffffffffe02160 0007b683 ld          a3, a5, x0, 0000000000000000        a73023fe079ae3
 3474 1 ffffffffffe02164 0005b703 ld          a4, a1, x0, 0000000000000000        a73023fe079ae3
 3475 1 ffffffffffe02168 fee686e3 beq         , a3, a4, 00000000ffffffec        
 3476 1 ffffffffffe02154 00878793 addi        a5, a5, x0, 0000000000000008                  22c8
 3477 1 ffffffffffe02158 00858593 addi        a1, a1, x0, 0000000000000008      ffffffffffe022c8
 3478 1 ffffffffffe0215c 0107f863 bgeu        , a5, a6, 0000000000000010        
 3479 1 ffffffffffe02160 0007b683 ld          a3, a5, x0, 0000000000000000      ff0101130000006f
 3480 1 ffffffffffe02164 0005b703 ld          a4, a1, x0, 0000000000000000      ff0101130000006f
 3481 1 ffffffffffe02168 fee686e3 beq         , a3, a4, 00000000ffffffec        
 3482 1 ffffffffffe02154 00878793 addi        a5, a5, x0, 0000000000000008                  22d0
 3483 1 ffffffffffe02158 00858593 addi        a1, a1, x0, 0000000000000008      ffffffffffe022d0
 3484 1 ffffffffffe0215c 0107f863 bgeu        , a5, a6, 0000000000000010        
 3485 1 ffffffffffe02160 0007b683 ld          a3, a5, x0, 0000000000000000        11342334900513
 3486 1 ffffffffffe02164 0005b703 ld          a4, a1, x0, 0000000000000000        11342334900513
 3487 1 ffffffffffe02168 fee686e3 beq         , a3, a4, 00000000ffffffec        
 3488 1 ffffffffffe02154 00878793 addi        a5, a5, x0, 0000000000000008                  22d8
 3489 1 ffffffffffe02158 00858593 addi        a1, a1, x0, 0000000000000008      ffffffffffe022d8
 3490 1 ffffffffffe0215c 0107f863 bgeu        , a5, a6, 0000000000000010        
 3491 1 ffffffffffe02160 0007b683 ld          a3, a5, x0, 0000000000000000      fe010113fcdff0ef
 3492 1 ffffffffffe02164 0005b703 ld          a4, a1, x0, 0000000000000000      fe010113fcdff0ef
 3493 1 ffffffffffe02168 fee686e3 beq         , a3, a4, 00000000ffffffec        
 3494 1 ffffffffffe02154 00878793 addi        a5, a5, x0, 0000000000000008                  22e0
 3495 1 ffffffffffe02158 00858593 addi        a1, a1, x0, 0000000000000008      ffffffffffe022e0
 3496 1 ffffffffffe0215c 0107f863 bgeu        , a5, a6, 0000000000000010        
 3497 1 ffffffffffe02160 0007b683 ld          a3, a5, x0, 0000000000000000       171079300810613
 3498 1 ffffffffffe02164 0005b703 ld          a4, a1, x0, 0000000000000000       171079300810613
 3499 1 ffffffffffe02168 fee686e3 beq         , a3, a4, 00000000ffffffec        
 3500 1 ffffffffffe02154 00878793 addi        a5, a5, x0, 0000000000000008                  22e8
 3501 1 ffffffffffe02158 00858593 addi        a1, a1, x0, 0000000000000008      ffffffffffe022e8
 3502 1 ffffffffffe0215c 0107f863 bgeu        , a5, a6, 0000000000000010        
 3503 1 ffffffffffe02160 0007b683 ld          a3, a5, x0, 0000000000000000        80006f00900813
 3504 1 ffffffffffe02164 0005b703 ld          a4, a1, x0, 0000000000000000        80006f00900813
 3505 1 ffffffffffe02168 fee686e3 beq         , a3, a4, 00000000ffffffec        
 3506 1 ffffffffffe02154 00878793 addi        a5, a5, x0, 0000000000000008                  22f0
 3507 1 ffffffffffe02158 00858593 addi        a1, a1, x0, 0000000000000008      ffffffffffe022f0
 3508 1 ffffffffffe0215c 0107f863 bgeu        , a5, a6, 0000000000000010        
 3509 1 ffffffffffe02160 0007b683 ld          a3, a5, x0, 0000000000000000        f5769300070793
 3510 1 ffffffffffe02164 0005b703 ld          a4, a1, x0, 0000000000000000        f5769300070793
 3511 1 ffffffffffe02168 fee686e3 beq         , a3, a4, 00000000ffffffec        
 3512 1 ffffffffffe02154 00878793 addi        a5, a5, x0, 0000000000000008                  22f8
 3513 1 ffffffffffe02158 00858593 addi        a1, a1, x0, 0000000000000008      ffffffffffe022f8
 3514 1 ffffffffffe0215c 0107f863 bgeu        , a5, a6, 0000000000000010        
 3515 1 ffffffffffe02160 0007b683 ld          a3, a5, x0, 0000000000000000       300059300068713
 3516 1 ffffffffffe02164 0005b703 ld          a4, a1, x0, 0000000000000000       300059300068713
 3517 1 ffffffffffe02168 fee686e3 beq         , a3, a4, 00000000ffffffec        
 3518 1 ffffffffffe02154 00878793 addi        a5, a5, x0, 0000000000000008                  2300
 3519 1 ffffffffffe02158 00858593 addi        a1, a1, x0, 0000000000000008      ffffffffffe02300
 3520 1 ffffffffffe0215c 0107f863 bgeu        , a5, a6, 0000000000000010        
 3521 1 ffffffffffe02160 0007b683 ld          a3, a5, x0, 0000000000000000       570059300d87463
 3522 1 ffffffffffe02164 0005b703 ld          a4, a1, x0, 0000000000000000       570059300d87463
 3523 1 ffffffffffe02168 fee686e3 beq         , a3, a4, 00000000ffffffec        
 3524 1 ffffffffffe02154 00878793 addi        a5, a5, x0, 0000000000000008                  2308
 3525 1 ffffffffffe02158 00858593 addi        a1, a1, x0, 0000000000000008      ffffffffffe02308
 3526 1 ffffffffffe0215c 0107f863 bgeu        , a5, a6, 0000000000000010        
 3527 1 ffffffffffe02160 0007b683 ld          a3, a5, x0, 0000000000000000        e7802300b7073b
 3528 1 ffffffffffe02164 0005b703 ld          a4, a1, x0, 0000000000000000        e7802300b7073b
 3529 1 ffffffffffe02168 fee686e3 beq         , a3, a4, 00000000ffffffec        
 3530 1 ffffffffffe02154 00878793 addi        a5, a5, x0, 0000000000000008                  2310
 3531 1 ffffffffffe02158 00858593 addi        a1, a1, x0, 0000000000000008      ffffffffffe02310
 3532 1 ffffffffffe0215c 0107f863 bgeu        , a5, a6, 0000000000000010        
 3533 1 ffffffffffe02160 0007b683 ld          a3, a5, x0, 0000000000000000      fff7871300455513
 3534 1 ffffffffffe02164 0005b703 ld          a4, a1, x0, 0000000000000000      fff7871300455513
 3535 1 ffffffffffe02168 fee686e3 beq         , a3, a4, 00000000ffffffec        
 3536 1 ffffffffffe02154 00878793 addi        a5, a5, x0, 0000000000000008                  2318
 3537 1 ffffffffffe02158 00858593 addi        a1, a1, x0, 0000000000000008      ffffffffffe02318
 3538 1 ffffffffffe0215c 0107f863 bgeu        , a5, a6, 0000000000000010        
 3539 1 ffffffffffe02160 0007b683 ld          a3, a5, x0, 0000000000000000        814783fcf61ce3
 3540 1 ffffffffffe02164 0005b703 ld          a4, a1, x0, 0000000000000000        814783fcf61ce3
 3541 1 ffffffffffe02168 fee686e3 beq         , a3, a4, 00000000ffffffec        
 3542 1 ffffffffffe02154 00878793 addi        a5, a5, x0, 0000000000000008                  2320
 3543 1 ffffffffffe02158 00858593 addi        a1, a1, x0, 0000000000000008      ffffffffffe02320
 3544 1 ffffffffffe0215c 0107f863 bgeu        , a5, a6, 0000000000000010        
 3545 1 ffffffffffe02160 0007b683 ld          a3, a5, x0, 0000000000000000       407826300010c23
 3546 1 ffffffffffe02164 0005b703 ld          a4, a1, x0, 0000000000000000       407826300010c23
 3547 1 ffffffffffe02168 fee686e3 beq         , a3, a4, 00000000ffffffec        
 3548 1 ffffffffffe02154 00878793 addi        a5, a5, x0, 0000000000000008                  2328
 3549 1 ffffffffffe02158 00858593 addi        a1, a1, x0, 0000000000000008      ffffffffffe02328
 3550 1 ffffffffffe0215c 0107f863 bgeu        , a5, a6, 0000000000000010        
 3551 1 ffffffffffe02160 0007b683 ld          a3, a5, x0, 0000000000000000         6069310100513
 3552 1 ffffffffffe02164 0005b703 ld          a4, a1, x0, 0000000000000000         6069310100513
 3553 1 ffffffffffe02168 fee686e3 beq         , a3, a4, 00000000ffffffec        
 3554 1 ffffffffffe02154 00878793 addi        a5, a5, x0, 0000000000000008                  2330
 3555 1 ffffffffffe02158 00858593 addi        a1, a1, x0, 0000000000000008      ffffffffffe02330
 3556 1 ffffffffffe0215c 0107f863 bgeu        , a5, a6, 0000000000000010        
 3557 1 ffffffffffe02160 0007b683 ld          a3, a5, x0, 0000000000000000      cd070713fffff717
 3558 1 ffffffffffe02164 0005b703 ld          a4, a1, x0, 0000000000000000      cd070713fffff717
 3559 1 ffffffffffe02168 fee686e3 beq         , a3, a4, 00000000ffffffec        
 3560 1 ffffffffffe02154 00878793 addi        a5, a5, x0, 0000000000000008                  2338
 3561 1 ffffffffffe02158 00858593 addi        a1, a1, x0, 0000000000000008      ffffffffffe02338
 3562 1 ffffffffffe0215c 0107f863 bgeu        , a5, a6, 0000000000000010        
 3563 1 ffffffffffe02160 0007b683 ld          a3, a5, x0, 0000000000000000         7358303051513
 3564 1 ffffffffffe02164 0005b703 ld          a4, a1, x0, 0000000000000000         7358303051513
 3565 1 ffffffffffe02168 fee686e3 beq         , a3, a4, 00000000ffffffec        
 3566 1 ffffffffffe02154 00878793 addi        a5, a5, x0, 0000000000000008                  2340
 3567 1 ffffffffffe02158 00858593 addi        a1, a1, x0, 0000000000000008      ffffffffffe02340
 3568 1 ffffffffffe0215c 0107f863 bgeu        , a5, a6, 0000000000000010        
 3569 1 ffffffffffe02160 0007b683 ld          a3, a5, x0, 0000000000000000        a7e63300168693
 3570 1 ffffffffffe02164 0005b703 ld          a4, a1, x0, 0000000000000000        a7e63300168693
 3571 1 ffffffffffe02168 fee686e3 beq         , a3, a4, 00000000ffffffec        
 3572 1 ffffffffffe02154 00878793 addi        a5, a5, x0, 0000000000000008                  2348
 3573 1 ffffffffffe02158 00858593 addi        a1, a1, x0, 0000000000000008      ffffffffffe02348
 3574 1 ffffffffffe0215c 0107f863 bgeu        , a5, a6, 0000000000000010        
 3575 1 ffffffffffe02160 0007b683 ld          a3, a5, x0, 0000000000000000      fffff79700058a63
 3576 1 ffffffffffe02164 0005b703 ld          a4, a1, x0, 0000000000000000      fffff79700058a63
 3577 1 ffffffffffe02168 fee686e3 beq         , a3, a4, 00000000ffffffec        
 3578 1 ffffffffffe02154 00878793 addi        a5, a5, x0, 0000000000000008                  2350
 3579 1 ffffffffffe02158 00858593 addi        a1, a1, x0, 0000000000000008      ffffffffffe02350
 3580 1 ffffffffffe0215c 0107f863 bgeu        , a5, a6, 0000000000000010        
 3581 1 ffffffffffe02160 0007b683 ld          a3, a5, x0, 0000000000000000         73783ce07ba23
 3582 1 ffffffffffe02164 0005b703 ld          a4, a1, x0, 0000000000000000         73783ce07ba23
 3583 1 ffffffffffe02168 fee686e3 beq         , a3, a4, 00000000ffffffec        
 3584 1 ffffffffffe02154 00878793 addi        a5, a5, x0, 0000000000000008                  2358
 3585 1 ffffffffffe02158 00858593 addi        a1, a1, x0, 0000000000000008      ffffffffffe02358
 3586 1 ffffffffffe0215c 0107f863 bgeu        , a5, a6, 0000000000000010        
 3587 1 ffffffffffe02160 0007b683 ld          a3, a5, x0, 0000000000000000         6c783fe079ae3
 3588 1 ffffffffffe02164 0005b703 ld          a4, a1, x0, 0000000000000000         6c783fe079ae3
 3589 1 ffffffffffe02168 fee686e3 beq         , a3, a4, 00000000ffffffec        
 3590 1 ffffffffffe02154 00878793 addi        a5, a5, x0, 0000000000000008                  2360
 3591 1 ffffffffffe02158 00858593 addi        a1, a1, x0, 0000000000000008      ffffffffffe02360
 3592 1 ffffffffffe0215c 0107f863 bgeu        , a5, a6, 0000000000000010        
 3593 1 ffffffffffe02160 0007b683 ld          a3, a5, x0, 0000000000000000      fc079ce300c73023
 3594 1 ffffffffffe02164 0005b703 ld          a4, a1, x0, 0000000000000000      fc079ce300c73023
 3595 1 ffffffffffe02168 fee686e3 beq         , a3, a4, 00000000ffffffec        
 3596 1 ffffffffffe02154 00878793 addi        a5, a5, x0, 0000000000000008                  2368
 3597 1 ffffffffffe02158 00858593 addi        a1, a1, x0, 0000000000000008      ffffffffffe02368
 3598 1 ffffffffffe0215c 0107f863 bgeu        , a5, a6, 0000000000000010        
 3599 1 ffffffffffe02160 0007b683 ld          a3, a5, x0, 0000000000000000          806702010113
 3600 1 ffffffffffe02164 0005b703 ld          a4, a1, x0, 0000000000000000          806702010113
 3601 1 ffffffffffe02168 fee686e3 beq         , a3, a4, 00000000ffffffec        
 3602 1 ffffffffffe02154 00878793 addi        a5, a5, x0, 0000000000000008                  2370
 3603 1 ffffffffffe02158 00858593 addi        a1, a1, x0, 0000000000000008      ffffffffffe02370
 3604 1 ffffffffffe0215c 0107f863 bgeu        , a5, a6, 0000000000000010        
 3605 1 ffffffffffe02160 0007b683 ld          a3, a5, x0, 0000000000000000        100793fb010113
 3606 1 ffffffffffe02164 0005b703 ld          a4, a1, x0, 0000000000000000        100793fb010113
 3607 1 ffffffffffe02168 fee686e3 beq         , a3, a4, 00000000ffffffec        
 3608 1 ffffffffffe02154 00878793 addi        a5, a5, x0, 0000000000000008                  2378
 3609 1 ffffffffffe02158 00858593 addi        a1, a1, x0, 0000000000000008      ffffffffffe02378
 3610 1 ffffffffffe0215c 0107f863 bgeu        , a5, a6, 0000000000000010        
 3611 1 ffffffffffe02160 0007b683 ld          a3, a5, x0, 0000000000000000      fffff43704813023
 3612 1 ffffffffffe02164 0005b703 ld          a4, a1, x0, 0000000000000000      fffff43704813023
 3613 1 ffffffffffe02168 fee686e3 beq         , a3, a4, 00000000ffffffec        
 3614 1 ffffffffffe02154 00878793 addi        a5, a5, x0, 0000000000000008                  2380
 3615 1 ffffffffffe02158 00858593 addi        a1, a1, x0, 0000000000000008      ffffffffffe02380
 3616 1 ffffffffffe0215c 0107f863 bgeu        , a5, a6, 0000000000000010        
 3617 1 ffffffffffe02160 0007b683 ld          a3, a5, x0, 0000000000000000       411342300f12223
 3618 1 ffffffffffe02164 0005b703 ld          a4, a1, x0, 0000000000000000       411342300f12223
 3619 1 ffffffffffe02168 fee686e3 beq         , a3, a4, 00000000ffffffec        
 3620 1 ffffffffffe02154 00878793 addi        a5, a5, x0, 0000000000000008                  2388
 3621 1 ffffffffffe02158 00858593 addi        a1, a1, x0, 0000000000000008      ffffffffffe02388
 3622 1 ffffffffffe0215c 0107f863 bgeu        , a5, a6, 0000000000000010        
 3623 1 ffffffffffe02160 0007b683 ld          a3, a5, x0, 0000000000000000       321382302913c23
 3624 1 ffffffffffe02164 0005b703 ld          a4, a1, x0, 0000000000000000       321382302913c23
 3625 1 ffffffffffe02168 fee686e3 beq         , a3, a4, 00000000ffffffec        
 3626 1 ffffffffffe02154 00878793 addi        a5, a5, x0, 0000000000000008                  2390
 3627 1 ffffffffffe02158 00858593 addi        a1, a1, x0, 0000000000000008      ffffffffffe02390
 3628 1 ffffffffffe0215c 0107f863 bgeu        , a5, a6, 0000000000000010        
 3629 1 ffffffffffe02160 0007b683 ld          a3, a5, x0, 0000000000000000       341302303313423
 3630 1 ffffffffffe02164 0005b703 ld          a4, a1, x0, 0000000000000000       341302303313423
 3631 1 ffffffffffe02168 fee686e3 beq         , a3, a4, 00000000ffffffec        
 3632 1 ffffffffffe02154 00878793 addi        a5, a5, x0, 0000000000000008                  2398
 3633 1 ffffffffffe02158 00858593 addi        a1, a1, x0, 0000000000000008      ffffffffffe02398
 3634 1 ffffffffffe0215c 0107f863 bgeu        , a5, a6, 0000000000000010        
 3635 1 ffffffffffe02160 0007b683 ld          a3, a5, x0, 0000000000000000         1342301513c23
 3636 1 ffffffffffe02164 0005b703 ld          a4, a1, x0, 0000000000000000         1342301513c23
 3637 1 ffffffffffe02168 fee686e3 beq         , a3, a4, 00000000ffffffec        
 3638 1 ffffffffffe02154 00878793 addi        a5, a5, x0, 0000000000000008                  23a0
 3639 1 ffffffffffe02158 00858593 addi        a1, a1, x0, 0000000000000008      ffffffffffe023a0
 3640 1 ffffffffffe0215c 0107f863 bgeu        , a5, a6, 0000000000000010        
 3641 1 ffffffffffe02160 0007b683 ld          a3, a5, x0, 0000000000000000         3e7b700850733
 3642 1 ffffffffffe02164 0005b703 ld          a4, a1, x0, 0000000000000000         3e7b700850733
 3643 1 ffffffffffe02168 fee686e3 beq         , a3, a4, 00000000ffffffec        
 3644 1 ffffffffffe02154 00878793 addi        a5, a5, x0, 0000000000000008                  23a8
 3645 1 ffffffffffe02158 00858593 addi        a1, a1, x0, 0000000000000008      ffffffffffe023a8
 3646 1 ffffffffffe0215c 0107f863 bgeu        , a5, a6, 0000000000000010        
 3647 1 ffffffffffe02160 0007b683 ld          a3, a5, x0, 0000000000000000        c5599318f77663
 3648 1 ffffffffffe02164 0005b703 ld          a4, a1, x0, 0000000000000000        c5599318f77663
 3649 1 ffffffffffe02168 fee686e3 beq         , a3, a4, 00000000ffffffec        
 3650 1 ffffffffffe02154 00878793 addi        a5, a5, x0, 0000000000000008                  23b0
 3651 1 ffffffffffe02158 00858593 addi        a1, a1, x0, 0000000000000008      ffffffffffe023b0
 3652 1 ffffffffffe0215c 0107f863 bgeu        , a5, a6, 0000000000000010        
 3653 1 ffffffffffe02160 0007b683 ld          a3, a5, x0, 0000000000000000          249760098913
 3654 1 ffffffffffe02164 0005b703 ld          a4, a1, x0, 0000000000000000          249760098913
 3655 1 ffffffffffe02168 fee686e3 beq         , a3, a4, 00000000ffffffec        
 3656 1 ffffffffffe02154 00878793 addi        a5, a5, x0, 0000000000000008                  23b8
 3657 1 ffffffffffe02158 00858593 addi        a1, a1, x0, 0000000000000008      ffffffffffe023b8
 3658 1 ffffffffffe0215c 0107f863 bgeu        , a5, a6, 0000000000000010        
 3659 1 ffffffffffe02160 0007b683 ld          a3, a5, x0, 0000000000000000        391793c4c48493
 3660 1 ffffffffffe02164 0005b703 ld          a4, a1, x0, 0000000000000000        391793c4c48493
 3661 1 ffffffffffe02168 fee686e3 beq         , a3, a4, 00000000ffffffec        
 3662 1 ffffffffffe02154 00878793 addi        a5, a5, x0, 0000000000000008                  23c0
 3663 1 ffffffffffe02158 00858593 addi        a1, a1, x0, 0000000000000008      ffffffffffe023c0
 3664 1 ffffffffffe0215c 0107f863 bgeu        , a5, a6, 0000000000000010        
 3665 1 ffffffffffe02160 0007b683 ld          a3, a5, x0, 0000000000000000         7b70300f487b3
 3666 1 ffffffffffe02164 0005b703 ld          a4, a1, x0, 0000000000000000         7b70300f487b3
 3667 1 ffffffffffe02168 fee686e3 beq         , a3, a4, 00000000ffffffec        
 3668 1 ffffffffffe02154 00878793 addi        a5, a5, x0, 0000000000000008                  23c8
 3669 1 ffffffffffe02158 00858593 addi        a1, a1, x0, 0000000000000008      ffffffffffe023c8
 3670 1 ffffffffffe0215c 0107f863 bgeu        , a5, a6, 0000000000000010        
 3671 1 ffffffffffe02160 0007b683 ld          a3, a5, x0, 0000000000000000      1007166300857433
 3672 1 ffffffffffe02164 0005b703 ld          a4, a1, x0, 0000000000000000      1007166300857433
 3673 1 ffffffffffe02168 fee686e3 beq         , a3, a4, 00000000ffffffec        
 3674 1 ffffffffffe02154 00878793 addi        a5, a5, x0, 0000000000000008                  23d0
 3675 1 ffffffffffe02158 00858593 addi        a1, a1, x0, 0000000000000008      ffffffffffe023d0
 3676 1 ffffffffffe0215c 0107f863 bgeu        , a5, a6, 0000000000000010        
 3677 1 ffffffffffe02160 0007b683 ld          a3, a5, x0, 0000000000000000      c387071300006717
 3678 1 ffffffffffe02164 0005b703 ld          a4, a1, x0, 0000000000000000      c387071300006717
 3679 1 ffffffffffe02168 fee686e3 beq         , a3, a4, 00000000ffffffec        
 3680 1 ffffffffffe02154 00878793 addi        a5, a5, x0, 0000000000000008                  23d8
 3681 1 ffffffffffe02158 00858593 addi        a1, a1, x0, 0000000000000008      ffffffffffe023d8
 3682 1 ffffffffffe0215c 0107f863 bgeu        , a5, a6, 0000000000000010        
 3683 1 ffffffffffe02160 0007b683 ld          a3, a5, x0, 0000000000000000      180a006300073a03
 3684 1 ffffffffffe02164 0005b703 ld          a4, a1, x0, 0000000000000000      180a006300073a03
 3685 1 ffffffffffe02168 fee686e3 beq         , a3, a4, 00000000ffffffec        
 3686 1 ffffffffffe02154 00878793 addi        a5, a5, x0, 0000000000000008                  23e0
 3687 1 ffffffffffe02158 00858593 addi        a1, a1, x0, 0000000000000008      ffffffffffe023e0
 3688 1 ffffffffffe0215c 0107f863 bgeu        , a5, a6, 0000000000000010        
 3689 1 ffffffffffe02160 0007b683 ld          a3, a5, x0, 0000000000000000          6697008a3783
 3690 1 ffffffffffe02164 0005b703 ld          a4, a1, x0, 0000000000000000          6697008a3783
 3691 1 ffffffffffe02168 fee686e3 beq         , a3, a4, 00000000ffffffec        
 3692 1 ffffffffffe02154 00878793 addi        a5, a5, x0, 0000000000000008                  23e8
 3693 1 ffffffffffe02158 00858593 addi        a1, a1, x0, 0000000000000008      ffffffffffe023e8
 3694 1 ffffffffffe0215c 0107f863 bgeu        , a5, a6, 0000000000000010        
 3695 1 ffffffffffe02160 0007b683 ld          a3, a5, x0, 0000000000000000        f73023c1c6b683
 3696 1 ffffffffffe02164 0005b703 ld          a4, a1, x0, 0000000000000000        f73023c1c6b683
 3697 1 ffffffffffe02168 fee686e3 beq         , a3, a4, 00000000ffffffec        
 3698 1 ffffffffffe02154 00878793 addi        a5, a5, x0, 0000000000000008                  23f0
 3699 1 ffffffffffe02158 00858593 addi        a1, a1, x0, 0000000000000008      ffffffffffe023f0
 3700 1 ffffffffffe0215c 0107f863 bgeu        , a5, a6, 0000000000000010        
 3701 1 ffffffffffe02160 0007b683 ld          a3, a5, x0, 0000000000000000        41061312d78c63
 3702 1 ffffffffffe02164 0005b703 ld          a4, a1, x0, 0000000000000000        41061312d78c63
 3703 1 ffffffffffe02168 fee686e3 beq         , a3, a4, 00000000ffffffec        
 3704 1 ffffffffffe02154 00878793 addi        a5, a5, x0, 0000000000000008                  23f8
 3705 1 ffffffffffe02158 00858593 addi        a1, a1, x0, 0000000000000008      ffffffffffe023f8
 3706 1 ffffffffffe0215c 0107f863 bgeu        , a5, a6, 0000000000000010        
 3707 1 ffffffffffe02160 0007b683 ld          a3, a5, x0, 0000000000000000         4051300810593
 3708 1 ffffffffffe02164 0005b703 ld          a4, a1, x0, 0000000000000000         4051300810593
 3709 1 ffffffffffe02168 fee686e3 beq         , a3, a4, 00000000ffffffec        
 3710 1 ffffffffffe02154 00878793 addi        a5, a5, x0, 0000000000000008                  2400
 3711 1 ffffffffffe02158 00858593 addi        a1, a1, x0, 0000000000000008      ffffffffffe02400
 3712 1 ffffffffffe0215c 0107f863 bgeu        , a5, a6, 0000000000000010        
 3713 1 ffffffffffe02160 0007b683 ld          a3, a5, x0, 0000000000000000      5e8000ef000a3a83
 3714 1 ffffffffffe02164 0005b703 ld          a4, a1, x0, 0000000000000000      5e8000ef000a3a83
 3715 1 ffffffffffe02168 fee686e3 beq         , a3, a4, 00000000ffffffec        
 3716 1 ffffffffffe02154 00878793 addi        a5, a5, x0, 0000000000000008                  2408
 3717 1 ffffffffffe02158 00858593 addi        a1, a1, x0, 0000000000000008      ffffffffffe02408
 3718 1 ffffffffffe0215c 0107f863 bgeu        , a5, a6, 0000000000000010        
 3719 1 ffffffffffe02160 0007b683 ld          a3, a5, x0, 0000000000000000        cad6930e051c63
 3720 1 ffffffffffe02164 0005b703 ld          a4, a1, x0, 0000000000000000        cad6930e051c63
 3721 1 ffffffffffe02168 fee686e3 beq         , a3, a4, 00000000ffffffec        
 3722 1 ffffffffffe02154 00878793 addi        a5, a5, x0, 0000000000000008                  2410
 3723 1 ffffffffffe02158 00858593 addi        a1, a1, x0, 0000000000000008      ffffffffffe02410
 3724 1 ffffffffffe0215c 0107f863 bgeu        , a5, a6, 0000000000000010        
 3725 1 ffffffffffe02160 0007b683 ld          a3, a5, x0, 0000000000000000       1f6e69300a69693
 3726 1 ffffffffffe02164 0005b703 ld          a4, a1, x0, 0000000000000000       1f6e69300a69693
 3727 1 ffffffffffe02168 fee686e3 beq         , a3, a4, 00000000ffffffec        
 3728 1 ffffffffffe02154 00878793 addi        a5, a5, x0, 0000000000000008                  2418
 3729 1 ffffffffffe02158 00858593 addi        a1, a1, x0, 0000000000000008      ffffffffffe02418
 3730 1 ffffffffffe0215c 0107f863 bgeu        , a5, a6, 0000000000000010        
 3731 1 ffffffffffe02160 0007b683 ld          a3, a5, x0, 0000000000000000        f487b300391793
 3732 1 ffffffffffe02164 0005b703 ld          a4, a1, x0, 0000000000000000        f487b300391793
 3733 1 ffffffffffe02168 fee686e3 beq         , a3, a4, 00000000ffffffec        
 3734 1 ffffffffffe02154 00878793 addi        a5, a5, x0, 0000000000000008                  2420
 3735 1 ffffffffffe02158 00858593 addi        a1, a1, x0, 0000000000000008      ffffffffffe02420
 3736 1 ffffffffffe0215c 0107f863 bgeu        , a5, a6, 0000000000000010        
 3737 1 ffffffffffe02160 0007b683 ld          a3, a5, x0, 0000000000000000        e7b0230c06e713
 3738 1 ffffffffffe02164 0005b703 ld          a4, a1, x0, 0000000000000000        e7b0230c06e713
 3739 1 ffffffffffe02168 fee686e3 beq         , a3, a4, 00000000ffffffec        
 3740 1 ffffffffffe02154 00878793 addi        a5, a5, x0, 0000000000000008                  2428
 3741 1 ffffffffffe02158 00858593 addi        a1, a1, x0, 0000000000000008      ffffffffffe02428
 3742 1 ffffffffffe0215c 0107f863 bgeu        , a5, a6, 0000000000000010        
 3743 1 ffffffffffe02160 0007b683 ld          a3, a5, x0, 0000000000000000          179712040073
 3744 1 ffffffffffe02164 0005b703 ld          a4, a1, x0, 0000000000000000          179712040073
 3745 1 ffffffffffe02168 fee686e3 beq         , a3, a4, 00000000ffffffec        
 3746 1 ffffffffffe02154 00878793 addi        a5, a5, x0, 0000000000000008                  2430
 3747 1 ffffffffffe02158 00858593 addi        a1, a1, x0, 0000000000000008      ffffffffffe02430
 3748 1 ffffffffffe0215c 0107f863 bgeu        , a5, a6, 0000000000000010        
 3749 1 ffffffffffe02160 0007b683 ld          a3, a5, x0, 0000000000000000        499993bd478793
 3750 1 ffffffffffe02164 0005b703 ld          a4, a1, x0, 0000000000000000        499993bd478793
 3751 1 ffffffffffe02168 fee686e3 beq         , a3, a4, 00000000ffffffec        
 3752 1 ffffffffffe02154 00878793 addi        a5, a5, x0, 0000000000000008                  2438
 3753 1 ffffffffffe02158 00858593 addi        a1, a1, x0, 0000000000000008      ffffffffffe02438
 3754 1 ffffffffffe0215c 0107f863 bgeu        , a5, a6, 0000000000000010        
 3755 1 ffffffffffe02160 0007b683 ld          a3, a5, x0, 0000000000000000         9b783013789b3
 3756 1 ffffffffffe02164 0005b703 ld          a4, a1, x0, 0000000000000000         9b783013789b3
 3757 1 ffffffffffe02168 fee686e3 beq         , a3, a4, 00000000ffffffec        
 3758 1 ffffffffffe02154 00878793 addi        a5, a5, x0, 0000000000000008                  2440
 3759 1 ffffffffffe02158 00858593 addi        a1, a1, x0, 0000000000000008      ffffffffffe02440
 3760 1 ffffffffffe0215c 0107f863 bgeu        , a5, a6, 0000000000000010        
 3761 1 ffffffffffe02160 0007b683 ld          a3, a5, x0, 0000000000000000         a378312079863
 3762 1 ffffffffffe02164 0005b703 ld          a4, a1, x0, 0000000000000000         a378312079863
 3763 1 ffffffffffe02168 fee686e3 beq         , a3, a4, 00000000ffffffec        
 3764 1 ffffffffffe02154 00878793 addi        a5, a5, x0, 0000000000000008                  2448
 3765 1 ffffffffffe02158 00858593 addi        a1, a1, x0, 0000000000000008      ffffffffffe02448
 3766 1 ffffffffffe0215c 0107f863 bgeu        , a5, a6, 0000000000000010        
 3767 1 ffffffffffe02160 0007b683 ld          a3, a5, x0, 0000000000000000        f9b023000405b7
 3768 1 ffffffffffe02164 0005b703 ld          a4, a1, x0, 0000000000000000        f9b023000405b7
 3769 1 ffffffffffe02168 fee686e3 beq         , a3, a4, 00000000ffffffec        
 3770 1 ffffffffffe02154 00878793 addi        a5, a5, x0, 0000000000000008                  2450
 3771 1 ffffffffffe02158 00858593 addi        a1, a1, x0, 0000000000000008      ffffffffffe02450
 3772 1 ffffffffffe0215c 0107f863 bgeu        , a5, a6, 0000000000000010        
 3773 1 ffffffffffe02160 0007b683 ld          a3, a5, x0, 0000000000000000        f9b423008a3783
 3774 1 ffffffffffe02164 0005b703 ld          a4, a1, x0, 0000000000000000        f9b423008a3783
 3775 1 ffffffffffe02168 fee686e3 beq         , a3, a4, 00000000ffffffec        
 3776 1 ffffffffffe02154 00878793 addi        a5, a5, x0, 0000000000000008                  2458
 3777 1 ffffffffffe02158 00858593 addi        a1, a1, x0, 0000000000000008      ffffffffffe02458
 3778 1 ffffffffffe0215c 0107f863 bgeu        , a5, a6, 0000000000000010        
 3779 1 ffffffffffe02160 0007b683 ld          a3, a5, x0, 0000000000000000      ffe007b71005a5f3
 3780 1 ffffffffffe02164 0005b703 ld          a4, a1, x0, 0000000000000000      ffe007b71005a5f3
 3781 1 ffffffffffe02168 fee686e3 beq         , a3, a4, 00000000ffffffec        
 3782 1 ffffffffffe02154 00878793 addi        a5, a5, x0, 0000000000000008                  2460
 3783 1 ffffffffffe02158 00858593 addi        a1, a1, x0, 0000000000000008      ffffffffffe02460
 3784 1 ffffffffffe0215c 0107f863 bgeu        , a5, a6, 0000000000000010        
 3785 1 ffffffffffe02160 0007b683 ld          a3, a5, x0, 0000000000000000          163700f407b3
 3786 1 ffffffffffe02164 0005b703 ld          a4, a1, x0, 0000000000000000          163700f407b3
 3787 1 ffffffffffe02168 fee686e3 beq         , a3, a4, 00000000ffffffec        
 3788 1 ffffffffffe02154 00878793 addi        a5, a5, x0, 0000000000000008                  2468
 3789 1 ffffffffffe02158 00858593 addi        a1, a1, x0, 0000000000000008      ffffffffffe02468
 3790 1 ffffffffffe0215c 0107f863 bgeu        , a5, a6, 0000000000000010        
 3791 1 ffffffffffe02160 0007b683 ld          a3, a5, x0, 0000000000000000        c7863300040713
 3792 1 ffffffffffe02164 0005b703 ld          a4, a1, x0, 0000000000000000        c7863300040713
 3793 1 ffffffffffe02168 fee686e3 beq         , a3, a4, 00000000ffffffec        
 3794 1 ffffffffffe02154 00878793 addi        a5, a5, x0, 0000000000000008                  2470
 3795 1 ffffffffffe02158 00858593 addi        a1, a1, x0, 0000000000000008      ffffffffffe02470
 3796 1 ffffffffffe0215c 0107f863 bgeu        , a5, a6, 0000000000000010        
 3797 1 ffffffffffe02160 0007b683 ld          a3, a5, x0, 0000000000000000        87b8830007b303
 3798 1 ffffffffffe02164 0005b703 ld          a4, a1, x0, 0000000000000000        87b8830007b303
 3799 1 ffffffffffe02168 fee686e3 beq         , a3, a4, 00000000ffffffec        
 3800 1 ffffffffffe02154 00878793 addi        a5, a5, x0, 0000000000000008                  2478
 3801 1 ffffffffffe02158 00858593 addi        a1, a1, x0, 0000000000000008      ffffffffffe02478
 3802 1 ffffffffffe0215c 0107f863 bgeu        , a5, a6, 0000000000000010        
 3803 1 ffffffffffe02160 0007b683 ld          a3, a5, x0, 0000000000000000       187b5030107b803
 3804 1 ffffffffffe02164 0005b703 ld          a4, a1, x0, 0000000000000000       187b5030107b803
 3805 1 ffffffffffe02168 fee686e3 beq         , a3, a4, 00000000ffffffec        
 3806 1 ffffffffffe02154 00878793 addi        a5, a5, x0, 0000000000000008                  2480
 3807 1 ffffffffffe02158 00858593 addi        a1, a1, x0, 0000000000000008      ffffffffffe02480
 3808 1 ffffffffffe0215c 0107f863 bgeu        , a5, a6, 0000000000000010        
 3809 1 ffffffffffe02160 0007b683 ld          a3, a5, x0, 0000000000000000       117342300673023
 3810 1 ffffffffffe02164 0005b703 ld          a4, a1, x0, 0000000000000000       117342300673023
 3811 1 ffffffffffe02168 fee686e3 beq         , a3, a4, 00000000ffffffec        
 3812 1 ffffffffffe02154 00878793 addi        a5, a5, x0, 0000000000000008                  2488
 3813 1 ffffffffffe02158 00858593 addi        a1, a1, x0, 0000000000000008      ffffffffffe02488
 3814 1 ffffffffffe0215c 0107f863 bgeu        , a5, a6, 0000000000000010        
 3815 1 ffffffffffe02160 0007b683 ld          a3, a5, x0, 0000000000000000        a73c2301073823
 3816 1 ffffffffffe02164 0005b703 ld          a4, a1, x0, 0000000000000000        a73c2301073823
 3817 1 ffffffffffe02168 fee686e3 beq         , a3, a4, 00000000ffffffec        
 3818 1 ffffffffffe02154 00878793 addi        a5, a5, x0, 0000000000000008                  2490
 3819 1 ffffffffffe02158 00858593 addi        a1, a1, x0, 0000000000000008      ffffffffffe02490
 3820 1 ffffffffffe0215c 0107f863 bgeu        , a5, a6, 0000000000000010        
 3821 1 ffffffffffe02160 0007b683 ld          a3, a5, x0, 0000000000000000       207071302078793
 3822 1 ffffffffffe02164 0005b703 ld          a4, a1, x0, 0000000000000000       207071302078793
 3823 1 ffffffffffe02168 fee686e3 beq         , a3, a4, 00000000ffffffec        
 3824 1 ffffffffffe02154 00878793 addi        a5, a5, x0, 0000000000000008                  2498
 3825 1 ffffffffffe02158 00858593 addi        a1, a1, x0, 0000000000000008      ffffffffffe02498
 3826 1 ffffffffffe0215c 0107f863 bgeu        , a5, a6, 0000000000000010        
 3827 1 ffffffffffe02160 0007b683 ld          a3, a5, x0, 0000000000000000      10059073fcc79ce3
 3828 1 ffffffffffe02164 0005b703 ld          a4, a1, x0, 0000000000000000      10059073fcc79ce3
 3829 1 ffffffffffe02168 fee686e3 beq         , a3, a4, 00000000ffffffec        
 3830 1 ffffffffffe02154 00878793 addi        a5, a5, x0, 0000000000000008                  24a0
 3831 1 ffffffffffe02158 00858593 addi        a1, a1, x0, 0000000000000008      ffffffffffe024a0
 3832 1 ffffffffffe0215c 0107f863 bgeu        , a5, a6, 0000000000000010        
 3833 1 ffffffffffe02160 0007b683 ld          a3, a5, x0, 0000000000000000       12484b300391913
 3834 1 ffffffffffe02164 0005b703 ld          a4, a1, x0, 0000000000000000       12484b300391913
 3835 1 ffffffffffe02168 fee686e3 beq         , a3, a4, 00000000ffffffec        
 3836 1 ffffffffffe02154 00878793 addi        a5, a5, x0, 0000000000000008                  24a8
 3837 1 ffffffffffe02158 00858593 addi        a1, a1, x0, 0000000000000008      ffffffffffe024a8
 3838 1 ffffffffffe0215c 0107f863 bgeu        , a5, a6, 0000000000000010        
 3839 1 ffffffffffe02160 0007b683 ld          a3, a5, x0, 0000000000000000      1204007300d4b023
 3840 1 ffffffffffe02164 0005b703 ld          a4, a1, x0, 0000000000000000      1204007300d4b023
 3841 1 ffffffffffe02168 fee686e3 beq         , a3, a4, 00000000ffffffec        
 3842 1 ffffffffffe02154 00878793 addi        a5, a5, x0, 0000000000000008                  24b0
 3843 1 ffffffffffe02158 00858593 addi        a1, a1, x0, 0000000000000008      ffffffffffe024b0
 3844 1 ffffffffffe0215c 0107f863 bgeu        , a5, a6, 0000000000000010        
 3845 1 ffffffffffe02160 0007b683 ld          a3, a5, x0, 0000000000000000       48130830000100f
 3846 1 ffffffffffe02164 0005b703 ld          a4, a1, x0, 0000000000000000       48130830000100f
 3847 1 ffffffffffe02168 fee686e3 beq         , a3, a4, 00000000ffffffec        
 3848 1 ffffffffffe02154 00878793 addi        a5, a5, x0, 0000000000000008                  24b8
 3849 1 ffffffffffe02158 00858593 addi        a1, a1, x0, 0000000000000008      ffffffffffe024b8
 3850 1 ffffffffffe0215c 0107f863 bgeu        , a5, a6, 0000000000000010        
 3851 1 ffffffffffe02160 0007b683 ld          a3, a5, x0, 0000000000000000       381348304013403
 3852 1 ffffffffffe02164 0005b703 ld          a4, a1, x0, 0000000000000000       381348304013403
 3853 1 ffffffffffe02168 fee686e3 beq         , a3, a4, 00000000ffffffec        
 3854 1 ffffffffffe02154 00878793 addi        a5, a5, x0, 0000000000000008                  24c0
 3855 1 ffffffffffe02158 00858593 addi        a1, a1, x0, 0000000000000008      ffffffffffe024c0
 3856 1 ffffffffffe0215c 0107f863 bgeu        , a5, a6, 0000000000000010        
 3857 1 ffffffffffe02160 0007b683 ld          a3, a5, x0, 0000000000000000       281398303013903
 3858 1 ffffffffffe02164 0005b703 ld          a4, a1, x0, 0000000000000000       281398303013903
 3859 1 ffffffffffe02168 fee686e3 beq         , a3, a4, 00000000ffffffec        
 3860 1 ffffffffffe02154 00878793 addi        a5, a5, x0, 0000000000000008                  24c8
 3861 1 ffffffffffe02158 00858593 addi        a1, a1, x0, 0000000000000008      ffffffffffe024c8
 3862 1 ffffffffffe0215c 0107f863 bgeu        , a5, a6, 0000000000000010        
 3863 1 ffffffffffe02160 0007b683 ld          a3, a5, x0, 0000000000000000       1813a8302013a03
 3864 1 ffffffffffe02164 0005b703 ld          a4, a1, x0, 0000000000000000       1813a8302013a03
 3865 1 ffffffffffe02168 fee686e3 beq         , a3, a4, 00000000ffffffec        
 3866 1 ffffffffffe02154 00878793 addi        a5, a5, x0, 0000000000000008                  24d0
 3867 1 ffffffffffe02158 00858593 addi        a1, a1, x0, 0000000000000008      ffffffffffe024d0
 3868 1 ffffffffffe0215c 0107f863 bgeu        , a5, a6, 0000000000000010        
 3869 1 ffffffffffe02160 0007b683 ld          a3, a5, x0, 0000000000000000          806705010113
 3870 1 ffffffffffe02164 0005b703 ld          a4, a1, x0, 0000000000000000          806705010113
 3871 1 ffffffffffe02168 fee686e3 beq         , a3, a4, 00000000ffffffec        
 3872 1 ffffffffffe02154 00878793 addi        a5, a5, x0, 0000000000000008                  24d8
 3873 1 ffffffffffe02158 00858593 addi        a1, a1, x0, 0000000000000008      ffffffffffe024d8
 3874 1 ffffffffffe0215c 0107f863 bgeu        , a5, a6, 0000000000000010        
 3875 1 ffffffffffe02160 0007b683 ld          a3, a5, x0, 0000000000000000       2068e6304077693
 3876 1 ffffffffffe02164 0005b703 ld          a4, a1, x0, 0000000000000000       2068e6304077693
 3877 1 ffffffffffe02168 fee686e3 beq         , a3, a4, 00000000ffffffec        
 3878 1 ffffffffffe02154 00878793 addi        a5, a5, x0, 0000000000000008                  24e0
 3879 1 ffffffffffe02158 00858593 addi        a1, a1, x0, 0000000000000008      ffffffffffe024e0
 3880 1 ffffffffffe0215c 0107f863 bgeu        , a5, a6, 0000000000000010        
 3881 1 ffffffffffe02160 0007b683 ld          a3, a5, x0, 0000000000000000       606926308077693
 3882 1 ffffffffffe02164 0005b703 ld          a4, a1, x0, 0000000000000000       606926308077693
 3883 1 ffffffffffe02168 fee686e3 beq         , a3, a4, 00000000ffffffec        
 3884 1 ffffffffffe02154 00878793 addi        a5, a5, x0, 0000000000000008                  24e8
 3885 1 ffffffffffe02158 00858593 addi        a1, a1, x0, 0000000000000008      ffffffffffe024e8
 3886 1 ffffffffffe0215c 0107f863 bgeu        , a5, a6, 0000000000000010        
 3887 1 ffffffffffe02160 0007b683 ld          a3, a5, x0, 0000000000000000       4d59e6300f00693
 3888 1 ffffffffffe02164 0005b703 ld          a4, a1, x0, 0000000000000000       4d59e6300f00693
 3889 1 ffffffffffe02168 fee686e3 beq         , a3, a4, 00000000ffffffec        
 3890 1 ffffffffffe02154 00878793 addi        a5, a5, x0, 0000000000000008                  24f0
 3891 1 ffffffffffe02158 00858593 addi        a1, a1, x0, 0000000000000008      ffffffffffe024f0
 3892 1 ffffffffffe0215c 0107f863 bgeu        , a5, a6, 0000000000000010        
 3893 1 ffffffffffe02160 0007b683 ld          a3, a5, x0, 0000000000000000        e7b02308076713
 3894 1 ffffffffffe02164 0005b703 ld          a4, a1, x0, 0000000000000000        e7b02308076713
 3895 1 ffffffffffe02168 fee686e3 beq         , a3, a4, 00000000ffffffec        
 3896 1 ffffffffffe02154 00878793 addi        a5, a5, x0, 0000000000000008                  24f8
 3897 1 ffffffffffe02158 00858593 addi        a1, a1, x0, 0000000000000008      ffffffffffe024f8
 3898 1 ffffffffffe0215c 0107f863 bgeu        , a5, a6, 0000000000000010        
 3899 1 ffffffffffe02160 0007b683 ld          a3, a5, x0, 0000000000000000      fb9ff06f12040073
 3900 1 ffffffffffe02164 0005b703 ld          a4, a1, x0, 0000000000000000      fb9ff06f12040073
 3901 1 ffffffffffe02168 fee686e3 beq         , a3, a4, 00000000ffffffec        
 3902 1 ffffffffffe02154 00878793 addi        a5, a5, x0, 0000000000000008                  2500
 3903 1 ffffffffffe02158 00858593 addi        a1, a1, x0, 0000000000000008      ffffffffffe02500
 3904 1 ffffffffffe0215c 0107f863 bgeu        , a5, a6, 0000000000000010        
 3905 1 ffffffffffe02160 0007b683 ld          a3, a5, x0, 0000000000000000        813783000a3683
 3906 1 ffffffffffe02164 0005b703 ld          a4, a1, x0, 0000000000000000        813783000a3683
 3907 1 ffffffffffe02168 fee686e3 beq         , a3, a4, 00000000ffffffec        
 3908 1 ffffffffffe02154 00878793 addi        a5, a5, x0, 0000000000000008                  2508
 3909 1 ffffffffffe02158 00858593 addi        a1, a1, x0, 0000000000000008      ffffffffffe02508
 3910 1 ffffffffffe0215c 0107f863 bgeu        , a5, a6, 0000000000000010        
 3911 1 ffffffffffe02160 0007b683 ld          a3, a5, x0, 0000000000000000        a6969300c6d693
 3912 1 ffffffffffe02164 0005b703 ld          a4, a1, x0, 0000000000000000        a6969300c6d693
 3913 1 ffffffffffe02168 fee686e3 beq         , a3, a4, 00000000ffffffec        
 3914 1 ffffffffffe02154 00878793 addi        a5, a5, x0, 0000000000000008                  2510
 3915 1 ffffffffffe02158 00858593 addi        a1, a1, x0, 0000000000000008      ffffffffffe02510
 3916 1 ffffffffffe0215c 0107f863 bgeu        , a5, a6, 0000000000000010        
 3917 1 ffffffffffe02160 0007b683 ld          a3, a5, x0, 0000000000000000      f05ff06f00f6e6b3
 3918 1 ffffffffffe02164 0005b703 ld          a4, a1, x0, 0000000000000000      f05ff06f00f6e6b3
 3919 1 ffffffffffe02168 fee686e3 beq         , a3, a4, 00000000ffffffec        
 3920 1 ffffffffffe02154 00878793 addi        a5, a5, x0, 0000000000000008                  2518
 3921 1 ffffffffffe02158 00858593 addi        a1, a1, x0, 0000000000000008      ffffffffffe02518
 3922 1 ffffffffffe0215c 0107f863 bgeu        , a5, a6, 0000000000000010        
 3923 1 ffffffffffe02160 0007b683 ld          a3, a5, x0, 0000000000000000        e7b02304076713
 3924 1 ffffffffffe02164 0005b703 ld          a4, a1, x0, 0000000000000000        e7b02304076713
 3925 1 ffffffffffe02168 fee686e3 beq         , a3, a4, 00000000ffffffec        
 3926 1 ffffffffffe02154 00878793 addi        a5, a5, x0, 0000000000000008                  2520
 3927 1 ffffffffffe02158 00858593 addi        a1, a1, x0, 0000000000000008      ffffffffffe02520
 3928 1 ffffffffffe0215c 0107f863 bgeu        , a5, a6, 0000000000000010        
 3929 1 ffffffffffe02160 0007b683 ld          a3, a5, x0, 0000000000000000      f91ff06f12040073
 3930 1 ffffffffffe02164 0005b703 ld          a4, a1, x0, 0000000000000000      f91ff06f12040073
 3931 1 ffffffffffe02168 fee686e3 beq         , a3, a4, 00000000ffffffec        
 3932 1 ffffffffffe02154 00878793 addi        a5, a5, x0, 0000000000000008                  2528
 3933 1 ffffffffffe02158 00858593 addi        a1, a1, x0, 0000000000000008      ffffffffffe02528
 3934 1 ffffffffffe0215c 0107f863 bgeu        , a5, a6, 0000000000000010        
 3935 1 ffffffffffe02160 0007b683 ld          a3, a5, x0, 0000000000000000      ac07bc2300006797
 3936 1 ffffffffffe02164 0005b703 ld          a4, a1, x0, 0000000000000000      ac07bc2300006797
 3937 1 ffffffffffe02168 fee686e3 beq         , a3, a4, 00000000ffffffec        
 3938 1 ffffffffffe02154 00878793 addi        a5, a5, x0, 0000000000000008                  2530
 3939 1 ffffffffffe02158 00858593 addi        a1, a1, x0, 0000000000000008      ffffffffffe02530
 3940 1 ffffffffffe0215c 0107f863 bgeu        , a5, a6, 0000000000000010        
 3941 1 ffffffffffe02160 0007b683 ld          a3, a5, x0, 0000000000000000           517ec5ff06f
 3942 1 ffffffffffe02164 0005b703 ld          a4, a1, x0, 0000000000000000           517ec5ff06f
 3943 1 ffffffffffe02168 fee686e3 beq         , a3, a4, 00000000ffffffec        
 3944 1 ffffffffffe02154 00878793 addi        a5, a5, x0, 0000000000000008                  2538
 3945 1 ffffffffffe02158 00858593 addi        a1, a1, x0, 0000000000000008      ffffffffffe02538
 3946 1 ffffffffffe0215c 0107f863 bgeu        , a5, a6, 0000000000000010        
 3947 1 ffffffffffe02160 0007b683 ld          a3, a5, x0, 0000000000000000      d21ff0ef4cc50513
 3948 1 ffffffffffe02164 0005b703 ld          a4, a1, x0, 0000000000000000      d21ff0ef4cc50513
 3949 1 ffffffffffe02168 fee686e3 beq         , a3, a4, 00000000ffffffec        
 3950 1 ffffffffffe02154 00878793 addi        a5, a5, x0, 0000000000000008                  2540
 3951 1 ffffffffffe02158 00858593 addi        a1, a1, x0, 0000000000000008      ffffffffffe02540
 3952 1 ffffffffffe0215c 0107f863 bgeu        , a5, a6, 0000000000000010        
 3953 1 ffffffffffe02160 0007b683 ld          a3, a5, x0, 0000000000000000      d61ff0ef00300513
 3954 1 ffffffffffe02164 0005b703 ld          a4, a1, x0, 0000000000000000      d61ff0ef00300513
 3955 1 ffffffffffe02168 fee686e3 beq         , a3, a4, 00000000ffffffec        
 3956 1 ffffffffffe02154 00878793 addi        a5, a5, x0, 0000000000000008                  2548
 3957 1 ffffffffffe02158 00858593 addi        a1, a1, x0, 0000000000000008      ffffffffffe02548
 3958 1 ffffffffffe0215c 0107f863 bgeu        , a5, a6, 0000000000000010        
 3959 1 ffffffffffe02160 0007b683 ld          a3, a5, x0, 0000000000000000      5005051300000517
 3960 1 ffffffffffe02164 0005b703 ld          a4, a1, x0, 0000000000000000      5005051300000517
 3961 1 ffffffffffe02168 fee686e3 beq         , a3, a4, 00000000ffffffec        
 3962 1 ffffffffffe02154 00878793 addi        a5, a5, x0, 0000000000000008                  2550
 3963 1 ffffffffffe02158 00858593 addi        a1, a1, x0, 0000000000000008      ffffffffffe02550
 3964 1 ffffffffffe0215c 0107f863 bgeu        , a5, a6, 0000000000000010        
 3965 1 ffffffffffe02160 0007b683 ld          a3, a5, x0, 0000000000000000        300513d0dff0ef
 3966 1 ffffffffffe02164 0005b703 ld          a4, a1, x0, 0000000000000000        300513d0dff0ef
 3967 1 ffffffffffe02168 fee686e3 beq         , a3, a4, 00000000ffffffec        
 3968 1 ffffffffffe02154 00878793 addi        a5, a5, x0, 0000000000000008                  2558
 3969 1 ffffffffffe02158 00858593 addi        a1, a1, x0, 0000000000000008      ffffffffffe02558
 3970 1 ffffffffffe0215c 0107f863 bgeu        , a5, a6, 0000000000000010        
 3971 1 ffffffffffe02160 0007b683 ld          a3, a5, x0, 0000000000000000           517d4dff0ef
 3972 1 ffffffffffe02164 0005b703 ld          a4, a1, x0, 0000000000000000           517d4dff0ef
 3973 1 ffffffffffe02168 fee686e3 beq         , a3, a4, 00000000ffffffec        
 3974 1 ffffffffffe02154 00878793 addi        a5, a5, x0, 0000000000000008                  2560
 3975 1 ffffffffffe02158 00858593 addi        a1, a1, x0, 0000000000000008      ffffffffffe02560
 3976 1 ffffffffffe0215c 0107f863 bgeu        , a5, a6, 0000000000000010        
 3977 1 ffffffffffe02160 0007b683 ld          a3, a5, x0, 0000000000000000      cf9ff0ef53450513
 3978 1 ffffffffffe02164 0005b703 ld          a4, a1, x0, 0000000000000000      cf9ff0ef53450513
 3979 1 ffffffffffe02168 fee686e3 beq         , a3, a4, 00000000ffffffec        
 3980 1 ffffffffffe02154 00878793 addi        a5, a5, x0, 0000000000000008                  2568
 3981 1 ffffffffffe02158 00858593 addi        a1, a1, x0, 0000000000000008      ffffffffffe02568
 3982 1 ffffffffffe0215c 0107f863 bgeu        , a5, a6, 0000000000000010        
 3983 1 ffffffffffe02160 0007b683 ld          a3, a5, x0, 0000000000000000      d39ff0ef00300513
 3984 1 ffffffffffe02164 0005b703 ld          a4, a1, x0, 0000000000000000      d39ff0ef00300513
 3985 1 ffffffffffe02168 fee686e3 beq         , a3, a4, 00000000ffffffec        
 3986 1 ffffffffffe02154 00878793 addi        a5, a5, x0, 0000000000000008                  2570
 3987 1 ffffffffffe02158 00858593 addi        a1, a1, x0, 0000000000000008      ffffffffffe02570
 3988 1 ffffffffffe0215c 0107f863 bgeu        , a5, a6, 0000000000000010        
 3989 1 ffffffffffe02160 0007b683 ld          a3, a5, x0, 0000000000000000      5385051300000517
 3990 1 ffffffffffe02164 0005b703 ld          a4, a1, x0, 0000000000000000      5385051300000517
 3991 1 ffffffffffe02168 fee686e3 beq         , a3, a4, 00000000ffffffec        
 3992 1 ffffffffffe02154 00878793 addi        a5, a5, x0, 0000000000000008                  2578
 3993 1 ffffffffffe02158 00858593 addi        a1, a1, x0, 0000000000000008      ffffffffffe02578
 3994 1 ffffffffffe0215c 0107f863 bgeu        , a5, a6, 0000000000000010        
 3995 1 ffffffffffe02160 0007b683 ld          a3, a5, x0, 0000000000000000        300513ce5ff0ef
 3996 1 ffffffffffe02164 0005b703 ld          a4, a1, x0, 0000000000000000        300513ce5ff0ef
 3997 1 ffffffffffe02168 fee686e3 beq         , a3, a4, 00000000ffffffec        
 3998 1 ffffffffffe02154 00878793 addi        a5, a5, x0, 0000000000000008                  2580
 3999 1 ffffffffffe02158 00858593 addi        a1, a1, x0, 0000000000000008      ffffffffffe02580
 4000 1 ffffffffffe0215c 0107f863 bgeu        , a5, a6, 0000000000000010        
 4001 1 ffffffffffe02160 0007b683 ld          a3, a5, x0, 0000000000000000      f8010113d25ff0ef
 4002 1 ffffffffffe02164 0005b703 ld          a4, a1, x0, 0000000000000000      f8010113d25ff0ef
 4003 1 ffffffffffe02168 fee686e3 beq         , a3, a4, 00000000ffffffec        
 4004 1 ffffffffffe02154 00878793 addi        a5, a5, x0, 0000000000000008                  2588
 4005 1 ffffffffffe02158 00858593 addi        a1, a1, x0, 0000000000000008      ffffffffffe02588
 4006 1 ffffffffffe0215c 0107f863 bgeu        , a5, a6, 0000000000000010        
 4007 1 ffffffffffe02160 0007b683 ld          a3, a5, x0, 0000000000000000       6113c2306813823
 4008 1 ffffffffffe02164 0005b703 ld          a4, a1, x0, 0000000000000000       6113c2306813823
 4009 1 ffffffffffe02168 fee686e3 beq         , a3, a4, 00000000ffffffec        
 4010 1 ffffffffffe02154 00878793 addi        a5, a5, x0, 0000000000000008                  2590
 4011 1 ffffffffffe02158 00858593 addi        a1, a1, x0, 0000000000000008      ffffffffffe02590
 4012 1 ffffffffffe0215c 0107f863 bgeu        , a5, a6, 0000000000000010        
 4013 1 ffffffffffe02160 0007b683 ld          a3, a5, x0, 0000000000000000       721302306913423
 4014 1 ffffffffffe02164 0005b703 ld          a4, a1, x0, 0000000000000000       721302306913423
 4015 1 ffffffffffe02168 fee686e3 beq         , a3, a4, 00000000ffffffec        
 4016 1 ffffffffffe02154 00878793 addi        a5, a5, x0, 0000000000000008                  2598
 4017 1 ffffffffffe02158 00858593 addi        a1, a1, x0, 0000000000000008      ffffffffffe02598
 4018 1 ffffffffffe0215c 0107f863 bgeu        , a5, a6, 0000000000000010        
 4019 1 ffffffffffe02160 0007b683 ld          a3, a5, x0, 0000000000000000       541382305313c23
 4020 1 ffffffffffe02164 0005b703 ld          a4, a1, x0, 0000000000000000       541382305313c23
 4021 1 ffffffffffe02168 fee686e3 beq         , a3, a4, 00000000ffffffec        
 4022 1 ffffffffffe02154 00878793 addi        a5, a5, x0, 0000000000000008                  25a0
 4023 1 ffffffffffe02158 00858593 addi        a1, a1, x0, 0000000000000008      ffffffffffe025a0
 4024 1 ffffffffffe0215c 0107f863 bgeu        , a5, a6, 0000000000000010        
 4025 1 ffffffffffe02160 0007b683 ld          a3, a5, x0, 0000000000000000       561302305513423
 4026 1 ffffffffffe02164 0005b703 ld          a4, a1, x0, 0000000000000000       561302305513423
 4027 1 ffffffffffe02168 fee686e3 beq         , a3, a4, 00000000ffffffec        
 4028 1 ffffffffffe02154 00878793 addi        a5, a5, x0, 0000000000000008                  25a8
 4029 1 ffffffffffe02158 00858593 addi        a1, a1, x0, 0000000000000008      ffffffffffe025a8
 4030 1 ffffffffffe0215c 0107f863 bgeu        , a5, a6, 0000000000000010        
 4031 1 ffffffffffe02160 0007b683 ld          a3, a5, x0, 0000000000000000       381382303713c23
 4032 1 ffffffffffe02164 0005b703 ld          a4, a1, x0, 0000000000000000       381382303713c23
 4033 1 ffffffffffe02168 fee686e3 beq         , a3, a4, 00000000ffffffec        
 4034 1 ffffffffffe02154 00878793 addi        a5, a5, x0, 0000000000000008                  25b0
 4035 1 ffffffffffe02158 00858593 addi        a1, a1, x0, 0000000000000008      ffffffffffe025b0
 4036 1 ffffffffffe0215c 0107f863 bgeu        , a5, a6, 0000000000000010        
 4037 1 ffffffffffe02160 0007b683 ld          a3, a5, x0, 0000000000000000       3a1302303913423
 4038 1 ffffffffffe02164 0005b703 ld          a4, a1, x0, 0000000000000000       3a1302303913423
 4039 1 ffffffffffe02168 fee686e3 beq         , a3, a4, 00000000ffffffec        
 4040 1 ffffffffffe02154 00878793 addi        a5, a5, x0, 0000000000000008                  25b8
 4041 1 ffffffffffe02158 00858593 addi        a1, a1, x0, 0000000000000008      ffffffffffe025b8
 4042 1 ffffffffffe0215c 0107f863 bgeu        , a5, a6, 0000000000000010        
 4043 1 ffffffffffe02160 0007b683 ld          a3, a5, x0, 0000000000000000         5041301b13c23
 4044 1 ffffffffffe02164 0005b703 ld          a4, a1, x0, 0000000000000000         5041301b13c23
 4045 1 ffffffffffe02168 fee686e3 beq         , a3, a4, 00000000ffffffec        
 4046 1 ffffffffffe02154 00878793 addi        a5, a5, x0, 0000000000000008                  25c0
 4047 1 ffffffffffe02158 00858593 addi        a1, a1, x0, 0000000000000008      ffffffffffe025c0
 4048 1 ffffffffffe0215c 0107f863 bgeu        , a5, a6, 0000000000000010        
 4049 1 ffffffffffe02160 0007b683 ld          a3, a5, x0, 0000000000000000       e051263424000ef
 4050 1 ffffffffffe02164 0005b703 ld          a4, a1, x0, 0000000000000000       e051263424000ef
 4051 1 ffffffffffe02168 fee686e3 beq         , a3, a4, 00000000ffffffec        
 4052 1 ffffffffffe02154 00878793 addi        a5, a5, x0, 0000000000000008                  25c8
 4053 1 ffffffffffe02158 00858593 addi        a1, a1, x0, 0000000000000008      ffffffffffe025c8
 4054 1 ffffffffffe0215c 0107f863 bgeu        , a5, a6, 0000000000000010        
 4055 1 ffffffffffe02160 0007b683 ld          a3, a5, x0, 0000000000000000        80079311843583
 4056 1 ffffffffffe02164 0005b703 ld          a4, a1, x0, 0000000000000000        80079311843583
 4057 1 ffffffffffe02168 fee686e3 beq         , a3, a4, 00000000ffffffec        
 4058 1 ffffffffffe02154 00878793 addi        a5, a5, x0, 0000000000000008                  25d0
 4059 1 ffffffffffe02158 00858593 addi        a1, a1, x0, 0000000000000008      ffffffffffe025d0
 4060 1 ffffffffffe0215c 0107f863 bgeu        , a5, a6, 0000000000000010        
 4061 1 ffffffffffe02160 0007b683 ld          a3, a5, x0, 0000000000000000        20079310f58063
 4062 1 ffffffffffe02164 0005b703 ld          a4, a1, x0, 0000000000000000        20079310f58063
 4063 1 ffffffffffe02168 fee686e3 beq         , a3, a4, 00000000ffffffec        
 4064 1 ffffffffffe02154 00878793 addi        a5, a5, x0, 0000000000000008                  25d8
 4065 1 ffffffffffe02158 00858593 addi        a1, a1, x0, 0000000000000008      ffffffffffe025d8
 4066 1 ffffffffffe0215c 0107f863 bgeu        , a5, a6, 0000000000000010        
 4067 1 ffffffffffe02160 0007b683 ld          a3, a5, x0, 0000000000000000      ff45879306f58063
 4068 1 ffffffffffe02164 0005b703 ld          a4, a1, x0, 0000000000000000      ff45879306f58063
 4069 1 ffffffffffe02168 fee686e3 beq         , a3, a4, 00000000ffffffec        
 4070 1 ffffffffffe02154 00878793 addi        a5, a5, x0, 0000000000000008                  25e0
 4071 1 ffffffffffe02158 00858593 addi        a1, a1, x0, 0000000000000008      ffffffffffe025e0
 4072 1 ffffffffffe0215c 0107f863 bgeu        , a5, a6, 0000000000000010        
 4073 1 ffffffffffe02160 0007b683 ld          a3, a5, x0, 0000000000000000        f7766300100713
 4074 1 ffffffffffe02164 0005b703 ld          a4, a1, x0, 0000000000000000        f7766300100713
 4075 1 ffffffffffe02168 fee686e3 beq         , a3, a4, 00000000ffffffec        
 4076 1 ffffffffffe02154 00878793 addi        a5, a5, x0, 0000000000000008                  25e8
 4077 1 ffffffffffe02158 00858593 addi        a1, a1, x0, 0000000000000008      ffffffffffe025e8
 4078 1 ffffffffffe0215c 0107f863 bgeu        , a5, a6, 0000000000000010        
 4079 1 ffffffffffe02160 0007b683 ld          a3, a5, x0, 0000000000000000      1af59c6300f00793
 4080 1 ffffffffffe02164 0005b703 ld          a4, a1, x0, 0000000000000000      1af59c6300f00793
 4081 1 ffffffffffe02168 fee686e3 beq         , a3, a4, 00000000ffffffec        
 4082 1 ffffffffffe02154 00878793 addi        a5, a5, x0, 0000000000000008                  25f0
 4083 1 ffffffffffe02158 00858593 addi        a1, a1, x0, 0000000000000008      ffffffffffe025f0
 4084 1 ffffffffffe0215c 0107f863 bgeu        , a5, a6, 0000000000000010        
 4085 1 ffffffffffe02160 0007b683 ld          a3, a5, x0, 0000000000000000      d7dff0ef11043503
 4086 1 ffffffffffe02164 0005b703 ld          a4, a1, x0, 0000000000000000      d7dff0ef11043503
 4087 1 ffffffffffe02168 fee686e3 beq         , a3, a4, 00000000ffffffec        
 4088 1 ffffffffffe02154 00878793 addi        a5, a5, x0, 0000000000000008                  25f8
 4089 1 ffffffffffe02158 00858593 addi        a1, a1, x0, 0000000000000008      ffffffffffe025f8
 4090 1 ffffffffffe0215c 0107f863 bgeu        , a5, a6, 0000000000000010        
 4091 1 ffffffffffe02160 0007b683 ld          a3, a5, x0, 0000000000000000       701340300040513
 4092 1 ffffffffffe02164 0005b703 ld          a4, a1, x0, 0000000000000000       701340300040513
 4093 1 ffffffffffe02168 fee686e3 beq         , a3, a4, 00000000ffffffec        
 4094 1 ffffffffffe02154 00878793 addi        a5, a5, x0, 0000000000000008                  2600
 4095 1 ffffffffffe02158 00858593 addi        a1, a1, x0, 0000000000000008      ffffffffffe02600
 4096 1 ffffffffffe0215c 0107f863 bgeu        , a5, a6, 0000000000000010        
 4097 1 ffffffffffe02160 0007b683 ld          a3, a5, x0, 0000000000000000       681348307813083
 4098 1 ffffffffffe02164 0005b703 ld          a4, a1, x0, 0000000000000000       681348307813083
 4099 1 ffffffffffe02168 fee686e3 beq         , a3, a4, 00000000ffffffec        
 4100 1 ffffffffffe02154 00878793 addi        a5, a5, x0, 0000000000000008                  2608
 4101 1 ffffffffffe02158 00858593 addi        a1, a1, x0, 0000000000000008      ffffffffffe02608
 4102 1 ffffffffffe0215c 0107f863 bgeu        , a5, a6, 0000000000000010        
 4103 1 ffffffffffe02160 0007b683 ld          a3, a5, x0, 0000000000000000       581398306013903
 4104 1 ffffffffffe02164 0005b703 ld          a4, a1, x0, 0000000000000000       581398306013903
 4105 1 ffffffffffe02168 fee686e3 beq         , a3, a4, 00000000ffffffec        
 4106 1 ffffffffffe02154 00878793 addi        a5, a5, x0, 0000000000000008                  2610
 4107 1 ffffffffffe02158 00858593 addi        a1, a1, x0, 0000000000000008      ffffffffffe02610
 4108 1 ffffffffffe0215c 0107f863 bgeu        , a5, a6, 0000000000000010        
 4109 1 ffffffffffe02160 0007b683 ld          a3, a5, x0, 0000000000000000       4813a8305013a03
 4110 1 ffffffffffe02164 0005b703 ld          a4, a1, x0, 0000000000000000       4813a8305013a03
 4111 1 ffffffffffe02168 fee686e3 beq         , a3, a4, 00000000ffffffec        
 4112 1 ffffffffffe02154 00878793 addi        a5, a5, x0, 0000000000000008                  2618
 4113 1 ffffffffffe02158 00858593 addi        a1, a1, x0, 0000000000000008      ffffffffffe02618
 4114 1 ffffffffffe0215c 0107f863 bgeu        , a5, a6, 0000000000000010        
 4115 1 ffffffffffe02160 0007b683 ld          a3, a5, x0, 0000000000000000       3813b8304013b03
 4116 1 ffffffffffe02164 0005b703 ld          a4, a1, x0, 0000000000000000       3813b8304013b03
 4117 1 ffffffffffe02168 fee686e3 beq         , a3, a4, 00000000ffffffec        
 4118 1 ffffffffffe02154 00878793 addi        a5, a5, x0, 0000000000000008                  2620
 4119 1 ffffffffffe02158 00858593 addi        a1, a1, x0, 0000000000000008      ffffffffffe02620
 4120 1 ffffffffffe0215c 0107f863 bgeu        , a5, a6, 0000000000000010        
 4121 1 ffffffffffe02160 0007b683 ld          a3, a5, x0, 0000000000000000       2813c8303013c03
 4122 1 ffffffffffe02164 0005b703 ld          a4, a1, x0, 0000000000000000       2813c8303013c03
 4123 1 ffffffffffe02168 fee686e3 beq         , a3, a4, 00000000ffffffec        
 4124 1 ffffffffffe02154 00878793 addi        a5, a5, x0, 0000000000000008                  2628
 4125 1 ffffffffffe02158 00858593 addi        a1, a1, x0, 0000000000000008      ffffffffffe02628
 4126 1 ffffffffffe0215c 0107f863 bgeu        , a5, a6, 0000000000000010        
 4127 1 ffffffffffe02160 0007b683 ld          a3, a5, x0, 0000000000000000       1813d8302013d03
 4128 1 ffffffffffe02164 0005b703 ld          a4, a1, x0, 0000000000000000       1813d8302013d03
 4129 1 ffffffffffe02168 fee686e3 beq         , a3, a4, 00000000ffffffec        
 4130 1 ffffffffffe02154 00878793 addi        a5, a5, x0, 0000000000000008                  2630
 4131 1 ffffffffffe02158 00858593 addi        a1, a1, x0, 0000000000000008      ffffffffffe02630
 4132 1 ffffffffffe0215c 0107f863 bgeu        , a5, a6, 0000000000000010        
 4133 1 ffffffffffe02160 0007b683 ld          a3, a5, x0, 0000000000000000      a99fd06f08010113
 4134 1 ffffffffffe02164 0005b703 ld          a4, a1, x0, 0000000000000000      a99fd06f08010113
 4135 1 ffffffffffe02168 fee686e3 beq         , a3, a4, 00000000ffffffec        
 4136 1 ffffffffffe02154 00878793 addi        a5, a5, x0, 0000000000000008                  2638
 4137 1 ffffffffffe02158 00858593 addi        a1, a1, x0, 0000000000000008      ffffffffffe02638
 4138 1 ffffffffffe0215c 0107f863 bgeu        , a5, a6, 0000000000000010        
 4139 1 ffffffffffe02160 0007b683 ld          a3, a5, x0, 0000000000000000        37779310843703
 4140 1 ffffffffffe02164 0005b703 ld          a4, a1, x0, 0000000000000000        37779310843703
 4141 1 ffffffffffe02168 fee686e3 beq         , a3, a4, 00000000ffffffec        
 4142 1 ffffffffffe02154 00878793 addi        a5, a5, x0, 0000000000000008                  2640
 4143 1 ffffffffffe02158 00858593 addi        a1, a1, x0, 0000000000000008      ffffffffffe02640
 4144 1 ffffffffffe0215c 0107f863 bgeu        , a5, a6, 0000000000000010        
 4145 1 ffffffffffe02160 0007b683 ld          a3, a5, x0, 0000000000000000        8007ef06079e63
 4146 1 ffffffffffe02164 0005b703 ld          a4, a1, x0, 0000000000000000        8007ef06079e63
 4147 1 ffffffffffe02168 fee686e3 beq         , a3, a4, 00000000ffffffec        
 4148 1 ffffffffffe02154 00878793 addi        a5, a5, x0, 0000000000000008                  2648
 4149 1 ffffffffffe02158 00858593 addi        a1, a1, x0, 0000000000000008      ffffffffffe02648
 4150 1 ffffffffffe0215c 0107f863 bgeu        , a5, a6, 0000000000000010        
 4151 1 ffffffffffe02160 0007b683 ld          a3, a5, x0, 0000000000000000         7270300301073
 4152 1 ffffffffffe02164 0005b703 ld          a4, a1, x0, 0000000000000000         7270300301073
 4153 1 ffffffffffe02168 fee686e3 beq         , a3, a4, 00000000ffffffec        
 4154 1 ffffffffffe02154 00878793 addi        a5, a5, x0, 0000000000000008                  2650
 4155 1 ffffffffffe02158 00858593 addi        a1, a1, x0, 0000000000000008      ffffffffffe02650
 4156 1 ffffffffffe0215c 0107f863 bgeu        , a5, a6, 0000000000000010        
 4157 1 ffffffffffe02160 0007b683 ld          a3, a5, x0, 0000000000000000       6f700630007a783
 4158 1 ffffffffffe02164 0005b703 ld          a4, a1, x0, 0000000000000000       6f700630007a783
 4159 1 ffffffffffe02168 fee686e3 beq         , a3, a4, 00000000ffffffec        
 4160 1 ffffffffffe02154 00878793 addi        a5, a5, x0, 0000000000000008                  2658
 4161 1 ffffffffffe02158 00858593 addi        a1, a1, x0, 0000000000000008      ffffffffffe02658
 4162 1 ffffffffffe0215c 0107f863 bgeu        , a5, a6, 0000000000000010        
 4163 1 ffffffffffe02160 0007b683 ld          a3, a5, x0, 0000000000000000       410079310100513
 4164 1 ffffffffffe02164 0005b703 ld          a4, a1, x0, 0000000000000000       410079310100513
 4165 1 ffffffffffe02168 fee686e3 beq         , a3, a4, 00000000ffffffec        
 4166 1 ffffffffffe02154 00878793 addi        a5, a5, x0, 0000000000000008                  2660
 4167 1 ffffffffffe02158 00858593 addi        a1, a1, x0, 0000000000000008      ffffffffffe02660
 4168 1 ffffffffffe0215c 0107f863 bgeu        , a5, a6, 0000000000000010        
 4169 1 ffffffffffe02160 0007b683 ld          a3, a5, x0, 0000000000000000      4886869300000697
 4170 1 ffffffffffe02164 0005b703 ld          a4, a1, x0, 0000000000000000      4886869300000697
 4171 1 ffffffffffe02168 fee686e3 beq         , a3, a4, 00000000ffffffec        
 4172 1 ffffffffffe02154 00878793 addi        a5, a5, x0, 0000000000000008                  2668
 4173 1 ffffffffffe02158 00858593 addi        a1, a1, x0, 0000000000000008      ffffffffffe02668
 4174 1 ffffffffffe0215c 0107f863 bgeu        , a5, a6, 0000000000000010        
 4175 1 ffffffffffe02160 0007b683 ld          a3, a5, x0, 0000000000000000      99870713fffff717
 4176 1 ffffffffffe02164 0005b703 ld          a4, a1, x0, 0000000000000000      99870713fffff717
 4177 1 ffffffffffe02168 fee686e3 beq         , a3, a4, 00000000ffffffec        
 4178 1 ffffffffffe02154 00878793 addi        a5, a5, x0, 0000000000000008                  2670
 4179 1 ffffffffffe02158 00858593 addi        a1, a1, x0, 0000000000000008      ffffffffffe02670
 4180 1 ffffffffffe0215c 0107f863 bgeu        , a5, a6, 0000000000000010        
 4181 1 ffffffffffe02160 0007b683 ld          a3, a5, x0, 0000000000000000         7358303051513
 4182 1 ffffffffffe02164 0005b703 ld          a4, a1, x0, 0000000000000000         7358303051513
 4183 1 ffffffffffe02168 fee686e3 beq         , a3, a4, 00000000ffffffec        
 4184 1 ffffffffffe02154 00878793 addi        a5, a5, x0, 0000000000000008                  2678
 4185 1 ffffffffffe02158 00858593 addi        a1, a1, x0, 0000000000000008      ffffffffffe02678
 4186 1 ffffffffffe0215c 0107f863 bgeu        , a5, a6, 0000000000000010        
 4187 1 ffffffffffe02160 0007b683 ld          a3, a5, x0, 0000000000000000        a7e63300168693
 4188 1 ffffffffffe02164 0005b703 ld          a4, a1, x0, 0000000000000000        a7e63300168693
 4189 1 ffffffffffe02168 fee686e3 beq         , a3, a4, 00000000ffffffec        
 4190 1 ffffffffffe02154 00878793 addi        a5, a5, x0, 0000000000000008                  2680
 4191 1 ffffffffffe02158 00858593 addi        a1, a1, x0, 0000000000000008      ffffffffffe02680
 4192 1 ffffffffffe0215c 0107f863 bgeu        , a5, a6, 0000000000000010        
 4193 1 ffffffffffe02160 0007b683 ld          a3, a5, x0, 0000000000000000      fffff79700058a63
 4194 1 ffffffffffe02164 0005b703 ld          a4, a1, x0, 0000000000000000      fffff79700058a63
 4195 1 ffffffffffe02168 fee686e3 beq         , a3, a4, 00000000ffffffec        
 4196 1 ffffffffffe02154 00878793 addi        a5, a5, x0, 0000000000000008                  2688
 4197 1 ffffffffffe02158 00858593 addi        a1, a1, x0, 0000000000000008      ffffffffffe02688
 4198 1 ffffffffffe0215c 0107f863 bgeu        , a5, a6, 0000000000000010        
 4199 1 ffffffffffe02160 0007b683 ld          a3, a5, x0, 0000000000000000         737839a07be23
 4200 1 ffffffffffe02164 0005b703 ld          a4, a1, x0, 0000000000000000         737839a07be23
 4201 1 ffffffffffe02168 fee686e3 beq         , a3, a4, 00000000ffffffec        
 4202 1 ffffffffffe02154 00878793 addi        a5, a5, x0, 0000000000000008                  2690
 4203 1 ffffffffffe02158 00858593 addi        a1, a1, x0, 0000000000000008      ffffffffffe02690
 4204 1 ffffffffffe0215c 0107f863 bgeu        , a5, a6, 0000000000000010        
 4205 1 ffffffffffe02160 0007b683 ld          a3, a5, x0, 0000000000000000         6c783fe079ae3
 4206 1 ffffffffffe02164 0005b703 ld          a4, a1, x0, 0000000000000000         6c783fe079ae3
 4207 1 ffffffffffe02168 fee686e3 beq         , a3, a4, 00000000ffffffec        
 4208 1 ffffffffffe02154 00878793 addi        a5, a5, x0, 0000000000000008                  2698
 4209 1 ffffffffffe02158 00858593 addi        a1, a1, x0, 0000000000000008      ffffffffffe02698
 4210 1 ffffffffffe0215c 0107f863 bgeu        , a5, a6, 0000000000000010        
 4211 1 ffffffffffe02160 0007b683 ld          a3, a5, x0, 0000000000000000      fc079ce300c73023
 4212 1 ffffffffffe02164 0005b703 ld          a4, a1, x0, 0000000000000000      fc079ce300c73023
 4213 1 ffffffffffe02168 fee686e3 beq         , a3, a4, 00000000ffffffec        
 4214 1 ffffffffffe02154 00878793 addi        a5, a5, x0, 0000000000000008                  26a0
 4215 1 ffffffffffe02158 00858593 addi        a1, a1, x0, 0000000000000008      ffffffffffe026a0
 4216 1 ffffffffffe0215c 0107f863 bgeu        , a5, a6, 0000000000000010        
 4217 1 ffffffffffe02160 0007b683 ld          a3, a5, x0, 0000000000000000      c01ff0ef00300513
 4218 1 ffffffffffe02164 0005b703 ld          a4, a1, x0, 0000000000000000      c01ff0ef00300513
 4219 1 ffffffffffe02168 fee686e3 beq         , a3, a4, 00000000ffffffec        
 4220 1 ffffffffffe02154 00878793 addi        a5, a5, x0, 0000000000000008                  26a8
 4221 1 ffffffffffe02158 00858593 addi        a1, a1, x0, 0000000000000008      ffffffffffe026a8
 4222 1 ffffffffffe0215c 0107f863 bgeu        , a5, a6, 0000000000000010        
 4223 1 ffffffffffe02160 0007b683 ld          a3, a5, x0, 0000000000000000      a21fd0ef00040513
 4224 1 ffffffffffe02164 0005b703 ld          a4, a1, x0, 0000000000000000      a21fd0ef00040513
 4225 1 ffffffffffe02168 fee686e3 beq         , a3, a4, 00000000ffffffec        
 4226 1 ffffffffffe02154 00878793 addi        a5, a5, x0, 0000000000000008                  26b0
 4227 1 ffffffffffe02158 00858593 addi        a1, a1, x0, 0000000000000008      ffffffffffe026b0
 4228 1 ffffffffffe0215c 0107f863 bgeu        , a5, a6, 0000000000000010        
 4229 1 ffffffffffe02160 0007b683 ld          a3, a5, x0, 0000000000000000        100513f19ff06f
 4230 1 ffffffffffe02164 0005b703 ld          a4, a1, x0, 0000000000000000        100513f19ff06f
 4231 1 ffffffffffe02168 fee686e3 beq         , a3, a4, 00000000ffffffec        
 4232 1 ffffffffffe02154 00878793 addi        a5, a5, x0, 0000000000000008                  26b8
 4233 1 ffffffffffe02158 00858593 addi        a1, a1, x0, 0000000000000008      ffffffffffe026b8
 4234 1 ffffffffffe0215c 0107f863 bgeu        , a5, a6, 0000000000000010        
 4235 1 ffffffffffe02160 0007b683 ld          a3, a5, x0, 0000000000000000           517bedff0ef
 4236 1 ffffffffffe02164 0005b703 ld          a4, a1, x0, 0000000000000000           517bedff0ef
 4237 1 ffffffffffe02168 fee686e3 beq         , a3, a4, 00000000ffffffec        
 4238 1 ffffffffffe02154 00878793 addi        a5, a5, x0, 0000000000000008                  26c0
 4239 1 ffffffffffe02158 00858593 addi        a1, a1, x0, 0000000000000008      ffffffffffe026c0
 4240 1 ffffffffffe0215c 0107f863 bgeu        , a5, a6, 0000000000000010        
 4241 1 ffffffffffe02160 0007b683 ld          a3, a5, x0, 0000000000000000      b99ff0ef4cc50513
 4242 1 ffffffffffe02164 0005b703 ld          a4, a1, x0, 0000000000000000      b99ff0ef4cc50513
 4243 1 ffffffffffe02168 fee686e3 beq         , a3, a4, 00000000ffffffec        
 4244 1 ffffffffffe02154 00878793 addi        a5, a5, x0, 0000000000000008                  26c8
 4245 1 ffffffffffe02158 00858593 addi        a1, a1, x0, 0000000000000008      ffffffffffe026c8
 4246 1 ffffffffffe0215c 0107f863 bgeu        , a5, a6, 0000000000000010        
 4247 1 ffffffffffe02160 0007b683 ld          a3, a5, x0, 0000000000000000      bd9ff0ef00300513
 4248 1 ffffffffffe02164 0005b703 ld          a4, a1, x0, 0000000000000000      bd9ff0ef00300513
 4249 1 ffffffffffe02168 fee686e3 beq         , a3, a4, 00000000ffffffec        
 4250 1 ffffffffffe02154 00878793 addi        a5, a5, x0, 0000000000000008                  26d0
 4251 1 ffffffffffe02158 00858593 addi        a1, a1, x0, 0000000000000008      ffffffffffe026d0
 4252 1 ffffffffffe0215c 0107f863 bgeu        , a5, a6, 0000000000000010        
 4253 1 ffffffffffe02160 0007b683 ld          a3, a5, x0, 0000000000000000          1c3705042903
 4254 1 ffffffffffe02164 0005b703 ld          a4, a1, x0, 0000000000000000          1c3705042903
 4255 1 ffffffffffe02168 fee686e3 beq         , a3, a4, 00000000ffffffec        
 4256 1 ffffffffffe02154 00878793 addi        a5, a5, x0, 0000000000000008                  26d8
 4257 1 ffffffffffe02158 00858593 addi        a1, a1, x0, 0000000000000008      ffffffffffe026d8
 4258 1 ffffffffffe0215c 0107f863 bgeu        , a5, a6, 0000000000000010        
 4259 1 ffffffffffe02160 0007b683 ld          a3, a5, x0, 0000000000000000      9284849300001497
 4260 1 ffffffffffe02164 0005b703 ld          a4, a1, x0, 0000000000000000      9284849300001497
 4261 1 ffffffffffe02168 fee686e3 beq         , a3, a4, 00000000ffffffec        
 4262 1 ffffffffffe02154 00878793 addi        a5, a5, x0, 0000000000000008                  26e0
 4263 1 ffffffffffe02158 00858593 addi        a1, a1, x0, 0000000000000008      ffffffffffe026e0
 4264 1 ffffffffffe0215c 0107f863 bgeu        , a5, a6, 0000000000000010        
 4265 1 ffffffffffe02160 0007b683 ld          a3, a5, x0, 0000000000000000      920b8b9300002b97
 4266 1 ffffffffffe02164 0005b703 ld          a4, a1, x0, 0000000000000000      920b8b9300002b97
 4267 1 ffffffffffe02168 fee686e3 beq         , a3, a4, 00000000ffffffec        
 4268 1 ffffffffffe02154 00878793 addi        a5, a5, x0, 0000000000000008                  26e8
 4269 1 ffffffffffe02158 00858593 addi        a1, a1, x0, 0000000000000008      ffffffffffe026e8
 4270 1 ffffffffffe0215c 0107f863 bgeu        , a5, a6, 0000000000000010        
 4271 1 ffffffffffe02160 0007b683 ld          a3, a5, x0, 0000000000000000      ffe00ab700040b37
 4272 1 ffffffffffe02164 0005b703 ld          a4, a1, x0, 0000000000000000      ffe00ab700040b37
 4273 1 ffffffffffe02168 fee686e3 beq         , a3, a4, 00000000ffffffec        
 4274 1 ffffffffffe02154 00878793 addi        a5, a5, x0, 0000000000000008                  26f0
 4275 1 ffffffffffe02158 00858593 addi        a1, a1, x0, 0000000000000008      ffffffffffe026f0
 4276 1 ffffffffffe0215c 0107f863 bgeu        , a5, a6, 0000000000000010        
 4277 1 ffffffffffe02160 0007b683 ld          a3, a5, x0, 0000000000000000      910d8d9300006d97
 4278 1 ffffffffffe02164 0005b703 ld          a4, a1, x0, 0000000000000000      910d8d9300006d97
 4279 1 ffffffffffe02168 fee686e3 beq         , a3, a4, 00000000ffffffec        
 4280 1 ffffffffffe02154 00878793 addi        a5, a5, x0, 0000000000000008                  26f8
 4281 1 ffffffffffe02158 00858593 addi        a1, a1, x0, 0000000000000008      ffffffffffe026f8
 4282 1 ffffffffffe0215c 0107f863 bgeu        , a5, a6, 0000000000000010        
 4283 1 ffffffffffe02160 0007b683 ld          a3, a5, x0, 0000000000000000      910a0a1300006a17
 4284 1 ffffffffffe02164 0005b703 ld          a4, a1, x0, 0000000000000000      910a0a1300006a17
 4285 1 ffffffffffe02168 fee686e3 beq         , a3, a4, 00000000ffffffec        
 4286 1 ffffffffffe02154 00878793 addi        a5, a5, x0, 0000000000000008                  2700
 4287 1 ffffffffffe02158 00858593 addi        a1, a1, x0, 0000000000000008      ffffffffffe02700
 4288 1 ffffffffffe0215c 0107f863 bgeu        , a5, a6, 0000000000000010        
 4289 1 ffffffffffe02160 0007b683 ld          a3, a5, x0, 0000000000000000       180006f0003f9b7
 4290 1 ffffffffffe02164 0005b703 ld          a4, a1, x0, 0000000000000000       180006f0003f9b7
 4291 1 ffffffffffe02168 fee686e3 beq         , a3, a4, 00000000ffffffec        
 4292 1 ffffffffffe02154 00878793 addi        a5, a5, x0, 0000000000000008                  2708
 4293 1 ffffffffffe02158 00858593 addi        a1, a1, x0, 0000000000000008      ffffffffffe02708
 4294 1 ffffffffffe0215c 0107f863 bgeu        , a5, a6, 0000000000000010        
 4295 1 ffffffffffe02160 0007b683 ld          a3, a5, x0, 0000000000000000        fdb02300f73423
 4296 1 ffffffffffe02164 0005b703 ld          a4, a1, x0, 0000000000000000        fdb02300f73423
 4297 1 ffffffffffe02168 fee686e3 beq         , a3, a4, 00000000ffffffec        
 4298 1 ffffffffffe02154 00878793 addi        a5, a5, x0, 0000000000000008                  2710
 4299 1 ffffffffffe02158 00858593 addi        a1, a1, x0, 0000000000000008      ffffffffffe02710
 4300 1 ffffffffffe0215c 0107f863 bgeu        , a5, a6, 0000000000000010        
 4301 1 ffffffffffe02160 0007b683 ld          a3, a5, x0, 0000000000000000        fc0c33000017b7
 4302 1 ffffffffffe02164 0005b703 ld          a4, a1, x0, 0000000000000000        fc0c33000017b7
 4303 1 ffffffffffe02168 fee686e3 beq         , a3, a4, 00000000ffffffec        
 4304 1 ffffffffffe02154 00878793 addi        a5, a5, x0, 0000000000000008                  2718
 4305 1 ffffffffffe02158 00858593 addi        a1, a1, x0, 0000000000000008      ffffffffffe02718
 4306 1 ffffffffffe0215c 0107f863 bgeu        , a5, a6, 0000000000000010        
 4307 1 ffffffffffe02160 0007b683 ld          a3, a5, x0, 0000000000000000        cc57930d3c0263
 4308 1 ffffffffffe02164 0005b703 ld          a4, a1, x0, 0000000000000000        cc57930d3c0263
 4309 1 ffffffffffe02168 fee686e3 beq         , a3, a4, 00000000ffffffec        
 4310 1 ffffffffffe02154 00878793 addi        a5, a5, x0, 0000000000000008                  2720
 4311 1 ffffffffffe02158 00858593 addi        a1, a1, x0, 0000000000000008      ffffffffffe02720
 4312 1 ffffffffffe0215c 0107f863 bgeu        , a5, a6, 0000000000000010        
 4313 1 ffffffffffe02160 0007b683 ld          a3, a5, x0, 0000000000000000        84873300479413
 4314 1 ffffffffffe02164 0005b703 ld          a4, a1, x0, 0000000000000000        84873300479413
 4315 1 ffffffffffe02168 fee686e3 beq         , a3, a4, 00000000ffffffec        
 4316 1 ffffffffffe02154 00878793 addi        a5, a5, x0, 0000000000000008                  2728
 4317 1 ffffffffffe02158 00858593 addi        a1, a1, x0, 0000000000000008      ffffffffffe02728
 4318 1 ffffffffffe0215c 0107f863 bgeu        , a5, a6, 0000000000000010        
 4319 1 ffffffffffe02160 0007b683 ld          a3, a5, x0, 0000000000000000      fe0702e300073703
 4320 1 ffffffffffe02164 0005b703 ld          a4, a1, x0, 0000000000000000      fe0702e300073703
 4321 1 ffffffffffe02168 fee686e3 beq         , a3, a4, 00000000ffffffec        
 4322 1 ffffffffffe02154 00878793 addi        a5, a5, x0, 0000000000000008                  2730
 4323 1 ffffffffffe02158 00858593 addi        a1, a1, x0, 0000000000000008      ffffffffffe02730
 4324 1 ffffffffffe0215c 0107f863 bgeu        , a5, a6, 0000000000000010        
 4325 1 ffffffffffe02160 0007b683 ld          a3, a5, x0, 0000000000000000        37979360078793
 4326 1 ffffffffffe02164 0005b703 ld          a4, a1, x0, 0000000000000000        37979360078793
 4327 1 ffffffffffe02168 fee686e3 beq         , a3, a4, 00000000ffffffec        
 4328 1 ffffffffffe02154 00878793 addi        a5, a5, x0, 0000000000000008                  2738
 4329 1 ffffffffffe02158 00858593 addi        a1, a1, x0, 0000000000000008      ffffffffffe02738
 4330 1 ffffffffffe0215c 0107f863 bgeu        , a5, a6, 0000000000000010        
 4331 1 ffffffffffe02160 0007b683 ld          a3, a5, x0, 0000000000000000         7bc8300fb87b3
 4332 1 ffffffffffe02164 0005b703 ld          a4, a1, x0, 0000000000000000         7bc8300fb87b3
 4333 1 ffffffffffe02168 fee686e3 beq         , a3, a4, 00000000ffffffec        
 4334 1 ffffffffffe02154 00878793 addi        a5, a5, x0, 0000000000000008                  2740
 4335 1 ffffffffffe02158 00858593 addi        a1, a1, x0, 0000000000000008      ffffffffffe02740
 4336 1 ffffffffffe0215c 0107f863 bgeu        , a5, a6, 0000000000000010        
 4337 1 ffffffffffe02160 0007b683 ld          a3, a5, x0, 0000000000000000       8078263040cf793
 4338 1 ffffffffffe02164 0005b703 ld          a4, a1, x0, 0000000000000000       8078263040cf793
 4339 1 ffffffffffe02168 fee686e3 beq         , a3, a4, 00000000ffffffec        
 4340 1 ffffffffffe02154 00878793 addi        a5, a5, x0, 0000000000000008                  2748
 4341 1 ffffffffffe02158 00858593 addi        a1, a1, x0, 0000000000000008      ffffffffffe02748
 4342 1 ffffffffffe0215c 0107f863 bgeu        , a5, a6, 0000000000000010        
 4343 1 ffffffffffe02160 0007b683 ld          a3, a5, x0, 0000000000000000       15c07b3100b2d73
 4344 1 ffffffffffe02164 0005b703 ld          a4, a1, x0, 0000000000000000       15c07b3100b2d73
 4345 1 ffffffffffe02168 fee686e3 beq         , a3, a4, 00000000ffffffec        
 4346 1 ffffffffffe02154 00878793 addi        a5, a5, x0, 0000000000000008                  2750
 4347 1 ffffffffffe02158 00858593 addi        a1, a1, x0, 0000000000000008      ffffffffffe02750
 4348 1 ffffffffffe0215c 0107f863 bgeu        , a5, a6, 0000000000000010        
 4349 1 ffffffffffe02160 0007b683 ld          a3, a5, x0, 0000000000000000         7859300001637
 4350 1 ffffffffffe02164 0005b703 ld          a4, a1, x0, 0000000000000000         7859300001637
 4351 1 ffffffffffe02168 fee686e3 beq         , a3, a4, 00000000ffffffec        
 4352 1 ffffffffffe02154 00878793 addi        a5, a5, x0, 0000000000000008                  2758
 4353 1 ffffffffffe02158 00858593 addi        a1, a1, x0, 0000000000000008      ffffffffffe02758
 4354 1 ffffffffffe0215c 0107f863 bgeu        , a5, a6, 0000000000000010        
 4355 1 ffffffffffe02160 0007b683 ld          a3, a5, x0, 0000000000000000        f13423000c0513
 4356 1 ffffffffffe02164 0005b703 ld          a4, a1, x0, 0000000000000000        f13423000c0513
 4357 1 ffffffffffe02168 fee686e3 beq         , a3, a4, 00000000ffffffec        
 4358 1 ffffffffffe02154 00878793 addi        a5, a5, x0, 0000000000000008                  2760
 4359 1 ffffffffffe02158 00858593 addi        a1, a1, x0, 0000000000000008      ffffffffffe02760
 4360 1 ffffffffffe0215c 0107f863 bgeu        , a5, a6, 0000000000000010        
 4361 1 ffffffffffe02160 0007b683 ld          a3, a5, x0, 0000000000000000       20500639d5ff0ef
 4362 1 ffffffffffe02164 0005b703 ld          a4, a1, x0, 0000000000000000       20500639d5ff0ef
 4363 1 ffffffffffe02168 fee686e3 beq         , a3, a4, 00000000ffffffec        
 4364 1 ffffffffffe02154 00878793 addi        a5, a5, x0, 0000000000000008                  2768
 4365 1 ffffffffffe02158 00858593 addi        a1, a1, x0, 0000000000000008      ffffffffffe02768
 4366 1 ffffffffffe0215c 0107f863 bgeu        , a5, a6, 0000000000000010        
 4367 1 ffffffffffe02160 0007b683 ld          a3, a5, x0, 0000000000000000        813783080cfc93
 4368 1 ffffffffffe02164 0005b703 ld          a4, a1, x0, 0000000000000000        813783080cfc93
 4369 1 ffffffffffe02168 fee686e3 beq         , a3, a4, 00000000ffffffec        
 4370 1 ffffffffffe02154 00878793 addi        a5, a5, x0, 0000000000000008                  2770
 4371 1 ffffffffffe02158 00858593 addi        a1, a1, x0, 0000000000000008      ffffffffffe02770
 4372 1 ffffffffffe0215c 0107f863 bgeu        , a5, a6, 0000000000000010        
 4373 1 ffffffffffe02160 0007b683 ld          a3, a5, x0, 0000000000000000          1637040c8263
 4374 1 ffffffffffe02164 0005b703 ld          a4, a1, x0, 0000000000000000          1637040c8263
 4375 1 ffffffffffe02168 fee686e3 beq         , a3, a4, 00000000ffffffec        
 4376 1 ffffffffffe02154 00878793 addi        a5, a5, x0, 0000000000000008                  2778
 4377 1 ffffffffffe02158 00858593 addi        a1, a1, x0, 0000000000000008      ffffffffffe02778
 4378 1 ffffffffffe0215c 0107f863 bgeu        , a5, a6, 0000000000000010        
 4379 1 ffffffffffe02160 0007b683 ld          a3, a5, x0, 0000000000000000         78513000c0593
 4380 1 ffffffffffe02164 0005b703 ld          a4, a1, x0, 0000000000000000         78513000c0593
 4381 1 ffffffffffe02168 fee686e3 beq         , a3, a4, 00000000ffffffec        
 4382 1 ffffffffffe02154 00878793 addi        a5, a5, x0, 0000000000000008                  2780
 4383 1 ffffffffffe02158 00858593 addi        a1, a1, x0, 0000000000000008      ffffffffffe02780
 4384 1 ffffffffffe0215c 0107f863 bgeu        , a5, a6, 0000000000000010        
 4385 1 ffffffffffe02160 0007b683 ld          a3, a5, x0, 0000000000000000        8487b3881ff0ef
 4386 1 ffffffffffe02164 0005b703 ld          a4, a1, x0, 0000000000000000        8487b3881ff0ef
 4387 1 ffffffffffe02168 fee686e3 beq         , a3, a4, 00000000ffffffec        
 4388 1 ffffffffffe02154 00878793 addi        a5, a5, x0, 0000000000000008                  2788
 4389 1 ffffffffffe02158 00858593 addi        a1, a1, x0, 0000000000000008      ffffffffffe02788
 4390 1 ffffffffffe0215c 0107f863 bgeu        , a5, a6, 0000000000000010        
 4391 1 ffffffffffe02160 0007b683 ld          a3, a5, x0, 0000000000000000         db703100d1073
 4392 1 ffffffffffe02164 0005b703 ld          a4, a1, x0, 0000000000000000         db703100d1073
 4393 1 ffffffffffe02168 fee686e3 beq         , a3, a4, 00000000ffffffec        
 4394 1 ffffffffffe02154 00878793 addi        a5, a5, x0, 0000000000000008                  2790
 4395 1 ffffffffffe02158 00858593 addi        a1, a1, x0, 0000000000000008      ffffffffffe02790
 4396 1 ffffffffffe0215c 0107f863 bgeu        , a5, a6, 0000000000000010        
 4397 1 ffffffffffe02160 0007b683 ld          a3, a5, x0, 0000000000000000      f6071ae30007b023
 4398 1 ffffffffffe02164 0005b703 ld          a4, a1, x0, 0000000000000000      f6071ae30007b023
 4399 1 ffffffffffe02168 fee686e3 beq         , a3, a4, 00000000ffffffec        
 4400 1 ffffffffffe02154 00878793 addi        a5, a5, x0, 0000000000000008                  2798
 4401 1 ffffffffffe02158 00858593 addi        a1, a1, x0, 0000000000000008      ffffffffffe02798
 4402 1 ffffffffffe0215c 0107f863 bgeu        , a5, a6, 0000000000000010        
 4403 1 ffffffffffe02160 0007b683 ld          a3, a5, x0, 0000000000000000        fa302300fdb023
 4404 1 ffffffffffe02164 0005b703 ld          a4, a1, x0, 0000000000000000        fa302300fdb023
 4405 1 ffffffffffe02168 fee686e3 beq         , a3, a4, 00000000ffffffec        
 4406 1 ffffffffffe02154 00878793 addi        a5, a5, x0, 0000000000000008                  27a0
 4407 1 ffffffffffe02158 00858593 addi        a1, a1, x0, 0000000000000008      ffffffffffe027a0
 4408 1 ffffffffffe0215c 0107f863 bgeu        , a5, a6, 0000000000000010        
 4409 1 ffffffffffe02160 0007b683 ld          a3, a5, x0, 0000000000000000           517f71ff06f
 4410 1 ffffffffffe02164 0005b703 ld          a4, a1, x0, 0000000000000000           517f71ff06f
 4411 1 ffffffffffe02168 fee686e3 beq         , a3, a4, 00000000ffffffec        
 4412 1 ffffffffffe02154 00878793 addi        a5, a5, x0, 0000000000000008                  27a8
 4413 1 ffffffffffe02158 00858593 addi        a1, a1, x0, 0000000000000008      ffffffffffe027a8
 4414 1 ffffffffffe0215c 0107f863 bgeu        , a5, a6, 0000000000000010        
 4415 1 ffffffffffe02160 0007b683 ld          a3, a5, x0, 0000000000000000      ab1ff0ef40c50513
 4416 1 ffffffffffe02164 0005b703 ld          a4, a1, x0, 0000000000000000      ab1ff0ef40c50513
 4417 1 ffffffffffe02168 fee686e3 beq         , a3, a4, 00000000ffffffec        
 4418 1 ffffffffffe02154 00878793 addi        a5, a5, x0, 0000000000000008                  27b0
 4419 1 ffffffffffe02158 00858593 addi        a1, a1, x0, 0000000000000008      ffffffffffe027b0
 4420 1 ffffffffffe0215c 0107f863 bgeu        , a5, a6, 0000000000000010        
 4421 1 ffffffffffe02160 0007b683 ld          a3, a5, x0, 0000000000000000           517ef1ff06f
 4422 1 ffffffffffe02164 0005b703 ld          a4, a1, x0, 0000000000000000           517ef1ff06f
 4423 1 ffffffffffe02168 fee686e3 beq         , a3, a4, 00000000ffffffec        
 4424 1 ffffffffffe02154 00878793 addi        a5, a5, x0, 0000000000000008                  27b8
 4425 1 ffffffffffe02158 00858593 addi        a1, a1, x0, 0000000000000008      ffffffffffe027b8
 4426 1 ffffffffffe0215c 0107f863 bgeu        , a5, a6, 0000000000000010        
 4427 1 ffffffffffe02160 0007b683 ld          a3, a5, x0, 0000000000000000      aa1ff0ef39c50513
 4428 1 ffffffffffe02164 0005b703 ld          a4, a1, x0, 0000000000000000      aa1ff0ef39c50513
 4429 1 ffffffffffe02168 fee686e3 beq         , a3, a4, 00000000ffffffec        
 4430 1 ffffffffffe02154 00878793 addi        a5, a5, x0, 0000000000000008                  27c0
 4431 1 ffffffffffe02158 00858593 addi        a1, a1, x0, 0000000000000008      ffffffffffe027c0
 4432 1 ffffffffffe0215c 0107f863 bgeu        , a5, a6, 0000000000000010        
 4433 1 ffffffffffe02160 0007b683 ld          a3, a5, x0, 0000000000000000      ae1ff0ef00300513
 4434 1 ffffffffffe02164 0005b703 ld          a4, a1, x0, 0000000000000000      ae1ff0ef00300513
 4435 1 ffffffffffe02168 fee686e3 beq         , a3, a4, 00000000ffffffec        
 4436 1 ffffffffffe02154 00878793 addi        a5, a5, x0, 0000000000000008                  27c8
 4437 1 ffffffffffe02158 00858593 addi        a1, a1, x0, 0000000000000008      ffffffffffe027c8
 4438 1 ffffffffffe0215c 0107f863 bgeu        , a5, a6, 0000000000000010        
 4439 1 ffffffffffe02160 0007b683 ld          a3, a5, x0, 0000000000000000      3505051300000517
 4440 1 ffffffffffe02164 0005b703 ld          a4, a1, x0, 0000000000000000      3505051300000517
 4441 1 ffffffffffe02168 fee686e3 beq         , a3, a4, 00000000ffffffec        
 4442 1 ffffffffffe02154 00878793 addi        a5, a5, x0, 0000000000000008                  27d0
 4443 1 ffffffffffe02158 00858593 addi        a1, a1, x0, 0000000000000008      ffffffffffe027d0
 4444 1 ffffffffffe0215c 0107f863 bgeu        , a5, a6, 0000000000000010        
 4445 1 ffffffffffe02160 0007b683 ld          a3, a5, x0, 0000000000000000        300513a8dff0ef
 4446 1 ffffffffffe02164 0005b703 ld          a4, a1, x0, 0000000000000000        300513a8dff0ef
 4447 1 ffffffffffe02168 fee686e3 beq         , a3, a4, 00000000ffffffec        
 4448 1 ffffffffffe02154 00878793 addi        a5, a5, x0, 0000000000000008                  27d8
 4449 1 ffffffffffe02158 00858593 addi        a1, a1, x0, 0000000000000008      ffffffffffe027d8
 4450 1 ffffffffffe0215c 0107f863 bgeu        , a5, a6, 0000000000000010        
 4451 1 ffffffffffe02160 0007b683 ld          a3, a5, x0, 0000000000000000         90513acdff0ef
 4452 1 ffffffffffe02164 0005b703 ld          a4, a1, x0, 0000000000000000         90513acdff0ef
 4453 1 ffffffffffe02168 fee686e3 beq         , a3, a4, 00000000ffffffec        
 4454 1 ffffffffffe02154 00878793 addi        a5, a5, x0, 0000000000000008                  27e0
 4455 1 ffffffffffe02158 00858593 addi        a1, a1, x0, 0000000000000008      ffffffffffe027e0
 4456 1 ffffffffffe0215c 0107f863 bgeu        , a5, a6, 0000000000000010        
 4457 1 ffffffffffe02160 0007b683 ld          a3, a5, x0, 0000000000000000      f14027f3ac5ff0ef
 4458 1 ffffffffffe02164 0005b703 ld          a4, a1, x0, 0000000000000000      f14027f3ac5ff0ef
 4459 1 ffffffffffe02168 fee686e3 beq         , a3, a4, 00000000ffffffec        
 4460 1 ffffffffffe02154 00878793 addi        a5, a5, x0, 0000000000000008                  27e8
 4461 1 ffffffffffe02158 00858593 addi        a1, a1, x0, 0000000000000008      ffffffffffe027e8
 4462 1 ffffffffffe0215c 0107f863 bgeu        , a5, a6, 0000000000000010        
 4463 1 ffffffffffe02160 0007b683 ld          a3, a5, x0, 0000000000000000          479718079a63
 4464 1 ffffffffffe02164 0005b703 ld          a4, a1, x0, 0000000000000000          479718079a63
 4465 1 ffffffffffe02168 fee686e3 beq         , a3, a4, 00000000ffffffec        
 4466 1 ffffffffffe02154 00878793 addi        a5, a5, x0, 0000000000000008                  27f0
 4467 1 ffffffffffe02158 00858593 addi        a1, a1, x0, 0000000000000008      ffffffffffe027f0
 4468 1 ffffffffffe0215c 0107f863 bgeu        , a5, a6, 0000000000000010        
 4469 1 ffffffffffe02160 0007b683 ld          a3, a5, x0, 0000000000000000      ed01011381478793
 4470 1 ffffffffffe02164 0005b703 ld          a4, a1, x0, 0000000000000000      ed01011381478793
 4471 1 ffffffffffe02168 fee686e3 beq         , a3, a4, 00000000ffffffec        
 4472 1 ffffffffffe02154 00878793 addi        a5, a5, x0, 0000000000000008                  27f8
 4473 1 ffffffffffe02158 00858593 addi        a1, a1, x0, 0000000000000008      ffffffffffe027f8
 4474 1 ffffffffffe0215c 0107f863 bgeu        , a5, a6, 0000000000000010        
 4475 1 ffffffffffe02160 0007b683 ld          a3, a5, x0, 0000000000000000      1281302300c7d793
 4476 1 ffffffffffe02164 0005b703 ld          a4, a1, x0, 0000000000000000      1281302300c7d793
 4477 1 ffffffffffe02168 fee686e3 beq         , a3, a4, 00000000ffffffec        
 4478 1 ffffffffffe02154 00878793 addi        a5, a5, x0, 0000000000000008                  2800
 4479 1 ffffffffffe02158 00858593 addi        a1, a1, x0, 0000000000000008      ffffffffffe02800
 4480 1 ffffffffffe0215c 0107f863 bgeu        , a5, a6, 0000000000000010        
 4481 1 ffffffffffe02160 0007b683 ld          a3, a5, x0, 0000000000000000      8008081300005817
 4482 1 ffffffffffe02164 0005b703 ld          a4, a1, x0, 0000000000000000      8008081300005817
 4483 1 ffffffffffe02168 fee686e3 beq         , a3, a4, 00000000ffffffec        
 4484 1 ffffffffffe02154 00878793 addi        a5, a5, x0, 0000000000000008                  2808
 4485 1 ffffffffffe02158 00858593 addi        a1, a1, x0, 0000000000000008      ffffffffffe02808
 4486 1 ffffffffffe0215c 0107f863 bgeu        , a5, a6, 0000000000000010        
 4487 1 ffffffffffe02160 0007b683 ld          a3, a5, x0, 0000000000000000        a7979300050413
 4488 1 ffffffffffe02164 0005b703 ld          a4, a1, x0, 0000000000000000        a7979300050413
 4489 1 ffffffffffe02168 fee686e3 beq         , a3, a4, 00000000ffffffec        
 4490 1 ffffffffffe02154 00878793 addi        a5, a5, x0, 0000000000000008                  2810
 4491 1 ffffffffffe02158 00858593 addi        a1, a1, x0, 0000000000000008      ffffffffffe02810
 4492 1 ffffffffffe0215c 0107f863 bgeu        , a5, a6, 0000000000000010        
 4493 1 ffffffffffe02160 0007b683 ld          a3, a5, x0, 0000000000000000      7f05051300002517
 4494 1 ffffffffffe02164 0005b703 ld          a4, a1, x0, 0000000000000000      7f05051300002517
 4495 1 ffffffffffe02168 fee686e3 beq         , a3, a4, 00000000ffffffec        
 4496 1 ffffffffffe02154 00878793 addi        a5, a5, x0, 0000000000000008                  2818
 4497 1 ffffffffffe02158 00858593 addi        a1, a1, x0, 0000000000000008      ffffffffffe02818
 4498 1 ffffffffffe0215c 0107f863 bgeu        , a5, a6, 0000000000000010        
 4499 1 ffffffffffe02160 0007b683 ld          a3, a5, x0, 0000000000000000        c5569312113423
 4500 1 ffffffffffe02164 0005b703 ld          a4, a1, x0, 0000000000000000        c5569312113423
 4501 1 ffffffffffe02168 fee686e3 beq         , a3, a4, 00000000ffffffec        
 4502 1 ffffffffffe02154 00878793 addi        a5, a5, x0, 0000000000000008                  2820
 4503 1 ffffffffffe02158 00858593 addi        a1, a1, x0, 0000000000000008      ffffffffffe02820
 4504 1 ffffffffffe0215c 0107f863 bgeu        , a5, a6, 0000000000000010        
 4505 1 ffffffffffe02160 0007b683 ld          a3, a5, x0, 0000000000000000        17e79300c85713
 4506 1 ffffffffffe02164 0005b703 ld          a4, a1, x0, 0000000000000000        17e79300c85713
 4507 1 ffffffffffe02168 fee686e3 beq         , a3, a4, 00000000ffffffec        
 4508 1 ffffffffffe02154 00878793 addi        a5, a5, x0, 0000000000000008                  2828
 4509 1 ffffffffffe02158 00858593 addi        a1, a1, x0, 0000000000000008      ffffffffffe02828
 4510 1 ffffffffffe0215c 0107f863 bgeu        , a5, a6, 0000000000000010        
 4511 1 ffffffffffe02160 0007b683 ld          a3, a5, x0, 0000000000000000      7d88889300001897
 4512 1 ffffffffffe02164 0005b703 ld          a4, a1, x0, 0000000000000000      7d88889300001897
 4513 1 ffffffffffe02168 fee686e3 beq         , a3, a4, 00000000ffffffec        
 4514 1 ffffffffffe02154 00878793 addi        a5, a5, x0, 0000000000000008                  2830
 4515 1 ffffffffffe02158 00858593 addi        a1, a1, x0, 0000000000000008      ffffffffffe02830
 4516 1 ffffffffffe0215c 0107f863 bgeu        , a5, a6, 0000000000000010        
 4517 1 ffffffffffe02160 0007b683 ld          a3, a5, x0, 0000000000000000      fef53c23fff00613
 4518 1 ffffffffffe02164 0005b703 ld          a4, a1, x0, 0000000000000000      fef53c23fff00613
 4519 1 ffffffffffe02168 fee686e3 beq         , a3, a4, 00000000ffffffec        
 4520 1 ffffffffffe02154 00878793 addi        a5, a5, x0, 0000000000000008                  2838
 4521 1 ffffffffffe02158 00858593 addi        a1, a1, x0, 0000000000000008      ffffffffffe02838
 4522 1 ffffffffffe0215c 0107f863 bgeu        , a5, a6, 0000000000000010        
 4523 1 ffffffffffe02160 0007b683 ld          a3, a5, x0, 0000000000000000        a7171300a69693
 4524 1 ffffffffffe02164 0005b703 ld          a4, a1, x0, 0000000000000000        a7171300a69693
 4525 1 ffffffffffe02168 fee686e3 beq         , a3, a4, 00000000ffffffec        
 4526 1 ffffffffffe02154 00878793 addi        a5, a5, x0, 0000000000000008                  2840
 4527 1 ffffffffffe02158 00858593 addi        a1, a1, x0, 0000000000000008      ffffffffffe02840
 4528 1 ffffffffffe0215c 0107f863 bgeu        , a5, a6, 0000000000000010        
 4529 1 ffffffffffe02160 0007b683 ld          a3, a5, x0, 0000000000000000        16e693200007b7
 4530 1 ffffffffffe02164 0005b703 ld          a4, a1, x0, 0000000000000000        16e693200007b7
 4531 1 ffffffffffe02168 fee686e3 beq         , a3, a4, 00000000ffffffec        
 4532 1 ffffffffffe02154 00878793 addi        a5, a5, x0, 0000000000000008                  2848
 4533 1 ffffffffffe02158 00858593 addi        a1, a1, x0, 0000000000000008      ffffffffffe02848
 4534 1 ffffffffffe0215c 0107f863 bgeu        , a5, a6, 0000000000000010        
 4535 1 ffffffffffe02160 0007b683 ld          a3, a5, x0, 0000000000000000        c8d59300176713
 4536 1 ffffffffffe02164 0005b703 ld          a4, a1, x0, 0000000000000000        c8d59300176713
 4537 1 ffffffffffe02168 fee686e3 beq         , a3, a4, 00000000ffffffec        
 4538 1 ffffffffffe02154 00878793 addi        a5, a5, x0, 0000000000000008                  2850
 4539 1 ffffffffffe02158 00858593 addi        a1, a1, x0, 0000000000000008      ffffffffffe02850
 4540 1 ffffffffffe0215c 0107f863 bgeu        , a5, a6, 0000000000000010        
 4541 1 ffffffffffe02160 0007b683 ld          a3, a5, x0, 0000000000000000       cf7879303f61313
 4542 1 ffffffffffe02164 0005b703 ld          a4, a1, x0, 0000000000000000       cf7879303f61313
 4543 1 ffffffffffe02168 fee686e3 beq         , a3, a4, 00000000ffffffec        
 4544 1 ffffffffffe02154 00878793 addi        a5, a5, x0, 0000000000000008                  2858
 4545 1 ffffffffffe02158 00858593 addi        a1, a1, x0, 0000000000000008      ffffffffffe02858
 4546 1 ffffffffffe0215c 0107f863 bgeu        , a5, a6, 0000000000000010        
 4547 1 ffffffffffe02160 0007b683 ld          a3, a5, x0, 0000000000000000        d8b023fef83c23
 4548 1 ffffffffffe02164 0005b703 ld          a4, a1, x0, 0000000000000000        d8b023fef83c23
 4549 1 ffffffffffe02168 fee686e3 beq         , a3, a4, 00000000ffffffec        
 4550 1 ffffffffffe02154 00878793 addi        a5, a5, x0, 0000000000000008                  2860
 4551 1 ffffffffffe02158 00858593 addi        a1, a1, x0, 0000000000000008      ffffffffffe02860
 4552 1 ffffffffffe0215c 0107f863 bgeu        , a5, a6, 0000000000000010        
 4553 1 ffffffffffe02160 0007b683 ld          a3, a5, x0, 0000000000000000        65e7b300e53023
 4554 1 ffffffffffe02164 0005b703 ld          a4, a1, x0, 0000000000000000        65e7b300e53023
 4555 1 ffffffffffe02168 fee686e3 beq         , a3, a4, 00000000ffffffec        
 4556 1 ffffffffffe02154 00878793 addi        a5, a5, x0, 0000000000000008                  2868
 4557 1 ffffffffffe02158 00858593 addi        a1, a1, x0, 0000000000000008      ffffffffffe02868
 4558 1 ffffffffffe0215c 0107f863 bgeu        , a5, a6, 0000000000000010        
 4559 1 ffffffffffe02160 0007b683 ld          a3, a5, x0, 0000000000000000      1800277318079073
 4560 1 ffffffffffe02164 0005b703 ld          a4, a1, x0, 0000000000000000      1800277318079073
 4561 1 ffffffffffe02168 fee686e3 beq         , a3, a4, 00000000ffffffec        
 4562 1 ffffffffffe02154 00878793 addi        a5, a5, x0, 0000000000000008                  2870
 4563 1 ffffffffffe02158 00858593 addi        a1, a1, x0, 0000000000000008      ffffffffffe02870
 4564 1 ffffffffffe0215c 0107f863 bgeu        , a5, a6, 0000000000000010        
 4565 1 ffffffffffe02160 0007b683 ld          a3, a5, x0, 0000000000000000        b6561314e79e63
 4566 1 ffffffffffe02164 0005b703 ld          a4, a1, x0, 0000000000000000        b6561314e79e63
 4567 1 ffffffffffe02168 fee686e3 beq         , a3, a4, 00000000ffffffec        
 4568 1 ffffffffffe02154 00878793 addi        a5, a5, x0, 0000000000000008                  2878
 4569 1 ffffffffffe02158 00858593 addi        a1, a1, x0, 0000000000000008      ffffffffffe02878
 4570 1 ffffffffffe0215c 0107f863 bgeu        , a5, a6, 0000000000000010        
 4571 1 ffffffffffe02160 0007b683 ld          a3, a5, x0, 0000000000000000           29701f00793
 4572 1 ffffffffffe02164 0005b703 ld          a4, a1, x0, 0000000000000000           29701f00793
 4573 1 ffffffffffe02168 fee686e3 beq         , a3, a4, 00000000ffffffec        
 4574 1 ffffffffffe02154 00878793 addi        a5, a5, x0, 0000000000000008                  2880
 4575 1 ffffffffffe02158 00858593 addi        a1, a1, x0, 0000000000000008      ffffffffffe02880
 4576 1 ffffffffffe0215c 0107f863 bgeu        , a5, a6, 0000000000000010        
 4577 1 ffffffffffe02160 0007b683 ld          a3, a5, x0, 0000000000000000      305292f301428293
 4578 1 ffffffffffe02164 0005b703 ld          a4, a1, x0, 0000000000000000      305292f301428293
 4579 1 ffffffffffe02168 fee686e3 beq         , a3, a4, 00000000ffffffec        
 4580 1 ffffffffffe02154 00878793 addi        a5, a5, x0, 0000000000000008                  2888
 4581 1 ffffffffffe02158 00858593 addi        a1, a1, x0, 0000000000000008      ffffffffffe02888
 4582 1 ffffffffffe0215c 0107f863 bgeu        , a5, a6, 0000000000000010        
 4583 1 ffffffffffe02160 0007b683 ld          a3, a5, x0, 0000000000000000      3a0790733b061073
 4584 1 ffffffffffe02164 0005b703 ld          a4, a1, x0, 0000000000000000      3a0790733b061073
 4585 1 ffffffffffe02168 fee686e3 beq         , a3, a4, 00000000ffffffec        
 4586 1 ffffffffffe02154 00878793 addi        a5, a5, x0, 0000000000000008                  2890
 4587 1 ffffffffffe02158 00858593 addi        a1, a1, x0, 0000000000000008      ffffffffffe02890
 4588 1 ffffffffffe0215c 0107f863 bgeu        , a5, a6, 0000000000000010        
 4589 1 ffffffffffe02160 0007b683 ld          a3, a5, x0, 0000000000000000      bff0081330529073
 4590 1 ffffffffffe02164 0005b703 ld          a4, a1, x0, 0000000000000000      bff0081330529073
 4591 1 ffffffffffe02168 fee686e3 beq         , a3, a4, 00000000ffffffec        
 4592 1 ffffffffffe02154 00878793 addi        a5, a5, x0, 0000000000000008                  2898
 4593 1 ffffffffffe02158 00858593 addi        a1, a1, x0, 0000000000000008      ffffffffffe02898
 4594 1 ffffffffffe0215c 0107f863 bgeu        , a5, a6, 0000000000000010        
 4595 1 ffffffffffe02160 0007b683 ld          a3, a5, x0, 0000000000000000      ffffe79701581813
 4596 1 ffffffffffe02164 0005b703 ld          a4, a1, x0, 0000000000000000      ffffe79701581813
 4597 1 ffffffffffe02168 fee686e3 beq         , a3, a4, 00000000ffffffec        
 4598 1 ffffffffffe02154 00878793 addi        a5, a5, x0, 0000000000000008                  28a0
 4599 1 ffffffffffe02158 00858593 addi        a1, a1, x0, 0000000000000008      ffffffffffe028a0
 4600 1 ffffffffffe0215c 0107f863 bgeu        , a5, a6, 0000000000000010        
 4601 1 ffffffffffe02160 0007b683 ld          a3, a5, x0, 0000000000000000       10787b38b878793
 4602 1 ffffffffffe02164 0005b703 ld          a4, a1, x0, 0000000000000000       10787b38b878793
 4603 1 ffffffffffe02168 fee686e3 beq         , a3, a4, 00000000ffffffec        
 4604 1 ffffffffffe02154 00878793 addi        a5, a5, x0, 0000000000000008                  28a8
 4605 1 ffffffffffe02158 00858593 addi        a1, a1, x0, 0000000000000008      ffffffffffe028a8
 4606 1 ffffffffffe0215c 0107f863 bgeu        , a5, a6, 0000000000000010        
 4607 1 ffffffffffe02160 0007b683 ld          a3, a5, x0, 0000000000000000      340027f310579073
 4608 1 ffffffffffe02164 0005b703 ld          a4, a1, x0, 0000000000000000      340027f310579073
 4609 1 ffffffffffe02168 fee686e3 beq         , a3, a4, 00000000ffffffec        
 4610 1 ffffffffffe02154 00878793 addi        a5, a5, x0, 0000000000000008                  28b0
 4611 1 ffffffffffe02158 00858593 addi        a1, a1, x0, 0000000000000008      ffffffffffe028b0
 4612 1 ffffffffffe0215c 0107f863 bgeu        , a5, a6, 0000000000000010        
 4613 1 ffffffffffe02160 0007b683 ld          a3, a5, x0, 0000000000000000      14079073010787b3
 4614 1 ffffffffffe02164 0005b703 ld          a4, a1, x0, 0000000000000000      14079073010787b3
 4615 1 ffffffffffe02168 fee686e3 beq         , a3, a4, 00000000ffffffec        
 4616 1 ffffffffffe02154 00878793 addi        a5, a5, x0, 0000000000000008                  28b8
 4617 1 ffffffffffe02158 00858593 addi        a1, a1, x0, 0000000000000008      ffffffffffe028b8
 4618 1 ffffffffffe0215c 0107f863 bgeu        , a5, a6, 0000000000000010        
 4619 1 ffffffffffe02160 0007b683 ld          a3, a5, x0, 0000000000000000      1007879b0000b7b7
 4620 1 ffffffffffe02164 0005b703 ld          a4, a1, x0, 0000000000000000      1007879b0000b7b7
 4621 1 ffffffffffe02168 fee686e3 beq         , a3, a4, 00000000ffffffec        
 4622 1 ffffffffffe02154 00878793 addi        a5, a5, x0, 0000000000000008                  28c0
 4623 1 ffffffffffe02158 00858593 addi        a1, a1, x0, 0000000000000008      ffffffffffe028c0
 4624 1 ffffffffffe0215c 0107f863 bgeu        , a5, a6, 0000000000000010        
 4625 1 ffffffffffe02160 0007b683 ld          a3, a5, x0, 0000000000000000         1e7b730279073
 4626 1 ffffffffffe02164 0005b703 ld          a4, a1, x0, 0000000000000000         1e7b730279073
 4627 1 ffffffffffe02168 fee686e3 beq         , a3, a4, 00000000ffffffec        
 4628 1 ffffffffffe02154 00878793 addi        a5, a5, x0, 0000000000000008                  28c8
 4629 1 ffffffffffe02158 00858593 addi        a1, a1, x0, 0000000000000008      ffffffffffe028c8
 4630 1 ffffffffffe0215c 0107f863 bgeu        , a5, a6, 0000000000000010        
 4631 1 ffffffffffe02160 0007b683 ld          a3, a5, x0, 0000000000000000      300790736007879b
 4632 1 ffffffffffe02164 0005b703 ld          a4, a1, x0, 0000000000000000      300790736007879b
 4633 1 ffffffffffe02168 fee686e3 beq         , a3, a4, 00000000ffffffec        
 4634 1 ffffffffffe02154 00878793 addi        a5, a5, x0, 0000000000000008                  28d0
 4635 1 ffffffffffe02158 00858593 addi        a1, a1, x0, 0000000000000008      ffffffffffe028d0
 4636 1 ffffffffffe0215c 0107f863 bgeu        , a5, a6, 0000000000000010        
 4637 1 ffffffffffe02160 0007b683 ld          a3, a5, x0, 0000000000000000          171730405073
 4638 1 ffffffffffe02164 0005b703 ld          a4, a1, x0, 0000000000000000          171730405073
 4639 1 ffffffffffe02168 fee686e3 beq         , a3, a4, 00000000ffffffec        
 4640 1 ffffffffffe02154 00878793 addi        a5, a5, x0, 0000000000000008                  28d8
 4641 1 ffffffffffe02158 00858593 addi        a1, a1, x0, 0000000000000008      ffffffffffe028d8
 4642 1 ffffffffffe0215c 0107f863 bgeu        , a5, a6, 0000000000000010        
 4643 1 ffffffffffe02160 0007b683 ld          a3, a5, x0, 0000000000000000      3e080793b1c70713
 4644 1 ffffffffffe02164 0005b703 ld          a4, a1, x0, 0000000000000000      3e080793b1c70713
 4645 1 ffffffffffe02168 fee686e3 beq         , a3, a4, 00000000ffffffec        
 4646 1 ffffffffffe02154 00878793 addi        a5, a5, x0, 0000000000000008                  28e0
 4647 1 ffffffffffe02158 00858593 addi        a1, a1, x0, 0000000000000008      ffffffffffe028e0
 4648 1 ffffffffffe0215c 0107f863 bgeu        , a5, a6, 0000000000000010        
 4649 1 ffffffffffe02160 0007b683 ld          a3, a5, x0, 0000000000000000        f707b3010706b3
 4650 1 ffffffffffe02164 0005b703 ld          a4, a1, x0, 0000000000000000        f707b3010706b3
 4651 1 ffffffffffe02168 fee686e3 beq         , a3, a4, 00000000ffffffec        
 4652 1 ffffffffffe02154 00878793 addi        a5, a5, x0, 0000000000000008                  28e8
 4653 1 ffffffffffe02158 00858593 addi        a1, a1, x0, 0000000000000008      ffffffffffe028e8
 4654 1 ffffffffffe0215c 0107f863 bgeu        , a5, a6, 0000000000000010        
 4655 1 ffffffffffe02160 0007b683 ld          a3, a5, x0, 0000000000000000          5617000808b7
 4656 1 ffffffffffe02164 0005b703 ld          a4, a1, x0, 0000000000000000          5617000808b7
 4657 1 ffffffffffe02168 fee686e3 beq         , a3, a4, 00000000ffffffec        
 4658 1 ffffffffffe02154 00878793 addi        a5, a5, x0, 0000000000000008                  28f0
 4659 1 ffffffffffe02158 00858593 addi        a1, a1, x0, 0000000000000008      ffffffffffe028f0
 4660 1 ffffffffffe0215c 0107f863 bgeu        , a5, a6, 0000000000000010        
 4661 1 ffffffffffe02160 0007b683 ld          a3, a5, x0, 0000000000000000          131770d63e23
 4662 1 ffffffffffe02164 0005b703 ld          a4, a1, x0, 0000000000000000          131770d63e23
 4663 1 ffffffffffe02168 fee686e3 beq         , a3, a4, 00000000ffffffec        
 4664 1 ffffffffffe02154 00878793 addi        a5, a5, x0, 0000000000000008                  28f8
 4665 1 ffffffffffe02158 00858593 addi        a1, a1, x0, 0000000000000008      ffffffffffe028f8
 4666 1 ffffffffffe0215c 0107f863 bgeu        , a5, a6, 0000000000000010        
 4667 1 ffffffffffe02160 0007b683 ld          a3, a5, x0, 0000000000000000          5697eec30313
 4668 1 ffffffffffe02164 0005b703 ld          a4, a1, x0, 0000000000000000          5697eec30313
 4669 1 ffffffffffe02168 fee686e3 beq         , a3, a4, 00000000ffffffec        
 4670 1 ffffffffffe02154 00878793 addi        a5, a5, x0, 0000000000000008                  2900
 4671 1 ffffffffffe02158 00858593 addi        a1, a1, x0, 0000000000000008      ffffffffffe02900
 4672 1 ffffffffffe0215c 0107f863 bgeu        , a5, a6, 0000000000000010        
 4673 1 ffffffffffe02160 0007b683 ld          a3, a5, x0, 0000000000000000       3f8889370f6b223
 4674 1 ffffffffffe02164 0005b703 ld          a4, a1, x0, 0000000000000000       3f8889370f6b223
 4675 1 ffffffffffe02168 fee686e3 beq         , a3, a4, 00000000ffffffec        
 4676 1 ffffffffffe02154 00878793 addi        a5, a5, x0, 0000000000000008                  2908
 4677 1 ffffffffffe02158 00858593 addi        a1, a1, x0, 0000000000000008      ffffffffffe02908
 4678 1 ffffffffffe0215c 0107f863 bgeu        , a5, a6, 0000000000000010        
 4679 1 ffffffffffe02160 0007b683 ld          a3, a5, x0, 0000000000000000       108081303000793
 4680 1 ffffffffffe02164 0005b703 ld          a4, a1, x0, 0000000000000000       108081303000793
 4681 1 ffffffffffe02168 fee686e3 beq         , a3, a4, 00000000ffffffec        
 4682 1 ffffffffffe02154 00878793 addi        a5, a5, x0, 0000000000000008                  2910
 4683 1 ffffffffffe02158 00858593 addi        a1, a1, x0, 0000000000000008      ffffffffffe02910
 4684 1 ffffffffffe0215c 0107f863 bgeu        , a5, a6, 0000000000000010        
 4685 1 ffffffffffe02160 0007b683 ld          a3, a5, x0, 0000000000000000       11786b30017d613
 4686 1 ffffffffffe02164 0005b703 ld          a4, a1, x0, 0000000000000000       11786b30017d613
 4687 1 ffffffffffe02168 fee686e3 beq         , a3, a4, 00000000ffffffec        
 4688 1 ffffffffffe02154 00878793 addi        a5, a5, x0, 0000000000000008                  2918
 4689 1 ffffffffffe02158 00858593 addi        a1, a1, x0, 0000000000000008      ffffffffffe02918
 4690 1 ffffffffffe0215c 0107f863 bgeu        , a5, a6, 0000000000000010        
 4691 1 ffffffffffe02160 0007b683 ld          a3, a5, x0, 0000000000000000       10705b300f647b3
 4692 1 ffffffffffe02164 0005b703 ld          a4, a1, x0, 0000000000000000       10705b300f647b3
 4693 1 ffffffffffe02168 fee686e3 beq         , a3, a4, 00000000ffffffec        
 4694 1 ffffffffffe02154 00878793 addi        a5, a5, x0, 0000000000000008                  2920
 4695 1 ffffffffffe02158 00858593 addi        a1, a1, x0, 0000000000000008      ffffffffffe02920
 4696 1 ffffffffffe0215c 0107f863 bgeu        , a5, a6, 0000000000000010        
 4697 1 ffffffffffe02160 0007b683 ld          a3, a5, x0, 0000000000000000        57979300c69693
 4698 1 ffffffffffe02164 0005b703 ld          a4, a1, x0, 0000000000000000        57979300c69693
 4699 1 ffffffffffe02168 fee686e3 beq         , a3, a4, 00000000ffffffec        
 4700 1 ffffffffffe02154 00878793 addi        a5, a5, x0, 0000000000000008                  2928
 4701 1 ffffffffffe02158 00858593 addi        a1, a1, x0, 0000000000000008      ffffffffffe02928
 4702 1 ffffffffffe0215c 0107f863 bgeu        , a5, a6, 0000000000000010        
 4703 1 ffffffffffe02160 0007b683 ld          a3, a5, x0, 0000000000000000        b7342300d73023
 4704 1 ffffffffffe02164 0005b703 ld          a4, a1, x0, 0000000000000000        b7342300d73023
 4705 1 ffffffffffe02168 fee686e3 beq         , a3, a4, 00000000ffffffec        
 4706 1 ffffffffffe02154 00878793 addi        a5, a5, x0, 0000000000000008                  2930
 4707 1 ffffffffffe02158 00858593 addi        a1, a1, x0, 0000000000000008      ffffffffffe02930
 4708 1 ffffffffffe0215c 0107f863 bgeu        , a5, a6, 0000000000000010        
 4709 1 ffffffffffe02160 0007b683 ld          a3, a5, x0, 0000000000000000       10707130207f793
 4710 1 ffffffffffe02164 0005b703 ld          a4, a1, x0, 0000000000000000       10707130207f793
 4711 1 ffffffffffe02168 fee686e3 beq         , a3, a4, 00000000ffffffec        
 4712 1 ffffffffffe02154 00878793 addi        a5, a5, x0, 0000000000000008                  2938
 4713 1 ffffffffffe02158 00858593 addi        a1, a1, x0, 0000000000000008      ffffffffffe02938
 4714 1 ffffffffffe0215c 0107f863 bgeu        , a5, a6, 0000000000000010        
 4715 1 ffffffffffe02160 0007b683 ld          a3, a5, x0, 0000000000000000      fce31ae300f667b3
 4716 1 ffffffffffe02164 0005b703 ld          a4, a1, x0, 0000000000000000      fce31ae300f667b3
 4717 1 ffffffffffe02168 fee686e3 beq         , a3, a4, 00000000ffffffec        
 4718 1 ffffffffffe02154 00878793 addi        a5, a5, x0, 0000000000000008                  2940
 4719 1 ffffffffffe02158 00858593 addi        a1, a1, x0, 0000000000000008      ffffffffffe02940
 4720 1 ffffffffffe0215c 0107f863 bgeu        , a5, a6, 0000000000000010        
 4721 1 ffffffffffe02160 0007b683 ld          a3, a5, x0, 0000000000000000           59312000613
 4722 1 ffffffffffe02164 0005b703 ld          a4, a1, x0, 0000000000000000           59312000613
 4723 1 ffffffffffe02168 fee686e3 beq         , a3, a4, 00000000ffffffec        
 4724 1 ffffffffffe02154 00878793 addi        a5, a5, x0, 0000000000000008                  2948
 4725 1 ffffffffffe02158 00858593 addi        a1, a1, x0, 0000000000000008      ffffffffffe02948
 4726 1 ffffffffffe0215c 0107f863 bgeu        , a5, a6, 0000000000000010        
 4727 1 ffffffffffe02160 0007b683 ld          a3, a5, x0, 0000000000000000          179700010513
 4728 1 ffffffffffe02164 0005b703 ld          a4, a1, x0, 0000000000000000          179700010513
 4729 1 ffffffffffe02168 fee686e3 beq         , a3, a4, 00000000ffffffec        
 4730 1 ffffffffffe02154 00878793 addi        a5, a5, x0, 0000000000000008                  2950
 4731 1 ffffffffffe02158 00858593 addi        a1, a1, x0, 0000000000000008      ffffffffffe02950
 4732 1 ffffffffffe0215c 0107f863 bgeu        , a5, a6, 0000000000000010        
 4733 1 ffffffffffe02160 0007b683 ld          a3, a5, x0, 0000000000000000      f08ff0efe807b623
 4734 1 ffffffffffe02164 0005b703 ld          a4, a1, x0, 0000000000000000      f08ff0efe807b623
 4735 1 ffffffffffe02168 fee686e3 beq         , a3, a4, 00000000ffffffec        
 4736 1 ffffffffffe02154 00878793 addi        a5, a5, x0, 0000000000000008                  2958
 4737 1 ffffffffffe02158 00858593 addi        a1, a1, x0, 0000000000000008      ffffffffffe02958
 4738 1 ffffffffffe0215c 0107f863 bgeu        , a5, a6, 0000000000000010        
 4739 1 ffffffffffe02160 0007b683 ld          a3, a5, x0, 0000000000000000        f40433800007b7
 4740 1 ffffffffffe02164 0005b703 ld          a4, a1, x0, 0000000000000000        f40433800007b7
 4741 1 ffffffffffe02168 fee686e3 beq         , a3, a4, 00000000ffffffec        
 4742 1 ffffffffffe02154 00878793 addi        a5, a5, x0, 0000000000000008                  2960
 4743 1 ffffffffffe02158 00858593 addi        a1, a1, x0, 0000000000000008      ffffffffffe02960
 4744 1 ffffffffffe0215c 0107f863 bgeu        , a5, a6, 0000000000000010        
 4745 1 ffffffffffe02160 0007b683 ld          a3, a5, x0, 0000000000000000      1081342300010513
 4746 1 ffffffffffe02164 0005b703 ld          a4, a1, x0, 0000000000000000      1081342300010513
 4747 1 ffffffffffe02168 fee686e3 beq         , a3, a4, 00000000ffffffec        
 4748 1 ffffffffffe02154 00878793 addi        a5, a5, x0, 0000000000000008                  2968
 4749 1 ffffffffffe02158 00858593 addi        a1, a1, x0, 0000000000000008      ffffffffffe02968
 4750 1 ffffffffffe0215c 0107f863 bgeu        , a5, a6, 0000000000000010        
 4751 1 ffffffffffe02160 0007b683 ld          a3, a5, x0, 0000000000000000      12813083f64fd0ef
 4752 1 ffffffffffe02164 0005b703 ld          a4, a1, x0, 0000000000000000      12813083f64fd0ef
 4753 1 ffffffffffe02168 fee686e3 beq         , a3, a4, 00000000ffffffec        
 4754 1 ffffffffffe02154 00878793 addi        a5, a5, x0, 0000000000000008                  2970
 4755 1 ffffffffffe02158 00858593 addi        a1, a1, x0, 0000000000000008      ffffffffffe02970
 4756 1 ffffffffffe0215c 0107f863 bgeu        , a5, a6, 0000000000000010        
 4757 1 ffffffffffe02160 0007b683 ld          a3, a5, x0, 0000000000000000      1301011312013403
 4758 1 ffffffffffe02164 0005b703 ld          a4, a1, x0, 0000000000000000      1301011312013403
 4759 1 ffffffffffe02168 fee686e3 beq         , a3, a4, 00000000ffffffec        
 4760 1 ffffffffffe02154 00878793 addi        a5, a5, x0, 0000000000000008                  2978
 4761 1 ffffffffffe02158 00858593 addi        a1, a1, x0, 0000000000000008      ffffffffffe02978
 4762 1 ffffffffffe0215c 0107f863 bgeu        , a5, a6, 0000000000000010        
 4763 1 ffffffffffe02160 0007b683 ld          a3, a5, x0, 0000000000000000        10071300008067
 4764 1 ffffffffffe02164 0005b703 ld          a4, a1, x0, 0000000000000000        10071300008067
 4765 1 ffffffffffe02168 fee686e3 beq         , a3, a4, 00000000ffffffec        
 4766 1 ffffffffffe02154 00878793 addi        a5, a5, x0, 0000000000000008                  2980
 4767 1 ffffffffffe02158 00858593 addi        a1, a1, x0, 0000000000000008      ffffffffffe02980
 4768 1 ffffffffffe0215c 0107f863 bgeu        , a5, a6, 0000000000000010        
 4769 1 ffffffffffe02160 0007b683 ld          a3, a5, x0, 0000000000000000         8063707a657b7
 4770 1 ffffffffffe02164 0005b703 ld          a4, a1, x0, 0000000000000000         8063707a657b7
 4771 1 ffffffffffe02168 fee686e3 beq         , a3, a4, 00000000ffffffec        
 4772 1 ffffffffffe02154 00878793 addi        a5, a5, x0, 0000000000000008                  2988
 4773 1 ffffffffffe02158 00858593 addi        a1, a1, x0, 0000000000000008      ffffffffffe02988
 4774 1 ffffffffffe0215c 0107f863 bgeu        , a5, a6, 0000000000000010        
 4775 1 ffffffffffe02160 0007b683 ld          a3, a5, x0, 0000000000000000      ffc60613bab78793
 4776 1 ffffffffffe02164 0005b703 ld          a4, a1, x0, 0000000000000000      ffc60613bab78793
 4777 1 ffffffffffe02168 fee686e3 beq         , a3, a4, 00000000ffffffec        
 4778 1 ffffffffffe02154 00878793 addi        a5, a5, x0, 0000000000000008                  2990
 4779 1 ffffffffffe02158 00858593 addi        a1, a1, x0, 0000000000000008      ffffffffffe02990
 4780 1 ffffffffffe0215c 0107f863 bgeu        , a5, a6, 0000000000000010        
 4781 1 ffffffffffe02160 0007b683 ld          a3, a5, x0, 0000000000000000       3e7169301f71513
 4782 1 ffffffffffe02164 0005b703 ld          a4, a1, x0, 0000000000000000       3e7169301f71513
 4783 1 ffffffffffe02168 fee686e3 beq         , a3, a4, 00000000ffffffec        
 4784 1 ffffffffffe02154 00878793 addi        a5, a5, x0, 0000000000000008                  2998
 4785 1 ffffffffffe02158 00858593 addi        a1, a1, x0, 0000000000000008      ffffffffffe02998
 4786 1 ffffffffffe0215c 0107f863 bgeu        , a5, a6, 0000000000000010        
 4787 1 ffffffffffe02160 0007b683 ld          a3, a5, x0, 0000000000000000         7202f01c0006f
 4788 1 ffffffffffe02164 0005b703 ld          a4, a1, x0, 0000000000000000         7202f01c0006f
 4789 1 ffffffffffe02168 fee686e3 beq         , a3, a4, 00000000ffffffec        
 4790 1 ffffffffffe02154 00878793 addi        a5, a5, x0, 0000000000000008                  29a0
 4791 1 ffffffffffe02158 00858593 addi        a1, a1, x0, 0000000000000008      ffffffffffe029a0
 4792 1 ffffffffffe0215c 0107f863 bgeu        , a5, a6, 0000000000000010        
 4793 1 ffffffffffe02160 0007b683 ld          a3, a5, x0, 0000000000000000        e7c7b30017d713
 4794 1 ffffffffffe02164 0005b703 ld          a4, a1, x0, 0000000000000000        e7c7b30017d713
 4795 1 ffffffffffe02168 fee686e3 beq         , a3, a4, 00000000ffffffec        
 4796 1 ffffffffffe02154 00878793 addi        a5, a5, x0, 0000000000000008                  29a8
 4797 1 ffffffffffe02158 00858593 addi        a1, a1, x0, 0000000000000008      ffffffffffe029a8
 4798 1 ffffffffffe0215c 0107f863 bgeu        , a5, a6, 0000000000000010        
 4799 1 ffffffffffe02160 0007b683 ld          a3, a5, x0, 0000000000000000        d7f7b303e79793
 4800 1 ffffffffffe02164 0005b703 ld          a4, a1, x0, 0000000000000000        d7f7b303e79793
 4801 1 ffffffffffe02168 fee686e3 beq         , a3, a4, 00000000ffffffec        
 4802 1 ffffffffffe02154 00878793 addi        a5, a5, x0, 0000000000000008                  29b0
 4803 1 ffffffffffe02158 00858593 addi        a1, a1, x0, 0000000000000008      ffffffffffe029b0
 4804 1 ffffffffffe0215c 0107f863 bgeu        , a5, a6, 0000000000000010        
 4805 1 ffffffffffe02160 0007b683 ld          a3, a5, x0, 0000000000000000        c7f73300e7e7b3
 4806 1 ffffffffffe02164 0005b703 ld          a4, a1, x0, 0000000000000000        c7f73300e7e7b3
 4807 1 ffffffffffe02168 fee686e3 beq         , a3, a4, 00000000ffffffec        
 4808 1 ffffffffffe02154 00878793 addi        a5, a5, x0, 0000000000000008                  29b8
 4809 1 ffffffffffe02158 00858593 addi        a1, a1, x0, 0000000000000008      ffffffffffe029b8
 4810 1 ffffffffffe0215c 0107f863 bgeu        , a5, a6, 0000000000000010        
 4811 1 ffffffffffe02160 0007b683 ld          a3, a5, x0, 0000000000000000        a707330017f593
 4812 1 ffffffffffe02164 0005b703 ld          a4, a1, x0, 0000000000000000        a707330017f593
 4813 1 ffffffffffe02168 fee686e3 beq         , a3, a4, 00000000ffffffec        
 4814 1 ffffffffffe02154 00878793 addi        a5, a5, x0, 0000000000000008                  29c0
 4815 1 ffffffffffe02158 00858593 addi        a1, a1, x0, 0000000000000008      ffffffffffe029c0
 4816 1 ffffffffffe0215c 0107f863 bgeu        , a5, a6, 0000000000000010        
 4817 1 ffffffffffe02160 0007b683 ld          a3, a5, x0, 0000000000000000         72003fc059ee3
 4818 1 ffffffffffe02164 0005b703 ld          a4, a1, x0, 0000000000000000         72003fc059ee3
 4819 1 ffffffffffe02168 fee686e3 beq         , a3, a4, 00000000ffffffec        
 4820 1 ffffffffffe02154 00878793 addi        a5, a5, x0, 0000000000000008                  29c8
 4821 1 ffffffffffe02158 00858593 addi        a1, a1, x0, 0000000000000008      ffffffffffe029c8
 4822 1 ffffffffffe0215c 0107f863 bgeu        , a5, a6, 0000000000000010        
 4823 1 ffffffffffe02160 0007b683 ld          a3, a5, x0, 0000000000000000           517fd9ff06f
 4824 1 ffffffffffe02164 0005b703 ld          a4, a1, x0, 0000000000000000           517fd9ff06f
 4825 1 ffffffffffe02168 fee686e3 beq         , a3, a4, 00000000ffffffec        
 4826 1 ffffffffffe02154 00878793 addi        a5, a5, x0, 0000000000000008                  29d0
 4827 1 ffffffffffe02158 00858593 addi        a1, a1, x0, 0000000000000008      ffffffffffe029d0
 4828 1 ffffffffffe0215c 0107f863 bgeu        , a5, a6, 0000000000000010        
 4829 1 ffffffffffe02160 0007b683 ld          a3, a5, x0, 0000000000000000      889ff0ef21450513
 4830 1 ffffffffffe02164 0005b703 ld          a4, a1, x0, 0000000000000000      889ff0ef21450513
 4831 1 ffffffffffe02168 fee686e3 beq         , a3, a4, 00000000ffffffec        
 4832 1 ffffffffffe02154 00878793 addi        a5, a5, x0, 0000000000000008                  29d8
 4833 1 ffffffffffe02158 00858593 addi        a1, a1, x0, 0000000000000008      ffffffffffe029d8
 4834 1 ffffffffffe0215c 0107f863 bgeu        , a5, a6, 0000000000000010        
 4835 1 ffffffffffe02160 0007b683 ld          a3, a5, x0, 0000000000000000      8c9ff0ef00300513
 4836 1 ffffffffffe02164 0005b703 ld          a4, a1, x0, 0000000000000000      8c9ff0ef00300513
 4837 1 ffffffffffe02168 fee686e3 beq         , a3, a4, 00000000ffffffec        
 4838 1 ffffffffffe02154 00878793 addi        a5, a5, x0, 0000000000000008                  29e0
 4839 1 ffffffffffe02158 00858593 addi        a1, a1, x0, 0000000000000008      ffffffffffe029e0
 4840 1 ffffffffffe0215c 0107f863 bgeu        , a5, a6, 0000000000000010        
 4841 1 ffffffffffe02160 0007b683 ld          a3, a5, x0, 0000000000000000           51300008067
 4842 1 ffffffffffe02164 0005b703 ld          a4, a1, x0, 0000000000000000           51300008067
 4843 1 ffffffffffe02168 fee686e3 beq         , a3, a4, 00000000ffffffec        
 4844 1 ffffffffffe02154 00878793 addi        a5, a5, x0, 0000000000000008                  29e8
 4845 1 ffffffffffe02158 00858593 addi        a1, a1, x0, 0000000000000008      ffffffffffe029e8
 4846 1 ffffffffffe0215c 0107f863 bgeu        , a5, a6, 0000000000000010        
 4847 1 ffffffffffe02160 0007b683 ld          a3, a5, x0, 0000000000000000           51300008067
 4848 1 ffffffffffe02164 0005b703 ld          a4, a1, x0, 0000000000000000           51300008067
 4849 1 ffffffffffe02168 fee686e3 beq         , a3, a4, 00000000ffffffec        
 4850 1 ffffffffffe02154 00878793 addi        a5, a5, x0, 0000000000000008                  29f0
 4851 1 ffffffffffe02158 00858593 addi        a1, a1, x0, 0000000000000008      ffffffffffe029f0
 4852 1 ffffffffffe0215c 0107f863 bgeu        , a5, a6, 0000000000000010        
 4853 1 ffffffffffe02160 0007b683 ld          a3, a5, x0, 0000000000000000        10051300008067
 4854 1 ffffffffffe02164 0005b703 ld          a4, a1, x0, 0000000000000000        10051300008067
 4855 1 ffffffffffe02168 fee686e3 beq         , a3, a4, 00000000ffffffec        
 4856 1 ffffffffffe02154 00878793 addi        a5, a5, x0, 0000000000000008                  29f8
 4857 1 ffffffffffe02158 00858593 addi        a1, a1, x0, 0000000000000008      ffffffffffe029f8
 4858 1 ffffffffffe0215c 0107f863 bgeu        , a5, a6, 0000000000000010        
 4859 1 ffffffffffe02160 0007b683 ld          a3, a5, x0, 0000000000000000      c000107300000073
 4860 1 ffffffffffe02164 0005b703 ld          a4, a1, x0, 0000000000000000      c000107300000073
 4861 1 ffffffffffe02168 fee686e3 beq         , a3, a4, 00000000ffffffec        
 4862 1 ffffffffffe02154 00878793 addi        a5, a5, x0, 0000000000000008                  2a00
 4863 1 ffffffffffe02158 00858593 addi        a1, a1, x0, 0000000000000008      ffffffffffe02a00
 4864 1 ffffffffffe0215c 0107f863 bgeu        , a5, a6, 0000000000000010        
 4865 1 ffffffffffe02160 0007b683 ld          a3, a5, x0, 0000000000000000      6f69747265737341
 4866 1 ffffffffffe02164 0005b703 ld          a4, a1, x0, 0000000000000000      6f69747265737341
 4867 1 ffffffffffe02168 fee686e3 beq         , a3, a4, 00000000ffffffec        
 4868 1 ffffffffffe02154 00878793 addi        a5, a5, x0, 0000000000000008                  2a08
 4869 1 ffffffffffe02158 00858593 addi        a1, a1, x0, 0000000000000008      ffffffffffe02a08
 4870 1 ffffffffffe0215c 0107f863 bgeu        , a5, a6, 0000000000000010        
 4871 1 ffffffffffe02160 0007b683 ld          a3, a5, x0, 0000000000000000      64656c696166206e
 4872 1 ffffffffffe02164 0005b703 ld          a4, a1, x0, 0000000000000000      64656c696166206e
 4873 1 ffffffffffe02168 fee686e3 beq         , a3, a4, 00000000ffffffec        
 4874 1 ffffffffffe02154 00878793 addi        a5, a5, x0, 0000000000000008                  2a10
 4875 1 ffffffffffe02158 00858593 addi        a1, a1, x0, 0000000000000008      ffffffffffe02a10
 4876 1 ffffffffffe0215c 0107f863 bgeu        , a5, a6, 0000000000000010        
 4877 1 ffffffffffe02160 0007b683 ld          a3, a5, x0, 0000000000000000      3e2072646461203a
 4878 1 ffffffffffe02164 0005b703 ld          a4, a1, x0, 0000000000000000      3e2072646461203a
 4879 1 ffffffffffe02168 fee686e3 beq         , a3, a4, 00000000ffffffec        
 4880 1 ffffffffffe02154 00878793 addi        a5, a5, x0, 0000000000000008                  2a18
 4881 1 ffffffffffe02158 00858593 addi        a1, a1, x0, 0000000000000008      ffffffffffe02a18
 4882 1 ffffffffffe0215c 0107f863 bgeu        , a5, a6, 0000000000000010        
 4883 1 ffffffffffe02160 0007b683 ld          a3, a5, x0, 0000000000000000      3c204c553128203d
 4884 1 ffffffffffe02164 0005b703 ld          a4, a1, x0, 0000000000000000      3c204c553128203d
 4885 1 ffffffffffe02168 fee686e3 beq         , a3, a4, 00000000ffffffec        
 4886 1 ffffffffffe02154 00878793 addi        a5, a5, x0, 0000000000000008                  2a20
 4887 1 ffffffffffe02158 00858593 addi        a1, a1, x0, 0000000000000008      ffffffffffe02a20
 4888 1 ffffffffffe0215c 0107f863 bgeu        , a5, a6, 0000000000000010        
 4889 1 ffffffffffe02160 0007b683 ld          a3, a5, x0, 0000000000000000      262620293231203c
 4890 1 ffffffffffe02164 0005b703 ld          a4, a1, x0, 0000000000000000      262620293231203c
 4891 1 ffffffffffe02168 fee686e3 beq         , a3, a4, 00000000ffffffec        
 4892 1 ffffffffffe02154 00878793 addi        a5, a5, x0, 0000000000000008                  2a28
 4893 1 ffffffffffe02158 00858593 addi        a1, a1, x0, 0000000000000008      ffffffffffe02a28
 4894 1 ffffffffffe0215c 0107f863 bgeu        , a5, a6, 0000000000000010        
 4895 1 ffffffffffe02160 0007b683 ld          a3, a5, x0, 0000000000000000      203c207264646120
 4896 1 ffffffffffe02164 0005b703 ld          a4, a1, x0, 0000000000000000      203c207264646120
 4897 1 ffffffffffe02168 fee686e3 beq         , a3, a4, 00000000ffffffec        
 4898 1 ffffffffffe02154 00878793 addi        a5, a5, x0, 0000000000000008                  2a30
 4899 1 ffffffffffe02158 00858593 addi        a1, a1, x0, 0000000000000008      ffffffffffe02a30
 4900 1 ffffffffffe0215c 0107f863 bgeu        , a5, a6, 0000000000000010        
 4901 1 ffffffffffe02160 0007b683 ld          a3, a5, x0, 0000000000000000      553128202a203336
 4902 1 ffffffffffe02164 0005b703 ld          a4, a1, x0, 0000000000000000      553128202a203336
 4903 1 ffffffffffe02168 fee686e3 beq         , a3, a4, 00000000ffffffec        
 4904 1 ffffffffffe02154 00878793 addi        a5, a5, x0, 0000000000000008                  2a38
 4905 1 ffffffffffe02158 00858593 addi        a1, a1, x0, 0000000000000008      ffffffffffe02a38
 4906 1 ffffffffffe0215c 0107f863 bgeu        , a5, a6, 0000000000000010        
 4907 1 ffffffffffe02160 0007b683 ld          a3, a5, x0, 0000000000000000      293231203c3c204c
 4908 1 ffffffffffe02164 0005b703 ld          a4, a1, x0, 0000000000000000      293231203c3c204c
 4909 1 ffffffffffe02168 fee686e3 beq         , a3, a4, 00000000ffffffec        
 4910 1 ffffffffffe02154 00878793 addi        a5, a5, x0, 0000000000000008                  2a40
 4911 1 ffffffffffe02158 00858593 addi        a1, a1, x0, 0000000000000008      ffffffffffe02a40
 4912 1 ffffffffffe0215c 0107f863 bgeu        , a5, a6, 0000000000000010        
 4913 1 ffffffffffe02160 0007b683 ld          a3, a5, x0, 0000000000000000                     a
 4914 1 ffffffffffe02164 0005b703 ld          a4, a1, x0, 0000000000000000                     a
 4915 1 ffffffffffe02168 fee686e3 beq         , a3, a4, 00000000ffffffec        
 4916 1 ffffffffffe02154 00878793 addi        a5, a5, x0, 0000000000000008                  2a48
 4917 1 ffffffffffe02158 00858593 addi        a1, a1, x0, 0000000000000008      ffffffffffe02a48
 4918 1 ffffffffffe0215c 0107f863 bgeu        , a5, a6, 0000000000000010        
 4919 1 ffffffffffe02160 0007b683 ld          a3, a5, x0, 0000000000000000      6f69747265737341
 4920 1 ffffffffffe02164 0005b703 ld          a4, a1, x0, 0000000000000000      6f69747265737341
 4921 1 ffffffffffe02168 fee686e3 beq         , a3, a4, 00000000ffffffec        
 4922 1 ffffffffffe02154 00878793 addi        a5, a5, x0, 0000000000000008                  2a50
 4923 1 ffffffffffe02158 00858593 addi        a1, a1, x0, 0000000000000008      ffffffffffe02a50
 4924 1 ffffffffffe0215c 0107f863 bgeu        , a5, a6, 0000000000000010        
 4925 1 ffffffffffe02160 0007b683 ld          a3, a5, x0, 0000000000000000      64656c696166206e
 4926 1 ffffffffffe02164 0005b703 ld          a4, a1, x0, 0000000000000000      64656c696166206e
 4927 1 ffffffffffe02168 fee686e3 beq         , a3, a4, 00000000ffffffec        
 4928 1 ffffffffffe02154 00878793 addi        a5, a5, x0, 0000000000000008                  2a58
 4929 1 ffffffffffe02158 00858593 addi        a1, a1, x0, 0000000000000008      ffffffffffe02a58
 4930 1 ffffffffffe0215c 0107f863 bgeu        , a5, a6, 0000000000000010        
 4931 1 ffffffffffe02160 0007b683 ld          a3, a5, x0, 0000000000000000      335b74702821203a
 4932 1 ffffffffffe02164 0005b703 ld          a4, a1, x0, 0000000000000000      335b74702821203a
 4933 1 ffffffffffe02168 fee686e3 beq         , a3, a4, 00000000ffffffec        
 4934 1 ffffffffffe02154 00878793 addi        a5, a5, x0, 0000000000000008                  2a60
 4935 1 ffffffffffe02158 00858593 addi        a1, a1, x0, 0000000000000008      ffffffffffe02a60
 4936 1 ffffffffffe0215c 0107f863 bgeu        , a5, a6, 0000000000000010        
 4937 1 ffffffffffe02160 0007b683 ld          a3, a5, x0, 0000000000000000      282f726464615b5d
 4938 1 ffffffffffe02164 0005b703 ld          a4, a1, x0, 0000000000000000      282f726464615b5d
 4939 1 ffffffffffe02168 fee686e3 beq         , a3, a4, 00000000ffffffec        
 4940 1 ffffffffffe02154 00878793 addi        a5, a5, x0, 0000000000000008                  2a68
 4941 1 ffffffffffe02158 00858593 addi        a1, a1, x0, 0000000000000008      ffffffffffe02a68
 4942 1 ffffffffffe0215c 0107f863 bgeu        , a5, a6, 0000000000000010        
 4943 1 ffffffffffe02160 0007b683 ld          a3, a5, x0, 0000000000000000      31203c3c204c5531
 4944 1 ffffffffffe02164 0005b703 ld          a4, a1, x0, 0000000000000000      31203c3c204c5531
 4945 1 ffffffffffe02168 fee686e3 beq         , a3, a4, 00000000ffffffec        
 4946 1 ffffffffffe02154 00878793 addi        a5, a5, x0, 0000000000000008                  2a70
 4947 1 ffffffffffe02158 00858593 addi        a1, a1, x0, 0000000000000008      ffffffffffe02a70
 4948 1 ffffffffffe0215c 0107f863 bgeu        , a5, a6, 0000000000000010        
 4949 1 ffffffffffe02160 0007b683 ld          a3, a5, x0, 0000000000000000      78302026205d2932
 4950 1 ffffffffffe02164 0005b703 ld          a4, a1, x0, 0000000000000000      78302026205d2932
 4951 1 ffffffffffe02168 fee686e3 beq         , a3, a4, 00000000ffffffec        
 4952 1 ffffffffffe02154 00878793 addi        a5, a5, x0, 0000000000000008                  2a78
 4953 1 ffffffffffe02158 00858593 addi        a1, a1, x0, 0000000000000008      ffffffffffe02a78
 4954 1 ffffffffffe0215c 0107f863 bgeu        , a5, a6, 0000000000000010        
 4955 1 ffffffffffe02160 0007b683 ld          a3, a5, x0, 0000000000000000      2026262029303830
 4956 1 ffffffffffe02164 0005b703 ld          a4, a1, x0, 0000000000000000      2026262029303830
 4957 1 ffffffffffe02168 fee686e3 beq         , a3, a4, 00000000ffffffec        
 4958 1 ffffffffffe02154 00878793 addi        a5, a5, x0, 0000000000000008                  2a80
 4959 1 ffffffffffe02158 00858593 addi        a1, a1, x0, 0000000000000008      ffffffffffe02a80
 4960 1 ffffffffffe0215c 0107f863 bgeu        , a5, a6, 0000000000000010        
 4961 1 ffffffffffe02160 0007b683 ld          a3, a5, x0, 0000000000000000      3d3d206573756163
 4962 1 ffffffffffe02164 0005b703 ld          a4, a1, x0, 0000000000000000      3d3d206573756163
 4963 1 ffffffffffe02168 fee686e3 beq         , a3, a4, 00000000ffffffec        
 4964 1 ffffffffffe02154 00878793 addi        a5, a5, x0, 0000000000000008                  2a88
 4965 1 ffffffffffe02158 00858593 addi        a1, a1, x0, 0000000000000008      ffffffffffe02a88
 4966 1 ffffffffffe0215c 0107f863 bgeu        , a5, a6, 0000000000000010        
 4967 1 ffffffffffe02160 0007b683 ld          a3, a5, x0, 0000000000000000             a66783020
 4968 1 ffffffffffe02164 0005b703 ld          a4, a1, x0, 0000000000000000             a66783020
 4969 1 ffffffffffe02168 fee686e3 beq         , a3, a4, 00000000ffffffec        
 4970 1 ffffffffffe02154 00878793 addi        a5, a5, x0, 0000000000000008                  2a90
 4971 1 ffffffffffe02158 00858593 addi        a1, a1, x0, 0000000000000008      ffffffffffe02a90
 4972 1 ffffffffffe0215c 0107f863 bgeu        , a5, a6, 0000000000000010        
 4973 1 ffffffffffe02160 0007b683 ld          a3, a5, x0, 0000000000000000      6f69747265737341
 4974 1 ffffffffffe02164 0005b703 ld          a4, a1, x0, 0000000000000000      6f69747265737341
 4975 1 ffffffffffe02168 fee686e3 beq         , a3, a4, 00000000ffffffec        
 4976 1 ffffffffffe02154 00878793 addi        a5, a5, x0, 0000000000000008                  2a98
 4977 1 ffffffffffe02158 00858593 addi        a1, a1, x0, 0000000000000008      ffffffffffe02a98
 4978 1 ffffffffffe0215c 0107f863 bgeu        , a5, a6, 0000000000000010        
 4979 1 ffffffffffe02160 0007b683 ld          a3, a5, x0, 0000000000000000      64656c696166206e
 4980 1 ffffffffffe02164 0005b703 ld          a4, a1, x0, 0000000000000000      64656c696166206e
 4981 1 ffffffffffe02168 fee686e3 beq         , a3, a4, 00000000ffffffec        
 4982 1 ffffffffffe02154 00878793 addi        a5, a5, x0, 0000000000000008                  2aa0
 4983 1 ffffffffffe02158 00858593 addi        a1, a1, x0, 0000000000000008      ffffffffffe02aa0
 4984 1 ffffffffffe0215c 0107f863 bgeu        , a5, a6, 0000000000000010        
 4985 1 ffffffffffe02160 0007b683 ld          a3, a5, x0, 0000000000000000         a65646f6e203a
 4986 1 ffffffffffe02164 0005b703 ld          a4, a1, x0, 0000000000000000         a65646f6e203a
 4987 1 ffffffffffe02168 fee686e3 beq         , a3, a4, 00000000ffffffec        
 4988 1 ffffffffffe02154 00878793 addi        a5, a5, x0, 0000000000000008                  2aa8
 4989 1 ffffffffffe02158 00858593 addi        a1, a1, x0, 0000000000000008      ffffffffffe02aa8
 4990 1 ffffffffffe0215c 0107f863 bgeu        , a5, a6, 0000000000000010        
 4991 1 ffffffffffe02160 0007b683 ld          a3, a5, x0, 0000000000000000      6f69747265737341
 4992 1 ffffffffffe02164 0005b703 ld          a4, a1, x0, 0000000000000000      6f69747265737341
 4993 1 ffffffffffe02168 fee686e3 beq         , a3, a4, 00000000ffffffec        
 4994 1 ffffffffffe02154 00878793 addi        a5, a5, x0, 0000000000000008                  2ab0
 4995 1 ffffffffffe02158 00858593 addi        a1, a1, x0, 0000000000000008      ffffffffffe02ab0
 4996 1 ffffffffffe0215c 0107f863 bgeu        , a5, a6, 0000000000000010        
 4997 1 ffffffffffe02160 0007b683 ld          a3, a5, x0, 0000000000000000      64656c696166206e
 4998 1 ffffffffffe02164 0005b703 ld          a4, a1, x0, 0000000000000000      64656c696166206e
 4999 1 ffffffffffe02168 fee686e3 beq         , a3, a4, 00000000ffffffec        
 5000 1 ffffffffffe02154 00878793 addi        a5, a5, x0, 0000000000000008                  2ab8
 5001 1 ffffffffffe02158 00858593 addi        a1, a1, x0, 0000000000000008      ffffffffffe02ab8
 5002 1 ffffffffffe0215c 0107f863 bgeu        , a5, a6, 0000000000000010        
 5003 1 ffffffffffe02160 0007b683 ld          a3, a5, x0, 0000000000000000      6d5f72657375203a
 5004 1 ffffffffffe02164 0005b703 ld          a4, a1, x0, 0000000000000000      6d5f72657375203a
 5005 1 ffffffffffe02168 fee686e3 beq         , a3, a4, 00000000ffffffec        
 5006 1 ffffffffffe02154 00878793 addi        a5, a5, x0, 0000000000000008                  2ac0
 5007 1 ffffffffffe02158 00858593 addi        a1, a1, x0, 0000000000000008      ffffffffffe02ac0
 5008 1 ffffffffffe0215c 0107f863 bgeu        , a5, a6, 0000000000000010        
 5009 1 ffffffffffe02160 0007b683 ld          a3, a5, x0, 0000000000000000      615b676e69707061
 5010 1 ffffffffffe02164 0005b703 ld          a4, a1, x0, 0000000000000000      615b676e69707061
 5011 1 ffffffffffe02168 fee686e3 beq         , a3, a4, 00000000ffffffec        
 5012 1 ffffffffffe02154 00878793 addi        a5, a5, x0, 0000000000000008                  2ac8
 5013 1 ffffffffffe02158 00858593 addi        a1, a1, x0, 0000000000000008      ffffffffffe02ac8
 5014 1 ffffffffffe0215c 0107f863 bgeu        , a5, a6, 0000000000000010        
 5015 1 ffffffffffe02160 0007b683 ld          a3, a5, x0, 0000000000000000      4c5531282f726464
 5016 1 ffffffffffe02164 0005b703 ld          a4, a1, x0, 0000000000000000      4c5531282f726464
 5017 1 ffffffffffe02168 fee686e3 beq         , a3, a4, 00000000ffffffec        
 5018 1 ffffffffffe02154 00878793 addi        a5, a5, x0, 0000000000000008                  2ad0
 5019 1 ffffffffffe02158 00858593 addi        a1, a1, x0, 0000000000000008      ffffffffffe02ad0
 5020 1 ffffffffffe0215c 0107f863 bgeu        , a5, a6, 0000000000000010        
 5021 1 ffffffffffe02160 0007b683 ld          a3, a5, x0, 0000000000000000      5d293231203c3c20
 5022 1 ffffffffffe02164 0005b703 ld          a4, a1, x0, 0000000000000000      5d293231203c3c20
 5023 1 ffffffffffe02168 fee686e3 beq         , a3, a4, 00000000ffffffec        
 5024 1 ffffffffffe02154 00878793 addi        a5, a5, x0, 0000000000000008                  2ad8
 5025 1 ffffffffffe02158 00858593 addi        a1, a1, x0, 0000000000000008      ffffffffffe02ad8
 5026 1 ffffffffffe0215c 0107f863 bgeu        , a5, a6, 0000000000000010        
 5027 1 ffffffffffe02160 0007b683 ld          a3, a5, x0, 0000000000000000      3d3d20726464612e
 5028 1 ffffffffffe02164 0005b703 ld          a4, a1, x0, 0000000000000000      3d3d20726464612e
 5029 1 ffffffffffe02168 fee686e3 beq         , a3, a4, 00000000ffffffec        
 5030 1 ffffffffffe02154 00878793 addi        a5, a5, x0, 0000000000000008                  2ae0
 5031 1 ffffffffffe02158 00858593 addi        a1, a1, x0, 0000000000000008      ffffffffffe02ae0
 5032 1 ffffffffffe0215c 0107f863 bgeu        , a5, a6, 0000000000000010        
 5033 1 ffffffffffe02160 0007b683 ld          a3, a5, x0, 0000000000000000                 a3020
 5034 1 ffffffffffe02164 0005b703 ld          a4, a1, x0, 0000000000000000                 a3020
 5035 1 ffffffffffe02168 fee686e3 beq         , a3, a4, 00000000ffffffec        
 5036 1 ffffffffffe02154 00878793 addi        a5, a5, x0, 0000000000000008                  2ae8
 5037 1 ffffffffffe02158 00858593 addi        a1, a1, x0, 0000000000000008      ffffffffffe02ae8
 5038 1 ffffffffffe0215c 0107f863 bgeu        , a5, a6, 0000000000000010        
 5039 1 ffffffffffe02160 0007b683 ld          a3, a5, x0, 0000000000000000      6f69747265737341
 5040 1 ffffffffffe02164 0005b703 ld          a4, a1, x0, 0000000000000000      6f69747265737341
 5041 1 ffffffffffe02168 fee686e3 beq         , a3, a4, 00000000ffffffec        
 5042 1 ffffffffffe02154 00878793 addi        a5, a5, x0, 0000000000000008                  2af0
 5043 1 ffffffffffe02158 00858593 addi        a1, a1, x0, 0000000000000008      ffffffffffe02af0
 5044 1 ffffffffffe0215c 0107f863 bgeu        , a5, a6, 0000000000000010        
 5045 1 ffffffffffe02160 0007b683 ld          a3, a5, x0, 0000000000000000      64656c696166206e
 5046 1 ffffffffffe02164 0005b703 ld          a4, a1, x0, 0000000000000000      64656c696166206e
 5047 1 ffffffffffe02168 fee686e3 beq         , a3, a4, 00000000ffffffec        
 5048 1 ffffffffffe02154 00878793 addi        a5, a5, x0, 0000000000000008                  2af8
 5049 1 ffffffffffe02158 00858593 addi        a1, a1, x0, 0000000000000008      ffffffffffe02af8
 5050 1 ffffffffffe0215c 0107f863 bgeu        , a5, a6, 0000000000000010        
 5051 1 ffffffffffe02160 0007b683 ld          a3, a5, x0, 0000000000000000      656c6c692221203a
 5052 1 ffffffffffe02164 0005b703 ld          a4, a1, x0, 0000000000000000      656c6c692221203a
 5053 1 ffffffffffe02168 fee686e3 beq         , a3, a4, 00000000ffffffec        
 5054 1 ffffffffffe02154 00878793 addi        a5, a5, x0, 0000000000000008                  2b00
 5055 1 ffffffffffe02158 00858593 addi        a1, a1, x0, 0000000000000008      ffffffffffe02b00
 5056 1 ffffffffffe0215c 0107f863 bgeu        , a5, a6, 0000000000000010        
 5057 1 ffffffffffe02160 0007b683 ld          a3, a5, x0, 0000000000000000      74736e69206c6167
 5058 1 ffffffffffe02164 0005b703 ld          a4, a1, x0, 0000000000000000      74736e69206c6167
 5059 1 ffffffffffe02168 fee686e3 beq         , a3, a4, 00000000ffffffec        
 5060 1 ffffffffffe02154 00878793 addi        a5, a5, x0, 0000000000000008                  2b08
 5061 1 ffffffffffe02158 00858593 addi        a1, a1, x0, 0000000000000008      ffffffffffe02b08
 5062 1 ffffffffffe0215c 0107f863 bgeu        , a5, a6, 0000000000000010        
 5063 1 ffffffffffe02160 0007b683 ld          a3, a5, x0, 0000000000000000      226e6f6974637572
 5064 1 ffffffffffe02164 0005b703 ld          a4, a1, x0, 0000000000000000      226e6f6974637572
 5065 1 ffffffffffe02168 fee686e3 beq         , a3, a4, 00000000ffffffec        
 5066 1 ffffffffffe02154 00878793 addi        a5, a5, x0, 0000000000000008                  2b10
 5067 1 ffffffffffe02158 00858593 addi        a1, a1, x0, 0000000000000008      ffffffffffe02b10
 5068 1 ffffffffffe0215c 0107f863 bgeu        , a5, a6, 0000000000000010        
 5069 1 ffffffffffe02160 0007b683 ld          a3, a5, x0, 0000000000000000                     a
 5070 1 ffffffffffe02164 0005b703 ld          a4, a1, x0, 0000000000000000                     a
 5071 1 ffffffffffe02168 fee686e3 beq         , a3, a4, 00000000ffffffec        
 5072 1 ffffffffffe02154 00878793 addi        a5, a5, x0, 0000000000000008                  2b18
 5073 1 ffffffffffe02158 00858593 addi        a1, a1, x0, 0000000000000008      ffffffffffe02b18
 5074 1 ffffffffffe0215c 0107f863 bgeu        , a5, a6, 0000000000000010        
 5075 1 ffffffffffe02160 0007b683 ld          a3, a5, x0, 0000000000000000      6f69747265737341
 5076 1 ffffffffffe02164 0005b703 ld          a4, a1, x0, 0000000000000000      6f69747265737341
 5077 1 ffffffffffe02168 fee686e3 beq         , a3, a4, 00000000ffffffec        
 5078 1 ffffffffffe02154 00878793 addi        a5, a5, x0, 0000000000000008                  2b20
 5079 1 ffffffffffe02158 00858593 addi        a1, a1, x0, 0000000000000008      ffffffffffe02b20
 5080 1 ffffffffffe0215c 0107f863 bgeu        , a5, a6, 0000000000000010        
 5081 1 ffffffffffe02160 0007b683 ld          a3, a5, x0, 0000000000000000      64656c696166206e
 5082 1 ffffffffffe02164 0005b703 ld          a4, a1, x0, 0000000000000000      64656c696166206e
 5083 1 ffffffffffe02168 fee686e3 beq         , a3, a4, 00000000ffffffec        
 5084 1 ffffffffffe02154 00878793 addi        a5, a5, x0, 0000000000000008                  2b28
 5085 1 ffffffffffe02158 00858593 addi        a1, a1, x0, 0000000000000008      ffffffffffe02b28
 5086 1 ffffffffffe0215c 0107f863 bgeu        , a5, a6, 0000000000000010        
 5087 1 ffffffffffe02160 0007b683 ld          a3, a5, x0, 0000000000000000      5b5d335b7470203a
 5088 1 ffffffffffe02164 0005b703 ld          a4, a1, x0, 0000000000000000      5b5d335b7470203a
 5089 1 ffffffffffe02168 fee686e3 beq         , a3, a4, 00000000ffffffec        
 5090 1 ffffffffffe02154 00878793 addi        a5, a5, x0, 0000000000000008                  2b30
 5091 1 ffffffffffe02158 00858593 addi        a1, a1, x0, 0000000000000008      ffffffffffe02b30
 5092 1 ffffffffffe0215c 0107f863 bgeu        , a5, a6, 0000000000000010        
 5093 1 ffffffffffe02160 0007b683 ld          a3, a5, x0, 0000000000000000      5531282f72646461
 5094 1 ffffffffffe02164 0005b703 ld          a4, a1, x0, 0000000000000000      5531282f72646461
 5095 1 ffffffffffe02168 fee686e3 beq         , a3, a4, 00000000ffffffec        
 5096 1 ffffffffffe02154 00878793 addi        a5, a5, x0, 0000000000000008                  2b38
 5097 1 ffffffffffe02158 00858593 addi        a1, a1, x0, 0000000000000008      ffffffffffe02b38
 5098 1 ffffffffffe0215c 0107f863 bgeu        , a5, a6, 0000000000000010        
 5099 1 ffffffffffe02160 0007b683 ld          a3, a5, x0, 0000000000000000      293231203c3c204c
 5100 1 ffffffffffe02164 0005b703 ld          a4, a1, x0, 0000000000000000      293231203c3c204c
 5101 1 ffffffffffe02168 fee686e3 beq         , a3, a4, 00000000ffffffec        
 5102 1 ffffffffffe02154 00878793 addi        a5, a5, x0, 0000000000000008                  2b40
 5103 1 ffffffffffe02158 00858593 addi        a1, a1, x0, 0000000000000008      ffffffffffe02b40
 5104 1 ffffffffffe0215c 0107f863 bgeu        , a5, a6, 0000000000000010        
 5105 1 ffffffffffe02160 0007b683 ld          a3, a5, x0, 0000000000000000      343078302026205d
 5106 1 ffffffffffe02164 0005b703 ld          a4, a1, x0, 0000000000000000      343078302026205d
 5107 1 ffffffffffe02168 fee686e3 beq         , a3, a4, 00000000ffffffec        
 5108 1 ffffffffffe02154 00878793 addi        a5, a5, x0, 0000000000000008                  2b48
 5109 1 ffffffffffe02158 00858593 addi        a1, a1, x0, 0000000000000008      ffffffffffe02b48
 5110 1 ffffffffffe0215c 0107f863 bgeu        , a5, a6, 0000000000000010        
 5111 1 ffffffffffe02160 0007b683 ld          a3, a5, x0, 0000000000000000                   a30
 5112 1 ffffffffffe02164 0005b703 ld          a4, a1, x0, 0000000000000000                   a30
 5113 1 ffffffffffe02168 fee686e3 beq         , a3, a4, 00000000ffffffec        
 5114 1 ffffffffffe02154 00878793 addi        a5, a5, x0, 0000000000000008                  2b50
 5115 1 ffffffffffe02158 00858593 addi        a1, a1, x0, 0000000000000008      ffffffffffe02b50
 5116 1 ffffffffffe0215c 0107f863 bgeu        , a5, a6, 0000000000000010        
 5117 1 ffffffffffe02160 0007b683 ld          a3, a5, x0, 0000000000000000      6f69747265737341
 5118 1 ffffffffffe02164 0005b703 ld          a4, a1, x0, 0000000000000000      6f69747265737341
 5119 1 ffffffffffe02168 fee686e3 beq         , a3, a4, 00000000ffffffec        
 5120 1 ffffffffffe02154 00878793 addi        a5, a5, x0, 0000000000000008                  2b58
 5121 1 ffffffffffe02158 00858593 addi        a1, a1, x0, 0000000000000008      ffffffffffe02b58
 5122 1 ffffffffffe0215c 0107f863 bgeu        , a5, a6, 0000000000000010        
 5123 1 ffffffffffe02160 0007b683 ld          a3, a5, x0, 0000000000000000      64656c696166206e
 5124 1 ffffffffffe02164 0005b703 ld          a4, a1, x0, 0000000000000000      64656c696166206e
 5125 1 ffffffffffe02168 fee686e3 beq         , a3, a4, 00000000ffffffec        
 5126 1 ffffffffffe02154 00878793 addi        a5, a5, x0, 0000000000000008                  2b60
 5127 1 ffffffffffe02158 00858593 addi        a1, a1, x0, 0000000000000008      ffffffffffe02b60
 5128 1 ffffffffffe0215c 0107f863 bgeu        , a5, a6, 0000000000000010        
 5129 1 ffffffffffe02160 0007b683 ld          a3, a5, x0, 0000000000000000      5b5d335b7470203a
 5130 1 ffffffffffe02164 0005b703 ld          a4, a1, x0, 0000000000000000      5b5d335b7470203a
 5131 1 ffffffffffe02168 fee686e3 beq         , a3, a4, 00000000ffffffec        
 5132 1 ffffffffffe02154 00878793 addi        a5, a5, x0, 0000000000000008                  2b68
 5133 1 ffffffffffe02158 00858593 addi        a1, a1, x0, 0000000000000008      ffffffffffe02b68
 5134 1 ffffffffffe0215c 0107f863 bgeu        , a5, a6, 0000000000000010        
 5135 1 ffffffffffe02160 0007b683 ld          a3, a5, x0, 0000000000000000      5531282f72646461
 5136 1 ffffffffffe02164 0005b703 ld          a4, a1, x0, 0000000000000000      5531282f72646461
 5137 1 ffffffffffe02168 fee686e3 beq         , a3, a4, 00000000ffffffec        
 5138 1 ffffffffffe02154 00878793 addi        a5, a5, x0, 0000000000000008                  2b70
 5139 1 ffffffffffe02158 00858593 addi        a1, a1, x0, 0000000000000008      ffffffffffe02b70
 5140 1 ffffffffffe0215c 0107f863 bgeu        , a5, a6, 0000000000000010        
 5141 1 ffffffffffe02160 0007b683 ld          a3, a5, x0, 0000000000000000      293231203c3c204c
 5142 1 ffffffffffe02164 0005b703 ld          a4, a1, x0, 0000000000000000      293231203c3c204c
 5143 1 ffffffffffe02168 fee686e3 beq         , a3, a4, 00000000ffffffec        
 5144 1 ffffffffffe02154 00878793 addi        a5, a5, x0, 0000000000000008                  2b78
 5145 1 ffffffffffe02158 00858593 addi        a1, a1, x0, 0000000000000008      ffffffffffe02b78
 5146 1 ffffffffffe0215c 0107f863 bgeu        , a5, a6, 0000000000000010        
 5147 1 ffffffffffe02160 0007b683 ld          a3, a5, x0, 0000000000000000      383078302026205d
 5148 1 ffffffffffe02164 0005b703 ld          a4, a1, x0, 0000000000000000      383078302026205d
 5149 1 ffffffffffe02168 fee686e3 beq         , a3, a4, 00000000ffffffec        
 5150 1 ffffffffffe02154 00878793 addi        a5, a5, x0, 0000000000000008                  2b80
 5151 1 ffffffffffe02158 00858593 addi        a1, a1, x0, 0000000000000008      ffffffffffe02b80
 5152 1 ffffffffffe0215c 0107f863 bgeu        , a5, a6, 0000000000000010        
 5153 1 ffffffffffe02160 0007b683 ld          a3, a5, x0, 0000000000000000                   a30
 5154 1 ffffffffffe02164 0005b703 ld          a4, a1, x0, 0000000000000000                   a30
 5155 1 ffffffffffe02168 fee686e3 beq         , a3, a4, 00000000ffffffec        
 5156 1 ffffffffffe02154 00878793 addi        a5, a5, x0, 0000000000000008                  2b88
 5157 1 ffffffffffe02158 00858593 addi        a1, a1, x0, 0000000000000008      ffffffffffe02b88
 5158 1 ffffffffffe0215c 0107f863 bgeu        , a5, a6, 0000000000000010        
 5159 1 ffffffffffe02160 0007b683 ld          a3, a5, x0, 0000000000000000      6f69747265737341
 5160 1 ffffffffffe02164 0005b703 ld          a4, a1, x0, 0000000000000000      6f69747265737341
 5161 1 ffffffffffe02168 fee686e3 beq         , a3, a4, 00000000ffffffec        
 5162 1 ffffffffffe02154 00878793 addi        a5, a5, x0, 0000000000000008                  2b90
 5163 1 ffffffffffe02158 00858593 addi        a1, a1, x0, 0000000000000008      ffffffffffe02b90
 5164 1 ffffffffffe0215c 0107f863 bgeu        , a5, a6, 0000000000000010        
 5165 1 ffffffffffe02160 0007b683 ld          a3, a5, x0, 0000000000000000      64656c696166206e
 5166 1 ffffffffffe02164 0005b703 ld          a4, a1, x0, 0000000000000000      64656c696166206e
 5167 1 ffffffffffe02168 fee686e3 beq         , a3, a4, 00000000ffffffec        
 5168 1 ffffffffffe02154 00878793 addi        a5, a5, x0, 0000000000000008                  2b98
 5169 1 ffffffffffe02158 00858593 addi        a1, a1, x0, 0000000000000008      ffffffffffe02b98
 5170 1 ffffffffffe0215c 0107f863 bgeu        , a5, a6, 0000000000000010        
 5171 1 ffffffffffe02160 0007b683 ld          a3, a5, x0, 0000000000000000      70653e2d6674203a
 5172 1 ffffffffffe02164 0005b703 ld          a4, a1, x0, 0000000000000000      70653e2d6674203a
 5173 1 ffffffffffe02168 fee686e3 beq         , a3, a4, 00000000ffffffec        
 5174 1 ffffffffffe02154 00878793 addi        a5, a5, x0, 0000000000000008                  2ba0
 5175 1 ffffffffffe02158 00858593 addi        a1, a1, x0, 0000000000000008      ffffffffffe02ba0
 5176 1 ffffffffffe0215c 0107f863 bgeu        , a5, a6, 0000000000000010        
 5177 1 ffffffffffe02160 0007b683 ld          a3, a5, x0, 0000000000000000      3d3d203420252063
 5178 1 ffffffffffe02164 0005b703 ld          a4, a1, x0, 0000000000000000      3d3d203420252063
 5179 1 ffffffffffe02168 fee686e3 beq         , a3, a4, 00000000ffffffec        
 5180 1 ffffffffffe02154 00878793 addi        a5, a5, x0, 0000000000000008                  2ba8
 5181 1 ffffffffffe02158 00858593 addi        a1, a1, x0, 0000000000000008      ffffffffffe02ba8
 5182 1 ffffffffffe0215c 0107f863 bgeu        , a5, a6, 0000000000000010        
 5183 1 ffffffffffe02160 0007b683 ld          a3, a5, x0, 0000000000000000                 a3020
 5184 1 ffffffffffe02164 0005b703 ld          a4, a1, x0, 0000000000000000                 a3020
 5185 1 ffffffffffe02168 fee686e3 beq         , a3, a4, 00000000ffffffec        
 5186 1 ffffffffffe02154 00878793 addi        a5, a5, x0, 0000000000000008                  2bb0
 5187 1 ffffffffffe02158 00858593 addi        a1, a1, x0, 0000000000000008      ffffffffffe02bb0
 5188 1 ffffffffffe0215c 0107f863 bgeu        , a5, a6, 0000000000000010        
 5189 1 ffffffffffe02160 0007b683 ld          a3, a5, x0, 0000000000000000      6f69747265737341
 5190 1 ffffffffffe02164 0005b703 ld          a4, a1, x0, 0000000000000000      6f69747265737341
 5191 1 ffffffffffe02168 fee686e3 beq         , a3, a4, 00000000ffffffec        
 5192 1 ffffffffffe02154 00878793 addi        a5, a5, x0, 0000000000000008                  2bb8
 5193 1 ffffffffffe02158 00858593 addi        a1, a1, x0, 0000000000000008      ffffffffffe02bb8
 5194 1 ffffffffffe0215c 0107f863 bgeu        , a5, a6, 0000000000000010        
 5195 1 ffffffffffe02160 0007b683 ld          a3, a5, x0, 0000000000000000      64656c696166206e
 5196 1 ffffffffffe02164 0005b703 ld          a4, a1, x0, 0000000000000000      64656c696166206e
 5197 1 ffffffffffe02168 fee686e3 beq         , a3, a4, 00000000ffffffec        
 5198 1 ffffffffffe02154 00878793 addi        a5, a5, x0, 0000000000000008                  2bc0
 5199 1 ffffffffffe02158 00858593 addi        a1, a1, x0, 0000000000000008      ffffffffffe02bc0
 5200 1 ffffffffffe0215c 0107f863 bgeu        , a5, a6, 0000000000000010        
 5201 1 ffffffffffe02160 0007b683 ld          a3, a5, x0, 0000000000000000      78656e752221203a
 5202 1 ffffffffffe02164 0005b703 ld          a4, a1, x0, 0000000000000000      78656e752221203a
 5203 1 ffffffffffe02168 fee686e3 beq         , a3, a4, 00000000ffffffec        
 5204 1 ffffffffffe02154 00878793 addi        a5, a5, x0, 0000000000000008                  2bc8
 5205 1 ffffffffffe02158 00858593 addi        a1, a1, x0, 0000000000000008      ffffffffffe02bc8
 5206 1 ffffffffffe0215c 0107f863 bgeu        , a5, a6, 0000000000000010        
 5207 1 ffffffffffe02160 0007b683 ld          a3, a5, x0, 0000000000000000      6520646574636570
 5208 1 ffffffffffe02164 0005b703 ld          a4, a1, x0, 0000000000000000      6520646574636570
 5209 1 ffffffffffe02168 fee686e3 beq         , a3, a4, 00000000ffffffec        
 5210 1 ffffffffffe02154 00878793 addi        a5, a5, x0, 0000000000000008                  2bd0
 5211 1 ffffffffffe02158 00858593 addi        a1, a1, x0, 0000000000000008      ffffffffffe02bd0
 5212 1 ffffffffffe0215c 0107f863 bgeu        , a5, a6, 0000000000000010        
 5213 1 ffffffffffe02160 0007b683 ld          a3, a5, x0, 0000000000000000      6e6f697470656378
 5214 1 ffffffffffe02164 0005b703 ld          a4, a1, x0, 0000000000000000      6e6f697470656378
 5215 1 ffffffffffe02168 fee686e3 beq         , a3, a4, 00000000ffffffec        
 5216 1 ffffffffffe02154 00878793 addi        a5, a5, x0, 0000000000000008                  2bd8
 5217 1 ffffffffffe02158 00858593 addi        a1, a1, x0, 0000000000000008      ffffffffffe02bd8
 5218 1 ffffffffffe0215c 0107f863 bgeu        , a5, a6, 0000000000000010        
 5219 1 ffffffffffe02160 0007b683 ld          a3, a5, x0, 0000000000000000                   a22
 5220 1 ffffffffffe02164 0005b703 ld          a4, a1, x0, 0000000000000000                   a22
 5221 1 ffffffffffe02168 fee686e3 beq         , a3, a4, 00000000ffffffec        
 5222 1 ffffffffffe02154 00878793 addi        a5, a5, x0, 0000000000000008                  2be0
 5223 1 ffffffffffe02158 00858593 addi        a1, a1, x0, 0000000000000008      ffffffffffe02be0
 5224 1 ffffffffffe0215c 0107f863 bgeu        , a5, a6, 0000000000000010        
 5225 1 ffffffffffe02160 0007b683 ld          a3, a5, x0, 0000000000000000      6f69747265737341
 5226 1 ffffffffffe02164 0005b703 ld          a4, a1, x0, 0000000000000000      6f69747265737341
 5227 1 ffffffffffe02168 fee686e3 beq         , a3, a4, 00000000ffffffec        
 5228 1 ffffffffffe02154 00878793 addi        a5, a5, x0, 0000000000000008                  2be8
 5229 1 ffffffffffe02158 00858593 addi        a1, a1, x0, 0000000000000008      ffffffffffe02be8
 5230 1 ffffffffffe0215c 0107f863 bgeu        , a5, a6, 0000000000000010        
 5231 1 ffffffffffe02160 0007b683 ld          a3, a5, x0, 0000000000000000      64656c696166206e
 5232 1 ffffffffffe02164 0005b703 ld          a4, a1, x0, 0000000000000000      64656c696166206e
 5233 1 ffffffffffe02168 fee686e3 beq         , a3, a4, 00000000ffffffec        
 5234 1 ffffffffffe02154 00878793 addi        a5, a5, x0, 0000000000000008                  2bf0
 5235 1 ffffffffffe02158 00858593 addi        a1, a1, x0, 0000000000000008      ffffffffffe02bf0
 5236 1 ffffffffffe0215c 0107f863 bgeu        , a5, a6, 0000000000000010        
 5237 1 ffffffffffe02160 0007b683 ld          a3, a5, x0, 0000000000000000      75736e752221203a
 5238 1 ffffffffffe02164 0005b703 ld          a4, a1, x0, 0000000000000000      75736e752221203a
 5239 1 ffffffffffe02168 fee686e3 beq         , a3, a4, 00000000ffffffec        
 5240 1 ffffffffffe02154 00878793 addi        a5, a5, x0, 0000000000000008                  2bf8
 5241 1 ffffffffffe02158 00858593 addi        a1, a1, x0, 0000000000000008      ffffffffffe02bf8
 5242 1 ffffffffffe0215c 0107f863 bgeu        , a5, a6, 0000000000000010        
 5243 1 ffffffffffe02160 0007b683 ld          a3, a5, x0, 0000000000000000      20646574726f7070
 5244 1 ffffffffffe02164 0005b703 ld          a4, a1, x0, 0000000000000000      20646574726f7070
 5245 1 ffffffffffe02168 fee686e3 beq         , a3, a4, 00000000ffffffec        
 5246 1 ffffffffffe02154 00878793 addi        a5, a5, x0, 0000000000000008                  2c00
 5247 1 ffffffffffe02158 00858593 addi        a1, a1, x0, 0000000000000008      ffffffffffe02c00
 5248 1 ffffffffffe0215c 0107f863 bgeu        , a5, a6, 0000000000000010        
 5249 1 ffffffffffe02160 0007b683 ld          a3, a5, x0, 0000000000000000      646f6d2070746173
 5250 1 ffffffffffe02164 0005b703 ld          a4, a1, x0, 0000000000000000      646f6d2070746173
 5251 1 ffffffffffe02168 fee686e3 beq         , a3, a4, 00000000ffffffec        
 5252 1 ffffffffffe02154 00878793 addi        a5, a5, x0, 0000000000000008                  2c08
 5253 1 ffffffffffe02158 00858593 addi        a1, a1, x0, 0000000000000008      ffffffffffe02c08
 5254 1 ffffffffffe0215c 0107f863 bgeu        , a5, a6, 0000000000000010        
 5255 1 ffffffffffe02160 0007b683 ld          a3, a5, x0, 0000000000000000                 a2265
 5256 1 ffffffffffe02164 0005b703 ld          a4, a1, x0, 0000000000000000                 a2265
 5257 1 ffffffffffe02168 fee686e3 beq         , a3, a4, 00000000ffffffec        
 5258 1 ffffffffffe02154 00878793 addi        a5, a5, x0, 0000000000000008                  2c10
 5259 1 ffffffffffe02158 00858593 addi        a1, a1, x0, 0000000000000008      ffffffffffe02c10
 5260 1 ffffffffffe0215c 0107f863 bgeu        , a5, a6, 0000000000000010        
 5261 1 ffffffffffe02160 0007b683 ld          a3, a5, x0, 0000000000000000                     0
 5262 1 ffffffffffe02164 0005b703 ld          a4, a1, x0, 0000000000000000                     0
 5263 1 ffffffffffe02168 fee686e3 beq         , a3, a4, 00000000ffffffec        
 5264 1 ffffffffffe02154 00878793 addi        a5, a5, x0, 0000000000000008                  2c18
 5265 1 ffffffffffe02158 00858593 addi        a1, a1, x0, 0000000000000008      ffffffffffe02c18
 5266 1 ffffffffffe0215c 0107f863 bgeu        , a5, a6, 0000000000000010        
 5267 1 ffffffffffe02160 0007b683 ld          a3, a5, x0, 0000000000000000                     0
 5268 1 ffffffffffe02164 0005b703 ld          a4, a1, x0, 0000000000000000                     0
 5269 1 ffffffffffe02168 fee686e3 beq         , a3, a4, 00000000ffffffec        
 5270 1 ffffffffffe02154 00878793 addi        a5, a5, x0, 0000000000000008                  2c20
 5271 1 ffffffffffe02158 00858593 addi        a1, a1, x0, 0000000000000008      ffffffffffe02c20
 5272 1 ffffffffffe0215c 0107f863 bgeu        , a5, a6, 0000000000000010        
 5273 1 ffffffffffe02160 0007b683 ld          a3, a5, x0, 0000000000000000                     0
 5274 1 ffffffffffe02164 0005b703 ld          a4, a1, x0, 0000000000000000                     0
 5275 1 ffffffffffe02168 fee686e3 beq         , a3, a4, 00000000ffffffec        
 5276 1 ffffffffffe02154 00878793 addi        a5, a5, x0, 0000000000000008                  2c28
 5277 1 ffffffffffe02158 00858593 addi        a1, a1, x0, 0000000000000008      ffffffffffe02c28
 5278 1 ffffffffffe0215c 0107f863 bgeu        , a5, a6, 0000000000000010        
 5279 1 ffffffffffe02160 0007b683 ld          a3, a5, x0, 0000000000000000                     0
 5280 1 ffffffffffe02164 0005b703 ld          a4, a1, x0, 0000000000000000                     0
 5281 1 ffffffffffe02168 fee686e3 beq         , a3, a4, 00000000ffffffec        
 5282 1 ffffffffffe02154 00878793 addi        a5, a5, x0, 0000000000000008                  2c30
 5283 1 ffffffffffe02158 00858593 addi        a1, a1, x0, 0000000000000008      ffffffffffe02c30
 5284 1 ffffffffffe0215c 0107f863 bgeu        , a5, a6, 0000000000000010        
 5285 1 ffffffffffe02160 0007b683 ld          a3, a5, x0, 0000000000000000                     0
 5286 1 ffffffffffe02164 0005b703 ld          a4, a1, x0, 0000000000000000                     0
 5287 1 ffffffffffe02168 fee686e3 beq         , a3, a4, 00000000ffffffec        
 5288 1 ffffffffffe02154 00878793 addi        a5, a5, x0, 0000000000000008                  2c38
 5289 1 ffffffffffe02158 00858593 addi        a1, a1, x0, 0000000000000008      ffffffffffe02c38
 5290 1 ffffffffffe0215c 0107f863 bgeu        , a5, a6, 0000000000000010        
 5291 1 ffffffffffe02160 0007b683 ld          a3, a5, x0, 0000000000000000                     0
 5292 1 ffffffffffe02164 0005b703 ld          a4, a1, x0, 0000000000000000                     0
 5293 1 ffffffffffe02168 fee686e3 beq         , a3, a4, 00000000ffffffec        
 5294 1 ffffffffffe02154 00878793 addi        a5, a5, x0, 0000000000000008                  2c40
 5295 1 ffffffffffe02158 00858593 addi        a1, a1, x0, 0000000000000008      ffffffffffe02c40
 5296 1 ffffffffffe0215c 0107f863 bgeu        , a5, a6, 0000000000000010        
 5297 1 ffffffffffe02160 0007b683 ld          a3, a5, x0, 0000000000000000                     0
 5298 1 ffffffffffe02164 0005b703 ld          a4, a1, x0, 0000000000000000                     0
 5299 1 ffffffffffe02168 fee686e3 beq         , a3, a4, 00000000ffffffec        
 5300 1 ffffffffffe02154 00878793 addi        a5, a5, x0, 0000000000000008                  2c48
 5301 1 ffffffffffe02158 00858593 addi        a1, a1, x0, 0000000000000008      ffffffffffe02c48
 5302 1 ffffffffffe0215c 0107f863 bgeu        , a5, a6, 0000000000000010        
 5303 1 ffffffffffe02160 0007b683 ld          a3, a5, x0, 0000000000000000                     0
 5304 1 ffffffffffe02164 0005b703 ld          a4, a1, x0, 0000000000000000                     0
 5305 1 ffffffffffe02168 fee686e3 beq         , a3, a4, 00000000ffffffec        
 5306 1 ffffffffffe02154 00878793 addi        a5, a5, x0, 0000000000000008                  2c50
 5307 1 ffffffffffe02158 00858593 addi        a1, a1, x0, 0000000000000008      ffffffffffe02c50
 5308 1 ffffffffffe0215c 0107f863 bgeu        , a5, a6, 0000000000000010        
 5309 1 ffffffffffe02160 0007b683 ld          a3, a5, x0, 0000000000000000                     0
 5310 1 ffffffffffe02164 0005b703 ld          a4, a1, x0, 0000000000000000                     0
 5311 1 ffffffffffe02168 fee686e3 beq         , a3, a4, 00000000ffffffec        
 5312 1 ffffffffffe02154 00878793 addi        a5, a5, x0, 0000000000000008                  2c58
 5313 1 ffffffffffe02158 00858593 addi        a1, a1, x0, 0000000000000008      ffffffffffe02c58
 5314 1 ffffffffffe0215c 0107f863 bgeu        , a5, a6, 0000000000000010        
 5315 1 ffffffffffe02160 0007b683 ld          a3, a5, x0, 0000000000000000                     0
 5316 1 ffffffffffe02164 0005b703 ld          a4, a1, x0, 0000000000000000                     0
 5317 1 ffffffffffe02168 fee686e3 beq         , a3, a4, 00000000ffffffec        
 5318 1 ffffffffffe02154 00878793 addi        a5, a5, x0, 0000000000000008                  2c60
 5319 1 ffffffffffe02158 00858593 addi        a1, a1, x0, 0000000000000008      ffffffffffe02c60
 5320 1 ffffffffffe0215c 0107f863 bgeu        , a5, a6, 0000000000000010        
 5321 1 ffffffffffe02160 0007b683 ld          a3, a5, x0, 0000000000000000                     0
 5322 1 ffffffffffe02164 0005b703 ld          a4, a1, x0, 0000000000000000                     0
 5323 1 ffffffffffe02168 fee686e3 beq         , a3, a4, 00000000ffffffec        
 5324 1 ffffffffffe02154 00878793 addi        a5, a5, x0, 0000000000000008                  2c68
 5325 1 ffffffffffe02158 00858593 addi        a1, a1, x0, 0000000000000008      ffffffffffe02c68
 5326 1 ffffffffffe0215c 0107f863 bgeu        , a5, a6, 0000000000000010        
 5327 1 ffffffffffe02160 0007b683 ld          a3, a5, x0, 0000000000000000                     0
 5328 1 ffffffffffe02164 0005b703 ld          a4, a1, x0, 0000000000000000                     0
 5329 1 ffffffffffe02168 fee686e3 beq         , a3, a4, 00000000ffffffec        
 5330 1 ffffffffffe02154 00878793 addi        a5, a5, x0, 0000000000000008                  2c70
 5331 1 ffffffffffe02158 00858593 addi        a1, a1, x0, 0000000000000008      ffffffffffe02c70
 5332 1 ffffffffffe0215c 0107f863 bgeu        , a5, a6, 0000000000000010        
 5333 1 ffffffffffe02160 0007b683 ld          a3, a5, x0, 0000000000000000                     0
 5334 1 ffffffffffe02164 0005b703 ld          a4, a1, x0, 0000000000000000                     0
 5335 1 ffffffffffe02168 fee686e3 beq         , a3, a4, 00000000ffffffec        
 5336 1 ffffffffffe02154 00878793 addi        a5, a5, x0, 0000000000000008                  2c78
 5337 1 ffffffffffe02158 00858593 addi        a1, a1, x0, 0000000000000008      ffffffffffe02c78
 5338 1 ffffffffffe0215c 0107f863 bgeu        , a5, a6, 0000000000000010        
 5339 1 ffffffffffe02160 0007b683 ld          a3, a5, x0, 0000000000000000                     0
 5340 1 ffffffffffe02164 0005b703 ld          a4, a1, x0, 0000000000000000                     0
 5341 1 ffffffffffe02168 fee686e3 beq         , a3, a4, 00000000ffffffec        
 5342 1 ffffffffffe02154 00878793 addi        a5, a5, x0, 0000000000000008                  2c80
 5343 1 ffffffffffe02158 00858593 addi        a1, a1, x0, 0000000000000008      ffffffffffe02c80
 5344 1 ffffffffffe0215c 0107f863 bgeu        , a5, a6, 0000000000000010        
 5345 1 ffffffffffe02160 0007b683 ld          a3, a5, x0, 0000000000000000                     0
 5346 1 ffffffffffe02164 0005b703 ld          a4, a1, x0, 0000000000000000                     0
 5347 1 ffffffffffe02168 fee686e3 beq         , a3, a4, 00000000ffffffec        
 5348 1 ffffffffffe02154 00878793 addi        a5, a5, x0, 0000000000000008                  2c88
 5349 1 ffffffffffe02158 00858593 addi        a1, a1, x0, 0000000000000008      ffffffffffe02c88
 5350 1 ffffffffffe0215c 0107f863 bgeu        , a5, a6, 0000000000000010        
 5351 1 ffffffffffe02160 0007b683 ld          a3, a5, x0, 0000000000000000                     0
 5352 1 ffffffffffe02164 0005b703 ld          a4, a1, x0, 0000000000000000                     0
 5353 1 ffffffffffe02168 fee686e3 beq         , a3, a4, 00000000ffffffec        
 5354 1 ffffffffffe02154 00878793 addi        a5, a5, x0, 0000000000000008                  2c90
 5355 1 ffffffffffe02158 00858593 addi        a1, a1, x0, 0000000000000008      ffffffffffe02c90
 5356 1 ffffffffffe0215c 0107f863 bgeu        , a5, a6, 0000000000000010        
 5357 1 ffffffffffe02160 0007b683 ld          a3, a5, x0, 0000000000000000                     0
 5358 1 ffffffffffe02164 0005b703 ld          a4, a1, x0, 0000000000000000                     0
 5359 1 ffffffffffe02168 fee686e3 beq         , a3, a4, 00000000ffffffec        
 5360 1 ffffffffffe02154 00878793 addi        a5, a5, x0, 0000000000000008                  2c98
 5361 1 ffffffffffe02158 00858593 addi        a1, a1, x0, 0000000000000008      ffffffffffe02c98
 5362 1 ffffffffffe0215c 0107f863 bgeu        , a5, a6, 0000000000000010        
 5363 1 ffffffffffe02160 0007b683 ld          a3, a5, x0, 0000000000000000                     0
 5364 1 ffffffffffe02164 0005b703 ld          a4, a1, x0, 0000000000000000                     0
 5365 1 ffffffffffe02168 fee686e3 beq         , a3, a4, 00000000ffffffec        
 5366 1 ffffffffffe02154 00878793 addi        a5, a5, x0, 0000000000000008                  2ca0
 5367 1 ffffffffffe02158 00858593 addi        a1, a1, x0, 0000000000000008      ffffffffffe02ca0
 5368 1 ffffffffffe0215c 0107f863 bgeu        , a5, a6, 0000000000000010        
 5369 1 ffffffffffe02160 0007b683 ld          a3, a5, x0, 0000000000000000                     0
 5370 1 ffffffffffe02164 0005b703 ld          a4, a1, x0, 0000000000000000                     0
 5371 1 ffffffffffe02168 fee686e3 beq         , a3, a4, 00000000ffffffec        
 5372 1 ffffffffffe02154 00878793 addi        a5, a5, x0, 0000000000000008                  2ca8
 5373 1 ffffffffffe02158 00858593 addi        a1, a1, x0, 0000000000000008      ffffffffffe02ca8
 5374 1 ffffffffffe0215c 0107f863 bgeu        , a5, a6, 0000000000000010        
 5375 1 ffffffffffe02160 0007b683 ld          a3, a5, x0, 0000000000000000                     0
 5376 1 ffffffffffe02164 0005b703 ld          a4, a1, x0, 0000000000000000                     0
 5377 1 ffffffffffe02168 fee686e3 beq         , a3, a4, 00000000ffffffec        
 5378 1 ffffffffffe02154 00878793 addi        a5, a5, x0, 0000000000000008                  2cb0
 5379 1 ffffffffffe02158 00858593 addi        a1, a1, x0, 0000000000000008      ffffffffffe02cb0
 5380 1 ffffffffffe0215c 0107f863 bgeu        , a5, a6, 0000000000000010        
 5381 1 ffffffffffe02160 0007b683 ld          a3, a5, x0, 0000000000000000                     0
 5382 1 ffffffffffe02164 0005b703 ld          a4, a1, x0, 0000000000000000                     0
 5383 1 ffffffffffe02168 fee686e3 beq         , a3, a4, 00000000ffffffec        
 5384 1 ffffffffffe02154 00878793 addi        a5, a5, x0, 0000000000000008                  2cb8
 5385 1 ffffffffffe02158 00858593 addi        a1, a1, x0, 0000000000000008      ffffffffffe02cb8
 5386 1 ffffffffffe0215c 0107f863 bgeu        , a5, a6, 0000000000000010        
 5387 1 ffffffffffe02160 0007b683 ld          a3, a5, x0, 0000000000000000                     0
 5388 1 ffffffffffe02164 0005b703 ld          a4, a1, x0, 0000000000000000                     0
 5389 1 ffffffffffe02168 fee686e3 beq         , a3, a4, 00000000ffffffec        
 5390 1 ffffffffffe02154 00878793 addi        a5, a5, x0, 0000000000000008                  2cc0
 5391 1 ffffffffffe02158 00858593 addi        a1, a1, x0, 0000000000000008      ffffffffffe02cc0
 5392 1 ffffffffffe0215c 0107f863 bgeu        , a5, a6, 0000000000000010        
 5393 1 ffffffffffe02160 0007b683 ld          a3, a5, x0, 0000000000000000                     0
 5394 1 ffffffffffe02164 0005b703 ld          a4, a1, x0, 0000000000000000                     0
 5395 1 ffffffffffe02168 fee686e3 beq         , a3, a4, 00000000ffffffec        
 5396 1 ffffffffffe02154 00878793 addi        a5, a5, x0, 0000000000000008                  2cc8
 5397 1 ffffffffffe02158 00858593 addi        a1, a1, x0, 0000000000000008      ffffffffffe02cc8
 5398 1 ffffffffffe0215c 0107f863 bgeu        , a5, a6, 0000000000000010        
 5399 1 ffffffffffe02160 0007b683 ld          a3, a5, x0, 0000000000000000                     0
 5400 1 ffffffffffe02164 0005b703 ld          a4, a1, x0, 0000000000000000                     0
 5401 1 ffffffffffe02168 fee686e3 beq         , a3, a4, 00000000ffffffec        
 5402 1 ffffffffffe02154 00878793 addi        a5, a5, x0, 0000000000000008                  2cd0
 5403 1 ffffffffffe02158 00858593 addi        a1, a1, x0, 0000000000000008      ffffffffffe02cd0
 5404 1 ffffffffffe0215c 0107f863 bgeu        , a5, a6, 0000000000000010        
 5405 1 ffffffffffe02160 0007b683 ld          a3, a5, x0, 0000000000000000                     0
 5406 1 ffffffffffe02164 0005b703 ld          a4, a1, x0, 0000000000000000                     0
 5407 1 ffffffffffe02168 fee686e3 beq         , a3, a4, 00000000ffffffec        
 5408 1 ffffffffffe02154 00878793 addi        a5, a5, x0, 0000000000000008                  2cd8
 5409 1 ffffffffffe02158 00858593 addi        a1, a1, x0, 0000000000000008      ffffffffffe02cd8
 5410 1 ffffffffffe0215c 0107f863 bgeu        , a5, a6, 0000000000000010        
 5411 1 ffffffffffe02160 0007b683 ld          a3, a5, x0, 0000000000000000                     0
 5412 1 ffffffffffe02164 0005b703 ld          a4, a1, x0, 0000000000000000                     0
 5413 1 ffffffffffe02168 fee686e3 beq         , a3, a4, 00000000ffffffec        
 5414 1 ffffffffffe02154 00878793 addi        a5, a5, x0, 0000000000000008                  2ce0
 5415 1 ffffffffffe02158 00858593 addi        a1, a1, x0, 0000000000000008      ffffffffffe02ce0
 5416 1 ffffffffffe0215c 0107f863 bgeu        , a5, a6, 0000000000000010        
 5417 1 ffffffffffe02160 0007b683 ld          a3, a5, x0, 0000000000000000                     0
 5418 1 ffffffffffe02164 0005b703 ld          a4, a1, x0, 0000000000000000                     0
 5419 1 ffffffffffe02168 fee686e3 beq         , a3, a4, 00000000ffffffec        
 5420 1 ffffffffffe02154 00878793 addi        a5, a5, x0, 0000000000000008                  2ce8
 5421 1 ffffffffffe02158 00858593 addi        a1, a1, x0, 0000000000000008      ffffffffffe02ce8
 5422 1 ffffffffffe0215c 0107f863 bgeu        , a5, a6, 0000000000000010        
 5423 1 ffffffffffe02160 0007b683 ld          a3, a5, x0, 0000000000000000                     0
 5424 1 ffffffffffe02164 0005b703 ld          a4, a1, x0, 0000000000000000                     0
 5425 1 ffffffffffe02168 fee686e3 beq         , a3, a4, 00000000ffffffec        
 5426 1 ffffffffffe02154 00878793 addi        a5, a5, x0, 0000000000000008                  2cf0
 5427 1 ffffffffffe02158 00858593 addi        a1, a1, x0, 0000000000000008      ffffffffffe02cf0
 5428 1 ffffffffffe0215c 0107f863 bgeu        , a5, a6, 0000000000000010        
 5429 1 ffffffffffe02160 0007b683 ld          a3, a5, x0, 0000000000000000                     0
 5430 1 ffffffffffe02164 0005b703 ld          a4, a1, x0, 0000000000000000                     0
 5431 1 ffffffffffe02168 fee686e3 beq         , a3, a4, 00000000ffffffec        
 5432 1 ffffffffffe02154 00878793 addi        a5, a5, x0, 0000000000000008                  2cf8
 5433 1 ffffffffffe02158 00858593 addi        a1, a1, x0, 0000000000000008      ffffffffffe02cf8
 5434 1 ffffffffffe0215c 0107f863 bgeu        , a5, a6, 0000000000000010        
 5435 1 ffffffffffe02160 0007b683 ld          a3, a5, x0, 0000000000000000                     0
 5436 1 ffffffffffe02164 0005b703 ld          a4, a1, x0, 0000000000000000                     0
 5437 1 ffffffffffe02168 fee686e3 beq         , a3, a4, 00000000ffffffec        
 5438 1 ffffffffffe02154 00878793 addi        a5, a5, x0, 0000000000000008                  2d00
 5439 1 ffffffffffe02158 00858593 addi        a1, a1, x0, 0000000000000008      ffffffffffe02d00
 5440 1 ffffffffffe0215c 0107f863 bgeu        , a5, a6, 0000000000000010        
 5441 1 ffffffffffe02160 0007b683 ld          a3, a5, x0, 0000000000000000                     0
 5442 1 ffffffffffe02164 0005b703 ld          a4, a1, x0, 0000000000000000                     0
 5443 1 ffffffffffe02168 fee686e3 beq         , a3, a4, 00000000ffffffec        
 5444 1 ffffffffffe02154 00878793 addi        a5, a5, x0, 0000000000000008                  2d08
 5445 1 ffffffffffe02158 00858593 addi        a1, a1, x0, 0000000000000008      ffffffffffe02d08
 5446 1 ffffffffffe0215c 0107f863 bgeu        , a5, a6, 0000000000000010        
 5447 1 ffffffffffe02160 0007b683 ld          a3, a5, x0, 0000000000000000                     0
 5448 1 ffffffffffe02164 0005b703 ld          a4, a1, x0, 0000000000000000                     0
 5449 1 ffffffffffe02168 fee686e3 beq         , a3, a4, 00000000ffffffec        
 5450 1 ffffffffffe02154 00878793 addi        a5, a5, x0, 0000000000000008                  2d10
 5451 1 ffffffffffe02158 00858593 addi        a1, a1, x0, 0000000000000008      ffffffffffe02d10
 5452 1 ffffffffffe0215c 0107f863 bgeu        , a5, a6, 0000000000000010        
 5453 1 ffffffffffe02160 0007b683 ld          a3, a5, x0, 0000000000000000                     0
 5454 1 ffffffffffe02164 0005b703 ld          a4, a1, x0, 0000000000000000                     0
 5455 1 ffffffffffe02168 fee686e3 beq         , a3, a4, 00000000ffffffec        
 5456 1 ffffffffffe02154 00878793 addi        a5, a5, x0, 0000000000000008                  2d18
 5457 1 ffffffffffe02158 00858593 addi        a1, a1, x0, 0000000000000008      ffffffffffe02d18
 5458 1 ffffffffffe0215c 0107f863 bgeu        , a5, a6, 0000000000000010        
 5459 1 ffffffffffe02160 0007b683 ld          a3, a5, x0, 0000000000000000                     0
 5460 1 ffffffffffe02164 0005b703 ld          a4, a1, x0, 0000000000000000                     0
 5461 1 ffffffffffe02168 fee686e3 beq         , a3, a4, 00000000ffffffec        
 5462 1 ffffffffffe02154 00878793 addi        a5, a5, x0, 0000000000000008                  2d20
 5463 1 ffffffffffe02158 00858593 addi        a1, a1, x0, 0000000000000008      ffffffffffe02d20
 5464 1 ffffffffffe0215c 0107f863 bgeu        , a5, a6, 0000000000000010        
 5465 1 ffffffffffe02160 0007b683 ld          a3, a5, x0, 0000000000000000                     0
 5466 1 ffffffffffe02164 0005b703 ld          a4, a1, x0, 0000000000000000                     0
 5467 1 ffffffffffe02168 fee686e3 beq         , a3, a4, 00000000ffffffec        
 5468 1 ffffffffffe02154 00878793 addi        a5, a5, x0, 0000000000000008                  2d28
 5469 1 ffffffffffe02158 00858593 addi        a1, a1, x0, 0000000000000008      ffffffffffe02d28
 5470 1 ffffffffffe0215c 0107f863 bgeu        , a5, a6, 0000000000000010        
 5471 1 ffffffffffe02160 0007b683 ld          a3, a5, x0, 0000000000000000                     0
 5472 1 ffffffffffe02164 0005b703 ld          a4, a1, x0, 0000000000000000                     0
 5473 1 ffffffffffe02168 fee686e3 beq         , a3, a4, 00000000ffffffec        
 5474 1 ffffffffffe02154 00878793 addi        a5, a5, x0, 0000000000000008                  2d30
 5475 1 ffffffffffe02158 00858593 addi        a1, a1, x0, 0000000000000008      ffffffffffe02d30
 5476 1 ffffffffffe0215c 0107f863 bgeu        , a5, a6, 0000000000000010        
 5477 1 ffffffffffe02160 0007b683 ld          a3, a5, x0, 0000000000000000                     0
 5478 1 ffffffffffe02164 0005b703 ld          a4, a1, x0, 0000000000000000                     0
 5479 1 ffffffffffe02168 fee686e3 beq         , a3, a4, 00000000ffffffec        
 5480 1 ffffffffffe02154 00878793 addi        a5, a5, x0, 0000000000000008                  2d38
 5481 1 ffffffffffe02158 00858593 addi        a1, a1, x0, 0000000000000008      ffffffffffe02d38
 5482 1 ffffffffffe0215c 0107f863 bgeu        , a5, a6, 0000000000000010        
 5483 1 ffffffffffe02160 0007b683 ld          a3, a5, x0, 0000000000000000                     0
 5484 1 ffffffffffe02164 0005b703 ld          a4, a1, x0, 0000000000000000                     0
 5485 1 ffffffffffe02168 fee686e3 beq         , a3, a4, 00000000ffffffec        
 5486 1 ffffffffffe02154 00878793 addi        a5, a5, x0, 0000000000000008                  2d40
 5487 1 ffffffffffe02158 00858593 addi        a1, a1, x0, 0000000000000008      ffffffffffe02d40
 5488 1 ffffffffffe0215c 0107f863 bgeu        , a5, a6, 0000000000000010        
 5489 1 ffffffffffe02160 0007b683 ld          a3, a5, x0, 0000000000000000                     0
 5490 1 ffffffffffe02164 0005b703 ld          a4, a1, x0, 0000000000000000                     0
 5491 1 ffffffffffe02168 fee686e3 beq         , a3, a4, 00000000ffffffec        
 5492 1 ffffffffffe02154 00878793 addi        a5, a5, x0, 0000000000000008                  2d48
 5493 1 ffffffffffe02158 00858593 addi        a1, a1, x0, 0000000000000008      ffffffffffe02d48
 5494 1 ffffffffffe0215c 0107f863 bgeu        , a5, a6, 0000000000000010        
 5495 1 ffffffffffe02160 0007b683 ld          a3, a5, x0, 0000000000000000                     0
 5496 1 ffffffffffe02164 0005b703 ld          a4, a1, x0, 0000000000000000                     0
 5497 1 ffffffffffe02168 fee686e3 beq         , a3, a4, 00000000ffffffec        
 5498 1 ffffffffffe02154 00878793 addi        a5, a5, x0, 0000000000000008                  2d50
 5499 1 ffffffffffe02158 00858593 addi        a1, a1, x0, 0000000000000008      ffffffffffe02d50
 5500 1 ffffffffffe0215c 0107f863 bgeu        , a5, a6, 0000000000000010        
 5501 1 ffffffffffe02160 0007b683 ld          a3, a5, x0, 0000000000000000                     0
 5502 1 ffffffffffe02164 0005b703 ld          a4, a1, x0, 0000000000000000                     0
 5503 1 ffffffffffe02168 fee686e3 beq         , a3, a4, 00000000ffffffec        
 5504 1 ffffffffffe02154 00878793 addi        a5, a5, x0, 0000000000000008                  2d58
 5505 1 ffffffffffe02158 00858593 addi        a1, a1, x0, 0000000000000008      ffffffffffe02d58
 5506 1 ffffffffffe0215c 0107f863 bgeu        , a5, a6, 0000000000000010        
 5507 1 ffffffffffe02160 0007b683 ld          a3, a5, x0, 0000000000000000                     0
 5508 1 ffffffffffe02164 0005b703 ld          a4, a1, x0, 0000000000000000                     0
 5509 1 ffffffffffe02168 fee686e3 beq         , a3, a4, 00000000ffffffec        
 5510 1 ffffffffffe02154 00878793 addi        a5, a5, x0, 0000000000000008                  2d60
 5511 1 ffffffffffe02158 00858593 addi        a1, a1, x0, 0000000000000008      ffffffffffe02d60
 5512 1 ffffffffffe0215c 0107f863 bgeu        , a5, a6, 0000000000000010        
 5513 1 ffffffffffe02160 0007b683 ld          a3, a5, x0, 0000000000000000                     0
 5514 1 ffffffffffe02164 0005b703 ld          a4, a1, x0, 0000000000000000                     0
 5515 1 ffffffffffe02168 fee686e3 beq         , a3, a4, 00000000ffffffec        
 5516 1 ffffffffffe02154 00878793 addi        a5, a5, x0, 0000000000000008                  2d68
 5517 1 ffffffffffe02158 00858593 addi        a1, a1, x0, 0000000000000008      ffffffffffe02d68
 5518 1 ffffffffffe0215c 0107f863 bgeu        , a5, a6, 0000000000000010        
 5519 1 ffffffffffe02160 0007b683 ld          a3, a5, x0, 0000000000000000                     0
 5520 1 ffffffffffe02164 0005b703 ld          a4, a1, x0, 0000000000000000                     0
 5521 1 ffffffffffe02168 fee686e3 beq         , a3, a4, 00000000ffffffec        
 5522 1 ffffffffffe02154 00878793 addi        a5, a5, x0, 0000000000000008                  2d70
 5523 1 ffffffffffe02158 00858593 addi        a1, a1, x0, 0000000000000008      ffffffffffe02d70
 5524 1 ffffffffffe0215c 0107f863 bgeu        , a5, a6, 0000000000000010        
 5525 1 ffffffffffe02160 0007b683 ld          a3, a5, x0, 0000000000000000                     0
 5526 1 ffffffffffe02164 0005b703 ld          a4, a1, x0, 0000000000000000                     0
 5527 1 ffffffffffe02168 fee686e3 beq         , a3, a4, 00000000ffffffec        
 5528 1 ffffffffffe02154 00878793 addi        a5, a5, x0, 0000000000000008                  2d78
 5529 1 ffffffffffe02158 00858593 addi        a1, a1, x0, 0000000000000008      ffffffffffe02d78
 5530 1 ffffffffffe0215c 0107f863 bgeu        , a5, a6, 0000000000000010        
 5531 1 ffffffffffe02160 0007b683 ld          a3, a5, x0, 0000000000000000                     0
 5532 1 ffffffffffe02164 0005b703 ld          a4, a1, x0, 0000000000000000                     0
 5533 1 ffffffffffe02168 fee686e3 beq         , a3, a4, 00000000ffffffec        
 5534 1 ffffffffffe02154 00878793 addi        a5, a5, x0, 0000000000000008                  2d80
 5535 1 ffffffffffe02158 00858593 addi        a1, a1, x0, 0000000000000008      ffffffffffe02d80
 5536 1 ffffffffffe0215c 0107f863 bgeu        , a5, a6, 0000000000000010        
 5537 1 ffffffffffe02160 0007b683 ld          a3, a5, x0, 0000000000000000                     0
 5538 1 ffffffffffe02164 0005b703 ld          a4, a1, x0, 0000000000000000                     0
 5539 1 ffffffffffe02168 fee686e3 beq         , a3, a4, 00000000ffffffec        
 5540 1 ffffffffffe02154 00878793 addi        a5, a5, x0, 0000000000000008                  2d88
 5541 1 ffffffffffe02158 00858593 addi        a1, a1, x0, 0000000000000008      ffffffffffe02d88
 5542 1 ffffffffffe0215c 0107f863 bgeu        , a5, a6, 0000000000000010        
 5543 1 ffffffffffe02160 0007b683 ld          a3, a5, x0, 0000000000000000                     0
 5544 1 ffffffffffe02164 0005b703 ld          a4, a1, x0, 0000000000000000                     0
 5545 1 ffffffffffe02168 fee686e3 beq         , a3, a4, 00000000ffffffec        
 5546 1 ffffffffffe02154 00878793 addi        a5, a5, x0, 0000000000000008                  2d90
 5547 1 ffffffffffe02158 00858593 addi        a1, a1, x0, 0000000000000008      ffffffffffe02d90
 5548 1 ffffffffffe0215c 0107f863 bgeu        , a5, a6, 0000000000000010        
 5549 1 ffffffffffe02160 0007b683 ld          a3, a5, x0, 0000000000000000                     0
 5550 1 ffffffffffe02164 0005b703 ld          a4, a1, x0, 0000000000000000                     0
 5551 1 ffffffffffe02168 fee686e3 beq         , a3, a4, 00000000ffffffec        
 5552 1 ffffffffffe02154 00878793 addi        a5, a5, x0, 0000000000000008                  2d98
 5553 1 ffffffffffe02158 00858593 addi        a1, a1, x0, 0000000000000008      ffffffffffe02d98
 5554 1 ffffffffffe0215c 0107f863 bgeu        , a5, a6, 0000000000000010        
 5555 1 ffffffffffe02160 0007b683 ld          a3, a5, x0, 0000000000000000                     0
 5556 1 ffffffffffe02164 0005b703 ld          a4, a1, x0, 0000000000000000                     0
 5557 1 ffffffffffe02168 fee686e3 beq         , a3, a4, 00000000ffffffec        
 5558 1 ffffffffffe02154 00878793 addi        a5, a5, x0, 0000000000000008                  2da0
 5559 1 ffffffffffe02158 00858593 addi        a1, a1, x0, 0000000000000008      ffffffffffe02da0
 5560 1 ffffffffffe0215c 0107f863 bgeu        , a5, a6, 0000000000000010        
 5561 1 ffffffffffe02160 0007b683 ld          a3, a5, x0, 0000000000000000                     0
 5562 1 ffffffffffe02164 0005b703 ld          a4, a1, x0, 0000000000000000                     0
 5563 1 ffffffffffe02168 fee686e3 beq         , a3, a4, 00000000ffffffec        
 5564 1 ffffffffffe02154 00878793 addi        a5, a5, x0, 0000000000000008                  2da8
 5565 1 ffffffffffe02158 00858593 addi        a1, a1, x0, 0000000000000008      ffffffffffe02da8
 5566 1 ffffffffffe0215c 0107f863 bgeu        , a5, a6, 0000000000000010        
 5567 1 ffffffffffe02160 0007b683 ld          a3, a5, x0, 0000000000000000                     0
 5568 1 ffffffffffe02164 0005b703 ld          a4, a1, x0, 0000000000000000                     0
 5569 1 ffffffffffe02168 fee686e3 beq         , a3, a4, 00000000ffffffec        
 5570 1 ffffffffffe02154 00878793 addi        a5, a5, x0, 0000000000000008                  2db0
 5571 1 ffffffffffe02158 00858593 addi        a1, a1, x0, 0000000000000008      ffffffffffe02db0
 5572 1 ffffffffffe0215c 0107f863 bgeu        , a5, a6, 0000000000000010        
 5573 1 ffffffffffe02160 0007b683 ld          a3, a5, x0, 0000000000000000                     0
 5574 1 ffffffffffe02164 0005b703 ld          a4, a1, x0, 0000000000000000                     0
 5575 1 ffffffffffe02168 fee686e3 beq         , a3, a4, 00000000ffffffec        
 5576 1 ffffffffffe02154 00878793 addi        a5, a5, x0, 0000000000000008                  2db8
 5577 1 ffffffffffe02158 00858593 addi        a1, a1, x0, 0000000000000008      ffffffffffe02db8
 5578 1 ffffffffffe0215c 0107f863 bgeu        , a5, a6, 0000000000000010        
 5579 1 ffffffffffe02160 0007b683 ld          a3, a5, x0, 0000000000000000                     0
 5580 1 ffffffffffe02164 0005b703 ld          a4, a1, x0, 0000000000000000                     0
 5581 1 ffffffffffe02168 fee686e3 beq         , a3, a4, 00000000ffffffec        
 5582 1 ffffffffffe02154 00878793 addi        a5, a5, x0, 0000000000000008                  2dc0
 5583 1 ffffffffffe02158 00858593 addi        a1, a1, x0, 0000000000000008      ffffffffffe02dc0
 5584 1 ffffffffffe0215c 0107f863 bgeu        , a5, a6, 0000000000000010        
 5585 1 ffffffffffe02160 0007b683 ld          a3, a5, x0, 0000000000000000                     0
 5586 1 ffffffffffe02164 0005b703 ld          a4, a1, x0, 0000000000000000                     0
 5587 1 ffffffffffe02168 fee686e3 beq         , a3, a4, 00000000ffffffec        
 5588 1 ffffffffffe02154 00878793 addi        a5, a5, x0, 0000000000000008                  2dc8
 5589 1 ffffffffffe02158 00858593 addi        a1, a1, x0, 0000000000000008      ffffffffffe02dc8
 5590 1 ffffffffffe0215c 0107f863 bgeu        , a5, a6, 0000000000000010        
 5591 1 ffffffffffe02160 0007b683 ld          a3, a5, x0, 0000000000000000                     0
 5592 1 ffffffffffe02164 0005b703 ld          a4, a1, x0, 0000000000000000                     0
 5593 1 ffffffffffe02168 fee686e3 beq         , a3, a4, 00000000ffffffec        
 5594 1 ffffffffffe02154 00878793 addi        a5, a5, x0, 0000000000000008                  2dd0
 5595 1 ffffffffffe02158 00858593 addi        a1, a1, x0, 0000000000000008      ffffffffffe02dd0
 5596 1 ffffffffffe0215c 0107f863 bgeu        , a5, a6, 0000000000000010        
 5597 1 ffffffffffe02160 0007b683 ld          a3, a5, x0, 0000000000000000                     0
 5598 1 ffffffffffe02164 0005b703 ld          a4, a1, x0, 0000000000000000                     0
 5599 1 ffffffffffe02168 fee686e3 beq         , a3, a4, 00000000ffffffec        
 5600 1 ffffffffffe02154 00878793 addi        a5, a5, x0, 0000000000000008                  2dd8
 5601 1 ffffffffffe02158 00858593 addi        a1, a1, x0, 0000000000000008      ffffffffffe02dd8
 5602 1 ffffffffffe0215c 0107f863 bgeu        , a5, a6, 0000000000000010        
 5603 1 ffffffffffe02160 0007b683 ld          a3, a5, x0, 0000000000000000                     0
 5604 1 ffffffffffe02164 0005b703 ld          a4, a1, x0, 0000000000000000                     0
 5605 1 ffffffffffe02168 fee686e3 beq         , a3, a4, 00000000ffffffec        
 5606 1 ffffffffffe02154 00878793 addi        a5, a5, x0, 0000000000000008                  2de0
 5607 1 ffffffffffe02158 00858593 addi        a1, a1, x0, 0000000000000008      ffffffffffe02de0
 5608 1 ffffffffffe0215c 0107f863 bgeu        , a5, a6, 0000000000000010        
 5609 1 ffffffffffe02160 0007b683 ld          a3, a5, x0, 0000000000000000                     0
 5610 1 ffffffffffe02164 0005b703 ld          a4, a1, x0, 0000000000000000                     0
 5611 1 ffffffffffe02168 fee686e3 beq         , a3, a4, 00000000ffffffec        
 5612 1 ffffffffffe02154 00878793 addi        a5, a5, x0, 0000000000000008                  2de8
 5613 1 ffffffffffe02158 00858593 addi        a1, a1, x0, 0000000000000008      ffffffffffe02de8
 5614 1 ffffffffffe0215c 0107f863 bgeu        , a5, a6, 0000000000000010        
 5615 1 ffffffffffe02160 0007b683 ld          a3, a5, x0, 0000000000000000                     0
 5616 1 ffffffffffe02164 0005b703 ld          a4, a1, x0, 0000000000000000                     0
 5617 1 ffffffffffe02168 fee686e3 beq         , a3, a4, 00000000ffffffec        
 5618 1 ffffffffffe02154 00878793 addi        a5, a5, x0, 0000000000000008                  2df0
 5619 1 ffffffffffe02158 00858593 addi        a1, a1, x0, 0000000000000008      ffffffffffe02df0
 5620 1 ffffffffffe0215c 0107f863 bgeu        , a5, a6, 0000000000000010        
 5621 1 ffffffffffe02160 0007b683 ld          a3, a5, x0, 0000000000000000                     0
 5622 1 ffffffffffe02164 0005b703 ld          a4, a1, x0, 0000000000000000                     0
 5623 1 ffffffffffe02168 fee686e3 beq         , a3, a4, 00000000ffffffec        
 5624 1 ffffffffffe02154 00878793 addi        a5, a5, x0, 0000000000000008                  2df8
 5625 1 ffffffffffe02158 00858593 addi        a1, a1, x0, 0000000000000008      ffffffffffe02df8
 5626 1 ffffffffffe0215c 0107f863 bgeu        , a5, a6, 0000000000000010        
 5627 1 ffffffffffe02160 0007b683 ld          a3, a5, x0, 0000000000000000                     0
 5628 1 ffffffffffe02164 0005b703 ld          a4, a1, x0, 0000000000000000                     0
 5629 1 ffffffffffe02168 fee686e3 beq         , a3, a4, 00000000ffffffec        
 5630 1 ffffffffffe02154 00878793 addi        a5, a5, x0, 0000000000000008                  2e00
 5631 1 ffffffffffe02158 00858593 addi        a1, a1, x0, 0000000000000008      ffffffffffe02e00
 5632 1 ffffffffffe0215c 0107f863 bgeu        , a5, a6, 0000000000000010        
 5633 1 ffffffffffe02160 0007b683 ld          a3, a5, x0, 0000000000000000                     0
 5634 1 ffffffffffe02164 0005b703 ld          a4, a1, x0, 0000000000000000                     0
 5635 1 ffffffffffe02168 fee686e3 beq         , a3, a4, 00000000ffffffec        
 5636 1 ffffffffffe02154 00878793 addi        a5, a5, x0, 0000000000000008                  2e08
 5637 1 ffffffffffe02158 00858593 addi        a1, a1, x0, 0000000000000008      ffffffffffe02e08
 5638 1 ffffffffffe0215c 0107f863 bgeu        , a5, a6, 0000000000000010        
 5639 1 ffffffffffe02160 0007b683 ld          a3, a5, x0, 0000000000000000                     0
 5640 1 ffffffffffe02164 0005b703 ld          a4, a1, x0, 0000000000000000                     0
 5641 1 ffffffffffe02168 fee686e3 beq         , a3, a4, 00000000ffffffec        
 5642 1 ffffffffffe02154 00878793 addi        a5, a5, x0, 0000000000000008                  2e10
 5643 1 ffffffffffe02158 00858593 addi        a1, a1, x0, 0000000000000008      ffffffffffe02e10
 5644 1 ffffffffffe0215c 0107f863 bgeu        , a5, a6, 0000000000000010        
 5645 1 ffffffffffe02160 0007b683 ld          a3, a5, x0, 0000000000000000                     0
 5646 1 ffffffffffe02164 0005b703 ld          a4, a1, x0, 0000000000000000                     0
 5647 1 ffffffffffe02168 fee686e3 beq         , a3, a4, 00000000ffffffec        
 5648 1 ffffffffffe02154 00878793 addi        a5, a5, x0, 0000000000000008                  2e18
 5649 1 ffffffffffe02158 00858593 addi        a1, a1, x0, 0000000000000008      ffffffffffe02e18
 5650 1 ffffffffffe0215c 0107f863 bgeu        , a5, a6, 0000000000000010        
 5651 1 ffffffffffe02160 0007b683 ld          a3, a5, x0, 0000000000000000                     0
 5652 1 ffffffffffe02164 0005b703 ld          a4, a1, x0, 0000000000000000                     0
 5653 1 ffffffffffe02168 fee686e3 beq         , a3, a4, 00000000ffffffec        
 5654 1 ffffffffffe02154 00878793 addi        a5, a5, x0, 0000000000000008                  2e20
 5655 1 ffffffffffe02158 00858593 addi        a1, a1, x0, 0000000000000008      ffffffffffe02e20
 5656 1 ffffffffffe0215c 0107f863 bgeu        , a5, a6, 0000000000000010        
 5657 1 ffffffffffe02160 0007b683 ld          a3, a5, x0, 0000000000000000                     0
 5658 1 ffffffffffe02164 0005b703 ld          a4, a1, x0, 0000000000000000                     0
 5659 1 ffffffffffe02168 fee686e3 beq         , a3, a4, 00000000ffffffec        
 5660 1 ffffffffffe02154 00878793 addi        a5, a5, x0, 0000000000000008                  2e28
 5661 1 ffffffffffe02158 00858593 addi        a1, a1, x0, 0000000000000008      ffffffffffe02e28
 5662 1 ffffffffffe0215c 0107f863 bgeu        , a5, a6, 0000000000000010        
 5663 1 ffffffffffe02160 0007b683 ld          a3, a5, x0, 0000000000000000                     0
 5664 1 ffffffffffe02164 0005b703 ld          a4, a1, x0, 0000000000000000                     0
 5665 1 ffffffffffe02168 fee686e3 beq         , a3, a4, 00000000ffffffec        
 5666 1 ffffffffffe02154 00878793 addi        a5, a5, x0, 0000000000000008                  2e30
 5667 1 ffffffffffe02158 00858593 addi        a1, a1, x0, 0000000000000008      ffffffffffe02e30
 5668 1 ffffffffffe0215c 0107f863 bgeu        , a5, a6, 0000000000000010        
 5669 1 ffffffffffe02160 0007b683 ld          a3, a5, x0, 0000000000000000                     0
 5670 1 ffffffffffe02164 0005b703 ld          a4, a1, x0, 0000000000000000                     0
 5671 1 ffffffffffe02168 fee686e3 beq         , a3, a4, 00000000ffffffec        
 5672 1 ffffffffffe02154 00878793 addi        a5, a5, x0, 0000000000000008                  2e38
 5673 1 ffffffffffe02158 00858593 addi        a1, a1, x0, 0000000000000008      ffffffffffe02e38
 5674 1 ffffffffffe0215c 0107f863 bgeu        , a5, a6, 0000000000000010        
 5675 1 ffffffffffe02160 0007b683 ld          a3, a5, x0, 0000000000000000                     0
 5676 1 ffffffffffe02164 0005b703 ld          a4, a1, x0, 0000000000000000                     0
 5677 1 ffffffffffe02168 fee686e3 beq         , a3, a4, 00000000ffffffec        
 5678 1 ffffffffffe02154 00878793 addi        a5, a5, x0, 0000000000000008                  2e40
 5679 1 ffffffffffe02158 00858593 addi        a1, a1, x0, 0000000000000008      ffffffffffe02e40
 5680 1 ffffffffffe0215c 0107f863 bgeu        , a5, a6, 0000000000000010        
 5681 1 ffffffffffe02160 0007b683 ld          a3, a5, x0, 0000000000000000                     0
 5682 1 ffffffffffe02164 0005b703 ld          a4, a1, x0, 0000000000000000                     0
 5683 1 ffffffffffe02168 fee686e3 beq         , a3, a4, 00000000ffffffec        
 5684 1 ffffffffffe02154 00878793 addi        a5, a5, x0, 0000000000000008                  2e48
 5685 1 ffffffffffe02158 00858593 addi        a1, a1, x0, 0000000000000008      ffffffffffe02e48
 5686 1 ffffffffffe0215c 0107f863 bgeu        , a5, a6, 0000000000000010        
 5687 1 ffffffffffe02160 0007b683 ld          a3, a5, x0, 0000000000000000                     0
 5688 1 ffffffffffe02164 0005b703 ld          a4, a1, x0, 0000000000000000                     0
 5689 1 ffffffffffe02168 fee686e3 beq         , a3, a4, 00000000ffffffec        
 5690 1 ffffffffffe02154 00878793 addi        a5, a5, x0, 0000000000000008                  2e50
 5691 1 ffffffffffe02158 00858593 addi        a1, a1, x0, 0000000000000008      ffffffffffe02e50
 5692 1 ffffffffffe0215c 0107f863 bgeu        , a5, a6, 0000000000000010        
 5693 1 ffffffffffe02160 0007b683 ld          a3, a5, x0, 0000000000000000                     0
 5694 1 ffffffffffe02164 0005b703 ld          a4, a1, x0, 0000000000000000                     0
 5695 1 ffffffffffe02168 fee686e3 beq         , a3, a4, 00000000ffffffec        
 5696 1 ffffffffffe02154 00878793 addi        a5, a5, x0, 0000000000000008                  2e58
 5697 1 ffffffffffe02158 00858593 addi        a1, a1, x0, 0000000000000008      ffffffffffe02e58
 5698 1 ffffffffffe0215c 0107f863 bgeu        , a5, a6, 0000000000000010        
 5699 1 ffffffffffe02160 0007b683 ld          a3, a5, x0, 0000000000000000                     0
 5700 1 ffffffffffe02164 0005b703 ld          a4, a1, x0, 0000000000000000                     0
 5701 1 ffffffffffe02168 fee686e3 beq         , a3, a4, 00000000ffffffec        
 5702 1 ffffffffffe02154 00878793 addi        a5, a5, x0, 0000000000000008                  2e60
 5703 1 ffffffffffe02158 00858593 addi        a1, a1, x0, 0000000000000008      ffffffffffe02e60
 5704 1 ffffffffffe0215c 0107f863 bgeu        , a5, a6, 0000000000000010        
 5705 1 ffffffffffe02160 0007b683 ld          a3, a5, x0, 0000000000000000                     0
 5706 1 ffffffffffe02164 0005b703 ld          a4, a1, x0, 0000000000000000                     0
 5707 1 ffffffffffe02168 fee686e3 beq         , a3, a4, 00000000ffffffec        
 5708 1 ffffffffffe02154 00878793 addi        a5, a5, x0, 0000000000000008                  2e68
 5709 1 ffffffffffe02158 00858593 addi        a1, a1, x0, 0000000000000008      ffffffffffe02e68
 5710 1 ffffffffffe0215c 0107f863 bgeu        , a5, a6, 0000000000000010        
 5711 1 ffffffffffe02160 0007b683 ld          a3, a5, x0, 0000000000000000                     0
 5712 1 ffffffffffe02164 0005b703 ld          a4, a1, x0, 0000000000000000                     0
 5713 1 ffffffffffe02168 fee686e3 beq         , a3, a4, 00000000ffffffec        
 5714 1 ffffffffffe02154 00878793 addi        a5, a5, x0, 0000000000000008                  2e70
 5715 1 ffffffffffe02158 00858593 addi        a1, a1, x0, 0000000000000008      ffffffffffe02e70
 5716 1 ffffffffffe0215c 0107f863 bgeu        , a5, a6, 0000000000000010        
 5717 1 ffffffffffe02160 0007b683 ld          a3, a5, x0, 0000000000000000                     0
 5718 1 ffffffffffe02164 0005b703 ld          a4, a1, x0, 0000000000000000                     0
 5719 1 ffffffffffe02168 fee686e3 beq         , a3, a4, 00000000ffffffec        
 5720 1 ffffffffffe02154 00878793 addi        a5, a5, x0, 0000000000000008                  2e78
 5721 1 ffffffffffe02158 00858593 addi        a1, a1, x0, 0000000000000008      ffffffffffe02e78
 5722 1 ffffffffffe0215c 0107f863 bgeu        , a5, a6, 0000000000000010        
 5723 1 ffffffffffe02160 0007b683 ld          a3, a5, x0, 0000000000000000                     0
 5724 1 ffffffffffe02164 0005b703 ld          a4, a1, x0, 0000000000000000                     0
 5725 1 ffffffffffe02168 fee686e3 beq         , a3, a4, 00000000ffffffec        
 5726 1 ffffffffffe02154 00878793 addi        a5, a5, x0, 0000000000000008                  2e80
 5727 1 ffffffffffe02158 00858593 addi        a1, a1, x0, 0000000000000008      ffffffffffe02e80
 5728 1 ffffffffffe0215c 0107f863 bgeu        , a5, a6, 0000000000000010        
 5729 1 ffffffffffe02160 0007b683 ld          a3, a5, x0, 0000000000000000                     0
 5730 1 ffffffffffe02164 0005b703 ld          a4, a1, x0, 0000000000000000                     0
 5731 1 ffffffffffe02168 fee686e3 beq         , a3, a4, 00000000ffffffec        
 5732 1 ffffffffffe02154 00878793 addi        a5, a5, x0, 0000000000000008                  2e88
 5733 1 ffffffffffe02158 00858593 addi        a1, a1, x0, 0000000000000008      ffffffffffe02e88
 5734 1 ffffffffffe0215c 0107f863 bgeu        , a5, a6, 0000000000000010        
 5735 1 ffffffffffe02160 0007b683 ld          a3, a5, x0, 0000000000000000                     0
 5736 1 ffffffffffe02164 0005b703 ld          a4, a1, x0, 0000000000000000                     0
 5737 1 ffffffffffe02168 fee686e3 beq         , a3, a4, 00000000ffffffec        
 5738 1 ffffffffffe02154 00878793 addi        a5, a5, x0, 0000000000000008                  2e90
 5739 1 ffffffffffe02158 00858593 addi        a1, a1, x0, 0000000000000008      ffffffffffe02e90
 5740 1 ffffffffffe0215c 0107f863 bgeu        , a5, a6, 0000000000000010        
 5741 1 ffffffffffe02160 0007b683 ld          a3, a5, x0, 0000000000000000                     0
 5742 1 ffffffffffe02164 0005b703 ld          a4, a1, x0, 0000000000000000                     0
 5743 1 ffffffffffe02168 fee686e3 beq         , a3, a4, 00000000ffffffec        
 5744 1 ffffffffffe02154 00878793 addi        a5, a5, x0, 0000000000000008                  2e98
 5745 1 ffffffffffe02158 00858593 addi        a1, a1, x0, 0000000000000008      ffffffffffe02e98
 5746 1 ffffffffffe0215c 0107f863 bgeu        , a5, a6, 0000000000000010        
 5747 1 ffffffffffe02160 0007b683 ld          a3, a5, x0, 0000000000000000                     0
 5748 1 ffffffffffe02164 0005b703 ld          a4, a1, x0, 0000000000000000                     0
 5749 1 ffffffffffe02168 fee686e3 beq         , a3, a4, 00000000ffffffec        
 5750 1 ffffffffffe02154 00878793 addi        a5, a5, x0, 0000000000000008                  2ea0
 5751 1 ffffffffffe02158 00858593 addi        a1, a1, x0, 0000000000000008      ffffffffffe02ea0
 5752 1 ffffffffffe0215c 0107f863 bgeu        , a5, a6, 0000000000000010        
 5753 1 ffffffffffe02160 0007b683 ld          a3, a5, x0, 0000000000000000                     0
 5754 1 ffffffffffe02164 0005b703 ld          a4, a1, x0, 0000000000000000                     0
 5755 1 ffffffffffe02168 fee686e3 beq         , a3, a4, 00000000ffffffec        
 5756 1 ffffffffffe02154 00878793 addi        a5, a5, x0, 0000000000000008                  2ea8
 5757 1 ffffffffffe02158 00858593 addi        a1, a1, x0, 0000000000000008      ffffffffffe02ea8
 5758 1 ffffffffffe0215c 0107f863 bgeu        , a5, a6, 0000000000000010        
 5759 1 ffffffffffe02160 0007b683 ld          a3, a5, x0, 0000000000000000                     0
 5760 1 ffffffffffe02164 0005b703 ld          a4, a1, x0, 0000000000000000                     0
 5761 1 ffffffffffe02168 fee686e3 beq         , a3, a4, 00000000ffffffec        
 5762 1 ffffffffffe02154 00878793 addi        a5, a5, x0, 0000000000000008                  2eb0
 5763 1 ffffffffffe02158 00858593 addi        a1, a1, x0, 0000000000000008      ffffffffffe02eb0
 5764 1 ffffffffffe0215c 0107f863 bgeu        , a5, a6, 0000000000000010        
 5765 1 ffffffffffe02160 0007b683 ld          a3, a5, x0, 0000000000000000                     0
 5766 1 ffffffffffe02164 0005b703 ld          a4, a1, x0, 0000000000000000                     0
 5767 1 ffffffffffe02168 fee686e3 beq         , a3, a4, 00000000ffffffec        
 5768 1 ffffffffffe02154 00878793 addi        a5, a5, x0, 0000000000000008                  2eb8
 5769 1 ffffffffffe02158 00858593 addi        a1, a1, x0, 0000000000000008      ffffffffffe02eb8
 5770 1 ffffffffffe0215c 0107f863 bgeu        , a5, a6, 0000000000000010        
 5771 1 ffffffffffe02160 0007b683 ld          a3, a5, x0, 0000000000000000                     0
 5772 1 ffffffffffe02164 0005b703 ld          a4, a1, x0, 0000000000000000                     0
 5773 1 ffffffffffe02168 fee686e3 beq         , a3, a4, 00000000ffffffec        
 5774 1 ffffffffffe02154 00878793 addi        a5, a5, x0, 0000000000000008                  2ec0
 5775 1 ffffffffffe02158 00858593 addi        a1, a1, x0, 0000000000000008      ffffffffffe02ec0
 5776 1 ffffffffffe0215c 0107f863 bgeu        , a5, a6, 0000000000000010        
 5777 1 ffffffffffe02160 0007b683 ld          a3, a5, x0, 0000000000000000                     0
 5778 1 ffffffffffe02164 0005b703 ld          a4, a1, x0, 0000000000000000                     0
 5779 1 ffffffffffe02168 fee686e3 beq         , a3, a4, 00000000ffffffec        
 5780 1 ffffffffffe02154 00878793 addi        a5, a5, x0, 0000000000000008                  2ec8
 5781 1 ffffffffffe02158 00858593 addi        a1, a1, x0, 0000000000000008      ffffffffffe02ec8
 5782 1 ffffffffffe0215c 0107f863 bgeu        , a5, a6, 0000000000000010        
 5783 1 ffffffffffe02160 0007b683 ld          a3, a5, x0, 0000000000000000                     0
 5784 1 ffffffffffe02164 0005b703 ld          a4, a1, x0, 0000000000000000                     0
 5785 1 ffffffffffe02168 fee686e3 beq         , a3, a4, 00000000ffffffec        
 5786 1 ffffffffffe02154 00878793 addi        a5, a5, x0, 0000000000000008                  2ed0
 5787 1 ffffffffffe02158 00858593 addi        a1, a1, x0, 0000000000000008      ffffffffffe02ed0
 5788 1 ffffffffffe0215c 0107f863 bgeu        , a5, a6, 0000000000000010        
 5789 1 ffffffffffe02160 0007b683 ld          a3, a5, x0, 0000000000000000                     0
 5790 1 ffffffffffe02164 0005b703 ld          a4, a1, x0, 0000000000000000                     0
 5791 1 ffffffffffe02168 fee686e3 beq         , a3, a4, 00000000ffffffec        
 5792 1 ffffffffffe02154 00878793 addi        a5, a5, x0, 0000000000000008                  2ed8
 5793 1 ffffffffffe02158 00858593 addi        a1, a1, x0, 0000000000000008      ffffffffffe02ed8
 5794 1 ffffffffffe0215c 0107f863 bgeu        , a5, a6, 0000000000000010        
 5795 1 ffffffffffe02160 0007b683 ld          a3, a5, x0, 0000000000000000                     0
 5796 1 ffffffffffe02164 0005b703 ld          a4, a1, x0, 0000000000000000                     0
 5797 1 ffffffffffe02168 fee686e3 beq         , a3, a4, 00000000ffffffec        
 5798 1 ffffffffffe02154 00878793 addi        a5, a5, x0, 0000000000000008                  2ee0
 5799 1 ffffffffffe02158 00858593 addi        a1, a1, x0, 0000000000000008      ffffffffffe02ee0
 5800 1 ffffffffffe0215c 0107f863 bgeu        , a5, a6, 0000000000000010        
 5801 1 ffffffffffe02160 0007b683 ld          a3, a5, x0, 0000000000000000                     0
 5802 1 ffffffffffe02164 0005b703 ld          a4, a1, x0, 0000000000000000                     0
 5803 1 ffffffffffe02168 fee686e3 beq         , a3, a4, 00000000ffffffec        
 5804 1 ffffffffffe02154 00878793 addi        a5, a5, x0, 0000000000000008                  2ee8
 5805 1 ffffffffffe02158 00858593 addi        a1, a1, x0, 0000000000000008      ffffffffffe02ee8
 5806 1 ffffffffffe0215c 0107f863 bgeu        , a5, a6, 0000000000000010        
 5807 1 ffffffffffe02160 0007b683 ld          a3, a5, x0, 0000000000000000                     0
 5808 1 ffffffffffe02164 0005b703 ld          a4, a1, x0, 0000000000000000                     0
 5809 1 ffffffffffe02168 fee686e3 beq         , a3, a4, 00000000ffffffec        
 5810 1 ffffffffffe02154 00878793 addi        a5, a5, x0, 0000000000000008                  2ef0
 5811 1 ffffffffffe02158 00858593 addi        a1, a1, x0, 0000000000000008      ffffffffffe02ef0
 5812 1 ffffffffffe0215c 0107f863 bgeu        , a5, a6, 0000000000000010        
 5813 1 ffffffffffe02160 0007b683 ld          a3, a5, x0, 0000000000000000                     0
 5814 1 ffffffffffe02164 0005b703 ld          a4, a1, x0, 0000000000000000                     0
 5815 1 ffffffffffe02168 fee686e3 beq         , a3, a4, 00000000ffffffec        
 5816 1 ffffffffffe02154 00878793 addi        a5, a5, x0, 0000000000000008                  2ef8
 5817 1 ffffffffffe02158 00858593 addi        a1, a1, x0, 0000000000000008      ffffffffffe02ef8
 5818 1 ffffffffffe0215c 0107f863 bgeu        , a5, a6, 0000000000000010        
 5819 1 ffffffffffe02160 0007b683 ld          a3, a5, x0, 0000000000000000                     0
 5820 1 ffffffffffe02164 0005b703 ld          a4, a1, x0, 0000000000000000                     0
 5821 1 ffffffffffe02168 fee686e3 beq         , a3, a4, 00000000ffffffec        
 5822 1 ffffffffffe02154 00878793 addi        a5, a5, x0, 0000000000000008                  2f00
 5823 1 ffffffffffe02158 00858593 addi        a1, a1, x0, 0000000000000008      ffffffffffe02f00
 5824 1 ffffffffffe0215c 0107f863 bgeu        , a5, a6, 0000000000000010        
 5825 1 ffffffffffe02160 0007b683 ld          a3, a5, x0, 0000000000000000                     0
 5826 1 ffffffffffe02164 0005b703 ld          a4, a1, x0, 0000000000000000                     0
 5827 1 ffffffffffe02168 fee686e3 beq         , a3, a4, 00000000ffffffec        
 5828 1 ffffffffffe02154 00878793 addi        a5, a5, x0, 0000000000000008                  2f08
 5829 1 ffffffffffe02158 00858593 addi        a1, a1, x0, 0000000000000008      ffffffffffe02f08
 5830 1 ffffffffffe0215c 0107f863 bgeu        , a5, a6, 0000000000000010        
 5831 1 ffffffffffe02160 0007b683 ld          a3, a5, x0, 0000000000000000                     0
 5832 1 ffffffffffe02164 0005b703 ld          a4, a1, x0, 0000000000000000                     0
 5833 1 ffffffffffe02168 fee686e3 beq         , a3, a4, 00000000ffffffec        
 5834 1 ffffffffffe02154 00878793 addi        a5, a5, x0, 0000000000000008                  2f10
 5835 1 ffffffffffe02158 00858593 addi        a1, a1, x0, 0000000000000008      ffffffffffe02f10
 5836 1 ffffffffffe0215c 0107f863 bgeu        , a5, a6, 0000000000000010        
 5837 1 ffffffffffe02160 0007b683 ld          a3, a5, x0, 0000000000000000                     0
 5838 1 ffffffffffe02164 0005b703 ld          a4, a1, x0, 0000000000000000                     0
 5839 1 ffffffffffe02168 fee686e3 beq         , a3, a4, 00000000ffffffec        
 5840 1 ffffffffffe02154 00878793 addi        a5, a5, x0, 0000000000000008                  2f18
 5841 1 ffffffffffe02158 00858593 addi        a1, a1, x0, 0000000000000008      ffffffffffe02f18
 5842 1 ffffffffffe0215c 0107f863 bgeu        , a5, a6, 0000000000000010        
 5843 1 ffffffffffe02160 0007b683 ld          a3, a5, x0, 0000000000000000                     0
 5844 1 ffffffffffe02164 0005b703 ld          a4, a1, x0, 0000000000000000                     0
 5845 1 ffffffffffe02168 fee686e3 beq         , a3, a4, 00000000ffffffec        
 5846 1 ffffffffffe02154 00878793 addi        a5, a5, x0, 0000000000000008                  2f20
 5847 1 ffffffffffe02158 00858593 addi        a1, a1, x0, 0000000000000008      ffffffffffe02f20
 5848 1 ffffffffffe0215c 0107f863 bgeu        , a5, a6, 0000000000000010        
 5849 1 ffffffffffe02160 0007b683 ld          a3, a5, x0, 0000000000000000                     0
 5850 1 ffffffffffe02164 0005b703 ld          a4, a1, x0, 0000000000000000                     0
 5851 1 ffffffffffe02168 fee686e3 beq         , a3, a4, 00000000ffffffec        
 5852 1 ffffffffffe02154 00878793 addi        a5, a5, x0, 0000000000000008                  2f28
 5853 1 ffffffffffe02158 00858593 addi        a1, a1, x0, 0000000000000008      ffffffffffe02f28
 5854 1 ffffffffffe0215c 0107f863 bgeu        , a5, a6, 0000000000000010        
 5855 1 ffffffffffe02160 0007b683 ld          a3, a5, x0, 0000000000000000                     0
 5856 1 ffffffffffe02164 0005b703 ld          a4, a1, x0, 0000000000000000                     0
 5857 1 ffffffffffe02168 fee686e3 beq         , a3, a4, 00000000ffffffec        
 5858 1 ffffffffffe02154 00878793 addi        a5, a5, x0, 0000000000000008                  2f30
 5859 1 ffffffffffe02158 00858593 addi        a1, a1, x0, 0000000000000008      ffffffffffe02f30
 5860 1 ffffffffffe0215c 0107f863 bgeu        , a5, a6, 0000000000000010        
 5861 1 ffffffffffe02160 0007b683 ld          a3, a5, x0, 0000000000000000                     0
 5862 1 ffffffffffe02164 0005b703 ld          a4, a1, x0, 0000000000000000                     0
 5863 1 ffffffffffe02168 fee686e3 beq         , a3, a4, 00000000ffffffec        
 5864 1 ffffffffffe02154 00878793 addi        a5, a5, x0, 0000000000000008                  2f38
 5865 1 ffffffffffe02158 00858593 addi        a1, a1, x0, 0000000000000008      ffffffffffe02f38
 5866 1 ffffffffffe0215c 0107f863 bgeu        , a5, a6, 0000000000000010        
 5867 1 ffffffffffe02160 0007b683 ld          a3, a5, x0, 0000000000000000                     0
 5868 1 ffffffffffe02164 0005b703 ld          a4, a1, x0, 0000000000000000                     0
 5869 1 ffffffffffe02168 fee686e3 beq         , a3, a4, 00000000ffffffec        
 5870 1 ffffffffffe02154 00878793 addi        a5, a5, x0, 0000000000000008                  2f40
 5871 1 ffffffffffe02158 00858593 addi        a1, a1, x0, 0000000000000008      ffffffffffe02f40
 5872 1 ffffffffffe0215c 0107f863 bgeu        , a5, a6, 0000000000000010        
 5873 1 ffffffffffe02160 0007b683 ld          a3, a5, x0, 0000000000000000                     0
 5874 1 ffffffffffe02164 0005b703 ld          a4, a1, x0, 0000000000000000                     0
 5875 1 ffffffffffe02168 fee686e3 beq         , a3, a4, 00000000ffffffec        
 5876 1 ffffffffffe02154 00878793 addi        a5, a5, x0, 0000000000000008                  2f48
 5877 1 ffffffffffe02158 00858593 addi        a1, a1, x0, 0000000000000008      ffffffffffe02f48
 5878 1 ffffffffffe0215c 0107f863 bgeu        , a5, a6, 0000000000000010        
 5879 1 ffffffffffe02160 0007b683 ld          a3, a5, x0, 0000000000000000                     0
 5880 1 ffffffffffe02164 0005b703 ld          a4, a1, x0, 0000000000000000                     0
 5881 1 ffffffffffe02168 fee686e3 beq         , a3, a4, 00000000ffffffec        
 5882 1 ffffffffffe02154 00878793 addi        a5, a5, x0, 0000000000000008                  2f50
 5883 1 ffffffffffe02158 00858593 addi        a1, a1, x0, 0000000000000008      ffffffffffe02f50
 5884 1 ffffffffffe0215c 0107f863 bgeu        , a5, a6, 0000000000000010        
 5885 1 ffffffffffe02160 0007b683 ld          a3, a5, x0, 0000000000000000                     0
 5886 1 ffffffffffe02164 0005b703 ld          a4, a1, x0, 0000000000000000                     0
 5887 1 ffffffffffe02168 fee686e3 beq         , a3, a4, 00000000ffffffec        
 5888 1 ffffffffffe02154 00878793 addi        a5, a5, x0, 0000000000000008                  2f58
 5889 1 ffffffffffe02158 00858593 addi        a1, a1, x0, 0000000000000008      ffffffffffe02f58
 5890 1 ffffffffffe0215c 0107f863 bgeu        , a5, a6, 0000000000000010        
 5891 1 ffffffffffe02160 0007b683 ld          a3, a5, x0, 0000000000000000                     0
 5892 1 ffffffffffe02164 0005b703 ld          a4, a1, x0, 0000000000000000                     0
 5893 1 ffffffffffe02168 fee686e3 beq         , a3, a4, 00000000ffffffec        
 5894 1 ffffffffffe02154 00878793 addi        a5, a5, x0, 0000000000000008                  2f60
 5895 1 ffffffffffe02158 00858593 addi        a1, a1, x0, 0000000000000008      ffffffffffe02f60
 5896 1 ffffffffffe0215c 0107f863 bgeu        , a5, a6, 0000000000000010        
 5897 1 ffffffffffe02160 0007b683 ld          a3, a5, x0, 0000000000000000                     0
 5898 1 ffffffffffe02164 0005b703 ld          a4, a1, x0, 0000000000000000                     0
 5899 1 ffffffffffe02168 fee686e3 beq         , a3, a4, 00000000ffffffec        
 5900 1 ffffffffffe02154 00878793 addi        a5, a5, x0, 0000000000000008                  2f68
 5901 1 ffffffffffe02158 00858593 addi        a1, a1, x0, 0000000000000008      ffffffffffe02f68
 5902 1 ffffffffffe0215c 0107f863 bgeu        , a5, a6, 0000000000000010        
 5903 1 ffffffffffe02160 0007b683 ld          a3, a5, x0, 0000000000000000                     0
 5904 1 ffffffffffe02164 0005b703 ld          a4, a1, x0, 0000000000000000                     0
 5905 1 ffffffffffe02168 fee686e3 beq         , a3, a4, 00000000ffffffec        
 5906 1 ffffffffffe02154 00878793 addi        a5, a5, x0, 0000000000000008                  2f70
 5907 1 ffffffffffe02158 00858593 addi        a1, a1, x0, 0000000000000008      ffffffffffe02f70
 5908 1 ffffffffffe0215c 0107f863 bgeu        , a5, a6, 0000000000000010        
 5909 1 ffffffffffe02160 0007b683 ld          a3, a5, x0, 0000000000000000                     0
 5910 1 ffffffffffe02164 0005b703 ld          a4, a1, x0, 0000000000000000                     0
 5911 1 ffffffffffe02168 fee686e3 beq         , a3, a4, 00000000ffffffec        
 5912 1 ffffffffffe02154 00878793 addi        a5, a5, x0, 0000000000000008                  2f78
 5913 1 ffffffffffe02158 00858593 addi        a1, a1, x0, 0000000000000008      ffffffffffe02f78
 5914 1 ffffffffffe0215c 0107f863 bgeu        , a5, a6, 0000000000000010        
 5915 1 ffffffffffe02160 0007b683 ld          a3, a5, x0, 0000000000000000                     0
 5916 1 ffffffffffe02164 0005b703 ld          a4, a1, x0, 0000000000000000                     0
 5917 1 ffffffffffe02168 fee686e3 beq         , a3, a4, 00000000ffffffec        
 5918 1 ffffffffffe02154 00878793 addi        a5, a5, x0, 0000000000000008                  2f80
 5919 1 ffffffffffe02158 00858593 addi        a1, a1, x0, 0000000000000008      ffffffffffe02f80
 5920 1 ffffffffffe0215c 0107f863 bgeu        , a5, a6, 0000000000000010        
 5921 1 ffffffffffe02160 0007b683 ld          a3, a5, x0, 0000000000000000                     0
 5922 1 ffffffffffe02164 0005b703 ld          a4, a1, x0, 0000000000000000                     0
 5923 1 ffffffffffe02168 fee686e3 beq         , a3, a4, 00000000ffffffec        
 5924 1 ffffffffffe02154 00878793 addi        a5, a5, x0, 0000000000000008                  2f88
 5925 1 ffffffffffe02158 00858593 addi        a1, a1, x0, 0000000000000008      ffffffffffe02f88
 5926 1 ffffffffffe0215c 0107f863 bgeu        , a5, a6, 0000000000000010        
 5927 1 ffffffffffe02160 0007b683 ld          a3, a5, x0, 0000000000000000                     0
 5928 1 ffffffffffe02164 0005b703 ld          a4, a1, x0, 0000000000000000                     0
 5929 1 ffffffffffe02168 fee686e3 beq         , a3, a4, 00000000ffffffec        
 5930 1 ffffffffffe02154 00878793 addi        a5, a5, x0, 0000000000000008                  2f90
 5931 1 ffffffffffe02158 00858593 addi        a1, a1, x0, 0000000000000008      ffffffffffe02f90
 5932 1 ffffffffffe0215c 0107f863 bgeu        , a5, a6, 0000000000000010        
 5933 1 ffffffffffe02160 0007b683 ld          a3, a5, x0, 0000000000000000                     0
 5934 1 ffffffffffe02164 0005b703 ld          a4, a1, x0, 0000000000000000                     0
 5935 1 ffffffffffe02168 fee686e3 beq         , a3, a4, 00000000ffffffec        
 5936 1 ffffffffffe02154 00878793 addi        a5, a5, x0, 0000000000000008                  2f98
 5937 1 ffffffffffe02158 00858593 addi        a1, a1, x0, 0000000000000008      ffffffffffe02f98
 5938 1 ffffffffffe0215c 0107f863 bgeu        , a5, a6, 0000000000000010        
 5939 1 ffffffffffe02160 0007b683 ld          a3, a5, x0, 0000000000000000                     0
 5940 1 ffffffffffe02164 0005b703 ld          a4, a1, x0, 0000000000000000                     0
 5941 1 ffffffffffe02168 fee686e3 beq         , a3, a4, 00000000ffffffec        
 5942 1 ffffffffffe02154 00878793 addi        a5, a5, x0, 0000000000000008                  2fa0
 5943 1 ffffffffffe02158 00858593 addi        a1, a1, x0, 0000000000000008      ffffffffffe02fa0
 5944 1 ffffffffffe0215c 0107f863 bgeu        , a5, a6, 0000000000000010        
 5945 1 ffffffffffe02160 0007b683 ld          a3, a5, x0, 0000000000000000                     0
 5946 1 ffffffffffe02164 0005b703 ld          a4, a1, x0, 0000000000000000                     0
 5947 1 ffffffffffe02168 fee686e3 beq         , a3, a4, 00000000ffffffec        
 5948 1 ffffffffffe02154 00878793 addi        a5, a5, x0, 0000000000000008                  2fa8
 5949 1 ffffffffffe02158 00858593 addi        a1, a1, x0, 0000000000000008      ffffffffffe02fa8
 5950 1 ffffffffffe0215c 0107f863 bgeu        , a5, a6, 0000000000000010        
 5951 1 ffffffffffe02160 0007b683 ld          a3, a5, x0, 0000000000000000                     0
 5952 1 ffffffffffe02164 0005b703 ld          a4, a1, x0, 0000000000000000                     0
 5953 1 ffffffffffe02168 fee686e3 beq         , a3, a4, 00000000ffffffec        
 5954 1 ffffffffffe02154 00878793 addi        a5, a5, x0, 0000000000000008                  2fb0
 5955 1 ffffffffffe02158 00858593 addi        a1, a1, x0, 0000000000000008      ffffffffffe02fb0
 5956 1 ffffffffffe0215c 0107f863 bgeu        , a5, a6, 0000000000000010        
 5957 1 ffffffffffe02160 0007b683 ld          a3, a5, x0, 0000000000000000                     0
 5958 1 ffffffffffe02164 0005b703 ld          a4, a1, x0, 0000000000000000                     0
 5959 1 ffffffffffe02168 fee686e3 beq         , a3, a4, 00000000ffffffec        
 5960 1 ffffffffffe02154 00878793 addi        a5, a5, x0, 0000000000000008                  2fb8
 5961 1 ffffffffffe02158 00858593 addi        a1, a1, x0, 0000000000000008      ffffffffffe02fb8
 5962 1 ffffffffffe0215c 0107f863 bgeu        , a5, a6, 0000000000000010        
 5963 1 ffffffffffe02160 0007b683 ld          a3, a5, x0, 0000000000000000                     0
 5964 1 ffffffffffe02164 0005b703 ld          a4, a1, x0, 0000000000000000                     0
 5965 1 ffffffffffe02168 fee686e3 beq         , a3, a4, 00000000ffffffec        
 5966 1 ffffffffffe02154 00878793 addi        a5, a5, x0, 0000000000000008                  2fc0
 5967 1 ffffffffffe02158 00858593 addi        a1, a1, x0, 0000000000000008      ffffffffffe02fc0
 5968 1 ffffffffffe0215c 0107f863 bgeu        , a5, a6, 0000000000000010        
 5969 1 ffffffffffe02160 0007b683 ld          a3, a5, x0, 0000000000000000                     0
 5970 1 ffffffffffe02164 0005b703 ld          a4, a1, x0, 0000000000000000                     0
 5971 1 ffffffffffe02168 fee686e3 beq         , a3, a4, 00000000ffffffec        
 5972 1 ffffffffffe02154 00878793 addi        a5, a5, x0, 0000000000000008                  2fc8
 5973 1 ffffffffffe02158 00858593 addi        a1, a1, x0, 0000000000000008      ffffffffffe02fc8
 5974 1 ffffffffffe0215c 0107f863 bgeu        , a5, a6, 0000000000000010        
 5975 1 ffffffffffe02160 0007b683 ld          a3, a5, x0, 0000000000000000                     0
 5976 1 ffffffffffe02164 0005b703 ld          a4, a1, x0, 0000000000000000                     0
 5977 1 ffffffffffe02168 fee686e3 beq         , a3, a4, 00000000ffffffec        
 5978 1 ffffffffffe02154 00878793 addi        a5, a5, x0, 0000000000000008                  2fd0
 5979 1 ffffffffffe02158 00858593 addi        a1, a1, x0, 0000000000000008      ffffffffffe02fd0
 5980 1 ffffffffffe0215c 0107f863 bgeu        , a5, a6, 0000000000000010        
 5981 1 ffffffffffe02160 0007b683 ld          a3, a5, x0, 0000000000000000                     0
 5982 1 ffffffffffe02164 0005b703 ld          a4, a1, x0, 0000000000000000                     0
 5983 1 ffffffffffe02168 fee686e3 beq         , a3, a4, 00000000ffffffec        
 5984 1 ffffffffffe02154 00878793 addi        a5, a5, x0, 0000000000000008                  2fd8
 5985 1 ffffffffffe02158 00858593 addi        a1, a1, x0, 0000000000000008      ffffffffffe02fd8
 5986 1 ffffffffffe0215c 0107f863 bgeu        , a5, a6, 0000000000000010        
 5987 1 ffffffffffe02160 0007b683 ld          a3, a5, x0, 0000000000000000                     0
 5988 1 ffffffffffe02164 0005b703 ld          a4, a1, x0, 0000000000000000                     0
 5989 1 ffffffffffe02168 fee686e3 beq         , a3, a4, 00000000ffffffec        
 5990 1 ffffffffffe02154 00878793 addi        a5, a5, x0, 0000000000000008                  2fe0
 5991 1 ffffffffffe02158 00858593 addi        a1, a1, x0, 0000000000000008      ffffffffffe02fe0
 5992 1 ffffffffffe0215c 0107f863 bgeu        , a5, a6, 0000000000000010        
 5993 1 ffffffffffe02160 0007b683 ld          a3, a5, x0, 0000000000000000                     0
 5994 1 ffffffffffe02164 0005b703 ld          a4, a1, x0, 0000000000000000                     0
 5995 1 ffffffffffe02168 fee686e3 beq         , a3, a4, 00000000ffffffec        
 5996 1 ffffffffffe02154 00878793 addi        a5, a5, x0, 0000000000000008                  2fe8
 5997 1 ffffffffffe02158 00858593 addi        a1, a1, x0, 0000000000000008      ffffffffffe02fe8
 5998 1 ffffffffffe0215c 0107f863 bgeu        , a5, a6, 0000000000000010        
 5999 1 ffffffffffe02160 0007b683 ld          a3, a5, x0, 0000000000000000                     0
 6000 1 ffffffffffe02164 0005b703 ld          a4, a1, x0, 0000000000000000                     0
 6001 1 ffffffffffe02168 fee686e3 beq         , a3, a4, 00000000ffffffec        
 6002 1 ffffffffffe02154 00878793 addi        a5, a5, x0, 0000000000000008                  2ff0
 6003 1 ffffffffffe02158 00858593 addi        a1, a1, x0, 0000000000000008      ffffffffffe02ff0
 6004 1 ffffffffffe0215c 0107f863 bgeu        , a5, a6, 0000000000000010        
 6005 1 ffffffffffe02160 0007b683 ld          a3, a5, x0, 0000000000000000                     0
 6006 1 ffffffffffe02164 0005b703 ld          a4, a1, x0, 0000000000000000                     0
 6007 1 ffffffffffe02168 fee686e3 beq         , a3, a4, 00000000ffffffec        
 6008 1 ffffffffffe02154 00878793 addi        a5, a5, x0, 0000000000000008                  2ff8
 6009 1 ffffffffffe02158 00858593 addi        a1, a1, x0, 0000000000000008      ffffffffffe02ff8
 6010 1 ffffffffffe0215c 0107f863 bgeu        , a5, a6, 0000000000000010        
 6011 1 ffffffffffe02160 0007b683 ld          a3, a5, x0, 0000000000000000                     0
 6012 1 ffffffffffe02164 0005b703 ld          a4, a1, x0, 0000000000000000                     0
 6013 1 ffffffffffe02168 fee686e3 beq         , a3, a4, 00000000ffffffec        
 6014 1 ffffffffffe02154 00878793 addi        a5, a5, x0, 0000000000000008                  3000
 6015 1 ffffffffffe02158 00858593 addi        a1, a1, x0, 0000000000000008      ffffffffffe03000
 6016 1 ffffffffffe0215c 0107f863 bgeu        , a5, a6, 0000000000000010        
 6017 1 ffffffffffe0216c 40a78533 sub         a0, a5, a0, 0000000000000000                  1000
 6018 1 ffffffffffe02170 40a60633 sub         a2, a2, a0, 0000000000000000                     0
 6019 1 ffffffffffe02174 00078513 addi        a0, a5, x0, 0000000000000000                  3000
 6020 1 ffffffffffe02178 00c58633 add         a2, a1, a2, 0000000000000000      ffffffffffe03000
 6021 1 ffffffffffe0217c 0140006f jal         , x0, x0, 0000000000000014        
 6022 1 ffffffffffe02190 00150513 addi        a0, a0, x0, 0000000000000001                  3001
 6023 1 ffffffffffe02194 fec596e3 bne         , a1, a2, 00000000ffffffec        
 6024 1 ffffffffffe02198 00000513 addi        a0, x0, x0, 0000000000000000                     0
 6025 1 ffffffffffe0219c 00008067 jalr        , ra, x0, 0000000000000000        
 6026 1 ffffffffffe02764 02050063 beq         , a0, x0, 0000000000000020        
 6027 1 ffffffffffe02784 008487b3 add         a5, s1, s0, 0000000000000000      ffffffffffe03020
 6028 1 ffffffffffe02788 100d1073 csrrw       , s10, x0, 0000000000000100       
 6029 1 ffffffffffe0278c 000db703 ld          a4, s11, x0, 0000000000000000     ffffffffffe037d0
 6030 1 ffffffffffe02790 0007b023 sd          , a5, x0, 0000000000000000        
 6031 1 ffffffffffe02794 f6071ae3 bne         , a4, x0, 00000000ffffff74        
 6032 1 ffffffffffe02708 00f73423 sd          , a4, a5, 0000000000000008        
 6033 1 ffffffffffe0270c 00fdb023 sd          , s11, a5, 0000000000000000       
 6034 1 ffffffffffe02710 000017b7 lui         a5, x0, x0, 0000000000001000                  1000
 6035 1 ffffffffffe02714 00fc0c33 add         s8, s8, a5, 0000000000000000                  3000
 6036 1 ffffffffffe02718 0d3c0263 beq         , s8, s3, 00000000000000c4        
 6037 1 ffffffffffe0271c 00cc5793 srli        a5, s8, x0, 000000000000000c                     3
 6038 1 ffffffffffe02720 00479413 slli        s0, a5, x0, 0000000000000004                    30
 6039 1 ffffffffffe02724 00848733 add         a4, s1, s0, 0000000000000000      ffffffffffe03030
 6040 1 ffffffffffe02728 00073703 ld          a4, a4, x0, 0000000000000000                     0
 6041 1 ffffffffffe0272c fe0702e3 beq         , a4, x0, 00000000ffffffe4        
 6042 1 ffffffffffe02710 000017b7 lui         a5, x0, x0, 0000000000001000                  1000
 6043 1 ffffffffffe02714 00fc0c33 add         s8, s8, a5, 0000000000000000                  4000
 6044 1 ffffffffffe02718 0d3c0263 beq         , s8, s3, 00000000000000c4        
 6045 1 ffffffffffe0271c 00cc5793 srli        a5, s8, x0, 000000000000000c                     4
 6046 1 ffffffffffe02720 00479413 slli        s0, a5, x0, 0000000000000004                    40
 6047 1 ffffffffffe02724 00848733 add         a4, s1, s0, 0000000000000000      ffffffffffe03040
 6048 1 ffffffffffe02728 00073703 ld          a4, a4, x0, 0000000000000000                     0
 6049 1 ffffffffffe0272c fe0702e3 beq         , a4, x0, 00000000ffffffe4        
 6050 1 ffffffffffe02710 000017b7 lui         a5, x0, x0, 0000000000001000                  1000
 6051 1 ffffffffffe02714 00fc0c33 add         s8, s8, a5, 0000000000000000                  5000
 6052 1 ffffffffffe02718 0d3c0263 beq         , s8, s3, 00000000000000c4        
 6053 1 ffffffffffe0271c 00cc5793 srli        a5, s8, x0, 000000000000000c                     5
 6054 1 ffffffffffe02720 00479413 slli        s0, a5, x0, 0000000000000004                    50
 6055 1 ffffffffffe02724 00848733 add         a4, s1, s0, 0000000000000000      ffffffffffe03050
 6056 1 ffffffffffe02728 00073703 ld          a4, a4, x0, 0000000000000000                     0
 6057 1 ffffffffffe0272c fe0702e3 beq         , a4, x0, 00000000ffffffe4        
 6058 1 ffffffffffe02710 000017b7 lui         a5, x0, x0, 0000000000001000                  1000
 6059 1 ffffffffffe02714 00fc0c33 add         s8, s8, a5, 0000000000000000                  6000
 6060 1 ffffffffffe02718 0d3c0263 beq         , s8, s3, 00000000000000c4        
 6061 1 ffffffffffe0271c 00cc5793 srli        a5, s8, x0, 000000000000000c                     6
 6062 1 ffffffffffe02720 00479413 slli        s0, a5, x0, 0000000000000004                    60
 6063 1 ffffffffffe02724 00848733 add         a4, s1, s0, 0000000000000000      ffffffffffe03060
 6064 1 ffffffffffe02728 00073703 ld          a4, a4, x0, 0000000000000000                     0
 6065 1 ffffffffffe0272c fe0702e3 beq         , a4, x0, 00000000ffffffe4        
 6066 1 ffffffffffe02710 000017b7 lui         a5, x0, x0, 0000000000001000                  1000
 6067 1 ffffffffffe02714 00fc0c33 add         s8, s8, a5, 0000000000000000                  7000
 6068 1 ffffffffffe02718 0d3c0263 beq         , s8, s3, 00000000000000c4        
 6069 1 ffffffffffe0271c 00cc5793 srli        a5, s8, x0, 000000000000000c                     7
 6070 1 ffffffffffe02720 00479413 slli        s0, a5, x0, 0000000000000004                    70
 6071 1 ffffffffffe02724 00848733 add         a4, s1, s0, 0000000000000000      ffffffffffe03070
 6072 1 ffffffffffe02728 00073703 ld          a4, a4, x0, 0000000000000000                     0
 6073 1 ffffffffffe0272c fe0702e3 beq         , a4, x0, 00000000ffffffe4        
 6074 1 ffffffffffe02710 000017b7 lui         a5, x0, x0, 0000000000001000                  1000
 6075 1 ffffffffffe02714 00fc0c33 add         s8, s8, a5, 0000000000000000                  8000
 6076 1 ffffffffffe02718 0d3c0263 beq         , s8, s3, 00000000000000c4        
 6077 1 ffffffffffe0271c 00cc5793 srli        a5, s8, x0, 000000000000000c                     8
 6078 1 ffffffffffe02720 00479413 slli        s0, a5, x0, 0000000000000004                    80
 6079 1 ffffffffffe02724 00848733 add         a4, s1, s0, 0000000000000000      ffffffffffe03080
 6080 1 ffffffffffe02728 00073703 ld          a4, a4, x0, 0000000000000000                     0
 6081 1 ffffffffffe0272c fe0702e3 beq         , a4, x0, 00000000ffffffe4        
 6082 1 ffffffffffe02710 000017b7 lui         a5, x0, x0, 0000000000001000                  1000
 6083 1 ffffffffffe02714 00fc0c33 add         s8, s8, a5, 0000000000000000                  9000
 6084 1 ffffffffffe02718 0d3c0263 beq         , s8, s3, 00000000000000c4        
 6085 1 ffffffffffe0271c 00cc5793 srli        a5, s8, x0, 000000000000000c                     9
 6086 1 ffffffffffe02720 00479413 slli        s0, a5, x0, 0000000000000004                    90
 6087 1 ffffffffffe02724 00848733 add         a4, s1, s0, 0000000000000000      ffffffffffe03090
 6088 1 ffffffffffe02728 00073703 ld          a4, a4, x0, 0000000000000000                     0
 6089 1 ffffffffffe0272c fe0702e3 beq         , a4, x0, 00000000ffffffe4        
 6090 1 ffffffffffe02710 000017b7 lui         a5, x0, x0, 0000000000001000                  1000
 6091 1 ffffffffffe02714 00fc0c33 add         s8, s8, a5, 0000000000000000                  a000
 6092 1 ffffffffffe02718 0d3c0263 beq         , s8, s3, 00000000000000c4        
 6093 1 ffffffffffe0271c 00cc5793 srli        a5, s8, x0, 000000000000000c                     a
 6094 1 ffffffffffe02720 00479413 slli        s0, a5, x0, 0000000000000004                    a0
 6095 1 ffffffffffe02724 00848733 add         a4, s1, s0, 0000000000000000      ffffffffffe030a0
 6096 1 ffffffffffe02728 00073703 ld          a4, a4, x0, 0000000000000000                     0
 6097 1 ffffffffffe0272c fe0702e3 beq         , a4, x0, 00000000ffffffe4        
 6098 1 ffffffffffe02710 000017b7 lui         a5, x0, x0, 0000000000001000                  1000
 6099 1 ffffffffffe02714 00fc0c33 add         s8, s8, a5, 0000000000000000                  b000
 6100 1 ffffffffffe02718 0d3c0263 beq         , s8, s3, 00000000000000c4        
 6101 1 ffffffffffe0271c 00cc5793 srli        a5, s8, x0, 000000000000000c                     b
 6102 1 ffffffffffe02720 00479413 slli        s0, a5, x0, 0000000000000004                    b0
 6103 1 ffffffffffe02724 00848733 add         a4, s1, s0, 0000000000000000      ffffffffffe030b0
 6104 1 ffffffffffe02728 00073703 ld          a4, a4, x0, 0000000000000000                     0
 6105 1 ffffffffffe0272c fe0702e3 beq         , a4, x0, 00000000ffffffe4        
 6106 1 ffffffffffe02710 000017b7 lui         a5, x0, x0, 0000000000001000                  1000
 6107 1 ffffffffffe02714 00fc0c33 add         s8, s8, a5, 0000000000000000                  c000
 6108 1 ffffffffffe02718 0d3c0263 beq         , s8, s3, 00000000000000c4        
 6109 1 ffffffffffe0271c 00cc5793 srli        a5, s8, x0, 000000000000000c                     c
 6110 1 ffffffffffe02720 00479413 slli        s0, a5, x0, 0000000000000004                    c0
 6111 1 ffffffffffe02724 00848733 add         a4, s1, s0, 0000000000000000      ffffffffffe030c0
 6112 1 ffffffffffe02728 00073703 ld          a4, a4, x0, 0000000000000000                     0
 6113 1 ffffffffffe0272c fe0702e3 beq         , a4, x0, 00000000ffffffe4        
 6114 1 ffffffffffe02710 000017b7 lui         a5, x0, x0, 0000000000001000                  1000
 6115 1 ffffffffffe02714 00fc0c33 add         s8, s8, a5, 0000000000000000                  d000
 6116 1 ffffffffffe02718 0d3c0263 beq         , s8, s3, 00000000000000c4        
 6117 1 ffffffffffe0271c 00cc5793 srli        a5, s8, x0, 000000000000000c                     d
 6118 1 ffffffffffe02720 00479413 slli        s0, a5, x0, 0000000000000004                    d0
 6119 1 ffffffffffe02724 00848733 add         a4, s1, s0, 0000000000000000      ffffffffffe030d0
 6120 1 ffffffffffe02728 00073703 ld          a4, a4, x0, 0000000000000000                     0
 6121 1 ffffffffffe0272c fe0702e3 beq         , a4, x0, 00000000ffffffe4        
 6122 1 ffffffffffe02710 000017b7 lui         a5, x0, x0, 0000000000001000                  1000
 6123 1 ffffffffffe02714 00fc0c33 add         s8, s8, a5, 0000000000000000                  e000
 6124 1 ffffffffffe02718 0d3c0263 beq         , s8, s3, 00000000000000c4        
 6125 1 ffffffffffe0271c 00cc5793 srli        a5, s8, x0, 000000000000000c                     e
 6126 1 ffffffffffe02720 00479413 slli        s0, a5, x0, 0000000000000004                    e0
 6127 1 ffffffffffe02724 00848733 add         a4, s1, s0, 0000000000000000      ffffffffffe030e0
 6128 1 ffffffffffe02728 00073703 ld          a4, a4, x0, 0000000000000000                     0
 6129 1 ffffffffffe0272c fe0702e3 beq         , a4, x0, 00000000ffffffe4        
 6130 1 ffffffffffe02710 000017b7 lui         a5, x0, x0, 0000000000001000                  1000
 6131 1 ffffffffffe02714 00fc0c33 add         s8, s8, a5, 0000000000000000                  f000
 6132 1 ffffffffffe02718 0d3c0263 beq         , s8, s3, 00000000000000c4        
 6133 1 ffffffffffe0271c 00cc5793 srli        a5, s8, x0, 000000000000000c                     f
 6134 1 ffffffffffe02720 00479413 slli        s0, a5, x0, 0000000000000004                    f0
 6135 1 ffffffffffe02724 00848733 add         a4, s1, s0, 0000000000000000      ffffffffffe030f0
 6136 1 ffffffffffe02728 00073703 ld          a4, a4, x0, 0000000000000000                     0
 6137 1 ffffffffffe0272c fe0702e3 beq         , a4, x0, 00000000ffffffe4        
 6138 1 ffffffffffe02710 000017b7 lui         a5, x0, x0, 0000000000001000                  1000
 6139 1 ffffffffffe02714 00fc0c33 add         s8, s8, a5, 0000000000000000                 10000
 6140 1 ffffffffffe02718 0d3c0263 beq         , s8, s3, 00000000000000c4        
 6141 1 ffffffffffe0271c 00cc5793 srli        a5, s8, x0, 000000000000000c                    10
 6142 1 ffffffffffe02720 00479413 slli        s0, a5, x0, 0000000000000004                   100
 6143 1 ffffffffffe02724 00848733 add         a4, s1, s0, 0000000000000000      ffffffffffe03100
 6144 1 ffffffffffe02728 00073703 ld          a4, a4, x0, 0000000000000000                     0
 6145 1 ffffffffffe0272c fe0702e3 beq         , a4, x0, 00000000ffffffe4        
 6146 1 ffffffffffe02710 000017b7 lui         a5, x0, x0, 0000000000001000                  1000
 6147 1 ffffffffffe02714 00fc0c33 add         s8, s8, a5, 0000000000000000                 11000
 6148 1 ffffffffffe02718 0d3c0263 beq         , s8, s3, 00000000000000c4        
 6149 1 ffffffffffe0271c 00cc5793 srli        a5, s8, x0, 000000000000000c                    11
 6150 1 ffffffffffe02720 00479413 slli        s0, a5, x0, 0000000000000004                   110
 6151 1 ffffffffffe02724 00848733 add         a4, s1, s0, 0000000000000000      ffffffffffe03110
 6152 1 ffffffffffe02728 00073703 ld          a4, a4, x0, 0000000000000000                     0
 6153 1 ffffffffffe0272c fe0702e3 beq         , a4, x0, 00000000ffffffe4        
 6154 1 ffffffffffe02710 000017b7 lui         a5, x0, x0, 0000000000001000                  1000
 6155 1 ffffffffffe02714 00fc0c33 add         s8, s8, a5, 0000000000000000                 12000
 6156 1 ffffffffffe02718 0d3c0263 beq         , s8, s3, 00000000000000c4        
 6157 1 ffffffffffe0271c 00cc5793 srli        a5, s8, x0, 000000000000000c                    12
 6158 1 ffffffffffe02720 00479413 slli        s0, a5, x0, 0000000000000004                   120
 6159 1 ffffffffffe02724 00848733 add         a4, s1, s0, 0000000000000000      ffffffffffe03120
 6160 1 ffffffffffe02728 00073703 ld          a4, a4, x0, 0000000000000000                     0
 6161 1 ffffffffffe0272c fe0702e3 beq         , a4, x0, 00000000ffffffe4        
 6162 1 ffffffffffe02710 000017b7 lui         a5, x0, x0, 0000000000001000                  1000
 6163 1 ffffffffffe02714 00fc0c33 add         s8, s8, a5, 0000000000000000                 13000
 6164 1 ffffffffffe02718 0d3c0263 beq         , s8, s3, 00000000000000c4        
 6165 1 ffffffffffe0271c 00cc5793 srli        a5, s8, x0, 000000000000000c                    13
 6166 1 ffffffffffe02720 00479413 slli        s0, a5, x0, 0000000000000004                   130
 6167 1 ffffffffffe02724 00848733 add         a4, s1, s0, 0000000000000000      ffffffffffe03130
 6168 1 ffffffffffe02728 00073703 ld          a4, a4, x0, 0000000000000000                     0
 6169 1 ffffffffffe0272c fe0702e3 beq         , a4, x0, 00000000ffffffe4        
 6170 1 ffffffffffe02710 000017b7 lui         a5, x0, x0, 0000000000001000                  1000
 6171 1 ffffffffffe02714 00fc0c33 add         s8, s8, a5, 0000000000000000                 14000
 6172 1 ffffffffffe02718 0d3c0263 beq         , s8, s3, 00000000000000c4        
 6173 1 ffffffffffe0271c 00cc5793 srli        a5, s8, x0, 000000000000000c                    14
 6174 1 ffffffffffe02720 00479413 slli        s0, a5, x0, 0000000000000004                   140
 6175 1 ffffffffffe02724 00848733 add         a4, s1, s0, 0000000000000000      ffffffffffe03140
 6176 1 ffffffffffe02728 00073703 ld          a4, a4, x0, 0000000000000000                     0
 6177 1 ffffffffffe0272c fe0702e3 beq         , a4, x0, 00000000ffffffe4        
 6178 1 ffffffffffe02710 000017b7 lui         a5, x0, x0, 0000000000001000                  1000
 6179 1 ffffffffffe02714 00fc0c33 add         s8, s8, a5, 0000000000000000                 15000
 6180 1 ffffffffffe02718 0d3c0263 beq         , s8, s3, 00000000000000c4        
 6181 1 ffffffffffe0271c 00cc5793 srli        a5, s8, x0, 000000000000000c                    15
 6182 1 ffffffffffe02720 00479413 slli        s0, a5, x0, 0000000000000004                   150
 6183 1 ffffffffffe02724 00848733 add         a4, s1, s0, 0000000000000000      ffffffffffe03150
 6184 1 ffffffffffe02728 00073703 ld          a4, a4, x0, 0000000000000000                     0
 6185 1 ffffffffffe0272c fe0702e3 beq         , a4, x0, 00000000ffffffe4        
 6186 1 ffffffffffe02710 000017b7 lui         a5, x0, x0, 0000000000001000                  1000
 6187 1 ffffffffffe02714 00fc0c33 add         s8, s8, a5, 0000000000000000                 16000
 6188 1 ffffffffffe02718 0d3c0263 beq         , s8, s3, 00000000000000c4        
 6189 1 ffffffffffe0271c 00cc5793 srli        a5, s8, x0, 000000000000000c                    16
 6190 1 ffffffffffe02720 00479413 slli        s0, a5, x0, 0000000000000004                   160
 6191 1 ffffffffffe02724 00848733 add         a4, s1, s0, 0000000000000000      ffffffffffe03160
 6192 1 ffffffffffe02728 00073703 ld          a4, a4, x0, 0000000000000000                     0
 6193 1 ffffffffffe0272c fe0702e3 beq         , a4, x0, 00000000ffffffe4        
 6194 1 ffffffffffe02710 000017b7 lui         a5, x0, x0, 0000000000001000                  1000
 6195 1 ffffffffffe02714 00fc0c33 add         s8, s8, a5, 0000000000000000                 17000
 6196 1 ffffffffffe02718 0d3c0263 beq         , s8, s3, 00000000000000c4        
 6197 1 ffffffffffe0271c 00cc5793 srli        a5, s8, x0, 000000000000000c                    17
 6198 1 ffffffffffe02720 00479413 slli        s0, a5, x0, 0000000000000004                   170
 6199 1 ffffffffffe02724 00848733 add         a4, s1, s0, 0000000000000000      ffffffffffe03170
 6200 1 ffffffffffe02728 00073703 ld          a4, a4, x0, 0000000000000000                     0
 6201 1 ffffffffffe0272c fe0702e3 beq         , a4, x0, 00000000ffffffe4        
 6202 1 ffffffffffe02710 000017b7 lui         a5, x0, x0, 0000000000001000                  1000
 6203 1 ffffffffffe02714 00fc0c33 add         s8, s8, a5, 0000000000000000                 18000
 6204 1 ffffffffffe02718 0d3c0263 beq         , s8, s3, 00000000000000c4        
 6205 1 ffffffffffe0271c 00cc5793 srli        a5, s8, x0, 000000000000000c                    18
 6206 1 ffffffffffe02720 00479413 slli        s0, a5, x0, 0000000000000004                   180
 6207 1 ffffffffffe02724 00848733 add         a4, s1, s0, 0000000000000000      ffffffffffe03180
 6208 1 ffffffffffe02728 00073703 ld          a4, a4, x0, 0000000000000000                     0
 6209 1 ffffffffffe0272c fe0702e3 beq         , a4, x0, 00000000ffffffe4        
 6210 1 ffffffffffe02710 000017b7 lui         a5, x0, x0, 0000000000001000                  1000
 6211 1 ffffffffffe02714 00fc0c33 add         s8, s8, a5, 0000000000000000                 19000
 6212 1 ffffffffffe02718 0d3c0263 beq         , s8, s3, 00000000000000c4        
 6213 1 ffffffffffe0271c 00cc5793 srli        a5, s8, x0, 000000000000000c                    19
 6214 1 ffffffffffe02720 00479413 slli        s0, a5, x0, 0000000000000004                   190
 6215 1 ffffffffffe02724 00848733 add         a4, s1, s0, 0000000000000000      ffffffffffe03190
 6216 1 ffffffffffe02728 00073703 ld          a4, a4, x0, 0000000000000000                     0
 6217 1 ffffffffffe0272c fe0702e3 beq         , a4, x0, 00000000ffffffe4        
 6218 1 ffffffffffe02710 000017b7 lui         a5, x0, x0, 0000000000001000                  1000
 6219 1 ffffffffffe02714 00fc0c33 add         s8, s8, a5, 0000000000000000                 1a000
 6220 1 ffffffffffe02718 0d3c0263 beq         , s8, s3, 00000000000000c4        
 6221 1 ffffffffffe0271c 00cc5793 srli        a5, s8, x0, 000000000000000c                    1a
 6222 1 ffffffffffe02720 00479413 slli        s0, a5, x0, 0000000000000004                   1a0
 6223 1 ffffffffffe02724 00848733 add         a4, s1, s0, 0000000000000000      ffffffffffe031a0
 6224 1 ffffffffffe02728 00073703 ld          a4, a4, x0, 0000000000000000                     0
 6225 1 ffffffffffe0272c fe0702e3 beq         , a4, x0, 00000000ffffffe4        
 6226 1 ffffffffffe02710 000017b7 lui         a5, x0, x0, 0000000000001000                  1000
 6227 1 ffffffffffe02714 00fc0c33 add         s8, s8, a5, 0000000000000000                 1b000
 6228 1 ffffffffffe02718 0d3c0263 beq         , s8, s3, 00000000000000c4        
 6229 1 ffffffffffe0271c 00cc5793 srli        a5, s8, x0, 000000000000000c                    1b
 6230 1 ffffffffffe02720 00479413 slli        s0, a5, x0, 0000000000000004                   1b0
 6231 1 ffffffffffe02724 00848733 add         a4, s1, s0, 0000000000000000      ffffffffffe031b0
 6232 1 ffffffffffe02728 00073703 ld          a4, a4, x0, 0000000000000000                     0
 6233 1 ffffffffffe0272c fe0702e3 beq         , a4, x0, 00000000ffffffe4        
 6234 1 ffffffffffe02710 000017b7 lui         a5, x0, x0, 0000000000001000                  1000
 6235 1 ffffffffffe02714 00fc0c33 add         s8, s8, a5, 0000000000000000                 1c000
 6236 1 ffffffffffe02718 0d3c0263 beq         , s8, s3, 00000000000000c4        
 6237 1 ffffffffffe0271c 00cc5793 srli        a5, s8, x0, 000000000000000c                    1c
 6238 1 ffffffffffe02720 00479413 slli        s0, a5, x0, 0000000000000004                   1c0
 6239 1 ffffffffffe02724 00848733 add         a4, s1, s0, 0000000000000000      ffffffffffe031c0
 6240 1 ffffffffffe02728 00073703 ld          a4, a4, x0, 0000000000000000                     0
 6241 1 ffffffffffe0272c fe0702e3 beq         , a4, x0, 00000000ffffffe4        
 6242 1 ffffffffffe02710 000017b7 lui         a5, x0, x0, 0000000000001000                  1000
 6243 1 ffffffffffe02714 00fc0c33 add         s8, s8, a5, 0000000000000000                 1d000
 6244 1 ffffffffffe02718 0d3c0263 beq         , s8, s3, 00000000000000c4        
 6245 1 ffffffffffe0271c 00cc5793 srli        a5, s8, x0, 000000000000000c                    1d
 6246 1 ffffffffffe02720 00479413 slli        s0, a5, x0, 0000000000000004                   1d0
 6247 1 ffffffffffe02724 00848733 add         a4, s1, s0, 0000000000000000      ffffffffffe031d0
 6248 1 ffffffffffe02728 00073703 ld          a4, a4, x0, 0000000000000000                     0
 6249 1 ffffffffffe0272c fe0702e3 beq         , a4, x0, 00000000ffffffe4        
 6250 1 ffffffffffe02710 000017b7 lui         a5, x0, x0, 0000000000001000                  1000
 6251 1 ffffffffffe02714 00fc0c33 add         s8, s8, a5, 0000000000000000                 1e000
 6252 1 ffffffffffe02718 0d3c0263 beq         , s8, s3, 00000000000000c4        
 6253 1 ffffffffffe0271c 00cc5793 srli        a5, s8, x0, 000000000000000c                    1e
 6254 1 ffffffffffe02720 00479413 slli        s0, a5, x0, 0000000000000004                   1e0
 6255 1 ffffffffffe02724 00848733 add         a4, s1, s0, 0000000000000000      ffffffffffe031e0
 6256 1 ffffffffffe02728 00073703 ld          a4, a4, x0, 0000000000000000                     0
 6257 1 ffffffffffe0272c fe0702e3 beq         , a4, x0, 00000000ffffffe4        
 6258 1 ffffffffffe02710 000017b7 lui         a5, x0, x0, 0000000000001000                  1000
 6259 1 ffffffffffe02714 00fc0c33 add         s8, s8, a5, 0000000000000000                 1f000
 6260 1 ffffffffffe02718 0d3c0263 beq         , s8, s3, 00000000000000c4        
 6261 1 ffffffffffe0271c 00cc5793 srli        a5, s8, x0, 000000000000000c                    1f
 6262 1 ffffffffffe02720 00479413 slli        s0, a5, x0, 0000000000000004                   1f0
 6263 1 ffffffffffe02724 00848733 add         a4, s1, s0, 0000000000000000      ffffffffffe031f0
 6264 1 ffffffffffe02728 00073703 ld          a4, a4, x0, 0000000000000000                     0
 6265 1 ffffffffffe0272c fe0702e3 beq         , a4, x0, 00000000ffffffe4        
 6266 1 ffffffffffe02710 000017b7 lui         a5, x0, x0, 0000000000001000                  1000
 6267 1 ffffffffffe02714 00fc0c33 add         s8, s8, a5, 0000000000000000                 20000
 6268 1 ffffffffffe02718 0d3c0263 beq         , s8, s3, 00000000000000c4        
 6269 1 ffffffffffe0271c 00cc5793 srli        a5, s8, x0, 000000000000000c                    20
 6270 1 ffffffffffe02720 00479413 slli        s0, a5, x0, 0000000000000004                   200
 6271 1 ffffffffffe02724 00848733 add         a4, s1, s0, 0000000000000000      ffffffffffe03200
 6272 1 ffffffffffe02728 00073703 ld          a4, a4, x0, 0000000000000000                     0
 6273 1 ffffffffffe0272c fe0702e3 beq         , a4, x0, 00000000ffffffe4        
 6274 1 ffffffffffe02710 000017b7 lui         a5, x0, x0, 0000000000001000                  1000
 6275 1 ffffffffffe02714 00fc0c33 add         s8, s8, a5, 0000000000000000                 21000
 6276 1 ffffffffffe02718 0d3c0263 beq         , s8, s3, 00000000000000c4        
 6277 1 ffffffffffe0271c 00cc5793 srli        a5, s8, x0, 000000000000000c                    21
 6278 1 ffffffffffe02720 00479413 slli        s0, a5, x0, 0000000000000004                   210
 6279 1 ffffffffffe02724 00848733 add         a4, s1, s0, 0000000000000000      ffffffffffe03210
 6280 1 ffffffffffe02728 00073703 ld          a4, a4, x0, 0000000000000000                     0
 6281 1 ffffffffffe0272c fe0702e3 beq         , a4, x0, 00000000ffffffe4        
 6282 1 ffffffffffe02710 000017b7 lui         a5, x0, x0, 0000000000001000                  1000
 6283 1 ffffffffffe02714 00fc0c33 add         s8, s8, a5, 0000000000000000                 22000
 6284 1 ffffffffffe02718 0d3c0263 beq         , s8, s3, 00000000000000c4        
 6285 1 ffffffffffe0271c 00cc5793 srli        a5, s8, x0, 000000000000000c                    22
 6286 1 ffffffffffe02720 00479413 slli        s0, a5, x0, 0000000000000004                   220
 6287 1 ffffffffffe02724 00848733 add         a4, s1, s0, 0000000000000000      ffffffffffe03220
 6288 1 ffffffffffe02728 00073703 ld          a4, a4, x0, 0000000000000000                     0
 6289 1 ffffffffffe0272c fe0702e3 beq         , a4, x0, 00000000ffffffe4        
 6290 1 ffffffffffe02710 000017b7 lui         a5, x0, x0, 0000000000001000                  1000
 6291 1 ffffffffffe02714 00fc0c33 add         s8, s8, a5, 0000000000000000                 23000
 6292 1 ffffffffffe02718 0d3c0263 beq         , s8, s3, 00000000000000c4        
 6293 1 ffffffffffe0271c 00cc5793 srli        a5, s8, x0, 000000000000000c                    23
 6294 1 ffffffffffe02720 00479413 slli        s0, a5, x0, 0000000000000004                   230
 6295 1 ffffffffffe02724 00848733 add         a4, s1, s0, 0000000000000000      ffffffffffe03230
 6296 1 ffffffffffe02728 00073703 ld          a4, a4, x0, 0000000000000000                     0
 6297 1 ffffffffffe0272c fe0702e3 beq         , a4, x0, 00000000ffffffe4        
 6298 1 ffffffffffe02710 000017b7 lui         a5, x0, x0, 0000000000001000                  1000
 6299 1 ffffffffffe02714 00fc0c33 add         s8, s8, a5, 0000000000000000                 24000
 6300 1 ffffffffffe02718 0d3c0263 beq         , s8, s3, 00000000000000c4        
 6301 1 ffffffffffe0271c 00cc5793 srli        a5, s8, x0, 000000000000000c                    24
 6302 1 ffffffffffe02720 00479413 slli        s0, a5, x0, 0000000000000004                   240
 6303 1 ffffffffffe02724 00848733 add         a4, s1, s0, 0000000000000000      ffffffffffe03240
 6304 1 ffffffffffe02728 00073703 ld          a4, a4, x0, 0000000000000000                     0
 6305 1 ffffffffffe0272c fe0702e3 beq         , a4, x0, 00000000ffffffe4        
 6306 1 ffffffffffe02710 000017b7 lui         a5, x0, x0, 0000000000001000                  1000
 6307 1 ffffffffffe02714 00fc0c33 add         s8, s8, a5, 0000000000000000                 25000
 6308 1 ffffffffffe02718 0d3c0263 beq         , s8, s3, 00000000000000c4        
 6309 1 ffffffffffe0271c 00cc5793 srli        a5, s8, x0, 000000000000000c                    25
 6310 1 ffffffffffe02720 00479413 slli        s0, a5, x0, 0000000000000004                   250
 6311 1 ffffffffffe02724 00848733 add         a4, s1, s0, 0000000000000000      ffffffffffe03250
 6312 1 ffffffffffe02728 00073703 ld          a4, a4, x0, 0000000000000000                     0
 6313 1 ffffffffffe0272c fe0702e3 beq         , a4, x0, 00000000ffffffe4        
 6314 1 ffffffffffe02710 000017b7 lui         a5, x0, x0, 0000000000001000                  1000
 6315 1 ffffffffffe02714 00fc0c33 add         s8, s8, a5, 0000000000000000                 26000
 6316 1 ffffffffffe02718 0d3c0263 beq         , s8, s3, 00000000000000c4        
 6317 1 ffffffffffe0271c 00cc5793 srli        a5, s8, x0, 000000000000000c                    26
 6318 1 ffffffffffe02720 00479413 slli        s0, a5, x0, 0000000000000004                   260
 6319 1 ffffffffffe02724 00848733 add         a4, s1, s0, 0000000000000000      ffffffffffe03260
 6320 1 ffffffffffe02728 00073703 ld          a4, a4, x0, 0000000000000000                     0
 6321 1 ffffffffffe0272c fe0702e3 beq         , a4, x0, 00000000ffffffe4        
 6322 1 ffffffffffe02710 000017b7 lui         a5, x0, x0, 0000000000001000                  1000
 6323 1 ffffffffffe02714 00fc0c33 add         s8, s8, a5, 0000000000000000                 27000
 6324 1 ffffffffffe02718 0d3c0263 beq         , s8, s3, 00000000000000c4        
 6325 1 ffffffffffe0271c 00cc5793 srli        a5, s8, x0, 000000000000000c                    27
 6326 1 ffffffffffe02720 00479413 slli        s0, a5, x0, 0000000000000004                   270
 6327 1 ffffffffffe02724 00848733 add         a4, s1, s0, 0000000000000000      ffffffffffe03270
 6328 1 ffffffffffe02728 00073703 ld          a4, a4, x0, 0000000000000000                     0
 6329 1 ffffffffffe0272c fe0702e3 beq         , a4, x0, 00000000ffffffe4        
 6330 1 ffffffffffe02710 000017b7 lui         a5, x0, x0, 0000000000001000                  1000
 6331 1 ffffffffffe02714 00fc0c33 add         s8, s8, a5, 0000000000000000                 28000
 6332 1 ffffffffffe02718 0d3c0263 beq         , s8, s3, 00000000000000c4        
 6333 1 ffffffffffe0271c 00cc5793 srli        a5, s8, x0, 000000000000000c                    28
 6334 1 ffffffffffe02720 00479413 slli        s0, a5, x0, 0000000000000004                   280
 6335 1 ffffffffffe02724 00848733 add         a4, s1, s0, 0000000000000000      ffffffffffe03280
 6336 1 ffffffffffe02728 00073703 ld          a4, a4, x0, 0000000000000000                     0
 6337 1 ffffffffffe0272c fe0702e3 beq         , a4, x0, 00000000ffffffe4        
 6338 1 ffffffffffe02710 000017b7 lui         a5, x0, x0, 0000000000001000                  1000
 6339 1 ffffffffffe02714 00fc0c33 add         s8, s8, a5, 0000000000000000                 29000
 6340 1 ffffffffffe02718 0d3c0263 beq         , s8, s3, 00000000000000c4        
 6341 1 ffffffffffe0271c 00cc5793 srli        a5, s8, x0, 000000000000000c                    29
 6342 1 ffffffffffe02720 00479413 slli        s0, a5, x0, 0000000000000004                   290
 6343 1 ffffffffffe02724 00848733 add         a4, s1, s0, 0000000000000000      ffffffffffe03290
 6344 1 ffffffffffe02728 00073703 ld          a4, a4, x0, 0000000000000000                     0
 6345 1 ffffffffffe0272c fe0702e3 beq         , a4, x0, 00000000ffffffe4        
 6346 1 ffffffffffe02710 000017b7 lui         a5, x0, x0, 0000000000001000                  1000
 6347 1 ffffffffffe02714 00fc0c33 add         s8, s8, a5, 0000000000000000                 2a000
 6348 1 ffffffffffe02718 0d3c0263 beq         , s8, s3, 00000000000000c4        
 6349 1 ffffffffffe0271c 00cc5793 srli        a5, s8, x0, 000000000000000c                    2a
 6350 1 ffffffffffe02720 00479413 slli        s0, a5, x0, 0000000000000004                   2a0
 6351 1 ffffffffffe02724 00848733 add         a4, s1, s0, 0000000000000000      ffffffffffe032a0
 6352 1 ffffffffffe02728 00073703 ld          a4, a4, x0, 0000000000000000                     0
 6353 1 ffffffffffe0272c fe0702e3 beq         , a4, x0, 00000000ffffffe4        
 6354 1 ffffffffffe02710 000017b7 lui         a5, x0, x0, 0000000000001000                  1000
 6355 1 ffffffffffe02714 00fc0c33 add         s8, s8, a5, 0000000000000000                 2b000
 6356 1 ffffffffffe02718 0d3c0263 beq         , s8, s3, 00000000000000c4        
 6357 1 ffffffffffe0271c 00cc5793 srli        a5, s8, x0, 000000000000000c                    2b
 6358 1 ffffffffffe02720 00479413 slli        s0, a5, x0, 0000000000000004                   2b0
 6359 1 ffffffffffe02724 00848733 add         a4, s1, s0, 0000000000000000      ffffffffffe032b0
 6360 1 ffffffffffe02728 00073703 ld          a4, a4, x0, 0000000000000000                     0
 6361 1 ffffffffffe0272c fe0702e3 beq         , a4, x0, 00000000ffffffe4        
 6362 1 ffffffffffe02710 000017b7 lui         a5, x0, x0, 0000000000001000                  1000
 6363 1 ffffffffffe02714 00fc0c33 add         s8, s8, a5, 0000000000000000                 2c000
 6364 1 ffffffffffe02718 0d3c0263 beq         , s8, s3, 00000000000000c4        
 6365 1 ffffffffffe0271c 00cc5793 srli        a5, s8, x0, 000000000000000c                    2c
 6366 1 ffffffffffe02720 00479413 slli        s0, a5, x0, 0000000000000004                   2c0
 6367 1 ffffffffffe02724 00848733 add         a4, s1, s0, 0000000000000000      ffffffffffe032c0
 6368 1 ffffffffffe02728 00073703 ld          a4, a4, x0, 0000000000000000                     0
 6369 1 ffffffffffe0272c fe0702e3 beq         , a4, x0, 00000000ffffffe4        
 6370 1 ffffffffffe02710 000017b7 lui         a5, x0, x0, 0000000000001000                  1000
 6371 1 ffffffffffe02714 00fc0c33 add         s8, s8, a5, 0000000000000000                 2d000
 6372 1 ffffffffffe02718 0d3c0263 beq         , s8, s3, 00000000000000c4        
 6373 1 ffffffffffe0271c 00cc5793 srli        a5, s8, x0, 000000000000000c                    2d
 6374 1 ffffffffffe02720 00479413 slli        s0, a5, x0, 0000000000000004                   2d0
 6375 1 ffffffffffe02724 00848733 add         a4, s1, s0, 0000000000000000      ffffffffffe032d0
 6376 1 ffffffffffe02728 00073703 ld          a4, a4, x0, 0000000000000000                     0
 6377 1 ffffffffffe0272c fe0702e3 beq         , a4, x0, 00000000ffffffe4        
 6378 1 ffffffffffe02710 000017b7 lui         a5, x0, x0, 0000000000001000                  1000
 6379 1 ffffffffffe02714 00fc0c33 add         s8, s8, a5, 0000000000000000                 2e000
 6380 1 ffffffffffe02718 0d3c0263 beq         , s8, s3, 00000000000000c4        
 6381 1 ffffffffffe0271c 00cc5793 srli        a5, s8, x0, 000000000000000c                    2e
 6382 1 ffffffffffe02720 00479413 slli        s0, a5, x0, 0000000000000004                   2e0
 6383 1 ffffffffffe02724 00848733 add         a4, s1, s0, 0000000000000000      ffffffffffe032e0
 6384 1 ffffffffffe02728 00073703 ld          a4, a4, x0, 0000000000000000                     0
 6385 1 ffffffffffe0272c fe0702e3 beq         , a4, x0, 00000000ffffffe4        
 6386 1 ffffffffffe02710 000017b7 lui         a5, x0, x0, 0000000000001000                  1000
 6387 1 ffffffffffe02714 00fc0c33 add         s8, s8, a5, 0000000000000000                 2f000
 6388 1 ffffffffffe02718 0d3c0263 beq         , s8, s3, 00000000000000c4        
 6389 1 ffffffffffe0271c 00cc5793 srli        a5, s8, x0, 000000000000000c                    2f
 6390 1 ffffffffffe02720 00479413 slli        s0, a5, x0, 0000000000000004                   2f0
 6391 1 ffffffffffe02724 00848733 add         a4, s1, s0, 0000000000000000      ffffffffffe032f0
 6392 1 ffffffffffe02728 00073703 ld          a4, a4, x0, 0000000000000000                     0
 6393 1 ffffffffffe0272c fe0702e3 beq         , a4, x0, 00000000ffffffe4        
 6394 1 ffffffffffe02710 000017b7 lui         a5, x0, x0, 0000000000001000                  1000
 6395 1 ffffffffffe02714 00fc0c33 add         s8, s8, a5, 0000000000000000                 30000
 6396 1 ffffffffffe02718 0d3c0263 beq         , s8, s3, 00000000000000c4        
 6397 1 ffffffffffe0271c 00cc5793 srli        a5, s8, x0, 000000000000000c                    30
 6398 1 ffffffffffe02720 00479413 slli        s0, a5, x0, 0000000000000004                   300
 6399 1 ffffffffffe02724 00848733 add         a4, s1, s0, 0000000000000000      ffffffffffe03300
 6400 1 ffffffffffe02728 00073703 ld          a4, a4, x0, 0000000000000000                     0
 6401 1 ffffffffffe0272c fe0702e3 beq         , a4, x0, 00000000ffffffe4        
 6402 1 ffffffffffe02710 000017b7 lui         a5, x0, x0, 0000000000001000                  1000
 6403 1 ffffffffffe02714 00fc0c33 add         s8, s8, a5, 0000000000000000                 31000
 6404 1 ffffffffffe02718 0d3c0263 beq         , s8, s3, 00000000000000c4        
 6405 1 ffffffffffe0271c 00cc5793 srli        a5, s8, x0, 000000000000000c                    31
 6406 1 ffffffffffe02720 00479413 slli        s0, a5, x0, 0000000000000004                   310
 6407 1 ffffffffffe02724 00848733 add         a4, s1, s0, 0000000000000000      ffffffffffe03310
 6408 1 ffffffffffe02728 00073703 ld          a4, a4, x0, 0000000000000000                     0
 6409 1 ffffffffffe0272c fe0702e3 beq         , a4, x0, 00000000ffffffe4        
 6410 1 ffffffffffe02710 000017b7 lui         a5, x0, x0, 0000000000001000                  1000
 6411 1 ffffffffffe02714 00fc0c33 add         s8, s8, a5, 0000000000000000                 32000
 6412 1 ffffffffffe02718 0d3c0263 beq         , s8, s3, 00000000000000c4        
 6413 1 ffffffffffe0271c 00cc5793 srli        a5, s8, x0, 000000000000000c                    32
 6414 1 ffffffffffe02720 00479413 slli        s0, a5, x0, 0000000000000004                   320
 6415 1 ffffffffffe02724 00848733 add         a4, s1, s0, 0000000000000000      ffffffffffe03320
 6416 1 ffffffffffe02728 00073703 ld          a4, a4, x0, 0000000000000000                     0
 6417 1 ffffffffffe0272c fe0702e3 beq         , a4, x0, 00000000ffffffe4        
 6418 1 ffffffffffe02710 000017b7 lui         a5, x0, x0, 0000000000001000                  1000
 6419 1 ffffffffffe02714 00fc0c33 add         s8, s8, a5, 0000000000000000                 33000
 6420 1 ffffffffffe02718 0d3c0263 beq         , s8, s3, 00000000000000c4        
 6421 1 ffffffffffe0271c 00cc5793 srli        a5, s8, x0, 000000000000000c                    33
 6422 1 ffffffffffe02720 00479413 slli        s0, a5, x0, 0000000000000004                   330
 6423 1 ffffffffffe02724 00848733 add         a4, s1, s0, 0000000000000000      ffffffffffe03330
 6424 1 ffffffffffe02728 00073703 ld          a4, a4, x0, 0000000000000000                     0
 6425 1 ffffffffffe0272c fe0702e3 beq         , a4, x0, 00000000ffffffe4        
 6426 1 ffffffffffe02710 000017b7 lui         a5, x0, x0, 0000000000001000                  1000
 6427 1 ffffffffffe02714 00fc0c33 add         s8, s8, a5, 0000000000000000                 34000
 6428 1 ffffffffffe02718 0d3c0263 beq         , s8, s3, 00000000000000c4        
 6429 1 ffffffffffe0271c 00cc5793 srli        a5, s8, x0, 000000000000000c                    34
 6430 1 ffffffffffe02720 00479413 slli        s0, a5, x0, 0000000000000004                   340
 6431 1 ffffffffffe02724 00848733 add         a4, s1, s0, 0000000000000000      ffffffffffe03340
 6432 1 ffffffffffe02728 00073703 ld          a4, a4, x0, 0000000000000000                     0
 6433 1 ffffffffffe0272c fe0702e3 beq         , a4, x0, 00000000ffffffe4        
 6434 1 ffffffffffe02710 000017b7 lui         a5, x0, x0, 0000000000001000                  1000
 6435 1 ffffffffffe02714 00fc0c33 add         s8, s8, a5, 0000000000000000                 35000
 6436 1 ffffffffffe02718 0d3c0263 beq         , s8, s3, 00000000000000c4        
 6437 1 ffffffffffe0271c 00cc5793 srli        a5, s8, x0, 000000000000000c                    35
 6438 1 ffffffffffe02720 00479413 slli        s0, a5, x0, 0000000000000004                   350
 6439 1 ffffffffffe02724 00848733 add         a4, s1, s0, 0000000000000000      ffffffffffe03350
 6440 1 ffffffffffe02728 00073703 ld          a4, a4, x0, 0000000000000000                     0
 6441 1 ffffffffffe0272c fe0702e3 beq         , a4, x0, 00000000ffffffe4        
 6442 1 ffffffffffe02710 000017b7 lui         a5, x0, x0, 0000000000001000                  1000
 6443 1 ffffffffffe02714 00fc0c33 add         s8, s8, a5, 0000000000000000                 36000
 6444 1 ffffffffffe02718 0d3c0263 beq         , s8, s3, 00000000000000c4        
 6445 1 ffffffffffe0271c 00cc5793 srli        a5, s8, x0, 000000000000000c                    36
 6446 1 ffffffffffe02720 00479413 slli        s0, a5, x0, 0000000000000004                   360
 6447 1 ffffffffffe02724 00848733 add         a4, s1, s0, 0000000000000000      ffffffffffe03360
 6448 1 ffffffffffe02728 00073703 ld          a4, a4, x0, 0000000000000000                     0
 6449 1 ffffffffffe0272c fe0702e3 beq         , a4, x0, 00000000ffffffe4        
 6450 1 ffffffffffe02710 000017b7 lui         a5, x0, x0, 0000000000001000                  1000
 6451 1 ffffffffffe02714 00fc0c33 add         s8, s8, a5, 0000000000000000                 37000
 6452 1 ffffffffffe02718 0d3c0263 beq         , s8, s3, 00000000000000c4        
 6453 1 ffffffffffe0271c 00cc5793 srli        a5, s8, x0, 000000000000000c                    37
 6454 1 ffffffffffe02720 00479413 slli        s0, a5, x0, 0000000000000004                   370
 6455 1 ffffffffffe02724 00848733 add         a4, s1, s0, 0000000000000000      ffffffffffe03370
 6456 1 ffffffffffe02728 00073703 ld          a4, a4, x0, 0000000000000000                     0
 6457 1 ffffffffffe0272c fe0702e3 beq         , a4, x0, 00000000ffffffe4        
 6458 1 ffffffffffe02710 000017b7 lui         a5, x0, x0, 0000000000001000                  1000
 6459 1 ffffffffffe02714 00fc0c33 add         s8, s8, a5, 0000000000000000                 38000
 6460 1 ffffffffffe02718 0d3c0263 beq         , s8, s3, 00000000000000c4        
 6461 1 ffffffffffe0271c 00cc5793 srli        a5, s8, x0, 000000000000000c                    38
 6462 1 ffffffffffe02720 00479413 slli        s0, a5, x0, 0000000000000004                   380
 6463 1 ffffffffffe02724 00848733 add         a4, s1, s0, 0000000000000000      ffffffffffe03380
 6464 1 ffffffffffe02728 00073703 ld          a4, a4, x0, 0000000000000000                     0
 6465 1 ffffffffffe0272c fe0702e3 beq         , a4, x0, 00000000ffffffe4        
 6466 1 ffffffffffe02710 000017b7 lui         a5, x0, x0, 0000000000001000                  1000
 6467 1 ffffffffffe02714 00fc0c33 add         s8, s8, a5, 0000000000000000                 39000
 6468 1 ffffffffffe02718 0d3c0263 beq         , s8, s3, 00000000000000c4        
 6469 1 ffffffffffe0271c 00cc5793 srli        a5, s8, x0, 000000000000000c                    39
 6470 1 ffffffffffe02720 00479413 slli        s0, a5, x0, 0000000000000004                   390
 6471 1 ffffffffffe02724 00848733 add         a4, s1, s0, 0000000000000000      ffffffffffe03390
 6472 1 ffffffffffe02728 00073703 ld          a4, a4, x0, 0000000000000000                     0
 6473 1 ffffffffffe0272c fe0702e3 beq         , a4, x0, 00000000ffffffe4        
 6474 1 ffffffffffe02710 000017b7 lui         a5, x0, x0, 0000000000001000                  1000
 6475 1 ffffffffffe02714 00fc0c33 add         s8, s8, a5, 0000000000000000                 3a000
 6476 1 ffffffffffe02718 0d3c0263 beq         , s8, s3, 00000000000000c4        
 6477 1 ffffffffffe0271c 00cc5793 srli        a5, s8, x0, 000000000000000c                    3a
 6478 1 ffffffffffe02720 00479413 slli        s0, a5, x0, 0000000000000004                   3a0
 6479 1 ffffffffffe02724 00848733 add         a4, s1, s0, 0000000000000000      ffffffffffe033a0
 6480 1 ffffffffffe02728 00073703 ld          a4, a4, x0, 0000000000000000                     0
 6481 1 ffffffffffe0272c fe0702e3 beq         , a4, x0, 00000000ffffffe4        
 6482 1 ffffffffffe02710 000017b7 lui         a5, x0, x0, 0000000000001000                  1000
 6483 1 ffffffffffe02714 00fc0c33 add         s8, s8, a5, 0000000000000000                 3b000
 6484 1 ffffffffffe02718 0d3c0263 beq         , s8, s3, 00000000000000c4        
 6485 1 ffffffffffe0271c 00cc5793 srli        a5, s8, x0, 000000000000000c                    3b
 6486 1 ffffffffffe02720 00479413 slli        s0, a5, x0, 0000000000000004                   3b0
 6487 1 ffffffffffe02724 00848733 add         a4, s1, s0, 0000000000000000      ffffffffffe033b0
 6488 1 ffffffffffe02728 00073703 ld          a4, a4, x0, 0000000000000000                     0
 6489 1 ffffffffffe0272c fe0702e3 beq         , a4, x0, 00000000ffffffe4        
 6490 1 ffffffffffe02710 000017b7 lui         a5, x0, x0, 0000000000001000                  1000
 6491 1 ffffffffffe02714 00fc0c33 add         s8, s8, a5, 0000000000000000                 3c000
 6492 1 ffffffffffe02718 0d3c0263 beq         , s8, s3, 00000000000000c4        
 6493 1 ffffffffffe0271c 00cc5793 srli        a5, s8, x0, 000000000000000c                    3c
 6494 1 ffffffffffe02720 00479413 slli        s0, a5, x0, 0000000000000004                   3c0
 6495 1 ffffffffffe02724 00848733 add         a4, s1, s0, 0000000000000000      ffffffffffe033c0
 6496 1 ffffffffffe02728 00073703 ld          a4, a4, x0, 0000000000000000                     0
 6497 1 ffffffffffe0272c fe0702e3 beq         , a4, x0, 00000000ffffffe4        
 6498 1 ffffffffffe02710 000017b7 lui         a5, x0, x0, 0000000000001000                  1000
 6499 1 ffffffffffe02714 00fc0c33 add         s8, s8, a5, 0000000000000000                 3d000
 6500 1 ffffffffffe02718 0d3c0263 beq         , s8, s3, 00000000000000c4        
 6501 1 ffffffffffe0271c 00cc5793 srli        a5, s8, x0, 000000000000000c                    3d
 6502 1 ffffffffffe02720 00479413 slli        s0, a5, x0, 0000000000000004                   3d0
 6503 1 ffffffffffe02724 00848733 add         a4, s1, s0, 0000000000000000      ffffffffffe033d0
 6504 1 ffffffffffe02728 00073703 ld          a4, a4, x0, 0000000000000000                     0
 6505 1 ffffffffffe0272c fe0702e3 beq         , a4, x0, 00000000ffffffe4        
 6506 1 ffffffffffe02710 000017b7 lui         a5, x0, x0, 0000000000001000                  1000
 6507 1 ffffffffffe02714 00fc0c33 add         s8, s8, a5, 0000000000000000                 3e000
 6508 1 ffffffffffe02718 0d3c0263 beq         , s8, s3, 00000000000000c4        
 6509 1 ffffffffffe0271c 00cc5793 srli        a5, s8, x0, 000000000000000c                    3e
 6510 1 ffffffffffe02720 00479413 slli        s0, a5, x0, 0000000000000004                   3e0
 6511 1 ffffffffffe02724 00848733 add         a4, s1, s0, 0000000000000000      ffffffffffe033e0
 6512 1 ffffffffffe02728 00073703 ld          a4, a4, x0, 0000000000000000                     0
 6513 1 ffffffffffe0272c fe0702e3 beq         , a4, x0, 00000000ffffffe4        
 6514 1 ffffffffffe02710 000017b7 lui         a5, x0, x0, 0000000000001000                  1000
 6515 1 ffffffffffe02714 00fc0c33 add         s8, s8, a5, 0000000000000000                 3f000
 6516 1 ffffffffffe02718 0d3c0263 beq         , s8, s3, 00000000000000c4        
 6517 1 ffffffffffe027dc 00090513 addi        a0, s2, x0, 0000000000000000                     1
 6518 1 ffffffffffe027e0 ac5ff0ef jal         ra, x0, x0, 00000000fffffac4      ffffffffffe027e4
 6519 1 ffffffffffe022a4 fffff717 auipc       a4, x0, x0, 00000000fffff000      ffffffffffe012a4
 6520 1 ffffffffffe022a8 d5c70713 addi        a4, a4, x0, 00000000fffffd5c      ffffffffffe01000
 6521 1 ffffffffffe022ac 00073783 ld          a5, a4, x0, 0000000000000000                     0
 6522 1 ffffffffffe022b0 00078a63 beq         , a5, x0, 0000000000000014        
 6523 1 ffffffffffe022c4 00a73023 sd          , a4, a0, 0000000000000000        
Test Passed
