=== cosim 'tiny128' (mem=2048MiB fw=../workloads/ubuntu/fw_payload.bin dtb=../workloads/gb5/gb5.dtb@+2000000 initrd=../workloads/gb5/img.Geekbench5.cpio@+16270e00 a1=82000000) ===
[cosim-linux: loaded 25064456 bytes @ DDR+0000000000000000 (391633 lines)]
[cosim-linux: loaded 1807 bytes @ DDR+0000000002000000 (29 lines)]
[cosim-linux: loaded 164164096 bytes @ DDR+0000000016270e00 (2565064 lines)]
[c=0]
cosim: loaded 25064456 bytes @ DDR+0 (../workloads/ubuntu/fw_payload.bin)
cosim: loaded 1807 bytes @ DDR+2000000 (../workloads/gb5/gb5.dtb)
cosim: loaded 164164096 bytes @ DDR+16270e00 (../workloads/gb5/img.Geekbench5.cpio)
cosim: simmerv ready (reset_pc=0000000080000000, linux)
cosim: 1 retirements ok (pc=0000000080000000)
[c=1000000]
cosim: 1000000 retirements ok (pc=000000008001959e)

MMIO-DIVERGE#0 pc=0x80018596 pa=0x10000005 sz=1 model=0x60 dut=0x0
MMIO-DIVERGE#1 pc=0x80018596 pa=0x10000005 sz=1 model=0x60 dut=0x0
OMMIO-DIVERGE#2 pc=0x80018596 pa=0x10000005 sz=1 model=0x60 dut=0x0
MMIO-DIVERGE#3 pc=0x80018596 pa=0x10000005 sz=1 model=0x60 dut=0x0
MMIO-DIVERGE#4 pc=0x80018596 pa=0x10000005 sz=1 model=0x60 dut=0x0
MMIO-DIVERGE#5 pc=0x80018596 pa=0x10000005 sz=1 model=0x60 dut=0x0
pMMIO-DIVERGE#6 pc=0x80018596 pa=0x10000005 sz=1 model=0x60 dut=0x0
MMIO-DIVERGE#7 pc=0x80018596 pa=0x10000005 sz=1 model=0x60 dut=0x0
MMIO-DIVERGE#8 pc=0x80018596 pa=0x10000005 sz=1 model=0x60 dut=0x0
MMIO-DIVERGE#9 pc=0x80018596 pa=0x10000005 sz=1 model=0x60 dut=0x0
MMIO-DIVERGE#10 pc=0x80018596 pa=0x10000005 sz=1 model=0x60 dut=0x0
eMMIO-DIVERGE#11 pc=0x80018596 pa=0x10000005 sz=1 model=0x60 dut=0x0
MMIO-DIVERGE#12 pc=0x80018596 pa=0x10000005 sz=1 model=0x60 dut=0x0
MMIO-DIVERGE#13 pc=0x80018596 pa=0x10000005 sz=1 model=0x60 dut=0x0
MMIO-DIVERGE#14 pc=0x80018596 pa=0x10000005 sz=1 model=0x60 dut=0x0
nMMIO-DIVERGE#15 pc=0x80018596 pa=0x10000005 sz=1 model=0x60 dut=0x0
MMIO-DIVERGE#16 pc=0x80018596 pa=0x10000005 sz=1 model=0x60 dut=0x0
MMIO-DIVERGE#17 pc=0x80018596 pa=0x10000005 sz=1 model=0x60 dut=0x0
MMIO-DIVERGE#18 pc=0x80018596 pa=0x10000005 sz=1 model=0x60 dut=0x0
MMIO-DIVERGE#19 pc=0x80018596 pa=0x10000005 sz=1 model=0x60 dut=0x0
SMMIO-DIVERGE#20 pc=0x80018596 pa=0x10000005 sz=1 model=0x60 dut=0x0
MMIO-DIVERGE#21 pc=0x80018596 pa=0x10000005 sz=1 model=0x60 dut=0x0
MMIO-DIVERGE#22 pc=0x80018596 pa=0x10000005 sz=1 model=0x60 dut=0x0
MMIO-DIVERGE#23 pc=0x80018596 pa=0x10000005 sz=1 model=0x60 dut=0x0
BMMIO-DIVERGE#24 pc=0x80018596 pa=0x10000005 sz=1 model=0x60 dut=0x0
MMIO-DIVERGE#25 pc=0x80018596 pa=0x10000005 sz=1 model=0x60 dut=0x0
MMIO-DIVERGE#26 pc=0x80018596 pa=0x10000005 sz=1 model=0x60 dut=0x0
MMIO-DIVERGE#27 pc=0x80018596 pa=0x10000005 sz=1 model=0x60 dut=0x0
MMIO-DIVERGE#28 pc=0x80018596 pa=0x10000005 sz=1 model=0x60 dut=0x0
IMMIO-DIVERGE#29 pc=0x80018596 pa=0x10000005 sz=1 model=0x60 dut=0x0
MMIO-DIVERGE#30 pc=0x80018596 pa=0x10000005 sz=1 model=0x60 dut=0x0
MMIO-DIVERGE#31 pc=0x80018596 pa=0x10000005 sz=1 model=0x60 dut=0x0
MMIO-DIVERGE#32 pc=0x80018596 pa=0x10000005 sz=1 model=0x60 dut=0x0
 MMIO-DIVERGE#33 pc=0x80018596 pa=0x10000005 sz=1 model=0x60 dut=0x0
MMIO-DIVERGE#34 pc=0x80018596 pa=0x10000005 sz=1 model=0x60 dut=0x0
MMIO-DIVERGE#35 pc=0x80018596 pa=0x10000005 sz=1 model=0x60 dut=0x0
MMIO-DIVERGE#36 pc=0x80018596 pa=0x10000005 sz=1 model=0x60 dut=0x0
MMIO-DIVERGE#37 pc=0x80018596 pa=0x10000005 sz=1 model=0x60 dut=0x0
vMMIO-DIVERGE#38 pc=0x80018596 pa=0x10000005 sz=1 model=0x60 dut=0x0
MMIO-DIVERGE#39 pc=0x80018596 pa=0x10000005 sz=1 model=0x60 dut=0x0
MMIO-DIVERGE#40 pc=0x80018596 pa=0x10000005 sz=1 model=0x60 dut=0x0
MMIO-DIVERGE#41 pc=0x80018596 pa=0x10000005 sz=1 model=0x60 dut=0x0
1MMIO-DIVERGE#42 pc=0x80018596 pa=0x10000005 sz=1 model=0x60 dut=0x0
MMIO-DIVERGE#43 pc=0x80018596 pa=0x10000005 sz=1 model=0x60 dut=0x0
MMIO-DIVERGE#44 pc=0x80018596 pa=0x10000005 sz=1 model=0x60 dut=0x0
MMIO-DIVERGE#45 pc=0x80018596 pa=0x10000005 sz=1 model=0x60 dut=0x0
MMIO-DIVERGE#46 pc=0x80018596 pa=0x10000005 sz=1 model=0x60 dut=0x0
.MMIO-DIVERGE#47 pc=0x80018596 pa=0x10000005 sz=1 model=0x60 dut=0x0
MMIO-DIVERGE#48 pc=0x80018596 pa=0x10000005 sz=1 model=0x60 dut=0x0
MMIO-DIVERGE#49 pc=0x80018596 pa=0x10000005 sz=1 model=0x60 dut=0x0
MMIO-DIVERGE#50 pc=0x80018596 pa=0x10000005 sz=1 model=0x60 dut=0x0
8MMIO-DIVERGE#51 pc=0x80018596 pa=0x10000005 sz=1 model=0x60 dut=0x0
MMIO-DIVERGE#52 pc=0x80018596 pa=0x10000005 sz=1 model=0x60 dut=0x0
MMIO-DIVERGE#53 pc=0x80018596 pa=0x10000005 sz=1 model=0x60 dut=0x0
MMIO-DIVERGE#54 pc=0x80018596 pa=0x10000005 sz=1 model=0x60 dut=0x0
.MMIO-DIVERGE#55 pc=0x80018596 pa=0x10000005 sz=1 model=0x60 dut=0x0
MMIO-DIVERGE#56 pc=0x80018596 pa=0x10000005 sz=1 model=0x60 dut=0x0
MMIO-DIVERGE#57 pc=0x80018596 pa=0x10000005 sz=1 model=0x60 dut=0x0
MMIO-DIVERGE#58 pc=0x80018596 pa=0x10000005 sz=1 model=0x60 dut=0x0
MMIO-DIVERGE#59 pc=0x80018596 pa=0x10000005 sz=1 model=0x60 dut=0x0
1MMIO-DIVERGE#60 pc=0x80018596 pa=0x10000005 sz=1 model=0x60 dut=0x0
MMIO-DIVERGE#61 pc=0x80018596 pa=0x10000005 sz=1 model=0x60 dut=0x0
MMIO-DIVERGE#62 pc=0x80018596 pa=0x10000005 sz=1 model=0x60 dut=0x0
MMIO-DIVERGE#63 pc=0x80018596 pa=0x10000005 sz=1 model=0x60 dut=0x0
MMIO-DIVERGE#64 pc=0x80018596 pa=0x10000005 sz=1 model=0x60 dut=0x0
MMIO-DIVERGE#65 pc=0x80018596 pa=0x10000005 sz=1 model=0x60 dut=0x0
MMIO-DIVERGE#66 pc=0x80018596 pa=0x10000005 sz=1 model=0x60 dut=0x0
MMIO-DIVERGE#67 pc=0x80018596 pa=0x10000005 sz=1 model=0x60 dut=0x0
MMIO-DIVERGE#68 pc=0x80018596 pa=0x10000005 sz=1 model=0x60 dut=0x0

  MMIO-DIVERGE#69 pc=0x80018596 pa=0x10000005 sz=1 model=0x60 dut=0x0
MMIO-DIVERGE#70 pc=0x80018596 pa=0x10000005 sz=1 model=0x60 dut=0x0
 MMIO-DIVERGE#71 pc=0x80018596 pa=0x10000005 sz=1 model=0x60 dut=0x0
MMIO-DIVERGE#72 pc=0x80018596 pa=0x10000005 sz=1 model=0x60 dut=0x0
MMIO-DIVERGE#73 pc=0x80018596 pa=0x10000005 sz=1 model=0x60 dut=0x0
MMIO-DIVERGE#74 pc=0x80018596 pa=0x10000005 sz=1 model=0x60 dut=0x0
_MMIO-DIVERGE#75 pc=0x80018596 pa=0x10000005 sz=1 model=0x60 dut=0x0
MMIO-DIVERGE#76 pc=0x80018596 pa=0x10000005 sz=1 model=0x60 dut=0x0
MMIO-DIVERGE#77 pc=0x80018596 pa=0x10000005 sz=1 model=0x60 dut=0x0
MMIO-DIVERGE#78 pc=0x80018596 pa=0x10000005 sz=1 model=0x60 dut=0x0
MMIO-DIVERGE#79 pc=0x80018596 pa=0x10000005 sz=1 model=0x60 dut=0x0
_MMIO-DIVERGE#80 pc=0x80018596 pa=0x10000005 sz=1 model=0x60 dut=0x0
MMIO-DIVERGE#81 pc=0x80018596 pa=0x10000005 sz=1 model=0x60 dut=0x0
MMIO-DIVERGE#82 pc=0x80018596 pa=0x10000005 sz=1 model=0x60 dut=0x0
MMIO-DIVERGE#83 pc=0x80018596 pa=0x10000005 sz=1 model=0x60 dut=0x0
_MMIO-DIVERGE#84 pc=0x80018596 pa=0x10000005 sz=1 model=0x60 dut=0x0
MMIO-DIVERGE#85 pc=0x80018596 pa=0x10000005 sz=1 model=0x60 dut=0x0
MMIO-DIVERGE#86 pc=0x80018596 pa=0x10000005 sz=1 model=0x60 dut=0x0
MMIO-DIVERGE#87 pc=0x80018596 pa=0x10000005 sz=1 model=0x60 dut=0x0
MMIO-DIVERGE#88 pc=0x80018596 pa=0x10000005 sz=1 model=0x60 dut=0x0
_MMIO-DIVERGE#89 pc=0x80018596 pa=0x10000005 sz=1 model=0x60 dut=0x0
MMIO-DIVERGE#90 pc=0x80018596 pa=0x10000005 sz=1 model=0x60 dut=0x0
MMIO-DIVERGE#91 pc=0x80018596 pa=0x10000005 sz=1 model=0x60 dut=0x0
MMIO-DIVERGE#92 pc=0x80018596 pa=0x10000005 sz=1 model=0x60 dut=0x0
 MMIO-DIVERGE#93 pc=0x80018596 pa=0x10000005 sz=1 model=0x60 dut=0x0
MMIO-DIVERGE#94 pc=0x80018596 pa=0x10000005 sz=1 model=0x60 dut=0x0
MMIO-DIVERGE#95 pc=0x80018596 pa=0x10000005 sz=1 model=0x60 dut=0x0
MMIO-DIVERGE#96 pc=0x80018596 pa=0x10000005 sz=1 model=0x60 dut=0x0
MMIO-DIVERGE#97 pc=0x80018596 pa=0x10000005 sz=1 model=0x60 dut=0x0
 MMIO-DIVERGE#98 pc=0x80018596 pa=0x10000005 sz=1 model=0x60 dut=0x0
MMIO-DIVERGE#99 pc=0x80018596 pa=0x10000005 sz=1 model=0x60 dut=0x0
MMIO-DIVERGE#100 pc=0x80018596 pa=0x10000005 sz=1 model=0x60 dut=0x0
MMIO-DIVERGE#101 pc=0x80018596 pa=0x10000005 sz=1 model=0x60 dut=0x0
 MMIO-DIVERGE#102 pc=0x80018596 pa=0x10000005 sz=1 model=0x60 dut=0x0
MMIO-DIVERGE#103 pc=0x80018596 pa=0x10000005 sz=1 model=0x60 dut=0x0
MMIO-DIVERGE#104 pc=0x80018596 pa=0x10000005 sz=1 model=0x60 dut=0x0
MMIO-DIVERGE#105 pc=0x80018596 pa=0x10000005 sz=1 model=0x60 dut=0x0
MMIO-DIVERGE#106 pc=0x80018596 pa=0x10000005 sz=1 model=0x60 dut=0x0
 MMIO-DIVERGE#107 pc=0x80018596 pa=0x10000005 sz=1 model=0x60 dut=0x0
MMIO-DIVERGE#108 pc=0x80018596 pa=0x10000005 sz=1 model=0x60 dut=0x0
MMIO-DIVERGE#109 pc=0x80018596 pa=0x10000005 sz=1 model=0x60 dut=0x0
MMIO-DIVERGE#110 pc=0x80018596 pa=0x10000005 sz=1 model=0x60 dut=0x0
 MMIO-DIVERGE#111 pc=0x80018596 pa=0x10000005 sz=1 model=0x60 dut=0x0
MMIO-DIVERGE#112 pc=0x80018596 pa=0x10000005 sz=1 model=0x60 dut=0x0
MMIO-DIVERGE#113 pc=0x80018596 pa=0x10000005 sz=1 model=0x60 dut=0x0
MMIO-DIVERGE#114 pc=0x80018596 pa=0x10000005 sz=1 model=0x60 dut=0x0
MMIO-DIVERGE#115 pc=0x80018596 pa=0x10000005 sz=1 model=0x60 dut=0x0
 MMIO-DIVERGE#116 pc=0x80018596 pa=0x10000005 sz=1 model=0x60 dut=0x0
MMIO-DIVERGE#117 pc=0x80018596 pa=0x10000005 sz=1 model=0x60 dut=0x0
MMIO-DIVERGE#118 pc=0x80018596 pa=0x10000005 sz=1 model=0x60 dut=0x0
MMIO-DIVERGE#119 pc=0x80018596 pa=0x10000005 sz=1 model=0x60 dut=0x0
 MMIO-DIVERGE#120 pc=0x80018596 pa=0x10000005 sz=1 model=0x60 dut=0x0
MMIO-DIVERGE#121 pc=0x80018596 pa=0x10000005 sz=1 model=0x60 dut=0x0
MMIO-DIVERGE#122 pc=0x80018596 pa=0x10000005 sz=1 model=0x60 dut=0x0
MMIO-DIVERGE#123 pc=0x80018596 pa=0x10000005 sz=1 model=0x60 dut=0x0
MMIO-DIVERGE#124 pc=0x80018596 pa=0x10000005 sz=1 model=0x60 dut=0x0
 MMIO-DIVERGE#125 pc=0x80018596 pa=0x10000005 sz=1 model=0x60 dut=0x0
MMIO-DIVERGE#126 pc=0x80018596 pa=0x10000005 sz=1 model=0x60 dut=0x0
MMIO-DIVERGE#127 pc=0x80018596 pa=0x10000005 sz=1 model=0x60 dut=0x0
MMIO-DIVERGE#128 pc=0x80018596 pa=0x10000005 sz=1 model=0x60 dut=0x0
 MMIO-DIVERGE#129 pc=0x80018596 pa=0x10000005 sz=1 model=0x60 dut=0x0
MMIO-DIVERGE#130 pc=0x80018596 pa=0x10000005 sz=1 model=0x60 dut=0x0
MMIO-DIVERGE#131 pc=0x80018596 pa=0x10000005 sz=1 model=0x60 dut=0x0
MMIO-DIVERGE#132 pc=0x80018596 pa=0x10000005 sz=1 model=0x60 dut=0x0
MMIO-DIVERGE#133 pc=0x80018596 pa=0x10000005 sz=1 model=0x60 dut=0x0
 MMIO-DIVERGE#134 pc=0x80018596 pa=0x10000005 sz=1 model=0x60 dut=0x0
MMIO-DIVERGE#135 pc=0x80018596 pa=0x10000005 sz=1 model=0x60 dut=0x0
MMIO-DIVERGE#136 pc=0x80018596 pa=0x10000005 sz=1 model=0x60 dut=0x0
MMIO-DIVERGE#137 pc=0x80018596 pa=0x10000005 sz=1 model=0x60 dut=0x0
 MMIO-DIVERGE#138 pc=0x80018596 pa=0x10000005 sz=1 model=0x60 dut=0x0
MMIO-DIVERGE#139 pc=0x80018596 pa=0x10000005 sz=1 model=0x60 dut=0x0
MMIO-DIVERGE#140 pc=0x80018596 pa=0x10000005 sz=1 model=0x60 dut=0x0
MMIO-DIVERGE#141 pc=0x80018596 pa=0x10000005 sz=1 model=0x60 dut=0x0
 MMIO-DIVERGE#142 pc=0x80018596 pa=0x10000005 sz=1 model=0x60 dut=0x0
MMIO-DIVERGE#143 pc=0x80018596 pa=0x10000005 sz=1 model=0x60 dut=0x0
MMIO-DIVERGE#144 pc=0x80018596 pa=0x10000005 sz=1 model=0x60 dut=0x0
MMIO-DIVERGE#145 pc=0x80018596 pa=0x10000005 sz=1 model=0x60 dut=0x0
MMIO-DIVERGE#146 pc=0x80018596 pa=0x10000005 sz=1 model=0x60 dut=0x0
 MMIO-DIVERGE#147 pc=0x80018596 pa=0x10000005 sz=1 model=0x60 dut=0x0
MMIO-DIVERGE#148 pc=0x80018596 pa=0x10000005 sz=1 model=0x60 dut=0x0
MMIO-DIVERGE#149 pc=0x80018596 pa=0x10000005 sz=1 model=0x60 dut=0x0
MMIO-DIVERGE#150 pc=0x80018596 pa=0x10000005 sz=1 model=0x60 dut=0x0
 MMIO-DIVERGE#151 pc=0x80018596 pa=0x10000005 sz=1 model=0x60 dut=0x0
MMIO-DIVERGE#152 pc=0x80018596 pa=0x10000005 sz=1 model=0x60 dut=0x0
MMIO-DIVERGE#153 pc=0x80018596 pa=0x10000005 sz=1 model=0x60 dut=0x0
MMIO-DIVERGE#154 pc=0x80018596 pa=0x10000005 sz=1 model=0x60 dut=0x0
MMIO-DIVERGE#155 pc=0x80018596 pa=0x10000005 sz=1 model=0x60 dut=0x0
 MMIO-DIVERGE#156 pc=0x80018596 pa=0x10000005 sz=1 model=0x60 dut=0x0
MMIO-DIVERGE#157 pc=0x80018596 pa=0x10000005 sz=1 model=0x60 dut=0x0
MMIO-DIVERGE#158 pc=0x80018596 pa=0x10000005 sz=1 model=0x60 dut=0x0
MMIO-DIVERGE#159 pc=0x80018596 pa=0x10000005 sz=1 model=0x60 dut=0x0
 MMIO-DIVERGE#160 pc=0x80018596 pa=0x10000005 sz=1 model=0x60 dut=0x0
MMIO-DIVERGE#161 pc=0x80018596 pa=0x10000005 sz=1 model=0x60 dut=0x0
MMIO-DIVERGE#162 pc=0x80018596 pa=0x10000005 sz=1 model=0x60 dut=0x0
MMIO-DIVERGE#163 pc=0x80018596 pa=0x10000005 sz=1 model=0x60 dut=0x0
MMIO-DIVERGE#164 pc=0x80018596 pa=0x10000005 sz=1 model=0x60 dut=0x0
 MMIO-DIVERGE#165 pc=0x80018596 pa=0x10000005 sz=1 model=0x60 dut=0x0
MMIO-DIVERGE#166 pc=0x80018596 pa=0x10000005 sz=1 model=0x60 dut=0x0
MMIO-DIVERGE#167 pc=0x80018596 pa=0x10000005 sz=1 model=0x60 dut=0x0
MMIO-DIVERGE#168 pc=0x80018596 pa=0x10000005 sz=1 model=0x60 dut=0x0
 MMIO-DIVERGE#169 pc=0x80018596 pa=0x10000005 sz=1 model=0x60 dut=0x0
MMIO-DIVERGE#170 pc=0x80018596 pa=0x10000005 sz=1 model=0x60 dut=0x0
MMIO-DIVERGE#171 pc=0x80018596 pa=0x10000005 sz=1 model=0x60 dut=0x0
MMIO-DIVERGE#172 pc=0x80018596 pa=0x10000005 sz=1 model=0x60 dut=0x0
MMIO-DIVERGE#173 pc=0x80018596 pa=0x10000005 sz=1 model=0x60 dut=0x0
 MMIO-DIVERGE#174 pc=0x80018596 pa=0x10000005 sz=1 model=0x60 dut=0x0
MMIO-DIVERGE#175 pc=0x80018596 pa=0x10000005 sz=1 model=0x60 dut=0x0
MMIO-DIVERGE#176 pc=0x80018596 pa=0x10000005 sz=1 model=0x60 dut=0x0
MMIO-DIVERGE#177 pc=0x80018596 pa=0x10000005 sz=1 model=0x60 dut=0x0
 MMIO-DIVERGE#178 pc=0x80018596 pa=0x10000005 sz=1 model=0x60 dut=0x0
MMIO-DIVERGE#179 pc=0x80018596 pa=0x10000005 sz=1 model=0x60 dut=0x0
MMIO-DIVERGE#180 pc=0x80018596 pa=0x10000005 sz=1 model=0x60 dut=0x0
MMIO-DIVERGE#181 pc=0x80018596 pa=0x10000005 sz=1 model=0x60 dut=0x0
MMIO-DIVERGE#182 pc=0x80018596 pa=0x10000005 sz=1 model=0x60 dut=0x0
_MMIO-DIVERGE#183 pc=0x80018596 pa=0x10000005 sz=1 model=0x60 dut=0x0
MMIO-DIVERGE#184 pc=0x80018596 pa=0x10000005 sz=1 model=0x60 dut=0x0
MMIO-DIVERGE#185 pc=0x80018596 pa=0x10000005 sz=1 model=0x60 dut=0x0
MMIO-DIVERGE#186 pc=0x80018596 pa=0x10000005 sz=1 model=0x60 dut=0x0
_MMIO-DIVERGE#187 pc=0x80018596 pa=0x10000005 sz=1 model=0x60 dut=0x0
MMIO-DIVERGE#188 pc=0x80018596 pa=0x10000005 sz=1 model=0x60 dut=0x0
MMIO-DIVERGE#189 pc=0x80018596 pa=0x10000005 sz=1 model=0x60 dut=0x0
MMIO-DIVERGE#190 pc=0x80018596 pa=0x10000005 sz=1 model=0x60 dut=0x0
MMIO-DIVERGE#191 pc=0x80018596 pa=0x10000005 sz=1 model=0x60 dut=0x0
_MMIO-DIVERGE#192 pc=0x80018596 pa=0x10000005 sz=1 model=0x60 dut=0x0
MMIO-DIVERGE#193 pc=0x80018596 pa=0x10000005 sz=1 model=0x60 dut=0x0
MMIO-DIVERGE#194 pc=0x80018596 pa=0x10000005 sz=1 model=0x60 dut=0x0
MMIO-DIVERGE#195 pc=0x80018596 pa=0x10000005 sz=1 model=0x60 dut=0x0
_MMIO-DIVERGE#196 pc=0x80018596 pa=0x10000005 sz=1 model=0x60 dut=0x0
MMIO-DIVERGE#197 pc=0x80018596 pa=0x10000005 sz=1 model=0x60 dut=0x0
MMIO-DIVERGE#198 pc=0x80018596 pa=0x10000005 sz=1 model=0x60 dut=0x0
MMIO-DIVERGE#199 pc=0x80018596 pa=0x10000005 sz=1 model=0x60 dut=0x0
_ __[c=2000000]
__ _____
  / __ \                  / ____|  _ \_   _|
 | |  | |_ __   ___ _ __ | (___ | |_) || |
 | |  | | '_ \ / _ \ '_ \ \___ \|  _ < | |
 | |__| | |_) |  __/ | | |____) | |_) || |_
  \____/| .__/ \___|_| |_|_____/|____/_____|
        | |
        |_|

cosim: 2000000 retirements ok (pc=0000000080019592)
[c=3000000]
[c=4000000]
cosim: 3000000 retirements ok (pc=0000000080019670)
[c=5000000]
cosim: 4000000 retirements ok (pc=000000008001952a)
[c=6000000]
cosim: 5000000 retirements ok (pc=0000000080019690)
Platform Name               : SmolRV64 gb5 2 GiB
Platform Features           : medeleg
Platform HART Count         : 1
Platform HART Protection    : ---
Platform IPI Device         : aclint-mswi
Platform Timer Device       : aclint-mtimer @ 100000Hz
Platform Console Device     : uart8250
Platform HSM Device         : ---
Platform PMU Device         : ---
Platform Reboot Device      : ---
Platform Shutdown Device    : ---
Platform Suspend Device     : ---
Platform CPPC Device        : ---
Firmware Base               : 0x80000000
Firmware Size               : 321 KB
Firmware RW Offset          : 0x40000
Firmware RW Size            : 65 KB
Firmware Heap Offset        : 0x47000
Firmware Heap Size [c=7000000]
         : 37 KB (total), 0 KB (reserved), 12 KB (used), 23 KB (free)
Firmware Scratch Size       : 4096 B (total), 424 B (used), 3672 B (free)
Runtime SBI Version         : 3.0
Standard SBI Extensions     : ipi,pmu,sse,hsm,rfnc,fwft,time,base,legacy,dbcn,dbtr
Experimental SBI Extensions : none

Domain0 Name                : root
Domain0 Boot HART           : 0
Domain0 HARTs               : 0*
Domain0 Region00            : 0x0000000080040000-0x000000008005ffff M: (F,R,W) S/U: ()
Domain0 Region01            : 0x0000000080000000-0x000000008003ffff M: (F,R,X) S/U: ()
Domain0 Region02            : 0x0000000010000000-0x0000000010000fff M: (I,R,W) S/U: (R,W)
Domain0 Region03            : 0x0000000002000000-0x000000000200ffff M: (I,R,W) S/U: ()
Domain0 Region04            : 0x000000000c000000-0x000000000fffffff M: (I,R,W) S/U: (R,W)
Domain0 Region05            : 0x0000000000000000-0xffffffffffffffff M: () S/U: (R,W,X)
Domain0 Next Address        : 0x0000000080200000
Domain0 Next Arg1           : 0x0000000082200000
Domain0 Next Mode           : S-mode
Domain0 SysReset            : yes
Domain0 SysSuspend          : yes

Boot HART ID                : 0
Boot HART Domain            : root
Boot HART Priv Version      : v1.12
Boot HART Base ISA          : rv64imafdc
Boot HART ISA Extensions    : sscofpmf,sstc,zicntr,zihpm,smcntrpmf,sdtrig
Boot HART PMP Count         : 0
Boot HART PMP Granularity   : 0 bits
Boot HART PMP Address Bits  : 0
Boot HART MHPM Info         : 13 (0x0000fff8)
Boot HART Debug Triggers    : 1 triggers
Boot HART MIDELEG           : 0x0000000000002222
Boot HART MEDELEG           : 0x000000000004b109
[c=8000000]
cosim: 6000000 retirements ok (pc=ffffffff808bd8dc)
[c=9000000]
[c=10000000]
cosim: 7000000 retirements ok (pc=ffffffff8049ad12)
[c=11000000]
cosim: 8000000 retirements ok (pc=ffffffff8019e864)
[c=12000000]
[c=13000000]
cosim: 9000000 retirements ok (pc=ffffffff8049ae88)
[c=14000000]
cosim: 10000000 retirements ok (pc=ffffffff8019e57e)
[c=15000000]
[c=16000000]
cosim: 11000000 retirements ok (pc=ffffffff808da65e)
[    0.000000] Linux version 7.1.0 (tommy@coffee) (riscv64-linux-gnu-gcc (Ubuntu 15.2.0-16ubuntu1) 15.2.0, GNU ld (GNU Binutils for Ubuntu) 2.46) #31 PREEMPT Sun Jun 28 15:03:59 PDT 2026
[    0.000000] random: crng init done
[    0.000000] Machine model: SmolRV64 gb5 2 GiB
[    0.000000] SBI specification v3.0 detected
[    0.000000] SBI implementation ID=0x1 Version=0x10008
[    0.000000] SBI TIME extension detected
[    0.000000] SBI IPI extension detected
[    0.000000] SBI RFENCE extension detected
[    0.000000] SBI DBCN extension detected
[    0.000000] SBI FWFT extension detected
[    0.000000] earlycon: sbi0 at I/O port 0x0 (options '')
[    0.000000] printk: legacy bootconsole [sbi0] enabled
[    0.000000] printk: debug: ignoring loglevel setting.
[c=17000000]
[    0.000000] efi: UEFI not found.
[c=18000000]
[    0.000000] OF: reserved mem: 0x0000000080000000..0x000000008003ffff (256 KiB) nomap non-reusable mmode_resv1@80000000
cosim: 12000000 retirements ok (pc=ffffffff808bd978)
[    0.000000] OF: reserved mem: 0x0000000080040000..0x000000008005ffff (128 KiB) nomap non-reusable mmode_resv0@80040000
[c=19000000]
[    0.000000] riscv: base ISA extensions acdfim
[    0.000000] riscv: ELF capabilities acdfim
[c=20000000]
[    0.000000] Ticket spinlock: enabled
[c=21000000]
[c=22000000]
cosim: 13000000 retirements ok (pc=ffffffff808e2b6c)
[c=23000000]
[c=24000000]
[c=25000000]
[c=26000000]
[c=27000000]
[c=28000000]
[c=29000000]
[c=30000000]
[c=31000000]
[c=32000000]
cosim: 14000000 retirements ok (pc=ffffffff808e2b4c)
[c=33000000]
[c=34000000]
[c=35000000]
[c=36000000]
[c=37000000]
[c=38000000]
[c=39000000]
[c=40000000]
[c=41000000]
[c=42000000]
[    0.00[c=43000000]
0000] Zone ranges:
cosim: 15000000 retirements ok (pc=ffffffff80078960)
[    0.000000]   DMA32    [mem 0x0000000080000000-0x00000000ffefffff]
[    0.000000]   Normal   empty
[    0.000000] Movable zone start for each node
[    0.000000] Early memory node ranges
[    0.000000]   node   0: [mem 0x0000000080000000-0x000000008005ffff]
[    0.000000]   node   0: [mem 0x0000000080060000-0x00000000ffefffff]
[    0.000000] Initmem setup node 0 [mem 0x0000000080000000-0x00000000ffefffff]
[c=44000000]
[c=45000000]
cosim: 16000000 retirements ok (pc=ffffffff80a11b30)
[c=46000000]
[c=47000000]
cosim: 17000000 retirements ok (pc=ffffffff80a115be)
[c=48000000]
[c=49000000]
[c=50000000]
cosim: 18000000 retirements ok (pc=ffffffff80a115de)
[c=51000000]
[c=52000000]
cosim: 19000000 retirements ok (pc=ffffffff80a11a4e)
[c=53000000]
[c=54000000]
[c=55000000]
cosim: 20000000 retirements ok (pc=ffffffff80a11af6)
[c=56000000]
[c=57000000]
cosim: 21000000 retirements ok (pc=ffffffff80a11b1c)
[c=58000000]
[c=59000000]
cosim: 22000000 retirements ok (pc=ffffffff80a11b38)
[c=60000000]
[c=61000000]
[c=62000000]
cosim: 23000000 retirements ok (pc=ffffffff80a11a52)
[c=63000000]
[c=64000000]
cosim: 24000000 retirements ok (pc=ffffffff80a11af8)
[c=65000000]
[c=66000000]
[c=67000000]
cosim: 25000000 retirements ok (pc=ffffffff80a11b1e)
[c=68000000]
[c=69000000]
cosim: 26000000 retirements ok (pc=ffffffff80a115b0)
[c=70000000]
[c=71000000]
[c=72000000]
cosim: 27000000 retirements ok (pc=ffffffff80a115c8)
[c=73000000]
[c=74000000]
cosim: 28000000 retirements ok (pc=ffffffff80a11b54)
[c=75000000]
[c=76000000]
cosim: 29000000 retirements ok (pc=ffffffff80a11a5e)
[c=77000000]
[c=78000000]
[c=79000000]
cosim: 30000000 retirements ok (pc=ffffffff80a11b04)
[c=80000000]
[c=81000000]
cosim: 31000000 retirements ok (pc=ffffffff80a11b26)
[c=82000000]
[c=83000000]
[c=84000000]
cosim: 32000000 retirements ok (pc=ffffffff80a115b6)
[c=85000000]
[c=86000000]
cosim: 33000000 retirements ok (pc=ffffffff80a115d4)
[c=87000000]
[c=88000000]
[c=89000000]
cosim: 34000000 retirements ok (pc=ffffffff80a11b68)
[c=90000000]
[c=91000000]
cosim: 35000000 retirements ok (pc=ffffffff80a11b28)
[c=92000000]
[c=93000000]
cosim: 36000000 retirements ok (pc=ffffffff80a115b8)
[c=94000000]
[c=95000000]
[c=96000000]
cosim: 37000000 retirements ok (pc=ffffffff80a115d8)
[c=97000000]
[c=98000000]
cosim: 38000000 retirements ok (pc=ffffffff80a11a94)
[c=99000000]
[c=100000000]
[c=101000000]
cosim: 39000000 retirements ok (pc=ffffffff80a11aec)
[c=102000000]
[c=103000000]
cosim: 40000000 retirements ok (pc=ffffffff80a11b12)
[c=104000000]
[c=105000000]
[c=106000000]
cosim: 41000000 retirements ok (pc=ffffffff80a11b30)
[c=107000000]
[c=108000000]
cosim: 42000000 retirements ok (pc=ffffffff80a115be)
[c=109000000]
[c=110000000]
cosim: 43000000 retirements ok (pc=ffffffff80a115de)
[c=111000000]
[c=112000000]
[c=113000000]
cosim: 44000000 retirements ok (pc=ffffffff80a11a4e)
[c=114000000]
[c=115000000]
cosim: 45000000 retirements ok (pc=ffffffff80a11af6)
[c=116000000]
[c=117000000]
[c=118000000]
cosim: 46000000 retirements ok (pc=ffffffff80a11b1c)
[c=119000000]
[c=120000000]
cosim: 47000000 retirements ok (pc=ffffffff80a115ae)
[c=121000000]
[c=122000000]
[c=123000000]
cosim: 48000000 retirements ok (pc=ffffffff80a11a52)
[    0.000000] On node 0, zone DMA32: 256 pages in unavailable ranges
[    0.000000] pcpu-alloc: s0 r0 d32768 u32768 alloc=1*32768
[    0.000000] pcpu-alloc: [0] 0 
[    0.000000] Kernel command line: console=ttyS0 earlycon=sbi root=/dev/raw rw ignore_loglevel random.trust_bootloader=on
[c=124000000]
[    0.000000] printk: log buffer data + meta data: 131072 + 458752 = 589824 bytes
[c=125000000]
[c=126000000]
[c=127000000]
[    0.000000] Dentry cache hash table entries: 262144 (order: 9, 2097152 bytes, linear)
[c=128000000]
[    0.000000] Inode-cache hash table entries: 131072 (order: 8, 1048576 bytes, linear)
[    0.000000] Built 1 zonelists, mobility grouping on.  Total pages: 524032
[    0.000000] mem auto-init: stack:all(zero), heap alloc:off, heap free:off
cosim: 49000000 retirements ok (pc=ffffffff80a119fe)
[c=129000000]
[c=130000000]
cosim: 50000000 retirements ok (pc=ffffffff80a15270)
[c=131000000]
[c=132000000]
[c=133000000]
cosim: 51000000 retirements ok (pc=ffffffff80a15362)
[c=134000000]
[c=135000000]
[c=136000000]
cosim: 52000000 retirements ok (pc=ffffffff8020b6ba)
[c=137000000]
[c=138000000]
[c=139000000]
[c=140000000]
cosim: 53000000 retirements ok (pc=ffffffff8020b6b0)
[c=141000000]
[c=142000000]
[c=143000000]
[c=144000000]
cosim: 54000000 retirements ok (pc=ffffffff8020b6c4)
[c=145000000]
[c=146000000]
[c=147000000]
[c=148000000]
cosim: 55000000 retirements ok (pc=ffffffff80a14a46)
[c=149000000]
[c=150000000]
[c=151000000]
cosim: 56000000 retirements ok (pc=ffffffff80a14a5c)
[c=152000000]
[c=153000000]
[c=154000000]
[c=155000000]
cosim: 57000000 retirements ok (pc=ffffffff80a14a4e)
[c=156000000]
[c=157000000]
[c=158000000]
[c=159000000]
cosim: 58000000 retirements ok (pc=ffffffff80a14a5c)
[c=160000000]
[c=161000000]
[c=162000000]
[    0.000000] SLUB: HWalign=64, Order=0-3, MinObjects=0, CPUs=1, Nodes=1
[c=163000000]
cosim: 59000000 retirements ok (pc=ffffffff800ee020)
[c=164000000]
[    0.000000] RCU Tasks: Setting shift to 0 and lim to 1 rcu_task_cb_adjust=1 rcu_task_cpu_ids=1.
[c=165000000]
[c=166000000]
cosim: 60000000 retirements ok (pc=ffffffff800f6554)
[c=167000000]
[c=168000000]
[c=169000000]
cosim: 61000000 retirements ok (pc=ffffffff800f6552)
[c=170000000]
[c=171000000]
[c=172000000]
cosim: 62000000 retirements ok (pc=ffffffff800f6552)
[c=173000000]
[c=174000000]
[c=175000000]
cosim: 63000000 retirements ok (pc=ffffffff800f652a)
[c=176000000]
[c=177000000]
[c=178000000]
cosim: 64000000 retirements ok (pc=ffffffff800f6552)
[c=179000000]
[c=180000000]
[c=181000000]
cosim: 65000000 retirements ok (pc=ffffffff800f6554)
[c=182000000]
[c=183000000]
[c=184000000]
cosim: 66000000 retirements ok (pc=ffffffff808d89e2)
[c=185000000]
[c=186000000]
[c=187000000]
cosim: 67000000 retirements ok (pc=ffffffff800f6554)
[c=188000000]
cosim: 68000000 retirements ok (pc=ffffffff800f6552)
[c=189000000]
cosim: 69000000 retirements ok (pc=ffffffff808e2c90)
[c=190000000]
[c=191000000]
[c=192000000]
cosim: 70000000 retirements ok (pc=ffffffff80219778)
[c=193000000]
[c=194000000]
cosim: 71000000 retirements ok (pc=ffffffff80212f62)
[c=195000000]
[c=196000000]
cosim: 72000000 retirements ok (pc=ffffffff808d89d6)
[    0.000000] NR_IRQS: 64, nr_irqs: 64, preallocated irqs: 0
[    0.000000] riscv-intc: 64 local interrupts mapped
[c=197000000]
[    0.000000] clocksource: riscv_clocksource: mask: 0xffffffffffffffff max_cycles: 0x179dd7f66, max_idle_ns: 28210892933900 ns
[    0.000100] sched_clock: 64 bits at 100kHz, resolution 10000ns, wraps every 35184372085000ns
[    0.003920] riscv-timer: Timer interrupt in S-mode is available via sstc extension
[    0.037470] Console: colour dummy device 80x25
[    0.044410] Calibrating delay loop (skipped), value calculated using timer frequency.. 0.20 BogoMIPS (lpj=1000)
[    0.048980] pid_max: default: 32768 minimum: 301
[c=198000000]
[    0.130290] Mount-cache hash table entries: 4096 (order: 3, 32768 bytes, linear)
[    0.136840] Mountpoint-cache hash table entries: 4096 (order: 3, 32768 bytes, linear)
[c=199000000]
[    0.164720] VFS: Finished mounting rootfs on nullfs
[c=200000000]
cosim: 73000000 retirements ok (pc=ffffffff80059eb2)
[c=201000000]
[    0.324620] ASID allocator using 10 bits (1024 entries)
[    0.368700] EFI services will not be available.
[c=202000000]
[    0.377500] Memory: 1856752K/2096128K available (9136K kernel code, 5791K rwdata, 4096K rodata, 2301K init, 360K bss, 237588K reserved, 0K cma-reserved)
[    0.440910] devtmpfs: initialized
[c=203000000]
cosim: 74000000 retirements ok (pc=ffffffff808eb3c0)
[c=204000000]
[    0.571700] clocksource: jiffies: mask: 0xffffffff max_cycles: 0xffffffff, max_idle_ns: 19112604462750000 ns
[    0.579290] posixtimers hash table entries: 512 (order: 0, 4096 bytes, linear)
[    0.584870] futex hash table entries: 256 (8192 bytes on 1 NUMA nodes, total 8 KiB, linear).
[c=205000000]
[    0.626260] DMI: not present or invalid.
[    0.653920] NET: Registered PF_NETLINK/PF_ROUTE protocol family
[c=206000000]
[    0.673430] DMA: preallocated 256 KiB GFP_KERNEL|GFP_DMA32 pool for atomic allocations
[    0.679260] audit: initializing netlink subsys (disabled)
[    0.704380] audit: type=2000 audit(0.630:1): state=initialized audit_enabled=0 res=1
cosim: 75000000 retirements ok (pc=ffffffff808eb3f2)
[    0.729070] cpuidle: using governor menu
[c=207000000]
[c=208000000]
[c=209000000]
cosim: 76000000 retirements ok (pc=ffffffff800ae850)
[    0.944630] HugeTLB: registered 2.00 MiB page size, pre-allocated 0 pages
[    0.947890] HugeTLB: 28 KiB vmemmap can be freed for a 2.00 MiB page
[c=210000000]
[c=211000000]
cosim: 77000000 retirements ok (pc=ffffffff800f77e6)
[c=212000000]
[c=213000000]
[c=214000000]
[    1.278320] SCSI subsystem initialized
cosim: 78000000 retirements ok (pc=ffffffff800f7758)
[c=215000000]
[    1.361810] Advanced Linux Sound Architecture Driver Initialized.
[c=216000000]
cosim: 79000000 retirements ok (pc=ffffffff808d89bc)
[c=217000000]
[c=218000000]
cosim: 80000000 retirements ok (pc=ffffffff808e2d24)
[c=219000000]
[    1.660680] clocksource: Switched to clocksource riscv_clocksource
[c=220000000]
[c=221000000]
cosim: 81000000 retirements ok (pc=ffffffff800af5b4)
[c=222000000]
[c=223000000]
cosim: 82000000 retirements ok (pc=ffffffff800f7728)
[c=224000000]
[c=225000000]
[c=226000000]
cosim: 83000000 retirements ok (pc=ffffffff80023ce6)
[c=227000000]
[c=228000000]
[c=229000000]
cosim: 84000000 retirements ok (pc=ffffffff800f769e)
[c=230000000]
[c=231000000]
[c=232000000]
cosim: 85000000 retirements ok (pc=ffffffff808e2be8)
[c=233000000]
[c=234000000]
cosim: 86000000 retirements ok (pc=ffffffff8026e922)
[c=235000000]
[c=236000000]
[c=237000000]
cosim: 87000000 retirements ok (pc=ffffffff802e4b60)
[c=238000000]
[c=239000000]
[c=240000000]
cosim: 88000000 retirements ok (pc=ffffffff808de154)
[c=241000000]
[c=242000000]
cosim: 89000000 retirements ok (pc=ffffffff800f76c6)
[c=243000000]
[c=244000000]
[c=245000000]
cosim: 90000000 retirements ok (pc=ffffffff808e682e)
[c=246000000]
[c=247000000]
cosim: 91000000 retirements ok (pc=ffffffff808e6efa)
[c=248000000]
[c=249000000]
[    3.909330] NET: Registered PF_INET protocol family
[c=250000000]
[    3.985290] IP idents hash table entries: 32768 (order: 6, 262144 bytes, linear)
cosim: 92000000 retirements ok (pc=ffffffff804ae69e)
[c=251000000]
[c=252000000]
cosim: 93000000 retirements ok (pc=ffffffff80057482)
[c=253000000]
[c=254000000]
cosim: 94000000 retirements ok (pc=ffffffff8005834a)
[c=255000000]
[c=256000000]
cosim: 95000000 retirements ok (pc=ffffffff804ae4c0)
[c=257000000]
[c=258000000]
cosim: 96000000 retirements ok (pc=ffffffff800f76ae)
[c=259000000]
cosim: 97000000 retirements ok (pc=ffffffff800f77f8)
[c=260000000]
[c=261000000]
cosim: 98000000 retirements ok (pc=ffffffff808e2be4)
[c=262000000]
cosim: 99000000 retirements ok (pc=ffffffff800f77e0)
[c=263000000]
[c=264000000]
cosim: 100000000 retirements ok (pc=ffffffff800f3994)
[c=265000000]
[c=266000000]
[    5.210120] tcp_listen_portaddr_hash hash table entries: 1024 (order: 1, 8192 bytes, linear)
[    5.223020] Table-perturb hash table entries: 65536 (order: 6, 262144 bytes, linear)
cosim: 101000000 retirements ok (pc=ffffffff808e2c92)
[    5.252700] TCP established hash table entries: 16384 (order: 5, 131072 bytes, linear)
[c=267000000]
[    5.314910] TCP bind hash table entries: 16384 ([c=268000000]
order: 6, 262144 bytes, linear)
[c=269000000]
cosim: 102000000 retirements ok (pc=ffffffff80a331c6)
[    5.453450] TCP: Hash tables configured (established 16384 bind 16384)
[c=270000000]
[    5.496000] UDP hash table entries: 1024 (order: 4, 65536 bytes, linear)
[    5.539210] NET: Registered PF_UNIX/PF_LOCAL protocol family
[c=271000000]
cosim: 103000000 retirements ok (pc=ffffffff800f76aa)
[c=272000000]
[    5.647610] RPC: Registered named UNIX socket transport module.
[    5.651490] RPC: Registered udp transport module.
[    5.653870] RPC: Registered tcp transport module.
[    5.656210] RPC: Registered tcp-with-tls transport module.
[    5.658720] RPC: Registered tcp NFSv4.1 backchannel transport module.
[c=273000000]
[    5.763910] Unpacking initramfs...
[c=274000000]
cosim: 104000000 retirements ok (pc=ffffffff800a10f6)
[c=275000000]
[c=276000000]
[c=277000000]
cosim: 105000000 retirements ok (pc=ffffffff808db6fe)
[c=278000000]
[    6.110380] workingset: timestamp_bits=46 (anon: 42) max_order=19 bucket_order=0 (anon: 0)
[c=279000000]
[c=280000000]
cosim: 106000000 retirements ok (pc=ffffffff800f77e0)
[c=281000000]
[c=282000000]
[c=283000000]
cosim: 107000000 retirements ok (pc=ffffffff800a1168)
[    6.512520] NFS: Registering the id_resolver key type
[c=284000000]
[    6.539160] Key type id_resolver registered
[    6.552730] Key type id_legacy registered
[    6.584490] nfs4filelayout_init: NFSv4 File Layout Driver Registering...
[c=285000000]
[    6.611930] nfs4flexfilelayout_init: NFSv4 Flexfile Layout Driver Registering...
[    6.654720] 9p: Installing v9fs 9p2000 file system support
[c=286000000]
cosim: 108000000 retirements ok (pc=ffffffff808df6ba)
[c=287000000]
[    6.804480] Block layer SCSI generic (bsg) driver version 0.4 loaded (major 251)
[c=288000000]
[    6.876430] io scheduler mq-deadline registered
[    6.879170] io scheduler kyber registered
[    6.886150] io scheduler bfq registered
[c=289000000]
cosim: 109000000 retirements ok (pc=ffffffff800f772e)
[c=290000000]
[    7.018570] riscv-plic: interrupt-controller@c000000: mapped 54 interrupts with 1 handlers for 2 contexts.
[c=291000000]
[c=292000000]
cosim: 110000000 retirements ok (pc=ffffffff800f76a2)
[c=293000000]
[c=294000000]
[c=295000000]
cosim: 111000000 retirements ok (pc=ffffffff800f775a)
[c=296000000]
[c=297000000]
[c=298000000]
cosim: 112000000 retirements ok (pc=ffffffff800f76c0)
[c=299000000]
[c=300000000]
[c=301000000]
cosim: 113000000 retirements ok (pc=ffffffff800f7724)
[c=302000000]
[c=303000000]
cosim: 114000000 retirements ok (pc=ffffffff804ab0ae)
[c=304000000]
[c=305000000]
[c=306000000]
cosim: 115000000 retirements ok (pc=ffffffff8026e786)
[c=307000000]
[c=308000000]
[c=309000000]
cosim: 116000000 retirements ok (pc=ffffffff8006c2d4)
[c=310000000]
[c=311000000]
[c=312000000]
cosim: 117000000 retirements ok (pc=ffffffff800f388a)
[c=313000000]
[c=314000000]
[c=315000000]
cosim: 118000000 retirements ok (pc=ffffffff80059f00)
[c=316000000]
[c=317000000]
[c=318000000]
cosim: 119000000 retirements ok (pc=ffffffff800a47c8)
[c=319000000]
[c=320000000]
[c=321000000]
cosim: 120000000 retirements ok (pc=ffffffff80057482)
[c=322000000]
[c=323000000]
[c=324000000]
cosim: 121000000 retirements ok (pc=ffffffff8004bf1c)
[c=325000000]
[c=326000000]
[c=327000000]
cosim: 122000000 retirements ok (pc=ffffffff8008912e)
[c=328000000]
[c=329000000]
[c=330000000]
cosim: 123000000 retirements ok (pc=ffffffff80a02814)
[c=331000000]
[c=332000000]
[c=333000000]
cosim: 124000000 retirements ok (pc=ffffffff8007eec6)
[c=334000000]
[c=335000000]
[c=336000000]
cosim: 125000000 retirements ok (pc=ffffffff800f76b0)
[c=337000000]
[c=338000000]
[c=339000000]
cosim: 126000000 retirements ok (pc=ffffffff802e0ea6)
[c=340000000]
[c=341000000]
[c=342000000]
cosim: 127000000 retirements ok (pc=ffffffff80079fda)
[c=343000000]
[c=344000000]
[c=345000000]
cosim: 128000000 retirements ok (pc=ffffffff80261eac)
[c=346000000]
[c=347000000]
[c=348000000]
cosim: 129000000 retirements ok (pc=ffffffff80053b10)
[c=349000000]
[c=350000000]
[c=351000000]
cosim: 130000000 retirements ok (pc=ffffffff8068b948)
[c=352000000]
[c=353000000]
[c=354000000]
cosim: 131000000 retirements ok (pc=ffffffff80055970)
[c=355000000]
[c=356000000]
[c=357000000]
cosim: 132000000 retirements ok (pc=ffffffff808e2bee)
[c=358000000]
[c=359000000]
[c=360000000]
cosim: 133000000 retirements ok (pc=ffffffff80064006)
[c=361000000]
[c=362000000]
[c=363000000]
cosim: 134000000 retirements ok (pc=ffffffff808e2c90)
[c=364000000]
[c=365000000]
[c=366000000]
[c=367000000]
cosim: 135000000 retirements ok (pc=ffffffff80216e10)
[c=368000000]
[c=369000000]
[c=370000000]
cosim: 136000000 retirements ok (pc=ffffffff800710fa)
[c=371000000]
[c=372000000]
[c=373000000]
cosim: 137000000 retirements ok (pc=ffffffff800a226a)
[c=374000000]
[c=375000000]
[c=376000000]
cosim: 138000000 retirements ok (pc=ffffffff808ee33e)
[c=377000000]
[c=378000000]
[c=379000000]
cosim: 139000000 retirements ok (pc=ffffffff808e6caa)
[c=380000000]
[c=381000000]
[c=382000000]
cosim: 140000000 retirements ok (pc=ffffffff808d89d4)
[c=383000000]
[c=384000000]
[c=385000000]
cosim: 141000000 retirements ok (pc=ffffffff800a3e6a)
[c=386000000]
[c=387000000]
[c=388000000]
cosim: 142000000 retirements ok (pc=ffffffff802e08ec)
[c=389000000]
[c=390000000]
[c=391000000]
cosim: 143000000 retirements ok (pc=ffffffff8053105a)
[c=392000000]
[c=393000000]
[c=394000000]
[c=395000000]
cosim: 144000000 retirements ok (pc=ffffffff800a1574)
[c=396000000]
[c=397000000]
[c=398000000]
cosim: 145000000 retirements ok (pc=ffffffff800a1170)
[c=399000000]
[c=400000000]
[c=401000000]
cosim: 146000000 retirements ok (pc=ffffffff800a0cea)
[c=402000000]
[c=403000000]
[c=404000000]
cosim: 147000000 retirements ok (pc=ffffffff80057244)
[c=405000000]
[c=406000000]
[c=407000000]
cosim: 148000000 retirements ok (pc=ffffffff808d4d98)
[c=408000000]
[c=409000000]
[c=410000000]
cosim: 149000000 retirements ok (pc=ffffffff800a3826)
[c=411000000]
[c=412000000]
[c=413000000]
cosim: 150000000 retirements ok (pc=ffffffff800f7690)
[c=414000000]
[c=415000000]
[c=416000000]
cosim: 151000000 retirements ok (pc=ffffffff808db6e8)
[c=417000000]
[c=418000000]
[c=419000000]
cosim: 152000000 retirements ok (pc=ffffffff800a1142)
[c=420000000]
[c=421000000]
[c=422000000]
cosim: 153000000 retirements ok (pc=ffffffff800a1230)
[c=423000000]
[c=424000000]
[c=425000000]
cosim: 154000000 retirements ok (pc=ffffffff80063f14)
[c=426000000]
[c=427000000]
[c=428000000]
cosim: 155000000 retirements ok (pc=ffffffff808d52fe)
[c=429000000]
[c=430000000]
[c=431000000]
cosim: 156000000 retirements ok (pc=ffffffff800a1148)
[c=432000000]
[c=433000000]
[c=434000000]
cosim: 157000000 retirements ok (pc=ffffffff808d89e6)
[c=435000000]
[c=436000000]
[c=437000000]
cosim: 158000000 retirements ok (pc=ffffffff8053112a)
[c=438000000]
[c=439000000]
[c=440000000]
cosim: 159000000 retirements ok (pc=ffffffff808e67b6)
[c=441000000]
[c=442000000]
[c=443000000]
cosim: 160000000 retirements ok (pc=ffffffff800f77f0)
[c=444000000]
[c=445000000]
[c=446000000]
cosim: 161000000 retirements ok (pc=ffffffff800597ea)
[c=447000000]
[c=448000000]
[c=449000000]
cosim: 162000000 retirements ok (pc=ffffffff808d172a)
[c=450000000]
[c=451000000]
[c=452000000]
cosim: 163000000 retirements ok (pc=ffffffff805310a4)
[c=453000000]
[c=454000000]
[c=455000000]
[c=456000000]
cosim: 164000000 retirements ok (pc=ffffffff808d49c8)
[c=457000000]
[c=458000000]
[c=459000000]
cosim: 165000000 retirements ok (pc=ffffffff808c6f58)
[c=460000000]
[c=461000000]
[c=462000000]
cosim: 166000000 retirements ok (pc=ffffffff800f76b4)
[c=463000000]
[c=464000000]
[c=465000000]
cosim: 167000000 retirements ok (pc=ffffffff8009de8e)
[c=466000000]
[c=467000000]
[c=468000000]
cosim: 168000000 retirements ok (pc=ffffffff800585cc)
[c=469000000]
[c=470000000]
[c=471000000]
cosim: 169000000 retirements ok (pc=ffffffff800f76c6)
[c=472000000]
[c=473000000]
[c=474000000]
cosim: 170000000 retirements ok (pc=ffffffff800f76b4)
[c=475000000]
[c=476000000]
[c=477000000]
cosim: 171000000 retirements ok (pc=ffffffff8020e10a)
[c=478000000]
[c=479000000]
[c=480000000]
cosim: 172000000 retirements ok (pc=ffffffff808ee386)
[c=481000000]
[c=482000000]
[c=483000000]
cosim: 173000000 retirements ok (pc=ffffffff800a1142)
[c=484000000]
[c=485000000]
[c=486000000]
cosim: 174000000 retirements ok (pc=ffffffff808e28cc)
[c=487000000]
[c=488000000]
[c=489000000]
cosim: 175000000 retirements ok (pc=ffffffff80214cce)
[c=490000000]
[c=491000000]
[c=492000000]
cosim: 176000000 retirements ok (pc=ffffffff808d89e4)
[c=493000000]
[c=494000000]
[c=495000000]
cosim: 177000000 retirements ok (pc=ffffffff808c4f1e)
[c=496000000]
[c=497000000]
[c=498000000]
[c=499000000]
cosim: 178000000 retirements ok (pc=ffffffff80055738)
[c=500000000]
[c=501000000]
[c=502000000]
cosim: 179000000 retirements ok (pc=ffffffff802460d6)
[c=503000000]
[c=504000000]
[c=505000000]
cosim: 180000000 retirements ok (pc=ffffffff800f77f4)
[c=506000000]
[c=507000000]
[c=508000000]
cosim: 181000000 retirements ok (pc=ffffffff800f775a)
[c=509000000]
[c=510000000]
[c=511000000]
cosim: 182000000 retirements ok (pc=ffffffff800a22ce)
[c=512000000]
[c=513000000]
[c=514000000]
cosim: 183000000 retirements ok (pc=ffffffff800a38ee)
[c=515000000]
[c=516000000]
[c=517000000]
cosim: 184000000 retirements ok (pc=ffffffff80582fcc)
[c=518000000]
[c=519000000]
[c=520000000]
cosim: 185000000 retirements ok (pc=ffffffff80064030)
[c=521000000]
[c=522000000]
[c=523000000]
cosim: 186000000 retirements ok (pc=ffffffff808da7d2)
[c=524000000]
[c=525000000]
[c=526000000]
[c=527000000]
cosim: 187000000 retirements ok (pc=ffffffff80058392)
[c=528000000]
[c=529000000]
[c=530000000]
cosim: 188000000 retirements ok (pc=ffffffff80055852)
[c=531000000]
[c=532000000]
[c=533000000]
cosim: 189000000 retirements ok (pc=ffffffff808e2c9a)
[c=534000000]
[c=535000000]
[c=536000000]
cosim: 190000000 retirements ok (pc=ffffffff80058650)
[c=537000000]
[c=538000000]
[c=539000000]
cosim: 191000000 retirements ok (pc=ffffffff8005471c)
[c=540000000]
[c=541000000]
[c=542000000]
cosim: 192000000 retirements ok (pc=ffffffff8020e05c)
[c=543000000]
[c=544000000]
[c=545000000]
cosim: 193000000 retirements ok (pc=ffffffff808e41e8)
[c=546000000]
[c=547000000]
[c=548000000]
cosim: 194000000 retirements ok (pc=ffffffff808e00c0)
[c=549000000]
[c=550000000]
[c=551000000]
cosim: 195000000 retirements ok (pc=ffffffff800572a4)
[c=552000000]
[c=553000000]
[c=554000000]
cosim: 196000000 retirements ok (pc=ffffffff800f77e0)
[c=555000000]
[c=556000000]
[c=557000000]
cosim: 197000000 retirements ok (pc=ffffffff808e2ae2)
[c=558000000]
[c=559000000]
[c=560000000]
[c=561000000]
cosim: 198000000 retirements ok (pc=ffffffff808e7f6c)
[c=562000000]
[c=563000000]
[c=564000000]
cosim: 199000000 retirements ok (pc=ffffffff808da6b8)
[c=565000000]
[c=566000000]
[c=567000000]
cosim: 200000000 retirements ok (pc=ffffffff80054706)
[c=568000000]
[c=569000000]
[c=570000000]
cosim: 201000000 retirements ok (pc=ffffffff808e6744)
[c=571000000]
[c=572000000]
[c=573000000]
cosim: 202000000 retirements ok (pc=ffffffff800a116c)
[c=574000000]
[c=575000000]
[c=576000000]
cosim: 203000000 retirements ok (pc=ffffffff800652b4)
[c=577000000]
[c=578000000]
[c=579000000]
cosim: 204000000 retirements ok (pc=ffffffff802e05f4)
[c=580000000]
[c=581000000]
[c=582000000]
cosim: 205000000 retirements ok (pc=ffffffff800a1150)
[c=583000000]
[c=584000000]
[c=585000000]
cosim: 206000000 retirements ok (pc=ffffffff808eb3c4)
[c=586000000]
[c=587000000]
[c=588000000]
cosim: 207000000 retirements ok (pc=ffffffff800f77e0)
[c=589000000]
[c=590000000]
[c=591000000]
cosim: 208000000 retirements ok (pc=ffffffff808e2be8)
[c=592000000]
[c=593000000]
[c=594000000]
cosim: 209000000 retirements ok (pc=ffffffff801c8ce0)
[c=595000000]
[c=596000000]
[c=597000000]
cosim: 210000000 retirements ok (pc=ffffffff8006c306)
[c=598000000]
[c=599000000]
[c=600000000]
cosim: 211000000 retirements ok (pc=ffffffff802e2c5a)
[c=601000000]
[c=602000000]
[c=603000000]
[c=604000000]
cosim: 212000000 retirements ok (pc=ffffffff800f769e)
[c=605000000]
[   30.698020] Serial: 8250/16550 driver, 4 ports, IRQ sharing disabled
[c=606000000]
[c=607000000]
cosim: 213000000 retirements ok (pc=ffffffff808d48b2)
[c=608000000]
[c=609000000]
cosim: 214000000 retirements ok (pc=ffffffff80063eea)
[c=610000000]
[c=611000000]
[c=612000000]
cosim: 215000000 retirements ok (pc=ffffffff80058658)
[c=613000000]
[c=614000000]
[   31.414330] printk: legacy console [ttyS0] disabled
[c=615000000]
cosim: 216000000 retirements ok (pc=ffffffff800a1266)
[c=616000000]
[c=617000000]
[c=618000000]
[   31.669710] 10000000.uart: ttyS0 at MMIO 0x10000000 (irq = 1, base_baud = 230400) is a 16550A
[   31.676850] printk: legacy console [ttyS0] enabled
[   31.676850] printk: legacy console [ttyS0] enabled
cosim: 217000000 retirements ok (pc=ffffffff8020ee62)
[   31.72221[c=619000000]
0] printk: legacy bootconsole [sbi0] disabled
[   31.722210] printk: legacy bootconsole [sbi0] disabled
[c=620000000]
[c=621000000]
cosim: 218000000 retirements ok (pc=ffffffff804ae3b2)
[c=622000000]
[c=623000000]
[c=624000000]
cosim: 219000000 retirements ok (pc=ffffffff804a3ea8)
[c=625000000]
[c=626000000]
[c=627000000]
cosim: 220000000 retirements ok (pc=ffffffff800f769e)
[c=628000000]
[c=629000000]
[c=630000000]
cosim: 221000000 retirements ok (pc=ffffffff802489a0)
[c=631000000]
[c=632000000]
[c=633000000]
cosim: 222000000 retirements ok (pc=ffffffff801a65ce)
[c=634000000]
[c=635000000]
[c=636000000]
cosim: 223000000 retirements ok (pc=ffffffff800f772a)
[c=637000000]
[c=638000000]
[c=639000000]
cosim: 224000000 retirements ok (pc=ffffffff802453e6)
[c=640000000]
[c=641000000]
[c=642000000]
cosim: 225000000 retirements ok (pc=ffffffff802e2ae4)
[c=643000000]
[c=644000000]
[c=645000000]
cosim: 226000000 retirements ok (pc=ffffffff808d914e)
[c=646000000]
[c=647000000]
[c=648000000]
cosim: 227000000 retirements ok (pc=ffffffff8004bf74)
[c=649000000]
[c=650000000]
[c=651000000]
cosim: 228000000 retirements ok (pc=ffffffff800f76ac)
[c=652000000]
[c=653000000]
[   34.328450] loop: module loaded
cosim: 229000000 retirements ok (pc=ffffffff800f76b8)
[c=654000000]
[c=655000000]
[c=656000000]
cosim: 230000000 retirements ok (pc=ffffffff808d4890)
[c=657000000]
[c=658000000]
[c=659000000]
cosim: 231000000 retirements ok (pc=ffffffff802e04fc)
[c=660000000]
[c=661000000]
[c=662000000]
cosim: 232000000 retirements ok (pc=ffffffff800a4812)
[c=663000000]
[c=664000000]
[c=665000000]
cosim: 233000000 retirements ok (pc=ffffffff800f38b0)
[c=666000000]
[c=667000000]
[c=668000000]
cosim: 234000000 retirements ok (pc=ffffffff808e6824)
[c=669000000]
[c=670000000]
[c=671000000]
cosim: 235000000 retirements ok (pc=ffffffff800f769e)
[c=672000000]
[c=673000000]
[c=674000000]
cosim: 236000000 retirements ok (pc=ffffffff80056816)
[c=675000000]
[c=676000000]
[   36.016270] PPP generic driver version 2.4.2
[c=677000000]
[   36.1264cosim: 237000000 retirements ok (pc=ffffffff80528354)
80] mousedev: PS/2 mouse device common for all mice
[c=678000000]
[c=679000000]
[c=680000000]
cosim: 238000000 retirements ok (pc=ffffffff800f7698)
[c=681000000]
[c=682000000]
[c=683000000]
[   36.532530] riscv-pmu-sbi: SBI PMU extension is available
[   36.564850] riscv-pmu-sbi: 16 firmware and 15 hardware counters
[   36.567710] riscv-pmu-sbi: Perf sampling/filtering is not supported as sscof extension is not available
cosim: 239000000 retirements ok (pc=ffffffff800f76c6)
[c=684000000]
[c=685000000]
[c=686000000]
[   36.792260] NET: Registered PF_INET6 protocol family
cosim: 240000000 retirements ok (pc=ffffffff801cd62e)
[c=687000000]
[c=688000000]
[c=689000000]
cosim: 241000000 retirements ok (pc=ffffffff800643ba)
[c=690000000]
[c=691000000]
[   37.165480] Segment Routing with IPv6
[   37.205590] In-situ OAM (IOAM) with IPv6
[c=692000000]
cosim: 242000000 retirements ok (pc=ffffffff805310b8)
[   37.266100] sit: IPv6, IPv4 and MPLS over IPv4 tunneling driver
[c=693000000]
[c=694000000]
[c=695000000]
cosim: 243000000 retirements ok (pc=ffffffff800f76ac)
[   37.454550] NET: Registered PF_PACKET protocol family
[   37.504540] 9pnet: Installing 9P2000 support
[c=696000000]
[   37.544650] Key type dns_resolver registered
[c=697000000]
[   37.629820] cpu0: scalar unaligned word access speed is 6.11x byte access speed (fast)
cosim: 244000000 retirements ok (pc=ffffffff800f76bc)
[c=698000000]
[c=699000000]
[c=700000000]
cosim: 245000000 retirements ok (pc=ffffffff800f76bc)
[c=701000000]
[c=702000000]
[c=703000000]
cosim: 246000000 retirements ok (pc=ffffffff800a3934)
[c=704000000]
[c=705000000]
[c=706000000]
cosim: 247000000 retirements ok (pc=ffffffff800f76c6)
[c=707000000]
[c=708000000]
[c=709000000]
cosim: 248000000 retirements ok (pc=ffffffff8021b8e2)
[c=710000000]
[c=711000000]
[c=712000000]
cosim: 249000000 retirements ok (pc=ffffffff8005cf90)
[c=713000000]
[c=714000000]
[c=715000000]
cosim: 250000000 retirements ok (pc=ffffffff80055852)
[c=716000000]
[c=717000000]
[c=718000000]
cosim: 251000000 retirements ok (pc=ffffffff80531202)
[c=719000000]
[c=720000000]
[c=721000000]
cosim: 252000000 retirements ok (pc=ffffffff800558b0)
[c=722000000]
[c=723000000]
[c=724000000]
cosim: 253000000 retirements ok (pc=ffffffff808e2900)
[c=725000000]
[c=726000000]
[c=727000000]
cosim: 254000000 retirements ok (pc=ffffffff808d49fc)
[c=728000000]
[c=729000000]
[c=730000000]
cosim: 255000000 retirements ok (pc=ffffffff808e28d0)
[c=731000000]
[c=732000000]
[c=733000000]
cosim: 256000000 retirements ok (pc=ffffffff800f775e)
[c=734000000]
[c=735000000]
cosim: 257000000 retirements ok (pc=ffffffff800c41cc)
[c=736000000]
[c=737000000]
[c=738000000]
cosim: 258000000 retirements ok (pc=ffffffff800710f8)
[c=739000000]
[c=740000000]
[c=741000000]
cosim: 259000000 retirements ok (pc=ffffffff800a1224)
[c=742000000]
[c=743000000]
[c=744000000]
cosim: 260000000 retirements ok (pc=ffffffff808d4418)
[c=745000000]
[c=746000000]
[c=747000000]
cosim: 261000000 retirements ok (pc=ffffffff800f771a)
[c=748000000]
[c=749000000]
[c=750000000]
cosim: 262000000 retirements ok (pc=ffffffff800f775e)
[c=751000000]
[c=752000000]
[c=753000000]
cosim: 263000000 retirements ok (pc=ffffffff800f76c0)
[c=754000000]
[c=755000000]
[c=756000000]
cosim: 264000000 retirements ok (pc=ffffffff808d3930)
[c=757000000]
[c=758000000]
[c=759000000]
cosim: 265000000 retirements ok (pc=ffffffff8005834c)
[c=760000000]
[c=761000000]
[c=762000000]
cosim: 266000000 retirements ok (pc=ffffffff804a2cb4)
[c=763000000]
[c=764000000]
[c=765000000]
cosim: 267000000 retirements ok (pc=ffffffff800f76ae)
[c=766000000]
[c=767000000]
[c=768000000]
cosim: 268000000 retirements ok (pc=ffffffff802e2480)
[c=769000000]
[c=770000000]
cosim: 269000000 retirements ok (pc=ffffffff800a3e6a)
[c=771000000]
[c=772000000]
[c=773000000]
cosim: 270000000 retirements ok (pc=ffffffff80219f92)
[c=774000000]
[c=775000000]
[c=776000000]
cosim: 271000000 retirements ok (pc=ffffffff800568da)
[c=777000000]
[c=778000000]
[c=779000000]
cosim: 272000000 retirements ok (pc=ffffffff800710f0)
[c=780000000]
[c=781000000]
cosim: 273000000 retirements ok (pc=ffffffff800f775a)
[c=782000000]
[c=783000000]
[c=784000000]
cosim: 274000000 retirements ok (pc=ffffffff80059d2c)
[c=785000000]
[c=786000000]
[c=787000000]
cosim: 275000000 retirements ok (pc=ffffffff808e2d12)
[c=788000000]
[c=789000000]
cosim: 276000000 retirements ok (pc=ffffffff801a7a3e)
[c=790000000]
[c=791000000]
[c=792000000]
cosim: 277000000 retirements ok (pc=ffffffff8004f010)
[c=793000000]
[c=794000000]
[c=795000000]
cosim: 278000000 retirements ok (pc=ffffffff8002509e)
[c=796000000]
[c=797000000]
[c=798000000]
cosim: 279000000 retirements ok (pc=ffffffff800f7756)
[c=799000000]
[c=800000000]
cosim: 280000000 retirements ok (pc=ffffffff802e2ab6)
[c=801000000]
[c=802000000]
[c=803000000]
cosim: 281000000 retirements ok (pc=ffffffff80288946)
[c=804000000]
[c=805000000]
[c=806000000]
cosim: 282000000 retirements ok (pc=ffffffff808e2c90)
[c=807000000]
[c=808000000]
[c=809000000]
cosim: 283000000 retirements ok (pc=ffffffff80065294)
[c=810000000]
[c=811000000]
cosim: 284000000 retirements ok (pc=ffffffff800f76d2)
[c=812000000]
[c=813000000]
[c=814000000]
cosim: 285000000 retirements ok (pc=ffffffff8005588e)
[c=815000000]
[c=816000000]
[c=817000000]
cosim: 286000000 retirements ok (pc=ffffffff808e2d1a)
[c=818000000]
[c=819000000]
cosim: 287000000 retirements ok (pc=ffffffff802460f4)
[c=820000000]
[c=821000000]
[c=822000000]
cosim: 288000000 retirements ok (pc=ffffffff808d4a00)
[c=823000000]
[c=824000000]
cosim: 289000000 retirements ok (pc=ffffffff80217548)
[c=825000000]
[c=826000000]
[c=827000000]
cosim: 290000000 retirements ok (pc=ffffffff800f7756)
[c=828000000]
[c=829000000]
[c=830000000]
cosim: 291000000 retirements ok (pc=ffffffff808e28dc)
[c=831000000]
[c=832000000]
[c=833000000]
cosim: 292000000 retirements ok (pc=ffffffff800f775a)
[c=834000000]
[c=835000000]
[c=836000000]
cosim: 293000000 retirements ok (pc=ffffffff804a2d38)
[c=837000000]
[c=838000000]
[c=839000000]
cosim: 294000000 retirements ok (pc=ffffffff808e28b0)
[c=840000000]
[c=841000000]
cosim: 295000000 retirements ok (pc=ffffffff808d5340)
[c=842000000]
[c=843000000]
[c=844000000]
cosim: 296000000 retirements ok (pc=ffffffff800f396e)
[c=845000000]
[c=846000000]
[c=847000000]
cosim: 297000000 retirements ok (pc=ffffffff800f769c)
[c=848000000]
[c=849000000]
[c=850000000]
cosim: 298000000 retirements ok (pc=ffffffff800a2494)
[c=851000000]
[c=852000000]
cosim: 299000000 retirements ok (pc=ffffffff800f77e0)
[c=853000000]
[c=854000000]
[c=855000000]
cosim: 300000000 retirements ok (pc=ffffffff800558de)
[c=856000000]
[c=857000000]
[c=858000000]
[c=859000000]
cosim: 301000000 retirements ok (pc=ffffffff800f7662)
[c=860000000]
[c=861000000]
[c=862000000]
cosim: 302000000 retirements ok (pc=ffffffff80248962)
[c=863000000]
[c=864000000]
[c=865000000]
[c=866000000]
cosim: 303000000 retirements ok (pc=ffffffff800f7650)
[c=867000000]
[c=868000000]
[c=869000000]
cosim: 304000000 retirements ok (pc=ffffffff800f7650)
[c=870000000]
[c=871000000]
cosim: 305000000 retirements ok (pc=ffffffff800f769c)
[c=872000000]
[c=873000000]
[c=874000000]
cosim: 306000000 retirements ok (pc=ffffffff800f77e2)
[c=875000000]
[c=876000000]
[c=877000000]
cosim: 307000000 retirements ok (pc=ffffffff800f775a)
[c=878000000]
[c=879000000]
cosim: 308000000 retirements ok (pc=ffffffff800f77e6)
[c=880000000]
[c=881000000]
[c=882000000]
cosim: 309000000 retirements ok (pc=ffffffff8020df6e)
[c=883000000]
[c=884000000]
[c=885000000]
cosim: 310000000 retirements ok (pc=ffffffff800f76b0)
[c=886000000]
[c=887000000]
[c=888000000]
cosim: 311000000 retirements ok (pc=ffffffff800f77fc)
[c=889000000]
[c=890000000]
cosim: 312000000 retirements ok (pc=ffffffff801b4f00)
[c=891000000]
[c=892000000]
[c=893000000]
cosim: 313000000 retirements ok (pc=ffffffff808e2d1e)
[c=894000000]
[c=895000000]
[c=896000000]
cosim: 314000000 retirements ok (pc=ffffffff800f775a)
[c=897000000]
[c=898000000]
cosim: 315000000 retirements ok (pc=ffffffff808e0028)
[c=899000000]
[c=900000000]
[c=901000000]
cosim: 316000000 retirements ok (pc=ffffffff80056882)
[c=902000000]
[c=903000000]
cosim: 317000000 retirements ok (pc=ffffffff800f76c0)
[c=904000000]
[c=905000000]
[c=906000000]
cosim: 318000000 retirements ok (pc=ffffffff808e0088)
[c=907000000]
[c=908000000]
[c=909000000]
cosim: 319000000 retirements ok (pc=ffffffff800f7758)
[c=910000000]
[c=911000000]
cosim: 320000000 retirements ok (pc=ffffffff801a7b48)
[c=912000000]
[c=913000000]
[c=914000000]
cosim: 321000000 retirements ok (pc=ffffffff800f7758)
[c=915000000]
[c=916000000]
[c=917000000]
cosim: 322000000 retirements ok (pc=ffffffff800f76c2)
[c=918000000]
[c=919000000]
cosim: 323000000 retirements ok (pc=ffffffff808e2c92)
[c=920000000]
[c=921000000]
[c=922000000]
cosim: 324000000 retirements ok (pc=ffffffff808e290c)
[c=923000000]
[c=924000000]
[c=925000000]
cosim: 325000000 retirements ok (pc=ffffffff800f76b0)
[c=926000000]
[c=927000000]
[c=928000000]
cosim: 326000000 retirements ok (pc=ffffffff800f775a)
[c=929000000]
[c=930000000]
cosim: 327000000 retirements ok (pc=ffffffff800f76aa)
[c=931000000]
[c=932000000]
[c=933000000]
cosim: 328000000 retirements ok (pc=ffffffff800a23d2)
[c=934000000]
[c=935000000]
[c=936000000]
cosim: 329000000 retirements ok (pc=ffffffff800a599c)
[c=937000000]
[c=938000000]
[c=939000000]
cosim: 330000000 retirements ok (pc=ffffffff800f769e)
[c=940000000]
[c=941000000]
cosim: 331000000 retirements ok (pc=ffffffff800f769e)
[c=942000000]
[c=943000000]
[c=944000000]
cosim: 332000000 retirements ok (pc=ffffffff800f7752)
[c=945000000]
[c=946000000]
[c=947000000]
cosim: 333000000 retirements ok (pc=ffffffff8006c35c)
[c=948000000]
[c=949000000]
cosim: 334000000 retirements ok (pc=ffffffff800f76a2)
[c=950000000]
[c=951000000]
[c=952000000]
cosim: 335000000 retirements ok (pc=ffffffff800f772a)
[c=953000000]
[c=954000000]
[c=955000000]
cosim: 336000000 retirements ok (pc=ffffffff808e28b8)
[c=956000000]
[c=957000000]
[c=958000000]
cosim: 337000000 retirements ok (pc=ffffffff801a2870)
[c=959000000]
[c=960000000]
cosim: 338000000 retirements ok (pc=ffffffff808dfc9e)
[c=961000000]
[c=962000000]
[c=963000000]
cosim: 339000000 retirements ok (pc=ffffffff800f769c)
[c=964000000]
[c=965000000]
[c=966000000]
cosim: 340000000 retirements ok (pc=ffffffff800f769c)
[c=967000000]
[c=968000000]
[c=969000000]
cosim: 341000000 retirements ok (pc=ffffffff808e41fc)
[c=970000000]
[c=971000000]
cosim: 342000000 retirements ok (pc=ffffffff802460d0)
[c=972000000]
[c=973000000]
[c=974000000]
cosim: 343000000 retirements ok (pc=ffffffff800f76aa)
[c=975000000]
[c=976000000]
[c=977000000]
cosim: 344000000 retirements ok (pc=ffffffff800f76b8)
[c=978000000]
[c=979000000]
[c=980000000]
cosim: 345000000 retirements ok (pc=ffffffff800f7718)
[c=981000000]
[c=982000000]
cosim: 346000000 retirements ok (pc=ffffffff800f76ac)
[c=983000000]
[c=984000000]
[c=985000000]
cosim: 347000000 retirements ok (pc=ffffffff808e28f8)
[c=986000000]
[c=987000000]
[c=988000000]
cosim: 348000000 retirements ok (pc=ffffffff801a6208)
[c=989000000]
[c=990000000]
cosim: 349000000 retirements ok (pc=ffffffff800f7756)
[c=991000000]
[c=992000000]
[c=993000000]
cosim: 350000000 retirements ok (pc=ffffffff8020f50c)
[c=994000000]
[c=995000000]
[c=996000000]
cosim: 351000000 retirements ok (pc=ffffffff800f76c2)
[c=997000000]
[c=998000000]
[c=999000000]
cosim: 352000000 retirements ok (pc=ffffffff800f7752)
[c=1000000000]
[c=1001000000]
cosim: 353000000 retirements ok (pc=ffffffff800f76c0)
[c=1002000000]
[c=1003000000]
[c=1004000000]
cosim: 354000000 retirements ok (pc=ffffffff808e28a0)
[c=1005000000]
[c=1006000000]
[c=1007000000]
cosim: 355000000 retirements ok (pc=ffffffff800f775a)
[c=1008000000]
[c=1009000000]
[c=1010000000]
cosim: 356000000 retirements ok (pc=ffffffff800f7756)
[c=1011000000]
[c=1012000000]
cosim: 357000000 retirements ok (pc=ffffffff800f76d4)
[c=1013000000]
[c=1014000000]
[c=1015000000]
cosim: 358000000 retirements ok (pc=ffffffff800f76aa)
[c=1016000000]
[c=1017000000]
[c=1018000000]
cosim: 359000000 retirements ok (pc=ffffffff800f7756)
[c=1019000000]
[c=1020000000]
[c=1021000000]
cosim: 360000000 retirements ok (pc=ffffffff800f76a2)
[c=1022000000]
[c=1023000000]
cosim: 361000000 retirements ok (pc=ffffffff800f76bc)
[c=1024000000]
[c=1025000000]
[c=1026000000]
cosim: 362000000 retirements ok (pc=ffffffff800f76b0)
[c=1027000000]
[c=1028000000]
[c=1029000000]
cosim: 363000000 retirements ok (pc=ffffffff800f76c2)
[c=1030000000]
[c=1031000000]
cosim: 364000000 retirements ok (pc=ffffffff800a4826)
[c=1032000000]
[c=1033000000]
[c=1034000000]
cosim: 365000000 retirements ok (pc=ffffffff800f7758)
[c=1035000000]
[c=1036000000]
[c=1037000000]
cosim: 366000000 retirements ok (pc=ffffffff800f775e)
[c=1038000000]
[c=1039000000]
[c=1040000000]
cosim: 367000000 retirements ok (pc=ffffffff800f7752)
[c=1041000000]
[c=1042000000]
cosim: 368000000 retirements ok (pc=ffffffff800f7758)
[c=1043000000]
[c=1044000000]
[c=1045000000]
cosim: 369000000 retirements ok (pc=ffffffff800f7728)
[c=1046000000]
[c=1047000000]
[c=1048000000]
cosim: 370000000 retirements ok (pc=ffffffff808e28e8)
[c=1049000000]
[c=1050000000]
[c=1051000000]
cosim: 371000000 retirements ok (pc=ffffffff802460c8)
[c=1052000000]
[c=1053000000]
cosim: 372000000 retirements ok (pc=ffffffff800f76ac)
[c=1054000000]
[c=1055000000]
[c=1056000000]
cosim: 373000000 retirements ok (pc=ffffffff800f76ac)
[c=1057000000]
[c=1058000000]
[c=1059000000]
cosim: 374000000 retirements ok (pc=ffffffff800a15fe)
[c=1060000000]
[c=1061000000]
[c=1062000000]
cosim: 375000000 retirements ok (pc=ffffffff808df6ae)
[c=1063000000]
[c=1064000000]
cosim: 376000000 retirements ok (pc=ffffffff800f76ac)
[c=1065000000]
[c=1066000000]
[c=1067000000]
cosim: 377000000 retirements ok (pc=ffffffff800f76c6)
[c=1068000000]
[c=1069000000]
[c=1070000000]
cosim: 378000000 retirements ok (pc=ffffffff800f7758)
[c=1071000000]
[c=1072000000]
cosim: 379000000 retirements ok (pc=ffffffff808df5e4)
[c=1073000000]
[c=1074000000]
[c=1075000000]
cosim: 380000000 retirements ok (pc=ffffffff800f76ac)
[c=1076000000]
[c=1077000000]
[c=1078000000]
cosim: 381000000 retirements ok (pc=ffffffff800f7718)
[c=1079000000]
[c=1080000000]
[c=1081000000]
cosim: 382000000 retirements ok (pc=ffffffff800f769c)
[c=1082000000]
[c=1083000000]
cosim: 383000000 retirements ok (pc=ffffffff800f769c)
[c=1084000000]
[c=1085000000]
[c=1086000000]
cosim: 384000000 retirements ok (pc=ffffffff800f76ae)
[c=1087000000]
[c=1088000000]
[c=1089000000]
cosim: 385000000 retirements ok (pc=ffffffff808e28ec)
[c=1090000000]
[c=1091000000]
[c=1092000000]
cosim: 386000000 retirements ok (pc=ffffffff800f769e)
[c=1093000000]
[c=1094000000]
cosim: 387000000 retirements ok (pc=ffffffff800f775e)
[c=1095000000]
[c=1096000000]
[c=1097000000]
cosim: 388000000 retirements ok (pc=ffffffff800f76c6)
[c=1098000000]
[c=1099000000]
[c=1100000000]
cosim: 389000000 retirements ok (pc=ffffffff804a3ed4)
[c=1101000000]
[c=1102000000]
cosim: 390000000 retirements ok (pc=ffffffff808e00a0)
[c=1103000000]
[c=1104000000]
[c=1105000000]
cosim: 391000000 retirements ok (pc=ffffffff801a60f4)
[c=1106000000]
[c=1107000000]
[c=1108000000]
cosim: 392000000 retirements ok (pc=ffffffff800f76b8)
[c=1109000000]
[c=1110000000]
[c=1111000000]
cosim: 393000000 retirements ok (pc=ffffffff800f76c0)
[c=1112000000]
[c=1113000000]
cosim: 394000000 retirements ok (pc=ffffffff800f76c6)
[c=1114000000]
[c=1115000000]
[c=1116000000]
cosim: 395000000 retirements ok (pc=ffffffff801a2942)
[c=1117000000]
[c=1118000000]
[c=1119000000]
cosim: 396000000 retirements ok (pc=ffffffff800f7756)
[c=1120000000]
[c=1121000000]
[c=1122000000]
cosim: 397000000 retirements ok (pc=ffffffff800f772a)
[c=1123000000]
[c=1124000000]
cosim: 398000000 retirements ok (pc=ffffffff800f7720)
[c=1125000000]
[c=1126000000]
[c=1127000000]
cosim: 399000000 retirements ok (pc=ffffffff800f7762)
[c=1128000000]
[c=1129000000]
[c=1130000000]
cosim: 400000000 retirements ok (pc=ffffffff801aea5c)
[c=1131000000]
[c=1132000000]
cosim: 401000000 retirements ok (pc=ffffffff800a5956)
[c=1133000000]
[c=1134000000]
[c=1135000000]
cosim: 402000000 retirements ok (pc=ffffffff800f7698)
[c=1136000000]
[c=1137000000]
[c=1138000000]
cosim: 403000000 retirements ok (pc=ffffffff800f775e)
[c=1139000000]
[c=1140000000]
[c=1141000000]
cosim: 404000000 retirements ok (pc=ffffffff800f769c)
[c=1142000000]
[c=1143000000]
cosim: 405000000 retirements ok (pc=ffffffff800f76ae)
[c=1144000000]
[c=1145000000]
[c=1146000000]
cosim: 406000000 retirements ok (pc=ffffffff800f76b8)
[c=1147000000]
[c=1148000000]
[c=1149000000]
cosim: 407000000 retirements ok (pc=ffffffff808e28bc)
[c=1150000000]
[c=1151000000]
[c=1152000000]
cosim: 408000000 retirements ok (pc=ffffffff80247212)
[c=1153000000]
[c=1154000000]
cosim: 409000000 retirements ok (pc=ffffffff80057254)
[c=1155000000]
[c=1156000000]
[c=1157000000]
cosim: 410000000 retirements ok (pc=ffffffff800a088e)
[c=1158000000]
[c=1159000000]
[c=1160000000]
cosim: 411000000 retirements ok (pc=ffffffff801a6276)
[c=1161000000]
[c=1162000000]
cosim: 412000000 retirements ok (pc=ffffffff800f76b0)
[c=1163000000]
[c=1164000000]
[c=1165000000]
cosim: 413000000 retirements ok (pc=ffffffff800f775e)
[c=1166000000]
[c=1167000000]
[c=1168000000]
cosim: 414000000 retirements ok (pc=ffffffff800642d4)
[c=1169000000]
[c=1170000000]
[c=1171000000]
cosim: 415000000 retirements ok (pc=ffffffff800f7698)
[c=1172000000]
[c=1173000000]
cosim: 416000000 retirements ok (pc=ffffffff800f768c)
[c=1174000000]
[c=1175000000]
[c=1176000000]
cosim: 417000000 retirements ok (pc=ffffffff800f77e0)
[c=1177000000]
[c=1178000000]
[c=1179000000]
cosim: 418000000 retirements ok (pc=ffffffff801a630c)
[c=1180000000]
[c=1181000000]
[c=1182000000]
cosim: 419000000 retirements ok (pc=ffffffff800f76b8)
[c=1183000000]
[c=1184000000]
cosim: 420000000 retirements ok (pc=ffffffff800f775a)
[c=1185000000]
[c=1186000000]
[c=1187000000]
cosim: 421000000 retirements ok (pc=ffffffff800a15ec)
[c=1188000000]
[c=1189000000]
[c=1190000000]
cosim: 422000000 retirements ok (pc=ffffffff801a79d8)
[c=1191000000]
[c=1192000000]
[c=1193000000]
cosim: 423000000 retirements ok (pc=ffffffff808e2908)
[c=1194000000]
[c=1195000000]
cosim: 424000000 retirements ok (pc=ffffffff800f76c0)
[c=1196000000]
[c=1197000000]
[c=1198000000]
cosim: 425000000 retirements ok (pc=ffffffff80079f4e)
[c=1199000000]
[c=1200000000]
[c=1201000000]
cosim: 426000000 retirements ok (pc=ffffffff800f7758)
[c=1202000000]
[c=1203000000]
cosim: 427000000 retirements ok (pc=ffffffff800f76a6)
[c=1204000000]
[c=1205000000]
[c=1206000000]
cosim: 428000000 retirements ok (pc=ffffffff800f76ac)
[c=1207000000]
[c=1208000000]
[c=1209000000]
cosim: 429000000 retirements ok (pc=ffffffff800c41e2)
[c=1210000000]
[c=1211000000]
[c=1212000000]
cosim: 430000000 retirements ok (pc=ffffffff800f772a)
[c=1213000000]
[c=1214000000]
cosim: 431000000 retirements ok (pc=ffffffff800f76a2)
[c=1215000000]
[c=1216000000]
[c=1217000000]
cosim: 432000000 retirements ok (pc=ffffffff800f769e)
[c=1218000000]
[c=1219000000]
[c=1220000000]
cosim: 433000000 retirements ok (pc=ffffffff8020f4f2)
[c=1221000000]
[c=1222000000]
[c=1223000000]
cosim: 434000000 retirements ok (pc=ffffffff804a2dea)
[c=1224000000]
[c=1225000000]
cosim: 435000000 retirements ok (pc=ffffffff800f7728)
[c=1226000000]
[c=1227000000]
[c=1228000000]
cosim: 436000000 retirements ok (pc=ffffffff800f76a2)
[c=1229000000]
[c=1230000000]
[c=1231000000]
cosim: 437000000 retirements ok (pc=ffffffff800f77e6)
[c=1232000000]
[c=1233000000]
cosim: 438000000 retirements ok (pc=ffffffff800f7758)
[c=1234000000]
[c=1235000000]
[c=1236000000]
cosim: 439000000 retirements ok (pc=ffffffff800f775a)
[c=1237000000]
[c=1238000000]
[c=1239000000]
cosim: 440000000 retirements ok (pc=ffffffff808e28d8)
[c=1240000000]
[c=1241000000]
cosim: 441000000 retirements ok (pc=ffffffff8024609a)
[c=1242000000]
[c=1243000000]
[c=1244000000]
cosim: 442000000 retirements ok (pc=ffffffff808e2900)
[c=1245000000]
[c=1246000000]
cosim: 443000000 retirements ok (pc=ffffffff808dfcdc)
[c=1247000000]
[c=1248000000]
[c=1249000000]
cosim: 444000000 retirements ok (pc=ffffffff80288a7a)
[c=1250000000]
[c=1251000000]
[c=1252000000]
cosim: 445000000 retirements ok (pc=ffffffff808e2d22)
[c=1253000000]
[c=1254000000]
cosim: 446000000 retirements ok (pc=ffffffff800f769c)
[c=1255000000]
[c=1256000000]
[c=1257000000]
cosim: 447000000 retirements ok (pc=ffffffff800f7698)
[c=1258000000]
[c=1259000000]
[c=1260000000]
cosim: 448000000 retirements ok (pc=ffffffff800f76ac)
[c=1261000000]
[c=1262000000]
cosim: 449000000 retirements ok (pc=ffffffff808e2d1a)
[c=1263000000]
[c=1264000000]
cosim: 450000000 retirements ok (pc=ffffffff800f7758)
[c=1265000000]
[c=1266000000]
[c=1267000000]
cosim: 451000000 retirements ok (pc=ffffffff801a656c)
[c=1268000000]
[c=1269000000]
cosim: 452000000 retirements ok (pc=ffffffff800f777e)
[c=1270000000]
[c=1271000000]
cosim: 453000000 retirements ok (pc=ffffffff808e2936)
[c=1272000000]
[c=1273000000]
[c=1274000000]
cosim: 454000000 retirements ok (pc=ffffffff800f76bc)
[c=1275000000]
[c=1276000000]
cosim: 455000000 retirements ok (pc=ffffffff800f76b4)
[c=1277000000]
[c=1278000000]
cosim: 456000000 retirements ok (pc=ffffffff800f77e8)
[c=1279000000]
[c=1280000000]
[c=1281000000]
cosim: 457000000 retirements ok (pc=ffffffff808e2936)
[c=1282000000]
[c=1283000000]
cosim: 458000000 retirements ok (pc=ffffffff80059c94)
[c=1284000000]
[c=1285000000]
cosim: 459000000 retirements ok (pc=ffffffff808e2c96)
[c=1286000000]
[c=1287000000]
[c=1288000000]
cosim: 460000000 retirements ok (pc=ffffffff808d9122)
[c=1289000000]
[c=1290000000]
cosim: 461000000 retirements ok (pc=ffffffff808e2934)
[c=1291000000]
[c=1292000000]
cosim: 462000000 retirements ok (pc=ffffffff800f775e)
[c=1293000000]
[c=1294000000]
cosim: 463000000 retirements ok (pc=ffffffff8004f026)
[c=1295000000]
[c=1296000000]
[c=1297000000]
cosim: 464000000 retirements ok (pc=ffffffff808e293c)
[c=1298000000]
[c=1299000000]
cosim: 465000000 retirements ok (pc=ffffffff800f76b0)
[c=1300000000]
[c=1301000000]
cosim: 466000000 retirements ok (pc=ffffffff8004bf64)
[c=1302000000]
[c=1303000000]
cosim: 467000000 retirements ok (pc=ffffffff808df650)
[c=1304000000]
[c=1305000000]
[c=1306000000]
cosim: 468000000 retirements ok (pc=ffffffff800a1124)
[c=1307000000]
[c=1308000000]
cosim: 469000000 retirements ok (pc=ffffffff800f776a)
[c=1309000000]
[c=1310000000]
cosim: 470000000 retirements ok (pc=ffffffff808e2938)
[c=1311000000]
[c=1312000000]
cosim: 471000000 retirements ok (pc=ffffffff8010b4bc)
[c=1313000000]
[c=1314000000]
[c=1315000000]
cosim: 472000000 retirements ok (pc=ffffffff808e293e)
[c=1316000000]
[c=1317000000]
cosim: 473000000 retirements ok (pc=ffffffff800f768c)
[c=1318000000]
[c=1319000000]
cosim: 474000000 retirements ok (pc=ffffffff808e2c90)
[c=1320000000]
[c=1321000000]
[c=1322000000]
cosim: 475000000 retirements ok (pc=ffffffff808e2936)
[c=1323000000]
[c=1324000000]
cosim: 476000000 retirements ok (pc=ffffffff800f77e6)
[c=1325000000]
[c=1326000000]
cosim: 477000000 retirements ok (pc=ffffffff800f7758)
[c=1327000000]
[c=1328000000]
[c=1329000000]
cosim: 478000000 retirements ok (pc=ffffffff808e293c)
[c=1330000000]
[c=1331000000]
cosim: 479000000 retirements ok (pc=ffffffff800f76c6)
[c=1332000000]
[c=1333000000]
cosim: 480000000 retirements ok (pc=ffffffff800f77e6)
[c=1334000000]
[c=1335000000]
[c=1336000000]
cosim: 481000000 retirements ok (pc=ffffffff808e2934)
[c=1337000000]
[c=1338000000]
cosim: 482000000 retirements ok (pc=ffffffff800a3d30)
[c=1339000000]
[c=1340000000]
[c=1341000000]
cosim: 483000000 retirements ok (pc=ffffffff800a59a2)
[c=1342000000]
[c=1343000000]
cosim: 484000000 retirements ok (pc=ffffffff800f77f0)
[c=1344000000]
[c=1345000000]
cosim: 485000000 retirements ok (pc=ffffffff808e293c)
[c=1346000000]
[c=1347000000]
[c=1348000000]
cosim: 486000000 retirements ok (pc=ffffffff808e41e0)
[c=1349000000]
[c=1350000000]
cosim: 487000000 retirements ok (pc=ffffffff800f76a2)
[c=1351000000]
[c=1352000000]
[c=1353000000]
cosim: 488000000 retirements ok (pc=ffffffff808e2bec)
[c=1354000000]
[c=1355000000]
cosim: 489000000 retirements ok (pc=ffffffff8006c2e0)
[c=1356000000]
[c=1357000000]
[c=1358000000]
cosim: 490000000 retirements ok (pc=ffffffff8024a46e)
[c=1359000000]
[c=1360000000]
cosim: 491000000 retirements ok (pc=ffffffff800f7814)
[c=1361000000]
[c=1362000000]
cosim: 492000000 retirements ok (pc=ffffffff808e2934)
[c=1363000000]
[c=1364000000]
[c=1365000000]
cosim: 493000000 retirements ok (pc=ffffffff800f76ac)
[c=1366000000]
[c=1367000000]
cosim: 494000000 retirements ok (pc=ffffffff808e293c)
[c=1368000000]
[c=1369000000]
[c=1370000000]
cosim: 495000000 retirements ok (pc=ffffffff808ee1fa)
[c=1371000000]
[c=1372000000]
cosim: 496000000 retirements ok (pc=ffffffff80063ff2)
[c=1373000000]
[c=1374000000]
[c=1375000000]
cosim: 497000000 retirements ok (pc=ffffffff808e293e)
[c=1376000000]
[c=1377000000]
[c=1378000000]
cosim: 498000000 retirements ok (pc=ffffffff8020e03a)
[c=1379000000]
[c=1380000000]
cosim: 499000000 retirements ok (pc=ffffffff801b5106)
[c=1381000000]
[c=1382000000]
[c=1383000000]
cosim: 500000000 retirements ok (pc=ffffffff804a2d7e)
[c=1384000000]
[c=1385000000]
cosim: 501000000 retirements ok (pc=ffffffff800f77e8)
[c=1386000000]
[c=1387000000]
[c=1388000000]
cosim: 502000000 retirements ok (pc=ffffffff800f76bc)
[c=1389000000]
[c=1390000000]
[c=1391000000]
cosim: 503000000 retirements ok (pc=ffffffff808e29b8)
[c=1392000000]
[c=1393000000]
cosim: 504000000 retirements ok (pc=ffffffff800f77fa)
[c=1394000000]
[c=1395000000]
[c=1396000000]
cosim: 505000000 retirements ok (pc=ffffffff800f7698)
[c=1397000000]
[c=1398000000]
cosim: 506000000 retirements ok (pc=ffffffff808e293c)
[c=1399000000]
[c=1400000000]
[c=1401000000]
cosim: 507000000 retirements ok (pc=ffffffff808df602)
[c=1402000000]
[c=1403000000]
[c=1404000000]
cosim: 508000000 retirements ok (pc=ffffffff800f77e0)
[c=1405000000]
[c=1406000000]
cosim: 509000000 retirements ok (pc=ffffffff8006c300)
[c=1407000000]
[c=1408000000]
[c=1409000000]
cosim: 510000000 retirements ok (pc=ffffffff808e2c96)
[c=1410000000]
[c=1411000000]
cosim: 511000000 retirements ok (pc=ffffffff8006423c)
[c=1412000000]
[c=1413000000]
[c=1414000000]
cosim: 512000000 retirements ok (pc=ffffffff800f769e)
[c=1415000000]
[c=1416000000]
[c=1417000000]
cosim: 513000000 retirements ok (pc=ffffffff800f76b0)
[c=1418000000]
[c=1419000000]
cosim: 514000000 retirements ok (pc=ffffffff8020e0fc)
[c=1420000000]
[c=1421000000]
[c=1422000000]
cosim: 515000000 retirements ok (pc=ffffffff808e293e)
[c=1423000000]
[c=1424000000]
[c=1425000000]
cosim: 516000000 retirements ok (pc=ffffffff808e293c)
[c=1426000000]
[c=1427000000]
cosim: 517000000 retirements ok (pc=ffffffff800f77fa)
[c=1428000000]
[c=1429000000]
cosim: 518000000 retirements ok (pc=ffffffff808e2936)
[c=1430000000]
[c=1431000000]
[c=1432000000]
cosim: 519000000 retirements ok (pc=ffffffff808e2d0c)
[c=1433000000]
[c=1434000000]
cosim: 520000000 retirements ok (pc=ffffffff808e2c9e)
[c=1435000000]
[c=1436000000]
cosim: 521000000 retirements ok (pc=ffffffff801a2884)
[c=1437000000]
[c=1438000000]
[c=1439000000]
cosim: 522000000 retirements ok (pc=ffffffff808e293c)
[c=1440000000]
[c=1441000000]
cosim: 523000000 retirements ok (pc=ffffffff800f77e6)
[c=1442000000]
[c=1443000000]
cosim: 524000000 retirements ok (pc=ffffffff808e2934)
[c=1444000000]
[c=1445000000]
[c=1446000000]
cosim: 525000000 retirements ok (pc=ffffffff808e2938)
[c=1447000000]
[c=1448000000]
cosim: 526000000 retirements ok (pc=ffffffff808e2936)
[c=1449000000]
[c=1450000000]
cosim: 527000000 retirements ok (pc=ffffffff800f7786)
[c=1451000000]
[c=1452000000]
cosim: 528000000 retirements ok (pc=ffffffff800f77ec)
[c=1453000000]
[c=1454000000]
[c=1455000000]
cosim: 529000000 retirements ok (pc=ffffffff800f76ae)
[c=1456000000]
[c=1457000000]
cosim: 530000000 retirements ok (pc=ffffffff800f769c)
[c=1458000000]
[c=1459000000]
cosim: 531000000 retirements ok (pc=ffffffff800f776a)
[c=1460000000]
[c=1461000000]
[c=1462000000]
cosim: 532000000 retirements ok (pc=ffffffff8020dd78)
[c=1463000000]
[c=1464000000]
cosim: 533000000 retirements ok (pc=ffffffff8009ddce)
[c=1465000000]
[c=1466000000]
cosim: 534000000 retirements ok (pc=ffffffff800f76b8)
[c=1467000000]
[c=1468000000]
cosim: 535000000 retirements ok (pc=ffffffff808e2938)
[c=1469000000]
[c=1470000000]
[c=1471000000]
cosim: 536000000 retirements ok (pc=ffffffff800f771e)
[c=1472000000]
[c=1473000000]
cosim: 537000000 retirements ok (pc=ffffffff808e293e)
[c=1474000000]
[c=1475000000]
[c=1476000000]
cosim: 538000000 retirements ok (pc=ffffffff808e2d1e)
[c=1477000000]
[c=1478000000]
cosim: 539000000 retirements ok (pc=ffffffff808e293e)
[c=1479000000]
[c=1480000000]
cosim: 540000000 retirements ok (pc=ffffffff808d89f6)
[c=1481000000]
[c=1482000000]
[c=1483000000]
cosim: 541000000 retirements ok (pc=ffffffff801a618e)
[c=1484000000]
[c=1485000000]
cosim: 542000000 retirements ok (pc=ffffffff800f76c6)
[c=1486000000]
[c=1487000000]
cosim: 543000000 retirements ok (pc=ffffffff800f76c2)
[c=1488000000]
[c=1489000000]
[c=1490000000]
cosim: 544000000 retirements ok (pc=ffffffff800f77e6)
[c=1491000000]
[c=1492000000]
cosim: 545000000 retirements ok (pc=ffffffff808e2c92)
[c=1493000000]
[c=1494000000]
cosim: 546000000 retirements ok (pc=ffffffff808e2934)
[c=1495000000]
[c=1496000000]
cosim: 547000000 retirements ok (pc=ffffffff800f76aa)
[c=1497000000]
[c=1498000000]
[c=1499000000]
cosim: 548000000 retirements ok (pc=ffffffff800f76a6)
[c=1500000000]
[c=1501000000]
cosim: 549000000 retirements ok (pc=ffffffff808e2c92)
[c=1502000000]
[c=1503000000]
cosim: 550000000 retirements ok (pc=ffffffff800f77e2)
[c=1504000000]
[c=1505000000]
cosim: 551000000 retirements ok (pc=ffffffff808e30aa)
[c=1506000000]
[c=1507000000]
[c=1508000000]
cosim: 552000000 retirements ok (pc=ffffffff808e2936)
[c=1509000000]
[c=1510000000]
cosim: 553000000 retirements ok (pc=ffffffff80056910)
[c=1511000000]
[c=1512000000]
cosim: 554000000 retirements ok (pc=ffffffff800f77fa)
[c=1513000000]
[c=1514000000]
cosim: 555000000 retirements ok (pc=ffffffff808e1608)
[c=1515000000]
[c=1516000000]
[c=1517000000]
cosim: 556000000 retirements ok (pc=ffffffff800f7758)
[c=1518000000]
[c=1519000000]
cosim: 557000000 retirements ok (pc=ffffffff800f7756)
[c=1520000000]
[c=1521000000]
cosim: 558000000 retirements ok (pc=ffffffff800f7752)
[c=1522000000]
[c=1523000000]
[c=1524000000]
cosim: 559000000 retirements ok (pc=ffffffff808e2938)
[c=1525000000]
[c=1526000000]
cosim: 560000000 retirements ok (pc=ffffffff800f76ae)
[c=1527000000]
[c=1528000000]
cosim: 561000000 retirements ok (pc=ffffffff800f7698)
[c=1529000000]
[c=1530000000]
[c=1531000000]
cosim: 562000000 retirements ok (pc=ffffffff808e293c)
[c=1532000000]
[c=1533000000]
cosim: 563000000 retirements ok (pc=ffffffff80057458)
[c=1534000000]
[c=1535000000]
cosim: 564000000 retirements ok (pc=ffffffff808e2936)
[c=1536000000]
[c=1537000000]
[c=1538000000]
cosim: 565000000 retirements ok (pc=ffffffff800f76a2)
[c=1539000000]
[c=1540000000]
cosim: 566000000 retirements ok (pc=ffffffff800f76a6)
[c=1541000000]
[c=1542000000]
cosim: 567000000 retirements ok (pc=ffffffff800554b0)
[c=1543000000]
[c=1544000000]
[c=1545000000]
cosim: 568000000 retirements ok (pc=ffffffff800f394c)
[c=1546000000]
[c=1547000000]
cosim: 569000000 retirements ok (pc=ffffffff808e2936)
[c=1548000000]
[c=1549000000]
cosim: 570000000 retirements ok (pc=ffffffff800f77e8)
[c=1550000000]
[c=1551000000]
[c=1552000000]
cosim: 571000000 retirements ok (pc=ffffffff800f76aa)
[c=1553000000]
[c=1554000000]
cosim: 572000000 retirements ok (pc=ffffffff808e293e)
[c=1555000000]
[c=1556000000]
cosim: 573000000 retirements ok (pc=ffffffff801a7bbe)
[c=1557000000]
[c=1558000000]
cosim: 574000000 retirements ok (pc=ffffffff800f7752)
[c=1559000000]
[c=1560000000]
[c=1561000000]
cosim: 575000000 retirements ok (pc=ffffffff800f77f8)
[c=1562000000]
[c=1563000000]
cosim: 576000000 retirements ok (pc=ffffffff808e293c)
[c=1564000000]
[c=1565000000]
cosim: 577000000 retirements ok (pc=ffffffff800f77ec)
[c=1566000000]
[c=1567000000]
[c=1568000000]
cosim: 578000000 retirements ok (pc=ffffffff800f77fa)
[c=1569000000]
[c=1570000000]
cosim: 579000000 retirements ok (pc=ffffffff802460c8)
[c=1571000000]
[c=1572000000]
cosim: 580000000 retirements ok (pc=ffffffff800f769e)
[c=1573000000]
[c=1574000000]
[c=1575000000]
cosim: 581000000 retirements ok (pc=ffffffff800f775a)
[c=1576000000]
[c=1577000000]
cosim: 582000000 retirements ok (pc=ffffffff800f77f0)
[c=1578000000]
[c=1579000000]
cosim: 583000000 retirements ok (pc=ffffffff808e2936)
[c=1580000000]
[c=1581000000]
cosim: 584000000 retirements ok (pc=ffffffff808e293e)
[c=1582000000]
[c=1583000000]
[c=1584000000]
cosim: 585000000 retirements ok (pc=ffffffff800f775e)
[c=1585000000]
[c=1586000000]
cosim: 586000000 retirements ok (pc=ffffffff808e293c)
[c=1587000000]
[c=1588000000]
cosim: 587000000 retirements ok (pc=ffffffff800f769e)
[c=1589000000]
[c=1590000000]
[c=1591000000]
cosim: 588000000 retirements ok (pc=ffffffff808e2936)
[c=1592000000]
[c=1593000000]
cosim: 589000000 retirements ok (pc=ffffffff800f76c6)
[c=1594000000]
[c=1595000000]
cosim: 590000000 retirements ok (pc=ffffffff808e2936)
[c=1596000000]
[c=1597000000]
[c=1598000000]
cosim: 591000000 retirements ok (pc=ffffffff800f76c0)
[c=1599000000]
[c=1600000000]
cosim: 592000000 retirements ok (pc=ffffffff808e293e)
[c=1601000000]
[c=1602000000]
cosim: 593000000 retirements ok (pc=ffffffff800f76aa)
[c=1603000000]
[c=1604000000]
[c=1605000000]
cosim: 594000000 retirements ok (pc=ffffffff808e1768)
[c=1606000000]
[c=1607000000]
cosim: 595000000 retirements ok (pc=ffffffff800f7758)
[c=1608000000]
[c=1609000000]
cosim: 596000000 retirements ok (pc=ffffffff808e2938)
[c=1610000000]
[c=1611000000]
[c=1612000000]
cosim: 597000000 retirements ok (pc=ffffffff800f7752)
[c=1613000000]
[c=1614000000]
cosim: 598000000 retirements ok (pc=ffffffff808e2934)
[c=1615000000]
[c=1616000000]
cosim: 599000000 retirements ok (pc=ffffffff800f77e6)
[c=1617000000]
[c=1618000000]
[c=1619000000]
cosim: 600000000 retirements ok (pc=ffffffff808e2934)
[c=1620000000]
[c=1621000000]
cosim: 601000000 retirements ok (pc=ffffffff800f775a)
[c=1622000000]
[c=1623000000]
[c=1624000000]
cosim: 602000000 retirements ok (pc=ffffffff800f39e8)
[c=1625000000]
[c=1626000000]
cosim: 603000000 retirements ok (pc=ffffffff808e2936)
[c=1627000000]
[c=1628000000]
cosim: 604000000 retirements ok (pc=ffffffff8005595c)
[c=1629000000]
[c=1630000000]
[c=1631000000]
cosim: 605000000 retirements ok (pc=ffffffff800f77e0)
[c=1632000000]
[c=1633000000]
cosim: 606000000 retirements ok (pc=ffffffff801c8cc2)
[c=1634000000]
[c=1635000000]
cosim: 607000000 retirements ok (pc=ffffffff800f77fc)
[c=1636000000]
[c=1637000000]
cosim: 608000000 retirements ok (pc=ffffffff808e2934)
[c=1638000000]
[c=1639000000]
[c=1640000000]
cosim: 609000000 retirements ok (pc=ffffffff800a2422)
[c=1641000000]
[c=1642000000]
cosim: 610000000 retirements ok (pc=ffffffff800f7752)
[c=1643000000]
[c=1644000000]
cosim: 611000000 retirements ok (pc=ffffffff808e293c)
[c=1645000000]
[c=1646000000]
[c=1647000000]
cosim: 612000000 retirements ok (pc=ffffffff800f77f8)
[c=1648000000]
[c=1649000000]
cosim: 613000000 retirements ok (pc=ffffffff800f7758)
[c=1650000000]
[c=1651000000]
cosim: 614000000 retirements ok (pc=ffffffff800250a0)
[c=1652000000]
[c=1653000000]
cosim: 615000000 retirements ok (pc=ffffffff800a5968)
[c=1654000000]
[c=1655000000]
[c=1656000000]
cosim: 616000000 retirements ok (pc=ffffffff800f77e6)
[c=1657000000]
[c=1658000000]
cosim: 617000000 retirements ok (pc=ffffffff8006c2da)
[c=1659000000]
[c=1660000000]
cosim: 618000000 retirements ok (pc=ffffffff800f7770)
[c=1661000000]
[c=1662000000]
cosim: 619000000 retirements ok (pc=ffffffff808e29e2)
[c=1663000000]
[c=1664000000]
[c=1665000000]
cosim: 620000000 retirements ok (pc=ffffffff808e2d0e)
[c=1666000000]
[c=1667000000]
cosim: 621000000 retirements ok (pc=ffffffff800f76b4)
[c=1668000000]
[c=1669000000]
cosim: 622000000 retirements ok (pc=ffffffff808e2a5a)
[c=1670000000]
[c=1671000000]
[c=1672000000]
cosim: 623000000 retirements ok (pc=ffffffff8024896a)
[c=1673000000]
[c=1674000000]
cosim: 624000000 retirements ok (pc=ffffffff800f7772)
[c=1675000000]
[c=1676000000]
cosim: 625000000 retirements ok (pc=ffffffff804a2cb2)
[c=1677000000]
[c=1678000000]
cosim: 626000000 retirements ok (pc=ffffffff800f7758)
[c=1679000000]
[c=1680000000]
[c=1681000000]
cosim: 627000000 retirements ok (pc=ffffffff808e2934)
[c=1682000000]
[c=1683000000]
cosim: 628000000 retirements ok (pc=ffffffff800f7720)
[c=1684000000]
[c=1685000000]
[c=1686000000]
cosim: 629000000 retirements ok (pc=ffffffff800f76c6)
[c=1687000000]
[c=1688000000]
cosim: 630000000 retirements ok (pc=ffffffff808e293c)
[c=1689000000]
[c=1690000000]
cosim: 631000000 retirements ok (pc=ffffffff800f775e)
[c=1691000000]
[c=1692000000]
[c=1693000000]
cosim: 632000000 retirements ok (pc=ffffffff808e2934)
[c=1694000000]
[c=1695000000]
cosim: 633000000 retirements ok (pc=ffffffff808e293c)
[c=1696000000]
[c=1697000000]
cosim: 634000000 retirements ok (pc=ffffffff800f77f8)
[c=1698000000]
[c=1699000000]
[c=1700000000]
cosim: 635000000 retirements ok (pc=ffffffff8006549a)
[c=1701000000]
[c=1702000000]
cosim: 636000000 retirements ok (pc=ffffffff800f7752)
[c=1703000000]
[c=1704000000]
cosim: 637000000 retirements ok (pc=ffffffff808e293e)
[c=1705000000]
[c=1706000000]
[c=1707000000]
cosim: 638000000 retirements ok (pc=ffffffff800f76aa)
[c=1708000000]
[c=1709000000]
cosim: 639000000 retirements ok (pc=ffffffff808e2934)
[c=1710000000]
[c=1711000000]
cosim: 640000000 retirements ok (pc=ffffffff800f7756)
[c=1712000000]
[c=1713000000]
[c=1714000000]
cosim: 641000000 retirements ok (pc=ffffffff808e16f8)
[c=1715000000]
[c=1716000000]
cosim: 642000000 retirements ok (pc=ffffffff800f769c)
[c=1717000000]
[c=1718000000]
[c=1719000000]
cosim: 643000000 retirements ok (pc=ffffffff800567c8)
[c=1720000000]
[c=1721000000]
cosim: 644000000 retirements ok (pc=ffffffff800f76aa)
[c=1722000000]
[c=1723000000]
cosim: 645000000 retirements ok (pc=ffffffff808e2938)
[c=1724000000]
[c=1725000000]
[c=1726000000]
cosim: 646000000 retirements ok (pc=ffffffff808e2934)
[c=1727000000]
[c=1728000000]
cosim: 647000000 retirements ok (pc=ffffffff800f77e2)
[c=1729000000]
[c=1730000000]
cosim: 648000000 retirements ok (pc=ffffffff800f76c0)
[c=1731000000]
[c=1732000000]
[c=1733000000]
cosim: 649000000 retirements ok (pc=ffffffff800f771a)
[c=1734000000]
[c=1735000000]
cosim: 650000000 retirements ok (pc=ffffffff800f7752)
[c=1736000000]
[c=1737000000]
cosim: 651000000 retirements ok (pc=ffffffff801b0782)
[c=1738000000]
[c=1739000000]
[c=1740000000]
cosim: 652000000 retirements ok (pc=ffffffff800f76c6)
[c=1741000000]
[c=1742000000]
cosim: 653000000 retirements ok (pc=ffffffff8020f58a)
[c=1743000000]
[c=1744000000]
cosim: 654000000 retirements ok (pc=ffffffff800f76c6)
[c=1745000000]
[c=1746000000]
[c=1747000000]
cosim: 655000000 retirements ok (pc=ffffffff808e2938)
[c=1748000000]
[c=1749000000]
cosim: 656000000 retirements ok (pc=ffffffff800f77f8)
[c=1750000000]
[c=1751000000]
cosim: 657000000 retirements ok (pc=ffffffff808e2936)
[c=1752000000]
[c=1753000000]
[c=1754000000]
cosim: 658000000 retirements ok (pc=ffffffff808dfbc2)
[c=1755000000]
[c=1756000000]
cosim: 659000000 retirements ok (pc=ffffffff800f7732)
[c=1757000000]
[c=1758000000]
cosim: 660000000 retirements ok (pc=ffffffff808e2938)
[c=1759000000]
[c=1760000000]
[c=1761000000]
cosim: 661000000 retirements ok (pc=ffffffff800f76b8)
[c=1762000000]
[c=1763000000]
cosim: 662000000 retirements ok (pc=ffffffff808e2936)
[c=1764000000]
[c=1765000000]
[c=1766000000]
cosim: 663000000 retirements ok (pc=ffffffff800f769e)
[c=1767000000]
[c=1768000000]
cosim: 664000000 retirements ok (pc=ffffffff808e2934)
[c=1769000000]
[c=1770000000]
cosim: 665000000 retirements ok (pc=ffffffff800f3944)
[c=1771000000]
[c=1772000000]
[c=1773000000]
cosim: 666000000 retirements ok (pc=ffffffff808e293e)
[c=1774000000]
[c=1775000000]
cosim: 667000000 retirements ok (pc=ffffffff800f77fc)
[c=1776000000]
[c=1777000000]
cosim: 668000000 retirements ok (pc=ffffffff800f769e)
[c=1778000000]
[c=1779000000]
[c=1780000000]
cosim: 669000000 retirements ok (pc=ffffffff800f77e0)
[c=1781000000]
[c=1782000000]
cosim: 670000000 retirements ok (pc=ffffffff808e2938)
[c=1783000000]
[c=1784000000]
cosim: 671000000 retirements ok (pc=ffffffff800f76c0)
[c=1785000000]
[c=1786000000]
cosim: 672000000 retirements ok (pc=ffffffff800f77f8)
[c=1787000000]
[c=1788000000]
[c=1789000000]
cosim: 673000000 retirements ok (pc=ffffffff801dca62)
[c=1790000000]
[c=1791000000]
cosim: 674000000 retirements ok (pc=ffffffff800f77e0)
[c=1792000000]
[c=1793000000]
cosim: 675000000 retirements ok (pc=ffffffff808e2934)
[c=1794000000]
[c=1795000000]
[c=1796000000]
cosim: 676000000 retirements ok (pc=ffffffff808dfca0)
[c=1797000000]
[c=1798000000]
cosim: 677000000 retirements ok (pc=ffffffff800f775e)
[c=1799000000]
[c=1800000000]
[c=1801000000]
cosim: 678000000 retirements ok (pc=ffffffff80056940)
[c=1802000000]
[c=1803000000]
cosim: 679000000 retirements ok (pc=ffffffff800f76b4)
[c=1804000000]
[c=1805000000]
cosim: 680000000 retirements ok (pc=ffffffff800a243a)
[c=1806000000]
[c=1807000000]
[c=1808000000]
cosim: 681000000 retirements ok (pc=ffffffff80a1d13a)
[c=1809000000]
[c=1810000000]
cosim: 682000000 retirements ok (pc=ffffffff808e2c96)
[c=1811000000]
[c=1812000000]
[c=1813000000]
cosim: 683000000 retirements ok (pc=ffffffff804ab0c2)
[c=1814000000]
[c=1815000000]
cosim: 684000000 retirements ok (pc=ffffffff80058634)
[c=1816000000]
[c=1817000000]
[c=1818000000]
cosim: 685000000 retirements ok (pc=ffffffff808e2c96)
[c=1819000000]
[c=1820000000]
cosim: 686000000 retirements ok (pc=ffffffff800f775e)
[c=1821000000]
[c=1822000000]
[c=1823000000]
cosim: 687000000 retirements ok (pc=ffffffff800f77e6)
[c=1824000000]
[c=1825000000]
cosim: 688000000 retirements ok (pc=ffffffff800f76ae)
[c=1826000000]
[c=1827000000]
[c=1828000000]
cosim: 689000000 retirements ok (pc=ffffffff800f76a6)
[c=1829000000]
[c=1830000000]
cosim: 690000000 retirements ok (pc=ffffffff808e2934)
[c=1831000000]
[c=1832000000]
cosim: 691000000 retirements ok (pc=ffffffff800f7718)
[c=1833000000]
[c=1834000000]
[c=1835000000]
cosim: 692000000 retirements ok (pc=ffffffff808dfbc4)
[c=1836000000]
[c=1837000000]
cosim: 693000000 retirements ok (pc=ffffffff800f77e8)
[c=1838000000]
[c=1839000000]
cosim: 694000000 retirements ok (pc=ffffffff800b051a)
[c=1840000000]
[c=1841000000]
[c=1842000000]
cosim: 695000000 retirements ok (pc=ffffffff800f77e6)
[c=1843000000]
[c=1844000000]
cosim: 696000000 retirements ok (pc=ffffffff808e2938)
[c=1845000000]
[c=1846000000]
cosim: 697000000 retirements ok (pc=ffffffff808e293e)
[c=1847000000]
[c=1848000000]
[c=1849000000]
cosim: 698000000 retirements ok (pc=ffffffff800a0f4c)
[c=1850000000]
[c=1851000000]
cosim: 699000000 retirements ok (pc=ffffffff8020dd88)
[c=1852000000]
[c=1853000000]
cosim: 700000000 retirements ok (pc=ffffffff808e2c90)
[c=1854000000]
[c=1855000000]
[c=1856000000]
cosim: 701000000 retirements ok (pc=ffffffff802461d2)
[c=1857000000]
[c=1858000000]
cosim: 702000000 retirements ok (pc=ffffffff800f775e)
[c=1859000000]
[c=1860000000]
cosim: 703000000 retirements ok (pc=ffffffff808e2c92)
[c=1861000000]
[c=1862000000]
[c=1863000000]
cosim: 704000000 retirements ok (pc=ffffffff800f780c)
[c=1864000000]
[c=1865000000]
cosim: 705000000 retirements ok (pc=ffffffff800f76a2)
[c=1866000000]
[c=1867000000]
cosim: 706000000 retirements ok (pc=ffffffff800f76c2)
[c=1868000000]
[c=1869000000]
[c=1870000000]
cosim: 707000000 retirements ok (pc=ffffffff80254cf6)
[c=1871000000]
[c=1872000000]
cosim: 708000000 retirements ok (pc=ffffffff8006c318)
[c=1873000000]
[c=1874000000]
[c=1875000000]
cosim: 709000000 retirements ok (pc=ffffffff801a6318)
[c=1876000000]
[c=1877000000]
cosim: 710000000 retirements ok (pc=ffffffff808ee392)
[c=1878000000]
[c=1879000000]
[c=1880000000]
cosim: 711000000 retirements ok (pc=ffffffff800f76c6)
[c=1881000000]
[c=1882000000]
cosim: 712000000 retirements ok (pc=ffffffff808e2d12)
[c=1883000000]
[c=1884000000]
[c=1885000000]
cosim: 713000000 retirements ok (pc=ffffffff80296f42)
[c=1886000000]
[c=1887000000]
cosim: 714000000 retirements ok (pc=ffffffff800f7756)
[c=1888000000]
[c=1889000000]
[c=1890000000]
cosim: 715000000 retirements ok (pc=ffffffff800f7752)
[c=1891000000]
[c=1892000000]
cosim: 716000000 retirements ok (pc=ffffffff800f769e)
[c=1893000000]
[c=1894000000]
[c=1895000000]
cosim: 717000000 retirements ok (pc=ffffffff808e2936)
[c=1896000000]
[c=1897000000]
cosim: 718000000 retirements ok (pc=ffffffff800f7724)
[c=1898000000]
[c=1899000000]
[c=1900000000]
cosim: 719000000 retirements ok (pc=ffffffff808e2938)
[c=1901000000]
[c=1902000000]
cosim: 720000000 retirements ok (pc=ffffffff800a5dfc)
[c=1903000000]
[c=1904000000]
[c=1905000000]
cosim: 721000000 retirements ok (pc=ffffffff800f7756)
[c=1906000000]
[c=1907000000]
cosim: 722000000 retirements ok (pc=ffffffff800f7694)
[c=1908000000]
[c=1909000000]
cosim: 723000000 retirements ok (pc=ffffffff80296f8a)
[c=1910000000]
[c=1911000000]
[c=1912000000]
cosim: 724000000 retirements ok (pc=ffffffff8026f322)
[c=1913000000]
[c=1914000000]
cosim: 725000000 retirements ok (pc=ffffffff800f76aa)
[c=1915000000]
[c=1916000000]
[c=1917000000]
cosim: 726000000 retirements ok (pc=ffffffff800f7718)
[c=1918000000]
[c=1919000000]
[c=1920000000]
cosim: 727000000 retirements ok (pc=ffffffff8020e014)
[c=1921000000]
[c=1922000000]
[c=1923000000]
cosim: 728000000 retirements ok (pc=ffffffff800f77e2)
[c=1924000000]
[c=1925000000]
cosim: 729000000 retirements ok (pc=ffffffff800af706)
[c=1926000000]
[c=1927000000]
cosim: 730000000 retirements ok (pc=ffffffff800f76aa)
[c=1928000000]
[c=1929000000]
[c=1930000000]
cosim: 731000000 retirements ok (pc=ffffffff800f76d4)
[c=1931000000]
[c=1932000000]
cosim: 732000000 retirements ok (pc=ffffffff808e43cc)
[c=1933000000]
[c=1934000000]
[c=1935000000]
cosim: 733000000 retirements ok (pc=ffffffff808e2d22)
[c=1936000000]
[c=1937000000]
cosim: 734000000 retirements ok (pc=ffffffff800f7756)
[c=1938000000]
[c=1939000000]
[c=1940000000]
cosim: 735000000 retirements ok (pc=ffffffff808e293c)
[c=1941000000]
[c=1942000000]
[c=1943000000]
cosim: 736000000 retirements ok (pc=ffffffff80063f62)
[c=1944000000]
[c=1945000000]
cosim: 737000000 retirements ok (pc=ffffffff808e2936)
[c=1946000000]
[c=1947000000]
[c=1948000000]
cosim: 738000000 retirements ok (pc=ffffffff80063ef8)
[c=1949000000]
[c=1950000000]
cosim: 739000000 retirements ok (pc=ffffffff800f77e6)
[c=1951000000]
[c=1952000000]
[c=1953000000]
cosim: 740000000 retirements ok (pc=ffffffff800f769e)
[c=1954000000]
[c=1955000000]
cosim: 741000000 retirements ok (pc=ffffffff800f77ec)
[c=1956000000]
[c=1957000000]
[c=1958000000]
cosim: 742000000 retirements ok (pc=ffffffff801a7b78)
[c=1959000000]
[c=1960000000]
cosim: 743000000 retirements ok (pc=ffffffff800f76aa)
[c=1961000000]
[c=1962000000]
[c=1963000000]
cosim: 744000000 retirements ok (pc=ffffffff800f76c0)
[c=1964000000]
[c=1965000000]
cosim: 745000000 retirements ok (pc=ffffffff808e2938)
[c=1966000000]
[c=1967000000]
[c=1968000000]
cosim: 746000000 retirements ok (pc=ffffffff80064392)
[c=1969000000]
[c=1970000000]
cosim: 747000000 retirements ok (pc=ffffffff800f7752)
[c=1971000000]
[c=1972000000]
[c=1973000000]
cosim: 748000000 retirements ok (pc=ffffffff808e293c)
[c=1974000000]
[c=1975000000]
cosim: 749000000 retirements ok (pc=ffffffff800f7720)
[c=1976000000]
[c=1977000000]
[c=1978000000]
cosim: 750000000 retirements ok (pc=ffffffff8005863e)
[c=1979000000]
[c=1980000000]
[c=1981000000]
cosim: 751000000 retirements ok (pc=ffffffff80055844)
[c=1982000000]
[c=1983000000]
cosim: 752000000 retirements ok (pc=ffffffff802682a2)
[c=1984000000]
[c=1985000000]
[c=1986000000]
cosim: 753000000 retirements ok (pc=ffffffff80271498)
[c=1987000000]
[c=1988000000]
cosim: 754000000 retirements ok (pc=ffffffff808e2938)
[c=1989000000]
[c=1990000000]
[c=1991000000]
cosim: 755000000 retirements ok (pc=ffffffff80254c38)
[c=1992000000]
[c=1993000000]
[c=1994000000]
cosim: 756000000 retirements ok (pc=ffffffff80270762)
[c=1995000000]
[c=1996000000]
cosim: 757000000 retirements ok (pc=ffffffff800f77f4)
[c=1997000000]
[c=1998000000]
[c=1999000000]
cosim: 758000000 retirements ok (pc=ffffffff800f76aa)
[c=2000000000]
[c=2001000000]
cosim: 759000000 retirements ok (pc=ffffffff800a111a)
[c=2002000000]
[c=2003000000]
[c=2004000000]
cosim: 760000000 retirements ok (pc=ffffffff808e2948)
[c=2005000000]
[c=2006000000]
[c=2007000000]
cosim: 761000000 retirements ok (pc=ffffffff800f77e8)
[c=2008000000]
[c=2009000000]
cosim: 762000000 retirements ok (pc=ffffffff800f76ae)
[c=2010000000]
[c=2011000000]
[c=2012000000]
cosim: 763000000 retirements ok (pc=ffffffff800f77e0)
[c=2013000000]
[c=2014000000]
cosim: 764000000 retirements ok (pc=ffffffff808e2934)
[c=2015000000]
[c=2016000000]
[c=2017000000]
cosim: 765000000 retirements ok (pc=ffffffff808e28d4)
[c=2018000000]
[c=2019000000]
[c=2020000000]
cosim: 766000000 retirements ok (pc=ffffffff80270082)
[c=2021000000]
[c=2022000000]
cosim: 767000000 retirements ok (pc=ffffffff800f76aa)
[c=2023000000]
[c=2024000000]
[c=2025000000]
cosim: 768000000 retirements ok (pc=ffffffff800a1940)
[c=2026000000]
[c=2027000000]
cosim: 769000000 retirements ok (pc=ffffffff801a630a)
[c=2028000000]
[c=2029000000]
cosim: 770000000 retirements ok (pc=ffffffff800f76c2)
[c=2030000000]
[c=2031000000]
[c=2032000000]
cosim: 771000000 retirements ok (pc=ffffffff800f77e8)
[c=2033000000]
[c=2034000000]
cosim: 772000000 retirements ok (pc=ffffffff800f7756)
[c=2035000000]
[c=2036000000]
[c=2037000000]
cosim: 773000000 retirements ok (pc=ffffffff800f77e8)
[c=2038000000]
[c=2039000000]
cosim: 774000000 retirements ok (pc=ffffffff808ee1b0)
[c=2040000000]
[c=2041000000]
[c=2042000000]
cosim: 775000000 retirements ok (pc=ffffffff808e2938)
[c=2043000000]
[c=2044000000]
cosim: 776000000 retirements ok (pc=ffffffff800f77f4)
[c=2045000000]
[c=2046000000]
cosim: 777000000 retirements ok (pc=ffffffff808ee1b8)
[c=2047000000]
[c=2048000000]
[c=2049000000]
cosim: 778000000 retirements ok (pc=ffffffff808e293c)
[c=2050000000]
[c=2051000000]
cosim: 779000000 retirements ok (pc=ffffffff80369f6c)
[c=2052000000]
[c=2053000000]
[c=2054000000]
cosim: 780000000 retirements ok (pc=ffffffff8020f5c8)
[c=2055000000]
[c=2056000000]
cosim: 781000000 retirements ok (pc=ffffffff800a1a14)
[c=2057000000]
[c=2058000000]
[c=2059000000]
cosim: 782000000 retirements ok (pc=ffffffff800f7756)
[c=2060000000]
[c=2061000000]
cosim: 783000000 retirements ok (pc=ffffffff804a8998)
[c=2062000000]
[c=2063000000]
[c=2064000000]
cosim: 784000000 retirements ok (pc=ffffffff808e2c90)
[c=2065000000]
[c=2066000000]
cosim: 785000000 retirements ok (pc=ffffffff808e294a)
[c=2067000000]
[c=2068000000]
[c=2069000000]
cosim: 786000000 retirements ok (pc=ffffffff808e293c)
[c=2070000000]
[c=2071000000]
cosim: 787000000 retirements ok (pc=ffffffff808e2b50)
[c=2072000000]
[c=2073000000]
[c=2074000000]
cosim: 788000000 retirements ok (pc=ffffffff800f76b8)
[c=2075000000]
[c=2076000000]
cosim: 789000000 retirements ok (pc=ffffffff808e2936)
[c=2077000000]
[c=2078000000]
[c=2079000000]
cosim: 790000000 retirements ok (pc=ffffffff8026560c)
[c=2080000000]
[c=2081000000]
cosim: 791000000 retirements ok (pc=ffffffff804ab0d0)
[c=2082000000]
[c=2083000000]
[c=2084000000]
cosim: 792000000 retirements ok (pc=ffffffff802527ee)
[c=2085000000]
[c=2086000000]
[c=2087000000]
cosim: 793000000 retirements ok (pc=ffffffff800a37c6)
[c=2088000000]
[c=2089000000]
cosim: 794000000 retirements ok (pc=ffffffff800af2b2)
[c=2090000000]
[c=2091000000]
[c=2092000000]
cosim: 795000000 retirements ok (pc=ffffffff80215fa2)
[c=2093000000]
[c=2094000000]
cosim: 796000000 retirements ok (pc=ffffffff800f76c2)
[c=2095000000]
[c=2096000000]
[c=2097000000]
cosim: 797000000 retirements ok (pc=ffffffff800f76a6)
[c=2098000000]
[c=2099000000]
cosim: 798000000 retirements ok (pc=ffffffff808e2c92)
[c=2100000000]
[c=2101000000]
[c=2102000000]
cosim: 799000000 retirements ok (pc=ffffffff808ee224)
[c=2103000000]
[c=2104000000]
cosim: 800000000 retirements ok (pc=ffffffff800f76c2)
[c=2105000000]
[c=2106000000]
[c=2107000000]
cosim: 801000000 retirements ok (pc=ffffffff800f76c0)
[c=2108000000]
[c=2109000000]
cosim: 802000000 retirements ok (pc=ffffffff800f76b8)
[c=2110000000]
[c=2111000000]
cosim: 803000000 retirements ok (pc=ffffffff80265602)
[c=2112000000]
[c=2113000000]
[c=2114000000]
cosim: 804000000 retirements ok (pc=ffffffff800f7694)
[c=2115000000]
[c=2116000000]
[c=2117000000]
cosim: 805000000 retirements ok (pc=ffffffff800f7690)
[c=2118000000]
[c=2119000000]
cosim: 806000000 retirements ok (pc=ffffffff808e2c88)
[c=2120000000]
[c=2121000000]
[c=2122000000]
cosim: 807000000 retirements ok (pc=ffffffff800f76c6)
[c=2123000000]
[c=2124000000]
cosim: 808000000 retirements ok (pc=ffffffff808e294e)
[c=2125000000]
[c=2126000000]
[c=2127000000]
cosim: 809000000 retirements ok (pc=ffffffff800f76b8)
[c=2128000000]
[c=2129000000]
cosim: 810000000 retirements ok (pc=ffffffff80059d66)
[c=2130000000]
[c=2131000000]
[c=2132000000]
cosim: 811000000 retirements ok (pc=ffffffff800f76c6)
[c=2133000000]
[c=2134000000]
cosim: 812000000 retirements ok (pc=ffffffff800f76b0)
[c=2135000000]
[c=2136000000]
[c=2137000000]
cosim: 813000000 retirements ok (pc=ffffffff808e6c28)
[c=2138000000]
[c=2139000000]
cosim: 814000000 retirements ok (pc=ffffffff800f775a)
[c=2140000000]
[c=2141000000]
[c=2142000000]
cosim: 815000000 retirements ok (pc=ffffffff800f772a)
[c=2143000000]
[c=2144000000]
cosim: 816000000 retirements ok (pc=ffffffff800f7724)
[c=2145000000]
[c=2146000000]
[c=2147000000]
cosim: 817000000 retirements ok (pc=ffffffff800f76a2)
[c=2148000000]
[c=2149000000]
[c=2150000000]
cosim: 818000000 retirements ok (pc=ffffffff800f76b0)
[c=2151000000]
[c=2152000000]
cosim: 819000000 retirements ok (pc=ffffffff800f773a)
[c=2153000000]
[c=2154000000]
[c=2155000000]
cosim: 820000000 retirements ok (pc=ffffffff8068b952)
[c=2156000000]
[c=2157000000]
cosim: 821000000 retirements ok (pc=ffffffff800a0944)
[c=2158000000]
[c=2159000000]
[c=2160000000]
cosim: 822000000 retirements ok (pc=ffffffff804c25be)
[c=2161000000]
[c=2162000000]
cosim: 823000000 retirements ok (pc=ffffffff800f7758)
[c=2163000000]
[c=2164000000]
[c=2165000000]
cosim: 824000000 retirements ok (pc=ffffffff800f7690)
[c=2166000000]
[c=2167000000]
[c=2168000000]
cosim: 825000000 retirements ok (pc=ffffffff800f76aa)
[c=2169000000]
[c=2170000000]
cosim: 826000000 retirements ok (pc=ffffffff800f775e)
[c=2171000000]
[c=2172000000]
[c=2173000000]
cosim: 827000000 retirements ok (pc=ffffffff80038cc4)
[c=2174000000]
[c=2175000000]
cosim: 828000000 retirements ok (pc=ffffffff800f7756)
[c=2176000000]
[c=2177000000]
[c=2178000000]
cosim: 829000000 retirements ok (pc=ffffffff8005d1f8)
[c=2179000000]
[c=2180000000]
cosim: 830000000 retirements ok (pc=ffffffff80059d48)
[c=2181000000]
[c=2182000000]
[c=2183000000]
cosim: 831000000 retirements ok (pc=ffffffff80057280)
[c=2184000000]
[c=2185000000]
cosim: 832000000 retirements ok (pc=ffffffff800f7724)
[c=2186000000]
[c=2187000000]
[c=2188000000]
cosim: 833000000 retirements ok (pc=ffffffff800f76a2)
[c=2189000000]
[c=2190000000]
[c=2191000000]
cosim: 834000000 retirements ok (pc=ffffffff800a0c06)
[c=2192000000]
[c=2193000000]
[c=2194000000]
cosim: 835000000 retirements ok (pc=ffffffff800f775e)
[c=2195000000]
[c=2196000000]
[c=2197000000]
cosim: 836000000 retirements ok (pc=ffffffff800a226a)
[c=2198000000]
[c=2199000000]
cosim: 837000000 retirements ok (pc=ffffffff808e28bc)
[c=2200000000]
[c=2201000000]
[c=2202000000]
cosim: 838000000 retirements ok (pc=ffffffff800f76ae)
[c=2203000000]
[c=2204000000]
[c=2205000000]
cosim: 839000000 retirements ok (pc=ffffffff808dfc84)
[c=2206000000]
[c=2207000000]
cosim: 840000000 retirements ok (pc=ffffffff800f7720)
[c=2208000000]
[c=2209000000]
[c=2210000000]
cosim: 841000000 retirements ok (pc=ffffffff800f77e8)
[c=2211000000]
[c=2212000000]
cosim: 842000000 retirements ok (pc=ffffffff80251fb0)
[c=2213000000]
[c=2214000000]
[c=2215000000]
cosim: 843000000 retirements ok (pc=ffffffff800f780c)
[c=2216000000]
[c=2217000000]
[c=2218000000]
cosim: 844000000 retirements ok (pc=ffffffff8049ac2a)
[c=2219000000]
[c=2220000000]
cosim: 845000000 retirements ok (pc=ffffffff808e2936)
[c=2221000000]
[c=2222000000]
[c=2223000000]
cosim: 846000000 retirements ok (pc=ffffffff808e293c)
[c=2224000000]
[c=2225000000]
cosim: 847000000 retirements ok (pc=ffffffff800f77fa)
[c=2226000000]
[c=2227000000]
cosim: 848000000 retirements ok (pc=ffffffff8024966c)
[c=2228000000]
[c=2229000000]
[c=2230000000]
cosim: 849000000 retirements ok (pc=ffffffff800f7752)
[c=2231000000]
[c=2232000000]
cosim: 850000000 retirements ok (pc=ffffffff800f77e2)
[c=2233000000]
[c=2234000000]
[c=2235000000]
cosim: 851000000 retirements ok (pc=ffffffff800a1080)
[c=2236000000]
[c=2237000000]
cosim: 852000000 retirements ok (pc=ffffffff808e293e)
[c=2238000000]
[c=2239000000]
cosim: 853000000 retirements ok (pc=ffffffff808e293e)
[c=2240000000]
[c=2241000000]
[c=2242000000]
cosim: 854000000 retirements ok (pc=ffffffff808e2938)
[c=2243000000]
[c=2244000000]
cosim: 855000000 retirements ok (pc=ffffffff808e2b74)
[c=2245000000]
[c=2246000000]
[c=2247000000]
cosim: 856000000 retirements ok (pc=ffffffff800f769c)
[c=2248000000]
[c=2249000000]
[c=2250000000]
cosim: 857000000 retirements ok (pc=ffffffff800f768c)
[c=2251000000]
[c=2252000000]
cosim: 858000000 retirements ok (pc=ffffffff800f7698)
[c=2253000000]
[c=2254000000]
[c=2255000000]
cosim: 859000000 retirements ok (pc=ffffffff80059c6a)
[c=2256000000]
[c=2257000000]
cosim: 860000000 retirements ok (pc=ffffffff8006400a)
[c=2258000000]
[c=2259000000]
[c=2260000000]
cosim: 861000000 retirements ok (pc=ffffffff800f77f8)
[c=2261000000]
[c=2262000000]
cosim: 862000000 retirements ok (pc=ffffffff8068b954)
[c=2263000000]
[c=2264000000]
[c=2265000000]
cosim: 863000000 retirements ok (pc=ffffffff808e429e)
[c=2266000000]
[c=2267000000]
cosim: 864000000 retirements ok (pc=ffffffff808e685a)
[c=2268000000]
[c=2269000000]
[c=2270000000]
cosim: 865000000 retirements ok (pc=ffffffff8004d112)
[c=2271000000]
[c=2272000000]
cosim: 866000000 retirements ok (pc=ffffffff80064362)
[c=2273000000]
[c=2274000000]
[c=2275000000]
cosim: 867000000 retirements ok (pc=ffffffff800f7766)
[c=2276000000]
[c=2277000000]
[c=2278000000]
cosim: 868000000 retirements ok (pc=ffffffff801aa186)
[c=2279000000]
[c=2280000000]
cosim: 869000000 retirements ok (pc=ffffffff802620b4)
[c=2281000000]
[c=2282000000]
[c=2283000000]
cosim: 870000000 retirements ok (pc=ffffffff801b47f2)
[c=2284000000]
[c=2285000000]
cosim: 871000000 retirements ok (pc=ffffffff800f7752)
[c=2286000000]
[c=2287000000]
[c=2288000000]
cosim: 872000000 retirements ok (pc=ffffffff800f7758)
[c=2289000000]
[c=2290000000]
cosim: 873000000 retirements ok (pc=ffffffff801b077c)
[c=2291000000]
[c=2292000000]
[c=2293000000]
cosim: 874000000 retirements ok (pc=ffffffff800f7756)
[c=2294000000]
[c=2295000000]
[c=2296000000]
cosim: 875000000 retirements ok (pc=ffffffff800f7758)
[c=2297000000]
[c=2298000000]
[c=2299000000]
cosim: 876000000 retirements ok (pc=ffffffff800f76c6)
[c=2300000000]
[c=2301000000]
cosim: 877000000 retirements ok (pc=ffffffff800f76ae)
[c=2302000000]
[c=2303000000]
[c=2304000000]
cosim: 878000000 retirements ok (pc=ffffffff80248974)
[c=2305000000]
[c=2306000000]
[c=2307000000]
cosim: 879000000 retirements ok (pc=ffffffff808e2918)
[c=2308000000]
[c=2309000000]
[c=2310000000]
cosim: 880000000 retirements ok (pc=ffffffff800f76ac)
[c=2311000000]
[c=2312000000]
cosim: 881000000 retirements ok (pc=ffffffff800f772a)
[c=2313000000]
[c=2314000000]
[c=2315000000]
cosim: 882000000 retirements ok (pc=ffffffff808e2936)
[c=2316000000]
[c=2317000000]
cosim: 883000000 retirements ok (pc=ffffffff808e2934)
[c=2318000000]
[c=2319000000]
cosim: 884000000 retirements ok (pc=ffffffff800f7728)
[c=2320000000]
[c=2321000000]
[c=2322000000]
cosim: 885000000 retirements ok (pc=ffffffff800f7758)
[c=2323000000]
[c=2324000000]
cosim: 886000000 retirements ok (pc=ffffffff800f7694)
[c=2325000000]
[c=2326000000]
[c=2327000000]
cosim: 887000000 retirements ok (pc=ffffffff800f7698)
[c=2328000000]
[c=2329000000]
cosim: 888000000 retirements ok (pc=ffffffff808e293e)
[c=2330000000]
[c=2331000000]
cosim: 889000000 retirements ok (pc=ffffffff800f7756)
[c=2332000000]
[c=2333000000]
[c=2334000000]
cosim: 890000000 retirements ok (pc=ffffffff808e2938)
[c=2335000000]
[c=2336000000]
cosim: 891000000 retirements ok (pc=ffffffff808ee30c)
[c=2337000000]
[c=2338000000]
cosim: 892000000 retirements ok (pc=ffffffff800f76a2)
[c=2339000000]
[c=2340000000]
[c=2341000000]
cosim: 893000000 retirements ok (pc=ffffffff8007ef8a)
[c=2342000000]
[c=2343000000]
cosim: 894000000 retirements ok (pc=ffffffff808df6a0)
[c=2344000000]
[c=2345000000]
[c=2346000000]
cosim: 895000000 retirements ok (pc=ffffffff800f7758)
[c=2347000000]
[c=2348000000]
cosim: 896000000 retirements ok (pc=ffffffff800f76a6)
[c=2349000000]
[c=2350000000]
cosim: 897000000 retirements ok (pc=ffffffff800f7756)
[c=2351000000]
[c=2352000000]
[c=2353000000]
cosim: 898000000 retirements ok (pc=ffffffff80058664)
[c=2354000000]
[c=2355000000]
cosim: 899000000 retirements ok (pc=ffffffff808ee332)
[c=2356000000]
[c=2357000000]
cosim: 900000000 retirements ok (pc=ffffffff800f7756)
[c=2358000000]
[c=2359000000]
[c=2360000000]
cosim: 901000000 retirements ok (pc=ffffffff808e293e)
[c=2361000000]
[c=2362000000]
cosim: 902000000 retirements ok (pc=ffffffff800f775e)
[c=2363000000]
[c=2364000000]
cosim: 903000000 retirements ok (pc=ffffffff80058610)
[c=2365000000]
[c=2366000000]
[c=2367000000]
cosim: 904000000 retirements ok (pc=ffffffff808e293e)
[c=2368000000]
[c=2369000000]
cosim: 905000000 retirements ok (pc=ffffffff800f77ec)
[c=2370000000]
[c=2371000000]
[c=2372000000]
cosim: 906000000 retirements ok (pc=ffffffff800f76b0)
[c=2373000000]
[c=2374000000]
cosim: 907000000 retirements ok (pc=ffffffff800f76a6)
[c=2375000000]
[c=2376000000]
cosim: 908000000 retirements ok (pc=ffffffff80064078)
[c=2377000000]
[c=2378000000]
[c=2379000000]
cosim: 909000000 retirements ok (pc=ffffffff800f7698)
[c=2380000000]
[c=2381000000]
[c=2382000000]
cosim: 910000000 retirements ok (pc=ffffffff808e15e0)
[c=2383000000]
[c=2384000000]
[c=2385000000]
cosim: 911000000 retirements ok (pc=ffffffff808e6f0c)
[c=2386000000]
[c=2387000000]
cosim: 912000000 retirements ok (pc=ffffffff800f7758)
[c=2388000000]
[c=2389000000]
[c=2390000000]
cosim: 913000000 retirements ok (pc=ffffffff808e28a8)
[c=2391000000]
[c=2392000000]
[c=2393000000]
cosim: 914000000 retirements ok (pc=ffffffff801a7b7a)
[c=2394000000]
[c=2395000000]
[c=2396000000]
cosim: 915000000 retirements ok (pc=ffffffff800f769c)
[c=2397000000]
[c=2398000000]
cosim: 916000000 retirements ok (pc=ffffffff800f76b8)
[c=2399000000]
[c=2400000000]
[c=2401000000]
cosim: 917000000 retirements ok (pc=ffffffff800f76b4)
[c=2402000000]
[c=2403000000]
cosim: 918000000 retirements ok (pc=ffffffff808e293e)
[c=2404000000]
[c=2405000000]
[c=2406000000]
cosim: 919000000 retirements ok (pc=ffffffff80054706)
[c=2407000000]
[c=2408000000]
cosim: 920000000 retirements ok (pc=ffffffff808e2938)
[c=2409000000]
[c=2410000000]
[c=2411000000]
cosim: 921000000 retirements ok (pc=ffffffff800a2254)
[c=2412000000]
[c=2413000000]
cosim: 922000000 retirements ok (pc=ffffffff800f7694)
[c=2414000000]
[c=2415000000]
[c=2416000000]
cosim: 923000000 retirements ok (pc=ffffffff80063f06)
[c=2417000000]
[c=2418000000]
cosim: 924000000 retirements ok (pc=ffffffff800f7756)
[c=2419000000]
[c=2420000000]
[c=2421000000]
cosim: 925000000 retirements ok (pc=ffffffff808e16b2)
[c=2422000000]
[c=2423000000]
[c=2424000000]
cosim: 926000000 retirements ok (pc=ffffffff801a79a4)
[c=2425000000]
[c=2426000000]
[c=2427000000]
cosim: 927000000 retirements ok (pc=ffffffff800f76c6)
[c=2428000000]
[c=2429000000]
cosim: 928000000 retirements ok (pc=ffffffff800f772a)
[c=2430000000]
[c=2431000000]
[c=2432000000]
cosim: 929000000 retirements ok (pc=ffffffff808e2918)
[c=2433000000]
[c=2434000000]
[c=2435000000]
cosim: 930000000 retirements ok (pc=ffffffff800f7728)
[c=2436000000]
[c=2437000000]
cosim: 931000000 retirements ok (pc=ffffffff800c9d6c)
[c=2438000000]
[c=2439000000]
[c=2440000000]
cosim: 932000000 retirements ok (pc=ffffffff800f7690)
[c=2441000000]
[c=2442000000]
[c=2443000000]
cosim: 933000000 retirements ok (pc=ffffffff801b5164)
[c=2444000000]
[c=2445000000]
[c=2446000000]
cosim: 934000000 retirements ok (pc=ffffffff800f76b0)
[c=2447000000]
[c=2448000000]
cosim: 935000000 retirements ok (pc=ffffffff804a2ecc)
[c=2449000000]
[c=2450000000]
[c=2451000000]
cosim: 936000000 retirements ok (pc=ffffffff8020f5c8)
[c=2452000000]
[c=2453000000]
cosim: 937000000 retirements ok (pc=ffffffff8006424a)
[c=2454000000]
[c=2455000000]
[c=2456000000]
cosim: 938000000 retirements ok (pc=ffffffff800f7758)
[c=2457000000]
[c=2458000000]
[c=2459000000]
cosim: 939000000 retirements ok (pc=ffffffff800f7758)
[c=2460000000]
[c=2461000000]
cosim: 940000000 retirements ok (pc=ffffffff808e293c)
[c=2462000000]
[c=2463000000]
[c=2464000000]
cosim: 941000000 retirements ok (pc=ffffffff800f7762)
[c=2465000000]
[c=2466000000]
[c=2467000000]
cosim: 942000000 retirements ok (pc=ffffffff800a481e)
[c=2468000000]
[c=2469000000]
cosim: 943000000 retirements ok (pc=ffffffff804ab0e8)
[c=2470000000]
[c=2471000000]
[c=2472000000]
cosim: 944000000 retirements ok (pc=ffffffff808e2938)
[c=2473000000]
[c=2474000000]
cosim: 945000000 retirements ok (pc=ffffffff808e2c96)
[c=2475000000]
[c=2476000000]
[c=2477000000]
cosim: 946000000 retirements ok (pc=ffffffff800c4160)
[c=2478000000]
[c=2479000000]
cosim: 947000000 retirements ok (pc=ffffffff800f76c0)
[c=2480000000]
[c=2481000000]
[c=2482000000]
cosim: 948000000 retirements ok (pc=ffffffff800583a6)
[c=2483000000]
[c=2484000000]
cosim: 949000000 retirements ok (pc=ffffffff800f76a2)
[c=2485000000]
[c=2486000000]
[c=2487000000]
cosim: 950000000 retirements ok (pc=ffffffff800f77e2)
[c=2488000000]
[c=2489000000]
[c=2490000000]
cosim: 951000000 retirements ok (pc=ffffffff804a89a6)
[c=2491000000]
[c=2492000000]
cosim: 952000000 retirements ok (pc=ffffffff800f7772)
[c=2493000000]
[c=2494000000]
[c=2495000000]
cosim: 953000000 retirements ok (pc=ffffffff800f77ec)
[c=2496000000]
[c=2497000000]
[c=2498000000]
cosim: 954000000 retirements ok (pc=ffffffff80025220)
[c=2499000000]
[c=2500000000]
cosim: 955000000 retirements ok (pc=ffffffff808e6914)
[c=2501000000]
[c=2502000000]
[c=2503000000]
cosim: 956000000 retirements ok (pc=ffffffff800f77e2)
[c=2504000000]
[c=2505000000]
[c=2506000000]
cosim: 957000000 retirements ok (pc=ffffffff800f77e2)
[c=2507000000]
[c=2508000000]
cosim: 958000000 retirements ok (pc=ffffffff800f76d2)
[c=2509000000]
[c=2510000000]
[c=2511000000]
cosim: 959000000 retirements ok (pc=ffffffff800a2398)
[c=2512000000]
[c=2513000000]
[c=2514000000]
cosim: 960000000 retirements ok (pc=ffffffff800f76b4)
[c=2515000000]
[c=2516000000]
cosim: 961000000 retirements ok (pc=ffffffff800f77d8)
[c=2517000000]
[c=2518000000]
[c=2519000000]
cosim: 962000000 retirements ok (pc=ffffffff802714aa)
[c=2520000000]
[c=2521000000]
[c=2522000000]
cosim: 963000000 retirements ok (pc=ffffffff800a1926)
[c=2523000000]
[c=2524000000]
[c=2525000000]
cosim: 964000000 retirements ok (pc=ffffffff800f775a)
[c=2526000000]
[c=2527000000]
cosim: 965000000 retirements ok (pc=ffffffff800585e6)
[c=2528000000]
[c=2529000000]
[c=2530000000]
cosim: 966000000 retirements ok (pc=ffffffff800f76ac)
[c=2531000000]
[c=2532000000]
[c=2533000000]
cosim: 967000000 retirements ok (pc=ffffffff808e29b6)
[c=2534000000]
[c=2535000000]
[c=2536000000]
cosim: 968000000 retirements ok (pc=ffffffff8004dd2e)
[c=2537000000]
[c=2538000000]
cosim: 969000000 retirements ok (pc=ffffffff808e2d1e)
[c=2539000000]
[c=2540000000]
[c=2541000000]
cosim: 970000000 retirements ok (pc=ffffffff808e2c96)
[c=2542000000]
[c=2543000000]
[c=2544000000]
cosim: 971000000 retirements ok (pc=ffffffff800f77ec)
[c=2545000000]
[c=2546000000]
cosim: 972000000 retirements ok (pc=ffffffff800f77e6)
[c=2547000000]
[c=2548000000]
[c=2549000000]
cosim: 973000000 retirements ok (pc=ffffffff80079fd2)
[c=2550000000]
[c=2551000000]
[c=2552000000]
cosim: 974000000 retirements ok (pc=ffffffff808ee12e)
[c=2553000000]
[c=2554000000]
cosim: 975000000 retirements ok (pc=ffffffff808e2be8)
[c=2555000000]
[c=2556000000]
[c=2557000000]
cosim: 976000000 retirements ok (pc=ffffffff800f775e)
[c=2558000000]
[c=2559000000]
[c=2560000000]
cosim: 977000000 retirements ok (pc=ffffffff800f77f0)
[c=2561000000]
[c=2562000000]
[c=2563000000]
cosim: 978000000 retirements ok (pc=ffffffff8026f538)
[c=2564000000]
[c=2565000000]
cosim: 979000000 retirements ok (pc=ffffffff8027c85c)
[c=2566000000]
[c=2567000000]
[c=2568000000]
cosim: 980000000 retirements ok (pc=ffffffff808e3082)
[c=2569000000]
[c=2570000000]
[c=2571000000]
cosim: 981000000 retirements ok (pc=ffffffff800a1654)
[c=2572000000]
[c=2573000000]
[c=2574000000]
cosim: 982000000 retirements ok (pc=ffffffff8004e0a4)
[c=2575000000]
[c=2576000000]
cosim: 983000000 retirements ok (pc=ffffffff808e294e)
[c=2577000000]
[c=2578000000]
[c=2579000000]
cosim: 984000000 retirements ok (pc=ffffffff80531094)
[c=2580000000]
[c=2581000000]
[c=2582000000]
cosim: 985000000 retirements ok (pc=ffffffff808e294e)
[c=2583000000]
[c=2584000000]
cosim: 986000000 retirements ok (pc=ffffffff804ab0ae)
[c=2585000000]
[c=2586000000]
[c=2587000000]
cosim: 987000000 retirements ok (pc=ffffffff800af1ce)
[c=2588000000]
[c=2589000000]
[c=2590000000]
cosim: 988000000 retirements ok (pc=ffffffff800f77e6)
[c=2591000000]
[c=2592000000]
cosim: 989000000 retirements ok (pc=ffffffff800554a6)
[c=2593000000]
[c=2594000000]
[c=2595000000]
cosim: 990000000 retirements ok (pc=ffffffff808e2bee)
[c=2596000000]
[c=2597000000]
cosim: 991000000 retirements ok (pc=ffffffff800f7698)
[c=2598000000]
[c=2599000000]
[c=2600000000]
cosim: 992000000 retirements ok (pc=ffffffff800a0864)
[c=2601000000]
[c=2602000000]
[c=2603000000]
cosim: 993000000 retirements ok (pc=ffffffff800f77e0)
[c=2604000000]
[c=2605000000]
cosim: 994000000 retirements ok (pc=ffffffff800f77f8)
[c=2606000000]
[c=2607000000]
[c=2608000000]
cosim: 995000000 retirements ok (pc=ffffffff800f775a)
[c=2609000000]
[c=2610000000]
[c=2611000000]
cosim: 996000000 retirements ok (pc=ffffffff800f76b8)
[c=2612000000]
[c=2613000000]
cosim: 997000000 retirements ok (pc=ffffffff8068b956)
[c=2614000000]
[c=2615000000]
[c=2616000000]
cosim: 998000000 retirements ok (pc=ffffffff802460f0)
[c=2617000000]
[c=2618000000]
cosim: 999000000 retirements ok (pc=ffffffff800a2490)
[c=2619000000]
[c=2620000000]
[c=2621000000]
cosim: 1000000000 retirements ok (pc=ffffffff80064016)
[c=2622000000]
[c=2623000000]
cosim: 1001000000 retirements ok (pc=ffffffff8027c886)
[c=2624000000]
[c=2625000000]
[c=2626000000]
cosim: 1002000000 retirements ok (pc=ffffffff800f771a)
[c=2627000000]
[c=2628000000]
cosim: 1003000000 retirements ok (pc=ffffffff8027148e)
[c=2629000000]
[c=2630000000]
[c=2631000000]
cosim: 1004000000 retirements ok (pc=ffffffff800f7752)
[c=2632000000]
[c=2633000000]
[c=2634000000]
cosim: 1005000000 retirements ok (pc=ffffffff80531120)
[c=2635000000]
[c=2636000000]
cosim: 1006000000 retirements ok (pc=ffffffff808e293e)
[c=2637000000]
[c=2638000000]
[c=2639000000]
cosim: 1007000000 retirements ok (pc=ffffffff800f76aa)
[c=2640000000]
[c=2641000000]
cosim: 1008000000 retirements ok (pc=ffffffff808e6824)
[c=2642000000]
[c=2643000000]
[c=2644000000]
cosim: 1009000000 retirements ok (pc=ffffffff800f77e8)
[c=2645000000]
[c=2646000000]
cosim: 1010000000 retirements ok (pc=ffffffff80261ebe)
[c=2647000000]
[c=2648000000]
cosim: 1011000000 retirements ok (pc=ffffffff8004e058)
[c=2649000000]
[c=2650000000]
[c=2651000000]
cosim: 1012000000 retirements ok (pc=ffffffff80261e32)
[c=2652000000]
[c=2653000000]
[c=2654000000]
cosim: 1013000000 retirements ok (pc=ffffffff801b6e5a)
[c=2655000000]
[c=2656000000]
cosim: 1014000000 retirements ok (pc=ffffffff800f77fa)
[c=2657000000]
[c=2658000000]
[c=2659000000]
cosim: 1015000000 retirements ok (pc=ffffffff800f775a)
[c=2660000000]
[c=2661000000]
cosim: 1016000000 retirements ok (pc=ffffffff800f77e8)
[c=2662000000]
[c=2663000000]
[c=2664000000]
cosim: 1017000000 retirements ok (pc=ffffffff800f76ae)
[c=2665000000]
[c=2666000000]
[c=2667000000]
cosim: 1018000000 retirements ok (pc=ffffffff808e2936)
[c=2668000000]
[c=2669000000]
cosim: 1019000000 retirements ok (pc=ffffffff800f775a)
[c=2670000000]
[c=2671000000]
[c=2672000000]
cosim: 1020000000 retirements ok (pc=ffffffff808e294e)
[c=2673000000]
[c=2674000000]
cosim: 1021000000 retirements ok (pc=ffffffff800a5930)
[c=2675000000]
[c=2676000000]
[c=2677000000]
cosim: 1022000000 retirements ok (pc=ffffffff800f77ec)
[c=2678000000]
[c=2679000000]
cosim: 1023000000 retirements ok (pc=ffffffff80063f3c)
[c=2680000000]
[c=2681000000]
[c=2682000000]
cosim: 1024000000 retirements ok (pc=ffffffff800f7752)
[c=2683000000]
[c=2684000000]
cosim: 1025000000 retirements ok (pc=ffffffff808e2bc0)
[c=2685000000]
[c=2686000000]
[c=2687000000]
cosim: 1026000000 retirements ok (pc=ffffffff80265f28)
[c=2688000000]
[c=2689000000]
cosim: 1027000000 retirements ok (pc=ffffffff8027c84a)
[c=2690000000]
[c=2691000000]
cosim: 1028000000 retirements ok (pc=ffffffff800f771e)
[c=2692000000]
[c=2693000000]
cosim: 1029000000 retirements ok (pc=ffffffff800f76b8)
[c=2694000000]
[c=2695000000]
[c=2696000000]
cosim: 1030000000 retirements ok (pc=ffffffff800f76b4)
[c=2697000000]
[c=2698000000]
[c=2699000000]
cosim: 1031000000 retirements ok (pc=ffffffff8020a8a8)
[c=2700000000]
[c=2701000000]
[c=2702000000]
cosim: 1032000000 retirements ok (pc=ffffffff800f76c2)
[c=2703000000]
[c=2704000000]
[c=2705000000]
cosim: 1033000000 retirements ok (pc=ffffffff800f7758)
[c=2706000000]
[c=2707000000]
[c=2708000000]
cosim: 1034000000 retirements ok (pc=ffffffff800f775e)
[c=2709000000]
[c=2710000000]
[c=2711000000]
cosim: 1035000000 retirements ok (pc=ffffffff800f775e)
[c=2712000000]
[c=2713000000]
[c=2714000000]
cosim: 1036000000 retirements ok (pc=ffffffff8020a6f8)
[c=2715000000]
[c=2716000000]
[c=2717000000]
cosim: 1037000000 retirements ok (pc=ffffffff800f76b4)
[c=2718000000]
[c=2719000000]
[c=2720000000]
cosim: 1038000000 retirements ok (pc=ffffffff800f7752)
[c=2721000000]
[c=2722000000]
cosim: 1039000000 retirements ok (pc=ffffffff8020baee)
[c=2723000000]
[c=2724000000]
[c=2725000000]
cosim: 1040000000 retirements ok (pc=ffffffff800f7698)
[c=2726000000]
[c=2727000000]
[c=2728000000]
cosim: 1041000000 retirements ok (pc=ffffffff800f775e)
[c=2729000000]
[c=2730000000]
[c=2731000000]
cosim: 1042000000 retirements ok (pc=ffffffff800f775e)
[c=2732000000]
[c=2733000000]
[c=2734000000]
cosim: 1043000000 retirements ok (pc=ffffffff8020a6b2)
[c=2735000000]
[c=2736000000]
[c=2737000000]
cosim: 1044000000 retirements ok (pc=ffffffff800f76bc)
[c=2738000000]
[c=2739000000]
[c=2740000000]
cosim: 1045000000 retirements ok (pc=ffffffff800f7752)
[c=2741000000]
[c=2742000000]
[c=2743000000]
cosim: 1046000000 retirements ok (pc=ffffffff8020bb22)
[c=2744000000]
[c=2745000000]
[c=2746000000]
cosim: 1047000000 retirements ok (pc=ffffffff800f769e)
[c=2747000000]
[c=2748000000]
[c=2749000000]
cosim: 1048000000 retirements ok (pc=ffffffff800f77e0)
[c=2750000000]
[c=2751000000]
[c=2752000000]
cosim: 1049000000 retirements ok (pc=ffffffff8020a6c0)
[c=2753000000]
[c=2754000000]
[c=2755000000]
cosim: 1050000000 retirements ok (pc=ffffffff800f76b8)
[c=2756000000]
[c=2757000000]
[c=2758000000]
cosim: 1051000000 retirements ok (pc=ffffffff808ee080)
[c=2759000000]
[c=2760000000]
[c=2761000000]
cosim: 1052000000 retirements ok (pc=ffffffff800f7758)
[c=2762000000]
[c=2763000000]
[c=2764000000]
cosim: 1053000000 retirements ok (pc=ffffffff800f76c0)
[c=2765000000]
[c=2766000000]
[c=2767000000]
cosim: 1054000000 retirements ok (pc=ffffffff8020a902)
[c=2768000000]
[c=2769000000]
[c=2770000000]
cosim: 1055000000 retirements ok (pc=ffffffff800f768c)
[c=2771000000]
[c=2772000000]
cosim: 1056000000 retirements ok (pc=ffffffff800f76ac)
[c=2773000000]
[c=2774000000]
[c=2775000000]
cosim: 1057000000 retirements ok (pc=ffffffff8020aa84)
[c=2776000000]
[c=2777000000]
[c=2778000000]
cosim: 1058000000 retirements ok (pc=ffffffff800f775a)
[c=2779000000]
[c=2780000000]
[c=2781000000]
cosim: 1059000000 retirements ok (pc=ffffffff800f76c6)
[c=2782000000]
[c=2783000000]
[c=2784000000]
cosim: 1060000000 retirements ok (pc=ffffffff800a1112)
[c=2785000000]
[c=2786000000]
[c=2787000000]
cosim: 1061000000 retirements ok (pc=ffffffff800f76b0)
[c=2788000000]
[c=2789000000]
[c=2790000000]
cosim: 1062000000 retirements ok (pc=ffffffff800f76c2)
[c=2791000000]
[c=2792000000]
[c=2793000000]
cosim: 1063000000 retirements ok (pc=ffffffff800f77e6)
[c=2794000000]
[c=2795000000]
[c=2796000000]
cosim: 1064000000 retirements ok (pc=ffffffff8005742a)
[c=2797000000]
[c=2798000000]
[c=2799000000]
cosim: 1065000000 retirements ok (pc=ffffffff800f7718)
[c=2800000000]
[c=2801000000]
[c=2802000000]
cosim: 1066000000 retirements ok (pc=ffffffff800f77f0)
[c=2803000000]
[c=2804000000]
[c=2805000000]
cosim: 1067000000 retirements ok (pc=ffffffff80024fe2)
[c=2806000000]
[c=2807000000]
[c=2808000000]
cosim: 1068000000 retirements ok (pc=ffffffff800f775e)
[c=2809000000]
[c=2810000000]
[c=2811000000]
cosim: 1069000000 retirements ok (pc=ffffffff800f76c2)
[c=2812000000]
[c=2813000000]
[c=2814000000]
cosim: 1070000000 retirements ok (pc=ffffffff80058604)
[c=2815000000]
[c=2816000000]
[c=2817000000]
cosim: 1071000000 retirements ok (pc=ffffffff800f769c)
[c=2818000000]
[c=2819000000]
[c=2820000000]
cosim: 1072000000 retirements ok (pc=ffffffff808e2bb0)
[c=2821000000]
[c=2822000000]
[c=2823000000]
cosim: 1073000000 retirements ok (pc=ffffffff8068b946)
[c=2824000000]
[c=2825000000]
cosim: 1074000000 retirements ok (pc=ffffffff800f76a2)
[c=2826000000]
[c=2827000000]
[c=2828000000]
[c=2829000000]
cosim: 1075000000 retirements ok (pc=ffffffff8004f02a)
[c=2830000000]
[c=2831000000]
cosim: 1076000000 retirements ok (pc=ffffffff800f772a)
[c=2832000000]
[c=2833000000]
[c=2834000000]
cosim: 1077000000 retirements ok (pc=ffffffff808ee090)
[c=2835000000]
[c=2836000000]
[c=2837000000]
cosim: 1078000000 retirements ok (pc=ffffffff800f77e6)
[c=2838000000]
[c=2839000000]
[c=2840000000]
cosim: 1079000000 retirements ok (pc=ffffffff800f769e)
[c=2841000000]
[c=2842000000]
[c=2843000000]
cosim: 1080000000 retirements ok (pc=ffffffff80209f44)
[c=2844000000]
[c=2845000000]
[c=2846000000]
cosim: 1081000000 retirements ok (pc=ffffffff800f76a6)
[c=2847000000]
[c=2848000000]
[c=2849000000]
cosim: 1082000000 retirements ok (pc=ffffffff800f7694)
[c=2850000000]
[c=2851000000]
[c=2852000000]
cosim: 1083000000 retirements ok (pc=ffffffff800f76ac)
[c=2853000000]
[c=2854000000]
[c=2855000000]
cosim: 1084000000 retirements ok (pc=ffffffff800f76aa)
[c=2856000000]
[c=2857000000]
[c=2858000000]
cosim: 1085000000 retirements ok (pc=ffffffff808e2bc0)
[c=2859000000]
[c=2860000000]
[c=2861000000]
cosim: 1086000000 retirements ok (pc=ffffffff800a112c)
[c=2862000000]
[c=2863000000]
[c=2864000000]
cosim: 1087000000 retirements ok (pc=ffffffff800f76ac)
[c=2865000000]
[c=2866000000]
[c=2867000000]
cosim: 1088000000 retirements ok (pc=ffffffff8004f00c)
[c=2868000000]
[c=2869000000]
[c=2870000000]
cosim: 1089000000 retirements ok (pc=ffffffff800f77f8)
[c=2871000000]
[c=2872000000]
[c=2873000000]
cosim: 1090000000 retirements ok (pc=ffffffff800f769e)
[c=2874000000]
[c=2875000000]
[c=2876000000]
cosim: 1091000000 retirements ok (pc=ffffffff800f76bc)
[c=2877000000]
[c=2878000000]
[c=2879000000]
cosim: 1092000000 retirements ok (pc=ffffffff800f772a)
[c=2880000000]
[c=2881000000]
cosim: 1093000000 retirements ok (pc=ffffffff8053106e)
[c=2882000000]
[c=2883000000]
[c=2884000000]
cosim: 1094000000 retirements ok (pc=ffffffff800f76b4)
[c=2885000000]
[c=2886000000]
[c=2887000000]
cosim: 1095000000 retirements ok (pc=ffffffff800f775e)
[c=2888000000]
[c=2889000000]
[c=2890000000]
cosim: 1096000000 retirements ok (pc=ffffffff800f76ac)
[c=2891000000]
[c=2892000000]
[c=2893000000]
cosim: 1097000000 retirements ok (pc=ffffffff808e2b74)
[c=2894000000]
[c=2895000000]
[c=2896000000]
cosim: 1098000000 retirements ok (pc=ffffffff800f77f4)
[c=2897000000]
[c=2898000000]
[c=2899000000]
cosim: 1099000000 retirements ok (pc=ffffffff801c9f72)
[c=2900000000]
[c=2901000000]
[c=2902000000]
cosim: 1100000000 retirements ok (pc=ffffffff800f775e)
[c=2903000000]
[c=2904000000]
[c=2905000000]
cosim: 1101000000 retirements ok (pc=ffffffff8020c0b4)
[c=2906000000]
[c=2907000000]
cosim: 1102000000 retirements ok (pc=ffffffff800f76ae)
[c=2908000000]
[c=2909000000]
[c=2910000000]
cosim: 1103000000 retirements ok (pc=ffffffff8020adca)
[c=2911000000]
[c=2912000000]
[c=2913000000]
cosim: 1104000000 retirements ok (pc=ffffffff800f76c6)
[c=2914000000]
[c=2915000000]
[c=2916000000]
cosim: 1105000000 retirements ok (pc=ffffffff808e412c)
[c=2917000000]
[c=2918000000]
[c=2919000000]
cosim: 1106000000 retirements ok (pc=ffffffff800f77f8)
[c=2920000000]
[c=2921000000]
[c=2922000000]
cosim: 1107000000 retirements ok (pc=ffffffff800f76b8)
[c=2923000000]
[c=2924000000]
cosim: 1108000000 retirements ok (pc=ffffffff8020a5dc)
[c=2925000000]
[c=2926000000]
[c=2927000000]
cosim: 1109000000 retirements ok (pc=ffffffff800f7736)
[c=2928000000]
[c=2929000000]
[c=2930000000]
cosim: 1110000000 retirements ok (pc=ffffffff8020bb70)
[c=2931000000]
[c=2932000000]
[c=2933000000]
cosim: 1111000000 retirements ok (pc=ffffffff800f76c6)
[c=2934000000]
[c=2935000000]
[c=2936000000]
cosim: 1112000000 retirements ok (pc=ffffffff800f769c)
[c=2937000000]
[c=2938000000]
[c=2939000000]
cosim: 1113000000 retirements ok (pc=ffffffff800f76bc)
[c=2940000000]
[c=2941000000]
[c=2942000000]
cosim: 1114000000 retirements ok (pc=ffffffff800f76c6)
[c=2943000000]
[c=2944000000]
[c=2945000000]
cosim: 1115000000 retirements ok (pc=ffffffff8020bacc)
[c=2946000000]
[c=2947000000]
[c=2948000000]
cosim: 1116000000 retirements ok (pc=ffffffff800f7758)
[c=2949000000]
[c=2950000000]
[c=2951000000]
cosim: 1117000000 retirements ok (pc=ffffffff800f76ac)
[c=2952000000]
[c=2953000000]
[c=2954000000]
cosim: 1118000000 retirements ok (pc=ffffffff808d51b4)
[c=2955000000]
[c=2956000000]
[c=2957000000]
cosim: 1119000000 retirements ok (pc=ffffffff800f773a)
[c=2958000000]
[c=2959000000]
[c=2960000000]
cosim: 1120000000 retirements ok (pc=ffffffff800f76c0)
[c=2961000000]
[c=2962000000]
[c=2963000000]
cosim: 1121000000 retirements ok (pc=ffffffff8020a5dc)
[c=2964000000]
[c=2965000000]
cosim: 1122000000 retirements ok (pc=ffffffff808e6736)
[c=2966000000]
[c=2967000000]
[c=2968000000]
cosim: 1123000000 retirements ok (pc=ffffffff80058350)
[c=2969000000]
[c=2970000000]
[c=2971000000]
cosim: 1124000000 retirements ok (pc=ffffffff800f7724)
[c=2972000000]
[c=2973000000]
[c=2974000000]
cosim: 1125000000 retirements ok (pc=ffffffff800a3c36)
[c=2975000000]
[c=2976000000]
[c=2977000000]
cosim: 1126000000 retirements ok (pc=ffffffff800a112c)
[c=2978000000]
[c=2979000000]
[c=2980000000]
cosim: 1127000000 retirements ok (pc=ffffffff800f76ae)
[c=2981000000]
[c=2982000000]
[c=2983000000]
cosim: 1128000000 retirements ok (pc=ffffffff800f7724)
[c=2984000000]
[c=2985000000]
[c=2986000000]
cosim: 1129000000 retirements ok (pc=ffffffff808e2b0c)
[c=2987000000]
[c=2988000000]
[c=2989000000]
cosim: 1130000000 retirements ok (pc=ffffffff800f7756)
[c=2990000000]
[c=2991000000]
[c=2992000000]
cosim: 1131000000 retirements ok (pc=ffffffff808e42c0)
[c=2993000000]
[c=2994000000]
[c=2995000000]
cosim: 1132000000 retirements ok (pc=ffffffff800f76a2)
[c=2996000000]
[c=2997000000]
[c=2998000000]
cosim: 1133000000 retirements ok (pc=ffffffff800f7718)
[c=2999000000]
[c=3000000000]
[c=3001000000]
cosim: 1134000000 retirements ok (pc=ffffffff800f76a2)
[c=3002000000]
[c=3003000000]
[c=3004000000]
cosim: 1135000000 retirements ok (pc=ffffffff800f76bc)
[c=3005000000]
[c=3006000000]
[c=3007000000]
cosim: 1136000000 retirements ok (pc=ffffffff800f76c0)
[c=3008000000]
[c=3009000000]
[c=3010000000]
cosim: 1137000000 retirements ok (pc=ffffffff808e2bee)
[c=3011000000]
[c=3012000000]
[c=3013000000]
cosim: 1138000000 retirements ok (pc=ffffffff800a088e)
[c=3014000000]
[c=3015000000]
[c=3016000000]
cosim: 1139000000 retirements ok (pc=ffffffff800f76b4)
[c=3017000000]
[c=3018000000]
[c=3019000000]
cosim: 1140000000 retirements ok (pc=ffffffff800f7756)
[c=3020000000]
[c=3021000000]
[c=3022000000]
cosim: 1141000000 retirements ok (pc=ffffffff808e2bbc)
[c=3023000000]
[c=3024000000]
cosim: 1142000000 retirements ok (pc=ffffffff80063ece)
[c=3025000000]
[c=3026000000]
[c=3027000000]
cosim: 1143000000 retirements ok (pc=ffffffff800f769e)
[c=3028000000]
[c=3029000000]
[c=3030000000]
cosim: 1144000000 retirements ok (pc=ffffffff80063f62)
[c=3031000000]
[c=3032000000]
[c=3033000000]
cosim: 1145000000 retirements ok (pc=ffffffff800f7752)
[c=3034000000]
[c=3035000000]
[c=3036000000]
cosim: 1146000000 retirements ok (pc=ffffffff800f76b8)
[c=3037000000]
[c=3038000000]
[c=3039000000]
cosim: 1147000000 retirements ok (pc=ffffffff8020a73c)
[c=3040000000]
[c=3041000000]
[c=3042000000]
cosim: 1148000000 retirements ok (pc=ffffffff800f76ae)
[c=3043000000]
[c=3044000000]
[c=3045000000]
cosim: 1149000000 retirements ok (pc=ffffffff800f76ce)
[c=3046000000]
[c=3047000000]
[c=3048000000]
cosim: 1150000000 retirements ok (pc=ffffffff808e2b44)
[c=3049000000]
[c=3050000000]
[c=3051000000]
cosim: 1151000000 retirements ok (pc=ffffffff800f7718)
[c=3052000000]
[c=3053000000]
[c=3054000000]
cosim: 1152000000 retirements ok (pc=ffffffff8020c0d0)
[c=3055000000]
[c=3056000000]
[c=3057000000]
cosim: 1153000000 retirements ok (pc=ffffffff800f7728)
[c=3058000000]
[c=3059000000]
[c=3060000000]
cosim: 1154000000 retirements ok (pc=ffffffff808d52f0)
[c=3061000000]
[c=3062000000]
[c=3063000000]
cosim: 1155000000 retirements ok (pc=ffffffff800f76bc)
[c=3064000000]
[c=3065000000]
[c=3066000000]
cosim: 1156000000 retirements ok (pc=ffffffff808e2b7c)
[c=3067000000]
[c=3068000000]
[c=3069000000]
cosim: 1157000000 retirements ok (pc=ffffffff800a4812)
[c=3070000000]
[c=3071000000]
[c=3072000000]
cosim: 1158000000 retirements ok (pc=ffffffff800f7808)
[c=3073000000]
[c=3074000000]
[c=3075000000]
cosim: 1159000000 retirements ok (pc=ffffffff804ac81c)
[c=3076000000]
[c=3077000000]
[c=3078000000]
cosim: 1160000000 retirements ok (pc=ffffffff800ae500)
[c=3079000000]
[c=3080000000]
[c=3081000000]
cosim: 1161000000 retirements ok (pc=ffffffff800f769e)
[c=3082000000]
[c=3083000000]
[c=3084000000]
cosim: 1162000000 retirements ok (pc=ffffffff808e2b9c)
[c=3085000000]
[c=3086000000]
cosim: 1163000000 retirements ok (pc=ffffffff800f7758)
[c=3087000000]
[c=3088000000]
[c=3089000000]
cosim: 1164000000 retirements ok (pc=ffffffff800f7752)
[c=3090000000]
[c=3091000000]
[c=3092000000]
cosim: 1165000000 retirements ok (pc=ffffffff800f76a2)
[c=3093000000]
[c=3094000000]
[c=3095000000]
cosim: 1166000000 retirements ok (pc=ffffffff808e41e0)
[c=3096000000]
[c=3097000000]
[c=3098000000]
cosim: 1167000000 retirements ok (pc=ffffffff800f769e)
[c=3099000000]
[c=3100000000]
[c=3101000000]
cosim: 1168000000 retirements ok (pc=ffffffff800a37d4)
[c=3102000000]
[c=3103000000]
[c=3104000000]
cosim: 1169000000 retirements ok (pc=ffffffff800f76aa)
[c=3105000000]
[c=3106000000]
[c=3107000000]
cosim: 1170000000 retirements ok (pc=ffffffff800f7758)
[c=3108000000]
[c=3109000000]
[c=3110000000]
cosim: 1171000000 retirements ok (pc=ffffffff800f77d8)
[c=3111000000]
[c=3112000000]
[c=3113000000]
cosim: 1172000000 retirements ok (pc=ffffffff800f77f8)
[c=3114000000]
[c=3115000000]
[c=3116000000]
cosim: 1173000000 retirements ok (pc=ffffffff80063ee4)
[c=3117000000]
[c=3118000000]
[c=3119000000]
cosim: 1174000000 retirements ok (pc=ffffffff800f77e8)
[c=3120000000]
[c=3121000000]
cosim: 1175000000 retirements ok (pc=ffffffff800f77f8)
[c=3122000000]
[c=3123000000]
[c=3124000000]
cosim: 1176000000 retirements ok (pc=ffffffff800f76c2)
[c=3125000000]
[c=3126000000]
[c=3127000000]
cosim: 1177000000 retirements ok (pc=ffffffff800f7698)
[c=3128000000]
[c=3129000000]
[c=3130000000]
cosim: 1178000000 retirements ok (pc=ffffffff808e2ba0)
[c=3131000000]
[c=3132000000]
[c=3133000000]
cosim: 1179000000 retirements ok (pc=ffffffff80063fa8)
[c=3134000000]
[c=3135000000]
[c=3136000000]
cosim: 1180000000 retirements ok (pc=ffffffff800f76c6)
[c=3137000000]
[c=3138000000]
[c=3139000000]
cosim: 1181000000 retirements ok (pc=ffffffff800f77f0)
[c=3140000000]
[c=3141000000]
cosim: 1182000000 retirements ok (pc=ffffffff800f77f0)
[c=3142000000]
[c=3143000000]
[c=3144000000]
cosim: 1183000000 retirements ok (pc=ffffffff800f7698)
[c=3145000000]
[c=3146000000]
[c=3147000000]
cosim: 1184000000 retirements ok (pc=ffffffff808e2c90)
[c=3148000000]
[c=3149000000]
[c=3150000000]
cosim: 1185000000 retirements ok (pc=ffffffff800f76a2)
[c=3151000000]
[c=3152000000]
[c=3153000000]
cosim: 1186000000 retirements ok (pc=ffffffff800f76aa)
[c=3154000000]
[c=3155000000]
cosim: 1187000000 retirements ok (pc=ffffffff800f76b8)
[c=3156000000]
[c=3157000000]
[c=3158000000]
cosim: 1188000000 retirements ok (pc=ffffffff800f7728)
[c=3159000000]
[c=3160000000]
[c=3161000000]
cosim: 1189000000 retirements ok (pc=ffffffff800f7758)
[c=3162000000]
[c=3163000000]
[c=3164000000]
cosim: 1190000000 retirements ok (pc=ffffffff8020a5e0)
[c=3165000000]
[c=3166000000]
[c=3167000000]
cosim: 1191000000 retirements ok (pc=ffffffff800f76b8)
[c=3168000000]
[c=3169000000]
[c=3170000000]
cosim: 1192000000 retirements ok (pc=ffffffff8020ae0c)
[c=3171000000]
[c=3172000000]
[c=3173000000]
cosim: 1193000000 retirements ok (pc=ffffffff800f76ce)
[c=3174000000]
[c=3175000000]
[c=3176000000]
cosim: 1194000000 retirements ok (pc=ffffffff80054856)
[c=3177000000]
[c=3178000000]
[c=3179000000]
cosim: 1195000000 retirements ok (pc=ffffffff8020aaba)
[c=3180000000]
[c=3181000000]
[c=3182000000]
cosim: 1196000000 retirements ok (pc=ffffffff800f76b0)
[c=3183000000]
[c=3184000000]
[c=3185000000]
cosim: 1197000000 retirements ok (pc=ffffffff8020aa7e)
[c=3186000000]
[c=3187000000]
[c=3188000000]
cosim: 1198000000 retirements ok (pc=ffffffff800f76a2)
[c=3189000000]
[c=3190000000]
[c=3191000000]
cosim: 1199000000 retirements ok (pc=ffffffff808e2b58)
[c=3192000000]
[c=3193000000]
[c=3194000000]
cosim: 1200000000 retirements ok (pc=ffffffff800f76c6)
[c=3195000000]
[c=3196000000]
[c=3197000000]
cosim: 1201000000 retirements ok (pc=ffffffff80067440)
[c=3198000000]
[c=3199000000]
[c=3200000000]
cosim: 1202000000 retirements ok (pc=ffffffff800f7756)
[c=3201000000]
[c=3202000000]
cosim: 1203000000 retirements ok (pc=ffffffff808e2bc0)
[c=3203000000]
[c=3204000000]
[c=3205000000]
cosim: 1204000000 retirements ok (pc=ffffffff800a382e)
[c=3206000000]
[c=3207000000]
[c=3208000000]
cosim: 1205000000 retirements ok (pc=ffffffff800f76b4)
[c=3209000000]
[c=3210000000]
[c=3211000000]
cosim: 1206000000 retirements ok (pc=ffffffff808e2c96)
[c=3212000000]
[c=3213000000]
[c=3214000000]
cosim: 1207000000 retirements ok (pc=ffffffff800652a8)
[c=3215000000]
[c=3216000000]
[c=3217000000]
cosim: 1208000000 retirements ok (pc=ffffffff800f76ae)
[c=3218000000]
[c=3219000000]
[c=3220000000]
cosim: 1209000000 retirements ok (pc=ffffffff800f771e)
[c=3221000000]
[c=3222000000]
[c=3223000000]
cosim: 1210000000 retirements ok (pc=ffffffff8020a90c)
[c=3224000000]
[c=3225000000]
[c=3226000000]
cosim: 1211000000 retirements ok (pc=ffffffff800f76ae)
[c=3227000000]
[c=3228000000]
[c=3229000000]
cosim: 1212000000 retirements ok (pc=ffffffff800f76e6)
[c=3230000000]
[c=3231000000]
[c=3232000000]
cosim: 1213000000 retirements ok (pc=ffffffff808e2aee)
[c=3233000000]
[c=3234000000]
[c=3235000000]
cosim: 1214000000 retirements ok (pc=ffffffff800f77ec)
[c=3236000000]
[c=3237000000]
[c=3238000000]
cosim: 1215000000 retirements ok (pc=ffffffff800a3b82)
[c=3239000000]
[c=3240000000]
[c=3241000000]
cosim: 1216000000 retirements ok (pc=ffffffff800f775a)
[c=3242000000]
[c=3243000000]
[c=3244000000]
cosim: 1217000000 retirements ok (pc=ffffffff8004f01c)
[c=3245000000]
[c=3246000000]
cosim: 1218000000 retirements ok (pc=ffffffff800f76c6)
[c=3247000000]
[c=3248000000]
[c=3249000000]
cosim: 1219000000 retirements ok (pc=ffffffff800f76b4)
[c=3250000000]
[c=3251000000]
[c=3252000000]
cosim: 1220000000 retirements ok (pc=ffffffff808e2b44)
[c=3253000000]
[c=3254000000]
[c=3255000000]
cosim: 1221000000 retirements ok (pc=ffffffff800f76ce)
[c=3256000000]
[c=3257000000]
[c=3258000000]
cosim: 1222000000 retirements ok (pc=ffffffff808e2b54)
[c=3259000000]
[c=3260000000]
[c=3261000000]
cosim: 1223000000 retirements ok (pc=ffffffff800f77e6)
[c=3262000000]
[c=3263000000]
cosim: 1224000000 retirements ok (pc=ffffffff8020bafa)
[c=3264000000]
[c=3265000000]
[c=3266000000]
cosim: 1225000000 retirements ok (pc=ffffffff800f7786)
[c=3267000000]
[c=3268000000]
[c=3269000000]
cosim: 1226000000 retirements ok (pc=ffffffff808e2c90)
[c=3270000000]
[c=3271000000]
[c=3272000000]
cosim: 1227000000 retirements ok (pc=ffffffff800f77e6)
[c=3273000000]
[c=3274000000]
[c=3275000000]
cosim: 1228000000 retirements ok (pc=ffffffff808e2c90)
[c=3276000000]
[c=3277000000]
[c=3278000000]
cosim: 1229000000 retirements ok (pc=ffffffff8006c30c)
[c=3279000000]
[c=3280000000]
cosim: 1230000000 retirements ok (pc=ffffffff808e2c96)
[c=3281000000]
[c=3282000000]
[c=3283000000]
cosim: 1231000000 retirements ok (pc=ffffffff800f7758)
[c=3284000000]
[c=3285000000]
[c=3286000000]
cosim: 1232000000 retirements ok (pc=ffffffff8020c10c)
[c=3287000000]
[c=3288000000]
[c=3289000000]
cosim: 1233000000 retirements ok (pc=ffffffff808e2c90)
[c=3290000000]
[c=3291000000]
[c=3292000000]
cosim: 1234000000 retirements ok (pc=ffffffff800568ac)
[c=3293000000]
[c=3294000000]
[c=3295000000]
cosim: 1235000000 retirements ok (pc=ffffffff800f7758)
[c=3296000000]
[c=3297000000]
[c=3298000000]
cosim: 1236000000 retirements ok (pc=ffffffff800f775a)
[c=3299000000]
[c=3300000000]
[c=3301000000]
cosim: 1237000000 retirements ok (pc=ffffffff800f77f0)
[c=3302000000]
[c=3303000000]
cosim: 1238000000 retirements ok (pc=ffffffff808e2b40)
[c=3304000000]
[c=3305000000]
[c=3306000000]
cosim: 1239000000 retirements ok (pc=ffffffff800f7770)
[c=3307000000]
[c=3308000000]
[c=3309000000]
cosim: 1240000000 retirements ok (pc=ffffffff80063fde)
[c=3310000000]
[c=3311000000]
[c=3312000000]
cosim: 1241000000 retirements ok (pc=ffffffff800f77e8)
[c=3313000000]
[c=3314000000]
[c=3315000000]
cosim: 1242000000 retirements ok (pc=ffffffff800f76b8)
[c=3316000000]
[c=3317000000]
[c=3318000000]
cosim: 1243000000 retirements ok (pc=ffffffff808e2b74)
[c=3319000000]
[c=3320000000]
cosim: 1244000000 retirements ok (pc=ffffffff800f77e2)
[c=3321000000]
[c=3322000000]
[c=3323000000]
cosim: 1245000000 retirements ok (pc=ffffffff8020a756)
[c=3324000000]
[c=3325000000]
[c=3326000000]
cosim: 1246000000 retirements ok (pc=ffffffff808e2c92)
[c=3327000000]
[c=3328000000]
[c=3329000000]
cosim: 1247000000 retirements ok (pc=ffffffff800f771a)
[c=3330000000]
[c=3331000000]
[c=3332000000]
cosim: 1248000000 retirements ok (pc=ffffffff800f76c0)
[c=3333000000]
[c=3334000000]
[c=3335000000]
cosim: 1249000000 retirements ok (pc=ffffffff800f772e)
[c=3336000000]
[c=3337000000]
[c=3338000000]
cosim: 1250000000 retirements ok (pc=ffffffff800f772a)
[c=3339000000]
[c=3340000000]
[c=3341000000]
cosim: 1251000000 retirements ok (pc=ffffffff800f775e)
[c=3342000000]
[c=3343000000]
[c=3344000000]
cosim: 1252000000 retirements ok (pc=ffffffff8006425c)
[c=3345000000]
[c=3346000000]
[c=3347000000]
cosim: 1253000000 retirements ok (pc=ffffffff800f771e)
[c=3348000000]
[c=3349000000]
[c=3350000000]
cosim: 1254000000 retirements ok (pc=ffffffff800f7718)
[c=3351000000]
[c=3352000000]
cosim: 1255000000 retirements ok (pc=ffffffff808e2bb4)
[c=3353000000]
[c=3354000000]
[c=3355000000]
cosim: 1256000000 retirements ok (pc=ffffffff800f769c)
[c=3356000000]
[c=3357000000]
[c=3358000000]
cosim: 1257000000 retirements ok (pc=ffffffff800f775e)
[c=3359000000]
[c=3360000000]
[c=3361000000]
cosim: 1258000000 retirements ok (pc=ffffffff800a3822)
[c=3362000000]
[c=3363000000]
[c=3364000000]
cosim: 1259000000 retirements ok (pc=ffffffff800f76a2)
[c=3365000000]
[c=3366000000]
[c=3367000000]
cosim: 1260000000 retirements ok (pc=ffffffff800f76aa)
[c=3368000000]
[c=3369000000]
[c=3370000000]
cosim: 1261000000 retirements ok (pc=ffffffff800f77e8)
[c=3371000000]
[c=3372000000]
[c=3373000000]
cosim: 1262000000 retirements ok (pc=ffffffff808e2bc4)
[c=3374000000]
[c=3375000000]
[c=3376000000]
cosim: 1263000000 retirements ok (pc=ffffffff800f77ec)
[c=3377000000]
[c=3378000000]
[c=3379000000]
cosim: 1264000000 retirements ok (pc=ffffffff8020a718)
[c=3380000000]
[c=3381000000]
[c=3382000000]
cosim: 1265000000 retirements ok (pc=ffffffff800f77fa)
[c=3383000000]
[c=3384000000]
[c=3385000000]
cosim: 1266000000 retirements ok (pc=ffffffff800f775a)
[c=3386000000]
[c=3387000000]
[c=3388000000]
cosim: 1267000000 retirements ok (pc=ffffffff800f76aa)
[c=3389000000]
[c=3390000000]
[c=3391000000]
cosim: 1268000000 retirements ok (pc=ffffffff800f77e8)
[c=3392000000]
[c=3393000000]
[c=3394000000]
cosim: 1269000000 retirements ok (pc=ffffffff8004e0d6)
[c=3395000000]
[c=3396000000]
[c=3397000000]
cosim: 1270000000 retirements ok (pc=ffffffff800f775e)
[c=3398000000]
[c=3399000000]
cosim: 1271000000 retirements ok (pc=ffffffff800f76b0)
[c=3400000000]
[c=3401000000]
[c=3402000000]
cosim: 1272000000 retirements ok (pc=ffffffff804c2644)
[c=3403000000]
[c=3404000000]
[c=3405000000]
cosim: 1273000000 retirements ok (pc=ffffffff800f76b0)
[c=3406000000]
[c=3407000000]
[c=3408000000]
cosim: 1274000000 retirements ok (pc=ffffffff800f2dc8)
[c=3409000000]
[c=3410000000]
[c=3411000000]
cosim: 1275000000 retirements ok (pc=ffffffff8004f060)
[c=3412000000]
[c=3413000000]
[c=3414000000]
cosim: 1276000000 retirements ok (pc=ffffffff800f2dbe)
[c=3415000000]
[c=3416000000]
cosim: 1277000000 retirements ok (pc=ffffffff800f775e)
[c=3417000000]
[c=3418000000]
[c=3419000000]
[  242.308110] Freeing initrd memory: 160316K
cosim: 1278000000 retirements ok (pc=ffffffff800f7728)
[c=3420000000]
[c=3421000000]
cosim: 1279000000 retirements ok (pc=ffffffff800f7720)
[c=3422000000]
[c=3423000000]
cosim: 1280000000 retirements ok (pc=ffffffff8004f000)
[c=3424000000]
[c=3425000000]
cosim: 1281000000 retirements ok (pc=ffffffff800f769e)
[c=3426000000]
[c=3427000000]
cosim: 1282000000 retirements ok (pc=ffffffff800f76bc)
[c=3428000000]
[c=3429000000]
cosim: 1283000000 retirements ok (pc=ffffffff800f7758)
[c=3430000000]
[c=3431000000]
cosim: 1284000000 retirements ok (pc=ffffffff800f77e0)
[c=3432000000]
[c=3433000000]
cosim: 1285000000 retirements ok (pc=ffffffff800f76a6)
[c=3434000000]
[c=3435000000]
cosim: 1286000000 retirements ok (pc=ffffffff800f769e)
[c=3436000000]
[c=3437000000]
cosim: 1287000000 retirements ok (pc=ffffffff800f76b0)
[c=3438000000]
[c=3439000000]
cosim: 1288000000 retirements ok (pc=ffffffff800f76aa)
[c=3440000000]
[c=3441000000]
cosim: 1289000000 retirements ok (pc=ffffffff800f76ac)
[c=3442000000]
[c=3443000000]
cosim: 1290000000 retirements ok (pc=ffffffff800f7756)
[c=3444000000]
[c=3445000000]
cosim: 1291000000 retirements ok (pc=ffffffff800f76ae)
[c=3446000000]
[c=3447000000]
cosim: 1292000000 retirements ok (pc=ffffffff80045bb0)
[c=3448000000]
[c=3449000000]
cosim: 1293000000 retirements ok (pc=ffffffff800a5926)
[c=3450000000]
[c=3451000000]
cosim: 1294000000 retirements ok (pc=ffffffff800f7720)
[c=3452000000]
[c=3453000000]
cosim: 1295000000 retirements ok (pc=ffffffff800f76a6)
[c=3454000000]
[c=3455000000]
cosim: 1296000000 retirements ok (pc=ffffffff800f775e)
[c=3456000000]
[c=3457000000]
cosim: 1297000000 retirements ok (pc=ffffffff800f769e)
[c=3458000000]
[c=3459000000]
cosim: 1298000000 retirements ok (pc=ffffffff800af60c)
[c=3460000000]
[c=3461000000]
cosim: 1299000000 retirements ok (pc=ffffffff800f76b4)
[c=3462000000]
[c=3463000000]
cosim: 1300000000 retirements ok (pc=ffffffff800f7758)
[c=3464000000]
[c=3465000000]
cosim: 1301000000 retirements ok (pc=ffffffff800f76b0)
[c=3466000000]
[c=3467000000]
cosim: 1302000000 retirements ok (pc=ffffffff800f769e)
[c=3468000000]
[c=3469000000]
cosim: 1303000000 retirements ok (pc=ffffffff800f77f8)
[c=3470000000]
[c=3471000000]
cosim: 1304000000 retirements ok (pc=ffffffff800f76ae)
[c=3472000000]
[c=3473000000]
cosim: 1305000000 retirements ok (pc=ffffffff800f76aa)
[c=3474000000]
[c=3475000000]
cosim: 1306000000 retirements ok (pc=ffffffff800f76aa)
[c=3476000000]
cosim: 1307000000 retirements ok (pc=ffffffff800f773a)
[c=3477000000]
[c=3478000000]
cosim: 1308000000 retirements ok (pc=ffffffff800f77f4)
[c=3479000000]
[c=3480000000]
cosim: 1309000000 retirements ok (pc=ffffffff800f77dc)
[c=3481000000]
[c=3482000000]
cosim: 1310000000 retirements ok (pc=ffffffff800f77e6)
[c=3483000000]
[c=3484000000]
cosim: 1311000000 retirements ok (pc=ffffffff800f77f8)
[c=3485000000]
[c=3486000000]
cosim: 1312000000 retirements ok (pc=ffffffff808e2d12)
[c=3487000000]
[c=3488000000]
cosim: 1313000000 retirements ok (pc=ffffffff808e2c92)
[c=3489000000]
[c=3490000000]
cosim: 1314000000 retirements ok (pc=ffffffff800f76c0)
[c=3491000000]
[c=3492000000]
cosim: 1315000000 retirements ok (pc=ffffffff800f7758)
[c=3493000000]
[c=3494000000]
cosim: 1316000000 retirements ok (pc=ffffffff800f7766)
[c=3495000000]
[c=3496000000]
cosim: 1317000000 retirements ok (pc=ffffffff800f7698)
[c=3497000000]
[c=3498000000]
cosim: 1318000000 retirements ok (pc=ffffffff800f76b4)
[c=3499000000]
[c=3500000000]
cosim: 1319000000 retirements ok (pc=ffffffff800f76a2)
[c=3501000000]
[c=3502000000]
cosim: 1320000000 retirements ok (pc=ffffffff800f7752)
[c=3503000000]
[c=3504000000]
cosim: 1321000000 retirements ok (pc=ffffffff800f76c0)
[c=3505000000]
[c=3506000000]
cosim: 1322000000 retirements ok (pc=ffffffff800a2440)
[c=3507000000]
[c=3508000000]
cosim: 1323000000 retirements ok (pc=ffffffff800f77f0)
[c=3509000000]
cosim: 1324000000 retirements ok (pc=ffffffff800f775a)
[c=3510000000]
[c=3511000000]
[c=3512000000]
cosim: 1325000000 retirements ok (pc=ffffffff800f77f8)
[c=3513000000]
[c=3514000000]
cosim: 1326000000 retirements ok (pc=ffffffff800f7752)
[c=3515000000]
cosim: 1327000000 retirements ok (pc=ffffffff800597cc)
[c=3516000000]
[c=3517000000]
cosim: 1328000000 retirements ok (pc=ffffffff800f77e2)
[c=3518000000]
[c=3519000000]
cosim: 1329000000 retirements ok (pc=ffffffff800f77f8)
[c=3520000000]
[c=3521000000]
cosim: 1330000000 retirements ok (pc=ffffffff800f775e)
[c=3522000000]
[c=3523000000]
cosim: 1331000000 retirements ok (pc=ffffffff800f7718)
[c=3524000000]
[c=3525000000]
cosim: 1332000000 retirements ok (pc=ffffffff800f76bc)
[c=3526000000]
[c=3527000000]
cosim: 1333000000 retirements ok (pc=ffffffff800f76d2)
[c=3528000000]
[c=3529000000]
cosim: 1334000000 retirements ok (pc=ffffffff800f775a)
[c=3530000000]
[c=3531000000]
cosim: 1335000000 retirements ok (pc=ffffffff800f7758)
[c=3532000000]
[c=3533000000]
cosim: 1336000000 retirements ok (pc=ffffffff800f7752)
[c=3534000000]
[c=3535000000]
cosim: 1337000000 retirements ok (pc=ffffffff800f76b4)
[c=3536000000]
[c=3537000000]
cosim: 1338000000 retirements ok (pc=ffffffff800f76a2)
[c=3538000000]
[c=3539000000]
cosim: 1339000000 retirements ok (pc=ffffffff800f76ae)
[c=3540000000]
[c=3541000000]
cosim: 1340000000 retirements ok (pc=ffffffff800f76c2)
[c=3542000000]
[c=3543000000]
cosim: 1341000000 retirements ok (pc=ffffffff800f7752)
[c=3544000000]
[c=3545000000]
cosim: 1342000000 retirements ok (pc=ffffffff800f76a6)
[c=3546000000]
[c=3547000000]
cosim: 1343000000 retirements ok (pc=ffffffff800f769c)
[c=3548000000]
[c=3549000000]
cosim: 1344000000 retirements ok (pc=ffffffff800f76ae)
[c=3550000000]
cosim: 1345000000 retirements ok (pc=ffffffff8007fb96)
[c=3551000000]
[c=3552000000]
cosim: 1346000000 retirements ok (pc=ffffffff800f77e8)
[c=3553000000]
[c=3554000000]
cosim: 1347000000 retirements ok (pc=ffffffff800f76bc)
[c=3555000000]
[c=3556000000]
cosim: 1348000000 retirements ok (pc=ffffffff800f77ec)
[c=3557000000]
[c=3558000000]
cosim: 1349000000 retirements ok (pc=ffffffff800f76bc)
[c=3559000000]
[c=3560000000]
cosim: 1350000000 retirements ok (pc=ffffffff800a3942)
[c=3561000000]
[c=3562000000]
cosim: 1351000000 retirements ok (pc=ffffffff800f76b4)
[c=3563000000]
[c=3564000000]
cosim: 1352000000 retirements ok (pc=ffffffff800f771e)
[c=3565000000]
cosim: 1353000000 retirements ok (pc=ffffffff800a3850)
[c=3566000000]
[c=3567000000]
cosim: 1354000000 retirements ok (pc=ffffffff800f775e)
[c=3568000000]
[c=3569000000]
cosim: 1355000000 retirements ok (pc=ffffffff800f777e)
[c=3570000000]
[c=3571000000]
cosim: 1356000000 retirements ok (pc=ffffffff800f76b8)
[c=3572000000]
[c=3573000000]
cosim: 1357000000 retirements ok (pc=ffffffff808e4104)
[c=3574000000]
[c=3575000000]
cosim: 1358000000 retirements ok (pc=ffffffff800f775e)
[c=3576000000]
[c=3577000000]
cosim: 1359000000 retirements ok (pc=ffffffff800f7758)
[c=3578000000]
[c=3579000000]
cosim: 1360000000 retirements ok (pc=ffffffff800f769c)
[c=3580000000]
[c=3581000000]
cosim: 1361000000 retirements ok (pc=ffffffff800f775e)
[c=3582000000]
[c=3583000000]
cosim: 1362000000 retirements ok (pc=ffffffff800f77e2)
[c=3584000000]
[c=3585000000]
cosim: 1363000000 retirements ok (pc=ffffffff800f77e6)
[c=3586000000]
[c=3587000000]
cosim: 1364000000 retirements ok (pc=ffffffff800f76aa)
[c=3588000000]
[c=3589000000]
cosim: 1365000000 retirements ok (pc=ffffffff800f76a2)
[c=3590000000]
[c=3591000000]
cosim: 1366000000 retirements ok (pc=ffffffff800a160a)
[c=3592000000]
[c=3593000000]
cosim: 1367000000 retirements ok (pc=ffffffff800f778a)
[c=3594000000]
[c=3595000000]
cosim: 1368000000 retirements ok (pc=ffffffff800f7720)
[c=3596000000]
[c=3597000000]
cosim: 1369000000 retirements ok (pc=ffffffff800f77e6)
[c=3598000000]
[c=3599000000]
cosim: 1370000000 retirements ok (pc=ffffffff800f76a6)
[c=3600000000]
cosim: 1371000000 retirements ok (pc=ffffffff808e29c0)
[c=3601000000]
[c=3602000000]
cosim: 1372000000 retirements ok (pc=ffffffff800f76c6)
[c=3603000000]
[c=3604000000]
cosim: 1373000000 retirements ok (pc=ffffffff800f76c2)
[c=3605000000]
[c=3606000000]
cosim: 1374000000 retirements ok (pc=ffffffff80057262)
[c=3607000000]
[c=3608000000]
cosim: 1375000000 retirements ok (pc=ffffffff800f76c6)
[c=3609000000]
[c=3610000000]
cosim: 1376000000 retirements ok (pc=ffffffff800f76b0)
[c=3611000000]
[c=3612000000]
cosim: 1377000000 retirements ok (pc=ffffffff800f7736)
[c=3613000000]
[c=3614000000]
cosim: 1378000000 retirements ok (pc=ffffffff800f76aa)
[c=3615000000]
[c=3616000000]
cosim: 1379000000 retirements ok (pc=ffffffff808e2be4)
[c=3617000000]
[c=3618000000]
cosim: 1380000000 retirements ok (pc=ffffffff800f77fa)
[c=3619000000]
[c=3620000000]
cosim: 1381000000 retirements ok (pc=ffffffff800f769e)
[c=3621000000]
[c=3622000000]
cosim: 1382000000 retirements ok (pc=ffffffff800f7756)
[c=3623000000]
[c=3624000000]
cosim: 1383000000 retirements ok (pc=ffffffff800f7720)
[c=3625000000]
[c=3626000000]
cosim: 1384000000 retirements ok (pc=ffffffff800f7758)
[c=3627000000]
[c=3628000000]
cosim: 1385000000 retirements ok (pc=ffffffff800f7720)
[c=3629000000]
[c=3630000000]
cosim: 1386000000 retirements ok (pc=ffffffff800f775a)
[c=3631000000]
[c=3632000000]
cosim: 1387000000 retirements ok (pc=ffffffff800f775a)
[c=3633000000]
[c=3634000000]
cosim: 1388000000 retirements ok (pc=ffffffff808e2c92)
[c=3635000000]
[c=3636000000]
cosim: 1389000000 retirements ok (pc=ffffffff800a5e34)
[c=3637000000]
[c=3638000000]
cosim: 1390000000 retirements ok (pc=ffffffff800f76a6)
[c=3639000000]
[c=3640000000]
cosim: 1391000000 retirements ok (pc=ffffffff800f771a)
[c=3641000000]
[c=3642000000]
cosim: 1392000000 retirements ok (pc=ffffffff800f7758)
[c=3643000000]
[c=3644000000]
cosim: 1393000000 retirements ok (pc=ffffffff800f76c0)
[c=3645000000]
[c=3646000000]
cosim: 1394000000 retirements ok (pc=ffffffff800f7732)
[c=3647000000]
[c=3648000000]
cosim: 1395000000 retirements ok (pc=ffffffff800f7758)
[c=3649000000]
[c=3650000000]
cosim: 1396000000 retirements ok (pc=ffffffff800f7690)
[c=3651000000]
[c=3652000000]
cosim: 1397000000 retirements ok (pc=ffffffff800f7766)
[c=3653000000]
[c=3654000000]
cosim: 1398000000 retirements ok (pc=ffffffff800f76c6)
[c=3655000000]
[c=3656000000]
cosim: 1399000000 retirements ok (pc=ffffffff800f769c)
[c=3657000000]
[c=3658000000]
cosim: 1400000000 retirements ok (pc=ffffffff800f76a2)
[c=3659000000]
[c=3660000000]
cosim: 1401000000 retirements ok (pc=ffffffff800f76c0)
[c=3661000000]
[c=3662000000]
cosim: 1402000000 retirements ok (pc=ffffffff800f7720)
[c=3663000000]
[c=3664000000]
cosim: 1403000000 retirements ok (pc=ffffffff800f76bc)
[c=3665000000]
[c=3666000000]
cosim: 1404000000 retirements ok (pc=ffffffff800f768c)
[c=3667000000]
[c=3668000000]
cosim: 1405000000 retirements ok (pc=ffffffff800f7698)
[c=3669000000]
[c=3670000000]
cosim: 1406000000 retirements ok (pc=ffffffff800f7728)
[c=3671000000]
[c=3672000000]
cosim: 1407000000 retirements ok (pc=ffffffff800f7728)
[c=3673000000]
[c=3674000000]
cosim: 1408000000 retirements ok (pc=ffffffff800f7752)
[c=3675000000]
[c=3676000000]
cosim: 1409000000 retirements ok (pc=ffffffff800f7720)
[c=3677000000]
[c=3678000000]
cosim: 1410000000 retirements ok (pc=ffffffff800f7690)
[c=3679000000]
[c=3680000000]
cosim: 1411000000 retirements ok (pc=ffffffff800f7732)
[c=3681000000]
[c=3682000000]
cosim: 1412000000 retirements ok (pc=ffffffff800f76c6)
[c=3683000000]
[c=3684000000]
cosim: 1413000000 retirements ok (pc=ffffffff800f775a)
[c=3685000000]
[c=3686000000]
cosim: 1414000000 retirements ok (pc=ffffffff800f77f0)
[c=3687000000]
[c=3688000000]
cosim: 1415000000 retirements ok (pc=ffffffff800f77e0)
[c=3689000000]
[c=3690000000]
cosim: 1416000000 retirements ok (pc=ffffffff808e2c92)
[c=3691000000]
[c=3692000000]
cosim: 1417000000 retirements ok (pc=ffffffff800f76c6)
[c=3693000000]
[c=3694000000]
cosim: 1418000000 retirements ok (pc=ffffffff800f775e)
[c=3695000000]
[c=3696000000]
cosim: 1419000000 retirements ok (pc=ffffffff800f77e8)
[c=3697000000]
[c=3698000000]
[c=3699000000]
cosim: 1420000000 retirements ok (pc=ffffffff800f7800)
[c=3700000000]
[c=3701000000]
cosim: 1421000000 retirements ok (pc=ffffffff800f77e0)
[c=3702000000]
[c=3703000000]
cosim: 1422000000 retirements ok (pc=ffffffff800f7810)
[c=3704000000]
[c=3705000000]
cosim: 1423000000 retirements ok (pc=ffffffff808e2c92)
[c=3706000000]
[c=3707000000]
cosim: 1424000000 retirements ok (pc=ffffffff808e2c92)
[c=3708000000]
[c=3709000000]
cosim: 1425000000 retirements ok (pc=ffffffff800f77e6)
[c=3710000000]
[c=3711000000]
cosim: 1426000000 retirements ok (pc=ffffffff800f76a6)
[c=3712000000]
[c=3713000000]
cosim: 1427000000 retirements ok (pc=ffffffff800f77fa)
[c=3714000000]
[c=3715000000]
cosim: 1428000000 retirements ok (pc=ffffffff800af29e)
[c=3716000000]
[c=3717000000]
[c=3718000000]
cosim: 1429000000 retirements ok (pc=ffffffff800f77f8)
[c=3719000000]
[c=3720000000]
cosim: 1430000000 retirements ok (pc=ffffffff800f77f0)
[c=3721000000]
[c=3722000000]
cosim: 1431000000 retirements ok (pc=ffffffff800f76b8)
[c=3723000000]
[c=3724000000]
cosim: 1432000000 retirements ok (pc=ffffffff800f7752)
[c=3725000000]
[c=3726000000]
cosim: 1433000000 retirements ok (pc=ffffffff800f7698)
[c=3727000000]
[c=3728000000]
cosim: 1434000000 retirements ok (pc=ffffffff800f77e6)
[c=3729000000]
[c=3730000000]
[c=3731000000]
cosim: 1435000000 retirements ok (pc=ffffffff808e2d12)
[c=3732000000]
[c=3733000000]
cosim: 1436000000 retirements ok (pc=ffffffff800f772a)
[c=3734000000]
[c=3735000000]
cosim: 1437000000 retirements ok (pc=ffffffff808e2d0e)
[c=3736000000]
[c=3737000000]
cosim: 1438000000 retirements ok (pc=ffffffff808e2c92)
[c=3738000000]
[c=3739000000]
cosim: 1439000000 retirements ok (pc=ffffffff800f775e)
[c=3740000000]
[c=3741000000]
cosim: 1440000000 retirements ok (pc=ffffffff800f77f0)
[c=3742000000]
[c=3743000000]
cosim: 1441000000 retirements ok (pc=ffffffff808e2d22)
[c=3744000000]
[c=3745000000]
cosim: 1442000000 retirements ok (pc=ffffffff808e2c96)
[c=3746000000]
[c=3747000000]
cosim: 1443000000 retirements ok (pc=ffffffff800f7758)
[c=3748000000]
[c=3749000000]
cosim: 1444000000 retirements ok (pc=ffffffff808e2c90)
[c=3750000000]
[c=3751000000]
cosim: 1445000000 retirements ok (pc=ffffffff800f768c)
[c=3752000000]
[c=3753000000]
cosim: 1446000000 retirements ok (pc=ffffffff808e2c90)
[c=3754000000]
[c=3755000000]
cosim: 1447000000 retirements ok (pc=ffffffff808e2c90)
[c=3756000000]
[c=3757000000]
cosim: 1448000000 retirements ok (pc=ffffffff800f76c6)
[c=3758000000]
[c=3759000000]
cosim: 1449000000 retirements ok (pc=ffffffff800f76b4)
[c=3760000000]
[c=3761000000]
[c=3762000000]
cosim: 1450000000 retirements ok (pc=ffffffff800f76c0)
[c=3763000000]
[c=3764000000]
cosim: 1451000000 retirements ok (pc=ffffffff800f76ae)
[c=3765000000]
[c=3766000000]
cosim: 1452000000 retirements ok (pc=ffffffff800f769c)
[c=3767000000]
[c=3768000000]
[c=3769000000]
cosim: 1453000000 retirements ok (pc=ffffffff800f76bc)
[c=3770000000]
[c=3771000000]
cosim: 1454000000 retirements ok (pc=ffffffff800f76b8)
[c=3772000000]
[c=3773000000]
cosim: 1455000000 retirements ok (pc=ffffffff800f7720)
[c=3774000000]
[c=3775000000]
[c=3776000000]
cosim: 1456000000 retirements ok (pc=ffffffff800f76b4)
[c=3777000000]
[c=3778000000]
cosim: 1457000000 retirements ok (pc=ffffffff800f7756)
[c=3779000000]
[c=3780000000]
cosim: 1458000000 retirements ok (pc=ffffffff800f769e)
[c=3781000000]
[c=3782000000]
[c=3783000000]
cosim: 1459000000 retirements ok (pc=ffffffff800f7752)
[c=3784000000]
[c=3785000000]
cosim: 1460000000 retirements ok (pc=ffffffff800f76b8)
[c=3786000000]
[c=3787000000]
cosim: 1461000000 retirements ok (pc=ffffffff800f76c2)
[c=3788000000]
[c=3789000000]
[c=3790000000]
cosim: 1462000000 retirements ok (pc=ffffffff800f772a)
[c=3791000000]
[c=3792000000]
cosim: 1463000000 retirements ok (pc=ffffffff800f7698)
[c=3793000000]
[c=3794000000]
[c=3795000000]
cosim: 1464000000 retirements ok (pc=ffffffff800f76c2)
[c=3796000000]
[c=3797000000]
cosim: 1465000000 retirements ok (pc=ffffffff800f7756)
[c=3798000000]
[c=3799000000]
cosim: 1466000000 retirements ok (pc=ffffffff800f76c6)
[c=3800000000]
[c=3801000000]
cosim: 1467000000 retirements ok (pc=ffffffff800f77e2)
[c=3802000000]
cosim: 1468000000 retirements ok (pc=ffffffff800f76aa)
[c=3803000000]
[c=3804000000]
cosim: 1469000000 retirements ok (pc=ffffffff800f77d8)
[c=3805000000]
[c=3806000000]
cosim: 1470000000 retirements ok (pc=ffffffff800f77fc)
[c=3807000000]
[c=3808000000]
cosim: 1471000000 retirements ok (pc=ffffffff800f77f0)
[c=3809000000]
[c=3810000000]
cosim: 1472000000 retirements ok (pc=ffffffff800f77e2)
[c=3811000000]
[c=3812000000]
cosim: 1473000000 retirements ok (pc=ffffffff800f7694)
[c=3813000000]
[c=3814000000]
cosim: 1474000000 retirements ok (pc=ffffffff800f77ec)
[c=3815000000]
[c=3816000000]
cosim: 1475000000 retirements ok (pc=ffffffff800f76ae)
[c=3817000000]
cosim: 1476000000 retirements ok (pc=ffffffff800f76c0)
[c=3818000000]
[c=3819000000]
cosim: 1477000000 retirements ok (pc=ffffffff808e2c92)
[c=3820000000]
[c=3821000000]
cosim: 1478000000 retirements ok (pc=ffffffff800f77e8)
[c=3822000000]
[c=3823000000]
cosim: 1479000000 retirements ok (pc=ffffffff800f3952)
[c=3824000000]
cosim: 1480000000 retirements ok (pc=ffffffff800f77fa)
[c=3825000000]
[c=3826000000]
cosim: 1481000000 retirements ok (pc=ffffffff800f76ac)
[c=3827000000]
[c=3828000000]
cosim: 1482000000 retirements ok (pc=ffffffff800f76bc)
[c=3829000000]
[c=3830000000]
cosim: 1483000000 retirements ok (pc=ffffffff800f7756)
[c=3831000000]
[c=3832000000]
cosim: 1484000000 retirements ok (pc=ffffffff808e2c90)
[c=3833000000]
cosim: 1485000000 retirements ok (pc=ffffffff800a0f6e)
[c=3834000000]
[c=3835000000]
cosim: 1486000000 retirements ok (pc=ffffffff800f76ac)
[c=3836000000]
[c=3837000000]
cosim: 1487000000 retirements ok (pc=ffffffff800f769c)
[c=3838000000]
[c=3839000000]
cosim: 1488000000 retirements ok (pc=ffffffff800f7728)
[c=3840000000]
[c=3841000000]
cosim: 1489000000 retirements ok (pc=ffffffff800f769e)
[c=3842000000]
[c=3843000000]
cosim: 1490000000 retirements ok (pc=ffffffff800f771a)
[c=3844000000]
[c=3845000000]
cosim: 1491000000 retirements ok (pc=ffffffff800f76a6)
[c=3846000000]
[c=3847000000]
cosim: 1492000000 retirements ok (pc=ffffffff800f77fa)
[c=3848000000]
[c=3849000000]
cosim: 1493000000 retirements ok (pc=ffffffff800f781c)
[c=3850000000]
[c=3851000000]
cosim: 1494000000 retirements ok (pc=ffffffff800f77e2)
[c=3852000000]
[c=3853000000]
cosim: 1495000000 retirements ok (pc=ffffffff800f77e0)
[c=3854000000]
[c=3855000000]
cosim: 1496000000 retirements ok (pc=ffffffff800f76a6)
[c=3856000000]
[c=3857000000]
cosim: 1497000000 retirements ok (pc=ffffffff808e2d0e)
[c=3858000000]
[c=3859000000]
cosim: 1498000000 retirements ok (pc=ffffffff800f77e6)
[c=3860000000]
[c=3861000000]
cosim: 1499000000 retirements ok (pc=ffffffff800f7752)
[c=3862000000]
cosim: 1500000000 retirements ok (pc=ffffffff800f76a2)
[c=3863000000]
[c=3864000000]
cosim: 1501000000 retirements ok (pc=ffffffff800f76c0)
[c=3865000000]
[c=3866000000]
cosim: 1502000000 retirements ok (pc=ffffffff800f775e)
[c=3867000000]
[c=3868000000]
cosim: 1503000000 retirements ok (pc=ffffffff800f775e)
[c=3869000000]
[c=3870000000]
cosim: 1504000000 retirements ok (pc=ffffffff800f77e2)
[c=3871000000]
[c=3872000000]
cosim: 1505000000 retirements ok (pc=ffffffff800f77e8)
[c=3873000000]
[c=3874000000]
cosim: 1506000000 retirements ok (pc=ffffffff800f7756)
[c=3875000000]
[c=3876000000]
cosim: 1507000000 retirements ok (pc=ffffffff800f77ec)
[c=3877000000]
[c=3878000000]
cosim: 1508000000 retirements ok (pc=ffffffff800f77f0)
[c=3879000000]
cosim: 1509000000 retirements ok (pc=ffffffff800f77fa)
[c=3880000000]
[c=3881000000]
cosim: 1510000000 retirements ok (pc=ffffffff808e2d1c)
[c=3882000000]
[c=3883000000]
cosim: 1511000000 retirements ok (pc=ffffffff800f7724)
[c=3884000000]
[c=3885000000]
cosim: 1512000000 retirements ok (pc=ffffffff800f77e2)
[c=3886000000]
[c=3887000000]
cosim: 1513000000 retirements ok (pc=ffffffff800f771e)
[c=3888000000]
[c=3889000000]
cosim: 1514000000 retirements ok (pc=ffffffff800f76a6)
[c=3890000000]
[c=3891000000]
cosim: 1515000000 retirements ok (pc=ffffffff800f7698)
[c=3892000000]
[c=3893000000]
cosim: 1516000000 retirements ok (pc=ffffffff800f76ae)
[c=3894000000]
[c=3895000000]
cosim: 1517000000 retirements ok (pc=ffffffff800f7698)
[c=3896000000]
[c=3897000000]
cosim: 1518000000 retirements ok (pc=ffffffff800f7728)
[c=3898000000]
[c=3899000000]
cosim: 1519000000 retirements ok (pc=ffffffff800f7720)
[c=3900000000]
[c=3901000000]
cosim: 1520000000 retirements ok (pc=ffffffff800f769e)
[c=3902000000]
[c=3903000000]
cosim: 1521000000 retirements ok (pc=ffffffff808e2c96)
[c=3904000000]
[c=3905000000]
cosim: 1522000000 retirements ok (pc=ffffffff800f76a6)
[c=3906000000]
[c=3907000000]
cosim: 1523000000 retirements ok (pc=ffffffff800f769c)
[c=3908000000]
[c=3909000000]
cosim: 1524000000 retirements ok (pc=ffffffff800f769e)
[c=3910000000]
[c=3911000000]
cosim: 1525000000 retirements ok (pc=ffffffff800f77ec)
[c=3912000000]
[c=3913000000]
cosim: 1526000000 retirements ok (pc=ffffffff800f7758)
[c=3914000000]
[c=3915000000]
cosim: 1527000000 retirements ok (pc=ffffffff800f77e0)
[c=3916000000]
cosim: 1528000000 retirements ok (pc=ffffffff800f7752)
[c=3917000000]
[c=3918000000]
cosim: 1529000000 retirements ok (pc=ffffffff800f77e6)
[c=3919000000]
[c=3920000000]
cosim: 1530000000 retirements ok (pc=ffffffff800f76ac)
[c=3921000000]
[c=3922000000]
cosim: 1531000000 retirements ok (pc=ffffffff800f76b4)
[c=3923000000]
[c=3924000000]
cosim: 1532000000 retirements ok (pc=ffffffff800f77fa)
[c=3925000000]
[c=3926000000]
cosim: 1533000000 retirements ok (pc=ffffffff800f7698)
[c=3927000000]
[c=3928000000]
cosim: 1534000000 retirements ok (pc=ffffffff800f76ac)
[c=3929000000]
[c=3930000000]
cosim: 1535000000 retirements ok (pc=ffffffff800f76b4)
[c=3931000000]
[c=3932000000]
cosim: 1536000000 retirements ok (pc=ffffffff80057c60)
[c=3933000000]
[c=3934000000]
cosim: 1537000000 retirements ok (pc=ffffffff800f77ec)
[c=3935000000]
[c=3936000000]
cosim: 1538000000 retirements ok (pc=ffffffff808e2d16)
[c=3937000000]
[c=3938000000]
cosim: 1539000000 retirements ok (pc=ffffffff800f769c)
[c=3939000000]
cosim: 1540000000 retirements ok (pc=ffffffff800f76aa)
[c=3940000000]
[c=3941000000]
cosim: 1541000000 retirements ok (pc=ffffffff808e2d1c)
[c=3942000000]
[c=3943000000]
cosim: 1542000000 retirements ok (pc=ffffffff800f775a)
[c=3944000000]
[c=3945000000]
cosim: 1543000000 retirements ok (pc=ffffffff800f77e0)
[c=3946000000]
[c=3947000000]
cosim: 1544000000 retirements ok (pc=ffffffff808e2d0e)
[c=3948000000]
[c=3949000000]
cosim: 1545000000 retirements ok (pc=ffffffff800f775e)
[c=3950000000]
[c=3951000000]
cosim: 1546000000 retirements ok (pc=ffffffff800f77f0)
[c=3952000000]
[c=3953000000]
cosim: 1547000000 retirements ok (pc=ffffffff800f76b0)
[c=3954000000]
[c=3955000000]
cosim: 1548000000 retirements ok (pc=ffffffff800f775e)
[c=3956000000]
[c=3957000000]
cosim: 1549000000 retirements ok (pc=ffffffff800f76a6)
[c=3958000000]
cosim: 1550000000 retirements ok (pc=ffffffff800f76c0)
[c=3959000000]
[c=3960000000]
cosim: 1551000000 retirements ok (pc=ffffffff800f77e6)
[c=3961000000]
[c=3962000000]
cosim: 1552000000 retirements ok (pc=ffffffff800f76aa)
[c=3963000000]
[c=3964000000]
cosim: 1553000000 retirements ok (pc=ffffffff808ee20a)
[c=3965000000]
[c=3966000000]
cosim: 1554000000 retirements ok (pc=ffffffff800f7752)
[c=3967000000]
[c=3968000000]
cosim: 1555000000 retirements ok (pc=ffffffff800f77f4)
[c=3969000000]
[c=3970000000]
cosim: 1556000000 retirements ok (pc=ffffffff800f76ac)
[c=3971000000]
[c=3972000000]
cosim: 1557000000 retirements ok (pc=ffffffff800f7698)
[c=3973000000]
[c=3974000000]
cosim: 1558000000 retirements ok (pc=ffffffff808e2c90)
[c=3975000000]
[c=3976000000]
cosim: 1559000000 retirements ok (pc=ffffffff800f7758)
[c=3977000000]
cosim: 1560000000 retirements ok (pc=ffffffff800f77e6)
[c=3978000000]
[c=3979000000]
cosim: 1561000000 retirements ok (pc=ffffffff800f77e2)
[c=3980000000]
[c=3981000000]
cosim: 1562000000 retirements ok (pc=ffffffff800f775e)
[c=3982000000]
[c=3983000000]
cosim: 1563000000 retirements ok (pc=ffffffff800f77f4)
[c=3984000000]
[c=3985000000]
cosim: 1564000000 retirements ok (pc=ffffffff800f7756)
[c=3986000000]
[c=3987000000]
cosim: 1565000000 retirements ok (pc=ffffffff800f775e)
[c=3988000000]
[c=3989000000]
cosim: 1566000000 retirements ok (pc=ffffffff800a3d30)
[c=3990000000]
[c=3991000000]
cosim: 1567000000 retirements ok (pc=ffffffff800f7728)
[c=3992000000]
[c=3993000000]
cosim: 1568000000 retirements ok (pc=ffffffff805310d4)
[c=3994000000]
[c=3995000000]
cosim: 1569000000 retirements ok (pc=ffffffff800f768c)
[c=3996000000]
[c=3997000000]
cosim: 1570000000 retirements ok (pc=ffffffff800f772a)
[c=3998000000]
[c=3999000000]
cosim: 1571000000 retirements ok (pc=ffffffff800f775a)
[c=4000000000]
[c=4001000000]
cosim: 1572000000 retirements ok (pc=ffffffff800f76b4)
[c=4002000000]
[c=4003000000]
cosim: 1573000000 retirements ok (pc=ffffffff800f76a2)
[c=4004000000]
[c=4005000000]
cosim: 1574000000 retirements ok (pc=ffffffff800f7752)
[c=4006000000]
[c=4007000000]
cosim: 1575000000 retirements ok (pc=ffffffff800f7752)
[c=4008000000]
[c=4009000000]
cosim: 1576000000 retirements ok (pc=ffffffff800f76b0)
[c=4010000000]
[c=4011000000]
cosim: 1577000000 retirements ok (pc=ffffffff800f772c)
[c=4012000000]
cosim: 1578000000 retirements ok (pc=ffffffff800f775e)
[c=4013000000]
[c=4014000000]
cosim: 1579000000 retirements ok (pc=ffffffff800f77e6)
[c=4015000000]
[c=4016000000]
cosim: 1580000000 retirements ok (pc=ffffffff800f76a2)
[c=4017000000]
[c=4018000000]
cosim: 1581000000 retirements ok (pc=ffffffff800f77ec)
[c=4019000000]
[c=4020000000]
cosim: 1582000000 retirements ok (pc=ffffffff800f77e6)
[c=4021000000]
[c=4022000000]
cosim: 1583000000 retirements ok (pc=ffffffff800f7752)
[c=4023000000]
[c=4024000000]
cosim: 1584000000 retirements ok (pc=ffffffff800f7718)
[c=4025000000]
[c=4026000000]
cosim: 1585000000 retirements ok (pc=ffffffff800f76c2)
[c=4027000000]
[c=4028000000]
cosim: 1586000000 retirements ok (pc=ffffffff800f76b4)
[c=4029000000]
cosim: 1587000000 retirements ok (pc=ffffffff800f76ae)
[c=4030000000]
[c=4031000000]
cosim: 1588000000 retirements ok (pc=ffffffff800f76b4)
[c=4032000000]
[c=4033000000]
cosim: 1589000000 retirements ok (pc=ffffffff808d51ca)
[c=4034000000]
[c=4035000000]
cosim: 1590000000 retirements ok (pc=ffffffff800a47fa)
[c=4036000000]
[c=4037000000]
cosim: 1591000000 retirements ok (pc=ffffffff800b055c)
[c=4038000000]
[c=4039000000]
cosim: 1592000000 retirements ok (pc=ffffffff800b0616)
[c=4040000000]
[c=4041000000]
cosim: 1593000000 retirements ok (pc=ffffffff800f771e)
[c=4042000000]
[c=4043000000]
cosim: 1594000000 retirements ok (pc=ffffffff800a093a)
[c=4044000000]
[c=4045000000]
cosim: 1595000000 retirements ok (pc=ffffffff800f76aa)
[c=4046000000]
[c=4047000000]
cosim: 1596000000 retirements ok (pc=ffffffff800f76b4)
[c=4048000000]
[c=4049000000]
cosim: 1597000000 retirements ok (pc=ffffffff800f76ae)
[c=4050000000]
[c=4051000000]
cosim: 1598000000 retirements ok (pc=ffffffff804ad374)
[c=4052000000]
[c=4053000000]
cosim: 1599000000 retirements ok (pc=ffffffff800f7752)
[c=4054000000]
[c=4055000000]
cosim: 1600000000 retirements ok (pc=ffffffff800f7758)
[c=4056000000]
[c=4057000000]
cosim: 1601000000 retirements ok (pc=ffffffff800f7718)
[c=4058000000]
[c=4059000000]
cosim: 1602000000 retirements ok (pc=ffffffff800a2280)
[c=4060000000]
[c=4061000000]
cosim: 1603000000 retirements ok (pc=ffffffff800f76b8)
[c=4062000000]
[c=4063000000]
cosim: 1604000000 retirements ok (pc=ffffffff800f775e)
[c=4064000000]
[c=4065000000]
cosim: 1605000000 retirements ok (pc=ffffffff800f769c)
[c=4066000000]
[c=4067000000]
cosim: 1606000000 retirements ok (pc=ffffffff800f7756)
[c=4068000000]
[c=4069000000]
cosim: 1607000000 retirements ok (pc=ffffffff800f7758)
[c=4070000000]
[c=4071000000]
cosim: 1608000000 retirements ok (pc=ffffffff800f76a6)
[c=4072000000]
[c=4073000000]
cosim: 1609000000 retirements ok (pc=ffffffff800f76ae)
[c=4074000000]
[c=4075000000]
cosim: 1610000000 retirements ok (pc=ffffffff800f76b0)
[c=4076000000]
[c=4077000000]
cosim: 1611000000 retirements ok (pc=ffffffff800f76b0)
[c=4078000000]
[c=4079000000]
cosim: 1612000000 retirements ok (pc=ffffffff808d8a02)
[c=4080000000]
[c=4081000000]
cosim: 1613000000 retirements ok (pc=ffffffff800f7756)
[c=4082000000]
[c=4083000000]
cosim: 1614000000 retirements ok (pc=ffffffff800f76ae)
[c=4084000000]
[c=4085000000]
cosim: 1615000000 retirements ok (pc=ffffffff800f76a2)
[c=4086000000]
[c=4087000000]
cosim: 1616000000 retirements ok (pc=ffffffff800f772a)
[c=4088000000]
[c=4089000000]
cosim: 1617000000 retirements ok (pc=ffffffff800f769e)
[c=4090000000]
[c=4091000000]
cosim: 1618000000 retirements ok (pc=ffffffff800f769c)
[c=4092000000]
[c=4093000000]
cosim: 1619000000 retirements ok (pc=ffffffff800f76ac)
[c=4094000000]
[c=4095000000]
cosim: 1620000000 retirements ok (pc=ffffffff800f76c6)
[c=4096000000]
[c=4097000000]
cosim: 1621000000 retirements ok (pc=ffffffff800f76aa)
[c=4098000000]
[c=4099000000]
cosim: 1622000000 retirements ok (pc=ffffffff800f772a)
[c=4100000000]
[c=4101000000]
cosim: 1623000000 retirements ok (pc=ffffffff800f76bc)
[c=4102000000]
[c=4103000000]
cosim: 1624000000 retirements ok (pc=ffffffff800f76e8)
[c=4104000000]
[c=4105000000]
cosim: 1625000000 retirements ok (pc=ffffffff800f769c)
[c=4106000000]
[c=4107000000]
cosim: 1626000000 retirements ok (pc=ffffffff800f775e)
[c=4108000000]
[c=4109000000]
cosim: 1627000000 retirements ok (pc=ffffffff800f7724)
[c=4110000000]
[c=4111000000]
cosim: 1628000000 retirements ok (pc=ffffffff800f7752)
[c=4112000000]
[c=4113000000]
cosim: 1629000000 retirements ok (pc=ffffffff800f775e)
[c=4114000000]
[c=4115000000]
cosim: 1630000000 retirements ok (pc=ffffffff800f39e8)
[c=4116000000]
[c=4117000000]
cosim: 1631000000 retirements ok (pc=ffffffff800f76b4)
[c=4118000000]
[c=4119000000]
cosim: 1632000000 retirements ok (pc=ffffffff800f76c6)
[c=4120000000]
[c=4121000000]
cosim: 1633000000 retirements ok (pc=ffffffff800f76b8)
[c=4122000000]
[c=4123000000]
cosim: 1634000000 retirements ok (pc=ffffffff800f772a)
[c=4124000000]
[c=4125000000]
cosim: 1635000000 retirements ok (pc=ffffffff800f76c6)
[c=4126000000]
[c=4127000000]
cosim: 1636000000 retirements ok (pc=ffffffff808e2c92)
[c=4128000000]
[c=4129000000]
cosim: 1637000000 retirements ok (pc=ffffffff800f76c6)
[c=4130000000]
[c=4131000000]
cosim: 1638000000 retirements ok (pc=ffffffff808e2c90)
[c=4132000000]
[c=4133000000]
cosim: 1639000000 retirements ok (pc=ffffffff800f76bc)
[c=4134000000]
[c=4135000000]
cosim: 1640000000 retirements ok (pc=ffffffff800f769e)
[c=4136000000]
[c=4137000000]
cosim: 1641000000 retirements ok (pc=ffffffff800f76c0)
[c=4138000000]
[c=4139000000]
cosim: 1642000000 retirements ok (pc=ffffffff800f7756)
[c=4140000000]
[c=4141000000]
cosim: 1643000000 retirements ok (pc=ffffffff800f76ae)
[c=4142000000]
[c=4143000000]
cosim: 1644000000 retirements ok (pc=ffffffff800f776c)
[c=4144000000]
[c=4145000000]
cosim: 1645000000 retirements ok (pc=ffffffff800f77f0)
[c=4146000000]
[c=4147000000]
cosim: 1646000000 retirements ok (pc=ffffffff800f76ac)
[c=4148000000]
[c=4149000000]
cosim: 1647000000 retirements ok (pc=ffffffff808e2c90)
[c=4150000000]
[c=4151000000]
cosim: 1648000000 retirements ok (pc=ffffffff800f76b0)
[c=4152000000]
[c=4153000000]
cosim: 1649000000 retirements ok (pc=ffffffff800f769e)
[c=4154000000]
cosim: 1650000000 retirements ok (pc=ffffffff800f76b4)
[c=4155000000]
[c=4156000000]
cosim: 1651000000 retirements ok (pc=ffffffff800f769e)
[c=4157000000]
[c=4158000000]
cosim: 1652000000 retirements ok (pc=ffffffff800f76c2)
[c=4159000000]
[c=4160000000]
cosim: 1653000000 retirements ok (pc=ffffffff800f77e0)
[c=4161000000]
[c=4162000000]
cosim: 1654000000 retirements ok (pc=ffffffff800f76a2)
[c=4163000000]
[c=4164000000]
cosim: 1655000000 retirements ok (pc=ffffffff800f77f4)
[c=4165000000]
[c=4166000000]
cosim: 1656000000 retirements ok (pc=ffffffff800f76c0)
[c=4167000000]
[c=4168000000]
cosim: 1657000000 retirements ok (pc=ffffffff800f76aa)
[c=4169000000]
[c=4170000000]
cosim: 1658000000 retirements ok (pc=ffffffff800f76a6)
[c=4171000000]
[c=4172000000]
cosim: 1659000000 retirements ok (pc=ffffffff808d8a02)
[c=4173000000]
[c=4174000000]
cosim: 1660000000 retirements ok (pc=ffffffff800f771a)
[c=4175000000]
[c=4176000000]
cosim: 1661000000 retirements ok (pc=ffffffff800f7724)
[c=4177000000]
[c=4178000000]
cosim: 1662000000 retirements ok (pc=ffffffff800f77f0)
[c=4179000000]
[c=4180000000]
cosim: 1663000000 retirements ok (pc=ffffffff8018f5a2)
[c=4181000000]
[c=4182000000]
cosim: 1664000000 retirements ok (pc=ffffffff808d89fc)
[c=4183000000]
[c=4184000000]
cosim: 1665000000 retirements ok (pc=ffffffff80531124)
[c=4185000000]
[c=4186000000]
cosim: 1666000000 retirements ok (pc=ffffffff800f76ae)
[c=4187000000]
[c=4188000000]
cosim: 1667000000 retirements ok (pc=ffffffff808d899e)
[c=4189000000]
[c=4190000000]
cosim: 1668000000 retirements ok (pc=ffffffff800f77e2)
[c=4191000000]
[c=4192000000]
cosim: 1669000000 retirements ok (pc=ffffffff800f7720)
[c=4193000000]
[c=4194000000]
cosim: 1670000000 retirements ok (pc=ffffffff800f76c6)
[c=4195000000]
[c=4196000000]
cosim: 1671000000 retirements ok (pc=ffffffff800f772a)
[c=4197000000]
[c=4198000000]
cosim: 1672000000 retirements ok (pc=ffffffff800f7690)
[c=4199000000]
[c=4200000000]
cosim: 1673000000 retirements ok (pc=ffffffff800f7698)
[c=4201000000]
[c=4202000000]
cosim: 1674000000 retirements ok (pc=ffffffff800f7756)
[c=4203000000]
[c=4204000000]
cosim: 1675000000 retirements ok (pc=ffffffff800f38b0)
[c=4205000000]
[c=4206000000]
cosim: 1676000000 retirements ok (pc=ffffffff808e2c96)
[c=4207000000]
[c=4208000000]
cosim: 1677000000 retirements ok (pc=ffffffff808e2c90)
[c=4209000000]
[c=4210000000]
cosim: 1678000000 retirements ok (pc=ffffffff800f776c)
[c=4211000000]
[c=4212000000]
cosim: 1679000000 retirements ok (pc=ffffffff800f77fa)
[c=4213000000]
[c=4214000000]
cosim: 1680000000 retirements ok (pc=ffffffff800f76ac)
[c=4215000000]
[c=4216000000]
cosim: 1681000000 retirements ok (pc=ffffffff808d89c0)
[c=4217000000]
[c=4218000000]
cosim: 1682000000 retirements ok (pc=ffffffff800f76b8)
[c=4219000000]
[c=4220000000]
cosim: 1683000000 retirements ok (pc=ffffffff800f76b4)
[c=4221000000]
[c=4222000000]
cosim: 1684000000 retirements ok (pc=ffffffff800b05b6)
[c=4223000000]
[c=4224000000]
cosim: 1685000000 retirements ok (pc=ffffffff800f77e8)
[c=4225000000]
[c=4226000000]
cosim: 1686000000 retirements ok (pc=ffffffff800f76c0)
[c=4227000000]
[c=4228000000]
cosim: 1687000000 retirements ok (pc=ffffffff800f76b0)
[c=4229000000]
[c=4230000000]
cosim: 1688000000 retirements ok (pc=ffffffff800f7698)
[c=4231000000]
[c=4232000000]
cosim: 1689000000 retirements ok (pc=ffffffff800f7698)
[c=4233000000]
[c=4234000000]
cosim: 1690000000 retirements ok (pc=ffffffff800f76a2)
[c=4235000000]
[c=4236000000]
cosim: 1691000000 retirements ok (pc=ffffffff800f76a6)
[c=4237000000]
[c=4238000000]
cosim: 1692000000 retirements ok (pc=ffffffff800f76ae)
[c=4239000000]
[c=4240000000]
cosim: 1693000000 retirements ok (pc=ffffffff800f775a)
[c=4241000000]
[c=4242000000]
cosim: 1694000000 retirements ok (pc=ffffffff800f7698)
[c=4243000000]
[c=4244000000]
cosim: 1695000000 retirements ok (pc=ffffffff800f76ae)
[c=4245000000]
[c=4246000000]
cosim: 1696000000 retirements ok (pc=ffffffff800f775e)
[c=4247000000]
[c=4248000000]
cosim: 1697000000 retirements ok (pc=ffffffff800f76a6)
[c=4249000000]
[c=4250000000]
cosim: 1698000000 retirements ok (pc=ffffffff800f76a2)
[c=4251000000]
[c=4252000000]
cosim: 1699000000 retirements ok (pc=ffffffff800f76b4)
[c=4253000000]
[c=4254000000]
cosim: 1700000000 retirements ok (pc=ffffffff800f7720)
[c=4255000000]
[c=4256000000]
cosim: 1701000000 retirements ok (pc=ffffffff800f77f8)
[c=4257000000]
[c=4258000000]
cosim: 1702000000 retirements ok (pc=ffffffff800f76c2)
[c=4259000000]
[c=4260000000]
cosim: 1703000000 retirements ok (pc=ffffffff800f76c0)
[c=4261000000]
[c=4262000000]
cosim: 1704000000 retirements ok (pc=ffffffff800f76a2)
[c=4263000000]
[c=4264000000]
cosim: 1705000000 retirements ok (pc=ffffffff800f76c0)
[c=4265000000]
[c=4266000000]
cosim: 1706000000 retirements ok (pc=ffffffff800f77f4)
[c=4267000000]
[c=4268000000]
cosim: 1707000000 retirements ok (pc=ffffffff808e2d1c)
[c=4269000000]
cosim: 1708000000 retirements ok (pc=ffffffff808e2d16)
[c=4270000000]
[c=4271000000]
[c=4272000000]
cosim: 1709000000 retirements ok (pc=ffffffff800f77e0)
[c=4273000000]
cosim: 1710000000 retirements ok (pc=ffffffff808e2d12)
[c=4274000000]
[c=4275000000]
cosim: 1711000000 retirements ok (pc=ffffffff800f76a6)
[c=4276000000]
[c=4277000000]
[c=4278000000]
cosim: 1712000000 retirements ok (pc=ffffffff800f775a)
[c=4279000000]
[c=4280000000]
cosim: 1713000000 retirements ok (pc=ffffffff808e2c92)
[c=4281000000]
[c=4282000000]
cosim: 1714000000 retirements ok (pc=ffffffff800f7728)
[c=4283000000]
[c=4284000000]
cosim: 1715000000 retirements ok (pc=ffffffff800f77ec)
[c=4285000000]
[c=4286000000]
cosim: 1716000000 retirements ok (pc=ffffffff808e2c96)
[c=4287000000]
[c=4288000000]
cosim: 1717000000 retirements ok (pc=ffffffff808e2be8)
[c=4289000000]
[c=4290000000]
cosim: 1718000000 retirements ok (pc=ffffffff800f7698)
[c=4291000000]
[c=4292000000]
cosim: 1719000000 retirements ok (pc=ffffffff800f777a)
[c=4293000000]
[c=4294000000]
cosim: 1720000000 retirements ok (pc=ffffffff800f77e6)
[c=4295000000]
[c=4296000000]
cosim: 1721000000 retirements ok (pc=ffffffff800f769c)
[c=4297000000]
[c=4298000000]
cosim: 1722000000 retirements ok (pc=ffffffff800f7804)
[c=4299000000]
[c=4300000000]
cosim: 1723000000 retirements ok (pc=ffffffff800f76c6)
[c=4301000000]
[c=4302000000]
cosim: 1724000000 retirements ok (pc=ffffffff800f77e0)
[c=4303000000]
[c=4304000000]
cosim: 1725000000 retirements ok (pc=ffffffff80064324)
[c=4305000000]
[c=4306000000]
cosim: 1726000000 retirements ok (pc=ffffffff800f77e0)
[c=4307000000]
[c=4308000000]
cosim: 1727000000 retirements ok (pc=ffffffff800f76ce)
[c=4309000000]
[c=4310000000]
cosim: 1728000000 retirements ok (pc=ffffffff800f77fa)
[c=4311000000]
[c=4312000000]
cosim: 1729000000 retirements ok (pc=ffffffff800f77e2)
[c=4313000000]
[c=4314000000]
cosim: 1730000000 retirements ok (pc=ffffffff800f77e6)
[c=4315000000]
[c=4316000000]
cosim: 1731000000 retirements ok (pc=ffffffff808e2d0e)
[c=4317000000]
[c=4318000000]
cosim: 1732000000 retirements ok (pc=ffffffff800f768c)
[c=4319000000]
[c=4320000000]
cosim: 1733000000 retirements ok (pc=ffffffff800f7758)
[c=4321000000]
[c=4322000000]
[c=4323000000]
cosim: 1734000000 retirements ok (pc=ffffffff800f77f8)
[c=4324000000]
[c=4325000000]
cosim: 1735000000 retirements ok (pc=ffffffff808e2c92)
[c=4326000000]
[c=4327000000]
cosim: 1736000000 retirements ok (pc=ffffffff800f7756)
[c=4328000000]
[c=4329000000]
cosim: 1737000000 retirements ok (pc=ffffffff800f77fa)
[c=4330000000]
[c=4331000000]
cosim: 1738000000 retirements ok (pc=ffffffff808e2c92)
[c=4332000000]
[c=4333000000]
cosim: 1739000000 retirements ok (pc=ffffffff808e2c90)
[c=4334000000]
[c=4335000000]
cosim: 1740000000 retirements ok (pc=ffffffff800f77f0)
[c=4336000000]
[c=4337000000]
cosim: 1741000000 retirements ok (pc=ffffffff800f39e8)
[c=4338000000]
[c=4339000000]
cosim: 1742000000 retirements ok (pc=ffffffff800f76c0)
[c=4340000000]
[c=4341000000]
cosim: 1743000000 retirements ok (pc=ffffffff800f769c)
[c=4342000000]
[c=4343000000]
cosim: 1744000000 retirements ok (pc=ffffffff800f76a6)
[c=4344000000]
[c=4345000000]
[c=4346000000]
cosim: 1745000000 retirements ok (pc=ffffffff800f7718)
[c=4347000000]
[c=4348000000]
cosim: 1746000000 retirements ok (pc=ffffffff800f77e8)
[c=4349000000]
[c=4350000000]
cosim: 1747000000 retirements ok (pc=ffffffff800f77e0)
[c=4351000000]
[c=4352000000]
cosim: 1748000000 retirements ok (pc=ffffffff808e2d16)
[c=4353000000]
[c=4354000000]
cosim: 1749000000 retirements ok (pc=ffffffff808e2d1c)
[c=4355000000]
[c=4356000000]
cosim: 1750000000 retirements ok (pc=ffffffff808e2c90)
[c=4357000000]
[c=4358000000]
cosim: 1751000000 retirements ok (pc=ffffffff808e2bec)
[c=4359000000]
[c=4360000000]
cosim: 1752000000 retirements ok (pc=ffffffff800f77e6)
[c=4361000000]
[c=4362000000]
cosim: 1753000000 retirements ok (pc=ffffffff808e2c90)
[c=4363000000]
[c=4364000000]
cosim: 1754000000 retirements ok (pc=ffffffff800f7662)
[c=4365000000]
[c=4366000000]
cosim: 1755000000 retirements ok (pc=ffffffff800f77f4)
[c=4367000000]
[c=4368000000]
cosim: 1756000000 retirements ok (pc=ffffffff800f781c)
[c=4369000000]
[c=4370000000]
cosim: 1757000000 retirements ok (pc=ffffffff800f77fc)
[c=4371000000]
[c=4372000000]
[c=4373000000]
cosim: 1758000000 retirements ok (pc=ffffffff800f77ec)
[c=4374000000]
[c=4375000000]
cosim: 1759000000 retirements ok (pc=ffffffff800f77f4)
[c=4376000000]
[c=4377000000]
cosim: 1760000000 retirements ok (pc=ffffffff800f76c0)
[c=4378000000]
[c=4379000000]
cosim: 1761000000 retirements ok (pc=ffffffff800f38b4)
[c=4380000000]
[c=4381000000]
cosim: 1762000000 retirements ok (pc=ffffffff800f76c6)
[c=4382000000]
[c=4383000000]
cosim: 1763000000 retirements ok (pc=ffffffff800f777a)
[c=4384000000]
[c=4385000000]
cosim: 1764000000 retirements ok (pc=ffffffff800f77f8)
[c=4386000000]
[c=4387000000]
cosim: 1765000000 retirements ok (pc=ffffffff808e2c96)
[c=4388000000]
[c=4389000000]
[c=4390000000]
cosim: 1766000000 retirements ok (pc=ffffffff800f77f8)
[c=4391000000]
[c=4392000000]
cosim: 1767000000 retirements ok (pc=ffffffff800f7698)
[c=4393000000]
[c=4394000000]
cosim: 1768000000 retirements ok (pc=ffffffff808e2c92)
[c=4395000000]
[c=4396000000]
cosim: 1769000000 retirements ok (pc=ffffffff800f768c)
[c=4397000000]
[c=4398000000]
cosim: 1770000000 retirements ok (pc=ffffffff800f7652)
[c=4399000000]
[c=4400000000]
cosim: 1771000000 retirements ok (pc=ffffffff800f769c)
[c=4401000000]
[c=4402000000]
cosim: 1772000000 retirements ok (pc=ffffffff800f7650)
[c=4403000000]
[c=4404000000]
[c=4405000000]
cosim: 1773000000 retirements ok (pc=ffffffff800a0426)
[c=4406000000]
[c=4407000000]
cosim: 1774000000 retirements ok (pc=ffffffff800f7766)
[c=4408000000]
[c=4409000000]
cosim: 1775000000 retirements ok (pc=ffffffff800f76c2)
[c=4410000000]
[c=4411000000]
cosim: 1776000000 retirements ok (pc=ffffffff808e2c92)
[c=4412000000]
[c=4413000000]
cosim: 1777000000 retirements ok (pc=ffffffff808d89bc)
[c=4414000000]
[c=4415000000]
cosim: 1778000000 retirements ok (pc=ffffffff800f7660)
[c=4416000000]
[c=4417000000]
cosim: 1779000000 retirements ok (pc=ffffffff800f7782)
[c=4418000000]
[c=4419000000]
cosim: 1780000000 retirements ok (pc=ffffffff800f386a)
[c=4420000000]
[c=4421000000]
cosim: 1781000000 retirements ok (pc=ffffffff800a2490)
[c=4422000000]
[c=4423000000]
cosim: 1782000000 retirements ok (pc=ffffffff800f77e8)
[c=4424000000]
[c=4425000000]
cosim: 1783000000 retirements ok (pc=ffffffff808e2c96)
[c=4426000000]
[c=4427000000]
cosim: 1784000000 retirements ok (pc=ffffffff800f76c6)
[c=4428000000]
cosim: 1785000000 retirements ok (pc=ffffffff800f76c6)
[c=4429000000]
[c=4430000000]
cosim: 1786000000 retirements ok (pc=ffffffff800f77f0)
[c=4431000000]
[c=4432000000]
cosim: 1787000000 retirements ok (pc=ffffffff800a04ec)
[c=4433000000]
[c=4434000000]
cosim: 1788000000 retirements ok (pc=ffffffff800f77f4)
[c=4435000000]
[c=4436000000]
cosim: 1789000000 retirements ok (pc=ffffffff800f77f4)
[c=4437000000]
[c=4438000000]
cosim: 1790000000 retirements ok (pc=ffffffff800f77fc)
[c=4439000000]
[c=4440000000]
cosim: 1791000000 retirements ok (pc=ffffffff800f76ac)
[c=4441000000]
[c=4442000000]
cosim: 1792000000 retirements ok (pc=ffffffff808e2d24)
[c=4443000000]
[c=4444000000]
cosim: 1793000000 retirements ok (pc=ffffffff808e2c92)
[c=4445000000]
[c=4446000000]
cosim: 1794000000 retirements ok (pc=ffffffff800f77e8)
[c=4447000000]
cosim: 1795000000 retirements ok (pc=ffffffff800f76c0)
[c=4448000000]
[c=4449000000]
cosim: 1796000000 retirements ok (pc=ffffffff808d89f6)
[c=4450000000]
[c=4451000000]
cosim: 1797000000 retirements ok (pc=ffffffff800f769e)
[c=4452000000]
[c=4453000000]
cosim: 1798000000 retirements ok (pc=ffffffff800a2422)
[c=4454000000]
[c=4455000000]
cosim: 1799000000 retirements ok (pc=ffffffff800f77fa)
[c=4456000000]
[c=4457000000]
cosim: 1800000000 retirements ok (pc=ffffffff800f77e2)
[c=4458000000]
[c=4459000000]
cosim: 1801000000 retirements ok (pc=ffffffff800f76a2)
[c=4460000000]
[c=4461000000]
cosim: 1802000000 retirements ok (pc=ffffffff808e2c92)
[c=4462000000]
[c=4463000000]
cosim: 1803000000 retirements ok (pc=ffffffff800f76a2)
[c=4464000000]
[c=4465000000]
cosim: 1804000000 retirements ok (pc=ffffffff800f76ac)
[c=4466000000]
[c=4467000000]
cosim: 1805000000 retirements ok (pc=ffffffff808e2c90)
[c=4468000000]
[c=4469000000]
cosim: 1806000000 retirements ok (pc=ffffffff800f77f4)
[c=4470000000]
[c=4471000000]
cosim: 1807000000 retirements ok (pc=ffffffff808e2c96)
[c=4472000000]
[c=4473000000]
cosim: 1808000000 retirements ok (pc=ffffffff808e2be0)
[c=4474000000]
[c=4475000000]
cosim: 1809000000 retirements ok (pc=ffffffff808e2c92)
[c=4476000000]
[c=4477000000]
cosim: 1810000000 retirements ok (pc=ffffffff800f7654)
[c=4478000000]
[c=4479000000]
cosim: 1811000000 retirements ok (pc=ffffffff800f7658)
[c=4480000000]
[c=4481000000]
cosim: 1812000000 retirements ok (pc=ffffffff800f76b4)
[c=4482000000]
[c=4483000000]
[c=4484000000]
cosim: 1813000000 retirements ok (pc=ffffffff808e2d12)
[c=4485000000]
[c=4486000000]
cosim: 1814000000 retirements ok (pc=ffffffff800f77fa)
[c=4487000000]
[c=4488000000]
cosim: 1815000000 retirements ok (pc=ffffffff800f76e6)
[c=4489000000]
[c=4490000000]
cosim: 1816000000 retirements ok (pc=ffffffff800f76b8)
[c=4491000000]
[c=4492000000]
cosim: 1817000000 retirements ok (pc=ffffffff800f77f0)
[c=4493000000]
[c=4494000000]
cosim: 1818000000 retirements ok (pc=ffffffff800a1676)
[c=4495000000]
[c=4496000000]
cosim: 1819000000 retirements ok (pc=ffffffff800f769c)
[c=4497000000]
cosim: 1820000000 retirements ok (pc=ffffffff800f771e)
[c=4498000000]
[c=4499000000]
cosim: 1821000000 retirements ok (pc=ffffffff808e2bec)
[c=4500000000]
[c=4501000000]
cosim: 1822000000 retirements ok (pc=ffffffff800f77f4)
[c=4502000000]
[c=4503000000]
cosim: 1823000000 retirements ok (pc=ffffffff800f76bc)
[c=4504000000]
[c=4505000000]
cosim: 1824000000 retirements ok (pc=ffffffff800f77f8)
[c=4506000000]
[c=4507000000]
cosim: 1825000000 retirements ok (pc=ffffffff800f7698)
[c=4508000000]
[c=4509000000]
cosim: 1826000000 retirements ok (pc=ffffffff800f76a2)
[c=4510000000]
[c=4511000000]
cosim: 1827000000 retirements ok (pc=ffffffff800f7736)
[c=4512000000]
[c=4513000000]
cosim: 1828000000 retirements ok (pc=ffffffff800f77f4)
[c=4514000000]
[c=4515000000]
cosim: 1829000000 retirements ok (pc=ffffffff800f76aa)
[c=4516000000]
[c=4517000000]
cosim: 1830000000 retirements ok (pc=ffffffff808e29cc)
[c=4518000000]
[c=4519000000]
cosim: 1831000000 retirements ok (pc=ffffffff800f769c)
[c=4520000000]
[c=4521000000]
cosim: 1832000000 retirements ok (pc=ffffffff800f76c6)
[c=4522000000]
[c=4523000000]
cosim: 1833000000 retirements ok (pc=ffffffff800f76bc)
[c=4524000000]
[c=4525000000]
cosim: 1834000000 retirements ok (pc=ffffffff8068b952)
[c=4526000000]
[c=4527000000]
cosim: 1835000000 retirements ok (pc=ffffffff800f769c)
[c=4528000000]
[c=4529000000]
cosim: 1836000000 retirements ok (pc=ffffffff808e2c90)
[c=4530000000]
cosim: 1837000000 retirements ok (pc=ffffffff808e2c90)
[c=4531000000]
[c=4532000000]
cosim: 1838000000 retirements ok (pc=ffffffff800f77e2)
[c=4533000000]
[c=4534000000]
cosim: 1839000000 retirements ok (pc=ffffffff800f7756)
[c=4535000000]
[c=4536000000]
[c=4537000000]
cosim: 1840000000 retirements ok (pc=ffffffff800f77f8)
[c=4538000000]
[c=4539000000]
cosim: 1841000000 retirements ok (pc=ffffffff800f77f8)
[c=4540000000]
[c=4541000000]
[c=4542000000]
cosim: 1842000000 retirements ok (pc=ffffffff800a1574)
[c=4543000000]
[c=4544000000]
cosim: 1843000000 retirements ok (pc=ffffffff808e29cc)
[c=4545000000]
[c=4546000000]
cosim: 1844000000 retirements ok (pc=ffffffff800f76b4)
[c=4547000000]
[c=4548000000]
cosim: 1845000000 retirements ok (pc=ffffffff805311ea)
[c=4549000000]
[c=4550000000]
cosim: 1846000000 retirements ok (pc=ffffffff800f769c)
[c=4551000000]
[c=4552000000]
cosim: 1847000000 retirements ok (pc=ffffffff800f76c2)
[c=4553000000]
[c=4554000000]
cosim: 1848000000 retirements ok (pc=ffffffff808e2c90)
[c=4555000000]
[c=4556000000]
cosim: 1849000000 retirements ok (pc=ffffffff808e2c90)
[c=4557000000]
[c=4558000000]
cosim: 1850000000 retirements ok (pc=ffffffff800f77e6)
[c=4559000000]
[c=4560000000]
cosim: 1851000000 retirements ok (pc=ffffffff800f77f4)
[c=4561000000]
cosim: 1852000000 retirements ok (pc=ffffffff808e29b6)
[c=4562000000]
[c=4563000000]
cosim: 1853000000 retirements ok (pc=ffffffff800f76c0)
[c=4564000000]
[c=4565000000]
cosim: 1854000000 retirements ok (pc=ffffffff800f77ec)
[c=4566000000]
[c=4567000000]
cosim: 1855000000 retirements ok (pc=ffffffff800f76c6)
[c=4568000000]
[c=4569000000]
cosim: 1856000000 retirements ok (pc=ffffffff808e2d30)
[c=4570000000]
[c=4571000000]
cosim: 1857000000 retirements ok (pc=ffffffff800f77e6)
[c=4572000000]
[c=4573000000]
cosim: 1858000000 retirements ok (pc=ffffffff800f76aa)
[c=4574000000]
[c=4575000000]
cosim: 1859000000 retirements ok (pc=ffffffff800a5994)
[c=4576000000]
[c=4577000000]
cosim: 1860000000 retirements ok (pc=ffffffff800f77e2)
[c=4578000000]
[c=4579000000]
cosim: 1861000000 retirements ok (pc=ffffffff800f76ae)
[c=4580000000]
[c=4581000000]
cosim: 1862000000 retirements ok (pc=ffffffff800f769c)
[c=4582000000]
[c=4583000000]
cosim: 1863000000 retirements ok (pc=ffffffff800f7718)
[c=4584000000]
[c=4585000000]
cosim: 1864000000 retirements ok (pc=ffffffff800f773a)
[c=4586000000]
cosim: 1865000000 retirements ok (pc=ffffffff808e2d1a)
[c=4587000000]
[c=4588000000]
cosim: 1866000000 retirements ok (pc=ffffffff800f775e)
[c=4589000000]
[c=4590000000]
cosim: 1867000000 retirements ok (pc=ffffffff800f76aa)
[c=4591000000]
[c=4592000000]
cosim: 1868000000 retirements ok (pc=ffffffff800f77e8)
[c=4593000000]
[c=4594000000]
cosim: 1869000000 retirements ok (pc=ffffffff800f77e0)
[c=4595000000]
[c=4596000000]
cosim: 1870000000 retirements ok (pc=ffffffff800f771e)
[c=4597000000]
[c=4598000000]
cosim: 1871000000 retirements ok (pc=ffffffff800f775e)
[c=4599000000]
[c=4600000000]
cosim: 1872000000 retirements ok (pc=ffffffff800f77e8)
[c=4601000000]
[c=4602000000]
cosim: 1873000000 retirements ok (pc=ffffffff800f7660)
[c=4603000000]
[c=4604000000]
[c=4605000000]
cosim: 1874000000 retirements ok (pc=ffffffff800250cc)
[c=4606000000]
[c=4607000000]
[c=4608000000]
cosim: 1875000000 retirements ok (pc=ffffffff808d89bc)
[c=4609000000]
[c=4610000000]
cosim: 1876000000 retirements ok (pc=ffffffff800f772c)
[c=4611000000]
[c=4612000000]
cosim: 1877000000 retirements ok (pc=ffffffff800f7698)
[c=4613000000]
[c=4614000000]
cosim: 1878000000 retirements ok (pc=ffffffff800f7752)
[c=4615000000]
[c=4616000000]
cosim: 1879000000 retirements ok (pc=ffffffff808e29c0)
[c=4617000000]
[c=4618000000]
cosim: 1880000000 retirements ok (pc=ffffffff808e2c92)
[c=4619000000]
[c=4620000000]
cosim: 1881000000 retirements ok (pc=ffffffff800f76b0)
[c=4621000000]
[c=4622000000]
cosim: 1882000000 retirements ok (pc=ffffffff800f76b0)
[c=4623000000]
[c=4624000000]
cosim: 1883000000 retirements ok (pc=ffffffff800f7720)
[c=4625000000]
[c=4626000000]
cosim: 1884000000 retirements ok (pc=ffffffff800f7752)
[c=4627000000]
[c=4628000000]
cosim: 1885000000 retirements ok (pc=ffffffff800f76a6)
[c=4629000000]
[c=4630000000]
cosim: 1886000000 retirements ok (pc=ffffffff800f7728)
[c=4631000000]
[c=4632000000]
cosim: 1887000000 retirements ok (pc=ffffffff800f77fa)
[c=4633000000]
[c=4634000000]
cosim: 1888000000 retirements ok (pc=ffffffff800f7728)
[c=4635000000]
[c=4636000000]
cosim: 1889000000 retirements ok (pc=ffffffff800f769e)
[c=4637000000]
[c=4638000000]
cosim: 1890000000 retirements ok (pc=ffffffff800f7698)
[c=4639000000]
[c=4640000000]
cosim: 1891000000 retirements ok (pc=ffffffff808e2c96)
[c=4641000000]
cosim: 1892000000 retirements ok (pc=ffffffff808e2c96)
[c=4642000000]
[c=4643000000]
cosim: 1893000000 retirements ok (pc=ffffffff808e2c96)
[c=4644000000]
[c=4645000000]
cosim: 1894000000 retirements ok (pc=ffffffff808e2c92)
[c=4646000000]
[c=4647000000]
cosim: 1895000000 retirements ok (pc=ffffffff808e2c92)
[c=4648000000]
[c=4649000000]
cosim: 1896000000 retirements ok (pc=ffffffff800f76a6)
[c=4650000000]
[c=4651000000]
cosim: 1897000000 retirements ok (pc=ffffffff800f7660)
[c=4652000000]
[c=4653000000]
[c=4654000000]
cosim: 1898000000 retirements ok (pc=ffffffff800f7658)
[c=4655000000]
[c=4656000000]
[c=4657000000]
cosim: 1899000000 retirements ok (pc=ffffffff802754dc)
[  335.396340] clk: Disabling unused clocks
[  335.398840] ALSA device list:
[  335.401640]   No soundcards found.
[c=4658000000]
[c=4659000000]
[c=4660000000]
[c=4661000000]
[c=4662000000]
cosim: 1900000000 retirements ok (pc=ffffffff808e2b90)
[c=4663000000]
[  335.789570] Freeing unused kernel image (initmem) memory: 2300K
[  335.801540] Run /init as init process
[  335.803160]   with arguments:
[  335.804750]     /init
[  335.806330]   with environment:
[  335.807910]     HOME=/
[  335.809470]     TERM=linux
[c=4664000000]
[c=4665000000]
[c=4666000000]
cosim: 1901000000 retirements ok (pc=0000003fbaa04ce8)
[c=4667000000]
[c=4668000000]
[c=4669000000]
[c=4670000000]
[c=4671000000]
cosim: 1902000000 retirements ok (pc=ffffffff80048938)
[c=4672000000]
[c=4673000000]
[c=4674000000]
cosim: 1903000000 retirements ok (pc=0000002ac8edadc0)
[c=4675000000]
[c=4676000000]
[c=4677000000]
cosim: 1904000000 retirements ok (pc=ffffffff80248990)
[c=4678000000]
[c=4679000000]
[c=4680000000]
cosim: 1905000000 retirements ok (pc=ffffffff808ee18e)
[c=4681000000]
[c=4682000000]
[c=4683000000]
[c=4684000000]
cosim: 1906000000 retirements ok (pc=ffffffff808ee1c2)
[c=4685000000]
[c=4686000000]
[c=4687000000]
cosim: 1907000000 retirements ok (pc=ffffffff804a3e9a)
[c=4688000000]
[c=4689000000]
[c=4690000000]
cosim: 1908000000 retirements ok (pc=0000003f96fc91f8)
[c=4691000000]
[c=4692000000]
[c=4693000000]
cosim: 1909000000 retirements ok (pc=ffffffff801e956c)
[c=4694000000]
[c=4695000000]
[c=4696000000]
[c=4697000000]
cosim: 1910000000 retirements ok (pc=ffffffff801e5804)
[c=4698000000]
[c=4699000000]
[c=4700000000]
cosim: 1911000000 retirements ok (pc=0000003fb5194d7c)
[c=4701000000]
[c=4702000000]
[c=4703000000]
cosim: 1912000000 retirements ok (pc=ffffffff801e5800)
[c=4704000000]
[c=4705000000]
[c=4706000000]
cosim: 1913000000 retirements ok (pc=0000003fab46cf7c)
[c=4707000000]
[c=4708000000]
[c=4709000000]
cosim: 1914000000 retirements ok (pc=ffffffff808ee150)
[c=4710000000]
[c=4711000000]
[c=4712000000]
cosim: 1915000000 retirements ok (pc=ffffffff800b2b98)
[c=4713000000]
[c=4714000000]
[c=4715000000]
cosim: 1916000000 retirements ok (pc=0000003faa1f9518)
[c=4716000000]
[c=4717000000]
[c=4718000000]
cosim: 1917000000 retirements ok (pc=ffffffff808ee332)
[c=4719000000]
[c=4720000000]
[c=4721000000]
[c=4722000000]
cosim: 1918000000 retirements ok (pc=ffffffff801e5820)
[c=4723000000]
[c=4724000000]
[c=4725000000]
cosim: 1919000000 retirements ok (pc=ffffffff800a40b4)
[c=4726000000]
[c=4727000000]
[c=4728000000]
cosim: 1920000000 retirements ok (pc=ffffffff8005cd7e)
[c=4729000000]
[c=4730000000]
[c=4731000000]
cosim: 1921000000 retirements ok (pc=ffffffff80059d70)
[c=4732000000]
[c=4733000000]
[c=4734000000]
cosim: 1922000000 retirements ok (pc=ffffffff801a58f0)
[c=4735000000]
[c=4736000000]
[c=4737000000]
cosim: 1923000000 retirements ok (pc=0000003f9d6fd2f0)
[c=4738000000]
[c=4739000000]
[c=4740000000]
[c=4741000000]
cosim: 1924000000 retirements ok (pc=ffffffff80063ff4)
[c=4742000000]
[c=4743000000]
[c=4744000000]
cosim: 1925000000 retirements ok (pc=0000003fa958873c)
[c=4745000000]
[c=4746000000]
Starting syslogd: [c=4747000000]
cosim: 1926000000 retirements ok (pc=ffffffff801e7142)
[c=4748000000]
[c=4749000000]
[c=4750000000]
cosim: 1927000000 retirements ok (pc=0000003fa5558f7c)
[c=4751000000]
[c=4752000000]
OK[c=4753000000]

cosim: 1928000000 retirements ok (pc=ffffffff801fb9ae)
[c=4754000000]
[c=4755000000]
[c=4756000000]
cosim: 1929000000 retirements ok (pc=ffffffff8007ef04)
[c=4757000000]
[c=4758000000]
[c=4759000000]
[c=4760000000]
cosim: 1930000000 retirements ok (pc=ffffffff801fb964)
[c=4761000000]
[c=4762000000]
[c=4763000000]
cosim: 1931000000 retirements ok (pc=ffffffff801f32c6)
[c=4764000000]
[c=4765000000]
[c=4766000000]
cosim: 1932000000 retirements ok (pc=ffffffff801fb5b0)
[c=4767000000]
Starting klogd: [c=4768000000]
[c=4769000000]
cosim: 1933000000 retirements ok (pc=ffffffff808e40ce)
[c=4770000000]
[c=4771000000]
[c=4772000000]
cosim: 1934000000 retirements ok (pc=ffffffff8000f03e)
[c=4773000000]
[c=4774000000]
[c=4775000000]
OK
[c=4776000000]
cosim: 1935000000 retirements ok (pc=ffffffff8029c0ac)
[c=4777000000]
[c=4778000000]
[c=4779000000]
cosim: 1936000000 retirements ok (pc=0000003fb8b417cc)
[c=4780000000]
[c=4781000000]
[c=4782000000]
cosim: 1937000000 retirements ok (pc=ffffffff8004f024)
[c=4783000000]
[c=4784000000]
[c=4785000000]
cosim: 1938000000 retirements ok (pc=ffffffff800b05b8)
[c=4786000000]
[c=4787000000]
[c=4788000000]
[c=4789000000]
cosim: 1939000000 retirements ok (pc=ffffffff800191f8)
[c=4790000000]
[c=4791000000]
[c=4792000000]
cosim: 1940000000 retirements ok (pc=ffffffff800a095a)
[c=4793000000]
[c=4794000000]
[c=4795000000]
cosim: 1941000000 retirements ok (pc=ffffffff8068b964)
[c=4796000000]
[c=4797000000]
[c=4798000000]
[c=4799000000]
cosim: 1942000000 retirements ok (pc=ffffffff808ee210)
[c=4800000000]
[c=4801000000]
[c=4802000000]
cosim: 1943000000 retirements ok (pc=ffffffff806baaae)
[c=4803000000]
[c=4804000000]
[c=4805000000]
[c=4806000000]
cosim: 1944000000 retirements ok (pc=0000003fa8c04eb8)
[c=4807000000]
[c=4808000000]
Running sysctl: [c=4809000000]
cosim: 1945000000 retirements ok (pc=ffffffff808eb3c0)
[c=4810000000]
[c=4811000000]
[c=4812000000]
cosim: 1946000000 retirements ok (pc=ffffffff800a23fa)
[c=4813000000]
[c=4814000000]
[c=4815000000]
[c=4816000000]
cosim: 1947000000 retirements ok (pc=ffffffff801a42c8)
[c=4817000000]
[c=4818000000]
[c=4819000000]
[c=4820000000]
cosim: 1948000000 retirements ok (pc=ffffffff801a42d6)
[c=4821000000]
[c=4822000000]
[c=4823000000]
cosim: 1949000000 retirements ok (pc=ffffffff801a5504)
[c=4824000000]
[c=4825000000]
[c=4826000000]
[c=4827000000]
cosim: 1950000000 retirements ok (pc=ffffffff808d9166)
[c=4828000000]
[c=4829000000]
[c=4830000000]
cosim: 1951000000 retirements ok (pc=ffffffff800a59aa)
[c=4831000000]
[c=4832000000]
[c=4833000000]
[c=4834000000]
cosim: 1952000000 retirements ok (pc=ffffffff801a4258)
[c=4835000000]
[c=4836000000]
[c=4837000000]
cosim: 1953000000 retirements ok (pc=ffffffff80267b8a)
[c=4838000000]
[c=4839000000]
[c=4840000000]
[c=4841000000]
cosim: 1954000000 retirements ok (pc=ffffffff8068b98c)
[c=4842000000]
[c=4843000000]
[c=4844000000]
cosim: 1955000000 retirements ok (pc=0000003fb66fe3a0)
[c=4845000000]
[c=4846000000]
[c=4847000000]
cosim: 1956000000 retirements ok (pc=0000003fb670cf84)
[c=4848000000]
[c=4849000000]
[c=4850000000]
cosim: 1957000000 retirements ok (pc=ffffffff801fb418)
[c=4851000000]
[c=4852000000]
[c=4853000000]
[c=4854000000]
cosim: 1958000000 retirements ok (pc=ffffffff800a1050)
[c=4855000000]
[c=4856000000]
[c=4857000000]
cosim: 1959000000 retirements ok (pc=ffffffff800a1200)
[c=4858000000]
[c=4859000000]
[c=4860000000]
cosim: 1960000000 retirements ok (pc=ffffffff80054762)
[c=4861000000]
[c=4862000000]
[c=4863000000]
cosim: 1961000000 retirements ok (pc=ffffffff801e6308)
[c=4864000000]
[c=4865000000]
[c=4866000000]
OK
cosim: 1962000000 retirements ok (pc=ffffffff8005d316)
[c=4867000000]
[c=4868000000]
[c=4869000000]
cosim: 1963000000 retirements ok (pc=ffffffff808e40e6)
[c=4870000000]
[c=4871000000]
[c=4872000000]
cosim: 1964000000 retirements ok (pc=ffffffff808e2b94)
[c=4873000000]
[c=4874000000]
[c=4875000000]
cosim: 1965000000 retirements ok (pc=0000003f99638264)
[c=4876000000]
[c=4877000000]
[c=4878000000]
cosim: 1966000000 retirements ok (pc=ffffffff80065142)
[c=4879000000]
Saving random seed: [c=4880000000]
[c=4881000000]
cosim: 1967000000 retirements ok (pc=ffffffff801db454)
[c=4882000000]
[c=4883000000]
[c=4884000000]
cosim: 1968000000 retirements ok (pc=ffffffff8001766e)
[c=4885000000]
[c=4886000000]
[c=4887000000]
cosim: 1969000000 retirements ok (pc=ffffffff808e2bd0)
[c=4888000000]
[c=4889000000]
[c=4890000000]
[c=4891000000]
cosim: 1970000000 retirements ok (pc=ffffffff800a3824)
[c=4892000000]
OK
[c=4893000000]
[c=4894000000]
cosim: 1971000000 retirements ok (pc=ffffffff801e6106)
[c=4895000000]
[c=4896000000]
[c=4897000000]
cosim: 1972000000 retirements ok (pc=0000003f887587cc)
[c=4898000000]
[c=4899000000]
[c=4900000000]
cosim: 1973000000 retirements ok (pc=ffffffff801f22ec)
[c=4901000000]
[c=4902000000]
[c=4903000000]
cosim: 1974000000 retirements ok (pc=ffffffff801ed066)
Starting network: [c=4904000000]
[c=4905000000]
[c=4906000000]
cosim: 1975000000 retirements ok (pc=0000003f80664f70)
[c=4907000000]
[c=4908000000]
[c=4909000000]
cosim: 1976000000 retirements ok (pc=ffffffff8020838c)
[c=4910000000]
[c=4911000000]
[c=4912000000]
[c=4913000000]
cosim: 1977000000 retirements ok (pc=ffffffff801fb96e)
[c=4914000000]
[c=4915000000]
[c=4916000000]
cosim: 1978000000 retirements ok (pc=ffffffff801f93a8)
[c=4917000000]
[c=4918000000]
[c=4919000000]
cosim: 1979000000 retirements ok (pc=0000003f840662d4)
[c=4920000000]
[c=4921000000]
[c=4922000000]
cosim: 1980000000 retirements ok (pc=ffffffff808e6762)
[c=4923000000]
[c=4924000000]
[c=4925000000]
cosim: 1981000000 retirements ok (pc=0000003fb5c72f70)
[c=4926000000]
[c=4927000000]
[c=4928000000]
cosim: 1982000000 retirements ok (pc=0000003f859f3264)
[c=4929000000]
[c=4930000000]
[c=4931000000]
cosim: 1983000000 retirements ok (pc=ffffffff800a040a)
[c=4932000000]
[c=4933000000]
[c=4934000000]
cosim: 1984000000 retirements ok (pc=ffffffff801e299e)
[c=4935000000]
[c=4936000000]
[c=4937000000]
cosim: 1985000000 retirements ok (pc=0000003f835e084c)
[c=4938000000]
[c=4939000000]
[c=4940000000]
cosim: 1986000000 retirements ok (pc=ffffffff801a424c)
[c=4941000000]
[c=4942000000]
[c=4943000000]
cosim: 1987000000 retirements ok (pc=ffffffff808e2fda)
[c=4944000000]
[c=4945000000]
[c=4946000000]
cosim: 1988000000 retirements ok (pc=0000003f82c2afa4)
[c=4947000000]
[c=4948000000]
[c=4949000000]
OK
cosim: 1989000000 retirements ok (pc=ffffffff801b4f74)
[c=4950000000]
[c=4951000000]
[c=4952000000]
cosim: 1990000000 retirements ok (pc=ffffffff808e290c)
[c=4953000000]
[c=4954000000]
[c=4955000000]
Start running Geekbench
[c=4956000000]
cosim: 1991000000 retirements ok (pc=ffffffff801a557c)
[c=4957000000]
[c=4958000000]
[c=4959000000]
cosim: 1992000000 retirements ok (pc=ffffffff800a3d38)
[c=4960000000]
[c=4961000000]
[c=4962000000]
[c=4963000000]
cosim: 1993000000 retirements ok (pc=ffffffff801a42f4)
[c=4964000000]
[c=4965000000]
[c=4966000000]
[c=4967000000]
[c=4968000000]
[c=4969000000]
[c=4970000000]
cosim: 1994000000 retirements ok (pc=ffffffff801ee2a8)
[c=4971000000]
[c=4972000000]
[c=4973000000]
[c=4974000000]
[c=4975000000]
[c=4976000000]
cosim: 1995000000 retirements ok (pc=ffffffff800a15be)
[c=4977000000]
[c=4978000000]
[c=4979000000]
[c=4980000000]
[c=4981000000]
[c=4982000000]
cosim: 1996000000 retirements ok (pc=0000003fb2ab5af4)
[c=4983000000]
[c=4984000000]
[c=4985000000]
[c=4986000000]
[c=4987000000]
cosim: 1997000000 retirements ok (pc=0000003fb2abc038)
[c=4988000000]
[c=4989000000]
[c=4990000000]
[c=4991000000]
[c=4992000000]
cosim: 1998000000 retirements ok (pc=ffffffff808e66f4)
[c=4993000000]
[c=4994000000]
[c=4995000000]
[c=4996000000]
[c=4997000000]
cosim: 1999000000 retirements ok (pc=ffffffff808e2fc6)
[c=4998000000]
[c=4999000000]
cosim: 2000000000 retirements ok (pc=ffffffff808e2fbc)
[c=5000000000]
[c=5001000000]
[c=5002000000]
cosim: 2001000000 retirements ok (pc=ffffffff80059dc8)
[c=5003000000]
[c=5004000000]
[c=5005000000]
cosim: 2002000000 retirements ok (pc=ffffffff808e2fbe)
[c=5006000000]
[c=5007000000]
[c=5008000000]
cosim: 2003000000 retirements ok (pc=ffffffff808e2fb8)
[c=5009000000]
[c=5010000000]
[c=5011000000]
cosim: 2004000000 retirements ok (pc=ffffffff801e90fa)
[c=5012000000]
[c=5013000000]
[c=5014000000]
[c=5015000000]
cosim: 2005000000 retirements ok (pc=ffffffff8020df68)
[c=5016000000]
[c=5017000000]
[c=5018000000]
cosim: 2006000000 retirements ok (pc=ffffffff8024895a)
[c=5019000000]
[c=5020000000]
[c=5021000000]
cosim: 2007000000 retirements ok (pc=ffffffff808e2b48)
[c=5022000000]
[c=5023000000]
[c=5024000000]
cosim: 2008000000 retirements ok (pc=ffffffff808ee1ba)
[c=5025000000]
[c=5026000000]
[c=5027000000]
cosim: 2009000000 retirements ok (pc=ffffffff808e2fc8)
[c=5028000000]
[c=5029000000]
[c=5030000000]
cosim: 2010000000 retirements ok (pc=ffffffff808e2fc4)
[c=5031000000]
[c=5032000000]
[c=5033000000]
cosim: 2011000000 retirements ok (pc=ffffffff808e2bb0)
[c=5034000000]
[c=5035000000]
[c=5036000000]
[c=5037000000]
[c=5038000000]
[c=5039000000]
cosim: 2012000000 retirements ok (pc=ffffffff8020de80)
[c=5040000000]
[c=5041000000]
[c=5042000000]
[c=5043000000]
cosim: 2013000000 retirements ok (pc=ffffffff800a56bc)
[c=5044000000]
[c=5045000000]
[c=5046000000]
[c=5047000000]
[c=5048000000]
[c=5049000000]
cosim: 2014000000 retirements ok (pc=ffffffff808e2f72)
[c=5050000000]
[c=5051000000]
[c=5052000000]
[c=5053000000]
[c=5054000000]
cosim: 2015000000 retirements ok (pc=ffffffff808e2bc4)
[c=5055000000]
[c=5056000000]
[c=5057000000]
[c=5058000000]
[c=5059000000]
[c=5060000000]
cosim: 2016000000 retirements ok (pc=ffffffff808e2f6a)
[c=5061000000]
[c=5062000000]
[c=5063000000]
[c=5064000000]
[c=5065000000]
[c=5066000000]
[c=5067000000]
cosim: 2017000000 retirements ok (pc=ffffffff804a1b42)
[c=5068000000]
[c=5069000000]
[c=5070000000]
[c=5071000000]
[c=5072000000]
[c=5073000000]
cosim: 2018000000 retirements ok (pc=ffffffff808e2f5e)
[c=5074000000]
[c=5075000000]
[c=5076000000]
[c=5077000000]
[c=5078000000]
[c=5079000000]
cosim: 2019000000 retirements ok (pc=ffffffff808e2b9c)
[c=5080000000]
[c=5081000000]
[c=5082000000]
[c=5083000000]
[c=5084000000]
[c=5085000000]
cosim: 2020000000 retirements ok (pc=ffffffff808e2f6a)
[c=5086000000]
[c=5087000000]
[c=5088000000]
[c=5089000000]
[c=5090000000]
[c=5091000000]
cosim: 2021000000 retirements ok (pc=ffffffff808e2f5e)
[c=5092000000]
[c=5093000000]
[c=5094000000]
[c=5095000000]
[c=5096000000]
cosim: 2022000000 retirements ok (pc=ffffffff801ecf72)
[c=5097000000]
[c=5098000000]
[c=5099000000]
[c=5100000000]
cosim: 2023000000 retirements ok (pc=ffffffff808ee12a)
[c=5101000000]
[c=5102000000]
[c=5103000000]
[c=5104000000]
[c=5105000000]
cosim: 2024000000 retirements ok (pc=ffffffff808e2b60)
[c=5106000000]
[c=5107000000]
[c=5108000000]
cosim: 2025000000 retirements ok (pc=ffffffff808e2fb8)
[c=5109000000]
[c=5110000000]
[c=5111000000]
cosim: 2026000000 retirements ok (pc=ffffffff808ca8d0)
[c=5112000000]
[c=5113000000]
[c=5114000000]
cosim: 2027000000 retirements ok (pc=ffffffff808e2fbc)
[c=5115000000]
[c=5116000000]
[c=5117000000]
cosim: 2028000000 retirements ok (pc=ffffffff808e2fca)
[c=5118000000]
[c=5119000000]
[c=5120000000]
cosim: 2029000000 retirements ok (pc=ffffffff808e2fc6)
[c=5121000000]
[c=5122000000]
cosim: 2030000000 retirements ok (pc=ffffffff808e2fc6)
[c=5123000000]
[c=5124000000]
[c=5125000000]
cosim: 2031000000 retirements ok (pc=ffffffff802453b8)
[c=5126000000]
[c=5127000000]
[c=5128000000]
cosim: 2032000000 retirements ok (pc=ffffffff8020dd5c)
[c=5129000000]
[c=5130000000]
[c=5131000000]
cosim: 2033000000 retirements ok (pc=ffffffff802453e2)
[c=5132000000]
[c=5133000000]
[c=5134000000]
cosim: 2034000000 retirements ok (pc=ffffffff801c8cf0)
[c=5135000000]
[c=5136000000]
[c=5137000000]
cosim: 2035000000 retirements ok (pc=ffffffff808cabba)
[c=5138000000]
[c=5139000000]
[c=5140000000]
cosim: 2036000000 retirements ok (pc=ffffffff802489cc)
[c=5141000000]
[c=5142000000]
[c=5143000000]
cosim: 2037000000 retirements ok (pc=ffffffff808e2fc0)
[c=5144000000]
[c=5145000000]
[c=5146000000]
cosim: 2038000000 retirements ok (pc=ffffffff801f9a6a)
[c=5147000000]
[c=5148000000]
[c=5149000000]
[c=5150000000]
cosim: 2039000000 retirements ok (pc=ffffffff808ca922)
[c=5151000000]
[c=5152000000]
[c=5153000000]
cosim: 2040000000 retirements ok (pc=ffffffff808e2fc0)
[c=5154000000]
[c=5155000000]
[c=5156000000]
[c=5157000000]
[c=5158000000]
cosim: 2041000000 retirements ok (pc=ffffffff808e28b4)
[c=5159000000]
[c=5160000000]
[c=5161000000]
cosim: 2042000000 retirements ok (pc=ffffffff80248972)
[c=5162000000]
[c=5163000000]
cosim: 2043000000 retirements ok (pc=ffffffff808e2fbc)
[c=5164000000]
[c=5165000000]
[c=5166000000]
cosim: 2044000000 retirements ok (pc=ffffffff801ecfc8)
[c=5167000000]
[c=5168000000]
[c=5169000000]
cosim: 2045000000 retirements ok (pc=ffffffff808e2fc0)
[c=5170000000]
[c=5171000000]
[c=5172000000]
cosim: 2046000000 retirements ok (pc=ffffffff800585f8)
[c=5173000000]
[c=5174000000]
[c=5175000000]
cosim: 2047000000 retirements ok (pc=ffffffff808e28a0)
[c=5176000000]
[c=5177000000]
[c=5178000000]
[c=5179000000]
[c=5180000000]
cosim: 2048000000 retirements ok (pc=ffffffff802425de)
[c=5181000000]
[c=5182000000]
[c=5183000000]
cosim: 2049000000 retirements ok (pc=ffffffff80248ac2)
[c=5184000000]
[c=5185000000]
[c=5186000000]
cosim: 2050000000 retirements ok (pc=ffffffff808e2b74)
[c=5187000000]
[c=5188000000]
[c=5189000000]
cosim: 2051000000 retirements ok (pc=ffffffff8024a4de)
[c=5190000000]
[c=5191000000]
cosim: 2052000000 retirements ok (pc=ffffffff808e2fbe)
[c=5192000000]
[c=5193000000]
[c=5194000000]
cosim: 2053000000 retirements ok (pc=ffffffff808e2b44)
[c=5195000000]
[c=5196000000]
[c=5197000000]
[c=5198000000]
[c=5199000000]
cosim: 2054000000 retirements ok (pc=ffffffff808e2fc4)
[c=5200000000]
[c=5201000000]
[c=5202000000]
[c=5203000000]
cosim: 2055000000 retirements ok (pc=ffffffff808e2918)
[c=5204000000]
[c=5205000000]
[c=5206000000]
[c=5207000000]
cosim: 2056000000 retirements ok (pc=ffffffff800a0940)
[c=5208000000]
[c=5209000000]
cosim: 2057000000 retirements ok (pc=ffffffff80059824)
[c=5210000000]
[c=5211000000]
cosim: 2058000000 retirements ok (pc=ffffffff808e2fbe)
[c=5212000000]
[c=5213000000]
[c=5214000000]
cosim: 2059000000 retirements ok (pc=ffffffff801edb50)
[c=5215000000]
[c=5216000000]
[c=5217000000]
cosim: 2060000000 retirements ok (pc=ffffffff80531088)
[c=5218000000]
[c=5219000000]
[c=5220000000]
cosim: 2061000000 retirements ok (pc=ffffffff808e2b90)
[c=5221000000]
[c=5222000000]
[c=5223000000]
cosim: 2062000000 retirements ok (pc=ffffffff808e2fb8)
[c=5224000000]
[c=5225000000]
[c=5226000000]
cosim: 2063000000 retirements ok (pc=ffffffff801f939c)
[c=5227000000]
[c=5228000000]
[c=5229000000]
cosim: 2064000000 retirements ok (pc=ffffffff801f92b6)
[c=5230000000]
[c=5231000000]
[c=5232000000]
cosim: 2065000000 retirements ok (pc=ffffffff80242c0a)
[c=5233000000]
[c=5234000000]
[c=5235000000]
[c=5236000000]
[c=5237000000]
cosim: 2066000000 retirements ok (pc=ffffffff802461ea)
[c=5238000000]
[c=5239000000]
[c=5240000000]
[c=5241000000]
cosim: 2067000000 retirements ok (pc=ffffffff802453ba)
[c=5242000000]
[c=5243000000]
[c=5244000000]
[c=5245000000]
[c=5246000000]
[c=5247000000]
cosim: 2068000000 retirements ok (pc=ffffffff808e2f6a)
[c=5248000000]
[c=5249000000]
[c=5250000000]
[c=5251000000]
[c=5252000000]
[c=5253000000]
cosim: 2069000000 retirements ok (pc=ffffffff808e2ba8)
[c=5254000000]
[c=5255000000]
[c=5256000000]
[c=5257000000]
[c=5258000000]
cosim: 2070000000 retirements ok (pc=ffffffff802423a8)
[c=5259000000]
[c=5260000000]
[c=5261000000]
cosim: 2071000000 retirements ok (pc=ffffffff8005865c)
[c=5262000000]
[c=5263000000]
[c=5264000000]
[c=5265000000]
[c=5266000000]
[c=5267000000]
cosim: 2072000000 retirements ok (pc=ffffffff808e2b80)
[c=5268000000]
[c=5269000000]
[c=5270000000]
[c=5271000000]
[c=5272000000]
[c=5273000000]
cosim: 2073000000 retirements ok (pc=ffffffff801a70aa)
[c=5274000000]
[c=5275000000]
[c=5276000000]
[c=5277000000]
[c=5278000000]
[c=5279000000]
cosim: 2074000000 retirements ok (pc=ffffffff808e2f82)
[c=5280000000]
[c=5281000000]
[c=5282000000]
[c=5283000000]
[c=5284000000]
[c=5285000000]
cosim: 2075000000 retirements ok (pc=ffffffff804a3eac)
[c=5286000000]
[c=5287000000]
[c=5288000000]
[c=5289000000]
[c=5290000000]
[c=5291000000]
cosim: 2076000000 retirements ok (pc=ffffffff808e28f0)
[c=5292000000]
[c=5293000000]
[c=5294000000]
[c=5295000000]
cosim: 2077000000 retirements ok (pc=ffffffff801a44f8)
[c=5296000000]
[c=5297000000]
[c=5298000000]
[c=5299000000]
[c=5300000000]
[c=5301000000]
cosim: 2078000000 retirements ok (pc=ffffffff804a22d2)
[c=5302000000]
[c=5303000000]
[c=5304000000]
[c=5305000000]
[c=5306000000]
[c=5307000000]
cosim: 2079000000 retirements ok (pc=ffffffff808e2b7c)
[c=5308000000]
[c=5309000000]
[c=5310000000]
[c=5311000000]
[c=5312000000]
cosim: 2080000000 retirements ok (pc=ffffffff800a0f8a)
[c=5313000000]
[c=5314000000]
[c=5315000000]
[c=5316000000]
[c=5317000000]
cosim: 2081000000 retirements ok (pc=ffffffff808e2f96)
[c=5318000000]
[c=5319000000]
[c=5320000000]
[c=5321000000]
[c=5322000000]
cosim: 2082000000 retirements ok (pc=ffffffff801b4e28)
[c=5323000000]
[c=5324000000]
[c=5325000000]
cosim: 2083000000 retirements ok (pc=ffffffff808e2fb8)
[c=5326000000]
[c=5327000000]
[c=5328000000]
[c=5329000000]
cosim: 2084000000 retirements ok (pc=ffffffff808e2bb4)
[c=5330000000]
[c=5331000000]
[c=5332000000]
cosim: 2085000000 retirements ok (pc=ffffffff808e2fca)
[c=5333000000]
[c=5334000000]
[c=5335000000]
cosim: 2086000000 retirements ok (pc=ffffffff808e2fc6)
[c=5336000000]
[c=5337000000]
[c=5338000000]
[c=5339000000]
cosim: 2087000000 retirements ok (pc=ffffffff800642b4)
[c=5340000000]
[c=5341000000]
[c=5342000000]
[c=5343000000]
[c=5344000000]
cosim: 2088000000 retirements ok (pc=ffffffff808e28bc)
[c=5345000000]
[c=5346000000]
[c=5347000000]
cosim: 2089000000 retirements ok (pc=ffffffff808e2fc6)
[c=5348000000]
[c=5349000000]
cosim: 2090000000 retirements ok (pc=ffffffff808e2fc4)
[c=5350000000]
[c=5351000000]
[c=5352000000]
cosim: 2091000000 retirements ok (pc=ffffffff808e2fc8)
[c=5353000000]
[c=5354000000]
[c=5355000000]
cosim: 2092000000 retirements ok (pc=ffffffff8020def0)
[c=5356000000]
[c=5357000000]
cosim: 2093000000 retirements ok (pc=ffffffff808e2fca)
[c=5358000000]
[c=5359000000]
[c=5360000000]
cosim: 2094000000 retirements ok (pc=ffffffff808e2fbc)
[c=5361000000]
[c=5362000000]
[c=5363000000]
cosim: 2095000000 retirements ok (pc=ffffffff808e2fbe)
[c=5364000000]
[c=5365000000]
[c=5366000000]
cosim: 2096000000 retirements ok (pc=ffffffff80246138)
[c=5367000000]
[c=5368000000]
[c=5369000000]
cosim: 2097000000 retirements ok (pc=ffffffff801b45c6)
[c=5370000000]
[c=5371000000]
[c=5372000000]
cosim: 2098000000 retirements ok (pc=ffffffff801c8d0a)
[c=5373000000]
[c=5374000000]
[c=5375000000]
cosim: 2099000000 retirements ok (pc=ffffffff804a1bae)
[c=5376000000]
[c=5377000000]
[c=5378000000]
cosim: 2100000000 retirements ok (pc=ffffffff808caa9e)
[c=5379000000]
[c=5380000000]
[c=5381000000]
cosim: 2101000000 retirements ok (pc=ffffffff808e2fca)
[c=5382000000]
[c=5383000000]
[c=5384000000]
cosim: 2102000000 retirements ok (pc=ffffffff808e2fc4)
[c=5385000000]
[c=5386000000]
[c=5387000000]
cosim: 2103000000 retirements ok (pc=ffffffff808e2fca)
[c=5388000000]
[c=5389000000]
[c=5390000000]
cosim: 2104000000 retirements ok (pc=ffffffff808e2fbc)
[c=5391000000]
[c=5392000000]
cosim: 2105000000 retirements ok (pc=ffffffff808e2fca)
[c=5393000000]
[c=5394000000]
[c=5395000000]
cosim: 2106000000 retirements ok (pc=ffffffff808e2fc6)
[c=5396000000]
[c=5397000000]
[c=5398000000]
[c=5399000000]
[c=5400000000]
cosim: 2107000000 retirements ok (pc=ffffffff808e2b44)
[c=5401000000]
[c=5402000000]
[c=5403000000]
cosim: 2108000000 retirements ok (pc=ffffffff808e2fbe)
[c=5404000000]
[c=5405000000]
cosim: 2109000000 retirements ok (pc=ffffffff804a23d0)
[c=5406000000]
[c=5407000000]
cosim: 2110000000 retirements ok (pc=ffffffff808e2fbe)
[c=5408000000]
[c=5409000000]
[c=5410000000]
cosim: 2111000000 retirements ok (pc=ffffffff808e2fc0)
[c=5411000000]
[c=5412000000]
[c=5413000000]
Geekbench 5.4.1 Preview : https://www.geekbench.com/

[c=5414000000]
cosim: 2112000000 retirements ok (pc=ffffffff801ed2e4)
[c=5415000000]
[c=5416000000]
cosim: 2113000000 retirements ok (pc=00000000002b1334)
[c=5417000000]
[c=5418000000]
cosim: 2114000000 retirements ok (pc=00000000002b1d3e)
[c=5419000000]
[c=5420000000]
cosim: 2115000000 retirements ok (pc=00000000002b11e0)
[c=5421000000]
[c=5422000000]
cosim: 2116000000 retirements ok (pc=00000000002b117a)
[c=5423000000]
cosim: 2117000000 retirements ok (pc=00000000002b17e8)
[c=5424000000]
[c=5425000000]
[c=5426000000]
cosim: 2118000000 retirements ok (pc=00000000002b19d8)
[c=5427000000]
[c=5428000000]
cosim: 2119000000 retirements ok (pc=00000000002b1a44)
[c=5429000000]
[c=5430000000]
cosim: 2120000000 retirements ok (pc=00000000002b1a50)
[c=5431000000]
[c=5432000000]
cosim: 2121000000 retirements ok (pc=00000000002a8dec)
[c=5433000000]
[c=5434000000]
cosim: 2122000000 retirements ok (pc=00000000002a8db4)
[c=5435000000]
[c=5436000000]
cosim: 2123000000 retirements ok (pc=00000000002a9066)
[c=5437000000]
[c=5438000000]
cosim: 2124000000 retirements ok (pc=00000000002a9072)
[c=5439000000]
[c=5440000000]
cosim: 2125000000 retirements ok (pc=00000000002a908a)
[c=5441000000]
[c=5442000000]
cosim: 2126000000 retirements ok (pc=00000000002a8dec)
[c=5443000000]
[c=5444000000]
cosim: 2127000000 retirements ok (pc=00000000002a8de8)
[c=5445000000]
[c=5446000000]
cosim: 2128000000 retirements ok (pc=00000000002a8dde)
[c=5447000000]
[c=5448000000]
cosim: 2129000000 retirements ok (pc=00000000002a8dda)
[c=5449000000]
[c=5450000000]
cosim: 2130000000 retirements ok (pc=00000000002a8dde)
[c=5451000000]
cosim: 2131000000 retirements ok (pc=00000000002a8df2)
[c=5452000000]
[c=5453000000]
[c=5454000000]
cosim: 2132000000 retirements ok (pc=00000000010195a2)
[c=5455000000]
[c=5456000000]
[c=5457000000]
cosim: 2133000000 retirements ok (pc=0000000001019b38)
[c=5458000000]
[c=5459000000]
cosim: 2134000000 retirements ok (pc=0000000001019b36)
[c=5460000000]
[c=5461000000]
cosim: 2135000000 retirements ok (pc=000000000101958e)
[c=5462000000]
[c=5463000000]
[c=5464000000]
cosim: 2136000000 retirements ok (pc=0000003fb2ab4c40)
[c=5465000000]
[c=5466000000]
cosim: 2137000000 retirements ok (pc=000000000101b4e0)
[c=5467000000]
[c=5468000000]
[c=5469000000]
cosim: 2138000000 retirements ok (pc=0000003fb2ab6154)
[c=5470000000]
[c=5471000000]
cosim: 2139000000 retirements ok (pc=0000003fb2ab36dc)
[c=5472000000]
[c=5473000000]
[c=5474000000]
cosim: 2140000000 retirements ok (pc=ffffffff8004e14e)
[c=5475000000]
[c=5476000000]
cosim: 2141000000 retirements ok (pc=00000000010195e4)
[c=5477000000]
[c=5478000000]
[c=5479000000]
cosim: 2142000000 retirements ok (pc=000000000014841a)
[c=5480000000]
[c=5481000000]
[c=5482000000]
cosim: 2143000000 retirements ok (pc=ffffffff801e9158)
[c=5483000000]
[c=5484000000]
[c=5485000000]
cosim: 2144000000 retirements ok (pc=ffffffff800a1576)
[c=5486000000]
Geekbench 5 for Linux/RISC-V is a preview build. Preview builds require an 
active Internet connection and automatically upload benchmark results to the 
Geekbench Browser.

[c=5487000000]
cosim: 2145000000 retirements ok (pc=ffffffff800a3b8a)
[c=5488000000]
[c=5489000000]
  Running Gathering system information
[c=5490000000]
[c=5491000000]
cosim: 2146000000 retirements ok (pc=000000000016ecae)
[c=5492000000]
[c=5493000000]
[c=5494000000]
[c=5495000000]
[c=5496000000]
cosim: 2147000000 retirements ok (pc=ffffffff801b46e0)
[c=5497000000]
[c=5498000000]
[c=5499000000]
cosim: 2148000000 retirements ok (pc=ffffffff808e28b0)
[c=5500000000]
[c=5501000000]
[c=5502000000]
[c=5503000000]
[c=5504000000]
cosim: 2149000000 retirements ok (pc=ffffffff80248958)
[c=5505000000]
[c=5506000000]
[c=5507000000]
cosim: 2150000000 retirements ok (pc=ffffffff80242908)
[c=5508000000]
[c=5509000000]
[c=5510000000]
[c=5511000000]
[c=5512000000]
cosim: 2151000000 retirements ok (pc=ffffffff80209f48)
[c=5513000000]
[c=5514000000]
[c=5515000000]
[c=5516000000]
cosim: 2152000000 retirements ok (pc=ffffffff808e289e)
[c=5517000000]
[c=5518000000]
[c=5519000000]
cosim: 2153000000 retirements ok (pc=ffffffff800c4154)
[c=5520000000]
[c=5521000000]
[c=5522000000]
[c=5523000000]
[c=5524000000]
cosim: 2154000000 retirements ok (pc=ffffffff800241d2)
[c=5525000000]
[c=5526000000]
[c=5527000000]
cosim: 2155000000 retirements ok (pc=ffffffff800c415a)
[c=5528000000]
[c=5529000000]
[c=5530000000]
[c=5531000000]
[c=5532000000]
cosim: 2156000000 retirements ok (pc=ffffffff8020d1ae)
[c=5533000000]
[c=5534000000]
[c=5535000000]
[c=5536000000]
cosim: 2157000000 retirements ok (pc=ffffffff808e289c)
[c=5537000000]
[c=5538000000]
[c=5539000000]
cosim: 2158000000 retirements ok (pc=000000000017e84a)
[c=5540000000]
System Information
  Operating System              Buildroot 2022.02-git
  Kernel                        Linux 7.1.0 riscv64
  Model                         SmolRV64 gb5 2 GiB
  Motherboard                   N/A

Processor Information
  Name                          rv64imafdc_zicntr_zicsr_zifencei_zaamo_zalrsc_zca_zcd_sstc[c=5541000000]

  Topology                      1 Processor, 1 Core
  Base Frequency                0.00 Hz

Memory Information
  Size                          1.93 GB


Single-Core
  Running AES-XTS
[c=5542000000]
cosim: 2159000000 retirements ok (pc=00000000000e2694)
[c=5543000000]
[c=5544000000]
[c=5545000000]
cosim: 2160000000 retirements ok (pc=00000000000e2692)
[c=5546000000]
[c=5547000000]
[c=5548000000]
cosim: 2161000000 retirements ok (pc=00000000000e2694)
[c=5549000000]
[c=5550000000]
[c=5551000000]
cosim: 2162000000 retirements ok (pc=00000000000e2692)
[c=5552000000]
[c=5553000000]
cosim: 2163000000 retirements ok (pc=00000000000e2690)
[c=5554000000]
[c=5555000000]
[c=5556000000]
[c=5557000000]
cosim: 2164000000 retirements ok (pc=ffffffff808e2b44)
[c=5558000000]
[c=5559000000]
[c=5560000000]
[c=5561000000]
cosim: 2165000000 retirements ok (pc=00000000000e2692)
[c=5562000000]
[c=5563000000]
[c=5564000000]
[c=5565000000]
[c=5566000000]
cosim: 2166000000 retirements ok (pc=00000000000e2692)
[c=5567000000]
[c=5568000000]
cosim: 2167000000 retirements ok (pc=00000000000e2694)
[c=5569000000]
[c=5570000000]
[c=5571000000]
cosim: 2168000000 retirements ok (pc=00000000000e2692)
[c=5572000000]
[c=5573000000]
cosim: 2169000000 retirements ok (pc=00000000000e2690)
[c=5574000000]
[c=5575000000]
[c=5576000000]
cosim: 2170000000 retirements ok (pc=00000000000e2690)
[c=5577000000]
[c=5578000000]
cosim: 2171000000 retirements ok (pc=00000000000e2690)
[c=5579000000]
[c=5580000000]
[c=5581000000]
cosim: 2172000000 retirements ok (pc=00000000000e2694)
[c=5582000000]
[c=5583000000]
[c=5584000000]
cosim: 2173000000 retirements ok (pc=00000000000e2698)
[c=5585000000]
[c=5586000000]
cosim: 2174000000 retirements ok (pc=00000000000e2690)
[c=5587000000]
[c=5588000000]
[c=5589000000]
cosim: 2175000000 retirements ok (pc=00000000000e2694)
[c=5590000000]
[c=5591000000]
cosim: 2176000000 retirements ok (pc=00000000000e2690)
[c=5592000000]
[c=5593000000]
[c=5594000000]
cosim: 2177000000 retirements ok (pc=00000000000e2690)
[c=5595000000]
[c=5596000000]
cosim: 2178000000 retirements ok (pc=00000000000e2694)
[c=5597000000]
[c=5598000000]
[c=5599000000]
cosim: 2179000000 retirements ok (pc=00000000000e269a)
[c=5600000000]
[c=5601000000]
[c=5602000000]
[c=5603000000]
[c=5604000000]
cosim: 2180000000 retirements ok (pc=00000000000e2698)
[c=5605000000]
[c=5606000000]
cosim: 2181000000 retirements ok (pc=00000000000e269a)
[c=5607000000]
[c=5608000000]
[c=5609000000]
cosim: 2182000000 retirements ok (pc=00000000000e2690)
[c=5610000000]
[c=5611000000]
cosim: 2183000000 retirements ok (pc=00000000000e2692)
[c=5612000000]
[c=5613000000]
[c=5614000000]
cosim: 2184000000 retirements ok (pc=00000000000e2694)
[c=5615000000]
[c=5616000000]
cosim: 2185000000 retirements ok (pc=00000000000e2690)
[c=5617000000]
[c=5618000000]
[c=5619000000]
cosim: 2186000000 retirements ok (pc=00000000000e2698)
[c=5620000000]
[c=5621000000]
cosim: 2187000000 retirements ok (pc=00000000000e2692)
[c=5622000000]
[c=5623000000]
[c=5624000000]
cosim: 2188000000 retirements ok (pc=00000000000e269a)
[c=5625000000]
[c=5626000000]
cosim: 2189000000 retirements ok (pc=ffffffff800a59a6)
[c=5627000000]
[c=5628000000]
[c=5629000000]
cosim: 2190000000 retirements ok (pc=00000000000e269a)
[c=5630000000]
[c=5631000000]
[c=5632000000]
cosim: 2191000000 retirements ok (pc=00000000000e2692)
[c=5633000000]
[c=5634000000]
cosim: 2192000000 retirements ok (pc=00000000000e269a)
[c=5635000000]
[c=5636000000]
[c=5637000000]
cosim: 2193000000 retirements ok (pc=00000000000e269a)
[c=5638000000]
[c=5639000000]
[c=5640000000]
[c=5641000000]
cosim: 2194000000 retirements ok (pc=00000000000e269c)
[c=5642000000]
[c=5643000000]
[c=5644000000]
cosim: 2195000000 retirements ok (pc=00000000000e2694)
[c=5645000000]
[c=5646000000]
cosim: 2196000000 retirements ok (pc=00000000000e2694)
[c=5647000000]
[c=5648000000]
[c=5649000000]
cosim: 2197000000 retirements ok (pc=00000000000e2698)
[c=5650000000]
[c=5651000000]
[c=5652000000]
cosim: 2198000000 retirements ok (pc=ffffffff800a594a)
[c=5653000000]
[c=5654000000]
cosim: 2199000000 retirements ok (pc=00000000000e2698)
[c=5655000000]
[c=5656000000]
[c=5657000000]
cosim: 2200000000 retirements ok (pc=00000000000e269a)
[c=5658000000]
[c=5659000000]
cosim: 2201000000 retirements ok (pc=00000000000e269a)
[c=5660000000]
[c=5661000000]
[c=5662000000]
cosim: 2202000000 retirements ok (pc=00000000000e2694)
[c=5663000000]
[c=5664000000]
cosim: 2203000000 retirements ok (pc=00000000000e2690)
[c=5665000000]
[c=5666000000]
[c=5667000000]
cosim: 2204000000 retirements ok (pc=00000000000e269a)
[c=5668000000]
[c=5669000000]
cosim: 2205000000 retirements ok (pc=00000000000e269c)
[c=5670000000]
[c=5671000000]
[c=5672000000]
cosim: 2206000000 retirements ok (pc=00000000000e269c)
[c=5673000000]
[c=5674000000]
cosim: 2207000000 retirements ok (pc=00000000000e2698)
[c=5675000000]
[c=5676000000]
[c=5677000000]
[c=5678000000]
[c=5679000000]
cosim: 2208000000 retirements ok (pc=00000000000e269a)
[c=5680000000]
[c=5681000000]
[c=5682000000]
cosim: 2209000000 retirements ok (pc=00000000000e2698)
[c=5683000000]
[c=5684000000]
cosim: 2210000000 retirements ok (pc=00000000000e269a)
[c=5685000000]
[c=5686000000]
[c=5687000000]
cosim: 2211000000 retirements ok (pc=00000000000e2690)
[c=5688000000]
[c=5689000000]
cosim: 2212000000 retirements ok (pc=00000000000e2692)
[c=5690000000]
[c=5691000000]
[c=5692000000]
cosim: 2213000000 retirements ok (pc=00000000000e2690)
[c=5693000000]
[c=5694000000]
cosim: 2214000000 retirements ok (pc=00000000000e2698)
[c=5695000000]
[c=5696000000]
[c=5697000000]
cosim: 2215000000 retirements ok (pc=00000000000e2694)
[c=5698000000]
[c=5699000000]
[c=5700000000]
cosim: 2216000000 retirements ok (pc=00000000000e2698)
[c=5701000000]
[c=5702000000]
cosim: 2217000000 retirements ok (pc=00000000000e2692)
[c=5703000000]
[c=5704000000]
[c=5705000000]
cosim: 2218000000 retirements ok (pc=00000000000e269a)
[c=5706000000]
[c=5707000000]
cosim: 2219000000 retirements ok (pc=00000000000e2692)
[c=5708000000]
[c=5709000000]
[c=5710000000]
cosim: 2220000000 retirements ok (pc=00000000000e2692)
[c=5711000000]
[c=5712000000]
cosim: 2221000000 retirements ok (pc=00000000000e269c)
[c=5713000000]
[c=5714000000]
[c=5715000000]
[c=5716000000]
[c=5717000000]
cosim: 2222000000 retirements ok (pc=00000000000e2694)
[c=5718000000]
[c=5719000000]
[c=5720000000]
cosim: 2223000000 retirements ok (pc=00000000000e2698)
[c=5721000000]
[c=5722000000]
cosim: 2224000000 retirements ok (pc=ffffffff8006e178)
[c=5723000000]
[c=5724000000]
[c=5725000000]
cosim: 2225000000 retirements ok (pc=00000000000e269a)
[c=5726000000]
[c=5727000000]
cosim: 2226000000 retirements ok (pc=ffffffff802461d6)
[c=5728000000]
[c=5729000000]
[c=5730000000]
[c=5731000000]
[c=5732000000]
cosim: 2227000000 retirements ok (pc=ffffffff8020d1b8)
[c=5733000000]
[c=5734000000]
[c=5735000000]
cosim: 2228000000 retirements ok (pc=00000000000e2694)
[c=5736000000]
[c=5737000000]
cosim: 2229000000 retirements ok (pc=00000000000e2692)
[c=5738000000]
[c=5739000000]
[c=5740000000]
cosim: 2230000000 retirements ok (pc=ffffffff8005cd7e)
[c=5741000000]
[c=5742000000]
[c=5743000000]
cosim: 2231000000 retirements ok (pc=00000000000e2690)
[c=5744000000]
[c=5745000000]
cosim: 2232000000 retirements ok (pc=00000000000e2694)
[c=5746000000]
[c=5747000000]
[c=5748000000]
cosim: 2233000000 retirements ok (pc=00000000000e2698)
[c=5749000000]
[c=5750000000]
cosim: 2234000000 retirements ok (pc=ffffffff800643a6)
[c=5751000000]
[c=5752000000]
[c=5753000000]
cosim: 2235000000 retirements ok (pc=00000000000e2694)
[c=5754000000]
[c=5755000000]
cosim: 2236000000 retirements ok (pc=00000000000e269c)
[c=5756000000]
[c=5757000000]
[c=5758000000]
cosim: 2237000000 retirements ok (pc=00000000000e2698)
[c=5759000000]
[c=5760000000]
[c=5761000000]
[c=5762000000]
[c=5763000000]
cosim: 2238000000 retirements ok (pc=00000000000e2698)
[c=5764000000]
[c=5765000000]
cosim: 2239000000 retirements ok (pc=00000000000e2694)
[c=5766000000]
[c=5767000000]
[c=5768000000]
cosim: 2240000000 retirements ok (pc=00000000000e269a)
[c=5769000000]
[c=5770000000]
cosim: 2241000000 retirements ok (pc=00000000000e269a)
[c=5771000000]
[c=5772000000]
[c=5773000000]
cosim: 2242000000 retirements ok (pc=00000000000e2694)
[c=5774000000]
[c=5775000000]
[c=5776000000]
cosim: 2243000000 retirements ok (pc=00000000000e269a)
[c=5777000000]
[c=5778000000]
cosim: 2244000000 retirements ok (pc=00000000000e269a)
[c=5779000000]
[c=5780000000]
[c=5781000000]
cosim: 2245000000 retirements ok (pc=00000000000e269c)
[c=5782000000]
[c=5783000000]
cosim: 2246000000 retirements ok (pc=ffffffff80242b26)
[c=5784000000]
[c=5785000000]
[c=5786000000]
[c=5787000000]
[c=5788000000]
cosim: 2247000000 retirements ok (pc=ffffffff8020a8a0)
[c=5789000000]
[c=5790000000]
[c=5791000000]
cosim: 2248000000 retirements ok (pc=ffffffff800acc76)
[c=5792000000]
[c=5793000000]
cosim: 2249000000 retirements ok (pc=00000000000e269c)
[c=5794000000]
[c=5795000000]
[c=5796000000]
cosim: 2250000000 retirements ok (pc=00000000000e269c)
[c=5797000000]
[c=5798000000]
cosim: 2251000000 retirements ok (pc=00000000000e269c)
[c=5799000000]
[c=5800000000]
[c=5801000000]
cosim: 2252000000 retirements ok (pc=00000000000e2698)
[c=5802000000]
[c=5803000000]
[c=5804000000]
cosim: 2253000000 retirements ok (pc=00000000000e2694)
[c=5805000000]
[c=5806000000]
[c=5807000000]
[c=5808000000]
cosim: 2254000000 retirements ok (pc=00000000000e2690)
[c=5809000000]
[c=5810000000]
[c=5811000000]
cosim: 2255000000 retirements ok (pc=00000000000e2690)
[c=5812000000]
[c=5813000000]
[c=5814000000]
cosim: 2256000000 retirements ok (pc=00000000000e269a)
[c=5815000000]
[c=5816000000]
cosim: 2257000000 retirements ok (pc=00000000000e269a)
[c=5817000000]
[c=5818000000]
[c=5819000000]
cosim: 2258000000 retirements ok (pc=00000000000e2692)
[c=5820000000]
[c=5821000000]
cosim: 2259000000 retirements ok (pc=00000000000e269c)
[c=5822000000]
[c=5823000000]
[c=5824000000]
[c=5825000000]
cosim: 2260000000 retirements ok (pc=ffffffff800af1c0)
[c=5826000000]
[c=5827000000]
[c=5828000000]
[c=5829000000]
cosim: 2261000000 retirements ok (pc=00000000000e2694)
[c=5830000000]
[c=5831000000]
cosim: 2262000000 retirements ok (pc=ffffffff80063fa8)
[c=5832000000]
[c=5833000000]
[c=5834000000]
cosim: 2263000000 retirements ok (pc=00000000000e2694)
[c=5835000000]
[c=5836000000]
cosim: 2264000000 retirements ok (pc=00000000000e2690)
[c=5837000000]
[c=5838000000]
[c=5839000000]
cosim: 2265000000 retirements ok (pc=00000000000e2690)
[c=5840000000]
[c=5841000000]
cosim: 2266000000 retirements ok (pc=ffffffff80089352)
[c=5842000000]
[c=5843000000]
[c=5844000000]
cosim: 2267000000 retirements ok (pc=00000000000e2692)
[c=5845000000]
[c=5846000000]
[c=5847000000]
cosim: 2268000000 retirements ok (pc=00000000000e2690)
[c=5848000000]
[c=5849000000]
[c=5850000000]
[c=5851000000]
cosim: 2269000000 retirements ok (pc=00000000000e2692)
[c=5852000000]
[c=5853000000]
[c=5854000000]
cosim: 2270000000 retirements ok (pc=00000000000e2694)
[c=5855000000]
[c=5856000000]
[c=5857000000]
cosim: 2271000000 retirements ok (pc=00000000000e2694)
[c=5858000000]
[c=5859000000]
cosim: 2272000000 retirements ok (pc=00000000000e269a)
[c=5860000000]
[c=5861000000]
[c=5862000000]
cosim: 2273000000 retirements ok (pc=00000000000e2690)
[c=5863000000]
[c=5864000000]
cosim: 2274000000 retirements ok (pc=ffffffff80065112)
[c=5865000000]
[c=5866000000]
[c=5867000000]
cosim: 2275000000 retirements ok (pc=00000000000e2698)
[c=5868000000]
[c=5869000000]
cosim: 2276000000 retirements ok (pc=00000000000e2698)
[c=5870000000]
[c=5871000000]
[c=5872000000]
[c=5873000000]
cosim: 2277000000 retirements ok (pc=ffffffff808e28ea)
[c=5874000000]
[c=5875000000]
[c=5876000000]
[c=5877000000]
cosim: 2278000000 retirements ok (pc=ffffffff80063fa8)
[c=5878000000]
[c=5879000000]
[c=5880000000]
cosim: 2279000000 retirements ok (pc=00000000000e269a)
[c=5881000000]
[c=5882000000]
cosim: 2280000000 retirements ok (pc=00000000000e2698)
[c=5883000000]
[c=5884000000]
[c=5885000000]
cosim: 2281000000 retirements ok (pc=00000000000e2690)
[c=5886000000]
[c=5887000000]
cosim: 2282000000 retirements ok (pc=00000000000e269a)
[c=5888000000]
[c=5889000000]
[c=5890000000]
cosim: 2283000000 retirements ok (pc=00000000000e2698)
[c=5891000000]
[c=5892000000]
cosim: 2284000000 retirements ok (pc=00000000000e2694)
[c=5893000000]
[c=5894000000]
[c=5895000000]
[c=5896000000]
[c=5897000000]
cosim: 2285000000 retirements ok (pc=00000000000e269c)
[c=5898000000]
[c=5899000000]
[c=5900000000]
cosim: 2286000000 retirements ok (pc=00000000000e2698)
[c=5901000000]
[c=5902000000]
cosim: 2287000000 retirements ok (pc=00000000000e269c)
[c=5903000000]
[c=5904000000]
[c=5905000000]
cosim: 2288000000 retirements ok (pc=00000000000e2698)
[c=5906000000]
[c=5907000000]
cosim: 2289000000 retirements ok (pc=00000000000e269a)
[c=5908000000]
[c=5909000000]
[c=5910000000]
cosim: 2290000000 retirements ok (pc=00000000000e2694)
[c=5911000000]
[c=5912000000]
[c=5913000000]
cosim: 2291000000 retirements ok (pc=00000000000e2698)
[c=5914000000]
[c=5915000000]
cosim: 2292000000 retirements ok (pc=00000000000e269a)
[c=5916000000]
[c=5917000000]
[c=5918000000]
cosim: 2293000000 retirements ok (pc=ffffffff808e28ac)
[c=5919000000]
[c=5920000000]
[c=5921000000]
[c=5922000000]
[c=5923000000]
cosim: 2294000000 retirements ok (pc=ffffffff801b5106)
[c=5924000000]
[c=5925000000]
cosim: 2295000000 retirements ok (pc=00000000000e269c)
[c=5926000000]
[c=5927000000]
[c=5928000000]
cosim: 2296000000 retirements ok (pc=00000000000e2690)
[c=5929000000]
[c=5930000000]
cosim: 2297000000 retirements ok (pc=00000000000e2692)
[c=5931000000]
[c=5932000000]
[c=5933000000]
cosim: 2298000000 retirements ok (pc=00000000000e2694)
[c=5934000000]
[c=5935000000]
cosim: 2299000000 retirements ok (pc=00000000000e2694)
[c=5936000000]
[c=5937000000]
[c=5938000000]
cosim: 2300000000 retirements ok (pc=00000000000e2698)
[c=5939000000]
[c=5940000000]
[c=5941000000]
[c=5942000000]
[c=5943000000]
cosim: 2301000000 retirements ok (pc=00000000000e2694)
[c=5944000000]
[c=5945000000]
cosim: 2302000000 retirements ok (pc=00000000000e2690)
[c=5946000000]
[c=5947000000]
[c=5948000000]
cosim: 2303000000 retirements ok (pc=00000000000e269c)
[c=5949000000]
[c=5950000000]
[c=5951000000]
cosim: 2304000000 retirements ok (pc=ffffffff8009ddfe)
[c=5952000000]
[c=5953000000]
cosim: 2305000000 retirements ok (pc=00000000000e2698)
[c=5954000000]
[c=5955000000]
[c=5956000000]
cosim: 2306000000 retirements ok (pc=00000000000e269a)
[c=5957000000]
[c=5958000000]
cosim: 2307000000 retirements ok (pc=00000000000e2692)
[c=5959000000]
[c=5960000000]
[c=5961000000]
cosim: 2308000000 retirements ok (pc=00000000000e2690)
[c=5962000000]
[c=5963000000]
cosim: 2309000000 retirements ok (pc=00000000000e2698)
[c=5964000000]
[c=5965000000]
[c=5966000000]
cosim: 2310000000 retirements ok (pc=ffffffff80248924)
[c=5967000000]
[c=5968000000]
[c=5969000000]
[c=5970000000]
[c=5971000000]
cosim: 2311000000 retirements ok (pc=00000000000e2698)
[c=5972000000]
[c=5973000000]
cosim: 2312000000 retirements ok (pc=00000000000e2690)
[c=5974000000]
[c=5975000000]
[c=5976000000]
cosim: 2313000000 retirements ok (pc=00000000000e2698)
[c=5977000000]
[c=5978000000]
[c=5979000000]
cosim: 2314000000 retirements ok (pc=00000000000e2690)
[c=5980000000]
[c=5981000000]
cosim: 2315000000 retirements ok (pc=00000000000e2698)
[c=5982000000]
[c=5983000000]
[c=5984000000]
[c=5985000000]
[c=5986000000]
cosim: 2316000000 retirements ok (pc=00000000000e269a)
[c=5987000000]
[c=5988000000]
cosim: 2317000000 retirements ok (pc=00000000000e2690)
[c=5989000000]
[c=5990000000]
[c=5991000000]
cosim: 2318000000 retirements ok (pc=00000000000e269c)
[c=5992000000]
[c=5993000000]
[c=5994000000]
cosim: 2319000000 retirements ok (pc=00000000000e2692)
[c=5995000000]
[c=5996000000]
cosim: 2320000000 retirements ok (pc=00000000000e269a)
[c=5997000000]
[c=5998000000]
[c=5999000000]
cosim: 2321000000 retirements ok (pc=00000000000e2694)
[c=6000000000]
[c=6001000000]
cosim: 2322000000 retirements ok (pc=00000000000e269a)
[c=6002000000]
[c=6003000000]
[c=6004000000]
cosim: 2323000000 retirements ok (pc=00000000000e269c)
[c=6005000000]
[c=6006000000]
[c=6007000000]
cosim: 2324000000 retirements ok (pc=ffffffff808e2bc0)
[c=6008000000]
[c=6009000000]
[c=6010000000]
[c=6011000000]
cosim: 2325000000 retirements ok (pc=00000000000e269a)
[c=6012000000]
[c=6013000000]
[c=6014000000]
cosim: 2326000000 retirements ok (pc=ffffffff8010b490)
[c=6015000000]
[c=6016000000]
cosim: 2327000000 retirements ok (pc=00000000000e2692)
[c=6017000000]
[c=6018000000]
[c=6019000000]
cosim: 2328000000 retirements ok (pc=00000000000e2690)
[c=6020000000]
[c=6021000000]
[c=6022000000]
cosim: 2329000000 retirements ok (pc=00000000000e2690)
[c=6023000000]
[c=6024000000]
cosim: 2330000000 retirements ok (pc=00000000000e2690)
[c=6025000000]
[c=6026000000]
[c=6027000000]
[c=6028000000]
cosim: 2331000000 retirements ok (pc=ffffffff800568a0)
[c=6029000000]
[c=6030000000]
[c=6031000000]
[c=6032000000]
cosim: 2332000000 retirements ok (pc=00000000000e2698)
[c=6033000000]
[c=6034000000]
cosim: 2333000000 retirements ok (pc=00000000000e269a)
[c=6035000000]
[c=6036000000]
[c=6037000000]
cosim: 2334000000 retirements ok (pc=00000000000e2698)
[c=6038000000]
[c=6039000000]
cosim: 2335000000 retirements ok (pc=00000000000e2698)
[c=6040000000]
[c=6041000000]
[c=6042000000]
cosim: 2336000000 retirements ok (pc=00000000000e269c)
[c=6043000000]
[c=6044000000]
cosim: 2337000000 retirements ok (pc=00000000000e2694)
[c=6045000000]
[c=6046000000]
[c=6047000000]
cosim: 2338000000 retirements ok (pc=00000000000e269a)
[c=6048000000]
[c=6049000000]
cosim: 2339000000 retirements ok (pc=00000000000e2694)
[c=6050000000]
[c=6051000000]
[c=6052000000]
cosim: 2340000000 retirements ok (pc=00000000000e269a)
[c=6053000000]
[c=6054000000]
cosim: 2341000000 retirements ok (pc=00000000000e269a)
[c=6055000000]
[c=6056000000]
[c=6057000000]
cosim: 2342000000 retirements ok (pc=00000000000e2692)
[c=6058000000]
[c=6059000000]
[c=6060000000]
cosim: 2343000000 retirements ok (pc=00000000000e2690)
[c=6061000000]
[c=6062000000]
cosim: 2344000000 retirements ok (pc=00000000000e2698)
[c=6063000000]
[c=6064000000]
[c=6065000000]
cosim: 2345000000 retirements ok (pc=ffffffff808e2bbc)
[c=6066000000]
[c=6067000000]
[c=6068000000]
[c=6069000000]
cosim: 2346000000 retirements ok (pc=ffffffff8006433a)
[c=6070000000]
[c=6071000000]
[c=6072000000]
cosim: 2347000000 retirements ok (pc=00000000000e269a)
[c=6073000000]
[c=6074000000]
[c=6075000000]
cosim: 2348000000 retirements ok (pc=00000000000e2698)
[c=6076000000]
[c=6077000000]
cosim: 2349000000 retirements ok (pc=00000000000e269a)
[c=6078000000]
[c=6079000000]
[c=6080000000]
cosim: 2350000000 retirements ok (pc=00000000000e2698)
[c=6081000000]
[c=6082000000]
cosim: 2351000000 retirements ok (pc=00000000000e269c)
[c=6083000000]
[c=6084000000]
[c=6085000000]
cosim: 2352000000 retirements ok (pc=00000000000e2694)
[c=6086000000]
[c=6087000000]
cosim: 2353000000 retirements ok (pc=00000000000e269c)
[c=6088000000]
[c=6089000000]
[c=6090000000]
cosim: 2354000000 retirements ok (pc=00000000000e2692)
[c=6091000000]
[c=6092000000]
cosim: 2355000000 retirements ok (pc=00000000000e2694)
[c=6093000000]
[c=6094000000]
[c=6095000000]
cosim: 2356000000 retirements ok (pc=00000000000e2694)
[c=6096000000]
[c=6097000000]
cosim: 2357000000 retirements ok (pc=00000000000e2694)
[c=6098000000]
[c=6099000000]
[c=6100000000]
cosim: 2358000000 retirements ok (pc=00000000000e2690)
[c=6101000000]
[c=6102000000]
[c=6103000000]
cosim: 2359000000 retirements ok (pc=ffffffff808e2b58)
[c=6104000000]
[c=6105000000]
[c=6106000000]
[c=6107000000]
cosim: 2360000000 retirements ok (pc=00000000000e269c)
[c=6108000000]
[c=6109000000]
[c=6110000000]
cosim: 2361000000 retirements ok (pc=00000000000e2694)
[c=6111000000]
[c=6112000000]
cosim: 2362000000 retirements ok (pc=00000000000e269a)
[c=6113000000]
[c=6114000000]
[c=6115000000]
cosim: 2363000000 retirements ok (pc=00000000000e2698)
[c=6116000000]
[c=6117000000]
cosim: 2364000000 retirements ok (pc=00000000000e269c)
[c=6118000000]
[c=6119000000]
[c=6120000000]
cosim: 2365000000 retirements ok (pc=00000000000e269c)
[c=6121000000]
[c=6122000000]
[c=6123000000]
cosim: 2366000000 retirements ok (pc=00000000000e269a)
[c=6124000000]
[c=6125000000]
cosim: 2367000000 retirements ok (pc=ffffffff800a2422)
[c=6126000000]
[c=6127000000]
[c=6128000000]
cosim: 2368000000 retirements ok (pc=00000000000e269c)
[c=6129000000]
[c=6130000000]
cosim: 2369000000 retirements ok (pc=00000000000e2698)
[c=6131000000]
[c=6132000000]
[c=6133000000]
cosim: 2370000000 retirements ok (pc=00000000000e2690)
[c=6134000000]
[c=6135000000]
cosim: 2371000000 retirements ok (pc=00000000000e2694)
[c=6136000000]
[c=6137000000]
[c=6138000000]
cosim: 2372000000 retirements ok (pc=00000000000e269a)
[c=6139000000]
[c=6140000000]
[c=6141000000]
cosim: 2373000000 retirements ok (pc=ffffffff808e2bac)
[c=6142000000]
[c=6143000000]
[c=6144000000]
[c=6145000000]
cosim: 2374000000 retirements ok (pc=00000000000e269c)
[c=6146000000]
[c=6147000000]
[c=6148000000]
cosim: 2375000000 retirements ok (pc=00000000000e269c)
[c=6149000000]
[c=6150000000]
cosim: 2376000000 retirements ok (pc=00000000000e2698)
[c=6151000000]
[c=6152000000]
[c=6153000000]
cosim: 2377000000 retirements ok (pc=ffffffff808ee182)
[c=6154000000]
[c=6155000000]
cosim: 2378000000 retirements ok (pc=00000000000e269c)
[c=6156000000]
[c=6157000000]
[c=6158000000]
cosim: 2379000000 retirements ok (pc=00000000000e269a)
[c=6159000000]
[c=6160000000]
cosim: 2380000000 retirements ok (pc=00000000000e269c)
[c=6161000000]
[c=6162000000]
[c=6163000000]
cosim: 2381000000 retirements ok (pc=00000000000e269c)
[c=6164000000]
[c=6165000000]
cosim: 2382000000 retirements ok (pc=00000000000e269a)
[c=6166000000]
[c=6167000000]
[c=6168000000]
cosim: 2383000000 retirements ok (pc=00000000000e2690)
[c=6169000000]
[c=6170000000]
cosim: 2384000000 retirements ok (pc=00000000000e2692)
[c=6171000000]
[c=6172000000]
[c=6173000000]
cosim: 2385000000 retirements ok (pc=00000000000e269c)
[c=6174000000]
[c=6175000000]
[c=6176000000]
cosim: 2386000000 retirements ok (pc=00000000000e2692)
[c=6177000000]
[c=6178000000]
[c=6179000000]
cosim: 2387000000 retirements ok (pc=ffffffff808e2ba8)
[c=6180000000]
[c=6181000000]
[c=6182000000]
[c=6183000000]
cosim: 2388000000 retirements ok (pc=00000000000e2692)
[c=6184000000]
[c=6185000000]
[c=6186000000]
cosim: 2389000000 retirements ok (pc=00000000000e2692)
[c=6187000000]
[c=6188000000]
cosim: 2390000000 retirements ok (pc=00000000000e2692)
[c=6189000000]
[c=6190000000]
[c=6191000000]
cosim: 2391000000 retirements ok (pc=00000000000e2692)
[c=6192000000]
[c=6193000000]
cosim: 2392000000 retirements ok (pc=00000000000e2694)
[c=6194000000]
[c=6195000000]
[c=6196000000]
cosim: 2393000000 retirements ok (pc=00000000000e2690)
[c=6197000000]
[c=6198000000]
cosim: 2394000000 retirements ok (pc=00000000000e2694)
[c=6199000000]
[c=6200000000]
[c=6201000000]
cosim: 2395000000 retirements ok (pc=00000000000e2694)
[c=6202000000]
[c=6203000000]
cosim: 2396000000 retirements ok (pc=00000000000e2698)
[c=6204000000]
[c=6205000000]
[c=6206000000]
cosim: 2397000000 retirements ok (pc=00000000000e2690)
[c=6207000000]
[c=6208000000]
cosim: 2398000000 retirements ok (pc=00000000000e269a)
[c=6209000000]
[c=6210000000]
[c=6211000000]
cosim: 2399000000 retirements ok (pc=00000000000e2690)
[c=6212000000]
[c=6213000000]
[c=6214000000]
cosim: 2400000000 retirements ok (pc=00000000000e2690)
[c=6215000000]
[c=6216000000]
cosim: 2401000000 retirements ok (pc=ffffffff800a10da)
[c=6217000000]
[c=6218000000]
[c=6219000000]
[c=6220000000]
[c=6221000000]
cosim: 2402000000 retirements ok (pc=00000000000e2690)
[c=6222000000]
[c=6223000000]
cosim: 2403000000 retirements ok (pc=00000000000e269a)
[c=6224000000]
[c=6225000000]
[c=6226000000]
cosim: 2404000000 retirements ok (pc=00000000000e2694)
[c=6227000000]
[c=6228000000]
cosim: 2405000000 retirements ok (pc=00000000000e2698)
[c=6229000000]
[c=6230000000]
[c=6231000000]
cosim: 2406000000 retirements ok (pc=00000000000e269a)
[c=6232000000]
[c=6233000000]
[c=6234000000]
cosim: 2407000000 retirements ok (pc=00000000000e2692)
[c=6235000000]
[c=6236000000]
cosim: 2408000000 retirements ok (pc=00000000000e2694)
[c=6237000000]
[c=6238000000]
[c=6239000000]
cosim: 2409000000 retirements ok (pc=00000000000e2692)
[c=6240000000]
[c=6241000000]
cosim: 2410000000 retirements ok (pc=00000000000e2694)
[c=6242000000]
[c=6243000000]
[c=6244000000]
cosim: 2411000000 retirements ok (pc=00000000000e2692)
[c=6245000000]
[c=6246000000]
cosim: 2412000000 retirements ok (pc=00000000000e2692)
[c=6247000000]
[c=6248000000]
[c=6249000000]
cosim: 2413000000 retirements ok (pc=00000000000e2694)
[c=6250000000]
[c=6251000000]
cosim: 2414000000 retirements ok (pc=00000000000e2698)
[c=6252000000]
[c=6253000000]
[c=6254000000]
cosim: 2415000000 retirements ok (pc=ffffffff808e2aec)
[c=6255000000]
[c=6256000000]
[c=6257000000]
[c=6258000000]
[c=6259000000]
cosim: 2416000000 retirements ok (pc=00000000000e2690)
[c=6260000000]
[c=6261000000]
cosim: 2417000000 retirements ok (pc=00000000000e269a)
[c=6262000000]
[c=6263000000]
[c=6264000000]
cosim: 2418000000 retirements ok (pc=00000000000e2694)
[c=6265000000]
[c=6266000000]
cosim: 2419000000 retirements ok (pc=00000000000e2690)
[c=6267000000]
[c=6268000000]
[c=6269000000]
cosim: 2420000000 retirements ok (pc=00000000000e2698)
[c=6270000000]
[c=6271000000]
cosim: 2421000000 retirements ok (pc=00000000000e269c)
[c=6272000000]
[c=6273000000]
[c=6274000000]
cosim: 2422000000 retirements ok (pc=00000000000e269a)
[c=6275000000]
[c=6276000000]
cosim: 2423000000 retirements ok (pc=00000000000e269c)
[c=6277000000]
[c=6278000000]
[c=6279000000]
cosim: 2424000000 retirements ok (pc=00000000000e2694)
[c=6280000000]
[c=6281000000]
[c=6282000000]
cosim: 2425000000 retirements ok (pc=00000000000e2690)
[c=6283000000]
[c=6284000000]
cosim: 2426000000 retirements ok (pc=00000000000e2698)
[c=6285000000]
[c=6286000000]
[c=6287000000]
cosim: 2427000000 retirements ok (pc=00000000000e2690)
[c=6288000000]
[c=6289000000]
cosim: 2428000000 retirements ok (pc=ffffffff800a381c)
[c=6290000000]
[c=6291000000]
[c=6292000000]
cosim: 2429000000 retirements ok (pc=ffffffff808e2b64)
[c=6293000000]
[c=6294000000]
[c=6295000000]
[c=6296000000]
[c=6297000000]
cosim: 2430000000 retirements ok (pc=00000000000e2690)
[c=6298000000]
[c=6299000000]
cosim: 2431000000 retirements ok (pc=00000000000e2692)
[c=6300000000]
[c=6301000000]
[c=6302000000]
cosim: 2432000000 retirements ok (pc=00000000000e2694)
[c=6303000000]
[c=6304000000]
cosim: 2433000000 retirements ok (pc=00000000000e2690)
[c=6305000000]
[c=6306000000]
[c=6307000000]
cosim: 2434000000 retirements ok (pc=00000000000e269c)
[c=6308000000]
[c=6309000000]
cosim: 2435000000 retirements ok (pc=00000000000e269c)
[c=6310000000]
[c=6311000000]
[c=6312000000]
cosim: 2436000000 retirements ok (pc=00000000000e2694)
[c=6313000000]
[c=6314000000]
cosim: 2437000000 retirements ok (pc=ffffffff800a4000)
[c=6315000000]
[c=6316000000]
[c=6317000000]
cosim: 2438000000 retirements ok (pc=00000000000e2698)
[c=6318000000]
[c=6319000000]
cosim: 2439000000 retirements ok (pc=00000000000e2698)
[c=6320000000]
[c=6321000000]
[c=6322000000]
cosim: 2440000000 retirements ok (pc=00000000000e269a)
[c=6323000000]
[c=6324000000]
cosim: 2441000000 retirements ok (pc=00000000000e2692)
[c=6325000000]
[c=6326000000]
[c=6327000000]
cosim: 2442000000 retirements ok (pc=00000000000e2692)
[c=6328000000]
[c=6329000000]
[c=6330000000]
[c=6331000000]
cosim: 2443000000 retirements ok (pc=ffffffff808e2bb0)
[c=6332000000]
[c=6333000000]
[c=6334000000]
cosim: 2444000000 retirements ok (pc=00000000000e2694)
[c=6335000000]
[c=6336000000]
[c=6337000000]
cosim: 2445000000 retirements ok (pc=00000000000e2690)
[c=6338000000]
[c=6339000000]
[c=6340000000]
cosim: 2446000000 retirements ok (pc=00000000000e2694)
[c=6341000000]
[c=6342000000]
cosim: 2447000000 retirements ok (pc=00000000000e269a)
[c=6343000000]
[c=6344000000]
[c=6345000000]
cosim: 2448000000 retirements ok (pc=ffffffff800af73e)
[c=6346000000]
[c=6347000000]
cosim: 2449000000 retirements ok (pc=00000000000e2694)
[c=6348000000]
[c=6349000000]
[c=6350000000]
cosim: 2450000000 retirements ok (pc=00000000000e2698)
[c=6351000000]
[c=6352000000]
cosim: 2451000000 retirements ok (pc=00000000000e2698)
[c=6353000000]
[c=6354000000]
[c=6355000000]
cosim: 2452000000 retirements ok (pc=00000000000e2694)
[c=6356000000]
[c=6357000000]
cosim: 2453000000 retirements ok (pc=00000000000e2698)
[c=6358000000]
[c=6359000000]
[c=6360000000]
cosim: 2454000000 retirements ok (pc=00000000000e2690)
[c=6361000000]
[c=6362000000]
cosim: 2455000000 retirements ok (pc=ffffffff800a3fc4)
[c=6363000000]
[c=6364000000]
[c=6365000000]
cosim: 2456000000 retirements ok (pc=00000000000e2690)
[c=6366000000]
[c=6367000000]
[c=6368000000]
cosim: 2457000000 retirements ok (pc=00000000000e2698)
[c=6369000000]
[c=6370000000]
[c=6371000000]
[c=6372000000]
cosim: 2458000000 retirements ok (pc=00000000000e2698)
[c=6373000000]
[c=6374000000]
[c=6375000000]
cosim: 2459000000 retirements ok (pc=00000000000e269c)
[c=6376000000]
[c=6377000000]
cosim: 2460000000 retirements ok (pc=00000000000e2690)
[c=6378000000]
[c=6379000000]
[c=6380000000]
cosim: 2461000000 retirements ok (pc=00000000000e2692)
[c=6381000000]
[c=6382000000]
[c=6383000000]
cosim: 2462000000 retirements ok (pc=00000000000e269c)
[c=6384000000]
[c=6385000000]
cosim: 2463000000 retirements ok (pc=00000000000e2690)
[c=6386000000]
[c=6387000000]
[c=6388000000]
cosim: 2464000000 retirements ok (pc=00000000000e2690)
[c=6389000000]
[c=6390000000]
cosim: 2465000000 retirements ok (pc=ffffffff800a3baa)
[c=6391000000]
[c=6392000000]
[c=6393000000]
cosim: 2466000000 retirements ok (pc=00000000000e2694)
[c=6394000000]
[c=6395000000]
cosim: 2467000000 retirements ok (pc=00000000000e269a)
[c=6396000000]
[c=6397000000]
[c=6398000000]
cosim: 2468000000 retirements ok (pc=00000000000e2698)
[c=6399000000]
[c=6400000000]
cosim: 2469000000 retirements ok (pc=00000000000e269a)
[c=6401000000]
[c=6402000000]
[c=6403000000]
cosim: 2470000000 retirements ok (pc=00000000000e2694)
[c=6404000000]
[c=6405000000]
cosim: 2471000000 retirements ok (pc=ffffffff808e2bb0)
[c=6406000000]
[c=6407000000]
[c=6408000000]
[c=6409000000]
[c=6410000000]
cosim: 2472000000 retirements ok (pc=00000000000e269a)
[c=6411000000]
[c=6412000000]
[c=6413000000]
cosim: 2473000000 retirements ok (pc=00000000000e2692)
[c=6414000000]
[c=6415000000]
cosim: 2474000000 retirements ok (pc=00000000000e2690)
[c=6416000000]
[c=6417000000]
[c=6418000000]
cosim: 2475000000 retirements ok (pc=ffffffff800a3832)
[c=6419000000]
[c=6420000000]
cosim: 2476000000 retirements ok (pc=00000000000e2690)
[c=6421000000]
[c=6422000000]
[c=6423000000]
cosim: 2477000000 retirements ok (pc=00000000000e2694)
[c=6424000000]
[c=6425000000]
cosim: 2478000000 retirements ok (pc=00000000000e2692)
[c=6426000000]
[c=6427000000]
[c=6428000000]
cosim: 2479000000 retirements ok (pc=00000000000e2692)
[c=6429000000]
[c=6430000000]
cosim: 2480000000 retirements ok (pc=00000000000e269a)
[c=6431000000]
[c=6432000000]
[c=6433000000]
cosim: 2481000000 retirements ok (pc=00000000000e269a)
[c=6434000000]
[c=6435000000]
[c=6436000000]
cosim: 2482000000 retirements ok (pc=00000000000e2690)
[c=6437000000]
[c=6438000000]
cosim: 2483000000 retirements ok (pc=00000000000e2694)
[c=6439000000]
[c=6440000000]
[c=6441000000]
cosim: 2484000000 retirements ok (pc=00000000000e269c)
[c=6442000000]
[c=6443000000]
[c=6444000000]
cosim: 2485000000 retirements ok (pc=ffffffff808e2b9c)
[c=6445000000]
[c=6446000000]
[c=6447000000]
[c=6448000000]
cosim: 2486000000 retirements ok (pc=00000000000e269a)
[c=6449000000]
[c=6450000000]
[c=6451000000]
cosim: 2487000000 retirements ok (pc=00000000000e2698)
[c=6452000000]
[c=6453000000]
cosim: 2488000000 retirements ok (pc=00000000000e2694)
[c=6454000000]
[c=6455000000]
[c=6456000000]
cosim: 2489000000 retirements ok (pc=00000000000e269c)
[c=6457000000]
[c=6458000000]
cosim: 2490000000 retirements ok (pc=00000000000e2692)
[c=6459000000]
[c=6460000000]
[c=6461000000]
cosim: 2491000000 retirements ok (pc=00000000000e2690)
[c=6462000000]
[c=6463000000]
cosim: 2492000000 retirements ok (pc=00000000000e2694)
[c=6464000000]
[c=6465000000]
[c=6466000000]
cosim: 2493000000 retirements ok (pc=00000000000e269c)
[c=6467000000]
[c=6468000000]
cosim: 2494000000 retirements ok (pc=ffffffff800a4074)
[c=6469000000]
[c=6470000000]
[c=6471000000]
cosim: 2495000000 retirements ok (pc=00000000000e2692)
[c=6472000000]
[c=6473000000]
cosim: 2496000000 retirements ok (pc=00000000000e269a)
[c=6474000000]
[c=6475000000]
[c=6476000000]
cosim: 2497000000 retirements ok (pc=00000000000e2692)
[c=6477000000]
[c=6478000000]
cosim: 2498000000 retirements ok (pc=00000000000e269a)
[c=6479000000]
[c=6480000000]
[c=6481000000]
[c=6482000000]
cosim: 2499000000 retirements ok (pc=ffffffff808e2bb8)
[c=6483000000]
[c=6484000000]
[c=6485000000]
[c=6486000000]
cosim: 2500000000 retirements ok (pc=00000000000e2690)
[c=6487000000]
[c=6488000000]
cosim: 2501000000 retirements ok (pc=00000000000e2694)
[c=6489000000]
[c=6490000000]
[c=6491000000]
cosim: 2502000000 retirements ok (pc=00000000000e2694)
[c=6492000000]
[c=6493000000]
[c=6494000000]
cosim: 2503000000 retirements ok (pc=00000000000e2698)
[c=6495000000]
[c=6496000000]
cosim: 2504000000 retirements ok (pc=00000000000e269c)
[c=6497000000]
[c=6498000000]
[c=6499000000]
cosim: 2505000000 retirements ok (pc=ffffffff8053112c)
[c=6500000000]
[c=6501000000]
cosim: 2506000000 retirements ok (pc=00000000000e269c)
[c=6502000000]
[c=6503000000]
[c=6504000000]
cosim: 2507000000 retirements ok (pc=00000000000e269a)
[c=6505000000]
[c=6506000000]
cosim: 2508000000 retirements ok (pc=00000000000e2698)
[c=6507000000]
[c=6508000000]
[c=6509000000]
cosim: 2509000000 retirements ok (pc=00000000000e2692)
[c=6510000000]
[c=6511000000]
cosim: 2510000000 retirements ok (pc=00000000000e2694)
[c=6512000000]
[c=6513000000]
[c=6514000000]
cosim: 2511000000 retirements ok (pc=ffffffff800a3766)
[c=6515000000]
[c=6516000000]
cosim: 2512000000 retirements ok (pc=00000000000e269c)
[c=6517000000]
[c=6518000000]
[c=6519000000]
cosim: 2513000000 retirements ok (pc=00000000000e2694)
[c=6520000000]
[c=6521000000]
[c=6522000000]
[c=6523000000]
[c=6524000000]
cosim: 2514000000 retirements ok (pc=00000000000e269c)
[c=6525000000]
[c=6526000000]
cosim: 2515000000 retirements ok (pc=00000000000e2692)
[c=6527000000]
[c=6528000000]
[c=6529000000]
cosim: 2516000000 retirements ok (pc=00000000000e2694)
[c=6530000000]
[c=6531000000]
cosim: 2517000000 retirements ok (pc=00000000000e2694)
[c=6532000000]
[c=6533000000]
[c=6534000000]
cosim: 2518000000 retirements ok (pc=00000000000e2694)
[c=6535000000]
[c=6536000000]
[c=6537000000]
cosim: 2519000000 retirements ok (pc=00000000000e269a)
[c=6538000000]
[c=6539000000]
cosim: 2520000000 retirements ok (pc=00000000000e2694)
[c=6540000000]
[c=6541000000]
[c=6542000000]
cosim: 2521000000 retirements ok (pc=00000000000e2690)
[c=6543000000]
[c=6544000000]
cosim: 2522000000 retirements ok (pc=00000000000e269c)
[c=6545000000]
[c=6546000000]
[c=6547000000]
cosim: 2523000000 retirements ok (pc=00000000000e2690)
[c=6548000000]
[c=6549000000]
cosim: 2524000000 retirements ok (pc=00000000000e2692)
[c=6550000000]
[c=6551000000]
[c=6552000000]
cosim: 2525000000 retirements ok (pc=00000000000e2692)
[c=6553000000]
[c=6554000000]
cosim: 2526000000 retirements ok (pc=00000000000e269c)
[c=6555000000]
[c=6556000000]
[c=6557000000]
cosim: 2527000000 retirements ok (pc=00000000000e269a)
[c=6558000000]
[c=6559000000]
[c=6560000000]
[c=6561000000]
[c=6562000000]
cosim: 2528000000 retirements ok (pc=00000000000e2692)
[c=6563000000]
[c=6564000000]
cosim: 2529000000 retirements ok (pc=00000000000e2690)
[c=6565000000]
[c=6566000000]
[c=6567000000]
cosim: 2530000000 retirements ok (pc=00000000000e2692)
[c=6568000000]
[c=6569000000]
cosim: 2531000000 retirements ok (pc=ffffffff808e4266)
[c=6570000000]
[c=6571000000]
[c=6572000000]
cosim: 2532000000 retirements ok (pc=00000000000e269a)
[c=6573000000]
[c=6574000000]
cosim: 2533000000 retirements ok (pc=00000000000e269a)
[c=6575000000]
[c=6576000000]
[c=6577000000]
cosim: 2534000000 retirements ok (pc=00000000000e2692)
[c=6578000000]
[c=6579000000]
cosim: 2535000000 retirements ok (pc=00000000000e2694)
[c=6580000000]
[c=6581000000]
[c=6582000000]
cosim: 2536000000 retirements ok (pc=00000000000e2690)
[c=6583000000]
[c=6584000000]
[c=6585000000]
cosim: 2537000000 retirements ok (pc=00000000000e269a)
[c=6586000000]
[c=6587000000]
cosim: 2538000000 retirements ok (pc=00000000000e2694)
[c=6588000000]
[c=6589000000]
[c=6590000000]
cosim: 2539000000 retirements ok (pc=00000000000e2698)
[c=6591000000]
[c=6592000000]
cosim: 2540000000 retirements ok (pc=00000000000e2694)
[c=6593000000]
[c=6594000000]
[c=6595000000]
cosim: 2541000000 retirements ok (pc=ffffffff80024448)
[c=6596000000]
[c=6597000000]
[c=6598000000]
[c=6599000000]
cosim: 2542000000 retirements ok (pc=00000000000e269c)
[c=6600000000]
[c=6601000000]
[c=6602000000]
cosim: 2543000000 retirements ok (pc=00000000000e269c)
[c=6603000000]
[c=6604000000]
[c=6605000000]
cosim: 2544000000 retirements ok (pc=00000000000e269a)
[c=6606000000]
[c=6607000000]
cosim: 2545000000 retirements ok (pc=00000000000e2690)
[c=6608000000]
[c=6609000000]
[c=6610000000]
cosim: 2546000000 retirements ok (pc=00000000000e269c)
[c=6611000000]
[c=6612000000]
cosim: 2547000000 retirements ok (pc=00000000000e2694)
[c=6613000000]
[c=6614000000]
[c=6615000000]
cosim: 2548000000 retirements ok (pc=00000000000e2692)
[c=6616000000]
[c=6617000000]
cosim: 2549000000 retirements ok (pc=00000000000e2698)
[c=6618000000]
[c=6619000000]
[c=6620000000]
cosim: 2550000000 retirements ok (pc=00000000000e269c)
[c=6621000000]
[c=6622000000]
cosim: 2551000000 retirements ok (pc=ffffffff808e42a2)
[c=6623000000]
[c=6624000000]
[c=6625000000]
cosim: 2552000000 retirements ok (pc=00000000000e269c)
[c=6626000000]
[c=6627000000]
cosim: 2553000000 retirements ok (pc=00000000000e2690)
[c=6628000000]
[c=6629000000]
[c=6630000000]
cosim: 2554000000 retirements ok (pc=00000000000e2698)
[c=6631000000]
[c=6632000000]
[c=6633000000]
cosim: 2555000000 retirements ok (pc=ffffffff808e2b84)
[c=6634000000]
[c=6635000000]
[c=6636000000]
[c=6637000000]
cosim: 2556000000 retirements ok (pc=00000000000e2698)
[c=6638000000]
[c=6639000000]
[c=6640000000]
cosim: 2557000000 retirements ok (pc=00000000000e2692)
[c=6641000000]
[c=6642000000]
cosim: 2558000000 retirements ok (pc=ffffffff800b04f0)
[c=6643000000]
[c=6644000000]
[c=6645000000]
cosim: 2559000000 retirements ok (pc=00000000000e2694)
[c=6646000000]
[c=6647000000]
[c=6648000000]
cosim: 2560000000 retirements ok (pc=00000000000e2698)
[c=6649000000]
[c=6650000000]
cosim: 2561000000 retirements ok (pc=00000000000e2690)
[c=6651000000]
[c=6652000000]
[c=6653000000]
cosim: 2562000000 retirements ok (pc=00000000000e2694)
[c=6654000000]
[c=6655000000]
cosim: 2563000000 retirements ok (pc=00000000000e2690)
[c=6656000000]
[c=6657000000]
[c=6658000000]
cosim: 2564000000 retirements ok (pc=00000000000e269c)
[c=6659000000]
[c=6660000000]
cosim: 2565000000 retirements ok (pc=00000000000e269a)
[c=6661000000]
[c=6662000000]
[c=6663000000]
cosim: 2566000000 retirements ok (pc=00000000000e2694)
[c=6664000000]
[c=6665000000]
cosim: 2567000000 retirements ok (pc=00000000000e2694)
[c=6666000000]
[c=6667000000]
[c=6668000000]
cosim: 2568000000 retirements ok (pc=00000000000e269a)
[c=6669000000]
[c=6670000000]
cosim: 2569000000 retirements ok (pc=00000000000e269c)
[c=6671000000]
[c=6672000000]
[c=6673000000]
[c=6674000000]
[c=6675000000]
cosim: 2570000000 retirements ok (pc=00000000000e2690)
[c=6676000000]
[c=6677000000]
[c=6678000000]
cosim: 2571000000 retirements ok (pc=00000000000e269a)
[c=6679000000]
[c=6680000000]
cosim: 2572000000 retirements ok (pc=00000000000e2694)
[c=6681000000]
[c=6682000000]
[c=6683000000]
cosim: 2573000000 retirements ok (pc=00000000000e2692)
[c=6684000000]
[c=6685000000]
cosim: 2574000000 retirements ok (pc=00000000000e269a)
[c=6686000000]
[c=6687000000]
[c=6688000000]
cosim: 2575000000 retirements ok (pc=00000000000e2692)
[c=6689000000]
[c=6690000000]
[c=6691000000]
cosim: 2576000000 retirements ok (pc=00000000000e2692)
[c=6692000000]
[c=6693000000]
cosim: 2577000000 retirements ok (pc=00000000000e2690)
[c=6694000000]
[c=6695000000]
[c=6696000000]
cosim: 2578000000 retirements ok (pc=00000000000e2698)
[c=6697000000]
[c=6698000000]
cosim: 2579000000 retirements ok (pc=ffffffff800a3950)
[c=6699000000]
[c=6700000000]
[c=6701000000]
cosim: 2580000000 retirements ok (pc=00000000000e2698)
[c=6702000000]
[c=6703000000]
cosim: 2581000000 retirements ok (pc=00000000000e2698)
[c=6704000000]
[c=6705000000]
[c=6706000000]
cosim: 2582000000 retirements ok (pc=00000000000e2690)
[c=6707000000]
[c=6708000000]
cosim: 2583000000 retirements ok (pc=00000000000e2694)
[c=6709000000]
[c=6710000000]
[c=6711000000]
[c=6712000000]
[c=6713000000]
cosim: 2584000000 retirements ok (pc=00000000000e269a)
[c=6714000000]
[c=6715000000]
[c=6716000000]
cosim: 2585000000 retirements ok (pc=00000000000e269a)
[c=6717000000]
[c=6718000000]
cosim: 2586000000 retirements ok (pc=00000000000e2690)
[c=6719000000]
[c=6720000000]
[c=6721000000]
cosim: 2587000000 retirements ok (pc=00000000000e2698)
[c=6722000000]
[c=6723000000]
cosim: 2588000000 retirements ok (pc=ffffffff80063f0c)
[c=6724000000]
[c=6725000000]
[c=6726000000]
cosim: 2589000000 retirements ok (pc=00000000000e2690)
[c=6727000000]
[c=6728000000]
cosim: 2590000000 retirements ok (pc=00000000000e269c)
[c=6729000000]
[c=6730000000]
[c=6731000000]
cosim: 2591000000 retirements ok (pc=00000000000e2690)
[c=6732000000]
[c=6733000000]
cosim: 2592000000 retirements ok (pc=00000000000e2692)
[c=6734000000]
[c=6735000000]
[c=6736000000]
cosim: 2593000000 retirements ok (pc=00000000000e2694)
[c=6737000000]
[c=6738000000]
[c=6739000000]
cosim: 2594000000 retirements ok (pc=00000000000e2698)
[c=6740000000]
[c=6741000000]
cosim: 2595000000 retirements ok (pc=00000000000e269c)
[c=6742000000]
[c=6743000000]
[c=6744000000]
cosim: 2596000000 retirements ok (pc=00000000000e2694)
[c=6745000000]
[c=6746000000]
cosim: 2597000000 retirements ok (pc=ffffffff80063fd2)
[c=6747000000]
[c=6748000000]
[c=6749000000]
[c=6750000000]
[c=6751000000]
cosim: 2598000000 retirements ok (pc=00000000000e269a)
[c=6752000000]
[c=6753000000]
[c=6754000000]
cosim: 2599000000 retirements ok (pc=00000000000e2692)
[c=6755000000]
[c=6756000000]
cosim: 2600000000 retirements ok (pc=00000000000e2694)
[c=6757000000]
[c=6758000000]
[c=6759000000]
cosim: 2601000000 retirements ok (pc=00000000000e2694)
[c=6760000000]
[c=6761000000]
cosim: 2602000000 retirements ok (pc=00000000000e2698)
[c=6762000000]
[c=6763000000]
[c=6764000000]
cosim: 2603000000 retirements ok (pc=00000000000e2690)
[c=6765000000]
[c=6766000000]
cosim: 2604000000 retirements ok (pc=00000000000e2694)
[c=6767000000]
[c=6768000000]
[c=6769000000]
cosim: 2605000000 retirements ok (pc=ffffffff808e3082)
[c=6770000000]
[c=6771000000]
cosim: 2606000000 retirements ok (pc=00000000000e269a)
[c=6772000000]
[c=6773000000]
[c=6774000000]
cosim: 2607000000 retirements ok (pc=00000000000e2690)
[c=6775000000]
[c=6776000000]
cosim: 2608000000 retirements ok (pc=00000000000e269a)
[c=6777000000]
[c=6778000000]
[c=6779000000]
cosim: 2609000000 retirements ok (pc=00000000000e2694)
[c=6780000000]
[c=6781000000]
cosim: 2610000000 retirements ok (pc=00000000000e2692)
[c=6782000000]
[c=6783000000]
[c=6784000000]
cosim: 2611000000 retirements ok (pc=00000000000e2690)
[c=6785000000]
[c=6786000000]
[c=6787000000]
[c=6788000000]
[c=6789000000]
cosim: 2612000000 retirements ok (pc=00000000000e269c)
[c=6790000000]
[c=6791000000]
cosim: 2613000000 retirements ok (pc=00000000000e269c)
[c=6792000000]
[c=6793000000]
[c=6794000000]
cosim: 2614000000 retirements ok (pc=ffffffff800a3f8c)
[c=6795000000]
[c=6796000000]
cosim: 2615000000 retirements ok (pc=00000000000e2698)
[c=6797000000]
[c=6798000000]
[c=6799000000]
cosim: 2616000000 retirements ok (pc=00000000000e2694)
[c=6800000000]
[c=6801000000]
[c=6802000000]
cosim: 2617000000 retirements ok (pc=00000000000e2692)
[c=6803000000]
[c=6804000000]
cosim: 2618000000 retirements ok (pc=ffffffff800a23a6)
[c=6805000000]
[c=6806000000]
[c=6807000000]
cosim: 2619000000 retirements ok (pc=00000000000e269c)
[c=6808000000]
[c=6809000000]
cosim: 2620000000 retirements ok (pc=00000000000e269a)
[c=6810000000]
[c=6811000000]
[c=6812000000]
cosim: 2621000000 retirements ok (pc=00000000000e2690)
[c=6813000000]
[c=6814000000]
cosim: 2622000000 retirements ok (pc=00000000000e269a)
[c=6815000000]
[c=6816000000]
[c=6817000000]
cosim: 2623000000 retirements ok (pc=00000000000e269a)
[c=6818000000]
[c=6819000000]
cosim: 2624000000 retirements ok (pc=00000000000e2692)
[c=6820000000]
[c=6821000000]
[c=6822000000]
cosim: 2625000000 retirements ok (pc=ffffffff800a3d50)
[c=6823000000]
[c=6824000000]
[c=6825000000]
[c=6826000000]
[c=6827000000]
cosim: 2626000000 retirements ok (pc=00000000000e269c)
[c=6828000000]
[c=6829000000]
cosim: 2627000000 retirements ok (pc=00000000000e2694)
[c=6830000000]
[c=6831000000]
[c=6832000000]
cosim: 2628000000 retirements ok (pc=00000000000e269a)
[c=6833000000]
[c=6834000000]
cosim: 2629000000 retirements ok (pc=00000000000e2692)
[c=6835000000]
[c=6836000000]
[c=6837000000]
cosim: 2630000000 retirements ok (pc=00000000000e2694)
[c=6838000000]
[c=6839000000]
cosim: 2631000000 retirements ok (pc=00000000000e2698)
[c=6840000000]
[c=6841000000]
[c=6842000000]
cosim: 2632000000 retirements ok (pc=00000000000e2692)
[c=6843000000]
[c=6844000000]
[c=6845000000]
cosim: 2633000000 retirements ok (pc=00000000000e2698)
[c=6846000000]
[c=6847000000]
cosim: 2634000000 retirements ok (pc=ffffffff800a5e3e)
[c=6848000000]
[c=6849000000]
[c=6850000000]
cosim: 2635000000 retirements ok (pc=00000000000e2692)
[c=6851000000]
[c=6852000000]
cosim: 2636000000 retirements ok (pc=00000000000e2694)
[c=6853000000]
[c=6854000000]
[c=6855000000]
cosim: 2637000000 retirements ok (pc=00000000000e2698)
[c=6856000000]
[c=6857000000]
cosim: 2638000000 retirements ok (pc=00000000000e269a)
[c=6858000000]
[c=6859000000]
[c=6860000000]
cosim: 2639000000 retirements ok (pc=00000000000e269a)
[c=6861000000]
[c=6862000000]
[c=6863000000]
[c=6864000000]
[c=6865000000]
cosim: 2640000000 retirements ok (pc=00000000000e2692)
[c=6866000000]
[c=6867000000]
cosim: 2641000000 retirements ok (pc=00000000000e269a)
[c=6868000000]
[c=6869000000]
[c=6870000000]
cosim: 2642000000 retirements ok (pc=00000000000e269a)
[c=6871000000]
[c=6872000000]
cosim: 2643000000 retirements ok (pc=00000000000e2698)
[c=6873000000]
[c=6874000000]
[c=6875000000]
cosim: 2644000000 retirements ok (pc=00000000000e2694)
[c=6876000000]
[c=6877000000]
cosim: 2645000000 retirements ok (pc=00000000000e269a)
[c=6878000000]
[c=6879000000]
[c=6880000000]
cosim: 2646000000 retirements ok (pc=00000000000e2694)
[c=6881000000]
[c=6882000000]
cosim: 2647000000 retirements ok (pc=00000000000e2692)
[c=6883000000]
[c=6884000000]
[c=6885000000]
cosim: 2648000000 retirements ok (pc=00000000000e2690)
[c=6886000000]
[c=6887000000]
cosim: 2649000000 retirements ok (pc=00000000000e2692)
[c=6888000000]
[c=6889000000]
[c=6890000000]
cosim: 2650000000 retirements ok (pc=00000000000e269a)
[c=6891000000]
[c=6892000000]
[c=6893000000]
cosim: 2651000000 retirements ok (pc=00000000000e2698)
[c=6894000000]
[c=6895000000]
cosim: 2652000000 retirements ok (pc=00000000000e2694)
[c=6896000000]
[c=6897000000]
[c=6898000000]
cosim: 2653000000 retirements ok (pc=00000000000e2690)
[c=6899000000]
[c=6900000000]
[c=6901000000]
[c=6902000000]
cosim: 2654000000 retirements ok (pc=00000000000e269a)
[c=6903000000]
[c=6904000000]
[c=6905000000]
cosim: 2655000000 retirements ok (pc=00000000000e2694)
[c=6906000000]
[c=6907000000]
[c=6908000000]
cosim: 2656000000 retirements ok (pc=00000000000e2694)
[c=6909000000]
[c=6910000000]
cosim: 2657000000 retirements ok (pc=00000000000e2692)
[c=6911000000]
[c=6912000000]
[c=6913000000]
cosim: 2658000000 retirements ok (pc=00000000000e2694)
[c=6914000000]
[c=6915000000]
cosim: 2659000000 retirements ok (pc=00000000000e2698)
[c=6916000000]
[c=6917000000]
[c=6918000000]
cosim: 2660000000 retirements ok (pc=00000000000e2690)
[c=6919000000]
[c=6920000000]
cosim: 2661000000 retirements ok (pc=00000000000e269c)
[c=6921000000]
[c=6922000000]
[c=6923000000]
cosim: 2662000000 retirements ok (pc=00000000000e269c)
[c=6924000000]
[c=6925000000]
cosim: 2663000000 retirements ok (pc=00000000000e2692)
[c=6926000000]
[c=6927000000]
[c=6928000000]
cosim: 2664000000 retirements ok (pc=00000000000e2694)
[c=6929000000]
[c=6930000000]
cosim: 2665000000 retirements ok (pc=00000000000e2690)
[c=6931000000]
[c=6932000000]
[c=6933000000]
cosim: 2666000000 retirements ok (pc=00000000000e2698)
[c=6934000000]
[c=6935000000]
cosim: 2667000000 retirements ok (pc=00000000000e2694)
[c=6936000000]
[c=6937000000]
[c=6938000000]
[c=6939000000]
[c=6940000000]
cosim: 2668000000 retirements ok (pc=00000000000e2698)
[c=6941000000]
[c=6942000000]
[c=6943000000]
cosim: 2669000000 retirements ok (pc=00000000000e2690)
[c=6944000000]
[c=6945000000]
cosim: 2670000000 retirements ok (pc=00000000000e269a)
[c=6946000000]
[c=6947000000]
[c=6948000000]
cosim: 2671000000 retirements ok (pc=ffffffff800a3d28)
[c=6949000000]
[c=6950000000]
cosim: 2672000000 retirements ok (pc=00000000000e2698)
[c=6951000000]
[c=6952000000]
[c=6953000000]
cosim: 2673000000 retirements ok (pc=00000000000e269a)
[c=6954000000]
[c=6955000000]
[c=6956000000]
cosim: 2674000000 retirements ok (pc=00000000000e269c)
[c=6957000000]
[c=6958000000]
cosim: 2675000000 retirements ok (pc=00000000000e269a)
[c=6959000000]
[c=6960000000]
[c=6961000000]
cosim: 2676000000 retirements ok (pc=00000000000e269c)
[c=6962000000]
[c=6963000000]
cosim: 2677000000 retirements ok (pc=00000000000e2694)
[c=6964000000]
[c=6965000000]
[c=6966000000]
cosim: 2678000000 retirements ok (pc=00000000000e2698)
[c=6967000000]
[c=6968000000]
cosim: 2679000000 retirements ok (pc=00000000000e2698)
[c=6969000000]
[c=6970000000]
[c=6971000000]
cosim: 2680000000 retirements ok (pc=00000000000e269c)
[c=6972000000]
[c=6973000000]
cosim: 2681000000 retirements ok (pc=ffffffff800b059a)
[c=6974000000]
[c=6975000000]
[c=6976000000]
[c=6977000000]
[c=6978000000]
cosim: 2682000000 retirements ok (pc=00000000000e2698)
[c=6979000000]
[c=6980000000]
[c=6981000000]
cosim: 2683000000 retirements ok (pc=00000000000e269a)
[c=6982000000]
[c=6983000000]
cosim: 2684000000 retirements ok (pc=00000000000e269a)
[c=6984000000]
[c=6985000000]
[c=6986000000]
cosim: 2685000000 retirements ok (pc=00000000000e2698)
[c=6987000000]
[c=6988000000]
cosim: 2686000000 retirements ok (pc=00000000000e269a)
[c=6989000000]
[c=6990000000]
[c=6991000000]
cosim: 2687000000 retirements ok (pc=00000000000e269a)
[c=6992000000]
[c=6993000000]
[c=6994000000]
cosim: 2688000000 retirements ok (pc=00000000000e2690)
[c=6995000000]
[c=6996000000]
cosim: 2689000000 retirements ok (pc=00000000000e269c)
[c=6997000000]
[c=6998000000]
[c=6999000000]
cosim: 2690000000 retirements ok (pc=00000000000e2698)
[c=7000000000]
[c=7001000000]
cosim: 2691000000 retirements ok (pc=ffffffff800a4060)
[c=7002000000]
[c=7003000000]
[c=7004000000]
cosim: 2692000000 retirements ok (pc=00000000000e2692)
[c=7005000000]
[c=7006000000]
cosim: 2693000000 retirements ok (pc=00000000000e2692)
[c=7007000000]
[c=7008000000]
[c=7009000000]
cosim: 2694000000 retirements ok (pc=00000000000e2698)
[c=7010000000]
[c=7011000000]
cosim: 2695000000 retirements ok (pc=00000000000e2698)
[c=7012000000]
[c=7013000000]
[c=7014000000]
[c=7015000000]
[c=7016000000]
cosim: 2696000000 retirements ok (pc=00000000000e2694)
[c=7017000000]
[c=7018000000]
[c=7019000000]
cosim: 2697000000 retirements ok (pc=00000000000e2690)
[c=7020000000]
[c=7021000000]
cosim: 2698000000 retirements ok (pc=00000000000e2698)
[c=7022000000]
[c=7023000000]
[c=7024000000]
cosim: 2699000000 retirements ok (pc=00000000000e2694)
[c=7025000000]
[c=7026000000]
cosim: 2700000000 retirements ok (pc=00000000000e2692)
[c=7027000000]
[c=7028000000]
[c=7029000000]
cosim: 2701000000 retirements ok (pc=ffffffff800a3824)
[c=7030000000]
[c=7031000000]
cosim: 2702000000 retirements ok (pc=00000000000e2692)
[c=7032000000]
[c=7033000000]
[c=7034000000]
cosim: 2703000000 retirements ok (pc=00000000000e269a)
[c=7035000000]
[c=7036000000]
cosim: 2704000000 retirements ok (pc=00000000000e2692)
[c=7037000000]
[c=7038000000]
[c=7039000000]
cosim: 2705000000 retirements ok (pc=00000000000e2694)
[c=7040000000]
[c=7041000000]
[c=7042000000]
cosim: 2706000000 retirements ok (pc=00000000000e2698)
[c=7043000000]
[c=7044000000]
cosim: 2707000000 retirements ok (pc=00000000000e269a)
[c=7045000000]
[c=7046000000]
[c=7047000000]
cosim: 2708000000 retirements ok (pc=00000000000e2692)
[c=7048000000]
[c=7049000000]
cosim: 2709000000 retirements ok (pc=00000000000e2694)
[c=7050000000]
[c=7051000000]
[c=7052000000]
[c=7053000000]
[c=7054000000]
cosim: 2710000000 retirements ok (pc=ffffffff800af6aa)
[c=7055000000]
[c=7056000000]
cosim: 2711000000 retirements ok (pc=00000000000e269c)
[c=7057000000]
[c=7058000000]
[c=7059000000]
cosim: 2712000000 retirements ok (pc=00000000000e2690)
[c=7060000000]
[c=7061000000]
[c=7062000000]
cosim: 2713000000 retirements ok (pc=00000000000e2698)
[c=7063000000]
[c=7064000000]
cosim: 2714000000 retirements ok (pc=00000000000e2690)
[c=7065000000]
[c=7066000000]
[c=7067000000]
cosim: 2715000000 retirements ok (pc=00000000000e2698)
[c=7068000000]
[c=7069000000]
cosim: 2716000000 retirements ok (pc=00000000000e269a)
[c=7070000000]
[c=7071000000]
[c=7072000000]
cosim: 2717000000 retirements ok (pc=00000000000e2694)
[c=7073000000]
[c=7074000000]
cosim: 2718000000 retirements ok (pc=00000000000e2698)
[c=7075000000]
[c=7076000000]
[c=7077000000]
cosim: 2719000000 retirements ok (pc=ffffffff800a0872)
[c=7078000000]
[c=7079000000]
cosim: 2720000000 retirements ok (pc=00000000000e2698)
[c=7080000000]
[c=7081000000]
[c=7082000000]
cosim: 2721000000 retirements ok (pc=00000000000e2690)
[c=7083000000]
[c=7084000000]
cosim: 2722000000 retirements ok (pc=00000000000e269c)
[c=7085000000]
[c=7086000000]
[c=7087000000]
cosim: 2723000000 retirements ok (pc=00000000000e2694)
[c=7088000000]
[c=7089000000]
[c=7090000000]
[c=7091000000]
[c=7092000000]
cosim: 2724000000 retirements ok (pc=00000000000e269c)
[c=7093000000]
[c=7094000000]
cosim: 2725000000 retirements ok (pc=00000000000e2692)
[c=7095000000]
[c=7096000000]
[c=7097000000]
cosim: 2726000000 retirements ok (pc=00000000000e2690)
[c=7098000000]
[c=7099000000]
cosim: 2727000000 retirements ok (pc=00000000000e2692)
[c=7100000000]
[c=7101000000]
[c=7102000000]
cosim: 2728000000 retirements ok (pc=00000000000e2692)
[c=7103000000]
[c=7104000000]
[c=7105000000]
cosim: 2729000000 retirements ok (pc=00000000000e2692)
[c=7106000000]
[c=7107000000]
cosim: 2730000000 retirements ok (pc=00000000000e2698)
[c=7108000000]
[c=7109000000]
[c=7110000000]
cosim: 2731000000 retirements ok (pc=00000000000e269a)
[c=7111000000]
[c=7112000000]
cosim: 2732000000 retirements ok (pc=00000000000e269a)
[c=7113000000]
[c=7114000000]
[c=7115000000]
cosim: 2733000000 retirements ok (pc=00000000000e2692)
[c=7116000000]
[c=7117000000]
cosim: 2734000000 retirements ok (pc=00000000000e269a)
[c=7118000000]
[c=7119000000]
[c=7120000000]
cosim: 2735000000 retirements ok (pc=00000000000e269a)
[c=7121000000]
[c=7122000000]
cosim: 2736000000 retirements ok (pc=00000000000e2698)
[c=7123000000]
[c=7124000000]
[c=7125000000]
cosim: 2737000000 retirements ok (pc=00000000000e2698)
[c=7126000000]
[c=7127000000]
[c=7128000000]
[c=7129000000]
[c=7130000000]
cosim: 2738000000 retirements ok (pc=ffffffff808ee32e)
[c=7131000000]
[c=7132000000]
cosim: 2739000000 retirements ok (pc=00000000000e2692)
[c=7133000000]
[c=7134000000]
[c=7135000000]
cosim: 2740000000 retirements ok (pc=00000000000e2690)
[c=7136000000]
[c=7137000000]
cosim: 2741000000 retirements ok (pc=00000000000e269a)
[c=7138000000]
[c=7139000000]
[c=7140000000]
cosim: 2742000000 retirements ok (pc=00000000000e2692)
[c=7141000000]
[c=7142000000]
cosim: 2743000000 retirements ok (pc=00000000000e269a)
[c=7143000000]
[c=7144000000]
[c=7145000000]
cosim: 2744000000 retirements ok (pc=00000000000e269a)
[c=7146000000]
[c=7147000000]
[c=7148000000]
cosim: 2745000000 retirements ok (pc=00000000000e2690)
[c=7149000000]
[c=7150000000]
cosim: 2746000000 retirements ok (pc=00000000000e2698)
[c=7151000000]
[c=7152000000]
[c=7153000000]
cosim: 2747000000 retirements ok (pc=ffffffff800a3e30)
[c=7154000000]
[c=7155000000]
cosim: 2748000000 retirements ok (pc=00000000000e269c)
[c=7156000000]
[c=7157000000]
[c=7158000000]
cosim: 2749000000 retirements ok (pc=00000000000e269a)
[c=7159000000]
[c=7160000000]
cosim: 2750000000 retirements ok (pc=00000000000e2698)
[c=7161000000]
[c=7162000000]
[c=7163000000]
cosim: 2751000000 retirements ok (pc=00000000000e2694)
[c=7164000000]
[c=7165000000]
[c=7166000000]
[c=7167000000]
[c=7168000000]
cosim: 2752000000 retirements ok (pc=00000000000e2698)
[c=7169000000]
[c=7170000000]
cosim: 2753000000 retirements ok (pc=00000000000e2690)
[c=7171000000]
[c=7172000000]
[c=7173000000]
cosim: 2754000000 retirements ok (pc=00000000000e2692)
[c=7174000000]
[c=7175000000]
cosim: 2755000000 retirements ok (pc=00000000000e269a)
[c=7176000000]
[c=7177000000]
[c=7178000000]
cosim: 2756000000 retirements ok (pc=ffffffff800a3862)
[c=7179000000]
[c=7180000000]
cosim: 2757000000 retirements ok (pc=00000000000e2698)
[c=7181000000]
[c=7182000000]
[c=7183000000]
cosim: 2758000000 retirements ok (pc=00000000000e2698)
[c=7184000000]
[c=7185000000]
cosim: 2759000000 retirements ok (pc=00000000000e2692)
[c=7186000000]
[c=7187000000]
[c=7188000000]
cosim: 2760000000 retirements ok (pc=00000000000e2690)
[c=7189000000]
[c=7190000000]
cosim: 2761000000 retirements ok (pc=00000000000e269c)
[c=7191000000]
[c=7192000000]
[c=7193000000]
cosim: 2762000000 retirements ok (pc=00000000000e269a)
[c=7194000000]
[c=7195000000]
[c=7196000000]
cosim: 2763000000 retirements ok (pc=00000000000e2698)
[c=7197000000]
[c=7198000000]
cosim: 2764000000 retirements ok (pc=00000000000e2692)
[c=7199000000]
[c=7200000000]
[c=7201000000]
cosim: 2765000000 retirements ok (pc=00000000000e2692)
[c=7202000000]
[c=7203000000]
[c=7204000000]
[c=7205000000]
cosim: 2766000000 retirements ok (pc=00000000000e2694)
[c=7206000000]
[c=7207000000]
[c=7208000000]
cosim: 2767000000 retirements ok (pc=ffffffff8006e34a)
[c=7209000000]
[c=7210000000]
cosim: 2768000000 retirements ok (pc=00000000000e2694)
[c=7211000000]
[c=7212000000]
[c=7213000000]
cosim: 2769000000 retirements ok (pc=00000000000e269c)
[c=7214000000]
[c=7215000000]
[c=7216000000]
cosim: 2770000000 retirements ok (pc=00000000000e2694)
[c=7217000000]
[c=7218000000]
cosim: 2771000000 retirements ok (pc=00000000000e269a)
[c=7219000000]
[c=7220000000]
[c=7221000000]
cosim: 2772000000 retirements ok (pc=00000000000e2690)
[c=7222000000]
[c=7223000000]
cosim: 2773000000 retirements ok (pc=00000000000e2692)
[c=7224000000]
[c=7225000000]
[c=7226000000]
cosim: 2774000000 retirements ok (pc=00000000000e269a)
[c=7227000000]
[c=7228000000]
cosim: 2775000000 retirements ok (pc=00000000000e2694)
[c=7229000000]
[c=7230000000]
[c=7231000000]
cosim: 2776000000 retirements ok (pc=00000000000e269c)
[c=7232000000]
[c=7233000000]
cosim: 2777000000 retirements ok (pc=ffffffff8006429a)
[c=7234000000]
[c=7235000000]
[c=7236000000]
cosim: 2778000000 retirements ok (pc=00000000000e2690)
[c=7237000000]
[c=7238000000]
cosim: 2779000000 retirements ok (pc=00000000000e269a)
[c=7239000000]
[c=7240000000]
[c=7241000000]
[c=7242000000]
[c=7243000000]
cosim: 2780000000 retirements ok (pc=00000000000e2694)
[c=7244000000]
[c=7245000000]
[c=7246000000]
cosim: 2781000000 retirements ok (pc=00000000000e2692)
[c=7247000000]
[c=7248000000]
cosim: 2782000000 retirements ok (pc=00000000000e2698)
[c=7249000000]
[c=7250000000]
[c=7251000000]
cosim: 2783000000 retirements ok (pc=00000000000e2694)
[c=7252000000]
[c=7253000000]
cosim: 2784000000 retirements ok (pc=00000000000e2692)
[c=7254000000]
[c=7255000000]
[c=7256000000]
cosim: 2785000000 retirements ok (pc=00000000000e2692)
[c=7257000000]
[c=7258000000]
[c=7259000000]
cosim: 2786000000 retirements ok (pc=00000000000e2692)
[c=7260000000]
[c=7261000000]
cosim: 2787000000 retirements ok (pc=00000000000e269c)
[c=7262000000]
[c=7263000000]
[c=7264000000]
cosim: 2788000000 retirements ok (pc=00000000000e2692)
[c=7265000000]
[c=7266000000]
cosim: 2789000000 retirements ok (pc=00000000000e269a)
[c=7267000000]
[c=7268000000]
[c=7269000000]
cosim: 2790000000 retirements ok (pc=00000000000e269c)
[c=7270000000]
[c=7271000000]
cosim: 2791000000 retirements ok (pc=00000000000e2690)
[c=7272000000]
[c=7273000000]
[c=7274000000]
cosim: 2792000000 retirements ok (pc=00000000000e2692)
[c=7275000000]
[c=7276000000]
cosim: 2793000000 retirements ok (pc=00000000000e269c)
[c=7277000000]
[c=7278000000]
[c=7279000000]
[c=7280000000]
[c=7281000000]
cosim: 2794000000 retirements ok (pc=00000000000e2694)
[c=7282000000]
[c=7283000000]
[c=7284000000]
cosim: 2795000000 retirements ok (pc=00000000000e269c)
[c=7285000000]
[c=7286000000]
cosim: 2796000000 retirements ok (pc=00000000000e2698)
[c=7287000000]
[c=7288000000]
[c=7289000000]
cosim: 2797000000 retirements ok (pc=00000000000e2698)
[c=7290000000]
[c=7291000000]
cosim: 2798000000 retirements ok (pc=00000000000e2694)
[c=7292000000]
[c=7293000000]
[c=7294000000]
cosim: 2799000000 retirements ok (pc=00000000000e269a)
[c=7295000000]
[c=7296000000]
cosim: 2800000000 retirements ok (pc=00000000000e269a)
[c=7297000000]
[c=7298000000]
[c=7299000000]
cosim: 2801000000 retirements ok (pc=00000000000e269a)
[c=7300000000]
[c=7301000000]
[c=7302000000]
cosim: 2802000000 retirements ok (pc=00000000000e269a)
[c=7303000000]
[c=7304000000]
cosim: 2803000000 retirements ok (pc=ffffffff80063f0c)
[c=7305000000]
[c=7306000000]
[c=7307000000]
cosim: 2804000000 retirements ok (pc=00000000000e269a)
[c=7308000000]
[c=7309000000]
cosim: 2805000000 retirements ok (pc=00000000000e2698)
[c=7310000000]
[c=7311000000]
[c=7312000000]
cosim: 2806000000 retirements ok (pc=00000000000e2692)
[c=7313000000]
[c=7314000000]
cosim: 2807000000 retirements ok (pc=00000000000e2692)
[c=7315000000]
[c=7316000000]
[c=7317000000]
[c=7318000000]
[c=7319000000]
cosim: 2808000000 retirements ok (pc=00000000000e269c)
[c=7320000000]
[c=7321000000]
[c=7322000000]
cosim: 2809000000 retirements ok (pc=00000000000e269a)
[c=7323000000]
[c=7324000000]
cosim: 2810000000 retirements ok (pc=00000000000e2694)
[c=7325000000]
[c=7326000000]
[c=7327000000]
cosim: 2811000000 retirements ok (pc=00000000000e2692)
[c=7328000000]
[c=7329000000]
cosim: 2812000000 retirements ok (pc=00000000000e2690)
[c=7330000000]
[c=7331000000]
[c=7332000000]
cosim: 2813000000 retirements ok (pc=ffffffff808ee318)
[c=7333000000]
[c=7334000000]
cosim: 2814000000 retirements ok (pc=00000000000e2698)
[c=7335000000]
[c=7336000000]
[c=7337000000]
cosim: 2815000000 retirements ok (pc=00000000000e2694)
[c=7338000000]
[c=7339000000]
cosim: 2816000000 retirements ok (pc=00000000000e2692)
[c=7340000000]
[c=7341000000]
[c=7342000000]
cosim: 2817000000 retirements ok (pc=00000000000e2694)
[c=7343000000]
[c=7344000000]
cosim: 2818000000 retirements ok (pc=00000000000e269c)
[c=7345000000]
[c=7346000000]
[c=7347000000]
cosim: 2819000000 retirements ok (pc=00000000000e269c)
[c=7348000000]
[c=7349000000]
[c=7350000000]
cosim: 2820000000 retirements ok (pc=00000000000e269a)
[c=7351000000]
[c=7352000000]
cosim: 2821000000 retirements ok (pc=00000000000e269c)
[c=7353000000]
[c=7354000000]
[c=7355000000]
[c=7356000000]
[c=7357000000]
cosim: 2822000000 retirements ok (pc=00000000000e2694)
[c=7358000000]
[c=7359000000]
cosim: 2823000000 retirements ok (pc=00000000000e269c)
[c=7360000000]
[c=7361000000]
[c=7362000000]
cosim: 2824000000 retirements ok (pc=ffffffff800a599c)
[c=7363000000]
[c=7364000000]
cosim: 2825000000 retirements ok (pc=00000000000e2694)
[c=7365000000]
[c=7366000000]
[c=7367000000]
cosim: 2826000000 retirements ok (pc=00000000000e269a)
[c=7368000000]
[c=7369000000]
[c=7370000000]
cosim: 2827000000 retirements ok (pc=00000000000e2698)
[c=7371000000]
[c=7372000000]
cosim: 2828000000 retirements ok (pc=00000000000e2694)
[c=7373000000]
[c=7374000000]
[c=7375000000]
cosim: 2829000000 retirements ok (pc=00000000000e269c)
[c=7376000000]
[c=7377000000]
cosim: 2830000000 retirements ok (pc=00000000000e269a)
[c=7378000000]
[c=7379000000]
[c=7380000000]
cosim: 2831000000 retirements ok (pc=00000000000e2692)
[c=7381000000]
[c=7382000000]
cosim: 2832000000 retirements ok (pc=00000000000e2694)
[c=7383000000]
[c=7384000000]
[c=7385000000]
cosim: 2833000000 retirements ok (pc=00000000000e269c)
[c=7386000000]
[c=7387000000]
cosim: 2834000000 retirements ok (pc=00000000000e269a)
[c=7388000000]
[c=7389000000]
[c=7390000000]
cosim: 2835000000 retirements ok (pc=ffffffff800a1654)
[c=7391000000]
[c=7392000000]
[c=7393000000]
[c=7394000000]
[c=7395000000]
cosim: 2836000000 retirements ok (pc=00000000000e269c)
[c=7396000000]
[c=7397000000]
cosim: 2837000000 retirements ok (pc=00000000000e269a)
[c=7398000000]
[c=7399000000]
[c=7400000000]
cosim: 2838000000 retirements ok (pc=00000000000e2698)
[c=7401000000]
[c=7402000000]
cosim: 2839000000 retirements ok (pc=00000000000e2692)
[c=7403000000]
[c=7404000000]
[c=7405000000]
cosim: 2840000000 retirements ok (pc=00000000000e2690)
[c=7406000000]
[c=7407000000]
cosim: 2841000000 retirements ok (pc=00000000000e2692)
[c=7408000000]
[c=7409000000]
[c=7410000000]
cosim: 2842000000 retirements ok (pc=00000000000e2690)
[c=7411000000]
[c=7412000000]
[c=7413000000]
cosim: 2843000000 retirements ok (pc=00000000000e2698)
[c=7414000000]
[c=7415000000]
cosim: 2844000000 retirements ok (pc=00000000000e269a)
[c=7416000000]
[c=7417000000]
[c=7418000000]
cosim: 2845000000 retirements ok (pc=00000000000e269a)
[c=7419000000]
[c=7420000000]
cosim: 2846000000 retirements ok (pc=00000000000e2690)
[c=7421000000]
[c=7422000000]
[c=7423000000]
cosim: 2847000000 retirements ok (pc=00000000000e269c)
[c=7424000000]
[c=7425000000]
cosim: 2848000000 retirements ok (pc=00000000000e269c)
[c=7426000000]
[c=7427000000]
[c=7428000000]
cosim: 2849000000 retirements ok (pc=00000000000e2698)
[c=7429000000]
[c=7430000000]
[c=7431000000]
[c=7432000000]
[c=7433000000]
cosim: 2850000000 retirements ok (pc=00000000000e2694)
[c=7434000000]
[c=7435000000]
cosim: 2851000000 retirements ok (pc=00000000000e269c)
[c=7436000000]
[c=7437000000]
[c=7438000000]
cosim: 2852000000 retirements ok (pc=00000000000e269c)
[c=7439000000]
[c=7440000000]
cosim: 2853000000 retirements ok (pc=00000000000e2692)
[c=7441000000]
[c=7442000000]
[c=7443000000]
cosim: 2854000000 retirements ok (pc=ffffffff800a250e)
[c=7444000000]
[c=7445000000]
cosim: 2855000000 retirements ok (pc=00000000000e2692)
[c=7446000000]
[c=7447000000]
[c=7448000000]
cosim: 2856000000 retirements ok (pc=00000000000e2694)
[c=7449000000]
[c=7450000000]
cosim: 2857000000 retirements ok (pc=00000000000e2690)
[c=7451000000]
[c=7452000000]
[c=7453000000]
cosim: 2858000000 retirements ok (pc=00000000000e2698)
[c=7454000000]
[c=7455000000]
[c=7456000000]
cosim: 2859000000 retirements ok (pc=00000000000e269a)
[c=7457000000]
[c=7458000000]
cosim: 2860000000 retirements ok (pc=00000000000e2692)
[c=7459000000]
[c=7460000000]
[c=7461000000]
cosim: 2861000000 retirements ok (pc=00000000000e2690)
[c=7462000000]
[c=7463000000]
cosim: 2862000000 retirements ok (pc=00000000000e269c)
[c=7464000000]
[c=7465000000]
[c=7466000000]
cosim: 2863000000 retirements ok (pc=00000000000e2692)
[c=7467000000]
[c=7468000000]
[c=7469000000]
[c=7470000000]
cosim: 2864000000 retirements ok (pc=ffffffff808d475e)
[c=7471000000]
[c=7472000000]
[c=7473000000]
cosim: 2865000000 retirements ok (pc=ffffffff800a112a)
[c=7474000000]
[c=7475000000]
[c=7476000000]
cosim: 2866000000 retirements ok (pc=00000000000e2694)
[c=7477000000]
[c=7478000000]
cosim: 2867000000 retirements ok (pc=00000000000e2690)
[c=7479000000]
[c=7480000000]
[c=7481000000]
cosim: 2868000000 retirements ok (pc=00000000000e2692)
[c=7482000000]
[c=7483000000]
cosim: 2869000000 retirements ok (pc=00000000000e269a)
[c=7484000000]
[c=7485000000]
[c=7486000000]
cosim: 2870000000 retirements ok (pc=00000000000e2690)
[c=7487000000]
[c=7488000000]
cosim: 2871000000 retirements ok (pc=00000000000e2698)
[c=7489000000]
[c=7490000000]
[c=7491000000]
cosim: 2872000000 retirements ok (pc=00000000000e2692)
[c=7492000000]
[c=7493000000]
cosim: 2873000000 retirements ok (pc=ffffffff800a40da)
[c=7494000000]
[c=7495000000]
[c=7496000000]
cosim: 2874000000 retirements ok (pc=ffffffff8009de1e)
[c=7497000000]
[c=7498000000]
cosim: 2875000000 retirements ok (pc=00000000000e269c)
[c=7499000000]
[c=7500000000]
[c=7501000000]
cosim: 2876000000 retirements ok (pc=00000000000e269c)
[c=7502000000]
[c=7503000000]
[c=7504000000]
cosim: 2877000000 retirements ok (pc=00000000000e2690)
[c=7505000000]
[c=7506000000]
[c=7507000000]
[c=7508000000]
cosim: 2878000000 retirements ok (pc=00000000000e2692)
[c=7509000000]
[c=7510000000]
[c=7511000000]
cosim: 2879000000 retirements ok (pc=00000000000e269a)
[c=7512000000]
[c=7513000000]
cosim: 2880000000 retirements ok (pc=00000000000e2694)
[c=7514000000]
[c=7515000000]
[c=7516000000]
cosim: 2881000000 retirements ok (pc=00000000000e2692)
[c=7517000000]
[c=7518000000]
cosim: 2882000000 retirements ok (pc=ffffffff80064214)
[c=7519000000]
[c=7520000000]
[c=7521000000]
cosim: 2883000000 retirements ok (pc=00000000000e2698)
[c=7522000000]
[c=7523000000]
[c=7524000000]
cosim: 2884000000 retirements ok (pc=00000000000e2690)
[c=7525000000]
[c=7526000000]
cosim: 2885000000 retirements ok (pc=00000000000e269a)
[c=7527000000]
[c=7528000000]
[c=7529000000]
cosim: 2886000000 retirements ok (pc=00000000000e269c)
[c=7530000000]
[c=7531000000]
cosim: 2887000000 retirements ok (pc=00000000000e269a)
[c=7532000000]
[c=7533000000]
[c=7534000000]
cosim: 2888000000 retirements ok (pc=00000000000e2698)
[c=7535000000]
[c=7536000000]
cosim: 2889000000 retirements ok (pc=00000000000e2692)
[c=7537000000]
[c=7538000000]
[c=7539000000]
cosim: 2890000000 retirements ok (pc=00000000000e2690)
[c=7540000000]
[c=7541000000]
cosim: 2891000000 retirements ok (pc=00000000000e2690)
[c=7542000000]
[c=7543000000]
[c=7544000000]
[c=7545000000]
[c=7546000000]
cosim: 2892000000 retirements ok (pc=00000000000e2694)
[c=7547000000]
[c=7548000000]
[c=7549000000]
cosim: 2893000000 retirements ok (pc=00000000000e2698)
[c=7550000000]
[c=7551000000]
cosim: 2894000000 retirements ok (pc=00000000000e269a)
[c=7552000000]
[c=7553000000]
[c=7554000000]
cosim: 2895000000 retirements ok (pc=00000000000e2698)
[c=7555000000]
[c=7556000000]
cosim: 2896000000 retirements ok (pc=00000000000e2698)
[c=7557000000]
[c=7558000000]
[c=7559000000]
cosim: 2897000000 retirements ok (pc=00000000000e269c)
[c=7560000000]
[c=7561000000]
cosim: 2898000000 retirements ok (pc=00000000000e2692)
[c=7562000000]
[c=7563000000]
[c=7564000000]
cosim: 2899000000 retirements ok (pc=00000000000e269a)
[c=7565000000]
[c=7566000000]
[c=7567000000]
cosim: 2900000000 retirements ok (pc=00000000000e2694)
[c=7568000000]
[c=7569000000]
cosim: 2901000000 retirements ok (pc=00000000000e2694)
[c=7570000000]
[c=7571000000]
[c=7572000000]
cosim: 2902000000 retirements ok (pc=00000000000e2698)
[c=7573000000]
[c=7574000000]
cosim: 2903000000 retirements ok (pc=00000000000e2690)
[c=7575000000]
[c=7576000000]
[c=7577000000]
cosim: 2904000000 retirements ok (pc=00000000000e2698)
[c=7578000000]
[c=7579000000]
cosim: 2905000000 retirements ok (pc=00000000000e2690)
[c=7580000000]
[c=7581000000]
[c=7582000000]
[c=7583000000]
[c=7584000000]
cosim: 2906000000 retirements ok (pc=00000000000e2694)
[c=7585000000]
[c=7586000000]
[c=7587000000]
cosim: 2907000000 retirements ok (pc=00000000000e269c)
[c=7588000000]
[c=7589000000]
cosim: 2908000000 retirements ok (pc=00000000000e2692)
[c=7590000000]
[c=7591000000]
[c=7592000000]
cosim: 2909000000 retirements ok (pc=00000000000e2694)
[c=7593000000]
[c=7594000000]
cosim: 2910000000 retirements ok (pc=00000000000e2692)
[c=7595000000]
[c=7596000000]
[c=7597000000]
cosim: 2911000000 retirements ok (pc=00000000000e2698)
[c=7598000000]
[c=7599000000]
cosim: 2912000000 retirements ok (pc=00000000000e2698)
[c=7600000000]
[c=7601000000]
[c=7602000000]
cosim: 2913000000 retirements ok (pc=00000000000e2694)
[c=7603000000]
[c=7604000000]
cosim: 2914000000 retirements ok (pc=00000000000e2690)
[c=7605000000]
[c=7606000000]
[c=7607000000]
cosim: 2915000000 retirements ok (pc=00000000000e269c)
[c=7608000000]
[c=7609000000]
[c=7610000000]
cosim: 2916000000 retirements ok (pc=00000000000e2692)
[c=7611000000]
[c=7612000000]
cosim: 2917000000 retirements ok (pc=00000000000e269a)
[c=7613000000]
[c=7614000000]
[c=7615000000]
cosim: 2918000000 retirements ok (pc=00000000000e2690)
[c=7616000000]
[c=7617000000]
cosim: 2919000000 retirements ok (pc=00000000000e269a)
[c=7618000000]
[c=7619000000]
[c=7620000000]
[c=7621000000]
[c=7622000000]
cosim: 2920000000 retirements ok (pc=00000000000e2692)
[c=7623000000]
[c=7624000000]
[c=7625000000]
cosim: 2921000000 retirements ok (pc=00000000000e269c)
[c=7626000000]
[c=7627000000]
cosim: 2922000000 retirements ok (pc=00000000000e2692)
[c=7628000000]
[c=7629000000]
[c=7630000000]
cosim: 2923000000 retirements ok (pc=00000000000e2694)
[c=7631000000]
[c=7632000000]
cosim: 2924000000 retirements ok (pc=00000000000e2698)
[c=7633000000]
[c=7634000000]
[c=7635000000]
cosim: 2925000000 retirements ok (pc=00000000000e2698)
[c=7636000000]
[c=7637000000]
cosim: 2926000000 retirements ok (pc=00000000000e2692)
[c=7638000000]
[c=7639000000]
[c=7640000000]
cosim: 2927000000 retirements ok (pc=00000000000e2694)
[c=7641000000]
[c=7642000000]
cosim: 2928000000 retirements ok (pc=00000000000e269a)
[c=7643000000]
[c=7644000000]
[c=7645000000]
cosim: 2929000000 retirements ok (pc=00000000000e2692)
[c=7646000000]
[c=7647000000]
cosim: 2930000000 retirements ok (pc=00000000000e269c)
[c=7648000000]
[c=7649000000]
[c=7650000000]
cosim: 2931000000 retirements ok (pc=00000000000e2692)
[c=7651000000]
[c=7652000000]
cosim: 2932000000 retirements ok (pc=00000000000e269a)
[c=7653000000]
[c=7654000000]
[c=7655000000]
cosim: 2933000000 retirements ok (pc=00000000000e2690)
[c=7656000000]
[c=7657000000]
[c=7658000000]
[c=7659000000]
[c=7660000000]
cosim: 2934000000 retirements ok (pc=00000000000e2694)
[c=7661000000]
[c=7662000000]
cosim: 2935000000 retirements ok (pc=00000000000e269c)
[c=7663000000]
[c=7664000000]
[c=7665000000]
cosim: 2936000000 retirements ok (pc=00000000000e2692)
[c=7666000000]
[c=7667000000]
cosim: 2937000000 retirements ok (pc=00000000000e269c)
[c=7668000000]
[c=7669000000]
[c=7670000000]
cosim: 2938000000 retirements ok (pc=00000000000e2692)
[c=7671000000]
[c=7672000000]
cosim: 2939000000 retirements ok (pc=00000000000e2698)
[c=7673000000]
[c=7674000000]
[c=7675000000]
cosim: 2940000000 retirements ok (pc=00000000000e2690)
[c=7676000000]
[c=7677000000]
[c=7678000000]
cosim: 2941000000 retirements ok (pc=00000000000e269c)
[c=7679000000]
[c=7680000000]
cosim: 2942000000 retirements ok (pc=00000000000e2694)
[c=7681000000]
[c=7682000000]
[c=7683000000]
cosim: 2943000000 retirements ok (pc=00000000000e269c)
[c=7684000000]
[c=7685000000]
cosim: 2944000000 retirements ok (pc=00000000000e2698)
[c=7686000000]
[c=7687000000]
[c=7688000000]
cosim: 2945000000 retirements ok (pc=00000000000e269a)
[c=7689000000]
[c=7690000000]
cosim: 2946000000 retirements ok (pc=00000000000e269c)
[c=7691000000]
[c=7692000000]
[c=7693000000]
cosim: 2947000000 retirements ok (pc=00000000000e2690)
[c=7694000000]
[c=7695000000]
[c=7696000000]
[c=7697000000]
[c=7698000000]
cosim: 2948000000 retirements ok (pc=ffffffff808ee13a)
[c=7699000000]
[c=7700000000]
cosim: 2949000000 retirements ok (pc=ffffffff8068bb16)
[c=7701000000]
[c=7702000000]
[c=7703000000]
cosim: 2950000000 retirements ok (pc=00000000000e269c)
[c=7704000000]
[c=7705000000]
cosim: 2951000000 retirements ok (pc=00000000000e269c)
[c=7706000000]
[c=7707000000]
[c=7708000000]
cosim: 2952000000 retirements ok (pc=00000000000e2690)
[c=7709000000]
[c=7710000000]
cosim: 2953000000 retirements ok (pc=00000000000e2698)
[c=7711000000]
[c=7712000000]
[c=7713000000]
cosim: 2954000000 retirements ok (pc=00000000000e2694)
[c=7714000000]
[c=7715000000]
cosim: 2955000000 retirements ok (pc=00000000000e2694)
[c=7716000000]
[c=7717000000]
[c=7718000000]
cosim: 2956000000 retirements ok (pc=00000000000e2692)
[c=7719000000]
[c=7720000000]
[c=7721000000]
cosim: 2957000000 retirements ok (pc=00000000000e269a)
[c=7722000000]
[c=7723000000]
cosim: 2958000000 retirements ok (pc=00000000000e269c)
[c=7724000000]
[c=7725000000]
[c=7726000000]
cosim: 2959000000 retirements ok (pc=00000000000e2698)
[c=7727000000]
[c=7728000000]
cosim: 2960000000 retirements ok (pc=00000000000e269c)
[c=7729000000]
[c=7730000000]
[c=7731000000]
cosim: 2961000000 retirements ok (pc=00000000000e269a)
[c=7732000000]
[c=7733000000]
[c=7734000000]
[c=7735000000]
cosim: 2962000000 retirements ok (pc=ffffffff808e2b50)
[c=7736000000]
[c=7737000000]
[c=7738000000]
cosim: 2963000000 retirements ok (pc=00000000000e2692)
[c=7739000000]
[c=7740000000]
[c=7741000000]
cosim: 2964000000 retirements ok (pc=00000000000e2694)
[c=7742000000]
[c=7743000000]
cosim: 2965000000 retirements ok (pc=00000000000e2690)
[c=7744000000]
[c=7745000000]
[c=7746000000]
cosim: 2966000000 retirements ok (pc=00000000000e2694)
[c=7747000000]
[c=7748000000]
cosim: 2967000000 retirements ok (pc=00000000000e269c)
[c=7749000000]
[c=7750000000]
[c=7751000000]
cosim: 2968000000 retirements ok (pc=00000000000e269a)
[c=7752000000]
[c=7753000000]
cosim: 2969000000 retirements ok (pc=00000000000e2692)
[c=7754000000]
[c=7755000000]
[c=7756000000]
cosim: 2970000000 retirements ok (pc=ffffffff8004d0e8)
[c=7757000000]
[c=7758000000]
[c=7759000000]
cosim: 2971000000 retirements ok (pc=00000000000e269a)
[c=7760000000]
[c=7761000000]
cosim: 2972000000 retirements ok (pc=00000000000e2698)
[c=7762000000]
[c=7763000000]
[c=7764000000]
cosim: 2973000000 retirements ok (pc=00000000000e2692)
[c=7765000000]
[c=7766000000]
cosim: 2974000000 retirements ok (pc=00000000000e269a)
[c=7767000000]
[c=7768000000]
[c=7769000000]
cosim: 2975000000 retirements ok (pc=00000000000e269c)
[c=7770000000]
[c=7771000000]
[c=7772000000]
[c=7773000000]
cosim: 2976000000 retirements ok (pc=ffffffff808e2b80)
[c=7774000000]
[c=7775000000]
[c=7776000000]
cosim: 2977000000 retirements ok (pc=00000000000e2692)
[c=7777000000]
[c=7778000000]
[c=7779000000]
cosim: 2978000000 retirements ok (pc=00000000000e2692)
[c=7780000000]
[c=7781000000]
cosim: 2979000000 retirements ok (pc=00000000000e2690)
[c=7782000000]
[c=7783000000]
[c=7784000000]
cosim: 2980000000 retirements ok (pc=00000000000e2692)
[c=7785000000]
[c=7786000000]
cosim: 2981000000 retirements ok (pc=00000000000e2694)
[c=7787000000]
[c=7788000000]
[c=7789000000]
cosim: 2982000000 retirements ok (pc=00000000000e2692)
[c=7790000000]
[c=7791000000]
cosim: 2983000000 retirements ok (pc=00000000000e2690)
[c=7792000000]
[c=7793000000]
[c=7794000000]
cosim: 2984000000 retirements ok (pc=00000000000e2692)
[c=7795000000]
[c=7796000000]
cosim: 2985000000 retirements ok (pc=ffffffff8005869e)
[c=7797000000]
[c=7798000000]
[c=7799000000]
cosim: 2986000000 retirements ok (pc=00000000000e269a)
[c=7800000000]
[c=7801000000]
cosim: 2987000000 retirements ok (pc=00000000000e2692)
[c=7802000000]
[c=7803000000]
[c=7804000000]
cosim: 2988000000 retirements ok (pc=00000000000e2694)
[c=7805000000]
[c=7806000000]
cosim: 2989000000 retirements ok (pc=00000000000e2694)
[c=7807000000]
[c=7808000000]
[c=7809000000]
[c=7810000000]
[c=7811000000]
cosim: 2990000000 retirements ok (pc=00000000000e2692)
[c=7812000000]
[c=7813000000]
[c=7814000000]
cosim: 2991000000 retirements ok (pc=00000000000e2690)
[c=7815000000]
[c=7816000000]
cosim: 2992000000 retirements ok (pc=00000000000e269a)
[c=7817000000]
[c=7818000000]
[c=7819000000]
cosim: 2993000000 retirements ok (pc=00000000000e269c)
[c=7820000000]
[c=7821000000]
cosim: 2994000000 retirements ok (pc=00000000000e269a)
[c=7822000000]
[c=7823000000]
[c=7824000000]
cosim: 2995000000 retirements ok (pc=ffffffff8007fbb2)
[c=7825000000]
[c=7826000000]
[c=7827000000]
cosim: 2996000000 retirements ok (pc=ffffffff800a16c8)
[c=7828000000]
[c=7829000000]
cosim: 2997000000 retirements ok (pc=00000000000e269c)
[c=7830000000]
[c=7831000000]
[c=7832000000]
cosim: 2998000000 retirements ok (pc=00000000000e269c)
[c=7833000000]
[c=7834000000]
cosim: 2999000000 retirements ok (pc=00000000000e269a)
[c=7835000000]
[c=7836000000]
[c=7837000000]
cosim: 3000000000 retirements ok (pc=00000000000e2690)
[c=7838000000]
[c=7839000000]
cosim: 3001000000 retirements ok (pc=00000000000e2694)
[c=7840000000]
[c=7841000000]
[c=7842000000]
cosim: 3002000000 retirements ok (pc=00000000000e2698)
[c=7843000000]
[c=7844000000]
cosim: 3003000000 retirements ok (pc=00000000000e2692)
[c=7845000000]
[c=7846000000]
[c=7847000000]
[c=7848000000]
[c=7849000000]
cosim: 3004000000 retirements ok (pc=00000000000e2690)
[c=7850000000]
[c=7851000000]
[c=7852000000]
cosim: 3005000000 retirements ok (pc=ffffffff800a59a8)
[c=7853000000]
[c=7854000000]
cosim: 3006000000 retirements ok (pc=ffffffff800a115c)
[c=7855000000]
[c=7856000000]
[c=7857000000]
cosim: 3007000000 retirements ok (pc=00000000000e2694)
[c=7858000000]
[c=7859000000]
cosim: 3008000000 retirements ok (pc=00000000000e269c)
[c=7860000000]
[c=7861000000]
[c=7862000000]
cosim: 3009000000 retirements ok (pc=00000000000e2692)
[c=7863000000]
[c=7864000000]
cosim: 3010000000 retirements ok (pc=00000000000e269a)
[c=7865000000]
[c=7866000000]
[c=7867000000]
cosim: 3011000000 retirements ok (pc=00000000000e2692)
[c=7868000000]
[c=7869000000]
cosim: 3012000000 retirements ok (pc=00000000000e2694)
[c=7870000000]
[c=7871000000]
[c=7872000000]
cosim: 3013000000 retirements ok (pc=00000000000e2690)
[c=7873000000]
[c=7874000000]
[c=7875000000]
cosim: 3014000000 retirements ok (pc=00000000000e269c)
[c=7876000000]
[c=7877000000]
cosim: 3015000000 retirements ok (pc=00000000000e269a)
[c=7878000000]
[c=7879000000]
[c=7880000000]
cosim: 3016000000 retirements ok (pc=00000000000e269a)
[c=7881000000]
[c=7882000000]
cosim: 3017000000 retirements ok (pc=00000000000e269c)
[c=7883000000]
[c=7884000000]
[c=7885000000]
[c=7886000000]
cosim: 3018000000 retirements ok (pc=ffffffff808e2b98)
[c=7887000000]
[c=7888000000]
[c=7889000000]
[c=7890000000]
cosim: 3019000000 retirements ok (pc=00000000000e2698)
[c=7891000000]
[c=7892000000]
cosim: 3020000000 retirements ok (pc=00000000000e2690)
[c=7893000000]
[c=7894000000]
[c=7895000000]
cosim: 3021000000 retirements ok (pc=00000000000e2692)
[c=7896000000]
[c=7897000000]
cosim: 3022000000 retirements ok (pc=00000000000e2694)
[c=7898000000]
[c=7899000000]
[c=7900000000]
cosim: 3023000000 retirements ok (pc=ffffffff800a1610)
[c=7901000000]
[c=7902000000]
cosim: 3024000000 retirements ok (pc=00000000000e2698)
[c=7903000000]
[c=7904000000]
[c=7905000000]
cosim: 3025000000 retirements ok (pc=00000000000e269c)
[c=7906000000]
[c=7907000000]
cosim: 3026000000 retirements ok (pc=00000000000e2698)
[c=7908000000]
[c=7909000000]
[c=7910000000]
cosim: 3027000000 retirements ok (pc=00000000000e269a)
[c=7911000000]
[c=7912000000]
[c=7913000000]
cosim: 3028000000 retirements ok (pc=00000000000e269a)
[c=7914000000]
[c=7915000000]
cosim: 3029000000 retirements ok (pc=00000000000e269c)
[c=7916000000]
[c=7917000000]
[c=7918000000]
cosim: 3030000000 retirements ok (pc=00000000000e2692)
[c=7919000000]
[c=7920000000]
cosim: 3031000000 retirements ok (pc=00000000000e2698)
[c=7921000000]
[c=7922000000]
[c=7923000000]
[c=7924000000]
cosim: 3032000000 retirements ok (pc=ffffffff8009e600)
[c=7925000000]
[c=7926000000]
[c=7927000000]
cosim: 3033000000 retirements ok (pc=ffffffff800a03fe)
[c=7928000000]
[c=7929000000]
[c=7930000000]
cosim: 3034000000 retirements ok (pc=00000000000e2694)
[c=7931000000]
[c=7932000000]
[c=7933000000]
cosim: 3035000000 retirements ok (pc=00000000000e269a)
[c=7934000000]
[c=7935000000]
cosim: 3036000000 retirements ok (pc=00000000000e2690)
[c=7936000000]
[c=7937000000]
[c=7938000000]
cosim: 3037000000 retirements ok (pc=00000000000e2692)
[c=7939000000]
[c=7940000000]
cosim: 3038000000 retirements ok (pc=00000000000e269c)
[c=7941000000]
[c=7942000000]
[c=7943000000]
cosim: 3039000000 retirements ok (pc=00000000000e2698)
[c=7944000000]
[c=7945000000]
cosim: 3040000000 retirements ok (pc=00000000000e2692)
[c=7946000000]
[c=7947000000]
[c=7948000000]
cosim: 3041000000 retirements ok (pc=00000000000e2692)
[c=7949000000]
[c=7950000000]
cosim: 3042000000 retirements ok (pc=00000000000e2690)
[c=7951000000]
[c=7952000000]
[c=7953000000]
cosim: 3043000000 retirements ok (pc=00000000000e2692)
[c=7954000000]
[c=7955000000]
cosim: 3044000000 retirements ok (pc=00000000000e2692)
[c=7956000000]
[c=7957000000]
[c=7958000000]
cosim: 3045000000 retirements ok (pc=00000000000e269c)
[c=7959000000]
[c=7960000000]
[c=7961000000]
[c=7962000000]
cosim: 3046000000 retirements ok (pc=ffffffff808e2b84)
[c=7963000000]
[c=7964000000]
[c=7965000000]
cosim: 3047000000 retirements ok (pc=00000000000e2692)
[c=7966000000]
[c=7967000000]
[c=7968000000]
cosim: 3048000000 retirements ok (pc=00000000000e2694)
[c=7969000000]
[c=7970000000]
cosim: 3049000000 retirements ok (pc=00000000000e269c)
[c=7971000000]
[c=7972000000]
[c=7973000000]
cosim: 3050000000 retirements ok (pc=00000000000e2694)
[c=7974000000]
[c=7975000000]
cosim: 3051000000 retirements ok (pc=ffffffff8010b49c)
[c=7976000000]
[c=7977000000]
[c=7978000000]
cosim: 3052000000 retirements ok (pc=00000000000e269a)
[c=7979000000]
[c=7980000000]
[c=7981000000]
cosim: 3053000000 retirements ok (pc=00000000000e2694)
[c=7982000000]
[c=7983000000]
cosim: 3054000000 retirements ok (pc=00000000000e269c)
[c=7984000000]
[c=7985000000]
[c=7986000000]
cosim: 3055000000 retirements ok (pc=00000000000e2690)
[c=7987000000]
[c=7988000000]
cosim: 3056000000 retirements ok (pc=00000000000e2698)
[c=7989000000]
[c=7990000000]
[c=7991000000]
cosim: 3057000000 retirements ok (pc=00000000000e269c)
[c=7992000000]
[c=7993000000]
cosim: 3058000000 retirements ok (pc=00000000000e2692)
[c=7994000000]
[c=7995000000]
[c=7996000000]
cosim: 3059000000 retirements ok (pc=00000000000e2698)
[c=7997000000]
[c=7998000000]
cosim: 3060000000 retirements ok (pc=00000000000e2694)
[c=7999000000]
[c=8000000000]
[c=8001000000]
cosim: 3061000000 retirements ok (pc=00000000000e2698)
[c=8002000000]
[c=8003000000]
cosim: 3062000000 retirements ok (pc=00000000000e269c)
[c=8004000000]
[c=8005000000]
[c=8006000000]
cosim: 3063000000 retirements ok (pc=00000000000e2694)
[c=8007000000]
[c=8008000000]
cosim: 3064000000 retirements ok (pc=00000000000e269c)
[c=8009000000]
[c=8010000000]
[c=8011000000]
cosim: 3065000000 retirements ok (pc=00000000000e2692)
[c=8012000000]
[c=8013000000]
[c=8014000000]
cosim: 3066000000 retirements ok (pc=00000000000e2694)
[c=8015000000]
[c=8016000000]
cosim: 3067000000 retirements ok (pc=00000000000e269c)
[c=8017000000]
[c=8018000000]
[c=8019000000]
cosim: 3068000000 retirements ok (pc=00000000000e2694)
[c=8020000000]

*** cosim MISMATCH at retire #3068462323 ***

Recent history (DUT vs REF):
  DUT seq=3068462292 pc=ffffffff808ee12a npc=ffffffff808ee12c insn=02613823 prv=1 trap=0 rd=(k0,x0)=0000000000000000 cause=0000000000000000 tval=0000000000000000 mepc=ffffffff800145fa
  REF seq=3068462292 pc=ffffffff808ee12a npc=ffffffff808ee12c insn=fc1ef81a prv=1 trap=0 rd=(k0,x0)=0000000000000000 cause=0000000000000000 tval=0000000000000000 mepc=ffffffff800145fa
  DUT seq=3068462293 pc=ffffffff808ee12c npc=ffffffff808ee12e insn=02713c23 prv=1 trap=0 rd=(k0,x0)=0000000000000000 cause=0000000000000000 tval=0000000000000000 mepc=ffffffff800145fa
  REF seq=3068462293 pc=ffffffff808ee12c npc=ffffffff808ee12e insn=e0a2fc1e prv=1 trap=0 rd=(k0,x0)=0000000000000000 cause=0000000000000000 tval=0000000000000000 mepc=ffffffff800145fa
  DUT seq=3068462294 pc=ffffffff808ee12e npc=ffffffff808ee130 insn=04813023 prv=1 trap=0 rd=(k0,x0)=0000000000000000 cause=0000000000000000 tval=0000000000000000 mepc=ffffffff800145fa
  REF seq=3068462294 pc=ffffffff808ee12e npc=ffffffff808ee130 insn=e4a6e0a2 prv=1 trap=0 rd=(k0,x0)=0000000000000000 cause=0000000000000000 tval=0000000000000000 mepc=ffffffff800145fa
  DUT seq=3068462295 pc=ffffffff808ee130 npc=ffffffff808ee132 insn=04913423 prv=1 trap=0 rd=(k0,x0)=0000000000000000 cause=0000000000000000 tval=0000000000000000 mepc=ffffffff800145fa
  REF seq=3068462295 pc=ffffffff808ee130 npc=ffffffff808ee132 insn=e8aae4a6 prv=1 trap=0 rd=(k0,x0)=0000000000000000 cause=0000000000000000 tval=0000000000000000 mepc=ffffffff800145fa
  DUT seq=3068462296 pc=ffffffff808ee132 npc=ffffffff808ee134 insn=04a13823 prv=1 trap=0 rd=(k0,x0)=0000000000000000 cause=0000000000000000 tval=0000000000000000 mepc=ffffffff800145fa
  REF seq=3068462296 pc=ffffffff808ee132 npc=ffffffff808ee134 insn=ecaee8aa prv=1 trap=0 rd=(k0,x0)=0000000000000000 cause=0000000000000000 tval=0000000000000000 mepc=ffffffff800145fa
  DUT seq=3068462297 pc=ffffffff808ee134 npc=ffffffff808ee136 insn=04b13c23 prv=1 trap=0 rd=(k0,x0)=0000000000000000 cause=0000000000000000 tval=0000000000000000 mepc=ffffffff800145fa
  REF seq=3068462297 pc=ffffffff808ee134 npc=ffffffff808ee136 insn=f0b2ecae prv=1 trap=0 rd=(k0,x0)=0000000000000000 cause=0000000000000000 tval=0000000000000000 mepc=ffffffff800145fa
  DUT seq=3068462298 pc=ffffffff808ee136 npc=ffffffff808ee138 insn=06c13023 prv=1 trap=0 rd=(k0,x0)=0000000000000000 cause=0000000000000000 tval=0000000000000000 mepc=ffffffff800145fa
  REF seq=3068462298 pc=ffffffff808ee136 npc=ffffffff808ee138 insn=f4b6f0b2 prv=1 trap=0 rd=(k0,x0)=0000000000000000 cause=0000000000000000 tval=0000000000000000 mepc=ffffffff800145fa
  DUT seq=3068462299 pc=ffffffff808ee138 npc=ffffffff808ee13a insn=06d13423 prv=1 trap=0 rd=(k0,x0)=0000000000000000 cause=0000000000000000 tval=0000000000000000 mepc=ffffffff800145fa
  REF seq=3068462299 pc=ffffffff808ee138 npc=ffffffff808ee13a insn=f8baf4b6 prv=1 trap=0 rd=(k0,x0)=0000000000000000 cause=0000000000000000 tval=0000000000000000 mepc=ffffffff800145fa
  DUT seq=3068462300 pc=ffffffff808ee13a npc=ffffffff808ee13c insn=06e13823 prv=1 trap=0 rd=(k0,x0)=0000000000000000 cause=0000000000000000 tval=0000000000000000 mepc=ffffffff800145fa
  REF seq=3068462300 pc=ffffffff808ee13a npc=ffffffff808ee13c insn=fcbef8ba prv=1 trap=0 rd=(k0,x0)=0000000000000000 cause=0000000000000000 tval=0000000000000000 mepc=ffffffff800145fa
  DUT seq=3068462301 pc=ffffffff808ee13c npc=ffffffff808ee13e insn=06f13c23 prv=1 trap=0 rd=(k0,x0)=0000000000000000 cause=0000000000000000 tval=0000000000000000 mepc=ffffffff800145fa
  REF seq=3068462301 pc=ffffffff808ee13c npc=ffffffff808ee13e insn=e142fcbe prv=1 trap=0 rd=(k0,x0)=0000000000000000 cause=0000000000000000 tval=0000000000000000 mepc=ffffffff800145fa
  DUT seq=3068462302 pc=ffffffff808ee13e npc=ffffffff808ee140 insn=09013023 prv=1 trap=0 rd=(k0,x0)=0000000000000000 cause=0000000000000000 tval=0000000000000000 mepc=ffffffff800145fa
  REF seq=3068462302 pc=ffffffff808ee13e npc=ffffffff808ee140 insn=e546e142 prv=1 trap=0 rd=(k0,x0)=0000000000000000 cause=0000000000000000 tval=0000000000000000 mepc=ffffffff800145fa
  DUT seq=3068462303 pc=ffffffff808ee140 npc=ffffffff808ee142 insn=09113423 prv=1 trap=0 rd=(k0,x0)=0000000000000000 cause=0000000000000000 tval=0000000000000000 mepc=ffffffff800145fa
  REF seq=3068462303 pc=ffffffff808ee140 npc=ffffffff808ee142 insn=e94ae546 prv=1 trap=0 rd=(k0,x0)=0000000000000000 cause=0000000000000000 tval=0000000000000000 mepc=ffffffff800145fa
  DUT seq=3068462304 pc=ffffffff808ee142 npc=ffffffff808ee144 insn=09213823 prv=1 trap=0 rd=(k0,x0)=0000000000000000 cause=0000000000000000 tval=0000000000000000 mepc=ffffffff800145fa
  REF seq=3068462304 pc=ffffffff808ee142 npc=ffffffff808ee144 insn=ed4ee94a prv=1 trap=0 rd=(k0,x0)=0000000000000000 cause=0000000000000000 tval=0000000000000000 mepc=ffffffff800145fa
  DUT seq=3068462305 pc=ffffffff808ee144 npc=ffffffff808ee146 insn=09313c23 prv=1 trap=0 rd=(k0,x0)=0000000000000000 cause=0000000000000000 tval=0000000000000000 mepc=ffffffff800145fa
  REF seq=3068462305 pc=ffffffff808ee144 npc=ffffffff808ee146 insn=f152ed4e prv=1 trap=0 rd=(k0,x0)=0000000000000000 cause=0000000000000000 tval=0000000000000000 mepc=ffffffff800145fa
  DUT seq=3068462306 pc=ffffffff808ee146 npc=ffffffff808ee148 insn=0b413023 prv=1 trap=0 rd=(k0,x0)=0000000000000000 cause=0000000000000000 tval=0000000000000000 mepc=ffffffff800145fa
  REF seq=3068462306 pc=ffffffff808ee146 npc=ffffffff808ee148 insn=f556f152 prv=1 trap=0 rd=(k0,x0)=0000000000000000 cause=0000000000000000 tval=0000000000000000 mepc=ffffffff800145fa
  DUT seq=3068462307 pc=ffffffff808ee148 npc=ffffffff808ee14a insn=0b513423 prv=1 trap=0 rd=(k0,x0)=0000000000000000 cause=0000000000000000 tval=0000000000000000 mepc=ffffffff800145fa
  REF seq=3068462307 pc=ffffffff808ee148 npc=ffffffff808ee14a insn=f95af556 prv=1 trap=0 rd=(k0,x0)=0000000000000000 cause=0000000000000000 tval=0000000000000000 mepc=ffffffff800145fa
  DUT seq=3068462308 pc=ffffffff808ee14a npc=ffffffff808ee14c insn=0b613823 prv=1 trap=0 rd=(k0,x0)=0000000000000000 cause=0000000000000000 tval=0000000000000000 mepc=ffffffff800145fa
  REF seq=3068462308 pc=ffffffff808ee14a npc=ffffffff808ee14c insn=fd5ef95a prv=1 trap=0 rd=(k0,x0)=0000000000000000 cause=0000000000000000 tval=0000000000000000 mepc=ffffffff800145fa
  DUT seq=3068462309 pc=ffffffff808ee14c npc=ffffffff808ee14e insn=0b713c23 prv=1 trap=0 rd=(k0,x0)=0000000000000000 cause=0000000000000000 tval=0000000000000000 mepc=ffffffff800145fa
  REF seq=3068462309 pc=ffffffff808ee14c npc=ffffffff808ee14e insn=e1e2fd5e prv=1 trap=0 rd=(k0,x0)=0000000000000000 cause=0000000000000000 tval=0000000000000000 mepc=ffffffff800145fa
  DUT seq=3068462310 pc=ffffffff808ee14e npc=ffffffff808ee150 insn=0d813023 prv=1 trap=0 rd=(k0,x0)=0000000000000000 cause=0000000000000000 tval=0000000000000000 mepc=ffffffff800145fa
  REF seq=3068462310 pc=ffffffff808ee14e npc=ffffffff808ee150 insn=e5e6e1e2 prv=1 trap=0 rd=(k0,x0)=0000000000000000 cause=0000000000000000 tval=0000000000000000 mepc=ffffffff800145fa
  DUT seq=3068462311 pc=ffffffff808ee150 npc=ffffffff808ee152 insn=0d913423 prv=1 trap=0 rd=(k0,x0)=0000000000000000 cause=0000000000000000 tval=0000000000000000 mepc=ffffffff800145fa
  REF seq=3068462311 pc=ffffffff808ee150 npc=ffffffff808ee152 insn=e9eae5e6 prv=1 trap=0 rd=(k0,x0)=0000000000000000 cause=0000000000000000 tval=0000000000000000 mepc=ffffffff800145fa
  DUT seq=3068462312 pc=ffffffff808ee152 npc=ffffffff808ee154 insn=0da13823 prv=1 trap=0 rd=(k0,x0)=0000000000000000 cause=0000000000000000 tval=0000000000000000 mepc=ffffffff800145fa
  REF seq=3068462312 pc=ffffffff808ee152 npc=ffffffff808ee154 insn=edeee9ea prv=1 trap=0 rd=(k0,x0)=0000000000000000 cause=0000000000000000 tval=0000000000000000 mepc=ffffffff800145fa
  DUT seq=3068462313 pc=ffffffff808ee154 npc=ffffffff808ee156 insn=0db13c23 prv=1 trap=0 rd=(k0,x0)=0000000000000000 cause=0000000000000000 tval=0000000000000000 mepc=ffffffff800145fa
  REF seq=3068462313 pc=ffffffff808ee154 npc=ffffffff808ee156 insn=f1f2edee prv=1 trap=0 rd=(k0,x0)=0000000000000000 cause=0000000000000000 tval=0000000000000000 mepc=ffffffff800145fa
  DUT seq=3068462314 pc=ffffffff808ee156 npc=ffffffff808ee158 insn=0fc13023 prv=1 trap=0 rd=(k0,x0)=0000000000000000 cause=0000000000000000 tval=0000000000000000 mepc=ffffffff800145fa
  REF seq=3068462314 pc=ffffffff808ee156 npc=ffffffff808ee158 insn=f5f6f1f2 prv=1 trap=0 rd=(k0,x0)=0000000000000000 cause=0000000000000000 tval=0000000000000000 mepc=ffffffff800145fa
  DUT seq=3068462315 pc=ffffffff808ee158 npc=ffffffff808ee15a insn=0fd13423 prv=1 trap=0 rd=(k0,x0)=0000000000000000 cause=0000000000000000 tval=0000000000000000 mepc=ffffffff800145fa
  REF seq=3068462315 pc=ffffffff808ee158 npc=ffffffff808ee15a insn=f9faf5f6 prv=1 trap=0 rd=(k0,x0)=0000000000000000 cause=0000000000000000 tval=0000000000000000 mepc=ffffffff800145fa
  DUT seq=3068462316 pc=ffffffff808ee15a npc=ffffffff808ee15c insn=0fe13823 prv=1 trap=0 rd=(k0,x0)=0000000000000000 cause=0000000000000000 tval=0000000000000000 mepc=ffffffff800145fa
  REF seq=3068462316 pc=ffffffff808ee15a npc=ffffffff808ee15c insn=fdfef9fa prv=1 trap=0 rd=(k0,x0)=0000000000000000 cause=0000000000000000 tval=0000000000000000 mepc=ffffffff800145fa
  DUT seq=3068462317 pc=ffffffff808ee15c npc=ffffffff808ee15e insn=0ff13c23 prv=1 trap=0 rd=(k0,x0)=0000000000000000 cause=0000000000000000 tval=0000000000000000 mepc=ffffffff800145fa
  REF seq=3068462317 pc=ffffffff808ee15c npc=ffffffff808ee15e insn=62b7fdfe prv=1 trap=0 rd=(k0,x0)=0000000000000000 cause=0000000000000000 tval=0000000000000000 mepc=ffffffff800145fa
  DUT seq=3068462318 pc=ffffffff808ee15e npc=ffffffff808ee162 insn=000462b7 prv=1 trap=0 rd=(k1,x5)=0000000000046000 cause=0000000000000000 tval=0000000000000000 mepc=ffffffff800145fa
  REF seq=3068462318 pc=ffffffff808ee15e npc=ffffffff808ee162 insn=000462b7 prv=1 trap=0 rd=(k1,x5)=0000000000046000 cause=0000000000000000 tval=0000000000000000 mepc=ffffffff800145fa
  DUT seq=3068462319 pc=ffffffff808ee162 npc=ffffffff808ee166 insn=6002829b prv=1 trap=0 rd=(k1,x5)=0000000000046600 cause=0000000000000000 tval=0000000000000000 mepc=ffffffff800145fa
  REF seq=3068462319 pc=ffffffff808ee162 npc=ffffffff808ee166 insn=6002829b prv=1 trap=0 rd=(k1,x5)=0000000000046600 cause=0000000000000000 tval=0000000000000000 mepc=ffffffff800145fa
  DUT seq=3068462320 pc=ffffffff808ee166 npc=ffffffff808ee16a insn=00800337 prv=1 trap=0 rd=(k1,x6)=0000000000800000 cause=0000000000000000 tval=0000000000000000 mepc=ffffffff800145fa
  REF seq=3068462320 pc=ffffffff808ee166 npc=ffffffff808ee16a insn=00800337 prv=1 trap=0 rd=(k1,x6)=0000000000800000 cause=0000000000000000 tval=0000000000000000 mepc=ffffffff800145fa
  DUT seq=3068462321 pc=ffffffff808ee16a npc=ffffffff808ee16e insn=0062e2b3 prv=1 trap=0 rd=(k1,x5)=0000000000846600 cause=0000000000000000 tval=0000000000000000 mepc=ffffffff800145fa
  REF seq=3068462321 pc=ffffffff808ee16a npc=ffffffff808ee16e insn=0062e2b3 prv=1 trap=0 rd=(k1,x5)=0000000000846600 cause=0000000000000000 tval=0000000000000000 mepc=ffffffff800145fa
  DUT seq=3068462322 pc=ffffffff808ee16e npc=ffffffff808ee172 insn=01823403 prv=1 trap=0 rd=(k1,x8)=0000003ff51a9110 cause=0000000000000000 tval=0000000000000000 mepc=ffffffff800145fa
  REF seq=3068462322 pc=ffffffff808ee16e npc=ffffffff808ee172 insn=01823403 prv=1 trap=0 rd=(k1,x8)=0000003ff51a9110 cause=0000000000000000 tval=0000000000000000 mepc=ffffffff800145fa
  DUT seq=3068462323 pc=ffffffff808ee172 npc=ffffffff808ee176 insn=1002b4f3 prv=1 trap=0 rd=(k1,x9)=8000000200006020 cause=0000000000000000 tval=0000000000000000 mepc=ffffffff800145fa
  REF seq=3068462323 pc=ffffffff808ee172 npc=ffffffff808ee176 insn=1002b4f3 prv=1 trap=0 rd=(k1,x9)=0000000200004020 cause=0000000000000000 tval=0000000000000000 mepc=ffffffff800145fa
Diverging retire:
  DUT seq=3068462323 pc=ffffffff808ee172 npc=ffffffff808ee176 insn=1002b4f3 prv=1 trap=0 rd=(k1,x9)=8000000200006020 cause=0000000000000000 tval=0000000000000000 mepc=ffffffff800145fa
  REF seq=3068462323 pc=ffffffff808ee172 npc=ffffffff808ee176 insn=1002b4f3 prv=1 trap=0 rd=(k1,x9)=0000000200004020 cause=0000000000000000 tval=0000000000000000 mepc=ffffffff800145fa
./run-cosim-linux.sh: line 81:  4588 Abort trap: 6           "$BIN" +fw="$FW" +dtb="$DTB" +initrd="$INITRD" +a1=$A1 +dtb_off=$OFF_DTB +initrd_off=$OFF_INITRD +cycles=$CYC
