building obj_dir_cosim_tiny128/tb_cosim_tiny128 (MEM_LG2=31) ...
=== cosim 'tiny128' (mem=2048MiB fw=../workloads/ubuntu/fw_payload.bin dtb=../workloads/gb5/gb5.dtb@+2000000 initrd=../workloads/gb5/img.Geekbench5.cpio@+16270e00 a1=82000000) ===
[cosim-linux: loaded 25064456 bytes @ DDR+0000000000000000 (391633 lines)]
[cosim-linux: loaded 1807 bytes @ DDR+0000000002000000 (29 lines)]
[cosim-linux: loaded 164164096 bytes @ DDR+0000000016270e00 (2565064 lines)]
[c=0]
cosim: loaded 25064456 bytes @ DDR+0 (../workloads/ubuntu/fw_payload.bin)
cosim: loaded 1807 bytes @ DDR+2000000 (../workloads/gb5/gb5.dtb)
cosim: loaded 164164096 bytes @ DDR+16270e00 (../workloads/gb5/img.Geekbench5.cpio)
cosim: simmerv ready (reset_pc=0000000080000000, linux)
cosim: 1 retirements ok (pc=0000000080000000)
[c=1000000]
cosim: 1000000 retirements ok (pc=000000008001959e)

MMIO-DIVERGE#0 pc=0x80018596 pa=0x10000005 sz=1 model=0x60 dut=0x0
MMIO-DIVERGE#1 pc=0x80018596 pa=0x10000005 sz=1 model=0x60 dut=0x0
OMMIO-DIVERGE#2 pc=0x80018596 pa=0x10000005 sz=1 model=0x60 dut=0x0
MMIO-DIVERGE#3 pc=0x80018596 pa=0x10000005 sz=1 model=0x60 dut=0x0
MMIO-DIVERGE#4 pc=0x80018596 pa=0x10000005 sz=1 model=0x60 dut=0x0
MMIO-DIVERGE#5 pc=0x80018596 pa=0x10000005 sz=1 model=0x60 dut=0x0
pMMIO-DIVERGE#6 pc=0x80018596 pa=0x10000005 sz=1 model=0x60 dut=0x0
MMIO-DIVERGE#7 pc=0x80018596 pa=0x10000005 sz=1 model=0x60 dut=0x0
MMIO-DIVERGE#8 pc=0x80018596 pa=0x10000005 sz=1 model=0x60 dut=0x0
MMIO-DIVERGE#9 pc=0x80018596 pa=0x10000005 sz=1 model=0x60 dut=0x0
MMIO-DIVERGE#10 pc=0x80018596 pa=0x10000005 sz=1 model=0x60 dut=0x0
eMMIO-DIVERGE#11 pc=0x80018596 pa=0x10000005 sz=1 model=0x60 dut=0x0
MMIO-DIVERGE#12 pc=0x80018596 pa=0x10000005 sz=1 model=0x60 dut=0x0
MMIO-DIVERGE#13 pc=0x80018596 pa=0x10000005 sz=1 model=0x60 dut=0x0
MMIO-DIVERGE#14 pc=0x80018596 pa=0x10000005 sz=1 model=0x60 dut=0x0
nMMIO-DIVERGE#15 pc=0x80018596 pa=0x10000005 sz=1 model=0x60 dut=0x0
MMIO-DIVERGE#16 pc=0x80018596 pa=0x10000005 sz=1 model=0x60 dut=0x0
MMIO-DIVERGE#17 pc=0x80018596 pa=0x10000005 sz=1 model=0x60 dut=0x0
MMIO-DIVERGE#18 pc=0x80018596 pa=0x10000005 sz=1 model=0x60 dut=0x0
MMIO-DIVERGE#19 pc=0x80018596 pa=0x10000005 sz=1 model=0x60 dut=0x0
SMMIO-DIVERGE#20 pc=0x80018596 pa=0x10000005 sz=1 model=0x60 dut=0x0
MMIO-DIVERGE#21 pc=0x80018596 pa=0x10000005 sz=1 model=0x60 dut=0x0
MMIO-DIVERGE#22 pc=0x80018596 pa=0x10000005 sz=1 model=0x60 dut=0x0
MMIO-DIVERGE#23 pc=0x80018596 pa=0x10000005 sz=1 model=0x60 dut=0x0
BMMIO-DIVERGE#24 pc=0x80018596 pa=0x10000005 sz=1 model=0x60 dut=0x0
MMIO-DIVERGE#25 pc=0x80018596 pa=0x10000005 sz=1 model=0x60 dut=0x0
MMIO-DIVERGE#26 pc=0x80018596 pa=0x10000005 sz=1 model=0x60 dut=0x0
MMIO-DIVERGE#27 pc=0x80018596 pa=0x10000005 sz=1 model=0x60 dut=0x0
MMIO-DIVERGE#28 pc=0x80018596 pa=0x10000005 sz=1 model=0x60 dut=0x0
IMMIO-DIVERGE#29 pc=0x80018596 pa=0x10000005 sz=1 model=0x60 dut=0x0
MMIO-DIVERGE#30 pc=0x80018596 pa=0x10000005 sz=1 model=0x60 dut=0x0
MMIO-DIVERGE#31 pc=0x80018596 pa=0x10000005 sz=1 model=0x60 dut=0x0
MMIO-DIVERGE#32 pc=0x80018596 pa=0x10000005 sz=1 model=0x60 dut=0x0
 MMIO-DIVERGE#33 pc=0x80018596 pa=0x10000005 sz=1 model=0x60 dut=0x0
MMIO-DIVERGE#34 pc=0x80018596 pa=0x10000005 sz=1 model=0x60 dut=0x0
MMIO-DIVERGE#35 pc=0x80018596 pa=0x10000005 sz=1 model=0x60 dut=0x0
MMIO-DIVERGE#36 pc=0x80018596 pa=0x10000005 sz=1 model=0x60 dut=0x0
MMIO-DIVERGE#37 pc=0x80018596 pa=0x10000005 sz=1 model=0x60 dut=0x0
vMMIO-DIVERGE#38 pc=0x80018596 pa=0x10000005 sz=1 model=0x60 dut=0x0
MMIO-DIVERGE#39 pc=0x80018596 pa=0x10000005 sz=1 model=0x60 dut=0x0
MMIO-DIVERGE#40 pc=0x80018596 pa=0x10000005 sz=1 model=0x60 dut=0x0
MMIO-DIVERGE#41 pc=0x80018596 pa=0x10000005 sz=1 model=0x60 dut=0x0
1MMIO-DIVERGE#42 pc=0x80018596 pa=0x10000005 sz=1 model=0x60 dut=0x0
MMIO-DIVERGE#43 pc=0x80018596 pa=0x10000005 sz=1 model=0x60 dut=0x0
MMIO-DIVERGE#44 pc=0x80018596 pa=0x10000005 sz=1 model=0x60 dut=0x0
MMIO-DIVERGE#45 pc=0x80018596 pa=0x10000005 sz=1 model=0x60 dut=0x0
MMIO-DIVERGE#46 pc=0x80018596 pa=0x10000005 sz=1 model=0x60 dut=0x0
.MMIO-DIVERGE#47 pc=0x80018596 pa=0x10000005 sz=1 model=0x60 dut=0x0
MMIO-DIVERGE#48 pc=0x80018596 pa=0x10000005 sz=1 model=0x60 dut=0x0
MMIO-DIVERGE#49 pc=0x80018596 pa=0x10000005 sz=1 model=0x60 dut=0x0
MMIO-DIVERGE#50 pc=0x80018596 pa=0x10000005 sz=1 model=0x60 dut=0x0
8MMIO-DIVERGE#51 pc=0x80018596 pa=0x10000005 sz=1 model=0x60 dut=0x0
MMIO-DIVERGE#52 pc=0x80018596 pa=0x10000005 sz=1 model=0x60 dut=0x0
MMIO-DIVERGE#53 pc=0x80018596 pa=0x10000005 sz=1 model=0x60 dut=0x0
MMIO-DIVERGE#54 pc=0x80018596 pa=0x10000005 sz=1 model=0x60 dut=0x0
.MMIO-DIVERGE#55 pc=0x80018596 pa=0x10000005 sz=1 model=0x60 dut=0x0
MMIO-DIVERGE#56 pc=0x80018596 pa=0x10000005 sz=1 model=0x60 dut=0x0
MMIO-DIVERGE#57 pc=0x80018596 pa=0x10000005 sz=1 model=0x60 dut=0x0
MMIO-DIVERGE#58 pc=0x80018596 pa=0x10000005 sz=1 model=0x60 dut=0x0
MMIO-DIVERGE#59 pc=0x80018596 pa=0x10000005 sz=1 model=0x60 dut=0x0
1MMIO-DIVERGE#60 pc=0x80018596 pa=0x10000005 sz=1 model=0x60 dut=0x0
MMIO-DIVERGE#61 pc=0x80018596 pa=0x10000005 sz=1 model=0x60 dut=0x0
MMIO-DIVERGE#62 pc=0x80018596 pa=0x10000005 sz=1 model=0x60 dut=0x0
MMIO-DIVERGE#63 pc=0x80018596 pa=0x10000005 sz=1 model=0x60 dut=0x0
MMIO-DIVERGE#64 pc=0x80018596 pa=0x10000005 sz=1 model=0x60 dut=0x0
MMIO-DIVERGE#65 pc=0x80018596 pa=0x10000005 sz=1 model=0x60 dut=0x0
MMIO-DIVERGE#66 pc=0x80018596 pa=0x10000005 sz=1 model=0x60 dut=0x0
MMIO-DIVERGE#67 pc=0x80018596 pa=0x10000005 sz=1 model=0x60 dut=0x0
MMIO-DIVERGE#68 pc=0x80018596 pa=0x10000005 sz=1 model=0x60 dut=0x0

  MMIO-DIVERGE#69 pc=0x80018596 pa=0x10000005 sz=1 model=0x60 dut=0x0
MMIO-DIVERGE#70 pc=0x80018596 pa=0x10000005 sz=1 model=0x60 dut=0x0
 MMIO-DIVERGE#71 pc=0x80018596 pa=0x10000005 sz=1 model=0x60 dut=0x0
MMIO-DIVERGE#72 pc=0x80018596 pa=0x10000005 sz=1 model=0x60 dut=0x0
MMIO-DIVERGE#73 pc=0x80018596 pa=0x10000005 sz=1 model=0x60 dut=0x0
MMIO-DIVERGE#74 pc=0x80018596 pa=0x10000005 sz=1 model=0x60 dut=0x0
_MMIO-DIVERGE#75 pc=0x80018596 pa=0x10000005 sz=1 model=0x60 dut=0x0
MMIO-DIVERGE#76 pc=0x80018596 pa=0x10000005 sz=1 model=0x60 dut=0x0
MMIO-DIVERGE#77 pc=0x80018596 pa=0x10000005 sz=1 model=0x60 dut=0x0
MMIO-DIVERGE#78 pc=0x80018596 pa=0x10000005 sz=1 model=0x60 dut=0x0
MMIO-DIVERGE#79 pc=0x80018596 pa=0x10000005 sz=1 model=0x60 dut=0x0
_MMIO-DIVERGE#80 pc=0x80018596 pa=0x10000005 sz=1 model=0x60 dut=0x0
MMIO-DIVERGE#81 pc=0x80018596 pa=0x10000005 sz=1 model=0x60 dut=0x0
MMIO-DIVERGE#82 pc=0x80018596 pa=0x10000005 sz=1 model=0x60 dut=0x0
MMIO-DIVERGE#83 pc=0x80018596 pa=0x10000005 sz=1 model=0x60 dut=0x0
_MMIO-DIVERGE#84 pc=0x80018596 pa=0x10000005 sz=1 model=0x60 dut=0x0
MMIO-DIVERGE#85 pc=0x80018596 pa=0x10000005 sz=1 model=0x60 dut=0x0
MMIO-DIVERGE#86 pc=0x80018596 pa=0x10000005 sz=1 model=0x60 dut=0x0
MMIO-DIVERGE#87 pc=0x80018596 pa=0x10000005 sz=1 model=0x60 dut=0x0
MMIO-DIVERGE#88 pc=0x80018596 pa=0x10000005 sz=1 model=0x60 dut=0x0
_MMIO-DIVERGE#89 pc=0x80018596 pa=0x10000005 sz=1 model=0x60 dut=0x0
MMIO-DIVERGE#90 pc=0x80018596 pa=0x10000005 sz=1 model=0x60 dut=0x0
MMIO-DIVERGE#91 pc=0x80018596 pa=0x10000005 sz=1 model=0x60 dut=0x0
MMIO-DIVERGE#92 pc=0x80018596 pa=0x10000005 sz=1 model=0x60 dut=0x0
 MMIO-DIVERGE#93 pc=0x80018596 pa=0x10000005 sz=1 model=0x60 dut=0x0
MMIO-DIVERGE#94 pc=0x80018596 pa=0x10000005 sz=1 model=0x60 dut=0x0
MMIO-DIVERGE#95 pc=0x80018596 pa=0x10000005 sz=1 model=0x60 dut=0x0
MMIO-DIVERGE#96 pc=0x80018596 pa=0x10000005 sz=1 model=0x60 dut=0x0
MMIO-DIVERGE#97 pc=0x80018596 pa=0x10000005 sz=1 model=0x60 dut=0x0
 MMIO-DIVERGE#98 pc=0x80018596 pa=0x10000005 sz=1 model=0x60 dut=0x0
MMIO-DIVERGE#99 pc=0x80018596 pa=0x10000005 sz=1 model=0x60 dut=0x0
MMIO-DIVERGE#100 pc=0x80018596 pa=0x10000005 sz=1 model=0x60 dut=0x0
MMIO-DIVERGE#101 pc=0x80018596 pa=0x10000005 sz=1 model=0x60 dut=0x0
 MMIO-DIVERGE#102 pc=0x80018596 pa=0x10000005 sz=1 model=0x60 dut=0x0
MMIO-DIVERGE#103 pc=0x80018596 pa=0x10000005 sz=1 model=0x60 dut=0x0
MMIO-DIVERGE#104 pc=0x80018596 pa=0x10000005 sz=1 model=0x60 dut=0x0
MMIO-DIVERGE#105 pc=0x80018596 pa=0x10000005 sz=1 model=0x60 dut=0x0
MMIO-DIVERGE#106 pc=0x80018596 pa=0x10000005 sz=1 model=0x60 dut=0x0
 MMIO-DIVERGE#107 pc=0x80018596 pa=0x10000005 sz=1 model=0x60 dut=0x0
MMIO-DIVERGE#108 pc=0x80018596 pa=0x10000005 sz=1 model=0x60 dut=0x0
MMIO-DIVERGE#109 pc=0x80018596 pa=0x10000005 sz=1 model=0x60 dut=0x0
MMIO-DIVERGE#110 pc=0x80018596 pa=0x10000005 sz=1 model=0x60 dut=0x0
 MMIO-DIVERGE#111 pc=0x80018596 pa=0x10000005 sz=1 model=0x60 dut=0x0
MMIO-DIVERGE#112 pc=0x80018596 pa=0x10000005 sz=1 model=0x60 dut=0x0
MMIO-DIVERGE#113 pc=0x80018596 pa=0x10000005 sz=1 model=0x60 dut=0x0
MMIO-DIVERGE#114 pc=0x80018596 pa=0x10000005 sz=1 model=0x60 dut=0x0
MMIO-DIVERGE#115 pc=0x80018596 pa=0x10000005 sz=1 model=0x60 dut=0x0
 MMIO-DIVERGE#116 pc=0x80018596 pa=0x10000005 sz=1 model=0x60 dut=0x0
MMIO-DIVERGE#117 pc=0x80018596 pa=0x10000005 sz=1 model=0x60 dut=0x0
MMIO-DIVERGE#118 pc=0x80018596 pa=0x10000005 sz=1 model=0x60 dut=0x0
MMIO-DIVERGE#119 pc=0x80018596 pa=0x10000005 sz=1 model=0x60 dut=0x0
 MMIO-DIVERGE#120 pc=0x80018596 pa=0x10000005 sz=1 model=0x60 dut=0x0
MMIO-DIVERGE#121 pc=0x80018596 pa=0x10000005 sz=1 model=0x60 dut=0x0
MMIO-DIVERGE#122 pc=0x80018596 pa=0x10000005 sz=1 model=0x60 dut=0x0
MMIO-DIVERGE#123 pc=0x80018596 pa=0x10000005 sz=1 model=0x60 dut=0x0
MMIO-DIVERGE#124 pc=0x80018596 pa=0x10000005 sz=1 model=0x60 dut=0x0
 MMIO-DIVERGE#125 pc=0x80018596 pa=0x10000005 sz=1 model=0x60 dut=0x0
MMIO-DIVERGE#126 pc=0x80018596 pa=0x10000005 sz=1 model=0x60 dut=0x0
MMIO-DIVERGE#127 pc=0x80018596 pa=0x10000005 sz=1 model=0x60 dut=0x0
MMIO-DIVERGE#128 pc=0x80018596 pa=0x10000005 sz=1 model=0x60 dut=0x0
 MMIO-DIVERGE#129 pc=0x80018596 pa=0x10000005 sz=1 model=0x60 dut=0x0
MMIO-DIVERGE#130 pc=0x80018596 pa=0x10000005 sz=1 model=0x60 dut=0x0
MMIO-DIVERGE#131 pc=0x80018596 pa=0x10000005 sz=1 model=0x60 dut=0x0
MMIO-DIVERGE#132 pc=0x80018596 pa=0x10000005 sz=1 model=0x60 dut=0x0
MMIO-DIVERGE#133 pc=0x80018596 pa=0x10000005 sz=1 model=0x60 dut=0x0
 MMIO-DIVERGE#134 pc=0x80018596 pa=0x10000005 sz=1 model=0x60 dut=0x0
MMIO-DIVERGE#135 pc=0x80018596 pa=0x10000005 sz=1 model=0x60 dut=0x0
MMIO-DIVERGE#136 pc=0x80018596 pa=0x10000005 sz=1 model=0x60 dut=0x0
MMIO-DIVERGE#137 pc=0x80018596 pa=0x10000005 sz=1 model=0x60 dut=0x0
 MMIO-DIVERGE#138 pc=0x80018596 pa=0x10000005 sz=1 model=0x60 dut=0x0
MMIO-DIVERGE#139 pc=0x80018596 pa=0x10000005 sz=1 model=0x60 dut=0x0
MMIO-DIVERGE#140 pc=0x80018596 pa=0x10000005 sz=1 model=0x60 dut=0x0
MMIO-DIVERGE#141 pc=0x80018596 pa=0x10000005 sz=1 model=0x60 dut=0x0
 MMIO-DIVERGE#142 pc=0x80018596 pa=0x10000005 sz=1 model=0x60 dut=0x0
MMIO-DIVERGE#143 pc=0x80018596 pa=0x10000005 sz=1 model=0x60 dut=0x0
MMIO-DIVERGE#144 pc=0x80018596 pa=0x10000005 sz=1 model=0x60 dut=0x0
MMIO-DIVERGE#145 pc=0x80018596 pa=0x10000005 sz=1 model=0x60 dut=0x0
MMIO-DIVERGE#146 pc=0x80018596 pa=0x10000005 sz=1 model=0x60 dut=0x0
 MMIO-DIVERGE#147 pc=0x80018596 pa=0x10000005 sz=1 model=0x60 dut=0x0
MMIO-DIVERGE#148 pc=0x80018596 pa=0x10000005 sz=1 model=0x60 dut=0x0
MMIO-DIVERGE#149 pc=0x80018596 pa=0x10000005 sz=1 model=0x60 dut=0x0
MMIO-DIVERGE#150 pc=0x80018596 pa=0x10000005 sz=1 model=0x60 dut=0x0
 MMIO-DIVERGE#151 pc=0x80018596 pa=0x10000005 sz=1 model=0x60 dut=0x0
MMIO-DIVERGE#152 pc=0x80018596 pa=0x10000005 sz=1 model=0x60 dut=0x0
MMIO-DIVERGE#153 pc=0x80018596 pa=0x10000005 sz=1 model=0x60 dut=0x0
MMIO-DIVERGE#154 pc=0x80018596 pa=0x10000005 sz=1 model=0x60 dut=0x0
MMIO-DIVERGE#155 pc=0x80018596 pa=0x10000005 sz=1 model=0x60 dut=0x0
 MMIO-DIVERGE#156 pc=0x80018596 pa=0x10000005 sz=1 model=0x60 dut=0x0
MMIO-DIVERGE#157 pc=0x80018596 pa=0x10000005 sz=1 model=0x60 dut=0x0
MMIO-DIVERGE#158 pc=0x80018596 pa=0x10000005 sz=1 model=0x60 dut=0x0
MMIO-DIVERGE#159 pc=0x80018596 pa=0x10000005 sz=1 model=0x60 dut=0x0
 MMIO-DIVERGE#160 pc=0x80018596 pa=0x10000005 sz=1 model=0x60 dut=0x0
MMIO-DIVERGE#161 pc=0x80018596 pa=0x10000005 sz=1 model=0x60 dut=0x0
MMIO-DIVERGE#162 pc=0x80018596 pa=0x10000005 sz=1 model=0x60 dut=0x0
MMIO-DIVERGE#163 pc=0x80018596 pa=0x10000005 sz=1 model=0x60 dut=0x0
MMIO-DIVERGE#164 pc=0x80018596 pa=0x10000005 sz=1 model=0x60 dut=0x0
 MMIO-DIVERGE#165 pc=0x80018596 pa=0x10000005 sz=1 model=0x60 dut=0x0
MMIO-DIVERGE#166 pc=0x80018596 pa=0x10000005 sz=1 model=0x60 dut=0x0
MMIO-DIVERGE#167 pc=0x80018596 pa=0x10000005 sz=1 model=0x60 dut=0x0
MMIO-DIVERGE#168 pc=0x80018596 pa=0x10000005 sz=1 model=0x60 dut=0x0
 MMIO-DIVERGE#169 pc=0x80018596 pa=0x10000005 sz=1 model=0x60 dut=0x0
MMIO-DIVERGE#170 pc=0x80018596 pa=0x10000005 sz=1 model=0x60 dut=0x0
MMIO-DIVERGE#171 pc=0x80018596 pa=0x10000005 sz=1 model=0x60 dut=0x0
MMIO-DIVERGE#172 pc=0x80018596 pa=0x10000005 sz=1 model=0x60 dut=0x0
MMIO-DIVERGE#173 pc=0x80018596 pa=0x10000005 sz=1 model=0x60 dut=0x0
 MMIO-DIVERGE#174 pc=0x80018596 pa=0x10000005 sz=1 model=0x60 dut=0x0
MMIO-DIVERGE#175 pc=0x80018596 pa=0x10000005 sz=1 model=0x60 dut=0x0
MMIO-DIVERGE#176 pc=0x80018596 pa=0x10000005 sz=1 model=0x60 dut=0x0
MMIO-DIVERGE#177 pc=0x80018596 pa=0x10000005 sz=1 model=0x60 dut=0x0
 MMIO-DIVERGE#178 pc=0x80018596 pa=0x10000005 sz=1 model=0x60 dut=0x0
MMIO-DIVERGE#179 pc=0x80018596 pa=0x10000005 sz=1 model=0x60 dut=0x0
MMIO-DIVERGE#180 pc=0x80018596 pa=0x10000005 sz=1 model=0x60 dut=0x0
MMIO-DIVERGE#181 pc=0x80018596 pa=0x10000005 sz=1 model=0x60 dut=0x0
MMIO-DIVERGE#182 pc=0x80018596 pa=0x10000005 sz=1 model=0x60 dut=0x0
_MMIO-DIVERGE#183 pc=0x80018596 pa=0x10000005 sz=1 model=0x60 dut=0x0
MMIO-DIVERGE#184 pc=0x80018596 pa=0x10000005 sz=1 model=0x60 dut=0x0
MMIO-DIVERGE#185 pc=0x80018596 pa=0x10000005 sz=1 model=0x60 dut=0x0
MMIO-DIVERGE#186 pc=0x80018596 pa=0x10000005 sz=1 model=0x60 dut=0x0
_MMIO-DIVERGE#187 pc=0x80018596 pa=0x10000005 sz=1 model=0x60 dut=0x0
MMIO-DIVERGE#188 pc=0x80018596 pa=0x10000005 sz=1 model=0x60 dut=0x0
MMIO-DIVERGE#189 pc=0x80018596 pa=0x10000005 sz=1 model=0x60 dut=0x0
MMIO-DIVERGE#190 pc=0x80018596 pa=0x10000005 sz=1 model=0x60 dut=0x0
MMIO-DIVERGE#191 pc=0x80018596 pa=0x10000005 sz=1 model=0x60 dut=0x0
_MMIO-DIVERGE#192 pc=0x80018596 pa=0x10000005 sz=1 model=0x60 dut=0x0
MMIO-DIVERGE#193 pc=0x80018596 pa=0x10000005 sz=1 model=0x60 dut=0x0
MMIO-DIVERGE#194 pc=0x80018596 pa=0x10000005 sz=1 model=0x60 dut=0x0
MMIO-DIVERGE#195 pc=0x80018596 pa=0x10000005 sz=1 model=0x60 dut=0x0
_MMIO-DIVERGE#196 pc=0x80018596 pa=0x10000005 sz=1 model=0x60 dut=0x0
MMIO-DIVERGE#197 pc=0x80018596 pa=0x10000005 sz=1 model=0x60 dut=0x0
MMIO-DIVERGE#198 pc=0x80018596 pa=0x10000005 sz=1 model=0x60 dut=0x0
MMIO-DIVERGE#199 pc=0x80018596 pa=0x10000005 sz=1 model=0x60 dut=0x0
_ __[c=2000000]
__ _____
  / __ \                  / ____|  _ \_   _|
 | |  | |_ __   ___ _ __ | (___ | |_) || |
 | |  | | '_ \ / _ \ '_ \ \___ \|  _ < | |
 | |__| | |_) |  __/ | | |____) | |_) || |_
  \____/| .__/ \___|_| |_|_____/|____/_____|
        | |
        |_|

cosim: 2000000 retirements ok (pc=0000000080019592)
[c=3000000]
[c=4000000]
cosim: 3000000 retirements ok (pc=0000000080019670)
[c=5000000]
cosim: 4000000 retirements ok (pc=000000008001952a)
[c=6000000]
cosim: 5000000 retirements ok (pc=0000000080019690)
Platform Name               : SmolRV64 gb5 2 GiB
Platform Features           : medeleg
Platform HART Count         : 1
Platform HART Protection    : ---
Platform IPI Device         : aclint-mswi
Platform Timer Device       : aclint-mtimer @ 100000Hz
Platform Console Device     : uart8250
Platform HSM Device         : ---
Platform PMU Device         : ---
Platform Reboot Device      : ---
Platform Shutdown Device    : ---
Platform Suspend Device     : ---
Platform CPPC Device        : ---
Firmware Base               : 0x80000000
Firmware Size               : 321 KB
Firmware RW Offset          : 0x40000
Firmware RW Size            : 65 KB
Firmware Heap Offset        : 0x47000
Firmware Heap Size [c=7000000]
         : 37 KB (total), 0 KB (reserved), 12 KB (used), 23 KB (free)
Firmware Scratch Size       : 4096 B (total), 424 B (used), 3672 B (free)
Runtime SBI Version         : 3.0
Standard SBI Extensions     : ipi,pmu,sse,hsm,rfnc,fwft,time,base,legacy,dbcn,dbtr
Experimental SBI Extensions : none

Domain0 Name                : root
Domain0 Boot HART           : 0
Domain0 HARTs               : 0*
Domain0 Region00            : 0x0000000080040000-0x000000008005ffff M: (F,R,W) S/U: ()
Domain0 Region01            : 0x0000000080000000-0x000000008003ffff M: (F,R,X) S/U: ()
Domain0 Region02            : 0x0000000010000000-0x0000000010000fff M: (I,R,W) S/U: (R,W)
Domain0 Region03            : 0x0000000002000000-0x000000000200ffff M: (I,R,W) S/U: ()
Domain0 Region04            : 0x000000000c000000-0x000000000fffffff M: (I,R,W) S/U: (R,W)
Domain0 Region05            : 0x0000000000000000-0xffffffffffffffff M: () S/U: (R,W,X)
Domain0 Next Address        : 0x0000000080200000
Domain0 Next Arg1           : 0x0000000082200000
Domain0 Next Mode           : S-mode
Domain0 SysReset            : yes
Domain0 SysSuspend          : yes

Boot HART ID                : 0
Boot HART Domain            : root
Boot HART Priv Version      : v1.12
Boot HART Base ISA          : rv64imafdc
Boot HART ISA Extensions    : sscofpmf,sstc,zicntr,zihpm,smcntrpmf,sdtrig
Boot HART PMP Count         : 0
Boot HART PMP Granularity   : 0 bits
Boot HART PMP Address Bits  : 0
Boot HART MHPM Info         : 13 (0x0000fff8)
Boot HART Debug Triggers    : 1 triggers
Boot HART MIDELEG           : 0x0000000000002222
Boot HART MEDELEG           : 0x000000000004b109
[c=8000000]
cosim: 6000000 retirements ok (pc=ffffffff808bd8dc)
[c=9000000]
[c=10000000]
cosim: 7000000 retirements ok (pc=ffffffff8049ad12)
[c=11000000]
cosim: 8000000 retirements ok (pc=ffffffff8019e864)
[c=12000000]
[c=13000000]
cosim: 9000000 retirements ok (pc=ffffffff8049ae88)
[c=14000000]
cosim: 10000000 retirements ok (pc=ffffffff8019e57e)
[c=15000000]
[c=16000000]
cosim: 11000000 retirements ok (pc=ffffffff808da65e)
[    0.000000] Linux version 7.1.0 (tommy@coffee) (riscv64-linux-gnu-gcc (Ubuntu 15.2.0-16ubuntu1) 15.2.0, GNU ld (GNU Binutils for Ubuntu) 2.46) #31 PREEMPT Sun Jun 28 15:03:59 PDT 2026
[    0.000000] random: crng init done
[    0.000000] Machine model: SmolRV64 gb5 2 GiB
[    0.000000] SBI specification v3.0 detected
[    0.000000] SBI implementation ID=0x1 Version=0x10008
[    0.000000] SBI TIME extension detected
[    0.000000] SBI IPI extension detected
[    0.000000] SBI RFENCE extension detected
[    0.000000] SBI DBCN extension detected
[    0.000000] SBI FWFT extension detected
[    0.000000] earlycon: sbi0 at I/O port 0x0 (options '')
[    0.000000] printk: legacy bootconsole [sbi0] enabled
[    0.000000] printk: debug: ignoring loglevel setting.
[c=17000000]
[    0.000000] efi: UEFI not found.
[c=18000000]
[    0.000000] OF: reserved mem: 0x0000000080000000..0x000000008003ffff (256 KiB) nomap non-reusable mmode_resv1@80000000
cosim: 12000000 retirements ok (pc=ffffffff808bd978)
[    0.000000] OF: reserved mem: 0x0000000080040000..0x000000008005ffff (128 KiB) nomap non-reusable mmode_resv0@80040000
[c=19000000]
[    0.000000] riscv: base ISA extensions acdfim
[    0.000000] riscv: ELF capabilities acdfim
[c=20000000]
[    0.000000] Ticket spinlock: enabled
[c=21000000]
[c=22000000]
cosim: 13000000 retirements ok (pc=ffffffff808e2b6c)
[c=23000000]
[c=24000000]
[c=25000000]
[c=26000000]
[c=27000000]
[c=28000000]
[c=29000000]
[c=30000000]
[c=31000000]
[c=32000000]
cosim: 14000000 retirements ok (pc=ffffffff808e2b4c)
[c=33000000]
[c=34000000]
[c=35000000]
[c=36000000]
[c=37000000]
[c=38000000]
[c=39000000]
[c=40000000]
[c=41000000]
[c=42000000]
[    0.00[c=43000000]
0000] Zone ranges:
cosim: 15000000 retirements ok (pc=ffffffff80078960)
[    0.000000]   DMA32    [mem 0x0000000080000000-0x00000000ffefffff]
[    0.000000]   Normal   empty
[    0.000000] Movable zone start for each node
[    0.000000] Early memory node ranges
[    0.000000]   node   0: [mem 0x0000000080000000-0x000000008005ffff]
[    0.000000]   node   0: [mem 0x0000000080060000-0x00000000ffefffff]
[    0.000000] Initmem setup node 0 [mem 0x0000000080000000-0x00000000ffefffff]
[c=44000000]
[c=45000000]
cosim: 16000000 retirements ok (pc=ffffffff80a11b30)
[c=46000000]
[c=47000000]
cosim: 17000000 retirements ok (pc=ffffffff80a115be)
[c=48000000]
[c=49000000]
[c=50000000]
cosim: 18000000 retirements ok (pc=ffffffff80a115de)
[c=51000000]
[c=52000000]
cosim: 19000000 retirements ok (pc=ffffffff80a11a4e)
[c=53000000]
[c=54000000]
[c=55000000]
cosim: 20000000 retirements ok (pc=ffffffff80a11af6)
[c=56000000]
[c=57000000]
cosim: 21000000 retirements ok (pc=ffffffff80a11b1c)
[c=58000000]
[c=59000000]
cosim: 22000000 retirements ok (pc=ffffffff80a11b38)
[c=60000000]
[c=61000000]
[c=62000000]
cosim: 23000000 retirements ok (pc=ffffffff80a11a52)
[c=63000000]
[c=64000000]
cosim: 24000000 retirements ok (pc=ffffffff80a11af8)
[c=65000000]
[c=66000000]
[c=67000000]
cosim: 25000000 retirements ok (pc=ffffffff80a11b1e)
[c=68000000]
[c=69000000]
cosim: 26000000 retirements ok (pc=ffffffff80a115b0)
[c=70000000]
[c=71000000]
[c=72000000]
cosim: 27000000 retirements ok (pc=ffffffff80a115c8)
[c=73000000]
[c=74000000]
cosim: 28000000 retirements ok (pc=ffffffff80a11b54)
[c=75000000]
[c=76000000]
cosim: 29000000 retirements ok (pc=ffffffff80a11a5e)
[c=77000000]
[c=78000000]
[c=79000000]
cosim: 30000000 retirements ok (pc=ffffffff80a11b04)
[c=80000000]
[c=81000000]
cosim: 31000000 retirements ok (pc=ffffffff80a11b26)
[c=82000000]
[c=83000000]
[c=84000000]
cosim: 32000000 retirements ok (pc=ffffffff80a115b6)
[c=85000000]
[c=86000000]
cosim: 33000000 retirements ok (pc=ffffffff80a115d4)
[c=87000000]
[c=88000000]
[c=89000000]
cosim: 34000000 retirements ok (pc=ffffffff80a11b68)
[c=90000000]
[c=91000000]
cosim: 35000000 retirements ok (pc=ffffffff80a11b28)
[c=92000000]
[c=93000000]
cosim: 36000000 retirements ok (pc=ffffffff80a115b8)
[c=94000000]
[c=95000000]
[c=96000000]
cosim: 37000000 retirements ok (pc=ffffffff80a115d8)
[c=97000000]
[c=98000000]
cosim: 38000000 retirements ok (pc=ffffffff80a11a94)
[c=99000000]
[c=100000000]
[c=101000000]
cosim: 39000000 retirements ok (pc=ffffffff80a11aec)
[c=102000000]
[c=103000000]
cosim: 40000000 retirements ok (pc=ffffffff80a11b12)
[c=104000000]
[c=105000000]
[c=106000000]
cosim: 41000000 retirements ok (pc=ffffffff80a11b30)
[c=107000000]
[c=108000000]
cosim: 42000000 retirements ok (pc=ffffffff80a115be)
[c=109000000]
[c=110000000]
cosim: 43000000 retirements ok (pc=ffffffff80a115de)
[c=111000000]
[c=112000000]
[c=113000000]
cosim: 44000000 retirements ok (pc=ffffffff80a11a4e)
[c=114000000]
[c=115000000]
cosim: 45000000 retirements ok (pc=ffffffff80a11af6)
[c=116000000]
[c=117000000]
[c=118000000]
cosim: 46000000 retirements ok (pc=ffffffff80a11b1c)
[c=119000000]
[c=120000000]
cosim: 47000000 retirements ok (pc=ffffffff80a115ae)
[c=121000000]
[c=122000000]
[c=123000000]
cosim: 48000000 retirements ok (pc=ffffffff80a11a52)
[    0.000000] On node 0, zone DMA32: 256 pages in unavailable ranges
[    0.000000] pcpu-alloc: s0 r0 d32768 u32768 alloc=1*32768
[    0.000000] pcpu-alloc: [0] 0 
[    0.000000] Kernel command line: console=ttyS0 earlycon=sbi root=/dev/raw rw ignore_loglevel random.trust_bootloader=on
[c=124000000]
[    0.000000] printk: log buffer data + meta data: 131072 + 458752 = 589824 bytes
[c=125000000]
[c=126000000]
[c=127000000]
[    0.000000] Dentry cache hash table entries: 262144 (order: 9, 2097152 bytes, linear)
[c=128000000]
[    0.000000] Inode-cache hash table entries: 131072 (order: 8, 1048576 bytes, linear)
[    0.000000] Built 1 zonelists, mobility grouping on.  Total pages: 524032
[    0.000000] mem auto-init: stack:all(zero), heap alloc:off, heap free:off
cosim: 49000000 retirements ok (pc=ffffffff80a119fe)
[c=129000000]
[c=130000000]
cosim: 50000000 retirements ok (pc=ffffffff80a15270)
[c=131000000]
[c=132000000]
[c=133000000]
cosim: 51000000 retirements ok (pc=ffffffff80a15362)
[c=134000000]
[c=135000000]
[c=136000000]
cosim: 52000000 retirements ok (pc=ffffffff8020b6ba)
[c=137000000]
[c=138000000]
[c=139000000]
[c=140000000]
cosim: 53000000 retirements ok (pc=ffffffff8020b6b0)
[c=141000000]
[c=142000000]
[c=143000000]
[c=144000000]
cosim: 54000000 retirements ok (pc=ffffffff8020b6c4)
[c=145000000]
[c=146000000]
[c=147000000]
[c=148000000]
cosim: 55000000 retirements ok (pc=ffffffff80a14a46)
[c=149000000]
[c=150000000]
[c=151000000]
cosim: 56000000 retirements ok (pc=ffffffff80a14a5c)
[c=152000000]
[c=153000000]
[c=154000000]
[c=155000000]
cosim: 57000000 retirements ok (pc=ffffffff80a14a4e)
[c=156000000]
[c=157000000]
[c=158000000]
[c=159000000]
cosim: 58000000 retirements ok (pc=ffffffff80a14a5c)
[c=160000000]
[c=161000000]
[c=162000000]
[    0.000000] SLUB: HWalign=64, Order=0-3, MinObjects=0, CPUs=1, Nodes=1
[c=163000000]
cosim: 59000000 retirements ok (pc=ffffffff800ee020)
[c=164000000]
[    0.000000] RCU Tasks: Setting shift to 0 and lim to 1 rcu_task_cb_adjust=1 rcu_task_cpu_ids=1.
[c=165000000]
[c=166000000]
cosim: 60000000 retirements ok (pc=ffffffff800f6554)
[c=167000000]
[c=168000000]
[c=169000000]
cosim: 61000000 retirements ok (pc=ffffffff800f6552)
[c=170000000]
[c=171000000]
[c=172000000]
cosim: 62000000 retirements ok (pc=ffffffff800f6552)
[c=173000000]
[c=174000000]
[c=175000000]
cosim: 63000000 retirements ok (pc=ffffffff800f652a)
[c=176000000]
[c=177000000]
[c=178000000]
cosim: 64000000 retirements ok (pc=ffffffff800f6552)
[c=179000000]
[c=180000000]
[c=181000000]
cosim: 65000000 retirements ok (pc=ffffffff800f6554)
[c=182000000]
[c=183000000]
[c=184000000]
cosim: 66000000 retirements ok (pc=ffffffff808d89e2)
[c=185000000]
[c=186000000]
[c=187000000]
cosim: 67000000 retirements ok (pc=ffffffff800f6554)
[c=188000000]
cosim: 68000000 retirements ok (pc=ffffffff800f6552)
[c=189000000]
cosim: 69000000 retirements ok (pc=ffffffff808e2c90)
[c=190000000]
[c=191000000]
[c=192000000]
cosim: 70000000 retirements ok (pc=ffffffff80219778)
[c=193000000]
[c=194000000]
cosim: 71000000 retirements ok (pc=ffffffff80212f62)
[c=195000000]
[c=196000000]
cosim: 72000000 retirements ok (pc=ffffffff808d89d6)
[    0.000000] NR_IRQS: 64, nr_irqs: 64, preallocated irqs: 0
[    0.000000] riscv-intc: 64 local interrupts mapped
[c=197000000]
[    0.000000] clocksource: riscv_clocksource: mask: 0xffffffffffffffff max_cycles: 0x179dd7f66, max_idle_ns: 28210892933900 ns
[    0.000100] sched_clock: 64 bits at 100kHz, resolution 10000ns, wraps every 35184372085000ns
[    0.003920] riscv-timer: Timer interrupt in S-mode is available via sstc extension
[    0.037470] Console: colour dummy device 80x25
[    0.044410] Calibrating delay loop (skipped), value calculated using timer frequency.. 0.20 BogoMIPS (lpj=1000)
[    0.048980] pid_max: default: 32768 minimum: 301
[c=198000000]
[    0.130290] Mount-cache hash table entries: 4096 (order: 3, 32768 bytes, linear)
[    0.136840] Mountpoint-cache hash table entries: 4096 (order: 3, 32768 bytes, linear)
[c=199000000]
[    0.164720] VFS: Finished mounting rootfs on nullfs
[c=200000000]
cosim: 73000000 retirements ok (pc=ffffffff80059eb2)
[c=201000000]
[    0.324620] ASID allocator using 10 bits (1024 entries)
[    0.368700] EFI services will not be available.
[c=202000000]
[    0.377500] Memory: 1856752K/2096128K available (9136K kernel code, 5791K rwdata, 4096K rodata, 2301K init, 360K bss, 237588K reserved, 0K cma-reserved)
[    0.440910] devtmpfs: initialized
[c=203000000]
cosim: 74000000 retirements ok (pc=ffffffff808eb3c0)
[c=204000000]
[    0.571700] clocksource: jiffies: mask: 0xffffffff max_cycles: 0xffffffff, max_idle_ns: 19112604462750000 ns
[    0.579290] posixtimers hash table entries: 512 (order: 0, 4096 bytes, linear)
[    0.584870] futex hash table entries: 256 (8192 bytes on 1 NUMA nodes, total 8 KiB, linear).
[c=205000000]
[    0.626260] DMI: not present or invalid.
[    0.653920] NET: Registered PF_NETLINK/PF_ROUTE protocol family
[c=206000000]
[    0.673430] DMA: preallocated 256 KiB GFP_KERNEL|GFP_DMA32 pool for atomic allocations
[    0.679260] audit: initializing netlink subsys (disabled)
[    0.704380] audit: type=2000 audit(0.630:1): state=initialized audit_enabled=0 res=1
cosim: 75000000 retirements ok (pc=ffffffff808eb3f2)
[    0.729070] cpuidle: using governor menu
[c=207000000]
[c=208000000]
[c=209000000]
cosim: 76000000 retirements ok (pc=ffffffff800ae850)
[    0.944630] HugeTLB: registered 2.00 MiB page size, pre-allocated 0 pages
[    0.947890] HugeTLB: 28 KiB vmemmap can be freed for a 2.00 MiB page
[c=210000000]
[c=211000000]
cosim: 77000000 retirements ok (pc=ffffffff800f77e6)
[c=212000000]
[c=213000000]
[c=214000000]
[    1.278320] SCSI subsystem initialized
cosim: 78000000 retirements ok (pc=ffffffff800f7758)
[c=215000000]
[    1.361810] Advanced Linux Sound Architecture Driver Initialized.
[c=216000000]
cosim: 79000000 retirements ok (pc=ffffffff808d89bc)
[c=217000000]
[c=218000000]
cosim: 80000000 retirements ok (pc=ffffffff808e2d24)
[c=219000000]
[    1.660680] clocksource: Switched to clocksource riscv_clocksource
[c=220000000]
[c=221000000]
cosim: 81000000 retirements ok (pc=ffffffff800af5b4)
[c=222000000]
[c=223000000]
cosim: 82000000 retirements ok (pc=ffffffff800f7728)
[c=224000000]
[c=225000000]
[c=226000000]
cosim: 83000000 retirements ok (pc=ffffffff80058bf2)
[c=227000000]
[c=228000000]
[c=229000000]
cosim: 84000000 retirements ok (pc=ffffffff808e2d1c)
[c=230000000]
[c=231000000]
[c=232000000]
cosim: 85000000 retirements ok (pc=ffffffff800f7766)
[c=233000000]
[c=234000000]
cosim: 86000000 retirements ok (pc=ffffffff800f7724)
[c=235000000]
[c=236000000]
[c=237000000]
cosim: 87000000 retirements ok (pc=ffffffff800f7758)
[c=238000000]
[c=239000000]
[c=240000000]
cosim: 88000000 retirements ok (pc=ffffffff801c8570)
[c=241000000]
[c=242000000]
cosim: 89000000 retirements ok (pc=ffffffff8004bf90)
[c=243000000]
[c=244000000]
[c=245000000]
cosim: 90000000 retirements ok (pc=ffffffff800f7756)
[c=246000000]
[c=247000000]
cosim: 91000000 retirements ok (pc=ffffffff80219f02)
[c=248000000]
[    3.829650] NET: Registered PF_INET protocol family
[c=249000000]
[    3.931990] IP idents hash table entries: 32768 (order: 6, 262144 bytes, linear)
[c=250000000]
cosim: 92000000 retirements ok (pc=ffffffff804ae82a)
[c=251000000]
cosim: 93000000 retirements ok (pc=ffffffff800af1e0)
[c=252000000]
[c=253000000]
cosim: 94000000 retirements ok (pc=ffffffff8004f00a)
[c=254000000]
cosim: 95000000 retirements ok (pc=ffffffff800f771a)
[c=255000000]
[c=256000000]
cosim: 96000000 retirements ok (pc=ffffffff8004bf28)
[c=257000000]
[c=258000000]
cosim: 97000000 retirements ok (pc=ffffffff804ae5fa)
[c=259000000]
cosim: 98000000 retirements ok (pc=ffffffff804ae5fc)
[c=260000000]
[c=261000000]
cosim: 99000000 retirements ok (pc=ffffffff808d86ac)
[c=262000000]
[    4.913610] tcp_listen_portaddr_hash hash table entries: 1024 (order: 1, 8192 bytes, linear)
[    4.919330] Table-perturb hash table entries: 65536 (order: 6, 262144 bytes, linear)
[    4.924530] TCP established hash table entries: 16384 (order: 5, 131072 bytes, linear)
[c=263000000]
cosim: 100000000 retirements ok (pc=000000008001513c)
[    4.995720] TCP bind hash table entries: 16384 (order: 6, 262144 bytes, linear)
[c=264000000]
[c=265000000]
[    5.127750] TCP: Hash tables configured (established 16384 bind 16384)
[    5.171630] UDP hash table entries: 1024 (order: 4, 65536 bytes, linear)
[c=266000000]
cosim: 101000000 retirements ok (pc=ffffffff800f76aa)
[    5.214930] NET: Registered PF_UNIX/PF_LOCAL protocol family
[c=267000000]
[c=268000000]
[    5.333720] RPC: Registered named UNIX socket transport module.
[    5.352030] RPC: Registered udp transport module.
[    5.355180] RPC: Registered tcp transport module.
[    5.357530] RPC: Registered tcp-with-tls transport module.
[    5.360040] RPC: Registered tcp NFSv4.1 backchannel transport module.
cosim: 102000000 retirements ok (pc=ffffffff80053ad2)
[c=269000000]
[    5.419700] Unpacking initramfs...
[c=270000000]
[c=271000000]
cosim: 103000000 retirements ok (pc=ffffffff808e28b4)
[c=272000000]
[    5.665910] workingset: timestamp_bits=46 (anon: 42) max_order=19 bucket_order=0 (anon: 0)
[c=273000000]
[c=274000000]
cosim: 104000000 retirements ok (pc=ffffffff800f771a)
[c=275000000]
[    5.895260] NFS: Registering the id_resolver key type
[    5.899250] Key type id_resolver registered
[c=276000000]
[    5.952170] Key type id_legacy registered
[    5.957480] nfs4filelayout_init: NFSv4 File Layout Driver Registering...
[    5.960430] nfs4flexfilelayout_init: NFSv4 Flexfile Layout Driver Registering...
[c=277000000]
[    6.022760] 9p: Installing v9fs 9p2000 file scosim: 105000000 retirements ok (pc=00000000800024ae)
ystem support
[c=278000000]
[    6.142650] Block layer SCSI generic (bsg) driver version 0.4 loaded (major 251)
[c=279000000]
[    6.225610] io scheduler mq-deadline registered
[c=280000000]
cosim: 106000000 retirements ok (pc=ffffffff800f76b4)
[    6.252230] io scheduler kyber registered
[    6.277190] io scheduler bfq registered
[c=281000000]
[    6.358210] riscv-plic: interrupt-controller@c000000: mapped 54 interrupts with 1 handlers for 2 contexts.
[c=282000000]
cosim: 107000000 retirements ok (pc=ffffffff800ae512)
[c=283000000]
[c=284000000]
[c=285000000]
cosim: 108000000 retirements ok (pc=ffffffff802e247a)
[c=286000000]
[c=287000000]
[c=288000000]
cosim: 109000000 retirements ok (pc=ffffffff8053112a)
[c=289000000]
[c=290000000]
[c=291000000]
cosim: 110000000 retirements ok (pc=ffffffff800af1c6)
[c=292000000]
[c=293000000]
[c=294000000]
cosim: 111000000 retirements ok (pc=ffffffff808ee220)
[c=295000000]
[c=296000000]
[c=297000000]
cosim: 112000000 retirements ok (pc=ffffffff808e2936)
[c=298000000]
[c=299000000]
[c=300000000]
cosim: 113000000 retirements ok (pc=ffffffff80218368)
[c=301000000]
[c=302000000]
[c=303000000]
cosim: 114000000 retirements ok (pc=ffffffff808c47d6)
[c=304000000]
[c=305000000]
[c=306000000]
cosim: 115000000 retirements ok (pc=ffffffff808e2bc4)
[c=307000000]
[c=308000000]
[c=309000000]
cosim: 116000000 retirements ok (pc=ffffffff8006436c)
[c=310000000]
[c=311000000]
[c=312000000]
cosim: 117000000 retirements ok (pc=ffffffff800a47ec)
[c=313000000]
[c=314000000]
[c=315000000]
cosim: 118000000 retirements ok (pc=ffffffff800a2468)
[c=316000000]
[c=317000000]
[c=318000000]
cosim: 119000000 retirements ok (pc=ffffffff800af290)
[c=319000000]
[c=320000000]
[c=321000000]
cosim: 120000000 retirements ok (pc=ffffffff80273176)
[c=322000000]
[c=323000000]
[c=324000000]
cosim: 121000000 retirements ok (pc=ffffffff800a47de)
[c=325000000]
[c=326000000]
[c=327000000]
cosim: 122000000 retirements ok (pc=ffffffff800af190)
[c=328000000]
[c=329000000]
[c=330000000]
cosim: 123000000 retirements ok (pc=ffffffff8006c2d8)
[c=331000000]
[c=332000000]
[c=333000000]
cosim: 124000000 retirements ok (pc=ffffffff800a2258)
[c=334000000]
[c=335000000]
[c=336000000]
cosim: 125000000 retirements ok (pc=ffffffff80057ce8)
[c=337000000]
[c=338000000]
[c=339000000]
cosim: 126000000 retirements ok (pc=ffffffff8024453a)
[c=340000000]
[c=341000000]
[c=342000000]
cosim: 127000000 retirements ok (pc=ffffffff808e692a)
[c=343000000]
[c=344000000]
[c=345000000]
cosim: 128000000 retirements ok (pc=ffffffff800642fa)
[c=346000000]
[c=347000000]
[c=348000000]
cosim: 129000000 retirements ok (pc=ffffffff8068b99c)
[c=349000000]
[c=350000000]
[c=351000000]
cosim: 130000000 retirements ok (pc=ffffffff808e6814)
[c=352000000]
[c=353000000]
[c=354000000]
cosim: 131000000 retirements ok (pc=ffffffff808e2c96)
[c=355000000]
[c=356000000]
[c=357000000]
cosim: 132000000 retirements ok (pc=ffffffff800a1168)
[c=358000000]
[c=359000000]
[c=360000000]
cosim: 133000000 retirements ok (pc=ffffffff804c25b4)
[c=361000000]
[c=362000000]
[c=363000000]
cosim: 134000000 retirements ok (pc=ffffffff800a5930)
[c=364000000]
[c=365000000]
[c=366000000]
cosim: 135000000 retirements ok (pc=ffffffff808e6ef2)
[c=367000000]
[c=368000000]
[c=369000000]
[c=370000000]
cosim: 136000000 retirements ok (pc=ffffffff808ee344)
[c=371000000]
[c=372000000]
[c=373000000]
cosim: 137000000 retirements ok (pc=ffffffff808d8998)
[c=374000000]
[c=375000000]
[c=376000000]
cosim: 138000000 retirements ok (pc=ffffffff808d89da)
[c=377000000]
[c=378000000]
[c=379000000]
cosim: 139000000 retirements ok (pc=ffffffff808e28e8)
[c=380000000]
[c=381000000]
[c=382000000]
cosim: 140000000 retirements ok (pc=ffffffff808e2b50)
[c=383000000]
[c=384000000]
[c=385000000]
cosim: 141000000 retirements ok (pc=ffffffff801a293a)
[c=386000000]
[c=387000000]
[c=388000000]
cosim: 142000000 retirements ok (pc=ffffffff8005541a)
[c=389000000]
[c=390000000]
[c=391000000]
cosim: 143000000 retirements ok (pc=ffffffff808e2b68)
[c=392000000]
[c=393000000]
[c=394000000]
cosim: 144000000 retirements ok (pc=ffffffff800af1e6)
[c=395000000]
[c=396000000]
[c=397000000]
cosim: 145000000 retirements ok (pc=ffffffff808d8994)
[c=398000000]
[c=399000000]
[c=400000000]
cosim: 146000000 retirements ok (pc=ffffffff800585f2)
[c=401000000]
[c=402000000]
[c=403000000]
cosim: 147000000 retirements ok (pc=ffffffff800f7800)
[c=404000000]
[c=405000000]
[c=406000000]
cosim: 148000000 retirements ok (pc=ffffffff808c4fde)
[c=407000000]
[c=408000000]
[c=409000000]
cosim: 149000000 retirements ok (pc=ffffffff800640c8)
[c=410000000]
[c=411000000]
[c=412000000]
cosim: 150000000 retirements ok (pc=ffffffff800585d2)
[c=413000000]
[c=414000000]
[c=415000000]
cosim: 151000000 retirements ok (pc=ffffffff802e546c)
[c=416000000]
[c=417000000]
[c=418000000]
cosim: 152000000 retirements ok (pc=ffffffff800f7752)
[c=419000000]
[c=420000000]
[c=421000000]
cosim: 153000000 retirements ok (pc=ffffffff80272c16)
[c=422000000]
[c=423000000]
[c=424000000]
cosim: 154000000 retirements ok (pc=ffffffff800a19cc)
[c=425000000]
[c=426000000]
[c=427000000]
cosim: 155000000 retirements ok (pc=ffffffff808d90f8)
[c=428000000]
[c=429000000]
[c=430000000]
[c=431000000]
cosim: 156000000 retirements ok (pc=ffffffff80057282)
[c=432000000]
[c=433000000]
[c=434000000]
cosim: 157000000 retirements ok (pc=ffffffff808da7d2)
[c=435000000]
[c=436000000]
[c=437000000]
cosim: 158000000 retirements ok (pc=ffffffff808d89da)
[c=438000000]
[c=439000000]
[c=440000000]
cosim: 159000000 retirements ok (pc=ffffffff80273766)
[c=441000000]
[c=442000000]
[c=443000000]
cosim: 160000000 retirements ok (pc=ffffffff808cc294)
[c=444000000]
[c=445000000]
[c=446000000]
cosim: 161000000 retirements ok (pc=ffffffff800f76c2)
[c=447000000]
[c=448000000]
[c=449000000]
cosim: 162000000 retirements ok (pc=ffffffff800558b4)
[c=450000000]
[c=451000000]
[c=452000000]
cosim: 163000000 retirements ok (pc=ffffffff800a2296)
[c=453000000]
[c=454000000]
[c=455000000]
cosim: 164000000 retirements ok (pc=ffffffff8020f624)
[c=456000000]
[c=457000000]
[c=458000000]
cosim: 165000000 retirements ok (pc=ffffffff80212f6a)
[c=459000000]
[c=460000000]
[c=461000000]
cosim: 166000000 retirements ok (pc=ffffffff8005474a)
[c=462000000]
[c=463000000]
[c=464000000]
cosim: 167000000 retirements ok (pc=ffffffff80248954)
[c=465000000]
[c=466000000]
[c=467000000]
cosim: 168000000 retirements ok (pc=ffffffff800a481a)
[c=468000000]
[c=469000000]
[c=470000000]
cosim: 169000000 retirements ok (pc=ffffffff800a58f2)
[c=471000000]
[c=472000000]
[c=473000000]
cosim: 170000000 retirements ok (pc=ffffffff808e2948)
[c=474000000]
[c=475000000]
[c=476000000]
cosim: 171000000 retirements ok (pc=ffffffff808cc2ae)
[c=477000000]
[c=478000000]
[c=479000000]
cosim: 172000000 retirements ok (pc=ffffffff808e675e)
[c=480000000]
[c=481000000]
[c=482000000]
[c=483000000]
cosim: 173000000 retirements ok (pc=ffffffff80057438)
[c=484000000]
[c=485000000]
[c=486000000]
cosim: 174000000 retirements ok (pc=ffffffff808db708)
[c=487000000]
[c=488000000]
[c=489000000]
cosim: 175000000 retirements ok (pc=ffffffff800640b4)
[c=490000000]
[c=491000000]
[c=492000000]
cosim: 176000000 retirements ok (pc=ffffffff8004f114)
[c=493000000]
[c=494000000]
[c=495000000]
cosim: 177000000 retirements ok (pc=ffffffff8053115e)
[c=496000000]
[c=497000000]
[c=498000000]
cosim: 178000000 retirements ok (pc=ffffffff808e724c)
[c=499000000]
[c=500000000]
[c=501000000]
cosim: 179000000 retirements ok (pc=ffffffff8004f96c)
[c=502000000]
[c=503000000]
[c=504000000]
cosim: 180000000 retirements ok (pc=ffffffff80058654)
[c=505000000]
[c=506000000]
[c=507000000]
[c=508000000]
cosim: 181000000 retirements ok (pc=ffffffff800a164c)
[c=509000000]
[c=510000000]
[c=511000000]
cosim: 182000000 retirements ok (pc=ffffffff808e2c96)
[c=512000000]
[c=513000000]
[c=514000000]
cosim: 183000000 retirements ok (pc=ffffffff8006529c)
[c=515000000]
[c=516000000]
[c=517000000]
cosim: 184000000 retirements ok (pc=ffffffff800a088a)
[c=518000000]
[c=519000000]
[c=520000000]
cosim: 185000000 retirements ok (pc=ffffffff80272c12)
[c=521000000]
[c=522000000]
[c=523000000]
cosim: 186000000 retirements ok (pc=ffffffff8018f57a)
[c=524000000]
[c=525000000]
[c=526000000]
cosim: 187000000 retirements ok (pc=ffffffff808ee340)
[c=527000000]
[c=528000000]
[c=529000000]
cosim: 188000000 retirements ok (pc=ffffffff800a1940)
[c=530000000]
[c=531000000]
[c=532000000]
cosim: 189000000 retirements ok (pc=ffffffff800f781c)
[c=533000000]
[c=534000000]
[c=535000000]
[c=536000000]
cosim: 190000000 retirements ok (pc=ffffffff808ee152)
[c=537000000]
[c=538000000]
[c=539000000]
cosim: 191000000 retirements ok (pc=ffffffff800a104a)
[c=540000000]
[c=541000000]
[c=542000000]
cosim: 192000000 retirements ok (pc=ffffffff800f76bc)
[c=543000000]
[c=544000000]
[c=545000000]
cosim: 193000000 retirements ok (pc=ffffffff800f76aa)
[c=546000000]
[c=547000000]
[c=548000000]
cosim: 194000000 retirements ok (pc=ffffffff800f77e8)
[c=549000000]
[c=550000000]
[c=551000000]
cosim: 195000000 retirements ok (pc=ffffffff800f76bc)
[c=552000000]
[c=553000000]
[c=554000000]
cosim: 196000000 retirements ok (pc=ffffffff800a15ea)
[c=555000000]
[c=556000000]
[c=557000000]
cosim: 197000000 retirements ok (pc=ffffffff808d53ec)
[c=558000000]
[c=559000000]
[c=560000000]
cosim: 198000000 retirements ok (pc=ffffffff800a0970)
[c=561000000]
[c=562000000]
[c=563000000]
cosim: 199000000 retirements ok (pc=ffffffff8009de02)
[c=564000000]
[c=565000000]
[c=566000000]
cosim: 200000000 retirements ok (pc=ffffffff801b47f6)
[c=567000000]
[c=568000000]
[c=569000000]
cosim: 201000000 retirements ok (pc=ffffffff800a199c)
[c=570000000]
[c=571000000]
[c=572000000]
cosim: 202000000 retirements ok (pc=ffffffff800f76c6)
[c=573000000]
[c=574000000]
[c=575000000]
cosim: 203000000 retirements ok (pc=ffffffff808d52f6)
[c=576000000]
[c=577000000]
[c=578000000]
cosim: 204000000 retirements ok (pc=ffffffff800f76b4)
[c=579000000]
[c=580000000]
[c=581000000]
cosim: 205000000 retirements ok (pc=ffffffff800f76ac)
[c=582000000]
[c=583000000]
[c=584000000]
cosim: 206000000 retirements ok (pc=ffffffff808ee15e)
[c=585000000]
[c=586000000]
[c=587000000]
[c=588000000]
cosim: 207000000 retirements ok (pc=ffffffff80059dc0)
[c=589000000]
[c=590000000]
[c=591000000]
cosim: 208000000 retirements ok (pc=ffffffff805310e4)
[c=592000000]
[c=593000000]
[   29.791520] Serial: 8250/16550 driver, 4 ports, IRQ sharing disabled
[c=594000000]
cosim: 209000000 retirements ok (pc=ffffffff808e176c)
[c=595000000]
[c=596000000]
[c=597000000]
cosim: 210000000 retirements ok (pc=ffffffff800f76a2)
[c=598000000]
[c=599000000]
[c=600000000]
cosim: 211000000 retirements ok (pc=ffffffff8005d2da)
[c=601000000]
[c=602000000]
[c=603000000]
cosim: 212000000 retirements ok (pc=ffffffff800f76d4)
[c=604000000]
[c=605000000]
[   30.649630] printk: legacy console [ttyS0] disabled
[c=606000000]
cosim: 213000000 retirements ok (pc=ffffffff808c501e)
[   30.816670] 10000000.uart: ttyS0 at MMIO 0x10000000 (irq = 1, base_baud = 230400) is a 16550A
[c=607000000]
[   30.823770] printk: legacy console [ttyS0] enabled
[   30.823770] printk: legacy console [ttyS0] enabled
[   30.872480] printk: legacy bootconsole [sbi0] disabled
[   30.872480] printk: legacy bootconsole [sbi0] disabled
[c=608000000]
[c=609000000]
cosim: 214000000 retirements ok (pc=ffffffff800f76c2)
[c=610000000]
[c=611000000]
cosim: 215000000 retirements ok (pc=ffffffff800a227e)
[c=612000000]
[c=613000000]
[c=614000000]
cosim: 216000000 retirements ok (pc=ffffffff808d421e)
[c=615000000]
[c=616000000]
[c=617000000]
cosim: 217000000 retirements ok (pc=ffffffff80057258)
[c=618000000]
[c=619000000]
[c=620000000]
cosim: 218000000 retirements ok (pc=ffffffff808d4694)
[c=621000000]
[c=622000000]
[c=623000000]
cosim: 219000000 retirements ok (pc=ffffffff8006c2d0)
[c=624000000]
[c=625000000]
[c=626000000]
[c=627000000]
cosim: 220000000 retirements ok (pc=ffffffff808c24a2)
[c=628000000]
[c=629000000]
[c=630000000]
cosim: 221000000 retirements ok (pc=ffffffff804a2cec)
[c=631000000]
[c=632000000]
[c=633000000]
cosim: 222000000 retirements ok (pc=ffffffff8026ec4a)
[c=634000000]
[c=635000000]
cosim: 223000000 retirements ok (pc=ffffffff800f77e8)
[c=636000000]
[c=637000000]
[c=638000000]
cosim: 224000000 retirements ok (pc=ffffffff800a112e)
[c=639000000]
[c=640000000]
[c=641000000]
cosim: 225000000 retirements ok (pc=ffffffff808e6848)
[c=642000000]
[c=643000000]
[c=644000000]
cosim: 226000000 retirements ok (pc=ffffffff802e2b78)
[c=645000000]
[c=646000000]
[c=647000000]
cosim: 227000000 retirements ok (pc=ffffffff808e673e)
[c=648000000]
[c=649000000]
[c=650000000]
cosim: 228000000 retirements ok (pc=ffffffff800f77e6)
[c=651000000]
[   34.155930] loop: module loaded
[c=652000000]
[c=653000000]
cosim: 229000000 retirements ok (pc=ffffffff801a7aaa)
[c=654000000]
[c=655000000]
[c=656000000]
cosim: 230000000 retirements ok (pc=ffffffff800f76b8)
[c=657000000]
[c=658000000]
[c=659000000]
cosim: 231000000 retirements ok (pc=ffffffff802e2b7a)
[c=660000000]
[c=661000000]
[c=662000000]
cosim: 232000000 retirements ok (pc=ffffffff808de28a)
[c=663000000]
[c=664000000]
[c=665000000]
cosim: 233000000 retirements ok (pc=ffffffff804c25b6)
[c=666000000]
[c=667000000]
[c=668000000]
cosim: 234000000 retirements ok (pc=ffffffff80064066)
[c=669000000]
[c=670000000]
[c=671000000]
cosim: 235000000 retirements ok (pc=ffffffff800710d6)
[c=672000000]
[c=673000000]
[c=674000000]
cosim: 236000000 retirements ok (pc=ffffffff808df608)
[c=675000000]
[   35.983970] PPP generic driver version 2.4.2
[c=676000000]
[c=677000000]
cosim: 237000000 retirements ok (pc=ffffffff800f76c0)
[   36.115940] mousedev: PS/2 mouse device common for all mice
[c=678000000]
[c=679000000]
[c=680000000]
cosim: 238000000 retirements ok (pc=ffffffff80055832)
[   36.359610] riscv-pmu-sbi: SBI PMU extension is available
[c=681000000]
[   36.395490] riscv-pmu-sbi: 16 firmware and 15 hardware counters
[   36.398300] riscv-pmu-sbi: Perf sampling/filtering is not supported as sscof extension is not available
[c=682000000]
[c=683000000]
cosim: 239000000 retirements ok (pc=ffffffff802dd496)
[c=684000000]
[   36.621510] NET: Registered PF_INET6 protocol family
[c=685000000]
cosim: 240000000 retirements ok (pc=ffffffff8081c438)
[c=686000000]
[c=687000000]
[c=688000000]
cosim: 241000000 retirements ok (pc=ffffffff800af1ba)
[c=689000000]
[   37.015330] Segment Routing with IPv6
[c=690000000]
[   37.057980] In-situ OAM (IOAM) with IPv6
[   37.116110] sit: IPv6, IPv4 and MPLS over IPv4 tunneling driver
[c=691000000]
cosim: 242000000 retirements ok (pc=ffffffff80057d2c)
[c=692000000]
[c=693000000]
[c=694000000]
[   37.407650] NET: Registered PF_PACKET protocol family
cosim: 243000000 retirements ok (pc=ffffffff808e2c90)
[   37.416960] 9pnet: Installing 9P2000 support
[c=695000000]
[   37.456750] Key type dns_resolver registered
[c=696000000]
[   37.535870] cpu0: scalar unaligned word access speed is 6.09x byte access speed (fast)
[c=697000000]
cosim: 244000000 retirements ok (pc=ffffffff800f769c)
[c=698000000]
[c=699000000]
[c=700000000]
cosim: 245000000 retirements ok (pc=ffffffff800f76aa)
[c=701000000]
[c=702000000]
[c=703000000]
cosim: 246000000 retirements ok (pc=ffffffff800f76c2)
[c=704000000]
[c=705000000]
[c=706000000]
cosim: 247000000 retirements ok (pc=ffffffff800559a0)
[c=707000000]
[c=708000000]
[c=709000000]
cosim: 248000000 retirements ok (pc=ffffffff800f76bc)
[c=710000000]
[c=711000000]
[c=712000000]
cosim: 249000000 retirements ok (pc=ffffffff808e2bec)
[c=713000000]
[c=714000000]
cosim: 250000000 retirements ok (pc=ffffffff800f76a6)
[c=715000000]
[c=716000000]
[c=717000000]
cosim: 251000000 retirements ok (pc=ffffffff80059dc8)
[c=718000000]
[c=719000000]
[c=720000000]
cosim: 252000000 retirements ok (pc=ffffffff800b05a4)
[c=721000000]
[c=722000000]
[c=723000000]
cosim: 253000000 retirements ok (pc=ffffffff800f7698)
[c=724000000]
[c=725000000]
[c=726000000]
cosim: 254000000 retirements ok (pc=ffffffff800f76b8)
[c=727000000]
[c=728000000]
[c=729000000]
cosim: 255000000 retirements ok (pc=ffffffff808c24ba)
[c=730000000]
[c=731000000]
[c=732000000]
cosim: 256000000 retirements ok (pc=ffffffff800553a0)
[c=733000000]
[c=734000000]
[c=735000000]
cosim: 257000000 retirements ok (pc=ffffffff80063f74)
[c=736000000]
[c=737000000]
[c=738000000]
cosim: 258000000 retirements ok (pc=ffffffff800567d6)
[c=739000000]
[c=740000000]
[c=741000000]
cosim: 259000000 retirements ok (pc=ffffffff8006a0e2)
[c=742000000]
[c=743000000]
[c=744000000]
cosim: 260000000 retirements ok (pc=ffffffff808e290c)
[c=745000000]
[c=746000000]
cosim: 261000000 retirements ok (pc=ffffffff802e0516)
[c=747000000]
[c=748000000]
[c=749000000]
cosim: 262000000 retirements ok (pc=ffffffff800f7776)
[c=750000000]
[c=751000000]
[c=752000000]
cosim: 263000000 retirements ok (pc=ffffffff808d4230)
[c=753000000]
[c=754000000]
[c=755000000]
cosim: 264000000 retirements ok (pc=ffffffff804a2d5a)
[c=756000000]
[c=757000000]
[c=758000000]
cosim: 265000000 retirements ok (pc=ffffffff808e2c92)
[c=759000000]
[c=760000000]
cosim: 266000000 retirements ok (pc=ffffffff802e2aa0)
[c=761000000]
[c=762000000]
[c=763000000]
cosim: 267000000 retirements ok (pc=ffffffff808e2c96)
[c=764000000]
[c=765000000]
[c=766000000]
cosim: 268000000 retirements ok (pc=ffffffff80059c92)
[c=767000000]
[c=768000000]
[c=769000000]
cosim: 269000000 retirements ok (pc=ffffffff802e0f26)
[c=770000000]
[c=771000000]
cosim: 270000000 retirements ok (pc=ffffffff80058630)
[c=772000000]
[c=773000000]
[c=774000000]
cosim: 271000000 retirements ok (pc=ffffffff800f77ec)
[c=775000000]
[c=776000000]
[c=777000000]
cosim: 272000000 retirements ok (pc=ffffffff802e0ed8)
[c=778000000]
[c=779000000]
cosim: 273000000 retirements ok (pc=ffffffff800f76b4)
[c=780000000]
[c=781000000]
[c=782000000]
cosim: 274000000 retirements ok (pc=ffffffff801a660e)
[c=783000000]
[c=784000000]
[c=785000000]
cosim: 275000000 retirements ok (pc=ffffffff80219f44)
[c=786000000]
[c=787000000]
[c=788000000]
cosim: 276000000 retirements ok (pc=ffffffff800a379a)
[c=789000000]
[c=790000000]
cosim: 277000000 retirements ok (pc=ffffffff801c84fc)
[c=791000000]
[c=792000000]
[c=793000000]
cosim: 278000000 retirements ok (pc=ffffffff800f7758)
[c=794000000]
[c=795000000]
[c=796000000]
cosim: 279000000 retirements ok (pc=ffffffff802e03b8)
[c=797000000]
[c=798000000]
cosim: 280000000 retirements ok (pc=ffffffff800f775a)
[c=799000000]
[c=800000000]
[c=801000000]
cosim: 281000000 retirements ok (pc=ffffffff800a386e)
[c=802000000]
[c=803000000]
[c=804000000]
cosim: 282000000 retirements ok (pc=ffffffff804a31b4)
[c=805000000]
[c=806000000]
cosim: 283000000 retirements ok (pc=ffffffff800f76b0)
[c=807000000]
[c=808000000]
[c=809000000]
cosim: 284000000 retirements ok (pc=ffffffff808ee142)
[c=810000000]
[c=811000000]
[c=812000000]
cosim: 285000000 retirements ok (pc=ffffffff800f7756)
[c=813000000]
[c=814000000]
cosim: 286000000 retirements ok (pc=ffffffff8018f5aa)
[c=815000000]
[c=816000000]
[c=817000000]
cosim: 287000000 retirements ok (pc=ffffffff808de1b6)
[c=818000000]
[c=819000000]
[c=820000000]
cosim: 288000000 retirements ok (pc=ffffffff808e2900)
[c=821000000]
[c=822000000]
[c=823000000]
cosim: 289000000 retirements ok (pc=ffffffff80056850)
[c=824000000]
[c=825000000]
[c=826000000]
cosim: 290000000 retirements ok (pc=ffffffff80249692)
[c=827000000]
[c=828000000]
cosim: 291000000 retirements ok (pc=ffffffff808ee358)
[c=829000000]
[c=830000000]
[c=831000000]
cosim: 292000000 retirements ok (pc=ffffffff800f773a)
[c=832000000]
[c=833000000]
[c=834000000]
cosim: 293000000 retirements ok (pc=ffffffff800af714)
[c=835000000]
[c=836000000]
[c=837000000]
cosim: 294000000 retirements ok (pc=ffffffff808e2be8)
[c=838000000]
[c=839000000]
cosim: 295000000 retirements ok (pc=ffffffff800f76ae)
[c=840000000]
[c=841000000]
[c=842000000]
cosim: 296000000 retirements ok (pc=ffffffff8020ee6e)
[c=843000000]
[c=844000000]
[c=845000000]
cosim: 297000000 retirements ok (pc=ffffffff800f7666)
[c=846000000]
[c=847000000]
[c=848000000]
[c=849000000]
cosim: 298000000 retirements ok (pc=ffffffff808e2c96)
[c=850000000]
[c=851000000]
[c=852000000]
cosim: 299000000 retirements ok (pc=ffffffff808e290c)
[c=853000000]
[c=854000000]
[c=855000000]
cosim: 300000000 retirements ok (pc=ffffffff808ee210)
[c=856000000]
[c=857000000]
[c=858000000]
[c=859000000]
cosim: 301000000 retirements ok (pc=ffffffff800f7650)
[c=860000000]
[c=861000000]
cosim: 302000000 retirements ok (pc=ffffffff800f775a)
[c=862000000]
[c=863000000]
[c=864000000]
cosim: 303000000 retirements ok (pc=ffffffff800f77ec)
[c=865000000]
[c=866000000]
[c=867000000]
cosim: 304000000 retirements ok (pc=ffffffff800a3b78)
[c=868000000]
[c=869000000]
cosim: 305000000 retirements ok (pc=ffffffff8007fb6a)
[c=870000000]
[c=871000000]
[c=872000000]
cosim: 306000000 retirements ok (pc=ffffffff808e2d22)
[c=873000000]
[c=874000000]
[c=875000000]
cosim: 307000000 retirements ok (pc=ffffffff800f775e)
[c=876000000]
[c=877000000]
cosim: 308000000 retirements ok (pc=ffffffff808e2d12)
[c=878000000]
[c=879000000]
[c=880000000]
cosim: 309000000 retirements ok (pc=ffffffff808e28ea)
[c=881000000]
[c=882000000]
[c=883000000]
cosim: 310000000 retirements ok (pc=ffffffff80248966)
[c=884000000]
[c=885000000]
cosim: 311000000 retirements ok (pc=ffffffff800f76c2)
[c=886000000]
[c=887000000]
[c=888000000]
cosim: 312000000 retirements ok (pc=ffffffff800f771e)
[c=889000000]
[c=890000000]
[c=891000000]
cosim: 313000000 retirements ok (pc=ffffffff808e29da)
[c=892000000]
[c=893000000]
cosim: 314000000 retirements ok (pc=ffffffff800f77f8)
[c=894000000]
[c=895000000]
[c=896000000]
cosim: 315000000 retirements ok (pc=ffffffff800f7762)
[c=897000000]
[c=898000000]
[c=899000000]
cosim: 316000000 retirements ok (pc=ffffffff800f77e2)
[c=900000000]
[c=901000000]
cosim: 317000000 retirements ok (pc=ffffffff800f76ae)
[c=902000000]
[c=903000000]
[c=904000000]
cosim: 318000000 retirements ok (pc=ffffffff800f769c)
[c=905000000]
[c=906000000]
[c=907000000]
cosim: 319000000 retirements ok (pc=ffffffff800f7758)
[c=908000000]
[c=909000000]
cosim: 320000000 retirements ok (pc=ffffffff808e28f0)
[c=910000000]
[c=911000000]
[c=912000000]
cosim: 321000000 retirements ok (pc=ffffffff800f771a)
[c=913000000]
[c=914000000]
[c=915000000]
cosim: 322000000 retirements ok (pc=ffffffff800f76ac)
[c=916000000]
[c=917000000]
[c=918000000]
cosim: 323000000 retirements ok (pc=ffffffff801c8cd6)
[c=919000000]
[c=920000000]
cosim: 324000000 retirements ok (pc=ffffffff8024896e)
[c=921000000]
[c=922000000]
[c=923000000]
cosim: 325000000 retirements ok (pc=ffffffff800a2472)
[c=924000000]
[c=925000000]
[c=926000000]
cosim: 326000000 retirements ok (pc=ffffffff801c0e8a)
[c=927000000]
[c=928000000]
[c=929000000]
cosim: 327000000 retirements ok (pc=ffffffff808e308e)
[c=930000000]
[c=931000000]
cosim: 328000000 retirements ok (pc=ffffffff800f7762)
[c=932000000]
[c=933000000]
[c=934000000]
cosim: 329000000 retirements ok (pc=ffffffff800f768c)
[c=935000000]
[c=936000000]
[c=937000000]
cosim: 330000000 retirements ok (pc=ffffffff800f7728)
[c=938000000]
[c=939000000]
cosim: 331000000 retirements ok (pc=ffffffff8020e0f8)
[c=940000000]
[c=941000000]
[c=942000000]
cosim: 332000000 retirements ok (pc=ffffffff800f7698)
[c=943000000]
[c=944000000]
[c=945000000]
cosim: 333000000 retirements ok (pc=ffffffff800f775e)
[c=946000000]
[c=947000000]
[c=948000000]
cosim: 334000000 retirements ok (pc=ffffffff800f76ae)
[c=949000000]
[c=950000000]
cosim: 335000000 retirements ok (pc=ffffffff808e28a8)
[c=951000000]
[c=952000000]
[c=953000000]
cosim: 336000000 retirements ok (pc=ffffffff800f769c)
[c=954000000]
[c=955000000]
[c=956000000]
cosim: 337000000 retirements ok (pc=ffffffff800f769e)
[c=957000000]
[c=958000000]
[c=959000000]
cosim: 338000000 retirements ok (pc=ffffffff800f76aa)
[c=960000000]
[c=961000000]
cosim: 339000000 retirements ok (pc=ffffffff808e2c92)
[c=962000000]
[c=963000000]
[c=964000000]
cosim: 340000000 retirements ok (pc=ffffffff800f76ae)
[c=965000000]
[c=966000000]
[c=967000000]
cosim: 341000000 retirements ok (pc=ffffffff80248954)
[c=968000000]
[c=969000000]
[c=970000000]
cosim: 342000000 retirements ok (pc=ffffffff808e28d0)
[c=971000000]
[c=972000000]
cosim: 343000000 retirements ok (pc=ffffffff800f76a2)
[c=973000000]
[c=974000000]
[c=975000000]
cosim: 344000000 retirements ok (pc=ffffffff800f7752)
[c=976000000]
[c=977000000]
[c=978000000]
cosim: 345000000 retirements ok (pc=ffffffff800f76ac)
[c=979000000]
[c=980000000]
cosim: 346000000 retirements ok (pc=ffffffff8024a4e2)
[c=981000000]
[c=982000000]
[c=983000000]
cosim: 347000000 retirements ok (pc=ffffffff800f772a)
[c=984000000]
[c=985000000]
[c=986000000]
cosim: 348000000 retirements ok (pc=ffffffff800f769c)
[c=987000000]
[c=988000000]
[c=989000000]
cosim: 349000000 retirements ok (pc=ffffffff800f772a)
[c=990000000]
[c=991000000]
cosim: 350000000 retirements ok (pc=ffffffff8004f84a)
[c=992000000]
[c=993000000]
[c=994000000]
cosim: 351000000 retirements ok (pc=ffffffff800f76c0)
[c=995000000]
[c=996000000]
[c=997000000]
cosim: 352000000 retirements ok (pc=ffffffff800f76b8)
[c=998000000]
[c=999000000]
[c=1000000000]
cosim: 353000000 retirements ok (pc=ffffffff808e28e0)
[c=1001000000]
[c=1002000000]
cosim: 354000000 retirements ok (pc=ffffffff801c8cea)
[c=1003000000]
[c=1004000000]
[c=1005000000]
cosim: 355000000 retirements ok (pc=ffffffff808e28fc)
[c=1006000000]
[c=1007000000]
[c=1008000000]
cosim: 356000000 retirements ok (pc=ffffffff808e28ea)
[c=1009000000]
[c=1010000000]
cosim: 357000000 retirements ok (pc=ffffffff801b45d0)
[c=1011000000]
[c=1012000000]
[c=1013000000]
cosim: 358000000 retirements ok (pc=ffffffff800f76ac)
[c=1014000000]
[c=1015000000]
[c=1016000000]
cosim: 359000000 retirements ok (pc=ffffffff800f76ae)
[c=1017000000]
[c=1018000000]
[c=1019000000]
cosim: 360000000 retirements ok (pc=ffffffff800f76aa)
[c=1020000000]
[c=1021000000]
cosim: 361000000 retirements ok (pc=ffffffff808e289e)
[c=1022000000]
[c=1023000000]
[c=1024000000]
cosim: 362000000 retirements ok (pc=ffffffff808d9160)
[c=1025000000]
[c=1026000000]
[c=1027000000]
cosim: 363000000 retirements ok (pc=ffffffff800f7728)
[c=1028000000]
[c=1029000000]
[c=1030000000]
cosim: 364000000 retirements ok (pc=ffffffff800f7720)
[c=1031000000]
[c=1032000000]
cosim: 365000000 retirements ok (pc=ffffffff800f775e)
[c=1033000000]
[c=1034000000]
[c=1035000000]
cosim: 366000000 retirements ok (pc=ffffffff800f76c6)
[c=1036000000]
[c=1037000000]
[c=1038000000]
cosim: 367000000 retirements ok (pc=ffffffff800f76a2)
[c=1039000000]
[c=1040000000]
[c=1041000000]
cosim: 368000000 retirements ok (pc=ffffffff800f76aa)
[c=1042000000]
[c=1043000000]
cosim: 369000000 retirements ok (pc=ffffffff800f76c6)
[c=1044000000]
[c=1045000000]
[c=1046000000]
cosim: 370000000 retirements ok (pc=ffffffff800f7752)
[c=1047000000]
[c=1048000000]
[c=1049000000]
cosim: 371000000 retirements ok (pc=ffffffff808e291c)
[c=1050000000]
[c=1051000000]
cosim: 372000000 retirements ok (pc=ffffffff800a40de)
[c=1052000000]
[c=1053000000]
[c=1054000000]
cosim: 373000000 retirements ok (pc=ffffffff800f76c2)
[c=1055000000]
[c=1056000000]
[c=1057000000]
cosim: 374000000 retirements ok (pc=ffffffff800b05f2)
[c=1058000000]
[c=1059000000]
[c=1060000000]
cosim: 375000000 retirements ok (pc=ffffffff800f7690)
[c=1061000000]
[c=1062000000]
cosim: 376000000 retirements ok (pc=ffffffff808e28c0)
[c=1063000000]
[c=1064000000]
[c=1065000000]
cosim: 377000000 retirements ok (pc=ffffffff800f76ac)
[c=1066000000]
[c=1067000000]
[c=1068000000]
cosim: 378000000 retirements ok (pc=ffffffff800f7724)
[c=1069000000]
[c=1070000000]
cosim: 379000000 retirements ok (pc=ffffffff800f772a)
[c=1071000000]
[c=1072000000]
[c=1073000000]
cosim: 380000000 retirements ok (pc=ffffffff808e28f4)
[c=1074000000]
[c=1075000000]
[c=1076000000]
cosim: 381000000 retirements ok (pc=ffffffff800f76b0)
[c=1077000000]
[c=1078000000]
[c=1079000000]
cosim: 382000000 retirements ok (pc=ffffffff800f7718)
[c=1080000000]
[c=1081000000]
cosim: 383000000 retirements ok (pc=ffffffff800f7756)
[c=1082000000]
[c=1083000000]
[c=1084000000]
cosim: 384000000 retirements ok (pc=ffffffff801a7a52)
[c=1085000000]
[c=1086000000]
[c=1087000000]
cosim: 385000000 retirements ok (pc=ffffffff808e2904)
[c=1088000000]
[c=1089000000]
[c=1090000000]
cosim: 386000000 retirements ok (pc=ffffffff808ee084)
[c=1091000000]
[c=1092000000]
cosim: 387000000 retirements ok (pc=ffffffff800f7756)
[c=1093000000]
[c=1094000000]
[c=1095000000]
cosim: 388000000 retirements ok (pc=ffffffff800f7724)
[c=1096000000]
[c=1097000000]
[c=1098000000]
cosim: 389000000 retirements ok (pc=ffffffff800f76c2)
[c=1099000000]
[c=1100000000]
[c=1101000000]
cosim: 390000000 retirements ok (pc=ffffffff800af6b2)
[c=1102000000]
[c=1103000000]
cosim: 391000000 retirements ok (pc=ffffffff8020dee4)
[c=1104000000]
[c=1105000000]
[c=1106000000]
cosim: 392000000 retirements ok (pc=ffffffff800f7756)
[c=1107000000]
[c=1108000000]
[c=1109000000]
cosim: 393000000 retirements ok (pc=ffffffff800f76a2)
[c=1110000000]
[c=1111000000]
cosim: 394000000 retirements ok (pc=ffffffff800f76bc)
[c=1112000000]
[c=1113000000]
[c=1114000000]
cosim: 395000000 retirements ok (pc=ffffffff808e289e)
[c=1115000000]
[c=1116000000]
[c=1117000000]
cosim: 396000000 retirements ok (pc=ffffffff800f775a)
[c=1118000000]
[c=1119000000]
[c=1120000000]
cosim: 397000000 retirements ok (pc=ffffffff800f7758)
[c=1121000000]
[c=1122000000]
cosim: 398000000 retirements ok (pc=ffffffff801a7b74)
[c=1123000000]
[c=1124000000]
[c=1125000000]
cosim: 399000000 retirements ok (pc=ffffffff8020f5c0)
[c=1126000000]
[c=1127000000]
[c=1128000000]
cosim: 400000000 retirements ok (pc=ffffffff800a59a8)
[c=1129000000]
[c=1130000000]
[c=1131000000]
cosim: 401000000 retirements ok (pc=ffffffff800f76a6)
[c=1132000000]
[c=1133000000]
cosim: 402000000 retirements ok (pc=ffffffff800f7720)
[c=1134000000]
[c=1135000000]
[c=1136000000]
cosim: 403000000 retirements ok (pc=ffffffff801a634a)
[c=1137000000]
[c=1138000000]
[c=1139000000]
cosim: 404000000 retirements ok (pc=ffffffff808e289c)
[c=1140000000]
[c=1141000000]
[c=1142000000]
cosim: 405000000 retirements ok (pc=ffffffff808e3094)
[c=1143000000]
[c=1144000000]
cosim: 406000000 retirements ok (pc=ffffffff800f76ca)
[c=1145000000]
[c=1146000000]
[c=1147000000]
cosim: 407000000 retirements ok (pc=ffffffff8020df04)
[c=1148000000]
[c=1149000000]
[c=1150000000]
cosim: 408000000 retirements ok (pc=ffffffff808d89d4)
[c=1151000000]
[c=1152000000]
cosim: 409000000 retirements ok (pc=ffffffff800f76aa)
[c=1153000000]
[c=1154000000]
[c=1155000000]
cosim: 410000000 retirements ok (pc=ffffffff800f76c0)
[c=1156000000]
[c=1157000000]
[c=1158000000]
cosim: 411000000 retirements ok (pc=ffffffff800f7758)
[c=1159000000]
[c=1160000000]
[c=1161000000]
cosim: 412000000 retirements ok (pc=ffffffff8004dd02)
[c=1162000000]
[c=1163000000]
cosim: 413000000 retirements ok (pc=ffffffff800f7756)
[c=1164000000]
[c=1165000000]
[c=1166000000]
cosim: 414000000 retirements ok (pc=ffffffff800f77f4)
[c=1167000000]
[c=1168000000]
[c=1169000000]
cosim: 415000000 retirements ok (pc=ffffffff808e2bee)
[c=1170000000]
[c=1171000000]
[c=1172000000]
cosim: 416000000 retirements ok (pc=ffffffff801c0e84)
[c=1173000000]
[c=1174000000]
cosim: 417000000 retirements ok (pc=ffffffff808dfc98)
[c=1175000000]
[c=1176000000]
[c=1177000000]
cosim: 418000000 retirements ok (pc=ffffffff800f76aa)
[c=1178000000]
[c=1179000000]
[c=1180000000]
cosim: 419000000 retirements ok (pc=ffffffff800f76c2)
[c=1181000000]
[c=1182000000]
cosim: 420000000 retirements ok (pc=ffffffff808e28f0)
[c=1183000000]
[c=1184000000]
[c=1185000000]
cosim: 421000000 retirements ok (pc=ffffffff802489ac)
[c=1186000000]
[c=1187000000]
[c=1188000000]
cosim: 422000000 retirements ok (pc=ffffffff800f772a)
[c=1189000000]
[c=1190000000]
[c=1191000000]
cosim: 423000000 retirements ok (pc=ffffffff800f76bc)
[c=1192000000]
[c=1193000000]
cosim: 424000000 retirements ok (pc=ffffffff800f7752)
[c=1194000000]
[c=1195000000]
[c=1196000000]
cosim: 425000000 retirements ok (pc=ffffffff800f76a6)
[c=1197000000]
[c=1198000000]
[c=1199000000]
cosim: 426000000 retirements ok (pc=ffffffff800f7698)
[c=1200000000]
[c=1201000000]
[c=1202000000]
cosim: 427000000 retirements ok (pc=ffffffff800f7736)
[c=1203000000]
[c=1204000000]
cosim: 428000000 retirements ok (pc=ffffffff800f7758)
[c=1205000000]
[c=1206000000]
[c=1207000000]
cosim: 429000000 retirements ok (pc=ffffffff800f773a)
[c=1208000000]
[c=1209000000]
[c=1210000000]
cosim: 430000000 retirements ok (pc=ffffffff8020df26)
[c=1211000000]
[c=1212000000]
[c=1213000000]
cosim: 431000000 retirements ok (pc=ffffffff801b46cc)
[c=1214000000]
[c=1215000000]
cosim: 432000000 retirements ok (pc=ffffffff800f76c0)
[c=1216000000]
[c=1217000000]
[c=1218000000]
cosim: 433000000 retirements ok (pc=ffffffff800f775e)
[c=1219000000]
[c=1220000000]
[c=1221000000]
cosim: 434000000 retirements ok (pc=ffffffff800f76b8)
[c=1222000000]
[c=1223000000]
cosim: 435000000 retirements ok (pc=ffffffff801cbae0)
[c=1224000000]
[c=1225000000]
[c=1226000000]
cosim: 436000000 retirements ok (pc=ffffffff800a2228)
[c=1227000000]
[c=1228000000]
[c=1229000000]
cosim: 437000000 retirements ok (pc=ffffffff808d46cc)
[c=1230000000]
[c=1231000000]
cosim: 438000000 retirements ok (pc=ffffffff800567cc)
[c=1232000000]
[c=1233000000]
[c=1234000000]
cosim: 439000000 retirements ok (pc=ffffffff800f7694)
[c=1235000000]
[c=1236000000]
[c=1237000000]
cosim: 440000000 retirements ok (pc=ffffffff805311c0)
[c=1238000000]
[c=1239000000]
cosim: 441000000 retirements ok (pc=ffffffff800f775a)
[c=1240000000]
[c=1241000000]
[c=1242000000]
cosim: 442000000 retirements ok (pc=ffffffff800f7698)
[c=1243000000]
[c=1244000000]
cosim: 443000000 retirements ok (pc=ffffffff800f76c2)
[c=1245000000]
[c=1246000000]
[c=1247000000]
cosim: 444000000 retirements ok (pc=ffffffff800f7694)
[c=1248000000]
[c=1249000000]
[c=1250000000]
cosim: 445000000 retirements ok (pc=ffffffff808ee18a)
[c=1251000000]
[c=1252000000]
cosim: 446000000 retirements ok (pc=ffffffff800f7698)
[c=1253000000]
[c=1254000000]
[c=1255000000]
cosim: 447000000 retirements ok (pc=ffffffff808e2936)
[c=1256000000]
[c=1257000000]
cosim: 448000000 retirements ok (pc=ffffffff8068bafc)
[c=1258000000]
[c=1259000000]
cosim: 449000000 retirements ok (pc=ffffffff808e2934)
[c=1260000000]
[c=1261000000]
[c=1262000000]
cosim: 450000000 retirements ok (pc=ffffffff800f77f4)
[c=1263000000]
[c=1264000000]
cosim: 451000000 retirements ok (pc=ffffffff808e293c)
[c=1265000000]
[c=1266000000]
cosim: 452000000 retirements ok (pc=ffffffff800f7756)
[c=1267000000]
[c=1268000000]
[c=1269000000]
cosim: 453000000 retirements ok (pc=ffffffff800f7752)
[c=1270000000]
[c=1271000000]
cosim: 454000000 retirements ok (pc=ffffffff800f76c2)
[c=1272000000]
[c=1273000000]
cosim: 455000000 retirements ok (pc=ffffffff800892f8)
[c=1274000000]
[c=1275000000]
[c=1276000000]
cosim: 456000000 retirements ok (pc=ffffffff808e2936)
[c=1277000000]
[c=1278000000]
cosim: 457000000 retirements ok (pc=ffffffff808df5e0)
[c=1279000000]
[c=1280000000]
cosim: 458000000 retirements ok (pc=ffffffff80057c92)
[c=1281000000]
[c=1282000000]
[c=1283000000]
cosim: 459000000 retirements ok (pc=ffffffff800f77ec)
[c=1284000000]
[c=1285000000]
cosim: 460000000 retirements ok (pc=ffffffff800f76b8)
[c=1286000000]
[c=1287000000]
cosim: 461000000 retirements ok (pc=ffffffff801ae330)
[c=1288000000]
[c=1289000000]
[c=1290000000]
cosim: 462000000 retirements ok (pc=ffffffff808e2936)
[c=1291000000]
[c=1292000000]
cosim: 463000000 retirements ok (pc=ffffffff800f76c6)
[c=1293000000]
[c=1294000000]
cosim: 464000000 retirements ok (pc=ffffffff808e2938)
[c=1295000000]
[c=1296000000]
[c=1297000000]
cosim: 465000000 retirements ok (pc=ffffffff800f76c6)
[c=1298000000]
[c=1299000000]
cosim: 466000000 retirements ok (pc=ffffffff800f77f0)
[c=1300000000]
[c=1301000000]
cosim: 467000000 retirements ok (pc=ffffffff808e2c90)
[c=1302000000]
[c=1303000000]
cosim: 468000000 retirements ok (pc=ffffffff8024a46e)
[c=1304000000]
[c=1305000000]
[c=1306000000]
cosim: 469000000 retirements ok (pc=ffffffff808e2c90)
[c=1307000000]
[c=1308000000]
cosim: 470000000 retirements ok (pc=ffffffff808e2934)
[c=1309000000]
[c=1310000000]
cosim: 471000000 retirements ok (pc=ffffffff8005cd68)
[c=1311000000]
[c=1312000000]
[c=1313000000]
cosim: 472000000 retirements ok (pc=ffffffff800f7698)
[c=1314000000]
[c=1315000000]
cosim: 473000000 retirements ok (pc=ffffffff808e2936)
[c=1316000000]
[c=1317000000]
cosim: 474000000 retirements ok (pc=ffffffff800f76b4)
[c=1318000000]
[c=1319000000]
cosim: 475000000 retirements ok (pc=ffffffff808e293e)
[c=1320000000]
[c=1321000000]
[c=1322000000]
cosim: 476000000 retirements ok (pc=ffffffff808e2938)
[c=1323000000]
[c=1324000000]
cosim: 477000000 retirements ok (pc=ffffffff800f775e)
[c=1325000000]
[c=1326000000]
cosim: 478000000 retirements ok (pc=ffffffff800f773a)
[c=1327000000]
[c=1328000000]
[c=1329000000]
cosim: 479000000 retirements ok (pc=ffffffff8005864a)
[c=1330000000]
[c=1331000000]
cosim: 480000000 retirements ok (pc=ffffffff800f7728)
[c=1332000000]
[c=1333000000]
cosim: 481000000 retirements ok (pc=ffffffff800a590a)
[c=1334000000]
[c=1335000000]
[c=1336000000]
cosim: 482000000 retirements ok (pc=ffffffff800f77fa)
[c=1337000000]
[c=1338000000]
cosim: 483000000 retirements ok (pc=ffffffff800a1a72)
[c=1339000000]
[c=1340000000]
[c=1341000000]
cosim: 484000000 retirements ok (pc=ffffffff808e2c92)
[c=1342000000]
[c=1343000000]
cosim: 485000000 retirements ok (pc=ffffffff808e2936)
[c=1344000000]
[c=1345000000]
[c=1346000000]
cosim: 486000000 retirements ok (pc=ffffffff808e293c)
[c=1347000000]
[c=1348000000]
cosim: 487000000 retirements ok (pc=ffffffff808e29c8)
[c=1349000000]
[c=1350000000]
cosim: 488000000 retirements ok (pc=ffffffff808e2934)
[c=1351000000]
[c=1352000000]
[c=1353000000]
cosim: 489000000 retirements ok (pc=ffffffff808e2936)
[c=1354000000]
[c=1355000000]
cosim: 490000000 retirements ok (pc=ffffffff8004bf64)
[c=1356000000]
[c=1357000000]
cosim: 491000000 retirements ok (pc=ffffffff800a400a)
[c=1358000000]
[c=1359000000]
[c=1360000000]
cosim: 492000000 retirements ok (pc=ffffffff8028892c)
[c=1361000000]
[c=1362000000]
cosim: 493000000 retirements ok (pc=ffffffff808e293e)
[c=1363000000]
[c=1364000000]
[c=1365000000]
cosim: 494000000 retirements ok (pc=ffffffff800585d4)
[c=1366000000]
[c=1367000000]
[c=1368000000]
cosim: 495000000 retirements ok (pc=ffffffff808e293e)
[c=1369000000]
[c=1370000000]
cosim: 496000000 retirements ok (pc=ffffffff80058660)
[c=1371000000]
[c=1372000000]
[c=1373000000]
cosim: 497000000 retirements ok (pc=ffffffff800f76c2)
[c=1374000000]
[c=1375000000]
cosim: 498000000 retirements ok (pc=ffffffff800f76a6)
[c=1376000000]
[c=1377000000]
[c=1378000000]
cosim: 499000000 retirements ok (pc=ffffffff800a382c)
[c=1379000000]
[c=1380000000]
[c=1381000000]
cosim: 500000000 retirements ok (pc=ffffffff800f77f4)
[c=1382000000]
[c=1383000000]
cosim: 501000000 retirements ok (pc=ffffffff800f77e2)
[c=1384000000]
[c=1385000000]
[c=1386000000]
cosim: 502000000 retirements ok (pc=ffffffff800556de)
[c=1387000000]
[c=1388000000]
[c=1389000000]
cosim: 503000000 retirements ok (pc=ffffffff800f76a6)
[c=1390000000]
[c=1391000000]
cosim: 504000000 retirements ok (pc=ffffffff800f77f8)
[c=1392000000]
[c=1393000000]
[c=1394000000]
cosim: 505000000 retirements ok (pc=ffffffff800f76c6)
[c=1395000000]
[c=1396000000]
cosim: 506000000 retirements ok (pc=ffffffff800a1112)
[c=1397000000]
[c=1398000000]
[c=1399000000]
cosim: 507000000 retirements ok (pc=ffffffff808e293e)
[c=1400000000]
[c=1401000000]
[c=1402000000]
cosim: 508000000 retirements ok (pc=ffffffff808e293c)
[c=1403000000]
[c=1404000000]
cosim: 509000000 retirements ok (pc=ffffffff808e2936)
[c=1405000000]
[c=1406000000]
[c=1407000000]
cosim: 510000000 retirements ok (pc=ffffffff808e2936)
[c=1408000000]
[c=1409000000]
cosim: 511000000 retirements ok (pc=ffffffff8020f558)
[c=1410000000]
[c=1411000000]
[c=1412000000]
cosim: 512000000 retirements ok (pc=ffffffff800f76c6)
[c=1413000000]
[c=1414000000]
cosim: 513000000 retirements ok (pc=ffffffff808e293e)
[c=1415000000]
[c=1416000000]
[c=1417000000]
cosim: 514000000 retirements ok (pc=ffffffff801a6096)
[c=1418000000]
[c=1419000000]
[c=1420000000]
cosim: 515000000 retirements ok (pc=ffffffff804a3eee)
[c=1421000000]
[c=1422000000]
cosim: 516000000 retirements ok (pc=ffffffff808e2d08)
[c=1423000000]
[c=1424000000]
cosim: 517000000 retirements ok (pc=ffffffff808e293c)
[c=1425000000]
[c=1426000000]
[c=1427000000]
cosim: 518000000 retirements ok (pc=ffffffff808e293e)
[c=1428000000]
[c=1429000000]
cosim: 519000000 retirements ok (pc=ffffffff800f77ec)
[c=1430000000]
[c=1431000000]
cosim: 520000000 retirements ok (pc=ffffffff800f775e)
[c=1432000000]
[c=1433000000]
[c=1434000000]
cosim: 521000000 retirements ok (pc=ffffffff800a157c)
[c=1435000000]
[c=1436000000]
cosim: 522000000 retirements ok (pc=ffffffff800f777a)
[c=1437000000]
[c=1438000000]
cosim: 523000000 retirements ok (pc=ffffffff808e2936)
[c=1439000000]
[c=1440000000]
[c=1441000000]
cosim: 524000000 retirements ok (pc=ffffffff800f76aa)
[c=1442000000]
[c=1443000000]
cosim: 525000000 retirements ok (pc=ffffffff800ae592)
[c=1444000000]
[c=1445000000]
cosim: 526000000 retirements ok (pc=ffffffff8020f610)
[c=1446000000]
[c=1447000000]
[c=1448000000]
cosim: 527000000 retirements ok (pc=ffffffff804a32c8)
[c=1449000000]
[c=1450000000]
cosim: 528000000 retirements ok (pc=ffffffff8028892c)
[c=1451000000]
[c=1452000000]
cosim: 529000000 retirements ok (pc=ffffffff800f775e)
[c=1453000000]
[c=1454000000]
cosim: 530000000 retirements ok (pc=ffffffff800f77fa)
[c=1455000000]
[c=1456000000]
[c=1457000000]
cosim: 531000000 retirements ok (pc=ffffffff808e2938)
[c=1458000000]
[c=1459000000]
cosim: 532000000 retirements ok (pc=ffffffff808e293c)
[c=1460000000]
[c=1461000000]
cosim: 533000000 retirements ok (pc=ffffffff800f76a2)
[c=1462000000]
[c=1463000000]
[c=1464000000]
cosim: 534000000 retirements ok (pc=ffffffff808e670c)
[c=1465000000]
[c=1466000000]
cosim: 535000000 retirements ok (pc=ffffffff800b05a8)
[c=1467000000]
[c=1468000000]
cosim: 536000000 retirements ok (pc=ffffffff808e1774)
[c=1469000000]
[c=1470000000]
[c=1471000000]
cosim: 537000000 retirements ok (pc=ffffffff800f76ac)
[c=1472000000]
[c=1473000000]
cosim: 538000000 retirements ok (pc=ffffffff8020de2e)
[c=1474000000]
[c=1475000000]
[c=1476000000]
cosim: 539000000 retirements ok (pc=ffffffff808e2938)
[c=1477000000]
[c=1478000000]
cosim: 540000000 retirements ok (pc=ffffffff801c8cc0)
[c=1479000000]
[c=1480000000]
cosim: 541000000 retirements ok (pc=ffffffff800f76c0)
[c=1481000000]
[c=1482000000]
[c=1483000000]
cosim: 542000000 retirements ok (pc=ffffffff800f7752)
[c=1484000000]
[c=1485000000]
cosim: 543000000 retirements ok (pc=ffffffff808e2934)
[c=1486000000]
[c=1487000000]
cosim: 544000000 retirements ok (pc=ffffffff800f776c)
[c=1488000000]
[c=1489000000]
[c=1490000000]
cosim: 545000000 retirements ok (pc=ffffffff8020f5c0)
[c=1491000000]
[c=1492000000]
cosim: 546000000 retirements ok (pc=ffffffff800f76d2)
[c=1493000000]
[c=1494000000]
cosim: 547000000 retirements ok (pc=ffffffff800f76bc)
[c=1495000000]
[c=1496000000]
cosim: 548000000 retirements ok (pc=ffffffff808e293c)
[c=1497000000]
[c=1498000000]
cosim: 549000000 retirements ok (pc=ffffffff808e1630)
[c=1499000000]
[c=1500000000]
[c=1501000000]
cosim: 550000000 retirements ok (pc=ffffffff80063fc4)
[c=1502000000]
[c=1503000000]
cosim: 551000000 retirements ok (pc=ffffffff800f76ac)
[c=1504000000]
[c=1505000000]
cosim: 552000000 retirements ok (pc=ffffffff8010b43a)
[c=1506000000]
[c=1507000000]
[c=1508000000]
cosim: 553000000 retirements ok (pc=ffffffff800f77e2)
[c=1509000000]
[c=1510000000]
cosim: 554000000 retirements ok (pc=ffffffff800f76b0)
[c=1511000000]
[c=1512000000]
cosim: 555000000 retirements ok (pc=ffffffff808e2d1c)
[c=1513000000]
[c=1514000000]
[c=1515000000]
cosim: 556000000 retirements ok (pc=ffffffff808e2934)
[c=1516000000]
[c=1517000000]
cosim: 557000000 retirements ok (pc=ffffffff808e293e)
[c=1518000000]
[c=1519000000]
cosim: 558000000 retirements ok (pc=ffffffff800f7698)
[c=1520000000]
[c=1521000000]
cosim: 559000000 retirements ok (pc=ffffffff808e29b8)
[c=1522000000]
[c=1523000000]
[c=1524000000]
cosim: 560000000 retirements ok (pc=ffffffff800f7756)
[c=1525000000]
[c=1526000000]
cosim: 561000000 retirements ok (pc=ffffffff808e2936)
[c=1527000000]
[c=1528000000]
cosim: 562000000 retirements ok (pc=ffffffff804a2ed4)
[c=1529000000]
[c=1530000000]
[c=1531000000]
cosim: 563000000 retirements ok (pc=ffffffff801b02f8)
[c=1532000000]
[c=1533000000]
cosim: 564000000 retirements ok (pc=ffffffff8053106a)
[c=1534000000]
[c=1535000000]
cosim: 565000000 retirements ok (pc=ffffffff800f76a6)
[c=1536000000]
[c=1537000000]
[c=1538000000]
cosim: 566000000 retirements ok (pc=ffffffff800f76a6)
[c=1539000000]
[c=1540000000]
cosim: 567000000 retirements ok (pc=ffffffff801b4610)
[c=1541000000]
[c=1542000000]
[c=1543000000]
cosim: 568000000 retirements ok (pc=ffffffff800f77f0)
[c=1544000000]
[c=1545000000]
cosim: 569000000 retirements ok (pc=ffffffff800a0970)
[c=1546000000]
[c=1547000000]
cosim: 570000000 retirements ok (pc=ffffffff800f77fa)
[c=1548000000]
[c=1549000000]
[c=1550000000]
cosim: 571000000 retirements ok (pc=ffffffff800f7720)
[c=1551000000]
[c=1552000000]
cosim: 572000000 retirements ok (pc=ffffffff800f76bc)
[c=1553000000]
[c=1554000000]
cosim: 573000000 retirements ok (pc=ffffffff808e2936)
[c=1555000000]
[c=1556000000]
cosim: 574000000 retirements ok (pc=ffffffff800f77e0)
[c=1557000000]
[c=1558000000]
[c=1559000000]
cosim: 575000000 retirements ok (pc=ffffffff808e293c)
[c=1560000000]
[c=1561000000]
cosim: 576000000 retirements ok (pc=ffffffff808e2936)
[c=1562000000]
[c=1563000000]
cosim: 577000000 retirements ok (pc=ffffffff8004dd0c)
[c=1564000000]
[c=1565000000]
[c=1566000000]
cosim: 578000000 retirements ok (pc=ffffffff801b4ede)
[c=1567000000]
[c=1568000000]
cosim: 579000000 retirements ok (pc=ffffffff800f77e2)
[c=1569000000]
[c=1570000000]
cosim: 580000000 retirements ok (pc=ffffffff800f775a)
[c=1571000000]
[c=1572000000]
[c=1573000000]
cosim: 581000000 retirements ok (pc=ffffffff808e293e)
[c=1574000000]
[c=1575000000]
cosim: 582000000 retirements ok (pc=ffffffff800a10ee)
[c=1576000000]
[c=1577000000]
cosim: 583000000 retirements ok (pc=ffffffff800f7758)
[c=1578000000]
[c=1579000000]
cosim: 584000000 retirements ok (pc=ffffffff808e293c)
[c=1580000000]
[c=1581000000]
[c=1582000000]
cosim: 585000000 retirements ok (pc=ffffffff808e2c92)
[c=1583000000]
[c=1584000000]
cosim: 586000000 retirements ok (pc=ffffffff808df650)
[c=1585000000]
[c=1586000000]
cosim: 587000000 retirements ok (pc=ffffffff800f7756)
[c=1587000000]
[c=1588000000]
[c=1589000000]
cosim: 588000000 retirements ok (pc=ffffffff800f775e)
[c=1590000000]
[c=1591000000]
cosim: 589000000 retirements ok (pc=ffffffff800f77fc)
[c=1592000000]
[c=1593000000]
cosim: 590000000 retirements ok (pc=ffffffff80063fe8)
[c=1594000000]
[c=1595000000]
[c=1596000000]
cosim: 591000000 retirements ok (pc=ffffffff8024895e)
[c=1597000000]
[c=1598000000]
cosim: 592000000 retirements ok (pc=ffffffff8020de20)
[c=1599000000]
[c=1600000000]
cosim: 593000000 retirements ok (pc=ffffffff800f7756)
[c=1601000000]
[c=1602000000]
[c=1603000000]
cosim: 594000000 retirements ok (pc=ffffffff800f76aa)
[c=1604000000]
[c=1605000000]
cosim: 595000000 retirements ok (pc=ffffffff800f771e)
[c=1606000000]
[c=1607000000]
cosim: 596000000 retirements ok (pc=ffffffff808e293c)
[c=1608000000]
[c=1609000000]
[c=1610000000]
cosim: 597000000 retirements ok (pc=ffffffff80057672)
[c=1611000000]
[c=1612000000]
cosim: 598000000 retirements ok (pc=ffffffff800f7724)
[c=1613000000]
[c=1614000000]
[c=1615000000]
cosim: 599000000 retirements ok (pc=ffffffff808e293e)
[c=1616000000]
[c=1617000000]
cosim: 600000000 retirements ok (pc=ffffffff800f769e)
[c=1618000000]
[c=1619000000]
cosim: 601000000 retirements ok (pc=ffffffff800f775e)
[c=1620000000]
[c=1621000000]
[c=1622000000]
cosim: 602000000 retirements ok (pc=ffffffff808df602)
[c=1623000000]
[c=1624000000]
cosim: 603000000 retirements ok (pc=ffffffff800f777e)
[c=1625000000]
[c=1626000000]
cosim: 604000000 retirements ok (pc=ffffffff8004e152)
[c=1627000000]
[c=1628000000]
[c=1629000000]
cosim: 605000000 retirements ok (pc=ffffffff808e2934)
[c=1630000000]
[c=1631000000]
cosim: 606000000 retirements ok (pc=ffffffff801b46a2)
[c=1632000000]
[c=1633000000]
cosim: 607000000 retirements ok (pc=ffffffff800f76bc)
[c=1634000000]
[c=1635000000]
[c=1636000000]
cosim: 608000000 retirements ok (pc=ffffffff800f76c6)
[c=1637000000]
[c=1638000000]
cosim: 609000000 retirements ok (pc=ffffffff808e669e)
[c=1639000000]
[c=1640000000]
cosim: 610000000 retirements ok (pc=ffffffff800f76b4)
[c=1641000000]
[c=1642000000]
[c=1643000000]
cosim: 611000000 retirements ok (pc=ffffffff808e2934)
[c=1644000000]
[c=1645000000]
cosim: 612000000 retirements ok (pc=ffffffff800f769c)
[c=1646000000]
[c=1647000000]
cosim: 613000000 retirements ok (pc=ffffffff800f76b4)
[c=1648000000]
[c=1649000000]
cosim: 614000000 retirements ok (pc=ffffffff808e293c)
[c=1650000000]
[c=1651000000]
[c=1652000000]
cosim: 615000000 retirements ok (pc=ffffffff800f7756)
[c=1653000000]
[c=1654000000]
cosim: 616000000 retirements ok (pc=ffffffff800f77fc)
[c=1655000000]
[c=1656000000]
cosim: 617000000 retirements ok (pc=ffffffff808e2934)
[c=1657000000]
[c=1658000000]
cosim: 618000000 retirements ok (pc=ffffffff808e175c)
[c=1659000000]
[c=1660000000]
[c=1661000000]
cosim: 619000000 retirements ok (pc=ffffffff800f775e)
[c=1662000000]
[c=1663000000]
cosim: 620000000 retirements ok (pc=ffffffff800a5948)
[c=1664000000]
[c=1665000000]
cosim: 621000000 retirements ok (pc=ffffffff80079fce)
[c=1666000000]
[c=1667000000]
[c=1668000000]
cosim: 622000000 retirements ok (pc=ffffffff808e2938)
[c=1669000000]
[c=1670000000]
cosim: 623000000 retirements ok (pc=ffffffff800f76aa)
[c=1671000000]
[c=1672000000]
cosim: 624000000 retirements ok (pc=ffffffff808e293c)
[c=1673000000]
[c=1674000000]
[c=1675000000]
cosim: 625000000 retirements ok (pc=ffffffff800f7724)
[c=1676000000]
[c=1677000000]
cosim: 626000000 retirements ok (pc=ffffffff800f772a)
[c=1678000000]
[c=1679000000]
cosim: 627000000 retirements ok (pc=ffffffff808e2c96)
[c=1680000000]
[c=1681000000]
[c=1682000000]
cosim: 628000000 retirements ok (pc=ffffffff8006401a)
[c=1683000000]
[c=1684000000]
cosim: 629000000 retirements ok (pc=ffffffff808e293e)
[c=1685000000]
[c=1686000000]
cosim: 630000000 retirements ok (pc=ffffffff800585da)
[c=1687000000]
[c=1688000000]
[c=1689000000]
cosim: 631000000 retirements ok (pc=ffffffff800f7756)
[c=1690000000]
[c=1691000000]
cosim: 632000000 retirements ok (pc=ffffffff80063efa)
[c=1692000000]
[c=1693000000]
cosim: 633000000 retirements ok (pc=ffffffff808e293c)
[c=1694000000]
[c=1695000000]
[c=1696000000]
cosim: 634000000 retirements ok (pc=ffffffff800f7698)
[c=1697000000]
[c=1698000000]
cosim: 635000000 retirements ok (pc=ffffffff808e293e)
[c=1699000000]
[c=1700000000]
[c=1701000000]
cosim: 636000000 retirements ok (pc=ffffffff800f7694)
[c=1702000000]
[c=1703000000]
cosim: 637000000 retirements ok (pc=ffffffff800f773a)
[c=1704000000]
[c=1705000000]
cosim: 638000000 retirements ok (pc=ffffffff808e67d2)
[c=1706000000]
[c=1707000000]
[c=1708000000]
cosim: 639000000 retirements ok (pc=ffffffff800f76c2)
[c=1709000000]
[c=1710000000]
cosim: 640000000 retirements ok (pc=ffffffff808e2934)
[c=1711000000]
[c=1712000000]
cosim: 641000000 retirements ok (pc=ffffffff808e42aa)
[c=1713000000]
[c=1714000000]
[c=1715000000]
cosim: 642000000 retirements ok (pc=ffffffff80024288)
[c=1716000000]
[c=1717000000]
cosim: 643000000 retirements ok (pc=ffffffff800f771a)
[c=1718000000]
[c=1719000000]
cosim: 644000000 retirements ok (pc=ffffffff800f76b0)
[c=1720000000]
[c=1721000000]
[c=1722000000]
cosim: 645000000 retirements ok (pc=ffffffff808df6ce)
[c=1723000000]
[c=1724000000]
cosim: 646000000 retirements ok (pc=ffffffff8007ee8c)
[c=1725000000]
[c=1726000000]
cosim: 647000000 retirements ok (pc=ffffffff808e293c)
[c=1727000000]
[c=1728000000]
[c=1729000000]
cosim: 648000000 retirements ok (pc=ffffffff800f76ae)
[c=1730000000]
[c=1731000000]
cosim: 649000000 retirements ok (pc=ffffffff808e2938)
[c=1732000000]
[c=1733000000]
cosim: 650000000 retirements ok (pc=ffffffff800f7752)
[c=1734000000]
[c=1735000000]
[c=1736000000]
cosim: 651000000 retirements ok (pc=ffffffff800572d8)
[c=1737000000]
[c=1738000000]
cosim: 652000000 retirements ok (pc=ffffffff800f775e)
[c=1739000000]
[c=1740000000]
[c=1741000000]
cosim: 653000000 retirements ok (pc=ffffffff808e293c)
[c=1742000000]
[c=1743000000]
cosim: 654000000 retirements ok (pc=ffffffff800f7698)
[c=1744000000]
[c=1745000000]
cosim: 655000000 retirements ok (pc=ffffffff808df608)
[c=1746000000]
[c=1747000000]
[c=1748000000]
cosim: 656000000 retirements ok (pc=ffffffff800f7720)
[c=1749000000]
[c=1750000000]
cosim: 657000000 retirements ok (pc=ffffffff808e293c)
[c=1751000000]
[c=1752000000]
cosim: 658000000 retirements ok (pc=ffffffff808e4200)
[c=1753000000]
[c=1754000000]
[c=1755000000]
cosim: 659000000 retirements ok (pc=ffffffff808e293e)
[c=1756000000]
[c=1757000000]
cosim: 660000000 retirements ok (pc=ffffffff808e2c96)
[c=1758000000]
[c=1759000000]
cosim: 661000000 retirements ok (pc=ffffffff800f7720)
[c=1760000000]
[c=1761000000]
[c=1762000000]
cosim: 662000000 retirements ok (pc=ffffffff808e293e)
[c=1763000000]
[c=1764000000]
cosim: 663000000 retirements ok (pc=ffffffff800f76b8)
[c=1765000000]
[c=1766000000]
[c=1767000000]
cosim: 664000000 retirements ok (pc=ffffffff808e293e)
[c=1768000000]
[c=1769000000]
cosim: 665000000 retirements ok (pc=ffffffff801a6310)
[c=1770000000]
[c=1771000000]
cosim: 666000000 retirements ok (pc=ffffffff800f77e8)
[c=1772000000]
[c=1773000000]
[c=1774000000]
cosim: 667000000 retirements ok (pc=ffffffff800f77fa)
[c=1775000000]
[c=1776000000]
cosim: 668000000 retirements ok (pc=ffffffff808e2938)
[c=1777000000]
[c=1778000000]
cosim: 669000000 retirements ok (pc=ffffffff800f77f4)
[c=1779000000]
[c=1780000000]
[c=1781000000]
cosim: 670000000 retirements ok (pc=ffffffff8007ee8c)
[c=1782000000]
[c=1783000000]
cosim: 671000000 retirements ok (pc=ffffffff800f77e8)
[c=1784000000]
[c=1785000000]
cosim: 672000000 retirements ok (pc=ffffffff800f76ae)
[c=1786000000]
[c=1787000000]
[c=1788000000]
cosim: 673000000 retirements ok (pc=ffffffff804a2d02)
[c=1789000000]
[c=1790000000]
cosim: 674000000 retirements ok (pc=ffffffff8005835c)
[c=1791000000]
[c=1792000000]
cosim: 675000000 retirements ok (pc=ffffffff8004f032)
[c=1793000000]
[c=1794000000]
[c=1795000000]
cosim: 676000000 retirements ok (pc=ffffffff800f769c)
[c=1796000000]
[c=1797000000]
cosim: 677000000 retirements ok (pc=ffffffff800f76c0)
[c=1798000000]
[c=1799000000]
cosim: 678000000 retirements ok (pc=ffffffff800a16da)
[c=1800000000]
[c=1801000000]
[c=1802000000]
cosim: 679000000 retirements ok (pc=ffffffff80252056)
[c=1803000000]
[c=1804000000]
cosim: 680000000 retirements ok (pc=ffffffff800f775e)
[c=1805000000]
[c=1806000000]
cosim: 681000000 retirements ok (pc=ffffffff804ab0cc)
[c=1807000000]
[c=1808000000]
[c=1809000000]
cosim: 682000000 retirements ok (pc=ffffffff800f76d4)
[c=1810000000]
[c=1811000000]
[c=1812000000]
cosim: 683000000 retirements ok (pc=ffffffff800f76bc)
[c=1813000000]
[c=1814000000]
cosim: 684000000 retirements ok (pc=ffffffff800f76ac)
[c=1815000000]
[c=1816000000]
[c=1817000000]
cosim: 685000000 retirements ok (pc=ffffffff808e2c90)
[c=1818000000]
[c=1819000000]
cosim: 686000000 retirements ok (pc=ffffffff800f775a)
[c=1820000000]
[c=1821000000]
[c=1822000000]
cosim: 687000000 retirements ok (pc=ffffffff804ab0e4)
[c=1823000000]
[c=1824000000]
cosim: 688000000 retirements ok (pc=ffffffff800f76c0)
[c=1825000000]
[c=1826000000]
cosim: 689000000 retirements ok (pc=ffffffff808e2936)
[c=1827000000]
[c=1828000000]
[c=1829000000]
cosim: 690000000 retirements ok (pc=ffffffff800f76bc)
[c=1830000000]
[c=1831000000]
cosim: 691000000 retirements ok (pc=ffffffff800f775a)
[c=1832000000]
[c=1833000000]
cosim: 692000000 retirements ok (pc=ffffffff808e293c)
[c=1834000000]
[c=1835000000]
[c=1836000000]
cosim: 693000000 retirements ok (pc=ffffffff800f76c0)
[c=1837000000]
[c=1838000000]
cosim: 694000000 retirements ok (pc=ffffffff8005834a)
[c=1839000000]
[c=1840000000]
cosim: 695000000 retirements ok (pc=ffffffff800f77ec)
[c=1841000000]
[c=1842000000]
[c=1843000000]
cosim: 696000000 retirements ok (pc=ffffffff804a2d12)
[c=1844000000]
[c=1845000000]
cosim: 697000000 retirements ok (pc=ffffffff800f77e2)
[c=1846000000]
[c=1847000000]
cosim: 698000000 retirements ok (pc=ffffffff808e2d1e)
[c=1848000000]
[c=1849000000]
cosim: 699000000 retirements ok (pc=ffffffff800a3774)
[c=1850000000]
[c=1851000000]
[c=1852000000]
cosim: 700000000 retirements ok (pc=ffffffff800f77ec)
[c=1853000000]
[c=1854000000]
cosim: 701000000 retirements ok (pc=ffffffff808e293e)
[c=1855000000]
[c=1856000000]
cosim: 702000000 retirements ok (pc=ffffffff800f76a6)
[c=1857000000]
[c=1858000000]
[c=1859000000]
cosim: 703000000 retirements ok (pc=ffffffff808e2c96)
[c=1860000000]
[c=1861000000]
cosim: 704000000 retirements ok (pc=ffffffff80288962)
[c=1862000000]
[c=1863000000]
cosim: 705000000 retirements ok (pc=ffffffff808ee172)
[c=1864000000]
[c=1865000000]
[c=1866000000]
cosim: 706000000 retirements ok (pc=ffffffff80057446)
[c=1867000000]
[c=1868000000]
cosim: 707000000 retirements ok (pc=ffffffff800f771e)
[c=1869000000]
[c=1870000000]
[c=1871000000]
cosim: 708000000 retirements ok (pc=ffffffff80262d94)
[c=1872000000]
[c=1873000000]
cosim: 709000000 retirements ok (pc=ffffffff8004d10c)
[c=1874000000]
[c=1875000000]
[c=1876000000]
cosim: 710000000 retirements ok (pc=ffffffff800f7724)
[c=1877000000]
[c=1878000000]
cosim: 711000000 retirements ok (pc=ffffffff800f7698)
[c=1879000000]
[c=1880000000]
[c=1881000000]
cosim: 712000000 retirements ok (pc=ffffffff802714ec)
[c=1882000000]
[c=1883000000]
cosim: 713000000 retirements ok (pc=ffffffff800f775e)
[c=1884000000]
[c=1885000000]
[c=1886000000]
cosim: 714000000 retirements ok (pc=ffffffff80261e22)
[c=1887000000]
[c=1888000000]
[c=1889000000]
cosim: 715000000 retirements ok (pc=ffffffff800f775e)
[c=1890000000]
[c=1891000000]
cosim: 716000000 retirements ok (pc=ffffffff800f7728)
[c=1892000000]
[c=1893000000]
cosim: 717000000 retirements ok (pc=ffffffff808e2938)
[c=1894000000]
[c=1895000000]
[c=1896000000]
cosim: 718000000 retirements ok (pc=ffffffff808e2934)
[c=1897000000]
[c=1898000000]
cosim: 719000000 retirements ok (pc=ffffffff800f769c)
[c=1899000000]
[c=1900000000]
[c=1901000000]
cosim: 720000000 retirements ok (pc=ffffffff808e2936)
[c=1902000000]
[c=1903000000]
cosim: 721000000 retirements ok (pc=ffffffff800ae538)
[c=1904000000]
[c=1905000000]
cosim: 722000000 retirements ok (pc=ffffffff800f76c2)
[c=1906000000]
[c=1907000000]
[c=1908000000]
cosim: 723000000 retirements ok (pc=ffffffff800f775e)
[c=1909000000]
[c=1910000000]
cosim: 724000000 retirements ok (pc=ffffffff8009c1a0)
[c=1911000000]
[c=1912000000]
[c=1913000000]
cosim: 725000000 retirements ok (pc=ffffffff80253734)
[c=1914000000]
[c=1915000000]
[c=1916000000]
cosim: 726000000 retirements ok (pc=ffffffff800a10ee)
[c=1917000000]
[c=1918000000]
cosim: 727000000 retirements ok (pc=ffffffff804ab0fa)
[c=1919000000]
[c=1920000000]
[c=1921000000]
cosim: 728000000 retirements ok (pc=ffffffff800f775e)
[c=1922000000]
[c=1923000000]
cosim: 729000000 retirements ok (pc=ffffffff808e2944)
[c=1924000000]
[c=1925000000]
[c=1926000000]
cosim: 730000000 retirements ok (pc=ffffffff800f77e6)
[c=1927000000]
[c=1928000000]
cosim: 731000000 retirements ok (pc=ffffffff800f76a6)
[c=1929000000]
[c=1930000000]
[c=1931000000]
cosim: 732000000 retirements ok (pc=ffffffff8024a4dc)
[c=1932000000]
[c=1933000000]
[c=1934000000]
cosim: 733000000 retirements ok (pc=ffffffff800f776a)
[c=1935000000]
[c=1936000000]
cosim: 734000000 retirements ok (pc=ffffffff808e293e)
[c=1937000000]
[c=1938000000]
[c=1939000000]
cosim: 735000000 retirements ok (pc=ffffffff808e28e0)
[c=1940000000]
[c=1941000000]
cosim: 736000000 retirements ok (pc=ffffffff808d9100)
[c=1942000000]
[c=1943000000]
[c=1944000000]
cosim: 737000000 retirements ok (pc=ffffffff8004bf40)
[c=1945000000]
[c=1946000000]
cosim: 738000000 retirements ok (pc=ffffffff800f77e0)
[c=1947000000]
[c=1948000000]
[c=1949000000]
cosim: 739000000 retirements ok (pc=ffffffff808e2936)
[c=1950000000]
[c=1951000000]
cosim: 740000000 retirements ok (pc=ffffffff808e293c)
[c=1952000000]
[c=1953000000]
[c=1954000000]
cosim: 741000000 retirements ok (pc=ffffffff808e2c90)
[c=1955000000]
[c=1956000000]
cosim: 742000000 retirements ok (pc=ffffffff800f76bc)
[c=1957000000]
[c=1958000000]
[c=1959000000]
cosim: 743000000 retirements ok (pc=ffffffff80264d92)
[c=1960000000]
[c=1961000000]
cosim: 744000000 retirements ok (pc=ffffffff800f76c6)
[c=1962000000]
[c=1963000000]
[c=1964000000]
cosim: 745000000 retirements ok (pc=ffffffff808e2c92)
[c=1965000000]
[c=1966000000]
cosim: 746000000 retirements ok (pc=ffffffff800f76b0)
[c=1967000000]
[c=1968000000]
[c=1969000000]
cosim: 747000000 retirements ok (pc=ffffffff800f7724)
[c=1970000000]
[c=1971000000]
cosim: 748000000 retirements ok (pc=ffffffff808e2bee)
[c=1972000000]
[c=1973000000]
[c=1974000000]
cosim: 749000000 retirements ok (pc=ffffffff800f769e)
[c=1975000000]
[c=1976000000]
[c=1977000000]
cosim: 750000000 retirements ok (pc=ffffffff800f76c6)
[c=1978000000]
[c=1979000000]
cosim: 751000000 retirements ok (pc=ffffffff800f76a6)
[c=1980000000]
[c=1981000000]
[c=1982000000]
cosim: 752000000 retirements ok (pc=ffffffff808e2c90)
[c=1983000000]
[c=1984000000]
cosim: 753000000 retirements ok (pc=ffffffff808e294a)
[c=1985000000]
[c=1986000000]
[c=1987000000]
cosim: 754000000 retirements ok (pc=ffffffff804ab0e4)
[c=1988000000]
[c=1989000000]
cosim: 755000000 retirements ok (pc=ffffffff804ae2fc)
[c=1990000000]
[c=1991000000]
[c=1992000000]
cosim: 756000000 retirements ok (pc=ffffffff808e2934)
[c=1993000000]
[c=1994000000]
cosim: 757000000 retirements ok (pc=ffffffff800f7758)
[c=1995000000]
[c=1996000000]
[c=1997000000]
cosim: 758000000 retirements ok (pc=ffffffff800c9cfe)
[c=1998000000]
[c=1999000000]
[c=2000000000]
cosim: 759000000 retirements ok (pc=ffffffff80059e74)
[c=2001000000]
[c=2002000000]
cosim: 760000000 retirements ok (pc=ffffffff800f769e)
[c=2003000000]
[c=2004000000]
[c=2005000000]
cosim: 761000000 retirements ok (pc=ffffffff800f38ac)
[c=2006000000]
[c=2007000000]
cosim: 762000000 retirements ok (pc=ffffffff808e2934)
[c=2008000000]
[c=2009000000]
[c=2010000000]
cosim: 763000000 retirements ok (pc=ffffffff800f3844)
[c=2011000000]
[c=2012000000]
[c=2013000000]
cosim: 764000000 retirements ok (pc=ffffffff8004d108)
[c=2014000000]
[c=2015000000]
cosim: 765000000 retirements ok (pc=ffffffff800f76a2)
[c=2016000000]
[c=2017000000]
[c=2018000000]
cosim: 766000000 retirements ok (pc=ffffffff808e2c8c)
[c=2019000000]
[c=2020000000]
cosim: 767000000 retirements ok (pc=ffffffff800f77e2)
[c=2021000000]
[c=2022000000]
[c=2023000000]
cosim: 768000000 retirements ok (pc=ffffffff800f77f8)
[c=2024000000]
[c=2025000000]
[c=2026000000]
cosim: 769000000 retirements ok (pc=ffffffff808e2938)
[c=2027000000]
[c=2028000000]
cosim: 770000000 retirements ok (pc=ffffffff801a7986)
[c=2029000000]
[c=2030000000]
[c=2031000000]
cosim: 771000000 retirements ok (pc=ffffffff800f7698)
[c=2032000000]
[c=2033000000]
cosim: 772000000 retirements ok (pc=ffffffff800f775e)
[c=2034000000]
[c=2035000000]
[c=2036000000]
cosim: 773000000 retirements ok (pc=ffffffff800f77f0)
[c=2037000000]
[c=2038000000]
cosim: 774000000 retirements ok (pc=ffffffff808e293c)
[c=2039000000]
[c=2040000000]
cosim: 775000000 retirements ok (pc=ffffffff800f77e8)
[c=2041000000]
[c=2042000000]
[c=2043000000]
cosim: 776000000 retirements ok (pc=ffffffff808e2938)
[c=2044000000]
[c=2045000000]
cosim: 777000000 retirements ok (pc=ffffffff800585ea)
[c=2046000000]
[c=2047000000]
cosim: 778000000 retirements ok (pc=ffffffff80058382)
[c=2048000000]
[c=2049000000]
[c=2050000000]
cosim: 779000000 retirements ok (pc=ffffffff80059d4a)
[c=2051000000]
[c=2052000000]
[c=2053000000]
cosim: 780000000 retirements ok (pc=ffffffff800f77fa)
[c=2054000000]
[c=2055000000]
cosim: 781000000 retirements ok (pc=ffffffff800f77e2)
[c=2056000000]
[c=2057000000]
[c=2058000000]
cosim: 782000000 retirements ok (pc=ffffffff808de248)
[c=2059000000]
[c=2060000000]
cosim: 783000000 retirements ok (pc=ffffffff808e2d16)
[c=2061000000]
[c=2062000000]
[c=2063000000]
cosim: 784000000 retirements ok (pc=ffffffff800f77f4)
[c=2064000000]
[c=2065000000]
cosim: 785000000 retirements ok (pc=ffffffff8004f102)
[c=2066000000]
[c=2067000000]
[c=2068000000]
cosim: 786000000 retirements ok (pc=ffffffff8002507e)
[c=2069000000]
[c=2070000000]
cosim: 787000000 retirements ok (pc=ffffffff808e1742)
[c=2071000000]
[c=2072000000]
[c=2073000000]
cosim: 788000000 retirements ok (pc=ffffffff80063ef8)
[c=2074000000]
[c=2075000000]
cosim: 789000000 retirements ok (pc=ffffffff80a02d4e)
[c=2076000000]
[c=2077000000]
[c=2078000000]
cosim: 790000000 retirements ok (pc=ffffffff8005865e)
[c=2079000000]
[c=2080000000]
cosim: 791000000 retirements ok (pc=ffffffff8004e07c)
[c=2081000000]
[c=2082000000]
[c=2083000000]
cosim: 792000000 retirements ok (pc=ffffffff800f7720)
[c=2084000000]
[c=2085000000]
cosim: 793000000 retirements ok (pc=ffffffff800f76c2)
[c=2086000000]
[c=2087000000]
[c=2088000000]
cosim: 794000000 retirements ok (pc=ffffffff800f76c2)
[c=2089000000]
[c=2090000000]
cosim: 795000000 retirements ok (pc=ffffffff800f77e8)
[c=2091000000]
[c=2092000000]
[c=2093000000]
cosim: 796000000 retirements ok (pc=ffffffff804ab022)
[c=2094000000]
[c=2095000000]
cosim: 797000000 retirements ok (pc=ffffffff800f77e6)
[c=2096000000]
[c=2097000000]
[c=2098000000]
cosim: 798000000 retirements ok (pc=ffffffff8005d308)
[c=2099000000]
[c=2100000000]
cosim: 799000000 retirements ok (pc=ffffffff800f76aa)
[c=2101000000]
[c=2102000000]
[c=2103000000]
cosim: 800000000 retirements ok (pc=ffffffff80065292)
[c=2104000000]
[c=2105000000]
cosim: 801000000 retirements ok (pc=ffffffff80265602)
[c=2106000000]
[c=2107000000]
[c=2108000000]
cosim: 802000000 retirements ok (pc=ffffffff800f7766)
[c=2109000000]
[c=2110000000]
cosim: 803000000 retirements ok (pc=ffffffff808e2d16)
[c=2111000000]
[c=2112000000]
[c=2113000000]
cosim: 804000000 retirements ok (pc=ffffffff808e2d12)
[c=2114000000]
[c=2115000000]
[c=2116000000]
cosim: 805000000 retirements ok (pc=ffffffff808e2d12)
[c=2117000000]
[c=2118000000]
cosim: 806000000 retirements ok (pc=ffffffff800f771e)
[c=2119000000]
[c=2120000000]
[c=2121000000]
cosim: 807000000 retirements ok (pc=ffffffff800af1a0)
[c=2122000000]
[c=2123000000]
cosim: 808000000 retirements ok (pc=ffffffff8006431c)
[c=2124000000]
[c=2125000000]
cosim: 809000000 retirements ok (pc=ffffffff8024896a)
[c=2126000000]
[c=2127000000]
[c=2128000000]
cosim: 810000000 retirements ok (pc=ffffffff808e2948)
[c=2129000000]
[c=2130000000]
cosim: 811000000 retirements ok (pc=ffffffff808e29c0)
[c=2131000000]
[c=2132000000]
[c=2133000000]
cosim: 812000000 retirements ok (pc=ffffffff808e293e)
[c=2134000000]
[c=2135000000]
cosim: 813000000 retirements ok (pc=ffffffff800f77fa)
[c=2136000000]
[c=2137000000]
[c=2138000000]
cosim: 814000000 retirements ok (pc=ffffffff800f76b0)
[c=2139000000]
[c=2140000000]
cosim: 815000000 retirements ok (pc=ffffffff808e2c96)
[c=2141000000]
[c=2142000000]
[c=2143000000]
cosim: 816000000 retirements ok (pc=ffffffff802714a2)
[c=2144000000]
[c=2145000000]
cosim: 817000000 retirements ok (pc=ffffffff800f7720)
[c=2146000000]
[c=2147000000]
[c=2148000000]
cosim: 818000000 retirements ok (pc=ffffffff800f7756)
[c=2149000000]
[c=2150000000]
cosim: 819000000 retirements ok (pc=ffffffff800f76bc)
[c=2151000000]
[c=2152000000]
[c=2153000000]
cosim: 820000000 retirements ok (pc=ffffffff800a572a)
[c=2154000000]
[c=2155000000]
cosim: 821000000 retirements ok (pc=ffffffff804ab0e4)
[c=2156000000]
[c=2157000000]
[c=2158000000]
cosim: 822000000 retirements ok (pc=ffffffff80265628)
[c=2159000000]
[c=2160000000]
[c=2161000000]
cosim: 823000000 retirements ok (pc=ffffffff808e293e)
[c=2162000000]
[c=2163000000]
cosim: 824000000 retirements ok (pc=ffffffff800af6ca)
[c=2164000000]
[c=2165000000]
[c=2166000000]
cosim: 825000000 retirements ok (pc=ffffffff800a4060)
[c=2167000000]
[c=2168000000]
cosim: 826000000 retirements ok (pc=ffffffff80531212)
[c=2169000000]
[c=2170000000]
[c=2171000000]
cosim: 827000000 retirements ok (pc=ffffffff80055826)
[c=2172000000]
[c=2173000000]
cosim: 828000000 retirements ok (pc=ffffffff8024c1ea)
[c=2174000000]
[c=2175000000]
[c=2176000000]
cosim: 829000000 retirements ok (pc=ffffffff80a02106)
[c=2177000000]
[c=2178000000]
[c=2179000000]
cosim: 830000000 retirements ok (pc=ffffffff800a3836)
[c=2180000000]
[c=2181000000]
cosim: 831000000 retirements ok (pc=ffffffff800f7752)
[c=2182000000]
[c=2183000000]
[c=2184000000]
cosim: 832000000 retirements ok (pc=ffffffff800f76a2)
[c=2185000000]
[c=2186000000]
[c=2187000000]
cosim: 833000000 retirements ok (pc=ffffffff800f76bc)
[c=2188000000]
[c=2189000000]
cosim: 834000000 retirements ok (pc=ffffffff801a294a)
[c=2190000000]
[c=2191000000]
[c=2192000000]
cosim: 835000000 retirements ok (pc=ffffffff801b4760)
[c=2193000000]
[c=2194000000]
[c=2195000000]
cosim: 836000000 retirements ok (pc=ffffffff800f771e)
[c=2196000000]
[c=2197000000]
[c=2198000000]
cosim: 837000000 retirements ok (pc=ffffffff808e2938)
[c=2199000000]
[c=2200000000]
cosim: 838000000 retirements ok (pc=ffffffff800f76c2)
[c=2201000000]
[c=2202000000]
[c=2203000000]
cosim: 839000000 retirements ok (pc=ffffffff800f76b8)
[c=2204000000]
[c=2205000000]
cosim: 840000000 retirements ok (pc=ffffffff800f76ac)
[c=2206000000]
[c=2207000000]
[c=2208000000]
cosim: 841000000 retirements ok (pc=ffffffff804a3eb2)
[c=2209000000]
[c=2210000000]
cosim: 842000000 retirements ok (pc=ffffffff8027affa)
[c=2211000000]
[c=2212000000]
[c=2213000000]
cosim: 843000000 retirements ok (pc=ffffffff80288a4a)
[c=2214000000]
[c=2215000000]
[c=2216000000]
cosim: 844000000 retirements ok (pc=ffffffff800f76c6)
[c=2217000000]
[c=2218000000]
cosim: 845000000 retirements ok (pc=ffffffff808e2936)
[c=2219000000]
[c=2220000000]
cosim: 846000000 retirements ok (pc=ffffffff8007eea4)
[c=2221000000]
[c=2222000000]
[c=2223000000]
cosim: 847000000 retirements ok (pc=ffffffff800f76b0)
[c=2224000000]
[c=2225000000]
cosim: 848000000 retirements ok (pc=ffffffff800f775e)
[c=2226000000]
[c=2227000000]
[c=2228000000]
cosim: 849000000 retirements ok (pc=ffffffff800f76c6)
[c=2229000000]
[c=2230000000]
cosim: 850000000 retirements ok (pc=ffffffff8006c2e2)
[c=2231000000]
[c=2232000000]
[c=2233000000]
cosim: 851000000 retirements ok (pc=ffffffff800f77f8)
[c=2234000000]
[c=2235000000]
cosim: 852000000 retirements ok (pc=ffffffff808e2936)
[c=2236000000]
[c=2237000000]
cosim: 853000000 retirements ok (pc=ffffffff800f77e0)
[c=2238000000]
[c=2239000000]
[c=2240000000]
cosim: 854000000 retirements ok (pc=ffffffff804ab0e8)
[c=2241000000]
[c=2242000000]
[c=2243000000]
cosim: 855000000 retirements ok (pc=ffffffff800f77ec)
[c=2244000000]
[c=2245000000]
cosim: 856000000 retirements ok (pc=ffffffff800a3fb8)
[c=2246000000]
[c=2247000000]
[c=2248000000]
cosim: 857000000 retirements ok (pc=ffffffff800549ca)
[c=2249000000]
[c=2250000000]
cosim: 858000000 retirements ok (pc=ffffffff800f77e2)
[c=2251000000]
[c=2252000000]
[c=2253000000]
cosim: 859000000 retirements ok (pc=ffffffff802549ae)
[c=2254000000]
[c=2255000000]
cosim: 860000000 retirements ok (pc=ffffffff808e2d1e)
[c=2256000000]
[c=2257000000]
[c=2258000000]
cosim: 861000000 retirements ok (pc=ffffffff808e2d1e)
[c=2259000000]
[c=2260000000]
cosim: 862000000 retirements ok (pc=ffffffff800f77e6)
[c=2261000000]
[c=2262000000]
[c=2263000000]
cosim: 863000000 retirements ok (pc=ffffffff802655c4)
[c=2264000000]
[c=2265000000]
cosim: 864000000 retirements ok (pc=ffffffff80265606)
[c=2266000000]
[c=2267000000]
[c=2268000000]
cosim: 865000000 retirements ok (pc=ffffffff800f76b0)
[c=2269000000]
[c=2270000000]
cosim: 866000000 retirements ok (pc=ffffffff800f769c)
[c=2271000000]
[c=2272000000]
[c=2273000000]
cosim: 867000000 retirements ok (pc=ffffffff808d51b2)
[c=2274000000]
[c=2275000000]
[c=2276000000]
cosim: 868000000 retirements ok (pc=ffffffff800f7770)
[c=2277000000]
[c=2278000000]
cosim: 869000000 retirements ok (pc=ffffffff808e00c2)
[c=2279000000]
[c=2280000000]
[c=2281000000]
cosim: 870000000 retirements ok (pc=ffffffff80058460)
[c=2282000000]
[c=2283000000]
cosim: 871000000 retirements ok (pc=ffffffff800f7758)
[c=2284000000]
[c=2285000000]
[c=2286000000]
cosim: 872000000 retirements ok (pc=ffffffff804a333e)
[c=2287000000]
[c=2288000000]
cosim: 873000000 retirements ok (pc=ffffffff800f775a)
[c=2289000000]
[c=2290000000]
[c=2291000000]
cosim: 874000000 retirements ok (pc=ffffffff800f76b0)
[c=2292000000]
[c=2293000000]
[c=2294000000]
cosim: 875000000 retirements ok (pc=ffffffff800f76d4)
[c=2295000000]
[c=2296000000]
[c=2297000000]
cosim: 876000000 retirements ok (pc=ffffffff800f76a6)
[c=2298000000]
[c=2299000000]
cosim: 877000000 retirements ok (pc=ffffffff800f77e2)
[c=2300000000]
[c=2301000000]
[c=2302000000]
cosim: 878000000 retirements ok (pc=ffffffff808e6938)
[c=2303000000]
[c=2304000000]
[c=2305000000]
cosim: 879000000 retirements ok (pc=ffffffff802489aa)
[c=2306000000]
[c=2307000000]
[c=2308000000]
cosim: 880000000 retirements ok (pc=ffffffff800f7694)
[c=2309000000]
[c=2310000000]
cosim: 881000000 retirements ok (pc=ffffffff808e2938)
[c=2311000000]
[c=2312000000]
cosim: 882000000 retirements ok (pc=ffffffff800f775e)
[c=2313000000]
[c=2314000000]
[c=2315000000]
cosim: 883000000 retirements ok (pc=ffffffff808e293e)
[c=2316000000]
[c=2317000000]
cosim: 884000000 retirements ok (pc=ffffffff800f76ac)
[c=2318000000]
[c=2319000000]
[c=2320000000]
cosim: 885000000 retirements ok (pc=ffffffff800f76c2)
[c=2321000000]
[c=2322000000]
cosim: 886000000 retirements ok (pc=ffffffff808e2d16)
[c=2323000000]
[c=2324000000]
cosim: 887000000 retirements ok (pc=ffffffff800f769c)
[c=2325000000]
[c=2326000000]
[c=2327000000]
cosim: 888000000 retirements ok (pc=ffffffff800f7758)
[c=2328000000]
[c=2329000000]
cosim: 889000000 retirements ok (pc=ffffffff801ae328)
[c=2330000000]
[c=2331000000]
[c=2332000000]
cosim: 890000000 retirements ok (pc=ffffffff800f7718)
[c=2333000000]
[c=2334000000]
cosim: 891000000 retirements ok (pc=ffffffff808e2936)
[c=2335000000]
[c=2336000000]
cosim: 892000000 retirements ok (pc=ffffffff800f7698)
[c=2337000000]
[c=2338000000]
[c=2339000000]
cosim: 893000000 retirements ok (pc=ffffffff808e293e)
[c=2340000000]
[c=2341000000]
cosim: 894000000 retirements ok (pc=ffffffff800ae4e4)
[c=2342000000]
[c=2343000000]
[c=2344000000]
cosim: 895000000 retirements ok (pc=ffffffff800f76c0)
[c=2345000000]
[c=2346000000]
cosim: 896000000 retirements ok (pc=ffffffff808e2934)
[c=2347000000]
[c=2348000000]
cosim: 897000000 retirements ok (pc=ffffffff800f77f4)
[c=2349000000]
[c=2350000000]
[c=2351000000]
cosim: 898000000 retirements ok (pc=ffffffff800f76a6)
[c=2352000000]
[c=2353000000]
cosim: 899000000 retirements ok (pc=ffffffff800f7698)
[c=2354000000]
[c=2355000000]
cosim: 900000000 retirements ok (pc=ffffffff808e293e)
[c=2356000000]
[c=2357000000]
[c=2358000000]
cosim: 901000000 retirements ok (pc=ffffffff800f768c)
[c=2359000000]
[c=2360000000]
cosim: 902000000 retirements ok (pc=ffffffff808e2934)
[c=2361000000]
[c=2362000000]
[c=2363000000]
cosim: 903000000 retirements ok (pc=ffffffff800af5e6)
[c=2364000000]
[c=2365000000]
cosim: 904000000 retirements ok (pc=ffffffff800f76ac)
[c=2366000000]
[c=2367000000]
cosim: 905000000 retirements ok (pc=ffffffff800c41cc)
[c=2368000000]
[c=2369000000]
[c=2370000000]
cosim: 906000000 retirements ok (pc=ffffffff800f76a2)
[c=2371000000]
[c=2372000000]
cosim: 907000000 retirements ok (pc=ffffffff801a7998)
[c=2373000000]
[c=2374000000]
[c=2375000000]
cosim: 908000000 retirements ok (pc=ffffffff800f7728)
[c=2376000000]
[c=2377000000]
cosim: 909000000 retirements ok (pc=ffffffff800f771e)
[c=2378000000]
[c=2379000000]
[c=2380000000]
cosim: 910000000 retirements ok (pc=ffffffff808e28ea)
[c=2381000000]
[c=2382000000]
[c=2383000000]
cosim: 911000000 retirements ok (pc=ffffffff808e28f0)
[c=2384000000]
[c=2385000000]
[c=2386000000]
cosim: 912000000 retirements ok (pc=ffffffff800f76b8)
[c=2387000000]
[c=2388000000]
cosim: 913000000 retirements ok (pc=ffffffff800f7758)
[c=2389000000]
[c=2390000000]
[c=2391000000]
cosim: 914000000 retirements ok (pc=ffffffff800f76a2)
[c=2392000000]
[c=2393000000]
[c=2394000000]
cosim: 915000000 retirements ok (pc=ffffffff800a11fe)
[c=2395000000]
[c=2396000000]
cosim: 916000000 retirements ok (pc=ffffffff80261ee0)
[c=2397000000]
[c=2398000000]
[c=2399000000]
cosim: 917000000 retirements ok (pc=ffffffff808e2b12)
[c=2400000000]
[c=2401000000]
cosim: 918000000 retirements ok (pc=ffffffff800af1ca)
[c=2402000000]
[c=2403000000]
[c=2404000000]
cosim: 919000000 retirements ok (pc=ffffffff802470f4)
[c=2405000000]
[c=2406000000]
cosim: 920000000 retirements ok (pc=ffffffff800f76a6)
[c=2407000000]
[c=2408000000]
[c=2409000000]
cosim: 921000000 retirements ok (pc=ffffffff800f775a)
[c=2410000000]
[c=2411000000]
[c=2412000000]
cosim: 922000000 retirements ok (pc=ffffffff800f76ce)
[c=2413000000]
[c=2414000000]
cosim: 923000000 retirements ok (pc=ffffffff80264dcc)
[c=2415000000]
[c=2416000000]
[c=2417000000]
cosim: 924000000 retirements ok (pc=ffffffff800568fe)
[c=2418000000]
[c=2419000000]
[c=2420000000]
cosim: 925000000 retirements ok (pc=ffffffff800f76a2)
[c=2421000000]
[c=2422000000]
cosim: 926000000 retirements ok (pc=ffffffff800f76a6)
[c=2423000000]
[c=2424000000]
[c=2425000000]
cosim: 927000000 retirements ok (pc=ffffffff808e28c0)
[c=2426000000]
[c=2427000000]
[c=2428000000]
cosim: 928000000 retirements ok (pc=ffffffff800f7720)
[c=2429000000]
[c=2430000000]
[c=2431000000]
cosim: 929000000 retirements ok (pc=ffffffff808d530a)
[c=2432000000]
[c=2433000000]
cosim: 930000000 retirements ok (pc=ffffffff800f7724)
[c=2434000000]
[c=2435000000]
[c=2436000000]
cosim: 931000000 retirements ok (pc=ffffffff800f775a)
[c=2437000000]
[c=2438000000]
[c=2439000000]
cosim: 932000000 retirements ok (pc=ffffffff800f775a)
[c=2440000000]
[c=2441000000]
cosim: 933000000 retirements ok (pc=ffffffff800f76a2)
[c=2442000000]
[c=2443000000]
[c=2444000000]
cosim: 934000000 retirements ok (pc=ffffffff800f769c)
[c=2445000000]
[c=2446000000]
[c=2447000000]
cosim: 935000000 retirements ok (pc=ffffffff8020dd3c)
[c=2448000000]
[c=2449000000]
cosim: 936000000 retirements ok (pc=ffffffff80249680)
[c=2450000000]
[c=2451000000]
[c=2452000000]
cosim: 937000000 retirements ok (pc=ffffffff80079fce)
[c=2453000000]
[c=2454000000]
cosim: 938000000 retirements ok (pc=ffffffff800a47d0)
[c=2455000000]
[c=2456000000]
[c=2457000000]
cosim: 939000000 retirements ok (pc=ffffffff808e2900)
[c=2458000000]
[c=2459000000]
[c=2460000000]
cosim: 940000000 retirements ok (pc=ffffffff804ab042)
[c=2461000000]
[c=2462000000]
cosim: 941000000 retirements ok (pc=ffffffff800f769e)
[c=2463000000]
[c=2464000000]
[c=2465000000]
cosim: 942000000 retirements ok (pc=ffffffff802768ea)
[c=2466000000]
[c=2467000000]
[c=2468000000]
cosim: 943000000 retirements ok (pc=ffffffff8043a40c)
[c=2469000000]
[c=2470000000]
cosim: 944000000 retirements ok (pc=ffffffff800f76aa)
[c=2471000000]
[c=2472000000]
[c=2473000000]
cosim: 945000000 retirements ok (pc=ffffffff808e2936)
[c=2474000000]
[c=2475000000]
cosim: 946000000 retirements ok (pc=ffffffff800f775e)
[c=2476000000]
[c=2477000000]
cosim: 947000000 retirements ok (pc=ffffffff808e2b80)
[c=2478000000]
[c=2479000000]
[c=2480000000]
cosim: 948000000 retirements ok (pc=ffffffff808e293c)
[c=2481000000]
[c=2482000000]
[c=2483000000]
cosim: 949000000 retirements ok (pc=ffffffff808d4764)
[c=2484000000]
[c=2485000000]
cosim: 950000000 retirements ok (pc=ffffffff80260e60)
[c=2486000000]
[c=2487000000]
[c=2488000000]
cosim: 951000000 retirements ok (pc=ffffffff8004dcde)
[c=2489000000]
[c=2490000000]
[c=2491000000]
cosim: 952000000 retirements ok (pc=ffffffff8027c846)
[c=2492000000]
[c=2493000000]
cosim: 953000000 retirements ok (pc=ffffffff804ab0f8)
[c=2494000000]
[c=2495000000]
[c=2496000000]
cosim: 954000000 retirements ok (pc=ffffffff808e6924)
[c=2497000000]
[c=2498000000]
cosim: 955000000 retirements ok (pc=ffffffff8027afc4)
[c=2499000000]
[c=2500000000]
[c=2501000000]
cosim: 956000000 retirements ok (pc=ffffffff800f7772)
[c=2502000000]
[c=2503000000]
[c=2504000000]
cosim: 957000000 retirements ok (pc=ffffffff808e2934)
[c=2505000000]
[c=2506000000]
cosim: 958000000 retirements ok (pc=ffffffff80064024)
[c=2507000000]
[c=2508000000]
[c=2509000000]
cosim: 959000000 retirements ok (pc=ffffffff800f77f4)
[c=2510000000]
[c=2511000000]
[c=2512000000]
cosim: 960000000 retirements ok (pc=ffffffff808e294a)
[c=2513000000]
[c=2514000000]
cosim: 961000000 retirements ok (pc=ffffffff800f7772)
[c=2515000000]
[c=2516000000]
[c=2517000000]
cosim: 962000000 retirements ok (pc=ffffffff800f7752)
[c=2518000000]
[c=2519000000]
[c=2520000000]
cosim: 963000000 retirements ok (pc=ffffffff800f77fa)
[c=2521000000]
[c=2522000000]
[c=2523000000]
cosim: 964000000 retirements ok (pc=ffffffff80057448)
[c=2524000000]
[c=2525000000]
cosim: 965000000 retirements ok (pc=ffffffff8025633a)
[c=2526000000]
[c=2527000000]
[c=2528000000]
cosim: 966000000 retirements ok (pc=ffffffff8027144e)
[c=2529000000]
[c=2530000000]
[c=2531000000]
cosim: 967000000 retirements ok (pc=ffffffff8021a1ee)
[c=2532000000]
[c=2533000000]
cosim: 968000000 retirements ok (pc=ffffffff800f769c)
[c=2534000000]
[c=2535000000]
[c=2536000000]
cosim: 969000000 retirements ok (pc=ffffffff800f775e)
[c=2537000000]
[c=2538000000]
[c=2539000000]
cosim: 970000000 retirements ok (pc=ffffffff800a17ea)
[c=2540000000]
[c=2541000000]
[c=2542000000]
cosim: 971000000 retirements ok (pc=ffffffff80261e26)
[c=2543000000]
[c=2544000000]
[c=2545000000]
cosim: 972000000 retirements ok (pc=ffffffff808e6928)
[c=2546000000]
[c=2547000000]
cosim: 973000000 retirements ok (pc=ffffffff800f76a6)
[c=2548000000]
[c=2549000000]
[c=2550000000]
cosim: 974000000 retirements ok (pc=ffffffff800a393e)
[c=2551000000]
[c=2552000000]
[c=2553000000]
cosim: 975000000 retirements ok (pc=ffffffff808ee380)
[c=2554000000]
[c=2555000000]
cosim: 976000000 retirements ok (pc=ffffffff8026560a)
[c=2556000000]
[c=2557000000]
[c=2558000000]
cosim: 977000000 retirements ok (pc=ffffffff800f775a)
[c=2559000000]
[c=2560000000]
[c=2561000000]
cosim: 978000000 retirements ok (pc=ffffffff800a24ec)
[c=2562000000]
[c=2563000000]
[c=2564000000]
cosim: 979000000 retirements ok (pc=ffffffff800f76b4)
[c=2565000000]
[c=2566000000]
cosim: 980000000 retirements ok (pc=ffffffff800a2240)
[c=2567000000]
[c=2568000000]
[c=2569000000]
cosim: 981000000 retirements ok (pc=ffffffff800f769c)
[c=2570000000]
[c=2571000000]
[c=2572000000]
cosim: 982000000 retirements ok (pc=ffffffff800f775a)
[c=2573000000]
[c=2574000000]
[c=2575000000]
cosim: 983000000 retirements ok (pc=ffffffff800f76bc)
[c=2576000000]
[c=2577000000]
cosim: 984000000 retirements ok (pc=ffffffff800f77ec)
[c=2578000000]
[c=2579000000]
[c=2580000000]
cosim: 985000000 retirements ok (pc=ffffffff800f77e8)
[c=2581000000]
[c=2582000000]
[c=2583000000]
cosim: 986000000 retirements ok (pc=ffffffff802655b8)
[c=2584000000]
[c=2585000000]
cosim: 987000000 retirements ok (pc=ffffffff808e7248)
[c=2586000000]
[c=2587000000]
[c=2588000000]
cosim: 988000000 retirements ok (pc=ffffffff80251b96)
[c=2589000000]
[c=2590000000]
[c=2591000000]
cosim: 989000000 retirements ok (pc=ffffffff808d4764)
[c=2592000000]
[c=2593000000]
cosim: 990000000 retirements ok (pc=ffffffff800f76a6)
[c=2594000000]
[c=2595000000]
[c=2596000000]
cosim: 991000000 retirements ok (pc=ffffffff800f77f8)
[c=2597000000]
[c=2598000000]
[c=2599000000]
cosim: 992000000 retirements ok (pc=ffffffff80059952)
[c=2600000000]
[c=2601000000]
cosim: 993000000 retirements ok (pc=ffffffff800f77f8)
[c=2602000000]
[c=2603000000]
[c=2604000000]
cosim: 994000000 retirements ok (pc=ffffffff800f769c)
[c=2605000000]
[c=2606000000]
[c=2607000000]
cosim: 995000000 retirements ok (pc=ffffffff800f76ac)
[c=2608000000]
[c=2609000000]
cosim: 996000000 retirements ok (pc=ffffffff800f77e8)
[c=2610000000]
[c=2611000000]
[c=2612000000]
cosim: 997000000 retirements ok (pc=ffffffff800f77e6)
[c=2613000000]
[c=2614000000]
cosim: 998000000 retirements ok (pc=ffffffff800a389e)
[c=2615000000]
[c=2616000000]
[c=2617000000]
cosim: 999000000 retirements ok (pc=ffffffff8005744c)
[c=2618000000]
[c=2619000000]
[c=2620000000]
cosim: 1000000000 retirements ok (pc=ffffffff800f76c0)
[c=2621000000]
[c=2622000000]
cosim: 1001000000 retirements ok (pc=ffffffff800ae53e)
[c=2623000000]
[c=2624000000]
[c=2625000000]
cosim: 1002000000 retirements ok (pc=ffffffff80064254)
[c=2626000000]
[c=2627000000]
cosim: 1003000000 retirements ok (pc=ffffffff80024ff8)
[c=2628000000]
[c=2629000000]
[c=2630000000]
cosim: 1004000000 retirements ok (pc=ffffffff808e2c90)
[c=2631000000]
[c=2632000000]
[c=2633000000]
cosim: 1005000000 retirements ok (pc=ffffffff800a599e)
[c=2634000000]
[c=2635000000]
cosim: 1006000000 retirements ok (pc=ffffffff808e29d6)
[c=2636000000]
[c=2637000000]
[c=2638000000]
cosim: 1007000000 retirements ok (pc=ffffffff800f772a)
[c=2639000000]
[c=2640000000]
cosim: 1008000000 retirements ok (pc=ffffffff808e2938)
[c=2641000000]
[c=2642000000]
[c=2643000000]
cosim: 1009000000 retirements ok (pc=ffffffff800f775e)
[c=2644000000]
[c=2645000000]
cosim: 1010000000 retirements ok (pc=ffffffff80260eb0)
[c=2646000000]
[c=2647000000]
[c=2648000000]
cosim: 1011000000 retirements ok (pc=ffffffff800f76c6)
[c=2649000000]
[c=2650000000]
cosim: 1012000000 retirements ok (pc=ffffffff800f76b0)
[c=2651000000]
[c=2652000000]
[c=2653000000]
cosim: 1013000000 retirements ok (pc=ffffffff800f769c)
[c=2654000000]
[c=2655000000]
cosim: 1014000000 retirements ok (pc=ffffffff800572ea)
[c=2656000000]
[c=2657000000]
[c=2658000000]
cosim: 1015000000 retirements ok (pc=ffffffff808e2d1e)
[c=2659000000]
[c=2660000000]
cosim: 1016000000 retirements ok (pc=ffffffff800a22be)
[c=2661000000]
[c=2662000000]
[c=2663000000]
cosim: 1017000000 retirements ok (pc=ffffffff808e2944)
[c=2664000000]
[c=2665000000]
[c=2666000000]
cosim: 1018000000 retirements ok (pc=ffffffff800a5988)
[c=2667000000]
[c=2668000000]
cosim: 1019000000 retirements ok (pc=ffffffff8018f5ae)
[c=2669000000]
[c=2670000000]
[c=2671000000]
cosim: 1020000000 retirements ok (pc=ffffffff80059e80)
[c=2672000000]
[c=2673000000]
cosim: 1021000000 retirements ok (pc=ffffffff800f7762)
[c=2674000000]
[c=2675000000]
[c=2676000000]
cosim: 1022000000 retirements ok (pc=ffffffff800f769e)
[c=2677000000]
[c=2678000000]
cosim: 1023000000 retirements ok (pc=ffffffff80276ed4)
[c=2679000000]
[c=2680000000]
[c=2681000000]
cosim: 1024000000 retirements ok (pc=ffffffff808e29d0)
[c=2682000000]
[c=2683000000]
cosim: 1025000000 retirements ok (pc=ffffffff8005471c)
[c=2684000000]
[c=2685000000]
[c=2686000000]
cosim: 1026000000 retirements ok (pc=ffffffff808e2c90)
[c=2687000000]
[c=2688000000]
cosim: 1027000000 retirements ok (pc=ffffffff800f7718)
[c=2689000000]
[c=2690000000]
cosim: 1028000000 retirements ok (pc=ffffffff800f76aa)
[c=2691000000]
[c=2692000000]
cosim: 1029000000 retirements ok (pc=ffffffff800f76b4)
[c=2693000000]
[c=2694000000]
[c=2695000000]
cosim: 1030000000 retirements ok (pc=ffffffff800643a6)
[c=2696000000]
[c=2697000000]
cosim: 1031000000 retirements ok (pc=ffffffff800f7718)
[c=2698000000]
[c=2699000000]
[c=2700000000]
cosim: 1032000000 retirements ok (pc=ffffffff800f7724)
[c=2701000000]
[c=2702000000]
[c=2703000000]
cosim: 1033000000 retirements ok (pc=ffffffff800f7698)
[c=2704000000]
[c=2705000000]
[c=2706000000]
cosim: 1034000000 retirements ok (pc=ffffffff8068b946)
[c=2707000000]
[c=2708000000]
[c=2709000000]
cosim: 1035000000 retirements ok (pc=ffffffff800f769e)
[c=2710000000]
[c=2711000000]
[c=2712000000]
cosim: 1036000000 retirements ok (pc=ffffffff800f76a6)
[c=2713000000]
[c=2714000000]
[c=2715000000]
cosim: 1037000000 retirements ok (pc=ffffffff800f775a)
[c=2716000000]
[c=2717000000]
[c=2718000000]
cosim: 1038000000 retirements ok (pc=ffffffff800f76bc)
[c=2719000000]
[c=2720000000]
[c=2721000000]
cosim: 1039000000 retirements ok (pc=ffffffff8004f84a)
[c=2722000000]
[c=2723000000]
[c=2724000000]
cosim: 1040000000 retirements ok (pc=ffffffff800f775a)
[c=2725000000]
[c=2726000000]
cosim: 1041000000 retirements ok (pc=ffffffff8020a6dc)
[c=2727000000]
[c=2728000000]
[c=2729000000]
cosim: 1042000000 retirements ok (pc=ffffffff808e2c90)
[c=2730000000]
[c=2731000000]
[c=2732000000]
cosim: 1043000000 retirements ok (pc=ffffffff8004bf60)
[c=2733000000]
[c=2734000000]
[c=2735000000]
cosim: 1044000000 retirements ok (pc=ffffffff8020bb1a)
[c=2736000000]
[c=2737000000]
[c=2738000000]
cosim: 1045000000 retirements ok (pc=ffffffff800f38b0)
[c=2739000000]
[c=2740000000]
[c=2741000000]
cosim: 1046000000 retirements ok (pc=ffffffff808e2b98)
[c=2742000000]
[c=2743000000]
[c=2744000000]
cosim: 1047000000 retirements ok (pc=ffffffff800f771a)
[c=2745000000]
[c=2746000000]
[c=2747000000]
cosim: 1048000000 retirements ok (pc=ffffffff800a088c)
[c=2748000000]
[c=2749000000]
[c=2750000000]
cosim: 1049000000 retirements ok (pc=ffffffff800f76ae)
[c=2751000000]
[c=2752000000]
[c=2753000000]
cosim: 1050000000 retirements ok (pc=ffffffff800f7786)
[c=2754000000]
[c=2755000000]
[c=2756000000]
cosim: 1051000000 retirements ok (pc=ffffffff800f768c)
[c=2757000000]
[c=2758000000]
[c=2759000000]
cosim: 1052000000 retirements ok (pc=ffffffff800f76ae)
[c=2760000000]
[c=2761000000]
[c=2762000000]
cosim: 1053000000 retirements ok (pc=ffffffff808e2b50)
[c=2763000000]
[c=2764000000]
[c=2765000000]
cosim: 1054000000 retirements ok (pc=ffffffff800f775a)
[c=2766000000]
[c=2767000000]
[c=2768000000]
cosim: 1055000000 retirements ok (pc=ffffffff8020a8ae)
[c=2769000000]
[c=2770000000]
[c=2771000000]
cosim: 1056000000 retirements ok (pc=ffffffff800f7732)
[c=2772000000]
[c=2773000000]
[c=2774000000]
cosim: 1057000000 retirements ok (pc=ffffffff808e2b68)
[c=2775000000]
[c=2776000000]
[c=2777000000]
cosim: 1058000000 retirements ok (pc=ffffffff800f7718)
[c=2778000000]
[c=2779000000]
[c=2780000000]
cosim: 1059000000 retirements ok (pc=ffffffff800f7756)
[c=2781000000]
[c=2782000000]
cosim: 1060000000 retirements ok (pc=ffffffff800f7758)
[c=2783000000]
[c=2784000000]
[c=2785000000]
cosim: 1061000000 retirements ok (pc=ffffffff800f7766)
[c=2786000000]
[c=2787000000]
[c=2788000000]
cosim: 1062000000 retirements ok (pc=ffffffff808e2ba8)
[c=2789000000]
[c=2790000000]
[c=2791000000]
cosim: 1063000000 retirements ok (pc=ffffffff800f76bc)
[c=2792000000]
[c=2793000000]
[c=2794000000]
cosim: 1064000000 retirements ok (pc=ffffffff800f7694)
[c=2795000000]
[c=2796000000]
[c=2797000000]
cosim: 1065000000 retirements ok (pc=ffffffff808e6694)
[c=2798000000]
[c=2799000000]
[c=2800000000]
cosim: 1066000000 retirements ok (pc=ffffffff800f775a)
[c=2801000000]
[c=2802000000]
[c=2803000000]
cosim: 1067000000 retirements ok (pc=ffffffff8020aa9e)
[c=2804000000]
[c=2805000000]
[c=2806000000]
cosim: 1068000000 retirements ok (pc=ffffffff800f7724)
[c=2807000000]
[c=2808000000]
[c=2809000000]
cosim: 1069000000 retirements ok (pc=ffffffff808e66c8)
[c=2810000000]
[c=2811000000]
[c=2812000000]
cosim: 1070000000 retirements ok (pc=ffffffff800f7724)
[c=2813000000]
[c=2814000000]
[c=2815000000]
cosim: 1071000000 retirements ok (pc=ffffffff800f7718)
[c=2816000000]
[c=2817000000]
[c=2818000000]
cosim: 1072000000 retirements ok (pc=ffffffff80209f3c)
[c=2819000000]
[c=2820000000]
[c=2821000000]
cosim: 1073000000 retirements ok (pc=ffffffff8020a8d2)
[c=2822000000]
[c=2823000000]
[c=2824000000]
cosim: 1074000000 retirements ok (pc=ffffffff800f7720)
[c=2825000000]
[c=2826000000]
[c=2827000000]
cosim: 1075000000 retirements ok (pc=ffffffff800f76b8)
[c=2828000000]
[c=2829000000]
[c=2830000000]
cosim: 1076000000 retirements ok (pc=ffffffff808e2b94)
[c=2831000000]
[c=2832000000]
cosim: 1077000000 retirements ok (pc=ffffffff808e2bc8)
[c=2833000000]
[c=2834000000]
[c=2835000000]
cosim: 1078000000 retirements ok (pc=ffffffff808e2b98)
[c=2836000000]
[c=2837000000]
[c=2838000000]
cosim: 1079000000 retirements ok (pc=ffffffff800f7728)
[c=2839000000]
[c=2840000000]
[c=2841000000]
cosim: 1080000000 retirements ok (pc=ffffffff800f7718)
[c=2842000000]
[c=2843000000]
[c=2844000000]
cosim: 1081000000 retirements ok (pc=ffffffff800ae530)
[c=2845000000]
[c=2846000000]
[c=2847000000]
cosim: 1082000000 retirements ok (pc=ffffffff800f76b4)
[c=2848000000]
[c=2849000000]
[c=2850000000]
cosim: 1083000000 retirements ok (pc=ffffffff808e2b88)
[c=2851000000]
[c=2852000000]
[c=2853000000]
cosim: 1084000000 retirements ok (pc=ffffffff800f7728)
[c=2854000000]
[c=2855000000]
[c=2856000000]
cosim: 1085000000 retirements ok (pc=ffffffff800f775a)
[c=2857000000]
[c=2858000000]
[c=2859000000]
cosim: 1086000000 retirements ok (pc=ffffffff808e2c96)
[c=2860000000]
[c=2861000000]
[c=2862000000]
cosim: 1087000000 retirements ok (pc=ffffffff808e2bb0)
[c=2863000000]
[c=2864000000]
[c=2865000000]
cosim: 1088000000 retirements ok (pc=ffffffff800f771a)
[c=2866000000]
[c=2867000000]
[c=2868000000]
cosim: 1089000000 retirements ok (pc=ffffffff800f7698)
[c=2869000000]
[c=2870000000]
[c=2871000000]
cosim: 1090000000 retirements ok (pc=ffffffff8020a57c)
[c=2872000000]
[c=2873000000]
[c=2874000000]
cosim: 1091000000 retirements ok (pc=ffffffff800f76c2)
[c=2875000000]
[c=2876000000]
[c=2877000000]
cosim: 1092000000 retirements ok (pc=ffffffff800f76b8)
[c=2878000000]
[c=2879000000]
[c=2880000000]
cosim: 1093000000 retirements ok (pc=ffffffff800f7756)
[c=2881000000]
[c=2882000000]
[c=2883000000]
cosim: 1094000000 retirements ok (pc=ffffffff800f7756)
[c=2884000000]
[c=2885000000]
[c=2886000000]
cosim: 1095000000 retirements ok (pc=ffffffff800f771a)
[c=2887000000]
[c=2888000000]
cosim: 1096000000 retirements ok (pc=ffffffff8020ac06)
[c=2889000000]
[c=2890000000]
[c=2891000000]
cosim: 1097000000 retirements ok (pc=ffffffff800f76c0)
[c=2892000000]
[c=2893000000]
[c=2894000000]
cosim: 1098000000 retirements ok (pc=ffffffff808d4f7c)
[c=2895000000]
[c=2896000000]
[c=2897000000]
cosim: 1099000000 retirements ok (pc=ffffffff800a5e16)
[c=2898000000]
[c=2899000000]
[c=2900000000]
cosim: 1100000000 retirements ok (pc=ffffffff808e2b4c)
[c=2901000000]
[c=2902000000]
[c=2903000000]
cosim: 1101000000 retirements ok (pc=ffffffff800f775e)
[c=2904000000]
[c=2905000000]
[c=2906000000]
cosim: 1102000000 retirements ok (pc=ffffffff808ee206)
[c=2907000000]
[c=2908000000]
[c=2909000000]
cosim: 1103000000 retirements ok (pc=ffffffff800f7756)
[c=2910000000]
[c=2911000000]
[c=2912000000]
cosim: 1104000000 retirements ok (pc=ffffffff8009de86)
[c=2913000000]
[c=2914000000]
[c=2915000000]
cosim: 1105000000 retirements ok (pc=ffffffff800f76c6)
[c=2916000000]
[c=2917000000]
cosim: 1106000000 retirements ok (pc=ffffffff800f77e6)
[c=2918000000]
[c=2919000000]
[c=2920000000]
cosim: 1107000000 retirements ok (pc=ffffffff808e2b48)
[c=2921000000]
[c=2922000000]
[c=2923000000]
cosim: 1108000000 retirements ok (pc=ffffffff800f77e0)
[c=2924000000]
[c=2925000000]
[c=2926000000]
cosim: 1109000000 retirements ok (pc=ffffffff800f768c)
[c=2927000000]
[c=2928000000]
[c=2929000000]
cosim: 1110000000 retirements ok (pc=ffffffff808e2d2c)
[c=2930000000]
[c=2931000000]
[c=2932000000]
cosim: 1111000000 retirements ok (pc=ffffffff808e2c92)
[c=2933000000]
[c=2934000000]
[c=2935000000]
cosim: 1112000000 retirements ok (pc=ffffffff808e2b60)
[c=2936000000]
[c=2937000000]
cosim: 1113000000 retirements ok (pc=ffffffff800640c8)
[c=2938000000]
[c=2939000000]
[c=2940000000]
cosim: 1114000000 retirements ok (pc=ffffffff800f769e)
[c=2941000000]
[c=2942000000]
[c=2943000000]
cosim: 1115000000 retirements ok (pc=ffffffff800f77f4)
[c=2944000000]
[c=2945000000]
[c=2946000000]
cosim: 1116000000 retirements ok (pc=ffffffff800a1258)
[c=2947000000]
[c=2948000000]
[c=2949000000]
cosim: 1117000000 retirements ok (pc=ffffffff800f7728)
[c=2950000000]
[c=2951000000]
[c=2952000000]
cosim: 1118000000 retirements ok (pc=ffffffff800f775e)
[c=2953000000]
[c=2954000000]
[c=2955000000]
cosim: 1119000000 retirements ok (pc=ffffffff8020a990)
[c=2956000000]
[c=2957000000]
[c=2958000000]
cosim: 1120000000 retirements ok (pc=ffffffff800f771a)
[c=2959000000]
[c=2960000000]
[c=2961000000]
cosim: 1121000000 retirements ok (pc=ffffffff8020a6d6)
[c=2962000000]
[c=2963000000]
[c=2964000000]
cosim: 1122000000 retirements ok (pc=ffffffff800f7752)
[c=2965000000]
[c=2966000000]
[c=2967000000]
cosim: 1123000000 retirements ok (pc=ffffffff800f76d4)
[c=2968000000]
[c=2969000000]
[c=2970000000]
cosim: 1124000000 retirements ok (pc=ffffffff800f38b6)
[c=2971000000]
[c=2972000000]
cosim: 1125000000 retirements ok (pc=ffffffff80058646)
[c=2973000000]
[c=2974000000]
[c=2975000000]
cosim: 1126000000 retirements ok (pc=ffffffff800f7728)
[c=2976000000]
[c=2977000000]
[c=2978000000]
cosim: 1127000000 retirements ok (pc=ffffffff800f77f8)
[c=2979000000]
[c=2980000000]
[c=2981000000]
cosim: 1128000000 retirements ok (pc=ffffffff8020ac40)
[c=2982000000]
[c=2983000000]
[c=2984000000]
cosim: 1129000000 retirements ok (pc=ffffffff800f7770)
[c=2985000000]
[c=2986000000]
[c=2987000000]
cosim: 1130000000 retirements ok (pc=ffffffff800a376e)
[c=2988000000]
[c=2989000000]
[c=2990000000]
cosim: 1131000000 retirements ok (pc=ffffffff808e66ee)
[c=2991000000]
[c=2992000000]
[c=2993000000]
cosim: 1132000000 retirements ok (pc=ffffffff800f772a)
[c=2994000000]
[c=2995000000]
[c=2996000000]
cosim: 1133000000 retirements ok (pc=ffffffff800f769c)
[c=2997000000]
[c=2998000000]
[c=2999000000]
cosim: 1134000000 retirements ok (pc=ffffffff8004f008)
[c=3000000000]
[c=3001000000]
[c=3002000000]
cosim: 1135000000 retirements ok (pc=ffffffff800f772a)
[c=3003000000]
[c=3004000000]
[c=3005000000]
cosim: 1136000000 retirements ok (pc=ffffffff800f775e)
[c=3006000000]
[c=3007000000]
[c=3008000000]
cosim: 1137000000 retirements ok (pc=ffffffff800f76a2)
[c=3009000000]
[c=3010000000]
[c=3011000000]
cosim: 1138000000 retirements ok (pc=ffffffff800f7756)
[c=3012000000]
[c=3013000000]
[c=3014000000]
cosim: 1139000000 retirements ok (pc=ffffffff8020a720)
[c=3015000000]
[c=3016000000]
[c=3017000000]
cosim: 1140000000 retirements ok (pc=ffffffff800f76c2)
[c=3018000000]
[c=3019000000]
[c=3020000000]
cosim: 1141000000 retirements ok (pc=ffffffff800f769c)
[c=3021000000]
[c=3022000000]
[c=3023000000]
cosim: 1142000000 retirements ok (pc=ffffffff800f7758)
[c=3024000000]
[c=3025000000]
[c=3026000000]
cosim: 1143000000 retirements ok (pc=ffffffff800f775a)
[c=3027000000]
[c=3028000000]
[c=3029000000]
cosim: 1144000000 retirements ok (pc=ffffffff800f76ce)
[c=3030000000]
[c=3031000000]
cosim: 1145000000 retirements ok (pc=ffffffff800f76bc)
[c=3032000000]
[c=3033000000]
[c=3034000000]
cosim: 1146000000 retirements ok (pc=ffffffff80531096)
[c=3035000000]
[c=3036000000]
[c=3037000000]
cosim: 1147000000 retirements ok (pc=ffffffff800f76b8)
[c=3038000000]
[c=3039000000]
[c=3040000000]
cosim: 1148000000 retirements ok (pc=ffffffff800f76b8)
[c=3041000000]
[c=3042000000]
[c=3043000000]
cosim: 1149000000 retirements ok (pc=ffffffff808e2ba8)
[c=3044000000]
[c=3045000000]
[c=3046000000]
cosim: 1150000000 retirements ok (pc=ffffffff800f7732)
[c=3047000000]
[c=3048000000]
[c=3049000000]
cosim: 1151000000 retirements ok (pc=ffffffff800f76ae)
[c=3050000000]
[c=3051000000]
[c=3052000000]
cosim: 1152000000 retirements ok (pc=ffffffff800f76aa)
[c=3053000000]
[c=3054000000]
[c=3055000000]
cosim: 1153000000 retirements ok (pc=ffffffff800a3882)
[c=3056000000]
[c=3057000000]
[c=3058000000]
cosim: 1154000000 retirements ok (pc=ffffffff800f76c2)
[c=3059000000]
[c=3060000000]
[c=3061000000]
cosim: 1155000000 retirements ok (pc=ffffffff808e2b1c)
[c=3062000000]
[c=3063000000]
[c=3064000000]
cosim: 1156000000 retirements ok (pc=ffffffff800f7782)
[c=3065000000]
[c=3066000000]
[c=3067000000]
cosim: 1157000000 retirements ok (pc=ffffffff800f7756)
[c=3068000000]
[c=3069000000]
[c=3070000000]
cosim: 1158000000 retirements ok (pc=ffffffff808d46ac)
[c=3071000000]
[c=3072000000]
[c=3073000000]
cosim: 1159000000 retirements ok (pc=ffffffff800f77f0)
[c=3074000000]
[c=3075000000]
[c=3076000000]
cosim: 1160000000 retirements ok (pc=ffffffff800f7694)
[c=3077000000]
[c=3078000000]
[c=3079000000]
cosim: 1161000000 retirements ok (pc=ffffffff800f7756)
[c=3080000000]
[c=3081000000]
[c=3082000000]
cosim: 1162000000 retirements ok (pc=ffffffff800f76c6)
[c=3083000000]
[c=3084000000]
[c=3085000000]
cosim: 1163000000 retirements ok (pc=ffffffff8004bf82)
[c=3086000000]
[c=3087000000]
[c=3088000000]
cosim: 1164000000 retirements ok (pc=ffffffff800f76bc)
[c=3089000000]
[c=3090000000]
cosim: 1165000000 retirements ok (pc=ffffffff80209f40)
[c=3091000000]
[c=3092000000]
[c=3093000000]
cosim: 1166000000 retirements ok (pc=ffffffff800f76a6)
[c=3094000000]
[c=3095000000]
[c=3096000000]
cosim: 1167000000 retirements ok (pc=ffffffff800f771e)
[c=3097000000]
[c=3098000000]
[c=3099000000]
cosim: 1168000000 retirements ok (pc=ffffffff800a599a)
[c=3100000000]
[c=3101000000]
[c=3102000000]
cosim: 1169000000 retirements ok (pc=ffffffff800f771a)
[c=3103000000]
[c=3104000000]
[c=3105000000]
cosim: 1170000000 retirements ok (pc=ffffffff800f7756)
[c=3106000000]
[c=3107000000]
[c=3108000000]
cosim: 1171000000 retirements ok (pc=ffffffff800643b4)
[c=3109000000]
[c=3110000000]
[c=3111000000]
cosim: 1172000000 retirements ok (pc=ffffffff800f7752)
[c=3112000000]
[c=3113000000]
[c=3114000000]
cosim: 1173000000 retirements ok (pc=ffffffff8004bf40)
[c=3115000000]
[c=3116000000]
[c=3117000000]
cosim: 1174000000 retirements ok (pc=ffffffff8020bac8)
[c=3118000000]
[c=3119000000]
[c=3120000000]
cosim: 1175000000 retirements ok (pc=ffffffff800f769c)
[c=3121000000]
[c=3122000000]
[c=3123000000]
cosim: 1176000000 retirements ok (pc=ffffffff800f76b0)
[c=3124000000]
[c=3125000000]
[c=3126000000]
cosim: 1177000000 retirements ok (pc=ffffffff8020a5aa)
[c=3127000000]
[c=3128000000]
[c=3129000000]
cosim: 1178000000 retirements ok (pc=ffffffff800f7752)
[c=3130000000]
[c=3131000000]
[c=3132000000]
cosim: 1179000000 retirements ok (pc=ffffffff8020ba4c)
[c=3133000000]
[c=3134000000]
[c=3135000000]
cosim: 1180000000 retirements ok (pc=ffffffff8006c32e)
[c=3136000000]
[c=3137000000]
cosim: 1181000000 retirements ok (pc=ffffffff800554aa)
[c=3138000000]
[c=3139000000]
[c=3140000000]
cosim: 1182000000 retirements ok (pc=ffffffff800f77ec)
[c=3141000000]
[c=3142000000]
[c=3143000000]
cosim: 1183000000 retirements ok (pc=ffffffff800f77e8)
[c=3144000000]
[c=3145000000]
[c=3146000000]
cosim: 1184000000 retirements ok (pc=ffffffff800f76bc)
[c=3147000000]
[c=3148000000]
[c=3149000000]
cosim: 1185000000 retirements ok (pc=ffffffff808e2d1a)
[c=3150000000]
[c=3151000000]
[c=3152000000]
cosim: 1186000000 retirements ok (pc=ffffffff8020a9be)
[c=3153000000]
[c=3154000000]
cosim: 1187000000 retirements ok (pc=ffffffff800f76d4)
[c=3155000000]
[c=3156000000]
[c=3157000000]
cosim: 1188000000 retirements ok (pc=ffffffff8020a6b4)
[c=3158000000]
[c=3159000000]
[c=3160000000]
cosim: 1189000000 retirements ok (pc=ffffffff800f7698)
[c=3161000000]
[c=3162000000]
[c=3163000000]
cosim: 1190000000 retirements ok (pc=ffffffff800f76b8)
[c=3164000000]
[c=3165000000]
[c=3166000000]
cosim: 1191000000 retirements ok (pc=ffffffff8004f024)
[c=3167000000]
[c=3168000000]
[c=3169000000]
cosim: 1192000000 retirements ok (pc=ffffffff800f76ac)
[c=3170000000]
[c=3171000000]
cosim: 1193000000 retirements ok (pc=ffffffff801c9f5c)
[c=3172000000]
[c=3173000000]
[c=3174000000]
cosim: 1194000000 retirements ok (pc=ffffffff800f7694)
[c=3175000000]
[c=3176000000]
[c=3177000000]
cosim: 1195000000 retirements ok (pc=ffffffff800a5e44)
[c=3178000000]
[c=3179000000]
[c=3180000000]
cosim: 1196000000 retirements ok (pc=ffffffff800f76ac)
[c=3181000000]
[c=3182000000]
[c=3183000000]
cosim: 1197000000 retirements ok (pc=ffffffff8020a722)
[c=3184000000]
[c=3185000000]
[c=3186000000]
cosim: 1198000000 retirements ok (pc=ffffffff800f775e)
[c=3187000000]
[c=3188000000]
[c=3189000000]
cosim: 1199000000 retirements ok (pc=ffffffff808e2be4)
[c=3190000000]
[c=3191000000]
[c=3192000000]
cosim: 1200000000 retirements ok (pc=ffffffff8020c0b4)
[c=3193000000]
[c=3194000000]
[c=3195000000]
cosim: 1201000000 retirements ok (pc=ffffffff800f7718)
[c=3196000000]
[c=3197000000]
[c=3198000000]
cosim: 1202000000 retirements ok (pc=ffffffff800f7698)
[c=3199000000]
[c=3200000000]
[c=3201000000]
cosim: 1203000000 retirements ok (pc=ffffffff800f76a2)
[c=3202000000]
[c=3203000000]
[c=3204000000]
cosim: 1204000000 retirements ok (pc=ffffffff808e2b90)
[c=3205000000]
[c=3206000000]
cosim: 1205000000 retirements ok (pc=ffffffff800f7720)
[c=3207000000]
[c=3208000000]
[c=3209000000]
cosim: 1206000000 retirements ok (pc=ffffffff8020a9f8)
[c=3210000000]
[c=3211000000]
[c=3212000000]
cosim: 1207000000 retirements ok (pc=ffffffff800f7718)
[c=3213000000]
[c=3214000000]
[c=3215000000]
cosim: 1208000000 retirements ok (pc=ffffffff8004bf9e)
[c=3216000000]
[c=3217000000]
[c=3218000000]
cosim: 1209000000 retirements ok (pc=ffffffff800f76ae)
[c=3219000000]
[c=3220000000]
[c=3221000000]
cosim: 1210000000 retirements ok (pc=ffffffff80057414)
[c=3222000000]
[c=3223000000]
[c=3224000000]
cosim: 1211000000 retirements ok (pc=ffffffff801c9f4c)
[c=3225000000]
[c=3226000000]
[c=3227000000]
cosim: 1212000000 retirements ok (pc=ffffffff800f775a)
[c=3228000000]
[c=3229000000]
[c=3230000000]
cosim: 1213000000 retirements ok (pc=ffffffff800f771e)
[c=3231000000]
[c=3232000000]
[c=3233000000]
cosim: 1214000000 retirements ok (pc=ffffffff800f76c6)
[c=3234000000]
[c=3235000000]
[c=3236000000]
cosim: 1215000000 retirements ok (pc=ffffffff800f76aa)
[c=3237000000]
[c=3238000000]
[c=3239000000]
cosim: 1216000000 retirements ok (pc=ffffffff808e2b90)
[c=3240000000]
[c=3241000000]
[c=3242000000]
cosim: 1217000000 retirements ok (pc=ffffffff800f76aa)
[c=3243000000]
[c=3244000000]
[c=3245000000]
cosim: 1218000000 retirements ok (pc=ffffffff800f7752)
[c=3246000000]
[c=3247000000]
[c=3248000000]
cosim: 1219000000 retirements ok (pc=ffffffff808e2b54)
[c=3249000000]
[c=3250000000]
cosim: 1220000000 retirements ok (pc=ffffffff800f7758)
[c=3251000000]
[c=3252000000]
[c=3253000000]
cosim: 1221000000 retirements ok (pc=ffffffff800f76b0)
[c=3254000000]
[c=3255000000]
[c=3256000000]
cosim: 1222000000 retirements ok (pc=ffffffff80211724)
[c=3257000000]
[c=3258000000]
[c=3259000000]
cosim: 1223000000 retirements ok (pc=ffffffff800f76aa)
[c=3260000000]
[c=3261000000]
[c=3262000000]
cosim: 1224000000 retirements ok (pc=ffffffff800f769e)
[c=3263000000]
[c=3264000000]
[c=3265000000]
cosim: 1225000000 retirements ok (pc=ffffffff800f77ec)
[c=3266000000]
[c=3267000000]
[c=3268000000]
cosim: 1226000000 retirements ok (pc=ffffffff8020aaa0)
[c=3269000000]
[c=3270000000]
[c=3271000000]
cosim: 1227000000 retirements ok (pc=ffffffff800f77e8)
[c=3272000000]
[c=3273000000]
[c=3274000000]
cosim: 1228000000 retirements ok (pc=ffffffff8020a88e)
[c=3275000000]
[c=3276000000]
cosim: 1229000000 retirements ok (pc=ffffffff8068b966)
[c=3277000000]
[c=3278000000]
[c=3279000000]
cosim: 1230000000 retirements ok (pc=ffffffff80063fba)
[c=3280000000]
[c=3281000000]
[c=3282000000]
cosim: 1231000000 retirements ok (pc=ffffffff800f77f8)
[c=3283000000]
[c=3284000000]
[c=3285000000]
cosim: 1232000000 retirements ok (pc=ffffffff800f77ec)
[c=3286000000]
[c=3287000000]
[c=3288000000]
cosim: 1233000000 retirements ok (pc=ffffffff8020a72c)
[c=3289000000]
[c=3290000000]
[c=3291000000]
cosim: 1234000000 retirements ok (pc=ffffffff800f7752)
[c=3292000000]
[c=3293000000]
cosim: 1235000000 retirements ok (pc=ffffffff8020adf8)
[c=3294000000]
[c=3295000000]
[c=3296000000]
cosim: 1236000000 retirements ok (pc=ffffffff808e42aa)
[c=3297000000]
[c=3298000000]
[c=3299000000]
cosim: 1237000000 retirements ok (pc=ffffffff808e2d24)
[c=3300000000]
[c=3301000000]
[c=3302000000]
cosim: 1238000000 retirements ok (pc=ffffffff80054850)
[c=3303000000]
[c=3304000000]
[c=3305000000]
cosim: 1239000000 retirements ok (pc=ffffffff800f77f8)
[c=3306000000]
[c=3307000000]
[c=3308000000]
cosim: 1240000000 retirements ok (pc=ffffffff8006549c)
[c=3309000000]
[c=3310000000]
[c=3311000000]
cosim: 1241000000 retirements ok (pc=ffffffff800f76b0)
[c=3312000000]
[c=3313000000]
cosim: 1242000000 retirements ok (pc=ffffffff800f7758)
[c=3314000000]
[c=3315000000]
[c=3316000000]
cosim: 1243000000 retirements ok (pc=ffffffff808e2d12)
[c=3317000000]
[c=3318000000]
[c=3319000000]
cosim: 1244000000 retirements ok (pc=ffffffff800f7720)
[c=3320000000]
[c=3321000000]
[c=3322000000]
cosim: 1245000000 retirements ok (pc=ffffffff800f77e6)
[c=3323000000]
[c=3324000000]
[c=3325000000]
cosim: 1246000000 retirements ok (pc=ffffffff808e41e0)
[c=3326000000]
[c=3327000000]
[c=3328000000]
cosim: 1247000000 retirements ok (pc=ffffffff800af630)
[c=3329000000]
[c=3330000000]
[c=3331000000]
cosim: 1248000000 retirements ok (pc=ffffffff80055848)
[c=3332000000]
[c=3333000000]
[c=3334000000]
cosim: 1249000000 retirements ok (pc=ffffffff800f769c)
[c=3335000000]
[c=3336000000]
[c=3337000000]
cosim: 1250000000 retirements ok (pc=ffffffff808e67de)
[c=3338000000]
[c=3339000000]
cosim: 1251000000 retirements ok (pc=ffffffff800a5924)
[c=3340000000]
[c=3341000000]
[c=3342000000]
cosim: 1252000000 retirements ok (pc=ffffffff800f780c)
[c=3343000000]
[c=3344000000]
[c=3345000000]
cosim: 1253000000 retirements ok (pc=ffffffff80064086)
[c=3346000000]
[c=3347000000]
[c=3348000000]
cosim: 1254000000 retirements ok (pc=ffffffff80024fd0)
[c=3349000000]
[c=3350000000]
[c=3351000000]
cosim: 1255000000 retirements ok (pc=ffffffff800f769c)
[c=3352000000]
[c=3353000000]
[c=3354000000]
cosim: 1256000000 retirements ok (pc=ffffffff8020aa76)
[c=3355000000]
[c=3356000000]
[c=3357000000]
cosim: 1257000000 retirements ok (pc=ffffffff800f769c)
[c=3358000000]
[c=3359000000]
cosim: 1258000000 retirements ok (pc=ffffffff80209f64)
[c=3360000000]
[c=3361000000]
[c=3362000000]
cosim: 1259000000 retirements ok (pc=ffffffff800f7720)
[c=3363000000]
[c=3364000000]
[c=3365000000]
cosim: 1260000000 retirements ok (pc=ffffffff800f76a6)
[c=3366000000]
[c=3367000000]
[c=3368000000]
cosim: 1261000000 retirements ok (pc=ffffffff8006409c)
[c=3369000000]
[c=3370000000]
[c=3371000000]
cosim: 1262000000 retirements ok (pc=ffffffff800f772c)
[c=3372000000]
[c=3373000000]
[c=3374000000]
cosim: 1263000000 retirements ok (pc=ffffffff80067446)
[c=3375000000]
[c=3376000000]
[c=3377000000]
cosim: 1264000000 retirements ok (pc=ffffffff8020a736)
[c=3378000000]
[c=3379000000]
[c=3380000000]
cosim: 1265000000 retirements ok (pc=ffffffff800f7756)
[c=3381000000]
[c=3382000000]
[c=3383000000]
cosim: 1266000000 retirements ok (pc=ffffffff80211730)
[c=3384000000]
[c=3385000000]
[c=3386000000]
cosim: 1267000000 retirements ok (pc=ffffffff800f7720)
[c=3387000000]
[c=3388000000]
[c=3389000000]
cosim: 1268000000 retirements ok (pc=ffffffff800f76c0)
[c=3390000000]
[c=3391000000]
[c=3392000000]
cosim: 1269000000 retirements ok (pc=ffffffff800a5e42)
[c=3393000000]
[c=3394000000]
[c=3395000000]
cosim: 1270000000 retirements ok (pc=ffffffff800f77f4)
[c=3396000000]
[c=3397000000]
[c=3398000000]
cosim: 1271000000 retirements ok (pc=ffffffff800a165c)
[c=3399000000]
[c=3400000000]
[c=3401000000]
cosim: 1272000000 retirements ok (pc=ffffffff805311b6)
[c=3402000000]
[c=3403000000]
[c=3404000000]
cosim: 1273000000 retirements ok (pc=ffffffff800f76c6)
[c=3405000000]
[c=3406000000]
[c=3407000000]
cosim: 1274000000 retirements ok (pc=ffffffff808e2b90)
[c=3408000000]
[c=3409000000]
[c=3410000000]
cosim: 1275000000 retirements ok (pc=ffffffff800f76c0)
[c=3411000000]
[c=3412000000]
[c=3413000000]
cosim: 1276000000 retirements ok (pc=ffffffff800a160c)
[c=3414000000]
[c=3415000000]
[c=3416000000]
cosim: 1277000000 retirements ok (pc=ffffffff800f77f4)
[c=3417000000]
[c=3418000000]
cosim: 1278000000 retirements ok (pc=ffffffff8020bb30)
[c=3419000000]
[c=3420000000]
[c=3421000000]
cosim: 1279000000 retirements ok (pc=ffffffff800f77fa)
[c=3422000000]
[c=3423000000]
[c=3424000000]
cosim: 1280000000 retirements ok (pc=ffffffff800f76b4)
[c=3425000000]
[c=3426000000]
[c=3427000000]
cosim: 1281000000 retirements ok (pc=ffffffff800f76b8)
[c=3428000000]
[c=3429000000]
[c=3430000000]
cosim: 1282000000 retirements ok (pc=ffffffff800f775e)
[c=3431000000]
[c=3432000000]
[c=3433000000]
cosim: 1283000000 retirements ok (pc=ffffffff808e2d0e)
[c=3434000000]
[c=3435000000]
[  243.501900] Freeing initrd memory: 160316K
cosim: 1284000000 retirements ok (pc=ffffffff808e2d1a)
[c=3436000000]
[c=3437000000]
cosim: 1285000000 retirements ok (pc=ffffffff808e2c90)
[c=3438000000]
[c=3439000000]
cosim: 1286000000 retirements ok (pc=ffffffff800f77e2)
[c=3440000000]
[c=3441000000]
cosim: 1287000000 retirements ok (pc=ffffffff800f76a6)
[c=3442000000]
[c=3443000000]
cosim: 1288000000 retirements ok (pc=ffffffff808e2d24)
[c=3444000000]
[c=3445000000]
cosim: 1289000000 retirements ok (pc=ffffffff800f7752)
[c=3446000000]
[c=3447000000]
cosim: 1290000000 retirements ok (pc=ffffffff800f7724)
[c=3448000000]
[c=3449000000]
cosim: 1291000000 retirements ok (pc=ffffffff800f76bc)
[c=3450000000]
[c=3451000000]
cosim: 1292000000 retirements ok (pc=ffffffff800f76a6)
[c=3452000000]
[c=3453000000]
cosim: 1293000000 retirements ok (pc=ffffffff808e2c9a)
[c=3454000000]
[c=3455000000]
cosim: 1294000000 retirements ok (pc=ffffffff800f76b4)
[c=3456000000]
[c=3457000000]
cosim: 1295000000 retirements ok (pc=ffffffff800f7766)
[c=3458000000]
[c=3459000000]
cosim: 1296000000 retirements ok (pc=ffffffff800f775e)
[c=3460000000]
[c=3461000000]
cosim: 1297000000 retirements ok (pc=ffffffff800f7758)
[c=3462000000]
[c=3463000000]
cosim: 1298000000 retirements ok (pc=ffffffff800f775e)
[c=3464000000]
[c=3465000000]
cosim: 1299000000 retirements ok (pc=ffffffff800f76c0)
[c=3466000000]
[c=3467000000]
cosim: 1300000000 retirements ok (pc=ffffffff800f769e)
[c=3468000000]
[c=3469000000]
cosim: 1301000000 retirements ok (pc=ffffffff800f7728)
[c=3470000000]
[c=3471000000]
cosim: 1302000000 retirements ok (pc=ffffffff800f7756)
[c=3472000000]
[c=3473000000]
cosim: 1303000000 retirements ok (pc=ffffffff808ee16a)
[c=3474000000]
[c=3475000000]
cosim: 1304000000 retirements ok (pc=ffffffff800f7758)
[c=3476000000]
[c=3477000000]
cosim: 1305000000 retirements ok (pc=ffffffff800f77f0)
[c=3478000000]
[c=3479000000]
cosim: 1306000000 retirements ok (pc=ffffffff800f76d4)
[c=3480000000]
[c=3481000000]
cosim: 1307000000 retirements ok (pc=ffffffff800f7752)
[c=3482000000]
[c=3483000000]
cosim: 1308000000 retirements ok (pc=ffffffff800f76c0)
[c=3484000000]
[c=3485000000]
cosim: 1309000000 retirements ok (pc=ffffffff800f76aa)
[c=3486000000]
[c=3487000000]
cosim: 1310000000 retirements ok (pc=ffffffff800f76b4)
[c=3488000000]
[c=3489000000]
cosim: 1311000000 retirements ok (pc=ffffffff800f7756)
[c=3490000000]
[c=3491000000]
cosim: 1312000000 retirements ok (pc=ffffffff808e2d16)
[c=3492000000]
[c=3493000000]
cosim: 1313000000 retirements ok (pc=ffffffff800f769c)
[c=3494000000]
cosim: 1314000000 retirements ok (pc=ffffffff800f77f0)
[c=3495000000]
[c=3496000000]
cosim: 1315000000 retirements ok (pc=ffffffff800f77d8)
[c=3497000000]
[c=3498000000]
cosim: 1316000000 retirements ok (pc=ffffffff808da690)
[c=3499000000]
[c=3500000000]
cosim: 1317000000 retirements ok (pc=ffffffff808e2d1e)
[c=3501000000]
[c=3502000000]
cosim: 1318000000 retirements ok (pc=ffffffff800f76bc)
[c=3503000000]
[c=3504000000]
cosim: 1319000000 retirements ok (pc=ffffffff800f7752)
[c=3505000000]
[c=3506000000]
cosim: 1320000000 retirements ok (pc=ffffffff808de18c)
[c=3507000000]
[c=3508000000]
cosim: 1321000000 retirements ok (pc=ffffffff800f76a2)
[c=3509000000]
cosim: 1322000000 retirements ok (pc=ffffffff800f76b8)
[c=3510000000]
[c=3511000000]
cosim: 1323000000 retirements ok (pc=ffffffff800f76a2)
[c=3512000000]
[c=3513000000]
cosim: 1324000000 retirements ok (pc=ffffffff800f7758)
[c=3514000000]
[c=3515000000]
cosim: 1325000000 retirements ok (pc=ffffffff800f771e)
[c=3516000000]
[c=3517000000]
cosim: 1326000000 retirements ok (pc=ffffffff800f7756)
[c=3518000000]
[c=3519000000]
cosim: 1327000000 retirements ok (pc=ffffffff800f76bc)
[c=3520000000]
[c=3521000000]
cosim: 1328000000 retirements ok (pc=ffffffff800f7698)
[c=3522000000]
[c=3523000000]
cosim: 1329000000 retirements ok (pc=ffffffff800f76a6)
[c=3524000000]
[c=3525000000]
cosim: 1330000000 retirements ok (pc=ffffffff800f7756)
[c=3526000000]
[c=3527000000]
cosim: 1331000000 retirements ok (pc=ffffffff800f7752)
[c=3528000000]
[c=3529000000]
cosim: 1332000000 retirements ok (pc=ffffffff800f77f8)
[c=3530000000]
[c=3531000000]
cosim: 1333000000 retirements ok (pc=ffffffff8068b998)
[c=3532000000]
[c=3533000000]
cosim: 1334000000 retirements ok (pc=ffffffff800f7698)
[c=3534000000]
[c=3535000000]
cosim: 1335000000 retirements ok (pc=ffffffff800f76c2)
[c=3536000000]
[c=3537000000]
cosim: 1336000000 retirements ok (pc=ffffffff808e2d30)
[c=3538000000]
[c=3539000000]
cosim: 1337000000 retirements ok (pc=ffffffff800f77f4)
[c=3540000000]
[c=3541000000]
cosim: 1338000000 retirements ok (pc=ffffffff800f772a)
[c=3542000000]
[c=3543000000]
cosim: 1339000000 retirements ok (pc=ffffffff800a40da)
[c=3544000000]
[c=3545000000]
cosim: 1340000000 retirements ok (pc=ffffffff808e3068)
[c=3546000000]
[c=3547000000]
cosim: 1341000000 retirements ok (pc=ffffffff800f7718)
[c=3548000000]
cosim: 1342000000 retirements ok (pc=ffffffff800f775e)
[c=3549000000]
[c=3550000000]
cosim: 1343000000 retirements ok (pc=ffffffff800f76aa)
[c=3551000000]
[c=3552000000]
cosim: 1344000000 retirements ok (pc=ffffffff800f7758)
[c=3553000000]
[c=3554000000]
cosim: 1345000000 retirements ok (pc=ffffffff800f77f4)
[c=3555000000]
[c=3556000000]
cosim: 1346000000 retirements ok (pc=ffffffff800f771e)
[c=3557000000]
[c=3558000000]
cosim: 1347000000 retirements ok (pc=ffffffff800f76ac)
[c=3559000000]
[c=3560000000]
cosim: 1348000000 retirements ok (pc=ffffffff800f7698)
[c=3561000000]
[c=3562000000]
cosim: 1349000000 retirements ok (pc=ffffffff800f775e)
[c=3563000000]
[c=3564000000]
cosim: 1350000000 retirements ok (pc=ffffffff800f7758)
[c=3565000000]
[c=3566000000]
cosim: 1351000000 retirements ok (pc=ffffffff808e2d1a)
[c=3567000000]
[c=3568000000]
cosim: 1352000000 retirements ok (pc=ffffffff80058618)
[c=3569000000]
[c=3570000000]
cosim: 1353000000 retirements ok (pc=ffffffff800f77ec)
[c=3571000000]
[c=3572000000]
cosim: 1354000000 retirements ok (pc=ffffffff800f775e)
[c=3573000000]
[c=3574000000]
cosim: 1355000000 retirements ok (pc=ffffffff800f7752)
[c=3575000000]
[c=3576000000]
cosim: 1356000000 retirements ok (pc=ffffffff800f77f0)
[c=3577000000]
[c=3578000000]
cosim: 1357000000 retirements ok (pc=ffffffff800f7752)
[c=3579000000]
[c=3580000000]
cosim: 1358000000 retirements ok (pc=ffffffff800f775a)
[c=3581000000]
[c=3582000000]
cosim: 1359000000 retirements ok (pc=ffffffff808e2c96)
[c=3583000000]
cosim: 1360000000 retirements ok (pc=ffffffff808de128)
[c=3584000000]
[c=3585000000]
cosim: 1361000000 retirements ok (pc=ffffffff800f7718)
[c=3586000000]
[c=3587000000]
cosim: 1362000000 retirements ok (pc=ffffffff800f7752)
[c=3588000000]
[c=3589000000]
cosim: 1363000000 retirements ok (pc=ffffffff800f76ae)
[c=3590000000]
[c=3591000000]
cosim: 1364000000 retirements ok (pc=ffffffff8004f828)
[c=3592000000]
[c=3593000000]
cosim: 1365000000 retirements ok (pc=ffffffff808d89fe)
[c=3594000000]
[c=3595000000]
cosim: 1366000000 retirements ok (pc=ffffffff800a0868)
[c=3596000000]
[c=3597000000]
cosim: 1367000000 retirements ok (pc=ffffffff800a384a)
[c=3598000000]
[c=3599000000]
cosim: 1368000000 retirements ok (pc=ffffffff800f7752)
[c=3600000000]
[c=3601000000]
cosim: 1369000000 retirements ok (pc=ffffffff808e2bec)
[c=3602000000]
[c=3603000000]
cosim: 1370000000 retirements ok (pc=ffffffff808e2d1c)
[c=3604000000]
[c=3605000000]
cosim: 1371000000 retirements ok (pc=ffffffff800f769c)
[c=3606000000]
[c=3607000000]
cosim: 1372000000 retirements ok (pc=ffffffff800f7720)
[c=3608000000]
[c=3609000000]
cosim: 1373000000 retirements ok (pc=ffffffff800f77e6)
[c=3610000000]
[c=3611000000]
cosim: 1374000000 retirements ok (pc=ffffffff800f76c6)
[c=3612000000]
[c=3613000000]
cosim: 1375000000 retirements ok (pc=ffffffff808e2c96)
[c=3614000000]
[c=3615000000]
cosim: 1376000000 retirements ok (pc=ffffffff800f76ae)
[c=3616000000]
[c=3617000000]
cosim: 1377000000 retirements ok (pc=ffffffff800ae4d6)
[c=3618000000]
cosim: 1378000000 retirements ok (pc=ffffffff808e2a88)
[c=3619000000]
[c=3620000000]
cosim: 1379000000 retirements ok (pc=ffffffff800f769c)
[c=3621000000]
[c=3622000000]
cosim: 1380000000 retirements ok (pc=ffffffff800f77e0)
[c=3623000000]
[c=3624000000]
cosim: 1381000000 retirements ok (pc=ffffffff800f76b0)
[c=3625000000]
[c=3626000000]
cosim: 1382000000 retirements ok (pc=ffffffff800f7758)
[c=3627000000]
[c=3628000000]
cosim: 1383000000 retirements ok (pc=ffffffff800f775a)
[c=3629000000]
[c=3630000000]
cosim: 1384000000 retirements ok (pc=ffffffff800f771a)
[c=3631000000]
[c=3632000000]
cosim: 1385000000 retirements ok (pc=ffffffff800f76bc)
[c=3633000000]
[c=3634000000]
cosim: 1386000000 retirements ok (pc=ffffffff800f76b8)
[c=3635000000]
[c=3636000000]
cosim: 1387000000 retirements ok (pc=ffffffff800f76ae)
[c=3637000000]
[c=3638000000]
cosim: 1388000000 retirements ok (pc=ffffffff800f769c)
[c=3639000000]
[c=3640000000]
cosim: 1389000000 retirements ok (pc=ffffffff800a2246)
[c=3641000000]
[c=3642000000]
cosim: 1390000000 retirements ok (pc=ffffffff800f76c2)
[c=3643000000]
[c=3644000000]
cosim: 1391000000 retirements ok (pc=ffffffff800f775a)
[c=3645000000]
[c=3646000000]
cosim: 1392000000 retirements ok (pc=ffffffff800f76ca)
[c=3647000000]
[c=3648000000]
cosim: 1393000000 retirements ok (pc=ffffffff800f76bc)
[c=3649000000]
[c=3650000000]
cosim: 1394000000 retirements ok (pc=ffffffff800f76d4)
[c=3651000000]
[c=3652000000]
cosim: 1395000000 retirements ok (pc=ffffffff800f76ac)
[c=3653000000]
[c=3654000000]
cosim: 1396000000 retirements ok (pc=ffffffff800f775a)
[c=3655000000]
[c=3656000000]
cosim: 1397000000 retirements ok (pc=ffffffff800f7690)
[c=3657000000]
[c=3658000000]
cosim: 1398000000 retirements ok (pc=ffffffff800f7698)
[c=3659000000]
[c=3660000000]
cosim: 1399000000 retirements ok (pc=ffffffff800f769c)
[c=3661000000]
[c=3662000000]
cosim: 1400000000 retirements ok (pc=ffffffff800f76c0)
[c=3663000000]
[c=3664000000]
cosim: 1401000000 retirements ok (pc=ffffffff800f76c2)
[c=3665000000]
[c=3666000000]
cosim: 1402000000 retirements ok (pc=ffffffff800f76ae)
[c=3667000000]
[c=3668000000]
cosim: 1403000000 retirements ok (pc=ffffffff800f7728)
[c=3669000000]
[c=3670000000]
cosim: 1404000000 retirements ok (pc=ffffffff800f76c6)
[c=3671000000]
[c=3672000000]
cosim: 1405000000 retirements ok (pc=ffffffff800f7756)
[c=3673000000]
[c=3674000000]
cosim: 1406000000 retirements ok (pc=ffffffff800f76a6)
[c=3675000000]
[c=3676000000]
cosim: 1407000000 retirements ok (pc=ffffffff800f76c0)
[c=3677000000]
[c=3678000000]
cosim: 1408000000 retirements ok (pc=ffffffff800f7758)
[c=3679000000]
[c=3680000000]
cosim: 1409000000 retirements ok (pc=ffffffff800f76d4)
[c=3681000000]
[c=3682000000]
cosim: 1410000000 retirements ok (pc=ffffffff800f77f8)
[c=3683000000]
[c=3684000000]
cosim: 1411000000 retirements ok (pc=ffffffff800f76a2)
[c=3685000000]
[c=3686000000]
cosim: 1412000000 retirements ok (pc=ffffffff800f7718)
[c=3687000000]
[c=3688000000]
cosim: 1413000000 retirements ok (pc=ffffffff800f775a)
[c=3689000000]
[c=3690000000]
cosim: 1414000000 retirements ok (pc=ffffffff808e2bee)
[c=3691000000]
[c=3692000000]
cosim: 1415000000 retirements ok (pc=ffffffff800f7752)
[c=3693000000]
[c=3694000000]
cosim: 1416000000 retirements ok (pc=ffffffff800f7720)
[c=3695000000]
[c=3696000000]
cosim: 1417000000 retirements ok (pc=ffffffff800f76c0)
[c=3697000000]
[c=3698000000]
cosim: 1418000000 retirements ok (pc=ffffffff800f76ac)
[c=3699000000]
[c=3700000000]
cosim: 1419000000 retirements ok (pc=ffffffff800f77fa)
[c=3701000000]
[c=3702000000]
cosim: 1420000000 retirements ok (pc=ffffffff800f76a6)
[c=3703000000]
[c=3704000000]
cosim: 1421000000 retirements ok (pc=ffffffff808d89bc)
[c=3705000000]
[c=3706000000]
cosim: 1422000000 retirements ok (pc=ffffffff800f76ae)
[c=3707000000]
[c=3708000000]
cosim: 1423000000 retirements ok (pc=ffffffff808e2c92)
[c=3709000000]
[c=3710000000]
cosim: 1424000000 retirements ok (pc=ffffffff808e2d16)
[c=3711000000]
[c=3712000000]
cosim: 1425000000 retirements ok (pc=ffffffff800f775e)
[c=3713000000]
[c=3714000000]
cosim: 1426000000 retirements ok (pc=ffffffff800f76a6)
[c=3715000000]
[c=3716000000]
cosim: 1427000000 retirements ok (pc=ffffffff808d89f8)
[c=3717000000]
[c=3718000000]
cosim: 1428000000 retirements ok (pc=ffffffff8006432a)
[c=3719000000]
[c=3720000000]
cosim: 1429000000 retirements ok (pc=ffffffff800f76b0)
[c=3721000000]
[c=3722000000]
cosim: 1430000000 retirements ok (pc=ffffffff800f77e6)
[c=3723000000]
[c=3724000000]
[c=3725000000]
cosim: 1431000000 retirements ok (pc=ffffffff800f77ec)
[c=3726000000]
[c=3727000000]
cosim: 1432000000 retirements ok (pc=ffffffff800f769e)
[c=3728000000]
[c=3729000000]
cosim: 1433000000 retirements ok (pc=ffffffff800f77e8)
[c=3730000000]
[c=3731000000]
cosim: 1434000000 retirements ok (pc=ffffffff808e2d0c)
[c=3732000000]
[c=3733000000]
cosim: 1435000000 retirements ok (pc=ffffffff800f77ec)
[c=3734000000]
[c=3735000000]
cosim: 1436000000 retirements ok (pc=ffffffff800f77e0)
[c=3736000000]
[c=3737000000]
cosim: 1437000000 retirements ok (pc=ffffffff800f76ae)
[c=3738000000]
[c=3739000000]
[c=3740000000]
cosim: 1438000000 retirements ok (pc=ffffffff800f772c)
[c=3741000000]
[c=3742000000]
cosim: 1439000000 retirements ok (pc=ffffffff800f77f8)
[c=3743000000]
[c=3744000000]
cosim: 1440000000 retirements ok (pc=ffffffff800f77f0)
[c=3745000000]
[c=3746000000]
cosim: 1441000000 retirements ok (pc=ffffffff800f77e8)
[c=3747000000]
[c=3748000000]
cosim: 1442000000 retirements ok (pc=ffffffff800a383e)
[c=3749000000]
[c=3750000000]
cosim: 1443000000 retirements ok (pc=ffffffff808e2d1c)
[c=3751000000]
[c=3752000000]
cosim: 1444000000 retirements ok (pc=ffffffff800f77e6)
[c=3753000000]
[c=3754000000]
[c=3755000000]
cosim: 1445000000 retirements ok (pc=ffffffff800f7732)
[c=3756000000]
[c=3757000000]
cosim: 1446000000 retirements ok (pc=ffffffff8009bc56)
[c=3758000000]
[c=3759000000]
cosim: 1447000000 retirements ok (pc=ffffffff800f77e0)
[c=3760000000]
[c=3761000000]
cosim: 1448000000 retirements ok (pc=ffffffff808e2c92)
[c=3762000000]
[c=3763000000]
cosim: 1449000000 retirements ok (pc=ffffffff800f77ec)
[c=3764000000]
[c=3765000000]
cosim: 1450000000 retirements ok (pc=ffffffff800f76c6)
[c=3766000000]
[c=3767000000]
cosim: 1451000000 retirements ok (pc=ffffffff800f7804)
[c=3768000000]
[c=3769000000]
cosim: 1452000000 retirements ok (pc=ffffffff808e2c96)
[c=3770000000]
[c=3771000000]
cosim: 1453000000 retirements ok (pc=ffffffff800f76c6)
[c=3772000000]
[c=3773000000]
cosim: 1454000000 retirements ok (pc=ffffffff808e2c96)
[c=3774000000]
[c=3775000000]
cosim: 1455000000 retirements ok (pc=ffffffff808e2c96)
[c=3776000000]
[c=3777000000]
cosim: 1456000000 retirements ok (pc=ffffffff800f76c6)
[c=3778000000]
[c=3779000000]
cosim: 1457000000 retirements ok (pc=ffffffff800f77e8)
[c=3780000000]
[c=3781000000]
cosim: 1458000000 retirements ok (pc=ffffffff800597c6)
[c=3782000000]
[c=3783000000]
[c=3784000000]
cosim: 1459000000 retirements ok (pc=ffffffff800f76ae)
[c=3785000000]
[c=3786000000]
cosim: 1460000000 retirements ok (pc=ffffffff800f7698)
[c=3787000000]
[c=3788000000]
cosim: 1461000000 retirements ok (pc=ffffffff800f769e)
[c=3789000000]
[c=3790000000]
[c=3791000000]
cosim: 1462000000 retirements ok (pc=ffffffff800f76bc)
[c=3792000000]
[c=3793000000]
cosim: 1463000000 retirements ok (pc=ffffffff800f769c)
[c=3794000000]
[c=3795000000]
cosim: 1464000000 retirements ok (pc=ffffffff800f76c0)
[c=3796000000]
[c=3797000000]
[c=3798000000]
cosim: 1465000000 retirements ok (pc=ffffffff800f769c)
[c=3799000000]
[c=3800000000]
cosim: 1466000000 retirements ok (pc=ffffffff808d89d0)
[c=3801000000]
[c=3802000000]
[c=3803000000]
cosim: 1467000000 retirements ok (pc=ffffffff800f76c2)
[c=3804000000]
[c=3805000000]
cosim: 1468000000 retirements ok (pc=ffffffff800f76ac)
[c=3806000000]
[c=3807000000]
cosim: 1469000000 retirements ok (pc=ffffffff800f769c)
[c=3808000000]
[c=3809000000]
[c=3810000000]
cosim: 1470000000 retirements ok (pc=ffffffff8006c2e4)
[c=3811000000]
[c=3812000000]
cosim: 1471000000 retirements ok (pc=ffffffff800f769e)
[c=3813000000]
[c=3814000000]
cosim: 1472000000 retirements ok (pc=ffffffff800f76c2)
[c=3815000000]
[c=3816000000]
[c=3817000000]
cosim: 1473000000 retirements ok (pc=ffffffff800f769e)
[c=3818000000]
[c=3819000000]
cosim: 1474000000 retirements ok (pc=ffffffff800f76b8)
[c=3820000000]
cosim: 1475000000 retirements ok (pc=ffffffff800f76ac)
[c=3821000000]
[c=3822000000]
cosim: 1476000000 retirements ok (pc=ffffffff800f76a6)
[c=3823000000]
[c=3824000000]
cosim: 1477000000 retirements ok (pc=ffffffff800f76c6)
[c=3825000000]
[c=3826000000]
cosim: 1478000000 retirements ok (pc=ffffffff800f77e0)
[c=3827000000]
[c=3828000000]
cosim: 1479000000 retirements ok (pc=ffffffff800f76a6)
[c=3829000000]
[c=3830000000]
cosim: 1480000000 retirements ok (pc=ffffffff800f76b8)
[c=3831000000]
[c=3832000000]
cosim: 1481000000 retirements ok (pc=ffffffff800f76c0)
[c=3833000000]
[c=3834000000]
cosim: 1482000000 retirements ok (pc=ffffffff808e2d12)
[c=3835000000]
cosim: 1483000000 retirements ok (pc=ffffffff8006c2e4)
[c=3836000000]
[c=3837000000]
cosim: 1484000000 retirements ok (pc=ffffffff808e2d1c)
[c=3838000000]
[c=3839000000]
cosim: 1485000000 retirements ok (pc=ffffffff808d9150)
[c=3840000000]
[c=3841000000]
cosim: 1486000000 retirements ok (pc=ffffffff808e2d0e)
[c=3842000000]
[c=3843000000]
cosim: 1487000000 retirements ok (pc=ffffffff808e29c8)
[c=3844000000]
cosim: 1488000000 retirements ok (pc=ffffffff808e2c90)
[c=3845000000]
[c=3846000000]
cosim: 1489000000 retirements ok (pc=ffffffff800f76bc)
[c=3847000000]
[c=3848000000]
cosim: 1490000000 retirements ok (pc=ffffffff800a1126)
[c=3849000000]
[c=3850000000]
cosim: 1491000000 retirements ok (pc=ffffffff808e2c92)
[c=3851000000]
cosim: 1492000000 retirements ok (pc=ffffffff800f7724)
[c=3852000000]
[c=3853000000]
cosim: 1493000000 retirements ok (pc=ffffffff80531216)
[c=3854000000]
[c=3855000000]
cosim: 1494000000 retirements ok (pc=ffffffff800f76c6)
[c=3856000000]
[c=3857000000]
cosim: 1495000000 retirements ok (pc=ffffffff800f76b0)
[c=3858000000]
[c=3859000000]
cosim: 1496000000 retirements ok (pc=ffffffff800f76c6)
[c=3860000000]
[c=3861000000]
cosim: 1497000000 retirements ok (pc=ffffffff800f775a)
[c=3862000000]
[c=3863000000]
cosim: 1498000000 retirements ok (pc=ffffffff800f76b0)
[c=3864000000]
[c=3865000000]
cosim: 1499000000 retirements ok (pc=ffffffff800f7724)
[c=3866000000]
[c=3867000000]
cosim: 1500000000 retirements ok (pc=ffffffff800f7690)
[c=3868000000]
[c=3869000000]
cosim: 1501000000 retirements ok (pc=ffffffff800f7758)
[c=3870000000]
[c=3871000000]
cosim: 1502000000 retirements ok (pc=ffffffff808e2d1e)
[c=3872000000]
[c=3873000000]
cosim: 1503000000 retirements ok (pc=ffffffff800f76a2)
[c=3874000000]
[c=3875000000]
cosim: 1504000000 retirements ok (pc=ffffffff800f76c2)
[c=3876000000]
[c=3877000000]
cosim: 1505000000 retirements ok (pc=ffffffff800f77e2)
[c=3878000000]
cosim: 1506000000 retirements ok (pc=ffffffff800f76c0)
[c=3879000000]
[c=3880000000]
cosim: 1507000000 retirements ok (pc=ffffffff800f76aa)
[c=3881000000]
[c=3882000000]
cosim: 1508000000 retirements ok (pc=ffffffff800f775a)
[c=3883000000]
[c=3884000000]
cosim: 1509000000 retirements ok (pc=ffffffff800f76b4)
[c=3885000000]
[c=3886000000]
cosim: 1510000000 retirements ok (pc=ffffffff800f7736)
[c=3887000000]
[c=3888000000]
cosim: 1511000000 retirements ok (pc=ffffffff800f76c0)
[c=3889000000]
[c=3890000000]
cosim: 1512000000 retirements ok (pc=ffffffff800f7724)
[c=3891000000]
[c=3892000000]
cosim: 1513000000 retirements ok (pc=ffffffff800f77e2)
[c=3893000000]
[c=3894000000]
cosim: 1514000000 retirements ok (pc=ffffffff800f76a2)
[c=3895000000]
[c=3896000000]
cosim: 1515000000 retirements ok (pc=ffffffff800f77e6)
[c=3897000000]
cosim: 1516000000 retirements ok (pc=ffffffff800f77f8)
[c=3898000000]
[c=3899000000]
cosim: 1517000000 retirements ok (pc=ffffffff808e29c4)
[c=3900000000]
[c=3901000000]
cosim: 1518000000 retirements ok (pc=ffffffff800f775a)
[c=3902000000]
[c=3903000000]
cosim: 1519000000 retirements ok (pc=ffffffff800f77fa)
[c=3904000000]
[c=3905000000]
cosim: 1520000000 retirements ok (pc=ffffffff800f76a6)
[c=3906000000]
[c=3907000000]
cosim: 1521000000 retirements ok (pc=ffffffff800f7758)
[c=3908000000]
[c=3909000000]
cosim: 1522000000 retirements ok (pc=ffffffff800f76aa)
[c=3910000000]
[c=3911000000]
cosim: 1523000000 retirements ok (pc=ffffffff800f7758)
[c=3912000000]
[c=3913000000]
cosim: 1524000000 retirements ok (pc=ffffffff800f7752)
[c=3914000000]
[c=3915000000]
cosim: 1525000000 retirements ok (pc=ffffffff800f769e)
[c=3916000000]
[c=3917000000]
cosim: 1526000000 retirements ok (pc=ffffffff800f7724)
[c=3918000000]
[c=3919000000]
cosim: 1527000000 retirements ok (pc=ffffffff800f76b0)
[c=3920000000]
[c=3921000000]
cosim: 1528000000 retirements ok (pc=ffffffff800f76ae)
[c=3922000000]
[c=3923000000]
cosim: 1529000000 retirements ok (pc=ffffffff800f76c2)
[c=3924000000]
[c=3925000000]
cosim: 1530000000 retirements ok (pc=ffffffff800f76b8)
[c=3926000000]
[c=3927000000]
cosim: 1531000000 retirements ok (pc=ffffffff800f7758)
[c=3928000000]
[c=3929000000]
cosim: 1532000000 retirements ok (pc=ffffffff800f77e2)
[c=3930000000]
cosim: 1533000000 retirements ok (pc=ffffffff800f77e6)
[c=3931000000]
[c=3932000000]
cosim: 1534000000 retirements ok (pc=ffffffff800f77f0)
[c=3933000000]
[c=3934000000]
cosim: 1535000000 retirements ok (pc=ffffffff800f76a2)
[c=3935000000]
[c=3936000000]
cosim: 1536000000 retirements ok (pc=ffffffff800f77e8)
[c=3937000000]
[c=3938000000]
cosim: 1537000000 retirements ok (pc=ffffffff800f76b0)
[c=3939000000]
[c=3940000000]
cosim: 1538000000 retirements ok (pc=ffffffff800f77e8)
[c=3941000000]
[c=3942000000]
cosim: 1539000000 retirements ok (pc=ffffffff800a10b4)
[c=3943000000]
[c=3944000000]
cosim: 1540000000 retirements ok (pc=ffffffff800f771e)
[c=3945000000]
[c=3946000000]
cosim: 1541000000 retirements ok (pc=ffffffff800f76b8)
[c=3947000000]
[c=3948000000]
cosim: 1542000000 retirements ok (pc=ffffffff800f76c6)
[c=3949000000]
[c=3950000000]
cosim: 1543000000 retirements ok (pc=ffffffff800f775a)
[c=3951000000]
[c=3952000000]
cosim: 1544000000 retirements ok (pc=ffffffff808e2c90)
[c=3953000000]
[c=3954000000]
cosim: 1545000000 retirements ok (pc=ffffffff800f77ec)
[c=3955000000]
cosim: 1546000000 retirements ok (pc=ffffffff800f76a6)
[c=3956000000]
[c=3957000000]
cosim: 1547000000 retirements ok (pc=ffffffff800f769c)
[c=3958000000]
[c=3959000000]
cosim: 1548000000 retirements ok (pc=ffffffff800f77fc)
[c=3960000000]
[c=3961000000]
cosim: 1549000000 retirements ok (pc=ffffffff800f7756)
[c=3962000000]
[c=3963000000]
cosim: 1550000000 retirements ok (pc=ffffffff800f77f8)
[c=3964000000]
[c=3965000000]
cosim: 1551000000 retirements ok (pc=ffffffff800f7758)
[c=3966000000]
[c=3967000000]
cosim: 1552000000 retirements ok (pc=ffffffff800f77f0)
[c=3968000000]
[c=3969000000]
cosim: 1553000000 retirements ok (pc=ffffffff800f777a)
[c=3970000000]
[c=3971000000]
cosim: 1554000000 retirements ok (pc=ffffffff800f769e)
[c=3972000000]
[c=3973000000]
cosim: 1555000000 retirements ok (pc=ffffffff808e2c90)
[c=3974000000]
[c=3975000000]
cosim: 1556000000 retirements ok (pc=ffffffff808e2c92)
[c=3976000000]
cosim: 1557000000 retirements ok (pc=ffffffff800f7756)
[c=3977000000]
[c=3978000000]
cosim: 1558000000 retirements ok (pc=ffffffff800f76b8)
[c=3979000000]
[c=3980000000]
cosim: 1559000000 retirements ok (pc=ffffffff800f7752)
[c=3981000000]
[c=3982000000]
cosim: 1560000000 retirements ok (pc=ffffffff800f7694)
[c=3983000000]
[c=3984000000]
cosim: 1561000000 retirements ok (pc=ffffffff800f77e2)
[c=3985000000]
[c=3986000000]
cosim: 1562000000 retirements ok (pc=ffffffff800f77f8)
[c=3987000000]
[c=3988000000]
cosim: 1563000000 retirements ok (pc=ffffffff80063f0c)
[c=3989000000]
[c=3990000000]
cosim: 1564000000 retirements ok (pc=ffffffff800f7724)
[c=3991000000]
[c=3992000000]
cosim: 1565000000 retirements ok (pc=ffffffff800f76a6)
[c=3993000000]
cosim: 1566000000 retirements ok (pc=ffffffff808e2c92)
[c=3994000000]
[c=3995000000]
cosim: 1567000000 retirements ok (pc=ffffffff800f76a6)
[c=3996000000]
[c=3997000000]
cosim: 1568000000 retirements ok (pc=ffffffff800f77f8)
[c=3998000000]
[c=3999000000]
cosim: 1569000000 retirements ok (pc=ffffffff800f77e0)
[c=4000000000]
[c=4001000000]
cosim: 1570000000 retirements ok (pc=ffffffff800f77e0)
[c=4002000000]
[c=4003000000]
cosim: 1571000000 retirements ok (pc=ffffffff80065278)
[c=4004000000]
[c=4005000000]
cosim: 1572000000 retirements ok (pc=ffffffff800f775e)
[c=4006000000]
[c=4007000000]
cosim: 1573000000 retirements ok (pc=ffffffff800f77e6)
[c=4008000000]
[c=4009000000]
cosim: 1574000000 retirements ok (pc=ffffffff800f76a2)
[c=4010000000]
[c=4011000000]
cosim: 1575000000 retirements ok (pc=ffffffff800f775e)
[c=4012000000]
[c=4013000000]
cosim: 1576000000 retirements ok (pc=ffffffff808e2d0e)
[c=4014000000]
[c=4015000000]
cosim: 1577000000 retirements ok (pc=ffffffff800f775a)
[c=4016000000]
cosim: 1578000000 retirements ok (pc=ffffffff800f76d2)
[c=4017000000]
[c=4018000000]
cosim: 1579000000 retirements ok (pc=ffffffff800f76aa)
[c=4019000000]
[c=4020000000]
cosim: 1580000000 retirements ok (pc=ffffffff800f771a)
[c=4021000000]
[c=4022000000]
cosim: 1581000000 retirements ok (pc=ffffffff800f772a)
[c=4023000000]
[c=4024000000]
cosim: 1582000000 retirements ok (pc=ffffffff800f76b8)
[c=4025000000]
[c=4026000000]
cosim: 1583000000 retirements ok (pc=ffffffff800f775e)
[c=4027000000]
[c=4028000000]
cosim: 1584000000 retirements ok (pc=ffffffff800f775e)
[c=4029000000]
[c=4030000000]
cosim: 1585000000 retirements ok (pc=ffffffff800f76c2)
[c=4031000000]
[c=4032000000]
cosim: 1586000000 retirements ok (pc=ffffffff800f77e2)
[c=4033000000]
[c=4034000000]
cosim: 1587000000 retirements ok (pc=ffffffff800f77e6)
[c=4035000000]
[c=4036000000]
cosim: 1588000000 retirements ok (pc=ffffffff800f77f4)
[c=4037000000]
[c=4038000000]
cosim: 1589000000 retirements ok (pc=ffffffff800f77e6)
[c=4039000000]
[c=4040000000]
cosim: 1590000000 retirements ok (pc=ffffffff800f76ae)
[c=4041000000]
[c=4042000000]
cosim: 1591000000 retirements ok (pc=ffffffff808e2d16)
[c=4043000000]
[c=4044000000]
cosim: 1592000000 retirements ok (pc=ffffffff800f77e8)
[c=4045000000]
[c=4046000000]
cosim: 1593000000 retirements ok (pc=ffffffff800f7698)
[c=4047000000]
cosim: 1594000000 retirements ok (pc=ffffffff800f7698)
[c=4048000000]
[c=4049000000]
cosim: 1595000000 retirements ok (pc=ffffffff800f7698)
[c=4050000000]
[c=4051000000]
cosim: 1596000000 retirements ok (pc=ffffffff800f775a)
[c=4052000000]
[c=4053000000]
cosim: 1597000000 retirements ok (pc=ffffffff800f76d4)
[c=4054000000]
[c=4055000000]
cosim: 1598000000 retirements ok (pc=ffffffff800f769c)
[c=4056000000]
[c=4057000000]
cosim: 1599000000 retirements ok (pc=ffffffff800f771a)
[c=4058000000]
[c=4059000000]
cosim: 1600000000 retirements ok (pc=ffffffff800f76a6)
[c=4060000000]
[c=4061000000]
cosim: 1601000000 retirements ok (pc=ffffffff800f7724)
[c=4062000000]
[c=4063000000]
cosim: 1602000000 retirements ok (pc=ffffffff800f771e)
[c=4064000000]
[c=4065000000]
cosim: 1603000000 retirements ok (pc=ffffffff800a3db0)
[c=4066000000]
[c=4067000000]
cosim: 1604000000 retirements ok (pc=ffffffff800f7752)
[c=4068000000]
[c=4069000000]
cosim: 1605000000 retirements ok (pc=ffffffff808d46d8)
[c=4070000000]
[c=4071000000]
cosim: 1606000000 retirements ok (pc=ffffffff8006e184)
[c=4072000000]
[c=4073000000]
cosim: 1607000000 retirements ok (pc=ffffffff800f7758)
[c=4074000000]
[c=4075000000]
cosim: 1608000000 retirements ok (pc=ffffffff800f76bc)
[c=4076000000]
[c=4077000000]
cosim: 1609000000 retirements ok (pc=ffffffff800f7728)
[c=4078000000]
[c=4079000000]
cosim: 1610000000 retirements ok (pc=ffffffff800b0614)
[c=4080000000]
[c=4081000000]
cosim: 1611000000 retirements ok (pc=ffffffff800f76aa)
[c=4082000000]
[c=4083000000]
cosim: 1612000000 retirements ok (pc=ffffffff805311aa)
[c=4084000000]
[c=4085000000]
cosim: 1613000000 retirements ok (pc=ffffffff800f76c0)
[c=4086000000]
[c=4087000000]
cosim: 1614000000 retirements ok (pc=ffffffff800f769c)
[c=4088000000]
[c=4089000000]
cosim: 1615000000 retirements ok (pc=ffffffff800f7728)
[c=4090000000]
[c=4091000000]
cosim: 1616000000 retirements ok (pc=ffffffff800f76b0)
[c=4092000000]
[c=4093000000]
cosim: 1617000000 retirements ok (pc=ffffffff800f771a)
[c=4094000000]
[c=4095000000]
cosim: 1618000000 retirements ok (pc=ffffffff800f7752)
[c=4096000000]
[c=4097000000]
cosim: 1619000000 retirements ok (pc=ffffffff800f7698)
[c=4098000000]
[c=4099000000]
cosim: 1620000000 retirements ok (pc=ffffffff800f769e)
[c=4100000000]
[c=4101000000]
cosim: 1621000000 retirements ok (pc=ffffffff800f76b0)
[c=4102000000]
[c=4103000000]
cosim: 1622000000 retirements ok (pc=ffffffff800f7698)
[c=4104000000]
[c=4105000000]
cosim: 1623000000 retirements ok (pc=ffffffff800f76c6)
[c=4106000000]
[c=4107000000]
cosim: 1624000000 retirements ok (pc=ffffffff800f77ec)
[c=4108000000]
[c=4109000000]
cosim: 1625000000 retirements ok (pc=ffffffff800f76b4)
[c=4110000000]
[c=4111000000]
cosim: 1626000000 retirements ok (pc=ffffffff800f7808)
[c=4112000000]
[c=4113000000]
cosim: 1627000000 retirements ok (pc=ffffffff808d8994)
[c=4114000000]
[c=4115000000]
cosim: 1628000000 retirements ok (pc=ffffffff800f76ae)
[c=4116000000]
[c=4117000000]
cosim: 1629000000 retirements ok (pc=ffffffff800f769c)
[c=4118000000]
[c=4119000000]
cosim: 1630000000 retirements ok (pc=ffffffff800f76a2)
[c=4120000000]
[c=4121000000]
cosim: 1631000000 retirements ok (pc=ffffffff800f769c)
[c=4122000000]
[c=4123000000]
cosim: 1632000000 retirements ok (pc=ffffffff800f775e)
[c=4124000000]
[c=4125000000]
cosim: 1633000000 retirements ok (pc=ffffffff800f76c6)
[c=4126000000]
[c=4127000000]
cosim: 1634000000 retirements ok (pc=ffffffff800f76c2)
[c=4128000000]
[c=4129000000]
cosim: 1635000000 retirements ok (pc=ffffffff800f7698)
[c=4130000000]
[c=4131000000]
cosim: 1636000000 retirements ok (pc=ffffffff800a47fc)
[c=4132000000]
[c=4133000000]
cosim: 1637000000 retirements ok (pc=ffffffff800f76c0)
[c=4134000000]
[c=4135000000]
cosim: 1638000000 retirements ok (pc=ffffffff800f76ac)
[c=4136000000]
[c=4137000000]
cosim: 1639000000 retirements ok (pc=ffffffff800f77f8)
[c=4138000000]
[c=4139000000]
cosim: 1640000000 retirements ok (pc=ffffffff800f7698)
[c=4140000000]
[c=4141000000]
cosim: 1641000000 retirements ok (pc=ffffffff800f775a)
[c=4142000000]
[c=4143000000]
cosim: 1642000000 retirements ok (pc=ffffffff800f7752)
[c=4144000000]
[c=4145000000]
cosim: 1643000000 retirements ok (pc=ffffffff800f769e)
[c=4146000000]
cosim: 1644000000 retirements ok (pc=ffffffff800f7752)
[c=4147000000]
[c=4148000000]
cosim: 1645000000 retirements ok (pc=ffffffff800f772e)
[c=4149000000]
[c=4150000000]
cosim: 1646000000 retirements ok (pc=ffffffff800f775e)
[c=4151000000]
[c=4152000000]
cosim: 1647000000 retirements ok (pc=ffffffff800f77fa)
[c=4153000000]
[c=4154000000]
cosim: 1648000000 retirements ok (pc=ffffffff800f76c6)
[c=4155000000]
[c=4156000000]
cosim: 1649000000 retirements ok (pc=ffffffff8009fe10)
[c=4157000000]
[c=4158000000]
cosim: 1650000000 retirements ok (pc=ffffffff800f77f4)
[c=4159000000]
[c=4160000000]
cosim: 1651000000 retirements ok (pc=ffffffff800f77ec)
[c=4161000000]
[c=4162000000]
cosim: 1652000000 retirements ok (pc=ffffffff800f76c6)
[c=4163000000]
[c=4164000000]
cosim: 1653000000 retirements ok (pc=ffffffff800f76aa)
[c=4165000000]
[c=4166000000]
cosim: 1654000000 retirements ok (pc=ffffffff800acc58)
[c=4167000000]
[c=4168000000]
cosim: 1655000000 retirements ok (pc=ffffffff800f76b8)
[c=4169000000]
[c=4170000000]
cosim: 1656000000 retirements ok (pc=ffffffff800f76ac)
[c=4171000000]
[c=4172000000]
cosim: 1657000000 retirements ok (pc=ffffffff800f76a2)
[c=4173000000]
[c=4174000000]
cosim: 1658000000 retirements ok (pc=ffffffff800f76b4)
[c=4175000000]
[c=4176000000]
cosim: 1659000000 retirements ok (pc=ffffffff800f77fa)
[c=4177000000]
[c=4178000000]
cosim: 1660000000 retirements ok (pc=ffffffff800f7736)
[c=4179000000]
[c=4180000000]
cosim: 1661000000 retirements ok (pc=ffffffff800f76aa)
[c=4181000000]
[c=4182000000]
cosim: 1662000000 retirements ok (pc=ffffffff800f76b4)
[c=4183000000]
[c=4184000000]
cosim: 1663000000 retirements ok (pc=ffffffff800f76bc)
[c=4185000000]
[c=4186000000]
cosim: 1664000000 retirements ok (pc=ffffffff800f76a6)
[c=4187000000]
[c=4188000000]
cosim: 1665000000 retirements ok (pc=ffffffff800f775e)
[c=4189000000]
[c=4190000000]
cosim: 1666000000 retirements ok (pc=ffffffff800f76b8)
[c=4191000000]
[c=4192000000]
cosim: 1667000000 retirements ok (pc=ffffffff800f769e)
[c=4193000000]
[c=4194000000]
cosim: 1668000000 retirements ok (pc=ffffffff800f772c)
[c=4195000000]
[c=4196000000]
cosim: 1669000000 retirements ok (pc=ffffffff800f77e8)
[c=4197000000]
[c=4198000000]
cosim: 1670000000 retirements ok (pc=ffffffff800f77e6)
[c=4199000000]
[c=4200000000]
cosim: 1671000000 retirements ok (pc=ffffffff800f76a2)
[c=4201000000]
[c=4202000000]
cosim: 1672000000 retirements ok (pc=ffffffff808e2c92)
[c=4203000000]
[c=4204000000]
cosim: 1673000000 retirements ok (pc=ffffffff800f7752)
[c=4205000000]
[c=4206000000]
cosim: 1674000000 retirements ok (pc=ffffffff800f7694)
[c=4207000000]
[c=4208000000]
cosim: 1675000000 retirements ok (pc=ffffffff800f771e)
[c=4209000000]
[c=4210000000]
cosim: 1676000000 retirements ok (pc=ffffffff800f76b0)
[c=4211000000]
[c=4212000000]
cosim: 1677000000 retirements ok (pc=ffffffff800a3774)
[c=4213000000]
[c=4214000000]
cosim: 1678000000 retirements ok (pc=ffffffff800f775a)
[c=4215000000]
[c=4216000000]
cosim: 1679000000 retirements ok (pc=ffffffff800f76b4)
[c=4217000000]
[c=4218000000]
cosim: 1680000000 retirements ok (pc=ffffffff808d8a04)
[c=4219000000]
[c=4220000000]
cosim: 1681000000 retirements ok (pc=ffffffff808e2c96)
[c=4221000000]
[c=4222000000]
cosim: 1682000000 retirements ok (pc=ffffffff800f7698)
[c=4223000000]
[c=4224000000]
cosim: 1683000000 retirements ok (pc=ffffffff800f76c0)
[c=4225000000]
[c=4226000000]
cosim: 1684000000 retirements ok (pc=ffffffff800f769c)
[c=4227000000]
[c=4228000000]
cosim: 1685000000 retirements ok (pc=ffffffff808e2c96)
[c=4229000000]
[c=4230000000]
cosim: 1686000000 retirements ok (pc=ffffffff800f77f0)
[c=4231000000]
[c=4232000000]
cosim: 1687000000 retirements ok (pc=ffffffff800f77e8)
[c=4233000000]
[c=4234000000]
cosim: 1688000000 retirements ok (pc=ffffffff800f77f0)
[c=4235000000]
[c=4236000000]
cosim: 1689000000 retirements ok (pc=ffffffff808e2c90)
[c=4237000000]
[c=4238000000]
cosim: 1690000000 retirements ok (pc=ffffffff800f77ec)
[c=4239000000]
[c=4240000000]
cosim: 1691000000 retirements ok (pc=ffffffff800f76bc)
[c=4241000000]
[c=4242000000]
cosim: 1692000000 retirements ok (pc=ffffffff800f76c6)
[c=4243000000]
[c=4244000000]
cosim: 1693000000 retirements ok (pc=ffffffff800f7698)
[c=4245000000]
[c=4246000000]
cosim: 1694000000 retirements ok (pc=ffffffff800f77f0)
[c=4247000000]
[c=4248000000]
cosim: 1695000000 retirements ok (pc=ffffffff800f76c6)
[c=4249000000]
[c=4250000000]
cosim: 1696000000 retirements ok (pc=ffffffff800f775a)
[c=4251000000]
[c=4252000000]
cosim: 1697000000 retirements ok (pc=ffffffff800f76ac)
[c=4253000000]
[c=4254000000]
cosim: 1698000000 retirements ok (pc=ffffffff808e2c88)
[c=4255000000]
[c=4256000000]
cosim: 1699000000 retirements ok (pc=ffffffff800f76b0)
[c=4257000000]
[c=4258000000]
cosim: 1700000000 retirements ok (pc=ffffffff800f7732)
[c=4259000000]
[c=4260000000]
cosim: 1701000000 retirements ok (pc=ffffffff808e2d08)
[c=4261000000]
[c=4262000000]
cosim: 1702000000 retirements ok (pc=ffffffff800f7694)
[c=4263000000]
[c=4264000000]
cosim: 1703000000 retirements ok (pc=ffffffff800f76ae)
[c=4265000000]
[c=4266000000]
cosim: 1704000000 retirements ok (pc=ffffffff800f76b0)
[c=4267000000]
[c=4268000000]
cosim: 1705000000 retirements ok (pc=ffffffff800f7732)
[c=4269000000]
[c=4270000000]
cosim: 1706000000 retirements ok (pc=ffffffff800f769e)
[c=4271000000]
[c=4272000000]
cosim: 1707000000 retirements ok (pc=ffffffff800f76b4)
[c=4273000000]
[c=4274000000]
cosim: 1708000000 retirements ok (pc=ffffffff808d89e2)
[c=4275000000]
[c=4276000000]
cosim: 1709000000 retirements ok (pc=ffffffff800f77e2)
[c=4277000000]
[c=4278000000]
cosim: 1710000000 retirements ok (pc=ffffffff808e2d1a)
[c=4279000000]
[c=4280000000]
cosim: 1711000000 retirements ok (pc=ffffffff800f77f8)
[c=4281000000]
[c=4282000000]
cosim: 1712000000 retirements ok (pc=ffffffff800f76ac)
[c=4283000000]
cosim: 1713000000 retirements ok (pc=ffffffff800f775a)
[c=4284000000]
[c=4285000000]
cosim: 1714000000 retirements ok (pc=ffffffff800f77e0)
[c=4286000000]
[c=4287000000]
cosim: 1715000000 retirements ok (pc=ffffffff800f76ce)
[c=4288000000]
[c=4289000000]
cosim: 1716000000 retirements ok (pc=ffffffff800f769c)
[c=4290000000]
[c=4291000000]
cosim: 1717000000 retirements ok (pc=ffffffff808e2d16)
[c=4292000000]
[c=4293000000]
cosim: 1718000000 retirements ok (pc=ffffffff800f7736)
[c=4294000000]
[c=4295000000]
cosim: 1719000000 retirements ok (pc=ffffffff800f769c)
[c=4296000000]
[c=4297000000]
cosim: 1720000000 retirements ok (pc=ffffffff800f7736)
[c=4298000000]
[c=4299000000]
cosim: 1721000000 retirements ok (pc=ffffffff8005981c)
[c=4300000000]
[c=4301000000]
cosim: 1722000000 retirements ok (pc=ffffffff800f771e)
[c=4302000000]
[c=4303000000]
[c=4304000000]
cosim: 1723000000 retirements ok (pc=ffffffff800f7736)
[c=4305000000]
[c=4306000000]
cosim: 1724000000 retirements ok (pc=ffffffff80064320)
[c=4307000000]
[c=4308000000]
cosim: 1725000000 retirements ok (pc=ffffffff800f76c2)
[c=4309000000]
[c=4310000000]
cosim: 1726000000 retirements ok (pc=ffffffff800f775a)
[c=4311000000]
[c=4312000000]
cosim: 1727000000 retirements ok (pc=ffffffff800f76ae)
[c=4313000000]
[c=4314000000]
cosim: 1728000000 retirements ok (pc=ffffffff808e2d12)
[c=4315000000]
[c=4316000000]
cosim: 1729000000 retirements ok (pc=ffffffff800a4068)
[c=4317000000]
[c=4318000000]
cosim: 1730000000 retirements ok (pc=ffffffff800f76bc)
[c=4319000000]
[c=4320000000]
cosim: 1731000000 retirements ok (pc=ffffffff808e2c96)
[c=4321000000]
[c=4322000000]
cosim: 1732000000 retirements ok (pc=ffffffff808e2d24)
[c=4323000000]
[c=4324000000]
cosim: 1733000000 retirements ok (pc=ffffffff808e2bee)
[c=4325000000]
[c=4326000000]
cosim: 1734000000 retirements ok (pc=ffffffff800a08ba)
[c=4327000000]
[c=4328000000]
cosim: 1735000000 retirements ok (pc=ffffffff800f76ac)
[c=4329000000]
[c=4330000000]
cosim: 1736000000 retirements ok (pc=ffffffff800f7758)
[c=4331000000]
[c=4332000000]
cosim: 1737000000 retirements ok (pc=ffffffff800f76ca)
[c=4333000000]
[c=4334000000]
cosim: 1738000000 retirements ok (pc=ffffffff800f76b4)
[c=4335000000]
[c=4336000000]
cosim: 1739000000 retirements ok (pc=ffffffff800f77fa)
[c=4337000000]
[c=4338000000]
cosim: 1740000000 retirements ok (pc=ffffffff800f76aa)
[c=4339000000]
[c=4340000000]
cosim: 1741000000 retirements ok (pc=ffffffff808e2c90)
[c=4341000000]
[c=4342000000]
cosim: 1742000000 retirements ok (pc=ffffffff800f7756)
[c=4343000000]
[c=4344000000]
cosim: 1743000000 retirements ok (pc=ffffffff808e2c90)
[c=4345000000]
[c=4346000000]
[c=4347000000]
cosim: 1744000000 retirements ok (pc=ffffffff800f7786)
[c=4348000000]
[c=4349000000]
cosim: 1745000000 retirements ok (pc=ffffffff800f7808)
[c=4350000000]
[c=4351000000]
cosim: 1746000000 retirements ok (pc=ffffffff800f77ec)
[c=4352000000]
[c=4353000000]
cosim: 1747000000 retirements ok (pc=ffffffff800f76c6)
[c=4354000000]
[c=4355000000]
cosim: 1748000000 retirements ok (pc=ffffffff808e2c96)
[c=4356000000]
[c=4357000000]
cosim: 1749000000 retirements ok (pc=ffffffff800f76ac)
[c=4358000000]
[c=4359000000]
cosim: 1750000000 retirements ok (pc=ffffffff800f77ec)
[c=4360000000]
[c=4361000000]
cosim: 1751000000 retirements ok (pc=ffffffff800f38b4)
[c=4362000000]
[c=4363000000]
cosim: 1752000000 retirements ok (pc=ffffffff800f77fc)
[c=4364000000]
[c=4365000000]
cosim: 1753000000 retirements ok (pc=ffffffff800f76ce)
[c=4366000000]
[c=4367000000]
cosim: 1754000000 retirements ok (pc=ffffffff800f77e2)
[c=4368000000]
[c=4369000000]
cosim: 1755000000 retirements ok (pc=ffffffff800f7752)
[c=4370000000]
[c=4371000000]
[c=4372000000]
cosim: 1756000000 retirements ok (pc=ffffffff800f77ec)
[c=4373000000]
[c=4374000000]
cosim: 1757000000 retirements ok (pc=ffffffff808e2c90)
[c=4375000000]
[c=4376000000]
cosim: 1758000000 retirements ok (pc=ffffffff800f780c)
[c=4377000000]
[c=4378000000]
cosim: 1759000000 retirements ok (pc=ffffffff800f772e)
[c=4379000000]
[c=4380000000]
cosim: 1760000000 retirements ok (pc=ffffffff808e2d0e)
[c=4381000000]
[c=4382000000]
cosim: 1761000000 retirements ok (pc=ffffffff808e2c90)
[c=4383000000]
[c=4384000000]
cosim: 1762000000 retirements ok (pc=ffffffff800599b2)
[c=4385000000]
[c=4386000000]
cosim: 1763000000 retirements ok (pc=ffffffff800f38a2)
[c=4387000000]
[c=4388000000]
cosim: 1764000000 retirements ok (pc=ffffffff800f7782)
[c=4389000000]
[c=4390000000]
cosim: 1765000000 retirements ok (pc=ffffffff800f77e8)
[c=4391000000]
[c=4392000000]
cosim: 1766000000 retirements ok (pc=ffffffff800f393a)
[c=4393000000]
[c=4394000000]
[c=4395000000]
cosim: 1767000000 retirements ok (pc=ffffffff800f7758)
[c=4396000000]
[c=4397000000]
cosim: 1768000000 retirements ok (pc=ffffffff800f389e)
[c=4398000000]
[c=4399000000]
cosim: 1769000000 retirements ok (pc=ffffffff800f7752)
[c=4400000000]
[c=4401000000]
cosim: 1770000000 retirements ok (pc=ffffffff800f7758)
[c=4402000000]
[c=4403000000]
cosim: 1771000000 retirements ok (pc=ffffffff80063fb6)
[c=4404000000]
[c=4405000000]
cosim: 1772000000 retirements ok (pc=ffffffff800f77e0)
[c=4406000000]
[c=4407000000]
cosim: 1773000000 retirements ok (pc=ffffffff800f777a)
[c=4408000000]
[c=4409000000]
cosim: 1774000000 retirements ok (pc=ffffffff800f77ec)
[c=4410000000]
[c=4411000000]
cosim: 1775000000 retirements ok (pc=ffffffff800f77e2)
[c=4412000000]
[c=4413000000]
cosim: 1776000000 retirements ok (pc=ffffffff800f76aa)
[c=4414000000]
[c=4415000000]
cosim: 1777000000 retirements ok (pc=ffffffff800f769c)
[c=4416000000]
[c=4417000000]
[c=4418000000]
cosim: 1778000000 retirements ok (pc=ffffffff800f7698)
[c=4419000000]
[c=4420000000]
cosim: 1779000000 retirements ok (pc=ffffffff800f77f8)
[c=4421000000]
[c=4422000000]
cosim: 1780000000 retirements ok (pc=ffffffff800f77f0)
[c=4423000000]
[c=4424000000]
cosim: 1781000000 retirements ok (pc=ffffffff800f77e0)
[c=4425000000]
[c=4426000000]
cosim: 1782000000 retirements ok (pc=ffffffff800f76bc)
[c=4427000000]
[c=4428000000]
[c=4429000000]
cosim: 1783000000 retirements ok (pc=ffffffff800f77e0)
[c=4430000000]
[c=4431000000]
cosim: 1784000000 retirements ok (pc=ffffffff808d89f6)
[c=4432000000]
[c=4433000000]
cosim: 1785000000 retirements ok (pc=ffffffff800f780c)
[c=4434000000]
[c=4435000000]
cosim: 1786000000 retirements ok (pc=ffffffff800f7698)
[c=4436000000]
[c=4437000000]
cosim: 1787000000 retirements ok (pc=ffffffff800f7772)
[c=4438000000]
[c=4439000000]
cosim: 1788000000 retirements ok (pc=ffffffff800f7658)
[c=4440000000]
[c=4441000000]
cosim: 1789000000 retirements ok (pc=ffffffff800f76bc)
[c=4442000000]
[c=4443000000]
cosim: 1790000000 retirements ok (pc=ffffffff800f77f0)
[c=4444000000]
[c=4445000000]
cosim: 1791000000 retirements ok (pc=ffffffff808e29de)
[c=4446000000]
[c=4447000000]
cosim: 1792000000 retirements ok (pc=ffffffff800f76b0)
[c=4448000000]
cosim: 1793000000 retirements ok (pc=ffffffff808e2c90)
[c=4449000000]
[c=4450000000]
cosim: 1794000000 retirements ok (pc=ffffffff800f77fa)
[c=4451000000]
[c=4452000000]
cosim: 1795000000 retirements ok (pc=ffffffff800f77f0)
[c=4453000000]
[c=4454000000]
cosim: 1796000000 retirements ok (pc=ffffffff800f77e6)
[c=4455000000]
[c=4456000000]
cosim: 1797000000 retirements ok (pc=ffffffff800f77fc)
[c=4457000000]
[c=4458000000]
cosim: 1798000000 retirements ok (pc=ffffffff800f77ec)
[c=4459000000]
[c=4460000000]
cosim: 1799000000 retirements ok (pc=ffffffff800f77e2)
[c=4461000000]
[c=4462000000]
cosim: 1800000000 retirements ok (pc=ffffffff800f7698)
[c=4463000000]
[c=4464000000]
cosim: 1801000000 retirements ok (pc=ffffffff800f7762)
[c=4465000000]
cosim: 1802000000 retirements ok (pc=ffffffff800f7782)
[c=4466000000]
[c=4467000000]
cosim: 1803000000 retirements ok (pc=ffffffff800f76c2)
[c=4468000000]
[c=4469000000]
cosim: 1804000000 retirements ok (pc=ffffffff800f7752)
[c=4470000000]
[c=4471000000]
cosim: 1805000000 retirements ok (pc=ffffffff800f77f0)
[c=4472000000]
[c=4473000000]
cosim: 1806000000 retirements ok (pc=ffffffff808e2c92)
[c=4474000000]
[c=4475000000]
cosim: 1807000000 retirements ok (pc=ffffffff808e2c90)
[c=4476000000]
[c=4477000000]
cosim: 1808000000 retirements ok (pc=ffffffff800f77e8)
[c=4478000000]
[c=4479000000]
cosim: 1809000000 retirements ok (pc=ffffffff800f7698)
[c=4480000000]
[c=4481000000]
cosim: 1810000000 retirements ok (pc=ffffffff800f772a)
[c=4482000000]
[c=4483000000]
cosim: 1811000000 retirements ok (pc=ffffffff800f7694)
[c=4484000000]
[c=4485000000]
cosim: 1812000000 retirements ok (pc=ffffffff800f77e6)
[c=4486000000]
[c=4487000000]
cosim: 1813000000 retirements ok (pc=ffffffff800f7660)
[c=4488000000]
cosim: 1814000000 retirements ok (pc=ffffffff800a3854)
[c=4489000000]
[c=4490000000]
[c=4491000000]
cosim: 1815000000 retirements ok (pc=ffffffff808e2bec)
[c=4492000000]
cosim: 1816000000 retirements ok (pc=ffffffff800f77e6)
[c=4493000000]
[c=4494000000]
cosim: 1817000000 retirements ok (pc=ffffffff800f77e0)
[c=4495000000]
[c=4496000000]
cosim: 1818000000 retirements ok (pc=ffffffff808e2bee)
[c=4497000000]
[c=4498000000]
[c=4499000000]
cosim: 1819000000 retirements ok (pc=ffffffff800f77fa)
[c=4500000000]
[c=4501000000]
cosim: 1820000000 retirements ok (pc=ffffffff800f7662)
[c=4502000000]
[c=4503000000]
cosim: 1821000000 retirements ok (pc=ffffffff808e29e2)
[c=4504000000]
[c=4505000000]
cosim: 1822000000 retirements ok (pc=ffffffff808e2c90)
[c=4506000000]
[c=4507000000]
cosim: 1823000000 retirements ok (pc=ffffffff808e2d0e)
[c=4508000000]
[c=4509000000]
[c=4510000000]
cosim: 1824000000 retirements ok (pc=ffffffff800f76ae)
[c=4511000000]
[c=4512000000]
cosim: 1825000000 retirements ok (pc=ffffffff808d89fe)
[c=4513000000]
[c=4514000000]
cosim: 1826000000 retirements ok (pc=ffffffff808e2c90)
[c=4515000000]
[c=4516000000]
cosim: 1827000000 retirements ok (pc=ffffffff800f77f8)
[c=4517000000]
cosim: 1828000000 retirements ok (pc=ffffffff808e2c96)
[c=4518000000]
[c=4519000000]
cosim: 1829000000 retirements ok (pc=ffffffff800f77e2)
[c=4520000000]
[c=4521000000]
cosim: 1830000000 retirements ok (pc=ffffffff800f76ac)
[c=4522000000]
[c=4523000000]
cosim: 1831000000 retirements ok (pc=ffffffff800f76aa)
[c=4524000000]
[c=4525000000]
cosim: 1832000000 retirements ok (pc=ffffffff800f77ec)
[c=4526000000]
[c=4527000000]
cosim: 1833000000 retirements ok (pc=ffffffff808e2c96)
[c=4528000000]
[c=4529000000]
cosim: 1834000000 retirements ok (pc=ffffffff800f77f8)
[c=4530000000]
[c=4531000000]
cosim: 1835000000 retirements ok (pc=ffffffff800a59a6)
[c=4532000000]
[c=4533000000]
cosim: 1836000000 retirements ok (pc=ffffffff800f76a6)
[c=4534000000]
[c=4535000000]
cosim: 1837000000 retirements ok (pc=ffffffff808e2d1c)
[c=4536000000]
[c=4537000000]
cosim: 1838000000 retirements ok (pc=ffffffff800f76bc)
[c=4538000000]
cosim: 1839000000 retirements ok (pc=ffffffff808d95de)
[c=4539000000]
[c=4540000000]
cosim: 1840000000 retirements ok (pc=ffffffff800f76c2)
[c=4541000000]
[c=4542000000]
[c=4543000000]
cosim: 1841000000 retirements ok (pc=ffffffff800f77e2)
[c=4544000000]
[c=4545000000]
cosim: 1842000000 retirements ok (pc=ffffffff800f7766)
[c=4546000000]
[c=4547000000]
cosim: 1843000000 retirements ok (pc=ffffffff800f76b8)
[c=4548000000]
[c=4549000000]
cosim: 1844000000 retirements ok (pc=ffffffff800f775a)
[c=4550000000]
cosim: 1845000000 retirements ok (pc=ffffffff800f77fa)
[c=4551000000]
[c=4552000000]
cosim: 1846000000 retirements ok (pc=ffffffff800f76bc)
[c=4553000000]
[c=4554000000]
cosim: 1847000000 retirements ok (pc=ffffffff800f7786)
[c=4555000000]
[c=4556000000]
cosim: 1848000000 retirements ok (pc=ffffffff808d52f4)
[c=4557000000]
[c=4558000000]
[c=4559000000]
cosim: 1849000000 retirements ok (pc=ffffffff800f77e8)
[c=4560000000]
[c=4561000000]
cosim: 1850000000 retirements ok (pc=ffffffff800f773a)
[c=4562000000]
[c=4563000000]
[c=4564000000]
cosim: 1851000000 retirements ok (pc=ffffffff800f777e)
[c=4565000000]
[c=4566000000]
cosim: 1852000000 retirements ok (pc=ffffffff800f77f0)
[c=4567000000]
[c=4568000000]
cosim: 1853000000 retirements ok (pc=ffffffff800f76a6)
[c=4569000000]
[c=4570000000]
cosim: 1854000000 retirements ok (pc=ffffffff800f76ae)
[c=4571000000]
[c=4572000000]
cosim: 1855000000 retirements ok (pc=ffffffff808e2d0e)
[c=4573000000]
[c=4574000000]
cosim: 1856000000 retirements ok (pc=ffffffff808e2c96)
[c=4575000000]
[c=4576000000]
cosim: 1857000000 retirements ok (pc=ffffffff808e2c90)
[c=4577000000]
cosim: 1858000000 retirements ok (pc=ffffffff800f7786)
[c=4578000000]
[c=4579000000]
cosim: 1859000000 retirements ok (pc=ffffffff800f77f8)
[c=4580000000]
[c=4581000000]
cosim: 1860000000 retirements ok (pc=ffffffff808e2c96)
[c=4582000000]
[c=4583000000]
cosim: 1861000000 retirements ok (pc=ffffffff808e2c92)
[c=4584000000]
[c=4585000000]
cosim: 1862000000 retirements ok (pc=ffffffff808e29d2)
[c=4586000000]
[c=4587000000]
cosim: 1863000000 retirements ok (pc=ffffffff800f77e2)
[c=4588000000]
[c=4589000000]
cosim: 1864000000 retirements ok (pc=ffffffff800a590a)
[c=4590000000]
[c=4591000000]
cosim: 1865000000 retirements ok (pc=ffffffff800f7724)
[c=4592000000]
[c=4593000000]
cosim: 1866000000 retirements ok (pc=ffffffff800f76c6)
[c=4594000000]
[c=4595000000]
cosim: 1867000000 retirements ok (pc=ffffffff800f76bc)
[c=4596000000]
[c=4597000000]
cosim: 1868000000 retirements ok (pc=ffffffff800a3d26)
[c=4598000000]
[c=4599000000]
cosim: 1869000000 retirements ok (pc=ffffffff808e2c9e)
[c=4600000000]
[c=4601000000]
cosim: 1870000000 retirements ok (pc=ffffffff800a382e)
[c=4602000000]
[c=4603000000]
cosim: 1871000000 retirements ok (pc=ffffffff808e2c92)
[c=4604000000]
[c=4605000000]
cosim: 1872000000 retirements ok (pc=ffffffff808e2c92)
[c=4606000000]
cosim: 1873000000 retirements ok (pc=ffffffff808e2c92)
[c=4607000000]
[c=4608000000]
cosim: 1874000000 retirements ok (pc=ffffffff800f77ec)
[c=4609000000]
[c=4610000000]
cosim: 1875000000 retirements ok (pc=ffffffff800f7650)
[c=4611000000]
[c=4612000000]
cosim: 1876000000 retirements ok (pc=ffffffff800f77e0)
[c=4613000000]
[c=4614000000]
cosim: 1877000000 retirements ok (pc=ffffffff800f76a6)
[c=4615000000]
[c=4616000000]
cosim: 1878000000 retirements ok (pc=ffffffff808e2d24)
[c=4617000000]
[c=4618000000]
cosim: 1879000000 retirements ok (pc=ffffffff800f76a2)
[c=4619000000]
[c=4620000000]
cosim: 1880000000 retirements ok (pc=ffffffff808ee218)
[c=4621000000]
[c=4622000000]
cosim: 1881000000 retirements ok (pc=ffffffff800f765c)
[c=4623000000]
[c=4624000000]
cosim: 1882000000 retirements ok (pc=ffffffff800f7650)
[c=4625000000]
[c=4626000000]
[c=4627000000]
[c=4628000000]
cosim: 1883000000 retirements ok (pc=ffffffff800f77e6)
[c=4629000000]
[c=4630000000]
cosim: 1884000000 retirements ok (pc=ffffffff80531132)
[c=4631000000]
[c=4632000000]
cosim: 1885000000 retirements ok (pc=ffffffff800f76a6)
[c=4633000000]
[c=4634000000]
cosim: 1886000000 retirements ok (pc=ffffffff800f77f4)
[c=4635000000]
[c=4636000000]
cosim: 1887000000 retirements ok (pc=ffffffff808e2c92)
[c=4637000000]
[c=4638000000]
cosim: 1888000000 retirements ok (pc=ffffffff808e29bc)
[c=4639000000]
[c=4640000000]
cosim: 1889000000 retirements ok (pc=ffffffff800f77e2)
[c=4641000000]
cosim: 1890000000 retirements ok (pc=ffffffff800f76b8)
[c=4642000000]
[c=4643000000]
cosim: 1891000000 retirements ok (pc=ffffffff800f7698)
[c=4644000000]
[c=4645000000]
cosim: 1892000000 retirements ok (pc=ffffffff800b0620)
[c=4646000000]
[c=4647000000]
cosim: 1893000000 retirements ok (pc=ffffffff800f77f0)
[c=4648000000]
[c=4649000000]
cosim: 1894000000 retirements ok (pc=ffffffff800f76b8)
[c=4650000000]
[c=4651000000]
cosim: 1895000000 retirements ok (pc=ffffffff800f7736)
[c=4652000000]
[c=4653000000]
cosim: 1896000000 retirements ok (pc=ffffffff800f77f8)
[c=4654000000]
[c=4655000000]
cosim: 1897000000 retirements ok (pc=ffffffff800f76ac)
[c=4656000000]
[c=4657000000]
cosim: 1898000000 retirements ok (pc=ffffffff800f76a2)
[c=4658000000]
[c=4659000000]
cosim: 1899000000 retirements ok (pc=ffffffff800f76c6)
[c=4660000000]
[c=4661000000]
cosim: 1900000000 retirements ok (pc=ffffffff808e2c92)
[c=4662000000]
[c=4663000000]
cosim: 1901000000 retirements ok (pc=ffffffff800f76ae)
[c=4664000000]
[c=4665000000]
cosim: 1902000000 retirements ok (pc=ffffffff800f7772)
[c=4666000000]
[c=4667000000]
cosim: 1903000000 retirements ok (pc=ffffffff808e2d1e)
[c=4668000000]
[c=4669000000]
cosim: 1904000000 retirements ok (pc=ffffffff800f7756)
[c=4670000000]
[c=4671000000]
cosim: 1905000000 retirements ok (pc=ffffffff808e2bee)
[c=4672000000]
[c=4673000000]
[c=4674000000]
cosim: 1906000000 retirements ok (pc=ffffffff800f7652)
[c=4675000000]
[c=4676000000]
cosim: 1907000000 retirements ok (pc=ffffffff800f5e2c)
[c=4677000000]
[c=4678000000]
[  336.924500] clk: Disabling unused clocks
[  336.932480] ALSA device list:
[  336.934370]   No soundcards found.
[c=4679000000]
[c=4680000000]
[c=4681000000]
cosim: 1908000000 retirements ok (pc=ffffffff808e2b4c)
[c=4682000000]
[c=4683000000]
[  337.323710] Freeing unused kernel image (initmem) memory: 2300K
[  337.334930] Run /init as init process
[  337.336540]   with arguments:
[  337.338120]     /init
[  337.339710]   with environment:
[  337.342180]     HOME=/
[  337.343760]     TERM=linux
[c=4684000000]
[c=4685000000]
cosim: 1909000000 retirements ok (pc=0000003f8824c2b4)
[c=4686000000]
[c=4687000000]
[c=4688000000]
[c=4689000000]
[c=4690000000]
cosim: 1910000000 retirements ok (pc=ffffffff801a5502)
[c=4691000000]
[c=4692000000]
[c=4693000000]
cosim: 1911000000 retirements ok (pc=0000003f974c58a0)
[c=4694000000]
[c=4695000000]
[c=4696000000]
cosim: 1912000000 retirements ok (pc=ffffffff800a3e2e)
[c=4697000000]
[c=4698000000]
[c=4699000000]
[c=4700000000]
cosim: 1913000000 retirements ok (pc=0000003fbc98826c)
[c=4701000000]
[c=4702000000]
[c=4703000000]
cosim: 1914000000 retirements ok (pc=ffffffff800a0956)
[c=4704000000]
[c=4705000000]
[c=4706000000]
cosim: 1915000000 retirements ok (pc=ffffffff801a43e4)
[c=4707000000]
[c=4708000000]
[c=4709000000]
cosim: 1916000000 retirements ok (pc=0000003fa70418dc)
[c=4710000000]
[c=4711000000]
[c=4712000000]
cosim: 1917000000 retirements ok (pc=ffffffff8020df3c)
[c=4713000000]
[c=4714000000]
[c=4715000000]
[c=4716000000]
cosim: 1918000000 retirements ok (pc=ffffffff808e2b78)
[c=4717000000]
[c=4718000000]
[c=4719000000]
cosim: 1919000000 retirements ok (pc=ffffffff802052a4)
[c=4720000000]
[c=4721000000]
[c=4722000000]
cosim: 1920000000 retirements ok (pc=ffffffff804bf764)
[c=4723000000]
[c=4724000000]
[c=4725000000]
cosim: 1921000000 retirements ok (pc=0000003fb990a25c)
[c=4726000000]
[c=4727000000]
[c=4728000000]
cosim: 1922000000 retirements ok (pc=ffffffff804bf7d4)
[c=4729000000]
[c=4730000000]
[c=4731000000]
cosim: 1923000000 retirements ok (pc=ffffffff808ee196)
[c=4732000000]
[c=4733000000]
[c=4734000000]
cosim: 1924000000 retirements ok (pc=ffffffff800a47b6)
[c=4735000000]
[c=4736000000]
[c=4737000000]
cosim: 1925000000 retirements ok (pc=ffffffff80063ece)
[c=4738000000]
[c=4739000000]
[c=4740000000]
[c=4741000000]
cosim: 1926000000 retirements ok (pc=ffffffff800af6a4)
[c=4742000000]
[c=4743000000]
[c=4744000000]
cosim: 1927000000 retirements ok (pc=ffffffff800250ac)
[c=4745000000]
[c=4746000000]
[c=4747000000]
cosim: 1928000000 retirements ok (pc=ffffffff80208860)
[c=4748000000]
[c=4749000000]
[c=4750000000]
cosim: 1929000000 retirements ok (pc=ffffffff801b5b0c)
[c=4751000000]
[c=4752000000]
[c=4753000000]
cosim: 1930000000 retirements ok (pc=0000003fa8d288f0)
[c=4754000000]
[c=4755000000]
[c=4756000000]
cosim: 1931000000 retirements ok (pc=ffffffff8005cd8a)
[c=4757000000]
[c=4758000000]
[c=4759000000]
cosim: 1932000000 retirements ok (pc=ffffffff80018ec8)
[c=4760000000]
[c=4761000000]
[c=4762000000]
[c=4763000000]
cosim: 1933000000 retirements ok (pc=ffffffff80204c50)
[c=4764000000]
[c=4765000000]
Starting syslogd: [c=4766000000]
cosim: 1934000000 retirements ok (pc=ffffffff80209a02)
[c=4767000000]
[c=4768000000]
[c=4769000000]
cosim: 1935000000 retirements ok (pc=0000003fb1d8bee0)
[c=4770000000]
[c=4771000000]
[c=4772000000]
cosim: 1936000000 retirements ok (pc=ffffffff8005727e)
[c=4773000000]
[c=4774000000]
OK
[c=4775000000]
cosim: 1937000000 retirements ok (pc=ffffffff800556f4)
[c=4776000000]
[c=4777000000]
[c=4778000000]
[c=4779000000]
cosim: 1938000000 retirements ok (pc=ffffffff80064210)
[c=4780000000]
[c=4781000000]
[c=4782000000]
cosim: 1939000000 retirements ok (pc=ffffffff808caee2)
[c=4783000000]
[c=4784000000]
[c=4785000000]
cosim: 1940000000 retirements ok (pc=0000002ac04d5d00)
[c=4786000000]
Starting klogd: [c=4787000000]
[c=4788000000]
cosim: 1941000000 retirements ok (pc=ffffffff802731d6)
[c=4789000000]
[c=4790000000]
[c=4791000000]
cosim: 1942000000 retirements ok (pc=ffffffff801f10e2)
[c=4792000000]
[c=4793000000]
[c=4794000000]
OK
[c=4795000000]
cosim: 1943000000 retirements ok (pc=ffffffff801fb9ae)
[c=4796000000]
[c=4797000000]
[c=4798000000]
cosim: 1944000000 retirements ok (pc=0000003f84b86f70)
[c=4799000000]
[c=4800000000]
[c=4801000000]
cosim: 1945000000 retirements ok (pc=ffffffff801fb594)
[c=4802000000]
[c=4803000000]
[c=4804000000]
cosim: 1946000000 retirements ok (pc=0000003f819737d0)
[c=4805000000]
[c=4806000000]
[c=4807000000]
[c=4808000000]
cosim: 1947000000 retirements ok (pc=ffffffff805311d4)
[c=4809000000]
[c=4810000000]
[c=4811000000]
cosim: 1948000000 retirements ok (pc=ffffffff801e3d84)
[c=4812000000]
[c=4813000000]
[c=4814000000]
cosim: 1949000000 retirements ok (pc=ffffffff800af1e8)
[c=4815000000]
[c=4816000000]
[c=4817000000]
cosim: 1950000000 retirements ok (pc=ffffffff8049abc8)
[c=4818000000]
[c=4819000000]
[c=4820000000]
[c=4821000000]
cosim: 1951000000 retirements ok (pc=ffffffff800a5998)
[c=4822000000]
[c=4823000000]
[c=4824000000]
cosim: 1952000000 retirements ok (pc=ffffffff800a599a)
[c=4825000000]
[c=4826000000]
[c=4827000000]
cosim: 1953000000 retirements ok (pc=ffffffff808e7238)
Running sysctl: [c=4828000000]
[c=4829000000]
[c=4830000000]
[c=4831000000]
cosim: 1954000000 retirements ok (pc=ffffffff8004bf9c)
[c=4832000000]
[c=4833000000]
[c=4834000000]
cosim: 1955000000 retirements ok (pc=ffffffff8004bf2c)
[c=4835000000]
[c=4836000000]
[c=4837000000]
[c=4838000000]
cosim: 1956000000 retirements ok (pc=ffffffff8027887e)
[c=4839000000]
[c=4840000000]
[c=4841000000]
cosim: 1957000000 retirements ok (pc=ffffffff801ebade)
[c=4842000000]
[c=4843000000]
[c=4844000000]
[c=4845000000]
cosim: 1958000000 retirements ok (pc=ffffffff80063fae)
[c=4846000000]
[c=4847000000]
[c=4848000000]
cosim: 1959000000 retirements ok (pc=ffffffff808e28d0)
[c=4849000000]
[c=4850000000]
[c=4851000000]
[c=4852000000]
cosim: 1960000000 retirements ok (pc=0000003f99f917ac)
[c=4853000000]
[c=4854000000]
[c=4855000000]
cosim: 1961000000 retirements ok (pc=0000003f99f93264)
[c=4856000000]
[c=4857000000]
[c=4858000000]
[c=4859000000]
cosim: 1962000000 retirements ok (pc=ffffffff8004c13e)
[c=4860000000]
[c=4861000000]
[c=4862000000]
cosim: 1963000000 retirements ok (pc=ffffffff801fb41c)
[c=4863000000]
[c=4864000000]
[c=4865000000]
cosim: 1964000000 retirements ok (pc=ffffffff80025242)
[c=4866000000]
[c=4867000000]
[c=4868000000]
[c=4869000000]
cosim: 1965000000 retirements ok (pc=ffffffff800a5936)
[c=4870000000]
[c=4871000000]
[c=4872000000]
cosim: 1966000000 retirements ok (pc=ffffffff808c8b0a)
[c=4873000000]
[c=4874000000]
[c=4875000000]
cosim: 1967000000 retirements ok (pc=ffffffff8005837e)
[c=4876000000]
[c=4877000000]
[c=4878000000]
[c=4879000000]
cosim: 1968000000 retirements ok (pc=ffffffff80059c96)
[c=4880000000]
[c=4881000000]
[c=4882000000]
cosim: 1969000000 retirements ok (pc=ffffffff808e3cee)
[c=4883000000]
[c=4884000000]
[c=4885000000]
cosim: 1970000000 retirements ok (pc=ffffffff80058ad6)
[c=4886000000]
OK
[c=4887000000]
[c=4888000000]
cosim: 1971000000 retirements ok (pc=ffffffff801ee23e)
[c=4889000000]
[c=4890000000]
[c=4891000000]
cosim: 1972000000 retirements ok (pc=0000003f8bdea16c)
[c=4892000000]
[c=4893000000]
[c=4894000000]
cosim: 1973000000 retirements ok (pc=ffffffff80064254)
[c=4895000000]
[c=4896000000]
[c=4897000000]
cosim: 1974000000 retirements ok (pc=ffffffff802461e0)
[c=4898000000]
[c=4899000000]
Saving random seed: [c=4900000000]
cosim: 1975000000 retirements ok (pc=ffffffff801a4420)
[c=4901000000]
[c=4902000000]
[c=4903000000]
[c=4904000000]
cosim: 1976000000 retirements ok (pc=0000003faf0bf1b4)
[c=4905000000]
[c=4906000000]
[c=4907000000]
cosim: 1977000000 retirements ok (pc=ffffffff801b4f72)
[c=4908000000]
[c=4909000000]
[c=4910000000]
cosim: 1978000000 retirements ok (pc=0000003fbebeef70)
[c=4911000000]
[c=4912000000]
[c=4913000000]
OK
cosim: 1979000000 retirements ok (pc=ffffffff801f92be)
[c=4914000000]
[c=4915000000]
[c=4916000000]
cosim: 1980000000 retirements ok (pc=ffffffff801fb466)
[c=4917000000]
[c=4918000000]
[c=4919000000]
cosim: 1981000000 retirements ok (pc=ffffffff801f9272)
[c=4920000000]
[c=4921000000]
[c=4922000000]
[c=4923000000]
cosim: 1982000000 retirements ok (pc=0000003f8c124e9c)
[c=4924000000]
[c=4925000000]
Starting network: [c=4926000000]
cosim: 1983000000 retirements ok (pc=ffffffff801e57fc)
[c=4927000000]
[c=4928000000]
[c=4929000000]
cosim: 1984000000 retirements ok (pc=ffffffff801ed05a)
[c=4930000000]
[c=4931000000]
[c=4932000000]
cosim: 1985000000 retirements ok (pc=0000003fbd42e304)
[c=4933000000]
[c=4934000000]
[c=4935000000]
cosim: 1986000000 retirements ok (pc=ffffffff801ecf8c)
[c=4936000000]
[c=4937000000]
[c=4938000000]
cosim: 1987000000 retirements ok (pc=0000003fa68858c0)
[c=4939000000]
[c=4940000000]
[c=4941000000]
cosim: 1988000000 retirements ok (pc=0000002ad22af81c)
[c=4942000000]
[c=4943000000]
[c=4944000000]
cosim: 1989000000 retirements ok (pc=ffffffff8020d074)
[c=4945000000]
[c=4946000000]
[c=4947000000]
cosim: 1990000000 retirements ok (pc=ffffffff808c9aae)
[c=4948000000]
[c=4949000000]
[c=4950000000]
[c=4951000000]
cosim: 1991000000 retirements ok (pc=ffffffff808ca8ce)
[c=4952000000]
[c=4953000000]
[c=4954000000]
cosim: 1992000000 retirements ok (pc=0000003f940b0f3c)
[c=4955000000]
[c=4956000000]
[c=4957000000]
cosim: 1993000000 retirements ok (pc=ffffffff801fb482)
[c=4958000000]
[c=4959000000]
[c=4960000000]
cosim: 1994000000 retirements ok (pc=ffffffff80059d34)
[c=4961000000]
[c=4962000000]
[c=4963000000]
cosim: 1995000000 retirements ok (pc=0000003f8f0d4348)
[c=4964000000]
[c=4965000000]
[c=4966000000]
cosim: 1996000000 retirements ok (pc=ffffffff808d03e4)
[c=4967000000]
[c=4968000000]
[c=4969000000]
cosim: 1997000000 retirements ok (pc=ffffffff800af6aa)
[c=4970000000]
OK
[c=4971000000]
[c=4972000000]
cosim: 1998000000 retirements ok (pc=ffffffff808e2948)
[c=4973000000]
[c=4974000000]
[c=4975000000]
cosim: 1999000000 retirements ok (pc=0000003fab7e230c)
[c=4976000000]
Start running Geekbench
[c=4977000000]
[c=4978000000]
cosim: 2000000000 retirements ok (pc=ffffffff808ee140)
[c=4979000000]
[c=4980000000]
[c=4981000000]
cosim: 2001000000 retirements ok (pc=0000003f9f2bd21c)
[c=4982000000]
[c=4983000000]
[c=4984000000]
[c=4985000000]
[c=4986000000]
cosim: 2002000000 retirements ok (pc=ffffffff80244584)
[c=4987000000]
[c=4988000000]
[c=4989000000]
[c=4990000000]
[c=4991000000]
[c=4992000000]
[c=4993000000]
cosim: 2003000000 retirements ok (pc=ffffffff801e9518)
[c=4994000000]
[c=4995000000]
[c=4996000000]
[c=4997000000]
[c=4998000000]
[c=4999000000]
[c=5000000000]
cosim: 2004000000 retirements ok (pc=ffffffff801e94e2)
[c=5001000000]
[c=5002000000]
[c=5003000000]
[c=5004000000]
[c=5005000000]
[c=5006000000]
cosim: 2005000000 retirements ok (pc=ffffffff808e2fc6)
[c=5007000000]
[c=5008000000]
[c=5009000000]
[c=5010000000]
cosim: 2006000000 retirements ok (pc=ffffffff808e2b54)
[c=5011000000]
[c=5012000000]
[c=5013000000]
[c=5014000000]
cosim: 2007000000 retirements ok (pc=ffffffff808e2fca)
[c=5015000000]
[c=5016000000]
[c=5017000000]
cosim: 2008000000 retirements ok (pc=ffffffff808e2fbe)
[c=5018000000]
[c=5019000000]
[c=5020000000]
cosim: 2009000000 retirements ok (pc=ffffffff808e2fca)
[c=5021000000]
[c=5022000000]
[c=5023000000]
cosim: 2010000000 retirements ok (pc=ffffffff801b5258)
[c=5024000000]
[c=5025000000]
[c=5026000000]
[c=5027000000]
[c=5028000000]
cosim: 2011000000 retirements ok (pc=ffffffff801b4710)
[c=5029000000]
[c=5030000000]
[c=5031000000]
cosim: 2012000000 retirements ok (pc=ffffffff801fb308)
[c=5032000000]
[c=5033000000]
[c=5034000000]
cosim: 2013000000 retirements ok (pc=ffffffff801e3cec)
[c=5035000000]
[c=5036000000]
[c=5037000000]
cosim: 2014000000 retirements ok (pc=ffffffff8020df36)
[c=5038000000]
[c=5039000000]
[c=5040000000]
[c=5041000000]
cosim: 2015000000 retirements ok (pc=ffffffff808e2b88)
[c=5042000000]
[c=5043000000]
[c=5044000000]
cosim: 2016000000 retirements ok (pc=ffffffff801ecfee)
[c=5045000000]
[c=5046000000]
[c=5047000000]
cosim: 2017000000 retirements ok (pc=ffffffff808e2fb8)
[c=5048000000]
[c=5049000000]
cosim: 2018000000 retirements ok (pc=ffffffff8020dd32)
[c=5050000000]
[c=5051000000]
[c=5052000000]
cosim: 2019000000 retirements ok (pc=ffffffff808e2fc6)
[c=5053000000]
[c=5054000000]
[c=5055000000]
cosim: 2020000000 retirements ok (pc=ffffffff801ecf08)
[c=5056000000]
[c=5057000000]
[c=5058000000]
[c=5059000000]
[c=5060000000]
cosim: 2021000000 retirements ok (pc=ffffffff808e2b6c)
[c=5061000000]
[c=5062000000]
[c=5063000000]
[c=5064000000]
[c=5065000000]
cosim: 2022000000 retirements ok (pc=ffffffff804a1bd2)
[c=5066000000]
[c=5067000000]
[c=5068000000]
[c=5069000000]
[c=5070000000]
[c=5071000000]
cosim: 2023000000 retirements ok (pc=ffffffff8018f5d4)
[c=5072000000]
[c=5073000000]
[c=5074000000]
[c=5075000000]
[c=5076000000]
cosim: 2024000000 retirements ok (pc=ffffffff800a113a)
[c=5077000000]
[c=5078000000]
[c=5079000000]
[c=5080000000]
[c=5081000000]
[c=5082000000]
cosim: 2025000000 retirements ok (pc=ffffffff808e2f76)
[c=5083000000]
[c=5084000000]
[c=5085000000]
[c=5086000000]
[c=5087000000]
[c=5088000000]
cosim: 2026000000 retirements ok (pc=ffffffff804a1b56)
[c=5089000000]
[c=5090000000]
[c=5091000000]
[c=5092000000]
[c=5093000000]
[c=5094000000]
[c=5095000000]
cosim: 2027000000 retirements ok (pc=ffffffff800b05b4)
[c=5096000000]
[c=5097000000]
[c=5098000000]
[c=5099000000]
[c=5100000000]
[c=5101000000]
cosim: 2028000000 retirements ok (pc=ffffffff808e2b7c)
[c=5102000000]
[c=5103000000]
[c=5104000000]
[c=5105000000]
[c=5106000000]
cosim: 2029000000 retirements ok (pc=ffffffff801a453e)
[c=5107000000]
[c=5108000000]
[c=5109000000]
[c=5110000000]
[c=5111000000]
[c=5112000000]
[c=5113000000]
cosim: 2030000000 retirements ok (pc=ffffffff808e2f76)
[c=5114000000]
[c=5115000000]
[c=5116000000]
[c=5117000000]
cosim: 2031000000 retirements ok (pc=ffffffff801f1266)
[c=5118000000]
[c=5119000000]
[c=5120000000]
[c=5121000000]
cosim: 2032000000 retirements ok (pc=ffffffff8004e05e)
[c=5122000000]
[c=5123000000]
[c=5124000000]
[c=5125000000]
cosim: 2033000000 retirements ok (pc=ffffffff808e2b98)
[c=5126000000]
[c=5127000000]
[c=5128000000]
cosim: 2034000000 retirements ok (pc=ffffffff808e2fb8)
[c=5129000000]
[c=5130000000]
[c=5131000000]
cosim: 2035000000 retirements ok (pc=ffffffff808ca8d8)
[c=5132000000]
[c=5133000000]
[c=5134000000]
cosim: 2036000000 retirements ok (pc=ffffffff808e2fc8)
[c=5135000000]
[c=5136000000]
[c=5137000000]
cosim: 2037000000 retirements ok (pc=ffffffff8020e096)
[c=5138000000]
[c=5139000000]
[c=5140000000]
cosim: 2038000000 retirements ok (pc=ffffffff808e2fc8)
[c=5141000000]
[c=5142000000]
[c=5143000000]
cosim: 2039000000 retirements ok (pc=ffffffff808e2fc6)
[c=5144000000]
[c=5145000000]
cosim: 2040000000 retirements ok (pc=ffffffff808e2fbc)
[c=5146000000]
[c=5147000000]
[c=5148000000]
cosim: 2041000000 retirements ok (pc=ffffffff808e2fb8)
[c=5149000000]
[c=5150000000]
[c=5151000000]
cosim: 2042000000 retirements ok (pc=ffffffff801ee372)
[c=5152000000]
[c=5153000000]
[c=5154000000]
cosim: 2043000000 retirements ok (pc=ffffffff808e2fca)
[c=5155000000]
[c=5156000000]
[c=5157000000]
cosim: 2044000000 retirements ok (pc=ffffffff802489b4)
[c=5158000000]
[c=5159000000]
[c=5160000000]
cosim: 2045000000 retirements ok (pc=ffffffff801a6fa6)
[c=5161000000]
[c=5162000000]
[c=5163000000]
cosim: 2046000000 retirements ok (pc=ffffffff801ecf2c)
[c=5164000000]
[c=5165000000]
[c=5166000000]
cosim: 2047000000 retirements ok (pc=ffffffff801a44d2)
[c=5167000000]
[c=5168000000]
[c=5169000000]
cosim: 2048000000 retirements ok (pc=ffffffff808e2fc4)
[c=5170000000]
[c=5171000000]
[c=5172000000]
cosim: 2049000000 retirements ok (pc=ffffffff808ee218)
[c=5173000000]
[c=5174000000]
[c=5175000000]
cosim: 2050000000 retirements ok (pc=ffffffff808e2fc0)
[c=5176000000]
[c=5177000000]
[c=5178000000]
[c=5179000000]
[c=5180000000]
cosim: 2051000000 retirements ok (pc=ffffffff808e28ec)
[c=5181000000]
[c=5182000000]
[c=5183000000]
cosim: 2052000000 retirements ok (pc=ffffffff802495bc)
[c=5184000000]
[c=5185000000]
[c=5186000000]
cosim: 2053000000 retirements ok (pc=ffffffff808e2fc6)
[c=5187000000]
[c=5188000000]
[c=5189000000]
cosim: 2054000000 retirements ok (pc=ffffffff808e2fbe)
[c=5190000000]
[c=5191000000]
[c=5192000000]
cosim: 2055000000 retirements ok (pc=ffffffff801a4520)
[c=5193000000]
[c=5194000000]
cosim: 2056000000 retirements ok (pc=ffffffff801edbec)
[c=5195000000]
[c=5196000000]
[c=5197000000]
cosim: 2057000000 retirements ok (pc=ffffffff808e2fb8)
[c=5198000000]
[c=5199000000]
[c=5200000000]
cosim: 2058000000 retirements ok (pc=ffffffff808e2fbc)
[c=5201000000]
[c=5202000000]
[c=5203000000]
cosim: 2059000000 retirements ok (pc=ffffffff808e2b74)
[c=5204000000]
[c=5205000000]
[c=5206000000]
cosim: 2060000000 retirements ok (pc=ffffffff808e2fb8)
[c=5207000000]
[c=5208000000]
[c=5209000000]
cosim: 2061000000 retirements ok (pc=ffffffff801e5818)
[c=5210000000]
[c=5211000000]
[c=5212000000]
[c=5213000000]
[c=5214000000]
cosim: 2062000000 retirements ok (pc=ffffffff8024895e)
[c=5215000000]
[c=5216000000]
cosim: 2063000000 retirements ok (pc=ffffffff808e2fca)
[c=5217000000]
[c=5218000000]
[c=5219000000]
cosim: 2064000000 retirements ok (pc=ffffffff801ee268)
[c=5220000000]
[c=5221000000]
[c=5222000000]
cosim: 2065000000 retirements ok (pc=ffffffff808ee158)
[c=5223000000]
[c=5224000000]
[c=5225000000]
cosim: 2066000000 retirements ok (pc=ffffffff801ed162)
[c=5226000000]
[c=5227000000]
[c=5228000000]
[c=5229000000]
cosim: 2067000000 retirements ok (pc=ffffffff808e2b9c)
[c=5230000000]
[c=5231000000]
[c=5232000000]
cosim: 2068000000 retirements ok (pc=ffffffff808e2fb8)
[c=5233000000]
[c=5234000000]
cosim: 2069000000 retirements ok (pc=ffffffff808e2fc6)
[c=5235000000]
[c=5236000000]
[c=5237000000]
cosim: 2070000000 retirements ok (pc=ffffffff808e2fc6)
[c=5238000000]
[c=5239000000]
[c=5240000000]
cosim: 2071000000 retirements ok (pc=ffffffff808e2fbc)
[c=5241000000]
[c=5242000000]
cosim: 2072000000 retirements ok (pc=ffffffff808e2fc8)
[c=5243000000]
[c=5244000000]
[c=5245000000]
[c=5246000000]
cosim: 2073000000 retirements ok (pc=ffffffff8006e34a)
[c=5247000000]
[c=5248000000]
[c=5249000000]
[c=5250000000]
[c=5251000000]
[c=5252000000]
cosim: 2074000000 retirements ok (pc=ffffffff804a1bae)
[c=5253000000]
[c=5254000000]
[c=5255000000]
[c=5256000000]
[c=5257000000]
cosim: 2075000000 retirements ok (pc=ffffffff808e2bc0)
[c=5258000000]
[c=5259000000]
[c=5260000000]
[c=5261000000]
[c=5262000000]
[c=5263000000]
cosim: 2076000000 retirements ok (pc=ffffffff801cade8)
[c=5264000000]
[c=5265000000]
[c=5266000000]
[c=5267000000]
[c=5268000000]
[c=5269000000]
[c=5270000000]
cosim: 2077000000 retirements ok (pc=ffffffff808e2f6a)
[c=5271000000]
[c=5272000000]
[c=5273000000]
[c=5274000000]
[c=5275000000]
[c=5276000000]
cosim: 2078000000 retirements ok (pc=ffffffff808e2f8a)
[c=5277000000]
[c=5278000000]
[c=5279000000]
[c=5280000000]
[c=5281000000]
[c=5282000000]
cosim: 2079000000 retirements ok (pc=ffffffff808e2b10)
[c=5283000000]
[c=5284000000]
[c=5285000000]
[c=5286000000]
[c=5287000000]
cosim: 2080000000 retirements ok (pc=ffffffff804a22b6)
[c=5288000000]
[c=5289000000]
[c=5290000000]
[c=5291000000]
[c=5292000000]
[c=5293000000]
[c=5294000000]
cosim: 2081000000 retirements ok (pc=ffffffff808d9164)
[c=5295000000]
[c=5296000000]
[c=5297000000]
[c=5298000000]
[c=5299000000]
[c=5300000000]
cosim: 2082000000 retirements ok (pc=ffffffff808e2f5a)
[c=5301000000]
[c=5302000000]
[c=5303000000]
[c=5304000000]
[c=5305000000]
cosim: 2083000000 retirements ok (pc=ffffffff800a17e2)
[c=5306000000]
[c=5307000000]
[c=5308000000]
[c=5309000000]
cosim: 2084000000 retirements ok (pc=ffffffff808e2f6e)
[c=5310000000]
[c=5311000000]
[c=5312000000]
[c=5313000000]
[c=5314000000]
cosim: 2085000000 retirements ok (pc=ffffffff808e2b68)
[c=5315000000]
[c=5316000000]
[c=5317000000]
[c=5318000000]
cosim: 2086000000 retirements ok (pc=ffffffff808e2fc6)
[c=5319000000]
[c=5320000000]
cosim: 2087000000 retirements ok (pc=ffffffff804a230e)
[c=5321000000]
[c=5322000000]
[c=5323000000]
[c=5324000000]
cosim: 2088000000 retirements ok (pc=ffffffff808e2b58)
[c=5325000000]
[c=5326000000]
[c=5327000000]
cosim: 2089000000 retirements ok (pc=ffffffff808e2fca)
[c=5328000000]
[c=5329000000]
cosim: 2090000000 retirements ok (pc=ffffffff808e2fc6)
[c=5330000000]
[c=5331000000]
[c=5332000000]
cosim: 2091000000 retirements ok (pc=ffffffff808e2b50)
[c=5333000000]
[c=5334000000]
cosim: 2092000000 retirements ok (pc=ffffffff808e2fbc)
[c=5335000000]
[c=5336000000]
[c=5337000000]
cosim: 2093000000 retirements ok (pc=ffffffff80248aaa)
[c=5338000000]
[c=5339000000]
[c=5340000000]
cosim: 2094000000 retirements ok (pc=ffffffff800640d0)
[c=5341000000]
[c=5342000000]
[c=5343000000]
cosim: 2095000000 retirements ok (pc=ffffffff808e2fb8)
[c=5344000000]
[c=5345000000]
[c=5346000000]
cosim: 2096000000 retirements ok (pc=ffffffff808e2b88)
[c=5347000000]
[c=5348000000]
cosim: 2097000000 retirements ok (pc=ffffffff808e2fc8)
[c=5349000000]
[c=5350000000]
[c=5351000000]
cosim: 2098000000 retirements ok (pc=ffffffff808e2fc6)
[c=5352000000]
[c=5353000000]
[c=5354000000]
cosim: 2099000000 retirements ok (pc=ffffffff808ca92c)
[c=5355000000]
[c=5356000000]
[c=5357000000]
cosim: 2100000000 retirements ok (pc=ffffffff801ede66)
[c=5358000000]
[c=5359000000]
[c=5360000000]
cosim: 2101000000 retirements ok (pc=ffffffff800250d0)
[c=5361000000]
[c=5362000000]
[c=5363000000]
cosim: 2102000000 retirements ok (pc=ffffffff808e2fca)
[c=5364000000]
[c=5365000000]
[c=5366000000]
cosim: 2103000000 retirements ok (pc=ffffffff808e2fca)
[c=5367000000]
[c=5368000000]
[c=5369000000]
cosim: 2104000000 retirements ok (pc=ffffffff808e2fc6)
[c=5370000000]
[c=5371000000]
[c=5372000000]
cosim: 2105000000 retirements ok (pc=ffffffff808e2908)
[c=5373000000]
[c=5374000000]
[c=5375000000]
[c=5376000000]
cosim: 2106000000 retirements ok (pc=ffffffff80209f6a)
[c=5377000000]
[c=5378000000]
[c=5379000000]
cosim: 2107000000 retirements ok (pc=ffffffff801b5c02)
[c=5380000000]
[c=5381000000]
[c=5382000000]
cosim: 2108000000 retirements ok (pc=ffffffff808cac88)
[c=5383000000]
[c=5384000000]
[c=5385000000]
cosim: 2109000000 retirements ok (pc=ffffffff808e2fc6)
[c=5386000000]
[c=5387000000]
[c=5388000000]
cosim: 2110000000 retirements ok (pc=ffffffff800a0f46)
[c=5389000000]
[c=5390000000]
cosim: 2111000000 retirements ok (pc=ffffffff80210590)
[c=5391000000]
[c=5392000000]
[c=5393000000]
cosim: 2112000000 retirements ok (pc=ffffffff804a1b5c)
[c=5394000000]
[c=5395000000]
[c=5396000000]
cosim: 2113000000 retirements ok (pc=ffffffff801b463e)
[c=5397000000]
[c=5398000000]
[c=5399000000]
[c=5400000000]
cosim: 2114000000 retirements ok (pc=ffffffff808e28a0)
[c=5401000000]
[c=5402000000]
[c=5403000000]
[c=5404000000]
cosim: 2115000000 retirements ok (pc=ffffffff802424a0)
[c=5405000000]
[c=5406000000]
[c=5407000000]
cosim: 2116000000 retirements ok (pc=ffffffff8004f78c)
[c=5408000000]
[c=5409000000]
[c=5410000000]
Geekbench 5.4.1 Preview : https://www.geekbench.com/

cosim: 2117000000 retirements ok (pc=ffffffff80246200)
[c=5411000000]
[c=5412000000]
cosim: 2118000000 retirements ok (pc=00000000002b1156)
[c=5413000000]
[c=5414000000]
cosim: 2119000000 retirements ok (pc=00000000002b1116)
[c=5415000000]
[c=5416000000]
[c=5417000000]
cosim: 2120000000 retirements ok (pc=ffffffff808e2b7c)
[c=5418000000]
[c=5419000000]
[c=5420000000]
[c=5421000000]
cosim: 2121000000 retirements ok (pc=ffffffff802417f2)
[c=5422000000]
[c=5423000000]
cosim: 2122000000 retirements ok (pc=00000000002b1474)
[c=5424000000]
cosim: 2123000000 retirements ok (pc=00000000002b1638)
[c=5425000000]
[c=5426000000]
[c=5427000000]
cosim: 2124000000 retirements ok (pc=00000000002b19c8)
[c=5428000000]
[c=5429000000]
cosim: 2125000000 retirements ok (pc=00000000002b1a84)
[c=5430000000]
[c=5431000000]
cosim: 2126000000 retirements ok (pc=00000000002b1a52)
[c=5432000000]
[c=5433000000]
cosim: 2127000000 retirements ok (pc=00000000002a8dd0)
[c=5434000000]
[c=5435000000]
cosim: 2128000000 retirements ok (pc=00000000002a8e34)
[c=5436000000]
[c=5437000000]
cosim: 2129000000 retirements ok (pc=00000000002a8d7a)
[c=5438000000]
[c=5439000000]
cosim: 2130000000 retirements ok (pc=00000000002a8de4)
[c=5440000000]
[c=5441000000]
cosim: 2131000000 retirements ok (pc=00000000002a8de8)
[c=5442000000]
[c=5443000000]
cosim: 2132000000 retirements ok (pc=00000000002a8de4)
[c=5444000000]
[c=5445000000]
cosim: 2133000000 retirements ok (pc=ffffffff80248954)
[c=5446000000]
[c=5447000000]
[c=5448000000]
[c=5449000000]
[c=5450000000]
cosim: 2134000000 retirements ok (pc=ffffffff8020ac62)
[c=5451000000]
[c=5452000000]
[c=5453000000]
cosim: 2135000000 retirements ok (pc=00000000002a8d64)
[c=5454000000]
[c=5455000000]
cosim: 2136000000 retirements ok (pc=00000000002a8dfa)
[c=5456000000]
[c=5457000000]
cosim: 2137000000 retirements ok (pc=00000000002a8df2)
[c=5458000000]
[c=5459000000]
cosim: 2138000000 retirements ok (pc=00000000002a8dd0)
[c=5460000000]
[c=5461000000]
cosim: 2139000000 retirements ok (pc=00000000002a9080)
[c=5462000000]
[c=5463000000]
cosim: 2140000000 retirements ok (pc=0000000001019588)
[c=5464000000]
[c=5465000000]
[c=5466000000]
cosim: 2141000000 retirements ok (pc=ffffffff800af1ca)
[c=5467000000]
[c=5468000000]
cosim: 2142000000 retirements ok (pc=0000000001019ade)
[c=5469000000]
[c=5470000000]
cosim: 2143000000 retirements ok (pc=00000000010195dc)
[c=5471000000]
[c=5472000000]
[c=5473000000]
[c=5474000000]
[c=5475000000]
cosim: 2144000000 retirements ok (pc=0000000001019b52)
[c=5476000000]
[c=5477000000]
cosim: 2145000000 retirements ok (pc=ffffffff8005cf96)
[c=5478000000]
[c=5479000000]
[c=5480000000]
cosim: 2146000000 retirements ok (pc=00000000010195f4)
[c=5481000000]
[c=5482000000]
cosim: 2147000000 retirements ok (pc=0000000001019576)
[c=5483000000]
[c=5484000000]
cosim: 2148000000 retirements ok (pc=0000000001019588)
[c=5485000000]
[c=5486000000]
[c=5487000000]
cosim: 2149000000 retirements ok (pc=0000000001019602)
[c=5488000000]
[c=5489000000]
cosim: 2150000000 retirements ok (pc=0000000001018804)
[c=5490000000]
[c=5491000000]
[c=5492000000]
cosim: 2151000000 retirements ok (pc=0000003f9f1268ec)
[c=5493000000]
[c=5494000000]
[c=5495000000]
cosim: 2152000000 retirements ok (pc=000000000014839e)
[c=5496000000]
[c=5497000000]
[c=5498000000]
cosim: 2153000000 retirements ok (pc=000000000014863c)
[c=5499000000]
[c=5500000000]
[c=5501000000]
[c=5502000000]
cosim: 2154000000 retirements ok (pc=ffffffff808e28d0)
[c=5503000000]
[c=5504000000]
[c=5505000000]
[c=5506000000]
cosim: 2155000000 retirements ok (pc=ffffffff801b4f2c)
[c=5507000000]
Geekbench 5 for Linux/RISC-V is a preview build. Preview builds requ[c=5508000000]
ire an 
active Internet connection and automatically upload benchmark results to the 
Geekbench Browser.

[c=5509000000]
cosim: 2156000000 retirements ok (pc=0000003f9f0ee610)
[c=5510000000]
[c=5511000000]
  Running Gathering system information
[c=5512000000]
[c=5513000000]
cosim: 2157000000 retirements ok (pc=0000003f9f126708)
[c=5514000000]
[c=5515000000]
[c=5516000000]
[c=5517000000]
[c=5518000000]
cosim: 2158000000 retirements ok (pc=ffffffff808e28b0)
[c=5519000000]
[c=5520000000]
cosim: 2159000000 retirements ok (pc=ffffffff801e5804)
[c=5521000000]
[c=5522000000]
[c=5523000000]
[c=5524000000]
[c=5525000000]
cosim: 2160000000 retirements ok (pc=ffffffff8009e2fc)
[c=5526000000]
[c=5527000000]
cosim: 2161000000 retirements ok (pc=ffffffff800afc00)
[c=5528000000]
[c=5529000000]
cosim: 2162000000 retirements ok (pc=ffffffff800a2064)
[c=5530000000]
[c=5531000000]
[c=5532000000]
cosim: 2163000000 retirements ok (pc=ffffffff800aff30)
[c=5533000000]
[c=5534000000]
cosim: 2164000000 retirements ok (pc=ffffffff800a205a)
[c=5535000000]
System Information
  Operating System              Buildroot 2022.02-git
  Kernel                        Linux 7.1.0 riscv64
  Model                         SmolRV64 gb5 2 GiB
  Motherboard                   N/A

Processor Information
  Name                          rv64imafdc_zicntr_zicsr_zifencei_zaamo_zalrsc_zca_zcd_sstc[c=5536000000]

  Topology                      1 Processor, 1 Core
  Base Frequency                0.00 Hz

Memory Information
  Size                          1.93 GB


Single-Core
  Running AES-XTS
[c=5537000000]
cosim: 2165000000 retirements ok (pc=00000000000e269c)
[c=5538000000]
[c=5539000000]
cosim: 2166000000 retirements ok (pc=00000000000e2692)
[c=5540000000]
[c=5541000000]
[c=5542000000]
cosim: 2167000000 retirements ok (pc=00000000000e2690)
[c=5543000000]
[c=5544000000]
[c=5545000000]
[c=5546000000]
[c=5547000000]
cosim: 2168000000 retirements ok (pc=00000000000e2698)
[c=5548000000]
[c=5549000000]
cosim: 2169000000 retirements ok (pc=00000000000e2694)
[c=5550000000]
[c=5551000000]
[c=5552000000]
cosim: 2170000000 retirements ok (pc=00000000000e2694)
[c=5553000000]
[c=5554000000]
cosim: 2171000000 retirements ok (pc=00000000000e2698)
[c=5555000000]
[c=5556000000]
[c=5557000000]
cosim: 2172000000 retirements ok (pc=00000000000e2692)
[c=5558000000]
[c=5559000000]
cosim: 2173000000 retirements ok (pc=00000000000e269c)
[c=5560000000]
[c=5561000000]
[c=5562000000]
cosim: 2174000000 retirements ok (pc=00000000000e2692)
[c=5563000000]
[c=5564000000]
[c=5565000000]
cosim: 2175000000 retirements ok (pc=00000000000e269a)
[c=5566000000]
[c=5567000000]
cosim: 2176000000 retirements ok (pc=ffffffff8005865a)
[c=5568000000]
[c=5569000000]
[c=5570000000]
cosim: 2177000000 retirements ok (pc=00000000000e2694)
[c=5571000000]
[c=5572000000]
cosim: 2178000000 retirements ok (pc=00000000000e2694)
[c=5573000000]
[c=5574000000]
[c=5575000000]
cosim: 2179000000 retirements ok (pc=00000000000e2694)
[c=5576000000]
[c=5577000000]
cosim: 2180000000 retirements ok (pc=ffffffff800549d0)
[c=5578000000]
[c=5579000000]
[c=5580000000]
cosim: 2181000000 retirements ok (pc=00000000000e2694)
[c=5581000000]
[c=5582000000]
[c=5583000000]
[c=5584000000]
[c=5585000000]
cosim: 2182000000 retirements ok (pc=00000000000e2690)
[c=5586000000]
[c=5587000000]
cosim: 2183000000 retirements ok (pc=00000000000e2692)
[c=5588000000]
[c=5589000000]
[c=5590000000]
cosim: 2184000000 retirements ok (pc=ffffffff800a40da)
[c=5591000000]
[c=5592000000]
cosim: 2185000000 retirements ok (pc=00000000000e2692)
[c=5593000000]
[c=5594000000]
[c=5595000000]
cosim: 2186000000 retirements ok (pc=00000000000e2690)
[c=5596000000]
[c=5597000000]
[c=5598000000]
cosim: 2187000000 retirements ok (pc=00000000000e2690)
[c=5599000000]
[c=5600000000]
cosim: 2188000000 retirements ok (pc=00000000000e2692)
[c=5601000000]
[c=5602000000]
[c=5603000000]
cosim: 2189000000 retirements ok (pc=ffffffff800b04fa)
[c=5604000000]
[c=5605000000]
cosim: 2190000000 retirements ok (pc=00000000000e2698)
[c=5606000000]
[c=5607000000]
[c=5608000000]
cosim: 2191000000 retirements ok (pc=00000000000e269a)
[c=5609000000]
[c=5610000000]
cosim: 2192000000 retirements ok (pc=00000000000e269c)
[c=5611000000]
[c=5612000000]
[c=5613000000]
cosim: 2193000000 retirements ok (pc=00000000000e2690)
[c=5614000000]
[c=5615000000]
cosim: 2194000000 retirements ok (pc=ffffffff800a15e2)
[c=5616000000]
[c=5617000000]
[c=5618000000]
cosim: 2195000000 retirements ok (pc=00000000000e269a)
[c=5619000000]
[c=5620000000]
[c=5621000000]
[c=5622000000]
[c=5623000000]
cosim: 2196000000 retirements ok (pc=00000000000e269a)
[c=5624000000]
[c=5625000000]
cosim: 2197000000 retirements ok (pc=00000000000e2690)
[c=5626000000]
[c=5627000000]
[c=5628000000]
cosim: 2198000000 retirements ok (pc=00000000000e269c)
[c=5629000000]
[c=5630000000]
cosim: 2199000000 retirements ok (pc=00000000000e269a)
[c=5631000000]
[c=5632000000]
[c=5633000000]
cosim: 2200000000 retirements ok (pc=00000000000e269c)
[c=5634000000]
[c=5635000000]
[c=5636000000]
cosim: 2201000000 retirements ok (pc=00000000000e2698)
[c=5637000000]
[c=5638000000]
cosim: 2202000000 retirements ok (pc=00000000000e269a)
[c=5639000000]
[c=5640000000]
[c=5641000000]
cosim: 2203000000 retirements ok (pc=00000000000e2694)
[c=5642000000]
[c=5643000000]
cosim: 2204000000 retirements ok (pc=00000000000e269c)
[c=5644000000]
[c=5645000000]
[c=5646000000]
cosim: 2205000000 retirements ok (pc=00000000000e269a)
[c=5647000000]
[c=5648000000]
cosim: 2206000000 retirements ok (pc=00000000000e2694)
[c=5649000000]
[c=5650000000]
[c=5651000000]
cosim: 2207000000 retirements ok (pc=00000000000e2692)
[c=5652000000]
[c=5653000000]
cosim: 2208000000 retirements ok (pc=00000000000e2692)
[c=5654000000]
[c=5655000000]
[c=5656000000]
cosim: 2209000000 retirements ok (pc=00000000000e2690)
[c=5657000000]
[c=5658000000]
[c=5659000000]
[c=5660000000]
[c=5661000000]
cosim: 2210000000 retirements ok (pc=00000000000e269a)
[c=5662000000]
[c=5663000000]
cosim: 2211000000 retirements ok (pc=00000000000e2690)
[c=5664000000]
[c=5665000000]
[c=5666000000]
cosim: 2212000000 retirements ok (pc=00000000000e2694)
[c=5667000000]
[c=5668000000]
cosim: 2213000000 retirements ok (pc=00000000000e2698)
[c=5669000000]
[c=5670000000]
[c=5671000000]
cosim: 2214000000 retirements ok (pc=00000000000e269c)
[c=5672000000]
[c=5673000000]
[c=5674000000]
cosim: 2215000000 retirements ok (pc=00000000000e2690)
[c=5675000000]
[c=5676000000]
[c=5677000000]
[c=5678000000]
[c=5679000000]
cosim: 2216000000 retirements ok (pc=ffffffff8020d064)
[c=5680000000]
[c=5681000000]
cosim: 2217000000 retirements ok (pc=00000000000e2694)
[c=5682000000]
[c=5683000000]
[c=5684000000]
cosim: 2218000000 retirements ok (pc=00000000000e2694)
[c=5685000000]
[c=5686000000]
cosim: 2219000000 retirements ok (pc=00000000000e269c)
[c=5687000000]
[c=5688000000]
[c=5689000000]
cosim: 2220000000 retirements ok (pc=00000000000e2694)
[c=5690000000]
[c=5691000000]
[c=5692000000]
cosim: 2221000000 retirements ok (pc=00000000000e2690)
[c=5693000000]
[c=5694000000]
cosim: 2222000000 retirements ok (pc=00000000000e269c)
[c=5695000000]
[c=5696000000]
[c=5697000000]
cosim: 2223000000 retirements ok (pc=00000000000e2692)
[c=5698000000]
[c=5699000000]
cosim: 2224000000 retirements ok (pc=00000000000e2692)
[c=5700000000]
[c=5701000000]
[c=5702000000]
cosim: 2225000000 retirements ok (pc=ffffffff80241c0e)
[c=5703000000]
[c=5704000000]
[c=5705000000]
[c=5706000000]
[c=5707000000]
cosim: 2226000000 retirements ok (pc=00000000000e269a)
[c=5708000000]
[c=5709000000]
cosim: 2227000000 retirements ok (pc=00000000000e2694)
[c=5710000000]
[c=5711000000]
[c=5712000000]
cosim: 2228000000 retirements ok (pc=00000000000e269a)
[c=5713000000]
[c=5714000000]
cosim: 2229000000 retirements ok (pc=00000000000e2694)
[c=5715000000]
[c=5716000000]
[c=5717000000]
cosim: 2230000000 retirements ok (pc=00000000000e2698)
[c=5718000000]
[c=5719000000]
cosim: 2231000000 retirements ok (pc=00000000000e2694)
[c=5720000000]
[c=5721000000]
[c=5722000000]
cosim: 2232000000 retirements ok (pc=00000000000e2690)
[c=5723000000]
[c=5724000000]
[c=5725000000]
cosim: 2233000000 retirements ok (pc=00000000000e269a)
[c=5726000000]
[c=5727000000]
[c=5728000000]
cosim: 2234000000 retirements ok (pc=ffffffff808e28ec)
[c=5729000000]
[c=5730000000]
[c=5731000000]
[c=5732000000]
cosim: 2235000000 retirements ok (pc=ffffffff801b4cfc)
[c=5733000000]
[c=5734000000]
[c=5735000000]
cosim: 2236000000 retirements ok (pc=00000000000e269c)
[c=5736000000]
[c=5737000000]
cosim: 2237000000 retirements ok (pc=00000000000e2690)
[c=5738000000]
[c=5739000000]
[c=5740000000]
cosim: 2238000000 retirements ok (pc=00000000000e2690)
[c=5741000000]
[c=5742000000]
cosim: 2239000000 retirements ok (pc=ffffffff8004d0f0)
[c=5743000000]
[c=5744000000]
[c=5745000000]
cosim: 2240000000 retirements ok (pc=00000000000e2692)
[c=5746000000]
[c=5747000000]
[c=5748000000]
cosim: 2241000000 retirements ok (pc=00000000000e2692)
[c=5749000000]
[c=5750000000]
[c=5751000000]
[c=5752000000]
cosim: 2242000000 retirements ok (pc=ffffffff80045bb0)
[c=5753000000]
[c=5754000000]
[c=5755000000]
cosim: 2243000000 retirements ok (pc=00000000000e2698)
[c=5756000000]
[c=5757000000]
[c=5758000000]
cosim: 2244000000 retirements ok (pc=00000000000e2690)
[c=5759000000]
[c=5760000000]
cosim: 2245000000 retirements ok (pc=00000000000e2698)
[c=5761000000]
[c=5762000000]
[c=5763000000]
cosim: 2246000000 retirements ok (pc=00000000000e269a)
[c=5764000000]
[c=5765000000]
cosim: 2247000000 retirements ok (pc=00000000000e2690)
[c=5766000000]
[c=5767000000]
[c=5768000000]
cosim: 2248000000 retirements ok (pc=00000000000e2690)
[c=5769000000]
[c=5770000000]
[c=5771000000]
cosim: 2249000000 retirements ok (pc=ffffffff808e28e8)
[c=5772000000]
[c=5773000000]
[c=5774000000]
[c=5775000000]
cosim: 2250000000 retirements ok (pc=00000000000e2694)
[c=5776000000]
[c=5777000000]
[c=5778000000]
cosim: 2251000000 retirements ok (pc=00000000000e2690)
[c=5779000000]
[c=5780000000]
[c=5781000000]
cosim: 2252000000 retirements ok (pc=00000000000e2692)
[c=5782000000]
[c=5783000000]
cosim: 2253000000 retirements ok (pc=00000000000e2690)
[c=5784000000]
[c=5785000000]
[c=5786000000]
cosim: 2254000000 retirements ok (pc=00000000000e2698)
[c=5787000000]
[c=5788000000]
cosim: 2255000000 retirements ok (pc=00000000000e2692)
[c=5789000000]
[c=5790000000]
[c=5791000000]
cosim: 2256000000 retirements ok (pc=00000000000e2690)
[c=5792000000]
[c=5793000000]
[c=5794000000]
cosim: 2257000000 retirements ok (pc=ffffffff808e2b60)
[c=5795000000]
[c=5796000000]
[c=5797000000]
[c=5798000000]
cosim: 2258000000 retirements ok (pc=00000000000e269c)
[c=5799000000]
[c=5800000000]
[c=5801000000]
cosim: 2259000000 retirements ok (pc=00000000000e2690)
[c=5802000000]
[c=5803000000]
cosim: 2260000000 retirements ok (pc=00000000000e2690)
[c=5804000000]
[c=5805000000]
[c=5806000000]
cosim: 2261000000 retirements ok (pc=00000000000e2690)
[c=5807000000]
[c=5808000000]
cosim: 2262000000 retirements ok (pc=00000000000e2692)
[c=5809000000]
[c=5810000000]
[c=5811000000]
cosim: 2263000000 retirements ok (pc=00000000000e2694)
[c=5812000000]
[c=5813000000]
[c=5814000000]
cosim: 2264000000 retirements ok (pc=00000000000e2698)
[c=5815000000]
[c=5816000000]
[c=5817000000]
cosim: 2265000000 retirements ok (pc=ffffffff800a0984)
[c=5818000000]
[c=5819000000]
[c=5820000000]
[c=5821000000]
cosim: 2266000000 retirements ok (pc=ffffffff800a387e)
[c=5822000000]
[c=5823000000]
[c=5824000000]
cosim: 2267000000 retirements ok (pc=00000000000e2692)
[c=5825000000]
[c=5826000000]
cosim: 2268000000 retirements ok (pc=00000000000e269a)
[c=5827000000]
[c=5828000000]
[c=5829000000]
cosim: 2269000000 retirements ok (pc=00000000000e269c)
[c=5830000000]
[c=5831000000]
cosim: 2270000000 retirements ok (pc=00000000000e2698)
[c=5832000000]
[c=5833000000]
[c=5834000000]
cosim: 2271000000 retirements ok (pc=00000000000e2698)
[c=5835000000]
[c=5836000000]
[c=5837000000]
cosim: 2272000000 retirements ok (pc=00000000000e2690)
[c=5838000000]
[c=5839000000]
[c=5840000000]
[c=5841000000]
cosim: 2273000000 retirements ok (pc=00000000000e2692)
[c=5842000000]
[c=5843000000]
[c=5844000000]
cosim: 2274000000 retirements ok (pc=00000000000e2692)
[c=5845000000]
[c=5846000000]
[c=5847000000]
cosim: 2275000000 retirements ok (pc=ffffffff800a3faa)
[c=5848000000]
[c=5849000000]
cosim: 2276000000 retirements ok (pc=00000000000e2690)
[c=5850000000]
[c=5851000000]
[c=5852000000]
cosim: 2277000000 retirements ok (pc=00000000000e269c)
[c=5853000000]
[c=5854000000]
cosim: 2278000000 retirements ok (pc=ffffffff800af714)
[c=5855000000]
[c=5856000000]
[c=5857000000]
cosim: 2279000000 retirements ok (pc=00000000000e2690)
[c=5858000000]
[c=5859000000]
[c=5860000000]
[c=5861000000]
cosim: 2280000000 retirements ok (pc=ffffffff808e291c)
[c=5862000000]
[c=5863000000]
[c=5864000000]
cosim: 2281000000 retirements ok (pc=00000000000e2692)
[c=5865000000]
[c=5866000000]
[c=5867000000]
cosim: 2282000000 retirements ok (pc=00000000000e269a)
[c=5868000000]
[c=5869000000]
cosim: 2283000000 retirements ok (pc=00000000000e2698)
[c=5870000000]
[c=5871000000]
[c=5872000000]
cosim: 2284000000 retirements ok (pc=00000000000e2692)
[c=5873000000]
[c=5874000000]
[c=5875000000]
cosim: 2285000000 retirements ok (pc=00000000000e2694)
[c=5876000000]
[c=5877000000]
cosim: 2286000000 retirements ok (pc=ffffffff8010b4c0)
[c=5878000000]
[c=5879000000]
[c=5880000000]
cosim: 2287000000 retirements ok (pc=00000000000e2698)
[c=5881000000]
[c=5882000000]
[c=5883000000]
cosim: 2288000000 retirements ok (pc=ffffffff808e2b9c)
[c=5884000000]
[c=5885000000]
[c=5886000000]
[c=5887000000]
cosim: 2289000000 retirements ok (pc=00000000000e2690)
[c=5888000000]
[c=5889000000]
[c=5890000000]
cosim: 2290000000 retirements ok (pc=ffffffff800a3be8)
[c=5891000000]
[c=5892000000]
cosim: 2291000000 retirements ok (pc=00000000000e2690)
[c=5893000000]
[c=5894000000]
[c=5895000000]
cosim: 2292000000 retirements ok (pc=00000000000e2692)
[c=5896000000]
[c=5897000000]
cosim: 2293000000 retirements ok (pc=00000000000e2694)
[c=5898000000]
[c=5899000000]
[c=5900000000]
cosim: 2294000000 retirements ok (pc=00000000000e2694)
[c=5901000000]
[c=5902000000]
[c=5903000000]
cosim: 2295000000 retirements ok (pc=00000000000e269c)
[c=5904000000]
[c=5905000000]
cosim: 2296000000 retirements ok (pc=00000000000e2690)
[c=5906000000]
[c=5907000000]
[c=5908000000]
cosim: 2297000000 retirements ok (pc=ffffffff808e28c0)
[c=5909000000]
[c=5910000000]
[c=5911000000]
[c=5912000000]
[c=5913000000]
cosim: 2298000000 retirements ok (pc=ffffffff8009bc50)
[c=5914000000]
[c=5915000000]
cosim: 2299000000 retirements ok (pc=00000000000e269c)
[c=5916000000]
[c=5917000000]
[c=5918000000]
cosim: 2300000000 retirements ok (pc=ffffffff808e6f06)
[c=5919000000]
[c=5920000000]
cosim: 2301000000 retirements ok (pc=00000000000e269c)
[c=5921000000]
[c=5922000000]
[c=5923000000]
cosim: 2302000000 retirements ok (pc=00000000000e2692)
[c=5924000000]
[c=5925000000]
[c=5926000000]
cosim: 2303000000 retirements ok (pc=ffffffff800a1340)
[c=5927000000]
[c=5928000000]
cosim: 2304000000 retirements ok (pc=00000000000e269c)
[c=5929000000]
[c=5930000000]
[c=5931000000]
[c=5932000000]
[c=5933000000]
cosim: 2305000000 retirements ok (pc=00000000000e2692)
[c=5934000000]
[c=5935000000]
[c=5936000000]
cosim: 2306000000 retirements ok (pc=00000000000e2692)
[c=5937000000]
[c=5938000000]
cosim: 2307000000 retirements ok (pc=00000000000e269a)
[c=5939000000]
[c=5940000000]
[c=5941000000]
cosim: 2308000000 retirements ok (pc=00000000000e269a)
[c=5942000000]
[c=5943000000]
cosim: 2309000000 retirements ok (pc=ffffffff805311ea)
[c=5944000000]
[c=5945000000]
[c=5946000000]
cosim: 2310000000 retirements ok (pc=00000000000e2690)
[c=5947000000]
[c=5948000000]
cosim: 2311000000 retirements ok (pc=00000000000e2690)
[c=5949000000]
[c=5950000000]
[c=5951000000]
[c=5952000000]
[c=5953000000]
cosim: 2312000000 retirements ok (pc=ffffffff8006c2d6)
[c=5954000000]
[c=5955000000]
[c=5956000000]
cosim: 2313000000 retirements ok (pc=00000000000e269c)
[c=5957000000]
[c=5958000000]
cosim: 2314000000 retirements ok (pc=00000000000e2698)
[c=5959000000]
[c=5960000000]
[c=5961000000]
cosim: 2315000000 retirements ok (pc=00000000000e2698)
[c=5962000000]
[c=5963000000]
[c=5964000000]
cosim: 2316000000 retirements ok (pc=00000000000e2694)
[c=5965000000]
[c=5966000000]
cosim: 2317000000 retirements ok (pc=00000000000e2694)
[c=5967000000]
[c=5968000000]
[c=5969000000]
cosim: 2318000000 retirements ok (pc=00000000000e2690)
[c=5970000000]
[c=5971000000]
cosim: 2319000000 retirements ok (pc=00000000000e269a)
[c=5972000000]
[c=5973000000]
[c=5974000000]
[c=5975000000]
[c=5976000000]
cosim: 2320000000 retirements ok (pc=ffffffff808e702c)
[c=5977000000]
[c=5978000000]
[c=5979000000]
cosim: 2321000000 retirements ok (pc=ffffffff800a1218)
[c=5980000000]
[c=5981000000]
cosim: 2322000000 retirements ok (pc=00000000000e2690)
[c=5982000000]
[c=5983000000]
[c=5984000000]
cosim: 2323000000 retirements ok (pc=00000000000e269a)
[c=5985000000]
[c=5986000000]
cosim: 2324000000 retirements ok (pc=ffffffff8009fbd8)
[c=5987000000]
[c=5988000000]
[c=5989000000]
cosim: 2325000000 retirements ok (pc=00000000000e269a)
[c=5990000000]
[c=5991000000]
[c=5992000000]
cosim: 2326000000 retirements ok (pc=00000000000e269a)
[c=5993000000]
[c=5994000000]
[c=5995000000]
cosim: 2327000000 retirements ok (pc=ffffffff808e28b0)
[c=5996000000]
[c=5997000000]
[c=5998000000]
[c=5999000000]
cosim: 2328000000 retirements ok (pc=00000000000e2692)
[c=6000000000]
[c=6001000000]
[c=6002000000]
cosim: 2329000000 retirements ok (pc=00000000000e2698)
[c=6003000000]
[c=6004000000]
cosim: 2330000000 retirements ok (pc=00000000000e269c)
[c=6005000000]
[c=6006000000]
[c=6007000000]
cosim: 2331000000 retirements ok (pc=ffffffff800b05ea)
[c=6008000000]
[c=6009000000]
cosim: 2332000000 retirements ok (pc=00000000000e2698)
[c=6010000000]
[c=6011000000]
[c=6012000000]
cosim: 2333000000 retirements ok (pc=00000000000e2694)
[c=6013000000]
[c=6014000000]
[c=6015000000]
cosim: 2334000000 retirements ok (pc=00000000000e2698)
[c=6016000000]
[c=6017000000]
cosim: 2335000000 retirements ok (pc=ffffffff801c8d10)
[c=6018000000]
[c=6019000000]
[c=6020000000]
[c=6021000000]
[c=6022000000]
cosim: 2336000000 retirements ok (pc=ffffffff800a240e)
[c=6023000000]
[c=6024000000]
[c=6025000000]
cosim: 2337000000 retirements ok (pc=00000000000e2698)
[c=6026000000]
[c=6027000000]
cosim: 2338000000 retirements ok (pc=00000000000e2698)
[c=6028000000]
[c=6029000000]
[c=6030000000]
cosim: 2339000000 retirements ok (pc=00000000000e2692)
[c=6031000000]
[c=6032000000]
cosim: 2340000000 retirements ok (pc=00000000000e269c)
[c=6033000000]
[c=6034000000]
[c=6035000000]
cosim: 2341000000 retirements ok (pc=00000000000e2698)
[c=6036000000]
[c=6037000000]
cosim: 2342000000 retirements ok (pc=00000000000e2694)
[c=6038000000]
[c=6039000000]
[c=6040000000]
cosim: 2343000000 retirements ok (pc=00000000000e269a)
[c=6041000000]
[c=6042000000]
cosim: 2344000000 retirements ok (pc=00000000000e2690)
[c=6043000000]
[c=6044000000]
[c=6045000000]
cosim: 2345000000 retirements ok (pc=00000000000e269c)
[c=6046000000]
[c=6047000000]
[c=6048000000]
cosim: 2346000000 retirements ok (pc=00000000000e2692)
[c=6049000000]
[c=6050000000]
cosim: 2347000000 retirements ok (pc=00000000000e269a)
[c=6051000000]
[c=6052000000]
[c=6053000000]
cosim: 2348000000 retirements ok (pc=00000000000e2694)
[c=6054000000]
[c=6055000000]
cosim: 2349000000 retirements ok (pc=00000000000e2692)
[c=6056000000]
[c=6057000000]
[c=6058000000]
[c=6059000000]
[c=6060000000]
cosim: 2350000000 retirements ok (pc=00000000000e2690)
[c=6061000000]
[c=6062000000]
[c=6063000000]
cosim: 2351000000 retirements ok (pc=00000000000e269c)
[c=6064000000]
[c=6065000000]
cosim: 2352000000 retirements ok (pc=00000000000e2694)
[c=6066000000]
[c=6067000000]
[c=6068000000]
cosim: 2353000000 retirements ok (pc=00000000000e2698)
[c=6069000000]
[c=6070000000]
cosim: 2354000000 retirements ok (pc=00000000000e2698)
[c=6071000000]
[c=6072000000]
[c=6073000000]
cosim: 2355000000 retirements ok (pc=ffffffff804a3ece)
[c=6074000000]
[c=6075000000]
cosim: 2356000000 retirements ok (pc=00000000000e269a)
[c=6076000000]
[c=6077000000]
[c=6078000000]
cosim: 2357000000 retirements ok (pc=00000000000e2692)
[c=6079000000]
[c=6080000000]
cosim: 2358000000 retirements ok (pc=00000000000e2690)
[c=6081000000]
[c=6082000000]
[c=6083000000]
cosim: 2359000000 retirements ok (pc=00000000000e269c)
[c=6084000000]
[c=6085000000]
[c=6086000000]
cosim: 2360000000 retirements ok (pc=00000000000e2694)
[c=6087000000]
[c=6088000000]
cosim: 2361000000 retirements ok (pc=ffffffff800a0538)
[c=6089000000]
[c=6090000000]
[c=6091000000]
cosim: 2362000000 retirements ok (pc=00000000000e2692)
[c=6092000000]
[c=6093000000]
cosim: 2363000000 retirements ok (pc=00000000000e2692)
[c=6094000000]
[c=6095000000]
[c=6096000000]
[c=6097000000]
[c=6098000000]
cosim: 2364000000 retirements ok (pc=00000000000e2692)
[c=6099000000]
[c=6100000000]
[c=6101000000]
cosim: 2365000000 retirements ok (pc=ffffffff800640a8)
[c=6102000000]
[c=6103000000]
cosim: 2366000000 retirements ok (pc=00000000000e269c)
[c=6104000000]
[c=6105000000]
[c=6106000000]
cosim: 2367000000 retirements ok (pc=00000000000e2690)
[c=6107000000]
[c=6108000000]
cosim: 2368000000 retirements ok (pc=00000000000e2694)
[c=6109000000]
[c=6110000000]
[c=6111000000]
cosim: 2369000000 retirements ok (pc=00000000000e269c)
[c=6112000000]
[c=6113000000]
cosim: 2370000000 retirements ok (pc=ffffffff800a392e)
[c=6114000000]
[c=6115000000]
[c=6116000000]
cosim: 2371000000 retirements ok (pc=00000000000e2694)
[c=6117000000]
[c=6118000000]
cosim: 2372000000 retirements ok (pc=00000000000e2694)
[c=6119000000]
[c=6120000000]
[c=6121000000]
cosim: 2373000000 retirements ok (pc=00000000000e2692)
[c=6122000000]
[c=6123000000]
[c=6124000000]
cosim: 2374000000 retirements ok (pc=00000000000e2694)
[c=6125000000]
[c=6126000000]
cosim: 2375000000 retirements ok (pc=00000000000e2692)
[c=6127000000]
[c=6128000000]
[c=6129000000]
cosim: 2376000000 retirements ok (pc=00000000000e269c)
[c=6130000000]
[c=6131000000]
cosim: 2377000000 retirements ok (pc=00000000000e2698)
[c=6132000000]
[c=6133000000]
[c=6134000000]
[c=6135000000]
[c=6136000000]
cosim: 2378000000 retirements ok (pc=00000000000e2698)
[c=6137000000]
[c=6138000000]
[c=6139000000]
cosim: 2379000000 retirements ok (pc=00000000000e2698)
[c=6140000000]
[c=6141000000]
cosim: 2380000000 retirements ok (pc=ffffffff800ae58a)
[c=6142000000]
[c=6143000000]
[c=6144000000]
cosim: 2381000000 retirements ok (pc=00000000000e2698)
[c=6145000000]
[c=6146000000]
cosim: 2382000000 retirements ok (pc=00000000000e2692)
[c=6147000000]
[c=6148000000]
[c=6149000000]
cosim: 2383000000 retirements ok (pc=00000000000e2694)
[c=6150000000]
[c=6151000000]
cosim: 2384000000 retirements ok (pc=00000000000e2694)
[c=6152000000]
[c=6153000000]
[c=6154000000]
cosim: 2385000000 retirements ok (pc=00000000000e2694)
[c=6155000000]
[c=6156000000]
cosim: 2386000000 retirements ok (pc=ffffffff805311dc)
[c=6157000000]
[c=6158000000]
[c=6159000000]
cosim: 2387000000 retirements ok (pc=00000000000e2690)
[c=6160000000]
[c=6161000000]
[c=6162000000]
cosim: 2388000000 retirements ok (pc=00000000000e269c)
[c=6163000000]
[c=6164000000]
cosim: 2389000000 retirements ok (pc=00000000000e269a)
[c=6165000000]
[c=6166000000]
[c=6167000000]
cosim: 2390000000 retirements ok (pc=00000000000e269c)
[c=6168000000]
[c=6169000000]
cosim: 2391000000 retirements ok (pc=00000000000e2692)
[c=6170000000]
[c=6171000000]
[c=6172000000]
[c=6173000000]
[c=6174000000]
cosim: 2392000000 retirements ok (pc=ffffffff808e28ec)
[c=6175000000]
[c=6176000000]
[c=6177000000]
cosim: 2393000000 retirements ok (pc=00000000000e2698)
[c=6178000000]
[c=6179000000]
[c=6180000000]
[c=6181000000]
[c=6182000000]
cosim: 2394000000 retirements ok (pc=00000000000e2690)
[c=6183000000]
[c=6184000000]
cosim: 2395000000 retirements ok (pc=00000000000e2690)
[c=6185000000]
[c=6186000000]
[c=6187000000]
cosim: 2396000000 retirements ok (pc=00000000000e269a)
[c=6188000000]
[c=6189000000]
cosim: 2397000000 retirements ok (pc=00000000000e2692)
[c=6190000000]
[c=6191000000]
[c=6192000000]
cosim: 2398000000 retirements ok (pc=00000000000e269c)
[c=6193000000]
[c=6194000000]
[c=6195000000]
cosim: 2399000000 retirements ok (pc=00000000000e269c)
[c=6196000000]
[c=6197000000]
cosim: 2400000000 retirements ok (pc=ffffffff8007eef2)
[c=6198000000]
[c=6199000000]
[c=6200000000]
cosim: 2401000000 retirements ok (pc=00000000000e2692)
[c=6201000000]
[c=6202000000]
cosim: 2402000000 retirements ok (pc=ffffffff801bdee4)
[c=6203000000]
[c=6204000000]
[c=6205000000]
[c=6206000000]
[c=6207000000]
cosim: 2403000000 retirements ok (pc=ffffffff8020a8bc)
[c=6208000000]
[c=6209000000]
[c=6210000000]
cosim: 2404000000 retirements ok (pc=00000000000e2692)
[c=6211000000]
[c=6212000000]
cosim: 2405000000 retirements ok (pc=00000000000e2694)
[c=6213000000]
[c=6214000000]
[c=6215000000]
cosim: 2406000000 retirements ok (pc=00000000000e2690)
[c=6216000000]
[c=6217000000]
[c=6218000000]
cosim: 2407000000 retirements ok (pc=ffffffff8006433c)
[c=6219000000]
[c=6220000000]
cosim: 2408000000 retirements ok (pc=00000000000e2692)
[c=6221000000]
[c=6222000000]
[c=6223000000]
cosim: 2409000000 retirements ok (pc=00000000000e269a)
[c=6224000000]
[c=6225000000]
[c=6226000000]
[c=6227000000]
[c=6228000000]
cosim: 2410000000 retirements ok (pc=00000000000e2694)
[c=6229000000]
[c=6230000000]
cosim: 2411000000 retirements ok (pc=00000000000e2690)
[c=6231000000]
[c=6232000000]
[c=6233000000]
cosim: 2412000000 retirements ok (pc=00000000000e2690)
[c=6234000000]
[c=6235000000]
cosim: 2413000000 retirements ok (pc=00000000000e269c)
[c=6236000000]
[c=6237000000]
[c=6238000000]
cosim: 2414000000 retirements ok (pc=00000000000e269c)
[c=6239000000]
[c=6240000000]
cosim: 2415000000 retirements ok (pc=00000000000e2690)
[c=6241000000]
[c=6242000000]
[c=6243000000]
cosim: 2416000000 retirements ok (pc=00000000000e2698)
[c=6244000000]
[c=6245000000]
[c=6246000000]
cosim: 2417000000 retirements ok (pc=00000000000e2698)
[c=6247000000]
[c=6248000000]
cosim: 2418000000 retirements ok (pc=00000000000e2698)
[c=6249000000]
[c=6250000000]
[c=6251000000]
cosim: 2419000000 retirements ok (pc=00000000000e269a)
[c=6252000000]
[c=6253000000]
[c=6254000000]
[c=6255000000]
cosim: 2420000000 retirements ok (pc=ffffffff80242384)
[c=6256000000]
[c=6257000000]
[c=6258000000]
cosim: 2421000000 retirements ok (pc=ffffffff80059d50)
[c=6259000000]
[c=6260000000]
[c=6261000000]
cosim: 2422000000 retirements ok (pc=00000000000e2694)
[c=6262000000]
[c=6263000000]
cosim: 2423000000 retirements ok (pc=00000000000e269c)
[c=6264000000]
[c=6265000000]
[c=6266000000]
cosim: 2424000000 retirements ok (pc=00000000000e269c)
[c=6267000000]
[c=6268000000]
[c=6269000000]
cosim: 2425000000 retirements ok (pc=00000000000e2692)
[c=6270000000]
[c=6271000000]
[c=6272000000]
[c=6273000000]
cosim: 2426000000 retirements ok (pc=00000000000e2694)
[c=6274000000]
[c=6275000000]
[c=6276000000]
cosim: 2427000000 retirements ok (pc=00000000000e2692)
[c=6277000000]
[c=6278000000]
[c=6279000000]
cosim: 2428000000 retirements ok (pc=00000000000e269a)
[c=6280000000]
[c=6281000000]
cosim: 2429000000 retirements ok (pc=00000000000e2694)
[c=6282000000]
[c=6283000000]
[c=6284000000]
cosim: 2430000000 retirements ok (pc=00000000000e269c)
[c=6285000000]
[c=6286000000]
cosim: 2431000000 retirements ok (pc=00000000000e269c)
[c=6287000000]
[c=6288000000]
[c=6289000000]
cosim: 2432000000 retirements ok (pc=00000000000e269c)
[c=6290000000]
[c=6291000000]
cosim: 2433000000 retirements ok (pc=00000000000e269c)
[c=6292000000]
[c=6293000000]
[c=6294000000]
[c=6295000000]
[c=6296000000]
cosim: 2434000000 retirements ok (pc=00000000000e2690)
[c=6297000000]
[c=6298000000]
[c=6299000000]
cosim: 2435000000 retirements ok (pc=00000000000e2698)
[c=6300000000]
[c=6301000000]
cosim: 2436000000 retirements ok (pc=00000000000e269c)
[c=6302000000]
[c=6303000000]
[c=6304000000]
cosim: 2437000000 retirements ok (pc=00000000000e269a)
[c=6305000000]
[c=6306000000]
[c=6307000000]
cosim: 2438000000 retirements ok (pc=00000000000e269c)
[c=6308000000]
[c=6309000000]
cosim: 2439000000 retirements ok (pc=00000000000e2694)
[c=6310000000]
[c=6311000000]
[c=6312000000]
cosim: 2440000000 retirements ok (pc=00000000000e269c)
[c=6313000000]
[c=6314000000]
[c=6315000000]
[c=6316000000]
[c=6317000000]
cosim: 2441000000 retirements ok (pc=00000000000e2698)
[c=6318000000]
[c=6319000000]
cosim: 2442000000 retirements ok (pc=00000000000e2694)
[c=6320000000]
[c=6321000000]
[c=6322000000]
cosim: 2443000000 retirements ok (pc=00000000000e2694)
[c=6323000000]
[c=6324000000]
cosim: 2444000000 retirements ok (pc=00000000000e269a)
[c=6325000000]
[c=6326000000]
[c=6327000000]
cosim: 2445000000 retirements ok (pc=00000000000e269a)
[c=6328000000]
[c=6329000000]
cosim: 2446000000 retirements ok (pc=00000000000e269a)
[c=6330000000]
[c=6331000000]
[c=6332000000]
cosim: 2447000000 retirements ok (pc=00000000000e269c)
[c=6333000000]
[c=6334000000]
[c=6335000000]
cosim: 2448000000 retirements ok (pc=ffffffff802420cc)
[c=6336000000]
[c=6337000000]
[c=6338000000]
[c=6339000000]
cosim: 2449000000 retirements ok (pc=00000000000e2698)
[c=6340000000]
[c=6341000000]
[c=6342000000]
cosim: 2450000000 retirements ok (pc=ffffffff80059400)
[c=6343000000]
[c=6344000000]
[c=6345000000]
cosim: 2451000000 retirements ok (pc=00000000000e269c)
[c=6346000000]
[c=6347000000]
cosim: 2452000000 retirements ok (pc=00000000000e2690)
[c=6348000000]
[c=6349000000]
[c=6350000000]
cosim: 2453000000 retirements ok (pc=ffffffff8009bc5a)
[c=6351000000]
[c=6352000000]
cosim: 2454000000 retirements ok (pc=00000000000e2698)
[c=6353000000]
[c=6354000000]
[c=6355000000]
cosim: 2455000000 retirements ok (pc=00000000000e269a)
[c=6356000000]
[c=6357000000]
[c=6358000000]
[c=6359000000]
cosim: 2456000000 retirements ok (pc=ffffffff8006c304)
[c=6360000000]
[c=6361000000]
[c=6362000000]
cosim: 2457000000 retirements ok (pc=00000000000e269a)
[c=6363000000]
[c=6364000000]
[c=6365000000]
cosim: 2458000000 retirements ok (pc=00000000000e2692)
[c=6366000000]
[c=6367000000]
cosim: 2459000000 retirements ok (pc=00000000000e269c)
[c=6368000000]
[c=6369000000]
[c=6370000000]
cosim: 2460000000 retirements ok (pc=ffffffff808d9162)
[c=6371000000]
[c=6372000000]
cosim: 2461000000 retirements ok (pc=00000000000e269a)
[c=6373000000]
[c=6374000000]
[c=6375000000]
cosim: 2462000000 retirements ok (pc=00000000000e2690)
[c=6376000000]
[c=6377000000]
[c=6378000000]
cosim: 2463000000 retirements ok (pc=00000000000e2690)
[c=6379000000]
[c=6380000000]
cosim: 2464000000 retirements ok (pc=00000000000e269c)
[c=6381000000]
[c=6382000000]
[c=6383000000]
[c=6384000000]
cosim: 2465000000 retirements ok (pc=ffffffff808e28a0)
[c=6385000000]
[c=6386000000]
[c=6387000000]
[c=6388000000]
cosim: 2466000000 retirements ok (pc=ffffffff801b4704)
[c=6389000000]
[c=6390000000]
cosim: 2467000000 retirements ok (pc=00000000000e2694)
[c=6391000000]
[c=6392000000]
[c=6393000000]
cosim: 2468000000 retirements ok (pc=00000000000e269c)
[c=6394000000]
[c=6395000000]
[c=6396000000]
cosim: 2469000000 retirements ok (pc=00000000000e2690)
[c=6397000000]
[c=6398000000]
cosim: 2470000000 retirements ok (pc=00000000000e269a)
[c=6399000000]
[c=6400000000]
[c=6401000000]
cosim: 2471000000 retirements ok (pc=00000000000e2698)
[c=6402000000]
[c=6403000000]
cosim: 2472000000 retirements ok (pc=ffffffff808e2bc4)
[c=6404000000]
[c=6405000000]
[c=6406000000]
[c=6407000000]
[c=6408000000]
cosim: 2473000000 retirements ok (pc=00000000000e2690)
[c=6409000000]
[c=6410000000]
[c=6411000000]
cosim: 2474000000 retirements ok (pc=00000000000e269a)
[c=6412000000]
[c=6413000000]
cosim: 2475000000 retirements ok (pc=00000000000e2698)
[c=6414000000]
[c=6415000000]
[c=6416000000]
cosim: 2476000000 retirements ok (pc=ffffffff8009de3e)
[c=6417000000]
[c=6418000000]
cosim: 2477000000 retirements ok (pc=00000000000e2692)
[c=6419000000]
[c=6420000000]
[c=6421000000]
cosim: 2478000000 retirements ok (pc=00000000000e269a)
[c=6422000000]
[c=6423000000]
[c=6424000000]
cosim: 2479000000 retirements ok (pc=00000000000e2690)
[c=6425000000]
[c=6426000000]
cosim: 2480000000 retirements ok (pc=00000000000e2698)
[c=6427000000]
[c=6428000000]
[c=6429000000]
cosim: 2481000000 retirements ok (pc=ffffffff8004bfa2)
[c=6430000000]
[c=6431000000]
[c=6432000000]
[c=6433000000]
[c=6434000000]
cosim: 2482000000 retirements ok (pc=ffffffff800c4152)
[c=6435000000]
[c=6436000000]
cosim: 2483000000 retirements ok (pc=00000000000e269c)
[c=6437000000]
[c=6438000000]
[c=6439000000]
cosim: 2484000000 retirements ok (pc=00000000000e2690)
[c=6440000000]
[c=6441000000]
cosim: 2485000000 retirements ok (pc=00000000000e269a)
[c=6442000000]
[c=6443000000]
[c=6444000000]
cosim: 2486000000 retirements ok (pc=00000000000e2694)
[c=6445000000]
[c=6446000000]
[c=6447000000]
cosim: 2487000000 retirements ok (pc=00000000000e2698)
[c=6448000000]
[c=6449000000]
cosim: 2488000000 retirements ok (pc=00000000000e2698)
[c=6450000000]
[c=6451000000]
[c=6452000000]
[c=6453000000]
[c=6454000000]
cosim: 2489000000 retirements ok (pc=00000000000e2698)
[c=6455000000]
[c=6456000000]
[c=6457000000]
cosim: 2490000000 retirements ok (pc=00000000000e269c)
[c=6458000000]
[c=6459000000]
cosim: 2491000000 retirements ok (pc=00000000000e269c)
[c=6460000000]
[c=6461000000]
[c=6462000000]
cosim: 2492000000 retirements ok (pc=00000000000e269c)
[c=6463000000]
[c=6464000000]
cosim: 2493000000 retirements ok (pc=ffffffff800a56a8)
[c=6465000000]
[c=6466000000]
[c=6467000000]
cosim: 2494000000 retirements ok (pc=00000000000e2690)
[c=6468000000]
[c=6469000000]
cosim: 2495000000 retirements ok (pc=00000000000e2692)
[c=6470000000]
[c=6471000000]
[c=6472000000]
cosim: 2496000000 retirements ok (pc=00000000000e2692)
[c=6473000000]
[c=6474000000]
[c=6475000000]
[c=6476000000]
cosim: 2497000000 retirements ok (pc=ffffffff808e28c8)
[c=6477000000]
[c=6478000000]
[c=6479000000]
[c=6480000000]
cosim: 2498000000 retirements ok (pc=ffffffff8024877c)
[c=6481000000]
[c=6482000000]
cosim: 2499000000 retirements ok (pc=00000000000e269c)
[c=6483000000]
[c=6484000000]
[c=6485000000]
cosim: 2500000000 retirements ok (pc=00000000000e2690)
[c=6486000000]
[c=6487000000]
cosim: 2501000000 retirements ok (pc=00000000000e2692)
[c=6488000000]
[c=6489000000]
[c=6490000000]
cosim: 2502000000 retirements ok (pc=00000000000e2694)
[c=6491000000]
[c=6492000000]
cosim: 2503000000 retirements ok (pc=00000000000e2690)
[c=6493000000]
[c=6494000000]
[c=6495000000]
cosim: 2504000000 retirements ok (pc=00000000000e269a)
[c=6496000000]
[c=6497000000]
[c=6498000000]
[c=6499000000]
[c=6500000000]
cosim: 2505000000 retirements ok (pc=00000000000e269a)
[c=6501000000]
[c=6502000000]
cosim: 2506000000 retirements ok (pc=ffffffff800597de)
[c=6503000000]
[c=6504000000]
[c=6505000000]
cosim: 2507000000 retirements ok (pc=00000000000e2690)
[c=6506000000]
[c=6507000000]
cosim: 2508000000 retirements ok (pc=00000000000e2698)
[c=6508000000]
[c=6509000000]
[c=6510000000]
cosim: 2509000000 retirements ok (pc=00000000000e2690)
[c=6511000000]
[c=6512000000]
[c=6513000000]
cosim: 2510000000 retirements ok (pc=00000000000e2690)
[c=6514000000]
[c=6515000000]
cosim: 2511000000 retirements ok (pc=00000000000e2692)
[c=6516000000]
[c=6517000000]
[c=6518000000]
cosim: 2512000000 retirements ok (pc=00000000000e269a)
[c=6519000000]
[c=6520000000]
cosim: 2513000000 retirements ok (pc=00000000000e2690)
[c=6521000000]
[c=6522000000]
[c=6523000000]
cosim: 2514000000 retirements ok (pc=00000000000e2690)
[c=6524000000]
[c=6525000000]
cosim: 2515000000 retirements ok (pc=00000000000e2698)
[c=6526000000]
[c=6527000000]
[c=6528000000]
cosim: 2516000000 retirements ok (pc=00000000000e2692)
[c=6529000000]
[c=6530000000]
cosim: 2517000000 retirements ok (pc=00000000000e2692)
[c=6531000000]
[c=6532000000]
[c=6533000000]
cosim: 2518000000 retirements ok (pc=00000000000e269a)
[c=6534000000]
[c=6535000000]
[c=6536000000]
[c=6537000000]
[c=6538000000]
cosim: 2519000000 retirements ok (pc=ffffffff800a47fc)
[c=6539000000]
[c=6540000000]
cosim: 2520000000 retirements ok (pc=00000000000e2690)
[c=6541000000]
[c=6542000000]
[c=6543000000]
cosim: 2521000000 retirements ok (pc=00000000000e269c)
[c=6544000000]
[c=6545000000]
[c=6546000000]
cosim: 2522000000 retirements ok (pc=00000000000e2690)
[c=6547000000]
[c=6548000000]
cosim: 2523000000 retirements ok (pc=00000000000e2698)
[c=6549000000]
[c=6550000000]
[c=6551000000]
cosim: 2524000000 retirements ok (pc=00000000000e2690)
[c=6552000000]
[c=6553000000]
cosim: 2525000000 retirements ok (pc=00000000000e269c)
[c=6554000000]
[c=6555000000]
[c=6556000000]
cosim: 2526000000 retirements ok (pc=00000000000e2692)
[c=6557000000]
[c=6558000000]
cosim: 2527000000 retirements ok (pc=00000000000e2690)
[c=6559000000]
[c=6560000000]
[c=6561000000]
cosim: 2528000000 retirements ok (pc=00000000000e2698)
[c=6562000000]
[c=6563000000]
cosim: 2529000000 retirements ok (pc=00000000000e269c)
[c=6564000000]
[c=6565000000]
[c=6566000000]
cosim: 2530000000 retirements ok (pc=00000000000e2690)
[c=6567000000]
[c=6568000000]
cosim: 2531000000 retirements ok (pc=00000000000e2698)
[c=6569000000]
[c=6570000000]
[c=6571000000]
cosim: 2532000000 retirements ok (pc=00000000000e2690)
[c=6572000000]
[c=6573000000]
[c=6574000000]
[c=6575000000]
[c=6576000000]
cosim: 2533000000 retirements ok (pc=00000000000e269c)
[c=6577000000]
[c=6578000000]
cosim: 2534000000 retirements ok (pc=00000000000e2692)
[c=6579000000]
[c=6580000000]
[c=6581000000]
cosim: 2535000000 retirements ok (pc=00000000000e2694)
[c=6582000000]
[c=6583000000]
[c=6584000000]
cosim: 2536000000 retirements ok (pc=00000000000e2690)
[c=6585000000]
[c=6586000000]
cosim: 2537000000 retirements ok (pc=00000000000e2694)
[c=6587000000]
[c=6588000000]
[c=6589000000]
cosim: 2538000000 retirements ok (pc=00000000000e2690)
[c=6590000000]
[c=6591000000]
cosim: 2539000000 retirements ok (pc=00000000000e2690)
[c=6592000000]
[c=6593000000]
[c=6594000000]
cosim: 2540000000 retirements ok (pc=00000000000e2698)
[c=6595000000]
[c=6596000000]
cosim: 2541000000 retirements ok (pc=00000000000e269a)
[c=6597000000]
[c=6598000000]
[c=6599000000]
cosim: 2542000000 retirements ok (pc=00000000000e2694)
[c=6600000000]
[c=6601000000]
cosim: 2543000000 retirements ok (pc=00000000000e2692)
[c=6602000000]
[c=6603000000]
[c=6604000000]
cosim: 2544000000 retirements ok (pc=ffffffff80024fd4)
[c=6605000000]
[c=6606000000]
[c=6607000000]
cosim: 2545000000 retirements ok (pc=00000000000e2690)
[c=6608000000]
[c=6609000000]
cosim: 2546000000 retirements ok (pc=00000000000e269a)
[c=6610000000]
[c=6611000000]
[c=6612000000]
[c=6613000000]
[c=6614000000]
cosim: 2547000000 retirements ok (pc=00000000000e2690)
[c=6615000000]
[c=6616000000]
cosim: 2548000000 retirements ok (pc=00000000000e2694)
[c=6617000000]
[c=6618000000]
[c=6619000000]
cosim: 2549000000 retirements ok (pc=00000000000e2692)
[c=6620000000]
[c=6621000000]
[c=6622000000]
cosim: 2550000000 retirements ok (pc=00000000000e269c)
[c=6623000000]
[c=6624000000]
cosim: 2551000000 retirements ok (pc=00000000000e269c)
[c=6625000000]
[c=6626000000]
[c=6627000000]
cosim: 2552000000 retirements ok (pc=00000000000e2694)
[c=6628000000]
[c=6629000000]
cosim: 2553000000 retirements ok (pc=00000000000e269c)
[c=6630000000]
[c=6631000000]
[c=6632000000]
cosim: 2554000000 retirements ok (pc=00000000000e2698)
[c=6633000000]
[c=6634000000]
cosim: 2555000000 retirements ok (pc=00000000000e2690)
[c=6635000000]
[c=6636000000]
[c=6637000000]
cosim: 2556000000 retirements ok (pc=00000000000e2698)
[c=6638000000]
[c=6639000000]
[c=6640000000]
cosim: 2557000000 retirements ok (pc=00000000000e269c)
[c=6641000000]
[c=6642000000]
cosim: 2558000000 retirements ok (pc=00000000000e269c)
[c=6643000000]
[c=6644000000]
[c=6645000000]
cosim: 2559000000 retirements ok (pc=00000000000e2698)
[c=6646000000]
[c=6647000000]
cosim: 2560000000 retirements ok (pc=00000000000e269a)
[c=6648000000]
[c=6649000000]
[c=6650000000]
[c=6651000000]
[c=6652000000]
cosim: 2561000000 retirements ok (pc=ffffffff808e2b50)
[c=6653000000]
[c=6654000000]
[c=6655000000]
cosim: 2562000000 retirements ok (pc=00000000000e269a)
[c=6656000000]
[c=6657000000]
cosim: 2563000000 retirements ok (pc=00000000000e2694)
[c=6658000000]
[c=6659000000]
[c=6660000000]
cosim: 2564000000 retirements ok (pc=00000000000e2694)
[c=6661000000]
[c=6662000000]
cosim: 2565000000 retirements ok (pc=00000000000e2698)
[c=6663000000]
[c=6664000000]
[c=6665000000]
cosim: 2566000000 retirements ok (pc=00000000000e2692)
[c=6666000000]
[c=6667000000]
cosim: 2567000000 retirements ok (pc=ffffffff804a3f26)
[c=6668000000]
[c=6669000000]
[c=6670000000]
cosim: 2568000000 retirements ok (pc=00000000000e2692)
[c=6671000000]
[c=6672000000]
[c=6673000000]
cosim: 2569000000 retirements ok (pc=00000000000e269c)
[c=6674000000]
[c=6675000000]
cosim: 2570000000 retirements ok (pc=00000000000e2698)
[c=6676000000]
[c=6677000000]
[c=6678000000]
cosim: 2571000000 retirements ok (pc=00000000000e2690)
[c=6679000000]
[c=6680000000]
cosim: 2572000000 retirements ok (pc=00000000000e269a)
[c=6681000000]
[c=6682000000]
[c=6683000000]
cosim: 2573000000 retirements ok (pc=00000000000e269a)
[c=6684000000]
[c=6685000000]
cosim: 2574000000 retirements ok (pc=00000000000e2692)
[c=6686000000]
[c=6687000000]
[c=6688000000]
[c=6689000000]
[c=6690000000]
cosim: 2575000000 retirements ok (pc=ffffffff808e2b64)
[c=6691000000]
[c=6692000000]
[c=6693000000]
cosim: 2576000000 retirements ok (pc=00000000000e2690)
[c=6694000000]
[c=6695000000]
cosim: 2577000000 retirements ok (pc=00000000000e269c)
[c=6696000000]
[c=6697000000]
[c=6698000000]
cosim: 2578000000 retirements ok (pc=00000000000e2690)
[c=6699000000]
[c=6700000000]
cosim: 2579000000 retirements ok (pc=00000000000e2692)
[c=6701000000]
[c=6702000000]
[c=6703000000]
cosim: 2580000000 retirements ok (pc=00000000000e2698)
[c=6704000000]
[c=6705000000]
cosim: 2581000000 retirements ok (pc=00000000000e2698)
[c=6706000000]
[c=6707000000]
[c=6708000000]
cosim: 2582000000 retirements ok (pc=00000000000e2690)
[c=6709000000]
[c=6710000000]
[c=6711000000]
cosim: 2583000000 retirements ok (pc=00000000000e2690)
[c=6712000000]
[c=6713000000]
cosim: 2584000000 retirements ok (pc=00000000000e269a)
[c=6714000000]
[c=6715000000]
[c=6716000000]
cosim: 2585000000 retirements ok (pc=00000000000e2690)
[c=6717000000]
[c=6718000000]
cosim: 2586000000 retirements ok (pc=00000000000e2694)
[c=6719000000]
[c=6720000000]
[c=6721000000]
cosim: 2587000000 retirements ok (pc=ffffffff800a1942)
[c=6722000000]
[c=6723000000]
cosim: 2588000000 retirements ok (pc=00000000000e2690)
[c=6724000000]
[c=6725000000]
[c=6726000000]
[c=6727000000]
[c=6728000000]
cosim: 2589000000 retirements ok (pc=ffffffff808e2b90)
[c=6729000000]
[c=6730000000]
[c=6731000000]
cosim: 2590000000 retirements ok (pc=00000000000e2698)
[c=6732000000]
[c=6733000000]
cosim: 2591000000 retirements ok (pc=ffffffff800a15c4)
[c=6734000000]
[c=6735000000]
[c=6736000000]
cosim: 2592000000 retirements ok (pc=00000000000e269c)
[c=6737000000]
[c=6738000000]
cosim: 2593000000 retirements ok (pc=00000000000e2694)
[c=6739000000]
[c=6740000000]
[c=6741000000]
cosim: 2594000000 retirements ok (pc=00000000000e2692)
[c=6742000000]
[c=6743000000]
cosim: 2595000000 retirements ok (pc=00000000000e2692)
[c=6744000000]
[c=6745000000]
[c=6746000000]
cosim: 2596000000 retirements ok (pc=00000000000e269a)
[c=6747000000]
[c=6748000000]
[c=6749000000]
cosim: 2597000000 retirements ok (pc=00000000000e269c)
[c=6750000000]
[c=6751000000]
cosim: 2598000000 retirements ok (pc=00000000000e269c)
[c=6752000000]
[c=6753000000]
[c=6754000000]
cosim: 2599000000 retirements ok (pc=00000000000e2694)
[c=6755000000]
[c=6756000000]
cosim: 2600000000 retirements ok (pc=00000000000e2692)
[c=6757000000]
[c=6758000000]
[c=6759000000]
cosim: 2601000000 retirements ok (pc=00000000000e269c)
[c=6760000000]
[c=6761000000]
cosim: 2602000000 retirements ok (pc=00000000000e2690)
[c=6762000000]
[c=6763000000]
[c=6764000000]
[c=6765000000]
[c=6766000000]
cosim: 2603000000 retirements ok (pc=ffffffff808e2b40)
[c=6767000000]
[c=6768000000]
[c=6769000000]
cosim: 2604000000 retirements ok (pc=00000000000e269c)
[c=6770000000]
[c=6771000000]
cosim: 2605000000 retirements ok (pc=00000000000e2694)
[c=6772000000]
[c=6773000000]
[c=6774000000]
cosim: 2606000000 retirements ok (pc=00000000000e269a)
[c=6775000000]
[c=6776000000]
cosim: 2607000000 retirements ok (pc=ffffffff8018f5f2)
[c=6777000000]
[c=6778000000]
[c=6779000000]
cosim: 2608000000 retirements ok (pc=00000000000e269a)
[c=6780000000]
[c=6781000000]
cosim: 2609000000 retirements ok (pc=00000000000e269c)
[c=6782000000]
[c=6783000000]
[c=6784000000]
cosim: 2610000000 retirements ok (pc=00000000000e2690)
[c=6785000000]
[c=6786000000]
[c=6787000000]
cosim: 2611000000 retirements ok (pc=00000000000e2690)
[c=6788000000]
[c=6789000000]
cosim: 2612000000 retirements ok (pc=00000000000e2694)
[c=6790000000]
[c=6791000000]
[c=6792000000]
cosim: 2613000000 retirements ok (pc=00000000000e2694)
[c=6793000000]
[c=6794000000]
cosim: 2614000000 retirements ok (pc=00000000000e269a)
[c=6795000000]
[c=6796000000]
[c=6797000000]
cosim: 2615000000 retirements ok (pc=00000000000e2690)
[c=6798000000]
[c=6799000000]
cosim: 2616000000 retirements ok (pc=00000000000e2698)
[c=6800000000]
[c=6801000000]
[c=6802000000]
cosim: 2617000000 retirements ok (pc=ffffffff808e2b78)
[c=6803000000]
[c=6804000000]
[c=6805000000]
[c=6806000000]
[c=6807000000]
cosim: 2618000000 retirements ok (pc=00000000000e2698)
[c=6808000000]
[c=6809000000]
cosim: 2619000000 retirements ok (pc=00000000000e2698)
[c=6810000000]
[c=6811000000]
[c=6812000000]
cosim: 2620000000 retirements ok (pc=00000000000e269c)
[c=6813000000]
[c=6814000000]
[c=6815000000]
cosim: 2621000000 retirements ok (pc=00000000000e2694)
[c=6816000000]
[c=6817000000]
cosim: 2622000000 retirements ok (pc=00000000000e269a)
[c=6818000000]
[c=6819000000]
[c=6820000000]
cosim: 2623000000 retirements ok (pc=00000000000e269c)
[c=6821000000]
[c=6822000000]
cosim: 2624000000 retirements ok (pc=00000000000e2692)
[c=6823000000]
[c=6824000000]
[c=6825000000]
cosim: 2625000000 retirements ok (pc=00000000000e2694)
[c=6826000000]
[c=6827000000]
cosim: 2626000000 retirements ok (pc=00000000000e2692)
[c=6828000000]
[c=6829000000]
[c=6830000000]
cosim: 2627000000 retirements ok (pc=00000000000e269c)
[c=6831000000]
[c=6832000000]
cosim: 2628000000 retirements ok (pc=00000000000e2694)
[c=6833000000]
[c=6834000000]
[c=6835000000]
cosim: 2629000000 retirements ok (pc=00000000000e269c)
[c=6836000000]
[c=6837000000]
cosim: 2630000000 retirements ok (pc=00000000000e269c)
[c=6838000000]
[c=6839000000]
[c=6840000000]
cosim: 2631000000 retirements ok (pc=ffffffff808e2ba0)
[c=6841000000]
[c=6842000000]
[c=6843000000]
[c=6844000000]
[c=6845000000]
cosim: 2632000000 retirements ok (pc=00000000000e2694)
[c=6846000000]
[c=6847000000]
cosim: 2633000000 retirements ok (pc=00000000000e2694)
[c=6848000000]
[c=6849000000]
[c=6850000000]
cosim: 2634000000 retirements ok (pc=00000000000e269c)
[c=6851000000]
[c=6852000000]
[c=6853000000]
cosim: 2635000000 retirements ok (pc=00000000000e2698)
[c=6854000000]
[c=6855000000]
cosim: 2636000000 retirements ok (pc=00000000000e269c)
[c=6856000000]
[c=6857000000]
[c=6858000000]
cosim: 2637000000 retirements ok (pc=00000000000e2692)
[c=6859000000]
[c=6860000000]
cosim: 2638000000 retirements ok (pc=00000000000e269a)
[c=6861000000]
[c=6862000000]
[c=6863000000]
cosim: 2639000000 retirements ok (pc=00000000000e2698)
[c=6864000000]
[c=6865000000]
cosim: 2640000000 retirements ok (pc=00000000000e269a)
[c=6866000000]
[c=6867000000]
[c=6868000000]
cosim: 2641000000 retirements ok (pc=00000000000e269c)
[c=6869000000]
[c=6870000000]
cosim: 2642000000 retirements ok (pc=00000000000e269a)
[c=6871000000]
[c=6872000000]
[c=6873000000]
cosim: 2643000000 retirements ok (pc=00000000000e269a)
[c=6874000000]
[c=6875000000]
[c=6876000000]
cosim: 2644000000 retirements ok (pc=00000000000e2690)
[c=6877000000]
[c=6878000000]
cosim: 2645000000 retirements ok (pc=ffffffff8007fb46)
[c=6879000000]
[c=6880000000]
[c=6881000000]
[c=6882000000]
[c=6883000000]
cosim: 2646000000 retirements ok (pc=00000000000e2692)
[c=6884000000]
[c=6885000000]
cosim: 2647000000 retirements ok (pc=00000000000e2698)
[c=6886000000]
[c=6887000000]
[c=6888000000]
cosim: 2648000000 retirements ok (pc=00000000000e2690)
[c=6889000000]
[c=6890000000]
[c=6891000000]
cosim: 2649000000 retirements ok (pc=00000000000e2694)
[c=6892000000]
[c=6893000000]
cosim: 2650000000 retirements ok (pc=00000000000e2698)
[c=6894000000]
[c=6895000000]
[c=6896000000]
cosim: 2651000000 retirements ok (pc=00000000000e2692)
[c=6897000000]
[c=6898000000]
cosim: 2652000000 retirements ok (pc=00000000000e269a)
[c=6899000000]
[c=6900000000]
[c=6901000000]
cosim: 2653000000 retirements ok (pc=00000000000e2698)
[c=6902000000]
[c=6903000000]
cosim: 2654000000 retirements ok (pc=00000000000e269c)
[c=6904000000]
[c=6905000000]
[c=6906000000]
cosim: 2655000000 retirements ok (pc=00000000000e269c)
[c=6907000000]
[c=6908000000]
cosim: 2656000000 retirements ok (pc=00000000000e269a)
[c=6909000000]
[c=6910000000]
[c=6911000000]
cosim: 2657000000 retirements ok (pc=00000000000e269a)
[c=6912000000]
[c=6913000000]
[c=6914000000]
cosim: 2658000000 retirements ok (pc=00000000000e269c)
[c=6915000000]
[c=6916000000]
cosim: 2659000000 retirements ok (pc=ffffffff808e2ba4)
[c=6917000000]
[c=6918000000]
[c=6919000000]
[c=6920000000]
[c=6921000000]
cosim: 2660000000 retirements ok (pc=00000000000e2692)
[c=6922000000]
[c=6923000000]
cosim: 2661000000 retirements ok (pc=00000000000e2692)
[c=6924000000]
[c=6925000000]
[c=6926000000]
cosim: 2662000000 retirements ok (pc=00000000000e269c)
[c=6927000000]
[c=6928000000]
[c=6929000000]
cosim: 2663000000 retirements ok (pc=00000000000e2690)
[c=6930000000]
[c=6931000000]
cosim: 2664000000 retirements ok (pc=00000000000e2690)
[c=6932000000]
[c=6933000000]
[c=6934000000]
cosim: 2665000000 retirements ok (pc=00000000000e2690)
[c=6935000000]
[c=6936000000]
cosim: 2666000000 retirements ok (pc=00000000000e2698)
[c=6937000000]
[c=6938000000]
[c=6939000000]
cosim: 2667000000 retirements ok (pc=ffffffff808e41f6)
[c=6940000000]
[c=6941000000]
cosim: 2668000000 retirements ok (pc=00000000000e269c)
[c=6942000000]
[c=6943000000]
[c=6944000000]
cosim: 2669000000 retirements ok (pc=00000000000e2698)
[c=6945000000]
[c=6946000000]
[c=6947000000]
cosim: 2670000000 retirements ok (pc=00000000000e269a)
[c=6948000000]
[c=6949000000]
cosim: 2671000000 retirements ok (pc=00000000000e2690)
[c=6950000000]
[c=6951000000]
[c=6952000000]
cosim: 2672000000 retirements ok (pc=ffffffff800ae4da)
[c=6953000000]
[c=6954000000]
cosim: 2673000000 retirements ok (pc=00000000000e2690)
[c=6955000000]
[c=6956000000]
[c=6957000000]
[c=6958000000]
[c=6959000000]
cosim: 2674000000 retirements ok (pc=00000000000e269a)
[c=6960000000]
[c=6961000000]
[c=6962000000]
cosim: 2675000000 retirements ok (pc=00000000000e269a)
[c=6963000000]
[c=6964000000]
cosim: 2676000000 retirements ok (pc=00000000000e2698)
[c=6965000000]
[c=6966000000]
[c=6967000000]
cosim: 2677000000 retirements ok (pc=00000000000e2698)
[c=6968000000]
[c=6969000000]
cosim: 2678000000 retirements ok (pc=00000000000e269c)
[c=6970000000]
[c=6971000000]
[c=6972000000]
cosim: 2679000000 retirements ok (pc=00000000000e2690)
[c=6973000000]
[c=6974000000]
cosim: 2680000000 retirements ok (pc=00000000000e2698)
[c=6975000000]
[c=6976000000]
[c=6977000000]
cosim: 2681000000 retirements ok (pc=00000000000e2692)
[c=6978000000]
[c=6979000000]
cosim: 2682000000 retirements ok (pc=00000000000e2694)
[c=6980000000]
[c=6981000000]
[c=6982000000]
cosim: 2683000000 retirements ok (pc=00000000000e2690)
[c=6983000000]
[c=6984000000]
[c=6985000000]
cosim: 2684000000 retirements ok (pc=00000000000e269a)
[c=6986000000]
[c=6987000000]
cosim: 2685000000 retirements ok (pc=00000000000e2690)
[c=6988000000]
[c=6989000000]
[c=6990000000]
cosim: 2686000000 retirements ok (pc=00000000000e2692)
[c=6991000000]
[c=6992000000]
cosim: 2687000000 retirements ok (pc=00000000000e2692)
[c=6993000000]
[c=6994000000]
[c=6995000000]
[c=6996000000]
[c=6997000000]
cosim: 2688000000 retirements ok (pc=00000000000e2694)
[c=6998000000]
[c=6999000000]
[c=7000000000]
cosim: 2689000000 retirements ok (pc=00000000000e2690)
[c=7001000000]
[c=7002000000]
cosim: 2690000000 retirements ok (pc=00000000000e2694)
[c=7003000000]
[c=7004000000]
[c=7005000000]
cosim: 2691000000 retirements ok (pc=00000000000e2694)
[c=7006000000]
[c=7007000000]
cosim: 2692000000 retirements ok (pc=00000000000e2692)
[c=7008000000]
[c=7009000000]
[c=7010000000]
cosim: 2693000000 retirements ok (pc=00000000000e269a)
[c=7011000000]
[c=7012000000]
cosim: 2694000000 retirements ok (pc=00000000000e2698)
[c=7013000000]
[c=7014000000]
[c=7015000000]
cosim: 2695000000 retirements ok (pc=ffffffff800a481c)
[c=7016000000]
[c=7017000000]
cosim: 2696000000 retirements ok (pc=00000000000e2692)
[c=7018000000]
[c=7019000000]
[c=7020000000]
cosim: 2697000000 retirements ok (pc=00000000000e269c)
[c=7021000000]
[c=7022000000]
[c=7023000000]
cosim: 2698000000 retirements ok (pc=00000000000e2692)
[c=7024000000]
[c=7025000000]
cosim: 2699000000 retirements ok (pc=00000000000e269c)
[c=7026000000]
[c=7027000000]
[c=7028000000]
cosim: 2700000000 retirements ok (pc=00000000000e2698)
[c=7029000000]
[c=7030000000]
cosim: 2701000000 retirements ok (pc=ffffffff8004f832)
[c=7031000000]
[c=7032000000]
[c=7033000000]
[c=7034000000]
[c=7035000000]
cosim: 2702000000 retirements ok (pc=00000000000e2692)
[c=7036000000]
[c=7037000000]
[c=7038000000]
cosim: 2703000000 retirements ok (pc=00000000000e2694)
[c=7039000000]
[c=7040000000]
cosim: 2704000000 retirements ok (pc=00000000000e2690)
[c=7041000000]
[c=7042000000]
[c=7043000000]
cosim: 2705000000 retirements ok (pc=00000000000e2694)
[c=7044000000]
[c=7045000000]
cosim: 2706000000 retirements ok (pc=00000000000e269a)
[c=7046000000]
[c=7047000000]
[c=7048000000]
cosim: 2707000000 retirements ok (pc=00000000000e2694)
[c=7049000000]
[c=7050000000]
cosim: 2708000000 retirements ok (pc=00000000000e269a)
[c=7051000000]
[c=7052000000]
[c=7053000000]
cosim: 2709000000 retirements ok (pc=00000000000e2694)
[c=7054000000]
[c=7055000000]
[c=7056000000]
cosim: 2710000000 retirements ok (pc=00000000000e269a)
[c=7057000000]
[c=7058000000]
cosim: 2711000000 retirements ok (pc=00000000000e2698)
[c=7059000000]
[c=7060000000]
[c=7061000000]
cosim: 2712000000 retirements ok (pc=00000000000e2690)
[c=7062000000]
[c=7063000000]
cosim: 2713000000 retirements ok (pc=00000000000e269a)
[c=7064000000]
[c=7065000000]
[c=7066000000]
cosim: 2714000000 retirements ok (pc=00000000000e269c)
[c=7067000000]
[c=7068000000]
cosim: 2715000000 retirements ok (pc=00000000000e2694)
[c=7069000000]
[c=7070000000]
[c=7071000000]
[c=7072000000]
[c=7073000000]
cosim: 2716000000 retirements ok (pc=00000000000e2694)
[c=7074000000]
[c=7075000000]
[c=7076000000]
cosim: 2717000000 retirements ok (pc=00000000000e2690)
[c=7077000000]
[c=7078000000]
cosim: 2718000000 retirements ok (pc=00000000000e2698)
[c=7079000000]
[c=7080000000]
[c=7081000000]
cosim: 2719000000 retirements ok (pc=00000000000e2698)
[c=7082000000]
[c=7083000000]
cosim: 2720000000 retirements ok (pc=00000000000e269c)
[c=7084000000]
[c=7085000000]
[c=7086000000]
cosim: 2721000000 retirements ok (pc=00000000000e2690)
[c=7087000000]
[c=7088000000]
[c=7089000000]
cosim: 2722000000 retirements ok (pc=00000000000e269a)
[c=7090000000]
[c=7091000000]
cosim: 2723000000 retirements ok (pc=00000000000e2692)
[c=7092000000]
[c=7093000000]
[c=7094000000]
cosim: 2724000000 retirements ok (pc=00000000000e269c)
[c=7095000000]
[c=7096000000]
cosim: 2725000000 retirements ok (pc=00000000000e269a)
[c=7097000000]
[c=7098000000]
[c=7099000000]
cosim: 2726000000 retirements ok (pc=00000000000e2694)
[c=7100000000]
[c=7101000000]
cosim: 2727000000 retirements ok (pc=00000000000e2698)
[c=7102000000]
[c=7103000000]
[c=7104000000]
cosim: 2728000000 retirements ok (pc=00000000000e269c)
[c=7105000000]
[c=7106000000]
cosim: 2729000000 retirements ok (pc=00000000000e2690)
[c=7107000000]
[c=7108000000]
[c=7109000000]
[c=7110000000]
[c=7111000000]
cosim: 2730000000 retirements ok (pc=00000000000e269c)
[c=7112000000]
[c=7113000000]
[c=7114000000]
cosim: 2731000000 retirements ok (pc=00000000000e2698)
[c=7115000000]
[c=7116000000]
cosim: 2732000000 retirements ok (pc=00000000000e269c)
[c=7117000000]
[c=7118000000]
[c=7119000000]
cosim: 2733000000 retirements ok (pc=00000000000e269c)
[c=7120000000]
[c=7121000000]
cosim: 2734000000 retirements ok (pc=ffffffff800a15d4)
[c=7122000000]
[c=7123000000]
[c=7124000000]
cosim: 2735000000 retirements ok (pc=00000000000e269a)
[c=7125000000]
[c=7126000000]
[c=7127000000]
cosim: 2736000000 retirements ok (pc=00000000000e2692)
[c=7128000000]
[c=7129000000]
cosim: 2737000000 retirements ok (pc=00000000000e2698)
[c=7130000000]
[c=7131000000]
[c=7132000000]
cosim: 2738000000 retirements ok (pc=00000000000e2690)
[c=7133000000]
[c=7134000000]
cosim: 2739000000 retirements ok (pc=00000000000e2690)
[c=7135000000]
[c=7136000000]
[c=7137000000]
cosim: 2740000000 retirements ok (pc=00000000000e2692)
[c=7138000000]
[c=7139000000]
cosim: 2741000000 retirements ok (pc=00000000000e269c)
[c=7140000000]
[c=7141000000]
[c=7142000000]
cosim: 2742000000 retirements ok (pc=00000000000e2698)
[c=7143000000]
[c=7144000000]
cosim: 2743000000 retirements ok (pc=00000000000e2694)
[c=7145000000]
[c=7146000000]
[c=7147000000]
[c=7148000000]
[c=7149000000]
cosim: 2744000000 retirements ok (pc=00000000000e269c)
[c=7150000000]
[c=7151000000]
[c=7152000000]
cosim: 2745000000 retirements ok (pc=00000000000e2690)
[c=7153000000]
[c=7154000000]
cosim: 2746000000 retirements ok (pc=00000000000e2694)
[c=7155000000]
[c=7156000000]
[c=7157000000]
cosim: 2747000000 retirements ok (pc=00000000000e2692)
[c=7158000000]
[c=7159000000]
cosim: 2748000000 retirements ok (pc=00000000000e269c)
[c=7160000000]
[c=7161000000]
[c=7162000000]
cosim: 2749000000 retirements ok (pc=00000000000e2692)
[c=7163000000]
[c=7164000000]
[c=7165000000]
cosim: 2750000000 retirements ok (pc=00000000000e269a)
[c=7166000000]
[c=7167000000]
cosim: 2751000000 retirements ok (pc=00000000000e2694)
[c=7168000000]
[c=7169000000]
[c=7170000000]
cosim: 2752000000 retirements ok (pc=00000000000e269a)
[c=7171000000]
[c=7172000000]
cosim: 2753000000 retirements ok (pc=00000000000e2694)
[c=7173000000]
[c=7174000000]
[c=7175000000]
cosim: 2754000000 retirements ok (pc=00000000000e2692)
[c=7176000000]
[c=7177000000]
cosim: 2755000000 retirements ok (pc=00000000000e2698)
[c=7178000000]
[c=7179000000]
[c=7180000000]
cosim: 2756000000 retirements ok (pc=00000000000e2698)
[c=7181000000]
[c=7182000000]
cosim: 2757000000 retirements ok (pc=00000000000e2690)
[c=7183000000]
[c=7184000000]
[c=7185000000]
[c=7186000000]
[c=7187000000]
cosim: 2758000000 retirements ok (pc=00000000000e2698)
[c=7188000000]
[c=7189000000]
[c=7190000000]
cosim: 2759000000 retirements ok (pc=00000000000e2698)
[c=7191000000]
[c=7192000000]
cosim: 2760000000 retirements ok (pc=00000000000e269c)
[c=7193000000]
[c=7194000000]
[c=7195000000]
cosim: 2761000000 retirements ok (pc=00000000000e2692)
[c=7196000000]
[c=7197000000]
[c=7198000000]
cosim: 2762000000 retirements ok (pc=00000000000e2694)
[c=7199000000]
[c=7200000000]
cosim: 2763000000 retirements ok (pc=00000000000e269a)
[c=7201000000]
[c=7202000000]
[c=7203000000]
cosim: 2764000000 retirements ok (pc=00000000000e2692)
[c=7204000000]
[c=7205000000]
cosim: 2765000000 retirements ok (pc=00000000000e2694)
[c=7206000000]
[c=7207000000]
[c=7208000000]
cosim: 2766000000 retirements ok (pc=00000000000e2690)
[c=7209000000]
[c=7210000000]
cosim: 2767000000 retirements ok (pc=00000000000e2698)
[c=7211000000]
[c=7212000000]
[c=7213000000]
cosim: 2768000000 retirements ok (pc=00000000000e2692)
[c=7214000000]
[c=7215000000]
cosim: 2769000000 retirements ok (pc=00000000000e2698)
[c=7216000000]
[c=7217000000]
[c=7218000000]
cosim: 2770000000 retirements ok (pc=00000000000e269a)
[c=7219000000]
[c=7220000000]
[c=7221000000]
cosim: 2771000000 retirements ok (pc=00000000000e269a)
[c=7222000000]
[c=7223000000]
[c=7224000000]
[c=7225000000]
cosim: 2772000000 retirements ok (pc=ffffffff80248a78)
[c=7226000000]
[c=7227000000]
[c=7228000000]
cosim: 2773000000 retirements ok (pc=00000000000e2698)
[c=7229000000]
[c=7230000000]
[c=7231000000]
cosim: 2774000000 retirements ok (pc=ffffffff800549cc)
[c=7232000000]
[c=7233000000]
cosim: 2775000000 retirements ok (pc=00000000000e269a)
[c=7234000000]
[c=7235000000]
[c=7236000000]
cosim: 2776000000 retirements ok (pc=00000000000e2694)
[c=7237000000]
[c=7238000000]
cosim: 2777000000 retirements ok (pc=00000000000e2690)
[c=7239000000]
[c=7240000000]
[c=7241000000]
cosim: 2778000000 retirements ok (pc=00000000000e269a)
[c=7242000000]
[c=7243000000]
cosim: 2779000000 retirements ok (pc=00000000000e2690)
[c=7244000000]
[c=7245000000]
[c=7246000000]
cosim: 2780000000 retirements ok (pc=00000000000e2698)
[c=7247000000]
[c=7248000000]
cosim: 2781000000 retirements ok (pc=00000000000e2690)
[c=7249000000]
[c=7250000000]
[c=7251000000]
cosim: 2782000000 retirements ok (pc=00000000000e2694)
[c=7252000000]
[c=7253000000]
[c=7254000000]
cosim: 2783000000 retirements ok (pc=00000000000e2690)
[c=7255000000]
[c=7256000000]
cosim: 2784000000 retirements ok (pc=00000000000e2692)
[c=7257000000]
[c=7258000000]
[c=7259000000]
cosim: 2785000000 retirements ok (pc=00000000000e2694)
[c=7260000000]
[c=7261000000]
[c=7262000000]
[c=7263000000]
cosim: 2786000000 retirements ok (pc=ffffffff808e2b98)
[c=7264000000]
[c=7265000000]
[c=7266000000]
cosim: 2787000000 retirements ok (pc=ffffffff8007eea4)
[c=7267000000]
[c=7268000000]
[c=7269000000]
cosim: 2788000000 retirements ok (pc=00000000000e2690)
[c=7270000000]
[c=7271000000]
cosim: 2789000000 retirements ok (pc=00000000000e2690)
[c=7272000000]
[c=7273000000]
[c=7274000000]
cosim: 2790000000 retirements ok (pc=00000000000e269a)
[c=7275000000]
[c=7276000000]
cosim: 2791000000 retirements ok (pc=00000000000e2698)
[c=7277000000]
[c=7278000000]
[c=7279000000]
cosim: 2792000000 retirements ok (pc=00000000000e2690)
[c=7280000000]
[c=7281000000]
cosim: 2793000000 retirements ok (pc=00000000000e2698)
[c=7282000000]
[c=7283000000]
[c=7284000000]
cosim: 2794000000 retirements ok (pc=00000000000e269c)
[c=7285000000]
[c=7286000000]
cosim: 2795000000 retirements ok (pc=00000000000e2698)
[c=7287000000]
[c=7288000000]
[c=7289000000]
cosim: 2796000000 retirements ok (pc=00000000000e269a)
[c=7290000000]
[c=7291000000]
[c=7292000000]
cosim: 2797000000 retirements ok (pc=00000000000e269c)
[c=7293000000]
[c=7294000000]
cosim: 2798000000 retirements ok (pc=00000000000e269c)
[c=7295000000]
[c=7296000000]
[c=7297000000]
cosim: 2799000000 retirements ok (pc=00000000000e2690)
[c=7298000000]
[c=7299000000]
[c=7300000000]
[c=7301000000]
cosim: 2800000000 retirements ok (pc=ffffffff808e2b5c)
[c=7302000000]
[c=7303000000]
[c=7304000000]
cosim: 2801000000 retirements ok (pc=00000000000e2690)
[c=7305000000]
[c=7306000000]
[c=7307000000]
cosim: 2802000000 retirements ok (pc=00000000000e2690)
[c=7308000000]
[c=7309000000]
cosim: 2803000000 retirements ok (pc=00000000000e2690)
[c=7310000000]
[c=7311000000]
[c=7312000000]
cosim: 2804000000 retirements ok (pc=00000000000e2690)
[c=7313000000]
[c=7314000000]
cosim: 2805000000 retirements ok (pc=00000000000e2694)
[c=7315000000]
[c=7316000000]
[c=7317000000]
cosim: 2806000000 retirements ok (pc=00000000000e2694)
[c=7318000000]
[c=7319000000]
cosim: 2807000000 retirements ok (pc=00000000000e2694)
[c=7320000000]
[c=7321000000]
[c=7322000000]
cosim: 2808000000 retirements ok (pc=00000000000e269a)
[c=7323000000]
[c=7324000000]
cosim: 2809000000 retirements ok (pc=00000000000e2698)
[c=7325000000]
[c=7326000000]
[c=7327000000]
cosim: 2810000000 retirements ok (pc=00000000000e269c)
[c=7328000000]
[c=7329000000]
[c=7330000000]
cosim: 2811000000 retirements ok (pc=00000000000e2692)
[c=7331000000]
[c=7332000000]
cosim: 2812000000 retirements ok (pc=00000000000e2692)
[c=7333000000]
[c=7334000000]
[c=7335000000]
cosim: 2813000000 retirements ok (pc=00000000000e2690)
[c=7336000000]
[c=7337000000]
[c=7338000000]
[c=7339000000]
cosim: 2814000000 retirements ok (pc=ffffffff808e2b88)
[c=7340000000]
[c=7341000000]
[c=7342000000]
cosim: 2815000000 retirements ok (pc=00000000000e269c)
[c=7343000000]
[c=7344000000]
[c=7345000000]
cosim: 2816000000 retirements ok (pc=ffffffff800a47f2)
[c=7346000000]
[c=7347000000]
cosim: 2817000000 retirements ok (pc=00000000000e2694)
[c=7348000000]
[c=7349000000]
[c=7350000000]
cosim: 2818000000 retirements ok (pc=00000000000e269c)
[c=7351000000]
[c=7352000000]
cosim: 2819000000 retirements ok (pc=00000000000e2692)
[c=7353000000]
[c=7354000000]
[c=7355000000]
cosim: 2820000000 retirements ok (pc=00000000000e269c)
[c=7356000000]
[c=7357000000]
cosim: 2821000000 retirements ok (pc=00000000000e2698)
[c=7358000000]
[c=7359000000]
[c=7360000000]
cosim: 2822000000 retirements ok (pc=ffffffff800af1b0)
[c=7361000000]
[c=7362000000]
[c=7363000000]
cosim: 2823000000 retirements ok (pc=00000000000e269c)
[c=7364000000]
[c=7365000000]
cosim: 2824000000 retirements ok (pc=00000000000e2694)
[c=7366000000]
[c=7367000000]
[c=7368000000]
cosim: 2825000000 retirements ok (pc=00000000000e2698)
[c=7369000000]
[c=7370000000]
cosim: 2826000000 retirements ok (pc=00000000000e269a)
[c=7371000000]
[c=7372000000]
[c=7373000000]
cosim: 2827000000 retirements ok (pc=00000000000e2694)
[c=7374000000]
[c=7375000000]
[c=7376000000]
cosim: 2828000000 retirements ok (pc=ffffffff808e2ba4)
[c=7377000000]
[c=7378000000]
[c=7379000000]
[c=7380000000]
cosim: 2829000000 retirements ok (pc=ffffffff80064208)
[c=7381000000]
[c=7382000000]
[c=7383000000]
cosim: 2830000000 retirements ok (pc=00000000000e2698)
[c=7384000000]
[c=7385000000]
cosim: 2831000000 retirements ok (pc=00000000000e2692)
[c=7386000000]
[c=7387000000]
[c=7388000000]
cosim: 2832000000 retirements ok (pc=ffffffff8005727a)
[c=7389000000]
[c=7390000000]
cosim: 2833000000 retirements ok (pc=00000000000e269c)
[c=7391000000]
[c=7392000000]
[c=7393000000]
cosim: 2834000000 retirements ok (pc=00000000000e2694)
[c=7394000000]
[c=7395000000]
[c=7396000000]
cosim: 2835000000 retirements ok (pc=00000000000e269c)
[c=7397000000]
[c=7398000000]
cosim: 2836000000 retirements ok (pc=00000000000e2692)
[c=7399000000]
[c=7400000000]
[c=7401000000]
cosim: 2837000000 retirements ok (pc=00000000000e2692)
[c=7402000000]
[c=7403000000]
cosim: 2838000000 retirements ok (pc=00000000000e2692)
[c=7404000000]
[c=7405000000]
[c=7406000000]
cosim: 2839000000 retirements ok (pc=00000000000e2690)
[c=7407000000]
[c=7408000000]
cosim: 2840000000 retirements ok (pc=00000000000e269a)
[c=7409000000]
[c=7410000000]
[c=7411000000]
cosim: 2841000000 retirements ok (pc=00000000000e2694)
[c=7412000000]
[c=7413000000]
cosim: 2842000000 retirements ok (pc=ffffffff80531088)
[c=7414000000]
[c=7415000000]
[c=7416000000]
[c=7417000000]
[c=7418000000]
cosim: 2843000000 retirements ok (pc=00000000000e269a)
[c=7419000000]
[c=7420000000]
[c=7421000000]
cosim: 2844000000 retirements ok (pc=00000000000e2692)
[c=7422000000]
[c=7423000000]
cosim: 2845000000 retirements ok (pc=00000000000e269a)
[c=7424000000]
[c=7425000000]
[c=7426000000]
cosim: 2846000000 retirements ok (pc=00000000000e2698)
[c=7427000000]
[c=7428000000]
cosim: 2847000000 retirements ok (pc=00000000000e2692)
[c=7429000000]
[c=7430000000]
[c=7431000000]
cosim: 2848000000 retirements ok (pc=00000000000e269a)
[c=7432000000]
[c=7433000000]
[c=7434000000]
cosim: 2849000000 retirements ok (pc=00000000000e2692)
[c=7435000000]
[c=7436000000]
cosim: 2850000000 retirements ok (pc=00000000000e2698)
[c=7437000000]
[c=7438000000]
[c=7439000000]
cosim: 2851000000 retirements ok (pc=00000000000e2694)
[c=7440000000]
[c=7441000000]
cosim: 2852000000 retirements ok (pc=00000000000e2692)
[c=7442000000]
[c=7443000000]
[c=7444000000]
cosim: 2853000000 retirements ok (pc=00000000000e2694)
[c=7445000000]
[c=7446000000]
cosim: 2854000000 retirements ok (pc=00000000000e2692)
[c=7447000000]
[c=7448000000]
[c=7449000000]
cosim: 2855000000 retirements ok (pc=00000000000e2694)
[c=7450000000]
[c=7451000000]
cosim: 2856000000 retirements ok (pc=00000000000e269c)
[c=7452000000]
[c=7453000000]
[c=7454000000]
[c=7455000000]
[c=7456000000]
cosim: 2857000000 retirements ok (pc=00000000000e2694)
[c=7457000000]
[c=7458000000]
[c=7459000000]
cosim: 2858000000 retirements ok (pc=00000000000e2690)
[c=7460000000]
[c=7461000000]
cosim: 2859000000 retirements ok (pc=00000000000e2690)
[c=7462000000]
[c=7463000000]
[c=7464000000]
cosim: 2860000000 retirements ok (pc=00000000000e2698)
[c=7465000000]
[c=7466000000]
[c=7467000000]
cosim: 2861000000 retirements ok (pc=00000000000e269a)
[c=7468000000]
[c=7469000000]
cosim: 2862000000 retirements ok (pc=00000000000e269a)
[c=7470000000]
[c=7471000000]
[c=7472000000]
cosim: 2863000000 retirements ok (pc=00000000000e2698)
[c=7473000000]
[c=7474000000]
cosim: 2864000000 retirements ok (pc=00000000000e2694)
[c=7475000000]
[c=7476000000]
[c=7477000000]
cosim: 2865000000 retirements ok (pc=00000000000e269c)
[c=7478000000]
[c=7479000000]
cosim: 2866000000 retirements ok (pc=00000000000e2692)
[c=7480000000]
[c=7481000000]
[c=7482000000]
cosim: 2867000000 retirements ok (pc=00000000000e2698)
[c=7483000000]
[c=7484000000]
cosim: 2868000000 retirements ok (pc=00000000000e2694)
[c=7485000000]
[c=7486000000]
[c=7487000000]
cosim: 2869000000 retirements ok (pc=00000000000e2690)
[c=7488000000]
[c=7489000000]
cosim: 2870000000 retirements ok (pc=00000000000e2692)
[c=7490000000]
[c=7491000000]
[c=7492000000]
[c=7493000000]
[c=7494000000]
cosim: 2871000000 retirements ok (pc=00000000000e269c)
[c=7495000000]
[c=7496000000]
[c=7497000000]
cosim: 2872000000 retirements ok (pc=00000000000e2698)
[c=7498000000]
[c=7499000000]
cosim: 2873000000 retirements ok (pc=00000000000e2698)
[c=7500000000]
[c=7501000000]
[c=7502000000]
cosim: 2874000000 retirements ok (pc=00000000000e2698)
[c=7503000000]
[c=7504000000]
[c=7505000000]
cosim: 2875000000 retirements ok (pc=00000000000e269c)
[c=7506000000]
[c=7507000000]
cosim: 2876000000 retirements ok (pc=00000000000e269a)
[c=7508000000]
[c=7509000000]
[c=7510000000]
cosim: 2877000000 retirements ok (pc=00000000000e2692)
[c=7511000000]
[c=7512000000]
cosim: 2878000000 retirements ok (pc=00000000000e269c)
[c=7513000000]
[c=7514000000]
[c=7515000000]
cosim: 2879000000 retirements ok (pc=00000000000e2698)
[c=7516000000]
[c=7517000000]
cosim: 2880000000 retirements ok (pc=00000000000e2698)
[c=7518000000]
[c=7519000000]
[c=7520000000]
cosim: 2881000000 retirements ok (pc=ffffffff8006e340)
[c=7521000000]
[c=7522000000]
cosim: 2882000000 retirements ok (pc=00000000000e2690)
[c=7523000000]
[c=7524000000]
[c=7525000000]
cosim: 2883000000 retirements ok (pc=00000000000e269c)
[c=7526000000]
[c=7527000000]
[c=7528000000]
cosim: 2884000000 retirements ok (pc=00000000000e269a)
[c=7529000000]
[c=7530000000]
[c=7531000000]
[c=7532000000]
cosim: 2885000000 retirements ok (pc=00000000000e269a)
[c=7533000000]
[c=7534000000]
[c=7535000000]
cosim: 2886000000 retirements ok (pc=00000000000e269c)
[c=7536000000]
[c=7537000000]
[c=7538000000]
cosim: 2887000000 retirements ok (pc=00000000000e269c)
[c=7539000000]
[c=7540000000]
cosim: 2888000000 retirements ok (pc=00000000000e269a)
[c=7541000000]
[c=7542000000]
[c=7543000000]
cosim: 2889000000 retirements ok (pc=00000000000e2698)
[c=7544000000]
[c=7545000000]
cosim: 2890000000 retirements ok (pc=00000000000e2698)
[c=7546000000]
[c=7547000000]
[c=7548000000]
cosim: 2891000000 retirements ok (pc=00000000000e2694)
[c=7549000000]
[c=7550000000]
cosim: 2892000000 retirements ok (pc=00000000000e269a)
[c=7551000000]
[c=7552000000]
[c=7553000000]
cosim: 2893000000 retirements ok (pc=00000000000e2698)
[c=7554000000]
[c=7555000000]
cosim: 2894000000 retirements ok (pc=00000000000e2698)
[c=7556000000]
[c=7557000000]
[c=7558000000]
cosim: 2895000000 retirements ok (pc=00000000000e269a)
[c=7559000000]
[c=7560000000]
[c=7561000000]
cosim: 2896000000 retirements ok (pc=ffffffff800af2b6)
[c=7562000000]
[c=7563000000]
cosim: 2897000000 retirements ok (pc=00000000000e269c)
[c=7564000000]
[c=7565000000]
[c=7566000000]
cosim: 2898000000 retirements ok (pc=00000000000e2690)
[c=7567000000]
[c=7568000000]
[c=7569000000]
[c=7570000000]
cosim: 2899000000 retirements ok (pc=00000000000e269a)
[c=7571000000]
[c=7572000000]
[c=7573000000]
cosim: 2900000000 retirements ok (pc=00000000000e269c)
[c=7574000000]
[c=7575000000]
[c=7576000000]
cosim: 2901000000 retirements ok (pc=00000000000e269a)
[c=7577000000]
[c=7578000000]
cosim: 2902000000 retirements ok (pc=00000000000e269a)
[c=7579000000]
[c=7580000000]
[c=7581000000]
cosim: 2903000000 retirements ok (pc=00000000000e269c)
[c=7582000000]
[c=7583000000]
cosim: 2904000000 retirements ok (pc=00000000000e2692)
[c=7584000000]
[c=7585000000]
[c=7586000000]
cosim: 2905000000 retirements ok (pc=00000000000e2692)
[c=7587000000]
[c=7588000000]
cosim: 2906000000 retirements ok (pc=00000000000e2698)
[c=7589000000]
[c=7590000000]
[c=7591000000]
cosim: 2907000000 retirements ok (pc=00000000000e269c)
[c=7592000000]
[c=7593000000]
cosim: 2908000000 retirements ok (pc=00000000000e2694)
[c=7594000000]
[c=7595000000]
[c=7596000000]
cosim: 2909000000 retirements ok (pc=00000000000e269a)
[c=7597000000]
[c=7598000000]
[c=7599000000]
cosim: 2910000000 retirements ok (pc=00000000000e269a)
[c=7600000000]
[c=7601000000]
cosim: 2911000000 retirements ok (pc=ffffffff80054746)
[c=7602000000]
[c=7603000000]
[c=7604000000]
cosim: 2912000000 retirements ok (pc=00000000000e2690)
[c=7605000000]
[c=7606000000]
[c=7607000000]
[c=7608000000]
[c=7609000000]
cosim: 2913000000 retirements ok (pc=00000000000e2692)
[c=7610000000]
[c=7611000000]
cosim: 2914000000 retirements ok (pc=00000000000e2694)
[c=7612000000]
[c=7613000000]
[c=7614000000]
cosim: 2915000000 retirements ok (pc=00000000000e2698)
[c=7615000000]
[c=7616000000]
cosim: 2916000000 retirements ok (pc=00000000000e269a)
[c=7617000000]
[c=7618000000]
[c=7619000000]
cosim: 2917000000 retirements ok (pc=00000000000e269c)
[c=7620000000]
[c=7621000000]
cosim: 2918000000 retirements ok (pc=00000000000e2698)
[c=7622000000]
[c=7623000000]
[c=7624000000]
cosim: 2919000000 retirements ok (pc=ffffffff800a3836)
[c=7625000000]
[c=7626000000]
cosim: 2920000000 retirements ok (pc=00000000000e269c)
[c=7627000000]
[c=7628000000]
[c=7629000000]
cosim: 2921000000 retirements ok (pc=00000000000e2694)
[c=7630000000]
[c=7631000000]
cosim: 2922000000 retirements ok (pc=00000000000e2690)
[c=7632000000]
[c=7633000000]
[c=7634000000]
cosim: 2923000000 retirements ok (pc=00000000000e2690)
[c=7635000000]
[c=7636000000]
[c=7637000000]
cosim: 2924000000 retirements ok (pc=ffffffff800a40c2)
[c=7638000000]
[c=7639000000]
cosim: 2925000000 retirements ok (pc=00000000000e2692)
[c=7640000000]
[c=7641000000]
[c=7642000000]
cosim: 2926000000 retirements ok (pc=00000000000e269a)
[c=7643000000]
[c=7644000000]
[c=7645000000]
[c=7646000000]
[c=7647000000]
cosim: 2927000000 retirements ok (pc=00000000000e2694)
[c=7648000000]
[c=7649000000]
cosim: 2928000000 retirements ok (pc=00000000000e2698)
[c=7650000000]
[c=7651000000]
[c=7652000000]
cosim: 2929000000 retirements ok (pc=00000000000e269a)
[c=7653000000]
[c=7654000000]
cosim: 2930000000 retirements ok (pc=00000000000e2690)
[c=7655000000]
[c=7656000000]
[c=7657000000]
cosim: 2931000000 retirements ok (pc=00000000000e269a)
[c=7658000000]
[c=7659000000]
cosim: 2932000000 retirements ok (pc=00000000000e2694)
[c=7660000000]
[c=7661000000]
[c=7662000000]
cosim: 2933000000 retirements ok (pc=00000000000e269c)
[c=7663000000]
[c=7664000000]
cosim: 2934000000 retirements ok (pc=00000000000e2694)
[c=7665000000]
[c=7666000000]
[c=7667000000]
cosim: 2935000000 retirements ok (pc=00000000000e2694)
[c=7668000000]
[c=7669000000]
[c=7670000000]
cosim: 2936000000 retirements ok (pc=00000000000e2694)
[c=7671000000]
[c=7672000000]
cosim: 2937000000 retirements ok (pc=00000000000e2692)
[c=7673000000]
[c=7674000000]
[c=7675000000]
cosim: 2938000000 retirements ok (pc=ffffffff808d51d2)
[c=7676000000]
[c=7677000000]
cosim: 2939000000 retirements ok (pc=00000000000e2690)
[c=7678000000]
[c=7679000000]
[c=7680000000]
cosim: 2940000000 retirements ok (pc=00000000000e269a)
[c=7681000000]
[c=7682000000]
[c=7683000000]
[c=7684000000]
[c=7685000000]
cosim: 2941000000 retirements ok (pc=00000000000e2694)
[c=7686000000]
[c=7687000000]
cosim: 2942000000 retirements ok (pc=00000000000e269c)
[c=7688000000]
[c=7689000000]
[c=7690000000]
cosim: 2943000000 retirements ok (pc=00000000000e269a)
[c=7691000000]
[c=7692000000]
cosim: 2944000000 retirements ok (pc=00000000000e2692)
[c=7693000000]
[c=7694000000]
[c=7695000000]
cosim: 2945000000 retirements ok (pc=00000000000e2698)
[c=7696000000]
[c=7697000000]
cosim: 2946000000 retirements ok (pc=00000000000e2698)
[c=7698000000]
[c=7699000000]
[c=7700000000]
cosim: 2947000000 retirements ok (pc=00000000000e2690)
[c=7701000000]
[c=7702000000]
[c=7703000000]
cosim: 2948000000 retirements ok (pc=ffffffff8068b956)
[c=7704000000]
[c=7705000000]
cosim: 2949000000 retirements ok (pc=00000000000e2692)
[c=7706000000]
[c=7707000000]
[c=7708000000]
cosim: 2950000000 retirements ok (pc=00000000000e2698)
[c=7709000000]
[c=7710000000]
cosim: 2951000000 retirements ok (pc=00000000000e269a)
[c=7711000000]
[c=7712000000]
[c=7713000000]
cosim: 2952000000 retirements ok (pc=00000000000e2692)
[c=7714000000]
[c=7715000000]
cosim: 2953000000 retirements ok (pc=00000000000e2694)
[c=7716000000]
[c=7717000000]
[c=7718000000]
cosim: 2954000000 retirements ok (pc=00000000000e2692)
[c=7719000000]
[c=7720000000]
[c=7721000000]
[c=7722000000]
[c=7723000000]
cosim: 2955000000 retirements ok (pc=00000000000e2698)
[c=7724000000]
[c=7725000000]
cosim: 2956000000 retirements ok (pc=00000000000e269a)
[c=7726000000]
[c=7727000000]
[c=7728000000]
cosim: 2957000000 retirements ok (pc=00000000000e2690)
[c=7729000000]
[c=7730000000]
cosim: 2958000000 retirements ok (pc=00000000000e2692)
[c=7731000000]
[c=7732000000]
[c=7733000000]
cosim: 2959000000 retirements ok (pc=00000000000e2694)
[c=7734000000]
[c=7735000000]
cosim: 2960000000 retirements ok (pc=00000000000e2694)
[c=7736000000]
[c=7737000000]
[c=7738000000]
cosim: 2961000000 retirements ok (pc=00000000000e269c)
[c=7739000000]
[c=7740000000]
[c=7741000000]
cosim: 2962000000 retirements ok (pc=00000000000e2698)
[c=7742000000]
[c=7743000000]
cosim: 2963000000 retirements ok (pc=ffffffff800a2270)
[c=7744000000]
[c=7745000000]
[c=7746000000]
cosim: 2964000000 retirements ok (pc=00000000000e269c)
[c=7747000000]
[c=7748000000]
cosim: 2965000000 retirements ok (pc=00000000000e2698)
[c=7749000000]
[c=7750000000]
[c=7751000000]
cosim: 2966000000 retirements ok (pc=00000000000e269c)
[c=7752000000]
[c=7753000000]
cosim: 2967000000 retirements ok (pc=00000000000e2690)
[c=7754000000]
[c=7755000000]
[c=7756000000]
cosim: 2968000000 retirements ok (pc=ffffffff8006742c)
[c=7757000000]
[c=7758000000]
[c=7759000000]
[c=7760000000]
[c=7761000000]
cosim: 2969000000 retirements ok (pc=00000000000e269a)
[c=7762000000]
[c=7763000000]
cosim: 2970000000 retirements ok (pc=00000000000e2694)
[c=7764000000]
[c=7765000000]
[c=7766000000]
cosim: 2971000000 retirements ok (pc=00000000000e2690)
[c=7767000000]
[c=7768000000]
cosim: 2972000000 retirements ok (pc=00000000000e2698)
[c=7769000000]
[c=7770000000]
[c=7771000000]
cosim: 2973000000 retirements ok (pc=00000000000e2690)
[c=7772000000]
[c=7773000000]
cosim: 2974000000 retirements ok (pc=00000000000e2694)
[c=7774000000]
[c=7775000000]
[c=7776000000]
cosim: 2975000000 retirements ok (pc=00000000000e2698)
[c=7777000000]
[c=7778000000]
[c=7779000000]
cosim: 2976000000 retirements ok (pc=00000000000e2698)
[c=7780000000]
[c=7781000000]
cosim: 2977000000 retirements ok (pc=00000000000e2690)
[c=7782000000]
[c=7783000000]
[c=7784000000]
cosim: 2978000000 retirements ok (pc=ffffffff8010b4b2)
[c=7785000000]
[c=7786000000]
cosim: 2979000000 retirements ok (pc=00000000000e2698)
[c=7787000000]
[c=7788000000]
[c=7789000000]
cosim: 2980000000 retirements ok (pc=00000000000e269a)
[c=7790000000]
[c=7791000000]
cosim: 2981000000 retirements ok (pc=00000000000e2694)
[c=7792000000]
[c=7793000000]
[c=7794000000]
cosim: 2982000000 retirements ok (pc=00000000000e2698)
[c=7795000000]
[c=7796000000]
[c=7797000000]
[c=7798000000]
[c=7799000000]
cosim: 2983000000 retirements ok (pc=00000000000e2690)
[c=7800000000]
[c=7801000000]
cosim: 2984000000 retirements ok (pc=00000000000e269a)
[c=7802000000]
[c=7803000000]
[c=7804000000]
cosim: 2985000000 retirements ok (pc=00000000000e2692)
[c=7805000000]
[c=7806000000]
cosim: 2986000000 retirements ok (pc=00000000000e2694)
[c=7807000000]
[c=7808000000]
[c=7809000000]
cosim: 2987000000 retirements ok (pc=00000000000e2690)
[c=7810000000]
[c=7811000000]
[c=7812000000]
cosim: 2988000000 retirements ok (pc=00000000000e2690)
[c=7813000000]
[c=7814000000]
cosim: 2989000000 retirements ok (pc=00000000000e269a)
[c=7815000000]
[c=7816000000]
[c=7817000000]
cosim: 2990000000 retirements ok (pc=00000000000e2690)
[c=7818000000]
[c=7819000000]
cosim: 2991000000 retirements ok (pc=00000000000e269a)
[c=7820000000]
[c=7821000000]
[c=7822000000]
cosim: 2992000000 retirements ok (pc=00000000000e2692)
[c=7823000000]
[c=7824000000]
cosim: 2993000000 retirements ok (pc=00000000000e269a)
[c=7825000000]
[c=7826000000]
[c=7827000000]
cosim: 2994000000 retirements ok (pc=00000000000e2690)
[c=7828000000]
[c=7829000000]
cosim: 2995000000 retirements ok (pc=00000000000e2698)
[c=7830000000]
[c=7831000000]
[c=7832000000]
cosim: 2996000000 retirements ok (pc=00000000000e2692)
[c=7833000000]
[c=7834000000]
[c=7835000000]
[c=7836000000]
cosim: 2997000000 retirements ok (pc=ffffffff808e2b48)
[c=7837000000]
[c=7838000000]
[c=7839000000]
cosim: 2998000000 retirements ok (pc=00000000000e2698)
[c=7840000000]
[c=7841000000]
[c=7842000000]
cosim: 2999000000 retirements ok (pc=00000000000e2694)
[c=7843000000]
[c=7844000000]
[c=7845000000]
cosim: 3000000000 retirements ok (pc=00000000000e2694)
[c=7846000000]
[c=7847000000]
cosim: 3001000000 retirements ok (pc=00000000000e2698)
[c=7848000000]
[c=7849000000]
[c=7850000000]
cosim: 3002000000 retirements ok (pc=ffffffff8004bf44)
[c=7851000000]
[c=7852000000]
cosim: 3003000000 retirements ok (pc=00000000000e2690)
[c=7853000000]
[c=7854000000]
[c=7855000000]
cosim: 3004000000 retirements ok (pc=00000000000e2694)
[c=7856000000]
[c=7857000000]
cosim: 3005000000 retirements ok (pc=00000000000e269a)
[c=7858000000]
[c=7859000000]
[c=7860000000]
cosim: 3006000000 retirements ok (pc=00000000000e2698)
[c=7861000000]
[c=7862000000]
cosim: 3007000000 retirements ok (pc=ffffffff8006400e)
[c=7863000000]
[c=7864000000]
[c=7865000000]
cosim: 3008000000 retirements ok (pc=00000000000e269c)
[c=7866000000]
[c=7867000000]
[c=7868000000]
cosim: 3009000000 retirements ok (pc=00000000000e2694)
[c=7869000000]
[c=7870000000]
cosim: 3010000000 retirements ok (pc=00000000000e269a)
[c=7871000000]
[c=7872000000]
[c=7873000000]
cosim: 3011000000 retirements ok (pc=ffffffff808e2ba4)
[c=7874000000]
[c=7875000000]
[c=7876000000]
[c=7877000000]
cosim: 3012000000 retirements ok (pc=00000000000e2692)
[c=7878000000]
[c=7879000000]
[c=7880000000]
cosim: 3013000000 retirements ok (pc=00000000000e2694)
[c=7881000000]
[c=7882000000]
[c=7883000000]
cosim: 3014000000 retirements ok (pc=00000000000e2692)
[c=7884000000]
[c=7885000000]
cosim: 3015000000 retirements ok (pc=00000000000e2694)
[c=7886000000]
[c=7887000000]
[c=7888000000]
cosim: 3016000000 retirements ok (pc=00000000000e2690)
[c=7889000000]
[c=7890000000]
cosim: 3017000000 retirements ok (pc=00000000000e2698)
[c=7891000000]
[c=7892000000]
[c=7893000000]
cosim: 3018000000 retirements ok (pc=00000000000e2698)
[c=7894000000]
[c=7895000000]
cosim: 3019000000 retirements ok (pc=00000000000e2694)
[c=7896000000]
[c=7897000000]
[c=7898000000]
cosim: 3020000000 retirements ok (pc=00000000000e269c)
[c=7899000000]
[c=7900000000]
cosim: 3021000000 retirements ok (pc=00000000000e2694)
[c=7901000000]
[c=7902000000]
[c=7903000000]
cosim: 3022000000 retirements ok (pc=ffffffff8009e026)
[c=7904000000]
[c=7905000000]
[c=7906000000]
cosim: 3023000000 retirements ok (pc=00000000000e2698)
[c=7907000000]
[c=7908000000]
cosim: 3024000000 retirements ok (pc=00000000000e2690)
[c=7909000000]
[c=7910000000]
[c=7911000000]
cosim: 3025000000 retirements ok (pc=ffffffff808e2b4c)
[c=7912000000]
[c=7913000000]
[c=7914000000]
[c=7915000000]
cosim: 3026000000 retirements ok (pc=00000000000e2692)
[c=7916000000]
[c=7917000000]
[c=7918000000]
cosim: 3027000000 retirements ok (pc=00000000000e2698)
[c=7919000000]
[c=7920000000]
[c=7921000000]
cosim: 3028000000 retirements ok (pc=00000000000e2694)
[c=7922000000]
[c=7923000000]
cosim: 3029000000 retirements ok (pc=00000000000e269c)
[c=7924000000]
[c=7925000000]
[c=7926000000]
cosim: 3030000000 retirements ok (pc=00000000000e2690)
[c=7927000000]
[c=7928000000]
cosim: 3031000000 retirements ok (pc=00000000000e2698)
[c=7929000000]
[c=7930000000]
[c=7931000000]
cosim: 3032000000 retirements ok (pc=00000000000e269a)
[c=7932000000]
[c=7933000000]
cosim: 3033000000 retirements ok (pc=00000000000e269a)
[c=7934000000]
[c=7935000000]
[c=7936000000]
cosim: 3034000000 retirements ok (pc=00000000000e2692)
[c=7937000000]
[c=7938000000]
cosim: 3035000000 retirements ok (pc=00000000000e2698)
[c=7939000000]
[c=7940000000]
[c=7941000000]
cosim: 3036000000 retirements ok (pc=00000000000e2690)
[c=7942000000]
[c=7943000000]
[c=7944000000]
cosim: 3037000000 retirements ok (pc=00000000000e2694)
[c=7945000000]
[c=7946000000]
cosim: 3038000000 retirements ok (pc=00000000000e269a)
[c=7947000000]
[c=7948000000]
[c=7949000000]
cosim: 3039000000 retirements ok (pc=ffffffff808e2b68)
[c=7950000000]
[c=7951000000]
[c=7952000000]
[c=7953000000]
[c=7954000000]
cosim: 3040000000 retirements ok (pc=00000000000e2694)
[c=7955000000]
[c=7956000000]
cosim: 3041000000 retirements ok (pc=00000000000e2690)
[c=7957000000]
[c=7958000000]
[c=7959000000]
cosim: 3042000000 retirements ok (pc=00000000000e269c)
[c=7960000000]
[c=7961000000]
cosim: 3043000000 retirements ok (pc=00000000000e2690)
[c=7962000000]
[c=7963000000]
[c=7964000000]
cosim: 3044000000 retirements ok (pc=00000000000e269c)
[c=7965000000]
[c=7966000000]
cosim: 3045000000 retirements ok (pc=00000000000e2694)
[c=7967000000]
[c=7968000000]
[c=7969000000]
cosim: 3046000000 retirements ok (pc=00000000000e269a)
[c=7970000000]
[c=7971000000]
cosim: 3047000000 retirements ok (pc=00000000000e2690)
[c=7972000000]
[c=7973000000]
[c=7974000000]
cosim: 3048000000 retirements ok (pc=00000000000e2698)
[c=7975000000]
[c=7976000000]
[c=7977000000]
cosim: 3049000000 retirements ok (pc=00000000000e269c)
[c=7978000000]
[c=7979000000]
cosim: 3050000000 retirements ok (pc=00000000000e2694)
[c=7980000000]
[c=7981000000]
[c=7982000000]
cosim: 3051000000 retirements ok (pc=00000000000e2690)
[c=7983000000]
[c=7984000000]
cosim: 3052000000 retirements ok (pc=ffffffff800ae4fe)
[c=7985000000]
[c=7986000000]
[c=7987000000]
cosim: 3053000000 retirements ok (pc=00000000000e2690)
[c=7988000000]
[c=7989000000]
[c=7990000000]
[c=7991000000]
[c=7992000000]
cosim: 3054000000 retirements ok (pc=00000000000e2690)
[c=7993000000]
[c=7994000000]
cosim: 3055000000 retirements ok (pc=00000000000e269a)
[c=7995000000]
[c=7996000000]
[c=7997000000]
cosim: 3056000000 retirements ok (pc=00000000000e2698)
[c=7998000000]
[c=7999000000]
cosim: 3057000000 retirements ok (pc=00000000000e2690)
[c=8000000000]
[c=8001000000]
[c=8002000000]
cosim: 3058000000 retirements ok (pc=00000000000e269a)
[c=8003000000]
[c=8004000000]
cosim: 3059000000 retirements ok (pc=00000000000e2694)
[c=8005000000]
[c=8006000000]
[c=8007000000]
cosim: 3060000000 retirements ok (pc=00000000000e2690)
[c=8008000000]
[c=8009000000]
[c=8010000000]
cosim: 3061000000 retirements ok (pc=00000000000e2694)
[c=8011000000]
[c=8012000000]
cosim: 3062000000 retirements ok (pc=00000000000e2694)
[c=8013000000]
[c=8014000000]
[c=8015000000]
cosim: 3063000000 retirements ok (pc=00000000000e2692)
[c=8016000000]
[c=8017000000]
cosim: 3064000000 retirements ok (pc=00000000000e2694)
[c=8018000000]
[c=8019000000]
[c=8020000000]
cosim: 3065000000 retirements ok (pc=00000000000e2692)
[c=8021000000]
[c=8022000000]
cosim: 3066000000 retirements ok (pc=00000000000e2698)
[c=8023000000]
[c=8024000000]
[c=8025000000]
cosim: 3067000000 retirements ok (pc=00000000000e2690)
[c=8026000000]
[c=8027000000]
[c=8028000000]
[c=8029000000]
[c=8030000000]
cosim: 3068000000 retirements ok (pc=00000000000e2690)
[c=8031000000]
[c=8032000000]
cosim: 3069000000 retirements ok (pc=00000000000e269a)
[c=8033000000]
[c=8034000000]
[c=8035000000]
cosim: 3070000000 retirements ok (pc=00000000000e269a)
[c=8036000000]
[c=8037000000]
cosim: 3071000000 retirements ok (pc=00000000000e269a)
[c=8038000000]
[c=8039000000]
[c=8040000000]
cosim: 3072000000 retirements ok (pc=00000000000e2692)
[c=8041000000]
[c=8042000000]
cosim: 3073000000 retirements ok (pc=00000000000e2694)
[c=8043000000]
[c=8044000000]
[c=8045000000]
cosim: 3074000000 retirements ok (pc=00000000000e2694)
[c=8046000000]
[c=8047000000]
[c=8048000000]
cosim: 3075000000 retirements ok (pc=ffffffff800b059a)
[c=8049000000]
[c=8050000000]
cosim: 3076000000 retirements ok (pc=00000000000e2692)
[c=8051000000]
[c=8052000000]
[c=8053000000]
cosim: 3077000000 retirements ok (pc=00000000000e2698)
[c=8054000000]
[c=8055000000]
cosim: 3078000000 retirements ok (pc=00000000000e269a)
[c=8056000000]
[c=8057000000]
[c=8058000000]
cosim: 3079000000 retirements ok (pc=00000000000e2692)
[c=8059000000]
[c=8060000000]
cosim: 3080000000 retirements ok (pc=00000000000e269a)
[c=8061000000]
[c=8062000000]
[c=8063000000]
cosim: 3081000000 retirements ok (pc=00000000000e2694)
[c=8064000000]
[c=8065000000]
cosim: 3082000000 retirements ok (pc=00000000000e269c)
[c=8066000000]
[c=8067000000]
[c=8068000000]
cosim: 3083000000 retirements ok (pc=00000000000e269c)
[c=8069000000]
[c=8070000000]
[c=8071000000]
cosim: 3084000000 retirements ok (pc=00000000000e2698)
[c=8072000000]
[c=8073000000]
cosim: 3085000000 retirements ok (pc=00000000000e2690)
[c=8074000000]
[c=8075000000]
[c=8076000000]
cosim: 3086000000 retirements ok (pc=00000000000e2692)
[c=8077000000]
[c=8078000000]
cosim: 3087000000 retirements ok (pc=00000000000e2690)
[c=8079000000]
[c=8080000000]
[c=8081000000]
cosim: 3088000000 retirements ok (pc=00000000000e269a)
[c=8082000000]
[c=8083000000]
cosim: 3089000000 retirements ok (pc=00000000000e2692)
[c=8084000000]
[c=8085000000]
[c=8086000000]
cosim: 3090000000 retirements ok (pc=ffffffff8009e0bc)
[c=8087000000]
[c=8088000000]
cosim: 3091000000 retirements ok (pc=00000000000e2692)
[c=8089000000]
[c=8090000000]
[c=8091000000]
cosim: 3092000000 retirements ok (pc=00000000000e269a)
[c=8092000000]
[c=8093000000]
[c=8094000000]
cosim: 3093000000 retirements ok (pc=00000000000e37b8)
[c=8095000000]
[c=8096000000]
[c=8097000000]
[c=8098000000]
[c=8099000000]
cosim: 3094000000 retirements ok (pc=00000000000e37b4)
[c=8100000000]
[c=8101000000]
[c=8102000000]
[c=8103000000]
[c=8104000000]
cosim: 3095000000 retirements ok (pc=ffffffff800a3b8a)
[c=8105000000]
[c=8106000000]
[c=8107000000]
[c=8108000000]
[c=8109000000]
cosim: 3096000000 retirements ok (pc=00000000000e37b4)
[c=8110000000]
[c=8111000000]
[c=8112000000]
[c=8113000000]
[c=8114000000]
cosim: 3097000000 retirements ok (pc=ffffffff8004bf30)
[c=8115000000]
[c=8116000000]
[c=8117000000]
[c=8118000000]
[c=8119000000]
cosim: 3098000000 retirements ok (pc=ffffffff808e2b54)
[c=8120000000]
[c=8121000000]
[c=8122000000]
[c=8123000000]
cosim: 3099000000 retirements ok (pc=00000000000e37b6)
[c=8124000000]
[c=8125000000]
[c=8126000000]
[c=8127000000]
[c=8128000000]
[c=8129000000]
cosim: 3100000000 retirements ok (pc=00000000000e37be)
[c=8130000000]
[c=8131000000]
[c=8132000000]
[c=8133000000]
[c=8134000000]
cosim: 3101000000 retirements ok (pc=ffffffff808e2b50)
[c=8135000000]
[c=8136000000]
[c=8137000000]
[c=8138000000]
cosim: 3102000000 retirements ok (pc=00000000000e37b2)
[c=8139000000]
[c=8140000000]
[c=8141000000]
[c=8142000000]
[c=8143000000]
[c=8144000000]
cosim: 3103000000 retirements ok (pc=00000000000e37ba)
[c=8145000000]
[c=8146000000]
[c=8147000000]
cosim: 3104000000 retirements ok (pc=ffffffff80017592)
[c=8148000000]
[c=8149000000]
[c=8150000000]
[c=8151000000]
cosim: 3105000000 retirements ok (pc=ffffffff800c41d8)
[c=8152000000]
[c=8153000000]
[c=8154000000]
cosim: 3106000000 retirements ok (pc=ffffffff808ca8c0)
[c=8155000000]
[c=8156000000]
[c=8157000000]
[c=8158000000]
[c=8159000000]
cosim: 3107000000 retirements ok (pc=ffffffff808caa6c)
[c=8160000000]
[c=8161000000]
[c=8162000000]
[c=8163000000]
[c=8164000000]
cosim: 3108000000 retirements ok (pc=0000003f9f12bbc4)
[c=8165000000]
[c=8166000000]
[c=8167000000]
[c=8168000000]
cosim: 3109000000 retirements ok (pc=0000003f9f12bbd8)
[c=8169000000]
[c=8170000000]
[c=8171000000]
[c=8172000000]
[c=8173000000]
cosim: 3110000000 retirements ok (pc=0000003f9f12bbc0)
[c=8174000000]
[c=8175000000]
[c=8176000000]
[c=8177000000]
[c=8178000000]
cosim: 3111000000 retirements ok (pc=0000003f9f12bc1c)
[c=8179000000]
[c=8180000000]
[c=8181000000]
[c=8182000000]
cosim: 3112000000 retirements ok (pc=ffffffff808e2b8c)
[c=8183000000]
[c=8184000000]
[c=8185000000]
[c=8186000000]
[c=8187000000]
cosim: 3113000000 retirements ok (pc=0000003f9f12bbf0)
[c=8188000000]
[c=8189000000]
[c=8190000000]
[c=8191000000]
[c=8192000000]
[c=8193000000]
cosim: 3114000000 retirements ok (pc=0000003f9f12bbe4)
[c=8194000000]
[c=8195000000]
[c=8196000000]
[c=8197000000]
cosim: 3115000000 retirements ok (pc=ffffffff808e2ae0)
[c=8198000000]
[c=8199000000]
[c=8200000000]
[c=8201000000]
cosim: 3116000000 retirements ok (pc=0000003f9f12bbf0)
[c=8202000000]
[c=8203000000]
[c=8204000000]
[c=8205000000]
[c=8206000000]
[c=8207000000]
cosim: 3117000000 retirements ok (pc=0000003f9f12bbd8)
[c=8208000000]
[c=8209000000]
[c=8210000000]
cosim: 3118000000 retirements ok (pc=0000003f9f12bbb4)
[c=8211000000]
[c=8212000000]
[c=8213000000]
[c=8214000000]
cosim: 3119000000 retirements ok (pc=ffffffff808e2b98)
[c=8215000000]
[c=8216000000]
[c=8217000000]
cosim: 3120000000 retirements ok (pc=0000003f9f12bbbc)
[c=8218000000]
[c=8219000000]
[c=8220000000]
[c=8221000000]
cosim: 3121000000 retirements ok (pc=ffffffff808caaaa)
[c=8222000000]
[c=8223000000]
[c=8224000000]
cosim: 3122000000 retirements ok (pc=ffffffff8020a3c4)
[c=8225000000]
[c=8226000000]
[c=8227000000]
cosim: 3123000000 retirements ok (pc=00000000001529cc)
[c=8228000000]
cosim: 3124000000 retirements ok (pc=0000000000152a04)
[c=8229000000]
[c=8230000000]
cosim: 3125000000 retirements ok (pc=0000000000152a1a)
[c=8231000000]
cosim: 3126000000 retirements ok (pc=0000000000152372)
[c=8232000000]
cosim: 3127000000 retirements ok (pc=0000000000151da2)
[c=8233000000]
[c=8234000000]
cosim: 3128000000 retirements ok (pc=ffffffff800585c4)
[c=8235000000]
cosim: 3129000000 retirements ok (pc=0000000000152884)
[c=8236000000]
[c=8237000000]
cosim: 3130000000 retirements ok (pc=00000000001525e6)
[c=8238000000]
cosim: 3131000000 retirements ok (pc=00000000001524e6)
[c=8239000000]
cosim: 3132000000 retirements ok (pc=00000000001528f4)
[c=8240000000]
[c=8241000000]
cosim: 3133000000 retirements ok (pc=00000000001527ca)
[c=8242000000]
cosim: 3134000000 retirements ok (pc=0000000000152038)
[c=8243000000]
[c=8244000000]
cosim: 3135000000 retirements ok (pc=0000000000152a80)
[c=8245000000]
cosim: 3136000000 retirements ok (pc=000000000015294e)
[c=8246000000]
[c=8247000000]
cosim: 3137000000 retirements ok (pc=0000000000152bb4)
[c=8248000000]
cosim: 3138000000 retirements ok (pc=0000000000152a6a)
[c=8249000000]
cosim: 3139000000 retirements ok (pc=0000000000152992)
[c=8250000000]
[c=8251000000]
cosim: 3140000000 retirements ok (pc=0000000000152de8)
[c=8252000000]
cosim: 3141000000 retirements ok (pc=00000000001525bc)
[c=8253000000]
[c=8254000000]
cosim: 3142000000 retirements ok (pc=ffffffff80079f52)
[c=8255000000]
cosim: 3143000000 retirements ok (pc=0000000000152834)
[c=8256000000]
cosim: 3144000000 retirements ok (pc=00000000001520dc)
[c=8257000000]
[c=8258000000]
cosim: 3145000000 retirements ok (pc=0000000000152c82)
[c=8259000000]
cosim: 3146000000 retirements ok (pc=0000000000152510)
[c=8260000000]
[c=8261000000]
cosim: 3147000000 retirements ok (pc=0000000000152c58)
[c=8262000000]
cosim: 3148000000 retirements ok (pc=0000000000152b76)
[c=8263000000]
cosim: 3149000000 retirements ok (pc=000000000015221a)
[c=8264000000]
[c=8265000000]
cosim: 3150000000 retirements ok (pc=000000000015213e)
[c=8266000000]
cosim: 3151000000 retirements ok (pc=000000000015247c)
[c=8267000000]
[c=8268000000]
cosim: 3152000000 retirements ok (pc=000000000015269a)
[c=8269000000]
[c=8270000000]
[c=8271000000]
cosim: 3153000000 retirements ok (pc=ffffffff808e2b4c)
[c=8272000000]
[c=8273000000]
cosim: 3154000000 retirements ok (pc=00000000001522e8)
[c=8274000000]
[c=8275000000]
cosim: 3155000000 retirements ok (pc=0000000000151dc0)
[c=8276000000]
cosim: 3156000000 retirements ok (pc=0000000000152792)
[c=8277000000]
cosim: 3157000000 retirements ok (pc=00000000001524f0)
[c=8278000000]
[c=8279000000]
cosim: 3158000000 retirements ok (pc=0000000000152898)
[c=8280000000]
cosim: 3159000000 retirements ok (pc=0000000000152092)
[c=8281000000]
[c=8282000000]
cosim: 3160000000 retirements ok (pc=0000000000151f8a)
[c=8283000000]
[c=8284000000]
cosim: 3161000000 retirements ok (pc=ffffffff808e290c)
[c=8285000000]
[c=8286000000]
[c=8287000000]
[c=8288000000]
[c=8289000000]
cosim: 3162000000 retirements ok (pc=ffffffff80209f3c)
[c=8290000000]
cosim: 3163000000 retirements ok (pc=00000000001521d0)
[c=8291000000]
[c=8292000000]
cosim: 3164000000 retirements ok (pc=00000000001525b2)
[c=8293000000]
cosim: 3165000000 retirements ok (pc=00000000001526c0)
[c=8294000000]
cosim: 3166000000 retirements ok (pc=0000000000152d38)
[c=8295000000]
[c=8296000000]
cosim: 3167000000 retirements ok (pc=000000000015246e)
[c=8297000000]
cosim: 3168000000 retirements ok (pc=00000000001521a8)
[c=8298000000]
[c=8299000000]
cosim: 3169000000 retirements ok (pc=000000000015217e)
[c=8300000000]
cosim: 3170000000 retirements ok (pc=0000000000152c54)
[c=8301000000]
cosim: 3171000000 retirements ok (pc=ffffffff80064012)
[c=8302000000]
[c=8303000000]
cosim: 3172000000 retirements ok (pc=0000000000151ebc)
[c=8304000000]
cosim: 3173000000 retirements ok (pc=0000000000152816)
[c=8305000000]
[c=8306000000]
cosim: 3174000000 retirements ok (pc=0000000000152b00)
[c=8307000000]
cosim: 3175000000 retirements ok (pc=00000000001520e0)
[c=8308000000]
cosim: 3176000000 retirements ok (pc=0000000000152110)
[c=8309000000]
[c=8310000000]
cosim: 3177000000 retirements ok (pc=0000000000151e92)
[c=8311000000]
cosim: 3178000000 retirements ok (pc=0000000000152394)
[c=8312000000]
cosim: 3179000000 retirements ok (pc=00000000001524c4)
[c=8313000000]
[c=8314000000]
cosim: 3180000000 retirements ok (pc=000000000015264c)
[c=8315000000]
cosim: 3181000000 retirements ok (pc=0000000000152bf0)
[c=8316000000]
[c=8317000000]
cosim: 3182000000 retirements ok (pc=0000000000152204)
[c=8318000000]
cosim: 3183000000 retirements ok (pc=0000000000151ea8)
[c=8319000000]
[c=8320000000]
cosim: 3184000000 retirements ok (pc=0000000000152abe)
[c=8321000000]
cosim: 3185000000 retirements ok (pc=0000000000152c18)
[c=8322000000]
cosim: 3186000000 retirements ok (pc=0000000000152896)
[c=8323000000]
[c=8324000000]
cosim: 3187000000 retirements ok (pc=0000000000151d4c)
[c=8325000000]
cosim: 3188000000 retirements ok (pc=ffffffff80063ff2)
[c=8326000000]
[c=8327000000]
cosim: 3189000000 retirements ok (pc=00000000001522a2)
[c=8328000000]
cosim: 3190000000 retirements ok (pc=00000000001527f4)
[c=8329000000]
cosim: 3191000000 retirements ok (pc=000000000015277a)
[c=8330000000]
[c=8331000000]
cosim: 3192000000 retirements ok (pc=00000000001528a0)
[c=8332000000]
cosim: 3193000000 retirements ok (pc=00000000001527a0)
[c=8333000000]
cosim: 3194000000 retirements ok (pc=00000000001527e2)
[c=8334000000]
[c=8335000000]
cosim: 3195000000 retirements ok (pc=000000000015204a)
[c=8336000000]
cosim: 3196000000 retirements ok (pc=ffffffff80063fe2)
[c=8337000000]
[c=8338000000]
cosim: 3197000000 retirements ok (pc=0000000000152d2a)
[c=8339000000]
cosim: 3198000000 retirements ok (pc=00000000001527e2)
[c=8340000000]
cosim: 3199000000 retirements ok (pc=00000000001525a2)
[c=8341000000]
[c=8342000000]
cosim: 3200000000 retirements ok (pc=0000000000152b76)
[c=8343000000]
cosim: 3201000000 retirements ok (pc=0000000000152c9a)
[c=8344000000]
[c=8345000000]
cosim: 3202000000 retirements ok (pc=000000000015204c)
[c=8346000000]
cosim: 3203000000 retirements ok (pc=00000000001526de)
[c=8347000000]
cosim: 3204000000 retirements ok (pc=0000000000152118)
[c=8348000000]
[c=8349000000]
cosim: 3205000000 retirements ok (pc=0000000000152b16)
[c=8350000000]
cosim: 3206000000 retirements ok (pc=0000000000152098)
[c=8351000000]
[c=8352000000]
cosim: 3207000000 retirements ok (pc=0000000000152354)
[c=8353000000]
cosim: 3208000000 retirements ok (pc=0000000000152264)
[c=8354000000]
cosim: 3209000000 retirements ok (pc=00000000001528fc)
[c=8355000000]
[c=8356000000]
cosim: 3210000000 retirements ok (pc=00000000001524fe)
[c=8357000000]
cosim: 3211000000 retirements ok (pc=ffffffff8005896a)
[c=8358000000]
[c=8359000000]
cosim: 3212000000 retirements ok (pc=ffffffff8006c328)
[c=8360000000]
cosim: 3213000000 retirements ok (pc=0000000000152bc0)
[c=8361000000]
cosim: 3214000000 retirements ok (pc=0000000000151de2)
[c=8362000000]
[c=8363000000]
cosim: 3215000000 retirements ok (pc=0000000000152056)
[c=8364000000]
cosim: 3216000000 retirements ok (pc=000000000015235c)
[c=8365000000]
cosim: 3217000000 retirements ok (pc=0000000000152ad6)
[c=8366000000]
[c=8367000000]
cosim: 3218000000 retirements ok (pc=00000000001527e6)
[c=8368000000]
cosim: 3219000000 retirements ok (pc=00000000001527fc)
[c=8369000000]
[c=8370000000]
cosim: 3220000000 retirements ok (pc=0000000000152ad4)
[c=8371000000]
cosim: 3221000000 retirements ok (pc=0000000000151dd8)
[c=8372000000]
cosim: 3222000000 retirements ok (pc=ffffffff800a1680)
[c=8373000000]
[c=8374000000]
cosim: 3223000000 retirements ok (pc=0000000000152b64)
[c=8375000000]
cosim: 3224000000 retirements ok (pc=000000000015272c)
[c=8376000000]
[c=8377000000]
cosim: 3225000000 retirements ok (pc=0000000000152692)
[c=8378000000]
cosim: 3226000000 retirements ok (pc=00000000001529a6)
[c=8379000000]
cosim: 3227000000 retirements ok (pc=0000000000151ea2)
[c=8380000000]
[c=8381000000]
cosim: 3228000000 retirements ok (pc=0000000000152d46)
[c=8382000000]
cosim: 3229000000 retirements ok (pc=00000000001523d6)
[c=8383000000]
[c=8384000000]
cosim: 3230000000 retirements ok (pc=00000000001521ae)
[c=8385000000]
cosim: 3231000000 retirements ok (pc=0000000000152570)
[c=8386000000]
cosim: 3232000000 retirements ok (pc=0000000000152d16)
[c=8387000000]
[c=8388000000]
cosim: 3233000000 retirements ok (pc=000000000015205a)
[c=8389000000]
cosim: 3234000000 retirements ok (pc=0000000000152c20)
[c=8390000000]
cosim: 3235000000 retirements ok (pc=00000000001520a8)
[c=8391000000]
[c=8392000000]
cosim: 3236000000 retirements ok (pc=0000000000152c22)
[c=8393000000]
cosim: 3237000000 retirements ok (pc=000000000015252e)
[c=8394000000]
[c=8395000000]
cosim: 3238000000 retirements ok (pc=ffffffff80058968)
[c=8396000000]
cosim: 3239000000 retirements ok (pc=0000000000152448)
[c=8397000000]
cosim: 3240000000 retirements ok (pc=0000000000152acc)
[c=8398000000]
[c=8399000000]
cosim: 3241000000 retirements ok (pc=0000000000151e92)
[c=8400000000]
cosim: 3242000000 retirements ok (pc=0000000000151e3e)
[c=8401000000]
[c=8402000000]
cosim: 3243000000 retirements ok (pc=00000000001520ba)
[c=8403000000]
cosim: 3244000000 retirements ok (pc=0000000000151fde)
[c=8404000000]
cosim: 3245000000 retirements ok (pc=00000000001526e4)
[c=8405000000]
[c=8406000000]
cosim: 3246000000 retirements ok (pc=0000000000152cd6)
[c=8407000000]
cosim: 3247000000 retirements ok (pc=000000000015272e)
[c=8408000000]
cosim: 3248000000 retirements ok (pc=0000000000151da0)
[c=8409000000]
[c=8410000000]
cosim: 3249000000 retirements ok (pc=0000000000151f34)
[c=8411000000]
cosim: 3250000000 retirements ok (pc=0000000000152996)
[c=8412000000]
[c=8413000000]
cosim: 3251000000 retirements ok (pc=ffffffff808d4fbe)
[c=8414000000]
cosim: 3252000000 retirements ok (pc=0000000000152dde)
[c=8415000000]
cosim: 3253000000 retirements ok (pc=00000000001526a4)
[c=8416000000]
[c=8417000000]
cosim: 3254000000 retirements ok (pc=0000000000152ab6)
[c=8418000000]
cosim: 3255000000 retirements ok (pc=0000000000152ad6)
[c=8419000000]
[c=8420000000]
cosim: 3256000000 retirements ok (pc=0000000000152514)
[c=8421000000]
cosim: 3257000000 retirements ok (pc=0000000000152196)
[c=8422000000]
cosim: 3258000000 retirements ok (pc=0000000000152858)
[c=8423000000]
[c=8424000000]
cosim: 3259000000 retirements ok (pc=ffffffff800a167a)
[c=8425000000]
cosim: 3260000000 retirements ok (pc=0000000000152336)
[c=8426000000]
[c=8427000000]
cosim: 3261000000 retirements ok (pc=000000000015212c)
[c=8428000000]
cosim: 3262000000 retirements ok (pc=0000000000152532)
[c=8429000000]
cosim: 3263000000 retirements ok (pc=00000000001526fc)
[c=8430000000]
[c=8431000000]
cosim: 3264000000 retirements ok (pc=000000000015235e)
[c=8432000000]
cosim: 3265000000 retirements ok (pc=0000000000152562)
[c=8433000000]
cosim: 3266000000 retirements ok (pc=000000000015258c)
[c=8434000000]
[c=8435000000]
cosim: 3267000000 retirements ok (pc=00000000001521a8)
[c=8436000000]
cosim: 3268000000 retirements ok (pc=00000000001523b6)
[c=8437000000]
[c=8438000000]
cosim: 3269000000 retirements ok (pc=0000000000152d40)
[c=8439000000]
cosim: 3270000000 retirements ok (pc=0000000000152090)
[c=8440000000]
cosim: 3271000000 retirements ok (pc=00000000001523ce)
[c=8441000000]
[c=8442000000]
cosim: 3272000000 retirements ok (pc=0000000000152796)
[c=8443000000]
cosim: 3273000000 retirements ok (pc=0000000000151dac)
[c=8444000000]
[c=8445000000]
cosim: 3274000000 retirements ok (pc=000000000014c014)
[c=8446000000]
cosim: 3275000000 retirements ok (pc=00000000001526e2)
[c=8447000000]
cosim: 3276000000 retirements ok (pc=000000000015238c)
[c=8448000000]
[c=8449000000]
cosim: 3277000000 retirements ok (pc=00000000001529d6)
[c=8450000000]
cosim: 3278000000 retirements ok (pc=00000000001522ae)
[c=8451000000]
[c=8452000000]
cosim: 3279000000 retirements ok (pc=0000000000152670)
[c=8453000000]
cosim: 3280000000 retirements ok (pc=000000000015215a)
[c=8454000000]
cosim: 3281000000 retirements ok (pc=0000000000152bd0)
[c=8455000000]
[c=8456000000]
cosim: 3282000000 retirements ok (pc=000000000015274e)
[c=8457000000]
cosim: 3283000000 retirements ok (pc=0000000000151dc4)
[c=8458000000]
cosim: 3284000000 retirements ok (pc=ffffffff8009bc56)
[c=8459000000]
[c=8460000000]
cosim: 3285000000 retirements ok (pc=00000000001524f0)
[c=8461000000]
cosim: 3286000000 retirements ok (pc=00000000001529f6)
[c=8462000000]
[c=8463000000]
cosim: 3287000000 retirements ok (pc=00000000001521a4)
[c=8464000000]
cosim: 3288000000 retirements ok (pc=0000000000152aa6)
[c=8465000000]
cosim: 3289000000 retirements ok (pc=0000000000151e90)
[c=8466000000]
[c=8467000000]
cosim: 3290000000 retirements ok (pc=0000000000152074)
[c=8468000000]
cosim: 3291000000 retirements ok (pc=0000000000151eba)
[c=8469000000]
[c=8470000000]
cosim: 3292000000 retirements ok (pc=00000000001528c6)
[c=8471000000]
cosim: 3293000000 retirements ok (pc=0000000000152ca2)
[c=8472000000]
cosim: 3294000000 retirements ok (pc=ffffffff808d470e)
[c=8473000000]
[c=8474000000]
cosim: 3295000000 retirements ok (pc=000000000015245c)
[c=8475000000]
cosim: 3296000000 retirements ok (pc=0000000000152dac)
[c=8476000000]
cosim: 3297000000 retirements ok (pc=0000000000152cba)
[c=8477000000]
[c=8478000000]
cosim: 3298000000 retirements ok (pc=0000000000152670)
[c=8479000000]
cosim: 3299000000 retirements ok (pc=00000000001528dc)
[c=8480000000]
[c=8481000000]
cosim: 3300000000 retirements ok (pc=ffffffff800a37f6)
[c=8482000000]
cosim: 3301000000 retirements ok (pc=000000000015237c)
[c=8483000000]
cosim: 3302000000 retirements ok (pc=0000000000152a10)
[c=8484000000]
[c=8485000000]
cosim: 3303000000 retirements ok (pc=00000000001523f2)
[c=8486000000]
cosim: 3304000000 retirements ok (pc=0000000000152890)
[c=8487000000]
[c=8488000000]
cosim: 3305000000 retirements ok (pc=0000000000152358)
[c=8489000000]
cosim: 3306000000 retirements ok (pc=0000000000152770)
[c=8490000000]
cosim: 3307000000 retirements ok (pc=000000000015290c)
[c=8491000000]
[c=8492000000]
cosim: 3308000000 retirements ok (pc=00000000001525ca)
[c=8493000000]
cosim: 3309000000 retirements ok (pc=0000000000151de2)
[c=8494000000]
[c=8495000000]
cosim: 3310000000 retirements ok (pc=00000000001523f2)
[c=8496000000]
cosim: 3311000000 retirements ok (pc=0000000000152156)
[c=8497000000]
cosim: 3312000000 retirements ok (pc=0000000000151f8a)
[c=8498000000]
[c=8499000000]
cosim: 3313000000 retirements ok (pc=000000000015253a)
[c=8500000000]
cosim: 3314000000 retirements ok (pc=00000000001523c0)
[c=8501000000]
cosim: 3315000000 retirements ok (pc=0000000000152a58)
[c=8502000000]
[c=8503000000]
cosim: 3316000000 retirements ok (pc=00000000001528dc)
[c=8504000000]
cosim: 3317000000 retirements ok (pc=0000000000152a96)
[c=8505000000]
[c=8506000000]
cosim: 3318000000 retirements ok (pc=0000000000152520)
[c=8507000000]
cosim: 3319000000 retirements ok (pc=000000000015225c)
[c=8508000000]
[c=8509000000]
cosim: 3320000000 retirements ok (pc=00000000001526cc)
[c=8510000000]
cosim: 3321000000 retirements ok (pc=0000000000152500)
[c=8511000000]
cosim: 3322000000 retirements ok (pc=0000000000152830)
[c=8512000000]
[c=8513000000]
cosim: 3323000000 retirements ok (pc=0000000000151fc0)
[c=8514000000]
cosim: 3324000000 retirements ok (pc=00000000001525ce)
[c=8515000000]
cosim: 3325000000 retirements ok (pc=000000000015252e)
[c=8516000000]
[c=8517000000]
cosim: 3326000000 retirements ok (pc=0000000000152aae)
[c=8518000000]
cosim: 3327000000 retirements ok (pc=0000000000152b56)
[c=8519000000]
[c=8520000000]
cosim: 3328000000 retirements ok (pc=000000000015291e)
[c=8521000000]
cosim: 3329000000 retirements ok (pc=0000000000152ca4)
[c=8522000000]
cosim: 3330000000 retirements ok (pc=0000000000152ae2)
[c=8523000000]
[c=8524000000]
cosim: 3331000000 retirements ok (pc=0000000000151e68)
[c=8525000000]
cosim: 3332000000 retirements ok (pc=00000000001520ba)
[c=8526000000]
[c=8527000000]
cosim: 3333000000 retirements ok (pc=000000000015298c)
[c=8528000000]
cosim: 3334000000 retirements ok (pc=0000000000151e06)
[c=8529000000]
cosim: 3335000000 retirements ok (pc=00000000001527fc)
[c=8530000000]
[c=8531000000]
cosim: 3336000000 retirements ok (pc=0000000000152d86)
[c=8532000000]
cosim: 3337000000 retirements ok (pc=00000000001527e6)
[c=8533000000]
cosim: 3338000000 retirements ok (pc=0000000000151e66)
[c=8534000000]
[c=8535000000]
cosim: 3339000000 retirements ok (pc=0000000000151e66)
[c=8536000000]
cosim: 3340000000 retirements ok (pc=ffffffff8004f016)
[c=8537000000]
[c=8538000000]
cosim: 3341000000 retirements ok (pc=00000000001525ae)
[c=8539000000]
cosim: 3342000000 retirements ok (pc=00000000001527e6)
[c=8540000000]
cosim: 3343000000 retirements ok (pc=0000000000152df4)
[c=8541000000]
[c=8542000000]
cosim: 3344000000 retirements ok (pc=0000000000151e08)
[c=8543000000]
cosim: 3345000000 retirements ok (pc=00000000001523dc)
[c=8544000000]
[c=8545000000]
cosim: 3346000000 retirements ok (pc=00000000001525cc)
[c=8546000000]
cosim: 3347000000 retirements ok (pc=0000000000151ea0)
[c=8547000000]
cosim: 3348000000 retirements ok (pc=000000000015203a)
[c=8548000000]
[c=8549000000]
cosim: 3349000000 retirements ok (pc=0000000000152c5c)
[c=8550000000]
cosim: 3350000000 retirements ok (pc=00000000001524b8)
[c=8551000000]
[c=8552000000]
cosim: 3351000000 retirements ok (pc=00000000001524da)
[c=8553000000]
cosim: 3352000000 retirements ok (pc=0000000000151e94)
[c=8554000000]
cosim: 3353000000 retirements ok (pc=0000000000151fa2)
[c=8555000000]
[c=8556000000]
cosim: 3354000000 retirements ok (pc=0000000000152782)
[c=8557000000]
[c=8558000000]
[c=8559000000]
[c=8560000000]
cosim: 3355000000 retirements ok (pc=0000000000152c5e)
[c=8561000000]
cosim: 3356000000 retirements ok (pc=000000000015208e)
[c=8562000000]
[c=8563000000]
cosim: 3357000000 retirements ok (pc=000000000015267a)
[c=8564000000]
cosim: 3358000000 retirements ok (pc=00000000001523ec)
[c=8565000000]
cosim: 3359000000 retirements ok (pc=000000000015292c)
[c=8566000000]
[c=8567000000]
cosim: 3360000000 retirements ok (pc=0000000000152662)
[c=8568000000]
cosim: 3361000000 retirements ok (pc=00000000001524d6)
[c=8569000000]
[c=8570000000]
cosim: 3362000000 retirements ok (pc=0000000000152cc8)
[c=8571000000]
cosim: 3363000000 retirements ok (pc=0000000000152896)
[c=8572000000]
[c=8573000000]
cosim: 3364000000 retirements ok (pc=0000000000152406)
[c=8574000000]
cosim: 3365000000 retirements ok (pc=00000000001523a8)
[c=8575000000]
cosim: 3366000000 retirements ok (pc=00000000001528b8)
[c=8576000000]
[c=8577000000]
cosim: 3367000000 retirements ok (pc=00000000001529b0)
[c=8578000000]
cosim: 3368000000 retirements ok (pc=0000000000151ff0)
[c=8579000000]
[c=8580000000]
cosim: 3369000000 retirements ok (pc=0000000000152dde)
[c=8581000000]
cosim: 3370000000 retirements ok (pc=00000000001529be)
[c=8582000000]
cosim: 3371000000 retirements ok (pc=000000000015201c)
[c=8583000000]
[c=8584000000]
cosim: 3372000000 retirements ok (pc=0000000000151f66)
[c=8585000000]
cosim: 3373000000 retirements ok (pc=00000000001526da)
[c=8586000000]
cosim: 3374000000 retirements ok (pc=00000000001527f8)
[c=8587000000]
[c=8588000000]
cosim: 3375000000 retirements ok (pc=0000000000152592)
[c=8589000000]
cosim: 3376000000 retirements ok (pc=0000000000152876)
[c=8590000000]
cosim: 3377000000 retirements ok (pc=00000000001523f2)
[c=8591000000]
[c=8592000000]
cosim: 3378000000 retirements ok (pc=0000000000152122)
[c=8593000000]
cosim: 3379000000 retirements ok (pc=0000000000152274)
[c=8594000000]
[c=8595000000]
cosim: 3380000000 retirements ok (pc=0000000000152a44)
[c=8596000000]
cosim: 3381000000 retirements ok (pc=000000000015262e)
[c=8597000000]
cosim: 3382000000 retirements ok (pc=000000000015244a)
[c=8598000000]
[c=8599000000]
cosim: 3383000000 retirements ok (pc=0000000000152244)
[c=8600000000]
cosim: 3384000000 retirements ok (pc=0000000000152a0c)
[c=8601000000]
cosim: 3385000000 retirements ok (pc=0000000000152858)
[c=8602000000]
[c=8603000000]
cosim: 3386000000 retirements ok (pc=0000000000152358)
[c=8604000000]
cosim: 3387000000 retirements ok (pc=0000000000151fbe)
[c=8605000000]
[c=8606000000]
cosim: 3388000000 retirements ok (pc=0000000000152cea)
[c=8607000000]
cosim: 3389000000 retirements ok (pc=00000000001526ee)
[c=8608000000]
cosim: 3390000000 retirements ok (pc=0000000000152656)
[c=8609000000]
[c=8610000000]
cosim: 3391000000 retirements ok (pc=000000000015294e)
[c=8611000000]
cosim: 3392000000 retirements ok (pc=000000000015235a)
[c=8612000000]
cosim: 3393000000 retirements ok (pc=00000000001527cc)
[c=8613000000]
[c=8614000000]
cosim: 3394000000 retirements ok (pc=0000000000151f38)
[c=8615000000]
cosim: 3395000000 retirements ok (pc=0000000000152970)
[c=8616000000]
[c=8617000000]
cosim: 3396000000 retirements ok (pc=00000000001524d2)
[c=8618000000]
cosim: 3397000000 retirements ok (pc=0000000000151e14)
[c=8619000000]
cosim: 3398000000 retirements ok (pc=000000000015202e)
[c=8620000000]
[c=8621000000]
cosim: 3399000000 retirements ok (pc=00000000001528b2)
[c=8622000000]
cosim: 3400000000 retirements ok (pc=ffffffff80057432)
[c=8623000000]
[c=8624000000]
cosim: 3401000000 retirements ok (pc=0000000000152048)
[c=8625000000]
cosim: 3402000000 retirements ok (pc=0000000000152008)
[c=8626000000]
cosim: 3403000000 retirements ok (pc=0000000000152a3a)
[c=8627000000]
[c=8628000000]
cosim: 3404000000 retirements ok (pc=000000000015228c)
[c=8629000000]
cosim: 3405000000 retirements ok (pc=00000000001524a6)
[c=8630000000]
[c=8631000000]
cosim: 3406000000 retirements ok (pc=000000000015228a)
[c=8632000000]
cosim: 3407000000 retirements ok (pc=00000000001520d2)
[c=8633000000]
cosim: 3408000000 retirements ok (pc=0000000000152946)
[c=8634000000]
cosim: 3409000000 retirements ok (pc=0000000000151dc4)
[c=8635000000]
[c=8636000000]
cosim: 3410000000 retirements ok (pc=0000000000151fec)
[c=8637000000]
cosim: 3411000000 retirements ok (pc=0000000000151f96)
[c=8638000000]
[c=8639000000]
cosim: 3412000000 retirements ok (pc=0000000000151e14)
[c=8640000000]
cosim: 3413000000 retirements ok (pc=0000000000152650)
[c=8641000000]
cosim: 3414000000 retirements ok (pc=00000000001525e8)
[c=8642000000]
[c=8643000000]
cosim: 3415000000 retirements ok (pc=0000000000151f2c)
[c=8644000000]
cosim: 3416000000 retirements ok (pc=0000000000152be8)
[c=8645000000]
[c=8646000000]
cosim: 3417000000 retirements ok (pc=0000000000152de0)
[c=8647000000]
cosim: 3418000000 retirements ok (pc=0000000000152a18)
[c=8648000000]
cosim: 3419000000 retirements ok (pc=000000000015294c)
[c=8649000000]
[c=8650000000]
cosim: 3420000000 retirements ok (pc=00000000001526d8)
[c=8651000000]
cosim: 3421000000 retirements ok (pc=ffffffff8006549c)
[c=8652000000]
cosim: 3422000000 retirements ok (pc=ffffffff800a5698)
[c=8653000000]
[c=8654000000]
cosim: 3423000000 retirements ok (pc=00000000001526f4)
[c=8655000000]
cosim: 3424000000 retirements ok (pc=0000000000152500)
[c=8656000000]
[c=8657000000]
cosim: 3425000000 retirements ok (pc=0000000000152cce)
[c=8658000000]
cosim: 3426000000 retirements ok (pc=0000000000152b4c)
[c=8659000000]
cosim: 3427000000 retirements ok (pc=00000000001529da)
[c=8660000000]
[c=8661000000]
cosim: 3428000000 retirements ok (pc=00000000001521be)
[c=8662000000]
cosim: 3429000000 retirements ok (pc=00000000001529dc)
[c=8663000000]
cosim: 3430000000 retirements ok (pc=0000000000152b68)
[c=8664000000]
[c=8665000000]
cosim: 3431000000 retirements ok (pc=0000000000152ab0)
[c=8666000000]
cosim: 3432000000 retirements ok (pc=000000000015293a)
[c=8667000000]
cosim: 3433000000 retirements ok (pc=00000000001521ae)
[c=8668000000]
[c=8669000000]
cosim: 3434000000 retirements ok (pc=000000000015217e)
[c=8670000000]
cosim: 3435000000 retirements ok (pc=0000000000152490)
[c=8671000000]
[c=8672000000]
cosim: 3436000000 retirements ok (pc=0000000000151d4e)
[c=8673000000]
cosim: 3437000000 retirements ok (pc=0000000000152dda)
[c=8674000000]
cosim: 3438000000 retirements ok (pc=0000000000151e50)
[c=8675000000]
[c=8676000000]
cosim: 3439000000 retirements ok (pc=0000000000151de6)
[c=8677000000]
cosim: 3440000000 retirements ok (pc=0000000000152bf4)
[c=8678000000]
cosim: 3441000000 retirements ok (pc=0000000000152458)
[c=8679000000]
[c=8680000000]
cosim: 3442000000 retirements ok (pc=0000000000152ba8)
[c=8681000000]
cosim: 3443000000 retirements ok (pc=0000000000152340)
[c=8682000000]
[c=8683000000]
cosim: 3444000000 retirements ok (pc=00000000001520a2)
[c=8684000000]
cosim: 3445000000 retirements ok (pc=000000000015249a)
[c=8685000000]
cosim: 3446000000 retirements ok (pc=00000000001522ae)
[c=8686000000]
[c=8687000000]
cosim: 3447000000 retirements ok (pc=00000000001523b2)
[c=8688000000]
cosim: 3448000000 retirements ok (pc=0000000000152b64)
[c=8689000000]
cosim: 3449000000 retirements ok (pc=000000000015294c)
[c=8690000000]
[c=8691000000]
cosim: 3450000000 retirements ok (pc=0000000000152374)
[c=8692000000]
cosim: 3451000000 retirements ok (pc=0000000000152b0a)
[c=8693000000]
cosim: 3452000000 retirements ok (pc=0000000000151f0a)
[c=8694000000]
[c=8695000000]
cosim: 3453000000 retirements ok (pc=0000000000152596)
[c=8696000000]
cosim: 3454000000 retirements ok (pc=0000000000152ca4)
[c=8697000000]
[c=8698000000]
cosim: 3455000000 retirements ok (pc=0000000000152442)
[c=8699000000]
cosim: 3456000000 retirements ok (pc=000000000015221a)
[c=8700000000]
cosim: 3457000000 retirements ok (pc=0000000000152b2a)
[c=8701000000]
[c=8702000000]
cosim: 3458000000 retirements ok (pc=00000000001523a2)
[c=8703000000]
cosim: 3459000000 retirements ok (pc=0000000000152140)
[c=8704000000]
[c=8705000000]
cosim: 3460000000 retirements ok (pc=00000000001529f2)
[c=8706000000]
cosim: 3461000000 retirements ok (pc=0000000000152cda)
[c=8707000000]
cosim: 3462000000 retirements ok (pc=0000000000152490)
[c=8708000000]
[c=8709000000]
cosim: 3463000000 retirements ok (pc=0000000000152286)
[c=8710000000]
cosim: 3464000000 retirements ok (pc=000000000015201e)
[c=8711000000]
cosim: 3465000000 retirements ok (pc=000000000015256e)
[c=8712000000]
[c=8713000000]
cosim: 3466000000 retirements ok (pc=0000000000152c62)
[c=8714000000]
cosim: 3467000000 retirements ok (pc=0000000000151dd8)
[c=8715000000]
[c=8716000000]
cosim: 3468000000 retirements ok (pc=00000000001520b2)
[c=8717000000]
cosim: 3469000000 retirements ok (pc=0000000000152b98)
[c=8718000000]
cosim: 3470000000 retirements ok (pc=00000000001528b2)
[c=8719000000]
[c=8720000000]
cosim: 3471000000 retirements ok (pc=00000000001526e4)
[c=8721000000]
cosim: 3472000000 retirements ok (pc=ffffffff800b05ee)
[c=8722000000]
[c=8723000000]
cosim: 3473000000 retirements ok (pc=000000000015271c)
[c=8724000000]
cosim: 3474000000 retirements ok (pc=0000000000152482)
[c=8725000000]
cosim: 3475000000 retirements ok (pc=00000000001522fa)
[c=8726000000]
[c=8727000000]
cosim: 3476000000 retirements ok (pc=00000000001523fc)
[c=8728000000]
cosim: 3477000000 retirements ok (pc=0000000000152bc6)
[c=8729000000]
[c=8730000000]
cosim: 3478000000 retirements ok (pc=0000000000152932)
[c=8731000000]
cosim: 3479000000 retirements ok (pc=00000000001527f8)
[c=8732000000]
cosim: 3480000000 retirements ok (pc=0000000000152bd2)
[c=8733000000]
[c=8734000000]
cosim: 3481000000 retirements ok (pc=0000000000152286)
[c=8735000000]
cosim: 3482000000 retirements ok (pc=0000000000152012)
[c=8736000000]
cosim: 3483000000 retirements ok (pc=0000000000152724)
[c=8737000000]
[c=8738000000]
cosim: 3484000000 retirements ok (pc=0000000000152abe)
[c=8739000000]
cosim: 3485000000 retirements ok (pc=0000000000152250)
[c=8740000000]
[c=8741000000]
cosim: 3486000000 retirements ok (pc=00000000001528fc)
[c=8742000000]
cosim: 3487000000 retirements ok (pc=0000000000152642)
[c=8743000000]
cosim: 3488000000 retirements ok (pc=0000000000151ef8)
[c=8744000000]
[c=8745000000]
cosim: 3489000000 retirements ok (pc=0000000000152b1a)
[c=8746000000]
cosim: 3490000000 retirements ok (pc=00000000001520d0)
[c=8747000000]
cosim: 3491000000 retirements ok (pc=ffffffff808ee138)
[c=8748000000]
[c=8749000000]
cosim: 3492000000 retirements ok (pc=000000000015295c)
[c=8750000000]
cosim: 3493000000 retirements ok (pc=000000000015263e)
[c=8751000000]
cosim: 3494000000 retirements ok (pc=0000000000152b82)
[c=8752000000]
[c=8753000000]
cosim: 3495000000 retirements ok (pc=0000000000152ae2)
[c=8754000000]
cosim: 3496000000 retirements ok (pc=0000000000152338)
[c=8755000000]
[c=8756000000]
cosim: 3497000000 retirements ok (pc=0000000000152be8)
[c=8757000000]
cosim: 3498000000 retirements ok (pc=0000000000152a62)
[c=8758000000]
cosim: 3499000000 retirements ok (pc=0000000000152560)
[c=8759000000]
[c=8760000000]
cosim: 3500000000 retirements ok (pc=000000000014bf74)
[c=8761000000]
cosim: 3501000000 retirements ok (pc=0000000000152aa6)
[c=8762000000]
cosim: 3502000000 retirements ok (pc=00000000001529b4)
[c=8763000000]
[c=8764000000]
cosim: 3503000000 retirements ok (pc=0000000000152a84)
[c=8765000000]
cosim: 3504000000 retirements ok (pc=000000000015204a)
[c=8766000000]
[c=8767000000]
cosim: 3505000000 retirements ok (pc=000000000014bae0)
[c=8768000000]
cosim: 3506000000 retirements ok (pc=00000000001526a4)
[c=8769000000]
cosim: 3507000000 retirements ok (pc=0000000000152536)
[c=8770000000]
[c=8771000000]
cosim: 3508000000 retirements ok (pc=ffffffff8009ddf2)
[c=8772000000]
cosim: 3509000000 retirements ok (pc=00000000001527b0)
[c=8773000000]
cosim: 3510000000 retirements ok (pc=00000000001521e4)
[c=8774000000]
[c=8775000000]
cosim: 3511000000 retirements ok (pc=0000000000152a0c)
[c=8776000000]
cosim: 3512000000 retirements ok (pc=0000000000152890)
[c=8777000000]
cosim: 3513000000 retirements ok (pc=0000000000151fe2)
[c=8778000000]
[c=8779000000]
cosim: 3514000000 retirements ok (pc=0000000000152d8c)
[c=8780000000]
cosim: 3515000000 retirements ok (pc=000000000015252a)
[c=8781000000]
[c=8782000000]
cosim: 3516000000 retirements ok (pc=0000000000152802)
[c=8783000000]
cosim: 3517000000 retirements ok (pc=0000000000152c42)
[c=8784000000]
cosim: 3518000000 retirements ok (pc=00000000001526f8)
[c=8785000000]
[c=8786000000]
cosim: 3519000000 retirements ok (pc=000000000015223c)
[c=8787000000]
cosim: 3520000000 retirements ok (pc=0000000000152bb2)
[c=8788000000]
cosim: 3521000000 retirements ok (pc=0000000000152418)
[c=8789000000]
[c=8790000000]
cosim: 3522000000 retirements ok (pc=0000000000152c0a)
[c=8791000000]
cosim: 3523000000 retirements ok (pc=000000000015236e)
[c=8792000000]
[c=8793000000]
cosim: 3524000000 retirements ok (pc=0000000000151e32)
[c=8794000000]
cosim: 3525000000 retirements ok (pc=00000000001525ce)
[c=8795000000]
cosim: 3526000000 retirements ok (pc=00000000001524b0)
[c=8796000000]
[c=8797000000]
cosim: 3527000000 retirements ok (pc=000000000015229c)
[c=8798000000]
cosim: 3528000000 retirements ok (pc=0000000000151e84)
[c=8799000000]
cosim: 3529000000 retirements ok (pc=000000000015299a)
[c=8800000000]
[c=8801000000]
cosim: 3530000000 retirements ok (pc=000000000015294e)
[c=8802000000]
cosim: 3531000000 retirements ok (pc=0000000000152752)
[c=8803000000]
cosim: 3532000000 retirements ok (pc=000000000015242a)
[c=8804000000]
[c=8805000000]
cosim: 3533000000 retirements ok (pc=0000000000152d60)
[c=8806000000]
cosim: 3534000000 retirements ok (pc=000000000015211e)
[c=8807000000]
[c=8808000000]
cosim: 3535000000 retirements ok (pc=00000000001522e4)
[c=8809000000]
cosim: 3536000000 retirements ok (pc=0000000000152128)
[c=8810000000]
cosim: 3537000000 retirements ok (pc=0000000000152aaa)
[c=8811000000]
[c=8812000000]
cosim: 3538000000 retirements ok (pc=0000000000151f02)
[c=8813000000]
cosim: 3539000000 retirements ok (pc=0000000000152822)
[c=8814000000]
[c=8815000000]
cosim: 3540000000 retirements ok (pc=00000000001529b0)
[c=8816000000]
cosim: 3541000000 retirements ok (pc=00000000001520de)
[c=8817000000]
cosim: 3542000000 retirements ok (pc=0000000000152962)
[c=8818000000]
[c=8819000000]
cosim: 3543000000 retirements ok (pc=000000000015256a)
[c=8820000000]
cosim: 3544000000 retirements ok (pc=000000000015259c)
[c=8821000000]
cosim: 3545000000 retirements ok (pc=0000000000151ec6)
[c=8822000000]
[c=8823000000]
cosim: 3546000000 retirements ok (pc=0000000000152864)
[c=8824000000]
cosim: 3547000000 retirements ok (pc=00000000001521ac)
[c=8825000000]
[c=8826000000]
cosim: 3548000000 retirements ok (pc=0000000000152ad8)
[c=8827000000]
cosim: 3549000000 retirements ok (pc=000000000015275e)
[c=8828000000]
cosim: 3550000000 retirements ok (pc=0000000000151f3a)
[c=8829000000]
[c=8830000000]
cosim: 3551000000 retirements ok (pc=00000000001522fa)
[c=8831000000]
cosim: 3552000000 retirements ok (pc=000000000015255c)
[c=8832000000]
[c=8833000000]
[c=8834000000]
[c=8835000000]
cosim: 3553000000 retirements ok (pc=0000000000152d40)
[c=8836000000]
cosim: 3554000000 retirements ok (pc=0000000000152b30)
[c=8837000000]
[c=8838000000]
cosim: 3555000000 retirements ok (pc=0000000000152268)
[c=8839000000]
cosim: 3556000000 retirements ok (pc=000000000015214a)
[c=8840000000]
[c=8841000000]
cosim: 3557000000 retirements ok (pc=00000000001523e0)
[c=8842000000]
cosim: 3558000000 retirements ok (pc=0000000000152dcc)
[c=8843000000]
cosim: 3559000000 retirements ok (pc=ffffffff80063fbe)
[c=8844000000]
[c=8845000000]
cosim: 3560000000 retirements ok (pc=00000000001524b0)
[c=8846000000]
cosim: 3561000000 retirements ok (pc=0000000000152378)
[c=8847000000]
cosim: 3562000000 retirements ok (pc=0000000000152314)
[c=8848000000]
[c=8849000000]
cosim: 3563000000 retirements ok (pc=0000000000152b00)
[c=8850000000]
cosim: 3564000000 retirements ok (pc=0000000000152998)
[c=8851000000]
cosim: 3565000000 retirements ok (pc=0000000000152b1c)
[c=8852000000]
[c=8853000000]
cosim: 3566000000 retirements ok (pc=00000000001529ec)
[c=8854000000]
cosim: 3567000000 retirements ok (pc=0000000000152d12)
[c=8855000000]
[c=8856000000]
cosim: 3568000000 retirements ok (pc=0000000000151fa6)
[c=8857000000]
cosim: 3569000000 retirements ok (pc=0000000000152c32)
[c=8858000000]
cosim: 3570000000 retirements ok (pc=0000000000151f12)
[c=8859000000]
[c=8860000000]
cosim: 3571000000 retirements ok (pc=0000000000152946)
[c=8861000000]
cosim: 3572000000 retirements ok (pc=0000000000152b14)
[c=8862000000]
[c=8863000000]
cosim: 3573000000 retirements ok (pc=00000000001525f2)
[c=8864000000]
cosim: 3574000000 retirements ok (pc=00000000001522f4)
[c=8865000000]
cosim: 3575000000 retirements ok (pc=000000000015249e)
[c=8866000000]
[c=8867000000]
cosim: 3576000000 retirements ok (pc=0000000000152ade)
[c=8868000000]
cosim: 3577000000 retirements ok (pc=00000000001521a4)
[c=8869000000]
[c=8870000000]
cosim: 3578000000 retirements ok (pc=0000000000152898)
[c=8871000000]
cosim: 3579000000 retirements ok (pc=000000000015286e)
[c=8872000000]
cosim: 3580000000 retirements ok (pc=0000000000152168)
[c=8873000000]
[c=8874000000]
cosim: 3581000000 retirements ok (pc=000000000015278c)
[c=8875000000]
cosim: 3582000000 retirements ok (pc=0000000000152b82)
[c=8876000000]
cosim: 3583000000 retirements ok (pc=000000000014c644)
[c=8877000000]
[c=8878000000]
cosim: 3584000000 retirements ok (pc=0000000000152b84)
[c=8879000000]
cosim: 3585000000 retirements ok (pc=0000000000152016)
[c=8880000000]
[c=8881000000]
cosim: 3586000000 retirements ok (pc=0000000000152230)
[c=8882000000]
cosim: 3587000000 retirements ok (pc=00000000001520c4)
[c=8883000000]
cosim: 3588000000 retirements ok (pc=00000000001526f8)
[c=8884000000]
[c=8885000000]
cosim: 3589000000 retirements ok (pc=000000000015245e)
[c=8886000000]
cosim: 3590000000 retirements ok (pc=0000000000151d4e)
[c=8887000000]
[c=8888000000]
cosim: 3591000000 retirements ok (pc=00000000001529da)
[c=8889000000]
cosim: 3592000000 retirements ok (pc=0000000000152812)
[c=8890000000]
cosim: 3593000000 retirements ok (pc=000000000015206c)
[c=8891000000]
[c=8892000000]
cosim: 3594000000 retirements ok (pc=0000000000152072)
[c=8893000000]
cosim: 3595000000 retirements ok (pc=0000000000152052)
[c=8894000000]
cosim: 3596000000 retirements ok (pc=0000000000151e8c)
[c=8895000000]
[c=8896000000]
cosim: 3597000000 retirements ok (pc=00000000001523d0)
[c=8897000000]
cosim: 3598000000 retirements ok (pc=000000000015271c)
[c=8898000000]
[c=8899000000]
cosim: 3599000000 retirements ok (pc=00000000001526b8)
[c=8900000000]
cosim: 3600000000 retirements ok (pc=000000000015216c)
[c=8901000000]
cosim: 3601000000 retirements ok (pc=0000000000152258)
[c=8902000000]
[c=8903000000]
cosim: 3602000000 retirements ok (pc=0000000000152688)
[c=8904000000]
cosim: 3603000000 retirements ok (pc=0000000000152418)
[c=8905000000]
cosim: 3604000000 retirements ok (pc=0000000000151e78)
[c=8906000000]
[c=8907000000]
cosim: 3605000000 retirements ok (pc=0000000000152922)
[c=8908000000]
cosim: 3606000000 retirements ok (pc=00000000001526b4)
[c=8909000000]
cosim: 3607000000 retirements ok (pc=00000000001529b2)
[c=8910000000]
[c=8911000000]
cosim: 3608000000 retirements ok (pc=0000000000152d60)
[c=8912000000]
cosim: 3609000000 retirements ok (pc=0000000000152004)
[c=8913000000]
[c=8914000000]
cosim: 3610000000 retirements ok (pc=0000000000152a54)
[c=8915000000]
cosim: 3611000000 retirements ok (pc=0000000000152512)
[c=8916000000]
cosim: 3612000000 retirements ok (pc=00000000001525ce)
[c=8917000000]
[c=8918000000]
cosim: 3613000000 retirements ok (pc=0000000000152056)
[c=8919000000]
cosim: 3614000000 retirements ok (pc=00000000001524d6)
[c=8920000000]
[c=8921000000]
cosim: 3615000000 retirements ok (pc=00000000001529ee)
[c=8922000000]
cosim: 3616000000 retirements ok (pc=000000000015202e)
[c=8923000000]
cosim: 3617000000 retirements ok (pc=0000000000151e22)
[c=8924000000]
[c=8925000000]
cosim: 3618000000 retirements ok (pc=0000000000151da0)
[c=8926000000]
cosim: 3619000000 retirements ok (pc=00000000001527e4)
[c=8927000000]
cosim: 3620000000 retirements ok (pc=0000000000152244)
[c=8928000000]
[c=8929000000]
cosim: 3621000000 retirements ok (pc=0000000000151e5c)
[c=8930000000]
cosim: 3622000000 retirements ok (pc=0000000000151e10)
[c=8931000000]
cosim: 3623000000 retirements ok (pc=000000000015204a)
[c=8932000000]
[c=8933000000]
cosim: 3624000000 retirements ok (pc=0000000000152b1a)
[c=8934000000]
cosim: 3625000000 retirements ok (pc=00000000001525ae)
[c=8935000000]
cosim: 3626000000 retirements ok (pc=0000000000152782)
[c=8936000000]
[c=8937000000]
cosim: 3627000000 retirements ok (pc=0000000000152ad8)
[c=8938000000]
cosim: 3628000000 retirements ok (pc=0000000000152826)
[c=8939000000]
[c=8940000000]
cosim: 3629000000 retirements ok (pc=0000000000152ca2)
[c=8941000000]
cosim: 3630000000 retirements ok (pc=000000000014c876)
[c=8942000000]
cosim: 3631000000 retirements ok (pc=000000000015213e)
[c=8943000000]
[c=8944000000]
cosim: 3632000000 retirements ok (pc=00000000001520b2)
[c=8945000000]
cosim: 3633000000 retirements ok (pc=00000000001523e0)
[c=8946000000]
[c=8947000000]
cosim: 3634000000 retirements ok (pc=0000000000151d4c)
[c=8948000000]
cosim: 3635000000 retirements ok (pc=0000000000152114)
[c=8949000000]
cosim: 3636000000 retirements ok (pc=00000000001521ac)
[c=8950000000]
[c=8951000000]
cosim: 3637000000 retirements ok (pc=0000000000152c00)
[c=8952000000]
cosim: 3638000000 retirements ok (pc=0000000000151ede)
[c=8953000000]
cosim: 3639000000 retirements ok (pc=00000000001522f4)
[c=8954000000]
[c=8955000000]
cosim: 3640000000 retirements ok (pc=0000000000152cee)
[c=8956000000]
cosim: 3641000000 retirements ok (pc=00000000001528b4)
[c=8957000000]
cosim: 3642000000 retirements ok (pc=0000000000152802)
[c=8958000000]
[c=8959000000]
cosim: 3643000000 retirements ok (pc=0000000000152080)
[c=8960000000]
cosim: 3644000000 retirements ok (pc=0000000000152026)
[c=8961000000]
[c=8962000000]
cosim: 3645000000 retirements ok (pc=0000000000152d40)
[c=8963000000]
cosim: 3646000000 retirements ok (pc=00000000001526c2)
[c=8964000000]
cosim: 3647000000 retirements ok (pc=0000000000152610)
[c=8965000000]
[c=8966000000]
cosim: 3648000000 retirements ok (pc=000000000015299c)
[c=8967000000]
cosim: 3649000000 retirements ok (pc=0000000000152400)
[c=8968000000]
cosim: 3650000000 retirements ok (pc=0000000000152900)
[c=8969000000]
[c=8970000000]
cosim: 3651000000 retirements ok (pc=00000000001523fc)
[c=8971000000]
cosim: 3652000000 retirements ok (pc=00000000001521dc)
[c=8972000000]
[c=8973000000]
cosim: 3653000000 retirements ok (pc=0000000000152a66)
[c=8974000000]
cosim: 3654000000 retirements ok (pc=00000000001529b8)
[c=8975000000]
cosim: 3655000000 retirements ok (pc=0000000000152dec)
[c=8976000000]
[c=8977000000]
cosim: 3656000000 retirements ok (pc=000000000015214e)
[c=8978000000]
cosim: 3657000000 retirements ok (pc=0000000000152bfa)
[c=8979000000]
cosim: 3658000000 retirements ok (pc=0000000000152aa0)
[c=8980000000]
[c=8981000000]
cosim: 3659000000 retirements ok (pc=00000000001524e6)
[c=8982000000]
cosim: 3660000000 retirements ok (pc=0000000000152176)
[c=8983000000]
[c=8984000000]
cosim: 3661000000 retirements ok (pc=0000000000152d32)
[c=8985000000]
cosim: 3662000000 retirements ok (pc=ffffffff80531144)
[c=8986000000]
cosim: 3663000000 retirements ok (pc=000000000015256e)
[c=8987000000]
[c=8988000000]
cosim: 3664000000 retirements ok (pc=0000000000151e60)
[c=8989000000]
cosim: 3665000000 retirements ok (pc=0000000000152466)
[c=8990000000]
cosim: 3666000000 retirements ok (pc=0000000000152466)
[c=8991000000]
[c=8992000000]
cosim: 3667000000 retirements ok (pc=0000000000151f64)
[c=8993000000]
cosim: 3668000000 retirements ok (pc=000000000015232a)
[c=8994000000]
cosim: 3669000000 retirements ok (pc=0000000000152dde)
[c=8995000000]
[c=8996000000]
cosim: 3670000000 retirements ok (pc=00000000001529b8)
[c=8997000000]
cosim: 3671000000 retirements ok (pc=0000000000151dd2)
[c=8998000000]
[c=8999000000]
cosim: 3672000000 retirements ok (pc=0000000000152896)
[c=9000000000]
cosim: 3673000000 retirements ok (pc=000000000015214c)
[c=9001000000]
cosim: 3674000000 retirements ok (pc=0000000000152118)
[c=9002000000]
[c=9003000000]
cosim: 3675000000 retirements ok (pc=0000000000151e6a)
[c=9004000000]
cosim: 3676000000 retirements ok (pc=0000000000152afa)
[c=9005000000]
[c=9006000000]
cosim: 3677000000 retirements ok (pc=0000000000152dcc)
[c=9007000000]
cosim: 3678000000 retirements ok (pc=00000000001522bc)
[c=9008000000]
cosim: 3679000000 retirements ok (pc=0000000000151ff0)
[c=9009000000]
[c=9010000000]
cosim: 3680000000 retirements ok (pc=000000000015263e)
[c=9011000000]
cosim: 3681000000 retirements ok (pc=0000000000151f76)
[c=9012000000]
cosim: 3682000000 retirements ok (pc=0000000000152286)
[c=9013000000]
[c=9014000000]
cosim: 3683000000 retirements ok (pc=0000000000151f72)
[c=9015000000]
cosim: 3684000000 retirements ok (pc=0000000000152480)
[c=9016000000]
[c=9017000000]
cosim: 3685000000 retirements ok (pc=0000000000152a98)
[c=9018000000]
cosim: 3686000000 retirements ok (pc=00000000001526e2)
[c=9019000000]
cosim: 3687000000 retirements ok (pc=000000000015233c)
[c=9020000000]
[c=9021000000]
cosim: 3688000000 retirements ok (pc=0000000000152268)
[c=9022000000]
cosim: 3689000000 retirements ok (pc=0000000000152002)
[c=9023000000]
[c=9024000000]
cosim: 3690000000 retirements ok (pc=0000000000152684)
[c=9025000000]
cosim: 3691000000 retirements ok (pc=0000000000152924)
[c=9026000000]
cosim: 3692000000 retirements ok (pc=0000000000152856)
[c=9027000000]
[c=9028000000]
cosim: 3693000000 retirements ok (pc=0000000000151e60)
[c=9029000000]
cosim: 3694000000 retirements ok (pc=0000000000152c3c)
[c=9030000000]
cosim: 3695000000 retirements ok (pc=00000000001520ec)
[c=9031000000]
[c=9032000000]
cosim: 3696000000 retirements ok (pc=ffffffff800597e2)
[c=9033000000]
cosim: 3697000000 retirements ok (pc=00000000001521aa)
[c=9034000000]
[c=9035000000]
cosim: 3698000000 retirements ok (pc=0000000000152a02)
[c=9036000000]
cosim: 3699000000 retirements ok (pc=0000000000151dde)
[c=9037000000]
cosim: 3700000000 retirements ok (pc=0000000000152752)
[c=9038000000]
[c=9039000000]
cosim: 3701000000 retirements ok (pc=00000000001528c2)
[c=9040000000]
cosim: 3702000000 retirements ok (pc=0000000000152732)
[c=9041000000]
cosim: 3703000000 retirements ok (pc=0000000000151f06)
[c=9042000000]
[c=9043000000]
cosim: 3704000000 retirements ok (pc=0000000000152c94)
[c=9044000000]
cosim: 3705000000 retirements ok (pc=ffffffff808e413a)
[c=9045000000]
cosim: 3706000000 retirements ok (pc=0000000000152034)
[c=9046000000]
[c=9047000000]
cosim: 3707000000 retirements ok (pc=00000000001522e0)
[c=9048000000]
cosim: 3708000000 retirements ok (pc=00000000001524b6)
[c=9049000000]
[c=9050000000]
cosim: 3709000000 retirements ok (pc=000000000015203a)
[c=9051000000]
cosim: 3710000000 retirements ok (pc=00000000001523e0)
[c=9052000000]
cosim: 3711000000 retirements ok (pc=0000000000152dee)
[c=9053000000]
[c=9054000000]
cosim: 3712000000 retirements ok (pc=0000000000152a8c)
[c=9055000000]
cosim: 3713000000 retirements ok (pc=0000000000152d7e)
[c=9056000000]
[c=9057000000]
cosim: 3714000000 retirements ok (pc=0000000000151dfa)
[c=9058000000]
cosim: 3715000000 retirements ok (pc=0000000000152c42)
[c=9059000000]
cosim: 3716000000 retirements ok (pc=000000000015255c)
[c=9060000000]
[c=9061000000]
cosim: 3717000000 retirements ok (pc=0000000000151ef4)
[c=9062000000]
cosim: 3718000000 retirements ok (pc=000000000015263a)
[c=9063000000]
cosim: 3719000000 retirements ok (pc=0000000000152c70)
[c=9064000000]
[c=9065000000]
cosim: 3720000000 retirements ok (pc=0000000000152550)
[c=9066000000]
cosim: 3721000000 retirements ok (pc=0000000000152250)
[c=9067000000]
cosim: 3722000000 retirements ok (pc=0000000000152b56)
[c=9068000000]
[c=9069000000]
cosim: 3723000000 retirements ok (pc=000000000015230e)
[c=9070000000]
cosim: 3724000000 retirements ok (pc=0000000000152bec)
[c=9071000000]
cosim: 3725000000 retirements ok (pc=0000000000152282)
[c=9072000000]
[c=9073000000]
cosim: 3726000000 retirements ok (pc=0000000000151dda)
[c=9074000000]
cosim: 3727000000 retirements ok (pc=0000000000152bd8)
[c=9075000000]
[c=9076000000]
cosim: 3728000000 retirements ok (pc=00000000001524c2)
[c=9077000000]
cosim: 3729000000 retirements ok (pc=00000000001525ec)
[c=9078000000]
cosim: 3730000000 retirements ok (pc=00000000001524ce)
[c=9079000000]
[c=9080000000]
cosim: 3731000000 retirements ok (pc=0000000000152d0c)
[c=9081000000]
cosim: 3732000000 retirements ok (pc=00000000001524f0)
[c=9082000000]
[c=9083000000]
cosim: 3733000000 retirements ok (pc=00000000001526b0)
[c=9084000000]
cosim: 3734000000 retirements ok (pc=0000000000151f4e)
[c=9085000000]
cosim: 3735000000 retirements ok (pc=0000000000151f8e)
[c=9086000000]
[c=9087000000]
cosim: 3736000000 retirements ok (pc=00000000001528be)
[c=9088000000]
cosim: 3737000000 retirements ok (pc=0000000000152196)
[c=9089000000]
cosim: 3738000000 retirements ok (pc=00000000001524bc)
[c=9090000000]
[c=9091000000]
cosim: 3739000000 retirements ok (pc=0000000000152614)
[c=9092000000]
cosim: 3740000000 retirements ok (pc=0000000000152afa)
[c=9093000000]
[c=9094000000]
cosim: 3741000000 retirements ok (pc=0000000000152a34)
[c=9095000000]
cosim: 3742000000 retirements ok (pc=00000000001526d8)
[c=9096000000]
cosim: 3743000000 retirements ok (pc=00000000001529c2)
[c=9097000000]
[c=9098000000]
cosim: 3744000000 retirements ok (pc=0000000000151fbc)
[c=9099000000]
cosim: 3745000000 retirements ok (pc=0000000000151e62)
[c=9100000000]
cosim: 3746000000 retirements ok (pc=0000000000151e2e)
[c=9101000000]
[c=9102000000]
cosim: 3747000000 retirements ok (pc=00000000001528bc)
[c=9103000000]
cosim: 3748000000 retirements ok (pc=0000000000152bfc)
[c=9104000000]
cosim: 3749000000 retirements ok (pc=0000000000152866)
[c=9105000000]
[c=9106000000]
cosim: 3750000000 retirements ok (pc=00000000001525ac)
[c=9107000000]
[c=9108000000]
[c=9109000000]
[c=9110000000]
cosim: 3751000000 retirements ok (pc=000000000015253e)
[c=9111000000]
cosim: 3752000000 retirements ok (pc=0000000000152238)
[c=9112000000]
[c=9113000000]
cosim: 3753000000 retirements ok (pc=0000000000152db4)
[c=9114000000]
cosim: 3754000000 retirements ok (pc=0000000000152d62)
[c=9115000000]
cosim: 3755000000 retirements ok (pc=00000000001524b4)
[c=9116000000]
[c=9117000000]
cosim: 3756000000 retirements ok (pc=0000000000152a1e)
[c=9118000000]
cosim: 3757000000 retirements ok (pc=0000000000151f64)
[c=9119000000]
[c=9120000000]
cosim: 3758000000 retirements ok (pc=0000000000152c1e)
[c=9121000000]
cosim: 3759000000 retirements ok (pc=000000000015276e)
[c=9122000000]
cosim: 3760000000 retirements ok (pc=00000000001520de)
[c=9123000000]
[c=9124000000]
cosim: 3761000000 retirements ok (pc=0000000000152a44)
[c=9125000000]
cosim: 3762000000 retirements ok (pc=0000000000152596)
[c=9126000000]
cosim: 3763000000 retirements ok (pc=0000000000152a96)
[c=9127000000]
[c=9128000000]
cosim: 3764000000 retirements ok (pc=0000000000151e78)
[c=9129000000]
cosim: 3765000000 retirements ok (pc=00000000001521c6)
[c=9130000000]
[c=9131000000]
cosim: 3766000000 retirements ok (pc=0000000000152dcc)
[c=9132000000]
cosim: 3767000000 retirements ok (pc=0000000000152648)
[c=9133000000]
cosim: 3768000000 retirements ok (pc=0000000000151fbc)
[c=9134000000]
[c=9135000000]
cosim: 3769000000 retirements ok (pc=0000000000152422)
[c=9136000000]
cosim: 3770000000 retirements ok (pc=0000000000152b7e)
[c=9137000000]
cosim: 3771000000 retirements ok (pc=0000000000152b72)
[c=9138000000]
[c=9139000000]
cosim: 3772000000 retirements ok (pc=000000000015263e)
[c=9140000000]
cosim: 3773000000 retirements ok (pc=0000000000152cdc)
[c=9141000000]
cosim: 3774000000 retirements ok (pc=0000000000152860)
[c=9142000000]
[c=9143000000]
cosim: 3775000000 retirements ok (pc=ffffffff805311e2)
[c=9144000000]
cosim: 3776000000 retirements ok (pc=0000000000151e78)
[c=9145000000]
[c=9146000000]
cosim: 3777000000 retirements ok (pc=0000000000151f2a)
[c=9147000000]
cosim: 3778000000 retirements ok (pc=0000000000152892)
[c=9148000000]
cosim: 3779000000 retirements ok (pc=000000000015219a)
[c=9149000000]
[c=9150000000]
cosim: 3780000000 retirements ok (pc=000000000015242e)
[c=9151000000]
cosim: 3781000000 retirements ok (pc=00000000001527da)
[c=9152000000]
[c=9153000000]
cosim: 3782000000 retirements ok (pc=0000000000152890)
[c=9154000000]
cosim: 3783000000 retirements ok (pc=0000000000151ef6)
[c=9155000000]
cosim: 3784000000 retirements ok (pc=0000000000152be0)
[c=9156000000]
[c=9157000000]
cosim: 3785000000 retirements ok (pc=0000000000151fe2)
[c=9158000000]
cosim: 3786000000 retirements ok (pc=00000000001522b6)
[c=9159000000]
cosim: 3787000000 retirements ok (pc=0000000000152684)
[c=9160000000]
[c=9161000000]
cosim: 3788000000 retirements ok (pc=000000000015281e)
[c=9162000000]
cosim: 3789000000 retirements ok (pc=0000000000152ade)
[c=9163000000]
[c=9164000000]
cosim: 3790000000 retirements ok (pc=0000000000152896)
[c=9165000000]
cosim: 3791000000 retirements ok (pc=00000000001525dc)
[c=9166000000]
[c=9167000000]
cosim: 3792000000 retirements ok (pc=00000000001525dc)
[c=9168000000]
cosim: 3793000000 retirements ok (pc=ffffffff800a3748)
[c=9169000000]
cosim: 3794000000 retirements ok (pc=0000000000151de6)
[c=9170000000]
[c=9171000000]
cosim: 3795000000 retirements ok (pc=000000000015275a)
[c=9172000000]
cosim: 3796000000 retirements ok (pc=0000000000152a32)
[c=9173000000]
cosim: 3797000000 retirements ok (pc=0000000000151dbc)
[c=9174000000]
[c=9175000000]
cosim: 3798000000 retirements ok (pc=00000000001525a8)
[c=9176000000]
cosim: 3799000000 retirements ok (pc=0000000000152976)
[c=9177000000]
[c=9178000000]
cosim: 3800000000 retirements ok (pc=000000000015219e)
[c=9179000000]
cosim: 3801000000 retirements ok (pc=00000000001522f2)
[c=9180000000]
cosim: 3802000000 retirements ok (pc=00000000001529de)
[c=9181000000]
[c=9182000000]
cosim: 3803000000 retirements ok (pc=0000000000152dd0)
[c=9183000000]
cosim: 3804000000 retirements ok (pc=0000000000152aaa)
[c=9184000000]
cosim: 3805000000 retirements ok (pc=0000000000152942)
[c=9185000000]
[c=9186000000]
cosim: 3806000000 retirements ok (pc=0000000000152b3a)
[c=9187000000]
cosim: 3807000000 retirements ok (pc=000000000015232c)
[c=9188000000]
[c=9189000000]
cosim: 3808000000 retirements ok (pc=0000000000152100)
[c=9190000000]
cosim: 3809000000 retirements ok (pc=0000000000151e82)
[c=9191000000]
cosim: 3810000000 retirements ok (pc=0000000000152c4e)
[c=9192000000]
[c=9193000000]
cosim: 3811000000 retirements ok (pc=00000000001524d2)
[c=9194000000]
cosim: 3812000000 retirements ok (pc=000000000015249e)
[c=9195000000]
cosim: 3813000000 retirements ok (pc=0000000000152124)
[c=9196000000]
[c=9197000000]
cosim: 3814000000 retirements ok (pc=000000000015204e)
[c=9198000000]
cosim: 3815000000 retirements ok (pc=0000000000151fec)
[c=9199000000]
cosim: 3816000000 retirements ok (pc=0000000000152370)
[c=9200000000]
[c=9201000000]
cosim: 3817000000 retirements ok (pc=000000000015220a)
[c=9202000000]
cosim: 3818000000 retirements ok (pc=00000000001529ce)
[c=9203000000]
[c=9204000000]
cosim: 3819000000 retirements ok (pc=000000000015217a)
[c=9205000000]
cosim: 3820000000 retirements ok (pc=00000000001524a8)
[c=9206000000]
cosim: 3821000000 retirements ok (pc=00000000001521e4)
[c=9207000000]
[c=9208000000]
cosim: 3822000000 retirements ok (pc=00000000001521aa)
[c=9209000000]
cosim: 3823000000 retirements ok (pc=0000000000152992)
[c=9210000000]
cosim: 3824000000 retirements ok (pc=00000000001527f8)
[c=9211000000]
[c=9212000000]
cosim: 3825000000 retirements ok (pc=00000000001521ac)
[c=9213000000]
cosim: 3826000000 retirements ok (pc=000000000015276c)
[c=9214000000]
[c=9215000000]
cosim: 3827000000 retirements ok (pc=000000000015272c)
[c=9216000000]
cosim: 3828000000 retirements ok (pc=0000000000152b64)
[c=9217000000]
cosim: 3829000000 retirements ok (pc=0000000000152a06)
[c=9218000000]
[c=9219000000]
cosim: 3830000000 retirements ok (pc=0000000000152858)
[c=9220000000]
cosim: 3831000000 retirements ok (pc=000000000015252a)
[c=9221000000]
cosim: 3832000000 retirements ok (pc=0000000000151fb6)
[c=9222000000]
[c=9223000000]
cosim: 3833000000 retirements ok (pc=0000000000152802)
[c=9224000000]
cosim: 3834000000 retirements ok (pc=000000000015278a)
[c=9225000000]
cosim: 3835000000 retirements ok (pc=000000000015255c)
[c=9226000000]
[c=9227000000]
cosim: 3836000000 retirements ok (pc=0000000000151d4e)
[c=9228000000]
cosim: 3837000000 retirements ok (pc=000000000015212e)
[c=9229000000]
[c=9230000000]
cosim: 3838000000 retirements ok (pc=000000000015266c)
[c=9231000000]
cosim: 3839000000 retirements ok (pc=00000000001524b4)
[c=9232000000]
cosim: 3840000000 retirements ok (pc=00000000001523dc)
[c=9233000000]
[c=9234000000]
cosim: 3841000000 retirements ok (pc=0000000000152aa0)
[c=9235000000]
cosim: 3842000000 retirements ok (pc=00000000001522a0)
[c=9236000000]
cosim: 3843000000 retirements ok (pc=0000000000152a00)
[c=9237000000]
[c=9238000000]
cosim: 3844000000 retirements ok (pc=0000000000152284)
[c=9239000000]
cosim: 3845000000 retirements ok (pc=00000000001520ca)
[c=9240000000]
[c=9241000000]
cosim: 3846000000 retirements ok (pc=00000000001529ee)
[c=9242000000]
cosim: 3847000000 retirements ok (pc=000000000015289c)
[c=9243000000]
cosim: 3848000000 retirements ok (pc=0000000000151f7e)
[c=9244000000]
[c=9245000000]
cosim: 3849000000 retirements ok (pc=0000000000151dc4)
[c=9246000000]
cosim: 3850000000 retirements ok (pc=00000000001525e0)
[c=9247000000]
cosim: 3851000000 retirements ok (pc=ffffffff800af1d4)
[c=9248000000]
[c=9249000000]
cosim: 3852000000 retirements ok (pc=00000000001528d8)
[c=9250000000]
cosim: 3853000000 retirements ok (pc=00000000001526be)
[c=9251000000]
cosim: 3854000000 retirements ok (pc=0000000000152542)
[c=9252000000]
[c=9253000000]
cosim: 3855000000 retirements ok (pc=00000000001523a8)
[c=9254000000]
cosim: 3856000000 retirements ok (pc=00000000001521f6)
[c=9255000000]
[c=9256000000]
cosim: 3857000000 retirements ok (pc=0000000000151f6e)
[c=9257000000]
cosim: 3858000000 retirements ok (pc=0000000000152c32)
[c=9258000000]
cosim: 3859000000 retirements ok (pc=0000000000152d1a)
[c=9259000000]
[c=9260000000]
cosim: 3860000000 retirements ok (pc=0000000000152a5e)
[c=9261000000]
cosim: 3861000000 retirements ok (pc=000000000015240a)
[c=9262000000]
[c=9263000000]
cosim: 3862000000 retirements ok (pc=00000000001524a8)
[c=9264000000]
cosim: 3863000000 retirements ok (pc=0000000000152dee)
[c=9265000000]
cosim: 3864000000 retirements ok (pc=0000000000152ba2)
[c=9266000000]
[c=9267000000]
cosim: 3865000000 retirements ok (pc=000000000014c640)
[c=9268000000]
cosim: 3866000000 retirements ok (pc=0000000000151dc4)
[c=9269000000]
cosim: 3867000000 retirements ok (pc=0000000000152b8a)
[c=9270000000]
[c=9271000000]
cosim: 3868000000 retirements ok (pc=0000000000152c46)
[c=9272000000]
cosim: 3869000000 retirements ok (pc=0000000000152562)
[c=9273000000]
[c=9274000000]
cosim: 3870000000 retirements ok (pc=00000000001521ba)
[c=9275000000]
cosim: 3871000000 retirements ok (pc=00000000001521a8)
[c=9276000000]
cosim: 3872000000 retirements ok (pc=0000000000152058)
[c=9277000000]
cosim: 3873000000 retirements ok (pc=00000000001527d0)
[c=9278000000]
[c=9279000000]
cosim: 3874000000 retirements ok (pc=0000000000152012)
[c=9280000000]
cosim: 3875000000 retirements ok (pc=0000000000152414)
[c=9281000000]
[c=9282000000]
cosim: 3876000000 retirements ok (pc=0000000000152c0c)
[c=9283000000]
cosim: 3877000000 retirements ok (pc=0000000000151ed6)
[c=9284000000]
cosim: 3878000000 retirements ok (pc=00000000001526e4)
[c=9285000000]
[c=9286000000]
cosim: 3879000000 retirements ok (pc=000000000015253c)
[c=9287000000]
cosim: 3880000000 retirements ok (pc=0000000000152164)
[c=9288000000]
[c=9289000000]
cosim: 3881000000 retirements ok (pc=0000000000152258)
[c=9290000000]
cosim: 3882000000 retirements ok (pc=00000000001526d0)
[c=9291000000]
cosim: 3883000000 retirements ok (pc=0000000000152972)
[c=9292000000]
[c=9293000000]
cosim: 3884000000 retirements ok (pc=000000000015290c)
[c=9294000000]
cosim: 3885000000 retirements ok (pc=0000000000152294)
[c=9295000000]
cosim: 3886000000 retirements ok (pc=0000000000152d70)
[c=9296000000]
[c=9297000000]
cosim: 3887000000 retirements ok (pc=ffffffff8007ee90)
[c=9298000000]
cosim: 3888000000 retirements ok (pc=0000000000152158)
[c=9299000000]
[c=9300000000]
cosim: 3889000000 retirements ok (pc=0000000000152250)
[c=9301000000]
cosim: 3890000000 retirements ok (pc=00000000001524c0)
[c=9302000000]
cosim: 3891000000 retirements ok (pc=0000000000152872)
[c=9303000000]
[c=9304000000]
cosim: 3892000000 retirements ok (pc=0000000000152670)
[c=9305000000]
cosim: 3893000000 retirements ok (pc=00000000001527f0)
[c=9306000000]
[c=9307000000]
cosim: 3894000000 retirements ok (pc=0000000000152896)
[c=9308000000]
cosim: 3895000000 retirements ok (pc=0000000000151db0)
[c=9309000000]
[c=9310000000]
cosim: 3896000000 retirements ok (pc=000000000015249c)
[c=9311000000]
cosim: 3897000000 retirements ok (pc=0000000000151ed4)
[c=9312000000]
cosim: 3898000000 retirements ok (pc=0000000000152962)
[c=9313000000]
[c=9314000000]
cosim: 3899000000 retirements ok (pc=0000000000152c6c)
[c=9315000000]
cosim: 3900000000 retirements ok (pc=0000000000152924)
[c=9316000000]
cosim: 3901000000 retirements ok (pc=0000000000152082)
[c=9317000000]
[c=9318000000]
cosim: 3902000000 retirements ok (pc=0000000000152b6e)
[c=9319000000]
cosim: 3903000000 retirements ok (pc=0000000000151f5e)
[c=9320000000]
cosim: 3904000000 retirements ok (pc=00000000001523b0)
[c=9321000000]
[c=9322000000]
cosim: 3905000000 retirements ok (pc=00000000001528b2)
[c=9323000000]
cosim: 3906000000 retirements ok (pc=0000000000152472)
[c=9324000000]
[c=9325000000]
cosim: 3907000000 retirements ok (pc=0000000000151f16)
[c=9326000000]
cosim: 3908000000 retirements ok (pc=0000000000152972)
[c=9327000000]
cosim: 3909000000 retirements ok (pc=0000000000152c4a)
[c=9328000000]
[c=9329000000]
cosim: 3910000000 retirements ok (pc=00000000001524a2)
[c=9330000000]
cosim: 3911000000 retirements ok (pc=0000000000152344)
[c=9331000000]
cosim: 3912000000 retirements ok (pc=0000000000152c04)
[c=9332000000]
[c=9333000000]
cosim: 3913000000 retirements ok (pc=00000000001521c8)
[c=9334000000]
cosim: 3914000000 retirements ok (pc=0000000000152aa2)
[c=9335000000]
cosim: 3915000000 retirements ok (pc=0000000000152978)
[c=9336000000]
[c=9337000000]
cosim: 3916000000 retirements ok (pc=00000000001522a4)
[c=9338000000]
cosim: 3917000000 retirements ok (pc=0000000000152cf8)
[c=9339000000]
[c=9340000000]
cosim: 3918000000 retirements ok (pc=0000000000152248)
[c=9341000000]
cosim: 3919000000 retirements ok (pc=0000000000152ac6)
[c=9342000000]
cosim: 3920000000 retirements ok (pc=0000000000152c7a)
[c=9343000000]
[c=9344000000]
cosim: 3921000000 retirements ok (pc=00000000001520f8)
[c=9345000000]
cosim: 3922000000 retirements ok (pc=0000000000152ba0)
[c=9346000000]
cosim: 3923000000 retirements ok (pc=0000000000152600)
[c=9347000000]
[c=9348000000]
cosim: 3924000000 retirements ok (pc=0000000000152932)
[c=9349000000]
cosim: 3925000000 retirements ok (pc=00000000001528fc)
[c=9350000000]
[c=9351000000]
cosim: 3926000000 retirements ok (pc=00000000001521ac)
[c=9352000000]
cosim: 3927000000 retirements ok (pc=0000000000152dee)
[c=9353000000]
cosim: 3928000000 retirements ok (pc=00000000001526da)
[c=9354000000]
[c=9355000000]
cosim: 3929000000 retirements ok (pc=0000000000152b82)
[c=9356000000]
cosim: 3930000000 retirements ok (pc=00000000001524e0)
[c=9357000000]
[c=9358000000]
cosim: 3931000000 retirements ok (pc=0000000000152760)
[c=9359000000]
cosim: 3932000000 retirements ok (pc=000000000015268e)
[c=9360000000]
cosim: 3933000000 retirements ok (pc=00000000001525d6)
[c=9361000000]
cosim: 3934000000 retirements ok (pc=0000000000152792)
[c=9362000000]
[c=9363000000]
cosim: 3935000000 retirements ok (pc=0000000000152782)
[c=9364000000]
cosim: 3936000000 retirements ok (pc=00000000001524f6)
[c=9365000000]
[c=9366000000]
cosim: 3937000000 retirements ok (pc=0000000000152760)
[c=9367000000]
cosim: 3938000000 retirements ok (pc=0000000000152d1a)
[c=9368000000]
cosim: 3939000000 retirements ok (pc=0000000000152662)
[c=9369000000]
[c=9370000000]
cosim: 3940000000 retirements ok (pc=00000000001526a4)
[c=9371000000]
cosim: 3941000000 retirements ok (pc=0000000000152b06)
[c=9372000000]
[c=9373000000]
cosim: 3942000000 retirements ok (pc=0000000000151f88)
[c=9374000000]
cosim: 3943000000 retirements ok (pc=0000000000152c42)
[c=9375000000]
cosim: 3944000000 retirements ok (pc=0000000000152592)
[c=9376000000]
[c=9377000000]
cosim: 3945000000 retirements ok (pc=0000000000152004)
[c=9378000000]
cosim: 3946000000 retirements ok (pc=00000000001523dc)
[c=9379000000]
cosim: 3947000000 retirements ok (pc=0000000000151e5e)
[c=9380000000]
[c=9381000000]
cosim: 3948000000 retirements ok (pc=000000000015214c)
[c=9382000000]
[c=9383000000]
[c=9384000000]
[c=9385000000]
cosim: 3949000000 retirements ok (pc=00000000001526be)
[c=9386000000]
cosim: 3950000000 retirements ok (pc=000000000015218c)
[c=9387000000]
[c=9388000000]
cosim: 3951000000 retirements ok (pc=000000000015255a)
[c=9389000000]
cosim: 3952000000 retirements ok (pc=0000000000151e4a)
[c=9390000000]
cosim: 3953000000 retirements ok (pc=0000000000152de4)
[c=9391000000]
[c=9392000000]
cosim: 3954000000 retirements ok (pc=0000000000152d74)
[c=9393000000]
cosim: 3955000000 retirements ok (pc=0000000000151e74)
[c=9394000000]
[c=9395000000]
cosim: 3956000000 retirements ok (pc=0000000000152d9e)
[c=9396000000]
cosim: 3957000000 retirements ok (pc=000000000015258c)
[c=9397000000]
cosim: 3958000000 retirements ok (pc=00000000001521b6)
[c=9398000000]
[c=9399000000]
cosim: 3959000000 retirements ok (pc=0000000000151d48)
[c=9400000000]
cosim: 3960000000 retirements ok (pc=000000000015268e)
[c=9401000000]
cosim: 3961000000 retirements ok (pc=0000000000152404)
[c=9402000000]
[c=9403000000]
cosim: 3962000000 retirements ok (pc=000000000015276c)
[c=9404000000]
cosim: 3963000000 retirements ok (pc=0000000000152bba)
[c=9405000000]
cosim: 3964000000 retirements ok (pc=000000000015242a)
[c=9406000000]
[c=9407000000]
cosim: 3965000000 retirements ok (pc=00000000001523ce)
[c=9408000000]
cosim: 3966000000 retirements ok (pc=0000000000152778)
[c=9409000000]
[c=9410000000]
cosim: 3967000000 retirements ok (pc=0000000000152b76)
[c=9411000000]
cosim: 3968000000 retirements ok (pc=0000000000152a3a)
[c=9412000000]
cosim: 3969000000 retirements ok (pc=0000000000152422)
[c=9413000000]
[c=9414000000]
cosim: 3970000000 retirements ok (pc=0000000000151f02)
[c=9415000000]
cosim: 3971000000 retirements ok (pc=000000000015279a)
[c=9416000000]
cosim: 3972000000 retirements ok (pc=00000000001528c6)
[c=9417000000]
[c=9418000000]
cosim: 3973000000 retirements ok (pc=ffffffff800642f8)
[c=9419000000]
cosim: 3974000000 retirements ok (pc=00000000001524b4)
[c=9420000000]
[c=9421000000]
cosim: 3975000000 retirements ok (pc=0000000000152d0a)
[c=9422000000]
cosim: 3976000000 retirements ok (pc=000000000015214a)
[c=9423000000]
cosim: 3977000000 retirements ok (pc=0000000000152d7c)
[c=9424000000]
[c=9425000000]
cosim: 3978000000 retirements ok (pc=00000000001525c2)
[c=9426000000]
cosim: 3979000000 retirements ok (pc=0000000000152418)
[c=9427000000]
cosim: 3980000000 retirements ok (pc=00000000001528a0)
[c=9428000000]
[c=9429000000]
cosim: 3981000000 retirements ok (pc=ffffffff8004f8ee)
[c=9430000000]
cosim: 3982000000 retirements ok (pc=00000000001528a8)
[c=9431000000]
cosim: 3983000000 retirements ok (pc=0000000000152164)
[c=9432000000]
[c=9433000000]
cosim: 3984000000 retirements ok (pc=0000000000152038)
[c=9434000000]
cosim: 3985000000 retirements ok (pc=0000000000151ea6)
[c=9435000000]
[c=9436000000]
cosim: 3986000000 retirements ok (pc=0000000000152d3c)
[c=9437000000]
cosim: 3987000000 retirements ok (pc=000000000015273a)
[c=9438000000]
cosim: 3988000000 retirements ok (pc=000000000015257e)
[c=9439000000]
[c=9440000000]
cosim: 3989000000 retirements ok (pc=000000000015240e)
[c=9441000000]
cosim: 3990000000 retirements ok (pc=00000000001521c6)
[c=9442000000]
cosim: 3991000000 retirements ok (pc=00000000001527fe)
[c=9443000000]
[c=9444000000]
cosim: 3992000000 retirements ok (pc=0000000000152398)
[c=9445000000]
cosim: 3993000000 retirements ok (pc=0000000000152d82)
[c=9446000000]
[c=9447000000]
cosim: 3994000000 retirements ok (pc=0000000000151d48)
[c=9448000000]
cosim: 3995000000 retirements ok (pc=0000000000152dc8)
[c=9449000000]
cosim: 3996000000 retirements ok (pc=00000000001522e4)
[c=9450000000]
[c=9451000000]
cosim: 3997000000 retirements ok (pc=00000000001527de)
[c=9452000000]
cosim: 3998000000 retirements ok (pc=000000000015277c)
[c=9453000000]
[c=9454000000]
cosim: 3999000000 retirements ok (pc=0000000000151ee8)
[c=9455000000]
cosim: 4000000000 retirements ok (pc=000000000015276c)
[c=9456000000]
[c=9457000000]
cosim: 4001000000 retirements ok (pc=0000000000152464)
[c=9458000000]
cosim: 4002000000 retirements ok (pc=00000000001522ce)
[c=9459000000]
cosim: 4003000000 retirements ok (pc=0000000000152126)
[c=9460000000]
[c=9461000000]
cosim: 4004000000 retirements ok (pc=000000000015228a)
[c=9462000000]
cosim: 4005000000 retirements ok (pc=0000000000152a98)
[c=9463000000]
cosim: 4006000000 retirements ok (pc=000000000015228c)
[c=9464000000]
[c=9465000000]
cosim: 4007000000 retirements ok (pc=0000000000152260)
[c=9466000000]
cosim: 4008000000 retirements ok (pc=0000000000152c9e)
[c=9467000000]
cosim: 4009000000 retirements ok (pc=0000000000152572)
[c=9468000000]
[c=9469000000]
cosim: 4010000000 retirements ok (pc=00000000001522ae)
[c=9470000000]
cosim: 4011000000 retirements ok (pc=0000000000151e7a)
[c=9471000000]
[c=9472000000]
cosim: 4012000000 retirements ok (pc=0000000000152c2a)
[c=9473000000]
cosim: 4013000000 retirements ok (pc=0000000000152b60)
[c=9474000000]
cosim: 4014000000 retirements ok (pc=0000000000152838)
[c=9475000000]
[c=9476000000]
cosim: 4015000000 retirements ok (pc=0000000000152130)
[c=9477000000]
cosim: 4016000000 retirements ok (pc=0000000000152acc)
[c=9478000000]
cosim: 4017000000 retirements ok (pc=000000000015253c)
[c=9479000000]
[c=9480000000]
cosim: 4018000000 retirements ok (pc=0000000000151e74)
[c=9481000000]
cosim: 4019000000 retirements ok (pc=000000000015279a)
[c=9482000000]
[c=9483000000]
cosim: 4020000000 retirements ok (pc=00000000001525e8)
[c=9484000000]
cosim: 4021000000 retirements ok (pc=00000000001528f4)
[c=9485000000]
cosim: 4022000000 retirements ok (pc=0000000000152c2e)
[c=9486000000]
[c=9487000000]
cosim: 4023000000 retirements ok (pc=0000000000151f90)
[c=9488000000]
cosim: 4024000000 retirements ok (pc=000000000015213e)
[c=9489000000]
cosim: 4025000000 retirements ok (pc=0000000000152012)
[c=9490000000]
[c=9491000000]
cosim: 4026000000 retirements ok (pc=0000000000152c4a)
[c=9492000000]
cosim: 4027000000 retirements ok (pc=0000000000152b74)
[c=9493000000]
cosim: 4028000000 retirements ok (pc=0000000000152b1a)
[c=9494000000]
[c=9495000000]
cosim: 4029000000 retirements ok (pc=0000000000152cdc)
[c=9496000000]
cosim: 4030000000 retirements ok (pc=0000000000152618)
[c=9497000000]
[c=9498000000]
cosim: 4031000000 retirements ok (pc=000000000015292e)
[c=9499000000]
cosim: 4032000000 retirements ok (pc=00000000001521ba)
[c=9500000000]
cosim: 4033000000 retirements ok (pc=0000000000152164)
[c=9501000000]
[c=9502000000]
cosim: 4034000000 retirements ok (pc=00000000001520e2)
[c=9503000000]
cosim: 4035000000 retirements ok (pc=00000000001525fa)
[c=9504000000]
[c=9505000000]
cosim: 4036000000 retirements ok (pc=0000000000152066)
[c=9506000000]
cosim: 4037000000 retirements ok (pc=00000000001522b0)
[c=9507000000]
cosim: 4038000000 retirements ok (pc=0000000000152688)
[c=9508000000]
[c=9509000000]
cosim: 4039000000 retirements ok (pc=0000000000152584)
[c=9510000000]
cosim: 4040000000 retirements ok (pc=0000000000151f62)
[c=9511000000]
cosim: 4041000000 retirements ok (pc=00000000001529d2)
[c=9512000000]
[c=9513000000]
cosim: 4042000000 retirements ok (pc=0000000000151db2)
[c=9514000000]
cosim: 4043000000 retirements ok (pc=0000000000152130)
[c=9515000000]
[c=9516000000]
cosim: 4044000000 retirements ok (pc=0000000000152ba2)
[c=9517000000]
cosim: 4045000000 retirements ok (pc=00000000001525a0)
[c=9518000000]
cosim: 4046000000 retirements ok (pc=0000000000152b00)
[c=9519000000]
[c=9520000000]
cosim: 4047000000 retirements ok (pc=0000000000152476)
[c=9521000000]
cosim: 4048000000 retirements ok (pc=ffffffff800a47f6)
[c=9522000000]
cosim: 4049000000 retirements ok (pc=00000000001525d6)
[c=9523000000]
[c=9524000000]
cosim: 4050000000 retirements ok (pc=0000000000151ff0)
[c=9525000000]
cosim: 4051000000 retirements ok (pc=00000000001520ac)
[c=9526000000]
cosim: 4052000000 retirements ok (pc=000000000015203c)
[c=9527000000]
[c=9528000000]
cosim: 4053000000 retirements ok (pc=ffffffff800a3b54)
[c=9529000000]
cosim: 4054000000 retirements ok (pc=0000000000152136)
[c=9530000000]
[c=9531000000]
cosim: 4055000000 retirements ok (pc=0000000000152658)
[c=9532000000]
cosim: 4056000000 retirements ok (pc=0000000000151f1a)
[c=9533000000]
cosim: 4057000000 retirements ok (pc=0000000000152a90)
[c=9534000000]
[c=9535000000]
cosim: 4058000000 retirements ok (pc=0000000000151e2e)
[c=9536000000]
cosim: 4059000000 retirements ok (pc=ffffffff800a3cc8)
[c=9537000000]
cosim: 4060000000 retirements ok (pc=000000000015221a)
[c=9538000000]
[c=9539000000]
cosim: 4061000000 retirements ok (pc=0000000000152d54)
[c=9540000000]
cosim: 4062000000 retirements ok (pc=000000000015267a)
[c=9541000000]
[c=9542000000]
cosim: 4063000000 retirements ok (pc=0000000000152cc4)
[c=9543000000]
cosim: 4064000000 retirements ok (pc=00000000001527a2)
[c=9544000000]
cosim: 4065000000 retirements ok (pc=0000000000152736)
[c=9545000000]
[c=9546000000]
cosim: 4066000000 retirements ok (pc=00000000001526c6)
[c=9547000000]
cosim: 4067000000 retirements ok (pc=0000000000152130)
[c=9548000000]
cosim: 4068000000 retirements ok (pc=000000000015293e)
[c=9549000000]
[c=9550000000]
cosim: 4069000000 retirements ok (pc=0000000000152910)
[c=9551000000]
cosim: 4070000000 retirements ok (pc=0000000000152794)
[c=9552000000]
cosim: 4071000000 retirements ok (pc=0000000000152c8c)
[c=9553000000]
[c=9554000000]
cosim: 4072000000 retirements ok (pc=0000000000152680)
[c=9555000000]
cosim: 4073000000 retirements ok (pc=00000000001528fa)
[c=9556000000]
[c=9557000000]
cosim: 4074000000 retirements ok (pc=0000000000152890)
[c=9558000000]
cosim: 4075000000 retirements ok (pc=000000000015281a)
[c=9559000000]
cosim: 4076000000 retirements ok (pc=0000000000152ade)
[c=9560000000]
[c=9561000000]
cosim: 4077000000 retirements ok (pc=0000000000152412)
[c=9562000000]
cosim: 4078000000 retirements ok (pc=0000000000152562)
[c=9563000000]
[c=9564000000]
cosim: 4079000000 retirements ok (pc=0000000000151eda)
[c=9565000000]
cosim: 4080000000 retirements ok (pc=0000000000152892)
[c=9566000000]
cosim: 4081000000 retirements ok (pc=0000000000152240)
[c=9567000000]
[c=9568000000]
cosim: 4082000000 retirements ok (pc=0000000000151d4a)
[c=9569000000]
cosim: 4083000000 retirements ok (pc=000000000015239a)
[c=9570000000]
cosim: 4084000000 retirements ok (pc=00000000001521ee)
[c=9571000000]
[c=9572000000]
cosim: 4085000000 retirements ok (pc=0000000000152d0c)
[c=9573000000]
cosim: 4086000000 retirements ok (pc=0000000000151dc8)
[c=9574000000]
cosim: 4087000000 retirements ok (pc=0000000000152de4)
[c=9575000000]
[c=9576000000]
cosim: 4088000000 retirements ok (pc=00000000001522bc)
[c=9577000000]
cosim: 4089000000 retirements ok (pc=00000000001520f4)
[c=9578000000]
cosim: 4090000000 retirements ok (pc=0000000000152900)
[c=9579000000]
[c=9580000000]
cosim: 4091000000 retirements ok (pc=00000000001521ea)
[c=9581000000]
cosim: 4092000000 retirements ok (pc=0000000000152aba)
[c=9582000000]
[c=9583000000]
cosim: 4093000000 retirements ok (pc=00000000001522a8)
[c=9584000000]
cosim: 4094000000 retirements ok (pc=000000000015213c)
[c=9585000000]
cosim: 4095000000 retirements ok (pc=00000000001525dc)
[c=9586000000]
[c=9587000000]
cosim: 4096000000 retirements ok (pc=0000000000152a24)
[c=9588000000]
cosim: 4097000000 retirements ok (pc=ffffffff8004f870)
[c=9589000000]
[c=9590000000]
cosim: 4098000000 retirements ok (pc=0000000000152256)
[c=9591000000]
cosim: 4099000000 retirements ok (pc=0000000000152ba2)
[c=9592000000]
cosim: 4100000000 retirements ok (pc=00000000001521b2)
[c=9593000000]
[c=9594000000]
cosim: 4101000000 retirements ok (pc=000000000015261c)
[c=9595000000]
cosim: 4102000000 retirements ok (pc=0000000000151de2)
[c=9596000000]
[c=9597000000]
cosim: 4103000000 retirements ok (pc=0000000000152254)
[c=9598000000]
cosim: 4104000000 retirements ok (pc=0000000000152478)
[c=9599000000]
[c=9600000000]
cosim: 4105000000 retirements ok (pc=0000000000152490)
[c=9601000000]
cosim: 4106000000 retirements ok (pc=0000000000152096)
[c=9602000000]
cosim: 4107000000 retirements ok (pc=0000000000151d9c)
[c=9603000000]
cosim: 4108000000 retirements ok (pc=0000000000152d90)
[c=9604000000]
[c=9605000000]
cosim: 4109000000 retirements ok (pc=0000000000151dde)
[c=9606000000]
cosim: 4110000000 retirements ok (pc=0000000000152296)
[c=9607000000]
[c=9608000000]
cosim: 4111000000 retirements ok (pc=0000000000152b0e)
[c=9609000000]
cosim: 4112000000 retirements ok (pc=0000000000151e70)
[c=9610000000]
cosim: 4113000000 retirements ok (pc=0000000000152c70)
[c=9611000000]
[c=9612000000]
cosim: 4114000000 retirements ok (pc=0000000000151f54)
[c=9613000000]
cosim: 4115000000 retirements ok (pc=0000000000152b92)
[c=9614000000]
[c=9615000000]
cosim: 4116000000 retirements ok (pc=0000000000152c40)
[c=9616000000]
cosim: 4117000000 retirements ok (pc=0000000000152b06)
[c=9617000000]
cosim: 4118000000 retirements ok (pc=00000000001527cc)
[c=9618000000]
[c=9619000000]
cosim: 4119000000 retirements ok (pc=0000000000152502)
[c=9620000000]
cosim: 4120000000 retirements ok (pc=00000000001525a0)
[c=9621000000]
cosim: 4121000000 retirements ok (pc=00000000001528b4)
[c=9622000000]
[c=9623000000]
cosim: 4122000000 retirements ok (pc=0000000000152c74)
[c=9624000000]
cosim: 4123000000 retirements ok (pc=00000000001520a2)
[c=9625000000]
[c=9626000000]
cosim: 4124000000 retirements ok (pc=0000000000152492)
[c=9627000000]
cosim: 4125000000 retirements ok (pc=0000000000152b6c)
[c=9628000000]
cosim: 4126000000 retirements ok (pc=000000000015290c)
[c=9629000000]
[c=9630000000]
cosim: 4127000000 retirements ok (pc=00000000001527d8)
[c=9631000000]
cosim: 4128000000 retirements ok (pc=0000000000152bb8)
[c=9632000000]
cosim: 4129000000 retirements ok (pc=0000000000152922)
[c=9633000000]
[c=9634000000]
cosim: 4130000000 retirements ok (pc=0000000000152052)
[c=9635000000]
cosim: 4131000000 retirements ok (pc=00000000001521e4)
[c=9636000000]
cosim: 4132000000 retirements ok (pc=0000000000152c04)
[c=9637000000]
[c=9638000000]
cosim: 4133000000 retirements ok (pc=0000000000152dba)
[c=9639000000]
cosim: 4134000000 retirements ok (pc=0000000000151ee4)
[c=9640000000]
[c=9641000000]
cosim: 4135000000 retirements ok (pc=0000000000152250)
[c=9642000000]
cosim: 4136000000 retirements ok (pc=0000000000152bca)
[c=9643000000]
cosim: 4137000000 retirements ok (pc=0000000000152ace)
[c=9644000000]
[c=9645000000]
cosim: 4138000000 retirements ok (pc=0000000000152992)
[c=9646000000]
cosim: 4139000000 retirements ok (pc=0000000000152110)
[c=9647000000]
cosim: 4140000000 retirements ok (pc=0000000000152512)
[c=9648000000]
[c=9649000000]
cosim: 4141000000 retirements ok (pc=00000000001526e4)
[c=9650000000]
cosim: 4142000000 retirements ok (pc=00000000001525cc)
[c=9651000000]
[c=9652000000]
cosim: 4143000000 retirements ok (pc=000000000015249e)
[c=9653000000]
cosim: 4144000000 retirements ok (pc=0000000000152c32)
[c=9654000000]
cosim: 4145000000 retirements ok (pc=000000000015256a)
[c=9655000000]
[c=9656000000]
cosim: 4146000000 retirements ok (pc=0000000000151fc6)
[c=9657000000]
[c=9658000000]
[c=9659000000]
[c=9660000000]
cosim: 4147000000 retirements ok (pc=00000000001521f6)
[c=9661000000]
cosim: 4148000000 retirements ok (pc=00000000001520fa)
[c=9662000000]
[c=9663000000]
cosim: 4149000000 retirements ok (pc=0000000000151f0e)
[c=9664000000]
cosim: 4150000000 retirements ok (pc=0000000000151de6)
[c=9665000000]
cosim: 4151000000 retirements ok (pc=0000000000152dfa)
[c=9666000000]
cosim: 4152000000 retirements ok (pc=0000000000152d6a)
[c=9667000000]
[c=9668000000]
cosim: 4153000000 retirements ok (pc=0000000000152228)
[c=9669000000]
cosim: 4154000000 retirements ok (pc=00000000001528d4)
[c=9670000000]
[c=9671000000]
cosim: 4155000000 retirements ok (pc=00000000001526ea)
[c=9672000000]
cosim: 4156000000 retirements ok (pc=0000000000151ea0)
[c=9673000000]
cosim: 4157000000 retirements ok (pc=0000000000152ccc)
[c=9674000000]
[c=9675000000]
cosim: 4158000000 retirements ok (pc=000000000015202c)
[c=9676000000]
cosim: 4159000000 retirements ok (pc=00000000001528d6)
[c=9677000000]
[c=9678000000]
cosim: 4160000000 retirements ok (pc=000000000015214c)
[c=9679000000]
cosim: 4161000000 retirements ok (pc=000000000015236c)
[c=9680000000]
cosim: 4162000000 retirements ok (pc=0000000000152306)
[c=9681000000]
[c=9682000000]
cosim: 4163000000 retirements ok (pc=00000000001528fa)
[c=9683000000]
cosim: 4164000000 retirements ok (pc=0000000000151dba)
[c=9684000000]
cosim: 4165000000 retirements ok (pc=0000000000152458)
[c=9685000000]
[c=9686000000]
cosim: 4166000000 retirements ok (pc=0000000000152658)
[c=9687000000]
cosim: 4167000000 retirements ok (pc=000000000015215a)
[c=9688000000]
[c=9689000000]
cosim: 4168000000 retirements ok (pc=000000000015298a)
[c=9690000000]
cosim: 4169000000 retirements ok (pc=0000000000152830)
[c=9691000000]
cosim: 4170000000 retirements ok (pc=00000000001526a0)
[c=9692000000]
[c=9693000000]
cosim: 4171000000 retirements ok (pc=0000000000151ebe)
[c=9694000000]
cosim: 4172000000 retirements ok (pc=0000000000151e68)
[c=9695000000]
cosim: 4173000000 retirements ok (pc=000000000015265e)
[c=9696000000]
[c=9697000000]
cosim: 4174000000 retirements ok (pc=00000000001524c2)
[c=9698000000]
cosim: 4175000000 retirements ok (pc=00000000001521a4)
[c=9699000000]
cosim: 4176000000 retirements ok (pc=00000000001523fc)
[c=9700000000]
[c=9701000000]
cosim: 4177000000 retirements ok (pc=0000000000151e94)
[c=9702000000]
cosim: 4178000000 retirements ok (pc=0000000000152908)
[c=9703000000]
[c=9704000000]
cosim: 4179000000 retirements ok (pc=00000000001526a2)
[c=9705000000]
cosim: 4180000000 retirements ok (pc=0000000000152462)
[c=9706000000]
cosim: 4181000000 retirements ok (pc=000000000015214a)
[c=9707000000]
[c=9708000000]
cosim: 4182000000 retirements ok (pc=000000000015201c)
[c=9709000000]
cosim: 4183000000 retirements ok (pc=0000000000152768)
[c=9710000000]
[c=9711000000]
cosim: 4184000000 retirements ok (pc=0000000000151f10)
[c=9712000000]
cosim: 4185000000 retirements ok (pc=00000000001526e6)
[c=9713000000]
cosim: 4186000000 retirements ok (pc=0000000000151dc2)
[c=9714000000]
[c=9715000000]
cosim: 4187000000 retirements ok (pc=0000000000152c6a)
[c=9716000000]
cosim: 4188000000 retirements ok (pc=0000000000152420)
[c=9717000000]
cosim: 4189000000 retirements ok (pc=0000000000152234)
[c=9718000000]
[c=9719000000]
cosim: 4190000000 retirements ok (pc=0000000000151f9c)
[c=9720000000]
cosim: 4191000000 retirements ok (pc=0000000000152090)
[c=9721000000]
[c=9722000000]
cosim: 4192000000 retirements ok (pc=ffffffff800a5940)
[c=9723000000]
cosim: 4193000000 retirements ok (pc=ffffffff80058348)
[c=9724000000]
cosim: 4194000000 retirements ok (pc=0000000000151e78)
[c=9725000000]
[c=9726000000]
cosim: 4195000000 retirements ok (pc=0000000000151d68)
[c=9727000000]
cosim: 4196000000 retirements ok (pc=0000000000152a6a)
[c=9728000000]
cosim: 4197000000 retirements ok (pc=0000000000152176)
[c=9729000000]
[c=9730000000]
cosim: 4198000000 retirements ok (pc=0000000000152688)
[c=9731000000]
cosim: 4199000000 retirements ok (pc=0000000000152dcc)
[c=9732000000]
cosim: 4200000000 retirements ok (pc=00000000001520e2)
[c=9733000000]
[c=9734000000]
cosim: 4201000000 retirements ok (pc=00000000001523ea)
[c=9735000000]
cosim: 4202000000 retirements ok (pc=ffffffff808d90f8)
[c=9736000000]
[c=9737000000]
cosim: 4203000000 retirements ok (pc=0000000000152100)
[c=9738000000]
cosim: 4204000000 retirements ok (pc=00000000001526ca)
[c=9739000000]
[c=9740000000]
cosim: 4205000000 retirements ok (pc=00000000001528ae)
[c=9741000000]
cosim: 4206000000 retirements ok (pc=000000000015219e)
[c=9742000000]
cosim: 4207000000 retirements ok (pc=0000000000152d2a)
[c=9743000000]
[c=9744000000]
cosim: 4208000000 retirements ok (pc=00000000001528fc)
[c=9745000000]
cosim: 4209000000 retirements ok (pc=00000000001529d6)
[c=9746000000]
[c=9747000000]
cosim: 4210000000 retirements ok (pc=0000000000152794)
[c=9748000000]
cosim: 4211000000 retirements ok (pc=ffffffff800a088a)
[c=9749000000]
cosim: 4212000000 retirements ok (pc=0000000000152bf4)
[c=9750000000]
cosim: 4213000000 retirements ok (pc=ffffffff8068b968)
[c=9751000000]
[c=9752000000]
cosim: 4214000000 retirements ok (pc=0000000000152b3a)
[c=9753000000]
cosim: 4215000000 retirements ok (pc=000000000015241e)
[c=9754000000]
[c=9755000000]
cosim: 4216000000 retirements ok (pc=00000000001525b2)
[c=9756000000]
cosim: 4217000000 retirements ok (pc=0000000000151e90)
[c=9757000000]
cosim: 4218000000 retirements ok (pc=0000000000152be0)
[c=9758000000]
[c=9759000000]
cosim: 4219000000 retirements ok (pc=00000000001523f8)
[c=9760000000]
cosim: 4220000000 retirements ok (pc=000000000015222c)
[c=9761000000]
[c=9762000000]
cosim: 4221000000 retirements ok (pc=0000000000152c9a)
[c=9763000000]
cosim: 4222000000 retirements ok (pc=000000000015224a)
[c=9764000000]
cosim: 4223000000 retirements ok (pc=ffffffff800a1238)
[c=9765000000]
[c=9766000000]
cosim: 4224000000 retirements ok (pc=000000000015219e)
[c=9767000000]
cosim: 4225000000 retirements ok (pc=0000000000151ede)
[c=9768000000]
cosim: 4226000000 retirements ok (pc=00000000001527c0)
[c=9769000000]
[c=9770000000]
cosim: 4227000000 retirements ok (pc=0000000000152d40)
[c=9771000000]
cosim: 4228000000 retirements ok (pc=00000000001522f6)
[c=9772000000]
[c=9773000000]
cosim: 4229000000 retirements ok (pc=0000000000152a4c)
[c=9774000000]
cosim: 4230000000 retirements ok (pc=00000000001529de)
[c=9775000000]
cosim: 4231000000 retirements ok (pc=000000000015216e)
[c=9776000000]
[c=9777000000]
cosim: 4232000000 retirements ok (pc=0000000000152a9a)
[c=9778000000]
cosim: 4233000000 retirements ok (pc=00000000001523be)
[c=9779000000]
cosim: 4234000000 retirements ok (pc=00000000001526d8)
[c=9780000000]
[c=9781000000]
cosim: 4235000000 retirements ok (pc=0000000000151f6a)
[c=9782000000]
cosim: 4236000000 retirements ok (pc=000000000015269c)
[c=9783000000]
cosim: 4237000000 retirements ok (pc=0000000000151f6e)
[c=9784000000]
[c=9785000000]
cosim: 4238000000 retirements ok (pc=0000000000152cb6)
[c=9786000000]
cosim: 4239000000 retirements ok (pc=0000000000151e86)
[c=9787000000]
[c=9788000000]
cosim: 4240000000 retirements ok (pc=000000000015249a)
[c=9789000000]
cosim: 4241000000 retirements ok (pc=0000000000152872)
[c=9790000000]
cosim: 4242000000 retirements ok (pc=00000000001526be)
[c=9791000000]
[c=9792000000]
cosim: 4243000000 retirements ok (pc=0000000000151fac)
[c=9793000000]
cosim: 4244000000 retirements ok (pc=00000000001526b8)
[c=9794000000]
cosim: 4245000000 retirements ok (pc=0000000000152478)
[c=9795000000]
[c=9796000000]
cosim: 4246000000 retirements ok (pc=0000000000152d52)
[c=9797000000]
cosim: 4247000000 retirements ok (pc=00000000001529c6)
[c=9798000000]
[c=9799000000]
cosim: 4248000000 retirements ok (pc=0000000000152728)
[c=9800000000]
cosim: 4249000000 retirements ok (pc=0000000000151ebe)
[c=9801000000]
cosim: 4250000000 retirements ok (pc=0000000000152066)
[c=9802000000]
[c=9803000000]
cosim: 4251000000 retirements ok (pc=0000000000152404)
[c=9804000000]
cosim: 4252000000 retirements ok (pc=0000000000152bdc)
[c=9805000000]
cosim: 4253000000 retirements ok (pc=00000000001523f4)
[c=9806000000]
[c=9807000000]
cosim: 4254000000 retirements ok (pc=0000000000152c54)
[c=9808000000]
cosim: 4255000000 retirements ok (pc=00000000001526f4)
[c=9809000000]
cosim: 4256000000 retirements ok (pc=0000000000152c7a)
[c=9810000000]
[c=9811000000]
cosim: 4257000000 retirements ok (pc=0000000000152b1a)
[c=9812000000]
cosim: 4258000000 retirements ok (pc=000000000015228a)
[c=9813000000]
[c=9814000000]
cosim: 4259000000 retirements ok (pc=ffffffff80064372)
[c=9815000000]
cosim: 4260000000 retirements ok (pc=ffffffff8009bc5c)
[c=9816000000]
cosim: 4261000000 retirements ok (pc=0000000000152108)
[c=9817000000]
[c=9818000000]
cosim: 4262000000 retirements ok (pc=00000000001526d8)
[c=9819000000]
cosim: 4263000000 retirements ok (pc=00000000001521be)
[c=9820000000]
cosim: 4264000000 retirements ok (pc=ffffffff800a0f5a)
[c=9821000000]
[c=9822000000]
cosim: 4265000000 retirements ok (pc=000000000015205c)
[c=9823000000]
cosim: 4266000000 retirements ok (pc=0000000000151e10)
[c=9824000000]
[c=9825000000]
cosim: 4267000000 retirements ok (pc=0000000000152cb2)
[c=9826000000]
cosim: 4268000000 retirements ok (pc=0000000000152816)
[c=9827000000]
cosim: 4269000000 retirements ok (pc=000000000015211a)
[c=9828000000]
[c=9829000000]
cosim: 4270000000 retirements ok (pc=00000000001529aa)
[c=9830000000]
cosim: 4271000000 retirements ok (pc=00000000001528c0)
[c=9831000000]
cosim: 4272000000 retirements ok (pc=0000000000152012)
[c=9832000000]
[c=9833000000]
cosim: 4273000000 retirements ok (pc=ffffffff808ee172)
[c=9834000000]
cosim: 4274000000 retirements ok (pc=00000000001520e6)
[c=9835000000]
cosim: 4275000000 retirements ok (pc=ffffffff800a3ff8)
[c=9836000000]
[c=9837000000]
cosim: 4276000000 retirements ok (pc=0000000000151dac)
[c=9838000000]
cosim: 4277000000 retirements ok (pc=000000000015246e)
[c=9839000000]
[c=9840000000]
cosim: 4278000000 retirements ok (pc=00000000001521f0)
[c=9841000000]
cosim: 4279000000 retirements ok (pc=0000000000152d90)
[c=9842000000]
cosim: 4280000000 retirements ok (pc=0000000000152af0)
[c=9843000000]
[c=9844000000]
cosim: 4281000000 retirements ok (pc=0000000000152966)
[c=9845000000]
cosim: 4282000000 retirements ok (pc=000000000015294c)
[c=9846000000]
[c=9847000000]
cosim: 4283000000 retirements ok (pc=0000000000152a96)
[c=9848000000]
cosim: 4284000000 retirements ok (pc=0000000000152932)
[c=9849000000]
cosim: 4285000000 retirements ok (pc=00000000001527e4)
[c=9850000000]
[c=9851000000]
cosim: 4286000000 retirements ok (pc=000000000015206c)
[c=9852000000]
cosim: 4287000000 retirements ok (pc=0000000000151f5e)
[c=9853000000]
cosim: 4288000000 retirements ok (pc=0000000000151d48)
[c=9854000000]
[c=9855000000]
cosim: 4289000000 retirements ok (pc=0000000000152cdc)
[c=9856000000]
cosim: 4290000000 retirements ok (pc=0000000000152de0)
[c=9857000000]
[c=9858000000]
cosim: 4291000000 retirements ok (pc=0000000000151fd2)
[c=9859000000]
cosim: 4292000000 retirements ok (pc=000000000015207a)
[c=9860000000]
cosim: 4293000000 retirements ok (pc=0000000000152966)
[c=9861000000]
cosim: 4294000000 retirements ok (pc=0000000000152c9a)
[c=9862000000]
[c=9863000000]
cosim: 4295000000 retirements ok (pc=0000000000152bc8)
[c=9864000000]
cosim: 4296000000 retirements ok (pc=0000000000151e5e)
[c=9865000000]
[c=9866000000]
cosim: 4297000000 retirements ok (pc=0000000000152288)
[c=9867000000]
cosim: 4298000000 retirements ok (pc=0000000000152b04)
[c=9868000000]
cosim: 4299000000 retirements ok (pc=0000000000152840)
[c=9869000000]
[c=9870000000]
cosim: 4300000000 retirements ok (pc=0000000000152752)
[c=9871000000]
cosim: 4301000000 retirements ok (pc=0000000000152afe)
[c=9872000000]
[c=9873000000]
cosim: 4302000000 retirements ok (pc=00000000001523ce)
[c=9874000000]
cosim: 4303000000 retirements ok (pc=0000000000152d6e)
[c=9875000000]
cosim: 4304000000 retirements ok (pc=0000000000152dac)
[c=9876000000]
[c=9877000000]
cosim: 4305000000 retirements ok (pc=0000000000152400)
[c=9878000000]
cosim: 4306000000 retirements ok (pc=00000000001527c0)
[c=9879000000]
[c=9880000000]
cosim: 4307000000 retirements ok (pc=0000000000151e68)
[c=9881000000]
cosim: 4308000000 retirements ok (pc=0000000000152260)
[c=9882000000]
cosim: 4309000000 retirements ok (pc=000000000015273a)
[c=9883000000]
[c=9884000000]
cosim: 4310000000 retirements ok (pc=ffffffff802435b4)
[c=9885000000]
cosim: 4311000000 retirements ok (pc=0000000000152dac)
[c=9886000000]
[c=9887000000]
cosim: 4312000000 retirements ok (pc=0000000000151ee6)
[c=9888000000]
cosim: 4313000000 retirements ok (pc=00000000001521d4)
[c=9889000000]
cosim: 4314000000 retirements ok (pc=00000000001524bc)
[c=9890000000]
[c=9891000000]
cosim: 4315000000 retirements ok (pc=ffffffff800597f0)
[c=9892000000]
cosim: 4316000000 retirements ok (pc=00000000001527fc)
[c=9893000000]
cosim: 4317000000 retirements ok (pc=ffffffff8068b948)
[c=9894000000]
[c=9895000000]
cosim: 4318000000 retirements ok (pc=0000000000152b94)
[c=9896000000]
cosim: 4319000000 retirements ok (pc=00000000001523b2)
[c=9897000000]
[c=9898000000]
cosim: 4320000000 retirements ok (pc=00000000001523d2)
[c=9899000000]
cosim: 4321000000 retirements ok (pc=0000000000152368)
[c=9900000000]
cosim: 4322000000 retirements ok (pc=0000000000151e1c)
[c=9901000000]
[c=9902000000]
cosim: 4323000000 retirements ok (pc=0000000000152846)
[c=9903000000]
cosim: 4324000000 retirements ok (pc=000000000015212c)
[c=9904000000]
cosim: 4325000000 retirements ok (pc=000000000015275a)
[c=9905000000]
[c=9906000000]
cosim: 4326000000 retirements ok (pc=0000000000152b74)
[c=9907000000]
cosim: 4327000000 retirements ok (pc=00000000001528bc)
[c=9908000000]
[c=9909000000]
cosim: 4328000000 retirements ok (pc=0000000000152260)
[c=9910000000]
cosim: 4329000000 retirements ok (pc=0000000000152d5c)
[c=9911000000]
cosim: 4330000000 retirements ok (pc=000000000015238c)
[c=9912000000]
[c=9913000000]
cosim: 4331000000 retirements ok (pc=0000000000151f30)
[c=9914000000]
cosim: 4332000000 retirements ok (pc=0000000000152c50)
[c=9915000000]
cosim: 4333000000 retirements ok (pc=0000000000152108)
[c=9916000000]
[c=9917000000]
cosim: 4334000000 retirements ok (pc=00000000001524c6)
[c=9918000000]
cosim: 4335000000 retirements ok (pc=00000000001521ae)
[c=9919000000]
[c=9920000000]
cosim: 4336000000 retirements ok (pc=0000000000152bca)
[c=9921000000]
cosim: 4337000000 retirements ok (pc=00000000001523a4)
[c=9922000000]
cosim: 4338000000 retirements ok (pc=00000000001527f8)
[c=9923000000]
[c=9924000000]
cosim: 4339000000 retirements ok (pc=0000000000152520)
[c=9925000000]
cosim: 4340000000 retirements ok (pc=0000000000152b0a)
[c=9926000000]
cosim: 4341000000 retirements ok (pc=000000000014c9ae)
[c=9927000000]
[c=9928000000]
cosim: 4342000000 retirements ok (pc=0000000000152888)
[c=9929000000]
cosim: 4343000000 retirements ok (pc=0000000000152268)
[c=9930000000]
cosim: 4344000000 retirements ok (pc=0000000000151ff4)
[c=9931000000]
[c=9932000000]
[c=9933000000]
[c=9934000000]
[c=9935000000]
cosim: 4345000000 retirements ok (pc=0000000000152b82)
[c=9936000000]
cosim: 4346000000 retirements ok (pc=0000000000151ec8)
[c=9937000000]
cosim: 4347000000 retirements ok (pc=00000000001529dc)
[c=9938000000]
[c=9939000000]
cosim: 4348000000 retirements ok (pc=0000000000152074)
[c=9940000000]
cosim: 4349000000 retirements ok (pc=0000000000152d98)
[c=9941000000]
cosim: 4350000000 retirements ok (pc=0000000000152662)
[c=9942000000]
[c=9943000000]
cosim: 4351000000 retirements ok (pc=00000000001528c0)
[c=9944000000]
cosim: 4352000000 retirements ok (pc=0000000000152286)
[c=9945000000]
[c=9946000000]
cosim: 4353000000 retirements ok (pc=0000000000152c94)
[c=9947000000]
cosim: 4354000000 retirements ok (pc=0000000000152854)
[c=9948000000]
cosim: 4355000000 retirements ok (pc=ffffffff800a568e)
[c=9949000000]
[c=9950000000]
cosim: 4356000000 retirements ok (pc=0000000000151fae)
[c=9951000000]
cosim: 4357000000 retirements ok (pc=00000000001523e0)
[c=9952000000]
[c=9953000000]
cosim: 4358000000 retirements ok (pc=ffffffff8007fb4e)
[c=9954000000]
cosim: 4359000000 retirements ok (pc=ffffffff808e410a)
[c=9955000000]
cosim: 4360000000 retirements ok (pc=ffffffff800a105a)
[c=9956000000]
[c=9957000000]
cosim: 4361000000 retirements ok (pc=0000000000152a44)
[c=9958000000]
cosim: 4362000000 retirements ok (pc=0000000000152a16)
[c=9959000000]
cosim: 4363000000 retirements ok (pc=0000000000152b6e)
[c=9960000000]
[c=9961000000]
cosim: 4364000000 retirements ok (pc=0000000000152cc8)
[c=9962000000]
cosim: 4365000000 retirements ok (pc=0000000000152c4a)
[c=9963000000]
cosim: 4366000000 retirements ok (pc=00000000001525dc)
[c=9964000000]
[c=9965000000]
cosim: 4367000000 retirements ok (pc=0000000000152550)
[c=9966000000]
cosim: 4368000000 retirements ok (pc=0000000000151fa2)
[c=9967000000]
cosim: 4369000000 retirements ok (pc=0000000000151e42)
[c=9968000000]
[c=9969000000]
cosim: 4370000000 retirements ok (pc=0000000000152724)
[c=9970000000]
cosim: 4371000000 retirements ok (pc=0000000000152056)
[c=9971000000]
[c=9972000000]
cosim: 4372000000 retirements ok (pc=0000000000151e8c)
[c=9973000000]
cosim: 4373000000 retirements ok (pc=0000000000152a5e)
[c=9974000000]
cosim: 4374000000 retirements ok (pc=00000000001527bc)
[c=9975000000]
[c=9976000000]
cosim: 4375000000 retirements ok (pc=00000000001521b0)
[c=9977000000]
cosim: 4376000000 retirements ok (pc=00000000001529aa)
[c=9978000000]
[c=9979000000]
cosim: 4377000000 retirements ok (pc=00000000001527e2)
[c=9980000000]
cosim: 4378000000 retirements ok (pc=00000000001524ee)
[c=9981000000]
cosim: 4379000000 retirements ok (pc=00000000001525b6)
[c=9982000000]
[c=9983000000]
cosim: 4380000000 retirements ok (pc=00000000001523ee)
[c=9984000000]
cosim: 4381000000 retirements ok (pc=0000000000152db6)
[c=9985000000]
cosim: 4382000000 retirements ok (pc=000000000015248e)
[c=9986000000]
[c=9987000000]
cosim: 4383000000 retirements ok (pc=0000000000151e2e)
[c=9988000000]
cosim: 4384000000 retirements ok (pc=00000000001524c4)
[c=9989000000]
cosim: 4385000000 retirements ok (pc=00000000001522e0)
[c=9990000000]
[c=9991000000]
cosim: 4386000000 retirements ok (pc=0000000000152ae2)
[c=9992000000]
cosim: 4387000000 retirements ok (pc=0000000000152372)
[c=9993000000]
[c=9994000000]
cosim: 4388000000 retirements ok (pc=000000000015242a)
[c=9995000000]
cosim: 4389000000 retirements ok (pc=000000000015269a)
[c=9996000000]
cosim: 4390000000 retirements ok (pc=0000000000152608)
[c=9997000000]
[c=9998000000]
cosim: 4391000000 retirements ok (pc=0000000000152466)
[c=9999000000]
cosim: 4392000000 retirements ok (pc=ffffffff800583c8)
[c=10000000000]
cosim: 4393000000 retirements ok (pc=0000000000152296)
[c=10001000000]
[c=10002000000]
cosim: 4394000000 retirements ok (pc=00000000001522e8)
[c=10003000000]
cosim: 4395000000 retirements ok (pc=0000000000152bc6)
[c=10004000000]
[c=10005000000]
cosim: 4396000000 retirements ok (pc=ffffffff808d916a)
[c=10006000000]
cosim: 4397000000 retirements ok (pc=000000000015219a)
[c=10007000000]
cosim: 4398000000 retirements ok (pc=0000000000152dde)
[c=10008000000]
[c=10009000000]
cosim: 4399000000 retirements ok (pc=ffffffff800af636)
[c=10010000000]
cosim: 4400000000 retirements ok (pc=0000000000151ef0)
[c=10011000000]
cosim: 4401000000 retirements ok (pc=0000000000152be8)
[c=10012000000]
[c=10013000000]
cosim: 4402000000 retirements ok (pc=00000000001520b2)
[c=10014000000]
cosim: 4403000000 retirements ok (pc=0000000000152a04)
[c=10015000000]
cosim: 4404000000 retirements ok (pc=00000000001522fe)
[c=10016000000]
[c=10017000000]
cosim: 4405000000 retirements ok (pc=0000000000152218)
[c=10018000000]
cosim: 4406000000 retirements ok (pc=00000000001524b0)
[c=10019000000]
[c=10020000000]
cosim: 4407000000 retirements ok (pc=0000000000152de8)
[c=10021000000]
cosim: 4408000000 retirements ok (pc=0000000000151f3a)
[c=10022000000]
cosim: 4409000000 retirements ok (pc=000000000015289a)
[c=10023000000]
[c=10024000000]
cosim: 4410000000 retirements ok (pc=0000000000151da2)
[c=10025000000]
cosim: 4411000000 retirements ok (pc=ffffffff8010b4a0)
[c=10026000000]
[c=10027000000]
cosim: 4412000000 retirements ok (pc=00000000001523e0)
[c=10028000000]
cosim: 4413000000 retirements ok (pc=0000000000152710)
[c=10029000000]
[c=10030000000]
cosim: 4414000000 retirements ok (pc=0000000000151e54)
[c=10031000000]
cosim: 4415000000 retirements ok (pc=000000000015253e)
[c=10032000000]
cosim: 4416000000 retirements ok (pc=0000000000152b50)
[c=10033000000]
[c=10034000000]
cosim: 4417000000 retirements ok (pc=000000000015200e)
[c=10035000000]
cosim: 4418000000 retirements ok (pc=0000000000151fec)
[c=10036000000]
cosim: 4419000000 retirements ok (pc=0000000000152c66)
[c=10037000000]
[c=10038000000]
cosim: 4420000000 retirements ok (pc=00000000001521c2)
[c=10039000000]
cosim: 4421000000 retirements ok (pc=0000000000152de4)
[c=10040000000]
[c=10041000000]
cosim: 4422000000 retirements ok (pc=0000000000152b8e)
[c=10042000000]
cosim: 4423000000 retirements ok (pc=00000000001523e0)
[c=10043000000]
cosim: 4424000000 retirements ok (pc=000000000015279e)
[c=10044000000]
[c=10045000000]
cosim: 4425000000 retirements ok (pc=0000000000152b9c)
[c=10046000000]
cosim: 4426000000 retirements ok (pc=0000000000152396)
[c=10047000000]
cosim: 4427000000 retirements ok (pc=0000000000152cc0)
[c=10048000000]
[c=10049000000]
cosim: 4428000000 retirements ok (pc=000000000015260e)
[c=10050000000]
cosim: 4429000000 retirements ok (pc=0000000000151df8)
[c=10051000000]
cosim: 4430000000 retirements ok (pc=0000000000152c1c)
[c=10052000000]
[c=10053000000]
cosim: 4431000000 retirements ok (pc=0000000000152b94)
[c=10054000000]
cosim: 4432000000 retirements ok (pc=00000000001527bc)
[c=10055000000]
[c=10056000000]
cosim: 4433000000 retirements ok (pc=00000000001526e4)
[c=10057000000]
cosim: 4434000000 retirements ok (pc=0000000000152d78)
[c=10058000000]
cosim: 4435000000 retirements ok (pc=0000000000151fc6)
[c=10059000000]
[c=10060000000]
cosim: 4436000000 retirements ok (pc=ffffffff800a16d8)
[c=10061000000]
cosim: 4437000000 retirements ok (pc=000000000015233a)
[c=10062000000]
[c=10063000000]
cosim: 4438000000 retirements ok (pc=0000000000152d46)
[c=10064000000]
cosim: 4439000000 retirements ok (pc=0000000000151e76)
[c=10065000000]
cosim: 4440000000 retirements ok (pc=0000000000152cce)
[c=10066000000]
cosim: 4441000000 retirements ok (pc=0000000000152d38)
[c=10067000000]
[c=10068000000]
cosim: 4442000000 retirements ok (pc=00000000001524aa)
[c=10069000000]
cosim: 4443000000 retirements ok (pc=000000000015278c)
[c=10070000000]
[c=10071000000]
cosim: 4444000000 retirements ok (pc=00000000001529de)
[c=10072000000]
cosim: 4445000000 retirements ok (pc=00000000001528a4)
[c=10073000000]
cosim: 4446000000 retirements ok (pc=00000000001526f2)
[c=10074000000]
[c=10075000000]
cosim: 4447000000 retirements ok (pc=00000000001520a6)
[c=10076000000]
cosim: 4448000000 retirements ok (pc=00000000001520b2)
[c=10077000000]
cosim: 4449000000 retirements ok (pc=0000000000152914)
[c=10078000000]
[c=10079000000]
cosim: 4450000000 retirements ok (pc=000000000015224a)
[c=10080000000]
cosim: 4451000000 retirements ok (pc=0000000000152100)
[c=10081000000]
[c=10082000000]
cosim: 4452000000 retirements ok (pc=0000000000152b4c)
[c=10083000000]
cosim: 4453000000 retirements ok (pc=0000000000152af0)
[c=10084000000]
cosim: 4454000000 retirements ok (pc=0000000000152a02)
[c=10085000000]
[c=10086000000]
cosim: 4455000000 retirements ok (pc=0000000000152930)
[c=10087000000]
cosim: 4456000000 retirements ok (pc=0000000000151e4e)
[c=10088000000]
[c=10089000000]
cosim: 4457000000 retirements ok (pc=0000000000151d4a)
[c=10090000000]
cosim: 4458000000 retirements ok (pc=0000000000152abe)
[c=10091000000]
cosim: 4459000000 retirements ok (pc=000000000015221a)
[c=10092000000]
[c=10093000000]
cosim: 4460000000 retirements ok (pc=000000000015258e)
[c=10094000000]
cosim: 4461000000 retirements ok (pc=0000000000152306)
[c=10095000000]
cosim: 4462000000 retirements ok (pc=000000000015216e)
[c=10096000000]
[c=10097000000]
cosim: 4463000000 retirements ok (pc=0000000000152b68)
[c=10098000000]
cosim: 4464000000 retirements ok (pc=0000000000152404)
[c=10099000000]
cosim: 4465000000 retirements ok (pc=00000000001523d0)
[c=10100000000]
[c=10101000000]
cosim: 4466000000 retirements ok (pc=000000000015204e)
[c=10102000000]
cosim: 4467000000 retirements ok (pc=0000000000152d8c)
[c=10103000000]
[c=10104000000]
cosim: 4468000000 retirements ok (pc=0000000000152410)
[c=10105000000]
cosim: 4469000000 retirements ok (pc=000000000015249c)
[c=10106000000]
cosim: 4470000000 retirements ok (pc=000000000015242a)
[c=10107000000]
[c=10108000000]
cosim: 4471000000 retirements ok (pc=000000000015255a)
[c=10109000000]
cosim: 4472000000 retirements ok (pc=00000000001523da)
[c=10110000000]
cosim: 4473000000 retirements ok (pc=000000000015232c)
[c=10111000000]
[c=10112000000]
cosim: 4474000000 retirements ok (pc=0000000000152360)
[c=10113000000]
cosim: 4475000000 retirements ok (pc=0000000000152dc8)
[c=10114000000]
[c=10115000000]
cosim: 4476000000 retirements ok (pc=000000000015210c)
[c=10116000000]
cosim: 4477000000 retirements ok (pc=0000000000152bbc)
[c=10117000000]
cosim: 4478000000 retirements ok (pc=000000000015257e)
[c=10118000000]
[c=10119000000]
cosim: 4479000000 retirements ok (pc=00000000001529e2)
[c=10120000000]
cosim: 4480000000 retirements ok (pc=00000000001523d0)
[c=10121000000]
cosim: 4481000000 retirements ok (pc=0000000000152b56)
[c=10122000000]
[c=10123000000]
cosim: 4482000000 retirements ok (pc=000000000015255c)
[c=10124000000]
cosim: 4483000000 retirements ok (pc=0000000000151f36)
[c=10125000000]
cosim: 4484000000 retirements ok (pc=00000000001522fa)
[c=10126000000]
[c=10127000000]
cosim: 4485000000 retirements ok (pc=0000000000152c8c)
[c=10128000000]
cosim: 4486000000 retirements ok (pc=ffffffff808e6e8e)
[c=10129000000]
[c=10130000000]
cosim: 4487000000 retirements ok (pc=0000000000152a18)
[c=10131000000]
cosim: 4488000000 retirements ok (pc=00000000001528aa)
[c=10132000000]
cosim: 4489000000 retirements ok (pc=00000000001521b0)
[c=10133000000]
[c=10134000000]
cosim: 4490000000 retirements ok (pc=0000000000152b16)
[c=10135000000]
cosim: 4491000000 retirements ok (pc=0000000000151e58)
[c=10136000000]
cosim: 4492000000 retirements ok (pc=ffffffff80064376)
[c=10137000000]
[c=10138000000]
cosim: 4493000000 retirements ok (pc=ffffffff808d914e)
[c=10139000000]
cosim: 4494000000 retirements ok (pc=000000000015254a)
[c=10140000000]
[c=10141000000]
cosim: 4495000000 retirements ok (pc=0000000000152c00)
[c=10142000000]
cosim: 4496000000 retirements ok (pc=00000000001520f0)
[c=10143000000]
cosim: 4497000000 retirements ok (pc=000000000015211a)
[c=10144000000]
[c=10145000000]
cosim: 4498000000 retirements ok (pc=ffffffff800a2416)
[c=10146000000]
cosim: 4499000000 retirements ok (pc=0000000000151f0a)
[c=10147000000]
cosim: 4500000000 retirements ok (pc=000000000015272c)
[c=10148000000]
[c=10149000000]
cosim: 4501000000 retirements ok (pc=000000000015242a)
[c=10150000000]
cosim: 4502000000 retirements ok (pc=0000000000152c3c)
[c=10151000000]
cosim: 4503000000 retirements ok (pc=0000000000152dee)
[c=10152000000]
[c=10153000000]
cosim: 4504000000 retirements ok (pc=0000000000152b56)
[c=10154000000]
cosim: 4505000000 retirements ok (pc=0000000000151d4a)
[c=10155000000]
[c=10156000000]
cosim: 4506000000 retirements ok (pc=0000000000151e54)
[c=10157000000]
cosim: 4507000000 retirements ok (pc=0000000000152522)
[c=10158000000]
cosim: 4508000000 retirements ok (pc=0000000000151f00)
[c=10159000000]
[c=10160000000]
cosim: 4509000000 retirements ok (pc=0000000000152260)
[c=10161000000]
cosim: 4510000000 retirements ok (pc=0000000000152bc2)
[c=10162000000]
cosim: 4511000000 retirements ok (pc=0000000000152872)
[c=10163000000]
[c=10164000000]
cosim: 4512000000 retirements ok (pc=0000000000152d86)
[c=10165000000]
cosim: 4513000000 retirements ok (pc=0000000000152d1c)
[c=10166000000]
[c=10167000000]
cosim: 4514000000 retirements ok (pc=00000000001524f0)
[c=10168000000]
cosim: 4515000000 retirements ok (pc=0000000000152512)
[c=10169000000]
cosim: 4516000000 retirements ok (pc=00000000001529de)
[c=10170000000]
[c=10171000000]
cosim: 4517000000 retirements ok (pc=0000000000151ef4)
[c=10172000000]
cosim: 4518000000 retirements ok (pc=0000000000152c22)
[c=10173000000]
[c=10174000000]
cosim: 4519000000 retirements ok (pc=ffffffff800a5e3a)
[c=10175000000]
cosim: 4520000000 retirements ok (pc=0000000000152a70)
[c=10176000000]
cosim: 4521000000 retirements ok (pc=00000000001527c0)
[c=10177000000]
[c=10178000000]
cosim: 4522000000 retirements ok (pc=0000000000152a6c)
[c=10179000000]
cosim: 4523000000 retirements ok (pc=00000000001525ce)
[c=10180000000]
[c=10181000000]
cosim: 4524000000 retirements ok (pc=0000000000152c1e)
[c=10182000000]
cosim: 4525000000 retirements ok (pc=000000000015284e)
[c=10183000000]
cosim: 4526000000 retirements ok (pc=0000000000152c00)
[c=10184000000]
[c=10185000000]
cosim: 4527000000 retirements ok (pc=00000000001523b2)
[c=10186000000]
cosim: 4528000000 retirements ok (pc=00000000001527da)
[c=10187000000]
cosim: 4529000000 retirements ok (pc=0000000000152438)
[c=10188000000]
[c=10189000000]
cosim: 4530000000 retirements ok (pc=0000000000152512)
[c=10190000000]
cosim: 4531000000 retirements ok (pc=0000000000151e5e)
[c=10191000000]
[c=10192000000]
cosim: 4532000000 retirements ok (pc=000000000015274a)
[c=10193000000]
cosim: 4533000000 retirements ok (pc=0000000000152632)
[c=10194000000]
cosim: 4534000000 retirements ok (pc=00000000001525f2)
[c=10195000000]
[c=10196000000]
cosim: 4535000000 retirements ok (pc=000000000015206c)
[c=10197000000]
cosim: 4536000000 retirements ok (pc=0000000000152df8)
[c=10198000000]
[c=10199000000]
cosim: 4537000000 retirements ok (pc=0000000000151d9e)
[c=10200000000]
cosim: 4538000000 retirements ok (pc=00000000001526a4)
[c=10201000000]
cosim: 4539000000 retirements ok (pc=000000000015233c)
[c=10202000000]
[c=10203000000]
cosim: 4540000000 retirements ok (pc=0000000000152a7c)
[c=10204000000]
cosim: 4541000000 retirements ok (pc=0000000000152888)
[c=10205000000]
cosim: 4542000000 retirements ok (pc=00000000001529da)
[c=10206000000]
[c=10207000000]
[c=10208000000]
[c=10209000000]
cosim: 4543000000 retirements ok (pc=00000000001528d2)
[c=10210000000]
[c=10211000000]
cosim: 4544000000 retirements ok (pc=0000000000152af2)
[c=10212000000]
cosim: 4545000000 retirements ok (pc=0000000000152244)
[c=10213000000]
cosim: 4546000000 retirements ok (pc=0000000000151ee8)
[c=10214000000]
[c=10215000000]
cosim: 4547000000 retirements ok (pc=00000000001521a0)
[c=10216000000]
cosim: 4548000000 retirements ok (pc=0000000000152126)
[c=10217000000]
[c=10218000000]
cosim: 4549000000 retirements ok (pc=00000000001521f2)
[c=10219000000]
cosim: 4550000000 retirements ok (pc=0000000000152d1a)
[c=10220000000]
cosim: 4551000000 retirements ok (pc=00000000001521fc)
[c=10221000000]
[c=10222000000]
cosim: 4552000000 retirements ok (pc=ffffffff800a23d2)
[c=10223000000]
cosim: 4553000000 retirements ok (pc=0000000000152a1e)
[c=10224000000]
cosim: 4554000000 retirements ok (pc=000000000015281e)
[c=10225000000]
[c=10226000000]
cosim: 4555000000 retirements ok (pc=0000000000152000)
[c=10227000000]
cosim: 4556000000 retirements ok (pc=0000000000152632)
[c=10228000000]
[c=10229000000]
cosim: 4557000000 retirements ok (pc=ffffffff800a1684)
[c=10230000000]
cosim: 4558000000 retirements ok (pc=0000000000151dee)
[c=10231000000]
cosim: 4559000000 retirements ok (pc=0000000000152a5e)
[c=10232000000]
[c=10233000000]
cosim: 4560000000 retirements ok (pc=ffffffff8068b950)
[c=10234000000]
cosim: 4561000000 retirements ok (pc=00000000001520d0)
[c=10235000000]
[c=10236000000]
cosim: 4562000000 retirements ok (pc=000000000015278c)
[c=10237000000]
cosim: 4563000000 retirements ok (pc=0000000000151f44)
[c=10238000000]
cosim: 4564000000 retirements ok (pc=0000000000152788)
[c=10239000000]
[c=10240000000]
cosim: 4565000000 retirements ok (pc=00000000001524d2)
[c=10241000000]
cosim: 4566000000 retirements ok (pc=00000000001522c4)
[c=10242000000]
cosim: 4567000000 retirements ok (pc=0000000000152326)
[c=10243000000]
[c=10244000000]
cosim: 4568000000 retirements ok (pc=0000000000152b82)
[c=10245000000]
cosim: 4569000000 retirements ok (pc=0000000000152256)
[c=10246000000]
cosim: 4570000000 retirements ok (pc=0000000000152536)
[c=10247000000]
[c=10248000000]
cosim: 4571000000 retirements ok (pc=0000000000152296)
[c=10249000000]
cosim: 4572000000 retirements ok (pc=0000000000152a36)
[c=10250000000]
cosim: 4573000000 retirements ok (pc=0000000000151dda)
[c=10251000000]
[c=10252000000]
cosim: 4574000000 retirements ok (pc=00000000001520f4)
[c=10253000000]
cosim: 4575000000 retirements ok (pc=000000000015241c)
[c=10254000000]
[c=10255000000]
cosim: 4576000000 retirements ok (pc=0000000000152306)
[c=10256000000]
cosim: 4577000000 retirements ok (pc=0000000000152aa2)
[c=10257000000]
cosim: 4578000000 retirements ok (pc=0000000000152c86)
[c=10258000000]
[c=10259000000]
cosim: 4579000000 retirements ok (pc=00000000001524fe)
[c=10260000000]
cosim: 4580000000 retirements ok (pc=0000000000152cee)
[c=10261000000]
[c=10262000000]
cosim: 4581000000 retirements ok (pc=000000000015255c)
[c=10263000000]
cosim: 4582000000 retirements ok (pc=0000000000152c78)
[c=10264000000]
cosim: 4583000000 retirements ok (pc=0000000000152736)
[c=10265000000]
[c=10266000000]
cosim: 4584000000 retirements ok (pc=00000000001526d0)
[c=10267000000]
cosim: 4585000000 retirements ok (pc=000000000015250a)
[c=10268000000]
cosim: 4586000000 retirements ok (pc=0000000000152cee)
[c=10269000000]
[c=10270000000]
cosim: 4587000000 retirements ok (pc=0000000000151f64)
[c=10271000000]
cosim: 4588000000 retirements ok (pc=0000000000152c02)
[c=10272000000]
cosim: 4589000000 retirements ok (pc=0000000000152a10)
[c=10273000000]
[c=10274000000]
cosim: 4590000000 retirements ok (pc=00000000001528aa)
[c=10275000000]
cosim: 4591000000 retirements ok (pc=0000000000152888)
[c=10276000000]
[c=10277000000]
cosim: 4592000000 retirements ok (pc=ffffffff808d46bc)
[c=10278000000]
cosim: 4593000000 retirements ok (pc=0000000000152108)
[c=10279000000]
cosim: 4594000000 retirements ok (pc=0000000000152a42)
[c=10280000000]
[c=10281000000]
cosim: 4595000000 retirements ok (pc=00000000001527a2)
[c=10282000000]
cosim: 4596000000 retirements ok (pc=0000000000152bae)
[c=10283000000]
cosim: 4597000000 retirements ok (pc=000000000015200c)
[c=10284000000]
[c=10285000000]
cosim: 4598000000 retirements ok (pc=0000000000152b46)
[c=10286000000]
cosim: 4599000000 retirements ok (pc=0000000000151e5c)
[c=10287000000]
[c=10288000000]
cosim: 4600000000 retirements ok (pc=0000000000152438)
[c=10289000000]
cosim: 4601000000 retirements ok (pc=0000000000152dbe)
[c=10290000000]
cosim: 4602000000 retirements ok (pc=0000000000152b0a)
[c=10291000000]
[c=10292000000]
cosim: 4603000000 retirements ok (pc=00000000001528ce)
[c=10293000000]
cosim: 4604000000 retirements ok (pc=00000000001521fc)
[c=10294000000]
cosim: 4605000000 retirements ok (pc=00000000001522c6)
[c=10295000000]
[c=10296000000]
cosim: 4606000000 retirements ok (pc=0000000000152aa0)
[c=10297000000]
cosim: 4607000000 retirements ok (pc=000000000015293e)
[c=10298000000]
cosim: 4608000000 retirements ok (pc=0000000000151e6c)
[c=10299000000]
[c=10300000000]
cosim: 4609000000 retirements ok (pc=0000000000152654)
[c=10301000000]
cosim: 4610000000 retirements ok (pc=0000000000152228)
[c=10302000000]
[c=10303000000]
cosim: 4611000000 retirements ok (pc=00000000001524d2)
[c=10304000000]
cosim: 4612000000 retirements ok (pc=0000000000152472)
[c=10305000000]
cosim: 4613000000 retirements ok (pc=00000000001522ba)
[c=10306000000]
[c=10307000000]
cosim: 4614000000 retirements ok (pc=0000000000151d3e)
[c=10308000000]
cosim: 4615000000 retirements ok (pc=0000000000152b32)
[c=10309000000]
cosim: 4616000000 retirements ok (pc=0000000000152dee)
[c=10310000000]
[c=10311000000]
cosim: 4617000000 retirements ok (pc=00000000001523d2)
[c=10312000000]
cosim: 4618000000 retirements ok (pc=0000000000152ae2)
[c=10313000000]
[c=10314000000]
cosim: 4619000000 retirements ok (pc=00000000001526bc)
[c=10315000000]
cosim: 4620000000 retirements ok (pc=00000000001523a8)
[c=10316000000]
cosim: 4621000000 retirements ok (pc=0000000000152b30)
[c=10317000000]
[c=10318000000]
cosim: 4622000000 retirements ok (pc=0000000000152002)
[c=10319000000]
cosim: 4623000000 retirements ok (pc=0000000000152c5c)
[c=10320000000]
[c=10321000000]
cosim: 4624000000 retirements ok (pc=00000000001526b0)
[c=10322000000]
cosim: 4625000000 retirements ok (pc=0000000000152d5c)
[c=10323000000]
cosim: 4626000000 retirements ok (pc=000000000015260c)
[c=10324000000]
[c=10325000000]
cosim: 4627000000 retirements ok (pc=00000000001520f0)
[c=10326000000]
cosim: 4628000000 retirements ok (pc=0000000000152a66)
[c=10327000000]
[c=10328000000]
cosim: 4629000000 retirements ok (pc=000000000015252a)
[c=10329000000]
cosim: 4630000000 retirements ok (pc=0000000000152ade)
[c=10330000000]
cosim: 4631000000 retirements ok (pc=0000000000151fba)
[c=10331000000]
[c=10332000000]
cosim: 4632000000 retirements ok (pc=000000000015221a)
[c=10333000000]
cosim: 4633000000 retirements ok (pc=0000000000151f54)
[c=10334000000]
cosim: 4634000000 retirements ok (pc=0000000000152cf8)
[c=10335000000]
[c=10336000000]
cosim: 4635000000 retirements ok (pc=0000000000152570)
[c=10337000000]
cosim: 4636000000 retirements ok (pc=0000000000152c58)
[c=10338000000]
[c=10339000000]
cosim: 4637000000 retirements ok (pc=00000000001520ea)
[c=10340000000]
cosim: 4638000000 retirements ok (pc=0000000000151ea2)
[c=10341000000]
cosim: 4639000000 retirements ok (pc=000000000015253c)
[c=10342000000]
[c=10343000000]
cosim: 4640000000 retirements ok (pc=0000000000152282)
[c=10344000000]
cosim: 4641000000 retirements ok (pc=000000000015201a)
[c=10345000000]
[c=10346000000]
cosim: 4642000000 retirements ok (pc=000000000015259c)
[c=10347000000]
cosim: 4643000000 retirements ok (pc=0000000000152604)
[c=10348000000]
cosim: 4644000000 retirements ok (pc=0000000000152c5e)
[c=10349000000]
[c=10350000000]
cosim: 4645000000 retirements ok (pc=0000000000152a48)
[c=10351000000]
cosim: 4646000000 retirements ok (pc=0000000000152782)
[c=10352000000]
cosim: 4647000000 retirements ok (pc=0000000000152294)
[c=10353000000]
[c=10354000000]
cosim: 4648000000 retirements ok (pc=0000000000152da8)
[c=10355000000]
cosim: 4649000000 retirements ok (pc=0000000000152dbe)
[c=10356000000]
[c=10357000000]
cosim: 4650000000 retirements ok (pc=00000000001529e6)
[c=10358000000]
cosim: 4651000000 retirements ok (pc=0000000000152274)
[c=10359000000]
cosim: 4652000000 retirements ok (pc=000000000015261c)
[c=10360000000]
cosim: 4653000000 retirements ok (pc=0000000000152998)
[c=10361000000]
[c=10362000000]
cosim: 4654000000 retirements ok (pc=0000000000152d24)
[c=10363000000]
cosim: 4655000000 retirements ok (pc=0000000000152444)
[c=10364000000]
[c=10365000000]
cosim: 4656000000 retirements ok (pc=0000000000152360)
[c=10366000000]
cosim: 4657000000 retirements ok (pc=000000000015297e)
[c=10367000000]
cosim: 4658000000 retirements ok (pc=000000000015293a)
[c=10368000000]
[c=10369000000]
cosim: 4659000000 retirements ok (pc=000000000015217e)
[c=10370000000]
cosim: 4660000000 retirements ok (pc=00000000001523ac)
[c=10371000000]
[c=10372000000]
cosim: 4661000000 retirements ok (pc=0000000000152b04)
[c=10373000000]
cosim: 4662000000 retirements ok (pc=0000000000152dba)
[c=10374000000]
cosim: 4663000000 retirements ok (pc=000000000015218c)
[c=10375000000]
[c=10376000000]
cosim: 4664000000 retirements ok (pc=000000000015284e)
[c=10377000000]
cosim: 4665000000 retirements ok (pc=0000000000152b88)
[c=10378000000]
cosim: 4666000000 retirements ok (pc=0000000000152c40)
[c=10379000000]
[c=10380000000]
cosim: 4667000000 retirements ok (pc=00000000001528a4)
[c=10381000000]
cosim: 4668000000 retirements ok (pc=000000000015212c)
[c=10382000000]
[c=10383000000]
cosim: 4669000000 retirements ok (pc=0000000000152ce4)
[c=10384000000]
cosim: 4670000000 retirements ok (pc=0000000000152b72)
[c=10385000000]
cosim: 4671000000 retirements ok (pc=00000000001528f4)
[c=10386000000]
[c=10387000000]
cosim: 4672000000 retirements ok (pc=0000000000151e0c)
[c=10388000000]
cosim: 4673000000 retirements ok (pc=0000000000152840)
[c=10389000000]
cosim: 4674000000 retirements ok (pc=0000000000152a6a)
[c=10390000000]
[c=10391000000]
cosim: 4675000000 retirements ok (pc=00000000001528c6)
[c=10392000000]
cosim: 4676000000 retirements ok (pc=00000000001526f6)
[c=10393000000]
cosim: 4677000000 retirements ok (pc=0000000000152d4a)
[c=10394000000]
[c=10395000000]
cosim: 4678000000 retirements ok (pc=00000000001529c6)
[c=10396000000]
cosim: 4679000000 retirements ok (pc=0000000000152ba8)
[c=10397000000]
[c=10398000000]
cosim: 4680000000 retirements ok (pc=00000000001529dc)
[c=10399000000]
cosim: 4681000000 retirements ok (pc=0000000000152830)
[c=10400000000]
cosim: 4682000000 retirements ok (pc=ffffffff8009ddda)
[c=10401000000]
[c=10402000000]
cosim: 4683000000 retirements ok (pc=0000000000152b00)
[c=10403000000]
cosim: 4684000000 retirements ok (pc=0000000000152268)
[c=10404000000]
cosim: 4685000000 retirements ok (pc=0000000000152478)
[c=10405000000]
[c=10406000000]
cosim: 4686000000 retirements ok (pc=000000000015230e)
[c=10407000000]
cosim: 4687000000 retirements ok (pc=00000000001529d6)
[c=10408000000]
[c=10409000000]
cosim: 4688000000 retirements ok (pc=000000000015281e)
[c=10410000000]
cosim: 4689000000 retirements ok (pc=0000000000152510)
[c=10411000000]
cosim: 4690000000 retirements ok (pc=00000000001523da)
[c=10412000000]
[c=10413000000]
cosim: 4691000000 retirements ok (pc=0000000000152c38)
[c=10414000000]
cosim: 4692000000 retirements ok (pc=0000000000152c26)
[c=10415000000]
cosim: 4693000000 retirements ok (pc=0000000000152df2)
[c=10416000000]
[c=10417000000]
cosim: 4694000000 retirements ok (pc=0000000000151f56)
[c=10418000000]
cosim: 4695000000 retirements ok (pc=0000000000151df8)
[c=10419000000]
cosim: 4696000000 retirements ok (pc=0000000000152302)
[c=10420000000]
[c=10421000000]
cosim: 4697000000 retirements ok (pc=00000000001522e2)
[c=10422000000]
cosim: 4698000000 retirements ok (pc=0000000000152398)
[c=10423000000]
[c=10424000000]
cosim: 4699000000 retirements ok (pc=0000000000152bbc)
[c=10425000000]
cosim: 4700000000 retirements ok (pc=0000000000152a6e)
[c=10426000000]
cosim: 4701000000 retirements ok (pc=0000000000152864)
[c=10427000000]
[c=10428000000]
cosim: 4702000000 retirements ok (pc=0000000000152312)
[c=10429000000]
cosim: 4703000000 retirements ok (pc=0000000000152dde)
[c=10430000000]
[c=10431000000]
cosim: 4704000000 retirements ok (pc=0000000000151f1a)
[c=10432000000]
cosim: 4705000000 retirements ok (pc=00000000001523d0)
[c=10433000000]
cosim: 4706000000 retirements ok (pc=0000000000152318)
[c=10434000000]
[c=10435000000]
cosim: 4707000000 retirements ok (pc=00000000001526a6)
[c=10436000000]
cosim: 4708000000 retirements ok (pc=0000000000152280)
[c=10437000000]
cosim: 4709000000 retirements ok (pc=00000000001525a8)
[c=10438000000]
[c=10439000000]
cosim: 4710000000 retirements ok (pc=0000000000151ebe)
[c=10440000000]
cosim: 4711000000 retirements ok (pc=0000000000152380)
[c=10441000000]
cosim: 4712000000 retirements ok (pc=0000000000152400)
[c=10442000000]
[c=10443000000]
cosim: 4713000000 retirements ok (pc=00000000001523d2)
[c=10444000000]
cosim: 4714000000 retirements ok (pc=00000000001524fa)
[c=10445000000]
[c=10446000000]
cosim: 4715000000 retirements ok (pc=00000000001524b8)
[c=10447000000]
cosim: 4716000000 retirements ok (pc=000000000015273a)
[c=10448000000]
cosim: 4717000000 retirements ok (pc=0000000000152a2e)
[c=10449000000]
[c=10450000000]
cosim: 4718000000 retirements ok (pc=0000000000152796)
[c=10451000000]
cosim: 4719000000 retirements ok (pc=0000000000151e0c)
[c=10452000000]
cosim: 4720000000 retirements ok (pc=0000000000152d2a)
[c=10453000000]
[c=10454000000]
cosim: 4721000000 retirements ok (pc=000000000015226c)
[c=10455000000]
cosim: 4722000000 retirements ok (pc=0000000000152dba)
[c=10456000000]
[c=10457000000]
cosim: 4723000000 retirements ok (pc=0000000000152a88)
[c=10458000000]
cosim: 4724000000 retirements ok (pc=0000000000152192)
[c=10459000000]
cosim: 4725000000 retirements ok (pc=000000000015207a)
[c=10460000000]
[c=10461000000]
cosim: 4726000000 retirements ok (pc=00000000001528ae)
[c=10462000000]
cosim: 4727000000 retirements ok (pc=0000000000152648)
[c=10463000000]
cosim: 4728000000 retirements ok (pc=0000000000151ee4)
[c=10464000000]
[c=10465000000]
cosim: 4729000000 retirements ok (pc=00000000001526de)
[c=10466000000]
cosim: 4730000000 retirements ok (pc=0000000000152464)
[c=10467000000]
[c=10468000000]
cosim: 4731000000 retirements ok (pc=0000000000152966)
[c=10469000000]
cosim: 4732000000 retirements ok (pc=0000000000152890)
[c=10470000000]
cosim: 4733000000 retirements ok (pc=0000000000151d32)
[c=10471000000]
[c=10472000000]
cosim: 4734000000 retirements ok (pc=00000000001523d0)
[c=10473000000]
cosim: 4735000000 retirements ok (pc=0000000000151eb0)
[c=10474000000]
[c=10475000000]
cosim: 4736000000 retirements ok (pc=0000000000152dba)
[c=10476000000]
cosim: 4737000000 retirements ok (pc=000000000015261c)
[c=10477000000]
cosim: 4738000000 retirements ok (pc=00000000001527f4)
[c=10478000000]
[c=10479000000]
cosim: 4739000000 retirements ok (pc=0000000000151f10)
[c=10480000000]
cosim: 4740000000 retirements ok (pc=000000000015287c)
[c=10481000000]
[c=10482000000]
[c=10483000000]
[c=10484000000]
cosim: 4741000000 retirements ok (pc=0000000000152ab0)
[c=10485000000]
[c=10486000000]
cosim: 4742000000 retirements ok (pc=0000000000152dee)
[c=10487000000]
cosim: 4743000000 retirements ok (pc=0000000000152b0a)
[c=10488000000]
cosim: 4744000000 retirements ok (pc=0000000000151f66)
[c=10489000000]
[c=10490000000]
cosim: 4745000000 retirements ok (pc=0000000000151e3e)
[c=10491000000]
cosim: 4746000000 retirements ok (pc=0000000000152ca8)
[c=10492000000]
[c=10493000000]
cosim: 4747000000 retirements ok (pc=0000000000152cf2)
[c=10494000000]
cosim: 4748000000 retirements ok (pc=0000000000152580)
[c=10495000000]
cosim: 4749000000 retirements ok (pc=000000000015276c)
[c=10496000000]
[c=10497000000]
cosim: 4750000000 retirements ok (pc=0000000000152dee)
[c=10498000000]
cosim: 4751000000 retirements ok (pc=0000000000152bbc)
[c=10499000000]
cosim: 4752000000 retirements ok (pc=0000000000152688)
[c=10500000000]
[c=10501000000]
cosim: 4753000000 retirements ok (pc=0000000000151f90)
[c=10502000000]
cosim: 4754000000 retirements ok (pc=0000000000151e8c)
[c=10503000000]
[c=10504000000]
cosim: 4755000000 retirements ok (pc=0000000000152c7a)
[c=10505000000]
cosim: 4756000000 retirements ok (pc=0000000000152b06)
[c=10506000000]
cosim: 4757000000 retirements ok (pc=00000000001521c6)
[c=10507000000]
[c=10508000000]
cosim: 4758000000 retirements ok (pc=0000000000152522)
[c=10509000000]
cosim: 4759000000 retirements ok (pc=00000000001523c0)
[c=10510000000]
[c=10511000000]
cosim: 4760000000 retirements ok (pc=0000000000152d70)
[c=10512000000]
cosim: 4761000000 retirements ok (pc=0000000000152abe)
[c=10513000000]
cosim: 4762000000 retirements ok (pc=0000000000151e1c)
[c=10514000000]
[c=10515000000]
cosim: 4763000000 retirements ok (pc=0000000000152b8e)
[c=10516000000]
cosim: 4764000000 retirements ok (pc=0000000000152822)
[c=10517000000]
cosim: 4765000000 retirements ok (pc=0000000000152514)
[c=10518000000]
[c=10519000000]
cosim: 4766000000 retirements ok (pc=000000000015262c)
[c=10520000000]
cosim: 4767000000 retirements ok (pc=0000000000152d32)
[c=10521000000]
cosim: 4768000000 retirements ok (pc=000000000015268a)
[c=10522000000]
[c=10523000000]
cosim: 4769000000 retirements ok (pc=0000000000151dac)
[c=10524000000]
cosim: 4770000000 retirements ok (pc=00000000001522ac)
[c=10525000000]
cosim: 4771000000 retirements ok (pc=00000000001521fa)
[c=10526000000]
[c=10527000000]
cosim: 4772000000 retirements ok (pc=0000000000152846)
[c=10528000000]
cosim: 4773000000 retirements ok (pc=000000000015220c)
[c=10529000000]
[c=10530000000]
cosim: 4774000000 retirements ok (pc=000000000015289c)
[c=10531000000]
cosim: 4775000000 retirements ok (pc=000000000015228e)
[c=10532000000]
cosim: 4776000000 retirements ok (pc=0000000000152ce4)
[c=10533000000]
[c=10534000000]
cosim: 4777000000 retirements ok (pc=000000000015205c)
[c=10535000000]
cosim: 4778000000 retirements ok (pc=0000000000152526)
[c=10536000000]
[c=10537000000]
cosim: 4779000000 retirements ok (pc=0000000000152588)
[c=10538000000]
cosim: 4780000000 retirements ok (pc=000000000015203a)
[c=10539000000]
cosim: 4781000000 retirements ok (pc=0000000000151dd2)
[c=10540000000]
[c=10541000000]
cosim: 4782000000 retirements ok (pc=000000000015219c)
[c=10542000000]
cosim: 4783000000 retirements ok (pc=0000000000152db6)
[c=10543000000]
cosim: 4784000000 retirements ok (pc=0000000000152762)
[c=10544000000]
[c=10545000000]
cosim: 4785000000 retirements ok (pc=0000000000152bc8)
[c=10546000000]
cosim: 4786000000 retirements ok (pc=ffffffff808ee1b8)
[c=10547000000]
cosim: 4787000000 retirements ok (pc=0000000000151e70)
[c=10548000000]
[c=10549000000]
cosim: 4788000000 retirements ok (pc=00000000001523e8)
[c=10550000000]
cosim: 4789000000 retirements ok (pc=0000000000152b3a)
[c=10551000000]
[c=10552000000]
cosim: 4790000000 retirements ok (pc=000000000015245e)
[c=10553000000]
cosim: 4791000000 retirements ok (pc=00000000001514b8)
[c=10554000000]
cosim: 4792000000 retirements ok (pc=0000000000152740)
[c=10555000000]
[c=10556000000]
cosim: 4793000000 retirements ok (pc=00000000001526b8)
[c=10557000000]
cosim: 4794000000 retirements ok (pc=00000000001529fa)
[c=10558000000]
cosim: 4795000000 retirements ok (pc=00000000001529be)
[c=10559000000]
[c=10560000000]
cosim: 4796000000 retirements ok (pc=0000000000152bbe)
[c=10561000000]
cosim: 4797000000 retirements ok (pc=0000000000151f56)
[c=10562000000]
[c=10563000000]
cosim: 4798000000 retirements ok (pc=ffffffff800a4004)
[c=10564000000]
cosim: 4799000000 retirements ok (pc=00000000001523c2)
[c=10565000000]
cosim: 4800000000 retirements ok (pc=0000000000152966)
[c=10566000000]
[c=10567000000]
cosim: 4801000000 retirements ok (pc=00000000001521e0)
[c=10568000000]
cosim: 4802000000 retirements ok (pc=0000000000152bb8)
[c=10569000000]
cosim: 4803000000 retirements ok (pc=0000000000152700)
[c=10570000000]
[c=10571000000]
cosim: 4804000000 retirements ok (pc=0000000000152ae6)
[c=10572000000]
cosim: 4805000000 retirements ok (pc=00000000001525a0)
[c=10573000000]
cosim: 4806000000 retirements ok (pc=000000000015289c)
[c=10574000000]
[c=10575000000]
cosim: 4807000000 retirements ok (pc=0000000000152288)
[c=10576000000]
cosim: 4808000000 retirements ok (pc=0000000000152ba2)
[c=10577000000]
[c=10578000000]
cosim: 4809000000 retirements ok (pc=000000000015246e)
[c=10579000000]
cosim: 4810000000 retirements ok (pc=0000000000151f28)
[c=10580000000]
cosim: 4811000000 retirements ok (pc=0000000000152834)
[c=10581000000]
[c=10582000000]
cosim: 4812000000 retirements ok (pc=0000000000152004)
[c=10583000000]
cosim: 4813000000 retirements ok (pc=00000000001522d4)
[c=10584000000]
cosim: 4814000000 retirements ok (pc=00000000001526d4)
[c=10585000000]
[c=10586000000]
cosim: 4815000000 retirements ok (pc=0000000000152a2e)
[c=10587000000]
cosim: 4816000000 retirements ok (pc=0000000000152740)
[c=10588000000]
[c=10589000000]
cosim: 4817000000 retirements ok (pc=000000000015211e)
[c=10590000000]
cosim: 4818000000 retirements ok (pc=0000000000152004)
[c=10591000000]
cosim: 4819000000 retirements ok (pc=0000000000152bb2)
[c=10592000000]
[c=10593000000]
cosim: 4820000000 retirements ok (pc=000000000015253e)
[c=10594000000]
cosim: 4821000000 retirements ok (pc=0000000000152322)
[c=10595000000]
cosim: 4822000000 retirements ok (pc=0000000000152718)
[c=10596000000]
[c=10597000000]
cosim: 4823000000 retirements ok (pc=00000000001522d8)
[c=10598000000]
cosim: 4824000000 retirements ok (pc=0000000000152650)
[c=10599000000]
cosim: 4825000000 retirements ok (pc=0000000000151f52)
[c=10600000000]
[c=10601000000]
cosim: 4826000000 retirements ok (pc=00000000001527ee)
[c=10602000000]
cosim: 4827000000 retirements ok (pc=0000000000152d58)
[c=10603000000]
[c=10604000000]
cosim: 4828000000 retirements ok (pc=0000000000152dac)
[c=10605000000]
cosim: 4829000000 retirements ok (pc=00000000001524d6)
[c=10606000000]
cosim: 4830000000 retirements ok (pc=0000000000151f6e)
[c=10607000000]
[c=10608000000]
cosim: 4831000000 retirements ok (pc=00000000001527f0)
[c=10609000000]
cosim: 4832000000 retirements ok (pc=0000000000152268)
[c=10610000000]
cosim: 4833000000 retirements ok (pc=00000000001522fe)
[c=10611000000]
[c=10612000000]
cosim: 4834000000 retirements ok (pc=000000000015209e)
[c=10613000000]
cosim: 4835000000 retirements ok (pc=0000000000152a7e)
[c=10614000000]
[c=10615000000]
cosim: 4836000000 retirements ok (pc=0000000000151e1e)
[c=10616000000]
cosim: 4837000000 retirements ok (pc=00000000001523e8)
[c=10617000000]
cosim: 4838000000 retirements ok (pc=ffffffff8002509c)
[c=10618000000]
[c=10619000000]
cosim: 4839000000 retirements ok (pc=00000000001527b0)
[c=10620000000]
cosim: 4840000000 retirements ok (pc=000000000015205a)
[c=10621000000]
cosim: 4841000000 retirements ok (pc=0000000000152924)
[c=10622000000]
[c=10623000000]
cosim: 4842000000 retirements ok (pc=00000000001527b4)
[c=10624000000]
cosim: 4843000000 retirements ok (pc=00000000001521c8)
[c=10625000000]
[c=10626000000]
cosim: 4844000000 retirements ok (pc=00000000001521d6)
[c=10627000000]
cosim: 4845000000 retirements ok (pc=000000000015298c)
[c=10628000000]
cosim: 4846000000 retirements ok (pc=0000000000152116)
[c=10629000000]
[c=10630000000]
cosim: 4847000000 retirements ok (pc=0000000000152188)
[c=10631000000]
cosim: 4848000000 retirements ok (pc=00000000001524ee)
[c=10632000000]
[c=10633000000]
cosim: 4849000000 retirements ok (pc=00000000001529a6)
[c=10634000000]
cosim: 4850000000 retirements ok (pc=0000000000152398)
[c=10635000000]
cosim: 4851000000 retirements ok (pc=ffffffff800a480a)
[c=10636000000]
[c=10637000000]
cosim: 4852000000 retirements ok (pc=0000000000151f1e)
[c=10638000000]
cosim: 4853000000 retirements ok (pc=0000000000151db0)
[c=10639000000]
[c=10640000000]
cosim: 4854000000 retirements ok (pc=000000000015202c)
[c=10641000000]
cosim: 4855000000 retirements ok (pc=0000000000152a84)
[c=10642000000]
cosim: 4856000000 retirements ok (pc=0000000000152a08)
[c=10643000000]
[c=10644000000]
cosim: 4857000000 retirements ok (pc=0000000000152c86)
[c=10645000000]
cosim: 4858000000 retirements ok (pc=00000000001526f6)
[c=10646000000]
[c=10647000000]
cosim: 4859000000 retirements ok (pc=0000000000151eac)
[c=10648000000]
cosim: 4860000000 retirements ok (pc=0000000000151e3a)
[c=10649000000]
cosim: 4861000000 retirements ok (pc=0000000000152890)
[c=10650000000]
[c=10651000000]
cosim: 4862000000 retirements ok (pc=ffffffff800572d2)
[c=10652000000]
cosim: 4863000000 retirements ok (pc=0000000000152344)
[c=10653000000]
cosim: 4864000000 retirements ok (pc=ffffffff80064238)
[c=10654000000]
[c=10655000000]
cosim: 4865000000 retirements ok (pc=0000000000152978)
[c=10656000000]
cosim: 4866000000 retirements ok (pc=0000000000152368)
[c=10657000000]
cosim: 4867000000 retirements ok (pc=0000000000151dc8)
[c=10658000000]
[c=10659000000]
cosim: 4868000000 retirements ok (pc=0000000000151e62)
[c=10660000000]
cosim: 4869000000 retirements ok (pc=0000000000152ca8)
[c=10661000000]
cosim: 4870000000 retirements ok (pc=00000000001525e4)
[c=10662000000]
[c=10663000000]
cosim: 4871000000 retirements ok (pc=0000000000151f3e)
[c=10664000000]
cosim: 4872000000 retirements ok (pc=0000000000152492)
[c=10665000000]
[c=10666000000]
cosim: 4873000000 retirements ok (pc=0000000000152c9e)
[c=10667000000]
cosim: 4874000000 retirements ok (pc=0000000000152b2e)
[c=10668000000]
cosim: 4875000000 retirements ok (pc=0000000000151ed0)
[c=10669000000]
[c=10670000000]
cosim: 4876000000 retirements ok (pc=0000000000152c7e)
[c=10671000000]
cosim: 4877000000 retirements ok (pc=0000000000151f0e)
[c=10672000000]
[c=10673000000]
cosim: 4878000000 retirements ok (pc=00000000001523ee)
[c=10674000000]
cosim: 4879000000 retirements ok (pc=000000000015267a)
[c=10675000000]
cosim: 4880000000 retirements ok (pc=00000000001524ca)
[c=10676000000]
[c=10677000000]
cosim: 4881000000 retirements ok (pc=0000000000152362)
[c=10678000000]
cosim: 4882000000 retirements ok (pc=000000000015258e)
[c=10679000000]
cosim: 4883000000 retirements ok (pc=0000000000152c70)
[c=10680000000]
[c=10681000000]
cosim: 4884000000 retirements ok (pc=0000000000151ee4)
[c=10682000000]
cosim: 4885000000 retirements ok (pc=0000000000152ccc)
[c=10683000000]
cosim: 4886000000 retirements ok (pc=0000000000152bb6)
[c=10684000000]
[c=10685000000]
cosim: 4887000000 retirements ok (pc=000000000015267a)
[c=10686000000]
cosim: 4888000000 retirements ok (pc=0000000000152718)
[c=10687000000]
[c=10688000000]
cosim: 4889000000 retirements ok (pc=00000000001529ec)
[c=10689000000]
cosim: 4890000000 retirements ok (pc=000000000015232e)
[c=10690000000]
cosim: 4891000000 retirements ok (pc=00000000001520a6)
[c=10691000000]
[c=10692000000]
cosim: 4892000000 retirements ok (pc=0000000000152a88)
[c=10693000000]
cosim: 4893000000 retirements ok (pc=00000000001528d6)
[c=10694000000]
cosim: 4894000000 retirements ok (pc=0000000000152b76)
[c=10695000000]
[c=10696000000]
cosim: 4895000000 retirements ok (pc=0000000000152320)
[c=10697000000]
cosim: 4896000000 retirements ok (pc=0000000000152d46)
[c=10698000000]
[c=10699000000]
cosim: 4897000000 retirements ok (pc=0000000000151e44)
[c=10700000000]
cosim: 4898000000 retirements ok (pc=0000000000152420)
[c=10701000000]
cosim: 4899000000 retirements ok (pc=0000000000152280)
[c=10702000000]
[c=10703000000]
cosim: 4900000000 retirements ok (pc=0000000000152218)
[c=10704000000]
cosim: 4901000000 retirements ok (pc=0000000000152bf6)
[c=10705000000]
[c=10706000000]
cosim: 4902000000 retirements ok (pc=0000000000152950)
[c=10707000000]
cosim: 4903000000 retirements ok (pc=000000000015279e)
[c=10708000000]
cosim: 4904000000 retirements ok (pc=0000000000151fb6)
[c=10709000000]
cosim: 4905000000 retirements ok (pc=0000000000151e7a)
[c=10710000000]
[c=10711000000]
cosim: 4906000000 retirements ok (pc=0000000000152c22)
[c=10712000000]
cosim: 4907000000 retirements ok (pc=000000000015216c)
[c=10713000000]
[c=10714000000]
cosim: 4908000000 retirements ok (pc=00000000001524aa)
[c=10715000000]
cosim: 4909000000 retirements ok (pc=0000000000152d9e)
[c=10716000000]
cosim: 4910000000 retirements ok (pc=0000000000152aa2)
[c=10717000000]
[c=10718000000]
cosim: 4911000000 retirements ok (pc=00000000001521b2)
[c=10719000000]
cosim: 4912000000 retirements ok (pc=0000000000152dfa)
[c=10720000000]
cosim: 4913000000 retirements ok (pc=00000000001528e6)
[c=10721000000]
[c=10722000000]
cosim: 4914000000 retirements ok (pc=0000000000152b8a)
[c=10723000000]
cosim: 4915000000 retirements ok (pc=0000000000152576)
[c=10724000000]
[c=10725000000]
cosim: 4916000000 retirements ok (pc=000000000015254c)
[c=10726000000]
cosim: 4917000000 retirements ok (pc=000000000015250a)
[c=10727000000]
cosim: 4918000000 retirements ok (pc=00000000001522d2)
[c=10728000000]
[c=10729000000]
cosim: 4919000000 retirements ok (pc=00000000001525c2)
[c=10730000000]
cosim: 4920000000 retirements ok (pc=0000000000152a70)
[c=10731000000]
[c=10732000000]
cosim: 4921000000 retirements ok (pc=00000000001524e6)
[c=10733000000]
cosim: 4922000000 retirements ok (pc=0000000000152306)
[c=10734000000]
cosim: 4923000000 retirements ok (pc=0000000000151dc4)
[c=10735000000]
[c=10736000000]
cosim: 4924000000 retirements ok (pc=000000000015214c)
[c=10737000000]
cosim: 4925000000 retirements ok (pc=00000000001525a0)
[c=10738000000]
cosim: 4926000000 retirements ok (pc=0000000000152a1e)
[c=10739000000]
[c=10740000000]
cosim: 4927000000 retirements ok (pc=0000000000152a26)
[c=10741000000]
cosim: 4928000000 retirements ok (pc=000000000015249e)
[c=10742000000]
cosim: 4929000000 retirements ok (pc=00000000001528c6)
[c=10743000000]
[c=10744000000]
cosim: 4930000000 retirements ok (pc=00000000001528ae)
[c=10745000000]
cosim: 4931000000 retirements ok (pc=0000000000152844)
[c=10746000000]
cosim: 4932000000 retirements ok (pc=0000000000152b6c)
[c=10747000000]
[c=10748000000]
cosim: 4933000000 retirements ok (pc=0000000000152610)
[c=10749000000]
cosim: 4934000000 retirements ok (pc=0000000000151ed8)
[c=10750000000]
[c=10751000000]
cosim: 4935000000 retirements ok (pc=0000000000152920)
[c=10752000000]
cosim: 4936000000 retirements ok (pc=00000000001521ba)
[c=10753000000]
cosim: 4937000000 retirements ok (pc=000000000015281a)
[c=10754000000]
[c=10755000000]
cosim: 4938000000 retirements ok (pc=0000000000152124)
[c=10756000000]
[c=10757000000]
[c=10758000000]
[c=10759000000]
cosim: 4939000000 retirements ok (pc=0000000000152790)
[c=10760000000]
cosim: 4940000000 retirements ok (pc=0000000000152d90)
[c=10761000000]
[c=10762000000]
cosim: 4941000000 retirements ok (pc=0000000000151e06)
[c=10763000000]
cosim: 4942000000 retirements ok (pc=000000000015276e)
[c=10764000000]
cosim: 4943000000 retirements ok (pc=000000000015219a)
[c=10765000000]
[c=10766000000]
cosim: 4944000000 retirements ok (pc=000000000015257a)
[c=10767000000]
cosim: 4945000000 retirements ok (pc=0000000000152de4)
[c=10768000000]
[c=10769000000]
cosim: 4946000000 retirements ok (pc=0000000000151e6c)
[c=10770000000]
cosim: 4947000000 retirements ok (pc=00000000001523e0)
[c=10771000000]
cosim: 4948000000 retirements ok (pc=0000000000152a8c)
[c=10772000000]
[c=10773000000]
cosim: 4949000000 retirements ok (pc=00000000001524d2)
[c=10774000000]
cosim: 4950000000 retirements ok (pc=00000000001527b4)
[c=10775000000]
cosim: 4951000000 retirements ok (pc=000000000015215c)
[c=10776000000]
[c=10777000000]
cosim: 4952000000 retirements ok (pc=0000000000152058)
[c=10778000000]
cosim: 4953000000 retirements ok (pc=00000000001526d6)
[c=10779000000]
[c=10780000000]
cosim: 4954000000 retirements ok (pc=0000000000152b7e)
[c=10781000000]
cosim: 4955000000 retirements ok (pc=ffffffff800a0f48)
[c=10782000000]
cosim: 4956000000 retirements ok (pc=0000000000152636)
[c=10783000000]
[c=10784000000]
cosim: 4957000000 retirements ok (pc=0000000000152aa2)
[c=10785000000]
cosim: 4958000000 retirements ok (pc=0000000000151d4c)
[c=10786000000]
[c=10787000000]
cosim: 4959000000 retirements ok (pc=ffffffff800a5912)
[c=10788000000]
cosim: 4960000000 retirements ok (pc=ffffffff800a381c)
[c=10789000000]
cosim: 4961000000 retirements ok (pc=000000000015293a)
[c=10790000000]
[c=10791000000]
cosim: 4962000000 retirements ok (pc=0000000000152c0c)
[c=10792000000]
cosim: 4963000000 retirements ok (pc=000000000015204c)
[c=10793000000]
[c=10794000000]
cosim: 4964000000 retirements ok (pc=0000000000152460)
[c=10795000000]
cosim: 4965000000 retirements ok (pc=0000000000151f8e)
[c=10796000000]
cosim: 4966000000 retirements ok (pc=0000000000151e26)
[c=10797000000]
[c=10798000000]
cosim: 4967000000 retirements ok (pc=000000000015262c)
[c=10799000000]
cosim: 4968000000 retirements ok (pc=00000000001523dc)
[c=10800000000]
cosim: 4969000000 retirements ok (pc=0000000000152b30)
[c=10801000000]
[c=10802000000]
cosim: 4970000000 retirements ok (pc=000000000015211a)
[c=10803000000]
cosim: 4971000000 retirements ok (pc=00000000001520ba)
[c=10804000000]
cosim: 4972000000 retirements ok (pc=0000000000152ad8)
[c=10805000000]
[c=10806000000]
cosim: 4973000000 retirements ok (pc=0000000000152980)
[c=10807000000]
cosim: 4974000000 retirements ok (pc=000000000014b296)
[c=10808000000]
cosim: 4975000000 retirements ok (pc=000000000015217a)
[c=10809000000]
[c=10810000000]
cosim: 4976000000 retirements ok (pc=0000000000152a42)
[c=10811000000]
cosim: 4977000000 retirements ok (pc=0000000000152d78)
[c=10812000000]
[c=10813000000]
cosim: 4978000000 retirements ok (pc=000000000015299c)
[c=10814000000]
cosim: 4979000000 retirements ok (pc=0000000000152208)
[c=10815000000]
cosim: 4980000000 retirements ok (pc=0000000000152080)
[c=10816000000]
[c=10817000000]
cosim: 4981000000 retirements ok (pc=0000000000151f46)
[c=10818000000]
cosim: 4982000000 retirements ok (pc=000000000015214c)
[c=10819000000]
[c=10820000000]
cosim: 4983000000 retirements ok (pc=00000000001529aa)
[c=10821000000]
cosim: 4984000000 retirements ok (pc=000000000015257c)
[c=10822000000]
cosim: 4985000000 retirements ok (pc=00000000001528ae)
[c=10823000000]
[c=10824000000]
cosim: 4986000000 retirements ok (pc=00000000001524da)
[c=10825000000]
cosim: 4987000000 retirements ok (pc=0000000000152c34)
[c=10826000000]
cosim: 4988000000 retirements ok (pc=0000000000152474)
[c=10827000000]
[c=10828000000]
cosim: 4989000000 retirements ok (pc=000000000015271c)
[c=10829000000]
cosim: 4990000000 retirements ok (pc=0000000000152628)
[c=10830000000]
cosim: 4991000000 retirements ok (pc=000000000015257c)
[c=10831000000]
[c=10832000000]
cosim: 4992000000 retirements ok (pc=0000000000152370)
[c=10833000000]
cosim: 4993000000 retirements ok (pc=000000000015268c)
[c=10834000000]
[c=10835000000]
cosim: 4994000000 retirements ok (pc=000000000015235a)
[c=10836000000]
cosim: 4995000000 retirements ok (pc=0000000000152d82)
[c=10837000000]
cosim: 4996000000 retirements ok (pc=00000000001528a6)
[c=10838000000]
[c=10839000000]
cosim: 4997000000 retirements ok (pc=000000000015242a)
[c=10840000000]
cosim: 4998000000 retirements ok (pc=00000000001522ca)
[c=10841000000]
cosim: 4999000000 retirements ok (pc=0000000000152b16)
[c=10842000000]
[c=10843000000]
cosim: 5000000000 retirements ok (pc=00000000001529dc)
[c=10844000000]
cosim: 5001000000 retirements ok (pc=00000000001521d8)
[c=10845000000]
[c=10846000000]
cosim: 5002000000 retirements ok (pc=00000000001529a8)
[c=10847000000]
cosim: 5003000000 retirements ok (pc=ffffffff808d46c6)
[c=10848000000]
cosim: 5004000000 retirements ok (pc=0000000000152af2)
[c=10849000000]
[c=10850000000]
cosim: 5005000000 retirements ok (pc=ffffffff800a1632)
[c=10851000000]
cosim: 5006000000 retirements ok (pc=ffffffff800af1b0)
[c=10852000000]
cosim: 5007000000 retirements ok (pc=00000000001528b0)
[c=10853000000]
[c=10854000000]
cosim: 5008000000 retirements ok (pc=0000000000152dd0)
[c=10855000000]
cosim: 5009000000 retirements ok (pc=0000000000151f04)
[c=10856000000]
[c=10857000000]
cosim: 5010000000 retirements ok (pc=00000000001523a4)
[c=10858000000]
cosim: 5011000000 retirements ok (pc=0000000000152840)
[c=10859000000]
cosim: 5012000000 retirements ok (pc=0000000000152608)
[c=10860000000]
[c=10861000000]
cosim: 5013000000 retirements ok (pc=00000000001523f2)
[c=10862000000]
cosim: 5014000000 retirements ok (pc=0000000000152d0a)
[c=10863000000]
cosim: 5015000000 retirements ok (pc=0000000000152dd0)
[c=10864000000]
[c=10865000000]
cosim: 5016000000 retirements ok (pc=0000000000152af0)
[c=10866000000]
cosim: 5017000000 retirements ok (pc=00000000001521b0)
[c=10867000000]
cosim: 5018000000 retirements ok (pc=0000000000152044)
[c=10868000000]
[c=10869000000]
cosim: 5019000000 retirements ok (pc=0000000000152320)
[c=10870000000]
cosim: 5020000000 retirements ok (pc=0000000000152d4a)
[c=10871000000]
[c=10872000000]
cosim: 5021000000 retirements ok (pc=0000000000152a70)
[c=10873000000]
cosim: 5022000000 retirements ok (pc=00000000001527e2)
[c=10874000000]
cosim: 5023000000 retirements ok (pc=000000000015210c)
[c=10875000000]
[c=10876000000]
cosim: 5024000000 retirements ok (pc=0000000000151e3a)
[c=10877000000]
cosim: 5025000000 retirements ok (pc=000000000015272e)
[c=10878000000]
[c=10879000000]
cosim: 5026000000 retirements ok (pc=0000000000151e3a)
[c=10880000000]
cosim: 5027000000 retirements ok (pc=00000000001526de)
[c=10881000000]
cosim: 5028000000 retirements ok (pc=0000000000152800)
[c=10882000000]
[c=10883000000]
cosim: 5029000000 retirements ok (pc=0000000000152118)
[c=10884000000]
cosim: 5030000000 retirements ok (pc=000000000015209a)
[c=10885000000]
cosim: 5031000000 retirements ok (pc=0000000000152a74)
[c=10886000000]
[c=10887000000]
cosim: 5032000000 retirements ok (pc=0000000000151e34)
[c=10888000000]
cosim: 5033000000 retirements ok (pc=0000000000151ed4)
[c=10889000000]
cosim: 5034000000 retirements ok (pc=00000000001528ce)
[c=10890000000]
[c=10891000000]
cosim: 5035000000 retirements ok (pc=00000000001529ce)
[c=10892000000]
cosim: 5036000000 retirements ok (pc=00000000001526f4)
[c=10893000000]
cosim: 5037000000 retirements ok (pc=ffffffff8007eed4)
[c=10894000000]
[c=10895000000]
cosim: 5038000000 retirements ok (pc=0000000000152248)
[c=10896000000]
cosim: 5039000000 retirements ok (pc=0000000000152a10)
[c=10897000000]
[c=10898000000]
cosim: 5040000000 retirements ok (pc=0000000000152322)
[c=10899000000]
cosim: 5041000000 retirements ok (pc=000000000015228e)
[c=10900000000]
cosim: 5042000000 retirements ok (pc=0000000000152bbc)
[c=10901000000]
[c=10902000000]
cosim: 5043000000 retirements ok (pc=0000000000151ffa)
[c=10903000000]
cosim: 5044000000 retirements ok (pc=0000000000152d0e)
[c=10904000000]
[c=10905000000]
cosim: 5045000000 retirements ok (pc=0000000000152b58)
[c=10906000000]
cosim: 5046000000 retirements ok (pc=00000000001521fc)
[c=10907000000]
cosim: 5047000000 retirements ok (pc=00000000001525a2)
[c=10908000000]
[c=10909000000]
cosim: 5048000000 retirements ok (pc=000000000015281c)
[c=10910000000]
cosim: 5049000000 retirements ok (pc=0000000000151fae)
[c=10911000000]
cosim: 5050000000 retirements ok (pc=000000000015285c)
[c=10912000000]
[c=10913000000]
cosim: 5051000000 retirements ok (pc=ffffffff802410b2)
[c=10914000000]
cosim: 5052000000 retirements ok (pc=000000000015262c)
[c=10915000000]
[c=10916000000]
cosim: 5053000000 retirements ok (pc=0000000000152038)
[c=10917000000]
cosim: 5054000000 retirements ok (pc=0000000000152a98)
[c=10918000000]
cosim: 5055000000 retirements ok (pc=0000000000152160)
[c=10919000000]
[c=10920000000]
cosim: 5056000000 retirements ok (pc=00000000001523c0)
[c=10921000000]
cosim: 5057000000 retirements ok (pc=ffffffff800ae514)
[c=10922000000]
[c=10923000000]
cosim: 5058000000 retirements ok (pc=00000000001525b6)
[c=10924000000]
cosim: 5059000000 retirements ok (pc=0000000000152466)
[c=10925000000]
cosim: 5060000000 retirements ok (pc=ffffffff808ee080)
[c=10926000000]
[c=10927000000]
cosim: 5061000000 retirements ok (pc=0000000000152058)
[c=10928000000]
cosim: 5062000000 retirements ok (pc=000000000015235a)
[c=10929000000]
[c=10930000000]
cosim: 5063000000 retirements ok (pc=00000000001522fa)
[c=10931000000]
cosim: 5064000000 retirements ok (pc=ffffffff80064224)
[c=10932000000]
cosim: 5065000000 retirements ok (pc=000000000015205c)
[c=10933000000]
[c=10934000000]
cosim: 5066000000 retirements ok (pc=0000000000152114)
[c=10935000000]
cosim: 5067000000 retirements ok (pc=0000000000152536)
[c=10936000000]
cosim: 5068000000 retirements ok (pc=0000000000152a0c)
[c=10937000000]
[c=10938000000]
cosim: 5069000000 retirements ok (pc=0000000000151e00)
[c=10939000000]
cosim: 5070000000 retirements ok (pc=0000000000152d70)
[c=10940000000]
[c=10941000000]
cosim: 5071000000 retirements ok (pc=0000000000152b58)
[c=10942000000]
cosim: 5072000000 retirements ok (pc=00000000001528f8)
[c=10943000000]
cosim: 5073000000 retirements ok (pc=00000000001526aa)
[c=10944000000]
[c=10945000000]
cosim: 5074000000 retirements ok (pc=0000000000151f4e)
[c=10946000000]
cosim: 5075000000 retirements ok (pc=0000000000152724)
[c=10947000000]
cosim: 5076000000 retirements ok (pc=0000000000151fea)
[c=10948000000]
[c=10949000000]
cosim: 5077000000 retirements ok (pc=000000000015238e)
[c=10950000000]
cosim: 5078000000 retirements ok (pc=0000000000152118)
[c=10951000000]
cosim: 5079000000 retirements ok (pc=0000000000152bb4)
[c=10952000000]
[c=10953000000]
cosim: 5080000000 retirements ok (pc=0000000000151f6e)
[c=10954000000]
cosim: 5081000000 retirements ok (pc=0000000000152396)
[c=10955000000]
[c=10956000000]
cosim: 5082000000 retirements ok (pc=000000000015210c)
[c=10957000000]
cosim: 5083000000 retirements ok (pc=000000000015254e)
[c=10958000000]
cosim: 5084000000 retirements ok (pc=0000000000152c7a)
[c=10959000000]
[c=10960000000]
cosim: 5085000000 retirements ok (pc=00000000001520ce)
[c=10961000000]
cosim: 5086000000 retirements ok (pc=0000000000152b92)
[c=10962000000]
cosim: 5087000000 retirements ok (pc=0000000000152962)
[c=10963000000]
[c=10964000000]
cosim: 5088000000 retirements ok (pc=0000000000152080)
[c=10965000000]
cosim: 5089000000 retirements ok (pc=000000000015204e)
[c=10966000000]
[c=10967000000]
cosim: 5090000000 retirements ok (pc=000000000015294c)
[c=10968000000]
cosim: 5091000000 retirements ok (pc=000000000015276e)
[c=10969000000]
cosim: 5092000000 retirements ok (pc=0000000000152004)
[c=10970000000]
[c=10971000000]
cosim: 5093000000 retirements ok (pc=0000000000151f62)
[c=10972000000]
cosim: 5094000000 retirements ok (pc=0000000000151e60)
[c=10973000000]
[c=10974000000]
cosim: 5095000000 retirements ok (pc=000000000015281e)
[c=10975000000]
cosim: 5096000000 retirements ok (pc=0000000000152320)
[c=10976000000]
cosim: 5097000000 retirements ok (pc=00000000001527b4)
[c=10977000000]
[c=10978000000]
cosim: 5098000000 retirements ok (pc=00000000001521c2)
[c=10979000000]
cosim: 5099000000 retirements ok (pc=0000000000151f90)
[c=10980000000]
cosim: 5100000000 retirements ok (pc=00000000001523a4)
[c=10981000000]
[c=10982000000]
cosim: 5101000000 retirements ok (pc=0000000000151e96)
[c=10983000000]
cosim: 5102000000 retirements ok (pc=00000000001527cc)
[c=10984000000]
cosim: 5103000000 retirements ok (pc=00000000001522ec)
[c=10985000000]
[c=10986000000]
cosim: 5104000000 retirements ok (pc=00000000001525e6)
[c=10987000000]
cosim: 5105000000 retirements ok (pc=00000000001520e6)
[c=10988000000]
[c=10989000000]
cosim: 5106000000 retirements ok (pc=0000000000151f0e)
[c=10990000000]
cosim: 5107000000 retirements ok (pc=0000000000152844)
[c=10991000000]
cosim: 5108000000 retirements ok (pc=000000000015217a)
[c=10992000000]
[c=10993000000]
cosim: 5109000000 retirements ok (pc=0000000000152a6e)
[c=10994000000]
cosim: 5110000000 retirements ok (pc=0000000000152946)
[c=10995000000]
cosim: 5111000000 retirements ok (pc=0000000000152852)
[c=10996000000]
[c=10997000000]
cosim: 5112000000 retirements ok (pc=0000000000152b36)
[c=10998000000]
cosim: 5113000000 retirements ok (pc=0000000000152088)
[c=10999000000]
[c=11000000000]
cosim: 5114000000 retirements ok (pc=00000000001529b4)
[c=11001000000]
cosim: 5115000000 retirements ok (pc=0000000000152390)
[c=11002000000]
cosim: 5116000000 retirements ok (pc=0000000000151daa)
[c=11003000000]
[c=11004000000]
cosim: 5117000000 retirements ok (pc=0000000000152066)
[c=11005000000]
cosim: 5118000000 retirements ok (pc=0000000000152484)
[c=11006000000]
cosim: 5119000000 retirements ok (pc=0000000000152812)
[c=11007000000]
[c=11008000000]
cosim: 5120000000 retirements ok (pc=0000000000152228)
[c=11009000000]
cosim: 5121000000 retirements ok (pc=0000000000152c28)
[c=11010000000]
cosim: 5122000000 retirements ok (pc=000000000015250a)
[c=11011000000]
[c=11012000000]
cosim: 5123000000 retirements ok (pc=0000000000151fba)
[c=11013000000]
cosim: 5124000000 retirements ok (pc=0000000000151d9c)
[c=11014000000]
[c=11015000000]
cosim: 5125000000 retirements ok (pc=00000000001521e6)
[c=11016000000]
cosim: 5126000000 retirements ok (pc=0000000000152d8c)
[c=11017000000]
cosim: 5127000000 retirements ok (pc=000000000015209e)
[c=11018000000]
[c=11019000000]
cosim: 5128000000 retirements ok (pc=0000000000152b74)
[c=11020000000]
cosim: 5129000000 retirements ok (pc=0000000000151fa2)
[c=11021000000]
cosim: 5130000000 retirements ok (pc=00000000001523ee)
[c=11022000000]
[c=11023000000]
cosim: 5131000000 retirements ok (pc=000000000015286a)
[c=11024000000]
cosim: 5132000000 retirements ok (pc=00000000001522d8)
[c=11025000000]
[c=11026000000]
cosim: 5133000000 retirements ok (pc=0000000000151e70)
[c=11027000000]
cosim: 5134000000 retirements ok (pc=00000000001526e4)
[c=11028000000]
cosim: 5135000000 retirements ok (pc=0000000000152176)
[c=11029000000]
[c=11030000000]
cosim: 5136000000 retirements ok (pc=00000000001525e6)
[c=11031000000]
[c=11032000000]
[c=11033000000]
[c=11034000000]
cosim: 5137000000 retirements ok (pc=0000000000152c10)
[c=11035000000]
cosim: 5138000000 retirements ok (pc=0000000000152df4)
[c=11036000000]
cosim: 5139000000 retirements ok (pc=0000000000151f6e)
[c=11037000000]
[c=11038000000]
cosim: 5140000000 retirements ok (pc=0000000000151ecc)
[c=11039000000]
cosim: 5141000000 retirements ok (pc=0000000000152056)
[c=11040000000]
cosim: 5142000000 retirements ok (pc=0000000000152b3c)
[c=11041000000]
[c=11042000000]
cosim: 5143000000 retirements ok (pc=0000000000151f6e)
[c=11043000000]
cosim: 5144000000 retirements ok (pc=0000000000152878)
[c=11044000000]
[c=11045000000]
cosim: 5145000000 retirements ok (pc=0000000000151d9e)
[c=11046000000]
cosim: 5146000000 retirements ok (pc=00000000001521ba)
[c=11047000000]
cosim: 5147000000 retirements ok (pc=0000000000152bec)
[c=11048000000]
[c=11049000000]
cosim: 5148000000 retirements ok (pc=0000000000152ccc)
[c=11050000000]
cosim: 5149000000 retirements ok (pc=0000000000152004)
[c=11051000000]
[c=11052000000]
cosim: 5150000000 retirements ok (pc=00000000001527de)
[c=11053000000]
cosim: 5151000000 retirements ok (pc=0000000000152b06)
[c=11054000000]
cosim: 5152000000 retirements ok (pc=0000000000152550)
[c=11055000000]
[c=11056000000]
cosim: 5153000000 retirements ok (pc=0000000000151ea0)
[c=11057000000]
cosim: 5154000000 retirements ok (pc=0000000000152256)
[c=11058000000]
cosim: 5155000000 retirements ok (pc=0000000000152da8)
[c=11059000000]
[c=11060000000]
cosim: 5156000000 retirements ok (pc=0000000000152b76)
[c=11061000000]
cosim: 5157000000 retirements ok (pc=0000000000151eb6)
[c=11062000000]
[c=11063000000]
cosim: 5158000000 retirements ok (pc=0000000000152c12)
[c=11064000000]
cosim: 5159000000 retirements ok (pc=0000000000152ad6)
[c=11065000000]
cosim: 5160000000 retirements ok (pc=00000000001525c6)
[c=11066000000]
[c=11067000000]
cosim: 5161000000 retirements ok (pc=0000000000152d66)
[c=11068000000]
cosim: 5162000000 retirements ok (pc=0000000000151f84)
[c=11069000000]
[c=11070000000]
cosim: 5163000000 retirements ok (pc=0000000000152292)
[c=11071000000]
cosim: 5164000000 retirements ok (pc=00000000001527ca)
[c=11072000000]
cosim: 5165000000 retirements ok (pc=0000000000151f7a)
[c=11073000000]
[c=11074000000]
cosim: 5166000000 retirements ok (pc=0000000000151dce)
[c=11075000000]
cosim: 5167000000 retirements ok (pc=0000000000152d62)
[c=11076000000]
[c=11077000000]
cosim: 5168000000 retirements ok (pc=0000000000152502)
[c=11078000000]
cosim: 5169000000 retirements ok (pc=0000000000152d3c)
[c=11079000000]
cosim: 5170000000 retirements ok (pc=0000000000152bf2)
[c=11080000000]
[c=11081000000]
cosim: 5171000000 retirements ok (pc=00000000001525ac)
[c=11082000000]
cosim: 5172000000 retirements ok (pc=0000000000152774)
[c=11083000000]
cosim: 5173000000 retirements ok (pc=000000000015266c)
[c=11084000000]
[c=11085000000]
cosim: 5174000000 retirements ok (pc=000000000015200c)
[c=11086000000]
cosim: 5175000000 retirements ok (pc=00000000001522fe)
[c=11087000000]
[c=11088000000]
cosim: 5176000000 retirements ok (pc=00000000001521e6)
[c=11089000000]
cosim: 5177000000 retirements ok (pc=ffffffff800a47e0)
[c=11090000000]
cosim: 5178000000 retirements ok (pc=000000000015254a)
[c=11091000000]
[c=11092000000]
cosim: 5179000000 retirements ok (pc=00000000001523ec)
[c=11093000000]
cosim: 5180000000 retirements ok (pc=00000000001521ac)
[c=11094000000]
cosim: 5181000000 retirements ok (pc=00000000001520bc)
[c=11095000000]
[c=11096000000]
cosim: 5182000000 retirements ok (pc=000000000015291a)
[c=11097000000]
cosim: 5183000000 retirements ok (pc=0000000000152758)
[c=11098000000]
cosim: 5184000000 retirements ok (pc=ffffffff808d46a8)
[c=11099000000]
[c=11100000000]
cosim: 5185000000 retirements ok (pc=0000000000152670)
[c=11101000000]
cosim: 5186000000 retirements ok (pc=000000000015295a)
[c=11102000000]
[c=11103000000]
cosim: 5187000000 retirements ok (pc=0000000000152de0)
[c=11104000000]
cosim: 5188000000 retirements ok (pc=0000000000152a2a)
[c=11105000000]
cosim: 5189000000 retirements ok (pc=00000000001528ea)
[c=11106000000]
[c=11107000000]
cosim: 5190000000 retirements ok (pc=0000000000152d1a)
[c=11108000000]
cosim: 5191000000 retirements ok (pc=000000000015292c)
[c=11109000000]
cosim: 5192000000 retirements ok (pc=00000000001520f8)
[c=11110000000]
[c=11111000000]
cosim: 5193000000 retirements ok (pc=0000000000152982)
[c=11112000000]
cosim: 5194000000 retirements ok (pc=000000000015215c)
[c=11113000000]
[c=11114000000]
cosim: 5195000000 retirements ok (pc=00000000001528d8)
[c=11115000000]
cosim: 5196000000 retirements ok (pc=ffffffff805311dc)
[c=11116000000]
cosim: 5197000000 retirements ok (pc=0000000000152a62)
[c=11117000000]
[c=11118000000]
cosim: 5198000000 retirements ok (pc=000000000015216c)
[c=11119000000]
cosim: 5199000000 retirements ok (pc=0000000000152a22)
[c=11120000000]
[c=11121000000]
cosim: 5200000000 retirements ok (pc=000000000015229c)
[c=11122000000]
cosim: 5201000000 retirements ok (pc=0000000000152092)
[c=11123000000]
cosim: 5202000000 retirements ok (pc=000000000015282a)
[c=11124000000]
cosim: 5203000000 retirements ok (pc=0000000000152104)
[c=11125000000]
[c=11126000000]
cosim: 5204000000 retirements ok (pc=0000000000151dd2)
[c=11127000000]
cosim: 5205000000 retirements ok (pc=00000000001524f6)
[c=11128000000]
[c=11129000000]
cosim: 5206000000 retirements ok (pc=0000000000151eda)
[c=11130000000]
cosim: 5207000000 retirements ok (pc=000000000015278a)
[c=11131000000]
cosim: 5208000000 retirements ok (pc=0000000000152080)
[c=11132000000]
[c=11133000000]
cosim: 5209000000 retirements ok (pc=000000000015292c)
[c=11134000000]
cosim: 5210000000 retirements ok (pc=000000000015246e)
[c=11135000000]
[c=11136000000]
cosim: 5211000000 retirements ok (pc=000000000015266c)
[c=11137000000]
cosim: 5212000000 retirements ok (pc=00000000001529f6)
[c=11138000000]
cosim: 5213000000 retirements ok (pc=ffffffff800a47e8)
[c=11139000000]
[c=11140000000]
cosim: 5214000000 retirements ok (pc=0000000000152314)
[c=11141000000]
cosim: 5215000000 retirements ok (pc=0000000000152ce0)
[c=11142000000]
cosim: 5216000000 retirements ok (pc=0000000000151e20)
[c=11143000000]
[c=11144000000]
cosim: 5217000000 retirements ok (pc=0000000000152dac)
[c=11145000000]
cosim: 5218000000 retirements ok (pc=0000000000151fde)
[c=11146000000]
[c=11147000000]
cosim: 5219000000 retirements ok (pc=0000000000152208)
[c=11148000000]
cosim: 5220000000 retirements ok (pc=00000000001524e6)
[c=11149000000]
cosim: 5221000000 retirements ok (pc=0000000000151f96)
[c=11150000000]
[c=11151000000]
cosim: 5222000000 retirements ok (pc=00000000001523d6)
[c=11152000000]
cosim: 5223000000 retirements ok (pc=0000000000152802)
[c=11153000000]
cosim: 5224000000 retirements ok (pc=0000000000152dd6)
[c=11154000000]
[c=11155000000]
cosim: 5225000000 retirements ok (pc=0000000000152d2a)
[c=11156000000]
cosim: 5226000000 retirements ok (pc=0000000000152ba8)
[c=11157000000]
cosim: 5227000000 retirements ok (pc=0000000000152402)
[c=11158000000]
[c=11159000000]
cosim: 5228000000 retirements ok (pc=0000000000151f2a)
[c=11160000000]
cosim: 5229000000 retirements ok (pc=0000000000152666)
[c=11161000000]
[c=11162000000]
cosim: 5230000000 retirements ok (pc=0000000000151fc6)
[c=11163000000]
cosim: 5231000000 retirements ok (pc=00000000001523b4)
[c=11164000000]
cosim: 5232000000 retirements ok (pc=0000000000152d0e)
[c=11165000000]
[c=11166000000]
cosim: 5233000000 retirements ok (pc=000000000015279a)
[c=11167000000]
cosim: 5234000000 retirements ok (pc=0000000000151f20)
[c=11168000000]
cosim: 5235000000 retirements ok (pc=ffffffff800a592e)
[c=11169000000]
[c=11170000000]
cosim: 5236000000 retirements ok (pc=00000000001522ae)
[c=11171000000]
cosim: 5237000000 retirements ok (pc=000000000015243c)
[c=11172000000]
[c=11173000000]
cosim: 5238000000 retirements ok (pc=00000000001522c4)
[c=11174000000]
cosim: 5239000000 retirements ok (pc=0000000000152b9a)
[c=11175000000]
cosim: 5240000000 retirements ok (pc=0000000000152566)
[c=11176000000]
[c=11177000000]
cosim: 5241000000 retirements ok (pc=0000000000152492)
[c=11178000000]
cosim: 5242000000 retirements ok (pc=ffffffff8068b948)
[c=11179000000]
cosim: 5243000000 retirements ok (pc=00000000001521b2)
[c=11180000000]
[c=11181000000]
cosim: 5244000000 retirements ok (pc=0000000000152b2e)
[c=11182000000]
cosim: 5245000000 retirements ok (pc=0000000000152594)
[c=11183000000]
cosim: 5246000000 retirements ok (pc=000000000014bcb0)
[c=11184000000]
[c=11185000000]
cosim: 5247000000 retirements ok (pc=0000000000152364)
[c=11186000000]
cosim: 5248000000 retirements ok (pc=0000000000151d4e)
[c=11187000000]
[c=11188000000]
cosim: 5249000000 retirements ok (pc=00000000001520fa)
[c=11189000000]
cosim: 5250000000 retirements ok (pc=000000000015204a)
[c=11190000000]
cosim: 5251000000 retirements ok (pc=0000000000152932)
[c=11191000000]
[c=11192000000]
cosim: 5252000000 retirements ok (pc=00000000001529c0)
[c=11193000000]
cosim: 5253000000 retirements ok (pc=0000000000152356)
[c=11194000000]
[c=11195000000]
cosim: 5254000000 retirements ok (pc=000000000015215c)
[c=11196000000]
cosim: 5255000000 retirements ok (pc=0000000000152484)
[c=11197000000]
cosim: 5256000000 retirements ok (pc=00000000001527de)
[c=11198000000]
[c=11199000000]
cosim: 5257000000 retirements ok (pc=00000000001520aa)
[c=11200000000]
cosim: 5258000000 retirements ok (pc=ffffffff808d5558)
[c=11201000000]
cosim: 5259000000 retirements ok (pc=0000000000152cc4)
[c=11202000000]
[c=11203000000]
cosim: 5260000000 retirements ok (pc=0000000000152580)
[c=11204000000]
cosim: 5261000000 retirements ok (pc=0000000000152ba8)
[c=11205000000]
[c=11206000000]
cosim: 5262000000 retirements ok (pc=00000000001521c8)
[c=11207000000]
cosim: 5263000000 retirements ok (pc=0000000000152492)
[c=11208000000]
cosim: 5264000000 retirements ok (pc=0000000000152c96)
[c=11209000000]
[c=11210000000]
cosim: 5265000000 retirements ok (pc=0000000000152d0e)
[c=11211000000]
cosim: 5266000000 retirements ok (pc=0000000000152598)
[c=11212000000]
[c=11213000000]
cosim: 5267000000 retirements ok (pc=00000000001526a2)
[c=11214000000]
cosim: 5268000000 retirements ok (pc=0000000000152570)
[c=11215000000]
cosim: 5269000000 retirements ok (pc=000000000015250a)
[c=11216000000]
[c=11217000000]
cosim: 5270000000 retirements ok (pc=0000000000151e2a)
[c=11218000000]
cosim: 5271000000 retirements ok (pc=00000000001526ae)
[c=11219000000]
cosim: 5272000000 retirements ok (pc=0000000000152a78)
[c=11220000000]
[c=11221000000]
cosim: 5273000000 retirements ok (pc=0000000000152b14)
[c=11222000000]
cosim: 5274000000 retirements ok (pc=00000000001524aa)
[c=11223000000]
[c=11224000000]
cosim: 5275000000 retirements ok (pc=0000000000152cc4)
[c=11225000000]
cosim: 5276000000 retirements ok (pc=0000000000152d82)
[c=11226000000]
cosim: 5277000000 retirements ok (pc=0000000000152620)
[c=11227000000]
[c=11228000000]
cosim: 5278000000 retirements ok (pc=000000000015217c)
[c=11229000000]
cosim: 5279000000 retirements ok (pc=0000000000152d24)
[c=11230000000]
[c=11231000000]
cosim: 5280000000 retirements ok (pc=0000000000152d00)
[c=11232000000]
cosim: 5281000000 retirements ok (pc=0000000000152da8)
[c=11233000000]
cosim: 5282000000 retirements ok (pc=00000000001523fc)
[c=11234000000]
[c=11235000000]
cosim: 5283000000 retirements ok (pc=0000000000151f52)
[c=11236000000]
cosim: 5284000000 retirements ok (pc=0000000000151e3e)
[c=11237000000]
cosim: 5285000000 retirements ok (pc=0000000000152056)
[c=11238000000]
[c=11239000000]
cosim: 5286000000 retirements ok (pc=ffffffff800a59a0)
[c=11240000000]
cosim: 5287000000 retirements ok (pc=0000000000152490)
[c=11241000000]
cosim: 5288000000 retirements ok (pc=00000000001525bc)
[c=11242000000]
[c=11243000000]
cosim: 5289000000 retirements ok (pc=00000000001529ec)
[c=11244000000]
cosim: 5290000000 retirements ok (pc=0000000000152786)
[c=11245000000]
[c=11246000000]
cosim: 5291000000 retirements ok (pc=000000000015263e)
[c=11247000000]
cosim: 5292000000 retirements ok (pc=00000000001526c0)
[c=11248000000]
cosim: 5293000000 retirements ok (pc=0000000000152980)
[c=11249000000]
[c=11250000000]
cosim: 5294000000 retirements ok (pc=00000000001527d4)
[c=11251000000]
cosim: 5295000000 retirements ok (pc=0000000000151e54)
[c=11252000000]
cosim: 5296000000 retirements ok (pc=0000000000152c2e)
[c=11253000000]
[c=11254000000]
cosim: 5297000000 retirements ok (pc=0000000000151f72)
[c=11255000000]
cosim: 5298000000 retirements ok (pc=000000000015217c)
[c=11256000000]
[c=11257000000]
cosim: 5299000000 retirements ok (pc=0000000000152b9c)
[c=11258000000]
cosim: 5300000000 retirements ok (pc=0000000000151ed0)
[c=11259000000]
cosim: 5301000000 retirements ok (pc=00000000001528d8)
[c=11260000000]
[c=11261000000]
cosim: 5302000000 retirements ok (pc=0000000000152636)
[c=11262000000]
cosim: 5303000000 retirements ok (pc=00000000001523b2)
[c=11263000000]
cosim: 5304000000 retirements ok (pc=00000000001527ac)
[c=11264000000]
[c=11265000000]
cosim: 5305000000 retirements ok (pc=0000000000152aea)
[c=11266000000]
cosim: 5306000000 retirements ok (pc=0000000000152522)
[c=11267000000]
cosim: 5307000000 retirements ok (pc=000000000015294e)
[c=11268000000]
[c=11269000000]
cosim: 5308000000 retirements ok (pc=0000000000151fe2)
[c=11270000000]
cosim: 5309000000 retirements ok (pc=0000000000152b04)
[c=11271000000]
[c=11272000000]
cosim: 5310000000 retirements ok (pc=0000000000152754)
[c=11273000000]
cosim: 5311000000 retirements ok (pc=000000000015270e)
[c=11274000000]
cosim: 5312000000 retirements ok (pc=0000000000152d36)
[c=11275000000]
[c=11276000000]
cosim: 5313000000 retirements ok (pc=00000000001526f2)
[c=11277000000]
cosim: 5314000000 retirements ok (pc=000000000014c71a)
[c=11278000000]
cosim: 5315000000 retirements ok (pc=000000000015211e)
[c=11279000000]
[c=11280000000]
cosim: 5316000000 retirements ok (pc=0000000000152980)
[c=11281000000]
cosim: 5317000000 retirements ok (pc=0000000000152b98)
[c=11282000000]
[c=11283000000]
cosim: 5318000000 retirements ok (pc=000000000015280c)
[c=11284000000]
cosim: 5319000000 retirements ok (pc=000000000014bdf6)
[c=11285000000]
cosim: 5320000000 retirements ok (pc=0000000000152914)
[c=11286000000]
[c=11287000000]
cosim: 5321000000 retirements ok (pc=000000000015276e)
[c=11288000000]
cosim: 5322000000 retirements ok (pc=00000000001529b2)
[c=11289000000]
cosim: 5323000000 retirements ok (pc=0000000000151f5a)
[c=11290000000]
[c=11291000000]
cosim: 5324000000 retirements ok (pc=000000000014ba74)
[c=11292000000]
cosim: 5325000000 retirements ok (pc=000000000015274a)
[c=11293000000]
cosim: 5326000000 retirements ok (pc=0000000000152386)
[c=11294000000]
[c=11295000000]
cosim: 5327000000 retirements ok (pc=000000000015209a)
[c=11296000000]
cosim: 5328000000 retirements ok (pc=0000000000151eec)
[c=11297000000]
[c=11298000000]
cosim: 5329000000 retirements ok (pc=00000000001526cc)
[c=11299000000]
cosim: 5330000000 retirements ok (pc=0000000000152618)
[c=11300000000]
cosim: 5331000000 retirements ok (pc=000000000015257c)
[c=11301000000]
[c=11302000000]
cosim: 5332000000 retirements ok (pc=0000000000152a42)
[c=11303000000]
cosim: 5333000000 retirements ok (pc=00000000001528a4)
[c=11304000000]
[c=11305000000]
cosim: 5334000000 retirements ok (pc=0000000000152702)
[c=11306000000]
[c=11307000000]
[c=11308000000]
[c=11309000000]
cosim: 5335000000 retirements ok (pc=00000000001524b6)
[c=11310000000]
cosim: 5336000000 retirements ok (pc=0000000000152096)
[c=11311000000]
cosim: 5337000000 retirements ok (pc=0000000000151e26)
[c=11312000000]
[c=11313000000]
cosim: 5338000000 retirements ok (pc=0000000000152c22)
[c=11314000000]
cosim: 5339000000 retirements ok (pc=000000000015245c)
[c=11315000000]
cosim: 5340000000 retirements ok (pc=0000000000151e0c)
[c=11316000000]
[c=11317000000]
cosim: 5341000000 retirements ok (pc=000000000015265a)
[c=11318000000]
cosim: 5342000000 retirements ok (pc=0000000000152c1c)
[c=11319000000]
[c=11320000000]
cosim: 5343000000 retirements ok (pc=ffffffff800a37ca)
[c=11321000000]
cosim: 5344000000 retirements ok (pc=ffffffff800a3d28)
[c=11322000000]
cosim: 5345000000 retirements ok (pc=0000000000152a80)
[c=11323000000]
[c=11324000000]
cosim: 5346000000 retirements ok (pc=00000000001525ca)
[c=11325000000]
cosim: 5347000000 retirements ok (pc=0000000000152912)
[c=11326000000]
[c=11327000000]
cosim: 5348000000 retirements ok (pc=0000000000152230)
[c=11328000000]
cosim: 5349000000 retirements ok (pc=000000000015236e)
[c=11329000000]
cosim: 5350000000 retirements ok (pc=0000000000152718)
[c=11330000000]
[c=11331000000]
cosim: 5351000000 retirements ok (pc=0000000000152d16)
[c=11332000000]
cosim: 5352000000 retirements ok (pc=0000000000151e5e)
[c=11333000000]
cosim: 5353000000 retirements ok (pc=ffffffff80064292)
[c=11334000000]
[c=11335000000]
cosim: 5354000000 retirements ok (pc=0000000000152dee)
[c=11336000000]
cosim: 5355000000 retirements ok (pc=000000000015252a)
[c=11337000000]
cosim: 5356000000 retirements ok (pc=0000000000152c1c)
[c=11338000000]
[c=11339000000]
cosim: 5357000000 retirements ok (pc=0000000000152b0e)
[c=11340000000]
cosim: 5358000000 retirements ok (pc=0000000000151e5e)
[c=11341000000]
[c=11342000000]
cosim: 5359000000 retirements ok (pc=0000000000151fd0)
[c=11343000000]
cosim: 5360000000 retirements ok (pc=00000000001527da)
[c=11344000000]
cosim: 5361000000 retirements ok (pc=0000000000151e26)
[c=11345000000]
[c=11346000000]
cosim: 5362000000 retirements ok (pc=000000000015211e)
[c=11347000000]
cosim: 5363000000 retirements ok (pc=0000000000151d36)
[c=11348000000]
cosim: 5364000000 retirements ok (pc=0000000000152dba)
[c=11349000000]
[c=11350000000]
cosim: 5365000000 retirements ok (pc=0000000000152910)
[c=11351000000]
cosim: 5366000000 retirements ok (pc=0000000000152a44)
[c=11352000000]
[c=11353000000]
cosim: 5367000000 retirements ok (pc=0000000000151e4e)
[c=11354000000]
cosim: 5368000000 retirements ok (pc=0000000000152c2e)
[c=11355000000]
cosim: 5369000000 retirements ok (pc=000000000015256e)
[c=11356000000]
[c=11357000000]
cosim: 5370000000 retirements ok (pc=000000000015297c)
[c=11358000000]
cosim: 5371000000 retirements ok (pc=0000000000151ed0)
[c=11359000000]
[c=11360000000]
cosim: 5372000000 retirements ok (pc=0000000000151fac)
[c=11361000000]
cosim: 5373000000 retirements ok (pc=00000000001524d6)
[c=11362000000]
[c=11363000000]
cosim: 5374000000 retirements ok (pc=00000000001522e0)
[c=11364000000]
cosim: 5375000000 retirements ok (pc=0000000000151e82)
[c=11365000000]
cosim: 5376000000 retirements ok (pc=0000000000152da8)
[c=11366000000]
[c=11367000000]
cosim: 5377000000 retirements ok (pc=00000000001528d2)
[c=11368000000]
cosim: 5378000000 retirements ok (pc=0000000000152064)
[c=11369000000]
cosim: 5379000000 retirements ok (pc=00000000001527b0)
[c=11370000000]
[c=11371000000]
cosim: 5380000000 retirements ok (pc=000000000015294e)
[c=11372000000]
cosim: 5381000000 retirements ok (pc=00000000001526d4)
[c=11373000000]
cosim: 5382000000 retirements ok (pc=0000000000151ff4)
[c=11374000000]
[c=11375000000]
cosim: 5383000000 retirements ok (pc=0000000000152900)
[c=11376000000]
cosim: 5384000000 retirements ok (pc=00000000001520ae)
[c=11377000000]
[c=11378000000]
cosim: 5385000000 retirements ok (pc=0000000000151fc0)
[c=11379000000]
cosim: 5386000000 retirements ok (pc=0000000000151e14)
[c=11380000000]
cosim: 5387000000 retirements ok (pc=00000000001524f2)
[c=11381000000]
[c=11382000000]
cosim: 5388000000 retirements ok (pc=0000000000152346)
[c=11383000000]
cosim: 5389000000 retirements ok (pc=00000000001522e2)
[c=11384000000]
cosim: 5390000000 retirements ok (pc=ffffffff800af2a6)
[c=11385000000]
[c=11386000000]
cosim: 5391000000 retirements ok (pc=0000000000152432)
[c=11387000000]
cosim: 5392000000 retirements ok (pc=0000000000152b2e)
[c=11388000000]
[c=11389000000]
cosim: 5393000000 retirements ok (pc=00000000001528d8)
[c=11390000000]
cosim: 5394000000 retirements ok (pc=00000000001523ba)
[c=11391000000]
cosim: 5395000000 retirements ok (pc=0000000000151e90)
[c=11392000000]
[c=11393000000]
cosim: 5396000000 retirements ok (pc=0000000000152184)
[c=11394000000]
cosim: 5397000000 retirements ok (pc=0000000000152da8)
[c=11395000000]
cosim: 5398000000 retirements ok (pc=ffffffff8008935c)
[c=11396000000]
[c=11397000000]
cosim: 5399000000 retirements ok (pc=000000000015245e)
[c=11398000000]
cosim: 5400000000 retirements ok (pc=0000000000152ad8)
[c=11399000000]
cosim: 5401000000 retirements ok (pc=00000000001523ac)
[c=11400000000]
[c=11401000000]
cosim: 5402000000 retirements ok (pc=0000000000152104)
[c=11402000000]
cosim: 5403000000 retirements ok (pc=00000000001521fc)
[c=11403000000]
[c=11404000000]
cosim: 5404000000 retirements ok (pc=0000000000152bc4)
[c=11405000000]
cosim: 5405000000 retirements ok (pc=0000000000152876)
[c=11406000000]
cosim: 5406000000 retirements ok (pc=000000000015258e)
[c=11407000000]
[c=11408000000]
cosim: 5407000000 retirements ok (pc=0000000000151dc4)
[c=11409000000]
cosim: 5408000000 retirements ok (pc=0000000000152cee)
[c=11410000000]
cosim: 5409000000 retirements ok (pc=00000000001525e6)
[c=11411000000]
[c=11412000000]
cosim: 5410000000 retirements ok (pc=00000000001523e0)
[c=11413000000]
cosim: 5411000000 retirements ok (pc=0000000000152124)
[c=11414000000]
[c=11415000000]
cosim: 5412000000 retirements ok (pc=0000000000152856)
[c=11416000000]
cosim: 5413000000 retirements ok (pc=0000000000152566)
[c=11417000000]
cosim: 5414000000 retirements ok (pc=000000000014bfa6)
[c=11418000000]
[c=11419000000]
cosim: 5415000000 retirements ok (pc=0000000000152b8e)
[c=11420000000]
cosim: 5416000000 retirements ok (pc=0000000000152294)
[c=11421000000]
cosim: 5417000000 retirements ok (pc=0000000000152a84)
[c=11422000000]
[c=11423000000]
cosim: 5418000000 retirements ok (pc=00000000001527e2)
[c=11424000000]
cosim: 5419000000 retirements ok (pc=00000000001528d6)
[c=11425000000]
cosim: 5420000000 retirements ok (pc=000000000015289a)
[c=11426000000]
[c=11427000000]
cosim: 5421000000 retirements ok (pc=0000000000151fa6)
[c=11428000000]
cosim: 5422000000 retirements ok (pc=00000000001520ea)
[c=11429000000]
[c=11430000000]
cosim: 5423000000 retirements ok (pc=0000000000151ea2)
[c=11431000000]
cosim: 5424000000 retirements ok (pc=000000000015284a)
[c=11432000000]
cosim: 5425000000 retirements ok (pc=0000000000152706)
[c=11433000000]
[c=11434000000]
cosim: 5426000000 retirements ok (pc=000000000015265a)
[c=11435000000]
cosim: 5427000000 retirements ok (pc=0000000000152968)
[c=11436000000]
[c=11437000000]
cosim: 5428000000 retirements ok (pc=00000000001522e2)
[c=11438000000]
cosim: 5429000000 retirements ok (pc=000000000015270a)
[c=11439000000]
cosim: 5430000000 retirements ok (pc=00000000001526f8)
[c=11440000000]
[c=11441000000]
cosim: 5431000000 retirements ok (pc=000000000015281a)
[c=11442000000]
cosim: 5432000000 retirements ok (pc=0000000000152a18)
[c=11443000000]
cosim: 5433000000 retirements ok (pc=0000000000152c1c)
[c=11444000000]
[c=11445000000]
cosim: 5434000000 retirements ok (pc=0000000000151f10)
[c=11446000000]
cosim: 5435000000 retirements ok (pc=0000000000151e14)
[c=11447000000]
[c=11448000000]
cosim: 5436000000 retirements ok (pc=0000000000152d9e)
[c=11449000000]
cosim: 5437000000 retirements ok (pc=00000000001522f0)
[c=11450000000]
cosim: 5438000000 retirements ok (pc=0000000000151ff6)
[c=11451000000]
cosim: 5439000000 retirements ok (pc=000000000015290c)
[c=11452000000]
[c=11453000000]
cosim: 5440000000 retirements ok (pc=000000000015205a)
[c=11454000000]
cosim: 5441000000 retirements ok (pc=00000000001527c0)
[c=11455000000]
[c=11456000000]
cosim: 5442000000 retirements ok (pc=0000000000151eb4)
[c=11457000000]
cosim: 5443000000 retirements ok (pc=0000000000151d44)
[c=11458000000]
cosim: 5444000000 retirements ok (pc=0000000000151ea8)
[c=11459000000]
[c=11460000000]
cosim: 5445000000 retirements ok (pc=0000000000152c9e)
[c=11461000000]
cosim: 5446000000 retirements ok (pc=0000000000152442)
[c=11462000000]
[c=11463000000]
cosim: 5447000000 retirements ok (pc=ffffffff800a3930)
[c=11464000000]
cosim: 5448000000 retirements ok (pc=ffffffff800b04da)
[c=11465000000]
cosim: 5449000000 retirements ok (pc=0000000000152650)
[c=11466000000]
[c=11467000000]
cosim: 5450000000 retirements ok (pc=00000000001523d2)
[c=11468000000]
cosim: 5451000000 retirements ok (pc=00000000001520f8)
[c=11469000000]
cosim: 5452000000 retirements ok (pc=00000000001521a0)
[c=11470000000]
[c=11471000000]
cosim: 5453000000 retirements ok (pc=0000000000151eb8)
[c=11472000000]
cosim: 5454000000 retirements ok (pc=0000000000152490)
[c=11473000000]
[c=11474000000]
cosim: 5455000000 retirements ok (pc=00000000001521ae)
[c=11475000000]
cosim: 5456000000 retirements ok (pc=0000000000152d4a)
[c=11476000000]
cosim: 5457000000 retirements ok (pc=00000000001528ea)
[c=11477000000]
[c=11478000000]
cosim: 5458000000 retirements ok (pc=ffffffff8004f838)
[c=11479000000]
cosim: 5459000000 retirements ok (pc=0000000000151d48)
[c=11480000000]
cosim: 5460000000 retirements ok (pc=0000000000152000)
[c=11481000000]
[c=11482000000]
cosim: 5461000000 retirements ok (pc=0000000000151e7a)
[c=11483000000]
cosim: 5462000000 retirements ok (pc=ffffffff808d46a8)
[c=11484000000]
cosim: 5463000000 retirements ok (pc=0000000000152594)
[c=11485000000]
[c=11486000000]
cosim: 5464000000 retirements ok (pc=0000000000152a36)
[c=11487000000]
cosim: 5465000000 retirements ok (pc=0000000000152278)
[c=11488000000]
[c=11489000000]
cosim: 5466000000 retirements ok (pc=00000000001520b6)
[c=11490000000]
cosim: 5467000000 retirements ok (pc=000000000015286a)
[c=11491000000]
cosim: 5468000000 retirements ok (pc=0000000000152b6c)
[c=11492000000]
[c=11493000000]
cosim: 5469000000 retirements ok (pc=0000000000152598)
[c=11494000000]
cosim: 5470000000 retirements ok (pc=0000000000152442)
[c=11495000000]
[c=11496000000]
cosim: 5471000000 retirements ok (pc=0000000000152966)
[c=11497000000]
cosim: 5472000000 retirements ok (pc=ffffffff8068b958)
[c=11498000000]
cosim: 5473000000 retirements ok (pc=0000000000151dc4)
[c=11499000000]
[c=11500000000]
cosim: 5474000000 retirements ok (pc=000000000015277a)
[c=11501000000]
cosim: 5475000000 retirements ok (pc=0000000000152a96)
[c=11502000000]
[c=11503000000]
cosim: 5476000000 retirements ok (pc=000000000015298e)
[c=11504000000]
cosim: 5477000000 retirements ok (pc=0000000000152bce)
[c=11505000000]
[c=11506000000]
cosim: 5478000000 retirements ok (pc=0000000000151dae)
[c=11507000000]
cosim: 5479000000 retirements ok (pc=0000000000152bbe)
[c=11508000000]
cosim: 5480000000 retirements ok (pc=00000000001527ca)
[c=11509000000]
[c=11510000000]
cosim: 5481000000 retirements ok (pc=00000000001524d0)
[c=11511000000]
cosim: 5482000000 retirements ok (pc=0000000000152be8)
[c=11512000000]
cosim: 5483000000 retirements ok (pc=0000000000152204)
[c=11513000000]
[c=11514000000]
cosim: 5484000000 retirements ok (pc=0000000000152bb6)
[c=11515000000]
cosim: 5485000000 retirements ok (pc=0000000000152320)
[c=11516000000]
cosim: 5486000000 retirements ok (pc=00000000001521b6)
[c=11517000000]
[c=11518000000]
cosim: 5487000000 retirements ok (pc=00000000001528dc)
[c=11519000000]
cosim: 5488000000 retirements ok (pc=00000000001524bc)
[c=11520000000]
[c=11521000000]
cosim: 5489000000 retirements ok (pc=0000000000151e14)
[c=11522000000]
cosim: 5490000000 retirements ok (pc=00000000001520ba)
[c=11523000000]
cosim: 5491000000 retirements ok (pc=000000000015257c)
[c=11524000000]
[c=11525000000]
cosim: 5492000000 retirements ok (pc=0000000000152c82)
[c=11526000000]
cosim: 5493000000 retirements ok (pc=0000000000152876)
[c=11527000000]
cosim: 5494000000 retirements ok (pc=0000000000151de6)
[c=11528000000]
[c=11529000000]
cosim: 5495000000 retirements ok (pc=0000000000151f90)
[c=11530000000]
cosim: 5496000000 retirements ok (pc=0000000000152672)
[c=11531000000]
[c=11532000000]
cosim: 5497000000 retirements ok (pc=0000000000151e70)
[c=11533000000]
cosim: 5498000000 retirements ok (pc=0000000000152788)
[c=11534000000]
cosim: 5499000000 retirements ok (pc=0000000000152522)
[c=11535000000]
[c=11536000000]
cosim: 5500000000 retirements ok (pc=0000000000152c1a)
[c=11537000000]
cosim: 5501000000 retirements ok (pc=00000000001526f2)
[c=11538000000]
cosim: 5502000000 retirements ok (pc=0000000000151e46)
[c=11539000000]
[c=11540000000]
cosim: 5503000000 retirements ok (pc=00000000001524b6)
[c=11541000000]
cosim: 5504000000 retirements ok (pc=00000000001522be)
[c=11542000000]
cosim: 5505000000 retirements ok (pc=0000000000152642)
[c=11543000000]
[c=11544000000]
cosim: 5506000000 retirements ok (pc=0000000000152454)
[c=11545000000]
cosim: 5507000000 retirements ok (pc=0000000000151d9e)
[c=11546000000]
[c=11547000000]
cosim: 5508000000 retirements ok (pc=00000000001525f2)
[c=11548000000]
cosim: 5509000000 retirements ok (pc=0000000000151ee6)
[c=11549000000]
cosim: 5510000000 retirements ok (pc=0000000000152844)
[c=11550000000]
[c=11551000000]
cosim: 5511000000 retirements ok (pc=0000000000152cc4)
[c=11552000000]
cosim: 5512000000 retirements ok (pc=000000000015213a)
[c=11553000000]
cosim: 5513000000 retirements ok (pc=0000000000151e4e)
[c=11554000000]
[c=11555000000]
cosim: 5514000000 retirements ok (pc=000000000014c024)
[c=11556000000]
cosim: 5515000000 retirements ok (pc=0000000000152056)
[c=11557000000]
[c=11558000000]
cosim: 5516000000 retirements ok (pc=00000000001529b4)
[c=11559000000]
cosim: 5517000000 retirements ok (pc=0000000000152d44)
[c=11560000000]
cosim: 5518000000 retirements ok (pc=0000000000152250)
[c=11561000000]
[c=11562000000]
cosim: 5519000000 retirements ok (pc=0000000000152208)
[c=11563000000]
cosim: 5520000000 retirements ok (pc=ffffffff800af2ba)
[c=11564000000]
cosim: 5521000000 retirements ok (pc=00000000001520f0)
[c=11565000000]
[c=11566000000]
cosim: 5522000000 retirements ok (pc=00000000001524da)
[c=11567000000]
cosim: 5523000000 retirements ok (pc=0000000000152502)
[c=11568000000]
cosim: 5524000000 retirements ok (pc=ffffffff80063ef2)
[c=11569000000]
[c=11570000000]
cosim: 5525000000 retirements ok (pc=0000000000152362)
[c=11571000000]
cosim: 5526000000 retirements ok (pc=0000000000152d40)
[c=11572000000]
[c=11573000000]
cosim: 5527000000 retirements ok (pc=0000000000151e6c)
[c=11574000000]
cosim: 5528000000 retirements ok (pc=0000000000152b46)
[c=11575000000]
cosim: 5529000000 retirements ok (pc=ffffffff800a2214)
[c=11576000000]
[c=11577000000]
cosim: 5530000000 retirements ok (pc=0000000000152854)
[c=11578000000]
cosim: 5531000000 retirements ok (pc=0000000000152d9a)
[c=11579000000]
cosim: 5532000000 retirements ok (pc=00000000001529ec)
[c=11580000000]
[c=11581000000]
[c=11582000000]
[c=11583000000]
[c=11584000000]
cosim: 5533000000 retirements ok (pc=0000000000152496)
[c=11585000000]
cosim: 5534000000 retirements ok (pc=0000000000152214)
[c=11586000000]
cosim: 5535000000 retirements ok (pc=0000000000152df2)
[c=11587000000]
[c=11588000000]
cosim: 5536000000 retirements ok (pc=0000000000152be4)
[c=11589000000]
cosim: 5537000000 retirements ok (pc=000000000015204a)
[c=11590000000]
cosim: 5538000000 retirements ok (pc=0000000000152b2e)
[c=11591000000]
[c=11592000000]
cosim: 5539000000 retirements ok (pc=000000000015286a)
[c=11593000000]
cosim: 5540000000 retirements ok (pc=0000000000152dd0)
[c=11594000000]
[c=11595000000]
cosim: 5541000000 retirements ok (pc=000000000015242a)
[c=11596000000]
cosim: 5542000000 retirements ok (pc=00000000001527de)
[c=11597000000]
cosim: 5543000000 retirements ok (pc=00000000001520e6)
[c=11598000000]
[c=11599000000]
cosim: 5544000000 retirements ok (pc=000000000015248c)
[c=11600000000]
cosim: 5545000000 retirements ok (pc=ffffffff800a088c)
[c=11601000000]
cosim: 5546000000 retirements ok (pc=00000000001529ea)
[c=11602000000]
[c=11603000000]
cosim: 5547000000 retirements ok (pc=0000000000152196)
[c=11604000000]
cosim: 5548000000 retirements ok (pc=00000000001520f4)
[c=11605000000]
cosim: 5549000000 retirements ok (pc=0000000000151fd2)
[c=11606000000]
[c=11607000000]
cosim: 5550000000 retirements ok (pc=0000000000152600)
[c=11608000000]
cosim: 5551000000 retirements ok (pc=000000000014b424)
[c=11609000000]
[c=11610000000]
cosim: 5552000000 retirements ok (pc=0000000000152482)
[c=11611000000]
cosim: 5553000000 retirements ok (pc=0000000000151f3e)
[c=11612000000]
cosim: 5554000000 retirements ok (pc=000000000015273e)
[c=11613000000]
[c=11614000000]
cosim: 5555000000 retirements ok (pc=ffffffff808e6c80)
[c=11615000000]
cosim: 5556000000 retirements ok (pc=0000000000152a14)
[c=11616000000]
cosim: 5557000000 retirements ok (pc=000000000015220a)
[c=11617000000]
[c=11618000000]
cosim: 5558000000 retirements ok (pc=0000000000152ad0)
[c=11619000000]
cosim: 5559000000 retirements ok (pc=000000000015232a)
[c=11620000000]
[c=11621000000]
cosim: 5560000000 retirements ok (pc=0000000000151ef8)
[c=11622000000]
cosim: 5561000000 retirements ok (pc=ffffffff80024fc8)
[c=11623000000]
cosim: 5562000000 retirements ok (pc=00000000001526da)
[c=11624000000]
[c=11625000000]
cosim: 5563000000 retirements ok (pc=ffffffff800a087e)
[c=11626000000]
cosim: 5564000000 retirements ok (pc=000000000015235a)
[c=11627000000]
cosim: 5565000000 retirements ok (pc=000000000015240a)
[c=11628000000]
[c=11629000000]
cosim: 5566000000 retirements ok (pc=0000000000151eb6)
[c=11630000000]
cosim: 5567000000 retirements ok (pc=0000000000151e62)
[c=11631000000]
cosim: 5568000000 retirements ok (pc=0000000000151de6)
[c=11632000000]
[c=11633000000]
cosim: 5569000000 retirements ok (pc=0000000000152bdc)
[c=11634000000]
cosim: 5570000000 retirements ok (pc=0000000000152554)
[c=11635000000]
[c=11636000000]
cosim: 5571000000 retirements ok (pc=0000000000152560)
[c=11637000000]
cosim: 5572000000 retirements ok (pc=0000000000151ef8)
[c=11638000000]
cosim: 5573000000 retirements ok (pc=00000000001528ce)
[c=11639000000]
[c=11640000000]
cosim: 5574000000 retirements ok (pc=0000000000152996)
[c=11641000000]
cosim: 5575000000 retirements ok (pc=00000000001522ac)
[c=11642000000]
[c=11643000000]
cosim: 5576000000 retirements ok (pc=000000000015250a)
[c=11644000000]
cosim: 5577000000 retirements ok (pc=0000000000151f7e)
[c=11645000000]
[c=11646000000]
cosim: 5578000000 retirements ok (pc=00000000001529b8)
[c=11647000000]
cosim: 5579000000 retirements ok (pc=ffffffff808d46dc)
[c=11648000000]
cosim: 5580000000 retirements ok (pc=0000000000152b06)
[c=11649000000]
[c=11650000000]
cosim: 5581000000 retirements ok (pc=000000000015293a)
[c=11651000000]
cosim: 5582000000 retirements ok (pc=0000000000152b64)
[c=11652000000]
[c=11653000000]
cosim: 5583000000 retirements ok (pc=00000000001523a4)
[c=11654000000]
cosim: 5584000000 retirements ok (pc=0000000000152c20)
[c=11655000000]
cosim: 5585000000 retirements ok (pc=0000000000152230)
[c=11656000000]
[c=11657000000]
cosim: 5586000000 retirements ok (pc=0000000000152228)
[c=11658000000]
cosim: 5587000000 retirements ok (pc=0000000000152008)
[c=11659000000]
cosim: 5588000000 retirements ok (pc=0000000000151f06)
[c=11660000000]
[c=11661000000]
cosim: 5589000000 retirements ok (pc=000000000015288c)
[c=11662000000]
cosim: 5590000000 retirements ok (pc=0000000000151f7e)
[c=11663000000]
[c=11664000000]
cosim: 5591000000 retirements ok (pc=00000000001528c6)
[c=11665000000]
cosim: 5592000000 retirements ok (pc=0000000000152dd6)
[c=11666000000]
cosim: 5593000000 retirements ok (pc=00000000001526c6)
[c=11667000000]
cosim: 5594000000 retirements ok (pc=000000000015214e)
[c=11668000000]
[c=11669000000]
cosim: 5595000000 retirements ok (pc=0000000000152d4e)
[c=11670000000]
cosim: 5596000000 retirements ok (pc=000000000015201a)
[c=11671000000]
[c=11672000000]
cosim: 5597000000 retirements ok (pc=00000000001523dc)
[c=11673000000]
cosim: 5598000000 retirements ok (pc=0000000000152de0)
[c=11674000000]
cosim: 5599000000 retirements ok (pc=00000000001526c2)
[c=11675000000]
[c=11676000000]
cosim: 5600000000 retirements ok (pc=0000000000152cce)
[c=11677000000]
cosim: 5601000000 retirements ok (pc=00000000001520a2)
[c=11678000000]
[c=11679000000]
cosim: 5602000000 retirements ok (pc=ffffffff80064210)
[c=11680000000]
cosim: 5603000000 retirements ok (pc=0000000000152d16)
[c=11681000000]
cosim: 5604000000 retirements ok (pc=ffffffff800a0f54)
[c=11682000000]
[c=11683000000]
cosim: 5605000000 retirements ok (pc=0000000000151f0e)
[c=11684000000]
cosim: 5606000000 retirements ok (pc=0000000000152374)
[c=11685000000]
cosim: 5607000000 retirements ok (pc=00000000001525f2)
[c=11686000000]
[c=11687000000]
cosim: 5608000000 retirements ok (pc=0000000000151eea)
[c=11688000000]
cosim: 5609000000 retirements ok (pc=0000000000151e84)
[c=11689000000]
[c=11690000000]
cosim: 5610000000 retirements ok (pc=0000000000152624)
[c=11691000000]
cosim: 5611000000 retirements ok (pc=ffffffff800a5988)
[c=11692000000]
cosim: 5612000000 retirements ok (pc=0000000000152378)
[c=11693000000]
[c=11694000000]
cosim: 5613000000 retirements ok (pc=0000000000152cbe)
[c=11695000000]
cosim: 5614000000 retirements ok (pc=0000000000152338)
[c=11696000000]
cosim: 5615000000 retirements ok (pc=ffffffff800a239c)
[c=11697000000]
[c=11698000000]
cosim: 5616000000 retirements ok (pc=ffffffff800af718)
[c=11699000000]
cosim: 5617000000 retirements ok (pc=0000000000152000)
[c=11700000000]
cosim: 5618000000 retirements ok (pc=0000000000151ed4)
[c=11701000000]
[c=11702000000]
cosim: 5619000000 retirements ok (pc=0000000000152728)
[c=11703000000]
cosim: 5620000000 retirements ok (pc=0000000000152608)
[c=11704000000]
[c=11705000000]
cosim: 5621000000 retirements ok (pc=000000000015246e)
[c=11706000000]
cosim: 5622000000 retirements ok (pc=0000000000152ca2)
[c=11707000000]
cosim: 5623000000 retirements ok (pc=0000000000152c62)
[c=11708000000]
[c=11709000000]
cosim: 5624000000 retirements ok (pc=0000000000152260)
[c=11710000000]
cosim: 5625000000 retirements ok (pc=00000000001526e6)
[c=11711000000]
[c=11712000000]
cosim: 5626000000 retirements ok (pc=00000000001529ce)
[c=11713000000]
cosim: 5627000000 retirements ok (pc=00000000001521b6)
[c=11714000000]
cosim: 5628000000 retirements ok (pc=0000000000152840)
[c=11715000000]
[c=11716000000]
cosim: 5629000000 retirements ok (pc=0000000000152b2a)
[c=11717000000]
cosim: 5630000000 retirements ok (pc=0000000000152556)
[c=11718000000]
cosim: 5631000000 retirements ok (pc=0000000000152370)
[c=11719000000]
[c=11720000000]
cosim: 5632000000 retirements ok (pc=0000000000152484)
[c=11721000000]
cosim: 5633000000 retirements ok (pc=0000000000152300)
[c=11722000000]
cosim: 5634000000 retirements ok (pc=0000000000152b16)
[c=11723000000]
[c=11724000000]
cosim: 5635000000 retirements ok (pc=0000000000152986)
[c=11725000000]
cosim: 5636000000 retirements ok (pc=00000000001527f4)
[c=11726000000]
cosim: 5637000000 retirements ok (pc=0000000000151fbe)
[c=11727000000]
[c=11728000000]
cosim: 5638000000 retirements ok (pc=000000000015278a)
[c=11729000000]
cosim: 5639000000 retirements ok (pc=00000000001525d6)
[c=11730000000]
[c=11731000000]
cosim: 5640000000 retirements ok (pc=00000000001523b6)
[c=11732000000]
cosim: 5641000000 retirements ok (pc=00000000001527da)
[c=11733000000]
cosim: 5642000000 retirements ok (pc=0000000000151f30)
[c=11734000000]
[c=11735000000]
cosim: 5643000000 retirements ok (pc=0000000000151dcc)
[c=11736000000]
cosim: 5644000000 retirements ok (pc=0000000000152df6)
[c=11737000000]
[c=11738000000]
cosim: 5645000000 retirements ok (pc=00000000001524fe)
[c=11739000000]
cosim: 5646000000 retirements ok (pc=0000000000152aa6)
[c=11740000000]
cosim: 5647000000 retirements ok (pc=000000000015231e)
[c=11741000000]
[c=11742000000]
cosim: 5648000000 retirements ok (pc=00000000001522ae)
[c=11743000000]
cosim: 5649000000 retirements ok (pc=0000000000152740)
[c=11744000000]
cosim: 5650000000 retirements ok (pc=0000000000152434)
[c=11745000000]
[c=11746000000]
cosim: 5651000000 retirements ok (pc=0000000000152cac)
[c=11747000000]
cosim: 5652000000 retirements ok (pc=00000000001520fa)
[c=11748000000]
cosim: 5653000000 retirements ok (pc=0000000000152b82)
[c=11749000000]
[c=11750000000]
cosim: 5654000000 retirements ok (pc=0000000000151df0)
[c=11751000000]
cosim: 5655000000 retirements ok (pc=0000000000152782)
[c=11752000000]
[c=11753000000]
cosim: 5656000000 retirements ok (pc=0000000000152d2a)
[c=11754000000]
cosim: 5657000000 retirements ok (pc=000000000015299c)
[c=11755000000]
cosim: 5658000000 retirements ok (pc=000000000015239e)
[c=11756000000]
[c=11757000000]
cosim: 5659000000 retirements ok (pc=0000000000152c10)
[c=11758000000]
cosim: 5660000000 retirements ok (pc=0000000000152294)
[c=11759000000]
cosim: 5661000000 retirements ok (pc=0000000000152d52)
[c=11760000000]
[c=11761000000]
cosim: 5662000000 retirements ok (pc=0000000000152512)
[c=11762000000]
cosim: 5663000000 retirements ok (pc=0000000000152720)
[c=11763000000]
[c=11764000000]
cosim: 5664000000 retirements ok (pc=0000000000152bc8)
[c=11765000000]
cosim: 5665000000 retirements ok (pc=0000000000152576)
[c=11766000000]
cosim: 5666000000 retirements ok (pc=0000000000152448)
[c=11767000000]
[c=11768000000]
cosim: 5667000000 retirements ok (pc=0000000000152cc8)
[c=11769000000]
cosim: 5668000000 retirements ok (pc=0000000000152bf4)
[c=11770000000]
cosim: 5669000000 retirements ok (pc=000000000015273e)
[c=11771000000]
[c=11772000000]
cosim: 5670000000 retirements ok (pc=0000000000152a96)
[c=11773000000]
cosim: 5671000000 retirements ok (pc=0000000000152398)
[c=11774000000]
[c=11775000000]
cosim: 5672000000 retirements ok (pc=0000000000152338)
[c=11776000000]
cosim: 5673000000 retirements ok (pc=0000000000152a96)
[c=11777000000]
cosim: 5674000000 retirements ok (pc=0000000000151eda)
[c=11778000000]
[c=11779000000]
cosim: 5675000000 retirements ok (pc=000000000015230a)
[c=11780000000]
cosim: 5676000000 retirements ok (pc=00000000001520e0)
[c=11781000000]
cosim: 5677000000 retirements ok (pc=0000000000151e1e)
[c=11782000000]
[c=11783000000]
cosim: 5678000000 retirements ok (pc=00000000001520e0)
[c=11784000000]
cosim: 5679000000 retirements ok (pc=0000000000152b54)
[c=11785000000]
[c=11786000000]
cosim: 5680000000 retirements ok (pc=0000000000152224)
[c=11787000000]
cosim: 5681000000 retirements ok (pc=0000000000152072)
[c=11788000000]
[c=11789000000]
cosim: 5682000000 retirements ok (pc=00000000001524a6)
[c=11790000000]
cosim: 5683000000 retirements ok (pc=00000000001520ee)
[c=11791000000]
cosim: 5684000000 retirements ok (pc=00000000001521d6)
[c=11792000000]
[c=11793000000]
cosim: 5685000000 retirements ok (pc=00000000001522be)
[c=11794000000]
cosim: 5686000000 retirements ok (pc=0000000000152a80)
[c=11795000000]
cosim: 5687000000 retirements ok (pc=0000000000152452)
[c=11796000000]
[c=11797000000]
cosim: 5688000000 retirements ok (pc=0000000000152462)
[c=11798000000]
cosim: 5689000000 retirements ok (pc=00000000001526a0)
[c=11799000000]
[c=11800000000]
cosim: 5690000000 retirements ok (pc=0000000000152a32)
[c=11801000000]
cosim: 5691000000 retirements ok (pc=000000000015239e)
[c=11802000000]
cosim: 5692000000 retirements ok (pc=00000000001526f2)
[c=11803000000]
[c=11804000000]
cosim: 5693000000 retirements ok (pc=ffffffff800a3d1e)
[c=11805000000]
cosim: 5694000000 retirements ok (pc=000000000015297e)
[c=11806000000]
cosim: 5695000000 retirements ok (pc=00000000001521f2)
[c=11807000000]
[c=11808000000]
cosim: 5696000000 retirements ok (pc=0000000000152c12)
[c=11809000000]
cosim: 5697000000 retirements ok (pc=0000000000151eec)
[c=11810000000]
cosim: 5698000000 retirements ok (pc=000000000015252c)
[c=11811000000]
[c=11812000000]
cosim: 5699000000 retirements ok (pc=0000000000152002)
[c=11813000000]
cosim: 5700000000 retirements ok (pc=0000000000151e00)
[c=11814000000]
[c=11815000000]
cosim: 5701000000 retirements ok (pc=00000000001522e4)
[c=11816000000]
cosim: 5702000000 retirements ok (pc=00000000001529be)
[c=11817000000]
cosim: 5703000000 retirements ok (pc=00000000001526fc)
[c=11818000000]
[c=11819000000]
cosim: 5704000000 retirements ok (pc=0000000000152a14)
[c=11820000000]
cosim: 5705000000 retirements ok (pc=00000000001520e6)
[c=11821000000]
cosim: 5706000000 retirements ok (pc=00000000001528ee)
[c=11822000000]
[c=11823000000]
cosim: 5707000000 retirements ok (pc=0000000000151f1e)
[c=11824000000]
cosim: 5708000000 retirements ok (pc=0000000000152930)
[c=11825000000]
[c=11826000000]
cosim: 5709000000 retirements ok (pc=00000000001529dc)
[c=11827000000]
cosim: 5710000000 retirements ok (pc=000000000015239e)
[c=11828000000]
cosim: 5711000000 retirements ok (pc=000000000015232e)
[c=11829000000]
[c=11830000000]
cosim: 5712000000 retirements ok (pc=00000000001521b2)
[c=11831000000]
cosim: 5713000000 retirements ok (pc=000000000015299c)
[c=11832000000]
[c=11833000000]
cosim: 5714000000 retirements ok (pc=0000000000152260)
[c=11834000000]
cosim: 5715000000 retirements ok (pc=0000000000151e52)
[c=11835000000]
cosim: 5716000000 retirements ok (pc=0000000000152df4)
[c=11836000000]
cosim: 5717000000 retirements ok (pc=ffffffff800a3d4c)
[c=11837000000]
[c=11838000000]
cosim: 5718000000 retirements ok (pc=ffffffff80067446)
[c=11839000000]
cosim: 5719000000 retirements ok (pc=00000000001529dc)
[c=11840000000]
[c=11841000000]
cosim: 5720000000 retirements ok (pc=00000000001520ea)
[c=11842000000]
cosim: 5721000000 retirements ok (pc=000000000015210a)
[c=11843000000]
cosim: 5722000000 retirements ok (pc=ffffffff808ee244)
[c=11844000000]
[c=11845000000]
cosim: 5723000000 retirements ok (pc=0000000000152156)
[c=11846000000]
cosim: 5724000000 retirements ok (pc=0000000000151f02)
[c=11847000000]
[c=11848000000]
cosim: 5725000000 retirements ok (pc=0000000000151fba)
[c=11849000000]
cosim: 5726000000 retirements ok (pc=0000000000152296)
[c=11850000000]
cosim: 5727000000 retirements ok (pc=0000000000152b00)
[c=11851000000]
[c=11852000000]
cosim: 5728000000 retirements ok (pc=0000000000152396)
[c=11853000000]
cosim: 5729000000 retirements ok (pc=0000000000152af2)
[c=11854000000]
cosim: 5730000000 retirements ok (pc=0000000000152d04)
[c=11855000000]
[c=11856000000]
[c=11857000000]
[c=11858000000]
cosim: 5731000000 retirements ok (pc=000000000015225c)
[c=11859000000]
[c=11860000000]
cosim: 5732000000 retirements ok (pc=0000000000151e2a)
[c=11861000000]
cosim: 5733000000 retirements ok (pc=0000000000152040)
[c=11862000000]
[c=11863000000]
cosim: 5734000000 retirements ok (pc=00000000001525f6)
[c=11864000000]
cosim: 5735000000 retirements ok (pc=00000000001523b6)
[c=11865000000]
cosim: 5736000000 retirements ok (pc=00000000001520b8)
[c=11866000000]
[c=11867000000]
cosim: 5737000000 retirements ok (pc=000000000015230e)
[c=11868000000]
cosim: 5738000000 retirements ok (pc=0000000000152b58)
[c=11869000000]
cosim: 5739000000 retirements ok (pc=00000000001521ca)
[c=11870000000]
[c=11871000000]
cosim: 5740000000 retirements ok (pc=0000000000151fe2)
[c=11872000000]
cosim: 5741000000 retirements ok (pc=0000000000151e00)
[c=11873000000]
cosim: 5742000000 retirements ok (pc=00000000001525ba)
[c=11874000000]
[c=11875000000]
cosim: 5743000000 retirements ok (pc=0000000000152360)
[c=11876000000]
cosim: 5744000000 retirements ok (pc=000000000015252e)
[c=11877000000]
[c=11878000000]
cosim: 5745000000 retirements ok (pc=000000000015248e)
[c=11879000000]
cosim: 5746000000 retirements ok (pc=0000000000152d74)
[c=11880000000]
cosim: 5747000000 retirements ok (pc=0000000000151e3a)
[c=11881000000]
[c=11882000000]
cosim: 5748000000 retirements ok (pc=0000000000151d9e)
[c=11883000000]
cosim: 5749000000 retirements ok (pc=ffffffff800a5994)
[c=11884000000]
[c=11885000000]
cosim: 5750000000 retirements ok (pc=0000000000152a08)
[c=11886000000]
cosim: 5751000000 retirements ok (pc=00000000001521fa)
[c=11887000000]
cosim: 5752000000 retirements ok (pc=0000000000152a34)
[c=11888000000]
[c=11889000000]
cosim: 5753000000 retirements ok (pc=0000000000151e60)
[c=11890000000]
cosim: 5754000000 retirements ok (pc=0000000000152d86)
[c=11891000000]
cosim: 5755000000 retirements ok (pc=0000000000152502)
[c=11892000000]
[c=11893000000]
cosim: 5756000000 retirements ok (pc=0000000000152070)
[c=11894000000]
cosim: 5757000000 retirements ok (pc=00000000001528b4)
[c=11895000000]
[c=11896000000]
cosim: 5758000000 retirements ok (pc=00000000001521a0)
[c=11897000000]
cosim: 5759000000 retirements ok (pc=000000000015287a)
[c=11898000000]
cosim: 5760000000 retirements ok (pc=0000000000152618)
[c=11899000000]
[c=11900000000]
cosim: 5761000000 retirements ok (pc=ffffffff800a3824)
[c=11901000000]
cosim: 5762000000 retirements ok (pc=00000000001520f0)
[c=11902000000]
cosim: 5763000000 retirements ok (pc=0000000000151ec4)
[c=11903000000]
[c=11904000000]
cosim: 5764000000 retirements ok (pc=0000000000152d32)
[c=11905000000]
cosim: 5765000000 retirements ok (pc=0000000000152a2a)
[c=11906000000]
cosim: 5766000000 retirements ok (pc=00000000001521fa)
[c=11907000000]
[c=11908000000]
cosim: 5767000000 retirements ok (pc=00000000001529b2)
[c=11909000000]
cosim: 5768000000 retirements ok (pc=00000000001522c0)
[c=11910000000]
[c=11911000000]
cosim: 5769000000 retirements ok (pc=0000000000152cce)
[c=11912000000]
cosim: 5770000000 retirements ok (pc=0000000000152d7e)
[c=11913000000]
cosim: 5771000000 retirements ok (pc=00000000001520ca)
[c=11914000000]
[c=11915000000]
cosim: 5772000000 retirements ok (pc=000000000015294a)
[c=11916000000]
cosim: 5773000000 retirements ok (pc=0000000000152122)
[c=11917000000]
cosim: 5774000000 retirements ok (pc=00000000001524d0)
[c=11918000000]
[c=11919000000]
cosim: 5775000000 retirements ok (pc=0000000000152d00)
[c=11920000000]
cosim: 5776000000 retirements ok (pc=000000000014be0e)
[c=11921000000]
[c=11922000000]
cosim: 5777000000 retirements ok (pc=0000000000152916)
[c=11923000000]
cosim: 5778000000 retirements ok (pc=00000000001527ba)
[c=11924000000]
cosim: 5779000000 retirements ok (pc=000000000015252a)
[c=11925000000]
[c=11926000000]
cosim: 5780000000 retirements ok (pc=00000000001527de)
[c=11927000000]
cosim: 5781000000 retirements ok (pc=0000000000152d06)
[c=11928000000]
[c=11929000000]
cosim: 5782000000 retirements ok (pc=0000000000152648)
[c=11930000000]
cosim: 5783000000 retirements ok (pc=000000000015289a)
[c=11931000000]
cosim: 5784000000 retirements ok (pc=000000000015218e)
[c=11932000000]
[c=11933000000]
cosim: 5785000000 retirements ok (pc=000000000015248e)
[c=11934000000]
cosim: 5786000000 retirements ok (pc=000000000015292e)
[c=11935000000]
[c=11936000000]
cosim: 5787000000 retirements ok (pc=00000000001529a6)
[c=11937000000]
cosim: 5788000000 retirements ok (pc=0000000000152920)
[c=11938000000]
cosim: 5789000000 retirements ok (pc=0000000000152932)
[c=11939000000]
[c=11940000000]
cosim: 5790000000 retirements ok (pc=0000000000152afe)
[c=11941000000]
cosim: 5791000000 retirements ok (pc=0000000000152946)
[c=11942000000]
cosim: 5792000000 retirements ok (pc=000000000015200e)
[c=11943000000]
[c=11944000000]
cosim: 5793000000 retirements ok (pc=0000000000152354)
[c=11945000000]
cosim: 5794000000 retirements ok (pc=0000000000152aec)
[c=11946000000]
[c=11947000000]
cosim: 5795000000 retirements ok (pc=0000000000152cf6)
[c=11948000000]
cosim: 5796000000 retirements ok (pc=0000000000152da2)
[c=11949000000]
cosim: 5797000000 retirements ok (pc=0000000000152336)
[c=11950000000]
[c=11951000000]
cosim: 5798000000 retirements ok (pc=00000000001520c0)
[c=11952000000]
cosim: 5799000000 retirements ok (pc=0000000000152414)
[c=11953000000]
[c=11954000000]
cosim: 5800000000 retirements ok (pc=0000000000152172)
[c=11955000000]
cosim: 5801000000 retirements ok (pc=0000000000151f02)
[c=11956000000]
cosim: 5802000000 retirements ok (pc=0000000000152ac8)
[c=11957000000]
[c=11958000000]
cosim: 5803000000 retirements ok (pc=0000000000152770)
[c=11959000000]
cosim: 5804000000 retirements ok (pc=00000000001524fe)
[c=11960000000]
cosim: 5805000000 retirements ok (pc=0000000000152410)
[c=11961000000]
[c=11962000000]
cosim: 5806000000 retirements ok (pc=0000000000152514)
[c=11963000000]
cosim: 5807000000 retirements ok (pc=0000000000152acc)
[c=11964000000]
cosim: 5808000000 retirements ok (pc=0000000000152a50)
[c=11965000000]
[c=11966000000]
cosim: 5809000000 retirements ok (pc=000000000015240a)
[c=11967000000]
cosim: 5810000000 retirements ok (pc=00000000001526b4)
[c=11968000000]
[c=11969000000]
cosim: 5811000000 retirements ok (pc=00000000001528ec)
[c=11970000000]
cosim: 5812000000 retirements ok (pc=0000000000152b04)
[c=11971000000]
cosim: 5813000000 retirements ok (pc=0000000000151f8a)
[c=11972000000]
[c=11973000000]
cosim: 5814000000 retirements ok (pc=0000000000151f7a)
[c=11974000000]
cosim: 5815000000 retirements ok (pc=0000000000152298)
[c=11975000000]
cosim: 5816000000 retirements ok (pc=0000000000152594)
[c=11976000000]
[c=11977000000]
cosim: 5817000000 retirements ok (pc=ffffffff800b0560)
[c=11978000000]
cosim: 5818000000 retirements ok (pc=0000000000151f9e)
[c=11979000000]
[c=11980000000]
cosim: 5819000000 retirements ok (pc=000000000015268e)
[c=11981000000]
cosim: 5820000000 retirements ok (pc=0000000000152088)
[c=11982000000]
cosim: 5821000000 retirements ok (pc=0000000000152c58)
[c=11983000000]
[c=11984000000]
cosim: 5822000000 retirements ok (pc=0000000000152446)
[c=11985000000]
cosim: 5823000000 retirements ok (pc=00000000001521f2)
[c=11986000000]
cosim: 5824000000 retirements ok (pc=00000000001524b8)
[c=11987000000]
[c=11988000000]
cosim: 5825000000 retirements ok (pc=0000000000151dba)
[c=11989000000]
cosim: 5826000000 retirements ok (pc=0000000000152cf6)
[c=11990000000]
cosim: 5827000000 retirements ok (pc=0000000000151fde)
[c=11991000000]
[c=11992000000]
cosim: 5828000000 retirements ok (pc=0000000000152ade)
[c=11993000000]
cosim: 5829000000 retirements ok (pc=0000000000152c26)
[c=11994000000]
[c=11995000000]
cosim: 5830000000 retirements ok (pc=0000000000152238)
[c=11996000000]
cosim: 5831000000 retirements ok (pc=0000000000152954)
[c=11997000000]
cosim: 5832000000 retirements ok (pc=0000000000152048)
[c=11998000000]
[c=11999000000]
cosim: 5833000000 retirements ok (pc=0000000000151dd2)
[c=12000000000]
cosim: 5834000000 retirements ok (pc=0000000000152b32)
[c=12001000000]
cosim: 5835000000 retirements ok (pc=0000000000152d0c)
[c=12002000000]
[c=12003000000]
cosim: 5836000000 retirements ok (pc=00000000001524a8)
[c=12004000000]
cosim: 5837000000 retirements ok (pc=0000000000152d7c)
[c=12005000000]
[c=12006000000]
cosim: 5838000000 retirements ok (pc=0000000000152928)
[c=12007000000]
cosim: 5839000000 retirements ok (pc=00000000001524da)
[c=12008000000]
cosim: 5840000000 retirements ok (pc=000000000015223c)
[c=12009000000]
[c=12010000000]
cosim: 5841000000 retirements ok (pc=0000000000152a96)
[c=12011000000]
cosim: 5842000000 retirements ok (pc=0000000000152bb6)
[c=12012000000]
[c=12013000000]
cosim: 5843000000 retirements ok (pc=00000000001522c4)
[c=12014000000]
cosim: 5844000000 retirements ok (pc=0000000000152a42)
[c=12015000000]
cosim: 5845000000 retirements ok (pc=0000000000151ed8)
[c=12016000000]
[c=12017000000]
cosim: 5846000000 retirements ok (pc=0000000000152c02)
[c=12018000000]
cosim: 5847000000 retirements ok (pc=0000000000152364)
[c=12019000000]
cosim: 5848000000 retirements ok (pc=0000000000152afe)
[c=12020000000]
[c=12021000000]
cosim: 5849000000 retirements ok (pc=0000000000151e58)
[c=12022000000]
cosim: 5850000000 retirements ok (pc=0000000000152bcc)
[c=12023000000]
cosim: 5851000000 retirements ok (pc=0000000000151f9e)
[c=12024000000]
[c=12025000000]
cosim: 5852000000 retirements ok (pc=0000000000152794)
[c=12026000000]
cosim: 5853000000 retirements ok (pc=0000000000152642)
[c=12027000000]
[c=12028000000]
cosim: 5854000000 retirements ok (pc=0000000000152a00)
[c=12029000000]
cosim: 5855000000 retirements ok (pc=0000000000152404)
[c=12030000000]
cosim: 5856000000 retirements ok (pc=0000000000151fe2)
[c=12031000000]
[c=12032000000]
cosim: 5857000000 retirements ok (pc=00000000001527e4)
[c=12033000000]
cosim: 5858000000 retirements ok (pc=0000000000152082)
[c=12034000000]
cosim: 5859000000 retirements ok (pc=0000000000152a2a)
[c=12035000000]
[c=12036000000]
cosim: 5860000000 retirements ok (pc=0000000000152800)
[c=12037000000]
cosim: 5861000000 retirements ok (pc=0000000000152a84)
[c=12038000000]
[c=12039000000]
cosim: 5862000000 retirements ok (pc=0000000000152346)
[c=12040000000]
cosim: 5863000000 retirements ok (pc=00000000001522ce)
[c=12041000000]
cosim: 5864000000 retirements ok (pc=0000000000152b46)
[c=12042000000]
[c=12043000000]
cosim: 5865000000 retirements ok (pc=000000000015207e)
[c=12044000000]
cosim: 5866000000 retirements ok (pc=0000000000151f06)
[c=12045000000]
cosim: 5867000000 retirements ok (pc=000000000015209e)
[c=12046000000]
[c=12047000000]
cosim: 5868000000 retirements ok (pc=0000000000152a5c)
[c=12048000000]
cosim: 5869000000 retirements ok (pc=0000000000151fac)
[c=12049000000]
cosim: 5870000000 retirements ok (pc=0000000000151d36)
[c=12050000000]
[c=12051000000]
cosim: 5871000000 retirements ok (pc=0000000000152b6c)
[c=12052000000]
cosim: 5872000000 retirements ok (pc=00000000001522a0)
[c=12053000000]
[c=12054000000]
cosim: 5873000000 retirements ok (pc=00000000001524d2)
[c=12055000000]
cosim: 5874000000 retirements ok (pc=00000000001526fc)
[c=12056000000]
cosim: 5875000000 retirements ok (pc=0000000000152602)
[c=12057000000]
[c=12058000000]
cosim: 5876000000 retirements ok (pc=000000000014b024)
[c=12059000000]
cosim: 5877000000 retirements ok (pc=0000000000152bd2)
[c=12060000000]
cosim: 5878000000 retirements ok (pc=0000000000152910)
[c=12061000000]
[c=12062000000]
cosim: 5879000000 retirements ok (pc=0000000000152bc2)
[c=12063000000]
cosim: 5880000000 retirements ok (pc=000000000015221a)
[c=12064000000]
[c=12065000000]
cosim: 5881000000 retirements ok (pc=0000000000152914)
[c=12066000000]
cosim: 5882000000 retirements ok (pc=0000000000152700)
[c=12067000000]
cosim: 5883000000 retirements ok (pc=000000000015240a)
[c=12068000000]
[c=12069000000]
cosim: 5884000000 retirements ok (pc=0000000000151e10)
[c=12070000000]
cosim: 5885000000 retirements ok (pc=ffffffff800a0974)
[c=12071000000]
[c=12072000000]
cosim: 5886000000 retirements ok (pc=0000000000151e5e)
[c=12073000000]
cosim: 5887000000 retirements ok (pc=00000000001528f0)
[c=12074000000]
cosim: 5888000000 retirements ok (pc=0000000000152c16)
[c=12075000000]
[c=12076000000]
cosim: 5889000000 retirements ok (pc=0000000000152b8a)
[c=12077000000]
cosim: 5890000000 retirements ok (pc=0000000000152500)
[c=12078000000]
cosim: 5891000000 retirements ok (pc=00000000001527a6)
[c=12079000000]
[c=12080000000]
cosim: 5892000000 retirements ok (pc=0000000000152470)
[c=12081000000]
cosim: 5893000000 retirements ok (pc=0000000000152550)
[c=12082000000]
[c=12083000000]
cosim: 5894000000 retirements ok (pc=000000000015201e)
[c=12084000000]
cosim: 5895000000 retirements ok (pc=0000000000152442)
[c=12085000000]
cosim: 5896000000 retirements ok (pc=00000000001521ba)
[c=12086000000]
[c=12087000000]
cosim: 5897000000 retirements ok (pc=0000000000151eea)
[c=12088000000]
cosim: 5898000000 retirements ok (pc=0000000000151f76)
[c=12089000000]
[c=12090000000]
cosim: 5899000000 retirements ok (pc=0000000000152306)
[c=12091000000]
cosim: 5900000000 retirements ok (pc=0000000000152b1c)
[c=12092000000]
cosim: 5901000000 retirements ok (pc=0000000000151eda)
[c=12093000000]
[c=12094000000]
cosim: 5902000000 retirements ok (pc=0000000000151d9e)
[c=12095000000]
cosim: 5903000000 retirements ok (pc=00000000001525a4)
[c=12096000000]
cosim: 5904000000 retirements ok (pc=0000000000152afe)
[c=12097000000]
[c=12098000000]
cosim: 5905000000 retirements ok (pc=0000000000151e62)
[c=12099000000]
cosim: 5906000000 retirements ok (pc=0000000000151dba)
[c=12100000000]
[c=12101000000]
cosim: 5907000000 retirements ok (pc=00000000001526f4)
[c=12102000000]
cosim: 5908000000 retirements ok (pc=000000000015251c)
[c=12103000000]
cosim: 5909000000 retirements ok (pc=0000000000152b64)
[c=12104000000]
[c=12105000000]
cosim: 5910000000 retirements ok (pc=0000000000152cba)
[c=12106000000]
cosim: 5911000000 retirements ok (pc=00000000001526d6)
[c=12107000000]
cosim: 5912000000 retirements ok (pc=0000000000151fde)
[c=12108000000]
[c=12109000000]
cosim: 5913000000 retirements ok (pc=0000000000151f38)
[c=12110000000]
cosim: 5914000000 retirements ok (pc=0000000000152df6)
[c=12111000000]
cosim: 5915000000 retirements ok (pc=0000000000152da2)
[c=12112000000]
[c=12113000000]
cosim: 5916000000 retirements ok (pc=0000000000152512)
[c=12114000000]
cosim: 5917000000 retirements ok (pc=000000000015274a)
[c=12115000000]
[c=12116000000]
cosim: 5918000000 retirements ok (pc=0000000000152176)
[c=12117000000]
cosim: 5919000000 retirements ok (pc=0000000000151ff6)
[c=12118000000]
cosim: 5920000000 retirements ok (pc=0000000000152852)
[c=12119000000]
[c=12120000000]
cosim: 5921000000 retirements ok (pc=00000000001526b2)
[c=12121000000]
cosim: 5922000000 retirements ok (pc=0000000000152420)
[c=12122000000]
[c=12123000000]
cosim: 5923000000 retirements ok (pc=0000000000152a34)
[c=12124000000]
cosim: 5924000000 retirements ok (pc=0000000000152114)
[c=12125000000]
cosim: 5925000000 retirements ok (pc=0000000000151ed0)
[c=12126000000]
[c=12127000000]
cosim: 5926000000 retirements ok (pc=000000000015273a)
[c=12128000000]
cosim: 5927000000 retirements ok (pc=0000000000151e82)
[c=12129000000]
cosim: 5928000000 retirements ok (pc=00000000001528f8)
[c=12130000000]
[c=12131000000]
[c=12132000000]
[c=12133000000]
cosim: 5929000000 retirements ok (pc=00000000001520c8)
[c=12134000000]
[c=12135000000]
cosim: 5930000000 retirements ok (pc=00000000001527c8)
[c=12136000000]
cosim: 5931000000 retirements ok (pc=000000000015219a)
[c=12137000000]
[c=12138000000]
cosim: 5932000000 retirements ok (pc=0000000000151dac)
[c=12139000000]
cosim: 5933000000 retirements ok (pc=0000000000152d6e)
[c=12140000000]
cosim: 5934000000 retirements ok (pc=0000000000152ab6)
[c=12141000000]
[c=12142000000]
cosim: 5935000000 retirements ok (pc=0000000000152dfc)
[c=12143000000]
cosim: 5936000000 retirements ok (pc=00000000001522a4)
[c=12144000000]
cosim: 5937000000 retirements ok (pc=0000000000152a66)
[c=12145000000]
[c=12146000000]
cosim: 5938000000 retirements ok (pc=00000000001528ca)
[c=12147000000]
cosim: 5939000000 retirements ok (pc=000000000014bf54)
[c=12148000000]
cosim: 5940000000 retirements ok (pc=000000000015291e)
[c=12149000000]
[c=12150000000]
cosim: 5941000000 retirements ok (pc=0000000000152b64)
[c=12151000000]
cosim: 5942000000 retirements ok (pc=0000000000152c02)
[c=12152000000]
[c=12153000000]
cosim: 5943000000 retirements ok (pc=0000000000152a96)
[c=12154000000]
cosim: 5944000000 retirements ok (pc=0000000000152124)
[c=12155000000]
cosim: 5945000000 retirements ok (pc=0000000000152d0e)
[c=12156000000]
[c=12157000000]
cosim: 5946000000 retirements ok (pc=00000000001521b6)
[c=12158000000]
cosim: 5947000000 retirements ok (pc=00000000001524c0)
[c=12159000000]
[c=12160000000]
cosim: 5948000000 retirements ok (pc=0000000000151f62)
[c=12161000000]
cosim: 5949000000 retirements ok (pc=0000000000152826)
[c=12162000000]
cosim: 5950000000 retirements ok (pc=00000000001527da)
[c=12163000000]
[c=12164000000]
cosim: 5951000000 retirements ok (pc=0000000000152b7a)
[c=12165000000]
cosim: 5952000000 retirements ok (pc=ffffffff800a16d4)
[c=12166000000]
cosim: 5953000000 retirements ok (pc=000000000015258e)
[c=12167000000]
[c=12168000000]
cosim: 5954000000 retirements ok (pc=0000000000152354)
[c=12169000000]
cosim: 5955000000 retirements ok (pc=0000000000152cba)
[c=12170000000]
[c=12171000000]
cosim: 5956000000 retirements ok (pc=0000000000152c28)
[c=12172000000]
cosim: 5957000000 retirements ok (pc=000000000015210a)
[c=12173000000]
cosim: 5958000000 retirements ok (pc=0000000000152d54)
[c=12174000000]
[c=12175000000]
cosim: 5959000000 retirements ok (pc=00000000001524aa)
[c=12176000000]
cosim: 5960000000 retirements ok (pc=0000000000151e2e)
[c=12177000000]
cosim: 5961000000 retirements ok (pc=00000000001527d0)
[c=12178000000]
[c=12179000000]
cosim: 5962000000 retirements ok (pc=0000000000152550)
[c=12180000000]
cosim: 5963000000 retirements ok (pc=0000000000152004)
[c=12181000000]
cosim: 5964000000 retirements ok (pc=0000000000152968)
[c=12182000000]
[c=12183000000]
cosim: 5965000000 retirements ok (pc=000000000015281c)
[c=12184000000]
cosim: 5966000000 retirements ok (pc=000000000015223c)
[c=12185000000]
[c=12186000000]
cosim: 5967000000 retirements ok (pc=0000000000152482)
[c=12187000000]
cosim: 5968000000 retirements ok (pc=0000000000152a06)
[c=12188000000]
cosim: 5969000000 retirements ok (pc=0000000000152cf2)
[c=12189000000]
[c=12190000000]
cosim: 5970000000 retirements ok (pc=000000000015279e)
[c=12191000000]
cosim: 5971000000 retirements ok (pc=0000000000152b04)
[c=12192000000]
cosim: 5972000000 retirements ok (pc=0000000000151ffa)
[c=12193000000]
[c=12194000000]
cosim: 5973000000 retirements ok (pc=000000000015238e)
[c=12195000000]
cosim: 5974000000 retirements ok (pc=00000000001526f8)
[c=12196000000]
[c=12197000000]
cosim: 5975000000 retirements ok (pc=0000000000152128)
[c=12198000000]
cosim: 5976000000 retirements ok (pc=0000000000152554)
[c=12199000000]
cosim: 5977000000 retirements ok (pc=00000000001524d6)
[c=12200000000]
[c=12201000000]
cosim: 5978000000 retirements ok (pc=0000000000152968)
[c=12202000000]
cosim: 5979000000 retirements ok (pc=00000000001526e2)
[c=12203000000]
cosim: 5980000000 retirements ok (pc=0000000000152100)
[c=12204000000]
[c=12205000000]
cosim: 5981000000 retirements ok (pc=000000000015251c)
[c=12206000000]
cosim: 5982000000 retirements ok (pc=0000000000151ffe)
[c=12207000000]
cosim: 5983000000 retirements ok (pc=0000000000151f2a)
[c=12208000000]
[c=12209000000]
cosim: 5984000000 retirements ok (pc=00000000001526be)
[c=12210000000]
cosim: 5985000000 retirements ok (pc=0000000000151fdc)
[c=12211000000]
[c=12212000000]
cosim: 5986000000 retirements ok (pc=000000000015241c)
[c=12213000000]
cosim: 5987000000 retirements ok (pc=000000000015234e)
[c=12214000000]
cosim: 5988000000 retirements ok (pc=00000000001527ba)
[c=12215000000]
[c=12216000000]
cosim: 5989000000 retirements ok (pc=0000000000152822)
[c=12217000000]
cosim: 5990000000 retirements ok (pc=0000000000151db2)
[c=12218000000]
[c=12219000000]
cosim: 5991000000 retirements ok (pc=000000000015294e)
[c=12220000000]
cosim: 5992000000 retirements ok (pc=0000000000152982)
[c=12221000000]
cosim: 5993000000 retirements ok (pc=0000000000152910)
[c=12222000000]
[c=12223000000]
cosim: 5994000000 retirements ok (pc=0000000000152008)
[c=12224000000]
cosim: 5995000000 retirements ok (pc=000000000015213a)
[c=12225000000]
[c=12226000000]
cosim: 5996000000 retirements ok (pc=0000000000151e58)
[c=12227000000]
cosim: 5997000000 retirements ok (pc=000000000014c4ac)
[c=12228000000]
cosim: 5998000000 retirements ok (pc=0000000000151e54)
[c=12229000000]
[c=12230000000]
cosim: 5999000000 retirements ok (pc=0000000000152d1a)
[c=12231000000]
cosim: 6000000000 retirements ok (pc=00000000001524c4)
[c=12232000000]
[c=12233000000]
cosim: 6001000000 retirements ok (pc=000000000015272c)
[c=12234000000]
cosim: 6002000000 retirements ok (pc=0000000000152b62)
[c=12235000000]
cosim: 6003000000 retirements ok (pc=0000000000151dee)
[c=12236000000]
[c=12237000000]
cosim: 6004000000 retirements ok (pc=0000000000152288)
[c=12238000000]
cosim: 6005000000 retirements ok (pc=00000000001520ec)
[c=12239000000]
cosim: 6006000000 retirements ok (pc=0000000000152bb2)
[c=12240000000]
[c=12241000000]
cosim: 6007000000 retirements ok (pc=0000000000151dde)
[c=12242000000]
cosim: 6008000000 retirements ok (pc=0000000000152058)
[c=12243000000]
[c=12244000000]
cosim: 6009000000 retirements ok (pc=0000000000152406)
[c=12245000000]
cosim: 6010000000 retirements ok (pc=0000000000152068)
[c=12246000000]
cosim: 6011000000 retirements ok (pc=0000000000152bd0)
[c=12247000000]
[c=12248000000]
cosim: 6012000000 retirements ok (pc=0000000000151f36)
[c=12249000000]
cosim: 6013000000 retirements ok (pc=00000000001528f0)
[c=12250000000]
cosim: 6014000000 retirements ok (pc=0000000000152374)
[c=12251000000]
[c=12252000000]
cosim: 6015000000 retirements ok (pc=0000000000152ce4)
[c=12253000000]
cosim: 6016000000 retirements ok (pc=00000000001521a0)
[c=12254000000]
[c=12255000000]
cosim: 6017000000 retirements ok (pc=0000000000152584)
[c=12256000000]
cosim: 6018000000 retirements ok (pc=000000000015201c)
[c=12257000000]
cosim: 6019000000 retirements ok (pc=0000000000152ad0)
[c=12258000000]
[c=12259000000]
cosim: 6020000000 retirements ok (pc=0000000000152970)
[c=12260000000]
cosim: 6021000000 retirements ok (pc=00000000001529ea)
[c=12261000000]
cosim: 6022000000 retirements ok (pc=ffffffff800a40d6)
[c=12262000000]
[c=12263000000]
cosim: 6023000000 retirements ok (pc=00000000001529e6)
[c=12264000000]
cosim: 6024000000 retirements ok (pc=000000000015228a)
[c=12265000000]
cosim: 6025000000 retirements ok (pc=000000000015237c)
[c=12266000000]
[c=12267000000]
cosim: 6026000000 retirements ok (pc=0000000000151dd2)
[c=12268000000]
cosim: 6027000000 retirements ok (pc=00000000001526d6)
[c=12269000000]
[c=12270000000]
cosim: 6028000000 retirements ok (pc=00000000001520de)
[c=12271000000]
cosim: 6029000000 retirements ok (pc=00000000001524fa)
[c=12272000000]
cosim: 6030000000 retirements ok (pc=0000000000152542)
[c=12273000000]
[c=12274000000]
cosim: 6031000000 retirements ok (pc=0000000000152034)
[c=12275000000]
cosim: 6032000000 retirements ok (pc=000000000015284e)
[c=12276000000]
cosim: 6033000000 retirements ok (pc=ffffffff800a37d8)
[c=12277000000]
[c=12278000000]
cosim: 6034000000 retirements ok (pc=0000000000152c3c)
[c=12279000000]
cosim: 6035000000 retirements ok (pc=000000000015273a)
[c=12280000000]
[c=12281000000]
cosim: 6036000000 retirements ok (pc=000000000015216c)
[c=12282000000]
cosim: 6037000000 retirements ok (pc=0000000000152ab4)
[c=12283000000]
cosim: 6038000000 retirements ok (pc=0000000000152332)
[c=12284000000]
[c=12285000000]
cosim: 6039000000 retirements ok (pc=0000000000152ca8)
[c=12286000000]
cosim: 6040000000 retirements ok (pc=0000000000152768)
[c=12287000000]
cosim: 6041000000 retirements ok (pc=000000000015263a)
[c=12288000000]
[c=12289000000]
cosim: 6042000000 retirements ok (pc=000000000015290c)
[c=12290000000]
cosim: 6043000000 retirements ok (pc=0000000000152306)
[c=12291000000]
cosim: 6044000000 retirements ok (pc=0000000000152cd6)
[c=12292000000]
[c=12293000000]
cosim: 6045000000 retirements ok (pc=0000000000152346)
[c=12294000000]
cosim: 6046000000 retirements ok (pc=0000000000152752)
[c=12295000000]
[c=12296000000]
cosim: 6047000000 retirements ok (pc=0000000000152a36)
[c=12297000000]
cosim: 6048000000 retirements ok (pc=00000000001529ce)
[c=12298000000]
cosim: 6049000000 retirements ok (pc=0000000000152d40)
[c=12299000000]
[c=12300000000]
cosim: 6050000000 retirements ok (pc=0000000000151e22)
[c=12301000000]
cosim: 6051000000 retirements ok (pc=000000000015201a)
[c=12302000000]
cosim: 6052000000 retirements ok (pc=0000000000152128)
[c=12303000000]
[c=12304000000]
cosim: 6053000000 retirements ok (pc=00000000001529a4)
[c=12305000000]
cosim: 6054000000 retirements ok (pc=0000000000152176)
[c=12306000000]
[c=12307000000]
cosim: 6055000000 retirements ok (pc=0000000000152ad4)
[c=12308000000]
cosim: 6056000000 retirements ok (pc=00000000001528d4)
[c=12309000000]
cosim: 6057000000 retirements ok (pc=0000000000152074)
[c=12310000000]
[c=12311000000]
cosim: 6058000000 retirements ok (pc=0000000000151fc2)
[c=12312000000]
cosim: 6059000000 retirements ok (pc=00000000001529de)
[c=12313000000]
cosim: 6060000000 retirements ok (pc=0000000000152a62)
[c=12314000000]
[c=12315000000]
cosim: 6061000000 retirements ok (pc=00000000001527e4)
[c=12316000000]
cosim: 6062000000 retirements ok (pc=00000000001524ca)
[c=12317000000]
cosim: 6063000000 retirements ok (pc=0000000000152348)
[c=12318000000]
[c=12319000000]
cosim: 6064000000 retirements ok (pc=0000000000152d2a)
[c=12320000000]
cosim: 6065000000 retirements ok (pc=0000000000152496)
[c=12321000000]
[c=12322000000]
cosim: 6066000000 retirements ok (pc=0000000000151de6)
[c=12323000000]
cosim: 6067000000 retirements ok (pc=00000000001526c6)
[c=12324000000]
cosim: 6068000000 retirements ok (pc=0000000000152668)
[c=12325000000]
[c=12326000000]
cosim: 6069000000 retirements ok (pc=0000000000151eb6)
[c=12327000000]
cosim: 6070000000 retirements ok (pc=00000000001528b8)
[c=12328000000]
[c=12329000000]
cosim: 6071000000 retirements ok (pc=000000000015201e)
[c=12330000000]
cosim: 6072000000 retirements ok (pc=00000000001521ca)
[c=12331000000]
cosim: 6073000000 retirements ok (pc=0000000000151fb2)
[c=12332000000]
[c=12333000000]
cosim: 6074000000 retirements ok (pc=00000000001527c0)
[c=12334000000]
cosim: 6075000000 retirements ok (pc=000000000015275a)
[c=12335000000]
cosim: 6076000000 retirements ok (pc=0000000000152624)
[c=12336000000]
[c=12337000000]
cosim: 6077000000 retirements ok (pc=000000000015282c)
[c=12338000000]
cosim: 6078000000 retirements ok (pc=00000000001520d8)
[c=12339000000]
[c=12340000000]
cosim: 6079000000 retirements ok (pc=0000000000152900)
[c=12341000000]
cosim: 6080000000 retirements ok (pc=0000000000151f38)
[c=12342000000]
cosim: 6081000000 retirements ok (pc=0000000000151d42)
[c=12343000000]
cosim: 6082000000 retirements ok (pc=0000000000152444)
[c=12344000000]
[c=12345000000]
cosim: 6083000000 retirements ok (pc=00000000001522b2)
[c=12346000000]
cosim: 6084000000 retirements ok (pc=0000000000152c5c)
[c=12347000000]
[c=12348000000]
cosim: 6085000000 retirements ok (pc=00000000001520e6)
[c=12349000000]
cosim: 6086000000 retirements ok (pc=0000000000151f7a)
[c=12350000000]
cosim: 6087000000 retirements ok (pc=0000000000152858)
[c=12351000000]
[c=12352000000]
cosim: 6088000000 retirements ok (pc=ffffffff800583c0)
[c=12353000000]
cosim: 6089000000 retirements ok (pc=ffffffff80064384)
[c=12354000000]
[c=12355000000]
cosim: 6090000000 retirements ok (pc=000000000015254a)
[c=12356000000]
cosim: 6091000000 retirements ok (pc=00000000001528de)
[c=12357000000]
cosim: 6092000000 retirements ok (pc=00000000001522d4)
[c=12358000000]
[c=12359000000]
cosim: 6093000000 retirements ok (pc=0000000000152c7e)
[c=12360000000]
cosim: 6094000000 retirements ok (pc=00000000001522b6)
[c=12361000000]
cosim: 6095000000 retirements ok (pc=0000000000152c04)
[c=12362000000]
[c=12363000000]
cosim: 6096000000 retirements ok (pc=0000000000151f20)
[c=12364000000]
cosim: 6097000000 retirements ok (pc=0000000000151ed2)
[c=12365000000]
[c=12366000000]
cosim: 6098000000 retirements ok (pc=0000000000152406)
[c=12367000000]
cosim: 6099000000 retirements ok (pc=0000000000152628)
[c=12368000000]
cosim: 6100000000 retirements ok (pc=0000000000152ad4)
[c=12369000000]
[c=12370000000]
cosim: 6101000000 retirements ok (pc=0000000000151d4e)
[c=12371000000]
cosim: 6102000000 retirements ok (pc=000000000015213e)
[c=12372000000]
[c=12373000000]
cosim: 6103000000 retirements ok (pc=0000000000152470)
[c=12374000000]
cosim: 6104000000 retirements ok (pc=00000000001525b6)
[c=12375000000]
cosim: 6105000000 retirements ok (pc=0000000000152c18)
[c=12376000000]
[c=12377000000]
cosim: 6106000000 retirements ok (pc=00000000001525e8)
[c=12378000000]
cosim: 6107000000 retirements ok (pc=00000000001523e0)
[c=12379000000]
[c=12380000000]
cosim: 6108000000 retirements ok (pc=0000000000152512)
[c=12381000000]
cosim: 6109000000 retirements ok (pc=000000000015293a)
[c=12382000000]
cosim: 6110000000 retirements ok (pc=00000000001527de)
[c=12383000000]
[c=12384000000]
cosim: 6111000000 retirements ok (pc=0000000000152656)
[c=12385000000]
cosim: 6112000000 retirements ok (pc=0000000000152c58)
[c=12386000000]
cosim: 6113000000 retirements ok (pc=0000000000152b42)
[c=12387000000]
[c=12388000000]
cosim: 6114000000 retirements ok (pc=00000000001522c4)
[c=12389000000]
cosim: 6115000000 retirements ok (pc=0000000000152356)
[c=12390000000]
[c=12391000000]
cosim: 6116000000 retirements ok (pc=0000000000152126)
[c=12392000000]
cosim: 6117000000 retirements ok (pc=000000000015284a)
[c=12393000000]
cosim: 6118000000 retirements ok (pc=0000000000152560)
[c=12394000000]
[c=12395000000]
cosim: 6119000000 retirements ok (pc=0000000000151e96)
[c=12396000000]
cosim: 6120000000 retirements ok (pc=00000000001529b8)
[c=12397000000]
[c=12398000000]
cosim: 6121000000 retirements ok (pc=00000000001520e6)
[c=12399000000]
cosim: 6122000000 retirements ok (pc=00000000001527e6)
[c=12400000000]
cosim: 6123000000 retirements ok (pc=00000000001526a4)
[c=12401000000]
[c=12402000000]
cosim: 6124000000 retirements ok (pc=0000000000152450)
[c=12403000000]
cosim: 6125000000 retirements ok (pc=0000000000152b9c)
[c=12404000000]
cosim: 6126000000 retirements ok (pc=0000000000152b14)
[c=12405000000]
[c=12406000000]
[c=12407000000]
[c=12408000000]
cosim: 6127000000 retirements ok (pc=ffffffff808e2b8c)
[c=12409000000]
[c=12410000000]
cosim: 6128000000 retirements ok (pc=000000000015220c)
[c=12411000000]
cosim: 6129000000 retirements ok (pc=0000000000151f72)
[c=12412000000]
cosim: 6130000000 retirements ok (pc=0000000000152bce)
[c=12413000000]
[c=12414000000]
cosim: 6131000000 retirements ok (pc=00000000001529c0)
[c=12415000000]
cosim: 6132000000 retirements ok (pc=00000000001520c6)
[c=12416000000]
[c=12417000000]
cosim: 6133000000 retirements ok (pc=0000000000152858)
[c=12418000000]
cosim: 6134000000 retirements ok (pc=0000000000152a4c)
[c=12419000000]
cosim: 6135000000 retirements ok (pc=000000000015215c)
[c=12420000000]
[c=12421000000]
cosim: 6136000000 retirements ok (pc=0000000000151f92)
[c=12422000000]
cosim: 6137000000 retirements ok (pc=00000000001524ee)
[c=12423000000]
cosim: 6138000000 retirements ok (pc=00000000001521ba)
[c=12424000000]
[c=12425000000]
cosim: 6139000000 retirements ok (pc=0000000000152914)
[c=12426000000]
cosim: 6140000000 retirements ok (pc=000000000015299a)
[c=12427000000]
[c=12428000000]
cosim: 6141000000 retirements ok (pc=00000000001526c2)
[c=12429000000]
cosim: 6142000000 retirements ok (pc=0000000000152072)
[c=12430000000]
cosim: 6143000000 retirements ok (pc=0000000000151ff8)
[c=12431000000]
[c=12432000000]
cosim: 6144000000 retirements ok (pc=0000000000151f90)
[c=12433000000]
cosim: 6145000000 retirements ok (pc=000000000015214c)
[c=12434000000]
[c=12435000000]
cosim: 6146000000 retirements ok (pc=00000000001529a8)
[c=12436000000]
cosim: 6147000000 retirements ok (pc=0000000000152c32)
[c=12437000000]
cosim: 6148000000 retirements ok (pc=0000000000152d20)
[c=12438000000]
[c=12439000000]
cosim: 6149000000 retirements ok (pc=00000000001529c0)
[c=12440000000]
cosim: 6150000000 retirements ok (pc=0000000000152844)
[c=12441000000]
cosim: 6151000000 retirements ok (pc=0000000000152132)
[c=12442000000]
[c=12443000000]
cosim: 6152000000 retirements ok (pc=00000000001525ec)
[c=12444000000]
cosim: 6153000000 retirements ok (pc=0000000000151f46)
[c=12445000000]
cosim: 6154000000 retirements ok (pc=0000000000152752)
[c=12446000000]
[c=12447000000]
cosim: 6155000000 retirements ok (pc=00000000001523e8)
[c=12448000000]
cosim: 6156000000 retirements ok (pc=000000000015208c)
[c=12449000000]
cosim: 6157000000 retirements ok (pc=00000000001520bc)
[c=12450000000]
[c=12451000000]
cosim: 6158000000 retirements ok (pc=0000000000152992)
[c=12452000000]
cosim: 6159000000 retirements ok (pc=0000000000152b7a)
[c=12453000000]
[c=12454000000]
cosim: 6160000000 retirements ok (pc=00000000001529cc)
[c=12455000000]
cosim: 6161000000 retirements ok (pc=00000000001528b2)
[c=12456000000]
cosim: 6162000000 retirements ok (pc=000000000015252e)
[c=12457000000]
[c=12458000000]
cosim: 6163000000 retirements ok (pc=000000000015234e)
[c=12459000000]
cosim: 6164000000 retirements ok (pc=000000000015251c)
[c=12460000000]
[c=12461000000]
cosim: 6165000000 retirements ok (pc=0000000000152c82)
[c=12462000000]
cosim: 6166000000 retirements ok (pc=0000000000152b26)
[c=12463000000]
cosim: 6167000000 retirements ok (pc=000000000015278a)
[c=12464000000]
[c=12465000000]
cosim: 6168000000 retirements ok (pc=00000000001520b2)
[c=12466000000]
cosim: 6169000000 retirements ok (pc=0000000000152796)
[c=12467000000]
cosim: 6170000000 retirements ok (pc=0000000000151f00)
[c=12468000000]
[c=12469000000]
cosim: 6171000000 retirements ok (pc=00000000001526b2)
[c=12470000000]
cosim: 6172000000 retirements ok (pc=0000000000151dda)
[c=12471000000]
cosim: 6173000000 retirements ok (pc=0000000000152ba0)
[c=12472000000]
[c=12473000000]
cosim: 6174000000 retirements ok (pc=000000000015277a)
[c=12474000000]
cosim: 6175000000 retirements ok (pc=0000000000152576)
[c=12475000000]
[c=12476000000]
cosim: 6176000000 retirements ok (pc=0000000000152ada)
[c=12477000000]
cosim: 6177000000 retirements ok (pc=000000000015278c)
[c=12478000000]
cosim: 6178000000 retirements ok (pc=0000000000152550)
[c=12479000000]
[c=12480000000]
cosim: 6179000000 retirements ok (pc=0000000000152210)
[c=12481000000]
cosim: 6180000000 retirements ok (pc=0000000000151fc8)
[c=12482000000]
cosim: 6181000000 retirements ok (pc=0000000000152c7a)
[c=12483000000]
[c=12484000000]
cosim: 6182000000 retirements ok (pc=0000000000152398)
[c=12485000000]
cosim: 6183000000 retirements ok (pc=0000000000152b8a)
[c=12486000000]
[c=12487000000]
cosim: 6184000000 retirements ok (pc=0000000000152cc4)
[c=12488000000]
cosim: 6185000000 retirements ok (pc=0000000000152a02)
[c=12489000000]
cosim: 6186000000 retirements ok (pc=0000000000152380)
[c=12490000000]
[c=12491000000]
cosim: 6187000000 retirements ok (pc=0000000000152318)
[c=12492000000]
cosim: 6188000000 retirements ok (pc=00000000001524e0)
[c=12493000000]
cosim: 6189000000 retirements ok (pc=0000000000152628)
[c=12494000000]
[c=12495000000]
cosim: 6190000000 retirements ok (pc=00000000001523f8)
[c=12496000000]
cosim: 6191000000 retirements ok (pc=000000000015219e)
[c=12497000000]
cosim: 6192000000 retirements ok (pc=ffffffff800643a4)
[c=12498000000]
[c=12499000000]
cosim: 6193000000 retirements ok (pc=00000000001520d4)
[c=12500000000]
cosim: 6194000000 retirements ok (pc=ffffffff800a3828)
[c=12501000000]
[c=12502000000]
cosim: 6195000000 retirements ok (pc=0000000000152d36)
[c=12503000000]
cosim: 6196000000 retirements ok (pc=0000000000152d20)
[c=12504000000]
cosim: 6197000000 retirements ok (pc=ffffffff800a382e)
[c=12505000000]
[c=12506000000]
cosim: 6198000000 retirements ok (pc=0000000000152ad0)
[c=12507000000]
cosim: 6199000000 retirements ok (pc=0000000000151e90)
[c=12508000000]
cosim: 6200000000 retirements ok (pc=000000000015237e)
[c=12509000000]
[c=12510000000]
cosim: 6201000000 retirements ok (pc=ffffffff800a3c5c)
[c=12511000000]
cosim: 6202000000 retirements ok (pc=0000000000152034)
[c=12512000000]
[c=12513000000]
cosim: 6203000000 retirements ok (pc=0000000000151f12)
[c=12514000000]
cosim: 6204000000 retirements ok (pc=0000000000152b48)
[c=12515000000]
[c=12516000000]
cosim: 6205000000 retirements ok (pc=ffffffff80059c72)
[c=12517000000]
cosim: 6206000000 retirements ok (pc=000000000015252a)
[c=12518000000]
cosim: 6207000000 retirements ok (pc=0000000000152c3c)
[c=12519000000]
[c=12520000000]
cosim: 6208000000 retirements ok (pc=00000000001524ac)
[c=12521000000]
cosim: 6209000000 retirements ok (pc=0000000000152332)
[c=12522000000]
[c=12523000000]
cosim: 6210000000 retirements ok (pc=0000000000152b82)
[c=12524000000]
cosim: 6211000000 retirements ok (pc=0000000000152982)
[c=12525000000]
cosim: 6212000000 retirements ok (pc=0000000000152674)
[c=12526000000]
[c=12527000000]
cosim: 6213000000 retirements ok (pc=0000000000152a06)
[c=12528000000]
cosim: 6214000000 retirements ok (pc=000000000015201e)
[c=12529000000]
cosim: 6215000000 retirements ok (pc=00000000001525fa)
[c=12530000000]
[c=12531000000]
cosim: 6216000000 retirements ok (pc=0000000000152dba)
[c=12532000000]
cosim: 6217000000 retirements ok (pc=000000000015248c)
[c=12533000000]
cosim: 6218000000 retirements ok (pc=0000000000152368)
[c=12534000000]
[c=12535000000]
cosim: 6219000000 retirements ok (pc=0000000000151d44)
[c=12536000000]
cosim: 6220000000 retirements ok (pc=00000000001528a6)
[c=12537000000]
[c=12538000000]
cosim: 6221000000 retirements ok (pc=00000000001526ca)
[c=12539000000]
cosim: 6222000000 retirements ok (pc=0000000000151e9e)
[c=12540000000]
cosim: 6223000000 retirements ok (pc=0000000000151dfa)
[c=12541000000]
[c=12542000000]
cosim: 6224000000 retirements ok (pc=0000000000152c38)
[c=12543000000]
cosim: 6225000000 retirements ok (pc=0000000000152676)
[c=12544000000]
[c=12545000000]
cosim: 6226000000 retirements ok (pc=00000000001520bc)
[c=12546000000]
cosim: 6227000000 retirements ok (pc=0000000000152402)
[c=12547000000]
cosim: 6228000000 retirements ok (pc=00000000001528fa)
[c=12548000000]
[c=12549000000]
cosim: 6229000000 retirements ok (pc=00000000001526ea)
[c=12550000000]
cosim: 6230000000 retirements ok (pc=0000000000151e62)
[c=12551000000]
cosim: 6231000000 retirements ok (pc=0000000000151d3e)
[c=12552000000]
[c=12553000000]
cosim: 6232000000 retirements ok (pc=0000000000151dfa)
[c=12554000000]
cosim: 6233000000 retirements ok (pc=00000000001524e6)
[c=12555000000]
[c=12556000000]
cosim: 6234000000 retirements ok (pc=0000000000152322)
[c=12557000000]
cosim: 6235000000 retirements ok (pc=0000000000152610)
[c=12558000000]
cosim: 6236000000 retirements ok (pc=00000000001526f2)
[c=12559000000]
[c=12560000000]
cosim: 6237000000 retirements ok (pc=0000000000152322)
[c=12561000000]
cosim: 6238000000 retirements ok (pc=0000000000152aea)
[c=12562000000]
cosim: 6239000000 retirements ok (pc=000000000015217a)
[c=12563000000]
[c=12564000000]
cosim: 6240000000 retirements ok (pc=000000000015292e)
[c=12565000000]
cosim: 6241000000 retirements ok (pc=0000000000152786)
[c=12566000000]
cosim: 6242000000 retirements ok (pc=0000000000151f64)
[c=12567000000]
[c=12568000000]
cosim: 6243000000 retirements ok (pc=0000000000152da6)
[c=12569000000]
cosim: 6244000000 retirements ok (pc=0000000000151d70)
[c=12570000000]
[c=12571000000]
cosim: 6245000000 retirements ok (pc=000000000015246e)
[c=12572000000]
cosim: 6246000000 retirements ok (pc=000000000015231e)
[c=12573000000]
cosim: 6247000000 retirements ok (pc=0000000000152dec)
[c=12574000000]
[c=12575000000]
cosim: 6248000000 retirements ok (pc=000000000015268c)
[c=12576000000]
cosim: 6249000000 retirements ok (pc=0000000000151eec)
[c=12577000000]
cosim: 6250000000 retirements ok (pc=0000000000151e42)
[c=12578000000]
[c=12579000000]
cosim: 6251000000 retirements ok (pc=00000000001521f0)
[c=12580000000]
cosim: 6252000000 retirements ok (pc=00000000001525ce)
[c=12581000000]
[c=12582000000]
cosim: 6253000000 retirements ok (pc=00000000001522a8)
[c=12583000000]
cosim: 6254000000 retirements ok (pc=0000000000152a78)
[c=12584000000]
cosim: 6255000000 retirements ok (pc=00000000001525f2)
[c=12585000000]
[c=12586000000]
cosim: 6256000000 retirements ok (pc=00000000001527b0)
[c=12587000000]
cosim: 6257000000 retirements ok (pc=00000000001527f8)
[c=12588000000]
cosim: 6258000000 retirements ok (pc=0000000000151f36)
[c=12589000000]
[c=12590000000]
cosim: 6259000000 retirements ok (pc=000000000015265e)
[c=12591000000]
cosim: 6260000000 retirements ok (pc=0000000000152a98)
[c=12592000000]
cosim: 6261000000 retirements ok (pc=0000000000152888)
[c=12593000000]
[c=12594000000]
cosim: 6262000000 retirements ok (pc=0000000000151e5c)
[c=12595000000]
cosim: 6263000000 retirements ok (pc=0000000000152464)
[c=12596000000]
[c=12597000000]
cosim: 6264000000 retirements ok (pc=0000000000152b74)
[c=12598000000]
cosim: 6265000000 retirements ok (pc=0000000000152064)
[c=12599000000]
cosim: 6266000000 retirements ok (pc=00000000001522dc)
[c=12600000000]
[c=12601000000]
cosim: 6267000000 retirements ok (pc=00000000001520ec)
[c=12602000000]
cosim: 6268000000 retirements ok (pc=0000000000152636)
[c=12603000000]
cosim: 6269000000 retirements ok (pc=0000000000152ce8)
[c=12604000000]
[c=12605000000]
cosim: 6270000000 retirements ok (pc=ffffffff800a125c)
[c=12606000000]
cosim: 6271000000 retirements ok (pc=ffffffff800af60a)
[c=12607000000]
[c=12608000000]
cosim: 6272000000 retirements ok (pc=ffffffff800a38e6)
[c=12609000000]
cosim: 6273000000 retirements ok (pc=0000000000152768)
[c=12610000000]
cosim: 6274000000 retirements ok (pc=0000000000151e8c)
[c=12611000000]
[c=12612000000]
cosim: 6275000000 retirements ok (pc=0000000000152270)
[c=12613000000]
cosim: 6276000000 retirements ok (pc=0000000000152466)
[c=12614000000]
cosim: 6277000000 retirements ok (pc=0000000000152ba0)
[c=12615000000]
[c=12616000000]
cosim: 6278000000 retirements ok (pc=000000000015293e)
[c=12617000000]
cosim: 6279000000 retirements ok (pc=0000000000152502)
[c=12618000000]
cosim: 6280000000 retirements ok (pc=0000000000152382)
[c=12619000000]
[c=12620000000]
cosim: 6281000000 retirements ok (pc=0000000000152bbc)
[c=12621000000]
cosim: 6282000000 retirements ok (pc=0000000000152d58)
[c=12622000000]
[c=12623000000]
cosim: 6283000000 retirements ok (pc=0000000000152936)
[c=12624000000]
cosim: 6284000000 retirements ok (pc=0000000000152b74)
[c=12625000000]
cosim: 6285000000 retirements ok (pc=0000000000151f5e)
[c=12626000000]
[c=12627000000]
cosim: 6286000000 retirements ok (pc=0000000000151ef0)
[c=12628000000]
cosim: 6287000000 retirements ok (pc=000000000015214a)
[c=12629000000]
[c=12630000000]
cosim: 6288000000 retirements ok (pc=00000000001528b4)
[c=12631000000]
cosim: 6289000000 retirements ok (pc=000000000015249a)
[c=12632000000]
cosim: 6290000000 retirements ok (pc=000000000015276c)
[c=12633000000]
[c=12634000000]
cosim: 6291000000 retirements ok (pc=00000000001525ce)
[c=12635000000]
cosim: 6292000000 retirements ok (pc=0000000000152860)
[c=12636000000]
cosim: 6293000000 retirements ok (pc=00000000001522ac)
[c=12637000000]
[c=12638000000]
cosim: 6294000000 retirements ok (pc=0000000000152a02)
[c=12639000000]
cosim: 6295000000 retirements ok (pc=0000000000152610)
[c=12640000000]
[c=12641000000]
cosim: 6296000000 retirements ok (pc=000000000014bc32)
[c=12642000000]
cosim: 6297000000 retirements ok (pc=0000000000152c96)
[c=12643000000]
cosim: 6298000000 retirements ok (pc=0000000000152c04)
[c=12644000000]
[c=12645000000]
cosim: 6299000000 retirements ok (pc=0000000000151f28)
[c=12646000000]
cosim: 6300000000 retirements ok (pc=0000000000152a2e)
[c=12647000000]
cosim: 6301000000 retirements ok (pc=0000000000152986)
[c=12648000000]
[c=12649000000]
cosim: 6302000000 retirements ok (pc=00000000001522f2)
[c=12650000000]
cosim: 6303000000 retirements ok (pc=0000000000152500)
[c=12651000000]
[c=12652000000]
cosim: 6304000000 retirements ok (pc=ffffffff80058614)
[c=12653000000]
cosim: 6305000000 retirements ok (pc=0000000000152a3a)
[c=12654000000]
cosim: 6306000000 retirements ok (pc=0000000000151fd2)
[c=12655000000]
[c=12656000000]
cosim: 6307000000 retirements ok (pc=0000000000152970)
[c=12657000000]
cosim: 6308000000 retirements ok (pc=0000000000152238)
[c=12658000000]
[c=12659000000]
cosim: 6309000000 retirements ok (pc=00000000001520dc)
[c=12660000000]
cosim: 6310000000 retirements ok (pc=0000000000152438)
[c=12661000000]
cosim: 6311000000 retirements ok (pc=0000000000152c70)
[c=12662000000]
[c=12663000000]
cosim: 6312000000 retirements ok (pc=0000000000152466)
[c=12664000000]
cosim: 6313000000 retirements ok (pc=000000000015293a)
[c=12665000000]
[c=12666000000]
cosim: 6314000000 retirements ok (pc=0000000000152514)
[c=12667000000]
cosim: 6315000000 retirements ok (pc=0000000000152648)
[c=12668000000]
cosim: 6316000000 retirements ok (pc=0000000000152094)
[c=12669000000]
[c=12670000000]
cosim: 6317000000 retirements ok (pc=0000000000152422)
[c=12671000000]
cosim: 6318000000 retirements ok (pc=0000000000151e70)
[c=12672000000]
[c=12673000000]
cosim: 6319000000 retirements ok (pc=0000000000152c26)
[c=12674000000]
cosim: 6320000000 retirements ok (pc=0000000000151f30)
[c=12675000000]
cosim: 6321000000 retirements ok (pc=0000000000152826)
[c=12676000000]
[c=12677000000]
cosim: 6322000000 retirements ok (pc=0000000000152d3c)
[c=12678000000]
cosim: 6323000000 retirements ok (pc=000000000015211a)
[c=12679000000]
cosim: 6324000000 retirements ok (pc=0000000000152044)
[c=12680000000]
[c=12681000000]
[c=12682000000]
cosim: 6325000000 retirements ok (pc=ffffffff8006e348)
[c=12683000000]
[c=12684000000]
[c=12685000000]
cosim: 6326000000 retirements ok (pc=00000000001528d8)
[c=12686000000]
cosim: 6327000000 retirements ok (pc=0000000000152b42)
[c=12687000000]
cosim: 6328000000 retirements ok (pc=0000000000152394)
[c=12688000000]
[c=12689000000]
cosim: 6329000000 retirements ok (pc=0000000000151d9e)
[c=12690000000]
cosim: 6330000000 retirements ok (pc=000000000015260c)
[c=12691000000]
[c=12692000000]
cosim: 6331000000 retirements ok (pc=00000000001524c0)
[c=12693000000]
cosim: 6332000000 retirements ok (pc=00000000001522e0)
[c=12694000000]
cosim: 6333000000 retirements ok (pc=0000000000152aa2)
[c=12695000000]
[c=12696000000]
cosim: 6334000000 retirements ok (pc=0000000000152382)
[c=12697000000]
cosim: 6335000000 retirements ok (pc=0000000000152dfc)
[c=12698000000]
cosim: 6336000000 retirements ok (pc=0000000000152d60)
[c=12699000000]
[c=12700000000]
cosim: 6337000000 retirements ok (pc=0000000000151ea8)
[c=12701000000]
cosim: 6338000000 retirements ok (pc=0000000000152426)
[c=12702000000]
[c=12703000000]
cosim: 6339000000 retirements ok (pc=0000000000152294)
[c=12704000000]
cosim: 6340000000 retirements ok (pc=0000000000152ac6)
[c=12705000000]
cosim: 6341000000 retirements ok (pc=0000000000151e22)
[c=12706000000]
[c=12707000000]
cosim: 6342000000 retirements ok (pc=00000000001523d2)
[c=12708000000]
cosim: 6343000000 retirements ok (pc=00000000001524fe)
[c=12709000000]
cosim: 6344000000 retirements ok (pc=00000000001527ba)
[c=12710000000]
[c=12711000000]
cosim: 6345000000 retirements ok (pc=00000000001520aa)
[c=12712000000]
cosim: 6346000000 retirements ok (pc=00000000001529e2)
[c=12713000000]
[c=12714000000]
cosim: 6347000000 retirements ok (pc=000000000015227c)
[c=12715000000]
cosim: 6348000000 retirements ok (pc=0000000000151eba)
[c=12716000000]
cosim: 6349000000 retirements ok (pc=00000000001526a2)
[c=12717000000]
[c=12718000000]
cosim: 6350000000 retirements ok (pc=0000000000151f3e)
[c=12719000000]
cosim: 6351000000 retirements ok (pc=0000000000152214)
[c=12720000000]
cosim: 6352000000 retirements ok (pc=00000000001521e6)
[c=12721000000]
[c=12722000000]
cosim: 6353000000 retirements ok (pc=0000000000152614)
[c=12723000000]
cosim: 6354000000 retirements ok (pc=0000000000151e6a)
[c=12724000000]
cosim: 6355000000 retirements ok (pc=0000000000152c4a)
[c=12725000000]
[c=12726000000]
cosim: 6356000000 retirements ok (pc=0000000000152526)
[c=12727000000]
cosim: 6357000000 retirements ok (pc=0000000000152526)
[c=12728000000]
[c=12729000000]
cosim: 6358000000 retirements ok (pc=00000000001523a6)
[c=12730000000]
cosim: 6359000000 retirements ok (pc=0000000000152bca)
[c=12731000000]
cosim: 6360000000 retirements ok (pc=00000000001524da)
[c=12732000000]
[c=12733000000]
cosim: 6361000000 retirements ok (pc=0000000000152336)
[c=12734000000]
cosim: 6362000000 retirements ok (pc=0000000000152982)
[c=12735000000]
[c=12736000000]
cosim: 6363000000 retirements ok (pc=ffffffff808d50ea)
[c=12737000000]
cosim: 6364000000 retirements ok (pc=0000000000152d38)
[c=12738000000]
cosim: 6365000000 retirements ok (pc=ffffffff804c261a)
[c=12739000000]
[c=12740000000]
cosim: 6366000000 retirements ok (pc=0000000000152514)
[c=12741000000]
cosim: 6367000000 retirements ok (pc=00000000001521e2)
[c=12742000000]
cosim: 6368000000 retirements ok (pc=0000000000152572)
[c=12743000000]
[c=12744000000]
cosim: 6369000000 retirements ok (pc=0000000000152208)
[c=12745000000]
cosim: 6370000000 retirements ok (pc=00000000001525dc)
[c=12746000000]
cosim: 6371000000 retirements ok (pc=000000000015244e)
[c=12747000000]
[c=12748000000]
cosim: 6372000000 retirements ok (pc=0000000000152b7a)
[c=12749000000]
cosim: 6373000000 retirements ok (pc=0000000000152a36)
[c=12750000000]
[c=12751000000]
cosim: 6374000000 retirements ok (pc=0000000000152d2a)
[c=12752000000]
cosim: 6375000000 retirements ok (pc=0000000000152390)
[c=12753000000]
cosim: 6376000000 retirements ok (pc=00000000001525e4)
[c=12754000000]
[c=12755000000]
cosim: 6377000000 retirements ok (pc=0000000000151d4e)
[c=12756000000]
cosim: 6378000000 retirements ok (pc=0000000000152bc4)
[c=12757000000]
cosim: 6379000000 retirements ok (pc=000000000015228c)
[c=12758000000]
[c=12759000000]
cosim: 6380000000 retirements ok (pc=ffffffff800a0278)
[c=12760000000]
cosim: 6381000000 retirements ok (pc=0000000000152d94)
[c=12761000000]
[c=12762000000]
cosim: 6382000000 retirements ok (pc=00000000001523fc)
[c=12763000000]
cosim: 6383000000 retirements ok (pc=00000000001523a4)
[c=12764000000]
cosim: 6384000000 retirements ok (pc=0000000000152df6)
[c=12765000000]
[c=12766000000]
cosim: 6385000000 retirements ok (pc=0000000000152bbe)
[c=12767000000]
cosim: 6386000000 retirements ok (pc=0000000000152a00)
[c=12768000000]
cosim: 6387000000 retirements ok (pc=ffffffff808d9102)
[c=12769000000]
[c=12770000000]
cosim: 6388000000 retirements ok (pc=00000000001529ce)
[c=12771000000]
cosim: 6389000000 retirements ok (pc=0000000000151da8)
[c=12772000000]
[c=12773000000]
cosim: 6390000000 retirements ok (pc=0000000000152c9e)
[c=12774000000]
cosim: 6391000000 retirements ok (pc=00000000001521ea)
[c=12775000000]
cosim: 6392000000 retirements ok (pc=00000000001523a8)
[c=12776000000]
[c=12777000000]
cosim: 6393000000 retirements ok (pc=00000000001527a2)
[c=12778000000]
cosim: 6394000000 retirements ok (pc=0000000000152088)
[c=12779000000]
cosim: 6395000000 retirements ok (pc=0000000000152026)
[c=12780000000]
[c=12781000000]
cosim: 6396000000 retirements ok (pc=000000000015235a)
[c=12782000000]
cosim: 6397000000 retirements ok (pc=000000000015203a)
[c=12783000000]
cosim: 6398000000 retirements ok (pc=00000000001528e2)
[c=12784000000]
[c=12785000000]
cosim: 6399000000 retirements ok (pc=0000000000152130)
[c=12786000000]
cosim: 6400000000 retirements ok (pc=000000000015255a)
[c=12787000000]
[c=12788000000]
cosim: 6401000000 retirements ok (pc=ffffffff808d914e)
[c=12789000000]
cosim: 6402000000 retirements ok (pc=0000000000151f7a)
[c=12790000000]
cosim: 6403000000 retirements ok (pc=0000000000151fc0)
[c=12791000000]
[c=12792000000]
cosim: 6404000000 retirements ok (pc=00000000001528f0)
[c=12793000000]
cosim: 6405000000 retirements ok (pc=0000000000152de8)
[c=12794000000]
[c=12795000000]
cosim: 6406000000 retirements ok (pc=0000000000152c12)
[c=12796000000]
cosim: 6407000000 retirements ok (pc=00000000001527ac)
[c=12797000000]
cosim: 6408000000 retirements ok (pc=0000000000152492)
[c=12798000000]
[c=12799000000]
cosim: 6409000000 retirements ok (pc=00000000001525d6)
[c=12800000000]
cosim: 6410000000 retirements ok (pc=00000000001523ba)
[c=12801000000]
[c=12802000000]
cosim: 6411000000 retirements ok (pc=0000000000151e68)
[c=12803000000]
cosim: 6412000000 retirements ok (pc=00000000001527ca)
[c=12804000000]
cosim: 6413000000 retirements ok (pc=0000000000151eec)
[c=12805000000]
[c=12806000000]
cosim: 6414000000 retirements ok (pc=0000000000152884)
[c=12807000000]
cosim: 6415000000 retirements ok (pc=00000000001526b0)
[c=12808000000]
cosim: 6416000000 retirements ok (pc=0000000000152ca4)
[c=12809000000]
[c=12810000000]
cosim: 6417000000 retirements ok (pc=00000000001524e2)
[c=12811000000]
cosim: 6418000000 retirements ok (pc=000000000015293e)
[c=12812000000]
[c=12813000000]
cosim: 6419000000 retirements ok (pc=0000000000152360)
[c=12814000000]
cosim: 6420000000 retirements ok (pc=ffffffff8006435a)
[c=12815000000]
cosim: 6421000000 retirements ok (pc=00000000001529a4)
[c=12816000000]
[c=12817000000]
cosim: 6422000000 retirements ok (pc=0000000000152c70)
[c=12818000000]
cosim: 6423000000 retirements ok (pc=000000000015225c)
[c=12819000000]
cosim: 6424000000 retirements ok (pc=000000000015217a)
[c=12820000000]
[c=12821000000]
cosim: 6425000000 retirements ok (pc=0000000000152318)
[c=12822000000]
cosim: 6426000000 retirements ok (pc=0000000000152338)
[c=12823000000]
[c=12824000000]
cosim: 6427000000 retirements ok (pc=0000000000152dcc)
[c=12825000000]
cosim: 6428000000 retirements ok (pc=0000000000152c02)
[c=12826000000]
cosim: 6429000000 retirements ok (pc=0000000000152710)
[c=12827000000]
[c=12828000000]
cosim: 6430000000 retirements ok (pc=00000000001524c4)
[c=12829000000]
cosim: 6431000000 retirements ok (pc=0000000000152122)
[c=12830000000]
cosim: 6432000000 retirements ok (pc=0000000000152a74)
[c=12831000000]
[c=12832000000]
cosim: 6433000000 retirements ok (pc=000000000015291e)
[c=12833000000]
cosim: 6434000000 retirements ok (pc=0000000000152912)
[c=12834000000]
cosim: 6435000000 retirements ok (pc=0000000000152056)
[c=12835000000]
[c=12836000000]
cosim: 6436000000 retirements ok (pc=00000000001520a6)
[c=12837000000]
cosim: 6437000000 retirements ok (pc=0000000000151de6)
[c=12838000000]
[c=12839000000]
cosim: 6438000000 retirements ok (pc=0000000000152bf2)
[c=12840000000]
cosim: 6439000000 retirements ok (pc=0000000000152bac)
[c=12841000000]
cosim: 6440000000 retirements ok (pc=00000000001522a0)
[c=12842000000]
[c=12843000000]
cosim: 6441000000 retirements ok (pc=0000000000151f30)
[c=12844000000]
cosim: 6442000000 retirements ok (pc=00000000001520ac)
[c=12845000000]
[c=12846000000]
cosim: 6443000000 retirements ok (pc=00000000001529b4)
[c=12847000000]
cosim: 6444000000 retirements ok (pc=0000000000152866)
[c=12848000000]
cosim: 6445000000 retirements ok (pc=0000000000152768)
[c=12849000000]
[c=12850000000]
cosim: 6446000000 retirements ok (pc=0000000000152d24)
[c=12851000000]
cosim: 6447000000 retirements ok (pc=0000000000151f42)
[c=12852000000]
cosim: 6448000000 retirements ok (pc=000000000015283c)
[c=12853000000]
[c=12854000000]
cosim: 6449000000 retirements ok (pc=0000000000152a04)
[c=12855000000]
cosim: 6450000000 retirements ok (pc=0000000000152cb6)
[c=12856000000]
[c=12857000000]
cosim: 6451000000 retirements ok (pc=0000000000152c18)
[c=12858000000]
cosim: 6452000000 retirements ok (pc=00000000001523a6)
[c=12859000000]
cosim: 6453000000 retirements ok (pc=0000000000152220)
[c=12860000000]
cosim: 6454000000 retirements ok (pc=000000000014b0be)
[c=12861000000]
[c=12862000000]
cosim: 6455000000 retirements ok (pc=ffffffff800ae5a2)
[c=12863000000]
cosim: 6456000000 retirements ok (pc=0000000000152b58)
[c=12864000000]
[c=12865000000]
cosim: 6457000000 retirements ok (pc=0000000000151ebe)
[c=12866000000]
cosim: 6458000000 retirements ok (pc=0000000000152986)
[c=12867000000]
cosim: 6459000000 retirements ok (pc=0000000000152c5e)
[c=12868000000]
[c=12869000000]
cosim: 6460000000 retirements ok (pc=0000000000152636)
[c=12870000000]
cosim: 6461000000 retirements ok (pc=0000000000152d78)
[c=12871000000]
[c=12872000000]
cosim: 6462000000 retirements ok (pc=0000000000151f00)
[c=12873000000]
cosim: 6463000000 retirements ok (pc=0000000000151e1c)
[c=12874000000]
cosim: 6464000000 retirements ok (pc=00000000001525c2)
[c=12875000000]
[c=12876000000]
cosim: 6465000000 retirements ok (pc=0000000000151f82)
[c=12877000000]
cosim: 6466000000 retirements ok (pc=0000000000151f04)
[c=12878000000]
cosim: 6467000000 retirements ok (pc=0000000000151f8a)
[c=12879000000]
[c=12880000000]
cosim: 6468000000 retirements ok (pc=0000000000152344)
[c=12881000000]
cosim: 6469000000 retirements ok (pc=000000000015261e)
[c=12882000000]
[c=12883000000]
cosim: 6470000000 retirements ok (pc=0000000000152ca4)
[c=12884000000]
cosim: 6471000000 retirements ok (pc=00000000001521bc)
[c=12885000000]
cosim: 6472000000 retirements ok (pc=0000000000152556)
[c=12886000000]
[c=12887000000]
cosim: 6473000000 retirements ok (pc=0000000000152cf8)
[c=12888000000]
cosim: 6474000000 retirements ok (pc=0000000000152bce)
[c=12889000000]
cosim: 6475000000 retirements ok (pc=000000000015234a)
[c=12890000000]
[c=12891000000]
cosim: 6476000000 retirements ok (pc=0000000000151dda)
[c=12892000000]
cosim: 6477000000 retirements ok (pc=00000000001520c6)
[c=12893000000]
cosim: 6478000000 retirements ok (pc=0000000000152b58)
[c=12894000000]
[c=12895000000]
cosim: 6479000000 retirements ok (pc=0000000000151f64)
[c=12896000000]
cosim: 6480000000 retirements ok (pc=00000000001525a2)
[c=12897000000]
[c=12898000000]
cosim: 6481000000 retirements ok (pc=0000000000152532)
[c=12899000000]
cosim: 6482000000 retirements ok (pc=0000000000151e2a)
[c=12900000000]
cosim: 6483000000 retirements ok (pc=0000000000152dc2)
[c=12901000000]
[c=12902000000]
cosim: 6484000000 retirements ok (pc=0000000000152340)
[c=12903000000]
cosim: 6485000000 retirements ok (pc=00000000001522fe)
[c=12904000000]
[c=12905000000]
cosim: 6486000000 retirements ok (pc=00000000001527c0)
[c=12906000000]
cosim: 6487000000 retirements ok (pc=0000000000152d98)
[c=12907000000]
cosim: 6488000000 retirements ok (pc=0000000000152b00)
[c=12908000000]
[c=12909000000]
cosim: 6489000000 retirements ok (pc=ffffffff80063fb6)
[c=12910000000]
cosim: 6490000000 retirements ok (pc=00000000001520bc)
[c=12911000000]
cosim: 6491000000 retirements ok (pc=ffffffff800b04f6)
[c=12912000000]
[c=12913000000]
cosim: 6492000000 retirements ok (pc=0000000000152786)
[c=12914000000]
cosim: 6493000000 retirements ok (pc=0000000000152602)
[c=12915000000]
cosim: 6494000000 retirements ok (pc=0000000000152188)
[c=12916000000]
[c=12917000000]
cosim: 6495000000 retirements ok (pc=0000000000152b26)
[c=12918000000]
cosim: 6496000000 retirements ok (pc=0000000000151f5a)
[c=12919000000]
cosim: 6497000000 retirements ok (pc=0000000000152740)
[c=12920000000]
[c=12921000000]
cosim: 6498000000 retirements ok (pc=0000000000151ff8)
[c=12922000000]
cosim: 6499000000 retirements ok (pc=00000000001521cc)
[c=12923000000]
[c=12924000000]
cosim: 6500000000 retirements ok (pc=0000000000151fba)
[c=12925000000]
cosim: 6501000000 retirements ok (pc=0000000000152166)
[c=12926000000]
cosim: 6502000000 retirements ok (pc=0000000000152a34)
[c=12927000000]
[c=12928000000]
cosim: 6503000000 retirements ok (pc=0000000000152710)
[c=12929000000]
cosim: 6504000000 retirements ok (pc=00000000001528f8)
[c=12930000000]
[c=12931000000]
cosim: 6505000000 retirements ok (pc=0000000000152076)
[c=12932000000]
cosim: 6506000000 retirements ok (pc=0000000000152512)
[c=12933000000]
cosim: 6507000000 retirements ok (pc=0000000000151e74)
[c=12934000000]
[c=12935000000]
cosim: 6508000000 retirements ok (pc=00000000001528ec)
[c=12936000000]
cosim: 6509000000 retirements ok (pc=00000000001520e0)
[c=12937000000]
cosim: 6510000000 retirements ok (pc=00000000001522a0)
[c=12938000000]
[c=12939000000]
cosim: 6511000000 retirements ok (pc=0000000000152826)
[c=12940000000]
cosim: 6512000000 retirements ok (pc=ffffffff80063fca)
[c=12941000000]
[c=12942000000]
cosim: 6513000000 retirements ok (pc=000000000015286a)
[c=12943000000]
cosim: 6514000000 retirements ok (pc=0000000000152a4c)
[c=12944000000]
cosim: 6515000000 retirements ok (pc=000000000015275a)
[c=12945000000]
[c=12946000000]
cosim: 6516000000 retirements ok (pc=0000000000152a36)
[c=12947000000]
cosim: 6517000000 retirements ok (pc=0000000000151db0)
[c=12948000000]
[c=12949000000]
cosim: 6518000000 retirements ok (pc=0000000000151eac)
[c=12950000000]
cosim: 6519000000 retirements ok (pc=000000000015235a)
[c=12951000000]
cosim: 6520000000 retirements ok (pc=0000000000152166)
[c=12952000000]
[c=12953000000]
cosim: 6521000000 retirements ok (pc=0000000000152c7e)
[c=12954000000]
cosim: 6522000000 retirements ok (pc=0000000000152b1e)
[c=12955000000]
[c=12956000000]
[c=12957000000]
cosim: 6523000000 retirements ok (pc=ffffffff801ececc)
[c=12958000000]
[c=12959000000]
[c=12960000000]
cosim: 6524000000 retirements ok (pc=0000000000152b54)
[c=12961000000]
cosim: 6525000000 retirements ok (pc=00000000001521bc)
[c=12962000000]
cosim: 6526000000 retirements ok (pc=0000000000152852)
[c=12963000000]
[c=12964000000]
cosim: 6527000000 retirements ok (pc=0000000000151e3a)
[c=12965000000]
cosim: 6528000000 retirements ok (pc=0000000000152c16)
[c=12966000000]
[c=12967000000]
cosim: 6529000000 retirements ok (pc=0000000000152554)
[c=12968000000]
cosim: 6530000000 retirements ok (pc=000000000015286e)
[c=12969000000]
cosim: 6531000000 retirements ok (pc=00000000001521a0)
[c=12970000000]
[c=12971000000]
cosim: 6532000000 retirements ok (pc=000000000015253c)
[c=12972000000]
cosim: 6533000000 retirements ok (pc=0000000000152286)
[c=12973000000]
cosim: 6534000000 retirements ok (pc=000000000015205c)
[c=12974000000]
[c=12975000000]
cosim: 6535000000 retirements ok (pc=000000000015218c)
[c=12976000000]
cosim: 6536000000 retirements ok (pc=000000000015298c)
[c=12977000000]
[c=12978000000]
cosim: 6537000000 retirements ok (pc=0000000000152c94)
[c=12979000000]
cosim: 6538000000 retirements ok (pc=00000000001520ac)
[c=12980000000]
cosim: 6539000000 retirements ok (pc=0000000000152cbe)
[c=12981000000]
[c=12982000000]
cosim: 6540000000 retirements ok (pc=000000000015249e)
[c=12983000000]
cosim: 6541000000 retirements ok (pc=00000000001525ca)
[c=12984000000]
cosim: 6542000000 retirements ok (pc=0000000000151e44)
[c=12985000000]
[c=12986000000]
cosim: 6543000000 retirements ok (pc=0000000000152d00)
[c=12987000000]
cosim: 6544000000 retirements ok (pc=0000000000152ca8)
[c=12988000000]
cosim: 6545000000 retirements ok (pc=0000000000152624)
[c=12989000000]
[c=12990000000]
cosim: 6546000000 retirements ok (pc=00000000001520d0)
[c=12991000000]
cosim: 6547000000 retirements ok (pc=0000000000152458)
[c=12992000000]
[c=12993000000]
cosim: 6548000000 retirements ok (pc=ffffffff8006e18c)
[c=12994000000]
cosim: 6549000000 retirements ok (pc=00000000001522b6)
[c=12995000000]
cosim: 6550000000 retirements ok (pc=000000000015203a)
[c=12996000000]
[c=12997000000]
cosim: 6551000000 retirements ok (pc=0000000000151e4e)
[c=12998000000]
cosim: 6552000000 retirements ok (pc=00000000001521e0)
[c=12999000000]
cosim: 6553000000 retirements ok (pc=0000000000151fe6)
[c=13000000000]
[c=13001000000]
cosim: 6554000000 retirements ok (pc=0000000000152056)
[c=13002000000]
cosim: 6555000000 retirements ok (pc=00000000001527c0)
[c=13003000000]
[c=13004000000]
cosim: 6556000000 retirements ok (pc=00000000001525ec)
[c=13005000000]
cosim: 6557000000 retirements ok (pc=0000000000152a5e)
[c=13006000000]
cosim: 6558000000 retirements ok (pc=0000000000152c7a)
[c=13007000000]
[c=13008000000]
cosim: 6559000000 retirements ok (pc=000000000015243c)
[c=13009000000]
cosim: 6560000000 retirements ok (pc=0000000000152b40)
[c=13010000000]
cosim: 6561000000 retirements ok (pc=000000000015224c)
[c=13011000000]
[c=13012000000]
cosim: 6562000000 retirements ok (pc=0000000000152560)
[c=13013000000]
cosim: 6563000000 retirements ok (pc=0000000000151e4a)
[c=13014000000]
cosim: 6564000000 retirements ok (pc=00000000001525bc)
[c=13015000000]
[c=13016000000]
cosim: 6565000000 retirements ok (pc=ffffffff800a3862)
[c=13017000000]
cosim: 6566000000 retirements ok (pc=0000000000152b16)
[c=13018000000]
[c=13019000000]
cosim: 6567000000 retirements ok (pc=0000000000152a42)
[c=13020000000]
cosim: 6568000000 retirements ok (pc=0000000000152674)
[c=13021000000]
cosim: 6569000000 retirements ok (pc=0000000000152d06)
[c=13022000000]
[c=13023000000]
cosim: 6570000000 retirements ok (pc=0000000000152b64)
[c=13024000000]
cosim: 6571000000 retirements ok (pc=00000000001523e4)
[c=13025000000]
cosim: 6572000000 retirements ok (pc=00000000001521f2)
[c=13026000000]
[c=13027000000]
cosim: 6573000000 retirements ok (pc=0000000000152a58)
[c=13028000000]
cosim: 6574000000 retirements ok (pc=000000000015217e)
[c=13029000000]
[c=13030000000]
cosim: 6575000000 retirements ok (pc=0000000000152476)
[c=13031000000]
cosim: 6576000000 retirements ok (pc=000000000015224c)
[c=13032000000]
cosim: 6577000000 retirements ok (pc=0000000000151fa2)
[c=13033000000]
[c=13034000000]
cosim: 6578000000 retirements ok (pc=0000000000152cc0)
[c=13035000000]
cosim: 6579000000 retirements ok (pc=0000000000152030)
[c=13036000000]
cosim: 6580000000 retirements ok (pc=0000000000152bb2)
[c=13037000000]
[c=13038000000]
cosim: 6581000000 retirements ok (pc=00000000001528fa)
[c=13039000000]
cosim: 6582000000 retirements ok (pc=0000000000151e10)
[c=13040000000]
cosim: 6583000000 retirements ok (pc=0000000000152d2e)
[c=13041000000]
[c=13042000000]
cosim: 6584000000 retirements ok (pc=0000000000152a1e)
[c=13043000000]
cosim: 6585000000 retirements ok (pc=0000000000152cf2)
[c=13044000000]
[c=13045000000]
cosim: 6586000000 retirements ok (pc=0000000000151e86)
[c=13046000000]
cosim: 6587000000 retirements ok (pc=0000000000151f24)
[c=13047000000]
cosim: 6588000000 retirements ok (pc=0000000000151dc8)
[c=13048000000]
[c=13049000000]
cosim: 6589000000 retirements ok (pc=00000000001526f2)
[c=13050000000]
cosim: 6590000000 retirements ok (pc=00000000001522b6)
[c=13051000000]
[c=13052000000]
cosim: 6591000000 retirements ok (pc=0000000000152ad4)
[c=13053000000]
cosim: 6592000000 retirements ok (pc=0000000000152bfc)
[c=13054000000]
cosim: 6593000000 retirements ok (pc=0000000000152a48)
[c=13055000000]
[c=13056000000]
cosim: 6594000000 retirements ok (pc=0000000000152c08)
[c=13057000000]
cosim: 6595000000 retirements ok (pc=0000000000151f56)
[c=13058000000]
cosim: 6596000000 retirements ok (pc=0000000000151dc0)
[c=13059000000]
[c=13060000000]
cosim: 6597000000 retirements ok (pc=0000000000152ad6)
[c=13061000000]
cosim: 6598000000 retirements ok (pc=00000000001521c8)
[c=13062000000]
[c=13063000000]
cosim: 6599000000 retirements ok (pc=00000000001528de)
[c=13064000000]
cosim: 6600000000 retirements ok (pc=0000000000152ba8)
[c=13065000000]
cosim: 6601000000 retirements ok (pc=00000000001528c6)
[c=13066000000]
[c=13067000000]
cosim: 6602000000 retirements ok (pc=0000000000151f4e)
[c=13068000000]
cosim: 6603000000 retirements ok (pc=00000000001528f0)
[c=13069000000]
cosim: 6604000000 retirements ok (pc=0000000000152d16)
[c=13070000000]
[c=13071000000]
cosim: 6605000000 retirements ok (pc=0000000000152bca)
[c=13072000000]
cosim: 6606000000 retirements ok (pc=00000000001529ec)
[c=13073000000]
cosim: 6607000000 retirements ok (pc=00000000001520ea)
[c=13074000000]
[c=13075000000]
cosim: 6608000000 retirements ok (pc=0000000000151e50)
[c=13076000000]
cosim: 6609000000 retirements ok (pc=0000000000151f36)
[c=13077000000]
[c=13078000000]
cosim: 6610000000 retirements ok (pc=0000000000152698)
[c=13079000000]
cosim: 6611000000 retirements ok (pc=0000000000152624)
[c=13080000000]
cosim: 6612000000 retirements ok (pc=0000000000152c88)
[c=13081000000]
[c=13082000000]
cosim: 6613000000 retirements ok (pc=0000000000152b3a)
[c=13083000000]
cosim: 6614000000 retirements ok (pc=0000000000152230)
[c=13084000000]
cosim: 6615000000 retirements ok (pc=00000000001528bc)
[c=13085000000]
[c=13086000000]
cosim: 6616000000 retirements ok (pc=0000000000152cea)
[c=13087000000]
cosim: 6617000000 retirements ok (pc=00000000001526bc)
[c=13088000000]
[c=13089000000]
cosim: 6618000000 retirements ok (pc=00000000001525ae)
[c=13090000000]
cosim: 6619000000 retirements ok (pc=0000000000152dcc)
[c=13091000000]
cosim: 6620000000 retirements ok (pc=0000000000152466)
[c=13092000000]
[c=13093000000]
cosim: 6621000000 retirements ok (pc=0000000000151f3e)
[c=13094000000]
cosim: 6622000000 retirements ok (pc=00000000001528ce)
[c=13095000000]
[c=13096000000]
cosim: 6623000000 retirements ok (pc=0000000000152648)
[c=13097000000]
cosim: 6624000000 retirements ok (pc=0000000000152600)
[c=13098000000]
cosim: 6625000000 retirements ok (pc=0000000000151ec2)
[c=13099000000]
[c=13100000000]
cosim: 6626000000 retirements ok (pc=0000000000152864)
[c=13101000000]
cosim: 6627000000 retirements ok (pc=000000000014bc96)
[c=13102000000]
[c=13103000000]
cosim: 6628000000 retirements ok (pc=000000000015233c)
[c=13104000000]
cosim: 6629000000 retirements ok (pc=0000000000152a8c)
[c=13105000000]
cosim: 6630000000 retirements ok (pc=0000000000152c1a)
[c=13106000000]
[c=13107000000]
cosim: 6631000000 retirements ok (pc=00000000001526e4)
[c=13108000000]
cosim: 6632000000 retirements ok (pc=0000000000151db8)
[c=13109000000]
cosim: 6633000000 retirements ok (pc=0000000000152c4e)
[c=13110000000]
[c=13111000000]
cosim: 6634000000 retirements ok (pc=00000000001520ea)
[c=13112000000]
cosim: 6635000000 retirements ok (pc=00000000001523c0)
[c=13113000000]
[c=13114000000]
cosim: 6636000000 retirements ok (pc=0000000000151fd2)
[c=13115000000]
cosim: 6637000000 retirements ok (pc=0000000000152d66)
[c=13116000000]
cosim: 6638000000 retirements ok (pc=00000000001520fa)
[c=13117000000]
[c=13118000000]
cosim: 6639000000 retirements ok (pc=00000000001520d8)
[c=13119000000]
cosim: 6640000000 retirements ok (pc=000000000015230a)
[c=13120000000]
[c=13121000000]
cosim: 6641000000 retirements ok (pc=0000000000152768)
[c=13122000000]
cosim: 6642000000 retirements ok (pc=0000000000151f6e)
[c=13123000000]
cosim: 6643000000 retirements ok (pc=0000000000152d04)
[c=13124000000]
[c=13125000000]
cosim: 6644000000 retirements ok (pc=0000000000152be0)
[c=13126000000]
cosim: 6645000000 retirements ok (pc=0000000000152444)
[c=13127000000]
cosim: 6646000000 retirements ok (pc=00000000001525d2)
[c=13128000000]
[c=13129000000]
cosim: 6647000000 retirements ok (pc=000000000015274a)
[c=13130000000]
cosim: 6648000000 retirements ok (pc=00000000001525e4)
[c=13131000000]
cosim: 6649000000 retirements ok (pc=0000000000152442)
[c=13132000000]
[c=13133000000]
cosim: 6650000000 retirements ok (pc=0000000000151d4e)
[c=13134000000]
cosim: 6651000000 retirements ok (pc=00000000001527d0)
[c=13135000000]
cosim: 6652000000 retirements ok (pc=0000000000151f76)
[c=13136000000]
[c=13137000000]
cosim: 6653000000 retirements ok (pc=0000000000152c4e)
[c=13138000000]
cosim: 6654000000 retirements ok (pc=0000000000151fc0)
[c=13139000000]
[c=13140000000]
cosim: 6655000000 retirements ok (pc=0000000000152d8a)
[c=13141000000]
cosim: 6656000000 retirements ok (pc=000000000015282a)
[c=13142000000]
cosim: 6657000000 retirements ok (pc=0000000000152016)
[c=13143000000]
[c=13144000000]
cosim: 6658000000 retirements ok (pc=0000000000152b64)
[c=13145000000]
cosim: 6659000000 retirements ok (pc=0000000000152326)
[c=13146000000]
[c=13147000000]
cosim: 6660000000 retirements ok (pc=00000000001524ea)
[c=13148000000]
cosim: 6661000000 retirements ok (pc=0000000000151e84)
[c=13149000000]
cosim: 6662000000 retirements ok (pc=0000000000152600)
[c=13150000000]
[c=13151000000]
cosim: 6663000000 retirements ok (pc=000000000015241c)
[c=13152000000]
cosim: 6664000000 retirements ok (pc=0000000000152272)
[c=13153000000]
cosim: 6665000000 retirements ok (pc=00000000001523d6)
[c=13154000000]
[c=13155000000]
cosim: 6666000000 retirements ok (pc=00000000001521ba)
[c=13156000000]
cosim: 6667000000 retirements ok (pc=00000000001529a0)
[c=13157000000]
cosim: 6668000000 retirements ok (pc=000000000015280e)
[c=13158000000]
[c=13159000000]
cosim: 6669000000 retirements ok (pc=0000000000152d28)
[c=13160000000]
cosim: 6670000000 retirements ok (pc=0000000000152374)
[c=13161000000]
[c=13162000000]
cosim: 6671000000 retirements ok (pc=00000000001528d6)
[c=13163000000]
cosim: 6672000000 retirements ok (pc=0000000000152ac2)
[c=13164000000]
cosim: 6673000000 retirements ok (pc=00000000001529d2)
[c=13165000000]
[c=13166000000]
cosim: 6674000000 retirements ok (pc=0000000000152858)
[c=13167000000]
cosim: 6675000000 retirements ok (pc=ffffffff800a225a)
[c=13168000000]
cosim: 6676000000 retirements ok (pc=000000000015210a)
[c=13169000000]
[c=13170000000]
cosim: 6677000000 retirements ok (pc=000000000015296c)
[c=13171000000]
cosim: 6678000000 retirements ok (pc=0000000000151dde)
[c=13172000000]
[c=13173000000]
cosim: 6679000000 retirements ok (pc=0000000000151fe2)
[c=13174000000]
cosim: 6680000000 retirements ok (pc=0000000000152532)
[c=13175000000]
cosim: 6681000000 retirements ok (pc=0000000000151f62)
[c=13176000000]
[c=13177000000]
cosim: 6682000000 retirements ok (pc=00000000001522ca)
[c=13178000000]
cosim: 6683000000 retirements ok (pc=0000000000152802)
[c=13179000000]
cosim: 6684000000 retirements ok (pc=00000000001523ec)
[c=13180000000]
[c=13181000000]
cosim: 6685000000 retirements ok (pc=0000000000151fe8)
[c=13182000000]
cosim: 6686000000 retirements ok (pc=0000000000152898)
[c=13183000000]
[c=13184000000]
cosim: 6687000000 retirements ok (pc=0000000000151fd0)
[c=13185000000]
cosim: 6688000000 retirements ok (pc=0000000000152a36)
[c=13186000000]
cosim: 6689000000 retirements ok (pc=0000000000151e78)
[c=13187000000]
[c=13188000000]
cosim: 6690000000 retirements ok (pc=0000000000152d3c)
[c=13189000000]
cosim: 6691000000 retirements ok (pc=000000000015202e)
[c=13190000000]
cosim: 6692000000 retirements ok (pc=00000000001523e8)
[c=13191000000]
[c=13192000000]
cosim: 6693000000 retirements ok (pc=0000000000151dda)
[c=13193000000]
cosim: 6694000000 retirements ok (pc=0000000000151e04)
[c=13194000000]
cosim: 6695000000 retirements ok (pc=0000000000152a6e)
[c=13195000000]
[c=13196000000]
cosim: 6696000000 retirements ok (pc=0000000000152012)
[c=13197000000]
cosim: 6697000000 retirements ok (pc=ffffffff80057454)
[c=13198000000]
[c=13199000000]
cosim: 6698000000 retirements ok (pc=0000000000152838)
[c=13200000000]
cosim: 6699000000 retirements ok (pc=ffffffff800a1a76)
[c=13201000000]
cosim: 6700000000 retirements ok (pc=0000000000152ad0)
[c=13202000000]
[c=13203000000]
cosim: 6701000000 retirements ok (pc=0000000000152b6e)
[c=13204000000]
cosim: 6702000000 retirements ok (pc=0000000000151dea)
[c=13205000000]
[c=13206000000]
cosim: 6703000000 retirements ok (pc=0000000000152748)
[c=13207000000]
cosim: 6704000000 retirements ok (pc=0000000000151f44)
[c=13208000000]
cosim: 6705000000 retirements ok (pc=0000000000151f2a)
[c=13209000000]
[c=13210000000]
cosim: 6706000000 retirements ok (pc=00000000001526a6)
[c=13211000000]
cosim: 6707000000 retirements ok (pc=0000000000152bcc)
[c=13212000000]
cosim: 6708000000 retirements ok (pc=0000000000152ac8)
[c=13213000000]
[c=13214000000]
cosim: 6709000000 retirements ok (pc=000000000015284a)
[c=13215000000]
cosim: 6710000000 retirements ok (pc=000000000015224c)
[c=13216000000]
cosim: 6711000000 retirements ok (pc=0000000000152200)
[c=13217000000]
[c=13218000000]
cosim: 6712000000 retirements ok (pc=0000000000152598)
[c=13219000000]
cosim: 6713000000 retirements ok (pc=0000000000151f12)
[c=13220000000]
[c=13221000000]
cosim: 6714000000 retirements ok (pc=0000000000152dcc)
[c=13222000000]
cosim: 6715000000 retirements ok (pc=00000000001521ee)
[c=13223000000]
cosim: 6716000000 retirements ok (pc=0000000000151dce)
[c=13224000000]
[c=13225000000]
cosim: 6717000000 retirements ok (pc=00000000001521e4)
[c=13226000000]
cosim: 6718000000 retirements ok (pc=0000000000152c94)
[c=13227000000]
cosim: 6719000000 retirements ok (pc=00000000001526aa)
[c=13228000000]
[c=13229000000]
cosim: 6720000000 retirements ok (pc=000000000015215a)
[c=13230000000]
[c=13231000000]
[c=13232000000]
cosim: 6721000000 retirements ok (pc=ffffffff8004f8f2)
[c=13233000000]
[c=13234000000]
cosim: 6722000000 retirements ok (pc=ffffffff80024fe0)
[c=13235000000]
[c=13236000000]
cosim: 6723000000 retirements ok (pc=00000000001529ee)
[c=13237000000]
cosim: 6724000000 retirements ok (pc=0000000000152d3c)
[c=13238000000]
[c=13239000000]
cosim: 6725000000 retirements ok (pc=000000000015286a)
[c=13240000000]
cosim: 6726000000 retirements ok (pc=000000000015297e)
[c=13241000000]
cosim: 6727000000 retirements ok (pc=0000000000152c62)
[c=13242000000]
[c=13243000000]
cosim: 6728000000 retirements ok (pc=00000000001524e0)
[c=13244000000]
cosim: 6729000000 retirements ok (pc=0000000000151dce)
[c=13245000000]
[c=13246000000]
cosim: 6730000000 retirements ok (pc=00000000001520ba)
[c=13247000000]
cosim: 6731000000 retirements ok (pc=ffffffff800597d4)
[c=13248000000]
cosim: 6732000000 retirements ok (pc=0000000000151f62)
[c=13249000000]
[c=13250000000]
cosim: 6733000000 retirements ok (pc=00000000001526b4)
[c=13251000000]
cosim: 6734000000 retirements ok (pc=0000000000152cd2)
[c=13252000000]
[c=13253000000]
cosim: 6735000000 retirements ok (pc=0000000000152550)
[c=13254000000]
cosim: 6736000000 retirements ok (pc=ffffffff800a3862)
[c=13255000000]
cosim: 6737000000 retirements ok (pc=0000000000152d2a)
[c=13256000000]
[c=13257000000]
cosim: 6738000000 retirements ok (pc=ffffffff808ee140)
[c=13258000000]
cosim: 6739000000 retirements ok (pc=0000000000152362)
[c=13259000000]
cosim: 6740000000 retirements ok (pc=0000000000151df6)
[c=13260000000]
[c=13261000000]
cosim: 6741000000 retirements ok (pc=0000000000152d4e)
[c=13262000000]
cosim: 6742000000 retirements ok (pc=000000000015224a)
[c=13263000000]
cosim: 6743000000 retirements ok (pc=ffffffff800a3832)
[c=13264000000]
[c=13265000000]
cosim: 6744000000 retirements ok (pc=00000000001520bc)
[c=13266000000]
cosim: 6745000000 retirements ok (pc=ffffffff808d46ea)
[c=13267000000]
[c=13268000000]
cosim: 6746000000 retirements ok (pc=0000000000152cb0)
[c=13269000000]
cosim: 6747000000 retirements ok (pc=000000000015235a)
[c=13270000000]
cosim: 6748000000 retirements ok (pc=0000000000151da8)
[c=13271000000]
[c=13272000000]
cosim: 6749000000 retirements ok (pc=00000000001527fc)
[c=13273000000]
cosim: 6750000000 retirements ok (pc=0000000000152ade)
[c=13274000000]
cosim: 6751000000 retirements ok (pc=0000000000152af6)
[c=13275000000]
[c=13276000000]
cosim: 6752000000 retirements ok (pc=000000000015255c)
[c=13277000000]
cosim: 6753000000 retirements ok (pc=000000000015255a)
[c=13278000000]
[c=13279000000]
cosim: 6754000000 retirements ok (pc=0000000000152464)
[c=13280000000]
cosim: 6755000000 retirements ok (pc=0000000000152872)
[c=13281000000]
cosim: 6756000000 retirements ok (pc=00000000001522a8)
[c=13282000000]
[c=13283000000]
cosim: 6757000000 retirements ok (pc=0000000000152260)
[c=13284000000]
cosim: 6758000000 retirements ok (pc=00000000001526ae)
[c=13285000000]
cosim: 6759000000 retirements ok (pc=0000000000152a74)
[c=13286000000]
[c=13287000000]
cosim: 6760000000 retirements ok (pc=0000000000152bc6)
[c=13288000000]
cosim: 6761000000 retirements ok (pc=0000000000152610)
[c=13289000000]
cosim: 6762000000 retirements ok (pc=0000000000152114)
[c=13290000000]
[c=13291000000]
cosim: 6763000000 retirements ok (pc=00000000001521ba)
[c=13292000000]
cosim: 6764000000 retirements ok (pc=0000000000152b76)
[c=13293000000]
[c=13294000000]
cosim: 6765000000 retirements ok (pc=00000000001525f0)
[c=13295000000]
cosim: 6766000000 retirements ok (pc=000000000015207a)
[c=13296000000]
cosim: 6767000000 retirements ok (pc=00000000001520ce)
[c=13297000000]
[c=13298000000]
cosim: 6768000000 retirements ok (pc=000000000015201a)
[c=13299000000]
cosim: 6769000000 retirements ok (pc=00000000001527ee)
[c=13300000000]
cosim: 6770000000 retirements ok (pc=0000000000151d3e)
[c=13301000000]
[c=13302000000]
cosim: 6771000000 retirements ok (pc=0000000000152ade)
[c=13303000000]
cosim: 6772000000 retirements ok (pc=0000000000151fc6)
[c=13304000000]
[c=13305000000]
cosim: 6773000000 retirements ok (pc=0000000000152b84)
[c=13306000000]
cosim: 6774000000 retirements ok (pc=000000000015242e)
[c=13307000000]
cosim: 6775000000 retirements ok (pc=0000000000152cf8)
[c=13308000000]
[c=13309000000]
cosim: 6776000000 retirements ok (pc=00000000001527da)
[c=13310000000]
cosim: 6777000000 retirements ok (pc=0000000000152156)
[c=13311000000]
cosim: 6778000000 retirements ok (pc=0000000000152632)
[c=13312000000]
[c=13313000000]
cosim: 6779000000 retirements ok (pc=000000000015291e)
[c=13314000000]
cosim: 6780000000 retirements ok (pc=00000000001527c8)
[c=13315000000]
cosim: 6781000000 retirements ok (pc=ffffffff800597e0)
[c=13316000000]
[c=13317000000]
cosim: 6782000000 retirements ok (pc=0000000000152400)
[c=13318000000]
cosim: 6783000000 retirements ok (pc=0000000000152314)
[c=13319000000]
[c=13320000000]
cosim: 6784000000 retirements ok (pc=000000000015257c)
[c=13321000000]
cosim: 6785000000 retirements ok (pc=0000000000152354)
[c=13322000000]
cosim: 6786000000 retirements ok (pc=000000000015223c)
[c=13323000000]
[c=13324000000]
cosim: 6787000000 retirements ok (pc=00000000001522fa)
[c=13325000000]
cosim: 6788000000 retirements ok (pc=0000000000152116)
[c=13326000000]
cosim: 6789000000 retirements ok (pc=0000000000152d38)
[c=13327000000]
[c=13328000000]
cosim: 6790000000 retirements ok (pc=00000000001523ba)
[c=13329000000]
cosim: 6791000000 retirements ok (pc=0000000000152794)
[c=13330000000]
[c=13331000000]
cosim: 6792000000 retirements ok (pc=00000000001528d4)
[c=13332000000]
cosim: 6793000000 retirements ok (pc=0000000000152d06)
[c=13333000000]
cosim: 6794000000 retirements ok (pc=ffffffff800a104a)
[c=13334000000]
[c=13335000000]
cosim: 6795000000 retirements ok (pc=0000000000152446)
[c=13336000000]
cosim: 6796000000 retirements ok (pc=0000000000152c26)
[c=13337000000]
cosim: 6797000000 retirements ok (pc=000000000015278a)
[c=13338000000]
[c=13339000000]
cosim: 6798000000 retirements ok (pc=0000000000152472)
[c=13340000000]
cosim: 6799000000 retirements ok (pc=00000000001521ac)
[c=13341000000]
cosim: 6800000000 retirements ok (pc=00000000001520bc)
[c=13342000000]
[c=13343000000]
cosim: 6801000000 retirements ok (pc=0000000000152928)
[c=13344000000]
cosim: 6802000000 retirements ok (pc=0000000000152c6a)
[c=13345000000]
[c=13346000000]
cosim: 6803000000 retirements ok (pc=0000000000152d66)
[c=13347000000]
cosim: 6804000000 retirements ok (pc=0000000000152402)
[c=13348000000]
cosim: 6805000000 retirements ok (pc=0000000000152182)
[c=13349000000]
[c=13350000000]
cosim: 6806000000 retirements ok (pc=0000000000152a90)
[c=13351000000]
cosim: 6807000000 retirements ok (pc=0000000000152c74)
[c=13352000000]
[c=13353000000]
cosim: 6808000000 retirements ok (pc=000000000015246e)
[c=13354000000]
cosim: 6809000000 retirements ok (pc=0000000000152df6)
[c=13355000000]
cosim: 6810000000 retirements ok (pc=0000000000152b74)
[c=13356000000]
[c=13357000000]
cosim: 6811000000 retirements ok (pc=0000000000151f44)
[c=13358000000]
cosim: 6812000000 retirements ok (pc=000000000015293a)
[c=13359000000]
cosim: 6813000000 retirements ok (pc=00000000001527e4)
[c=13360000000]
[c=13361000000]
cosim: 6814000000 retirements ok (pc=0000000000151e6c)
[c=13362000000]
cosim: 6815000000 retirements ok (pc=0000000000152286)
[c=13363000000]
[c=13364000000]
cosim: 6816000000 retirements ok (pc=000000000015213a)
[c=13365000000]
cosim: 6817000000 retirements ok (pc=0000000000152958)
[c=13366000000]
cosim: 6818000000 retirements ok (pc=0000000000152790)
[c=13367000000]
cosim: 6819000000 retirements ok (pc=0000000000152094)
[c=13368000000]
[c=13369000000]
cosim: 6820000000 retirements ok (pc=0000000000152a88)
[c=13370000000]
cosim: 6821000000 retirements ok (pc=0000000000152406)
[c=13371000000]
[c=13372000000]
cosim: 6822000000 retirements ok (pc=0000000000152712)
[c=13373000000]
cosim: 6823000000 retirements ok (pc=0000000000152db6)
[c=13374000000]
cosim: 6824000000 retirements ok (pc=00000000001524d2)
[c=13375000000]
[c=13376000000]
cosim: 6825000000 retirements ok (pc=0000000000152526)
[c=13377000000]
cosim: 6826000000 retirements ok (pc=00000000001521bc)
[c=13378000000]
[c=13379000000]
cosim: 6827000000 retirements ok (pc=0000000000152614)
[c=13380000000]
cosim: 6828000000 retirements ok (pc=0000000000151fc0)
[c=13381000000]
cosim: 6829000000 retirements ok (pc=00000000001521be)
[c=13382000000]
[c=13383000000]
cosim: 6830000000 retirements ok (pc=0000000000152dc2)
[c=13384000000]
cosim: 6831000000 retirements ok (pc=00000000001527aa)
[c=13385000000]
[c=13386000000]
cosim: 6832000000 retirements ok (pc=0000000000152bcc)
[c=13387000000]
cosim: 6833000000 retirements ok (pc=0000000000152b10)
[c=13388000000]
cosim: 6834000000 retirements ok (pc=0000000000152b56)
[c=13389000000]
[c=13390000000]
cosim: 6835000000 retirements ok (pc=00000000001523f2)
[c=13391000000]
cosim: 6836000000 retirements ok (pc=000000000015228a)
[c=13392000000]
[c=13393000000]
cosim: 6837000000 retirements ok (pc=0000000000152d82)
[c=13394000000]
cosim: 6838000000 retirements ok (pc=0000000000151db8)
[c=13395000000]
[c=13396000000]
cosim: 6839000000 retirements ok (pc=0000000000151ed4)
[c=13397000000]
cosim: 6840000000 retirements ok (pc=000000000015228c)
[c=13398000000]
cosim: 6841000000 retirements ok (pc=0000000000152920)
[c=13399000000]
[c=13400000000]
cosim: 6842000000 retirements ok (pc=00000000001522a0)
[c=13401000000]
cosim: 6843000000 retirements ok (pc=00000000001520c4)
[c=13402000000]
cosim: 6844000000 retirements ok (pc=000000000015204a)
[c=13403000000]
[c=13404000000]
cosim: 6845000000 retirements ok (pc=0000000000152390)
[c=13405000000]
cosim: 6846000000 retirements ok (pc=000000000015242c)
[c=13406000000]
cosim: 6847000000 retirements ok (pc=0000000000152724)
[c=13407000000]
[c=13408000000]
cosim: 6848000000 retirements ok (pc=00000000001520bc)
[c=13409000000]
cosim: 6849000000 retirements ok (pc=0000000000152b30)
[c=13410000000]
cosim: 6850000000 retirements ok (pc=0000000000151e46)
[c=13411000000]
[c=13412000000]
cosim: 6851000000 retirements ok (pc=0000000000152132)
[c=13413000000]
cosim: 6852000000 retirements ok (pc=0000000000151f92)
[c=13414000000]
[c=13415000000]
cosim: 6853000000 retirements ok (pc=00000000001529b8)
[c=13416000000]
cosim: 6854000000 retirements ok (pc=000000000015235c)
[c=13417000000]
cosim: 6855000000 retirements ok (pc=ffffffff8005744c)
[c=13418000000]
[c=13419000000]
cosim: 6856000000 retirements ok (pc=0000000000151f72)
[c=13420000000]
cosim: 6857000000 retirements ok (pc=0000000000152284)
[c=13421000000]
[c=13422000000]
cosim: 6858000000 retirements ok (pc=0000000000152662)
[c=13423000000]
cosim: 6859000000 retirements ok (pc=0000000000151f3a)
[c=13424000000]
cosim: 6860000000 retirements ok (pc=00000000001522dc)
[c=13425000000]
[c=13426000000]
cosim: 6861000000 retirements ok (pc=0000000000151f3a)
[c=13427000000]
cosim: 6862000000 retirements ok (pc=0000000000151fda)
[c=13428000000]
cosim: 6863000000 retirements ok (pc=0000000000152930)
[c=13429000000]
[c=13430000000]
cosim: 6864000000 retirements ok (pc=000000000015225c)
[c=13431000000]
cosim: 6865000000 retirements ok (pc=0000000000152b60)
[c=13432000000]
cosim: 6866000000 retirements ok (pc=0000000000151da6)
[c=13433000000]
[c=13434000000]
cosim: 6867000000 retirements ok (pc=0000000000152682)
[c=13435000000]
cosim: 6868000000 retirements ok (pc=0000000000152d4a)
[c=13436000000]
[c=13437000000]
cosim: 6869000000 retirements ok (pc=0000003f9f12bb64)
[c=13438000000]
cosim: 6870000000 retirements ok (pc=0000000000151e58)
[c=13439000000]
cosim: 6871000000 retirements ok (pc=0000000000152620)
[c=13440000000]
[c=13441000000]
cosim: 6872000000 retirements ok (pc=00000000001529e2)
[c=13442000000]
cosim: 6873000000 retirements ok (pc=0000000000152390)
[c=13443000000]
cosim: 6874000000 retirements ok (pc=000000000015260e)
[c=13444000000]
[c=13445000000]
cosim: 6875000000 retirements ok (pc=00000000001529d6)
[c=13446000000]
cosim: 6876000000 retirements ok (pc=0000000000152876)
[c=13447000000]
[c=13448000000]
cosim: 6877000000 retirements ok (pc=0000000000152d52)
[c=13449000000]
cosim: 6878000000 retirements ok (pc=0000000000152b64)
[c=13450000000]
cosim: 6879000000 retirements ok (pc=0000000000151ed6)
[c=13451000000]
[c=13452000000]
cosim: 6880000000 retirements ok (pc=0000000000151fba)
[c=13453000000]
cosim: 6881000000 retirements ok (pc=0000000000151eb8)
[c=13454000000]
cosim: 6882000000 retirements ok (pc=000000000015297c)
[c=13455000000]
[c=13456000000]
cosim: 6883000000 retirements ok (pc=0000000000151d48)
[c=13457000000]
cosim: 6884000000 retirements ok (pc=000000000015242a)
[c=13458000000]
cosim: 6885000000 retirements ok (pc=00000000001522f2)
[c=13459000000]
[c=13460000000]
cosim: 6886000000 retirements ok (pc=0000000000152d74)
[c=13461000000]
cosim: 6887000000 retirements ok (pc=00000000001522c0)
[c=13462000000]
[c=13463000000]
cosim: 6888000000 retirements ok (pc=0000000000152a74)
[c=13464000000]
cosim: 6889000000 retirements ok (pc=0000000000152b50)
[c=13465000000]
cosim: 6890000000 retirements ok (pc=0000000000152916)
[c=13466000000]
[c=13467000000]
cosim: 6891000000 retirements ok (pc=00000000001522dc)
[c=13468000000]
cosim: 6892000000 retirements ok (pc=0000000000152a58)
[c=13469000000]
cosim: 6893000000 retirements ok (pc=0000000000152794)
[c=13470000000]
[c=13471000000]
cosim: 6894000000 retirements ok (pc=00000000001528ca)
[c=13472000000]
cosim: 6895000000 retirements ok (pc=ffffffff80059974)
[c=13473000000]
[c=13474000000]
cosim: 6896000000 retirements ok (pc=0000000000152444)
[c=13475000000]
cosim: 6897000000 retirements ok (pc=0000000000152b68)
[c=13476000000]
cosim: 6898000000 retirements ok (pc=00000000001528c0)
[c=13477000000]
[c=13478000000]
cosim: 6899000000 retirements ok (pc=0000000000151fd0)
[c=13479000000]
cosim: 6900000000 retirements ok (pc=0000000000152ce4)
[c=13480000000]
cosim: 6901000000 retirements ok (pc=ffffffff800597ee)
[c=13481000000]
[c=13482000000]
cosim: 6902000000 retirements ok (pc=0000000000151d48)
[c=13483000000]
cosim: 6903000000 retirements ok (pc=ffffffff800a3850)
[c=13484000000]
cosim: 6904000000 retirements ok (pc=0000000000152282)
[c=13485000000]
[c=13486000000]
cosim: 6905000000 retirements ok (pc=0000000000151f24)
[c=13487000000]
cosim: 6906000000 retirements ok (pc=000000000015259c)
[c=13488000000]
[c=13489000000]
cosim: 6907000000 retirements ok (pc=00000000001526d4)
[c=13490000000]
cosim: 6908000000 retirements ok (pc=0000000000152464)
[c=13491000000]
cosim: 6909000000 retirements ok (pc=0000000000152b50)
[c=13492000000]
[c=13493000000]
cosim: 6910000000 retirements ok (pc=00000000001528f0)
[c=13494000000]
cosim: 6911000000 retirements ok (pc=0000000000152730)
[c=13495000000]
cosim: 6912000000 retirements ok (pc=00000000001527cc)
[c=13496000000]
[c=13497000000]
cosim: 6913000000 retirements ok (pc=0000000000151eda)
[c=13498000000]
cosim: 6914000000 retirements ok (pc=00000000001526b2)
[c=13499000000]
[c=13500000000]
cosim: 6915000000 retirements ok (pc=00000000001528e2)
[c=13501000000]
cosim: 6916000000 retirements ok (pc=00000000001527d4)
[c=13502000000]
cosim: 6917000000 retirements ok (pc=0000000000152098)
[c=13503000000]
[c=13504000000]
cosim: 6918000000 retirements ok (pc=000000000015201e)
[c=13505000000]
[c=13506000000]
[c=13507000000]
cosim: 6919000000 retirements ok (pc=ffffffff800a23a2)
[c=13508000000]
[c=13509000000]
cosim: 6920000000 retirements ok (pc=000000000015270e)
[c=13510000000]
[c=13511000000]
cosim: 6921000000 retirements ok (pc=0000000000151fc8)
[c=13512000000]
cosim: 6922000000 retirements ok (pc=00000000001527c0)
[c=13513000000]
cosim: 6923000000 retirements ok (pc=000000000015273a)
[c=13514000000]
[c=13515000000]
cosim: 6924000000 retirements ok (pc=000000000015224c)
[c=13516000000]
cosim: 6925000000 retirements ok (pc=0000000000152920)
[c=13517000000]
[c=13518000000]
cosim: 6926000000 retirements ok (pc=00000000001529fc)
[c=13519000000]
cosim: 6927000000 retirements ok (pc=0000000000152650)
[c=13520000000]
cosim: 6928000000 retirements ok (pc=0000000000152542)
[c=13521000000]
[c=13522000000]
cosim: 6929000000 retirements ok (pc=0000000000151e7a)
[c=13523000000]
cosim: 6930000000 retirements ok (pc=0000000000152d00)
[c=13524000000]
cosim: 6931000000 retirements ok (pc=0000000000151ede)
[c=13525000000]
[c=13526000000]
cosim: 6932000000 retirements ok (pc=000000000015262c)
[c=13527000000]
cosim: 6933000000 retirements ok (pc=0000000000152b16)
[c=13528000000]
[c=13529000000]
cosim: 6934000000 retirements ok (pc=0000000000152070)
[c=13530000000]
cosim: 6935000000 retirements ok (pc=000000000015298a)
[c=13531000000]
cosim: 6936000000 retirements ok (pc=000000000015293a)
[c=13532000000]
[c=13533000000]
cosim: 6937000000 retirements ok (pc=00000000001522ce)
[c=13534000000]
cosim: 6938000000 retirements ok (pc=00000000001526d6)
[c=13535000000]
[c=13536000000]
cosim: 6939000000 retirements ok (pc=0000000000152090)
[c=13537000000]
cosim: 6940000000 retirements ok (pc=0000000000152c38)
[c=13538000000]
cosim: 6941000000 retirements ok (pc=0000000000152116)
[c=13539000000]
[c=13540000000]
cosim: 6942000000 retirements ok (pc=0000000000152758)
[c=13541000000]
cosim: 6943000000 retirements ok (pc=0000000000152d6e)
[c=13542000000]
cosim: 6944000000 retirements ok (pc=ffffffff800a3e2c)
[c=13543000000]
[c=13544000000]
cosim: 6945000000 retirements ok (pc=00000000001526f6)
[c=13545000000]
cosim: 6946000000 retirements ok (pc=0000000000152560)
[c=13546000000]
[c=13547000000]
cosim: 6947000000 retirements ok (pc=0000000000152cdc)
[c=13548000000]
cosim: 6948000000 retirements ok (pc=0000000000152bc8)
[c=13549000000]
cosim: 6949000000 retirements ok (pc=0000000000152a3a)
[c=13550000000]
[c=13551000000]
cosim: 6950000000 retirements ok (pc=0000000000152d66)
[c=13552000000]
cosim: 6951000000 retirements ok (pc=0000000000151f12)
[c=13553000000]
cosim: 6952000000 retirements ok (pc=000000000015270e)
[c=13554000000]
[c=13555000000]
cosim: 6953000000 retirements ok (pc=0000000000152572)
[c=13556000000]
cosim: 6954000000 retirements ok (pc=00000000001523f6)
[c=13557000000]
cosim: 6955000000 retirements ok (pc=0000000000152d70)
[c=13558000000]
[c=13559000000]
cosim: 6956000000 retirements ok (pc=0000000000151ef8)
[c=13560000000]
cosim: 6957000000 retirements ok (pc=00000000001520c4)
[c=13561000000]
[c=13562000000]
cosim: 6958000000 retirements ok (pc=0000000000152364)
[c=13563000000]
cosim: 6959000000 retirements ok (pc=0000000000152250)
[c=13564000000]
cosim: 6960000000 retirements ok (pc=0000000000151f16)
[c=13565000000]
[c=13566000000]
cosim: 6961000000 retirements ok (pc=0000000000152dd6)
[c=13567000000]
cosim: 6962000000 retirements ok (pc=0000000000151e88)
[c=13568000000]
[c=13569000000]
cosim: 6963000000 retirements ok (pc=0000000000152728)
[c=13570000000]
cosim: 6964000000 retirements ok (pc=00000000001527e4)
[c=13571000000]
cosim: 6965000000 retirements ok (pc=0000000000152100)
[c=13572000000]
[c=13573000000]
cosim: 6966000000 retirements ok (pc=0000000000152dda)
[c=13574000000]
cosim: 6967000000 retirements ok (pc=00000000001523a4)
[c=13575000000]
cosim: 6968000000 retirements ok (pc=ffffffff800a3742)
[c=13576000000]
[c=13577000000]
cosim: 6969000000 retirements ok (pc=000000000014c118)
[c=13578000000]
cosim: 6970000000 retirements ok (pc=000000000015285c)
[c=13579000000]
[c=13580000000]
cosim: 6971000000 retirements ok (pc=0000000000152df4)
[c=13581000000]
cosim: 6972000000 retirements ok (pc=0000000000151f30)
[c=13582000000]
cosim: 6973000000 retirements ok (pc=0000000000151e3a)
[c=13583000000]
cosim: 6974000000 retirements ok (pc=000000000015268e)
[c=13584000000]
[c=13585000000]
cosim: 6975000000 retirements ok (pc=0000000000151ff0)
[c=13586000000]
cosim: 6976000000 retirements ok (pc=0000000000152b1a)
[c=13587000000]
[c=13588000000]
cosim: 6977000000 retirements ok (pc=0000000000151f1e)
[c=13589000000]
cosim: 6978000000 retirements ok (pc=000000000015253a)
[c=13590000000]
cosim: 6979000000 retirements ok (pc=0000000000152bf0)
[c=13591000000]
[c=13592000000]
cosim: 6980000000 retirements ok (pc=000000000015298e)
[c=13593000000]
cosim: 6981000000 retirements ok (pc=00000000001520d0)
[c=13594000000]
[c=13595000000]
cosim: 6982000000 retirements ok (pc=0000000000152002)
[c=13596000000]
cosim: 6983000000 retirements ok (pc=0000000000151f74)
[c=13597000000]
cosim: 6984000000 retirements ok (pc=0000000000152730)
[c=13598000000]
[c=13599000000]
cosim: 6985000000 retirements ok (pc=000000000015248e)
[c=13600000000]
cosim: 6986000000 retirements ok (pc=00000000001527f0)
[c=13601000000]
cosim: 6987000000 retirements ok (pc=0000000000151e9a)
[c=13602000000]
[c=13603000000]
cosim: 6988000000 retirements ok (pc=0000000000152c12)
[c=13604000000]
cosim: 6989000000 retirements ok (pc=0000000000151f44)
[c=13605000000]
[c=13606000000]
cosim: 6990000000 retirements ok (pc=0000000000152db4)
[c=13607000000]
cosim: 6991000000 retirements ok (pc=00000000001529f2)
[c=13608000000]
cosim: 6992000000 retirements ok (pc=0000000000151da6)
[c=13609000000]
[c=13610000000]
cosim: 6993000000 retirements ok (pc=0000000000152566)
[c=13611000000]
cosim: 6994000000 retirements ok (pc=0000000000152668)
[c=13612000000]
cosim: 6995000000 retirements ok (pc=0000000000152460)
[c=13613000000]
[c=13614000000]
cosim: 6996000000 retirements ok (pc=000000000015222c)
[c=13615000000]
cosim: 6997000000 retirements ok (pc=0000000000152d36)
[c=13616000000]
cosim: 6998000000 retirements ok (pc=0000000000152aa2)
[c=13617000000]
[c=13618000000]
cosim: 6999000000 retirements ok (pc=0000000000152b64)
[c=13619000000]
cosim: 7000000000 retirements ok (pc=0000000000152210)
[c=13620000000]
[c=13621000000]
cosim: 7001000000 retirements ok (pc=000000000015218c)
[c=13622000000]
cosim: 7002000000 retirements ok (pc=00000000001527ea)
[c=13623000000]
cosim: 7003000000 retirements ok (pc=000000000015276e)
[c=13624000000]
[c=13625000000]
cosim: 7004000000 retirements ok (pc=0000000000152a48)
[c=13626000000]
cosim: 7005000000 retirements ok (pc=000000000015230e)
[c=13627000000]
[c=13628000000]
cosim: 7006000000 retirements ok (pc=0000000000152520)
[c=13629000000]
cosim: 7007000000 retirements ok (pc=00000000001528ce)
[c=13630000000]
cosim: 7008000000 retirements ok (pc=0000000000152a22)
[c=13631000000]
[c=13632000000]
cosim: 7009000000 retirements ok (pc=0000000000152080)
[c=13633000000]
cosim: 7010000000 retirements ok (pc=00000000001523a4)
[c=13634000000]
cosim: 7011000000 retirements ok (pc=ffffffff800597e0)
[c=13635000000]
[c=13636000000]
cosim: 7012000000 retirements ok (pc=00000000001520ba)
[c=13637000000]
cosim: 7013000000 retirements ok (pc=00000000001523ea)
[c=13638000000]
cosim: 7014000000 retirements ok (pc=ffffffff800af182)
[c=13639000000]
[c=13640000000]
cosim: 7015000000 retirements ok (pc=000000000015225c)
[c=13641000000]
cosim: 7016000000 retirements ok (pc=0000000000152962)
[c=13642000000]
cosim: 7017000000 retirements ok (pc=0000000000152306)
[c=13643000000]
[c=13644000000]
cosim: 7018000000 retirements ok (pc=00000000001522a8)
[c=13645000000]
cosim: 7019000000 retirements ok (pc=0000000000152ad0)
[c=13646000000]
[c=13647000000]
cosim: 7020000000 retirements ok (pc=0000000000152378)
[c=13648000000]
cosim: 7021000000 retirements ok (pc=0000000000152dcc)
[c=13649000000]
cosim: 7022000000 retirements ok (pc=00000000001528d2)
[c=13650000000]
[c=13651000000]
cosim: 7023000000 retirements ok (pc=0000000000152896)
[c=13652000000]
cosim: 7024000000 retirements ok (pc=0000000000152d6a)
[c=13653000000]
[c=13654000000]
cosim: 7025000000 retirements ok (pc=0000000000152c6c)
[c=13655000000]
cosim: 7026000000 retirements ok (pc=00000000001529b0)
[c=13656000000]
cosim: 7027000000 retirements ok (pc=0000000000152c88)
[c=13657000000]
[c=13658000000]
cosim: 7028000000 retirements ok (pc=ffffffff800a591a)
[c=13659000000]
cosim: 7029000000 retirements ok (pc=0000000000151da6)
[c=13660000000]
cosim: 7030000000 retirements ok (pc=00000000001525d6)
[c=13661000000]
[c=13662000000]
cosim: 7031000000 retirements ok (pc=00000000001527e2)
[c=13663000000]
cosim: 7032000000 retirements ok (pc=ffffffff8007eee0)
[c=13664000000]
[c=13665000000]
cosim: 7033000000 retirements ok (pc=00000000001521e6)
[c=13666000000]
cosim: 7034000000 retirements ok (pc=0000000000152448)
[c=13667000000]
cosim: 7035000000 retirements ok (pc=0000000000152cb0)
[c=13668000000]
[c=13669000000]
cosim: 7036000000 retirements ok (pc=0000000000151e76)
[c=13670000000]
cosim: 7037000000 retirements ok (pc=000000000015287a)
[c=13671000000]
cosim: 7038000000 retirements ok (pc=000000000015246a)
[c=13672000000]
[c=13673000000]
cosim: 7039000000 retirements ok (pc=0000000000152d62)
[c=13674000000]
cosim: 7040000000 retirements ok (pc=0000000000152970)
[c=13675000000]
cosim: 7041000000 retirements ok (pc=00000000001525ae)
[c=13676000000]
[c=13677000000]
cosim: 7042000000 retirements ok (pc=0000000000151ea0)
[c=13678000000]
cosim: 7043000000 retirements ok (pc=00000000001525dc)
[c=13679000000]
[c=13680000000]
cosim: 7044000000 retirements ok (pc=0000000000151f38)
[c=13681000000]
cosim: 7045000000 retirements ok (pc=00000000001524c0)
[c=13682000000]
cosim: 7046000000 retirements ok (pc=000000000015246e)
[c=13683000000]
[c=13684000000]
cosim: 7047000000 retirements ok (pc=00000000001520c6)
[c=13685000000]
cosim: 7048000000 retirements ok (pc=0000000000152198)
[c=13686000000]
[c=13687000000]
cosim: 7049000000 retirements ok (pc=000000000015298a)
[c=13688000000]
cosim: 7050000000 retirements ok (pc=0000000000151e50)
[c=13689000000]
[c=13690000000]
cosim: 7051000000 retirements ok (pc=0000000000152484)
[c=13691000000]
cosim: 7052000000 retirements ok (pc=00000000001521ac)
[c=13692000000]
cosim: 7053000000 retirements ok (pc=0000000000152dee)
[c=13693000000]
[c=13694000000]
cosim: 7054000000 retirements ok (pc=0000000000152286)
[c=13695000000]
cosim: 7055000000 retirements ok (pc=0000000000151dba)
[c=13696000000]
[c=13697000000]
cosim: 7056000000 retirements ok (pc=0000000000152238)
[c=13698000000]
cosim: 7057000000 retirements ok (pc=0000000000152100)
[c=13699000000]
cosim: 7058000000 retirements ok (pc=0000000000151e9a)
[c=13700000000]
cosim: 7059000000 retirements ok (pc=0000000000152da2)
[c=13701000000]
[c=13702000000]
cosim: 7060000000 retirements ok (pc=0000000000152936)
[c=13703000000]
cosim: 7061000000 retirements ok (pc=ffffffff808d475c)
[c=13704000000]
[c=13705000000]
cosim: 7062000000 retirements ok (pc=0000000000151e6c)
[c=13706000000]
cosim: 7063000000 retirements ok (pc=00000000001529c6)
[c=13707000000]
cosim: 7064000000 retirements ok (pc=0000000000152910)
[c=13708000000]
[c=13709000000]
cosim: 7065000000 retirements ok (pc=0000000000152d32)
[c=13710000000]
cosim: 7066000000 retirements ok (pc=0000000000152c34)
[c=13711000000]
cosim: 7067000000 retirements ok (pc=00000000001523ce)
[c=13712000000]
[c=13713000000]
cosim: 7068000000 retirements ok (pc=00000000001525b6)
[c=13714000000]
cosim: 7069000000 retirements ok (pc=0000000000151f16)
[c=13715000000]
[c=13716000000]
cosim: 7070000000 retirements ok (pc=0000000000151e4a)
[c=13717000000]
cosim: 7071000000 retirements ok (pc=0000000000152aa0)
[c=13718000000]
cosim: 7072000000 retirements ok (pc=ffffffff800a0970)
[c=13719000000]
[c=13720000000]
cosim: 7073000000 retirements ok (pc=0000000000152052)
[c=13721000000]
cosim: 7074000000 retirements ok (pc=000000000015209a)
[c=13722000000]
[c=13723000000]
cosim: 7075000000 retirements ok (pc=0000000000151e9e)
[c=13724000000]
cosim: 7076000000 retirements ok (pc=00000000001523de)
[c=13725000000]
cosim: 7077000000 retirements ok (pc=0000000000152bf0)
[c=13726000000]
[c=13727000000]
cosim: 7078000000 retirements ok (pc=000000000015209e)
[c=13728000000]
cosim: 7079000000 retirements ok (pc=0000000000151da8)
[c=13729000000]
cosim: 7080000000 retirements ok (pc=0000000000152ae6)
[c=13730000000]
[c=13731000000]
cosim: 7081000000 retirements ok (pc=0000000000152d28)
[c=13732000000]
cosim: 7082000000 retirements ok (pc=000000000015248c)
[c=13733000000]
cosim: 7083000000 retirements ok (pc=000000000015238e)
[c=13734000000]
[c=13735000000]
cosim: 7084000000 retirements ok (pc=0000000000151d48)
[c=13736000000]
cosim: 7085000000 retirements ok (pc=0000000000152912)
[c=13737000000]
[c=13738000000]
cosim: 7086000000 retirements ok (pc=0000000000151dda)
[c=13739000000]
cosim: 7087000000 retirements ok (pc=0000000000151f84)
[c=13740000000]
cosim: 7088000000 retirements ok (pc=0000000000152858)
[c=13741000000]
[c=13742000000]
cosim: 7089000000 retirements ok (pc=000000000015200e)
[c=13743000000]
cosim: 7090000000 retirements ok (pc=0000000000151fac)
[c=13744000000]
cosim: 7091000000 retirements ok (pc=0000000000151e84)
[c=13745000000]
[c=13746000000]
cosim: 7092000000 retirements ok (pc=0000000000152026)
[c=13747000000]
cosim: 7093000000 retirements ok (pc=000000000015286e)
[c=13748000000]
[c=13749000000]
cosim: 7094000000 retirements ok (pc=0000000000152056)
[c=13750000000]
cosim: 7095000000 retirements ok (pc=0000000000151ea2)
[c=13751000000]
cosim: 7096000000 retirements ok (pc=000000000015270e)
[c=13752000000]
[c=13753000000]
cosim: 7097000000 retirements ok (pc=000000000015298c)
[c=13754000000]
cosim: 7098000000 retirements ok (pc=00000000001521b6)
[c=13755000000]
cosim: 7099000000 retirements ok (pc=00000000001523b0)
[c=13756000000]
[c=13757000000]
cosim: 7100000000 retirements ok (pc=000000000015209c)
[c=13758000000]
cosim: 7101000000 retirements ok (pc=0000000000152d6a)
[c=13759000000]
cosim: 7102000000 retirements ok (pc=0000000000152488)
[c=13760000000]
[c=13761000000]
cosim: 7103000000 retirements ok (pc=00000000001522ca)
[c=13762000000]
cosim: 7104000000 retirements ok (pc=000000000015257a)
[c=13763000000]
[c=13764000000]
cosim: 7105000000 retirements ok (pc=0000000000152052)
[c=13765000000]
cosim: 7106000000 retirements ok (pc=0000000000152a78)
[c=13766000000]
cosim: 7107000000 retirements ok (pc=000000000015232e)
[c=13767000000]
[c=13768000000]
cosim: 7108000000 retirements ok (pc=000000000015228a)
[c=13769000000]
cosim: 7109000000 retirements ok (pc=0000000000152b8a)
[c=13770000000]
cosim: 7110000000 retirements ok (pc=0000000000152a3e)
[c=13771000000]
[c=13772000000]
cosim: 7111000000 retirements ok (pc=0000000000152c24)
[c=13773000000]
cosim: 7112000000 retirements ok (pc=00000000001520c4)
[c=13774000000]
[c=13775000000]
cosim: 7113000000 retirements ok (pc=0000000000151f38)
[c=13776000000]
cosim: 7114000000 retirements ok (pc=000000000015274c)
[c=13777000000]
cosim: 7115000000 retirements ok (pc=0000000000152bb2)
[c=13778000000]
[c=13779000000]
cosim: 7116000000 retirements ok (pc=0000000000152d3c)
[c=13780000000]
[c=13781000000]
[c=13782000000]
cosim: 7117000000 retirements ok (pc=ffffffff808e2b94)
[c=13783000000]
[c=13784000000]
cosim: 7118000000 retirements ok (pc=000000000015228c)
[c=13785000000]
[c=13786000000]
cosim: 7119000000 retirements ok (pc=0000000000152942)
[c=13787000000]
cosim: 7120000000 retirements ok (pc=0000000000151f56)
[c=13788000000]
cosim: 7121000000 retirements ok (pc=0000000000152680)
[c=13789000000]
[c=13790000000]
cosim: 7122000000 retirements ok (pc=ffffffff80063ee0)
[c=13791000000]
cosim: 7123000000 retirements ok (pc=0000000000152352)
[c=13792000000]
[c=13793000000]
cosim: 7124000000 retirements ok (pc=0000000000152130)
[c=13794000000]
cosim: 7125000000 retirements ok (pc=0000000000152b04)
[c=13795000000]
cosim: 7126000000 retirements ok (pc=0000000000151e5c)
[c=13796000000]
[c=13797000000]
cosim: 7127000000 retirements ok (pc=0000000000151db2)
[c=13798000000]
cosim: 7128000000 retirements ok (pc=00000000001529a0)
[c=13799000000]
cosim: 7129000000 retirements ok (pc=0000000000152c86)
[c=13800000000]
[c=13801000000]
cosim: 7130000000 retirements ok (pc=0000000000152b46)
[c=13802000000]
cosim: 7131000000 retirements ok (pc=0000000000151f0e)
[c=13803000000]
cosim: 7132000000 retirements ok (pc=00000000001529ae)
[c=13804000000]
[c=13805000000]
cosim: 7133000000 retirements ok (pc=00000000001523c2)
[c=13806000000]
cosim: 7134000000 retirements ok (pc=0000000000151ed6)
[c=13807000000]
cosim: 7135000000 retirements ok (pc=0000000000151e5c)
[c=13808000000]
[c=13809000000]
cosim: 7136000000 retirements ok (pc=0000000000152dfc)
[c=13810000000]
cosim: 7137000000 retirements ok (pc=000000000015271c)
[c=13811000000]
[c=13812000000]
cosim: 7138000000 retirements ok (pc=0000000000152c1a)
[c=13813000000]
cosim: 7139000000 retirements ok (pc=00000000001520ca)
[c=13814000000]
cosim: 7140000000 retirements ok (pc=000000000015208e)
[c=13815000000]
[c=13816000000]
cosim: 7141000000 retirements ok (pc=0000000000152946)
[c=13817000000]
cosim: 7142000000 retirements ok (pc=00000000001526f8)
[c=13818000000]
[c=13819000000]
cosim: 7143000000 retirements ok (pc=00000000001529c6)
[c=13820000000]
cosim: 7144000000 retirements ok (pc=ffffffff800a38ce)
[c=13821000000]
cosim: 7145000000 retirements ok (pc=000000000015238c)
[c=13822000000]
[c=13823000000]
cosim: 7146000000 retirements ok (pc=00000000001526f4)
[c=13824000000]
cosim: 7147000000 retirements ok (pc=00000000001521bc)
[c=13825000000]
cosim: 7148000000 retirements ok (pc=0000000000152758)
[c=13826000000]
[c=13827000000]
cosim: 7149000000 retirements ok (pc=0000000000152dde)
[c=13828000000]
cosim: 7150000000 retirements ok (pc=00000000001528aa)
[c=13829000000]
[c=13830000000]
cosim: 7151000000 retirements ok (pc=0000000000152b7a)
[c=13831000000]
cosim: 7152000000 retirements ok (pc=0000000000152b72)
[c=13832000000]
cosim: 7153000000 retirements ok (pc=000000000015286e)
[c=13833000000]
[c=13834000000]
cosim: 7154000000 retirements ok (pc=0000000000152d24)
[c=13835000000]
cosim: 7155000000 retirements ok (pc=0000000000152c20)
[c=13836000000]
[c=13837000000]
cosim: 7156000000 retirements ok (pc=ffffffff80059382)
[c=13838000000]
cosim: 7157000000 retirements ok (pc=000000000015210c)
[c=13839000000]
cosim: 7158000000 retirements ok (pc=0000000000152d0e)
[c=13840000000]
[c=13841000000]
cosim: 7159000000 retirements ok (pc=0000000000152596)
[c=13842000000]
cosim: 7160000000 retirements ok (pc=000000000015255c)
[c=13843000000]
[c=13844000000]
cosim: 7161000000 retirements ok (pc=000000000015291e)
[c=13845000000]
cosim: 7162000000 retirements ok (pc=000000000015205c)
[c=13846000000]
cosim: 7163000000 retirements ok (pc=0000000000152cd2)
[c=13847000000]
[c=13848000000]
cosim: 7164000000 retirements ok (pc=000000000015210a)
[c=13849000000]
cosim: 7165000000 retirements ok (pc=0000000000152076)
[c=13850000000]
cosim: 7166000000 retirements ok (pc=0000000000152030)
[c=13851000000]
[c=13852000000]
cosim: 7167000000 retirements ok (pc=000000000015231c)
[c=13853000000]
cosim: 7168000000 retirements ok (pc=0000000000152912)
[c=13854000000]
[c=13855000000]
cosim: 7169000000 retirements ok (pc=0000000000152aaa)
[c=13856000000]
cosim: 7170000000 retirements ok (pc=000000000015238e)
[c=13857000000]
cosim: 7171000000 retirements ok (pc=0000000000151e2e)
[c=13858000000]
cosim: 7172000000 retirements ok (pc=00000000001520a6)
[c=13859000000]
[c=13860000000]
cosim: 7173000000 retirements ok (pc=0000000000152b76)
[c=13861000000]
cosim: 7174000000 retirements ok (pc=00000000001528ec)
[c=13862000000]
[c=13863000000]
cosim: 7175000000 retirements ok (pc=000000000015230e)
[c=13864000000]
cosim: 7176000000 retirements ok (pc=0000000000151da6)
[c=13865000000]
cosim: 7177000000 retirements ok (pc=ffffffff800a374c)
[c=13866000000]
[c=13867000000]
cosim: 7178000000 retirements ok (pc=0000000000151dc2)
[c=13868000000]
cosim: 7179000000 retirements ok (pc=0000000000152764)
[c=13869000000]
[c=13870000000]
cosim: 7180000000 retirements ok (pc=00000000001520d4)
[c=13871000000]
cosim: 7181000000 retirements ok (pc=0000000000151f82)
[c=13872000000]
cosim: 7182000000 retirements ok (pc=000000000015287a)
[c=13873000000]
[c=13874000000]
cosim: 7183000000 retirements ok (pc=00000000001523d0)
[c=13875000000]
cosim: 7184000000 retirements ok (pc=ffffffff800a3748)
[c=13876000000]
cosim: 7185000000 retirements ok (pc=00000000001520ae)
[c=13877000000]
[c=13878000000]
cosim: 7186000000 retirements ok (pc=0000000000152454)
[c=13879000000]
cosim: 7187000000 retirements ok (pc=000000000015282c)
[c=13880000000]
[c=13881000000]
cosim: 7188000000 retirements ok (pc=0000000000151f44)
[c=13882000000]
cosim: 7189000000 retirements ok (pc=00000000001522e2)
[c=13883000000]
cosim: 7190000000 retirements ok (pc=0000000000152cc0)
[c=13884000000]
[c=13885000000]
cosim: 7191000000 retirements ok (pc=0000000000152072)
[c=13886000000]
cosim: 7192000000 retirements ok (pc=0000000000152b14)
[c=13887000000]
cosim: 7193000000 retirements ok (pc=0000000000152580)
[c=13888000000]
[c=13889000000]
cosim: 7194000000 retirements ok (pc=0000000000151ebc)
[c=13890000000]
cosim: 7195000000 retirements ok (pc=0000000000152980)
[c=13891000000]
cosim: 7196000000 retirements ok (pc=00000000001523a8)
[c=13892000000]
[c=13893000000]
cosim: 7197000000 retirements ok (pc=ffffffff8004f59a)
[c=13894000000]
cosim: 7198000000 retirements ok (pc=000000000015232a)
[c=13895000000]
[c=13896000000]
cosim: 7199000000 retirements ok (pc=0000000000152778)
[c=13897000000]
cosim: 7200000000 retirements ok (pc=00000000001522b0)
[c=13898000000]
cosim: 7201000000 retirements ok (pc=0000000000152ab6)
[c=13899000000]
[c=13900000000]
cosim: 7202000000 retirements ok (pc=0000000000151f72)
[c=13901000000]
cosim: 7203000000 retirements ok (pc=0000000000152ad6)
[c=13902000000]
[c=13903000000]
cosim: 7204000000 retirements ok (pc=0000000000152d06)
[c=13904000000]
cosim: 7205000000 retirements ok (pc=0000000000152244)
[c=13905000000]
cosim: 7206000000 retirements ok (pc=00000000001521a4)
[c=13906000000]
[c=13907000000]
cosim: 7207000000 retirements ok (pc=0000000000152794)
[c=13908000000]
cosim: 7208000000 retirements ok (pc=0000000000151f90)
[c=13909000000]
cosim: 7209000000 retirements ok (pc=0000000000152380)
[c=13910000000]
[c=13911000000]
cosim: 7210000000 retirements ok (pc=00000000001526b4)
[c=13912000000]
cosim: 7211000000 retirements ok (pc=0000000000152b0a)
[c=13913000000]
cosim: 7212000000 retirements ok (pc=0000000000151f0e)
[c=13914000000]
[c=13915000000]
cosim: 7213000000 retirements ok (pc=00000000001521bc)
[c=13916000000]
cosim: 7214000000 retirements ok (pc=0000000000152580)
[c=13917000000]
cosim: 7215000000 retirements ok (pc=0000000000152072)
[c=13918000000]
[c=13919000000]
cosim: 7216000000 retirements ok (pc=00000000001529d6)
[c=13920000000]
cosim: 7217000000 retirements ok (pc=0000000000152d70)
[c=13921000000]
[c=13922000000]
cosim: 7218000000 retirements ok (pc=000000000015218e)
[c=13923000000]
cosim: 7219000000 retirements ok (pc=0000000000152aa2)
[c=13924000000]
cosim: 7220000000 retirements ok (pc=0000000000152368)
[c=13925000000]
[c=13926000000]
cosim: 7221000000 retirements ok (pc=0000000000152668)
[c=13927000000]
cosim: 7222000000 retirements ok (pc=0000000000151e54)
[c=13928000000]
[c=13929000000]
cosim: 7223000000 retirements ok (pc=0000000000152658)
[c=13930000000]
cosim: 7224000000 retirements ok (pc=0000000000152204)
[c=13931000000]
cosim: 7225000000 retirements ok (pc=00000000001520c6)
[c=13932000000]
[c=13933000000]
cosim: 7226000000 retirements ok (pc=0000000000152916)
[c=13934000000]
cosim: 7227000000 retirements ok (pc=00000000001529ea)
[c=13935000000]
cosim: 7228000000 retirements ok (pc=0000000000152208)
[c=13936000000]
[c=13937000000]
cosim: 7229000000 retirements ok (pc=ffffffff80057492)
[c=13938000000]
cosim: 7230000000 retirements ok (pc=0000000000152800)
[c=13939000000]
cosim: 7231000000 retirements ok (pc=ffffffff800a1920)
[c=13940000000]
[c=13941000000]
cosim: 7232000000 retirements ok (pc=0000000000151e96)
[c=13942000000]
cosim: 7233000000 retirements ok (pc=0000000000151e92)
[c=13943000000]
[c=13944000000]
cosim: 7234000000 retirements ok (pc=00000000001520ac)
[c=13945000000]
cosim: 7235000000 retirements ok (pc=00000000001528ec)
[c=13946000000]
cosim: 7236000000 retirements ok (pc=0000000000152048)
[c=13947000000]
[c=13948000000]
cosim: 7237000000 retirements ok (pc=0000000000151fd2)
[c=13949000000]
cosim: 7238000000 retirements ok (pc=0000000000151e5e)
[c=13950000000]
cosim: 7239000000 retirements ok (pc=0000000000152bd0)
[c=13951000000]
[c=13952000000]
cosim: 7240000000 retirements ok (pc=00000000001528c6)
[c=13953000000]
cosim: 7241000000 retirements ok (pc=00000000001525a2)
[c=13954000000]
[c=13955000000]
cosim: 7242000000 retirements ok (pc=00000000001524ac)
[c=13956000000]
cosim: 7243000000 retirements ok (pc=000000000015253c)
[c=13957000000]
cosim: 7244000000 retirements ok (pc=0000000000151e92)
[c=13958000000]
[c=13959000000]
cosim: 7245000000 retirements ok (pc=0000000000152cea)
[c=13960000000]
cosim: 7246000000 retirements ok (pc=0000000000152ae2)
[c=13961000000]
cosim: 7247000000 retirements ok (pc=00000000001523be)
[c=13962000000]
[c=13963000000]
cosim: 7248000000 retirements ok (pc=0000000000152294)
[c=13964000000]
cosim: 7249000000 retirements ok (pc=0000000000152962)
[c=13965000000]
cosim: 7250000000 retirements ok (pc=000000000015273a)
[c=13966000000]
[c=13967000000]
cosim: 7251000000 retirements ok (pc=0000000000151e78)
[c=13968000000]
cosim: 7252000000 retirements ok (pc=0000000000151e06)
[c=13969000000]
[c=13970000000]
cosim: 7253000000 retirements ok (pc=000000000015289a)
[c=13971000000]
cosim: 7254000000 retirements ok (pc=000000000015230e)
[c=13972000000]
[c=13973000000]
cosim: 7255000000 retirements ok (pc=0000000000151e6a)
[c=13974000000]
cosim: 7256000000 retirements ok (pc=00000000001521a4)
[c=13975000000]
cosim: 7257000000 retirements ok (pc=ffffffff800a5922)
[c=13976000000]
[c=13977000000]
cosim: 7258000000 retirements ok (pc=0000000000152cac)
[c=13978000000]
cosim: 7259000000 retirements ok (pc=0000000000151f6e)
[c=13979000000]
[c=13980000000]
cosim: 7260000000 retirements ok (pc=0000000000151e20)
[c=13981000000]
cosim: 7261000000 retirements ok (pc=00000000001525b6)
[c=13982000000]
cosim: 7262000000 retirements ok (pc=0000000000152bac)
[c=13983000000]
[c=13984000000]
cosim: 7263000000 retirements ok (pc=0000000000152afa)
[c=13985000000]
cosim: 7264000000 retirements ok (pc=0000000000152aae)
[c=13986000000]
cosim: 7265000000 retirements ok (pc=000000000015221a)
[c=13987000000]
[c=13988000000]
cosim: 7266000000 retirements ok (pc=0000000000152248)
[c=13989000000]
cosim: 7267000000 retirements ok (pc=000000000015256e)
[c=13990000000]
[c=13991000000]
cosim: 7268000000 retirements ok (pc=0000000000151e74)
[c=13992000000]
cosim: 7269000000 retirements ok (pc=00000000001520ce)
[c=13993000000]
cosim: 7270000000 retirements ok (pc=0000000000151f3a)
[c=13994000000]
[c=13995000000]
cosim: 7271000000 retirements ok (pc=0000000000152a90)
[c=13996000000]
cosim: 7272000000 retirements ok (pc=ffffffff800b0626)
[c=13997000000]
cosim: 7273000000 retirements ok (pc=00000000001528be)
[c=13998000000]
[c=13999000000]
cosim: 7274000000 retirements ok (pc=0000000000152c02)
[c=14000000000]
cosim: 7275000000 retirements ok (pc=0000000000152dc4)
[c=14001000000]
cosim: 7276000000 retirements ok (pc=00000000001526d4)
[c=14002000000]
[c=14003000000]
cosim: 7277000000 retirements ok (pc=0000000000152a98)
[c=14004000000]
cosim: 7278000000 retirements ok (pc=0000000000152c82)
[c=14005000000]
[c=14006000000]
cosim: 7279000000 retirements ok (pc=000000000015210c)
[c=14007000000]
cosim: 7280000000 retirements ok (pc=0000000000152d24)
[c=14008000000]
cosim: 7281000000 retirements ok (pc=000000000015210a)
[c=14009000000]
[c=14010000000]
cosim: 7282000000 retirements ok (pc=0000000000152bdc)
[c=14011000000]
cosim: 7283000000 retirements ok (pc=00000000001525fe)
[c=14012000000]
cosim: 7284000000 retirements ok (pc=0000000000152034)
[c=14013000000]
[c=14014000000]
cosim: 7285000000 retirements ok (pc=00000000001524b0)
[c=14015000000]
cosim: 7286000000 retirements ok (pc=ffffffff800a5922)
[c=14016000000]
[c=14017000000]
cosim: 7287000000 retirements ok (pc=ffffffff808e4278)
[c=14018000000]
cosim: 7288000000 retirements ok (pc=0000000000152df6)
[c=14019000000]
cosim: 7289000000 retirements ok (pc=000000000015207e)
[c=14020000000]
[c=14021000000]
cosim: 7290000000 retirements ok (pc=0000000000152480)
[c=14022000000]
cosim: 7291000000 retirements ok (pc=0000000000152dd0)
[c=14023000000]
cosim: 7292000000 retirements ok (pc=0000000000152cda)
[c=14024000000]
[c=14025000000]
cosim: 7293000000 retirements ok (pc=00000000001527d0)
[c=14026000000]
cosim: 7294000000 retirements ok (pc=0000000000152bc8)
[c=14027000000]
cosim: 7295000000 retirements ok (pc=00000000001525e0)
[c=14028000000]
[c=14029000000]
cosim: 7296000000 retirements ok (pc=0000000000152cac)
[c=14030000000]
cosim: 7297000000 retirements ok (pc=00000000001529ce)
[c=14031000000]
[c=14032000000]
cosim: 7298000000 retirements ok (pc=0000000000152410)
[c=14033000000]
cosim: 7299000000 retirements ok (pc=0000000000152876)
[c=14034000000]
cosim: 7300000000 retirements ok (pc=00000000001521e6)
[c=14035000000]
[c=14036000000]
cosim: 7301000000 retirements ok (pc=0000000000152dd0)
[c=14037000000]
cosim: 7302000000 retirements ok (pc=0000000000152b32)
[c=14038000000]
[c=14039000000]
cosim: 7303000000 retirements ok (pc=000000000015242a)
[c=14040000000]
cosim: 7304000000 retirements ok (pc=0000000000152b84)
[c=14041000000]
cosim: 7305000000 retirements ok (pc=0000000000152896)
[c=14042000000]
[c=14043000000]
cosim: 7306000000 retirements ok (pc=000000000015230e)
[c=14044000000]
cosim: 7307000000 retirements ok (pc=00000000001525ca)
[c=14045000000]
cosim: 7308000000 retirements ok (pc=00000000001520ea)
[c=14046000000]
[c=14047000000]
cosim: 7309000000 retirements ok (pc=00000000001528ae)
[c=14048000000]
cosim: 7310000000 retirements ok (pc=0000000000152286)
[c=14049000000]
[c=14050000000]
cosim: 7311000000 retirements ok (pc=0000000000152ca2)
[c=14051000000]
cosim: 7312000000 retirements ok (pc=00000000001521ae)
[c=14052000000]
cosim: 7313000000 retirements ok (pc=0000000000152dac)
[c=14053000000]
cosim: 7314000000 retirements ok (pc=0000000000152566)
[c=14054000000]
[c=14055000000]
[c=14056000000]
cosim: 7315000000 retirements ok (pc=ffffffff808e2bbc)
[c=14057000000]
[c=14058000000]
[c=14059000000]
cosim: 7316000000 retirements ok (pc=0000000000152c82)
[c=14060000000]
cosim: 7317000000 retirements ok (pc=0000000000152be0)
[c=14061000000]
[c=14062000000]
cosim: 7318000000 retirements ok (pc=0000000000152724)
[c=14063000000]
cosim: 7319000000 retirements ok (pc=000000000015258a)
[c=14064000000]
cosim: 7320000000 retirements ok (pc=0000000000151ea8)
[c=14065000000]
[c=14066000000]
cosim: 7321000000 retirements ok (pc=000000000015212c)
[c=14067000000]
cosim: 7322000000 retirements ok (pc=0000000000152b6e)
[c=14068000000]
[c=14069000000]
cosim: 7323000000 retirements ok (pc=ffffffff800a3ffc)
[c=14070000000]
cosim: 7324000000 retirements ok (pc=0000000000152706)
[c=14071000000]
cosim: 7325000000 retirements ok (pc=00000000001524b4)
[c=14072000000]
[c=14073000000]
cosim: 7326000000 retirements ok (pc=ffffffff80065152)
[c=14074000000]
cosim: 7327000000 retirements ok (pc=0000000000152a6c)
[c=14075000000]
[c=14076000000]
cosim: 7328000000 retirements ok (pc=00000000001522a8)
[c=14077000000]
cosim: 7329000000 retirements ok (pc=0000000000152632)
[c=14078000000]
cosim: 7330000000 retirements ok (pc=00000000001524aa)
[c=14079000000]
[c=14080000000]
cosim: 7331000000 retirements ok (pc=ffffffff800a093e)
[c=14081000000]
cosim: 7332000000 retirements ok (pc=000000000015234e)
[c=14082000000]
cosim: 7333000000 retirements ok (pc=0000000000151e14)
[c=14083000000]
[c=14084000000]
cosim: 7334000000 retirements ok (pc=00000000001527cc)
[c=14085000000]
cosim: 7335000000 retirements ok (pc=0000000000152288)
[c=14086000000]
[c=14087000000]
cosim: 7336000000 retirements ok (pc=0000000000152646)
[c=14088000000]
cosim: 7337000000 retirements ok (pc=000000000015258e)
[c=14089000000]
cosim: 7338000000 retirements ok (pc=00000000001524c4)
[c=14090000000]
[c=14091000000]
cosim: 7339000000 retirements ok (pc=0000000000151d9e)
[c=14092000000]
cosim: 7340000000 retirements ok (pc=0000000000152684)
[c=14093000000]
cosim: 7341000000 retirements ok (pc=0000000000152962)
[c=14094000000]
[c=14095000000]
cosim: 7342000000 retirements ok (pc=0000000000152936)
[c=14096000000]
cosim: 7343000000 retirements ok (pc=0000000000152208)
[c=14097000000]
cosim: 7344000000 retirements ok (pc=0000000000152562)
[c=14098000000]
[c=14099000000]
cosim: 7345000000 retirements ok (pc=0000000000151dc2)
[c=14100000000]
cosim: 7346000000 retirements ok (pc=0000000000152d20)
[c=14101000000]
[c=14102000000]
cosim: 7347000000 retirements ok (pc=0000000000152048)
[c=14103000000]
cosim: 7348000000 retirements ok (pc=0000000000152b76)
[c=14104000000]
cosim: 7349000000 retirements ok (pc=0000000000152180)
[c=14105000000]
[c=14106000000]
cosim: 7350000000 retirements ok (pc=0000000000152dee)
[c=14107000000]
cosim: 7351000000 retirements ok (pc=0000000000152af0)
[c=14108000000]
cosim: 7352000000 retirements ok (pc=00000000001522f0)
[c=14109000000]
[c=14110000000]
cosim: 7353000000 retirements ok (pc=0000000000152364)
[c=14111000000]
cosim: 7354000000 retirements ok (pc=0000000000152b9c)
[c=14112000000]
[c=14113000000]
cosim: 7355000000 retirements ok (pc=00000000001525be)
[c=14114000000]
cosim: 7356000000 retirements ok (pc=00000000001526f4)
[c=14115000000]
cosim: 7357000000 retirements ok (pc=0000000000151d9c)
[c=14116000000]
[c=14117000000]
cosim: 7358000000 retirements ok (pc=0000000000151fc0)
[c=14118000000]
cosim: 7359000000 retirements ok (pc=00000000001529a8)
[c=14119000000]
[c=14120000000]
cosim: 7360000000 retirements ok (pc=0000000000152c08)
[c=14121000000]
cosim: 7361000000 retirements ok (pc=ffffffff80054700)
[c=14122000000]
cosim: 7362000000 retirements ok (pc=000000000015238a)
[c=14123000000]
[c=14124000000]
cosim: 7363000000 retirements ok (pc=00000000001524d6)
[c=14125000000]
cosim: 7364000000 retirements ok (pc=000000000015230a)
[c=14126000000]
[c=14127000000]
cosim: 7365000000 retirements ok (pc=00000000001525cc)
[c=14128000000]
cosim: 7366000000 retirements ok (pc=0000000000152a3e)
[c=14129000000]
cosim: 7367000000 retirements ok (pc=0000000000152d7e)
[c=14130000000]
[c=14131000000]
cosim: 7368000000 retirements ok (pc=0000000000152dac)
[c=14132000000]
cosim: 7369000000 retirements ok (pc=0000000000152bf0)
[c=14133000000]
cosim: 7370000000 retirements ok (pc=0000000000152b16)
[c=14134000000]
[c=14135000000]
cosim: 7371000000 retirements ok (pc=000000000015239a)
[c=14136000000]
cosim: 7372000000 retirements ok (pc=0000000000152d32)
[c=14137000000]
[c=14138000000]
cosim: 7373000000 retirements ok (pc=0000000000152302)
[c=14139000000]
cosim: 7374000000 retirements ok (pc=0000000000152bba)
[c=14140000000]
cosim: 7375000000 retirements ok (pc=0000000000152a54)
[c=14141000000]
[c=14142000000]
cosim: 7376000000 retirements ok (pc=0000000000151ee2)
[c=14143000000]
cosim: 7377000000 retirements ok (pc=000000000015205a)
[c=14144000000]
[c=14145000000]
cosim: 7378000000 retirements ok (pc=00000000001528d8)
[c=14146000000]
cosim: 7379000000 retirements ok (pc=000000000015218e)
[c=14147000000]
cosim: 7380000000 retirements ok (pc=0000000000151fec)
[c=14148000000]
[c=14149000000]
cosim: 7381000000 retirements ok (pc=0000000000151e1e)
[c=14150000000]
cosim: 7382000000 retirements ok (pc=0000000000152714)
[c=14151000000]
cosim: 7383000000 retirements ok (pc=000000000015237c)
[c=14152000000]
[c=14153000000]
cosim: 7384000000 retirements ok (pc=000000000015250a)
[c=14154000000]
cosim: 7385000000 retirements ok (pc=000000000015239e)
[c=14155000000]
cosim: 7386000000 retirements ok (pc=00000000001522be)
[c=14156000000]
[c=14157000000]
cosim: 7387000000 retirements ok (pc=0000000000152b50)
[c=14158000000]
cosim: 7388000000 retirements ok (pc=0000000000151f12)
[c=14159000000]
[c=14160000000]
cosim: 7389000000 retirements ok (pc=00000000001521ca)
[c=14161000000]
cosim: 7390000000 retirements ok (pc=0000000000152a44)
[c=14162000000]
cosim: 7391000000 retirements ok (pc=00000000001528ee)
[c=14163000000]
[c=14164000000]
cosim: 7392000000 retirements ok (pc=0000000000152598)
[c=14165000000]
cosim: 7393000000 retirements ok (pc=000000000015220a)
[c=14166000000]
cosim: 7394000000 retirements ok (pc=0000000000152a3e)
[c=14167000000]
[c=14168000000]
cosim: 7395000000 retirements ok (pc=0000000000152280)
[c=14169000000]
cosim: 7396000000 retirements ok (pc=0000000000152b0a)
[c=14170000000]
[c=14171000000]
cosim: 7397000000 retirements ok (pc=00000000001522e2)
[c=14172000000]
cosim: 7398000000 retirements ok (pc=0000000000152c34)
[c=14173000000]
cosim: 7399000000 retirements ok (pc=00000000001524ea)
[c=14174000000]
[c=14175000000]
cosim: 7400000000 retirements ok (pc=00000000001524c4)
[c=14176000000]
cosim: 7401000000 retirements ok (pc=00000000001521c8)
[c=14177000000]
cosim: 7402000000 retirements ok (pc=0000000000151da8)
[c=14178000000]
[c=14179000000]
cosim: 7403000000 retirements ok (pc=0000000000152d0c)
[c=14180000000]
cosim: 7404000000 retirements ok (pc=0000000000152576)
[c=14181000000]
cosim: 7405000000 retirements ok (pc=0000000000152a34)
[c=14182000000]
[c=14183000000]
cosim: 7406000000 retirements ok (pc=0000000000152a44)
[c=14184000000]
cosim: 7407000000 retirements ok (pc=00000000001522f0)
[c=14185000000]
[c=14186000000]
cosim: 7408000000 retirements ok (pc=000000000015245c)
[c=14187000000]
cosim: 7409000000 retirements ok (pc=000000000015279e)
[c=14188000000]
cosim: 7410000000 retirements ok (pc=000000000015273e)
[c=14189000000]
[c=14190000000]
cosim: 7411000000 retirements ok (pc=00000000001522a8)
[c=14191000000]
cosim: 7412000000 retirements ok (pc=0000000000152318)
[c=14192000000]
cosim: 7413000000 retirements ok (pc=0000000000152d4e)
[c=14193000000]
[c=14194000000]
cosim: 7414000000 retirements ok (pc=0000000000152892)
[c=14195000000]
cosim: 7415000000 retirements ok (pc=0000000000152c32)
[c=14196000000]
[c=14197000000]
cosim: 7416000000 retirements ok (pc=000000000015273c)
[c=14198000000]
cosim: 7417000000 retirements ok (pc=0000000000152b2a)
[c=14199000000]
cosim: 7418000000 retirements ok (pc=00000000001524fe)
[c=14200000000]
[c=14201000000]
cosim: 7419000000 retirements ok (pc=0000000000151e26)
[c=14202000000]
cosim: 7420000000 retirements ok (pc=00000000001527c0)
[c=14203000000]
[c=14204000000]
cosim: 7421000000 retirements ok (pc=0000000000151fec)
[c=14205000000]
cosim: 7422000000 retirements ok (pc=0000000000152a22)
[c=14206000000]
cosim: 7423000000 retirements ok (pc=000000000015231c)
[c=14207000000]
[c=14208000000]
cosim: 7424000000 retirements ok (pc=00000000001526ca)
[c=14209000000]
cosim: 7425000000 retirements ok (pc=00000000001520d4)
[c=14210000000]
cosim: 7426000000 retirements ok (pc=0000000000151ea2)
[c=14211000000]
[c=14212000000]
cosim: 7427000000 retirements ok (pc=000000000015239e)
[c=14213000000]
cosim: 7428000000 retirements ok (pc=0000000000151f1a)
[c=14214000000]
cosim: 7429000000 retirements ok (pc=0000000000152234)
[c=14215000000]
[c=14216000000]
cosim: 7430000000 retirements ok (pc=0000000000152bcc)
[c=14217000000]
cosim: 7431000000 retirements ok (pc=0000000000152396)
[c=14218000000]
cosim: 7432000000 retirements ok (pc=0000000000151f0a)
[c=14219000000]
[c=14220000000]
cosim: 7433000000 retirements ok (pc=ffffffff800a15d4)
[c=14221000000]
cosim: 7434000000 retirements ok (pc=0000000000152778)
[c=14222000000]
[c=14223000000]
cosim: 7435000000 retirements ok (pc=ffffffff8005728a)
[c=14224000000]
cosim: 7436000000 retirements ok (pc=000000000014b868)
[c=14225000000]
cosim: 7437000000 retirements ok (pc=000000000015209a)
[c=14226000000]
[c=14227000000]
cosim: 7438000000 retirements ok (pc=0000000000152d0e)
[c=14228000000]
cosim: 7439000000 retirements ok (pc=0000000000152b98)
[c=14229000000]
cosim: 7440000000 retirements ok (pc=000000000015257c)
[c=14230000000]
[c=14231000000]
cosim: 7441000000 retirements ok (pc=0000000000152856)
[c=14232000000]
cosim: 7442000000 retirements ok (pc=000000000015248e)
[c=14233000000]
cosim: 7443000000 retirements ok (pc=000000000015240a)
[c=14234000000]
[c=14235000000]
cosim: 7444000000 retirements ok (pc=0000000000152d24)
[c=14236000000]
cosim: 7445000000 retirements ok (pc=ffffffff800a58f0)
[c=14237000000]
[c=14238000000]
cosim: 7446000000 retirements ok (pc=0000000000151da0)
[c=14239000000]
cosim: 7447000000 retirements ok (pc=0000000000152c40)
[c=14240000000]
cosim: 7448000000 retirements ok (pc=0000000000151f1e)
[c=14241000000]
[c=14242000000]
cosim: 7449000000 retirements ok (pc=00000000001522d6)
[c=14243000000]
cosim: 7450000000 retirements ok (pc=0000000000152c2a)
[c=14244000000]
[c=14245000000]
cosim: 7451000000 retirements ok (pc=00000000001529fc)
[c=14246000000]
cosim: 7452000000 retirements ok (pc=0000000000152318)
[c=14247000000]
cosim: 7453000000 retirements ok (pc=0000000000152318)
[c=14248000000]
[c=14249000000]
cosim: 7454000000 retirements ok (pc=00000000001526f8)
[c=14250000000]
cosim: 7455000000 retirements ok (pc=0000000000152668)
[c=14251000000]
cosim: 7456000000 retirements ok (pc=0000000000151f24)
[c=14252000000]
[c=14253000000]
cosim: 7457000000 retirements ok (pc=00000000001529c0)
[c=14254000000]
cosim: 7458000000 retirements ok (pc=00000000001523de)
[c=14255000000]
[c=14256000000]
cosim: 7459000000 retirements ok (pc=0000000000151d36)
[c=14257000000]
cosim: 7460000000 retirements ok (pc=00000000001528ca)
[c=14258000000]
cosim: 7461000000 retirements ok (pc=000000000015244a)
[c=14259000000]
[c=14260000000]
cosim: 7462000000 retirements ok (pc=ffffffff8006435e)
[c=14261000000]
cosim: 7463000000 retirements ok (pc=000000000015236c)
[c=14262000000]
[c=14263000000]
cosim: 7464000000 retirements ok (pc=000000000015228e)
[c=14264000000]
cosim: 7465000000 retirements ok (pc=0000000000152048)
[c=14265000000]
cosim: 7466000000 retirements ok (pc=ffffffff80241632)
[c=14266000000]
[c=14267000000]
cosim: 7467000000 retirements ok (pc=000000000015271c)
[c=14268000000]
cosim: 7468000000 retirements ok (pc=0000000000152116)
[c=14269000000]
cosim: 7469000000 retirements ok (pc=ffffffff80059d5c)
[c=14270000000]
[c=14271000000]
cosim: 7470000000 retirements ok (pc=0000000000152d46)
[c=14272000000]
cosim: 7471000000 retirements ok (pc=00000000001526de)
[c=14273000000]
[c=14274000000]
cosim: 7472000000 retirements ok (pc=0000000000152aba)
[c=14275000000]
cosim: 7473000000 retirements ok (pc=0000000000152526)
[c=14276000000]
cosim: 7474000000 retirements ok (pc=0000000000151f84)
[c=14277000000]
[c=14278000000]
cosim: 7475000000 retirements ok (pc=ffffffff800a3cba)
[c=14279000000]
cosim: 7476000000 retirements ok (pc=000000000015278a)
[c=14280000000]
[c=14281000000]
cosim: 7477000000 retirements ok (pc=0000000000152c22)
[c=14282000000]
cosim: 7478000000 retirements ok (pc=000000000015272e)
[c=14283000000]
cosim: 7479000000 retirements ok (pc=00000000001525e6)
[c=14284000000]
[c=14285000000]
cosim: 7480000000 retirements ok (pc=00000000001527e2)
[c=14286000000]
cosim: 7481000000 retirements ok (pc=000000000015275e)
[c=14287000000]
cosim: 7482000000 retirements ok (pc=00000000001529c0)
[c=14288000000]
[c=14289000000]
cosim: 7483000000 retirements ok (pc=000000000015230a)
[c=14290000000]
cosim: 7484000000 retirements ok (pc=0000000000151dd8)
[c=14291000000]
[c=14292000000]
cosim: 7485000000 retirements ok (pc=0000000000152180)
[c=14293000000]
cosim: 7486000000 retirements ok (pc=0000000000152dfa)
[c=14294000000]
cosim: 7487000000 retirements ok (pc=0000000000151df2)
[c=14295000000]
[c=14296000000]
cosim: 7488000000 retirements ok (pc=0000000000152240)
[c=14297000000]
cosim: 7489000000 retirements ok (pc=0000000000151ecc)
[c=14298000000]
cosim: 7490000000 retirements ok (pc=000000000015296c)
[c=14299000000]
[c=14300000000]
cosim: 7491000000 retirements ok (pc=00000000001523b4)
[c=14301000000]
cosim: 7492000000 retirements ok (pc=0000000000152d12)
[c=14302000000]
cosim: 7493000000 retirements ok (pc=0000000000152b62)
[c=14303000000]
[c=14304000000]
cosim: 7494000000 retirements ok (pc=000000000014c17e)
[c=14305000000]
cosim: 7495000000 retirements ok (pc=00000000001527cc)
[c=14306000000]
[c=14307000000]
cosim: 7496000000 retirements ok (pc=00000000001529e2)
[c=14308000000]
cosim: 7497000000 retirements ok (pc=00000000001521d6)
[c=14309000000]
cosim: 7498000000 retirements ok (pc=0000000000151fa6)
[c=14310000000]
[c=14311000000]
cosim: 7499000000 retirements ok (pc=0000000000152774)
[c=14312000000]
cosim: 7500000000 retirements ok (pc=00000000001526f2)
[c=14313000000]
[c=14314000000]
cosim: 7501000000 retirements ok (pc=0000000000151da4)
[c=14315000000]
cosim: 7502000000 retirements ok (pc=00000000001526bc)
[c=14316000000]
cosim: 7503000000 retirements ok (pc=000000000015267a)
[c=14317000000]
[c=14318000000]
cosim: 7504000000 retirements ok (pc=0000000000152b30)
[c=14319000000]
cosim: 7505000000 retirements ok (pc=0000000000152ae6)
[c=14320000000]
cosim: 7506000000 retirements ok (pc=0000000000152ca4)
[c=14321000000]
[c=14322000000]
cosim: 7507000000 retirements ok (pc=0000000000152506)
[c=14323000000]
cosim: 7508000000 retirements ok (pc=0000000000152ab0)
[c=14324000000]
cosim: 7509000000 retirements ok (pc=000000000015232a)
[c=14325000000]
[c=14326000000]
cosim: 7510000000 retirements ok (pc=0000000000152ccc)
[c=14327000000]
cosim: 7511000000 retirements ok (pc=0000000000152632)
[c=14328000000]
cosim: 7512000000 retirements ok (pc=00000000001528c6)
[c=14329000000]
[c=14330000000]
[c=14331000000]
cosim: 7513000000 retirements ok (pc=ffffffff808e2bc4)
[c=14332000000]
[c=14333000000]
[c=14334000000]
cosim: 7514000000 retirements ok (pc=0000000000151ff4)
[c=14335000000]
cosim: 7515000000 retirements ok (pc=0000000000152b16)
[c=14336000000]
[c=14337000000]
cosim: 7516000000 retirements ok (pc=00000000001527e2)
[c=14338000000]
cosim: 7517000000 retirements ok (pc=000000000015200c)
[c=14339000000]
cosim: 7518000000 retirements ok (pc=0000000000151eea)
[c=14340000000]
[c=14341000000]
cosim: 7519000000 retirements ok (pc=000000000015221a)
[c=14342000000]
cosim: 7520000000 retirements ok (pc=0000000000152aa6)
[c=14343000000]
[c=14344000000]
cosim: 7521000000 retirements ok (pc=0000000000152a4c)
[c=14345000000]
cosim: 7522000000 retirements ok (pc=0000000000152140)
[c=14346000000]
cosim: 7523000000 retirements ok (pc=0000000000152bae)
[c=14347000000]
[c=14348000000]
cosim: 7524000000 retirements ok (pc=0000000000151e3e)
[c=14349000000]
cosim: 7525000000 retirements ok (pc=00000000001523e4)
[c=14350000000]
[c=14351000000]
cosim: 7526000000 retirements ok (pc=0000000000152ba0)
[c=14352000000]
cosim: 7527000000 retirements ok (pc=0000000000152d00)
[c=14353000000]
cosim: 7528000000 retirements ok (pc=0000000000152dda)
[c=14354000000]
[c=14355000000]
cosim: 7529000000 retirements ok (pc=00000000001524b6)
[c=14356000000]
cosim: 7530000000 retirements ok (pc=00000000001522d8)
[c=14357000000]
cosim: 7531000000 retirements ok (pc=00000000001521d6)
[c=14358000000]
[c=14359000000]
cosim: 7532000000 retirements ok (pc=0000000000151dde)
[c=14360000000]
cosim: 7533000000 retirements ok (pc=0000000000152c24)
[c=14361000000]
cosim: 7534000000 retirements ok (pc=0000000000152604)
[c=14362000000]
[c=14363000000]
cosim: 7535000000 retirements ok (pc=0000000000152602)
[c=14364000000]
cosim: 7536000000 retirements ok (pc=0000000000152912)
[c=14365000000]
cosim: 7537000000 retirements ok (pc=0000000000152126)
[c=14366000000]
[c=14367000000]
cosim: 7538000000 retirements ok (pc=000000000015292e)
[c=14368000000]
cosim: 7539000000 retirements ok (pc=0000000000152bce)
[c=14369000000]
[c=14370000000]
cosim: 7540000000 retirements ok (pc=0000000000152b0e)
[c=14371000000]
cosim: 7541000000 retirements ok (pc=000000000014b5fc)
[c=14372000000]
cosim: 7542000000 retirements ok (pc=0000000000152a92)
[c=14373000000]
[c=14374000000]
cosim: 7543000000 retirements ok (pc=0000000000152a44)
[c=14375000000]
cosim: 7544000000 retirements ok (pc=0000000000151e36)
[c=14376000000]
[c=14377000000]
cosim: 7545000000 retirements ok (pc=0000000000152da2)
[c=14378000000]
cosim: 7546000000 retirements ok (pc=00000000001523b6)
[c=14379000000]
cosim: 7547000000 retirements ok (pc=00000000001521b0)
[c=14380000000]
[c=14381000000]
cosim: 7548000000 retirements ok (pc=0000000000152074)
[c=14382000000]
cosim: 7549000000 retirements ok (pc=000000000015204e)
[c=14383000000]
cosim: 7550000000 retirements ok (pc=0000000000152372)
[c=14384000000]
[c=14385000000]
cosim: 7551000000 retirements ok (pc=0000000000152b06)
[c=14386000000]
cosim: 7552000000 retirements ok (pc=0000000000152924)
[c=14387000000]
cosim: 7553000000 retirements ok (pc=0000000000152884)
[c=14388000000]
[c=14389000000]
cosim: 7554000000 retirements ok (pc=0000000000152282)
[c=14390000000]
cosim: 7555000000 retirements ok (pc=00000000001524ee)
[c=14391000000]
[c=14392000000]
cosim: 7556000000 retirements ok (pc=0000000000152696)
[c=14393000000]
cosim: 7557000000 retirements ok (pc=0000000000151eb4)
[c=14394000000]
cosim: 7558000000 retirements ok (pc=000000000015223a)
[c=14395000000]
[c=14396000000]
cosim: 7559000000 retirements ok (pc=0000000000152978)
[c=14397000000]
cosim: 7560000000 retirements ok (pc=000000000015287a)
[c=14398000000]
cosim: 7561000000 retirements ok (pc=00000000001521cc)
[c=14399000000]
[c=14400000000]
cosim: 7562000000 retirements ok (pc=0000000000152df4)
[c=14401000000]
cosim: 7563000000 retirements ok (pc=0000000000152070)
[c=14402000000]
[c=14403000000]
cosim: 7564000000 retirements ok (pc=0000000000152cfc)
[c=14404000000]
cosim: 7565000000 retirements ok (pc=0000000000152bf6)
[c=14405000000]
cosim: 7566000000 retirements ok (pc=0000000000152af0)
[c=14406000000]
[c=14407000000]
cosim: 7567000000 retirements ok (pc=000000000015217c)
[c=14408000000]
cosim: 7568000000 retirements ok (pc=0000000000152ccc)
[c=14409000000]
[c=14410000000]
cosim: 7569000000 retirements ok (pc=000000000015216c)
[c=14411000000]
cosim: 7570000000 retirements ok (pc=0000000000152482)
[c=14412000000]
[c=14413000000]
cosim: 7571000000 retirements ok (pc=0000000000152200)
[c=14414000000]
cosim: 7572000000 retirements ok (pc=0000000000152bae)
[c=14415000000]
cosim: 7573000000 retirements ok (pc=0000000000151dc2)
[c=14416000000]
[c=14417000000]
cosim: 7574000000 retirements ok (pc=0000000000152272)
[c=14418000000]
cosim: 7575000000 retirements ok (pc=0000000000152732)
[c=14419000000]
cosim: 7576000000 retirements ok (pc=0000000000152d24)
[c=14420000000]
[c=14421000000]
cosim: 7577000000 retirements ok (pc=00000000001524c6)
[c=14422000000]
cosim: 7578000000 retirements ok (pc=0000000000151f76)
[c=14423000000]
cosim: 7579000000 retirements ok (pc=0000000000152238)
[c=14424000000]
[c=14425000000]
cosim: 7580000000 retirements ok (pc=0000000000152710)
[c=14426000000]
cosim: 7581000000 retirements ok (pc=0000000000152bbe)
[c=14427000000]
[c=14428000000]
cosim: 7582000000 retirements ok (pc=00000000001528ea)
[c=14429000000]
cosim: 7583000000 retirements ok (pc=0000000000152056)
[c=14430000000]
cosim: 7584000000 retirements ok (pc=0000000000152404)
[c=14431000000]
[c=14432000000]
cosim: 7585000000 retirements ok (pc=000000000015238a)
[c=14433000000]
cosim: 7586000000 retirements ok (pc=0000000000151e0c)
[c=14434000000]
cosim: 7587000000 retirements ok (pc=00000000001521e0)
[c=14435000000]
[c=14436000000]
cosim: 7588000000 retirements ok (pc=ffffffff800ae504)
[c=14437000000]
cosim: 7589000000 retirements ok (pc=ffffffff8010b446)
[c=14438000000]
[c=14439000000]
cosim: 7590000000 retirements ok (pc=000000000015220c)
[c=14440000000]
cosim: 7591000000 retirements ok (pc=000000000015281c)
[c=14441000000]
cosim: 7592000000 retirements ok (pc=0000000000152140)
[c=14442000000]
[c=14443000000]
cosim: 7593000000 retirements ok (pc=00000000001526b0)
[c=14444000000]
cosim: 7594000000 retirements ok (pc=00000000001525ca)
[c=14445000000]
[c=14446000000]
cosim: 7595000000 retirements ok (pc=0000000000151ef8)
[c=14447000000]
cosim: 7596000000 retirements ok (pc=0000000000152a10)
[c=14448000000]
cosim: 7597000000 retirements ok (pc=000000000015228c)
[c=14449000000]
[c=14450000000]
cosim: 7598000000 retirements ok (pc=00000000001529ce)
[c=14451000000]
cosim: 7599000000 retirements ok (pc=0000000000152c78)
[c=14452000000]
cosim: 7600000000 retirements ok (pc=000000000015260e)
[c=14453000000]
[c=14454000000]
cosim: 7601000000 retirements ok (pc=00000000001525e0)
[c=14455000000]
cosim: 7602000000 retirements ok (pc=0000000000151e7a)
[c=14456000000]
cosim: 7603000000 retirements ok (pc=ffffffff808ee16e)
[c=14457000000]
[c=14458000000]
cosim: 7604000000 retirements ok (pc=0000000000152880)
[c=14459000000]
cosim: 7605000000 retirements ok (pc=0000000000152914)
[c=14460000000]
[c=14461000000]
cosim: 7606000000 retirements ok (pc=0000000000152d7e)
[c=14462000000]
cosim: 7607000000 retirements ok (pc=000000000015296c)
[c=14463000000]
cosim: 7608000000 retirements ok (pc=0000000000151f38)
[c=14464000000]
[c=14465000000]
cosim: 7609000000 retirements ok (pc=0000000000152840)
[c=14466000000]
cosim: 7610000000 retirements ok (pc=000000000015211a)
[c=14467000000]
cosim: 7611000000 retirements ok (pc=0000000000152b94)
[c=14468000000]
[c=14469000000]
cosim: 7612000000 retirements ok (pc=0000000000152908)
[c=14470000000]
cosim: 7613000000 retirements ok (pc=0000000000152474)
[c=14471000000]
[c=14472000000]
cosim: 7614000000 retirements ok (pc=00000000001522e4)
[c=14473000000]
cosim: 7615000000 retirements ok (pc=000000000015219c)
[c=14474000000]
cosim: 7616000000 retirements ok (pc=0000000000151fce)
[c=14475000000]
[c=14476000000]
cosim: 7617000000 retirements ok (pc=00000000001527a6)
[c=14477000000]
cosim: 7618000000 retirements ok (pc=0000000000151f38)
[c=14478000000]
cosim: 7619000000 retirements ok (pc=00000000001520d8)
[c=14479000000]
[c=14480000000]
cosim: 7620000000 retirements ok (pc=0000000000151f9e)
[c=14481000000]
cosim: 7621000000 retirements ok (pc=0000000000151f1e)
[c=14482000000]
cosim: 7622000000 retirements ok (pc=0000000000152856)
[c=14483000000]
[c=14484000000]
cosim: 7623000000 retirements ok (pc=0000000000152536)
[c=14485000000]
cosim: 7624000000 retirements ok (pc=0000000000152a92)
[c=14486000000]
[c=14487000000]
cosim: 7625000000 retirements ok (pc=00000000001528b0)
[c=14488000000]
cosim: 7626000000 retirements ok (pc=0000000000152778)
[c=14489000000]
cosim: 7627000000 retirements ok (pc=000000000015204a)
[c=14490000000]
[c=14491000000]
cosim: 7628000000 retirements ok (pc=0000000000152594)
[c=14492000000]
cosim: 7629000000 retirements ok (pc=0000000000152a00)
[c=14493000000]
cosim: 7630000000 retirements ok (pc=0000000000152394)
[c=14494000000]
[c=14495000000]
cosim: 7631000000 retirements ok (pc=0000000000152b56)
[c=14496000000]
cosim: 7632000000 retirements ok (pc=000000000015241e)
[c=14497000000]
[c=14498000000]
cosim: 7633000000 retirements ok (pc=0000000000152dba)
[c=14499000000]
cosim: 7634000000 retirements ok (pc=0000000000151ffa)
[c=14500000000]
cosim: 7635000000 retirements ok (pc=0000000000152a70)
[c=14501000000]
[c=14502000000]
cosim: 7636000000 retirements ok (pc=0000000000151e34)
[c=14503000000]
cosim: 7637000000 retirements ok (pc=0000000000152168)
[c=14504000000]
cosim: 7638000000 retirements ok (pc=0000000000152248)
[c=14505000000]
[c=14506000000]
cosim: 7639000000 retirements ok (pc=00000000001520e0)
[c=14507000000]
cosim: 7640000000 retirements ok (pc=00000000001520ae)
[c=14508000000]
cosim: 7641000000 retirements ok (pc=00000000001529f2)
[c=14509000000]
[c=14510000000]
cosim: 7642000000 retirements ok (pc=0000000000152840)
[c=14511000000]
cosim: 7643000000 retirements ok (pc=0000000000152714)
[c=14512000000]
[c=14513000000]
cosim: 7644000000 retirements ok (pc=00000000001524e0)
[c=14514000000]
cosim: 7645000000 retirements ok (pc=0000000000151f56)
[c=14515000000]
cosim: 7646000000 retirements ok (pc=00000000001522d2)
[c=14516000000]
[c=14517000000]
cosim: 7647000000 retirements ok (pc=0000000000152c9e)
[c=14518000000]
cosim: 7648000000 retirements ok (pc=00000000001522bc)
[c=14519000000]
cosim: 7649000000 retirements ok (pc=0000000000152008)
[c=14520000000]
[c=14521000000]
cosim: 7650000000 retirements ok (pc=ffffffff8007fb5c)
[c=14522000000]
cosim: 7651000000 retirements ok (pc=0000000000151ed4)
[c=14523000000]
[c=14524000000]
cosim: 7652000000 retirements ok (pc=ffffffff8007fb4e)
[c=14525000000]
cosim: 7653000000 retirements ok (pc=00000000001529ce)
[c=14526000000]
cosim: 7654000000 retirements ok (pc=0000000000152188)
[c=14527000000]
[c=14528000000]
cosim: 7655000000 retirements ok (pc=ffffffff80064394)
[c=14529000000]
cosim: 7656000000 retirements ok (pc=000000000015298c)
[c=14530000000]
[c=14531000000]
cosim: 7657000000 retirements ok (pc=0000000000151d3a)
[c=14532000000]
cosim: 7658000000 retirements ok (pc=0000000000152130)
[c=14533000000]
cosim: 7659000000 retirements ok (pc=00000000001529b0)
[c=14534000000]
cosim: 7660000000 retirements ok (pc=0000000000152916)
[c=14535000000]
[c=14536000000]
cosim: 7661000000 retirements ok (pc=0000000000152ade)
[c=14537000000]
cosim: 7662000000 retirements ok (pc=0000000000152128)
[c=14538000000]
[c=14539000000]
cosim: 7663000000 retirements ok (pc=ffffffff800a3828)
[c=14540000000]
cosim: 7664000000 retirements ok (pc=ffffffff808ee32e)
[c=14541000000]
cosim: 7665000000 retirements ok (pc=00000000001523f2)
[c=14542000000]
[c=14543000000]
cosim: 7666000000 retirements ok (pc=0000000000152d12)
[c=14544000000]
cosim: 7667000000 retirements ok (pc=00000000001523d2)
[c=14545000000]
[c=14546000000]
cosim: 7668000000 retirements ok (pc=0000000000152580)
[c=14547000000]
cosim: 7669000000 retirements ok (pc=0000000000152412)
[c=14548000000]
cosim: 7670000000 retirements ok (pc=0000000000152320)
[c=14549000000]
[c=14550000000]
cosim: 7671000000 retirements ok (pc=0000000000152822)
[c=14551000000]
cosim: 7672000000 retirements ok (pc=00000000001524c0)
[c=14552000000]
cosim: 7673000000 retirements ok (pc=000000000015255a)
[c=14553000000]
[c=14554000000]
cosim: 7674000000 retirements ok (pc=0000000000151f5a)
[c=14555000000]
cosim: 7675000000 retirements ok (pc=0000000000152346)
[c=14556000000]
[c=14557000000]
cosim: 7676000000 retirements ok (pc=0000000000151ea6)
[c=14558000000]
cosim: 7677000000 retirements ok (pc=0000000000151f10)
[c=14559000000]
[c=14560000000]
cosim: 7678000000 retirements ok (pc=0000000000152156)
[c=14561000000]
cosim: 7679000000 retirements ok (pc=000000000015267a)
[c=14562000000]
cosim: 7680000000 retirements ok (pc=0000000000151dfc)
[c=14563000000]
[c=14564000000]
cosim: 7681000000 retirements ok (pc=00000000001526e6)
[c=14565000000]
cosim: 7682000000 retirements ok (pc=0000000000152996)
[c=14566000000]
cosim: 7683000000 retirements ok (pc=0000000000152d6e)
[c=14567000000]
[c=14568000000]
cosim: 7684000000 retirements ok (pc=0000000000152966)
[c=14569000000]
cosim: 7685000000 retirements ok (pc=00000000001527e6)
[c=14570000000]
[c=14571000000]
cosim: 7686000000 retirements ok (pc=00000000001520ac)
[c=14572000000]
cosim: 7687000000 retirements ok (pc=0000000000151e7a)
[c=14573000000]
cosim: 7688000000 retirements ok (pc=000000000015293e)
[c=14574000000]
[c=14575000000]
cosim: 7689000000 retirements ok (pc=0000000000152214)
[c=14576000000]
cosim: 7690000000 retirements ok (pc=00000000001520e6)
[c=14577000000]
cosim: 7691000000 retirements ok (pc=0000000000152816)
[c=14578000000]
[c=14579000000]
cosim: 7692000000 retirements ok (pc=ffffffff800660d2)
[c=14580000000]
cosim: 7693000000 retirements ok (pc=000000000015274a)
[c=14581000000]
[c=14582000000]
cosim: 7694000000 retirements ok (pc=0000000000151f2a)
[c=14583000000]
cosim: 7695000000 retirements ok (pc=0000000000152800)
[c=14584000000]
cosim: 7696000000 retirements ok (pc=0000000000152718)
[c=14585000000]
[c=14586000000]
cosim: 7697000000 retirements ok (pc=0000000000152d46)
[c=14587000000]
cosim: 7698000000 retirements ok (pc=0000000000152ae2)
[c=14588000000]
cosim: 7699000000 retirements ok (pc=0000000000152bec)
[c=14589000000]
[c=14590000000]
cosim: 7700000000 retirements ok (pc=0000000000152a16)
[c=14591000000]
cosim: 7701000000 retirements ok (pc=00000000001520c8)
[c=14592000000]
[c=14593000000]
cosim: 7702000000 retirements ok (pc=0000000000152706)
[c=14594000000]
cosim: 7703000000 retirements ok (pc=000000000015253a)
[c=14595000000]
cosim: 7704000000 retirements ok (pc=000000000015223a)
[c=14596000000]
[c=14597000000]
cosim: 7705000000 retirements ok (pc=0000000000152aae)
[c=14598000000]
cosim: 7706000000 retirements ok (pc=ffffffff80058340)
[c=14599000000]
cosim: 7707000000 retirements ok (pc=00000000001521d6)
[c=14600000000]
[c=14601000000]
cosim: 7708000000 retirements ok (pc=0000000000151ec8)
[c=14602000000]
cosim: 7709000000 retirements ok (pc=00000000001525e6)
[c=14603000000]
cosim: 7710000000 retirements ok (pc=0000000000151df0)
[c=14604000000]
[c=14605000000]
cosim: 7711000000 retirements ok (pc=ffffffff808e2b8c)
[c=14606000000]
[c=14607000000]
[c=14608000000]
[c=14609000000]
cosim: 7712000000 retirements ok (pc=0000000000152090)
[c=14610000000]
cosim: 7713000000 retirements ok (pc=0000000000151e34)
[c=14611000000]
[c=14612000000]
cosim: 7714000000 retirements ok (pc=000000000015258e)
[c=14613000000]
cosim: 7715000000 retirements ok (pc=0000000000152074)
[c=14614000000]
cosim: 7716000000 retirements ok (pc=0000000000152c26)
[c=14615000000]
[c=14616000000]
cosim: 7717000000 retirements ok (pc=000000000015232c)
[c=14617000000]
cosim: 7718000000 retirements ok (pc=0000000000151d48)
[c=14618000000]
[c=14619000000]
cosim: 7719000000 retirements ok (pc=0000000000152274)
[c=14620000000]
cosim: 7720000000 retirements ok (pc=00000000001522a4)
[c=14621000000]
cosim: 7721000000 retirements ok (pc=0000000000152d4a)
[c=14622000000]
[c=14623000000]
cosim: 7722000000 retirements ok (pc=0000000000152908)
[c=14624000000]
cosim: 7723000000 retirements ok (pc=00000000001521f0)
[c=14625000000]
[c=14626000000]
cosim: 7724000000 retirements ok (pc=0000000000152c7a)
[c=14627000000]
cosim: 7725000000 retirements ok (pc=000000000015263e)
[c=14628000000]
cosim: 7726000000 retirements ok (pc=0000000000151dac)
[c=14629000000]
[c=14630000000]
cosim: 7727000000 retirements ok (pc=0000000000152a0c)
[c=14631000000]
cosim: 7728000000 retirements ok (pc=000000000015278c)
[c=14632000000]
cosim: 7729000000 retirements ok (pc=00000000001529ee)
[c=14633000000]
[c=14634000000]
cosim: 7730000000 retirements ok (pc=00000000001528f4)
[c=14635000000]
cosim: 7731000000 retirements ok (pc=0000000000152a3e)
[c=14636000000]
cosim: 7732000000 retirements ok (pc=0000000000152cb0)
[c=14637000000]
[c=14638000000]
cosim: 7733000000 retirements ok (pc=0000000000152a98)
[c=14639000000]
cosim: 7734000000 retirements ok (pc=0000000000151e00)
[c=14640000000]
cosim: 7735000000 retirements ok (pc=0000000000152d36)
[c=14641000000]
[c=14642000000]
cosim: 7736000000 retirements ok (pc=0000000000151e7e)
[c=14643000000]
cosim: 7737000000 retirements ok (pc=0000000000152712)
[c=14644000000]
[c=14645000000]
cosim: 7738000000 retirements ok (pc=0000000000152452)
[c=14646000000]
cosim: 7739000000 retirements ok (pc=0000000000152a90)
[c=14647000000]
cosim: 7740000000 retirements ok (pc=00000000001523d2)
[c=14648000000]
[c=14649000000]
cosim: 7741000000 retirements ok (pc=00000000001526c8)
[c=14650000000]
cosim: 7742000000 retirements ok (pc=00000000001523a2)
[c=14651000000]
[c=14652000000]
cosim: 7743000000 retirements ok (pc=0000000000151d40)
[c=14653000000]
cosim: 7744000000 retirements ok (pc=00000000001520ce)
[c=14654000000]
cosim: 7745000000 retirements ok (pc=0000000000151fe6)
[c=14655000000]
[c=14656000000]
cosim: 7746000000 retirements ok (pc=000000000015276e)
[c=14657000000]
cosim: 7747000000 retirements ok (pc=000000000015270a)
[c=14658000000]
cosim: 7748000000 retirements ok (pc=0000000000151f66)
[c=14659000000]
[c=14660000000]
cosim: 7749000000 retirements ok (pc=0000000000152dc2)
[c=14661000000]
cosim: 7750000000 retirements ok (pc=0000000000152a88)
[c=14662000000]
cosim: 7751000000 retirements ok (pc=000000000015273c)
[c=14663000000]
[c=14664000000]
cosim: 7752000000 retirements ok (pc=0000000000152470)
[c=14665000000]
cosim: 7753000000 retirements ok (pc=00000000001522a4)
[c=14666000000]
[c=14667000000]
cosim: 7754000000 retirements ok (pc=0000000000152624)
[c=14668000000]
cosim: 7755000000 retirements ok (pc=0000000000151dc2)
[c=14669000000]
cosim: 7756000000 retirements ok (pc=0000000000151f54)
[c=14670000000]
[c=14671000000]
cosim: 7757000000 retirements ok (pc=0000000000152c3c)
[c=14672000000]
cosim: 7758000000 retirements ok (pc=0000000000151f7e)
[c=14673000000]
cosim: 7759000000 retirements ok (pc=00000000001522c4)
[c=14674000000]
[c=14675000000]
cosim: 7760000000 retirements ok (pc=0000000000152cf8)
[c=14676000000]
cosim: 7761000000 retirements ok (pc=0000000000152c86)
[c=14677000000]
[c=14678000000]
cosim: 7762000000 retirements ok (pc=0000000000152aba)
[c=14679000000]
cosim: 7763000000 retirements ok (pc=000000000015286e)
[c=14680000000]
cosim: 7764000000 retirements ok (pc=00000000001521e2)
[c=14681000000]
[c=14682000000]
cosim: 7765000000 retirements ok (pc=0000000000152480)
[c=14683000000]
cosim: 7766000000 retirements ok (pc=0000000000152a84)
[c=14684000000]
cosim: 7767000000 retirements ok (pc=000000000015268e)
[c=14685000000]
[c=14686000000]
cosim: 7768000000 retirements ok (pc=00000000001523de)
[c=14687000000]
cosim: 7769000000 retirements ok (pc=0000000000151ef6)
[c=14688000000]
cosim: 7770000000 retirements ok (pc=000000000015245c)
[c=14689000000]
[c=14690000000]
cosim: 7771000000 retirements ok (pc=000000000015269c)
[c=14691000000]
cosim: 7772000000 retirements ok (pc=0000000000152446)
[c=14692000000]
[c=14693000000]
cosim: 7773000000 retirements ok (pc=0000000000152d6a)
[c=14694000000]
cosim: 7774000000 retirements ok (pc=0000000000152bb6)
[c=14695000000]
cosim: 7775000000 retirements ok (pc=0000000000152022)
[c=14696000000]
[c=14697000000]
cosim: 7776000000 retirements ok (pc=000000000015217a)
[c=14698000000]
cosim: 7777000000 retirements ok (pc=000000000015289c)
[c=14699000000]
[c=14700000000]
cosim: 7778000000 retirements ok (pc=0000000000151db8)
[c=14701000000]
cosim: 7779000000 retirements ok (pc=00000000001522a8)
[c=14702000000]
[c=14703000000]
cosim: 7780000000 retirements ok (pc=0000000000151e42)
[c=14704000000]
cosim: 7781000000 retirements ok (pc=00000000001520ae)
[c=14705000000]
cosim: 7782000000 retirements ok (pc=0000000000152080)
[c=14706000000]
[c=14707000000]
cosim: 7783000000 retirements ok (pc=0000000000152022)
[c=14708000000]
cosim: 7784000000 retirements ok (pc=0000000000152210)
[c=14709000000]
cosim: 7785000000 retirements ok (pc=0000000000151f06)
[c=14710000000]
[c=14711000000]
cosim: 7786000000 retirements ok (pc=0000000000152864)
[c=14712000000]
cosim: 7787000000 retirements ok (pc=0000000000152680)
[c=14713000000]
[c=14714000000]
cosim: 7788000000 retirements ok (pc=00000000001520ec)
[c=14715000000]
cosim: 7789000000 retirements ok (pc=00000000001528ee)
[c=14716000000]
cosim: 7790000000 retirements ok (pc=000000000015262c)
[c=14717000000]
[c=14718000000]
cosim: 7791000000 retirements ok (pc=000000000015242c)
[c=14719000000]
cosim: 7792000000 retirements ok (pc=000000000015268a)
[c=14720000000]
cosim: 7793000000 retirements ok (pc=0000000000152352)
[c=14721000000]
[c=14722000000]
cosim: 7794000000 retirements ok (pc=ffffffff800a591e)
[c=14723000000]
cosim: 7795000000 retirements ok (pc=0000000000151f4a)
[c=14724000000]
cosim: 7796000000 retirements ok (pc=0000000000151e14)
[c=14725000000]
[c=14726000000]
cosim: 7797000000 retirements ok (pc=000000000015234e)
[c=14727000000]
cosim: 7798000000 retirements ok (pc=0000000000151e82)
[c=14728000000]
[c=14729000000]
cosim: 7799000000 retirements ok (pc=0000000000152cea)
[c=14730000000]
cosim: 7800000000 retirements ok (pc=0000000000152bf0)
[c=14731000000]
cosim: 7801000000 retirements ok (pc=0000000000152da2)
[c=14732000000]
[c=14733000000]
cosim: 7802000000 retirements ok (pc=ffffffff80063fb0)
[c=14734000000]
cosim: 7803000000 retirements ok (pc=00000000001522fe)
[c=14735000000]
cosim: 7804000000 retirements ok (pc=00000000001528c6)
[c=14736000000]
[c=14737000000]
cosim: 7805000000 retirements ok (pc=0000000000151f96)
[c=14738000000]
cosim: 7806000000 retirements ok (pc=0000000000152d00)
[c=14739000000]
[c=14740000000]
cosim: 7807000000 retirements ok (pc=0000000000151fb2)
[c=14741000000]
cosim: 7808000000 retirements ok (pc=00000000001528aa)
[c=14742000000]
cosim: 7809000000 retirements ok (pc=000000000015273e)
[c=14743000000]
[c=14744000000]
cosim: 7810000000 retirements ok (pc=0000000000152bce)
[c=14745000000]
cosim: 7811000000 retirements ok (pc=00000000001523b0)
[c=14746000000]
cosim: 7812000000 retirements ok (pc=0000000000152ba8)
[c=14747000000]
[c=14748000000]
cosim: 7813000000 retirements ok (pc=0000000000152720)
[c=14749000000]
cosim: 7814000000 retirements ok (pc=0000000000152332)
[c=14750000000]
cosim: 7815000000 retirements ok (pc=00000000001521c6)
[c=14751000000]
[c=14752000000]
cosim: 7816000000 retirements ok (pc=0000000000152ac6)
[c=14753000000]
cosim: 7817000000 retirements ok (pc=0000000000151d4e)
[c=14754000000]
[c=14755000000]
cosim: 7818000000 retirements ok (pc=0000000000152d3c)
[c=14756000000]
cosim: 7819000000 retirements ok (pc=0000000000152662)
[c=14757000000]
cosim: 7820000000 retirements ok (pc=000000000015257c)
[c=14758000000]
[c=14759000000]
cosim: 7821000000 retirements ok (pc=000000000015249c)
[c=14760000000]
cosim: 7822000000 retirements ok (pc=0000000000152256)
[c=14761000000]
[c=14762000000]
cosim: 7823000000 retirements ok (pc=0000000000152996)
[c=14763000000]
cosim: 7824000000 retirements ok (pc=0000000000152048)
[c=14764000000]
cosim: 7825000000 retirements ok (pc=0000000000151f5a)
[c=14765000000]
[c=14766000000]
cosim: 7826000000 retirements ok (pc=0000000000151dac)
[c=14767000000]
cosim: 7827000000 retirements ok (pc=0000000000152570)
[c=14768000000]
cosim: 7828000000 retirements ok (pc=00000000001524de)
[c=14769000000]
[c=14770000000]
cosim: 7829000000 retirements ok (pc=0000000000152192)
[c=14771000000]
cosim: 7830000000 retirements ok (pc=0000000000152058)
[c=14772000000]
cosim: 7831000000 retirements ok (pc=0000000000152404)
[c=14773000000]
[c=14774000000]
cosim: 7832000000 retirements ok (pc=0000000000152dec)
[c=14775000000]
cosim: 7833000000 retirements ok (pc=000000000015276e)
[c=14776000000]
cosim: 7834000000 retirements ok (pc=0000000000151fae)
[c=14777000000]
[c=14778000000]
cosim: 7835000000 retirements ok (pc=0000000000152684)
[c=14779000000]
cosim: 7836000000 retirements ok (pc=0000000000152760)
[c=14780000000]
[c=14781000000]
cosim: 7837000000 retirements ok (pc=000000000015261e)
[c=14782000000]
cosim: 7838000000 retirements ok (pc=0000000000152126)
[c=14783000000]
cosim: 7839000000 retirements ok (pc=00000000001524e0)
[c=14784000000]
[c=14785000000]
cosim: 7840000000 retirements ok (pc=000000000015232c)
[c=14786000000]
cosim: 7841000000 retirements ok (pc=00000000001524d6)
[c=14787000000]
[c=14788000000]
cosim: 7842000000 retirements ok (pc=0000000000151e08)
[c=14789000000]
cosim: 7843000000 retirements ok (pc=0000000000152888)
[c=14790000000]
cosim: 7844000000 retirements ok (pc=0000000000152682)
[c=14791000000]
[c=14792000000]
cosim: 7845000000 retirements ok (pc=0000000000152598)
[c=14793000000]
cosim: 7846000000 retirements ok (pc=0000000000152d16)
[c=14794000000]
cosim: 7847000000 retirements ok (pc=0000000000152368)
[c=14795000000]
[c=14796000000]
cosim: 7848000000 retirements ok (pc=000000000015210c)
[c=14797000000]
cosim: 7849000000 retirements ok (pc=00000000001528c6)
[c=14798000000]
[c=14799000000]
cosim: 7850000000 retirements ok (pc=0000000000152748)
[c=14800000000]
cosim: 7851000000 retirements ok (pc=0000000000151ef8)
[c=14801000000]
cosim: 7852000000 retirements ok (pc=0000000000151da0)
[c=14802000000]
[c=14803000000]
cosim: 7853000000 retirements ok (pc=000000000015218e)
[c=14804000000]
cosim: 7854000000 retirements ok (pc=0000000000152992)
[c=14805000000]
cosim: 7855000000 retirements ok (pc=000000000015239a)
[c=14806000000]
[c=14807000000]
cosim: 7856000000 retirements ok (pc=000000000015257c)
[c=14808000000]
cosim: 7857000000 retirements ok (pc=0000000000151fe2)
[c=14809000000]
cosim: 7858000000 retirements ok (pc=0000000000152834)
[c=14810000000]
[c=14811000000]
cosim: 7859000000 retirements ok (pc=0000000000152d90)
[c=14812000000]
cosim: 7860000000 retirements ok (pc=0000000000151e6c)
[c=14813000000]
[c=14814000000]
cosim: 7861000000 retirements ok (pc=00000000001527a2)
[c=14815000000]
cosim: 7862000000 retirements ok (pc=0000000000152256)
[c=14816000000]
cosim: 7863000000 retirements ok (pc=00000000001520ec)
[c=14817000000]
[c=14818000000]
cosim: 7864000000 retirements ok (pc=0000000000152500)
[c=14819000000]
cosim: 7865000000 retirements ok (pc=0000000000151f2c)
[c=14820000000]
[c=14821000000]
cosim: 7866000000 retirements ok (pc=0000000000152ca4)
[c=14822000000]
cosim: 7867000000 retirements ok (pc=0000000000152110)
[c=14823000000]
cosim: 7868000000 retirements ok (pc=000000000014bd2e)
[c=14824000000]
[c=14825000000]
cosim: 7869000000 retirements ok (pc=000000000015245c)
[c=14826000000]
cosim: 7870000000 retirements ok (pc=0000000000151eda)
[c=14827000000]
cosim: 7871000000 retirements ok (pc=0000000000152c2e)
[c=14828000000]
[c=14829000000]
cosim: 7872000000 retirements ok (pc=0000000000152a84)
[c=14830000000]
cosim: 7873000000 retirements ok (pc=0000000000152712)
[c=14831000000]
cosim: 7874000000 retirements ok (pc=0000000000152b0a)
[c=14832000000]
[c=14833000000]
cosim: 7875000000 retirements ok (pc=00000000001525ae)
[c=14834000000]
cosim: 7876000000 retirements ok (pc=0000000000152982)
[c=14835000000]
cosim: 7877000000 retirements ok (pc=00000000001523d2)
[c=14836000000]
[c=14837000000]
cosim: 7878000000 retirements ok (pc=ffffffff808d911a)
[c=14838000000]
cosim: 7879000000 retirements ok (pc=0000000000152b64)
[c=14839000000]
[c=14840000000]
cosim: 7880000000 retirements ok (pc=00000000001523f4)
[c=14841000000]
cosim: 7881000000 retirements ok (pc=0000000000152374)
[c=14842000000]
[c=14843000000]
cosim: 7882000000 retirements ok (pc=00000000001521dc)
[c=14844000000]
cosim: 7883000000 retirements ok (pc=00000000001524b0)
[c=14845000000]
cosim: 7884000000 retirements ok (pc=0000000000152df4)
[c=14846000000]
[c=14847000000]
cosim: 7885000000 retirements ok (pc=ffffffff8068b950)
[c=14848000000]
cosim: 7886000000 retirements ok (pc=000000000015238e)
[c=14849000000]
[c=14850000000]
cosim: 7887000000 retirements ok (pc=00000000001521d8)
[c=14851000000]
cosim: 7888000000 retirements ok (pc=0000000000152ad6)
[c=14852000000]
cosim: 7889000000 retirements ok (pc=0000000000151e22)
[c=14853000000]
[c=14854000000]
cosim: 7890000000 retirements ok (pc=ffffffff8009de34)
[c=14855000000]
cosim: 7891000000 retirements ok (pc=0000000000152d1a)
[c=14856000000]
[c=14857000000]
cosim: 7892000000 retirements ok (pc=0000000000152aba)
[c=14858000000]
cosim: 7893000000 retirements ok (pc=0000000000152a48)
[c=14859000000]
cosim: 7894000000 retirements ok (pc=0000000000152066)
[c=14860000000]
[c=14861000000]
cosim: 7895000000 retirements ok (pc=000000000015201e)
[c=14862000000]
cosim: 7896000000 retirements ok (pc=0000000000152a92)
[c=14863000000]
cosim: 7897000000 retirements ok (pc=0000000000151e46)
[c=14864000000]
[c=14865000000]
cosim: 7898000000 retirements ok (pc=0000000000151ec2)
[c=14866000000]
cosim: 7899000000 retirements ok (pc=0000000000151d3e)
[c=14867000000]
cosim: 7900000000 retirements ok (pc=0000000000152de4)
[c=14868000000]
[c=14869000000]
cosim: 7901000000 retirements ok (pc=0000000000152b6e)
[c=14870000000]
cosim: 7902000000 retirements ok (pc=0000000000152c04)
[c=14871000000]
[c=14872000000]
cosim: 7903000000 retirements ok (pc=00000000001520e2)
[c=14873000000]
cosim: 7904000000 retirements ok (pc=0000000000151e50)
[c=14874000000]
cosim: 7905000000 retirements ok (pc=000000000015290c)
[c=14875000000]
[c=14876000000]
cosim: 7906000000 retirements ok (pc=0000000000152374)
[c=14877000000]
cosim: 7907000000 retirements ok (pc=00000000001525e6)
[c=14878000000]
cosim: 7908000000 retirements ok (pc=00000000001520b2)
[c=14879000000]
[c=14880000000]
cosim: 7909000000 retirements ok (pc=0000000000151e62)
[c=14881000000]
[c=14882000000]
[c=14883000000]
[c=14884000000]
cosim: 7910000000 retirements ok (pc=0000000000152bf4)
[c=14885000000]
cosim: 7911000000 retirements ok (pc=0000000000152026)
[c=14886000000]
[c=14887000000]
cosim: 7912000000 retirements ok (pc=00000000001528ae)
[c=14888000000]
cosim: 7913000000 retirements ok (pc=0000000000152702)
[c=14889000000]
cosim: 7914000000 retirements ok (pc=0000000000151ed8)
[c=14890000000]
[c=14891000000]
cosim: 7915000000 retirements ok (pc=ffffffff800a0126)
[c=14892000000]
cosim: 7916000000 retirements ok (pc=0000000000151df2)
[c=14893000000]
[c=14894000000]
cosim: 7917000000 retirements ok (pc=0000000000152604)
[c=14895000000]
cosim: 7918000000 retirements ok (pc=0000000000152346)
[c=14896000000]
cosim: 7919000000 retirements ok (pc=000000000015211a)
[c=14897000000]
[c=14898000000]
cosim: 7920000000 retirements ok (pc=0000000000152a90)
[c=14899000000]
cosim: 7921000000 retirements ok (pc=0000000000151e10)
[c=14900000000]
cosim: 7922000000 retirements ok (pc=0000000000152d6e)
[c=14901000000]
[c=14902000000]
cosim: 7923000000 retirements ok (pc=000000000015265e)
[c=14903000000]
cosim: 7924000000 retirements ok (pc=0000000000152aa2)
[c=14904000000]
cosim: 7925000000 retirements ok (pc=00000000001529ce)
[c=14905000000]
[c=14906000000]
cosim: 7926000000 retirements ok (pc=0000000000152200)
[c=14907000000]
cosim: 7927000000 retirements ok (pc=000000000015270e)
[c=14908000000]
[c=14909000000]
cosim: 7928000000 retirements ok (pc=00000000001529c2)
[c=14910000000]
cosim: 7929000000 retirements ok (pc=0000000000152df8)
[c=14911000000]
cosim: 7930000000 retirements ok (pc=0000000000151db2)
[c=14912000000]
[c=14913000000]
cosim: 7931000000 retirements ok (pc=0000000000152bf6)
[c=14914000000]
cosim: 7932000000 retirements ok (pc=000000000015268c)
[c=14915000000]
cosim: 7933000000 retirements ok (pc=00000000001520e2)
[c=14916000000]
[c=14917000000]
cosim: 7934000000 retirements ok (pc=0000000000151e70)
[c=14918000000]
cosim: 7935000000 retirements ok (pc=0000000000152064)
[c=14919000000]
[c=14920000000]
cosim: 7936000000 retirements ok (pc=00000000001523d0)
[c=14921000000]
cosim: 7937000000 retirements ok (pc=0000000000152c00)
[c=14922000000]
cosim: 7938000000 retirements ok (pc=0000000000152696)
[c=14923000000]
[c=14924000000]
cosim: 7939000000 retirements ok (pc=0000000000152470)
[c=14925000000]
cosim: 7940000000 retirements ok (pc=0000000000152dd6)
[c=14926000000]
[c=14927000000]
cosim: 7941000000 retirements ok (pc=000000000015291e)
[c=14928000000]
cosim: 7942000000 retirements ok (pc=000000000015231c)
[c=14929000000]
cosim: 7943000000 retirements ok (pc=0000000000152c94)
[c=14930000000]
[c=14931000000]
cosim: 7944000000 retirements ok (pc=00000000001525f2)
[c=14932000000]
cosim: 7945000000 retirements ok (pc=0000000000151dcc)
[c=14933000000]
cosim: 7946000000 retirements ok (pc=0000000000152d2e)
[c=14934000000]
[c=14935000000]
cosim: 7947000000 retirements ok (pc=0000000000151f44)
[c=14936000000]
cosim: 7948000000 retirements ok (pc=000000000015296a)
[c=14937000000]
cosim: 7949000000 retirements ok (pc=0000000000152c2e)
[c=14938000000]
[c=14939000000]
cosim: 7950000000 retirements ok (pc=00000000001529de)
[c=14940000000]
cosim: 7951000000 retirements ok (pc=0000000000152c9e)
[c=14941000000]
cosim: 7952000000 retirements ok (pc=0000000000152608)
[c=14942000000]
[c=14943000000]
cosim: 7953000000 retirements ok (pc=0000000000152aaa)
[c=14944000000]
cosim: 7954000000 retirements ok (pc=0000000000151e5e)
[c=14945000000]
[c=14946000000]
cosim: 7955000000 retirements ok (pc=0000000000152056)
[c=14947000000]
cosim: 7956000000 retirements ok (pc=000000000015237c)
[c=14948000000]
cosim: 7957000000 retirements ok (pc=000000000015231e)
[c=14949000000]
[c=14950000000]
cosim: 7958000000 retirements ok (pc=0000000000152822)
[c=14951000000]
cosim: 7959000000 retirements ok (pc=000000000015200e)
[c=14952000000]
cosim: 7960000000 retirements ok (pc=0000000000152460)
[c=14953000000]
[c=14954000000]
cosim: 7961000000 retirements ok (pc=00000000001523ba)
[c=14955000000]
cosim: 7962000000 retirements ok (pc=00000000001521ee)
[c=14956000000]
[c=14957000000]
cosim: 7963000000 retirements ok (pc=0000000000152688)
[c=14958000000]
cosim: 7964000000 retirements ok (pc=0000000000151e2e)
[c=14959000000]
cosim: 7965000000 retirements ok (pc=00000000001529da)
[c=14960000000]
[c=14961000000]
cosim: 7966000000 retirements ok (pc=000000000015217c)
[c=14962000000]
cosim: 7967000000 retirements ok (pc=0000000000151f02)
[c=14963000000]
cosim: 7968000000 retirements ok (pc=0000000000152826)
[c=14964000000]
[c=14965000000]
cosim: 7969000000 retirements ok (pc=000000000015215c)
[c=14966000000]
cosim: 7970000000 retirements ok (pc=0000000000152044)
[c=14967000000]
[c=14968000000]
cosim: 7971000000 retirements ok (pc=00000000001522ae)
[c=14969000000]
cosim: 7972000000 retirements ok (pc=0000000000152b7e)
[c=14970000000]
cosim: 7973000000 retirements ok (pc=00000000001529c6)
[c=14971000000]
[c=14972000000]
cosim: 7974000000 retirements ok (pc=0000000000152274)
[c=14973000000]
cosim: 7975000000 retirements ok (pc=0000000000152a36)
[c=14974000000]
cosim: 7976000000 retirements ok (pc=0000000000152332)
[c=14975000000]
[c=14976000000]
cosim: 7977000000 retirements ok (pc=0000000000152bc6)
[c=14977000000]
cosim: 7978000000 retirements ok (pc=000000000015245e)
[c=14978000000]
[c=14979000000]
cosim: 7979000000 retirements ok (pc=0000000000152cdc)
[c=14980000000]
cosim: 7980000000 retirements ok (pc=0000000000152a78)
[c=14981000000]
cosim: 7981000000 retirements ok (pc=000000000015233a)
[c=14982000000]
[c=14983000000]
cosim: 7982000000 retirements ok (pc=0000000000151ffe)
[c=14984000000]
cosim: 7983000000 retirements ok (pc=0000000000151fec)
[c=14985000000]
[c=14986000000]
cosim: 7984000000 retirements ok (pc=00000000001527d0)
[c=14987000000]
cosim: 7985000000 retirements ok (pc=0000000000152a7c)
[c=14988000000]
cosim: 7986000000 retirements ok (pc=0000000000151f84)
[c=14989000000]
[c=14990000000]
cosim: 7987000000 retirements ok (pc=00000000001524ee)
[c=14991000000]
cosim: 7988000000 retirements ok (pc=0000000000152092)
[c=14992000000]
cosim: 7989000000 retirements ok (pc=0000000000152876)
[c=14993000000]
[c=14994000000]
cosim: 7990000000 retirements ok (pc=0000000000151f7e)
[c=14995000000]
cosim: 7991000000 retirements ok (pc=0000000000152b06)
[c=14996000000]
[c=14997000000]
cosim: 7992000000 retirements ok (pc=000000000015286a)
[c=14998000000]
cosim: 7993000000 retirements ok (pc=00000000001526c2)
[c=14999000000]
cosim: 7994000000 retirements ok (pc=0000000000151db2)
[c=15000000000]
[c=15001000000]
cosim: 7995000000 retirements ok (pc=0000000000152de0)
[c=15002000000]
cosim: 7996000000 retirements ok (pc=000000000015234e)
[c=15003000000]
[c=15004000000]
cosim: 7997000000 retirements ok (pc=0000000000152522)
[c=15005000000]
cosim: 7998000000 retirements ok (pc=000000000015235a)
[c=15006000000]
cosim: 7999000000 retirements ok (pc=0000000000152588)
[c=15007000000]
[c=15008000000]
cosim: 8000000000 retirements ok (pc=0000000000152614)
[c=15009000000]
cosim: 8001000000 retirements ok (pc=0000000000152d16)
[c=15010000000]
cosim: 8002000000 retirements ok (pc=0000000000152924)
[c=15011000000]
[c=15012000000]
cosim: 8003000000 retirements ok (pc=0000000000152806)
[c=15013000000]
cosim: 8004000000 retirements ok (pc=0000000000151ff4)
[c=15014000000]
[c=15015000000]
cosim: 8005000000 retirements ok (pc=0000000000152822)
[c=15016000000]
cosim: 8006000000 retirements ok (pc=0000000000152732)
[c=15017000000]
cosim: 8007000000 retirements ok (pc=0000000000152b6c)
[c=15018000000]
[c=15019000000]
cosim: 8008000000 retirements ok (pc=0000000000152a34)
[c=15020000000]
cosim: 8009000000 retirements ok (pc=00000000001523b2)
[c=15021000000]
cosim: 8010000000 retirements ok (pc=0000000000152358)
[c=15022000000]
[c=15023000000]
cosim: 8011000000 retirements ok (pc=0000000000152cf6)
[c=15024000000]
cosim: 8012000000 retirements ok (pc=0000000000152118)
[c=15025000000]
cosim: 8013000000 retirements ok (pc=0000000000152116)
[c=15026000000]
[c=15027000000]
cosim: 8014000000 retirements ok (pc=0000000000152d82)
[c=15028000000]
cosim: 8015000000 retirements ok (pc=0000000000151ee8)
[c=15029000000]
[c=15030000000]
cosim: 8016000000 retirements ok (pc=0000000000152986)
[c=15031000000]
cosim: 8017000000 retirements ok (pc=0000000000151d42)
[c=15032000000]
cosim: 8018000000 retirements ok (pc=0000000000152760)
[c=15033000000]
[c=15034000000]
cosim: 8019000000 retirements ok (pc=0000000000152b4c)
[c=15035000000]
cosim: 8020000000 retirements ok (pc=00000000001524aa)
[c=15036000000]
[c=15037000000]
cosim: 8021000000 retirements ok (pc=0000000000152662)
[c=15038000000]
cosim: 8022000000 retirements ok (pc=0000000000151ff4)
[c=15039000000]
cosim: 8023000000 retirements ok (pc=0000000000152ac2)
[c=15040000000]
[c=15041000000]
cosim: 8024000000 retirements ok (pc=0000000000152bb8)
[c=15042000000]
cosim: 8025000000 retirements ok (pc=000000000015252e)
[c=15043000000]
cosim: 8026000000 retirements ok (pc=00000000001529cc)
[c=15044000000]
[c=15045000000]
cosim: 8027000000 retirements ok (pc=000000000015214c)
[c=15046000000]
cosim: 8028000000 retirements ok (pc=0000000000151e0c)
[c=15047000000]
cosim: 8029000000 retirements ok (pc=0000000000152444)
[c=15048000000]
[c=15049000000]
cosim: 8030000000 retirements ok (pc=0000000000151eb0)
[c=15050000000]
cosim: 8031000000 retirements ok (pc=000000000015227c)
[c=15051000000]
cosim: 8032000000 retirements ok (pc=0000000000152c24)
[c=15052000000]
[c=15053000000]
cosim: 8033000000 retirements ok (pc=0000000000152cb2)
[c=15054000000]
cosim: 8034000000 retirements ok (pc=0000000000152bd2)
[c=15055000000]
[c=15056000000]
cosim: 8035000000 retirements ok (pc=00000000001524d2)
[c=15057000000]
cosim: 8036000000 retirements ok (pc=00000000001526e6)
[c=15058000000]
cosim: 8037000000 retirements ok (pc=00000000001525ba)
[c=15059000000]
[c=15060000000]
cosim: 8038000000 retirements ok (pc=0000000000151f6a)
[c=15061000000]
cosim: 8039000000 retirements ok (pc=0000000000152012)
[c=15062000000]
[c=15063000000]
cosim: 8040000000 retirements ok (pc=000000000015242e)
[c=15064000000]
cosim: 8041000000 retirements ok (pc=0000000000152c9e)
[c=15065000000]
cosim: 8042000000 retirements ok (pc=0000000000152bf6)
[c=15066000000]
[c=15067000000]
cosim: 8043000000 retirements ok (pc=00000000001523de)
[c=15068000000]
cosim: 8044000000 retirements ok (pc=0000000000151dbc)
[c=15069000000]
cosim: 8045000000 retirements ok (pc=000000000015213c)
[c=15070000000]
[c=15071000000]
cosim: 8046000000 retirements ok (pc=0000000000151eba)
[c=15072000000]
cosim: 8047000000 retirements ok (pc=000000000015284a)
[c=15073000000]
[c=15074000000]
cosim: 8048000000 retirements ok (pc=000000000015215a)
[c=15075000000]
cosim: 8049000000 retirements ok (pc=0000000000152480)
[c=15076000000]
cosim: 8050000000 retirements ok (pc=0000000000151dde)
[c=15077000000]
[c=15078000000]
cosim: 8051000000 retirements ok (pc=0000000000152bcc)
[c=15079000000]
cosim: 8052000000 retirements ok (pc=000000000015201e)
[c=15080000000]
cosim: 8053000000 retirements ok (pc=0000000000152576)
[c=15081000000]
[c=15082000000]
cosim: 8054000000 retirements ok (pc=000000000015298e)
[c=15083000000]
cosim: 8055000000 retirements ok (pc=0000000000152394)
[c=15084000000]
cosim: 8056000000 retirements ok (pc=00000000001527c4)
[c=15085000000]
[c=15086000000]
cosim: 8057000000 retirements ok (pc=0000000000152c40)
[c=15087000000]
cosim: 8058000000 retirements ok (pc=0000000000152d44)
[c=15088000000]
[c=15089000000]
cosim: 8059000000 retirements ok (pc=0000000000152478)
[c=15090000000]
cosim: 8060000000 retirements ok (pc=0000000000152920)
[c=15091000000]
cosim: 8061000000 retirements ok (pc=0000000000152cd2)
[c=15092000000]
[c=15093000000]
cosim: 8062000000 retirements ok (pc=0000000000152b6c)
[c=15094000000]
cosim: 8063000000 retirements ok (pc=000000000015281c)
[c=15095000000]
cosim: 8064000000 retirements ok (pc=00000000001528e0)
[c=15096000000]
[c=15097000000]
cosim: 8065000000 retirements ok (pc=ffffffff800a120a)
[c=15098000000]
cosim: 8066000000 retirements ok (pc=ffffffff8053109e)
[c=15099000000]
cosim: 8067000000 retirements ok (pc=00000000001527ca)
[c=15100000000]
[c=15101000000]
cosim: 8068000000 retirements ok (pc=ffffffff800a19d2)
[c=15102000000]
cosim: 8069000000 retirements ok (pc=0000000000152326)
[c=15103000000]
[c=15104000000]
cosim: 8070000000 retirements ok (pc=0000000000151fe6)
[c=15105000000]
cosim: 8071000000 retirements ok (pc=0000000000152dd6)
[c=15106000000]
cosim: 8072000000 retirements ok (pc=0000000000152aa6)
[c=15107000000]
[c=15108000000]
cosim: 8073000000 retirements ok (pc=00000000001527fc)
[c=15109000000]
cosim: 8074000000 retirements ok (pc=0000000000151fda)
[c=15110000000]
cosim: 8075000000 retirements ok (pc=0000000000151f86)
[c=15111000000]
[c=15112000000]
cosim: 8076000000 retirements ok (pc=0000000000152244)
[c=15113000000]
cosim: 8077000000 retirements ok (pc=0000000000152bce)
[c=15114000000]
[c=15115000000]
cosim: 8078000000 retirements ok (pc=0000000000152812)
[c=15116000000]
cosim: 8079000000 retirements ok (pc=0000000000151f00)
[c=15117000000]
cosim: 8080000000 retirements ok (pc=0000000000152c5e)
[c=15118000000]
[c=15119000000]
cosim: 8081000000 retirements ok (pc=0000000000152bac)
[c=15120000000]
cosim: 8082000000 retirements ok (pc=0000000000151e58)
[c=15121000000]
[c=15122000000]
cosim: 8083000000 retirements ok (pc=000000000014bdd6)
[c=15123000000]
cosim: 8084000000 retirements ok (pc=00000000001522b6)
[c=15124000000]
cosim: 8085000000 retirements ok (pc=000000000015202e)
[c=15125000000]
[c=15126000000]
cosim: 8086000000 retirements ok (pc=0000000000152702)
[c=15127000000]
cosim: 8087000000 retirements ok (pc=0000000000151e1e)
[c=15128000000]
cosim: 8088000000 retirements ok (pc=0000000000152322)
[c=15129000000]
[c=15130000000]
cosim: 8089000000 retirements ok (pc=000000000015295a)
[c=15131000000]
cosim: 8090000000 retirements ok (pc=0000000000152856)
[c=15132000000]
[c=15133000000]
cosim: 8091000000 retirements ok (pc=0000000000151fe8)
[c=15134000000]
cosim: 8092000000 retirements ok (pc=000000000015234e)
[c=15135000000]
cosim: 8093000000 retirements ok (pc=00000000001526e2)
[c=15136000000]
[c=15137000000]
cosim: 8094000000 retirements ok (pc=0000000000152866)
[c=15138000000]
cosim: 8095000000 retirements ok (pc=0000000000152592)
[c=15139000000]
[c=15140000000]
cosim: 8096000000 retirements ok (pc=00000000001529c2)
[c=15141000000]
cosim: 8097000000 retirements ok (pc=00000000001524a2)
[c=15142000000]
cosim: 8098000000 retirements ok (pc=0000000000152228)
[c=15143000000]
[c=15144000000]
cosim: 8099000000 retirements ok (pc=0000000000152b60)
[c=15145000000]
cosim: 8100000000 retirements ok (pc=0000000000152a70)
[c=15146000000]
cosim: 8101000000 retirements ok (pc=ffffffff8006c2d8)
[c=15147000000]
[c=15148000000]
cosim: 8102000000 retirements ok (pc=00000000001522be)
[c=15149000000]
cosim: 8103000000 retirements ok (pc=000000000015219c)
[c=15150000000]
[c=15151000000]
cosim: 8104000000 retirements ok (pc=00000000001523da)
[c=15152000000]
cosim: 8105000000 retirements ok (pc=00000000001520f8)
[c=15153000000]
cosim: 8106000000 retirements ok (pc=000000000015202c)
[c=15154000000]
[c=15155000000]
cosim: 8107000000 retirements ok (pc=000000000015223a)
[c=15156000000]
[c=15157000000]
[c=15158000000]
[c=15159000000]
cosim: 8108000000 retirements ok (pc=00000000001529f6)
[c=15160000000]
cosim: 8109000000 retirements ok (pc=00000000001521fe)
[c=15161000000]
[c=15162000000]
cosim: 8110000000 retirements ok (pc=0000000000151f38)
[c=15163000000]
cosim: 8111000000 retirements ok (pc=0000000000151f04)
[c=15164000000]
cosim: 8112000000 retirements ok (pc=00000000001526f6)
[c=15165000000]
[c=15166000000]
cosim: 8113000000 retirements ok (pc=00000000001525bc)
[c=15167000000]
cosim: 8114000000 retirements ok (pc=00000000001521ee)
[c=15168000000]
cosim: 8115000000 retirements ok (pc=0000000000151eea)
[c=15169000000]
[c=15170000000]
cosim: 8116000000 retirements ok (pc=0000000000151eb0)
[c=15171000000]
cosim: 8117000000 retirements ok (pc=0000000000152614)
[c=15172000000]
cosim: 8118000000 retirements ok (pc=00000000001525ac)
[c=15173000000]
[c=15174000000]
cosim: 8119000000 retirements ok (pc=0000000000151e3a)
[c=15175000000]
cosim: 8120000000 retirements ok (pc=0000000000152abe)
[c=15176000000]
[c=15177000000]
cosim: 8121000000 retirements ok (pc=0000000000152a3a)
[c=15178000000]
cosim: 8122000000 retirements ok (pc=0000000000152286)
[c=15179000000]
cosim: 8123000000 retirements ok (pc=00000000001521e6)
[c=15180000000]
[c=15181000000]
cosim: 8124000000 retirements ok (pc=0000000000152de4)
[c=15182000000]
cosim: 8125000000 retirements ok (pc=0000000000152b74)
[c=15183000000]
cosim: 8126000000 retirements ok (pc=0000000000151eb4)
[c=15184000000]
[c=15185000000]
cosim: 8127000000 retirements ok (pc=00000000001520ec)
[c=15186000000]
cosim: 8128000000 retirements ok (pc=000000000015277a)
[c=15187000000]
[c=15188000000]
cosim: 8129000000 retirements ok (pc=0000000000151f62)
[c=15189000000]
cosim: 8130000000 retirements ok (pc=0000000000151f5a)
[c=15190000000]
cosim: 8131000000 retirements ok (pc=0000000000151f6a)
[c=15191000000]
[c=15192000000]
cosim: 8132000000 retirements ok (pc=00000000001521b6)
[c=15193000000]
cosim: 8133000000 retirements ok (pc=0000000000152b8e)
[c=15194000000]
[c=15195000000]
cosim: 8134000000 retirements ok (pc=0000000000151de2)
[c=15196000000]
cosim: 8135000000 retirements ok (pc=0000000000152cb0)
[c=15197000000]
cosim: 8136000000 retirements ok (pc=00000000001525e8)
[c=15198000000]
cosim: 8137000000 retirements ok (pc=0000000000152ab4)
[c=15199000000]
[c=15200000000]
cosim: 8138000000 retirements ok (pc=00000000001523ca)
[c=15201000000]
cosim: 8139000000 retirements ok (pc=000000000015257a)
[c=15202000000]
[c=15203000000]
cosim: 8140000000 retirements ok (pc=0000000000152dba)
[c=15204000000]
cosim: 8141000000 retirements ok (pc=000000000015271c)
[c=15205000000]
cosim: 8142000000 retirements ok (pc=00000000001524e0)
[c=15206000000]
[c=15207000000]
cosim: 8143000000 retirements ok (pc=000000000015227c)
[c=15208000000]
cosim: 8144000000 retirements ok (pc=ffffffff80063fdc)
[c=15209000000]
[c=15210000000]
cosim: 8145000000 retirements ok (pc=0000000000152c66)
[c=15211000000]
cosim: 8146000000 retirements ok (pc=0000000000152512)
[c=15212000000]
cosim: 8147000000 retirements ok (pc=0000000000152512)
[c=15213000000]
[c=15214000000]
cosim: 8148000000 retirements ok (pc=00000000001522ac)
[c=15215000000]
cosim: 8149000000 retirements ok (pc=0000000000152978)
[c=15216000000]
cosim: 8150000000 retirements ok (pc=00000000001522fe)
[c=15217000000]
[c=15218000000]
cosim: 8151000000 retirements ok (pc=0000000000152136)
[c=15219000000]
cosim: 8152000000 retirements ok (pc=0000000000151ed0)
[c=15220000000]
[c=15221000000]
cosim: 8153000000 retirements ok (pc=0000000000152be6)
[c=15222000000]
cosim: 8154000000 retirements ok (pc=000000000015234a)
[c=15223000000]
cosim: 8155000000 retirements ok (pc=000000000015282a)
[c=15224000000]
[c=15225000000]
cosim: 8156000000 retirements ok (pc=0000000000151ee2)
[c=15226000000]
cosim: 8157000000 retirements ok (pc=00000000001526aa)
[c=15227000000]
cosim: 8158000000 retirements ok (pc=0000000000152cb6)
[c=15228000000]
[c=15229000000]
cosim: 8159000000 retirements ok (pc=0000000000152484)
[c=15230000000]
cosim: 8160000000 retirements ok (pc=0000000000152af0)
[c=15231000000]
cosim: 8161000000 retirements ok (pc=00000000001521d4)
[c=15232000000]
[c=15233000000]
cosim: 8162000000 retirements ok (pc=0000000000151f72)
[c=15234000000]
cosim: 8163000000 retirements ok (pc=0000000000152700)
[c=15235000000]
[c=15236000000]
cosim: 8164000000 retirements ok (pc=0000000000152822)
[c=15237000000]
cosim: 8165000000 retirements ok (pc=00000000001526cc)
[c=15238000000]
cosim: 8166000000 retirements ok (pc=000000000015295e)
[c=15239000000]
[c=15240000000]
cosim: 8167000000 retirements ok (pc=000000000015270e)
[c=15241000000]
cosim: 8168000000 retirements ok (pc=00000000001523dc)
[c=15242000000]
cosim: 8169000000 retirements ok (pc=00000000001524bc)
[c=15243000000]
[c=15244000000]
cosim: 8170000000 retirements ok (pc=0000000000151ea8)
[c=15245000000]
cosim: 8171000000 retirements ok (pc=000000000015256e)
[c=15246000000]
[c=15247000000]
cosim: 8172000000 retirements ok (pc=0000000000152526)
[c=15248000000]
cosim: 8173000000 retirements ok (pc=00000000001528de)
[c=15249000000]
cosim: 8174000000 retirements ok (pc=0000000000152bd2)
[c=15250000000]
[c=15251000000]
cosim: 8175000000 retirements ok (pc=000000000015236c)
[c=15252000000]
cosim: 8176000000 retirements ok (pc=00000000001524c4)
[c=15253000000]
[c=15254000000]
cosim: 8177000000 retirements ok (pc=ffffffff800a388a)
[c=15255000000]
cosim: 8178000000 retirements ok (pc=0000000000152b46)
[c=15256000000]
cosim: 8179000000 retirements ok (pc=00000000001525f6)
[c=15257000000]
[c=15258000000]
cosim: 8180000000 retirements ok (pc=0000000000152c22)
[c=15259000000]
cosim: 8181000000 retirements ok (pc=0000000000151e86)
[c=15260000000]
cosim: 8182000000 retirements ok (pc=00000000001527f0)
[c=15261000000]
[c=15262000000]
cosim: 8183000000 retirements ok (pc=0000000000152932)
[c=15263000000]
cosim: 8184000000 retirements ok (pc=00000000001527da)
[c=15264000000]
cosim: 8185000000 retirements ok (pc=000000000015258a)
[c=15265000000]
[c=15266000000]
cosim: 8186000000 retirements ok (pc=0000000000152c28)
[c=15267000000]
cosim: 8187000000 retirements ok (pc=0000000000151fd2)
[c=15268000000]
[c=15269000000]
cosim: 8188000000 retirements ok (pc=0000000000151fc2)
[c=15270000000]
cosim: 8189000000 retirements ok (pc=0000000000152cf6)
[c=15271000000]
cosim: 8190000000 retirements ok (pc=0000000000152936)
[c=15272000000]
[c=15273000000]
cosim: 8191000000 retirements ok (pc=0000000000152a84)
[c=15274000000]
cosim: 8192000000 retirements ok (pc=0000000000152370)
[c=15275000000]
cosim: 8193000000 retirements ok (pc=0000000000152164)
[c=15276000000]
[c=15277000000]
cosim: 8194000000 retirements ok (pc=0000000000152a18)
[c=15278000000]
cosim: 8195000000 retirements ok (pc=0000000000152d54)
[c=15279000000]
[c=15280000000]
cosim: 8196000000 retirements ok (pc=00000000001520a6)
[c=15281000000]
cosim: 8197000000 retirements ok (pc=00000000001526ea)
[c=15282000000]
[c=15283000000]
cosim: 8198000000 retirements ok (pc=0000000000152d7c)
[c=15284000000]
cosim: 8199000000 retirements ok (pc=0000000000152096)
[c=15285000000]
cosim: 8200000000 retirements ok (pc=0000000000152c40)
[c=15286000000]
[c=15287000000]
cosim: 8201000000 retirements ok (pc=000000000015240e)
[c=15288000000]
cosim: 8202000000 retirements ok (pc=000000000015266c)
[c=15289000000]
cosim: 8203000000 retirements ok (pc=00000000001524c6)
[c=15290000000]
[c=15291000000]
cosim: 8204000000 retirements ok (pc=00000000001529ca)
[c=15292000000]
cosim: 8205000000 retirements ok (pc=0000000000152c5e)
[c=15293000000]
[c=15294000000]
cosim: 8206000000 retirements ok (pc=0000000000151fd0)
[c=15295000000]
cosim: 8207000000 retirements ok (pc=000000000015207e)
[c=15296000000]
cosim: 8208000000 retirements ok (pc=0000000000151eec)
[c=15297000000]
[c=15298000000]
cosim: 8209000000 retirements ok (pc=0000000000152274)
[c=15299000000]
cosim: 8210000000 retirements ok (pc=00000000001523c6)
[c=15300000000]
cosim: 8211000000 retirements ok (pc=0000000000152118)
[c=15301000000]
[c=15302000000]
cosim: 8212000000 retirements ok (pc=000000000015287c)
[c=15303000000]
cosim: 8213000000 retirements ok (pc=0000000000152a06)
[c=15304000000]
[c=15305000000]
cosim: 8214000000 retirements ok (pc=0000000000152c2e)
[c=15306000000]
cosim: 8215000000 retirements ok (pc=0000000000152be0)
[c=15307000000]
cosim: 8216000000 retirements ok (pc=0000000000152b88)
[c=15308000000]
[c=15309000000]
cosim: 8217000000 retirements ok (pc=0000000000151dde)
[c=15310000000]
cosim: 8218000000 retirements ok (pc=0000000000152262)
[c=15311000000]
cosim: 8219000000 retirements ok (pc=0000000000152318)
[c=15312000000]
[c=15313000000]
cosim: 8220000000 retirements ok (pc=0000000000152912)
[c=15314000000]
cosim: 8221000000 retirements ok (pc=000000000015270a)
[c=15315000000]
[c=15316000000]
cosim: 8222000000 retirements ok (pc=0000000000152060)
[c=15317000000]
cosim: 8223000000 retirements ok (pc=0000000000151dea)
[c=15318000000]
cosim: 8224000000 retirements ok (pc=00000000001521e6)
[c=15319000000]
[c=15320000000]
cosim: 8225000000 retirements ok (pc=00000000001529ee)
[c=15321000000]
cosim: 8226000000 retirements ok (pc=00000000001520ae)
[c=15322000000]
cosim: 8227000000 retirements ok (pc=0000000000152840)
[c=15323000000]
[c=15324000000]
cosim: 8228000000 retirements ok (pc=00000000001527d0)
[c=15325000000]
cosim: 8229000000 retirements ok (pc=0000000000151e20)
[c=15326000000]
cosim: 8230000000 retirements ok (pc=ffffffff8004f8c4)
[c=15327000000]
[c=15328000000]
cosim: 8231000000 retirements ok (pc=000000000015218e)
[c=15329000000]
cosim: 8232000000 retirements ok (pc=000000000015217c)
[c=15330000000]
[c=15331000000]
cosim: 8233000000 retirements ok (pc=0000000000152b0e)
[c=15332000000]
cosim: 8234000000 retirements ok (pc=00000000001526a4)
[c=15333000000]
cosim: 8235000000 retirements ok (pc=ffffffff808d90f8)
[c=15334000000]
[c=15335000000]
cosim: 8236000000 retirements ok (pc=00000000001526ea)
[c=15336000000]
cosim: 8237000000 retirements ok (pc=000000000015288c)
[c=15337000000]
[c=15338000000]
cosim: 8238000000 retirements ok (pc=0000000000151f76)
[c=15339000000]
cosim: 8239000000 retirements ok (pc=0000000000152bca)
[c=15340000000]
cosim: 8240000000 retirements ok (pc=0000000000152320)
[c=15341000000]
[c=15342000000]
cosim: 8241000000 retirements ok (pc=ffffffff800a1978)
[c=15343000000]
cosim: 8242000000 retirements ok (pc=0000000000152300)
[c=15344000000]
cosim: 8243000000 retirements ok (pc=0000000000152a42)
[c=15345000000]
[c=15346000000]
cosim: 8244000000 retirements ok (pc=000000000015274e)
[c=15347000000]
cosim: 8245000000 retirements ok (pc=00000000001522fa)
[c=15348000000]
cosim: 8246000000 retirements ok (pc=0000000000152a54)
[c=15349000000]
[c=15350000000]
cosim: 8247000000 retirements ok (pc=0000000000151d4e)
[c=15351000000]
cosim: 8248000000 retirements ok (pc=000000000015255a)
[c=15352000000]
[c=15353000000]
cosim: 8249000000 retirements ok (pc=0000000000152302)
[c=15354000000]
cosim: 8250000000 retirements ok (pc=00000000001524ca)
[c=15355000000]
cosim: 8251000000 retirements ok (pc=0000000000152198)
[c=15356000000]
[c=15357000000]
cosim: 8252000000 retirements ok (pc=0000000000151f36)
[c=15358000000]
cosim: 8253000000 retirements ok (pc=0000000000151df0)
[c=15359000000]
cosim: 8254000000 retirements ok (pc=000000000015272e)
[c=15360000000]
[c=15361000000]
cosim: 8255000000 retirements ok (pc=00000000001524ac)
[c=15362000000]
cosim: 8256000000 retirements ok (pc=00000000001520d2)
[c=15363000000]
[c=15364000000]
cosim: 8257000000 retirements ok (pc=0000000000151f96)
[c=15365000000]
cosim: 8258000000 retirements ok (pc=0000000000151f8e)
[c=15366000000]
cosim: 8259000000 retirements ok (pc=0000000000151eec)
[c=15367000000]
[c=15368000000]
cosim: 8260000000 retirements ok (pc=0000000000151f00)
[c=15369000000]
cosim: 8261000000 retirements ok (pc=000000000015274c)
[c=15370000000]
cosim: 8262000000 retirements ok (pc=0000000000152016)
[c=15371000000]
[c=15372000000]
cosim: 8263000000 retirements ok (pc=0000000000152d7e)
[c=15373000000]
cosim: 8264000000 retirements ok (pc=0000000000152406)
[c=15374000000]
cosim: 8265000000 retirements ok (pc=0000000000152bdc)
[c=15375000000]
[c=15376000000]
cosim: 8266000000 retirements ok (pc=000000000015259c)
[c=15377000000]
cosim: 8267000000 retirements ok (pc=0000000000152a14)
[c=15378000000]
[c=15379000000]
cosim: 8268000000 retirements ok (pc=000000000015234a)
[c=15380000000]
cosim: 8269000000 retirements ok (pc=000000000015214a)
[c=15381000000]
cosim: 8270000000 retirements ok (pc=0000000000152628)
[c=15382000000]
[c=15383000000]
cosim: 8271000000 retirements ok (pc=0000000000152d6a)
[c=15384000000]
cosim: 8272000000 retirements ok (pc=0000000000152aa0)
[c=15385000000]
cosim: 8273000000 retirements ok (pc=000000000015296c)
[c=15386000000]
[c=15387000000]
cosim: 8274000000 retirements ok (pc=0000000000152b9a)
[c=15388000000]
cosim: 8275000000 retirements ok (pc=00000000001522f4)
[c=15389000000]
[c=15390000000]
cosim: 8276000000 retirements ok (pc=ffffffff8005726a)
[c=15391000000]
cosim: 8277000000 retirements ok (pc=0000000000152700)
[c=15392000000]
cosim: 8278000000 retirements ok (pc=000000000015273c)
[c=15393000000]
[c=15394000000]
cosim: 8279000000 retirements ok (pc=0000000000152ccc)
[c=15395000000]
cosim: 8280000000 retirements ok (pc=ffffffff800a3fac)
[c=15396000000]
[c=15397000000]
cosim: 8281000000 retirements ok (pc=0000000000151f30)
[c=15398000000]
cosim: 8282000000 retirements ok (pc=000000000015282c)
[c=15399000000]
cosim: 8283000000 retirements ok (pc=00000000001527f4)
[c=15400000000]
[c=15401000000]
cosim: 8284000000 retirements ok (pc=0000000000151f4a)
[c=15402000000]
cosim: 8285000000 retirements ok (pc=0000000000151da6)
[c=15403000000]
cosim: 8286000000 retirements ok (pc=000000000015259c)
[c=15404000000]
[c=15405000000]
cosim: 8287000000 retirements ok (pc=0000000000151dc4)
[c=15406000000]
cosim: 8288000000 retirements ok (pc=000000000015295c)
[c=15407000000]
cosim: 8289000000 retirements ok (pc=000000000015222c)
[c=15408000000]
[c=15409000000]
cosim: 8290000000 retirements ok (pc=0000000000152572)
[c=15410000000]
cosim: 8291000000 retirements ok (pc=0000000000152356)
[c=15411000000]
cosim: 8292000000 retirements ok (pc=0000000000152d52)
[c=15412000000]
[c=15413000000]
cosim: 8293000000 retirements ok (pc=0000000000152976)
[c=15414000000]
cosim: 8294000000 retirements ok (pc=0000000000152090)
[c=15415000000]
[c=15416000000]
cosim: 8295000000 retirements ok (pc=0000000000151f9a)
[c=15417000000]
cosim: 8296000000 retirements ok (pc=0000000000151fe8)
[c=15418000000]
cosim: 8297000000 retirements ok (pc=000000000015215c)
[c=15419000000]
[c=15420000000]
cosim: 8298000000 retirements ok (pc=00000000001528b8)
[c=15421000000]
cosim: 8299000000 retirements ok (pc=0000000000152240)
[c=15422000000]
[c=15423000000]
cosim: 8300000000 retirements ok (pc=0000000000152764)
[c=15424000000]
cosim: 8301000000 retirements ok (pc=0000000000152706)
[c=15425000000]
[c=15426000000]
cosim: 8302000000 retirements ok (pc=0000000000151f02)
[c=15427000000]
cosim: 8303000000 retirements ok (pc=0000000000152df6)
[c=15428000000]
cosim: 8304000000 retirements ok (pc=0000000000151faa)
[c=15429000000]
[c=15430000000]
cosim: 8305000000 retirements ok (pc=0000000000152c2e)
[c=15431000000]
[c=15432000000]
[c=15433000000]
[c=15434000000]
cosim: 8306000000 retirements ok (pc=0000000000152cbe)
[c=15435000000]
cosim: 8307000000 retirements ok (pc=0000000000152602)
[c=15436000000]
[c=15437000000]
cosim: 8308000000 retirements ok (pc=0000000000152000)
[c=15438000000]
cosim: 8309000000 retirements ok (pc=000000000015241e)
[c=15439000000]
cosim: 8310000000 retirements ok (pc=0000000000151ebc)
[c=15440000000]
[c=15441000000]
cosim: 8311000000 retirements ok (pc=0000000000152306)
[c=15442000000]
cosim: 8312000000 retirements ok (pc=000000000015262c)
[c=15443000000]
cosim: 8313000000 retirements ok (pc=0000000000151f8e)
[c=15444000000]
[c=15445000000]
cosim: 8314000000 retirements ok (pc=000000000015286a)
[c=15446000000]
cosim: 8315000000 retirements ok (pc=00000000001526c6)
[c=15447000000]
cosim: 8316000000 retirements ok (pc=0000000000152cce)
[c=15448000000]
[c=15449000000]
cosim: 8317000000 retirements ok (pc=0000000000152904)
[c=15450000000]
cosim: 8318000000 retirements ok (pc=0000000000152ce4)
[c=15451000000]
[c=15452000000]
cosim: 8319000000 retirements ok (pc=0000000000152b48)
[c=15453000000]
cosim: 8320000000 retirements ok (pc=0000000000152200)
[c=15454000000]
cosim: 8321000000 retirements ok (pc=00000000001524ca)
[c=15455000000]
[c=15456000000]
cosim: 8322000000 retirements ok (pc=0000000000151f74)
[c=15457000000]
cosim: 8323000000 retirements ok (pc=0000000000152aa2)
[c=15458000000]
[c=15459000000]
cosim: 8324000000 retirements ok (pc=00000000001528b8)
[c=15460000000]
cosim: 8325000000 retirements ok (pc=0000000000152d7c)
[c=15461000000]
cosim: 8326000000 retirements ok (pc=00000000001525c2)
[c=15462000000]
[c=15463000000]
cosim: 8327000000 retirements ok (pc=0000000000152df2)
[c=15464000000]
cosim: 8328000000 retirements ok (pc=000000000015272e)
[c=15465000000]
cosim: 8329000000 retirements ok (pc=0000000000152b56)
[c=15466000000]
[c=15467000000]
cosim: 8330000000 retirements ok (pc=00000000001529ce)
[c=15468000000]
cosim: 8331000000 retirements ok (pc=0000000000152728)
[c=15469000000]
[c=15470000000]
cosim: 8332000000 retirements ok (pc=0000000000152008)
[c=15471000000]
cosim: 8333000000 retirements ok (pc=0000000000152ae2)
[c=15472000000]
cosim: 8334000000 retirements ok (pc=00000000001523a2)
[c=15473000000]
[c=15474000000]
cosim: 8335000000 retirements ok (pc=0000000000152b9a)
[c=15475000000]
cosim: 8336000000 retirements ok (pc=000000000015298c)
[c=15476000000]
cosim: 8337000000 retirements ok (pc=00000000001522b2)
[c=15477000000]
[c=15478000000]
cosim: 8338000000 retirements ok (pc=0000000000152288)
[c=15479000000]
cosim: 8339000000 retirements ok (pc=00000000001526be)
[c=15480000000]
cosim: 8340000000 retirements ok (pc=0000000000152bf2)
[c=15481000000]
[c=15482000000]
cosim: 8341000000 retirements ok (pc=000000000015200c)
[c=15483000000]
cosim: 8342000000 retirements ok (pc=0000000000152a2e)
[c=15484000000]
[c=15485000000]
cosim: 8343000000 retirements ok (pc=ffffffff800a5e38)
[c=15486000000]
cosim: 8344000000 retirements ok (pc=000000000015270e)
[c=15487000000]
cosim: 8345000000 retirements ok (pc=0000000000152160)
[c=15488000000]
[c=15489000000]
cosim: 8346000000 retirements ok (pc=0000000000152b58)
[c=15490000000]
cosim: 8347000000 retirements ok (pc=ffffffff8004bf48)
[c=15491000000]
cosim: 8348000000 retirements ok (pc=ffffffff800af616)
[c=15492000000]
[c=15493000000]
cosim: 8349000000 retirements ok (pc=0000000000152d6e)
[c=15494000000]
cosim: 8350000000 retirements ok (pc=00000000001524c6)
[c=15495000000]
[c=15496000000]
cosim: 8351000000 retirements ok (pc=0000000000152942)
[c=15497000000]
cosim: 8352000000 retirements ok (pc=000000000015232a)
[c=15498000000]
cosim: 8353000000 retirements ok (pc=0000000000152cce)
[c=15499000000]
[c=15500000000]
cosim: 8354000000 retirements ok (pc=0000000000152696)
[c=15501000000]
cosim: 8355000000 retirements ok (pc=0000000000152de0)
[c=15502000000]
cosim: 8356000000 retirements ok (pc=00000000001526d4)
[c=15503000000]
[c=15504000000]
cosim: 8357000000 retirements ok (pc=00000000001525d2)
[c=15505000000]
cosim: 8358000000 retirements ok (pc=0000000000152512)
[c=15506000000]
cosim: 8359000000 retirements ok (pc=00000000001526a4)
[c=15507000000]
[c=15508000000]
cosim: 8360000000 retirements ok (pc=00000000001520c4)
[c=15509000000]
cosim: 8361000000 retirements ok (pc=00000000001523da)
[c=15510000000]
[c=15511000000]
cosim: 8362000000 retirements ok (pc=0000000000152c1c)
[c=15512000000]
cosim: 8363000000 retirements ok (pc=00000000001525e8)
[c=15513000000]
cosim: 8364000000 retirements ok (pc=0000000000151f20)
[c=15514000000]
[c=15515000000]
cosim: 8365000000 retirements ok (pc=0000000000151df0)
[c=15516000000]
cosim: 8366000000 retirements ok (pc=00000000001525be)
[c=15517000000]
cosim: 8367000000 retirements ok (pc=0000000000152a5e)
[c=15518000000]
[c=15519000000]
cosim: 8368000000 retirements ok (pc=0000000000151e5e)
[c=15520000000]
cosim: 8369000000 retirements ok (pc=0000000000152164)
[c=15521000000]
[c=15522000000]
cosim: 8370000000 retirements ok (pc=0000000000152412)
[c=15523000000]
cosim: 8371000000 retirements ok (pc=00000000001528b0)
[c=15524000000]
cosim: 8372000000 retirements ok (pc=00000000001522f6)
[c=15525000000]
[c=15526000000]
cosim: 8373000000 retirements ok (pc=0000000000152646)
[c=15527000000]
cosim: 8374000000 retirements ok (pc=000000000015299c)
[c=15528000000]
cosim: 8375000000 retirements ok (pc=0000000000152b1a)
[c=15529000000]
[c=15530000000]
cosim: 8376000000 retirements ok (pc=000000000015229c)
[c=15531000000]
cosim: 8377000000 retirements ok (pc=0000000000152248)
[c=15532000000]
cosim: 8378000000 retirements ok (pc=0000000000152bb8)
[c=15533000000]
[c=15534000000]
cosim: 8379000000 retirements ok (pc=0000000000152a1a)
[c=15535000000]
cosim: 8380000000 retirements ok (pc=00000000001528aa)
[c=15536000000]
[c=15537000000]
cosim: 8381000000 retirements ok (pc=0000000000152db4)
[c=15538000000]
cosim: 8382000000 retirements ok (pc=00000000001525e8)
[c=15539000000]
cosim: 8383000000 retirements ok (pc=0000000000152a18)
[c=15540000000]
[c=15541000000]
cosim: 8384000000 retirements ok (pc=000000000015242e)
[c=15542000000]
cosim: 8385000000 retirements ok (pc=000000000015207e)
[c=15543000000]
[c=15544000000]
cosim: 8386000000 retirements ok (pc=00000000001522d2)
[c=15545000000]
cosim: 8387000000 retirements ok (pc=00000000001526b2)
[c=15546000000]
cosim: 8388000000 retirements ok (pc=0000000000152aa6)
[c=15547000000]
[c=15548000000]
cosim: 8389000000 retirements ok (pc=00000000001523ac)
[c=15549000000]
cosim: 8390000000 retirements ok (pc=0000000000152ca4)
[c=15550000000]
cosim: 8391000000 retirements ok (pc=000000000015213c)
[c=15551000000]
[c=15552000000]
cosim: 8392000000 retirements ok (pc=00000000001525c6)
[c=15553000000]
cosim: 8393000000 retirements ok (pc=0000000000152930)
[c=15554000000]
cosim: 8394000000 retirements ok (pc=0000000000152710)
[c=15555000000]
[c=15556000000]
cosim: 8395000000 retirements ok (pc=ffffffff800a3882)
[c=15557000000]
cosim: 8396000000 retirements ok (pc=0000000000151e54)
[c=15558000000]
cosim: 8397000000 retirements ok (pc=0000000000152904)
[c=15559000000]
[c=15560000000]
cosim: 8398000000 retirements ok (pc=0000000000152598)
[c=15561000000]
cosim: 8399000000 retirements ok (pc=0000000000152712)
[c=15562000000]
[c=15563000000]
cosim: 8400000000 retirements ok (pc=0000000000152144)
[c=15564000000]
cosim: 8401000000 retirements ok (pc=ffffffff800a3b92)
[c=15565000000]
[c=15566000000]
cosim: 8402000000 retirements ok (pc=0000000000152dde)
[c=15567000000]
cosim: 8403000000 retirements ok (pc=0000000000151f44)
[c=15568000000]
cosim: 8404000000 retirements ok (pc=0000000000152932)
[c=15569000000]
[c=15570000000]
cosim: 8405000000 retirements ok (pc=0000000000152680)
[c=15571000000]
cosim: 8406000000 retirements ok (pc=0000000000152b82)
[c=15572000000]
[c=15573000000]
cosim: 8407000000 retirements ok (pc=0000000000152d7c)
[c=15574000000]
cosim: 8408000000 retirements ok (pc=00000000001529b8)
[c=15575000000]
cosim: 8409000000 retirements ok (pc=0000000000151df8)
[c=15576000000]
[c=15577000000]
cosim: 8410000000 retirements ok (pc=0000000000152dd2)
[c=15578000000]
cosim: 8411000000 retirements ok (pc=0000000000151f42)
[c=15579000000]
[c=15580000000]
cosim: 8412000000 retirements ok (pc=00000000001527c4)
[c=15581000000]
cosim: 8413000000 retirements ok (pc=0000000000152724)
[c=15582000000]
cosim: 8414000000 retirements ok (pc=0000000000152af0)
[c=15583000000]
[c=15584000000]
cosim: 8415000000 retirements ok (pc=0000000000152d32)
[c=15585000000]
cosim: 8416000000 retirements ok (pc=00000000001529b0)
[c=15586000000]
cosim: 8417000000 retirements ok (pc=0000000000152b8e)
[c=15587000000]
[c=15588000000]
cosim: 8418000000 retirements ok (pc=000000000015234e)
[c=15589000000]
cosim: 8419000000 retirements ok (pc=00000000001526a6)
[c=15590000000]
cosim: 8420000000 retirements ok (pc=0000000000152580)
[c=15591000000]
[c=15592000000]
cosim: 8421000000 retirements ok (pc=00000000001529cc)
[c=15593000000]
cosim: 8422000000 retirements ok (pc=000000000015209c)
[c=15594000000]
[c=15595000000]
cosim: 8423000000 retirements ok (pc=000000000015269c)
[c=15596000000]
cosim: 8424000000 retirements ok (pc=0000000000152806)
[c=15597000000]
cosim: 8425000000 retirements ok (pc=00000000001526de)
[c=15598000000]
[c=15599000000]
cosim: 8426000000 retirements ok (pc=0000000000152536)
[c=15600000000]
cosim: 8427000000 retirements ok (pc=0000000000151d36)
[c=15601000000]
cosim: 8428000000 retirements ok (pc=0000000000152b6e)
[c=15602000000]
[c=15603000000]
cosim: 8429000000 retirements ok (pc=0000000000151ed4)
[c=15604000000]
cosim: 8430000000 retirements ok (pc=00000000001527bc)
[c=15605000000]
[c=15606000000]
cosim: 8431000000 retirements ok (pc=000000000015201a)
[c=15607000000]
cosim: 8432000000 retirements ok (pc=0000000000152884)
[c=15608000000]
cosim: 8433000000 retirements ok (pc=0000000000152710)
[c=15609000000]
[c=15610000000]
cosim: 8434000000 retirements ok (pc=0000000000152d3c)
[c=15611000000]
cosim: 8435000000 retirements ok (pc=0000000000152dee)
[c=15612000000]
cosim: 8436000000 retirements ok (pc=0000003f9f12b5ec)
[c=15613000000]
[c=15614000000]
cosim: 8437000000 retirements ok (pc=ffffffff80063eca)
[c=15615000000]
cosim: 8438000000 retirements ok (pc=0000000000152c74)
[c=15616000000]
cosim: 8439000000 retirements ok (pc=00000000001527b8)
[c=15617000000]
[c=15618000000]
cosim: 8440000000 retirements ok (pc=0000000000152770)
[c=15619000000]
cosim: 8441000000 retirements ok (pc=ffffffff800a47fc)
[c=15620000000]
[c=15621000000]
cosim: 8442000000 retirements ok (pc=0000000000152a9a)
[c=15622000000]
cosim: 8443000000 retirements ok (pc=0000000000152480)
[c=15623000000]
cosim: 8444000000 retirements ok (pc=0000000000152474)
[c=15624000000]
[c=15625000000]
cosim: 8445000000 retirements ok (pc=0000000000151f20)
[c=15626000000]
cosim: 8446000000 retirements ok (pc=0000000000152676)
[c=15627000000]
cosim: 8447000000 retirements ok (pc=0000000000151fdc)
[c=15628000000]
[c=15629000000]
cosim: 8448000000 retirements ok (pc=0000000000152478)
[c=15630000000]
cosim: 8449000000 retirements ok (pc=ffffffff800a2264)
[c=15631000000]
[c=15632000000]
cosim: 8450000000 retirements ok (pc=00000000001528be)
[c=15633000000]
cosim: 8451000000 retirements ok (pc=ffffffff800a3e1e)
[c=15634000000]
cosim: 8452000000 retirements ok (pc=000000000015260c)
[c=15635000000]
[c=15636000000]
cosim: 8453000000 retirements ok (pc=00000000001529ec)
[c=15637000000]
cosim: 8454000000 retirements ok (pc=00000000001523c2)
[c=15638000000]
[c=15639000000]
cosim: 8455000000 retirements ok (pc=0000000000152856)
[c=15640000000]
cosim: 8456000000 retirements ok (pc=0000000000151fec)
[c=15641000000]
cosim: 8457000000 retirements ok (pc=0000000000151fa2)
[c=15642000000]
cosim: 8458000000 retirements ok (pc=0000000000151f2a)
[c=15643000000]
[c=15644000000]
cosim: 8459000000 retirements ok (pc=0000000000152876)
[c=15645000000]
cosim: 8460000000 retirements ok (pc=000000000015268e)
[c=15646000000]
[c=15647000000]
cosim: 8461000000 retirements ok (pc=0000000000151f46)
[c=15648000000]
cosim: 8462000000 retirements ok (pc=0000000000152844)
[c=15649000000]
cosim: 8463000000 retirements ok (pc=0000000000152790)
[c=15650000000]
[c=15651000000]
cosim: 8464000000 retirements ok (pc=0000000000152560)
[c=15652000000]
cosim: 8465000000 retirements ok (pc=00000000001523f6)
[c=15653000000]
[c=15654000000]
cosim: 8466000000 retirements ok (pc=00000000001524c6)
[c=15655000000]
cosim: 8467000000 retirements ok (pc=0000000000152c04)
[c=15656000000]
cosim: 8468000000 retirements ok (pc=0000000000152b3a)
[c=15657000000]
[c=15658000000]
cosim: 8469000000 retirements ok (pc=0000000000152346)
[c=15659000000]
cosim: 8470000000 retirements ok (pc=00000000001521a4)
[c=15660000000]
cosim: 8471000000 retirements ok (pc=00000000001529ea)
[c=15661000000]
[c=15662000000]
cosim: 8472000000 retirements ok (pc=000000000015222c)
[c=15663000000]
cosim: 8473000000 retirements ok (pc=0000000000152d4e)
[c=15664000000]
[c=15665000000]
cosim: 8474000000 retirements ok (pc=0000000000152b4c)
[c=15666000000]
cosim: 8475000000 retirements ok (pc=00000000001529b4)
[c=15667000000]
cosim: 8476000000 retirements ok (pc=0000000000152598)
[c=15668000000]
[c=15669000000]
cosim: 8477000000 retirements ok (pc=0000000000151dc8)
[c=15670000000]
cosim: 8478000000 retirements ok (pc=0000000000152720)
[c=15671000000]
cosim: 8479000000 retirements ok (pc=0000000000152bb8)
[c=15672000000]
[c=15673000000]
cosim: 8480000000 retirements ok (pc=0000000000152580)
[c=15674000000]
cosim: 8481000000 retirements ok (pc=0000000000151e0c)
[c=15675000000]
cosim: 8482000000 retirements ok (pc=0000000000152c0a)
[c=15676000000]
[c=15677000000]
cosim: 8483000000 retirements ok (pc=0000000000152b80)
[c=15678000000]
cosim: 8484000000 retirements ok (pc=ffffffff800a3d5e)
[c=15679000000]
[c=15680000000]
cosim: 8485000000 retirements ok (pc=000000000015228c)
[c=15681000000]
cosim: 8486000000 retirements ok (pc=0000000000152aaa)
[c=15682000000]
cosim: 8487000000 retirements ok (pc=000000000015291e)
[c=15683000000]
[c=15684000000]
cosim: 8488000000 retirements ok (pc=0000000000152692)
[c=15685000000]
cosim: 8489000000 retirements ok (pc=00000000001522a8)
[c=15686000000]
cosim: 8490000000 retirements ok (pc=000000000015210c)
[c=15687000000]
[c=15688000000]
cosim: 8491000000 retirements ok (pc=00000000001522f0)
[c=15689000000]
cosim: 8492000000 retirements ok (pc=0000000000152172)
[c=15690000000]
[c=15691000000]
cosim: 8493000000 retirements ok (pc=00000000001529ce)
[c=15692000000]
cosim: 8494000000 retirements ok (pc=0000000000152c12)
[c=15693000000]
cosim: 8495000000 retirements ok (pc=0000000000152072)
[c=15694000000]
[c=15695000000]
cosim: 8496000000 retirements ok (pc=0000000000152896)
[c=15696000000]
cosim: 8497000000 retirements ok (pc=0000000000152a90)
[c=15697000000]
cosim: 8498000000 retirements ok (pc=ffffffff808d913a)
[c=15698000000]
[c=15699000000]
cosim: 8499000000 retirements ok (pc=0000000000152b4c)
[c=15700000000]
cosim: 8500000000 retirements ok (pc=0000000000152a62)
[c=15701000000]
cosim: 8501000000 retirements ok (pc=0000000000151dc4)
[c=15702000000]
[c=15703000000]
cosim: 8502000000 retirements ok (pc=000000000015280c)
[c=15704000000]
cosim: 8503000000 retirements ok (pc=0000000000152a78)
[c=15705000000]
[c=15706000000]
[c=15707000000]
[c=15708000000]
[c=15709000000]
cosim: 8504000000 retirements ok (pc=0000000000151f00)
[c=15710000000]
cosim: 8505000000 retirements ok (pc=0000000000152454)
[c=15711000000]
cosim: 8506000000 retirements ok (pc=0000000000151dae)
[c=15712000000]
[c=15713000000]
cosim: 8507000000 retirements ok (pc=000000000015218e)
[c=15714000000]
cosim: 8508000000 retirements ok (pc=0000000000152354)
[c=15715000000]
cosim: 8509000000 retirements ok (pc=00000000001520ba)
[c=15716000000]
[c=15717000000]
cosim: 8510000000 retirements ok (pc=00000000001521c2)
[c=15718000000]
cosim: 8511000000 retirements ok (pc=00000000001524da)
[c=15719000000]
[c=15720000000]
cosim: 8512000000 retirements ok (pc=00000000001527fe)
[c=15721000000]
cosim: 8513000000 retirements ok (pc=000000000015221a)
[c=15722000000]
cosim: 8514000000 retirements ok (pc=0000000000152570)
[c=15723000000]
[c=15724000000]
cosim: 8515000000 retirements ok (pc=0000000000152a66)
[c=15725000000]
cosim: 8516000000 retirements ok (pc=0000000000152ccc)
[c=15726000000]
[c=15727000000]
cosim: 8517000000 retirements ok (pc=000000000015204c)
[c=15728000000]
cosim: 8518000000 retirements ok (pc=0000000000152692)
[c=15729000000]
cosim: 8519000000 retirements ok (pc=00000000001524de)
[c=15730000000]
[c=15731000000]
cosim: 8520000000 retirements ok (pc=000000000015216c)
[c=15732000000]
cosim: 8521000000 retirements ok (pc=0000000000152b2e)
[c=15733000000]
cosim: 8522000000 retirements ok (pc=0000000000152760)
[c=15734000000]
[c=15735000000]
cosim: 8523000000 retirements ok (pc=0000000000152d7e)
[c=15736000000]
cosim: 8524000000 retirements ok (pc=0000000000151f0a)
[c=15737000000]
[c=15738000000]
cosim: 8525000000 retirements ok (pc=000000000015298e)
[c=15739000000]
cosim: 8526000000 retirements ok (pc=0000000000152490)
[c=15740000000]
cosim: 8527000000 retirements ok (pc=0000000000152da8)
[c=15741000000]
[c=15742000000]
cosim: 8528000000 retirements ok (pc=00000000001520aa)
[c=15743000000]
cosim: 8529000000 retirements ok (pc=0000000000152992)
[c=15744000000]
cosim: 8530000000 retirements ok (pc=ffffffff8068b968)
[c=15745000000]
[c=15746000000]
cosim: 8531000000 retirements ok (pc=00000000001526f8)
[c=15747000000]
cosim: 8532000000 retirements ok (pc=00000000001529ae)
[c=15748000000]
cosim: 8533000000 retirements ok (pc=ffffffff800a3ccc)
[c=15749000000]
[c=15750000000]
cosim: 8534000000 retirements ok (pc=00000000001520c6)
[c=15751000000]
cosim: 8535000000 retirements ok (pc=0000000000152a44)
[c=15752000000]
[c=15753000000]
cosim: 8536000000 retirements ok (pc=000000000015295e)
[c=15754000000]
cosim: 8537000000 retirements ok (pc=0000000000152724)
[c=15755000000]
cosim: 8538000000 retirements ok (pc=000000000015244e)
[c=15756000000]
[c=15757000000]
cosim: 8539000000 retirements ok (pc=0000000000152358)
[c=15758000000]
cosim: 8540000000 retirements ok (pc=000000000015281a)
[c=15759000000]
[c=15760000000]
cosim: 8541000000 retirements ok (pc=0000000000152518)
[c=15761000000]
cosim: 8542000000 retirements ok (pc=0000000000151f90)
[c=15762000000]
cosim: 8543000000 retirements ok (pc=0000000000152878)
[c=15763000000]
[c=15764000000]
cosim: 8544000000 retirements ok (pc=0000000000152d82)
[c=15765000000]
cosim: 8545000000 retirements ok (pc=0000000000152682)
[c=15766000000]
cosim: 8546000000 retirements ok (pc=0000000000152a26)
[c=15767000000]
[c=15768000000]
cosim: 8547000000 retirements ok (pc=0000000000152004)
[c=15769000000]
cosim: 8548000000 retirements ok (pc=0000000000151ed6)
[c=15770000000]
cosim: 8549000000 retirements ok (pc=0000000000152704)
[c=15771000000]
[c=15772000000]
cosim: 8550000000 retirements ok (pc=0000000000152554)
[c=15773000000]
cosim: 8551000000 retirements ok (pc=0000003f9f12bab8)
[c=15774000000]
cosim: 8552000000 retirements ok (pc=0000000000152c40)
[c=15775000000]
[c=15776000000]
cosim: 8553000000 retirements ok (pc=00000000001525a8)
[c=15777000000]
cosim: 8554000000 retirements ok (pc=0000000000152768)
[c=15778000000]
[c=15779000000]
cosim: 8555000000 retirements ok (pc=0000000000152a6a)
[c=15780000000]
cosim: 8556000000 retirements ok (pc=00000000001521e0)
[c=15781000000]
cosim: 8557000000 retirements ok (pc=0000000000152088)
[c=15782000000]
[c=15783000000]
cosim: 8558000000 retirements ok (pc=00000000001529c2)
[c=15784000000]
cosim: 8559000000 retirements ok (pc=000000000015219c)
[c=15785000000]
[c=15786000000]
cosim: 8560000000 retirements ok (pc=00000000001528fa)
[c=15787000000]
cosim: 8561000000 retirements ok (pc=000000000015209a)
[c=15788000000]
cosim: 8562000000 retirements ok (pc=0000000000151f28)
[c=15789000000]
[c=15790000000]
cosim: 8563000000 retirements ok (pc=0000000000152cb2)
[c=15791000000]
cosim: 8564000000 retirements ok (pc=0000000000152518)
[c=15792000000]
cosim: 8565000000 retirements ok (pc=0000000000151e18)
[c=15793000000]
[c=15794000000]
cosim: 8566000000 retirements ok (pc=0000000000152092)
[c=15795000000]
cosim: 8567000000 retirements ok (pc=0000000000152002)
[c=15796000000]
cosim: 8568000000 retirements ok (pc=0000000000151fae)
[c=15797000000]
[c=15798000000]
cosim: 8569000000 retirements ok (pc=00000000001523dc)
[c=15799000000]
cosim: 8570000000 retirements ok (pc=00000000001520b2)
[c=15800000000]
[c=15801000000]
cosim: 8571000000 retirements ok (pc=00000000001527b4)
[c=15802000000]
cosim: 8572000000 retirements ok (pc=0000000000152084)
[c=15803000000]
cosim: 8573000000 retirements ok (pc=0000000000151eb0)
[c=15804000000]
[c=15805000000]
cosim: 8574000000 retirements ok (pc=00000000001526bc)
[c=15806000000]
cosim: 8575000000 retirements ok (pc=0000000000151f9e)
[c=15807000000]
cosim: 8576000000 retirements ok (pc=000000000015274a)
[c=15808000000]
[c=15809000000]
cosim: 8577000000 retirements ok (pc=00000000001526c0)
[c=15810000000]
cosim: 8578000000 retirements ok (pc=0000000000152a00)
[c=15811000000]
[c=15812000000]
cosim: 8579000000 retirements ok (pc=0000000000152be8)
[c=15813000000]
cosim: 8580000000 retirements ok (pc=00000000001528a0)
[c=15814000000]
cosim: 8581000000 retirements ok (pc=000000000015216e)
[c=15815000000]
[c=15816000000]
cosim: 8582000000 retirements ok (pc=000000000015253c)
[c=15817000000]
cosim: 8583000000 retirements ok (pc=0000000000152360)
[c=15818000000]
cosim: 8584000000 retirements ok (pc=00000000001524de)
[c=15819000000]
[c=15820000000]
cosim: 8585000000 retirements ok (pc=0000000000151de2)
[c=15821000000]
cosim: 8586000000 retirements ok (pc=00000000001525d2)
[c=15822000000]
[c=15823000000]
cosim: 8587000000 retirements ok (pc=00000000001523ee)
[c=15824000000]
cosim: 8588000000 retirements ok (pc=000000000015226c)
[c=15825000000]
cosim: 8589000000 retirements ok (pc=000000000015285c)
[c=15826000000]
[c=15827000000]
cosim: 8590000000 retirements ok (pc=0000000000152d40)
[c=15828000000]
cosim: 8591000000 retirements ok (pc=ffffffff8009fecc)
[c=15829000000]
cosim: 8592000000 retirements ok (pc=0000000000152a14)
[c=15830000000]
[c=15831000000]
cosim: 8593000000 retirements ok (pc=0000000000152414)
[c=15832000000]
cosim: 8594000000 retirements ok (pc=0000000000151e36)
[c=15833000000]
cosim: 8595000000 retirements ok (pc=0000000000151eb0)
[c=15834000000]
[c=15835000000]
cosim: 8596000000 retirements ok (pc=00000000001521ba)
[c=15836000000]
cosim: 8597000000 retirements ok (pc=0000000000152b60)
[c=15837000000]
[c=15838000000]
cosim: 8598000000 retirements ok (pc=0000000000152ad4)
[c=15839000000]
cosim: 8599000000 retirements ok (pc=0000000000152bc4)
[c=15840000000]
cosim: 8600000000 retirements ok (pc=ffffffff800af5f4)
[c=15841000000]
[c=15842000000]
cosim: 8601000000 retirements ok (pc=0000000000152922)
[c=15843000000]
cosim: 8602000000 retirements ok (pc=0000000000152c88)
[c=15844000000]
[c=15845000000]
cosim: 8603000000 retirements ok (pc=000000000015218e)
[c=15846000000]
cosim: 8604000000 retirements ok (pc=0000000000152562)
[c=15847000000]
cosim: 8605000000 retirements ok (pc=00000000001520dc)
[c=15848000000]
[c=15849000000]
cosim: 8606000000 retirements ok (pc=00000000001522f6)
[c=15850000000]
cosim: 8607000000 retirements ok (pc=0000000000152cfc)
[c=15851000000]
cosim: 8608000000 retirements ok (pc=0000000000152c50)
[c=15852000000]
[c=15853000000]
cosim: 8609000000 retirements ok (pc=0000000000152016)
[c=15854000000]
cosim: 8610000000 retirements ok (pc=0000000000152df8)
[c=15855000000]
cosim: 8611000000 retirements ok (pc=0000000000152088)
[c=15856000000]
[c=15857000000]
cosim: 8612000000 retirements ok (pc=0000000000152aec)
[c=15858000000]
cosim: 8613000000 retirements ok (pc=00000000001523a2)
[c=15859000000]
[c=15860000000]
cosim: 8614000000 retirements ok (pc=00000000001521f6)
[c=15861000000]
cosim: 8615000000 retirements ok (pc=0000000000152360)
[c=15862000000]
cosim: 8616000000 retirements ok (pc=0000000000152570)
[c=15863000000]
[c=15864000000]
cosim: 8617000000 retirements ok (pc=00000000001521cc)
[c=15865000000]
cosim: 8618000000 retirements ok (pc=0000000000152a48)
[c=15866000000]
[c=15867000000]
cosim: 8619000000 retirements ok (pc=0000000000152b0a)
[c=15868000000]
cosim: 8620000000 retirements ok (pc=0000000000151fc0)
[c=15869000000]
cosim: 8621000000 retirements ok (pc=000000000015221c)
[c=15870000000]
[c=15871000000]
cosim: 8622000000 retirements ok (pc=0000000000152bbc)
[c=15872000000]
cosim: 8623000000 retirements ok (pc=0000000000152930)
[c=15873000000]
[c=15874000000]
cosim: 8624000000 retirements ok (pc=0000000000152c40)
[c=15875000000]
cosim: 8625000000 retirements ok (pc=0000000000152dd6)
[c=15876000000]
cosim: 8626000000 retirements ok (pc=000000000015256e)
[c=15877000000]
[c=15878000000]
cosim: 8627000000 retirements ok (pc=0000000000152310)
[c=15879000000]
cosim: 8628000000 retirements ok (pc=0000000000152698)
[c=15880000000]
[c=15881000000]
cosim: 8629000000 retirements ok (pc=0000000000152b68)
[c=15882000000]
cosim: 8630000000 retirements ok (pc=0000000000151df0)
[c=15883000000]
cosim: 8631000000 retirements ok (pc=000000000015289c)
[c=15884000000]
cosim: 8632000000 retirements ok (pc=0000000000152c20)
[c=15885000000]
[c=15886000000]
cosim: 8633000000 retirements ok (pc=0000000000152dec)
[c=15887000000]
cosim: 8634000000 retirements ok (pc=ffffffff80063fd6)
[c=15888000000]
[c=15889000000]
cosim: 8635000000 retirements ok (pc=00000000001524fe)
[c=15890000000]
cosim: 8636000000 retirements ok (pc=ffffffff80064088)
[c=15891000000]
cosim: 8637000000 retirements ok (pc=0000000000152326)
[c=15892000000]
[c=15893000000]
cosim: 8638000000 retirements ok (pc=000000000015220a)
[c=15894000000]
cosim: 8639000000 retirements ok (pc=000000000015201c)
[c=15895000000]
[c=15896000000]
cosim: 8640000000 retirements ok (pc=00000000001524de)
[c=15897000000]
cosim: 8641000000 retirements ok (pc=0000000000151f54)
[c=15898000000]
cosim: 8642000000 retirements ok (pc=00000000001521d8)
[c=15899000000]
[c=15900000000]
cosim: 8643000000 retirements ok (pc=0000000000152d78)
[c=15901000000]
cosim: 8644000000 retirements ok (pc=000000000015201a)
[c=15902000000]
cosim: 8645000000 retirements ok (pc=0000000000152448)
[c=15903000000]
[c=15904000000]
cosim: 8646000000 retirements ok (pc=000000000015293a)
[c=15905000000]
cosim: 8647000000 retirements ok (pc=0000000000152c7a)
[c=15906000000]
cosim: 8648000000 retirements ok (pc=000000000015263e)
[c=15907000000]
[c=15908000000]
cosim: 8649000000 retirements ok (pc=0000000000151f66)
[c=15909000000]
cosim: 8650000000 retirements ok (pc=0000000000152b48)
[c=15910000000]
cosim: 8651000000 retirements ok (pc=0000000000152b04)
[c=15911000000]
[c=15912000000]
cosim: 8652000000 retirements ok (pc=000000000015270e)
[c=15913000000]
cosim: 8653000000 retirements ok (pc=00000000001526de)
[c=15914000000]
[c=15915000000]
cosim: 8654000000 retirements ok (pc=0000000000151fdc)
[c=15916000000]
cosim: 8655000000 retirements ok (pc=0000000000151fcc)
[c=15917000000]
cosim: 8656000000 retirements ok (pc=00000000001523de)
[c=15918000000]
[c=15919000000]
cosim: 8657000000 retirements ok (pc=00000000001524e2)
[c=15920000000]
cosim: 8658000000 retirements ok (pc=0000000000151db0)
[c=15921000000]
[c=15922000000]
cosim: 8659000000 retirements ok (pc=0000000000152cb0)
[c=15923000000]
cosim: 8660000000 retirements ok (pc=00000000001528f4)
[c=15924000000]
cosim: 8661000000 retirements ok (pc=00000000001522f4)
[c=15925000000]
[c=15926000000]
cosim: 8662000000 retirements ok (pc=0000000000152642)
[c=15927000000]
cosim: 8663000000 retirements ok (pc=00000000001520f0)
[c=15928000000]
cosim: 8664000000 retirements ok (pc=00000000001526c6)
[c=15929000000]
[c=15930000000]
cosim: 8665000000 retirements ok (pc=000000000015202e)
[c=15931000000]
cosim: 8666000000 retirements ok (pc=000000000014bbee)
[c=15932000000]
[c=15933000000]
cosim: 8667000000 retirements ok (pc=0000000000151f36)
[c=15934000000]
cosim: 8668000000 retirements ok (pc=0000000000152976)
[c=15935000000]
cosim: 8669000000 retirements ok (pc=0000000000152c9a)
[c=15936000000]
[c=15937000000]
cosim: 8670000000 retirements ok (pc=0000000000151e76)
[c=15938000000]
cosim: 8671000000 retirements ok (pc=00000000001526ea)
[c=15939000000]
cosim: 8672000000 retirements ok (pc=00000000001521b0)
[c=15940000000]
[c=15941000000]
cosim: 8673000000 retirements ok (pc=0000000000152148)
[c=15942000000]
cosim: 8674000000 retirements ok (pc=0000000000152320)
[c=15943000000]
cosim: 8675000000 retirements ok (pc=0000000000152ce0)
[c=15944000000]
[c=15945000000]
cosim: 8676000000 retirements ok (pc=000000000015204c)
[c=15946000000]
cosim: 8677000000 retirements ok (pc=000000000015292c)
[c=15947000000]
[c=15948000000]
cosim: 8678000000 retirements ok (pc=0000000000151da2)
[c=15949000000]
cosim: 8679000000 retirements ok (pc=0000000000152748)
[c=15950000000]
cosim: 8680000000 retirements ok (pc=0000000000152172)
[c=15951000000]
[c=15952000000]
cosim: 8681000000 retirements ok (pc=0000000000152550)
[c=15953000000]
cosim: 8682000000 retirements ok (pc=0000000000151f86)
[c=15954000000]
[c=15955000000]
cosim: 8683000000 retirements ok (pc=ffffffff800b0616)
[c=15956000000]
cosim: 8684000000 retirements ok (pc=000000000015221c)
[c=15957000000]
cosim: 8685000000 retirements ok (pc=0000000000151d42)
[c=15958000000]
[c=15959000000]
cosim: 8686000000 retirements ok (pc=000000000015200c)
[c=15960000000]
cosim: 8687000000 retirements ok (pc=ffffffff80531112)
[c=15961000000]
cosim: 8688000000 retirements ok (pc=ffffffff804a3f34)
[c=15962000000]
[c=15963000000]
cosim: 8689000000 retirements ok (pc=00000000001522b0)
[c=15964000000]
cosim: 8690000000 retirements ok (pc=0000000000152d3c)
[c=15965000000]
cosim: 8691000000 retirements ok (pc=0000000000151f42)
[c=15966000000]
[c=15967000000]
cosim: 8692000000 retirements ok (pc=00000000001529c0)
[c=15968000000]
cosim: 8693000000 retirements ok (pc=000000000015293e)
[c=15969000000]
cosim: 8694000000 retirements ok (pc=0000000000151e60)
[c=15970000000]
[c=15971000000]
cosim: 8695000000 retirements ok (pc=ffffffff800a4068)
[c=15972000000]
cosim: 8696000000 retirements ok (pc=00000000001528d4)
[c=15973000000]
[c=15974000000]
cosim: 8697000000 retirements ok (pc=0000000000152840)
[c=15975000000]
cosim: 8698000000 retirements ok (pc=0000000000152736)
[c=15976000000]
cosim: 8699000000 retirements ok (pc=0000000000152114)
[c=15977000000]
[c=15978000000]
cosim: 8700000000 retirements ok (pc=0000000000152b48)
[c=15979000000]
cosim: 8701000000 retirements ok (pc=0000000000151dda)
[c=15980000000]
[c=15981000000]
[c=15982000000]
[c=15983000000]
cosim: 8702000000 retirements ok (pc=000000000015217e)
[c=15984000000]
[c=15985000000]
cosim: 8703000000 retirements ok (pc=000000000015210c)
[c=15986000000]
cosim: 8704000000 retirements ok (pc=0000000000152aae)
[c=15987000000]
cosim: 8705000000 retirements ok (pc=000000000015292c)
[c=15988000000]
[c=15989000000]
cosim: 8706000000 retirements ok (pc=0000000000152168)
[c=15990000000]
cosim: 8707000000 retirements ok (pc=00000000001528ce)
[c=15991000000]
[c=15992000000]
cosim: 8708000000 retirements ok (pc=0000000000152b88)
[c=15993000000]
cosim: 8709000000 retirements ok (pc=0000000000152320)
[c=15994000000]
cosim: 8710000000 retirements ok (pc=00000000001521ca)
[c=15995000000]
[c=15996000000]
cosim: 8711000000 retirements ok (pc=0000000000152aa0)
[c=15997000000]
cosim: 8712000000 retirements ok (pc=0000000000152a78)
[c=15998000000]
cosim: 8713000000 retirements ok (pc=0000000000151fb2)
[c=15999000000]
[c=16000000000]
cosim: 8714000000 retirements ok (pc=0000000000152898)
[c=16001000000]
cosim: 8715000000 retirements ok (pc=000000000015214e)
[c=16002000000]
cosim: 8716000000 retirements ok (pc=ffffffff80040e8a)
[c=16003000000]
[c=16004000000]
cosim: 8717000000 retirements ok (pc=0000000000152896)
[c=16005000000]
cosim: 8718000000 retirements ok (pc=0000000000151f00)
[c=16006000000]
[c=16007000000]
cosim: 8719000000 retirements ok (pc=000000000015248e)
[c=16008000000]
cosim: 8720000000 retirements ok (pc=00000000001526ee)
[c=16009000000]
[c=16010000000]
cosim: 8721000000 retirements ok (pc=0000000000151e06)
[c=16011000000]
cosim: 8722000000 retirements ok (pc=00000000001520b8)
[c=16012000000]
cosim: 8723000000 retirements ok (pc=0000000000152114)
[c=16013000000]
[c=16014000000]
cosim: 8724000000 retirements ok (pc=00000000001522ae)
[c=16015000000]
cosim: 8725000000 retirements ok (pc=0000000000152332)
[c=16016000000]
cosim: 8726000000 retirements ok (pc=0000000000152096)
[c=16017000000]
[c=16018000000]
cosim: 8727000000 retirements ok (pc=00000000001525e4)
[c=16019000000]
cosim: 8728000000 retirements ok (pc=000000000015247c)
[c=16020000000]
[c=16021000000]
cosim: 8729000000 retirements ok (pc=0000000000152dc4)
[c=16022000000]
cosim: 8730000000 retirements ok (pc=0000000000152af6)
[c=16023000000]
cosim: 8731000000 retirements ok (pc=0000000000152982)
[c=16024000000]
[c=16025000000]
cosim: 8732000000 retirements ok (pc=000000000015205c)
[c=16026000000]
cosim: 8733000000 retirements ok (pc=00000000001527b4)
[c=16027000000]
cosim: 8734000000 retirements ok (pc=0000000000151ff0)
[c=16028000000]
[c=16029000000]
cosim: 8735000000 retirements ok (pc=0000000000152278)
[c=16030000000]
cosim: 8736000000 retirements ok (pc=000000000015221a)
[c=16031000000]
cosim: 8737000000 retirements ok (pc=0000000000152de0)
[c=16032000000]
[c=16033000000]
cosim: 8738000000 retirements ok (pc=0000000000152a02)
[c=16034000000]
cosim: 8739000000 retirements ok (pc=0000000000152292)
[c=16035000000]
[c=16036000000]
cosim: 8740000000 retirements ok (pc=0000000000152bb2)
[c=16037000000]
cosim: 8741000000 retirements ok (pc=00000000001524d6)
[c=16038000000]
cosim: 8742000000 retirements ok (pc=000000000015221c)
[c=16039000000]
[c=16040000000]
cosim: 8743000000 retirements ok (pc=0000000000151fac)
[c=16041000000]
cosim: 8744000000 retirements ok (pc=0000000000152740)
[c=16042000000]
[c=16043000000]
cosim: 8745000000 retirements ok (pc=00000000001529c6)
[c=16044000000]
cosim: 8746000000 retirements ok (pc=0000000000151fc0)
[c=16045000000]
cosim: 8747000000 retirements ok (pc=0000000000152768)
[c=16046000000]
[c=16047000000]
cosim: 8748000000 retirements ok (pc=0000000000152700)
[c=16048000000]
cosim: 8749000000 retirements ok (pc=0000000000152064)
[c=16049000000]
cosim: 8750000000 retirements ok (pc=0000000000151f4e)
[c=16050000000]
[c=16051000000]
cosim: 8751000000 retirements ok (pc=000000000015258c)
[c=16052000000]
cosim: 8752000000 retirements ok (pc=0000000000152a78)
[c=16053000000]
[c=16054000000]
cosim: 8753000000 retirements ok (pc=0000000000152912)
[c=16055000000]
cosim: 8754000000 retirements ok (pc=00000000001526c6)
[c=16056000000]
cosim: 8755000000 retirements ok (pc=0000000000151f74)
[c=16057000000]
[c=16058000000]
cosim: 8756000000 retirements ok (pc=0000000000152ab4)
[c=16059000000]
cosim: 8757000000 retirements ok (pc=0000000000152cf2)
[c=16060000000]
cosim: 8758000000 retirements ok (pc=0000000000151e5e)
[c=16061000000]
[c=16062000000]
cosim: 8759000000 retirements ok (pc=00000000001526a2)
[c=16063000000]
cosim: 8760000000 retirements ok (pc=000000000015257a)
[c=16064000000]
cosim: 8761000000 retirements ok (pc=0000000000152ad6)
[c=16065000000]
[c=16066000000]
cosim: 8762000000 retirements ok (pc=0000000000152724)
[c=16067000000]
cosim: 8763000000 retirements ok (pc=0000000000152490)
[c=16068000000]
[c=16069000000]
cosim: 8764000000 retirements ok (pc=0000000000152666)
[c=16070000000]
cosim: 8765000000 retirements ok (pc=00000000001524c6)
[c=16071000000]
cosim: 8766000000 retirements ok (pc=0000000000152aa2)
[c=16072000000]
[c=16073000000]
cosim: 8767000000 retirements ok (pc=0000000000152922)
[c=16074000000]
cosim: 8768000000 retirements ok (pc=00000000001527c0)
[c=16075000000]
cosim: 8769000000 retirements ok (pc=000000000015291e)
[c=16076000000]
[c=16077000000]
cosim: 8770000000 retirements ok (pc=0000000000152152)
[c=16078000000]
cosim: 8771000000 retirements ok (pc=00000000001523ea)
[c=16079000000]
[c=16080000000]
cosim: 8772000000 retirements ok (pc=0000000000152ba2)
[c=16081000000]
cosim: 8773000000 retirements ok (pc=0000000000152b58)
[c=16082000000]
cosim: 8774000000 retirements ok (pc=0000000000152356)
[c=16083000000]
[c=16084000000]
cosim: 8775000000 retirements ok (pc=000000000015289c)
[c=16085000000]
cosim: 8776000000 retirements ok (pc=ffffffff8068b954)
[c=16086000000]
cosim: 8777000000 retirements ok (pc=0000000000152c7a)
[c=16087000000]
[c=16088000000]
cosim: 8778000000 retirements ok (pc=0000000000152c96)
[c=16089000000]
cosim: 8779000000 retirements ok (pc=0000000000152a96)
[c=16090000000]
cosim: 8780000000 retirements ok (pc=000000000015294a)
[c=16091000000]
[c=16092000000]
cosim: 8781000000 retirements ok (pc=0000000000152c1c)
[c=16093000000]
cosim: 8782000000 retirements ok (pc=0000000000152466)
[c=16094000000]
[c=16095000000]
cosim: 8783000000 retirements ok (pc=0000000000152322)
[c=16096000000]
cosim: 8784000000 retirements ok (pc=0000000000152ae6)
[c=16097000000]
cosim: 8785000000 retirements ok (pc=00000000001528fc)
[c=16098000000]
[c=16099000000]
cosim: 8786000000 retirements ok (pc=0000000000152374)
[c=16100000000]
cosim: 8787000000 retirements ok (pc=000000000015219e)
[c=16101000000]
[c=16102000000]
cosim: 8788000000 retirements ok (pc=0000000000152554)
[c=16103000000]
cosim: 8789000000 retirements ok (pc=0000000000152914)
[c=16104000000]
cosim: 8790000000 retirements ok (pc=00000000001529c6)
[c=16105000000]
[c=16106000000]
cosim: 8791000000 retirements ok (pc=0000000000152dd0)
[c=16107000000]
cosim: 8792000000 retirements ok (pc=0000000000152c1c)
[c=16108000000]
cosim: 8793000000 retirements ok (pc=0000000000152bd4)
[c=16109000000]
[c=16110000000]
cosim: 8794000000 retirements ok (pc=0000000000152a04)
[c=16111000000]
cosim: 8795000000 retirements ok (pc=0000000000152a70)
[c=16112000000]
[c=16113000000]
cosim: 8796000000 retirements ok (pc=000000000015242a)
[c=16114000000]
cosim: 8797000000 retirements ok (pc=0000000000151ee2)
[c=16115000000]
cosim: 8798000000 retirements ok (pc=0000000000151e96)
[c=16116000000]
[c=16117000000]
cosim: 8799000000 retirements ok (pc=0000000000152704)
[c=16118000000]
cosim: 8800000000 retirements ok (pc=0000000000152374)
[c=16119000000]
cosim: 8801000000 retirements ok (pc=00000000001522d4)
[c=16120000000]
[c=16121000000]
cosim: 8802000000 retirements ok (pc=0000000000152ca8)
[c=16122000000]
cosim: 8803000000 retirements ok (pc=0000000000152b74)
[c=16123000000]
cosim: 8804000000 retirements ok (pc=0000000000151e70)
[c=16124000000]
[c=16125000000]
cosim: 8805000000 retirements ok (pc=00000000001529e6)
[c=16126000000]
cosim: 8806000000 retirements ok (pc=0000000000152802)
[c=16127000000]
[c=16128000000]
cosim: 8807000000 retirements ok (pc=0000000000152de8)
[c=16129000000]
cosim: 8808000000 retirements ok (pc=000000000015268a)
[c=16130000000]
cosim: 8809000000 retirements ok (pc=00000000001529f6)
[c=16131000000]
[c=16132000000]
cosim: 8810000000 retirements ok (pc=0000000000152be8)
[c=16133000000]
cosim: 8811000000 retirements ok (pc=0000000000152210)
[c=16134000000]
cosim: 8812000000 retirements ok (pc=00000000001525a2)
[c=16135000000]
[c=16136000000]
cosim: 8813000000 retirements ok (pc=0000000000152362)
[c=16137000000]
cosim: 8814000000 retirements ok (pc=0000000000152cc4)
[c=16138000000]
[c=16139000000]
cosim: 8815000000 retirements ok (pc=0000000000152be4)
[c=16140000000]
cosim: 8816000000 retirements ok (pc=00000000001526d4)
[c=16141000000]
cosim: 8817000000 retirements ok (pc=000000000015267e)
[c=16142000000]
[c=16143000000]
cosim: 8818000000 retirements ok (pc=0000000000152ab6)
[c=16144000000]
cosim: 8819000000 retirements ok (pc=0000000000152458)
[c=16145000000]
cosim: 8820000000 retirements ok (pc=0000000000152c9e)
[c=16146000000]
[c=16147000000]
cosim: 8821000000 retirements ok (pc=000000000015210c)
[c=16148000000]
cosim: 8822000000 retirements ok (pc=ffffffff800a23c8)
[c=16149000000]
[c=16150000000]
cosim: 8823000000 retirements ok (pc=ffffffff800a5964)
[c=16151000000]
cosim: 8824000000 retirements ok (pc=0000000000152080)
[c=16152000000]
cosim: 8825000000 retirements ok (pc=00000000001520dc)
[c=16153000000]
[c=16154000000]
cosim: 8826000000 retirements ok (pc=000000000015232e)
[c=16155000000]
cosim: 8827000000 retirements ok (pc=0000000000151f9c)
[c=16156000000]
[c=16157000000]
cosim: 8828000000 retirements ok (pc=0000000000152480)
[c=16158000000]
cosim: 8829000000 retirements ok (pc=00000000001523be)
[c=16159000000]
cosim: 8830000000 retirements ok (pc=00000000001528f4)
[c=16160000000]
[c=16161000000]
cosim: 8831000000 retirements ok (pc=000000000015269a)
[c=16162000000]
cosim: 8832000000 retirements ok (pc=ffffffff800a593a)
[c=16163000000]
[c=16164000000]
cosim: 8833000000 retirements ok (pc=0000000000152512)
[c=16165000000]
cosim: 8834000000 retirements ok (pc=ffffffff8068b956)
[c=16166000000]
cosim: 8835000000 retirements ok (pc=0000000000152658)
[c=16167000000]
[c=16168000000]
cosim: 8836000000 retirements ok (pc=0000000000152bd4)
[c=16169000000]
cosim: 8837000000 retirements ok (pc=0000000000151f0a)
[c=16170000000]
[c=16171000000]
cosim: 8838000000 retirements ok (pc=0000000000152224)
[c=16172000000]
cosim: 8839000000 retirements ok (pc=0000000000152310)
[c=16173000000]
cosim: 8840000000 retirements ok (pc=0000000000152432)
[c=16174000000]
[c=16175000000]
cosim: 8841000000 retirements ok (pc=0000000000152358)
[c=16176000000]
cosim: 8842000000 retirements ok (pc=000000000015274e)
[c=16177000000]
cosim: 8843000000 retirements ok (pc=0000000000151fc6)
[c=16178000000]
[c=16179000000]
cosim: 8844000000 retirements ok (pc=00000000001521fa)
[c=16180000000]
cosim: 8845000000 retirements ok (pc=0000000000151e60)
[c=16181000000]
cosim: 8846000000 retirements ok (pc=0000000000152c74)
[c=16182000000]
[c=16183000000]
cosim: 8847000000 retirements ok (pc=0000000000152658)
[c=16184000000]
cosim: 8848000000 retirements ok (pc=00000000001525c2)
[c=16185000000]
cosim: 8849000000 retirements ok (pc=000000000015232a)
[c=16186000000]
[c=16187000000]
cosim: 8850000000 retirements ok (pc=0000000000152ae2)
[c=16188000000]
cosim: 8851000000 retirements ok (pc=0000000000151eac)
[c=16189000000]
[c=16190000000]
cosim: 8852000000 retirements ok (pc=00000000001525e6)
[c=16191000000]
cosim: 8853000000 retirements ok (pc=0000000000152570)
[c=16192000000]
cosim: 8854000000 retirements ok (pc=000000000015278a)
[c=16193000000]
[c=16194000000]
cosim: 8855000000 retirements ok (pc=000000000015261c)
[c=16195000000]
cosim: 8856000000 retirements ok (pc=0000000000151fbe)
[c=16196000000]
[c=16197000000]
cosim: 8857000000 retirements ok (pc=000000000015224a)
[c=16198000000]
cosim: 8858000000 retirements ok (pc=0000000000152270)
[c=16199000000]
cosim: 8859000000 retirements ok (pc=00000000001526c0)
[c=16200000000]
[c=16201000000]
cosim: 8860000000 retirements ok (pc=00000000001523d0)
[c=16202000000]
cosim: 8861000000 retirements ok (pc=0000000000152718)
[c=16203000000]
cosim: 8862000000 retirements ok (pc=000000000015295c)
[c=16204000000]
[c=16205000000]
cosim: 8863000000 retirements ok (pc=0000000000152166)
[c=16206000000]
cosim: 8864000000 retirements ok (pc=0000000000152620)
[c=16207000000]
cosim: 8865000000 retirements ok (pc=00000000001529c2)
[c=16208000000]
[c=16209000000]
cosim: 8866000000 retirements ok (pc=0000000000152156)
[c=16210000000]
cosim: 8867000000 retirements ok (pc=0000000000152076)
[c=16211000000]
[c=16212000000]
cosim: 8868000000 retirements ok (pc=0000000000152802)
[c=16213000000]
cosim: 8869000000 retirements ok (pc=000000000015259c)
[c=16214000000]
cosim: 8870000000 retirements ok (pc=0000000000152488)
[c=16215000000]
[c=16216000000]
cosim: 8871000000 retirements ok (pc=00000000001526d0)
[c=16217000000]
cosim: 8872000000 retirements ok (pc=0000000000152b0e)
[c=16218000000]
cosim: 8873000000 retirements ok (pc=000000000015298e)
[c=16219000000]
[c=16220000000]
cosim: 8874000000 retirements ok (pc=0000000000152778)
[c=16221000000]
cosim: 8875000000 retirements ok (pc=0000000000152064)
[c=16222000000]
[c=16223000000]
cosim: 8876000000 retirements ok (pc=00000000001528a4)
[c=16224000000]
cosim: 8877000000 retirements ok (pc=000000000015276e)
[c=16225000000]
cosim: 8878000000 retirements ok (pc=00000000001525fa)
[c=16226000000]
[c=16227000000]
cosim: 8879000000 retirements ok (pc=000000000015276e)
[c=16228000000]
cosim: 8880000000 retirements ok (pc=000000000015257c)
[c=16229000000]
cosim: 8881000000 retirements ok (pc=000000000015214c)
[c=16230000000]
[c=16231000000]
cosim: 8882000000 retirements ok (pc=0000000000151fec)
[c=16232000000]
cosim: 8883000000 retirements ok (pc=0000000000151df0)
[c=16233000000]
[c=16234000000]
cosim: 8884000000 retirements ok (pc=0000000000151f06)
[c=16235000000]
cosim: 8885000000 retirements ok (pc=0000000000152c9e)
[c=16236000000]
cosim: 8886000000 retirements ok (pc=00000000001524a2)
[c=16237000000]
[c=16238000000]
cosim: 8887000000 retirements ok (pc=0000000000152bd4)
[c=16239000000]
cosim: 8888000000 retirements ok (pc=0000000000151dac)
[c=16240000000]
cosim: 8889000000 retirements ok (pc=000000000015258c)
[c=16241000000]
[c=16242000000]
cosim: 8890000000 retirements ok (pc=0000000000152358)
[c=16243000000]
cosim: 8891000000 retirements ok (pc=0000000000152ae6)
[c=16244000000]
cosim: 8892000000 retirements ok (pc=0000000000152816)
[c=16245000000]
[c=16246000000]
cosim: 8893000000 retirements ok (pc=0000000000152000)
[c=16247000000]
cosim: 8894000000 retirements ok (pc=ffffffff800a38fe)
[c=16248000000]
[c=16249000000]
cosim: 8895000000 retirements ok (pc=0000000000152064)
[c=16250000000]
cosim: 8896000000 retirements ok (pc=000000000015277a)
[c=16251000000]
cosim: 8897000000 retirements ok (pc=0000000000152c50)
[c=16252000000]
[c=16253000000]
cosim: 8898000000 retirements ok (pc=00000000001520f8)
[c=16254000000]
cosim: 8899000000 retirements ok (pc=0000000000152c00)
[c=16255000000]
[c=16256000000]
[c=16257000000]
[c=16258000000]
cosim: 8900000000 retirements ok (pc=00000000001520ae)
[c=16259000000]
[c=16260000000]
cosim: 8901000000 retirements ok (pc=0000000000152320)
[c=16261000000]
cosim: 8902000000 retirements ok (pc=00000000001520f4)
[c=16262000000]
cosim: 8903000000 retirements ok (pc=0000000000152b0a)
[c=16263000000]
[c=16264000000]
cosim: 8904000000 retirements ok (pc=00000000001528be)
[c=16265000000]
cosim: 8905000000 retirements ok (pc=0000000000152728)
[c=16266000000]
cosim: 8906000000 retirements ok (pc=000000000015239e)
[c=16267000000]
[c=16268000000]
cosim: 8907000000 retirements ok (pc=00000000001526da)
[c=16269000000]
cosim: 8908000000 retirements ok (pc=00000000001523f4)
[c=16270000000]
[c=16271000000]
cosim: 8909000000 retirements ok (pc=0000000000152af6)
[c=16272000000]
cosim: 8910000000 retirements ok (pc=0000000000152812)
[c=16273000000]
cosim: 8911000000 retirements ok (pc=0000000000151ebc)
[c=16274000000]
[c=16275000000]
cosim: 8912000000 retirements ok (pc=0000000000152872)
[c=16276000000]
cosim: 8913000000 retirements ok (pc=000000000015228e)
[c=16277000000]
cosim: 8914000000 retirements ok (pc=0000000000152b64)
[c=16278000000]
[c=16279000000]
cosim: 8915000000 retirements ok (pc=000000000015298a)
[c=16280000000]
cosim: 8916000000 retirements ok (pc=0000000000152d8a)
[c=16281000000]
cosim: 8917000000 retirements ok (pc=0000000000152996)
[c=16282000000]
[c=16283000000]
cosim: 8918000000 retirements ok (pc=00000000001524ac)
[c=16284000000]
cosim: 8919000000 retirements ok (pc=0000000000151d32)
[c=16285000000]
[c=16286000000]
cosim: 8920000000 retirements ok (pc=0000000000152a70)
[c=16287000000]
cosim: 8921000000 retirements ok (pc=00000000001520dc)
[c=16288000000]
cosim: 8922000000 retirements ok (pc=0000000000152118)
[c=16289000000]
[c=16290000000]
cosim: 8923000000 retirements ok (pc=0000000000152cda)
[c=16291000000]
cosim: 8924000000 retirements ok (pc=00000000001524f0)
[c=16292000000]
[c=16293000000]
cosim: 8925000000 retirements ok (pc=0000000000151ec2)
[c=16294000000]
cosim: 8926000000 retirements ok (pc=0000000000151f90)
[c=16295000000]
cosim: 8927000000 retirements ok (pc=00000000001522a2)
[c=16296000000]
[c=16297000000]
cosim: 8928000000 retirements ok (pc=0000000000152b2e)
[c=16298000000]
cosim: 8929000000 retirements ok (pc=000000000015230a)
[c=16299000000]
cosim: 8930000000 retirements ok (pc=0000000000151fc4)
[c=16300000000]
[c=16301000000]
cosim: 8931000000 retirements ok (pc=0000000000151e4a)
[c=16302000000]
cosim: 8932000000 retirements ok (pc=0000000000152d06)
[c=16303000000]
[c=16304000000]
cosim: 8933000000 retirements ok (pc=0000000000152364)
[c=16305000000]
cosim: 8934000000 retirements ok (pc=00000000001529fc)
[c=16306000000]
cosim: 8935000000 retirements ok (pc=00000000001524bc)
[c=16307000000]
[c=16308000000]
cosim: 8936000000 retirements ok (pc=0000000000152188)
[c=16309000000]
cosim: 8937000000 retirements ok (pc=000000000015272c)
[c=16310000000]
[c=16311000000]
cosim: 8938000000 retirements ok (pc=000000000015293e)
[c=16312000000]
cosim: 8939000000 retirements ok (pc=0000000000151f9e)
[c=16313000000]
cosim: 8940000000 retirements ok (pc=0000000000151dbc)
[c=16314000000]
[c=16315000000]
cosim: 8941000000 retirements ok (pc=000000000015280e)
[c=16316000000]
cosim: 8942000000 retirements ok (pc=00000000001529c0)
[c=16317000000]
cosim: 8943000000 retirements ok (pc=0000000000152114)
[c=16318000000]
[c=16319000000]
cosim: 8944000000 retirements ok (pc=00000000001522fe)
[c=16320000000]
cosim: 8945000000 retirements ok (pc=00000000001521f6)
[c=16321000000]
[c=16322000000]
cosim: 8946000000 retirements ok (pc=0000000000152d90)
[c=16323000000]
cosim: 8947000000 retirements ok (pc=00000000001522f0)
[c=16324000000]
cosim: 8948000000 retirements ok (pc=0000000000152064)
[c=16325000000]
[c=16326000000]
cosim: 8949000000 retirements ok (pc=0000000000152058)
[c=16327000000]
cosim: 8950000000 retirements ok (pc=0000000000152a92)
[c=16328000000]
cosim: 8951000000 retirements ok (pc=00000000001524aa)
[c=16329000000]
[c=16330000000]
cosim: 8952000000 retirements ok (pc=0000000000152d0c)
[c=16331000000]
cosim: 8953000000 retirements ok (pc=0000000000152c70)
[c=16332000000]
cosim: 8954000000 retirements ok (pc=0000000000152484)
[c=16333000000]
[c=16334000000]
cosim: 8955000000 retirements ok (pc=0000000000152d4e)
[c=16335000000]
cosim: 8956000000 retirements ok (pc=0000000000152082)
[c=16336000000]
[c=16337000000]
cosim: 8957000000 retirements ok (pc=0000000000152a5e)
[c=16338000000]
cosim: 8958000000 retirements ok (pc=0000000000152800)
[c=16339000000]
cosim: 8959000000 retirements ok (pc=00000000001523ee)
[c=16340000000]
[c=16341000000]
cosim: 8960000000 retirements ok (pc=00000000001521b0)
[c=16342000000]
cosim: 8961000000 retirements ok (pc=0000000000152866)
[c=16343000000]
[c=16344000000]
cosim: 8962000000 retirements ok (pc=0000000000152a92)
[c=16345000000]
cosim: 8963000000 retirements ok (pc=00000000001526c8)
[c=16346000000]
cosim: 8964000000 retirements ok (pc=0000000000151e32)
[c=16347000000]
[c=16348000000]
cosim: 8965000000 retirements ok (pc=0000000000152da2)
[c=16349000000]
cosim: 8966000000 retirements ok (pc=00000000001524ca)
[c=16350000000]
cosim: 8967000000 retirements ok (pc=0000000000152c04)
[c=16351000000]
[c=16352000000]
cosim: 8968000000 retirements ok (pc=0000000000152ce8)
[c=16353000000]
cosim: 8969000000 retirements ok (pc=000000000015253a)
[c=16354000000]
[c=16355000000]
cosim: 8970000000 retirements ok (pc=000000000015232e)
[c=16356000000]
cosim: 8971000000 retirements ok (pc=0000000000152b62)
[c=16357000000]
cosim: 8972000000 retirements ok (pc=00000000001524b8)
[c=16358000000]
[c=16359000000]
cosim: 8973000000 retirements ok (pc=000000000015218e)
[c=16360000000]
cosim: 8974000000 retirements ok (pc=000000000015222c)
[c=16361000000]
cosim: 8975000000 retirements ok (pc=0000000000152712)
[c=16362000000]
[c=16363000000]
cosim: 8976000000 retirements ok (pc=0000000000152c5c)
[c=16364000000]
cosim: 8977000000 retirements ok (pc=0000000000152d0a)
[c=16365000000]
cosim: 8978000000 retirements ok (pc=0000000000152b58)
[c=16366000000]
[c=16367000000]
cosim: 8979000000 retirements ok (pc=ffffffff800a3cb2)
[c=16368000000]
cosim: 8980000000 retirements ok (pc=00000000001528a4)
[c=16369000000]
[c=16370000000]
cosim: 8981000000 retirements ok (pc=0000000000152b04)
[c=16371000000]
cosim: 8982000000 retirements ok (pc=0000000000152702)
[c=16372000000]
cosim: 8983000000 retirements ok (pc=0000000000151ed8)
[c=16373000000]
[c=16374000000]
cosim: 8984000000 retirements ok (pc=0000000000152520)
[c=16375000000]
cosim: 8985000000 retirements ok (pc=00000000001521e2)
[c=16376000000]
cosim: 8986000000 retirements ok (pc=0000000000152576)
[c=16377000000]
[c=16378000000]
cosim: 8987000000 retirements ok (pc=00000000001522d6)
[c=16379000000]
cosim: 8988000000 retirements ok (pc=0000000000152114)
[c=16380000000]
[c=16381000000]
cosim: 8989000000 retirements ok (pc=0000000000152932)
[c=16382000000]
cosim: 8990000000 retirements ok (pc=000000000015273e)
[c=16383000000]
cosim: 8991000000 retirements ok (pc=0000000000152510)
[c=16384000000]
[c=16385000000]
cosim: 8992000000 retirements ok (pc=0000000000152c02)
[c=16386000000]
cosim: 8993000000 retirements ok (pc=00000000001524d6)
[c=16387000000]
cosim: 8994000000 retirements ok (pc=000000000015213a)
[c=16388000000]
[c=16389000000]
cosim: 8995000000 retirements ok (pc=00000000001520d0)
[c=16390000000]
cosim: 8996000000 retirements ok (pc=0000000000152070)
[c=16391000000]
cosim: 8997000000 retirements ok (pc=0000000000152450)
[c=16392000000]
[c=16393000000]
cosim: 8998000000 retirements ok (pc=000000000015281e)
[c=16394000000]
cosim: 8999000000 retirements ok (pc=0000000000152a34)
[c=16395000000]
[c=16396000000]
cosim: 9000000000 retirements ok (pc=0000000000152286)
[c=16397000000]
cosim: 9001000000 retirements ok (pc=ffffffff805310b8)
[c=16398000000]
cosim: 9002000000 retirements ok (pc=0000000000152c10)
[c=16399000000]
[c=16400000000]
cosim: 9003000000 retirements ok (pc=0000000000152d40)
[c=16401000000]
cosim: 9004000000 retirements ok (pc=0000000000152d20)
[c=16402000000]
[c=16403000000]
cosim: 9005000000 retirements ok (pc=0000000000152406)
[c=16404000000]
cosim: 9006000000 retirements ok (pc=0000000000152aec)
[c=16405000000]
cosim: 9007000000 retirements ok (pc=0000000000151ed0)
[c=16406000000]
[c=16407000000]
cosim: 9008000000 retirements ok (pc=0000000000151da8)
[c=16408000000]
cosim: 9009000000 retirements ok (pc=0000000000152514)
[c=16409000000]
cosim: 9010000000 retirements ok (pc=0000000000152332)
[c=16410000000]
[c=16411000000]
cosim: 9011000000 retirements ok (pc=00000000001520c6)
[c=16412000000]
cosim: 9012000000 retirements ok (pc=0000000000152d1c)
[c=16413000000]
[c=16414000000]
cosim: 9013000000 retirements ok (pc=0000000000152afe)
[c=16415000000]
cosim: 9014000000 retirements ok (pc=00000000001528bc)
[c=16416000000]
cosim: 9015000000 retirements ok (pc=000000000015214e)
[c=16417000000]
cosim: 9016000000 retirements ok (pc=0000000000152c82)
[c=16418000000]
[c=16419000000]
cosim: 9017000000 retirements ok (pc=ffffffff800b05e2)
[c=16420000000]
cosim: 9018000000 retirements ok (pc=0000000000152c0a)
[c=16421000000]
[c=16422000000]
cosim: 9019000000 retirements ok (pc=000000000015242a)
[c=16423000000]
cosim: 9020000000 retirements ok (pc=00000000001523d0)
[c=16424000000]
cosim: 9021000000 retirements ok (pc=000000000015228c)
[c=16425000000]
[c=16426000000]
cosim: 9022000000 retirements ok (pc=000000000015206c)
[c=16427000000]
cosim: 9023000000 retirements ok (pc=000000000015279e)
[c=16428000000]
[c=16429000000]
cosim: 9024000000 retirements ok (pc=00000000001528c0)
[c=16430000000]
cosim: 9025000000 retirements ok (pc=00000000001526e4)
[c=16431000000]
cosim: 9026000000 retirements ok (pc=0000000000151e32)
[c=16432000000]
[c=16433000000]
cosim: 9027000000 retirements ok (pc=0000000000152d94)
[c=16434000000]
cosim: 9028000000 retirements ok (pc=0000000000152a36)
[c=16435000000]
cosim: 9029000000 retirements ok (pc=0000000000152da6)
[c=16436000000]
[c=16437000000]
cosim: 9030000000 retirements ok (pc=00000000001525c2)
[c=16438000000]
cosim: 9031000000 retirements ok (pc=0000000000152338)
[c=16439000000]
[c=16440000000]
cosim: 9032000000 retirements ok (pc=0000000000152c42)
[c=16441000000]
cosim: 9033000000 retirements ok (pc=0000000000152572)
[c=16442000000]
cosim: 9034000000 retirements ok (pc=0000000000151e66)
[c=16443000000]
[c=16444000000]
cosim: 9035000000 retirements ok (pc=00000000001525da)
[c=16445000000]
cosim: 9036000000 retirements ok (pc=000000000015227c)
[c=16446000000]
[c=16447000000]
cosim: 9037000000 retirements ok (pc=ffffffff80245ce8)
[c=16448000000]
cosim: 9038000000 retirements ok (pc=0000000000152ace)
[c=16449000000]
cosim: 9039000000 retirements ok (pc=0000000000152270)
[c=16450000000]
[c=16451000000]
cosim: 9040000000 retirements ok (pc=0000000000152492)
[c=16452000000]
cosim: 9041000000 retirements ok (pc=000000000015260e)
[c=16453000000]
[c=16454000000]
cosim: 9042000000 retirements ok (pc=0000000000152928)
[c=16455000000]
cosim: 9043000000 retirements ok (pc=0000000000152b94)
[c=16456000000]
cosim: 9044000000 retirements ok (pc=000000000015232e)
[c=16457000000]
[c=16458000000]
cosim: 9045000000 retirements ok (pc=00000000001526c8)
[c=16459000000]
cosim: 9046000000 retirements ok (pc=0000000000152acc)
[c=16460000000]
cosim: 9047000000 retirements ok (pc=00000000001522ba)
[c=16461000000]
[c=16462000000]
cosim: 9048000000 retirements ok (pc=0000000000152580)
[c=16463000000]
cosim: 9049000000 retirements ok (pc=0000000000151e78)
[c=16464000000]
[c=16465000000]
cosim: 9050000000 retirements ok (pc=0000000000151d44)
[c=16466000000]
cosim: 9051000000 retirements ok (pc=0000000000152532)
[c=16467000000]
cosim: 9052000000 retirements ok (pc=0000000000152390)
[c=16468000000]
[c=16469000000]
cosim: 9053000000 retirements ok (pc=0000000000152336)
[c=16470000000]
cosim: 9054000000 retirements ok (pc=00000000001524c6)
[c=16471000000]
cosim: 9055000000 retirements ok (pc=0000000000152b00)
[c=16472000000]
[c=16473000000]
cosim: 9056000000 retirements ok (pc=0000000000152a3a)
[c=16474000000]
cosim: 9057000000 retirements ok (pc=0000000000152344)
[c=16475000000]
cosim: 9058000000 retirements ok (pc=00000000001522c4)
[c=16476000000]
[c=16477000000]
cosim: 9059000000 retirements ok (pc=0000000000152b6e)
[c=16478000000]
cosim: 9060000000 retirements ok (pc=000000000015276e)
[c=16479000000]
[c=16480000000]
cosim: 9061000000 retirements ok (pc=0000000000151ff0)
[c=16481000000]
cosim: 9062000000 retirements ok (pc=00000000001527f8)
[c=16482000000]
cosim: 9063000000 retirements ok (pc=000000000015261e)
[c=16483000000]
[c=16484000000]
cosim: 9064000000 retirements ok (pc=0000000000151e3e)
[c=16485000000]
cosim: 9065000000 retirements ok (pc=0000000000152852)
[c=16486000000]
cosim: 9066000000 retirements ok (pc=00000000001520fa)
[c=16487000000]
[c=16488000000]
cosim: 9067000000 retirements ok (pc=0000000000152268)
[c=16489000000]
cosim: 9068000000 retirements ok (pc=0000000000152b80)
[c=16490000000]
[c=16491000000]
cosim: 9069000000 retirements ok (pc=000000000015230a)
[c=16492000000]
cosim: 9070000000 retirements ok (pc=00000000001524c0)
[c=16493000000]
cosim: 9071000000 retirements ok (pc=000000000015238a)
[c=16494000000]
[c=16495000000]
cosim: 9072000000 retirements ok (pc=0000000000152b76)
[c=16496000000]
cosim: 9073000000 retirements ok (pc=0000000000152cd2)
[c=16497000000]
cosim: 9074000000 retirements ok (pc=000000000015256a)
[c=16498000000]
[c=16499000000]
cosim: 9075000000 retirements ok (pc=0000000000152208)
[c=16500000000]
cosim: 9076000000 retirements ok (pc=0000000000152158)
[c=16501000000]
cosim: 9077000000 retirements ok (pc=00000000001529ce)
[c=16502000000]
[c=16503000000]
cosim: 9078000000 retirements ok (pc=00000000001527de)
[c=16504000000]
cosim: 9079000000 retirements ok (pc=000000000015234e)
[c=16505000000]
[c=16506000000]
cosim: 9080000000 retirements ok (pc=0000000000152702)
[c=16507000000]
cosim: 9081000000 retirements ok (pc=000000000015296c)
[c=16508000000]
cosim: 9082000000 retirements ok (pc=0000000000151fd2)
[c=16509000000]
[c=16510000000]
cosim: 9083000000 retirements ok (pc=0000000000152812)
[c=16511000000]
cosim: 9084000000 retirements ok (pc=0000000000151f56)
[c=16512000000]
[c=16513000000]
cosim: 9085000000 retirements ok (pc=00000000001521a0)
[c=16514000000]
cosim: 9086000000 retirements ok (pc=00000000001529a8)
[c=16515000000]
cosim: 9087000000 retirements ok (pc=000000000015222c)
[c=16516000000]
[c=16517000000]
cosim: 9088000000 retirements ok (pc=000000000015211a)
[c=16518000000]
cosim: 9089000000 retirements ok (pc=00000000001523ec)
[c=16519000000]
cosim: 9090000000 retirements ok (pc=0000000000151f7a)
[c=16520000000]
[c=16521000000]
cosim: 9091000000 retirements ok (pc=ffffffff808e4122)
[c=16522000000]
cosim: 9092000000 retirements ok (pc=0000000000151e82)
[c=16523000000]
[c=16524000000]
cosim: 9093000000 retirements ok (pc=0000000000151e84)
[c=16525000000]
cosim: 9094000000 retirements ok (pc=00000000001527a0)
[c=16526000000]
cosim: 9095000000 retirements ok (pc=0000000000152760)
[c=16527000000]
[c=16528000000]
cosim: 9096000000 retirements ok (pc=0000000000152d0c)
[c=16529000000]
cosim: 9097000000 retirements ok (pc=000000000015203a)
[c=16530000000]
[c=16531000000]
[c=16532000000]
[c=16533000000]
cosim: 9098000000 retirements ok (pc=00000000001522ae)
[c=16534000000]
[c=16535000000]
cosim: 9099000000 retirements ok (pc=0000000000152d32)
[c=16536000000]
cosim: 9100000000 retirements ok (pc=0000000000152bf0)
[c=16537000000]
cosim: 9101000000 retirements ok (pc=000000000015237c)
[c=16538000000]
[c=16539000000]
cosim: 9102000000 retirements ok (pc=0000000000152104)
[c=16540000000]
cosim: 9103000000 retirements ok (pc=0000000000151ed6)
[c=16541000000]
cosim: 9104000000 retirements ok (pc=00000000001524c6)
[c=16542000000]
[c=16543000000]
cosim: 9105000000 retirements ok (pc=0000000000152762)
[c=16544000000]
cosim: 9106000000 retirements ok (pc=0000000000152c96)
[c=16545000000]
cosim: 9107000000 retirements ok (pc=0000000000152d9e)
[c=16546000000]
[c=16547000000]
cosim: 9108000000 retirements ok (pc=0000000000152b54)
[c=16548000000]
cosim: 9109000000 retirements ok (pc=000000000015222a)
[c=16549000000]
[c=16550000000]
cosim: 9110000000 retirements ok (pc=00000000001529ec)
[c=16551000000]
cosim: 9111000000 retirements ok (pc=0000000000152b0e)
[c=16552000000]
cosim: 9112000000 retirements ok (pc=00000000001529da)
[c=16553000000]
[c=16554000000]
cosim: 9113000000 retirements ok (pc=000000000015228e)
[c=16555000000]
cosim: 9114000000 retirements ok (pc=0000000000151ee6)
[c=16556000000]
cosim: 9115000000 retirements ok (pc=0000000000152c42)
[c=16557000000]
[c=16558000000]
cosim: 9116000000 retirements ok (pc=0000000000152c12)
[c=16559000000]
cosim: 9117000000 retirements ok (pc=0000000000152502)
[c=16560000000]
[c=16561000000]
cosim: 9118000000 retirements ok (pc=0000000000152378)
[c=16562000000]
cosim: 9119000000 retirements ok (pc=0000000000152ad4)
[c=16563000000]
cosim: 9120000000 retirements ok (pc=0000000000152844)
[c=16564000000]
[c=16565000000]
cosim: 9121000000 retirements ok (pc=00000000001523f6)
[c=16566000000]
cosim: 9122000000 retirements ok (pc=0000000000151dfa)
[c=16567000000]
cosim: 9123000000 retirements ok (pc=0000000000152536)
[c=16568000000]
[c=16569000000]
cosim: 9124000000 retirements ok (pc=0000000000152df2)
[c=16570000000]
cosim: 9125000000 retirements ok (pc=00000000001529b8)
[c=16571000000]
cosim: 9126000000 retirements ok (pc=0000000000151f12)
[c=16572000000]
[c=16573000000]
cosim: 9127000000 retirements ok (pc=0000000000152cd6)
[c=16574000000]
cosim: 9128000000 retirements ok (pc=0000000000152bcc)
[c=16575000000]
[c=16576000000]
cosim: 9129000000 retirements ok (pc=0000000000151daa)
[c=16577000000]
cosim: 9130000000 retirements ok (pc=0000000000152bc2)
[c=16578000000]
cosim: 9131000000 retirements ok (pc=000000000015227c)
[c=16579000000]
[c=16580000000]
cosim: 9132000000 retirements ok (pc=ffffffff800a47ec)
[c=16581000000]
cosim: 9133000000 retirements ok (pc=0000000000151ea0)
[c=16582000000]
cosim: 9134000000 retirements ok (pc=00000000001524d6)
[c=16583000000]
[c=16584000000]
cosim: 9135000000 retirements ok (pc=0000000000152ba4)
[c=16585000000]
cosim: 9136000000 retirements ok (pc=0000000000151ea6)
[c=16586000000]
[c=16587000000]
cosim: 9137000000 retirements ok (pc=0000000000152c32)
[c=16588000000]
cosim: 9138000000 retirements ok (pc=0000000000152386)
[c=16589000000]
cosim: 9139000000 retirements ok (pc=0000000000152d2e)
[c=16590000000]
[c=16591000000]
cosim: 9140000000 retirements ok (pc=0000000000152a9e)
[c=16592000000]
cosim: 9141000000 retirements ok (pc=0000000000152b2a)
[c=16593000000]
[c=16594000000]
cosim: 9142000000 retirements ok (pc=0000000000151fc2)
[c=16595000000]
cosim: 9143000000 retirements ok (pc=00000000001520ae)
[c=16596000000]
[c=16597000000]
cosim: 9144000000 retirements ok (pc=0000000000152d60)
[c=16598000000]
cosim: 9145000000 retirements ok (pc=00000000001522dc)
[c=16599000000]
cosim: 9146000000 retirements ok (pc=00000000001527b8)
[c=16600000000]
[c=16601000000]
cosim: 9147000000 retirements ok (pc=00000000001527d4)
[c=16602000000]
cosim: 9148000000 retirements ok (pc=0000000000152442)
[c=16603000000]
cosim: 9149000000 retirements ok (pc=000000000014b8b6)
[c=16604000000]
[c=16605000000]
cosim: 9150000000 retirements ok (pc=000000000015249e)
[c=16606000000]
cosim: 9151000000 retirements ok (pc=000000000015232e)
[c=16607000000]
cosim: 9152000000 retirements ok (pc=00000000001527ea)
[c=16608000000]
[c=16609000000]
cosim: 9153000000 retirements ok (pc=000000000015218a)
[c=16610000000]
cosim: 9154000000 retirements ok (pc=000000000014b686)
[c=16611000000]
[c=16612000000]
cosim: 9155000000 retirements ok (pc=0000000000152268)
[c=16613000000]
cosim: 9156000000 retirements ok (pc=0000000000152058)
[c=16614000000]
cosim: 9157000000 retirements ok (pc=0000000000152072)
[c=16615000000]
[c=16616000000]
cosim: 9158000000 retirements ok (pc=0000000000151e84)
[c=16617000000]
cosim: 9159000000 retirements ok (pc=0000000000152dd0)
[c=16618000000]
[c=16619000000]
cosim: 9160000000 retirements ok (pc=0000000000152462)
[c=16620000000]
cosim: 9161000000 retirements ok (pc=0000000000152cf6)
[c=16621000000]
cosim: 9162000000 retirements ok (pc=000000000015259c)
[c=16622000000]
[c=16623000000]
cosim: 9163000000 retirements ok (pc=000000000015244e)
[c=16624000000]
cosim: 9164000000 retirements ok (pc=00000000001525e0)
[c=16625000000]
cosim: 9165000000 retirements ok (pc=0000000000151df6)
[c=16626000000]
[c=16627000000]
cosim: 9166000000 retirements ok (pc=0000000000152272)
[c=16628000000]
cosim: 9167000000 retirements ok (pc=0000000000152b94)
[c=16629000000]
cosim: 9168000000 retirements ok (pc=00000000001529f2)
[c=16630000000]
[c=16631000000]
cosim: 9169000000 retirements ok (pc=00000000001521ba)
[c=16632000000]
cosim: 9170000000 retirements ok (pc=00000000001520bc)
[c=16633000000]
cosim: 9171000000 retirements ok (pc=0000000000152da2)
[c=16634000000]
[c=16635000000]
cosim: 9172000000 retirements ok (pc=ffffffff8053121a)
[c=16636000000]
cosim: 9173000000 retirements ok (pc=0000000000151da0)
[c=16637000000]
[c=16638000000]
cosim: 9174000000 retirements ok (pc=0000000000152580)
[c=16639000000]
cosim: 9175000000 retirements ok (pc=0000000000152584)
[c=16640000000]
cosim: 9176000000 retirements ok (pc=0000000000151f10)
[c=16641000000]
[c=16642000000]
cosim: 9177000000 retirements ok (pc=0000000000152d52)
[c=16643000000]
cosim: 9178000000 retirements ok (pc=0000000000152314)
[c=16644000000]
[c=16645000000]
cosim: 9179000000 retirements ok (pc=000000000015238a)
[c=16646000000]
cosim: 9180000000 retirements ok (pc=0000000000152058)
[c=16647000000]
cosim: 9181000000 retirements ok (pc=0000000000152454)
[c=16648000000]
[c=16649000000]
cosim: 9182000000 retirements ok (pc=0000000000152ace)
[c=16650000000]
cosim: 9183000000 retirements ok (pc=00000000001528a6)
[c=16651000000]
cosim: 9184000000 retirements ok (pc=0000000000152a62)
[c=16652000000]
[c=16653000000]
cosim: 9185000000 retirements ok (pc=0000000000151e2a)
[c=16654000000]
cosim: 9186000000 retirements ok (pc=000000000014c73e)
[c=16655000000]
[c=16656000000]
cosim: 9187000000 retirements ok (pc=0000000000152826)
[c=16657000000]
cosim: 9188000000 retirements ok (pc=000000000015227c)
[c=16658000000]
cosim: 9189000000 retirements ok (pc=000000000015252e)
[c=16659000000]
[c=16660000000]
cosim: 9190000000 retirements ok (pc=0000000000152982)
[c=16661000000]
cosim: 9191000000 retirements ok (pc=0000000000152332)
[c=16662000000]
cosim: 9192000000 retirements ok (pc=0000000000152cea)
[c=16663000000]
[c=16664000000]
cosim: 9193000000 retirements ok (pc=0000000000152702)
[c=16665000000]
cosim: 9194000000 retirements ok (pc=0000000000152af2)
[c=16666000000]
cosim: 9195000000 retirements ok (pc=0000000000152596)
[c=16667000000]
[c=16668000000]
cosim: 9196000000 retirements ok (pc=0000000000152348)
[c=16669000000]
cosim: 9197000000 retirements ok (pc=000000000015249c)
[c=16670000000]
[c=16671000000]
cosim: 9198000000 retirements ok (pc=0000000000152cb2)
[c=16672000000]
cosim: 9199000000 retirements ok (pc=00000000001520d0)
[c=16673000000]
cosim: 9200000000 retirements ok (pc=0000000000152b84)
[c=16674000000]
[c=16675000000]
cosim: 9201000000 retirements ok (pc=0000000000151f02)
[c=16676000000]
cosim: 9202000000 retirements ok (pc=0000000000151e06)
[c=16677000000]
[c=16678000000]
cosim: 9203000000 retirements ok (pc=00000000001525cc)
[c=16679000000]
cosim: 9204000000 retirements ok (pc=0000000000151eea)
[c=16680000000]
cosim: 9205000000 retirements ok (pc=00000000001528fa)
[c=16681000000]
[c=16682000000]
cosim: 9206000000 retirements ok (pc=0000000000152a1a)
[c=16683000000]
cosim: 9207000000 retirements ok (pc=00000000001523da)
[c=16684000000]
cosim: 9208000000 retirements ok (pc=0000000000152d04)
[c=16685000000]
[c=16686000000]
cosim: 9209000000 retirements ok (pc=0000000000152b2e)
[c=16687000000]
cosim: 9210000000 retirements ok (pc=00000000001524c0)
[c=16688000000]
cosim: 9211000000 retirements ok (pc=0000000000151efc)
[c=16689000000]
[c=16690000000]
cosim: 9212000000 retirements ok (pc=0000000000151eb4)
[c=16691000000]
cosim: 9213000000 retirements ok (pc=0000000000152c20)
[c=16692000000]
cosim: 9214000000 retirements ok (pc=000000000015209a)
[c=16693000000]
[c=16694000000]
cosim: 9215000000 retirements ok (pc=00000000001523ee)
[c=16695000000]
cosim: 9216000000 retirements ok (pc=000000000015217a)
[c=16696000000]
[c=16697000000]
cosim: 9217000000 retirements ok (pc=00000000001528aa)
[c=16698000000]
cosim: 9218000000 retirements ok (pc=0000000000152282)
[c=16699000000]
cosim: 9219000000 retirements ok (pc=00000000001520fc)
[c=16700000000]
[c=16701000000]
cosim: 9220000000 retirements ok (pc=0000000000152ace)
[c=16702000000]
cosim: 9221000000 retirements ok (pc=000000000015230e)
[c=16703000000]
[c=16704000000]
cosim: 9222000000 retirements ok (pc=000000000015274e)
[c=16705000000]
cosim: 9223000000 retirements ok (pc=0000000000152044)
[c=16706000000]
cosim: 9224000000 retirements ok (pc=0000000000152386)
[c=16707000000]
[c=16708000000]
cosim: 9225000000 retirements ok (pc=0000000000152cfc)
[c=16709000000]
cosim: 9226000000 retirements ok (pc=0000000000151ec6)
[c=16710000000]
cosim: 9227000000 retirements ok (pc=00000000001522fa)
[c=16711000000]
[c=16712000000]
cosim: 9228000000 retirements ok (pc=000000000015272c)
[c=16713000000]
cosim: 9229000000 retirements ok (pc=0000000000151f4e)
[c=16714000000]
cosim: 9230000000 retirements ok (pc=0000000000152a32)
[c=16715000000]
[c=16716000000]
cosim: 9231000000 retirements ok (pc=0000000000152bc4)
[c=16717000000]
cosim: 9232000000 retirements ok (pc=00000000001523ca)
[c=16718000000]
[c=16719000000]
cosim: 9233000000 retirements ok (pc=00000000001527e6)
[c=16720000000]
cosim: 9234000000 retirements ok (pc=0000000000152ab0)
[c=16721000000]
cosim: 9235000000 retirements ok (pc=0000000000152ac6)
[c=16722000000]
[c=16723000000]
cosim: 9236000000 retirements ok (pc=0000000000152470)
[c=16724000000]
cosim: 9237000000 retirements ok (pc=0000000000152338)
[c=16725000000]
cosim: 9238000000 retirements ok (pc=000000000014bc40)
[c=16726000000]
[c=16727000000]
cosim: 9239000000 retirements ok (pc=0000000000151e00)
[c=16728000000]
cosim: 9240000000 retirements ok (pc=ffffffff808d51ae)
[c=16729000000]
[c=16730000000]
cosim: 9241000000 retirements ok (pc=000000000015271c)
[c=16731000000]
cosim: 9242000000 retirements ok (pc=00000000001521ba)
[c=16732000000]
cosim: 9243000000 retirements ok (pc=00000000001525a0)
[c=16733000000]
[c=16734000000]
cosim: 9244000000 retirements ok (pc=000000000015291a)
[c=16735000000]
cosim: 9245000000 retirements ok (pc=00000000001526b4)
[c=16736000000]
[c=16737000000]
cosim: 9246000000 retirements ok (pc=ffffffff800a47b6)
[c=16738000000]
cosim: 9247000000 retirements ok (pc=0000000000152a6a)
[c=16739000000]
[c=16740000000]
cosim: 9248000000 retirements ok (pc=ffffffff808d50ee)
[c=16741000000]
cosim: 9249000000 retirements ok (pc=0000000000152100)
[c=16742000000]
cosim: 9250000000 retirements ok (pc=0000000000151e62)
[c=16743000000]
[c=16744000000]
cosim: 9251000000 retirements ok (pc=0000000000152b54)
[c=16745000000]
cosim: 9252000000 retirements ok (pc=0000000000151e2a)
[c=16746000000]
cosim: 9253000000 retirements ok (pc=000000000015278c)
[c=16747000000]
[c=16748000000]
cosim: 9254000000 retirements ok (pc=000000000015202a)
[c=16749000000]
cosim: 9255000000 retirements ok (pc=0000000000151f6a)
[c=16750000000]
cosim: 9256000000 retirements ok (pc=0000000000152662)
[c=16751000000]
[c=16752000000]
cosim: 9257000000 retirements ok (pc=0000000000152cee)
[c=16753000000]
cosim: 9258000000 retirements ok (pc=0000000000151f00)
[c=16754000000]
[c=16755000000]
cosim: 9259000000 retirements ok (pc=ffffffff800a5684)
[c=16756000000]
cosim: 9260000000 retirements ok (pc=0000000000152248)
[c=16757000000]
cosim: 9261000000 retirements ok (pc=0000000000151f0e)
[c=16758000000]
[c=16759000000]
cosim: 9262000000 retirements ok (pc=0000000000152618)
[c=16760000000]
cosim: 9263000000 retirements ok (pc=000000000015256a)
[c=16761000000]
cosim: 9264000000 retirements ok (pc=0000000000152d58)
[c=16762000000]
[c=16763000000]
cosim: 9265000000 retirements ok (pc=00000000001520de)
[c=16764000000]
cosim: 9266000000 retirements ok (pc=0000000000152496)
[c=16765000000]
[c=16766000000]
cosim: 9267000000 retirements ok (pc=0000000000152dee)
[c=16767000000]
cosim: 9268000000 retirements ok (pc=0000000000152a48)
[c=16768000000]
cosim: 9269000000 retirements ok (pc=000000000015215a)
[c=16769000000]
[c=16770000000]
cosim: 9270000000 retirements ok (pc=00000000001529e2)
[c=16771000000]
cosim: 9271000000 retirements ok (pc=000000000015201c)
[c=16772000000]
cosim: 9272000000 retirements ok (pc=00000000001526aa)
[c=16773000000]
[c=16774000000]
cosim: 9273000000 retirements ok (pc=0000000000152488)
[c=16775000000]
cosim: 9274000000 retirements ok (pc=000000000015214a)
[c=16776000000]
cosim: 9275000000 retirements ok (pc=0000000000152d62)
[c=16777000000]
[c=16778000000]
cosim: 9276000000 retirements ok (pc=0000000000151df0)
[c=16779000000]
cosim: 9277000000 retirements ok (pc=0000000000152822)
[c=16780000000]
[c=16781000000]
cosim: 9278000000 retirements ok (pc=0000000000152512)
[c=16782000000]
cosim: 9279000000 retirements ok (pc=0000000000152d1c)
[c=16783000000]
cosim: 9280000000 retirements ok (pc=00000000001522e0)
[c=16784000000]
[c=16785000000]
cosim: 9281000000 retirements ok (pc=0000000000151ee2)
[c=16786000000]
cosim: 9282000000 retirements ok (pc=00000000001525b6)
[c=16787000000]
cosim: 9283000000 retirements ok (pc=0000000000151ef8)
[c=16788000000]
[c=16789000000]
cosim: 9284000000 retirements ok (pc=0000000000152256)
[c=16790000000]
cosim: 9285000000 retirements ok (pc=0000000000151efc)
[c=16791000000]
[c=16792000000]
cosim: 9286000000 retirements ok (pc=000000000015222c)
[c=16793000000]
cosim: 9287000000 retirements ok (pc=0000000000152a9a)
[c=16794000000]
cosim: 9288000000 retirements ok (pc=000000000015296c)
[c=16795000000]
[c=16796000000]
cosim: 9289000000 retirements ok (pc=0000000000152dda)
[c=16797000000]
cosim: 9290000000 retirements ok (pc=0000000000152512)
[c=16798000000]
cosim: 9291000000 retirements ok (pc=0000000000152476)
[c=16799000000]
[c=16800000000]
cosim: 9292000000 retirements ok (pc=0000000000152c4e)
[c=16801000000]
cosim: 9293000000 retirements ok (pc=0000000000152de8)
[c=16802000000]
cosim: 9294000000 retirements ok (pc=00000000001525b2)
[c=16803000000]
[c=16804000000]
cosim: 9295000000 retirements ok (pc=000000000015252c)
[c=16805000000]
[c=16806000000]
[c=16807000000]
[c=16808000000]
cosim: 9296000000 retirements ok (pc=00000000001521fe)
[c=16809000000]
cosim: 9297000000 retirements ok (pc=000000000015211a)
[c=16810000000]
[c=16811000000]
cosim: 9298000000 retirements ok (pc=0000000000152846)
[c=16812000000]
cosim: 9299000000 retirements ok (pc=ffffffff80063fec)
[c=16813000000]
cosim: 9300000000 retirements ok (pc=00000000001523f6)
[c=16814000000]
[c=16815000000]
cosim: 9301000000 retirements ok (pc=000000000014c4e0)
[c=16816000000]
cosim: 9302000000 retirements ok (pc=0000000000151f76)
[c=16817000000]
[c=16818000000]
cosim: 9303000000 retirements ok (pc=00000000001521e6)
[c=16819000000]
cosim: 9304000000 retirements ok (pc=0000000000151f44)
[c=16820000000]
cosim: 9305000000 retirements ok (pc=ffffffff800a092a)
[c=16821000000]
[c=16822000000]
cosim: 9306000000 retirements ok (pc=0000000000151eda)
[c=16823000000]
cosim: 9307000000 retirements ok (pc=0000000000152ce4)
[c=16824000000]
cosim: 9308000000 retirements ok (pc=ffffffff8007fbb2)
[c=16825000000]
[c=16826000000]
cosim: 9309000000 retirements ok (pc=00000000001526da)
[c=16827000000]
cosim: 9310000000 retirements ok (pc=0000000000151fde)
[c=16828000000]
[c=16829000000]
cosim: 9311000000 retirements ok (pc=000000000015279e)
[c=16830000000]
cosim: 9312000000 retirements ok (pc=0000000000152704)
[c=16831000000]
cosim: 9313000000 retirements ok (pc=00000000001526be)
[c=16832000000]
[c=16833000000]
cosim: 9314000000 retirements ok (pc=0000000000152970)
[c=16834000000]
cosim: 9315000000 retirements ok (pc=000000000015250a)
[c=16835000000]
[c=16836000000]
cosim: 9316000000 retirements ok (pc=0000000000151d40)
[c=16837000000]
cosim: 9317000000 retirements ok (pc=00000000001521f0)
[c=16838000000]
cosim: 9318000000 retirements ok (pc=0000000000152d3c)
[c=16839000000]
[c=16840000000]
cosim: 9319000000 retirements ok (pc=0000000000152380)
[c=16841000000]
cosim: 9320000000 retirements ok (pc=0000000000152d94)
[c=16842000000]
cosim: 9321000000 retirements ok (pc=0000000000152d00)
[c=16843000000]
[c=16844000000]
cosim: 9322000000 retirements ok (pc=0000000000152d86)
[c=16845000000]
cosim: 9323000000 retirements ok (pc=0000000000152d66)
[c=16846000000]
cosim: 9324000000 retirements ok (pc=0000000000151e34)
[c=16847000000]
[c=16848000000]
cosim: 9325000000 retirements ok (pc=0000000000152700)
[c=16849000000]
cosim: 9326000000 retirements ok (pc=0000000000152794)
[c=16850000000]
[c=16851000000]
cosim: 9327000000 retirements ok (pc=0000000000151e2e)
[c=16852000000]
cosim: 9328000000 retirements ok (pc=0000000000152d52)
[c=16853000000]
cosim: 9329000000 retirements ok (pc=00000000001522d6)
[c=16854000000]
[c=16855000000]
cosim: 9330000000 retirements ok (pc=0000000000152026)
[c=16856000000]
cosim: 9331000000 retirements ok (pc=000000000015299a)
[c=16857000000]
cosim: 9332000000 retirements ok (pc=0000000000152040)
[c=16858000000]
[c=16859000000]
cosim: 9333000000 retirements ok (pc=0000000000152b10)
[c=16860000000]
cosim: 9334000000 retirements ok (pc=0000000000151f36)
[c=16861000000]
[c=16862000000]
cosim: 9335000000 retirements ok (pc=0000000000151eea)
[c=16863000000]
cosim: 9336000000 retirements ok (pc=0000000000152aea)
[c=16864000000]
cosim: 9337000000 retirements ok (pc=0000000000152da2)
[c=16865000000]
[c=16866000000]
cosim: 9338000000 retirements ok (pc=0000000000152a98)
[c=16867000000]
cosim: 9339000000 retirements ok (pc=00000000001523da)
[c=16868000000]
[c=16869000000]
cosim: 9340000000 retirements ok (pc=0000000000152332)
[c=16870000000]
cosim: 9341000000 retirements ok (pc=0000000000152db0)
[c=16871000000]
cosim: 9342000000 retirements ok (pc=ffffffff8006405c)
[c=16872000000]
[c=16873000000]
cosim: 9343000000 retirements ok (pc=00000000001522ae)
[c=16874000000]
cosim: 9344000000 retirements ok (pc=0000000000152a96)
[c=16875000000]
cosim: 9345000000 retirements ok (pc=00000000001529b8)
[c=16876000000]
[c=16877000000]
cosim: 9346000000 retirements ok (pc=0000000000152318)
[c=16878000000]
cosim: 9347000000 retirements ok (pc=0000000000151ee8)
[c=16879000000]
[c=16880000000]
cosim: 9348000000 retirements ok (pc=00000000001524c6)
[c=16881000000]
cosim: 9349000000 retirements ok (pc=000000000015258a)
[c=16882000000]
cosim: 9350000000 retirements ok (pc=ffffffff800597c2)
[c=16883000000]
[c=16884000000]
cosim: 9351000000 retirements ok (pc=000000000015291a)
[c=16885000000]
cosim: 9352000000 retirements ok (pc=000000000015277a)
[c=16886000000]
[c=16887000000]
cosim: 9353000000 retirements ok (pc=00000000001525ec)
[c=16888000000]
cosim: 9354000000 retirements ok (pc=0000000000151de2)
[c=16889000000]
cosim: 9355000000 retirements ok (pc=0000000000151e14)
[c=16890000000]
[c=16891000000]
cosim: 9356000000 retirements ok (pc=00000000001520ae)
[c=16892000000]
cosim: 9357000000 retirements ok (pc=0000000000151f3e)
[c=16893000000]
[c=16894000000]
cosim: 9358000000 retirements ok (pc=000000000015283c)
[c=16895000000]
cosim: 9359000000 retirements ok (pc=0000000000151fcc)
[c=16896000000]
cosim: 9360000000 retirements ok (pc=0000000000151e50)
[c=16897000000]
[c=16898000000]
cosim: 9361000000 retirements ok (pc=0000000000152c3c)
[c=16899000000]
cosim: 9362000000 retirements ok (pc=0000000000152c46)
[c=16900000000]
cosim: 9363000000 retirements ok (pc=0000000000152bc4)
[c=16901000000]
[c=16902000000]
cosim: 9364000000 retirements ok (pc=ffffffff800a1128)
[c=16903000000]
cosim: 9365000000 retirements ok (pc=0000000000152440)
[c=16904000000]
cosim: 9366000000 retirements ok (pc=0000000000152256)
[c=16905000000]
[c=16906000000]
cosim: 9367000000 retirements ok (pc=0000000000152200)
[c=16907000000]
cosim: 9368000000 retirements ok (pc=0000000000151fcc)
[c=16908000000]
cosim: 9369000000 retirements ok (pc=000000000015267e)
[c=16909000000]
[c=16910000000]
cosim: 9370000000 retirements ok (pc=0000000000151df0)
[c=16911000000]
cosim: 9371000000 retirements ok (pc=ffffffff8009de3a)
[c=16912000000]
[c=16913000000]
cosim: 9372000000 retirements ok (pc=0000000000152360)
[c=16914000000]
cosim: 9373000000 retirements ok (pc=000000000015212e)
[c=16915000000]
cosim: 9374000000 retirements ok (pc=0000000000152a32)
[c=16916000000]
[c=16917000000]
cosim: 9375000000 retirements ok (pc=ffffffff804c2620)
[c=16918000000]
cosim: 9376000000 retirements ok (pc=ffffffff8004e168)
[c=16919000000]
[c=16920000000]
cosim: 9377000000 retirements ok (pc=0000000000152a44)
[c=16921000000]
cosim: 9378000000 retirements ok (pc=0000000000152774)
[c=16922000000]
cosim: 9379000000 retirements ok (pc=0000000000152982)
[c=16923000000]
[c=16924000000]
cosim: 9380000000 retirements ok (pc=00000000001525a0)
[c=16925000000]
cosim: 9381000000 retirements ok (pc=ffffffff8005484e)
[c=16926000000]
cosim: 9382000000 retirements ok (pc=000000000015216e)
[c=16927000000]
[c=16928000000]
cosim: 9383000000 retirements ok (pc=ffffffff80531104)
[c=16929000000]
cosim: 9384000000 retirements ok (pc=ffffffff800a3836)
[c=16930000000]
[c=16931000000]
cosim: 9385000000 retirements ok (pc=ffffffff80063f9e)
[c=16932000000]
cosim: 9386000000 retirements ok (pc=00000000001521ea)
[c=16933000000]
cosim: 9387000000 retirements ok (pc=0000000000152c5e)
[c=16934000000]
[c=16935000000]
cosim: 9388000000 retirements ok (pc=00000000001526a0)
[c=16936000000]
cosim: 9389000000 retirements ok (pc=00000000001529be)
[c=16937000000]
cosim: 9390000000 retirements ok (pc=00000000001525a4)
[c=16938000000]
[c=16939000000]
cosim: 9391000000 retirements ok (pc=000000000015254a)
[c=16940000000]
cosim: 9392000000 retirements ok (pc=0000000000152d90)
[c=16941000000]
cosim: 9393000000 retirements ok (pc=00000000001524a6)
[c=16942000000]
[c=16943000000]
cosim: 9394000000 retirements ok (pc=0000000000152728)
[c=16944000000]
cosim: 9395000000 retirements ok (pc=0000000000151fa6)
[c=16945000000]
[c=16946000000]
cosim: 9396000000 retirements ok (pc=0000000000152d54)
[c=16947000000]
cosim: 9397000000 retirements ok (pc=0000000000151ee8)
[c=16948000000]
cosim: 9398000000 retirements ok (pc=0000000000151d42)
[c=16949000000]
[c=16950000000]
cosim: 9399000000 retirements ok (pc=000000000015236c)
[c=16951000000]
cosim: 9400000000 retirements ok (pc=0000000000152bae)
[c=16952000000]
[c=16953000000]
cosim: 9401000000 retirements ok (pc=0000000000152936)
[c=16954000000]
cosim: 9402000000 retirements ok (pc=000000000015276e)
[c=16955000000]
cosim: 9403000000 retirements ok (pc=000000000015253e)
[c=16956000000]
[c=16957000000]
cosim: 9404000000 retirements ok (pc=000000000015207a)
[c=16958000000]
cosim: 9405000000 retirements ok (pc=0000000000151e42)
[c=16959000000]
cosim: 9406000000 retirements ok (pc=00000000001521f0)
[c=16960000000]
[c=16961000000]
cosim: 9407000000 retirements ok (pc=00000000001529a4)
[c=16962000000]
cosim: 9408000000 retirements ok (pc=00000000001520f4)
[c=16963000000]
cosim: 9409000000 retirements ok (pc=000000000015282c)
[c=16964000000]
[c=16965000000]
cosim: 9410000000 retirements ok (pc=00000000001520d2)
[c=16966000000]
cosim: 9411000000 retirements ok (pc=00000000001524b0)
[c=16967000000]
cosim: 9412000000 retirements ok (pc=0000000000152c16)
[c=16968000000]
[c=16969000000]
cosim: 9413000000 retirements ok (pc=0000000000152662)
[c=16970000000]
cosim: 9414000000 retirements ok (pc=000000000015281a)
[c=16971000000]
[c=16972000000]
cosim: 9415000000 retirements ok (pc=0000000000152792)
[c=16973000000]
cosim: 9416000000 retirements ok (pc=00000000001527ba)
[c=16974000000]
cosim: 9417000000 retirements ok (pc=0000000000152526)
[c=16975000000]
[c=16976000000]
cosim: 9418000000 retirements ok (pc=00000000001527ac)
[c=16977000000]
cosim: 9419000000 retirements ok (pc=000000000015283c)
[c=16978000000]
[c=16979000000]
cosim: 9420000000 retirements ok (pc=0000000000151f64)
[c=16980000000]
cosim: 9421000000 retirements ok (pc=0000000000152098)
[c=16981000000]
cosim: 9422000000 retirements ok (pc=00000000001520d8)
[c=16982000000]
[c=16983000000]
cosim: 9423000000 retirements ok (pc=0000000000151ffe)
[c=16984000000]
cosim: 9424000000 retirements ok (pc=0000000000152752)
[c=16985000000]
cosim: 9425000000 retirements ok (pc=000000000015208c)
[c=16986000000]
[c=16987000000]
cosim: 9426000000 retirements ok (pc=0000000000152340)
[c=16988000000]
cosim: 9427000000 retirements ok (pc=0000000000152bf2)
[c=16989000000]
cosim: 9428000000 retirements ok (pc=0000000000152bb4)
[c=16990000000]
[c=16991000000]
cosim: 9429000000 retirements ok (pc=00000000001525b6)
[c=16992000000]
cosim: 9430000000 retirements ok (pc=0000000000152414)
[c=16993000000]
[c=16994000000]
cosim: 9431000000 retirements ok (pc=0000000000151e66)
[c=16995000000]
cosim: 9432000000 retirements ok (pc=0000000000152a62)
[c=16996000000]
cosim: 9433000000 retirements ok (pc=000000000015281c)
[c=16997000000]
[c=16998000000]
cosim: 9434000000 retirements ok (pc=ffffffff800a590a)
[c=16999000000]
cosim: 9435000000 retirements ok (pc=0000000000151eac)
[c=17000000000]
cosim: 9436000000 retirements ok (pc=000000000015256a)
[c=17001000000]
[c=17002000000]
cosim: 9437000000 retirements ok (pc=000000000015249a)
[c=17003000000]
cosim: 9438000000 retirements ok (pc=0000000000151df8)
[c=17004000000]
[c=17005000000]
cosim: 9439000000 retirements ok (pc=0000000000151f12)
[c=17006000000]
cosim: 9440000000 retirements ok (pc=0000000000152cc4)
[c=17007000000]
cosim: 9441000000 retirements ok (pc=0000000000152bf4)
[c=17008000000]
[c=17009000000]
cosim: 9442000000 retirements ok (pc=0000000000152490)
[c=17010000000]
cosim: 9443000000 retirements ok (pc=00000000001528ce)
[c=17011000000]
cosim: 9444000000 retirements ok (pc=000000000015249e)
[c=17012000000]
[c=17013000000]
cosim: 9445000000 retirements ok (pc=0000000000152358)
[c=17014000000]
cosim: 9446000000 retirements ok (pc=0000000000151f12)
[c=17015000000]
cosim: 9447000000 retirements ok (pc=0000000000151d9e)
[c=17016000000]
[c=17017000000]
cosim: 9448000000 retirements ok (pc=00000000001522f4)
[c=17018000000]
cosim: 9449000000 retirements ok (pc=0000000000152a98)
[c=17019000000]
[c=17020000000]
cosim: 9450000000 retirements ok (pc=00000000001522c8)
[c=17021000000]
cosim: 9451000000 retirements ok (pc=000000000015242e)
[c=17022000000]
[c=17023000000]
cosim: 9452000000 retirements ok (pc=0000000000152d62)
[c=17024000000]
cosim: 9453000000 retirements ok (pc=0000000000151e36)
[c=17025000000]
cosim: 9454000000 retirements ok (pc=0000000000152b36)
[c=17026000000]
[c=17027000000]
cosim: 9455000000 retirements ok (pc=0000000000152d00)
[c=17028000000]
cosim: 9456000000 retirements ok (pc=00000000001528f4)
[c=17029000000]
[c=17030000000]
cosim: 9457000000 retirements ok (pc=0000000000152866)
[c=17031000000]
cosim: 9458000000 retirements ok (pc=000000000015275e)
[c=17032000000]
cosim: 9459000000 retirements ok (pc=0000000000151ebe)
[c=17033000000]
[c=17034000000]
cosim: 9460000000 retirements ok (pc=00000000001529ec)
[c=17035000000]
cosim: 9461000000 retirements ok (pc=000000000015233c)
[c=17036000000]
cosim: 9462000000 retirements ok (pc=00000000001523c0)
[c=17037000000]
[c=17038000000]
cosim: 9463000000 retirements ok (pc=0000000000152dac)
[c=17039000000]
cosim: 9464000000 retirements ok (pc=00000000001523b6)
[c=17040000000]
[c=17041000000]
cosim: 9465000000 retirements ok (pc=00000000001523b0)
[c=17042000000]
cosim: 9466000000 retirements ok (pc=0000000000152230)
[c=17043000000]
cosim: 9467000000 retirements ok (pc=0000000000152ada)
[c=17044000000]
[c=17045000000]
cosim: 9468000000 retirements ok (pc=00000000001528ec)
[c=17046000000]
cosim: 9469000000 retirements ok (pc=0000000000152ade)
[c=17047000000]
cosim: 9470000000 retirements ok (pc=ffffffff800a11f8)
[c=17048000000]
[c=17049000000]
cosim: 9471000000 retirements ok (pc=0000000000151e18)
[c=17050000000]
cosim: 9472000000 retirements ok (pc=00000000001520b6)
[c=17051000000]
cosim: 9473000000 retirements ok (pc=0000000000152594)
[c=17052000000]
[c=17053000000]
cosim: 9474000000 retirements ok (pc=00000000001524aa)
[c=17054000000]
cosim: 9475000000 retirements ok (pc=0000000000152410)
[c=17055000000]
[c=17056000000]
cosim: 9476000000 retirements ok (pc=000000000015282c)
[c=17057000000]
cosim: 9477000000 retirements ok (pc=00000000001520e2)
[c=17058000000]
cosim: 9478000000 retirements ok (pc=0000000000152674)
[c=17059000000]
[c=17060000000]
cosim: 9479000000 retirements ok (pc=0000000000151e60)
[c=17061000000]
cosim: 9480000000 retirements ok (pc=00000000001524ea)
[c=17062000000]
cosim: 9481000000 retirements ok (pc=0000000000152c90)
[c=17063000000]
[c=17064000000]
cosim: 9482000000 retirements ok (pc=0000000000152a7c)
[c=17065000000]
cosim: 9483000000 retirements ok (pc=00000000001524bc)
[c=17066000000]
[c=17067000000]
cosim: 9484000000 retirements ok (pc=00000000001528b8)
[c=17068000000]
cosim: 9485000000 retirements ok (pc=000000000015249e)
[c=17069000000]
cosim: 9486000000 retirements ok (pc=0000000000152950)
[c=17070000000]
[c=17071000000]
cosim: 9487000000 retirements ok (pc=000000000015269c)
[c=17072000000]
cosim: 9488000000 retirements ok (pc=00000000001528d4)
[c=17073000000]
cosim: 9489000000 retirements ok (pc=000000000015213e)
[c=17074000000]
[c=17075000000]
cosim: 9490000000 retirements ok (pc=000000000015237c)
[c=17076000000]
cosim: 9491000000 retirements ok (pc=00000000001525e0)
[c=17077000000]
cosim: 9492000000 retirements ok (pc=000000000015252e)
[c=17078000000]
[c=17079000000]
cosim: 9493000000 retirements ok (pc=0000000000151e9e)
[c=17080000000]
[c=17081000000]
[c=17082000000]
[c=17083000000]
cosim: 9494000000 retirements ok (pc=0000000000152822)
[c=17084000000]
cosim: 9495000000 retirements ok (pc=00000000001522d8)
[c=17085000000]
[c=17086000000]
cosim: 9496000000 retirements ok (pc=00000000001526c2)
[c=17087000000]
cosim: 9497000000 retirements ok (pc=000000000015212c)
[c=17088000000]
cosim: 9498000000 retirements ok (pc=000000000015278c)
[c=17089000000]
[c=17090000000]
cosim: 9499000000 retirements ok (pc=0000000000151e10)
[c=17091000000]
cosim: 9500000000 retirements ok (pc=000000000015218c)
[c=17092000000]
[c=17093000000]
cosim: 9501000000 retirements ok (pc=0000000000151ed0)
[c=17094000000]
cosim: 9502000000 retirements ok (pc=00000000001528ea)
[c=17095000000]
cosim: 9503000000 retirements ok (pc=0000000000151fce)
[c=17096000000]
[c=17097000000]
cosim: 9504000000 retirements ok (pc=00000000001523e4)
[c=17098000000]
cosim: 9505000000 retirements ok (pc=0000000000151df6)
[c=17099000000]
cosim: 9506000000 retirements ok (pc=0000000000152bc6)
[c=17100000000]
[c=17101000000]
cosim: 9507000000 retirements ok (pc=0000000000151f92)
[c=17102000000]
cosim: 9508000000 retirements ok (pc=0000000000152a44)
[c=17103000000]
[c=17104000000]
cosim: 9509000000 retirements ok (pc=0000000000152c4a)
[c=17105000000]
cosim: 9510000000 retirements ok (pc=00000000001527a2)
[c=17106000000]
cosim: 9511000000 retirements ok (pc=0000000000152b5c)
[c=17107000000]
[c=17108000000]
cosim: 9512000000 retirements ok (pc=0000000000151f56)
[c=17109000000]
cosim: 9513000000 retirements ok (pc=000000000015209c)
[c=17110000000]
cosim: 9514000000 retirements ok (pc=0000000000152a04)
[c=17111000000]
[c=17112000000]
cosim: 9515000000 retirements ok (pc=0000000000152374)
[c=17113000000]
cosim: 9516000000 retirements ok (pc=0000000000152d60)
[c=17114000000]
cosim: 9517000000 retirements ok (pc=00000000001526a2)
[c=17115000000]
[c=17116000000]
cosim: 9518000000 retirements ok (pc=0000000000152788)
[c=17117000000]
cosim: 9519000000 retirements ok (pc=0000000000152472)
[c=17118000000]
[c=17119000000]
cosim: 9520000000 retirements ok (pc=0000000000152462)
[c=17120000000]
cosim: 9521000000 retirements ok (pc=0000000000151d9e)
[c=17121000000]
cosim: 9522000000 retirements ok (pc=0000000000152c2a)
[c=17122000000]
[c=17123000000]
cosim: 9523000000 retirements ok (pc=00000000001527aa)
[c=17124000000]
cosim: 9524000000 retirements ok (pc=000000000015201e)
[c=17125000000]
[c=17126000000]
cosim: 9525000000 retirements ok (pc=00000000001529aa)
[c=17127000000]
cosim: 9526000000 retirements ok (pc=0000000000151d4c)
[c=17128000000]
cosim: 9527000000 retirements ok (pc=000000000015273c)
[c=17129000000]
[c=17130000000]
cosim: 9528000000 retirements ok (pc=00000000001527aa)
[c=17131000000]
cosim: 9529000000 retirements ok (pc=0000000000152b60)
[c=17132000000]
cosim: 9530000000 retirements ok (pc=0000000000152514)
[c=17133000000]
[c=17134000000]
cosim: 9531000000 retirements ok (pc=00000000001522a0)
[c=17135000000]
cosim: 9532000000 retirements ok (pc=0000000000152c1a)
[c=17136000000]
[c=17137000000]
cosim: 9533000000 retirements ok (pc=0000000000152264)
[c=17138000000]
cosim: 9534000000 retirements ok (pc=0000000000152bbe)
[c=17139000000]
cosim: 9535000000 retirements ok (pc=000000000015274e)
[c=17140000000]
[c=17141000000]
cosim: 9536000000 retirements ok (pc=0000000000152b10)
[c=17142000000]
cosim: 9537000000 retirements ok (pc=0000000000152000)
[c=17143000000]
cosim: 9538000000 retirements ok (pc=0000000000152c00)
[c=17144000000]
[c=17145000000]
cosim: 9539000000 retirements ok (pc=00000000001526c8)
[c=17146000000]
cosim: 9540000000 retirements ok (pc=ffffffff808e4272)
[c=17147000000]
cosim: 9541000000 retirements ok (pc=00000000001529da)
[c=17148000000]
[c=17149000000]
cosim: 9542000000 retirements ok (pc=0000000000152382)
[c=17150000000]
cosim: 9543000000 retirements ok (pc=0000000000152260)
[c=17151000000]
[c=17152000000]
cosim: 9544000000 retirements ok (pc=00000000001526b4)
[c=17153000000]
cosim: 9545000000 retirements ok (pc=0000000000152084)
[c=17154000000]
cosim: 9546000000 retirements ok (pc=000000000015295c)
[c=17155000000]
[c=17156000000]
cosim: 9547000000 retirements ok (pc=000000000015239e)
[c=17157000000]
cosim: 9548000000 retirements ok (pc=00000000001526d8)
[c=17158000000]
cosim: 9549000000 retirements ok (pc=0000000000152abe)
[c=17159000000]
[c=17160000000]
cosim: 9550000000 retirements ok (pc=0000000000151f04)
[c=17161000000]
cosim: 9551000000 retirements ok (pc=0000000000152bdc)
[c=17162000000]
[c=17163000000]
cosim: 9552000000 retirements ok (pc=ffffffff80057cba)
[c=17164000000]
cosim: 9553000000 retirements ok (pc=0000000000152bb2)
[c=17165000000]
cosim: 9554000000 retirements ok (pc=0000000000152244)
[c=17166000000]
[c=17167000000]
cosim: 9555000000 retirements ok (pc=00000000001522fa)
[c=17168000000]
cosim: 9556000000 retirements ok (pc=000000000015270e)
[c=17169000000]
[c=17170000000]
cosim: 9557000000 retirements ok (pc=00000000001523b2)
[c=17171000000]
cosim: 9558000000 retirements ok (pc=0000000000152116)
[c=17172000000]
cosim: 9559000000 retirements ok (pc=0000000000152d44)
[c=17173000000]
[c=17174000000]
cosim: 9560000000 retirements ok (pc=00000000001520fa)
[c=17175000000]
cosim: 9561000000 retirements ok (pc=00000000001524d6)
[c=17176000000]
[c=17177000000]
cosim: 9562000000 retirements ok (pc=0000000000151e90)
[c=17178000000]
cosim: 9563000000 retirements ok (pc=000000000015224e)
[c=17179000000]
cosim: 9564000000 retirements ok (pc=0000000000152554)
[c=17180000000]
[c=17181000000]
cosim: 9565000000 retirements ok (pc=0000000000151f56)
[c=17182000000]
cosim: 9566000000 retirements ok (pc=ffffffff80064306)
[c=17183000000]
cosim: 9567000000 retirements ok (pc=0000000000152b68)
[c=17184000000]
[c=17185000000]
cosim: 9568000000 retirements ok (pc=0000000000152928)
[c=17186000000]
cosim: 9569000000 retirements ok (pc=0000000000152c04)
[c=17187000000]
[c=17188000000]
cosim: 9570000000 retirements ok (pc=0000000000152dda)
[c=17189000000]
cosim: 9571000000 retirements ok (pc=0000000000152d90)
[c=17190000000]
cosim: 9572000000 retirements ok (pc=0000000000152094)
[c=17191000000]
[c=17192000000]
cosim: 9573000000 retirements ok (pc=ffffffff800a1934)
[c=17193000000]
cosim: 9574000000 retirements ok (pc=0000000000151ea6)
[c=17194000000]
[c=17195000000]
cosim: 9575000000 retirements ok (pc=ffffffff800a2282)
[c=17196000000]
cosim: 9576000000 retirements ok (pc=00000000001526a2)
[c=17197000000]
cosim: 9577000000 retirements ok (pc=0000000000152482)
[c=17198000000]
[c=17199000000]
cosim: 9578000000 retirements ok (pc=0000000000152386)
[c=17200000000]
cosim: 9579000000 retirements ok (pc=0000000000152b82)
[c=17201000000]
cosim: 9580000000 retirements ok (pc=00000000001529ec)
[c=17202000000]
[c=17203000000]
cosim: 9581000000 retirements ok (pc=0000000000152c46)
[c=17204000000]
cosim: 9582000000 retirements ok (pc=0000000000152806)
[c=17205000000]
cosim: 9583000000 retirements ok (pc=0000000000151f42)
[c=17206000000]
[c=17207000000]
cosim: 9584000000 retirements ok (pc=000000000015272c)
[c=17208000000]
cosim: 9585000000 retirements ok (pc=0000000000152bca)
[c=17209000000]
[c=17210000000]
cosim: 9586000000 retirements ok (pc=0000000000152356)
[c=17211000000]
cosim: 9587000000 retirements ok (pc=000000000015240e)
[c=17212000000]
cosim: 9588000000 retirements ok (pc=0000000000152314)
[c=17213000000]
[c=17214000000]
cosim: 9589000000 retirements ok (pc=0000000000152b14)
[c=17215000000]
cosim: 9590000000 retirements ok (pc=000000000015236c)
[c=17216000000]
cosim: 9591000000 retirements ok (pc=00000000001521d6)
[c=17217000000]
[c=17218000000]
cosim: 9592000000 retirements ok (pc=000000000015200e)
[c=17219000000]
cosim: 9593000000 retirements ok (pc=000000000015289a)
[c=17220000000]
[c=17221000000]
cosim: 9594000000 retirements ok (pc=00000000001520ea)
[c=17222000000]
cosim: 9595000000 retirements ok (pc=00000000001520ac)
[c=17223000000]
cosim: 9596000000 retirements ok (pc=0000000000151dcc)
[c=17224000000]
[c=17225000000]
cosim: 9597000000 retirements ok (pc=000000000015235a)
[c=17226000000]
cosim: 9598000000 retirements ok (pc=0000000000152250)
[c=17227000000]
cosim: 9599000000 retirements ok (pc=00000000001528ee)
[c=17228000000]
[c=17229000000]
cosim: 9600000000 retirements ok (pc=0000000000152a26)
[c=17230000000]
cosim: 9601000000 retirements ok (pc=000000000014b42c)
[c=17231000000]
cosim: 9602000000 retirements ok (pc=0000000000152c0a)
[c=17232000000]
[c=17233000000]
cosim: 9603000000 retirements ok (pc=0000000000152b8a)
[c=17234000000]
cosim: 9604000000 retirements ok (pc=000000000015235e)
[c=17235000000]
[c=17236000000]
cosim: 9605000000 retirements ok (pc=0000000000152d58)
[c=17237000000]
cosim: 9606000000 retirements ok (pc=0000000000152b92)
[c=17238000000]
cosim: 9607000000 retirements ok (pc=0000000000152d7e)
[c=17239000000]
[c=17240000000]
cosim: 9608000000 retirements ok (pc=0000000000152acc)
[c=17241000000]
cosim: 9609000000 retirements ok (pc=0000000000152858)
[c=17242000000]
cosim: 9610000000 retirements ok (pc=0000000000152736)
[c=17243000000]
[c=17244000000]
cosim: 9611000000 retirements ok (pc=00000000001525e8)
[c=17245000000]
cosim: 9612000000 retirements ok (pc=0000000000151e7e)
[c=17246000000]
[c=17247000000]
cosim: 9613000000 retirements ok (pc=0000000000151dd2)
[c=17248000000]
cosim: 9614000000 retirements ok (pc=0000000000152684)
[c=17249000000]
cosim: 9615000000 retirements ok (pc=00000000001522a0)
[c=17250000000]
[c=17251000000]
cosim: 9616000000 retirements ok (pc=0000000000152be8)
[c=17252000000]
cosim: 9617000000 retirements ok (pc=000000000015255a)
[c=17253000000]
cosim: 9618000000 retirements ok (pc=0000000000151da8)
[c=17254000000]
[c=17255000000]
cosim: 9619000000 retirements ok (pc=000000000015228c)
[c=17256000000]
cosim: 9620000000 retirements ok (pc=00000000001521c6)
[c=17257000000]
cosim: 9621000000 retirements ok (pc=0000000000152b10)
[c=17258000000]
[c=17259000000]
cosim: 9622000000 retirements ok (pc=0000000000152108)
[c=17260000000]
cosim: 9623000000 retirements ok (pc=0000000000152532)
[c=17261000000]
[c=17262000000]
cosim: 9624000000 retirements ok (pc=00000000001522a4)
[c=17263000000]
cosim: 9625000000 retirements ok (pc=0000000000152d9e)
[c=17264000000]
cosim: 9626000000 retirements ok (pc=0000000000152912)
[c=17265000000]
[c=17266000000]
cosim: 9627000000 retirements ok (pc=00000000001528d4)
[c=17267000000]
cosim: 9628000000 retirements ok (pc=0000000000152bdc)
[c=17268000000]
cosim: 9629000000 retirements ok (pc=0000000000152518)
[c=17269000000]
[c=17270000000]
cosim: 9630000000 retirements ok (pc=00000000001527a6)
[c=17271000000]
cosim: 9631000000 retirements ok (pc=0000000000152096)
[c=17272000000]
[c=17273000000]
cosim: 9632000000 retirements ok (pc=0000000000151ea0)
[c=17274000000]
cosim: 9633000000 retirements ok (pc=0000000000151e32)
[c=17275000000]
cosim: 9634000000 retirements ok (pc=000000000015271c)
[c=17276000000]
[c=17277000000]
cosim: 9635000000 retirements ok (pc=0000000000152422)
[c=17278000000]
cosim: 9636000000 retirements ok (pc=000000000015209c)
[c=17279000000]
[c=17280000000]
cosim: 9637000000 retirements ok (pc=000000000015201c)
[c=17281000000]
cosim: 9638000000 retirements ok (pc=0000000000151ea0)
[c=17282000000]
cosim: 9639000000 retirements ok (pc=00000000001526b4)
[c=17283000000]
[c=17284000000]
cosim: 9640000000 retirements ok (pc=000000000015250a)
[c=17285000000]
cosim: 9641000000 retirements ok (pc=0000000000151dee)
[c=17286000000]
cosim: 9642000000 retirements ok (pc=000000000015266c)
[c=17287000000]
[c=17288000000]
cosim: 9643000000 retirements ok (pc=0000000000151f34)
[c=17289000000]
cosim: 9644000000 retirements ok (pc=00000000001526d8)
[c=17290000000]
cosim: 9645000000 retirements ok (pc=0000000000152526)
[c=17291000000]
[c=17292000000]
cosim: 9646000000 retirements ok (pc=0000000000152292)
[c=17293000000]
cosim: 9647000000 retirements ok (pc=ffffffff800af762)
[c=17294000000]
[c=17295000000]
cosim: 9648000000 retirements ok (pc=0000000000152816)
[c=17296000000]
cosim: 9649000000 retirements ok (pc=0000000000152a2a)
[c=17297000000]
cosim: 9650000000 retirements ok (pc=00000000001529b4)
[c=17298000000]
[c=17299000000]
cosim: 9651000000 retirements ok (pc=00000000001523f2)
[c=17300000000]
cosim: 9652000000 retirements ok (pc=000000000015237e)
[c=17301000000]
cosim: 9653000000 retirements ok (pc=00000000001521b0)
[c=17302000000]
[c=17303000000]
cosim: 9654000000 retirements ok (pc=0000000000152398)
[c=17304000000]
cosim: 9655000000 retirements ok (pc=0000000000152c42)
[c=17305000000]
[c=17306000000]
cosim: 9656000000 retirements ok (pc=0000000000152ace)
[c=17307000000]
cosim: 9657000000 retirements ok (pc=0000000000152cac)
[c=17308000000]
cosim: 9658000000 retirements ok (pc=0000000000152b7e)
[c=17309000000]
[c=17310000000]
cosim: 9659000000 retirements ok (pc=00000000001522f4)
[c=17311000000]
cosim: 9660000000 retirements ok (pc=0000000000152dfc)
[c=17312000000]
[c=17313000000]
cosim: 9661000000 retirements ok (pc=00000000001520c8)
[c=17314000000]
cosim: 9662000000 retirements ok (pc=0000000000152382)
[c=17315000000]
cosim: 9663000000 retirements ok (pc=0000000000152314)
[c=17316000000]
[c=17317000000]
cosim: 9664000000 retirements ok (pc=0000000000152ce8)
[c=17318000000]
cosim: 9665000000 retirements ok (pc=0000000000152218)
[c=17319000000]
cosim: 9666000000 retirements ok (pc=0000000000151dc4)
[c=17320000000]
[c=17321000000]
cosim: 9667000000 retirements ok (pc=0000000000152b1e)
[c=17322000000]
cosim: 9668000000 retirements ok (pc=ffffffff80064356)
[c=17323000000]
[c=17324000000]
cosim: 9669000000 retirements ok (pc=0000000000151ef6)
[c=17325000000]
cosim: 9670000000 retirements ok (pc=ffffffff808e41f8)
[c=17326000000]
cosim: 9671000000 retirements ok (pc=000000000015217a)
[c=17327000000]
[c=17328000000]
cosim: 9672000000 retirements ok (pc=00000000001524b4)
[c=17329000000]
cosim: 9673000000 retirements ok (pc=0000000000152748)
[c=17330000000]
[c=17331000000]
cosim: 9674000000 retirements ok (pc=000000000014bd08)
[c=17332000000]
cosim: 9675000000 retirements ok (pc=0000000000152a34)
[c=17333000000]
cosim: 9676000000 retirements ok (pc=0000000000152400)
[c=17334000000]
[c=17335000000]
cosim: 9677000000 retirements ok (pc=000000000015222c)
[c=17336000000]
cosim: 9678000000 retirements ok (pc=ffffffff800a393e)
[c=17337000000]
cosim: 9679000000 retirements ok (pc=0000000000152b6e)
[c=17338000000]
[c=17339000000]
cosim: 9680000000 retirements ok (pc=000000000015250e)
[c=17340000000]
cosim: 9681000000 retirements ok (pc=0000000000152bce)
[c=17341000000]
cosim: 9682000000 retirements ok (pc=0000000000151f90)
[c=17342000000]
[c=17343000000]
cosim: 9683000000 retirements ok (pc=ffffffff8004f83c)
[c=17344000000]
cosim: 9684000000 retirements ok (pc=0000000000152320)
[c=17345000000]
[c=17346000000]
cosim: 9685000000 retirements ok (pc=00000000001525b2)
[c=17347000000]
cosim: 9686000000 retirements ok (pc=000000000015222c)
[c=17348000000]
cosim: 9687000000 retirements ok (pc=0000000000152628)
[c=17349000000]
[c=17350000000]
cosim: 9688000000 retirements ok (pc=00000000001520d2)
[c=17351000000]
cosim: 9689000000 retirements ok (pc=00000000001528a6)
[c=17352000000]
cosim: 9690000000 retirements ok (pc=000000000015231c)
[c=17353000000]
[c=17354000000]
cosim: 9691000000 retirements ok (pc=00000000001527a0)
[c=17355000000]
[c=17356000000]
[c=17357000000]
[c=17358000000]
cosim: 9692000000 retirements ok (pc=0000000000152b1e)
[c=17359000000]
cosim: 9693000000 retirements ok (pc=0000000000152446)
[c=17360000000]
[c=17361000000]
cosim: 9694000000 retirements ok (pc=0000000000152386)
[c=17362000000]
cosim: 9695000000 retirements ok (pc=0000000000151e5e)
[c=17363000000]
cosim: 9696000000 retirements ok (pc=000000000015289a)
[c=17364000000]
[c=17365000000]
cosim: 9697000000 retirements ok (pc=0000000000152dda)
[c=17366000000]
cosim: 9698000000 retirements ok (pc=00000000001523c6)
[c=17367000000]
[c=17368000000]
cosim: 9699000000 retirements ok (pc=0000000000152160)
[c=17369000000]
cosim: 9700000000 retirements ok (pc=0000000000152ae6)
[c=17370000000]
cosim: 9701000000 retirements ok (pc=00000000001524e0)
[c=17371000000]
[c=17372000000]
cosim: 9702000000 retirements ok (pc=00000000001528fc)
[c=17373000000]
cosim: 9703000000 retirements ok (pc=0000000000152a44)
[c=17374000000]
cosim: 9704000000 retirements ok (pc=00000000001522a0)
[c=17375000000]
[c=17376000000]
cosim: 9705000000 retirements ok (pc=0000000000152720)
[c=17377000000]
cosim: 9706000000 retirements ok (pc=00000000001521d4)
[c=17378000000]
cosim: 9707000000 retirements ok (pc=000000000015259c)
[c=17379000000]
[c=17380000000]
cosim: 9708000000 retirements ok (pc=0000000000152074)
[c=17381000000]
cosim: 9709000000 retirements ok (pc=00000000001529d6)
[c=17382000000]
[c=17383000000]
cosim: 9710000000 retirements ok (pc=0000000000152320)
[c=17384000000]
cosim: 9711000000 retirements ok (pc=0000000000152c58)
[c=17385000000]
cosim: 9712000000 retirements ok (pc=000000000015260c)
[c=17386000000]
[c=17387000000]
cosim: 9713000000 retirements ok (pc=0000000000152866)
[c=17388000000]
cosim: 9714000000 retirements ok (pc=000000000015234a)
[c=17389000000]
cosim: 9715000000 retirements ok (pc=0000000000152954)
[c=17390000000]
[c=17391000000]
cosim: 9716000000 retirements ok (pc=00000000001522a0)
[c=17392000000]
cosim: 9717000000 retirements ok (pc=00000000001524de)
[c=17393000000]
[c=17394000000]
cosim: 9718000000 retirements ok (pc=000000000015217e)
[c=17395000000]
cosim: 9719000000 retirements ok (pc=0000000000152b48)
[c=17396000000]
cosim: 9720000000 retirements ok (pc=000000000015295e)
[c=17397000000]
[c=17398000000]
cosim: 9721000000 retirements ok (pc=000000000014c06e)
[c=17399000000]
cosim: 9722000000 retirements ok (pc=00000000001520bc)
[c=17400000000]
cosim: 9723000000 retirements ok (pc=00000000001526ee)
[c=17401000000]
[c=17402000000]
cosim: 9724000000 retirements ok (pc=0000000000152a2a)
[c=17403000000]
cosim: 9725000000 retirements ok (pc=000000000015297e)
[c=17404000000]
cosim: 9726000000 retirements ok (pc=0000000000152204)
[c=17405000000]
[c=17406000000]
cosim: 9727000000 retirements ok (pc=00000000001521c6)
[c=17407000000]
cosim: 9728000000 retirements ok (pc=ffffffff800a3c42)
[c=17408000000]
[c=17409000000]
cosim: 9729000000 retirements ok (pc=00000000001529e6)
[c=17410000000]
cosim: 9730000000 retirements ok (pc=0000000000152908)
[c=17411000000]
cosim: 9731000000 retirements ok (pc=000000000015270e)
[c=17412000000]
[c=17413000000]
cosim: 9732000000 retirements ok (pc=00000000001526b0)
[c=17414000000]
cosim: 9733000000 retirements ok (pc=0000000000152458)
[c=17415000000]
cosim: 9734000000 retirements ok (pc=00000000001529ae)
[c=17416000000]
[c=17417000000]
cosim: 9735000000 retirements ok (pc=0000000000152180)
[c=17418000000]
cosim: 9736000000 retirements ok (pc=0000000000152434)
[c=17419000000]
[c=17420000000]
cosim: 9737000000 retirements ok (pc=000000000015231c)
[c=17421000000]
cosim: 9738000000 retirements ok (pc=00000000001522d4)
[c=17422000000]
cosim: 9739000000 retirements ok (pc=0000000000152a08)
[c=17423000000]
[c=17424000000]
cosim: 9740000000 retirements ok (pc=0000000000152d0e)
[c=17425000000]
cosim: 9741000000 retirements ok (pc=00000000001529fc)
[c=17426000000]
[c=17427000000]
cosim: 9742000000 retirements ok (pc=00000000001522a4)
[c=17428000000]
cosim: 9743000000 retirements ok (pc=00000000001522a8)
[c=17429000000]
cosim: 9744000000 retirements ok (pc=0000000000152b60)
[c=17430000000]
[c=17431000000]
cosim: 9745000000 retirements ok (pc=0000000000152a80)
[c=17432000000]
cosim: 9746000000 retirements ok (pc=00000000001527e6)
[c=17433000000]
cosim: 9747000000 retirements ok (pc=0000000000152354)
[c=17434000000]
[c=17435000000]
cosim: 9748000000 retirements ok (pc=00000000001527d0)
[c=17436000000]
cosim: 9749000000 retirements ok (pc=000000000015240a)
[c=17437000000]
cosim: 9750000000 retirements ok (pc=00000000001522a2)
[c=17438000000]
[c=17439000000]
cosim: 9751000000 retirements ok (pc=0000000000152514)
[c=17440000000]
cosim: 9752000000 retirements ok (pc=00000000001523de)
[c=17441000000]
[c=17442000000]
cosim: 9753000000 retirements ok (pc=0000000000151e70)
[c=17443000000]
cosim: 9754000000 retirements ok (pc=0000000000152256)
[c=17444000000]
cosim: 9755000000 retirements ok (pc=00000000001520ca)
[c=17445000000]
[c=17446000000]
cosim: 9756000000 retirements ok (pc=00000000001528c2)
[c=17447000000]
cosim: 9757000000 retirements ok (pc=0000000000152700)
[c=17448000000]
cosim: 9758000000 retirements ok (pc=000000000015261c)
[c=17449000000]
[c=17450000000]
cosim: 9759000000 retirements ok (pc=0000000000152c5c)
[c=17451000000]
cosim: 9760000000 retirements ok (pc=0000000000152a3a)
[c=17452000000]
[c=17453000000]
cosim: 9761000000 retirements ok (pc=0000000000152bcc)
[c=17454000000]
cosim: 9762000000 retirements ok (pc=ffffffff808e681c)
[c=17455000000]
cosim: 9763000000 retirements ok (pc=0000000000152844)
[c=17456000000]
[c=17457000000]
cosim: 9764000000 retirements ok (pc=0000000000151e7a)
[c=17458000000]
cosim: 9765000000 retirements ok (pc=000000000015238e)
[c=17459000000]
[c=17460000000]
cosim: 9766000000 retirements ok (pc=00000000001520ba)
[c=17461000000]
cosim: 9767000000 retirements ok (pc=00000000001520ba)
[c=17462000000]
[c=17463000000]
cosim: 9768000000 retirements ok (pc=0000000000152dc2)
[c=17464000000]
cosim: 9769000000 retirements ok (pc=0000000000152cf6)
[c=17465000000]
cosim: 9770000000 retirements ok (pc=0000000000152736)
[c=17466000000]
[c=17467000000]
cosim: 9771000000 retirements ok (pc=0000000000151fc4)
[c=17468000000]
cosim: 9772000000 retirements ok (pc=0000000000152cf8)
[c=17469000000]
cosim: 9773000000 retirements ok (pc=000000000015287a)
[c=17470000000]
[c=17471000000]
cosim: 9774000000 retirements ok (pc=0000000000152c94)
[c=17472000000]
cosim: 9775000000 retirements ok (pc=0000000000151d4a)
[c=17473000000]
cosim: 9776000000 retirements ok (pc=0000000000152a8c)
[c=17474000000]
[c=17475000000]
cosim: 9777000000 retirements ok (pc=0000000000151e66)
[c=17476000000]
cosim: 9778000000 retirements ok (pc=00000000001521d4)
[c=17477000000]
[c=17478000000]
cosim: 9779000000 retirements ok (pc=0000000000152022)
[c=17479000000]
cosim: 9780000000 retirements ok (pc=0000000000151fe8)
[c=17480000000]
cosim: 9781000000 retirements ok (pc=0000000000152a5c)
[c=17481000000]
[c=17482000000]
cosim: 9782000000 retirements ok (pc=0000000000151e36)
[c=17483000000]
cosim: 9783000000 retirements ok (pc=00000000001529b0)
[c=17484000000]
cosim: 9784000000 retirements ok (pc=0000000000151da8)
[c=17485000000]
[c=17486000000]
cosim: 9785000000 retirements ok (pc=0000000000152148)
[c=17487000000]
cosim: 9786000000 retirements ok (pc=0000000000152d44)
[c=17488000000]
[c=17489000000]
cosim: 9787000000 retirements ok (pc=00000000001528fc)
[c=17490000000]
cosim: 9788000000 retirements ok (pc=0000000000152826)
[c=17491000000]
cosim: 9789000000 retirements ok (pc=00000000001520f0)
[c=17492000000]
[c=17493000000]
cosim: 9790000000 retirements ok (pc=00000000001524d2)
[c=17494000000]
cosim: 9791000000 retirements ok (pc=0000000000151eb4)
[c=17495000000]
cosim: 9792000000 retirements ok (pc=000000000015253e)
[c=17496000000]
[c=17497000000]
cosim: 9793000000 retirements ok (pc=0000000000152cba)
[c=17498000000]
cosim: 9794000000 retirements ok (pc=0000000000152532)
[c=17499000000]
cosim: 9795000000 retirements ok (pc=0000000000152002)
[c=17500000000]
[c=17501000000]
cosim: 9796000000 retirements ok (pc=0000000000152a92)
[c=17502000000]
cosim: 9797000000 retirements ok (pc=0000000000152124)
[c=17503000000]
[c=17504000000]
cosim: 9798000000 retirements ok (pc=0000000000152b3c)
[c=17505000000]
cosim: 9799000000 retirements ok (pc=0000000000151ebe)
[c=17506000000]
cosim: 9800000000 retirements ok (pc=000000000015296c)
[c=17507000000]
[c=17508000000]
cosim: 9801000000 retirements ok (pc=00000000001523e8)
[c=17509000000]
cosim: 9802000000 retirements ok (pc=0000000000152326)
[c=17510000000]
cosim: 9803000000 retirements ok (pc=0000000000152458)
[c=17511000000]
[c=17512000000]
cosim: 9804000000 retirements ok (pc=0000000000152234)
[c=17513000000]
cosim: 9805000000 retirements ok (pc=0000000000152278)
[c=17514000000]
[c=17515000000]
cosim: 9806000000 retirements ok (pc=0000000000152c0c)
[c=17516000000]
cosim: 9807000000 retirements ok (pc=0000000000151fd0)
[c=17517000000]
cosim: 9808000000 retirements ok (pc=0000000000152a2e)
[c=17518000000]
[c=17519000000]
cosim: 9809000000 retirements ok (pc=0000000000152812)
[c=17520000000]
cosim: 9810000000 retirements ok (pc=0000000000152128)
[c=17521000000]
cosim: 9811000000 retirements ok (pc=00000000001520d4)
[c=17522000000]
[c=17523000000]
cosim: 9812000000 retirements ok (pc=0000000000152bbc)
[c=17524000000]
cosim: 9813000000 retirements ok (pc=0000000000152ad4)
[c=17525000000]
cosim: 9814000000 retirements ok (pc=0000000000152812)
[c=17526000000]
[c=17527000000]
cosim: 9815000000 retirements ok (pc=0000000000151f64)
[c=17528000000]
cosim: 9816000000 retirements ok (pc=0000000000152da6)
[c=17529000000]
[c=17530000000]
cosim: 9817000000 retirements ok (pc=00000000001525e8)
[c=17531000000]
cosim: 9818000000 retirements ok (pc=0000000000152066)
[c=17532000000]
cosim: 9819000000 retirements ok (pc=0000000000152258)
[c=17533000000]
[c=17534000000]
cosim: 9820000000 retirements ok (pc=0000000000152be8)
[c=17535000000]
cosim: 9821000000 retirements ok (pc=000000000014bd22)
[c=17536000000]
[c=17537000000]
cosim: 9822000000 retirements ok (pc=0000000000152412)
[c=17538000000]
cosim: 9823000000 retirements ok (pc=00000000001523b0)
[c=17539000000]
cosim: 9824000000 retirements ok (pc=0000000000152d8a)
[c=17540000000]
[c=17541000000]
cosim: 9825000000 retirements ok (pc=0000000000151e3e)
[c=17542000000]
cosim: 9826000000 retirements ok (pc=000000000015216c)
[c=17543000000]
cosim: 9827000000 retirements ok (pc=0000000000152c22)
[c=17544000000]
[c=17545000000]
cosim: 9828000000 retirements ok (pc=0000000000152b64)
[c=17546000000]
cosim: 9829000000 retirements ok (pc=0000000000151f24)
[c=17547000000]
[c=17548000000]
cosim: 9830000000 retirements ok (pc=00000000001529e2)
[c=17549000000]
cosim: 9831000000 retirements ok (pc=0000000000151daa)
[c=17550000000]
cosim: 9832000000 retirements ok (pc=0000000000152a6a)
[c=17551000000]
[c=17552000000]
cosim: 9833000000 retirements ok (pc=0000000000152448)
[c=17553000000]
cosim: 9834000000 retirements ok (pc=0000000000152760)
[c=17554000000]
cosim: 9835000000 retirements ok (pc=ffffffff80064294)
[c=17555000000]
[c=17556000000]
cosim: 9836000000 retirements ok (pc=00000000001522dc)
[c=17557000000]
cosim: 9837000000 retirements ok (pc=000000000015244e)
[c=17558000000]
cosim: 9838000000 retirements ok (pc=0000000000151ec8)
[c=17559000000]
[c=17560000000]
cosim: 9839000000 retirements ok (pc=000000000015288e)
[c=17561000000]
cosim: 9840000000 retirements ok (pc=00000000001526b0)
[c=17562000000]
[c=17563000000]
cosim: 9841000000 retirements ok (pc=0000000000152ab6)
[c=17564000000]
cosim: 9842000000 retirements ok (pc=0000000000151db4)
[c=17565000000]
cosim: 9843000000 retirements ok (pc=00000000001527e6)
[c=17566000000]
[c=17567000000]
cosim: 9844000000 retirements ok (pc=00000000001520aa)
[c=17568000000]
cosim: 9845000000 retirements ok (pc=0000000000152ae2)
[c=17569000000]
cosim: 9846000000 retirements ok (pc=000000000015274a)
[c=17570000000]
[c=17571000000]
cosim: 9847000000 retirements ok (pc=0000000000151d48)
[c=17572000000]
cosim: 9848000000 retirements ok (pc=000000000015271c)
[c=17573000000]
[c=17574000000]
cosim: 9849000000 retirements ok (pc=0000000000152a8c)
[c=17575000000]
cosim: 9850000000 retirements ok (pc=0000000000152356)
[c=17576000000]
cosim: 9851000000 retirements ok (pc=000000000015270e)
[c=17577000000]
[c=17578000000]
cosim: 9852000000 retirements ok (pc=0000000000152cee)
[c=17579000000]
cosim: 9853000000 retirements ok (pc=0000000000152736)
[c=17580000000]
cosim: 9854000000 retirements ok (pc=00000000001520b6)
[c=17581000000]
[c=17582000000]
cosim: 9855000000 retirements ok (pc=0000000000152c2e)
[c=17583000000]
cosim: 9856000000 retirements ok (pc=0000000000152184)
[c=17584000000]
cosim: 9857000000 retirements ok (pc=0000000000152d94)
[c=17585000000]
[c=17586000000]
cosim: 9858000000 retirements ok (pc=0000000000152084)
[c=17587000000]
cosim: 9859000000 retirements ok (pc=0000000000152362)
[c=17588000000]
[c=17589000000]
cosim: 9860000000 retirements ok (pc=000000000015231c)
[c=17590000000]
cosim: 9861000000 retirements ok (pc=0000000000152ba4)
[c=17591000000]
cosim: 9862000000 retirements ok (pc=000000000015208e)
[c=17592000000]
[c=17593000000]
cosim: 9863000000 retirements ok (pc=000000000015209a)
[c=17594000000]
cosim: 9864000000 retirements ok (pc=ffffffff800658a4)
[c=17595000000]
[c=17596000000]
cosim: 9865000000 retirements ok (pc=0000000000152080)
[c=17597000000]
cosim: 9866000000 retirements ok (pc=000000000015237c)
[c=17598000000]
cosim: 9867000000 retirements ok (pc=0000000000152360)
[c=17599000000]
[c=17600000000]
cosim: 9868000000 retirements ok (pc=0000000000152094)
[c=17601000000]
cosim: 9869000000 retirements ok (pc=000000000015205c)
[c=17602000000]
cosim: 9870000000 retirements ok (pc=0000000000152744)
[c=17603000000]
[c=17604000000]
cosim: 9871000000 retirements ok (pc=000000000015224e)
[c=17605000000]
cosim: 9872000000 retirements ok (pc=0000000000152336)
[c=17606000000]
[c=17607000000]
cosim: 9873000000 retirements ok (pc=000000000015261e)
[c=17608000000]
cosim: 9874000000 retirements ok (pc=ffffffff800a594a)
[c=17609000000]
cosim: 9875000000 retirements ok (pc=00000000001520fc)
[c=17610000000]
[c=17611000000]
cosim: 9876000000 retirements ok (pc=00000000001524de)
[c=17612000000]
cosim: 9877000000 retirements ok (pc=000000000015213e)
[c=17613000000]
[c=17614000000]
cosim: 9878000000 retirements ok (pc=0000000000152512)
[c=17615000000]
cosim: 9879000000 retirements ok (pc=0000000000152386)
[c=17616000000]
cosim: 9880000000 retirements ok (pc=0000000000152d52)
[c=17617000000]
[c=17618000000]
cosim: 9881000000 retirements ok (pc=0000000000152bd0)
[c=17619000000]
cosim: 9882000000 retirements ok (pc=00000000001529ce)
[c=17620000000]
cosim: 9883000000 retirements ok (pc=0000000000152172)
[c=17621000000]
[c=17622000000]
cosim: 9884000000 retirements ok (pc=0000000000152260)
[c=17623000000]
cosim: 9885000000 retirements ok (pc=0000000000152688)
[c=17624000000]
[c=17625000000]
cosim: 9886000000 retirements ok (pc=000000000015200e)
[c=17626000000]
cosim: 9887000000 retirements ok (pc=0000000000152840)
[c=17627000000]
cosim: 9888000000 retirements ok (pc=000000000015262e)
[c=17628000000]
[c=17629000000]
cosim: 9889000000 retirements ok (pc=0000000000151ef6)
[c=17630000000]
[c=17631000000]
[c=17632000000]
[c=17633000000]
cosim: 9890000000 retirements ok (pc=000000000015255a)
[c=17634000000]
cosim: 9891000000 retirements ok (pc=0000000000152500)
[c=17635000000]
[c=17636000000]
cosim: 9892000000 retirements ok (pc=ffffffff8006436c)
[c=17637000000]
cosim: 9893000000 retirements ok (pc=00000000001529ee)
[c=17638000000]
cosim: 9894000000 retirements ok (pc=0000000000152884)
[c=17639000000]
[c=17640000000]
cosim: 9895000000 retirements ok (pc=00000000001526ca)
[c=17641000000]
cosim: 9896000000 retirements ok (pc=0000000000151f04)
[c=17642000000]
cosim: 9897000000 retirements ok (pc=00000000001520ac)
[c=17643000000]
[c=17644000000]
cosim: 9898000000 retirements ok (pc=0000000000151ef8)
[c=17645000000]
cosim: 9899000000 retirements ok (pc=00000000001526c8)
[c=17646000000]
cosim: 9900000000 retirements ok (pc=0000000000151ef4)
[c=17647000000]
[c=17648000000]
cosim: 9901000000 retirements ok (pc=0000000000151da4)
[c=17649000000]
cosim: 9902000000 retirements ok (pc=0000000000151e20)
[c=17650000000]
[c=17651000000]
cosim: 9903000000 retirements ok (pc=ffffffff808d51ce)
[c=17652000000]
cosim: 9904000000 retirements ok (pc=0000000000151eb8)
[c=17653000000]
cosim: 9905000000 retirements ok (pc=0000000000152cd2)
[c=17654000000]
[c=17655000000]
cosim: 9906000000 retirements ok (pc=0000000000152d82)
[c=17656000000]
cosim: 9907000000 retirements ok (pc=0000000000152022)
[c=17657000000]
cosim: 9908000000 retirements ok (pc=000000000015294e)
[c=17658000000]
[c=17659000000]
cosim: 9909000000 retirements ok (pc=0000000000151f02)
[c=17660000000]
cosim: 9910000000 retirements ok (pc=0000000000151e9e)
[c=17661000000]
[c=17662000000]
cosim: 9911000000 retirements ok (pc=0000000000151e06)
[c=17663000000]
cosim: 9912000000 retirements ok (pc=0000000000152904)
[c=17664000000]
cosim: 9913000000 retirements ok (pc=0000000000152346)
[c=17665000000]
[c=17666000000]
cosim: 9914000000 retirements ok (pc=0000000000152164)
[c=17667000000]
cosim: 9915000000 retirements ok (pc=0000000000152564)
[c=17668000000]
[c=17669000000]
cosim: 9916000000 retirements ok (pc=0000000000151fbe)
[c=17670000000]
cosim: 9917000000 retirements ok (pc=000000000015222a)
[c=17671000000]
cosim: 9918000000 retirements ok (pc=ffffffff808e6c5c)
[c=17672000000]
[c=17673000000]
cosim: 9919000000 retirements ok (pc=0000000000152b80)
[c=17674000000]
cosim: 9920000000 retirements ok (pc=0000000000152b32)
[c=17675000000]
cosim: 9921000000 retirements ok (pc=00000000001521c8)
[c=17676000000]
[c=17677000000]
cosim: 9922000000 retirements ok (pc=000000000015201c)
[c=17678000000]
cosim: 9923000000 retirements ok (pc=0000000000151f6e)
[c=17679000000]
cosim: 9924000000 retirements ok (pc=0000000000152754)
[c=17680000000]
[c=17681000000]
cosim: 9925000000 retirements ok (pc=0000000000152d70)
[c=17682000000]
cosim: 9926000000 retirements ok (pc=000000000015242a)
[c=17683000000]
[c=17684000000]
cosim: 9927000000 retirements ok (pc=0000000000152c02)
[c=17685000000]
cosim: 9928000000 retirements ok (pc=00000000001525f2)
[c=17686000000]
cosim: 9929000000 retirements ok (pc=0000000000151f16)
[c=17687000000]
[c=17688000000]
cosim: 9930000000 retirements ok (pc=0000000000152cba)
[c=17689000000]
cosim: 9931000000 retirements ok (pc=0000000000152598)
[c=17690000000]
cosim: 9932000000 retirements ok (pc=ffffffff805311dc)
[c=17691000000]
[c=17692000000]
cosim: 9933000000 retirements ok (pc=0000000000152cd6)
[c=17693000000]
cosim: 9934000000 retirements ok (pc=0000000000151f12)
[c=17694000000]
[c=17695000000]
cosim: 9935000000 retirements ok (pc=0000000000152d0e)
[c=17696000000]
cosim: 9936000000 retirements ok (pc=00000000001524fa)
[c=17697000000]
cosim: 9937000000 retirements ok (pc=ffffffff808e4284)
[c=17698000000]
[c=17699000000]
cosim: 9938000000 retirements ok (pc=000000000015233c)
[c=17700000000]
cosim: 9939000000 retirements ok (pc=0000000000152dd2)
[c=17701000000]
cosim: 9940000000 retirements ok (pc=0000000000152356)
[c=17702000000]
[c=17703000000]
cosim: 9941000000 retirements ok (pc=0000000000152056)
[c=17704000000]
cosim: 9942000000 retirements ok (pc=0000000000151e6a)
[c=17705000000]
[c=17706000000]
cosim: 9943000000 retirements ok (pc=0000000000152a18)
[c=17707000000]
cosim: 9944000000 retirements ok (pc=0000000000152910)
[c=17708000000]
cosim: 9945000000 retirements ok (pc=0000000000152ca4)
[c=17709000000]
[c=17710000000]
cosim: 9946000000 retirements ok (pc=0000000000152b3c)
[c=17711000000]
cosim: 9947000000 retirements ok (pc=0000000000152466)
[c=17712000000]
cosim: 9948000000 retirements ok (pc=0000000000151e5e)
[c=17713000000]
[c=17714000000]
cosim: 9949000000 retirements ok (pc=000000000015284e)
[c=17715000000]
cosim: 9950000000 retirements ok (pc=0000000000152604)
[c=17716000000]
cosim: 9951000000 retirements ok (pc=00000000001528f4)
[c=17717000000]
[c=17718000000]
cosim: 9952000000 retirements ok (pc=0000000000152bfc)
[c=17719000000]
cosim: 9953000000 retirements ok (pc=0000000000152920)
[c=17720000000]
[c=17721000000]
cosim: 9954000000 retirements ok (pc=000000000015218a)
[c=17722000000]
cosim: 9955000000 retirements ok (pc=0000000000152d5c)
[c=17723000000]
cosim: 9956000000 retirements ok (pc=00000000001524e6)
[c=17724000000]
[c=17725000000]
cosim: 9957000000 retirements ok (pc=0000000000152362)
[c=17726000000]
cosim: 9958000000 retirements ok (pc=0000000000151fce)
[c=17727000000]
[c=17728000000]
cosim: 9959000000 retirements ok (pc=000000000015299a)
[c=17729000000]
cosim: 9960000000 retirements ok (pc=000000000015213c)
[c=17730000000]
cosim: 9961000000 retirements ok (pc=0000000000152496)
[c=17731000000]
[c=17732000000]
cosim: 9962000000 retirements ok (pc=0000000000151ea2)
[c=17733000000]
cosim: 9963000000 retirements ok (pc=0000000000151dcc)
[c=17734000000]
cosim: 9964000000 retirements ok (pc=00000000001520b6)
[c=17735000000]
[c=17736000000]
cosim: 9965000000 retirements ok (pc=0000000000152a02)
[c=17737000000]
cosim: 9966000000 retirements ok (pc=00000000001522b2)
[c=17738000000]
cosim: 9967000000 retirements ok (pc=0000000000151d32)
[c=17739000000]
[c=17740000000]
cosim: 9968000000 retirements ok (pc=0000000000151f90)
[c=17741000000]
cosim: 9969000000 retirements ok (pc=00000000001526e6)
[c=17742000000]
[c=17743000000]
cosim: 9970000000 retirements ok (pc=000000000015203c)
[c=17744000000]
cosim: 9971000000 retirements ok (pc=000000000015217a)
[c=17745000000]
cosim: 9972000000 retirements ok (pc=00000000001529a8)
[c=17746000000]
[c=17747000000]
cosim: 9973000000 retirements ok (pc=ffffffff8007ee8a)
[c=17748000000]
cosim: 9974000000 retirements ok (pc=0000000000152066)
[c=17749000000]
[c=17750000000]
cosim: 9975000000 retirements ok (pc=0000000000152838)
[c=17751000000]
cosim: 9976000000 retirements ok (pc=0000000000151e5e)
[c=17752000000]
[c=17753000000]
cosim: 9977000000 retirements ok (pc=ffffffff8006407e)
[c=17754000000]
cosim: 9978000000 retirements ok (pc=0000000000152244)
[c=17755000000]
cosim: 9979000000 retirements ok (pc=00000000001524fe)
[c=17756000000]
[c=17757000000]
cosim: 9980000000 retirements ok (pc=0000000000151fe6)
[c=17758000000]
cosim: 9981000000 retirements ok (pc=0000000000151f96)
[c=17759000000]
cosim: 9982000000 retirements ok (pc=0000000000152340)
[c=17760000000]
[c=17761000000]
cosim: 9983000000 retirements ok (pc=0000000000152422)
[c=17762000000]
cosim: 9984000000 retirements ok (pc=00000000001525e8)
[c=17763000000]
cosim: 9985000000 retirements ok (pc=00000000001520dc)
[c=17764000000]
[c=17765000000]
cosim: 9986000000 retirements ok (pc=0000000000152bca)
[c=17766000000]
cosim: 9987000000 retirements ok (pc=0000000000151f28)
[c=17767000000]
cosim: 9988000000 retirements ok (pc=000000000015211a)
[c=17768000000]
[c=17769000000]
cosim: 9989000000 retirements ok (pc=0000000000151da2)
[c=17770000000]
cosim: 9990000000 retirements ok (pc=000000000015285c)
[c=17771000000]
[c=17772000000]
cosim: 9991000000 retirements ok (pc=00000000001527c8)
[c=17773000000]
cosim: 9992000000 retirements ok (pc=00000000001527f8)
[c=17774000000]
cosim: 9993000000 retirements ok (pc=000000000015279a)
[c=17775000000]
[c=17776000000]
cosim: 9994000000 retirements ok (pc=00000000001527ac)
[c=17777000000]
cosim: 9995000000 retirements ok (pc=0000000000152570)
[c=17778000000]
[c=17779000000]
cosim: 9996000000 retirements ok (pc=0000000000151f0e)
[c=17780000000]
cosim: 9997000000 retirements ok (pc=000000000015202c)
[c=17781000000]
cosim: 9998000000 retirements ok (pc=0000000000152176)
[c=17782000000]
[c=17783000000]
cosim: 9999000000 retirements ok (pc=000000000015239a)
[c=17784000000]
cosim: 10000000000 retirements ok (pc=0000000000152368)
[c=17785000000]
cosim: 10001000000 retirements ok (pc=0000000000152272)
[c=17786000000]
[c=17787000000]
cosim: 10002000000 retirements ok (pc=0000000000152cb0)
[c=17788000000]
cosim: 10003000000 retirements ok (pc=0000000000152760)
[c=17789000000]
cosim: 10004000000 retirements ok (pc=000000000015202e)
[c=17790000000]
[c=17791000000]
cosim: 10005000000 retirements ok (pc=0000000000152a26)
[c=17792000000]
cosim: 10006000000 retirements ok (pc=0000000000152978)
[c=17793000000]
[c=17794000000]
cosim: 10007000000 retirements ok (pc=00000000001528aa)
[c=17795000000]
cosim: 10008000000 retirements ok (pc=000000000015202e)
[c=17796000000]
cosim: 10009000000 retirements ok (pc=0000000000152390)
[c=17797000000]
[c=17798000000]
cosim: 10010000000 retirements ok (pc=0000000000151df2)
[c=17799000000]
cosim: 10011000000 retirements ok (pc=00000000001528c2)
[c=17800000000]
cosim: 10012000000 retirements ok (pc=0000000000151e14)
[c=17801000000]
[c=17802000000]
cosim: 10013000000 retirements ok (pc=00000000001527aa)
[c=17803000000]
cosim: 10014000000 retirements ok (pc=0000000000152144)
[c=17804000000]
[c=17805000000]
cosim: 10015000000 retirements ok (pc=0000000000152bb4)
[c=17806000000]
cosim: 10016000000 retirements ok (pc=0000000000152458)
[c=17807000000]
cosim: 10017000000 retirements ok (pc=0000000000152876)
[c=17808000000]
[c=17809000000]
cosim: 10018000000 retirements ok (pc=0000000000152646)
[c=17810000000]
cosim: 10019000000 retirements ok (pc=0000000000152782)
[c=17811000000]
[c=17812000000]
cosim: 10020000000 retirements ok (pc=0000000000151f90)
[c=17813000000]
cosim: 10021000000 retirements ok (pc=0000000000151e00)
[c=17814000000]
cosim: 10022000000 retirements ok (pc=000000000015230e)
[c=17815000000]
[c=17816000000]
cosim: 10023000000 retirements ok (pc=00000000001521ac)
[c=17817000000]
cosim: 10024000000 retirements ok (pc=0000000000152ab6)
[c=17818000000]
cosim: 10025000000 retirements ok (pc=00000000001529e6)
[c=17819000000]
[c=17820000000]
cosim: 10026000000 retirements ok (pc=00000000001521d8)
[c=17821000000]
cosim: 10027000000 retirements ok (pc=000000000015211a)
[c=17822000000]
cosim: 10028000000 retirements ok (pc=0000000000151fd0)
[c=17823000000]
[c=17824000000]
cosim: 10029000000 retirements ok (pc=00000000001528b8)
[c=17825000000]
cosim: 10030000000 retirements ok (pc=0000000000152c1e)
[c=17826000000]
cosim: 10031000000 retirements ok (pc=0000000000152d24)
[c=17827000000]
[c=17828000000]
cosim: 10032000000 retirements ok (pc=0000000000152454)
[c=17829000000]
cosim: 10033000000 retirements ok (pc=00000000001523e4)
[c=17830000000]
[c=17831000000]
cosim: 10034000000 retirements ok (pc=ffffffff808e410a)
[c=17832000000]
cosim: 10035000000 retirements ok (pc=000000000015269a)
[c=17833000000]
cosim: 10036000000 retirements ok (pc=0000000000152aa0)
[c=17834000000]
[c=17835000000]
cosim: 10037000000 retirements ok (pc=0000000000152c1a)
[c=17836000000]
cosim: 10038000000 retirements ok (pc=0000000000151f0a)
[c=17837000000]
[c=17838000000]
cosim: 10039000000 retirements ok (pc=000000000015214a)
[c=17839000000]
cosim: 10040000000 retirements ok (pc=0000000000152016)
[c=17840000000]
cosim: 10041000000 retirements ok (pc=0000000000152826)
[c=17841000000]
[c=17842000000]
cosim: 10042000000 retirements ok (pc=00000000001525c6)
[c=17843000000]
cosim: 10043000000 retirements ok (pc=000000000015214c)
[c=17844000000]
cosim: 10044000000 retirements ok (pc=00000000001522be)
[c=17845000000]
[c=17846000000]
cosim: 10045000000 retirements ok (pc=0000000000152b58)
[c=17847000000]
cosim: 10046000000 retirements ok (pc=00000000001522bc)
[c=17848000000]
cosim: 10047000000 retirements ok (pc=00000000001528f0)
[c=17849000000]
[c=17850000000]
cosim: 10048000000 retirements ok (pc=000000000015276e)
[c=17851000000]
cosim: 10049000000 retirements ok (pc=0000000000151f66)
[c=17852000000]
[c=17853000000]
cosim: 10050000000 retirements ok (pc=00000000001528d8)
[c=17854000000]
cosim: 10051000000 retirements ok (pc=0000000000152bb4)
[c=17855000000]
cosim: 10052000000 retirements ok (pc=0000000000152a02)
[c=17856000000]
[c=17857000000]
cosim: 10053000000 retirements ok (pc=0000000000152972)
[c=17858000000]
cosim: 10054000000 retirements ok (pc=0000000000152168)
[c=17859000000]
cosim: 10055000000 retirements ok (pc=000000000015216c)
[c=17860000000]
[c=17861000000]
cosim: 10056000000 retirements ok (pc=00000000001522dc)
[c=17862000000]
cosim: 10057000000 retirements ok (pc=00000000001529ee)
[c=17863000000]
[c=17864000000]
cosim: 10058000000 retirements ok (pc=0000000000152812)
[c=17865000000]
cosim: 10059000000 retirements ok (pc=0000000000151f6a)
[c=17866000000]
cosim: 10060000000 retirements ok (pc=0000000000152d0e)
[c=17867000000]
[c=17868000000]
cosim: 10061000000 retirements ok (pc=0000000000152372)
[c=17869000000]
cosim: 10062000000 retirements ok (pc=0000000000152a10)
[c=17870000000]
cosim: 10063000000 retirements ok (pc=000000000015238a)
[c=17871000000]
[c=17872000000]
cosim: 10064000000 retirements ok (pc=000000000015256e)
