00000000
00000013
00001013
00000000
00000000
00100013
00101013
00000000
00000000
00200013
00201013
00000000
00000000
00300013
00301013
00000000
00000000
00400013
00401013
00000000
00000000
00500013
00501013
00000000
00000000
00600013
00601013
00000000
00000000
00700013
00701013
00000000
00810413
00800013
00801013
00000000
00810493
00900013
00901013
00000000
00810513
00a00013
00a01013
00000000
00810593
00b00013
00b01013
00000000
00810613
00c00013
00c01013
00000000
00810693
00d00013
00d01013
00000000
00810713
00e00013
00e01013
00000000
00810793
00f00013
00f01013
00000000
00410413
01000013
01001013
00000000
00410493
01100013
01101013
00000000
00410513
01200013
01201013
00000000
00410593
01300013
01301013
00000000
00410613
01400013
01401013
00000000
00410693
01500013
01501013
00000000
00410713
01600013
01601013
00000000
00410793
01700013
01701013
00000000
00c10413
01800013
01801013
00000000
00c10493
01900013
01901013
00000000
00c10513
01a00013
01a01013
00000000
00c10593
01b00013
01b01013
00000000
00c10613
01c00013
01c01013
00000000
00c10693
01d00013
01d01013
00000000
00c10713
01e00013
01e01013
00000000
00c10793
01f00013
01f01013
00000000
04010413
00008093
00009093
00000000
04010493
00108093
00109093
00000000
04010513
00208093
00209093
00000000
04010593
00308093
00309093
00000000
04010613
00408093
00409093
00000000
04010693
00508093
00509093
00000000
04010713
00608093
00609093
00000000
04010793
00708093
00709093
00000000
04810413
00808093
00809093
00000000
04810493
00908093
00909093
00000000
04810513
00a08093
00a09093
00000000
04810593
00b08093
00b09093
00000000
04810613
00c08093
00c09093
00000000
04810693
00d08093
00d09093
00000000
04810713
00e08093
00e09093
00000000
04810793
00f08093
00f09093
00000000
04410413
01008093
01009093
00000000
04410493
01108093
01109093
00000000
04410513
01208093
01209093
00000000
04410593
01308093
01309093
00000000
04410613
01408093
01409093
00000000
04410693
01508093
01509093
00000000
04410713
01608093
01609093
00000000
04410793
01708093
01709093
00000000
04c10413
01808093
01809093
00000000
04c10493
01908093
01909093
00000000
04c10513
01a08093
01a09093
00000000
04c10593
01b08093
01b09093
00000000
04c10613
01c08093
01c09093
00000000
04c10693
01d08093
01d09093
00000000
04c10713
01e08093
01e09093
00000000
04c10793
01f08093
01f09093
00000000
08010413
00010113
00011113
00000000
08010493
00110113
00111113
00000000
08010513
00210113
00211113
00000000
08010593
00310113
00311113
00000000
08010613
00410113
00411113
00000000
08010693
00510113
00511113
00000000
08010713
00610113
00611113
00000000
08010793
00710113
00711113
00000000
08810413
00810113
00811113
00000000
08810493
00910113
00911113
00000000
08810513
00a10113
00a11113
00000000
08810593
00b10113
00b11113
00000000
08810613
00c10113
00c11113
00000000
08810693
00d10113
00d11113
00000000
08810713
00e10113
00e11113
00000000
08810793
00f10113
00f11113
00000000
08410413
01010113
01011113
00000000
08410493
01110113
01111113
00000000
08410513
01210113
01211113
00000000
08410593
01310113
01311113
00000000
08410613
01410113
01411113
00000000
08410693
01510113
01511113
00000000
08410713
01610113
01611113
00000000
08410793
01710113
01711113
00000000
08c10413
01810113
01811113
00000000
08c10493
01910113
01911113
00000000
08c10513
01a10113
01a11113
00000000
08c10593
01b10113
01b11113
00000000
08c10613
01c10113
01c11113
00000000
08c10693
01d10113
01d11113
00000000
08c10713
01e10113
01e11113
00000000
08c10793
01f10113
01f11113
00000000
0c010413
00018193
00019193
00000000
0c010493
00118193
00119193
00000000
0c010513
00218193
00219193
00000000
0c010593
00318193
00319193
00000000
0c010613
00418193
00419193
00000000
0c010693
00518193
00519193
00000000
0c010713
00618193
00619193
00000000
0c010793
00718193
00719193
00000000
0c810413
00818193
00819193
00000000
0c810493
00918193
00919193
00000000
0c810513
00a18193
00a19193
00000000
0c810593
00b18193
00b19193
00000000
0c810613
00c18193
00c19193
00000000
0c810693
00d18193
00d19193
00000000
0c810713
00e18193
00e19193
00000000
0c810793
00f18193
00f19193
00000000
0c410413
01018193
01019193
00000000
0c410493
01118193
01119193
00000000
0c410513
01218193
01219193
00000000
0c410593
01318193
01319193
00000000
0c410613
01418193
01419193
00000000
0c410693
01518193
01519193
00000000
0c410713
01618193
01619193
00000000
0c410793
01718193
01719193
00000000
0cc10413
01818193
01819193
00000000
0cc10493
01918193
01919193
00000000
0cc10513
01a18193
01a19193
00000000
0cc10593
01b18193
01b19193
00000000
0cc10613
01c18193
01c19193
00000000
0cc10693
01d18193
01d19193
00000000
0cc10713
01e18193
01e19193
00000000
0cc10793
01f18193
01f19193
00000000
10010413
00020213
00021213
00000000
10010493
00120213
00121213
00000000
10010513
00220213
00221213
00000000
10010593
00320213
00321213
00000000
10010613
00420213
00421213
00000000
10010693
00520213
00521213
00000000
10010713
00620213
00621213
00000000
10010793
00720213
00721213
00000000
10810413
00820213
00821213
00000000
10810493
00920213
00921213
00000000
10810513
00a20213
00a21213
00000000
10810593
00b20213
00b21213
00000000
10810613
00c20213
00c21213
00000000
10810693
00d20213
00d21213
00000000
10810713
00e20213
00e21213
00000000
10810793
00f20213
00f21213
00000000
10410413
01020213
01021213
00000000
10410493
01120213
01121213
00000000
10410513
01220213
01221213
00000000
10410593
01320213
01321213
00000000
10410613
01420213
01421213
00000000
10410693
01520213
01521213
00000000
10410713
01620213
01621213
00000000
10410793
01720213
01721213
00000000
10c10413
01820213
01821213
00000000
10c10493
01920213
01921213
00000000
10c10513
01a20213
01a21213
00000000
10c10593
01b20213
01b21213
00000000
10c10613
01c20213
01c21213
00000000
10c10693
01d20213
01d21213
00000000
10c10713
01e20213
01e21213
00000000
10c10793
01f20213
01f21213
00000000
14010413
00028293
00029293
00000000
14010493
00128293
00129293
00000000
14010513
00228293
00229293
00000000
14010593
00328293
00329293
00000000
14010613
00428293
00429293
00000000
14010693
00528293
00529293
00000000
14010713
00628293
00629293
00000000
14010793
00728293
00729293
00000000
14810413
00828293
00829293
00000000
14810493
00928293
00929293
00000000
14810513
00a28293
00a29293
00000000
14810593
00b28293
00b29293
00000000
14810613
00c28293
00c29293
00000000
14810693
00d28293
00d29293
00000000
14810713
00e28293
00e29293
00000000
14810793
00f28293
00f29293
00000000
14410413
01028293
01029293
00000000
14410493
01128293
01129293
00000000
14410513
01228293
01229293
00000000
14410593
01328293
01329293
00000000
14410613
01428293
01429293
00000000
14410693
01528293
01529293
00000000
14410713
01628293
01629293
00000000
14410793
01728293
01729293
00000000
14c10413
01828293
01829293
00000000
14c10493
01928293
01929293
00000000
14c10513
01a28293
01a29293
00000000
14c10593
01b28293
01b29293
00000000
14c10613
01c28293
01c29293
00000000
14c10693
01d28293
01d29293
00000000
14c10713
01e28293
01e29293
00000000
14c10793
01f28293
01f29293
00000000
18010413
00030313
00031313
00000000
18010493
00130313
00131313
00000000
18010513
00230313
00231313
00000000
18010593
00330313
00331313
00000000
18010613
00430313
00431313
00000000
18010693
00530313
00531313
00000000
18010713
00630313
00631313
00000000
18010793
00730313
00731313
00000000
18810413
00830313
00831313
00000000
18810493
00930313
00931313
00000000
18810513
00a30313
00a31313
00000000
18810593
00b30313
00b31313
00000000
18810613
00c30313
00c31313
00000000
18810693
00d30313
00d31313
00000000
18810713
00e30313
00e31313
00000000
18810793
00f30313
00f31313
00000000
18410413
01030313
01031313
00000000
18410493
01130313
01131313
00000000
18410513
01230313
01231313
00000000
18410593
01330313
01331313
00000000
18410613
01430313
01431313
00000000
18410693
01530313
01531313
00000000
18410713
01630313
01631313
00000000
18410793
01730313
01731313
00000000
18c10413
01830313
01831313
00000000
18c10493
01930313
01931313
00000000
18c10513
01a30313
01a31313
00000000
18c10593
01b30313
01b31313
00000000
18c10613
01c30313
01c31313
00000000
18c10693
01d30313
01d31313
00000000
18c10713
01e30313
01e31313
00000000
18c10793
01f30313
01f31313
00000000
1c010413
00038393
00039393
00000000
1c010493
00138393
00139393
00000000
1c010513
00238393
00239393
00000000
1c010593
00338393
00339393
00000000
1c010613
00438393
00439393
00000000
1c010693
00538393
00539393
00000000
1c010713
00638393
00639393
00000000
1c010793
00738393
00739393
00000000
1c810413
00838393
00839393
00000000
1c810493
00938393
00939393
00000000
1c810513
00a38393
00a39393
00000000
1c810593
00b38393
00b39393
00000000
1c810613
00c38393
00c39393
00000000
1c810693
00d38393
00d39393
00000000
1c810713
00e38393
00e39393
00000000
1c810793
00f38393
00f39393
00000000
1c410413
01038393
01039393
00000000
1c410493
01138393
01139393
00000000
1c410513
01238393
01239393
00000000
1c410593
01338393
01339393
00000000
1c410613
01438393
01439393
00000000
1c410693
01538393
01539393
00000000
1c410713
01638393
01639393
00000000
1c410793
01738393
01739393
00000000
1cc10413
01838393
01839393
00000000
1cc10493
01938393
01939393
00000000
1cc10513
01a38393
01a39393
00000000
1cc10593
01b38393
01b39393
00000000
1cc10613
01c38393
01c39393
00000000
1cc10693
01d38393
01d39393
00000000
1cc10713
01e38393
01e39393
00000000
1cc10793
01f38393
01f39393
00000000
20010413
00040413
00041413
00000000
20010493
00140413
00141413
00000000
20010513
00240413
00241413
00000000
20010593
00340413
00341413
00000000
20010613
00440413
00441413
00000000
20010693
00540413
00541413
00000000
20010713
00640413
00641413
00000000
20010793
00740413
00741413
00000000
20810413
00840413
00841413
00000000
20810493
00940413
00941413
00000000
20810513
00a40413
00a41413
00000000
20810593
00b40413
00b41413
00000000
20810613
00c40413
00c41413
00000000
20810693
00d40413
00d41413
00000000
20810713
00e40413
00e41413
00000000
20810793
00f40413
00f41413
00000000
20410413
01040413
01041413
00000000
20410493
01140413
01141413
00000000
20410513
01240413
01241413
00000000
20410593
01340413
01341413
00000000
20410613
01440413
01441413
00000000
20410693
01540413
01541413
00000000
20410713
01640413
01641413
00000000
20410793
01740413
01741413
00000000
20c10413
01840413
01841413
00000000
20c10493
01940413
01941413
00000000
20c10513
01a40413
01a41413
00000000
20c10593
01b40413
01b41413
00000000
20c10613
01c40413
01c41413
00000000
20c10693
01d40413
01d41413
00000000
20c10713
01e40413
01e41413
00000000
20c10793
01f40413
01f41413
00000000
24010413
00048493
00049493
00000000
24010493
00148493
00149493
00000000
24010513
00248493
00249493
00000000
24010593
00348493
00349493
00000000
24010613
00448493
00449493
00000000
24010693
00548493
00549493
00000000
24010713
00648493
00649493
00000000
24010793
00748493
00749493
00000000
24810413
00848493
00849493
00000000
24810493
00948493
00949493
00000000
24810513
00a48493
00a49493
00000000
24810593
00b48493
00b49493
00000000
24810613
00c48493
00c49493
00000000
24810693
00d48493
00d49493
00000000
24810713
00e48493
00e49493
00000000
24810793
00f48493
00f49493
00000000
24410413
01048493
01049493
00000000
24410493
01148493
01149493
00000000
24410513
01248493
01249493
00000000
24410593
01348493
01349493
00000000
24410613
01448493
01449493
00000000
24410693
01548493
01549493
00000000
24410713
01648493
01649493
00000000
24410793
01748493
01749493
00000000
24c10413
01848493
01849493
00000000
24c10493
01948493
01949493
00000000
24c10513
01a48493
01a49493
00000000
24c10593
01b48493
01b49493
00000000
24c10613
01c48493
01c49493
00000000
24c10693
01d48493
01d49493
00000000
24c10713
01e48493
01e49493
00000000
24c10793
01f48493
01f49493
00000000
28010413
00050513
00051513
00000000
28010493
00150513
00151513
00000000
28010513
00250513
00251513
00000000
28010593
00350513
00351513
00000000
28010613
00450513
00451513
00000000
28010693
00550513
00551513
00000000
28010713
00650513
00651513
00000000
28010793
00750513
00751513
00000000
28810413
00850513
00851513
00000000
28810493
00950513
00951513
00000000
28810513
00a50513
00a51513
00000000
28810593
00b50513
00b51513
00000000
28810613
00c50513
00c51513
00000000
28810693
00d50513
00d51513
00000000
28810713
00e50513
00e51513
00000000
28810793
00f50513
00f51513
00000000
28410413
01050513
01051513
00000000
28410493
01150513
01151513
00000000
28410513
01250513
01251513
00000000
28410593
01350513
01351513
00000000
28410613
01450513
01451513
00000000
28410693
01550513
01551513
00000000
28410713
01650513
01651513
00000000
28410793
01750513
01751513
00000000
28c10413
01850513
01851513
00000000
28c10493
01950513
01951513
00000000
28c10513
01a50513
01a51513
00000000
28c10593
01b50513
01b51513
00000000
28c10613
01c50513
01c51513
00000000
28c10693
01d50513
01d51513
00000000
28c10713
01e50513
01e51513
00000000
28c10793
01f50513
01f51513
00000000
2c010413
00058593
00059593
00000000
2c010493
00158593
00159593
00000000
2c010513
00258593
00259593
00000000
2c010593
00358593
00359593
00000000
2c010613
00458593
00459593
00000000
2c010693
00558593
00559593
00000000
2c010713
00658593
00659593
00000000
2c010793
00758593
00759593
00000000
2c810413
00858593
00859593
00000000
2c810493
00958593
00959593
00000000
2c810513
00a58593
00a59593
00000000
2c810593
00b58593
00b59593
00000000
2c810613
00c58593
00c59593
00000000
2c810693
00d58593
00d59593
00000000
2c810713
00e58593
00e59593
00000000
2c810793
00f58593
00f59593
00000000
2c410413
01058593
01059593
00000000
2c410493
01158593
01159593
00000000
2c410513
01258593
01259593
00000000
2c410593
01358593
01359593
00000000
2c410613
01458593
01459593
00000000
2c410693
01558593
01559593
00000000
2c410713
01658593
01659593
00000000
2c410793
01758593
01759593
00000000
2cc10413
01858593
01859593
00000000
2cc10493
01958593
01959593
00000000
2cc10513
01a58593
01a59593
00000000
2cc10593
01b58593
01b59593
00000000
2cc10613
01c58593
01c59593
00000000
2cc10693
01d58593
01d59593
00000000
2cc10713
01e58593
01e59593
00000000
2cc10793
01f58593
01f59593
00000000
30010413
00060613
00061613
00000000
30010493
00160613
00161613
00000000
30010513
00260613
00261613
00000000
30010593
00360613
00361613
00000000
30010613
00460613
00461613
00000000
30010693
00560613
00561613
00000000
30010713
00660613
00661613
00000000
30010793
00760613
00761613
00000000
30810413
00860613
00861613
00000000
30810493
00960613
00961613
00000000
30810513
00a60613
00a61613
00000000
30810593
00b60613
00b61613
00000000
30810613
00c60613
00c61613
00000000
30810693
00d60613
00d61613
00000000
30810713
00e60613
00e61613
00000000
30810793
00f60613
00f61613
00000000
30410413
01060613
01061613
00000000
30410493
01160613
01161613
00000000
30410513
01260613
01261613
00000000
30410593
01360613
01361613
00000000
30410613
01460613
01461613
00000000
30410693
01560613
01561613
00000000
30410713
01660613
01661613
00000000
30410793
01760613
01761613
00000000
30c10413
01860613
01861613
00000000
30c10493
01960613
01961613
00000000
30c10513
01a60613
01a61613
00000000
30c10593
01b60613
01b61613
00000000
30c10613
01c60613
01c61613
00000000
30c10693
01d60613
01d61613
00000000
30c10713
01e60613
01e61613
00000000
30c10793
01f60613
01f61613
00000000
34010413
00068693
00069693
00000000
34010493
00168693
00169693
00000000
34010513
00268693
00269693
00000000
34010593
00368693
00369693
00000000
34010613
00468693
00469693
00000000
34010693
00568693
00569693
00000000
34010713
00668693
00669693
00000000
34010793
00768693
00769693
00000000
34810413
00868693
00869693
00000000
34810493
00968693
00969693
00000000
34810513
00a68693
00a69693
00000000
34810593
00b68693
00b69693
00000000
34810613
00c68693
00c69693
00000000
34810693
00d68693
00d69693
00000000
34810713
00e68693
00e69693
00000000
34810793
00f68693
00f69693
00000000
34410413
01068693
01069693
00000000
34410493
01168693
01169693
00000000
34410513
01268693
01269693
00000000
34410593
01368693
01369693
00000000
34410613
01468693
01469693
00000000
34410693
01568693
01569693
00000000
34410713
01668693
01669693
00000000
34410793
01768693
01769693
00000000
34c10413
01868693
01869693
00000000
34c10493
01968693
01969693
00000000
34c10513
01a68693
01a69693
00000000
34c10593
01b68693
01b69693
00000000
34c10613
01c68693
01c69693
00000000
34c10693
01d68693
01d69693
00000000
34c10713
01e68693
01e69693
00000000
34c10793
01f68693
01f69693
00000000
38010413
00070713
00071713
00000000
38010493
00170713
00171713
00000000
38010513
00270713
00271713
00000000
38010593
00370713
00371713
00000000
38010613
00470713
00471713
00000000
38010693
00570713
00571713
00000000
38010713
00670713
00671713
00000000
38010793
00770713
00771713
00000000
38810413
00870713
00871713
00000000
38810493
00970713
00971713
00000000
38810513
00a70713
00a71713
00000000
38810593
00b70713
00b71713
00000000
38810613
00c70713
00c71713
00000000
38810693
00d70713
00d71713
00000000
38810713
00e70713
00e71713
00000000
38810793
00f70713
00f71713
00000000
38410413
01070713
01071713
00000000
38410493
01170713
01171713
00000000
38410513
01270713
01271713
00000000
38410593
01370713
01371713
00000000
38410613
01470713
01471713
00000000
38410693
01570713
01571713
00000000
38410713
01670713
01671713
00000000
38410793
01770713
01771713
00000000
38c10413
01870713
01871713
00000000
38c10493
01970713
01971713
00000000
38c10513
01a70713
01a71713
00000000
38c10593
01b70713
01b71713
00000000
38c10613
01c70713
01c71713
00000000
38c10693
01d70713
01d71713
00000000
38c10713
01e70713
01e71713
00000000
38c10793
01f70713
01f71713
00000000
3c010413
00078793
00079793
00000000
3c010493
00178793
00179793
00000000
3c010513
00278793
00279793
00000000
3c010593
00378793
00379793
00000000
3c010613
00478793
00479793
00000000
3c010693
00578793
00579793
00000000
3c010713
00678793
00679793
00000000
3c010793
00778793
00779793
00000000
3c810413
00878793
00879793
00000000
3c810493
00978793
00979793
00000000
3c810513
00a78793
00a79793
00000000
3c810593
00b78793
00b79793
00000000
3c810613
00c78793
00c79793
00000000
3c810693
00d78793
00d79793
00000000
3c810713
00e78793
00e79793
00000000
3c810793
00f78793
00f79793
00000000
3c410413
01078793
01079793
00000000
3c410493
01178793
01179793
00000000
3c410513
01278793
01279793
00000000
3c410593
01378793
01379793
00000000
3c410613
01478793
01479793
00000000
3c410693
01578793
01579793
00000000
3c410713
01678793
01679793
00000000
3c410793
01778793
01779793
00000000
3cc10413
01878793
01879793
00000000
3cc10493
01978793
01979793
00000000
3cc10513
01a78793
01a79793
00000000
3cc10593
01b78793
01b79793
00000000
3cc10613
01c78793
01c79793
00000000
3cc10693
01d78793
01d79793
00000000
3cc10713
01e78793
01e79793
00000000
3cc10793
01f78793
01f79793
00000000
01010413
00080813
00081813
00000000
01010493
00180813
00181813
00000000
01010513
00280813
00281813
00000000
01010593
00380813
00381813
00000000
01010613
00480813
00481813
00000000
01010693
00580813
00581813
00000000
01010713
00680813
00681813
00000000
01010793
00780813
00781813
00000000
01810413
00880813
00881813
00000000
01810493
00980813
00981813
00000000
01810513
00a80813
00a81813
00000000
01810593
00b80813
00b81813
00000000
01810613
00c80813
00c81813
00000000
01810693
00d80813
00d81813
00000000
01810713
00e80813
00e81813
00000000
01810793
00f80813
00f81813
00000000
01410413
01080813
01081813
00000000
01410493
01180813
01181813
00000000
01410513
01280813
01281813
00000000
01410593
01380813
01381813
00000000
01410613
01480813
01481813
00000000
01410693
01580813
01581813
00000000
01410713
01680813
01681813
00000000
01410793
01780813
01781813
00000000
01c10413
01880813
01881813
00000000
01c10493
01980813
01981813
00000000
01c10513
01a80813
01a81813
00000000
01c10593
01b80813
01b81813
00000000
01c10613
01c80813
01c81813
00000000
01c10693
01d80813
01d81813
00000000
01c10713
01e80813
01e81813
00000000
01c10793
01f80813
01f81813
00000000
05010413
00088893
00089893
00000000
05010493
00188893
00189893
00000000
05010513
00288893
00289893
00000000
05010593
00388893
00389893
00000000
05010613
00488893
00489893
00000000
05010693
00588893
00589893
00000000
05010713
00688893
00689893
00000000
05010793
00788893
00789893
00000000
05810413
00888893
00889893
00000000
05810493
00988893
00989893
00000000
05810513
00a88893
00a89893
00000000
05810593
00b88893
00b89893
00000000
05810613
00c88893
00c89893
00000000
05810693
00d88893
00d89893
00000000
05810713
00e88893
00e89893
00000000
05810793
00f88893
00f89893
00000000
05410413
01088893
01089893
00000000
05410493
01188893
01189893
00000000
05410513
01288893
01289893
00000000
05410593
01388893
01389893
00000000
05410613
01488893
01489893
00000000
05410693
01588893
01589893
00000000
05410713
01688893
01689893
00000000
05410793
01788893
01789893
00000000
05c10413
01888893
01889893
00000000
05c10493
01988893
01989893
00000000
05c10513
01a88893
01a89893
00000000
05c10593
01b88893
01b89893
00000000
05c10613
01c88893
01c89893
00000000
05c10693
01d88893
01d89893
00000000
05c10713
01e88893
01e89893
00000000
05c10793
01f88893
01f89893
00000000
09010413
00090913
00091913
00000000
09010493
00190913
00191913
00000000
09010513
00290913
00291913
00000000
09010593
00390913
00391913
00000000
09010613
00490913
00491913
00000000
09010693
00590913
00591913
00000000
09010713
00690913
00691913
00000000
09010793
00790913
00791913
00000000
09810413
00890913
00891913
00000000
09810493
00990913
00991913
00000000
09810513
00a90913
00a91913
00000000
09810593
00b90913
00b91913
00000000
09810613
00c90913
00c91913
00000000
09810693
00d90913
00d91913
00000000
09810713
00e90913
00e91913
00000000
09810793
00f90913
00f91913
00000000
09410413
01090913
01091913
00000000
09410493
01190913
01191913
00000000
09410513
01290913
01291913
00000000
09410593
01390913
01391913
00000000
09410613
01490913
01491913
00000000
09410693
01590913
01591913
00000000
09410713
01690913
01691913
00000000
09410793
01790913
01791913
00000000
09c10413
01890913
01891913
00000000
09c10493
01990913
01991913
00000000
09c10513
01a90913
01a91913
00000000
09c10593
01b90913
01b91913
00000000
09c10613
01c90913
01c91913
00000000
09c10693
01d90913
01d91913
00000000
09c10713
01e90913
01e91913
00000000
09c10793
01f90913
01f91913
00000000
0d010413
00098993
00099993
00000000
0d010493
00198993
00199993
00000000
0d010513
00298993
00299993
00000000
0d010593
00398993
00399993
00000000
0d010613
00498993
00499993
00000000
0d010693
00598993
00599993
00000000
0d010713
00698993
00699993
00000000
0d010793
00798993
00799993
00000000
0d810413
00898993
00899993
00000000
0d810493
00998993
00999993
00000000
0d810513
00a98993
00a99993
00000000
0d810593
00b98993
00b99993
00000000
0d810613
00c98993
00c99993
00000000
0d810693
00d98993
00d99993
00000000
0d810713
00e98993
00e99993
00000000
0d810793
00f98993
00f99993
00000000
0d410413
01098993
01099993
00000000
0d410493
01198993
01199993
00000000
0d410513
01298993
01299993
00000000
0d410593
01398993
01399993
00000000
0d410613
01498993
01499993
00000000
0d410693
01598993
01599993
00000000
0d410713
01698993
01699993
00000000
0d410793
01798993
01799993
00000000
0dc10413
01898993
01899993
00000000
0dc10493
01998993
01999993
00000000
0dc10513
01a98993
01a99993
00000000
0dc10593
01b98993
01b99993
00000000
0dc10613
01c98993
01c99993
00000000
0dc10693
01d98993
01d99993
00000000
0dc10713
01e98993
01e99993
00000000
0dc10793
01f98993
01f99993
00000000
11010413
000a0a13
000a1a13
00000000
11010493
001a0a13
001a1a13
00000000
11010513
002a0a13
002a1a13
00000000
11010593
003a0a13
003a1a13
00000000
11010613
004a0a13
004a1a13
00000000
11010693
005a0a13
005a1a13
00000000
11010713
006a0a13
006a1a13
00000000
11010793
007a0a13
007a1a13
00000000
11810413
008a0a13
008a1a13
00000000
11810493
009a0a13
009a1a13
00000000
11810513
00aa0a13
00aa1a13
00000000
11810593
00ba0a13
00ba1a13
00000000
11810613
00ca0a13
00ca1a13
00000000
11810693
00da0a13
00da1a13
00000000
11810713
00ea0a13
00ea1a13
00000000
11810793
00fa0a13
00fa1a13
00000000
11410413
010a0a13
010a1a13
00000000
11410493
011a0a13
011a1a13
00000000
11410513
012a0a13
012a1a13
00000000
11410593
013a0a13
013a1a13
00000000
11410613
014a0a13
014a1a13
00000000
11410693
015a0a13
015a1a13
00000000
11410713
016a0a13
016a1a13
00000000
11410793
017a0a13
017a1a13
00000000
11c10413
018a0a13
018a1a13
00000000
11c10493
019a0a13
019a1a13
00000000
11c10513
01aa0a13
01aa1a13
00000000
11c10593
01ba0a13
01ba1a13
00000000
11c10613
01ca0a13
01ca1a13
00000000
11c10693
01da0a13
01da1a13
00000000
11c10713
01ea0a13
01ea1a13
00000000
11c10793
01fa0a13
01fa1a13
00000000
15010413
000a8a93
000a9a93
00000000
15010493
001a8a93
001a9a93
00000000
15010513
002a8a93
002a9a93
00000000
15010593
003a8a93
003a9a93
00000000
15010613
004a8a93
004a9a93
00000000
15010693
005a8a93
005a9a93
00000000
15010713
006a8a93
006a9a93
00000000
15010793
007a8a93
007a9a93
00000000
15810413
008a8a93
008a9a93
00000000
15810493
009a8a93
009a9a93
00000000
15810513
00aa8a93
00aa9a93
00000000
15810593
00ba8a93
00ba9a93
00000000
15810613
00ca8a93
00ca9a93
00000000
15810693
00da8a93
00da9a93
00000000
15810713
00ea8a93
00ea9a93
00000000
15810793
00fa8a93
00fa9a93
00000000
15410413
010a8a93
010a9a93
00000000
15410493
011a8a93
011a9a93
00000000
15410513
012a8a93
012a9a93
00000000
15410593
013a8a93
013a9a93
00000000
15410613
014a8a93
014a9a93
00000000
15410693
015a8a93
015a9a93
00000000
15410713
016a8a93
016a9a93
00000000
15410793
017a8a93
017a9a93
00000000
15c10413
018a8a93
018a9a93
00000000
15c10493
019a8a93
019a9a93
00000000
15c10513
01aa8a93
01aa9a93
00000000
15c10593
01ba8a93
01ba9a93
00000000
15c10613
01ca8a93
01ca9a93
00000000
15c10693
01da8a93
01da9a93
00000000
15c10713
01ea8a93
01ea9a93
00000000
15c10793
01fa8a93
01fa9a93
00000000
19010413
000b0b13
000b1b13
00000000
19010493
001b0b13
001b1b13
00000000
19010513
002b0b13
002b1b13
00000000
19010593
003b0b13
003b1b13
00000000
19010613
004b0b13
004b1b13
00000000
19010693
005b0b13
005b1b13
00000000
19010713
006b0b13
006b1b13
00000000
19010793
007b0b13
007b1b13
00000000
19810413
008b0b13
008b1b13
00000000
19810493
009b0b13
009b1b13
00000000
19810513
00ab0b13
00ab1b13
00000000
19810593
00bb0b13
00bb1b13
00000000
19810613
00cb0b13
00cb1b13
00000000
19810693
00db0b13
00db1b13
00000000
19810713
00eb0b13
00eb1b13
00000000
19810793
00fb0b13
00fb1b13
00000000
19410413
010b0b13
010b1b13
00000000
19410493
011b0b13
011b1b13
00000000
19410513
012b0b13
012b1b13
00000000
19410593
013b0b13
013b1b13
00000000
19410613
014b0b13
014b1b13
00000000
19410693
015b0b13
015b1b13
00000000
19410713
016b0b13
016b1b13
00000000
19410793
017b0b13
017b1b13
00000000
19c10413
018b0b13
018b1b13
00000000
19c10493
019b0b13
019b1b13
00000000
19c10513
01ab0b13
01ab1b13
00000000
19c10593
01bb0b13
01bb1b13
00000000
19c10613
01cb0b13
01cb1b13
00000000
19c10693
01db0b13
01db1b13
00000000
19c10713
01eb0b13
01eb1b13
00000000
19c10793
01fb0b13
01fb1b13
00000000
1d010413
000b8b93
000b9b93
00000000
1d010493
001b8b93
001b9b93
00000000
1d010513
002b8b93
002b9b93
00000000
1d010593
003b8b93
003b9b93
00000000
1d010613
004b8b93
004b9b93
00000000
1d010693
005b8b93
005b9b93
00000000
1d010713
006b8b93
006b9b93
00000000
1d010793
007b8b93
007b9b93
00000000
1d810413
008b8b93
008b9b93
00000000
1d810493
009b8b93
009b9b93
00000000
1d810513
00ab8b93
00ab9b93
00000000
1d810593
00bb8b93
00bb9b93
00000000
1d810613
00cb8b93
00cb9b93
00000000
1d810693
00db8b93
00db9b93
00000000
1d810713
00eb8b93
00eb9b93
00000000
1d810793
00fb8b93
00fb9b93
00000000
1d410413
010b8b93
010b9b93
00000000
1d410493
011b8b93
011b9b93
00000000
1d410513
012b8b93
012b9b93
00000000
1d410593
013b8b93
013b9b93
00000000
1d410613
014b8b93
014b9b93
00000000
1d410693
015b8b93
015b9b93
00000000
1d410713
016b8b93
016b9b93
00000000
1d410793
017b8b93
017b9b93
00000000
1dc10413
018b8b93
018b9b93
00000000
1dc10493
019b8b93
019b9b93
00000000
1dc10513
01ab8b93
01ab9b93
00000000
1dc10593
01bb8b93
01bb9b93
00000000
1dc10613
01cb8b93
01cb9b93
00000000
1dc10693
01db8b93
01db9b93
00000000
1dc10713
01eb8b93
01eb9b93
00000000
1dc10793
01fb8b93
01fb9b93
00000000
21010413
000c0c13
000c1c13
00000000
21010493
001c0c13
001c1c13
00000000
21010513
002c0c13
002c1c13
00000000
21010593
003c0c13
003c1c13
00000000
21010613
004c0c13
004c1c13
00000000
21010693
005c0c13
005c1c13
00000000
21010713
006c0c13
006c1c13
00000000
21010793
007c0c13
007c1c13
00000000
21810413
008c0c13
008c1c13
00000000
21810493
009c0c13
009c1c13
00000000
21810513
00ac0c13
00ac1c13
00000000
21810593
00bc0c13
00bc1c13
00000000
21810613
00cc0c13
00cc1c13
00000000
21810693
00dc0c13
00dc1c13
00000000
21810713
00ec0c13
00ec1c13
00000000
21810793
00fc0c13
00fc1c13
00000000
21410413
010c0c13
010c1c13
00000000
21410493
011c0c13
011c1c13
00000000
21410513
012c0c13
012c1c13
00000000
21410593
013c0c13
013c1c13
00000000
21410613
014c0c13
014c1c13
00000000
21410693
015c0c13
015c1c13
00000000
21410713
016c0c13
016c1c13
00000000
21410793
017c0c13
017c1c13
00000000
21c10413
018c0c13
018c1c13
00000000
21c10493
019c0c13
019c1c13
00000000
21c10513
01ac0c13
01ac1c13
00000000
21c10593
01bc0c13
01bc1c13
00000000
21c10613
01cc0c13
01cc1c13
00000000
21c10693
01dc0c13
01dc1c13
00000000
21c10713
01ec0c13
01ec1c13
00000000
21c10793
01fc0c13
01fc1c13
00000000
25010413
000c8c93
000c9c93
00000000
25010493
001c8c93
001c9c93
00000000
25010513
002c8c93
002c9c93
00000000
25010593
003c8c93
003c9c93
00000000
25010613
004c8c93
004c9c93
00000000
25010693
005c8c93
005c9c93
00000000
25010713
006c8c93
006c9c93
00000000
25010793
007c8c93
007c9c93
00000000
25810413
008c8c93
008c9c93
00000000
25810493
009c8c93
009c9c93
00000000
25810513
00ac8c93
00ac9c93
00000000
25810593
00bc8c93
00bc9c93
00000000
25810613
00cc8c93
00cc9c93
00000000
25810693
00dc8c93
00dc9c93
00000000
25810713
00ec8c93
00ec9c93
00000000
25810793
00fc8c93
00fc9c93
00000000
25410413
010c8c93
010c9c93
00000000
25410493
011c8c93
011c9c93
00000000
25410513
012c8c93
012c9c93
00000000
25410593
013c8c93
013c9c93
00000000
25410613
014c8c93
014c9c93
00000000
25410693
015c8c93
015c9c93
00000000
25410713
016c8c93
016c9c93
00000000
25410793
017c8c93
017c9c93
00000000
25c10413
018c8c93
018c9c93
00000000
25c10493
019c8c93
019c9c93
00000000
25c10513
01ac8c93
01ac9c93
00000000
25c10593
01bc8c93
01bc9c93
00000000
25c10613
01cc8c93
01cc9c93
00000000
25c10693
01dc8c93
01dc9c93
00000000
25c10713
01ec8c93
01ec9c93
00000000
25c10793
01fc8c93
01fc9c93
00000000
29010413
000d0d13
000d1d13
00000000
29010493
001d0d13
001d1d13
00000000
29010513
002d0d13
002d1d13
00000000
29010593
003d0d13
003d1d13
00000000
29010613
004d0d13
004d1d13
00000000
29010693
005d0d13
005d1d13
00000000
29010713
006d0d13
006d1d13
00000000
29010793
007d0d13
007d1d13
00000000
29810413
008d0d13
008d1d13
00000000
29810493
009d0d13
009d1d13
00000000
29810513
00ad0d13
00ad1d13
00000000
29810593
00bd0d13
00bd1d13
00000000
29810613
00cd0d13
00cd1d13
00000000
29810693
00dd0d13
00dd1d13
00000000
29810713
00ed0d13
00ed1d13
00000000
29810793
00fd0d13
00fd1d13
00000000
29410413
010d0d13
010d1d13
00000000
29410493
011d0d13
011d1d13
00000000
29410513
012d0d13
012d1d13
00000000
29410593
013d0d13
013d1d13
00000000
29410613
014d0d13
014d1d13
00000000
29410693
015d0d13
015d1d13
00000000
29410713
016d0d13
016d1d13
00000000
29410793
017d0d13
017d1d13
00000000
29c10413
018d0d13
018d1d13
00000000
29c10493
019d0d13
019d1d13
00000000
29c10513
01ad0d13
01ad1d13
00000000
29c10593
01bd0d13
01bd1d13
00000000
29c10613
01cd0d13
01cd1d13
00000000
29c10693
01dd0d13
01dd1d13
00000000
29c10713
01ed0d13
01ed1d13
00000000
29c10793
01fd0d13
01fd1d13
00000000
2d010413
000d8d93
000d9d93
00000000
2d010493
001d8d93
001d9d93
00000000
2d010513
002d8d93
002d9d93
00000000
2d010593
003d8d93
003d9d93
00000000
2d010613
004d8d93
004d9d93
00000000
2d010693
005d8d93
005d9d93
00000000
2d010713
006d8d93
006d9d93
00000000
2d010793
007d8d93
007d9d93
00000000
2d810413
008d8d93
008d9d93
00000000
2d810493
009d8d93
009d9d93
00000000
2d810513
00ad8d93
00ad9d93
00000000
2d810593
00bd8d93
00bd9d93
00000000
2d810613
00cd8d93
00cd9d93
00000000
2d810693
00dd8d93
00dd9d93
00000000
2d810713
00ed8d93
00ed9d93
00000000
2d810793
00fd8d93
00fd9d93
00000000
2d410413
010d8d93
010d9d93
00000000
2d410493
011d8d93
011d9d93
00000000
2d410513
012d8d93
012d9d93
00000000
2d410593
013d8d93
013d9d93
00000000
2d410613
014d8d93
014d9d93
00000000
2d410693
015d8d93
015d9d93
00000000
2d410713
016d8d93
016d9d93
00000000
2d410793
017d8d93
017d9d93
00000000
2dc10413
018d8d93
018d9d93
00000000
2dc10493
019d8d93
019d9d93
00000000
2dc10513
01ad8d93
01ad9d93
00000000
2dc10593
01bd8d93
01bd9d93
00000000
2dc10613
01cd8d93
01cd9d93
00000000
2dc10693
01dd8d93
01dd9d93
00000000
2dc10713
01ed8d93
01ed9d93
00000000
2dc10793
01fd8d93
01fd9d93
00000000
31010413
000e0e13
000e1e13
00000000
31010493
001e0e13
001e1e13
00000000
31010513
002e0e13
002e1e13
00000000
31010593
003e0e13
003e1e13
00000000
31010613
004e0e13
004e1e13
00000000
31010693
005e0e13
005e1e13
00000000
31010713
006e0e13
006e1e13
00000000
31010793
007e0e13
007e1e13
00000000
31810413
008e0e13
008e1e13
00000000
31810493
009e0e13
009e1e13
00000000
31810513
00ae0e13
00ae1e13
00000000
31810593
00be0e13
00be1e13
00000000
31810613
00ce0e13
00ce1e13
00000000
31810693
00de0e13
00de1e13
00000000
31810713
00ee0e13
00ee1e13
00000000
31810793
00fe0e13
00fe1e13
00000000
31410413
010e0e13
010e1e13
00000000
31410493
011e0e13
011e1e13
00000000
31410513
012e0e13
012e1e13
00000000
31410593
013e0e13
013e1e13
00000000
31410613
014e0e13
014e1e13
00000000
31410693
015e0e13
015e1e13
00000000
31410713
016e0e13
016e1e13
00000000
31410793
017e0e13
017e1e13
00000000
31c10413
018e0e13
018e1e13
00000000
31c10493
019e0e13
019e1e13
00000000
31c10513
01ae0e13
01ae1e13
00000000
31c10593
01be0e13
01be1e13
00000000
31c10613
01ce0e13
01ce1e13
00000000
31c10693
01de0e13
01de1e13
00000000
31c10713
01ee0e13
01ee1e13
00000000
31c10793
01fe0e13
01fe1e13
00000000
35010413
000e8e93
000e9e93
00000000
35010493
001e8e93
001e9e93
00000000
35010513
002e8e93
002e9e93
00000000
35010593
003e8e93
003e9e93
00000000
35010613
004e8e93
004e9e93
00000000
35010693
005e8e93
005e9e93
00000000
35010713
006e8e93
006e9e93
00000000
35010793
007e8e93
007e9e93
00000000
35810413
008e8e93
008e9e93
00000000
35810493
009e8e93
009e9e93
00000000
35810513
00ae8e93
00ae9e93
00000000
35810593
00be8e93
00be9e93
00000000
35810613
00ce8e93
00ce9e93
00000000
35810693
00de8e93
00de9e93
00000000
35810713
00ee8e93
00ee9e93
00000000
35810793
00fe8e93
00fe9e93
00000000
35410413
010e8e93
010e9e93
00000000
35410493
011e8e93
011e9e93
00000000
35410513
012e8e93
012e9e93
00000000
35410593
013e8e93
013e9e93
00000000
35410613
014e8e93
014e9e93
00000000
35410693
015e8e93
015e9e93
00000000
35410713
016e8e93
016e9e93
00000000
35410793
017e8e93
017e9e93
00000000
35c10413
018e8e93
018e9e93
00000000
35c10493
019e8e93
019e9e93
00000000
35c10513
01ae8e93
01ae9e93
00000000
35c10593
01be8e93
01be9e93
00000000
35c10613
01ce8e93
01ce9e93
00000000
35c10693
01de8e93
01de9e93
00000000
35c10713
01ee8e93
01ee9e93
00000000
35c10793
01fe8e93
01fe9e93
00000000
39010413
000f0f13
000f1f13
00000000
39010493
001f0f13
001f1f13
00000000
39010513
002f0f13
002f1f13
00000000
39010593
003f0f13
003f1f13
00000000
39010613
004f0f13
004f1f13
00000000
39010693
005f0f13
005f1f13
00000000
39010713
006f0f13
006f1f13
00000000
39010793
007f0f13
007f1f13
00000000
39810413
008f0f13
008f1f13
00000000
39810493
009f0f13
009f1f13
00000000
39810513
00af0f13
00af1f13
00000000
39810593
00bf0f13
00bf1f13
00000000
39810613
00cf0f13
00cf1f13
00000000
39810693
00df0f13
00df1f13
00000000
39810713
00ef0f13
00ef1f13
00000000
39810793
00ff0f13
00ff1f13
00000000
39410413
010f0f13
010f1f13
00000000
39410493
011f0f13
011f1f13
00000000
39410513
012f0f13
012f1f13
00000000
39410593
013f0f13
013f1f13
00000000
39410613
014f0f13
014f1f13
00000000
39410693
015f0f13
015f1f13
00000000
39410713
016f0f13
016f1f13
00000000
39410793
017f0f13
017f1f13
00000000
39c10413
018f0f13
018f1f13
00000000
39c10493
019f0f13
019f1f13
00000000
39c10513
01af0f13
01af1f13
00000000
39c10593
01bf0f13
01bf1f13
00000000
39c10613
01cf0f13
01cf1f13
00000000
39c10693
01df0f13
01df1f13
00000000
39c10713
01ef0f13
01ef1f13
00000000
39c10793
01ff0f13
01ff1f13
00000000
3d010413
000f8f93
000f9f93
00000000
3d010493
001f8f93
001f9f93
00000000
3d010513
002f8f93
002f9f93
00000000
3d010593
003f8f93
003f9f93
00000000
3d010613
004f8f93
004f9f93
00000000
3d010693
005f8f93
005f9f93
00000000
3d010713
006f8f93
006f9f93
00000000
3d010793
007f8f93
007f9f93
00000000
3d810413
008f8f93
008f9f93
00000000
3d810493
009f8f93
009f9f93
00000000
3d810513
00af8f93
00af9f93
00000000
3d810593
00bf8f93
00bf9f93
00000000
3d810613
00cf8f93
00cf9f93
00000000
3d810693
00df8f93
00df9f93
00000000
3d810713
00ef8f93
00ef9f93
00000000
3d810793
00ff8f93
00ff9f93
00000000
3d410413
010f8f93
010f9f93
00000000
3d410493
011f8f93
011f9f93
00000000
3d410513
012f8f93
012f9f93
00000000
3d410593
013f8f93
013f9f93
00000000
3d410613
014f8f93
014f9f93
00000000
3d410693
015f8f93
015f9f93
00000000
3d410713
016f8f93
016f9f93
00000000
3d410793
017f8f93
017f9f93
00000000
3dc10413
018f8f93
018f9f93
00000000
3dc10493
019f8f93
019f9f93
00000000
3dc10513
01af8f93
01af9f93
00000000
3dc10593
01bf8f93
01bf9f93
00000000
3dc10613
01cf8f93
01cf9f93
00000000
3dc10693
01df8f93
01df9f93
00000000
3dc10713
01ef8f93
01ef9f93
00000000
3dc10793
01ff8f93
01ff9f93
00000000
02010413
fe000013
02001013
00000000
02010493
fe100013
02101013
00000000
02010513
fe200013
02201013
00000000
02010593
fe300013
02301013
00000000
02010613
fe400013
02401013
00000000
02010693
fe500013
02501013
00000000
02010713
fe600013
02601013
00000000
02010793
fe700013
02701013
00000000
02810413
fe800013
02801013
00000000
02810493
fe900013
02901013
00000000
02810513
fea00013
02a01013
00000000
02810593
feb00013
02b01013
00000000
02810613
fec00013
02c01013
00000000
02810693
fed00013
02d01013
00000000
02810713
fee00013
02e01013
00000000
02810793
fef00013
02f01013
00000000
02410413
ff000013
03001013
00000000
02410493
ff100013
03101013
00000000
02410513
ff200013
03201013
00000000
02410593
ff300013
03301013
00000000
02410613
ff400013
03401013
00000000
02410693
ff500013
03501013
00000000
02410713
ff600013
03601013
00000000
02410793
ff700013
03701013
00000000
02c10413
ff800013
03801013
00000000
02c10493
ff900013
03901013
00000000
02c10513
ffa00013
03a01013
00000000
02c10593
ffb00013
03b01013
00000000
02c10613
ffc00013
03c01013
00000000
02c10693
ffd00013
03d01013
00000000
02c10713
ffe00013
03e01013
00000000
02c10793
fff00013
03f01013
00000000
06010413
fe008093
02009093
00000000
06010493
fe108093
02109093
00000000
06010513
fe208093
02209093
00000000
06010593
fe308093
02309093
00000000
06010613
fe408093
02409093
00000000
06010693
fe508093
02509093
00000000
06010713
fe608093
02609093
00000000
06010793
fe708093
02709093
00000000
06810413
fe808093
02809093
00000000
06810493
fe908093
02909093
00000000
06810513
fea08093
02a09093
00000000
06810593
feb08093
02b09093
00000000
06810613
fec08093
02c09093
00000000
06810693
fed08093
02d09093
00000000
06810713
fee08093
02e09093
00000000
06810793
fef08093
02f09093
00000000
06410413
ff008093
03009093
00000000
06410493
ff108093
03109093
00000000
06410513
ff208093
03209093
00000000
06410593
ff308093
03309093
00000000
06410613
ff408093
03409093
00000000
06410693
ff508093
03509093
00000000
06410713
ff608093
03609093
00000000
06410793
ff708093
03709093
00000000
06c10413
ff808093
03809093
00000000
06c10493
ff908093
03909093
00000000
06c10513
ffa08093
03a09093
00000000
06c10593
ffb08093
03b09093
00000000
06c10613
ffc08093
03c09093
00000000
06c10693
ffd08093
03d09093
00000000
06c10713
ffe08093
03e09093
00000000
06c10793
fff08093
03f09093
00000000
0a010413
fe010113
02011113
00000000
0a010493
fe110113
02111113
00000000
0a010513
fe210113
02211113
00000000
0a010593
fe310113
02311113
00000000
0a010613
fe410113
02411113
00000000
0a010693
fe510113
02511113
00000000
0a010713
fe610113
02611113
00000000
0a010793
fe710113
02711113
00000000
0a810413
fe810113
02811113
00000000
0a810493
fe910113
02911113
00000000
0a810513
fea10113
02a11113
00000000
0a810593
feb10113
02b11113
00000000
0a810613
fec10113
02c11113
00000000
0a810693
fed10113
02d11113
00000000
0a810713
fee10113
02e11113
00000000
0a810793
fef10113
02f11113
00000000
0a410413
ff010113
03011113
00000000
0a410493
ff110113
03111113
00000000
0a410513
ff210113
03211113
00000000
0a410593
ff310113
03311113
00000000
0a410613
ff410113
03411113
00000000
0a410693
ff510113
03511113
00000000
0a410713
ff610113
03611113
00000000
0a410793
ff710113
03711113
00000000
0ac10413
ff810113
03811113
00000000
0ac10493
ff910113
03911113
00000000
0ac10513
ffa10113
03a11113
00000000
0ac10593
ffb10113
03b11113
00000000
0ac10613
ffc10113
03c11113
00000000
0ac10693
ffd10113
03d11113
00000000
0ac10713
ffe10113
03e11113
00000000
0ac10793
fff10113
03f11113
00000000
0e010413
fe018193
02019193
00000000
0e010493
fe118193
02119193
00000000
0e010513
fe218193
02219193
00000000
0e010593
fe318193
02319193
00000000
0e010613
fe418193
02419193
00000000
0e010693
fe518193
02519193
00000000
0e010713
fe618193
02619193
00000000
0e010793
fe718193
02719193
00000000
0e810413
fe818193
02819193
00000000
0e810493
fe918193
02919193
00000000
0e810513
fea18193
02a19193
00000000
0e810593
feb18193
02b19193
00000000
0e810613
fec18193
02c19193
00000000
0e810693
fed18193
02d19193
00000000
0e810713
fee18193
02e19193
00000000
0e810793
fef18193
02f19193
00000000
0e410413
ff018193
03019193
00000000
0e410493
ff118193
03119193
00000000
0e410513
ff218193
03219193
00000000
0e410593
ff318193
03319193
00000000
0e410613
ff418193
03419193
00000000
0e410693
ff518193
03519193
00000000
0e410713
ff618193
03619193
00000000
0e410793
ff718193
03719193
00000000
0ec10413
ff818193
03819193
00000000
0ec10493
ff918193
03919193
00000000
0ec10513
ffa18193
03a19193
00000000
0ec10593
ffb18193
03b19193
00000000
0ec10613
ffc18193
03c19193
00000000
0ec10693
ffd18193
03d19193
00000000
0ec10713
ffe18193
03e19193
00000000
0ec10793
fff18193
03f19193
00000000
12010413
fe020213
02021213
00000000
12010493
fe120213
02121213
00000000
12010513
fe220213
02221213
00000000
12010593
fe320213
02321213
00000000
12010613
fe420213
02421213
00000000
12010693
fe520213
02521213
00000000
12010713
fe620213
02621213
00000000
12010793
fe720213
02721213
00000000
12810413
fe820213
02821213
00000000
12810493
fe920213
02921213
00000000
12810513
fea20213
02a21213
00000000
12810593
feb20213
02b21213
00000000
12810613
fec20213
02c21213
00000000
12810693
fed20213
02d21213
00000000
12810713
fee20213
02e21213
00000000
12810793
fef20213
02f21213
00000000
12410413
ff020213
03021213
00000000
12410493
ff120213
03121213
00000000
12410513
ff220213
03221213
00000000
12410593
ff320213
03321213
00000000
12410613
ff420213
03421213
00000000
12410693
ff520213
03521213
00000000
12410713
ff620213
03621213
00000000
12410793
ff720213
03721213
00000000
12c10413
ff820213
03821213
00000000
12c10493
ff920213
03921213
00000000
12c10513
ffa20213
03a21213
00000000
12c10593
ffb20213
03b21213
00000000
12c10613
ffc20213
03c21213
00000000
12c10693
ffd20213
03d21213
00000000
12c10713
ffe20213
03e21213
00000000
12c10793
fff20213
03f21213
00000000
16010413
fe028293
02029293
00000000
16010493
fe128293
02129293
00000000
16010513
fe228293
02229293
00000000
16010593
fe328293
02329293
00000000
16010613
fe428293
02429293
00000000
16010693
fe528293
02529293
00000000
16010713
fe628293
02629293
00000000
16010793
fe728293
02729293
00000000
16810413
fe828293
02829293
00000000
16810493
fe928293
02929293
00000000
16810513
fea28293
02a29293
00000000
16810593
feb28293
02b29293
00000000
16810613
fec28293
02c29293
00000000
16810693
fed28293
02d29293
00000000
16810713
fee28293
02e29293
00000000
16810793
fef28293
02f29293
00000000
16410413
ff028293
03029293
00000000
16410493
ff128293
03129293
00000000
16410513
ff228293
03229293
00000000
16410593
ff328293
03329293
00000000
16410613
ff428293
03429293
00000000
16410693
ff528293
03529293
00000000
16410713
ff628293
03629293
00000000
16410793
ff728293
03729293
00000000
16c10413
ff828293
03829293
00000000
16c10493
ff928293
03929293
00000000
16c10513
ffa28293
03a29293
00000000
16c10593
ffb28293
03b29293
00000000
16c10613
ffc28293
03c29293
00000000
16c10693
ffd28293
03d29293
00000000
16c10713
ffe28293
03e29293
00000000
16c10793
fff28293
03f29293
00000000
1a010413
fe030313
02031313
00000000
1a010493
fe130313
02131313
00000000
1a010513
fe230313
02231313
00000000
1a010593
fe330313
02331313
00000000
1a010613
fe430313
02431313
00000000
1a010693
fe530313
02531313
00000000
1a010713
fe630313
02631313
00000000
1a010793
fe730313
02731313
00000000
1a810413
fe830313
02831313
00000000
1a810493
fe930313
02931313
00000000
1a810513
fea30313
02a31313
00000000
1a810593
feb30313
02b31313
00000000
1a810613
fec30313
02c31313
00000000
1a810693
fed30313
02d31313
00000000
1a810713
fee30313
02e31313
00000000
1a810793
fef30313
02f31313
00000000
1a410413
ff030313
03031313
00000000
1a410493
ff130313
03131313
00000000
1a410513
ff230313
03231313
00000000
1a410593
ff330313
03331313
00000000
1a410613
ff430313
03431313
00000000
1a410693
ff530313
03531313
00000000
1a410713
ff630313
03631313
00000000
1a410793
ff730313
03731313
00000000
1ac10413
ff830313
03831313
00000000
1ac10493
ff930313
03931313
00000000
1ac10513
ffa30313
03a31313
00000000
1ac10593
ffb30313
03b31313
00000000
1ac10613
ffc30313
03c31313
00000000
1ac10693
ffd30313
03d31313
00000000
1ac10713
ffe30313
03e31313
00000000
1ac10793
fff30313
03f31313
00000000
1e010413
fe038393
02039393
00000000
1e010493
fe138393
02139393
00000000
1e010513
fe238393
02239393
00000000
1e010593
fe338393
02339393
00000000
1e010613
fe438393
02439393
00000000
1e010693
fe538393
02539393
00000000
1e010713
fe638393
02639393
00000000
1e010793
fe738393
02739393
00000000
1e810413
fe838393
02839393
00000000
1e810493
fe938393
02939393
00000000
1e810513
fea38393
02a39393
00000000
1e810593
feb38393
02b39393
00000000
1e810613
fec38393
02c39393
00000000
1e810693
fed38393
02d39393
00000000
1e810713
fee38393
02e39393
00000000
1e810793
fef38393
02f39393
00000000
1e410413
ff038393
03039393
00000000
1e410493
ff138393
03139393
00000000
1e410513
ff238393
03239393
00000000
1e410593
ff338393
03339393
00000000
1e410613
ff438393
03439393
00000000
1e410693
ff538393
03539393
00000000
1e410713
ff638393
03639393
00000000
1e410793
ff738393
03739393
00000000
1ec10413
ff838393
03839393
00000000
1ec10493
ff938393
03939393
00000000
1ec10513
ffa38393
03a39393
00000000
1ec10593
ffb38393
03b39393
00000000
1ec10613
ffc38393
03c39393
00000000
1ec10693
ffd38393
03d39393
00000000
1ec10713
ffe38393
03e39393
00000000
1ec10793
fff38393
03f39393
00000000
22010413
fe040413
02041413
00000000
22010493
fe140413
02141413
00000000
22010513
fe240413
02241413
00000000
22010593
fe340413
02341413
00000000
22010613
fe440413
02441413
00000000
22010693
fe540413
02541413
00000000
22010713
fe640413
02641413
00000000
22010793
fe740413
02741413
00000000
22810413
fe840413
02841413
00000000
22810493
fe940413
02941413
00000000
22810513
fea40413
02a41413
00000000
22810593
feb40413
02b41413
00000000
22810613
fec40413
02c41413
00000000
22810693
fed40413
02d41413
00000000
22810713
fee40413
02e41413
00000000
22810793
fef40413
02f41413
00000000
22410413
ff040413
03041413
00000000
22410493
ff140413
03141413
00000000
22410513
ff240413
03241413
00000000
22410593
ff340413
03341413
00000000
22410613
ff440413
03441413
00000000
22410693
ff540413
03541413
00000000
22410713
ff640413
03641413
00000000
22410793
ff740413
03741413
00000000
22c10413
ff840413
03841413
00000000
22c10493
ff940413
03941413
00000000
22c10513
ffa40413
03a41413
00000000
22c10593
ffb40413
03b41413
00000000
22c10613
ffc40413
03c41413
00000000
22c10693
ffd40413
03d41413
00000000
22c10713
ffe40413
03e41413
00000000
22c10793
fff40413
03f41413
00000000
26010413
fe048493
02049493
00000000
26010493
fe148493
02149493
00000000
26010513
fe248493
02249493
00000000
26010593
fe348493
02349493
00000000
26010613
fe448493
02449493
00000000
26010693
fe548493
02549493
00000000
26010713
fe648493
02649493
00000000
26010793
fe748493
02749493
00000000
26810413
fe848493
02849493
00000000
26810493
fe948493
02949493
00000000
26810513
fea48493
02a49493
00000000
26810593
feb48493
02b49493
00000000
26810613
fec48493
02c49493
00000000
26810693
fed48493
02d49493
00000000
26810713
fee48493
02e49493
00000000
26810793
fef48493
02f49493
00000000
26410413
ff048493
03049493
00000000
26410493
ff148493
03149493
00000000
26410513
ff248493
03249493
00000000
26410593
ff348493
03349493
00000000
26410613
ff448493
03449493
00000000
26410693
ff548493
03549493
00000000
26410713
ff648493
03649493
00000000
26410793
ff748493
03749493
00000000
26c10413
ff848493
03849493
00000000
26c10493
ff948493
03949493
00000000
26c10513
ffa48493
03a49493
00000000
26c10593
ffb48493
03b49493
00000000
26c10613
ffc48493
03c49493
00000000
26c10693
ffd48493
03d49493
00000000
26c10713
ffe48493
03e49493
00000000
26c10793
fff48493
03f49493
00000000
2a010413
fe050513
02051513
00000000
2a010493
fe150513
02151513
00000000
2a010513
fe250513
02251513
00000000
2a010593
fe350513
02351513
00000000
2a010613
fe450513
02451513
00000000
2a010693
fe550513
02551513
00000000
2a010713
fe650513
02651513
00000000
2a010793
fe750513
02751513
00000000
2a810413
fe850513
02851513
00000000
2a810493
fe950513
02951513
00000000
2a810513
fea50513
02a51513
00000000
2a810593
feb50513
02b51513
00000000
2a810613
fec50513
02c51513
00000000
2a810693
fed50513
02d51513
00000000
2a810713
fee50513
02e51513
00000000
2a810793
fef50513
02f51513
00000000
2a410413
ff050513
03051513
00000000
2a410493
ff150513
03151513
00000000
2a410513
ff250513
03251513
00000000
2a410593
ff350513
03351513
00000000
2a410613
ff450513
03451513
00000000
2a410693
ff550513
03551513
00000000
2a410713
ff650513
03651513
00000000
2a410793
ff750513
03751513
00000000
2ac10413
ff850513
03851513
00000000
2ac10493
ff950513
03951513
00000000
2ac10513
ffa50513
03a51513
00000000
2ac10593
ffb50513
03b51513
00000000
2ac10613
ffc50513
03c51513
00000000
2ac10693
ffd50513
03d51513
00000000
2ac10713
ffe50513
03e51513
00000000
2ac10793
fff50513
03f51513
00000000
2e010413
fe058593
02059593
00000000
2e010493
fe158593
02159593
00000000
2e010513
fe258593
02259593
00000000
2e010593
fe358593
02359593
00000000
2e010613
fe458593
02459593
00000000
2e010693
fe558593
02559593
00000000
2e010713
fe658593
02659593
00000000
2e010793
fe758593
02759593
00000000
2e810413
fe858593
02859593
00000000
2e810493
fe958593
02959593
00000000
2e810513
fea58593
02a59593
00000000
2e810593
feb58593
02b59593
00000000
2e810613
fec58593
02c59593
00000000
2e810693
fed58593
02d59593
00000000
2e810713
fee58593
02e59593
00000000
2e810793
fef58593
02f59593
00000000
2e410413
ff058593
03059593
00000000
2e410493
ff158593
03159593
00000000
2e410513
ff258593
03259593
00000000
2e410593
ff358593
03359593
00000000
2e410613
ff458593
03459593
00000000
2e410693
ff558593
03559593
00000000
2e410713
ff658593
03659593
00000000
2e410793
ff758593
03759593
00000000
2ec10413
ff858593
03859593
00000000
2ec10493
ff958593
03959593
00000000
2ec10513
ffa58593
03a59593
00000000
2ec10593
ffb58593
03b59593
00000000
2ec10613
ffc58593
03c59593
00000000
2ec10693
ffd58593
03d59593
00000000
2ec10713
ffe58593
03e59593
00000000
2ec10793
fff58593
03f59593
00000000
32010413
fe060613
02061613
00000000
32010493
fe160613
02161613
00000000
32010513
fe260613
02261613
00000000
32010593
fe360613
02361613
00000000
32010613
fe460613
02461613
00000000
32010693
fe560613
02561613
00000000
32010713
fe660613
02661613
00000000
32010793
fe760613
02761613
00000000
32810413
fe860613
02861613
00000000
32810493
fe960613
02961613
00000000
32810513
fea60613
02a61613
00000000
32810593
feb60613
02b61613
00000000
32810613
fec60613
02c61613
00000000
32810693
fed60613
02d61613
00000000
32810713
fee60613
02e61613
00000000
32810793
fef60613
02f61613
00000000
32410413
ff060613
03061613
00000000
32410493
ff160613
03161613
00000000
32410513
ff260613
03261613
00000000
32410593
ff360613
03361613
00000000
32410613
ff460613
03461613
00000000
32410693
ff560613
03561613
00000000
32410713
ff660613
03661613
00000000
32410793
ff760613
03761613
00000000
32c10413
ff860613
03861613
00000000
32c10493
ff960613
03961613
00000000
32c10513
ffa60613
03a61613
00000000
32c10593
ffb60613
03b61613
00000000
32c10613
ffc60613
03c61613
00000000
32c10693
ffd60613
03d61613
00000000
32c10713
ffe60613
03e61613
00000000
32c10793
fff60613
03f61613
00000000
36010413
fe068693
02069693
00000000
36010493
fe168693
02169693
00000000
36010513
fe268693
02269693
00000000
36010593
fe368693
02369693
00000000
36010613
fe468693
02469693
00000000
36010693
fe568693
02569693
00000000
36010713
fe668693
02669693
00000000
36010793
fe768693
02769693
00000000
36810413
fe868693
02869693
00000000
36810493
fe968693
02969693
00000000
36810513
fea68693
02a69693
00000000
36810593
feb68693
02b69693
00000000
36810613
fec68693
02c69693
00000000
36810693
fed68693
02d69693
00000000
36810713
fee68693
02e69693
00000000
36810793
fef68693
02f69693
00000000
36410413
ff068693
03069693
00000000
36410493
ff168693
03169693
00000000
36410513
ff268693
03269693
00000000
36410593
ff368693
03369693
00000000
36410613
ff468693
03469693
00000000
36410693
ff568693
03569693
00000000
36410713
ff668693
03669693
00000000
36410793
ff768693
03769693
00000000
36c10413
ff868693
03869693
00000000
36c10493
ff968693
03969693
00000000
36c10513
ffa68693
03a69693
00000000
36c10593
ffb68693
03b69693
00000000
36c10613
ffc68693
03c69693
00000000
36c10693
ffd68693
03d69693
00000000
36c10713
ffe68693
03e69693
00000000
36c10793
fff68693
03f69693
00000000
3a010413
fe070713
02071713
00000000
3a010493
fe170713
02171713
00000000
3a010513
fe270713
02271713
00000000
3a010593
fe370713
02371713
00000000
3a010613
fe470713
02471713
00000000
3a010693
fe570713
02571713
00000000
3a010713
fe670713
02671713
00000000
3a010793
fe770713
02771713
00000000
3a810413
fe870713
02871713
00000000
3a810493
fe970713
02971713
00000000
3a810513
fea70713
02a71713
00000000
3a810593
feb70713
02b71713
00000000
3a810613
fec70713
02c71713
00000000
3a810693
fed70713
02d71713
00000000
3a810713
fee70713
02e71713
00000000
3a810793
fef70713
02f71713
00000000
3a410413
ff070713
03071713
00000000
3a410493
ff170713
03171713
00000000
3a410513
ff270713
03271713
00000000
3a410593
ff370713
03371713
00000000
3a410613
ff470713
03471713
00000000
3a410693
ff570713
03571713
00000000
3a410713
ff670713
03671713
00000000
3a410793
ff770713
03771713
00000000
3ac10413
ff870713
03871713
00000000
3ac10493
ff970713
03971713
00000000
3ac10513
ffa70713
03a71713
00000000
3ac10593
ffb70713
03b71713
00000000
3ac10613
ffc70713
03c71713
00000000
3ac10693
ffd70713
03d71713
00000000
3ac10713
ffe70713
03e71713
00000000
3ac10793
fff70713
03f71713
00000000
3e010413
fe078793
02079793
00000000
3e010493
fe178793
02179793
00000000
3e010513
fe278793
02279793
00000000
3e010593
fe378793
02379793
00000000
3e010613
fe478793
02479793
00000000
3e010693
fe578793
02579793
00000000
3e010713
fe678793
02679793
00000000
3e010793
fe778793
02779793
00000000
3e810413
fe878793
02879793
00000000
3e810493
fe978793
02979793
00000000
3e810513
fea78793
02a79793
00000000
3e810593
feb78793
02b79793
00000000
3e810613
fec78793
02c79793
00000000
3e810693
fed78793
02d79793
00000000
3e810713
fee78793
02e79793
00000000
3e810793
fef78793
02f79793
00000000
3e410413
ff078793
03079793
00000000
3e410493
ff178793
03179793
00000000
3e410513
ff278793
03279793
00000000
3e410593
ff378793
03379793
00000000
3e410613
ff478793
03479793
00000000
3e410693
ff578793
03579793
00000000
3e410713
ff678793
03679793
00000000
3e410793
ff778793
03779793
00000000
3ec10413
ff878793
03879793
00000000
3ec10493
ff978793
03979793
00000000
3ec10513
ffa78793
03a79793
00000000
3ec10593
ffb78793
03b79793
00000000
3ec10613
ffc78793
03c79793
00000000
3ec10693
ffd78793
03d79793
00000000
3ec10713
ffe78793
03e79793
00000000
3ec10793
fff78793
03f79793
00000000
03010413
fe080813
02081813
00000000
03010493
fe180813
02181813
00000000
03010513
fe280813
02281813
00000000
03010593
fe380813
02381813
00000000
03010613
fe480813
02481813
00000000
03010693
fe580813
02581813
00000000
03010713
fe680813
02681813
00000000
03010793
fe780813
02781813
00000000
03810413
fe880813
02881813
00000000
03810493
fe980813
02981813
00000000
03810513
fea80813
02a81813
00000000
03810593
feb80813
02b81813
00000000
03810613
fec80813
02c81813
00000000
03810693
fed80813
02d81813
00000000
03810713
fee80813
02e81813
00000000
03810793
fef80813
02f81813
00000000
03410413
ff080813
03081813
00000000
03410493
ff180813
03181813
00000000
03410513
ff280813
03281813
00000000
03410593
ff380813
03381813
00000000
03410613
ff480813
03481813
00000000
03410693
ff580813
03581813
00000000
03410713
ff680813
03681813
00000000
03410793
ff780813
03781813
00000000
03c10413
ff880813
03881813
00000000
03c10493
ff980813
03981813
00000000
03c10513
ffa80813
03a81813
00000000
03c10593
ffb80813
03b81813
00000000
03c10613
ffc80813
03c81813
00000000
03c10693
ffd80813
03d81813
00000000
03c10713
ffe80813
03e81813
00000000
03c10793
fff80813
03f81813
00000000
07010413
fe088893
02089893
00000000
07010493
fe188893
02189893
00000000
07010513
fe288893
02289893
00000000
07010593
fe388893
02389893
00000000
07010613
fe488893
02489893
00000000
07010693
fe588893
02589893
00000000
07010713
fe688893
02689893
00000000
07010793
fe788893
02789893
00000000
07810413
fe888893
02889893
00000000
07810493
fe988893
02989893
00000000
07810513
fea88893
02a89893
00000000
07810593
feb88893
02b89893
00000000
07810613
fec88893
02c89893
00000000
07810693
fed88893
02d89893
00000000
07810713
fee88893
02e89893
00000000
07810793
fef88893
02f89893
00000000
07410413
ff088893
03089893
00000000
07410493
ff188893
03189893
00000000
07410513
ff288893
03289893
00000000
07410593
ff388893
03389893
00000000
07410613
ff488893
03489893
00000000
07410693
ff588893
03589893
00000000
07410713
ff688893
03689893
00000000
07410793
ff788893
03789893
00000000
07c10413
ff888893
03889893
00000000
07c10493
ff988893
03989893
00000000
07c10513
ffa88893
03a89893
00000000
07c10593
ffb88893
03b89893
00000000
07c10613
ffc88893
03c89893
00000000
07c10693
ffd88893
03d89893
00000000
07c10713
ffe88893
03e89893
00000000
07c10793
fff88893
03f89893
00000000
0b010413
fe090913
02091913
00000000
0b010493
fe190913
02191913
00000000
0b010513
fe290913
02291913
00000000
0b010593
fe390913
02391913
00000000
0b010613
fe490913
02491913
00000000
0b010693
fe590913
02591913
00000000
0b010713
fe690913
02691913
00000000
0b010793
fe790913
02791913
00000000
0b810413
fe890913
02891913
00000000
0b810493
fe990913
02991913
00000000
0b810513
fea90913
02a91913
00000000
0b810593
feb90913
02b91913
00000000
0b810613
fec90913
02c91913
00000000
0b810693
fed90913
02d91913
00000000
0b810713
fee90913
02e91913
00000000
0b810793
fef90913
02f91913
00000000
0b410413
ff090913
03091913
00000000
0b410493
ff190913
03191913
00000000
0b410513
ff290913
03291913
00000000
0b410593
ff390913
03391913
00000000
0b410613
ff490913
03491913
00000000
0b410693
ff590913
03591913
00000000
0b410713
ff690913
03691913
00000000
0b410793
ff790913
03791913
00000000
0bc10413
ff890913
03891913
00000000
0bc10493
ff990913
03991913
00000000
0bc10513
ffa90913
03a91913
00000000
0bc10593
ffb90913
03b91913
00000000
0bc10613
ffc90913
03c91913
00000000
0bc10693
ffd90913
03d91913
00000000
0bc10713
ffe90913
03e91913
00000000
0bc10793
fff90913
03f91913
00000000
0f010413
fe098993
02099993
00000000
0f010493
fe198993
02199993
00000000
0f010513
fe298993
02299993
00000000
0f010593
fe398993
02399993
00000000
0f010613
fe498993
02499993
00000000
0f010693
fe598993
02599993
00000000
0f010713
fe698993
02699993
00000000
0f010793
fe798993
02799993
00000000
0f810413
fe898993
02899993
00000000
0f810493
fe998993
02999993
00000000
0f810513
fea98993
02a99993
00000000
0f810593
feb98993
02b99993
00000000
0f810613
fec98993
02c99993
00000000
0f810693
fed98993
02d99993
00000000
0f810713
fee98993
02e99993
00000000
0f810793
fef98993
02f99993
00000000
0f410413
ff098993
03099993
00000000
0f410493
ff198993
03199993
00000000
0f410513
ff298993
03299993
00000000
0f410593
ff398993
03399993
00000000
0f410613
ff498993
03499993
00000000
0f410693
ff598993
03599993
00000000
0f410713
ff698993
03699993
00000000
0f410793
ff798993
03799993
00000000
0fc10413
ff898993
03899993
00000000
0fc10493
ff998993
03999993
00000000
0fc10513
ffa98993
03a99993
00000000
0fc10593
ffb98993
03b99993
00000000
0fc10613
ffc98993
03c99993
00000000
0fc10693
ffd98993
03d99993
00000000
0fc10713
ffe98993
03e99993
00000000
0fc10793
fff98993
03f99993
00000000
13010413
fe0a0a13
020a1a13
00000000
13010493
fe1a0a13
021a1a13
00000000
13010513
fe2a0a13
022a1a13
00000000
13010593
fe3a0a13
023a1a13
00000000
13010613
fe4a0a13
024a1a13
00000000
13010693
fe5a0a13
025a1a13
00000000
13010713
fe6a0a13
026a1a13
00000000
13010793
fe7a0a13
027a1a13
00000000
13810413
fe8a0a13
028a1a13
00000000
13810493
fe9a0a13
029a1a13
00000000
13810513
feaa0a13
02aa1a13
00000000
13810593
feba0a13
02ba1a13
00000000
13810613
feca0a13
02ca1a13
00000000
13810693
feda0a13
02da1a13
00000000
13810713
feea0a13
02ea1a13
00000000
13810793
fefa0a13
02fa1a13
00000000
13410413
ff0a0a13
030a1a13
00000000
13410493
ff1a0a13
031a1a13
00000000
13410513
ff2a0a13
032a1a13
00000000
13410593
ff3a0a13
033a1a13
00000000
13410613
ff4a0a13
034a1a13
00000000
13410693
ff5a0a13
035a1a13
00000000
13410713
ff6a0a13
036a1a13
00000000
13410793
ff7a0a13
037a1a13
00000000
13c10413
ff8a0a13
038a1a13
00000000
13c10493
ff9a0a13
039a1a13
00000000
13c10513
ffaa0a13
03aa1a13
00000000
13c10593
ffba0a13
03ba1a13
00000000
13c10613
ffca0a13
03ca1a13
00000000
13c10693
ffda0a13
03da1a13
00000000
13c10713
ffea0a13
03ea1a13
00000000
13c10793
fffa0a13
03fa1a13
00000000
17010413
fe0a8a93
020a9a93
00000000
17010493
fe1a8a93
021a9a93
00000000
17010513
fe2a8a93
022a9a93
00000000
17010593
fe3a8a93
023a9a93
00000000
17010613
fe4a8a93
024a9a93
00000000
17010693
fe5a8a93
025a9a93
00000000
17010713
fe6a8a93
026a9a93
00000000
17010793
fe7a8a93
027a9a93
00000000
17810413
fe8a8a93
028a9a93
00000000
17810493
fe9a8a93
029a9a93
00000000
17810513
feaa8a93
02aa9a93
00000000
17810593
feba8a93
02ba9a93
00000000
17810613
feca8a93
02ca9a93
00000000
17810693
feda8a93
02da9a93
00000000
17810713
feea8a93
02ea9a93
00000000
17810793
fefa8a93
02fa9a93
00000000
17410413
ff0a8a93
030a9a93
00000000
17410493
ff1a8a93
031a9a93
00000000
17410513
ff2a8a93
032a9a93
00000000
17410593
ff3a8a93
033a9a93
00000000
17410613
ff4a8a93
034a9a93
00000000
17410693
ff5a8a93
035a9a93
00000000
17410713
ff6a8a93
036a9a93
00000000
17410793
ff7a8a93
037a9a93
00000000
17c10413
ff8a8a93
038a9a93
00000000
17c10493
ff9a8a93
039a9a93
00000000
17c10513
ffaa8a93
03aa9a93
00000000
17c10593
ffba8a93
03ba9a93
00000000
17c10613
ffca8a93
03ca9a93
00000000
17c10693
ffda8a93
03da9a93
00000000
17c10713
ffea8a93
03ea9a93
00000000
17c10793
fffa8a93
03fa9a93
00000000
1b010413
fe0b0b13
020b1b13
00000000
1b010493
fe1b0b13
021b1b13
00000000
1b010513
fe2b0b13
022b1b13
00000000
1b010593
fe3b0b13
023b1b13
00000000
1b010613
fe4b0b13
024b1b13
00000000
1b010693
fe5b0b13
025b1b13
00000000
1b010713
fe6b0b13
026b1b13
00000000
1b010793
fe7b0b13
027b1b13
00000000
1b810413
fe8b0b13
028b1b13
00000000
1b810493
fe9b0b13
029b1b13
00000000
1b810513
feab0b13
02ab1b13
00000000
1b810593
febb0b13
02bb1b13
00000000
1b810613
fecb0b13
02cb1b13
00000000
1b810693
fedb0b13
02db1b13
00000000
1b810713
feeb0b13
02eb1b13
00000000
1b810793
fefb0b13
02fb1b13
00000000
1b410413
ff0b0b13
030b1b13
00000000
1b410493
ff1b0b13
031b1b13
00000000
1b410513
ff2b0b13
032b1b13
00000000
1b410593
ff3b0b13
033b1b13
00000000
1b410613
ff4b0b13
034b1b13
00000000
1b410693
ff5b0b13
035b1b13
00000000
1b410713
ff6b0b13
036b1b13
00000000
1b410793
ff7b0b13
037b1b13
00000000
1bc10413
ff8b0b13
038b1b13
00000000
1bc10493
ff9b0b13
039b1b13
00000000
1bc10513
ffab0b13
03ab1b13
00000000
1bc10593
ffbb0b13
03bb1b13
00000000
1bc10613
ffcb0b13
03cb1b13
00000000
1bc10693
ffdb0b13
03db1b13
00000000
1bc10713
ffeb0b13
03eb1b13
00000000
1bc10793
fffb0b13
03fb1b13
00000000
1f010413
fe0b8b93
020b9b93
00000000
1f010493
fe1b8b93
021b9b93
00000000
1f010513
fe2b8b93
022b9b93
00000000
1f010593
fe3b8b93
023b9b93
00000000
1f010613
fe4b8b93
024b9b93
00000000
1f010693
fe5b8b93
025b9b93
00000000
1f010713
fe6b8b93
026b9b93
00000000
1f010793
fe7b8b93
027b9b93
00000000
1f810413
fe8b8b93
028b9b93
00000000
1f810493
fe9b8b93
029b9b93
00000000
1f810513
feab8b93
02ab9b93
00000000
1f810593
febb8b93
02bb9b93
00000000
1f810613
fecb8b93
02cb9b93
00000000
1f810693
fedb8b93
02db9b93
00000000
1f810713
feeb8b93
02eb9b93
00000000
1f810793
fefb8b93
02fb9b93
00000000
1f410413
ff0b8b93
030b9b93
00000000
1f410493
ff1b8b93
031b9b93
00000000
1f410513
ff2b8b93
032b9b93
00000000
1f410593
ff3b8b93
033b9b93
00000000
1f410613
ff4b8b93
034b9b93
00000000
1f410693
ff5b8b93
035b9b93
00000000
1f410713
ff6b8b93
036b9b93
00000000
1f410793
ff7b8b93
037b9b93
00000000
1fc10413
ff8b8b93
038b9b93
00000000
1fc10493
ff9b8b93
039b9b93
00000000
1fc10513
ffab8b93
03ab9b93
00000000
1fc10593
ffbb8b93
03bb9b93
00000000
1fc10613
ffcb8b93
03cb9b93
00000000
1fc10693
ffdb8b93
03db9b93
00000000
1fc10713
ffeb8b93
03eb9b93
00000000
1fc10793
fffb8b93
03fb9b93
00000000
23010413
fe0c0c13
020c1c13
00000000
23010493
fe1c0c13
021c1c13
00000000
23010513
fe2c0c13
022c1c13
00000000
23010593
fe3c0c13
023c1c13
00000000
23010613
fe4c0c13
024c1c13
00000000
23010693
fe5c0c13
025c1c13
00000000
23010713
fe6c0c13
026c1c13
00000000
23010793
fe7c0c13
027c1c13
00000000
23810413
fe8c0c13
028c1c13
00000000
23810493
fe9c0c13
029c1c13
00000000
23810513
feac0c13
02ac1c13
00000000
23810593
febc0c13
02bc1c13
00000000
23810613
fecc0c13
02cc1c13
00000000
23810693
fedc0c13
02dc1c13
00000000
23810713
feec0c13
02ec1c13
00000000
23810793
fefc0c13
02fc1c13
00000000
23410413
ff0c0c13
030c1c13
00000000
23410493
ff1c0c13
031c1c13
00000000
23410513
ff2c0c13
032c1c13
00000000
23410593
ff3c0c13
033c1c13
00000000
23410613
ff4c0c13
034c1c13
00000000
23410693
ff5c0c13
035c1c13
00000000
23410713
ff6c0c13
036c1c13
00000000
23410793
ff7c0c13
037c1c13
00000000
23c10413
ff8c0c13
038c1c13
00000000
23c10493
ff9c0c13
039c1c13
00000000
23c10513
ffac0c13
03ac1c13
00000000
23c10593
ffbc0c13
03bc1c13
00000000
23c10613
ffcc0c13
03cc1c13
00000000
23c10693
ffdc0c13
03dc1c13
00000000
23c10713
ffec0c13
03ec1c13
00000000
23c10793
fffc0c13
03fc1c13
00000000
27010413
fe0c8c93
020c9c93
00000000
27010493
fe1c8c93
021c9c93
00000000
27010513
fe2c8c93
022c9c93
00000000
27010593
fe3c8c93
023c9c93
00000000
27010613
fe4c8c93
024c9c93
00000000
27010693
fe5c8c93
025c9c93
00000000
27010713
fe6c8c93
026c9c93
00000000
27010793
fe7c8c93
027c9c93
00000000
27810413
fe8c8c93
028c9c93
00000000
27810493
fe9c8c93
029c9c93
00000000
27810513
feac8c93
02ac9c93
00000000
27810593
febc8c93
02bc9c93
00000000
27810613
fecc8c93
02cc9c93
00000000
27810693
fedc8c93
02dc9c93
00000000
27810713
feec8c93
02ec9c93
00000000
27810793
fefc8c93
02fc9c93
00000000
27410413
ff0c8c93
030c9c93
00000000
27410493
ff1c8c93
031c9c93
00000000
27410513
ff2c8c93
032c9c93
00000000
27410593
ff3c8c93
033c9c93
00000000
27410613
ff4c8c93
034c9c93
00000000
27410693
ff5c8c93
035c9c93
00000000
27410713
ff6c8c93
036c9c93
00000000
27410793
ff7c8c93
037c9c93
00000000
27c10413
ff8c8c93
038c9c93
00000000
27c10493
ff9c8c93
039c9c93
00000000
27c10513
ffac8c93
03ac9c93
00000000
27c10593
ffbc8c93
03bc9c93
00000000
27c10613
ffcc8c93
03cc9c93
00000000
27c10693
ffdc8c93
03dc9c93
00000000
27c10713
ffec8c93
03ec9c93
00000000
27c10793
fffc8c93
03fc9c93
00000000
2b010413
fe0d0d13
020d1d13
00000000
2b010493
fe1d0d13
021d1d13
00000000
2b010513
fe2d0d13
022d1d13
00000000
2b010593
fe3d0d13
023d1d13
00000000
2b010613
fe4d0d13
024d1d13
00000000
2b010693
fe5d0d13
025d1d13
00000000
2b010713
fe6d0d13
026d1d13
00000000
2b010793
fe7d0d13
027d1d13
00000000
2b810413
fe8d0d13
028d1d13
00000000
2b810493
fe9d0d13
029d1d13
00000000
2b810513
fead0d13
02ad1d13
00000000
2b810593
febd0d13
02bd1d13
00000000
2b810613
fecd0d13
02cd1d13
00000000
2b810693
fedd0d13
02dd1d13
00000000
2b810713
feed0d13
02ed1d13
00000000
2b810793
fefd0d13
02fd1d13
00000000
2b410413
ff0d0d13
030d1d13
00000000
2b410493
ff1d0d13
031d1d13
00000000
2b410513
ff2d0d13
032d1d13
00000000
2b410593
ff3d0d13
033d1d13
00000000
2b410613
ff4d0d13
034d1d13
00000000
2b410693
ff5d0d13
035d1d13
00000000
2b410713
ff6d0d13
036d1d13
00000000
2b410793
ff7d0d13
037d1d13
00000000
2bc10413
ff8d0d13
038d1d13
00000000
2bc10493
ff9d0d13
039d1d13
00000000
2bc10513
ffad0d13
03ad1d13
00000000
2bc10593
ffbd0d13
03bd1d13
00000000
2bc10613
ffcd0d13
03cd1d13
00000000
2bc10693
ffdd0d13
03dd1d13
00000000
2bc10713
ffed0d13
03ed1d13
00000000
2bc10793
fffd0d13
03fd1d13
00000000
2f010413
fe0d8d93
020d9d93
00000000
2f010493
fe1d8d93
021d9d93
00000000
2f010513
fe2d8d93
022d9d93
00000000
2f010593
fe3d8d93
023d9d93
00000000
2f010613
fe4d8d93
024d9d93
00000000
2f010693
fe5d8d93
025d9d93
00000000
2f010713
fe6d8d93
026d9d93
00000000
2f010793
fe7d8d93
027d9d93
00000000
2f810413
fe8d8d93
028d9d93
00000000
2f810493
fe9d8d93
029d9d93
00000000
2f810513
fead8d93
02ad9d93
00000000
2f810593
febd8d93
02bd9d93
00000000
2f810613
fecd8d93
02cd9d93
00000000
2f810693
fedd8d93
02dd9d93
00000000
2f810713
feed8d93
02ed9d93
00000000
2f810793
fefd8d93
02fd9d93
00000000
2f410413
ff0d8d93
030d9d93
00000000
2f410493
ff1d8d93
031d9d93
00000000
2f410513
ff2d8d93
032d9d93
00000000
2f410593
ff3d8d93
033d9d93
00000000
2f410613
ff4d8d93
034d9d93
00000000
2f410693
ff5d8d93
035d9d93
00000000
2f410713
ff6d8d93
036d9d93
00000000
2f410793
ff7d8d93
037d9d93
00000000
2fc10413
ff8d8d93
038d9d93
00000000
2fc10493
ff9d8d93
039d9d93
00000000
2fc10513
ffad8d93
03ad9d93
00000000
2fc10593
ffbd8d93
03bd9d93
00000000
2fc10613
ffcd8d93
03cd9d93
00000000
2fc10693
ffdd8d93
03dd9d93
00000000
2fc10713
ffed8d93
03ed9d93
00000000
2fc10793
fffd8d93
03fd9d93
00000000
33010413
fe0e0e13
020e1e13
00000000
33010493
fe1e0e13
021e1e13
00000000
33010513
fe2e0e13
022e1e13
00000000
33010593
fe3e0e13
023e1e13
00000000
33010613
fe4e0e13
024e1e13
00000000
33010693
fe5e0e13
025e1e13
00000000
33010713
fe6e0e13
026e1e13
00000000
33010793
fe7e0e13
027e1e13
00000000
33810413
fe8e0e13
028e1e13
00000000
33810493
fe9e0e13
029e1e13
00000000
33810513
feae0e13
02ae1e13
00000000
33810593
febe0e13
02be1e13
00000000
33810613
fece0e13
02ce1e13
00000000
33810693
fede0e13
02de1e13
00000000
33810713
feee0e13
02ee1e13
00000000
33810793
fefe0e13
02fe1e13
00000000
33410413
ff0e0e13
030e1e13
00000000
33410493
ff1e0e13
031e1e13
00000000
33410513
ff2e0e13
032e1e13
00000000
33410593
ff3e0e13
033e1e13
00000000
33410613
ff4e0e13
034e1e13
00000000
33410693
ff5e0e13
035e1e13
00000000
33410713
ff6e0e13
036e1e13
00000000
33410793
ff7e0e13
037e1e13
00000000
33c10413
ff8e0e13
038e1e13
00000000
33c10493
ff9e0e13
039e1e13
00000000
33c10513
ffae0e13
03ae1e13
00000000
33c10593
ffbe0e13
03be1e13
00000000
33c10613
ffce0e13
03ce1e13
00000000
33c10693
ffde0e13
03de1e13
00000000
33c10713
ffee0e13
03ee1e13
00000000
33c10793
fffe0e13
03fe1e13
00000000
37010413
fe0e8e93
020e9e93
00000000
37010493
fe1e8e93
021e9e93
00000000
37010513
fe2e8e93
022e9e93
00000000
37010593
fe3e8e93
023e9e93
00000000
37010613
fe4e8e93
024e9e93
00000000
37010693
fe5e8e93
025e9e93
00000000
37010713
fe6e8e93
026e9e93
00000000
37010793
fe7e8e93
027e9e93
00000000
37810413
fe8e8e93
028e9e93
00000000
37810493
fe9e8e93
029e9e93
00000000
37810513
feae8e93
02ae9e93
00000000
37810593
febe8e93
02be9e93
00000000
37810613
fece8e93
02ce9e93
00000000
37810693
fede8e93
02de9e93
00000000
37810713
feee8e93
02ee9e93
00000000
37810793
fefe8e93
02fe9e93
00000000
37410413
ff0e8e93
030e9e93
00000000
37410493
ff1e8e93
031e9e93
00000000
37410513
ff2e8e93
032e9e93
00000000
37410593
ff3e8e93
033e9e93
00000000
37410613
ff4e8e93
034e9e93
00000000
37410693
ff5e8e93
035e9e93
00000000
37410713
ff6e8e93
036e9e93
00000000
37410793
ff7e8e93
037e9e93
00000000
37c10413
ff8e8e93
038e9e93
00000000
37c10493
ff9e8e93
039e9e93
00000000
37c10513
ffae8e93
03ae9e93
00000000
37c10593
ffbe8e93
03be9e93
00000000
37c10613
ffce8e93
03ce9e93
00000000
37c10693
ffde8e93
03de9e93
00000000
37c10713
ffee8e93
03ee9e93
00000000
37c10793
fffe8e93
03fe9e93
00000000
3b010413
fe0f0f13
020f1f13
00000000
3b010493
fe1f0f13
021f1f13
00000000
3b010513
fe2f0f13
022f1f13
00000000
3b010593
fe3f0f13
023f1f13
00000000
3b010613
fe4f0f13
024f1f13
00000000
3b010693
fe5f0f13
025f1f13
00000000
3b010713
fe6f0f13
026f1f13
00000000
3b010793
fe7f0f13
027f1f13
00000000
3b810413
fe8f0f13
028f1f13
00000000
3b810493
fe9f0f13
029f1f13
00000000
3b810513
feaf0f13
02af1f13
00000000
3b810593
febf0f13
02bf1f13
00000000
3b810613
fecf0f13
02cf1f13
00000000
3b810693
fedf0f13
02df1f13
00000000
3b810713
feef0f13
02ef1f13
00000000
3b810793
feff0f13
02ff1f13
00000000
3b410413
ff0f0f13
030f1f13
00000000
3b410493
ff1f0f13
031f1f13
00000000
3b410513
ff2f0f13
032f1f13
00000000
3b410593
ff3f0f13
033f1f13
00000000
3b410613
ff4f0f13
034f1f13
00000000
3b410693
ff5f0f13
035f1f13
00000000
3b410713
ff6f0f13
036f1f13
00000000
3b410793
ff7f0f13
037f1f13
00000000
3bc10413
ff8f0f13
038f1f13
00000000
3bc10493
ff9f0f13
039f1f13
00000000
3bc10513
ffaf0f13
03af1f13
00000000
3bc10593
ffbf0f13
03bf1f13
00000000
3bc10613
ffcf0f13
03cf1f13
00000000
3bc10693
ffdf0f13
03df1f13
00000000
3bc10713
ffef0f13
03ef1f13
00000000
3bc10793
ffff0f13
03ff1f13
00000000
3f010413
fe0f8f93
020f9f93
00000000
3f010493
fe1f8f93
021f9f93
00000000
3f010513
fe2f8f93
022f9f93
00000000
3f010593
fe3f8f93
023f9f93
00000000
3f010613
fe4f8f93
024f9f93
00000000
3f010693
fe5f8f93
025f9f93
00000000
3f010713
fe6f8f93
026f9f93
00000000
3f010793
fe7f8f93
027f9f93
00000000
3f810413
fe8f8f93
028f9f93
00000000
3f810493
fe9f8f93
029f9f93
00000000
3f810513
feaf8f93
02af9f93
00000000
3f810593
febf8f93
02bf9f93
00000000
3f810613
fecf8f93
02cf9f93
00000000
3f810693
fedf8f93
02df9f93
00000000
3f810713
feef8f93
02ef9f93
00000000
3f810793
feff8f93
02ff9f93
00000000
3f410413
ff0f8f93
030f9f93
00000000
3f410493
ff1f8f93
031f9f93
00000000
3f410513
ff2f8f93
032f9f93
00000000
3f410593
ff3f8f93
033f9f93
00000000
3f410613
ff4f8f93
034f9f93
00000000
3f410693
ff5f8f93
035f9f93
00000000
3f410713
ff6f8f93
036f9f93
00000000
3f410793
ff7f8f93
037f9f93
00000000
3fc10413
ff8f8f93
038f9f93
00000000
3fc10493
ff9f8f93
039f9f93
00000000
3fc10513
ffaf8f93
03af9f93
00000000
3fc10593
ffbf8f93
03bf9f93
00000000
3fc10613
ffcf8f93
03cf9f93
00000000
3fc10693
ffdf8f93
03df9f93
00000000
3fc10713
ffef8f93
03ef9f93
00000000
3fc10793
ffff8f93
03ff9f93
00000000
00043407
00000000
00013007
00000000
00043487
00000000
04013007
00000000
00043507
00000000
08013007
00000000
00043587
00000000
0c013007
00000000
00043607
00000000
10013007
00000000
00043687
00000000
14013007
00000000
00043707
00000000
18013007
00000000
00043787
00000000
1c013007
00000000
04043407
00000000
00813007
00000000
04043487
00000000
04813007
00000000
04043507
00000000
08813007
00000000
04043587
00000000
0c813007
00000000
04043607
00000000
10813007
00000000
04043687
00000000
14813007
00000000
04043707
00000000
18813007
00000000
04043787
00000000
1c813007
00000000
08043407
00000000
01013007
00000000
08043487
00000000
05013007
00000000
08043507
00000000
09013007
00000000
08043587
00000000
0d013007
00000000
08043607
00000000
11013007
00000000
08043687
00000000
15013007
00000000
08043707
00000000
19013007
00000000
08043787
00000000
1d013007
00000000
0c043407
00000000
01813007
00000000
0c043487
00000000
05813007
00000000
0c043507
00000000
09813007
00000000
0c043587
00000000
0d813007
00000000
0c043607
00000000
11813007
00000000
0c043687
00000000
15813007
00000000
0c043707
00000000
19813007
00000000
0c043787
00000000
1d813007
00000000
0004b407
0000809b
00013087
00000000
0004b487
0010809b
04013087
00000000
0004b507
0020809b
08013087
00000000
0004b587
0030809b
0c013087
00000000
0004b607
0040809b
10013087
00000000
0004b687
0050809b
14013087
00000000
0004b707
0060809b
18013087
00000000
0004b787
0070809b
1c013087
00000000
0404b407
0080809b
00813087
00000000
0404b487
0090809b
04813087
00000000
0404b507
00a0809b
08813087
00000000
0404b587
00b0809b
0c813087
00000000
0404b607
00c0809b
10813087
00000000
0404b687
00d0809b
14813087
00000000
0404b707
00e0809b
18813087
00000000
0404b787
00f0809b
1c813087
00000000
0804b407
0100809b
01013087
00000000
0804b487
0110809b
05013087
00000000
0804b507
0120809b
09013087
00000000
0804b587
0130809b
0d013087
00000000
0804b607
0140809b
11013087
00000000
0804b687
0150809b
15013087
00000000
0804b707
0160809b
19013087
00000000
0804b787
0170809b
1d013087
00000000
0c04b407
0180809b
01813087
00000000
0c04b487
0190809b
05813087
00000000
0c04b507
01a0809b
09813087
00000000
0c04b587
01b0809b
0d813087
00000000
0c04b607
01c0809b
11813087
00000000
0c04b687
01d0809b
15813087
00000000
0c04b707
01e0809b
19813087
00000000
0c04b787
01f0809b
1d813087
00000000
00053407
0001011b
00013107
00000000
00053487
0011011b
04013107
00000000
00053507
0021011b
08013107
00000000
00053587
0031011b
0c013107
00000000
00053607
0041011b
10013107
00000000
00053687
0051011b
14013107
00000000
00053707
0061011b
18013107
00000000
00053787
0071011b
1c013107
00000000
04053407
0081011b
00813107
00000000
04053487
0091011b
04813107
00000000
04053507
00a1011b
08813107
00000000
04053587
00b1011b
0c813107
00000000
04053607
00c1011b
10813107
00000000
04053687
00d1011b
14813107
00000000
04053707
00e1011b
18813107
00000000
04053787
00f1011b
1c813107
00000000
08053407
0101011b
01013107
00000000
08053487
0111011b
05013107
00000000
08053507
0121011b
09013107
00000000
08053587
0131011b
0d013107
00000000
08053607
0141011b
11013107
00000000
08053687
0151011b
15013107
00000000
08053707
0161011b
19013107
00000000
08053787
0171011b
1d013107
00000000
0c053407
0181011b
01813107
00000000
0c053487
0191011b
05813107
00000000
0c053507
01a1011b
09813107
00000000
0c053587
01b1011b
0d813107
00000000
0c053607
01c1011b
11813107
00000000
0c053687
01d1011b
15813107
00000000
0c053707
01e1011b
19813107
00000000
0c053787
01f1011b
1d813107
00000000
0005b407
0001819b
00013187
00000000
0005b487
0011819b
04013187
00000000
0005b507
0021819b
08013187
00000000
0005b587
0031819b
0c013187
00000000
0005b607
0041819b
10013187
00000000
0005b687
0051819b
14013187
00000000
0005b707
0061819b
18013187
00000000
0005b787
0071819b
1c013187
00000000
0405b407
0081819b
00813187
00000000
0405b487
0091819b
04813187
00000000
0405b507
00a1819b
08813187
00000000
0405b587
00b1819b
0c813187
00000000
0405b607
00c1819b
10813187
00000000
0405b687
00d1819b
14813187
00000000
0405b707
00e1819b
18813187
00000000
0405b787
00f1819b
1c813187
00000000
0805b407
0101819b
01013187
00000000
0805b487
0111819b
05013187
00000000
0805b507
0121819b
09013187
00000000
0805b587
0131819b
0d013187
00000000
0805b607
0141819b
11013187
00000000
0805b687
0151819b
15013187
00000000
0805b707
0161819b
19013187
00000000
0805b787
0171819b
1d013187
00000000
0c05b407
0181819b
01813187
00000000
0c05b487
0191819b
05813187
00000000
0c05b507
01a1819b
09813187
00000000
0c05b587
01b1819b
0d813187
00000000
0c05b607
01c1819b
11813187
00000000
0c05b687
01d1819b
15813187
00000000
0c05b707
01e1819b
19813187
00000000
0c05b787
01f1819b
1d813187
00000000
00063407
0002021b
00013207
00000000
00063487
0012021b
04013207
00000000
00063507
0022021b
08013207
00000000
00063587
0032021b
0c013207
00000000
00063607
0042021b
10013207
00000000
00063687
0052021b
14013207
00000000
00063707
0062021b
18013207
00000000
00063787
0072021b
1c013207
00000000
04063407
0082021b
00813207
00000000
04063487
0092021b
04813207
00000000
04063507
00a2021b
08813207
00000000
04063587
00b2021b
0c813207
00000000
04063607
00c2021b
10813207
00000000
04063687
00d2021b
14813207
00000000
04063707
00e2021b
18813207
00000000
04063787
00f2021b
1c813207
00000000
08063407
0102021b
01013207
00000000
08063487
0112021b
05013207
00000000
08063507
0122021b
09013207
00000000
08063587
0132021b
0d013207
00000000
08063607
0142021b
11013207
00000000
08063687
0152021b
15013207
00000000
08063707
0162021b
19013207
00000000
08063787
0172021b
1d013207
00000000
0c063407
0182021b
01813207
00000000
0c063487
0192021b
05813207
00000000
0c063507
01a2021b
09813207
00000000
0c063587
01b2021b
0d813207
00000000
0c063607
01c2021b
11813207
00000000
0c063687
01d2021b
15813207
00000000
0c063707
01e2021b
19813207
00000000
0c063787
01f2021b
1d813207
00000000
0006b407
0002829b
00013287
00000000
0006b487
0012829b
04013287
00000000
0006b507
0022829b
08013287
00000000
0006b587
0032829b
0c013287
00000000
0006b607
0042829b
10013287
00000000
0006b687
0052829b
14013287
00000000
0006b707
0062829b
18013287
00000000
0006b787
0072829b
1c013287
00000000
0406b407
0082829b
00813287
00000000
0406b487
0092829b
04813287
00000000
0406b507
00a2829b
08813287
00000000
0406b587
00b2829b
0c813287
00000000
0406b607
00c2829b
10813287
00000000
0406b687
00d2829b
14813287
00000000
0406b707
00e2829b
18813287
00000000
0406b787
00f2829b
1c813287
00000000
0806b407
0102829b
01013287
00000000
0806b487
0112829b
05013287
00000000
0806b507
0122829b
09013287
00000000
0806b587
0132829b
0d013287
00000000
0806b607
0142829b
11013287
00000000
0806b687
0152829b
15013287
00000000
0806b707
0162829b
19013287
00000000
0806b787
0172829b
1d013287
00000000
0c06b407
0182829b
01813287
00000000
0c06b487
0192829b
05813287
00000000
0c06b507
01a2829b
09813287
00000000
0c06b587
01b2829b
0d813287
00000000
0c06b607
01c2829b
11813287
00000000
0c06b687
01d2829b
15813287
00000000
0c06b707
01e2829b
19813287
00000000
0c06b787
01f2829b
1d813287
00000000
00073407
0003031b
00013307
00000000
00073487
0013031b
04013307
00000000
00073507
0023031b
08013307
00000000
00073587
0033031b
0c013307
00000000
00073607
0043031b
10013307
00000000
00073687
0053031b
14013307
00000000
00073707
0063031b
18013307
00000000
00073787
0073031b
1c013307
00000000
04073407
0083031b
00813307
00000000
04073487
0093031b
04813307
00000000
04073507
00a3031b
08813307
00000000
04073587
00b3031b
0c813307
00000000
04073607
00c3031b
10813307
00000000
04073687
00d3031b
14813307
00000000
04073707
00e3031b
18813307
00000000
04073787
00f3031b
1c813307
00000000
08073407
0103031b
01013307
00000000
08073487
0113031b
05013307
00000000
08073507
0123031b
09013307
00000000
08073587
0133031b
0d013307
00000000
08073607
0143031b
11013307
00000000
08073687
0153031b
15013307
00000000
08073707
0163031b
19013307
00000000
08073787
0173031b
1d013307
00000000
0c073407
0183031b
01813307
00000000
0c073487
0193031b
05813307
00000000
0c073507
01a3031b
09813307
00000000
0c073587
01b3031b
0d813307
00000000
0c073607
01c3031b
11813307
00000000
0c073687
01d3031b
15813307
00000000
0c073707
01e3031b
19813307
00000000
0c073787
01f3031b
1d813307
00000000
0007b407
0003839b
00013387
00000000
0007b487
0013839b
04013387
00000000
0007b507
0023839b
08013387
00000000
0007b587
0033839b
0c013387
00000000
0007b607
0043839b
10013387
00000000
0007b687
0053839b
14013387
00000000
0007b707
0063839b
18013387
00000000
0007b787
0073839b
1c013387
00000000
0407b407
0083839b
00813387
00000000
0407b487
0093839b
04813387
00000000
0407b507
00a3839b
08813387
00000000
0407b587
00b3839b
0c813387
00000000
0407b607
00c3839b
10813387
00000000
0407b687
00d3839b
14813387
00000000
0407b707
00e3839b
18813387
00000000
0407b787
00f3839b
1c813387
00000000
0807b407
0103839b
01013387
00000000
0807b487
0113839b
05013387
00000000
0807b507
0123839b
09013387
00000000
0807b587
0133839b
0d013387
00000000
0807b607
0143839b
11013387
00000000
0807b687
0153839b
15013387
00000000
0807b707
0163839b
19013387
00000000
0807b787
0173839b
1d013387
00000000
0c07b407
0183839b
01813387
00000000
0c07b487
0193839b
05813387
00000000
0c07b507
01a3839b
09813387
00000000
0c07b587
01b3839b
0d813387
00000000
0c07b607
01c3839b
11813387
00000000
0c07b687
01d3839b
15813387
00000000
0c07b707
01e3839b
19813387
00000000
0c07b787
01f3839b
1d813387
00000000
00843407
0004041b
00013407
00000000
00843487
0014041b
04013407
00000000
00843507
0024041b
08013407
00000000
00843587
0034041b
0c013407
00000000
00843607
0044041b
10013407
00000000
00843687
0054041b
14013407
00000000
00843707
0064041b
18013407
00000000
00843787
0074041b
1c013407
00000000
04843407
0084041b
00813407
00000000
04843487
0094041b
04813407
00000000
04843507
00a4041b
08813407
00000000
04843587
00b4041b
0c813407
00000000
04843607
00c4041b
10813407
00000000
04843687
00d4041b
14813407
00000000
04843707
00e4041b
18813407
00000000
04843787
00f4041b
1c813407
00000000
08843407
0104041b
01013407
00000000
08843487
0114041b
05013407
00000000
08843507
0124041b
09013407
00000000
08843587
0134041b
0d013407
00000000
08843607
0144041b
11013407
00000000
08843687
0154041b
15013407
00000000
08843707
0164041b
19013407
00000000
08843787
0174041b
1d013407
00000000
0c843407
0184041b
01813407
00000000
0c843487
0194041b
05813407
00000000
0c843507
01a4041b
09813407
00000000
0c843587
01b4041b
0d813407
00000000
0c843607
01c4041b
11813407
00000000
0c843687
01d4041b
15813407
00000000
0c843707
01e4041b
19813407
00000000
0c843787
01f4041b
1d813407
00000000
0084b407
0004849b
00013487
00000000
0084b487
0014849b
04013487
00000000
0084b507
0024849b
08013487
00000000
0084b587
0034849b
0c013487
00000000
0084b607
0044849b
10013487
00000000
0084b687
0054849b
14013487
00000000
0084b707
0064849b
18013487
00000000
0084b787
0074849b
1c013487
00000000
0484b407
0084849b
00813487
00000000
0484b487
0094849b
04813487
00000000
0484b507
00a4849b
08813487
00000000
0484b587
00b4849b
0c813487
00000000
0484b607
00c4849b
10813487
00000000
0484b687
00d4849b
14813487
00000000
0484b707
00e4849b
18813487
00000000
0484b787
00f4849b
1c813487
00000000
0884b407
0104849b
01013487
00000000
0884b487
0114849b
05013487
00000000
0884b507
0124849b
09013487
00000000
0884b587
0134849b
0d013487
00000000
0884b607
0144849b
11013487
00000000
0884b687
0154849b
15013487
00000000
0884b707
0164849b
19013487
00000000
0884b787
0174849b
1d013487
00000000
0c84b407
0184849b
01813487
00000000
0c84b487
0194849b
05813487
00000000
0c84b507
01a4849b
09813487
00000000
0c84b587
01b4849b
0d813487
00000000
0c84b607
01c4849b
11813487
00000000
0c84b687
01d4849b
15813487
00000000
0c84b707
01e4849b
19813487
00000000
0c84b787
01f4849b
1d813487
00000000
00853407
0005051b
00013507
00000000
00853487
0015051b
04013507
00000000
00853507
0025051b
08013507
00000000
00853587
0035051b
0c013507
00000000
00853607
0045051b
10013507
00000000
00853687
0055051b
14013507
00000000
00853707
0065051b
18013507
00000000
00853787
0075051b
1c013507
00000000
04853407
0085051b
00813507
00000000
04853487
0095051b
04813507
00000000
04853507
00a5051b
08813507
00000000
04853587
00b5051b
0c813507
00000000
04853607
00c5051b
10813507
00000000
04853687
00d5051b
14813507
00000000
04853707
00e5051b
18813507
00000000
04853787
00f5051b
1c813507
00000000
08853407
0105051b
01013507
00000000
08853487
0115051b
05013507
00000000
08853507
0125051b
09013507
00000000
08853587
0135051b
0d013507
00000000
08853607
0145051b
11013507
00000000
08853687
0155051b
15013507
00000000
08853707
0165051b
19013507
00000000
08853787
0175051b
1d013507
00000000
0c853407
0185051b
01813507
00000000
0c853487
0195051b
05813507
00000000
0c853507
01a5051b
09813507
00000000
0c853587
01b5051b
0d813507
00000000
0c853607
01c5051b
11813507
00000000
0c853687
01d5051b
15813507
00000000
0c853707
01e5051b
19813507
00000000
0c853787
01f5051b
1d813507
00000000
0085b407
0005859b
00013587
00000000
0085b487
0015859b
04013587
00000000
0085b507
0025859b
08013587
00000000
0085b587
0035859b
0c013587
00000000
0085b607
0045859b
10013587
00000000
0085b687
0055859b
14013587
00000000
0085b707
0065859b
18013587
00000000
0085b787
0075859b
1c013587
00000000
0485b407
0085859b
00813587
00000000
0485b487
0095859b
04813587
00000000
0485b507
00a5859b
08813587
00000000
0485b587
00b5859b
0c813587
00000000
0485b607
00c5859b
10813587
00000000
0485b687
00d5859b
14813587
00000000
0485b707
00e5859b
18813587
00000000
0485b787
00f5859b
1c813587
00000000
0885b407
0105859b
01013587
00000000
0885b487
0115859b
05013587
00000000
0885b507
0125859b
09013587
00000000
0885b587
0135859b
0d013587
00000000
0885b607
0145859b
11013587
00000000
0885b687
0155859b
15013587
00000000
0885b707
0165859b
19013587
00000000
0885b787
0175859b
1d013587
00000000
0c85b407
0185859b
01813587
00000000
0c85b487
0195859b
05813587
00000000
0c85b507
01a5859b
09813587
00000000
0c85b587
01b5859b
0d813587
00000000
0c85b607
01c5859b
11813587
00000000
0c85b687
01d5859b
15813587
00000000
0c85b707
01e5859b
19813587
00000000
0c85b787
01f5859b
1d813587
00000000
00863407
0006061b
00013607
00000000
00863487
0016061b
04013607
00000000
00863507
0026061b
08013607
00000000
00863587
0036061b
0c013607
00000000
00863607
0046061b
10013607
00000000
00863687
0056061b
14013607
00000000
00863707
0066061b
18013607
00000000
00863787
0076061b
1c013607
00000000
04863407
0086061b
00813607
00000000
04863487
0096061b
04813607
00000000
04863507
00a6061b
08813607
00000000
04863587
00b6061b
0c813607
00000000
04863607
00c6061b
10813607
00000000
04863687
00d6061b
14813607
00000000
04863707
00e6061b
18813607
00000000
04863787
00f6061b
1c813607
00000000
08863407
0106061b
01013607
00000000
08863487
0116061b
05013607
00000000
08863507
0126061b
09013607
00000000
08863587
0136061b
0d013607
00000000
08863607
0146061b
11013607
00000000
08863687
0156061b
15013607
00000000
08863707
0166061b
19013607
00000000
08863787
0176061b
1d013607
00000000
0c863407
0186061b
01813607
00000000
0c863487
0196061b
05813607
00000000
0c863507
01a6061b
09813607
00000000
0c863587
01b6061b
0d813607
00000000
0c863607
01c6061b
11813607
00000000
0c863687
01d6061b
15813607
00000000
0c863707
01e6061b
19813607
00000000
0c863787
01f6061b
1d813607
00000000
0086b407
0006869b
00013687
00000000
0086b487
0016869b
04013687
00000000
0086b507
0026869b
08013687
00000000
0086b587
0036869b
0c013687
00000000
0086b607
0046869b
10013687
00000000
0086b687
0056869b
14013687
00000000
0086b707
0066869b
18013687
00000000
0086b787
0076869b
1c013687
00000000
0486b407
0086869b
00813687
00000000
0486b487
0096869b
04813687
00000000
0486b507
00a6869b
08813687
00000000
0486b587
00b6869b
0c813687
00000000
0486b607
00c6869b
10813687
00000000
0486b687
00d6869b
14813687
00000000
0486b707
00e6869b
18813687
00000000
0486b787
00f6869b
1c813687
00000000
0886b407
0106869b
01013687
00000000
0886b487
0116869b
05013687
00000000
0886b507
0126869b
09013687
00000000
0886b587
0136869b
0d013687
00000000
0886b607
0146869b
11013687
00000000
0886b687
0156869b
15013687
00000000
0886b707
0166869b
19013687
00000000
0886b787
0176869b
1d013687
00000000
0c86b407
0186869b
01813687
00000000
0c86b487
0196869b
05813687
00000000
0c86b507
01a6869b
09813687
00000000
0c86b587
01b6869b
0d813687
00000000
0c86b607
01c6869b
11813687
00000000
0c86b687
01d6869b
15813687
00000000
0c86b707
01e6869b
19813687
00000000
0c86b787
01f6869b
1d813687
00000000
00873407
0007071b
00013707
00000000
00873487
0017071b
04013707
00000000
00873507
0027071b
08013707
00000000
00873587
0037071b
0c013707
00000000
00873607
0047071b
10013707
00000000
00873687
0057071b
14013707
00000000
00873707
0067071b
18013707
00000000
00873787
0077071b
1c013707
00000000
04873407
0087071b
00813707
00000000
04873487
0097071b
04813707
00000000
04873507
00a7071b
08813707
00000000
04873587
00b7071b
0c813707
00000000
04873607
00c7071b
10813707
00000000
04873687
00d7071b
14813707
00000000
04873707
00e7071b
18813707
00000000
04873787
00f7071b
1c813707
00000000
08873407
0107071b
01013707
00000000
08873487
0117071b
05013707
00000000
08873507
0127071b
09013707
00000000
08873587
0137071b
0d013707
00000000
08873607
0147071b
11013707
00000000
08873687
0157071b
15013707
00000000
08873707
0167071b
19013707
00000000
08873787
0177071b
1d013707
00000000
0c873407
0187071b
01813707
00000000
0c873487
0197071b
05813707
00000000
0c873507
01a7071b
09813707
00000000
0c873587
01b7071b
0d813707
00000000
0c873607
01c7071b
11813707
00000000
0c873687
01d7071b
15813707
00000000
0c873707
01e7071b
19813707
00000000
0c873787
01f7071b
1d813707
00000000
0087b407
0007879b
00013787
00000000
0087b487
0017879b
04013787
00000000
0087b507
0027879b
08013787
00000000
0087b587
0037879b
0c013787
00000000
0087b607
0047879b
10013787
00000000
0087b687
0057879b
14013787
00000000
0087b707
0067879b
18013787
00000000
0087b787
0077879b
1c013787
00000000
0487b407
0087879b
00813787
00000000
0487b487
0097879b
04813787
00000000
0487b507
00a7879b
08813787
00000000
0487b587
00b7879b
0c813787
00000000
0487b607
00c7879b
10813787
00000000
0487b687
00d7879b
14813787
00000000
0487b707
00e7879b
18813787
00000000
0487b787
00f7879b
1c813787
00000000
0887b407
0107879b
01013787
00000000
0887b487
0117879b
05013787
00000000
0887b507
0127879b
09013787
00000000
0887b587
0137879b
0d013787
00000000
0887b607
0147879b
11013787
00000000
0887b687
0157879b
15013787
00000000
0887b707
0167879b
19013787
00000000
0887b787
0177879b
1d013787
00000000
0c87b407
0187879b
01813787
00000000
0c87b487
0197879b
05813787
00000000
0c87b507
01a7879b
09813787
00000000
0c87b587
01b7879b
0d813787
00000000
0c87b607
01c7879b
11813787
00000000
0c87b687
01d7879b
15813787
00000000
0c87b707
01e7879b
19813787
00000000
0c87b787
01f7879b
1d813787
00000000
01043407
0008081b
00013807
00000000
01043487
0018081b
04013807
00000000
01043507
0028081b
08013807
00000000
01043587
0038081b
0c013807
00000000
01043607
0048081b
10013807
00000000
01043687
0058081b
14013807
00000000
01043707
0068081b
18013807
00000000
01043787
0078081b
1c013807
00000000
05043407
0088081b
00813807
00000000
05043487
0098081b
04813807
00000000
05043507
00a8081b
08813807
00000000
05043587
00b8081b
0c813807
00000000
05043607
00c8081b
10813807
00000000
05043687
00d8081b
14813807
00000000
05043707
00e8081b
18813807
00000000
05043787
00f8081b
1c813807
00000000
09043407
0108081b
01013807
00000000
09043487
0118081b
05013807
00000000
09043507
0128081b
09013807
00000000
09043587
0138081b
0d013807
00000000
09043607
0148081b
11013807
00000000
09043687
0158081b
15013807
00000000
09043707
0168081b
19013807
00000000
09043787
0178081b
1d013807
00000000
0d043407
0188081b
01813807
00000000
0d043487
0198081b
05813807
00000000
0d043507
01a8081b
09813807
00000000
0d043587
01b8081b
0d813807
00000000
0d043607
01c8081b
11813807
00000000
0d043687
01d8081b
15813807
00000000
0d043707
01e8081b
19813807
00000000
0d043787
01f8081b
1d813807
00000000
0104b407
0008889b
00013887
00000000
0104b487
0018889b
04013887
00000000
0104b507
0028889b
08013887
00000000
0104b587
0038889b
0c013887
00000000
0104b607
0048889b
10013887
00000000
0104b687
0058889b
14013887
00000000
0104b707
0068889b
18013887
00000000
0104b787
0078889b
1c013887
00000000
0504b407
0088889b
00813887
00000000
0504b487
0098889b
04813887
00000000
0504b507
00a8889b
08813887
00000000
0504b587
00b8889b
0c813887
00000000
0504b607
00c8889b
10813887
00000000
0504b687
00d8889b
14813887
00000000
0504b707
00e8889b
18813887
00000000
0504b787
00f8889b
1c813887
00000000
0904b407
0108889b
01013887
00000000
0904b487
0118889b
05013887
00000000
0904b507
0128889b
09013887
00000000
0904b587
0138889b
0d013887
00000000
0904b607
0148889b
11013887
00000000
0904b687
0158889b
15013887
00000000
0904b707
0168889b
19013887
00000000
0904b787
0178889b
1d013887
00000000
0d04b407
0188889b
01813887
00000000
0d04b487
0198889b
05813887
00000000
0d04b507
01a8889b
09813887
00000000
0d04b587
01b8889b
0d813887
00000000
0d04b607
01c8889b
11813887
00000000
0d04b687
01d8889b
15813887
00000000
0d04b707
01e8889b
19813887
00000000
0d04b787
01f8889b
1d813887
00000000
01053407
0009091b
00013907
00000000
01053487
0019091b
04013907
00000000
01053507
0029091b
08013907
00000000
01053587
0039091b
0c013907
00000000
01053607
0049091b
10013907
00000000
01053687
0059091b
14013907
00000000
01053707
0069091b
18013907
00000000
01053787
0079091b
1c013907
00000000
05053407
0089091b
00813907
00000000
05053487
0099091b
04813907
00000000
05053507
00a9091b
08813907
00000000
05053587
00b9091b
0c813907
00000000
05053607
00c9091b
10813907
00000000
05053687
00d9091b
14813907
00000000
05053707
00e9091b
18813907
00000000
05053787
00f9091b
1c813907
00000000
09053407
0109091b
01013907
00000000
09053487
0119091b
05013907
00000000
09053507
0129091b
09013907
00000000
09053587
0139091b
0d013907
00000000
09053607
0149091b
11013907
00000000
09053687
0159091b
15013907
00000000
09053707
0169091b
19013907
00000000
09053787
0179091b
1d013907
00000000
0d053407
0189091b
01813907
00000000
0d053487
0199091b
05813907
00000000
0d053507
01a9091b
09813907
00000000
0d053587
01b9091b
0d813907
00000000
0d053607
01c9091b
11813907
00000000
0d053687
01d9091b
15813907
00000000
0d053707
01e9091b
19813907
00000000
0d053787
01f9091b
1d813907
00000000
0105b407
0009899b
00013987
00000000
0105b487
0019899b
04013987
00000000
0105b507
0029899b
08013987
00000000
0105b587
0039899b
0c013987
00000000
0105b607
0049899b
10013987
00000000
0105b687
0059899b
14013987
00000000
0105b707
0069899b
18013987
00000000
0105b787
0079899b
1c013987
00000000
0505b407
0089899b
00813987
00000000
0505b487
0099899b
04813987
00000000
0505b507
00a9899b
08813987
00000000
0505b587
00b9899b
0c813987
00000000
0505b607
00c9899b
10813987
00000000
0505b687
00d9899b
14813987
00000000
0505b707
00e9899b
18813987
00000000
0505b787
00f9899b
1c813987
00000000
0905b407
0109899b
01013987
00000000
0905b487
0119899b
05013987
00000000
0905b507
0129899b
09013987
00000000
0905b587
0139899b
0d013987
00000000
0905b607
0149899b
11013987
00000000
0905b687
0159899b
15013987
00000000
0905b707
0169899b
19013987
00000000
0905b787
0179899b
1d013987
00000000
0d05b407
0189899b
01813987
00000000
0d05b487
0199899b
05813987
00000000
0d05b507
01a9899b
09813987
00000000
0d05b587
01b9899b
0d813987
00000000
0d05b607
01c9899b
11813987
00000000
0d05b687
01d9899b
15813987
00000000
0d05b707
01e9899b
19813987
00000000
0d05b787
01f9899b
1d813987
00000000
01063407
000a0a1b
00013a07
00000000
01063487
001a0a1b
04013a07
00000000
01063507
002a0a1b
08013a07
00000000
01063587
003a0a1b
0c013a07
00000000
01063607
004a0a1b
10013a07
00000000
01063687
005a0a1b
14013a07
00000000
01063707
006a0a1b
18013a07
00000000
01063787
007a0a1b
1c013a07
00000000
05063407
008a0a1b
00813a07
00000000
05063487
009a0a1b
04813a07
00000000
05063507
00aa0a1b
08813a07
00000000
05063587
00ba0a1b
0c813a07
00000000
05063607
00ca0a1b
10813a07
00000000
05063687
00da0a1b
14813a07
00000000
05063707
00ea0a1b
18813a07
00000000
05063787
00fa0a1b
1c813a07
00000000
09063407
010a0a1b
01013a07
00000000
09063487
011a0a1b
05013a07
00000000
09063507
012a0a1b
09013a07
00000000
09063587
013a0a1b
0d013a07
00000000
09063607
014a0a1b
11013a07
00000000
09063687
015a0a1b
15013a07
00000000
09063707
016a0a1b
19013a07
00000000
09063787
017a0a1b
1d013a07
00000000
0d063407
018a0a1b
01813a07
00000000
0d063487
019a0a1b
05813a07
00000000
0d063507
01aa0a1b
09813a07
00000000
0d063587
01ba0a1b
0d813a07
00000000
0d063607
01ca0a1b
11813a07
00000000
0d063687
01da0a1b
15813a07
00000000
0d063707
01ea0a1b
19813a07
00000000
0d063787
01fa0a1b
1d813a07
00000000
0106b407
000a8a9b
00013a87
00000000
0106b487
001a8a9b
04013a87
00000000
0106b507
002a8a9b
08013a87
00000000
0106b587
003a8a9b
0c013a87
00000000
0106b607
004a8a9b
10013a87
00000000
0106b687
005a8a9b
14013a87
00000000
0106b707
006a8a9b
18013a87
00000000
0106b787
007a8a9b
1c013a87
00000000
0506b407
008a8a9b
00813a87
00000000
0506b487
009a8a9b
04813a87
00000000
0506b507
00aa8a9b
08813a87
00000000
0506b587
00ba8a9b
0c813a87
00000000
0506b607
00ca8a9b
10813a87
00000000
0506b687
00da8a9b
14813a87
00000000
0506b707
00ea8a9b
18813a87
00000000
0506b787
00fa8a9b
1c813a87
00000000
0906b407
010a8a9b
01013a87
00000000
0906b487
011a8a9b
05013a87
00000000
0906b507
012a8a9b
09013a87
00000000
0906b587
013a8a9b
0d013a87
00000000
0906b607
014a8a9b
11013a87
00000000
0906b687
015a8a9b
15013a87
00000000
0906b707
016a8a9b
19013a87
00000000
0906b787
017a8a9b
1d013a87
00000000
0d06b407
018a8a9b
01813a87
00000000
0d06b487
019a8a9b
05813a87
00000000
0d06b507
01aa8a9b
09813a87
00000000
0d06b587
01ba8a9b
0d813a87
00000000
0d06b607
01ca8a9b
11813a87
00000000
0d06b687
01da8a9b
15813a87
00000000
0d06b707
01ea8a9b
19813a87
00000000
0d06b787
01fa8a9b
1d813a87
00000000
01073407
000b0b1b
00013b07
00000000
01073487
001b0b1b
04013b07
00000000
01073507
002b0b1b
08013b07
00000000
01073587
003b0b1b
0c013b07
00000000
01073607
004b0b1b
10013b07
00000000
01073687
005b0b1b
14013b07
00000000
01073707
006b0b1b
18013b07
00000000
01073787
007b0b1b
1c013b07
00000000
05073407
008b0b1b
00813b07
00000000
05073487
009b0b1b
04813b07
00000000
05073507
00ab0b1b
08813b07
00000000
05073587
00bb0b1b
0c813b07
00000000
05073607
00cb0b1b
10813b07
00000000
05073687
00db0b1b
14813b07
00000000
05073707
00eb0b1b
18813b07
00000000
05073787
00fb0b1b
1c813b07
00000000
09073407
010b0b1b
01013b07
00000000
09073487
011b0b1b
05013b07
00000000
09073507
012b0b1b
09013b07
00000000
09073587
013b0b1b
0d013b07
00000000
09073607
014b0b1b
11013b07
00000000
09073687
015b0b1b
15013b07
00000000
09073707
016b0b1b
19013b07
00000000
09073787
017b0b1b
1d013b07
00000000
0d073407
018b0b1b
01813b07
00000000
0d073487
019b0b1b
05813b07
00000000
0d073507
01ab0b1b
09813b07
00000000
0d073587
01bb0b1b
0d813b07
00000000
0d073607
01cb0b1b
11813b07
00000000
0d073687
01db0b1b
15813b07
00000000
0d073707
01eb0b1b
19813b07
00000000
0d073787
01fb0b1b
1d813b07
00000000
0107b407
000b8b9b
00013b87
00000000
0107b487
001b8b9b
04013b87
00000000
0107b507
002b8b9b
08013b87
00000000
0107b587
003b8b9b
0c013b87
00000000
0107b607
004b8b9b
10013b87
00000000
0107b687
005b8b9b
14013b87
00000000
0107b707
006b8b9b
18013b87
00000000
0107b787
007b8b9b
1c013b87
00000000
0507b407
008b8b9b
00813b87
00000000
0507b487
009b8b9b
04813b87
00000000
0507b507
00ab8b9b
08813b87
00000000
0507b587
00bb8b9b
0c813b87
00000000
0507b607
00cb8b9b
10813b87
00000000
0507b687
00db8b9b
14813b87
00000000
0507b707
00eb8b9b
18813b87
00000000
0507b787
00fb8b9b
1c813b87
00000000
0907b407
010b8b9b
01013b87
00000000
0907b487
011b8b9b
05013b87
00000000
0907b507
012b8b9b
09013b87
00000000
0907b587
013b8b9b
0d013b87
00000000
0907b607
014b8b9b
11013b87
00000000
0907b687
015b8b9b
15013b87
00000000
0907b707
016b8b9b
19013b87
00000000
0907b787
017b8b9b
1d013b87
00000000
0d07b407
018b8b9b
01813b87
00000000
0d07b487
019b8b9b
05813b87
00000000
0d07b507
01ab8b9b
09813b87
00000000
0d07b587
01bb8b9b
0d813b87
00000000
0d07b607
01cb8b9b
11813b87
00000000
0d07b687
01db8b9b
15813b87
00000000
0d07b707
01eb8b9b
19813b87
00000000
0d07b787
01fb8b9b
1d813b87
00000000
01843407
000c0c1b
00013c07
00000000
01843487
001c0c1b
04013c07
00000000
01843507
002c0c1b
08013c07
00000000
01843587
003c0c1b
0c013c07
00000000
01843607
004c0c1b
10013c07
00000000
01843687
005c0c1b
14013c07
00000000
01843707
006c0c1b
18013c07
00000000
01843787
007c0c1b
1c013c07
00000000
05843407
008c0c1b
00813c07
00000000
05843487
009c0c1b
04813c07
00000000
05843507
00ac0c1b
08813c07
00000000
05843587
00bc0c1b
0c813c07
00000000
05843607
00cc0c1b
10813c07
00000000
05843687
00dc0c1b
14813c07
00000000
05843707
00ec0c1b
18813c07
00000000
05843787
00fc0c1b
1c813c07
00000000
09843407
010c0c1b
01013c07
00000000
09843487
011c0c1b
05013c07
00000000
09843507
012c0c1b
09013c07
00000000
09843587
013c0c1b
0d013c07
00000000
09843607
014c0c1b
11013c07
00000000
09843687
015c0c1b
15013c07
00000000
09843707
016c0c1b
19013c07
00000000
09843787
017c0c1b
1d013c07
00000000
0d843407
018c0c1b
01813c07
00000000
0d843487
019c0c1b
05813c07
00000000
0d843507
01ac0c1b
09813c07
00000000
0d843587
01bc0c1b
0d813c07
00000000
0d843607
01cc0c1b
11813c07
00000000
0d843687
01dc0c1b
15813c07
00000000
0d843707
01ec0c1b
19813c07
00000000
0d843787
01fc0c1b
1d813c07
00000000
0184b407
000c8c9b
00013c87
00000000
0184b487
001c8c9b
04013c87
00000000
0184b507
002c8c9b
08013c87
00000000
0184b587
003c8c9b
0c013c87
00000000
0184b607
004c8c9b
10013c87
00000000
0184b687
005c8c9b
14013c87
00000000
0184b707
006c8c9b
18013c87
00000000
0184b787
007c8c9b
1c013c87
00000000
0584b407
008c8c9b
00813c87
00000000
0584b487
009c8c9b
04813c87
00000000
0584b507
00ac8c9b
08813c87
00000000
0584b587
00bc8c9b
0c813c87
00000000
0584b607
00cc8c9b
10813c87
00000000
0584b687
00dc8c9b
14813c87
00000000
0584b707
00ec8c9b
18813c87
00000000
0584b787
00fc8c9b
1c813c87
00000000
0984b407
010c8c9b
01013c87
00000000
0984b487
011c8c9b
05013c87
00000000
0984b507
012c8c9b
09013c87
00000000
0984b587
013c8c9b
0d013c87
00000000
0984b607
014c8c9b
11013c87
00000000
0984b687
015c8c9b
15013c87
00000000
0984b707
016c8c9b
19013c87
00000000
0984b787
017c8c9b
1d013c87
00000000
0d84b407
018c8c9b
01813c87
00000000
0d84b487
019c8c9b
05813c87
00000000
0d84b507
01ac8c9b
09813c87
00000000
0d84b587
01bc8c9b
0d813c87
00000000
0d84b607
01cc8c9b
11813c87
00000000
0d84b687
01dc8c9b
15813c87
00000000
0d84b707
01ec8c9b
19813c87
00000000
0d84b787
01fc8c9b
1d813c87
00000000
01853407
000d0d1b
00013d07
00000000
01853487
001d0d1b
04013d07
00000000
01853507
002d0d1b
08013d07
00000000
01853587
003d0d1b
0c013d07
00000000
01853607
004d0d1b
10013d07
00000000
01853687
005d0d1b
14013d07
00000000
01853707
006d0d1b
18013d07
00000000
01853787
007d0d1b
1c013d07
00000000
05853407
008d0d1b
00813d07
00000000
05853487
009d0d1b
04813d07
00000000
05853507
00ad0d1b
08813d07
00000000
05853587
00bd0d1b
0c813d07
00000000
05853607
00cd0d1b
10813d07
00000000
05853687
00dd0d1b
14813d07
00000000
05853707
00ed0d1b
18813d07
00000000
05853787
00fd0d1b
1c813d07
00000000
09853407
010d0d1b
01013d07
00000000
09853487
011d0d1b
05013d07
00000000
09853507
012d0d1b
09013d07
00000000
09853587
013d0d1b
0d013d07
00000000
09853607
014d0d1b
11013d07
00000000
09853687
015d0d1b
15013d07
00000000
09853707
016d0d1b
19013d07
00000000
09853787
017d0d1b
1d013d07
00000000
0d853407
018d0d1b
01813d07
00000000
0d853487
019d0d1b
05813d07
00000000
0d853507
01ad0d1b
09813d07
00000000
0d853587
01bd0d1b
0d813d07
00000000
0d853607
01cd0d1b
11813d07
00000000
0d853687
01dd0d1b
15813d07
00000000
0d853707
01ed0d1b
19813d07
00000000
0d853787
01fd0d1b
1d813d07
00000000
0185b407
000d8d9b
00013d87
00000000
0185b487
001d8d9b
04013d87
00000000
0185b507
002d8d9b
08013d87
00000000
0185b587
003d8d9b
0c013d87
00000000
0185b607
004d8d9b
10013d87
00000000
0185b687
005d8d9b
14013d87
00000000
0185b707
006d8d9b
18013d87
00000000
0185b787
007d8d9b
1c013d87
00000000
0585b407
008d8d9b
00813d87
00000000
0585b487
009d8d9b
04813d87
00000000
0585b507
00ad8d9b
08813d87
00000000
0585b587
00bd8d9b
0c813d87
00000000
0585b607
00cd8d9b
10813d87
00000000
0585b687
00dd8d9b
14813d87
00000000
0585b707
00ed8d9b
18813d87
00000000
0585b787
00fd8d9b
1c813d87
00000000
0985b407
010d8d9b
01013d87
00000000
0985b487
011d8d9b
05013d87
00000000
0985b507
012d8d9b
09013d87
00000000
0985b587
013d8d9b
0d013d87
00000000
0985b607
014d8d9b
11013d87
00000000
0985b687
015d8d9b
15013d87
00000000
0985b707
016d8d9b
19013d87
00000000
0985b787
017d8d9b
1d013d87
00000000
0d85b407
018d8d9b
01813d87
00000000
0d85b487
019d8d9b
05813d87
00000000
0d85b507
01ad8d9b
09813d87
00000000
0d85b587
01bd8d9b
0d813d87
00000000
0d85b607
01cd8d9b
11813d87
00000000
0d85b687
01dd8d9b
15813d87
00000000
0d85b707
01ed8d9b
19813d87
00000000
0d85b787
01fd8d9b
1d813d87
00000000
01863407
000e0e1b
00013e07
00000000
01863487
001e0e1b
04013e07
00000000
01863507
002e0e1b
08013e07
00000000
01863587
003e0e1b
0c013e07
00000000
01863607
004e0e1b
10013e07
00000000
01863687
005e0e1b
14013e07
00000000
01863707
006e0e1b
18013e07
00000000
01863787
007e0e1b
1c013e07
00000000
05863407
008e0e1b
00813e07
00000000
05863487
009e0e1b
04813e07
00000000
05863507
00ae0e1b
08813e07
00000000
05863587
00be0e1b
0c813e07
00000000
05863607
00ce0e1b
10813e07
00000000
05863687
00de0e1b
14813e07
00000000
05863707
00ee0e1b
18813e07
00000000
05863787
00fe0e1b
1c813e07
00000000
09863407
010e0e1b
01013e07
00000000
09863487
011e0e1b
05013e07
00000000
09863507
012e0e1b
09013e07
00000000
09863587
013e0e1b
0d013e07
00000000
09863607
014e0e1b
11013e07
00000000
09863687
015e0e1b
15013e07
00000000
09863707
016e0e1b
19013e07
00000000
09863787
017e0e1b
1d013e07
00000000
0d863407
018e0e1b
01813e07
00000000
0d863487
019e0e1b
05813e07
00000000
0d863507
01ae0e1b
09813e07
00000000
0d863587
01be0e1b
0d813e07
00000000
0d863607
01ce0e1b
11813e07
00000000
0d863687
01de0e1b
15813e07
00000000
0d863707
01ee0e1b
19813e07
00000000
0d863787
01fe0e1b
1d813e07
00000000
0186b407
000e8e9b
00013e87
00000000
0186b487
001e8e9b
04013e87
00000000
0186b507
002e8e9b
08013e87
00000000
0186b587
003e8e9b
0c013e87
00000000
0186b607
004e8e9b
10013e87
00000000
0186b687
005e8e9b
14013e87
00000000
0186b707
006e8e9b
18013e87
00000000
0186b787
007e8e9b
1c013e87
00000000
0586b407
008e8e9b
00813e87
00000000
0586b487
009e8e9b
04813e87
00000000
0586b507
00ae8e9b
08813e87
00000000
0586b587
00be8e9b
0c813e87
00000000
0586b607
00ce8e9b
10813e87
00000000
0586b687
00de8e9b
14813e87
00000000
0586b707
00ee8e9b
18813e87
00000000
0586b787
00fe8e9b
1c813e87
00000000
0986b407
010e8e9b
01013e87
00000000
0986b487
011e8e9b
05013e87
00000000
0986b507
012e8e9b
09013e87
00000000
0986b587
013e8e9b
0d013e87
00000000
0986b607
014e8e9b
11013e87
00000000
0986b687
015e8e9b
15013e87
00000000
0986b707
016e8e9b
19013e87
00000000
0986b787
017e8e9b
1d013e87
00000000
0d86b407
018e8e9b
01813e87
00000000
0d86b487
019e8e9b
05813e87
00000000
0d86b507
01ae8e9b
09813e87
00000000
0d86b587
01be8e9b
0d813e87
00000000
0d86b607
01ce8e9b
11813e87
00000000
0d86b687
01de8e9b
15813e87
00000000
0d86b707
01ee8e9b
19813e87
00000000
0d86b787
01fe8e9b
1d813e87
00000000
01873407
000f0f1b
00013f07
00000000
01873487
001f0f1b
04013f07
00000000
01873507
002f0f1b
08013f07
00000000
01873587
003f0f1b
0c013f07
00000000
01873607
004f0f1b
10013f07
00000000
01873687
005f0f1b
14013f07
00000000
01873707
006f0f1b
18013f07
00000000
01873787
007f0f1b
1c013f07
00000000
05873407
008f0f1b
00813f07
00000000
05873487
009f0f1b
04813f07
00000000
05873507
00af0f1b
08813f07
00000000
05873587
00bf0f1b
0c813f07
00000000
05873607
00cf0f1b
10813f07
00000000
05873687
00df0f1b
14813f07
00000000
05873707
00ef0f1b
18813f07
00000000
05873787
00ff0f1b
1c813f07
00000000
09873407
010f0f1b
01013f07
00000000
09873487
011f0f1b
05013f07
00000000
09873507
012f0f1b
09013f07
00000000
09873587
013f0f1b
0d013f07
00000000
09873607
014f0f1b
11013f07
00000000
09873687
015f0f1b
15013f07
00000000
09873707
016f0f1b
19013f07
00000000
09873787
017f0f1b
1d013f07
00000000
0d873407
018f0f1b
01813f07
00000000
0d873487
019f0f1b
05813f07
00000000
0d873507
01af0f1b
09813f07
00000000
0d873587
01bf0f1b
0d813f07
00000000
0d873607
01cf0f1b
11813f07
00000000
0d873687
01df0f1b
15813f07
00000000
0d873707
01ef0f1b
19813f07
00000000
0d873787
01ff0f1b
1d813f07
00000000
0187b407
000f8f9b
00013f87
00000000
0187b487
001f8f9b
04013f87
00000000
0187b507
002f8f9b
08013f87
00000000
0187b587
003f8f9b
0c013f87
00000000
0187b607
004f8f9b
10013f87
00000000
0187b687
005f8f9b
14013f87
00000000
0187b707
006f8f9b
18013f87
00000000
0187b787
007f8f9b
1c013f87
00000000
0587b407
008f8f9b
00813f87
00000000
0587b487
009f8f9b
04813f87
00000000
0587b507
00af8f9b
08813f87
00000000
0587b587
00bf8f9b
0c813f87
00000000
0587b607
00cf8f9b
10813f87
00000000
0587b687
00df8f9b
14813f87
00000000
0587b707
00ef8f9b
18813f87
00000000
0587b787
00ff8f9b
1c813f87
00000000
0987b407
010f8f9b
01013f87
00000000
0987b487
011f8f9b
05013f87
00000000
0987b507
012f8f9b
09013f87
00000000
0987b587
013f8f9b
0d013f87
00000000
0987b607
014f8f9b
11013f87
00000000
0987b687
015f8f9b
15013f87
00000000
0987b707
016f8f9b
19013f87
00000000
0987b787
017f8f9b
1d013f87
00000000
0d87b407
018f8f9b
01813f87
00000000
0d87b487
019f8f9b
05813f87
00000000
0d87b507
01af8f9b
09813f87
00000000
0d87b587
01bf8f9b
0d813f87
00000000
0d87b607
01cf8f9b
11813f87
00000000
0d87b687
01df8f9b
15813f87
00000000
0d87b707
01ef8f9b
19813f87
00000000
0d87b787
01ff8f9b
1d813f87
00000000
02043407
00000000
02013007
00000000
02043487
00000000
06013007
00000000
02043507
00000000
0a013007
00000000
02043587
00000000
0e013007
00000000
02043607
00000000
12013007
00000000
02043687
00000000
16013007
00000000
02043707
00000000
1a013007
00000000
02043787
00000000
1e013007
00000000
06043407
00000000
02813007
00000000
06043487
00000000
06813007
00000000
06043507
00000000
0a813007
00000000
06043587
00000000
0e813007
00000000
06043607
00000000
12813007
00000000
06043687
00000000
16813007
00000000
06043707
00000000
1a813007
00000000
06043787
00000000
1e813007
00000000
0a043407
00000000
03013007
00000000
0a043487
00000000
07013007
00000000
0a043507
00000000
0b013007
00000000
0a043587
00000000
0f013007
00000000
0a043607
00000000
13013007
00000000
0a043687
00000000
17013007
00000000
0a043707
00000000
1b013007
00000000
0a043787
00000000
1f013007
00000000
0e043407
00000000
03813007
00000000
0e043487
00000000
07813007
00000000
0e043507
00000000
0b813007
00000000
0e043587
00000000
0f813007
00000000
0e043607
00000000
13813007
00000000
0e043687
00000000
17813007
00000000
0e043707
00000000
1b813007
00000000
0e043787
00000000
1f813007
00000000
0204b407
fe00809b
02013087
00000000
0204b487
fe10809b
06013087
00000000
0204b507
fe20809b
0a013087
00000000
0204b587
fe30809b
0e013087
00000000
0204b607
fe40809b
12013087
00000000
0204b687
fe50809b
16013087
00000000
0204b707
fe60809b
1a013087
00000000
0204b787
fe70809b
1e013087
00000000
0604b407
fe80809b
02813087
00000000
0604b487
fe90809b
06813087
00000000
0604b507
fea0809b
0a813087
00000000
0604b587
feb0809b
0e813087
00000000
0604b607
fec0809b
12813087
00000000
0604b687
fed0809b
16813087
00000000
0604b707
fee0809b
1a813087
00000000
0604b787
fef0809b
1e813087
00000000
0a04b407
ff00809b
03013087
00000000
0a04b487
ff10809b
07013087
00000000
0a04b507
ff20809b
0b013087
00000000
0a04b587
ff30809b
0f013087
00000000
0a04b607
ff40809b
13013087
00000000
0a04b687
ff50809b
17013087
00000000
0a04b707
ff60809b
1b013087
00000000
0a04b787
ff70809b
1f013087
00000000
0e04b407
ff80809b
03813087
00000000
0e04b487
ff90809b
07813087
00000000
0e04b507
ffa0809b
0b813087
00000000
0e04b587
ffb0809b
0f813087
00000000
0e04b607
ffc0809b
13813087
00000000
0e04b687
ffd0809b
17813087
00000000
0e04b707
ffe0809b
1b813087
00000000
0e04b787
fff0809b
1f813087
00000000
02053407
fe01011b
02013107
00000000
02053487
fe11011b
06013107
00000000
02053507
fe21011b
0a013107
00000000
02053587
fe31011b
0e013107
00000000
02053607
fe41011b
12013107
00000000
02053687
fe51011b
16013107
00000000
02053707
fe61011b
1a013107
00000000
02053787
fe71011b
1e013107
00000000
06053407
fe81011b
02813107
00000000
06053487
fe91011b
06813107
00000000
06053507
fea1011b
0a813107
00000000
06053587
feb1011b
0e813107
00000000
06053607
fec1011b
12813107
00000000
06053687
fed1011b
16813107
00000000
06053707
fee1011b
1a813107
00000000
06053787
fef1011b
1e813107
00000000
0a053407
ff01011b
03013107
00000000
0a053487
ff11011b
07013107
00000000
0a053507
ff21011b
0b013107
00000000
0a053587
ff31011b
0f013107
00000000
0a053607
ff41011b
13013107
00000000
0a053687
ff51011b
17013107
00000000
0a053707
ff61011b
1b013107
00000000
0a053787
ff71011b
1f013107
00000000
0e053407
ff81011b
03813107
00000000
0e053487
ff91011b
07813107
00000000
0e053507
ffa1011b
0b813107
00000000
0e053587
ffb1011b
0f813107
00000000
0e053607
ffc1011b
13813107
00000000
0e053687
ffd1011b
17813107
00000000
0e053707
ffe1011b
1b813107
00000000
0e053787
fff1011b
1f813107
00000000
0205b407
fe01819b
02013187
00000000
0205b487
fe11819b
06013187
00000000
0205b507
fe21819b
0a013187
00000000
0205b587
fe31819b
0e013187
00000000
0205b607
fe41819b
12013187
00000000
0205b687
fe51819b
16013187
00000000
0205b707
fe61819b
1a013187
00000000
0205b787
fe71819b
1e013187
00000000
0605b407
fe81819b
02813187
00000000
0605b487
fe91819b
06813187
00000000
0605b507
fea1819b
0a813187
00000000
0605b587
feb1819b
0e813187
00000000
0605b607
fec1819b
12813187
00000000
0605b687
fed1819b
16813187
00000000
0605b707
fee1819b
1a813187
00000000
0605b787
fef1819b
1e813187
00000000
0a05b407
ff01819b
03013187
00000000
0a05b487
ff11819b
07013187
00000000
0a05b507
ff21819b
0b013187
00000000
0a05b587
ff31819b
0f013187
00000000
0a05b607
ff41819b
13013187
00000000
0a05b687
ff51819b
17013187
00000000
0a05b707
ff61819b
1b013187
00000000
0a05b787
ff71819b
1f013187
00000000
0e05b407
ff81819b
03813187
00000000
0e05b487
ff91819b
07813187
00000000
0e05b507
ffa1819b
0b813187
00000000
0e05b587
ffb1819b
0f813187
00000000
0e05b607
ffc1819b
13813187
00000000
0e05b687
ffd1819b
17813187
00000000
0e05b707
ffe1819b
1b813187
00000000
0e05b787
fff1819b
1f813187
00000000
02063407
fe02021b
02013207
00000000
02063487
fe12021b
06013207
00000000
02063507
fe22021b
0a013207
00000000
02063587
fe32021b
0e013207
00000000
02063607
fe42021b
12013207
00000000
02063687
fe52021b
16013207
00000000
02063707
fe62021b
1a013207
00000000
02063787
fe72021b
1e013207
00000000
06063407
fe82021b
02813207
00000000
06063487
fe92021b
06813207
00000000
06063507
fea2021b
0a813207
00000000
06063587
feb2021b
0e813207
00000000
06063607
fec2021b
12813207
00000000
06063687
fed2021b
16813207
00000000
06063707
fee2021b
1a813207
00000000
06063787
fef2021b
1e813207
00000000
0a063407
ff02021b
03013207
00000000
0a063487
ff12021b
07013207
00000000
0a063507
ff22021b
0b013207
00000000
0a063587
ff32021b
0f013207
00000000
0a063607
ff42021b
13013207
00000000
0a063687
ff52021b
17013207
00000000
0a063707
ff62021b
1b013207
00000000
0a063787
ff72021b
1f013207
00000000
0e063407
ff82021b
03813207
00000000
0e063487
ff92021b
07813207
00000000
0e063507
ffa2021b
0b813207
00000000
0e063587
ffb2021b
0f813207
00000000
0e063607
ffc2021b
13813207
00000000
0e063687
ffd2021b
17813207
00000000
0e063707
ffe2021b
1b813207
00000000
0e063787
fff2021b
1f813207
00000000
0206b407
fe02829b
02013287
00000000
0206b487
fe12829b
06013287
00000000
0206b507
fe22829b
0a013287
00000000
0206b587
fe32829b
0e013287
00000000
0206b607
fe42829b
12013287
00000000
0206b687
fe52829b
16013287
00000000
0206b707
fe62829b
1a013287
00000000
0206b787
fe72829b
1e013287
00000000
0606b407
fe82829b
02813287
00000000
0606b487
fe92829b
06813287
00000000
0606b507
fea2829b
0a813287
00000000
0606b587
feb2829b
0e813287
00000000
0606b607
fec2829b
12813287
00000000
0606b687
fed2829b
16813287
00000000
0606b707
fee2829b
1a813287
00000000
0606b787
fef2829b
1e813287
00000000
0a06b407
ff02829b
03013287
00000000
0a06b487
ff12829b
07013287
00000000
0a06b507
ff22829b
0b013287
00000000
0a06b587
ff32829b
0f013287
00000000
0a06b607
ff42829b
13013287
00000000
0a06b687
ff52829b
17013287
00000000
0a06b707
ff62829b
1b013287
00000000
0a06b787
ff72829b
1f013287
00000000
0e06b407
ff82829b
03813287
00000000
0e06b487
ff92829b
07813287
00000000
0e06b507
ffa2829b
0b813287
00000000
0e06b587
ffb2829b
0f813287
00000000
0e06b607
ffc2829b
13813287
00000000
0e06b687
ffd2829b
17813287
00000000
0e06b707
ffe2829b
1b813287
00000000
0e06b787
fff2829b
1f813287
00000000
02073407
fe03031b
02013307
00000000
02073487
fe13031b
06013307
00000000
02073507
fe23031b
0a013307
00000000
02073587
fe33031b
0e013307
00000000
02073607
fe43031b
12013307
00000000
02073687
fe53031b
16013307
00000000
02073707
fe63031b
1a013307
00000000
02073787
fe73031b
1e013307
00000000
06073407
fe83031b
02813307
00000000
06073487
fe93031b
06813307
00000000
06073507
fea3031b
0a813307
00000000
06073587
feb3031b
0e813307
00000000
06073607
fec3031b
12813307
00000000
06073687
fed3031b
16813307
00000000
06073707
fee3031b
1a813307
00000000
06073787
fef3031b
1e813307
00000000
0a073407
ff03031b
03013307
00000000
0a073487
ff13031b
07013307
00000000
0a073507
ff23031b
0b013307
00000000
0a073587
ff33031b
0f013307
00000000
0a073607
ff43031b
13013307
00000000
0a073687
ff53031b
17013307
00000000
0a073707
ff63031b
1b013307
00000000
0a073787
ff73031b
1f013307
00000000
0e073407
ff83031b
03813307
00000000
0e073487
ff93031b
07813307
00000000
0e073507
ffa3031b
0b813307
00000000
0e073587
ffb3031b
0f813307
00000000
0e073607
ffc3031b
13813307
00000000
0e073687
ffd3031b
17813307
00000000
0e073707
ffe3031b
1b813307
00000000
0e073787
fff3031b
1f813307
00000000
0207b407
fe03839b
02013387
00000000
0207b487
fe13839b
06013387
00000000
0207b507
fe23839b
0a013387
00000000
0207b587
fe33839b
0e013387
00000000
0207b607
fe43839b
12013387
00000000
0207b687
fe53839b
16013387
00000000
0207b707
fe63839b
1a013387
00000000
0207b787
fe73839b
1e013387
00000000
0607b407
fe83839b
02813387
00000000
0607b487
fe93839b
06813387
00000000
0607b507
fea3839b
0a813387
00000000
0607b587
feb3839b
0e813387
00000000
0607b607
fec3839b
12813387
00000000
0607b687
fed3839b
16813387
00000000
0607b707
fee3839b
1a813387
00000000
0607b787
fef3839b
1e813387
00000000
0a07b407
ff03839b
03013387
00000000
0a07b487
ff13839b
07013387
00000000
0a07b507
ff23839b
0b013387
00000000
0a07b587
ff33839b
0f013387
00000000
0a07b607
ff43839b
13013387
00000000
0a07b687
ff53839b
17013387
00000000
0a07b707
ff63839b
1b013387
00000000
0a07b787
ff73839b
1f013387
00000000
0e07b407
ff83839b
03813387
00000000
0e07b487
ff93839b
07813387
00000000
0e07b507
ffa3839b
0b813387
00000000
0e07b587
ffb3839b
0f813387
00000000
0e07b607
ffc3839b
13813387
00000000
0e07b687
ffd3839b
17813387
00000000
0e07b707
ffe3839b
1b813387
00000000
0e07b787
fff3839b
1f813387
00000000
02843407
fe04041b
02013407
00000000
02843487
fe14041b
06013407
00000000
02843507
fe24041b
0a013407
00000000
02843587
fe34041b
0e013407
00000000
02843607
fe44041b
12013407
00000000
02843687
fe54041b
16013407
00000000
02843707
fe64041b
1a013407
00000000
02843787
fe74041b
1e013407
00000000
06843407
fe84041b
02813407
00000000
06843487
fe94041b
06813407
00000000
06843507
fea4041b
0a813407
00000000
06843587
feb4041b
0e813407
00000000
06843607
fec4041b
12813407
00000000
06843687
fed4041b
16813407
00000000
06843707
fee4041b
1a813407
00000000
06843787
fef4041b
1e813407
00000000
0a843407
ff04041b
03013407
00000000
0a843487
ff14041b
07013407
00000000
0a843507
ff24041b
0b013407
00000000
0a843587
ff34041b
0f013407
00000000
0a843607
ff44041b
13013407
00000000
0a843687
ff54041b
17013407
00000000
0a843707
ff64041b
1b013407
00000000
0a843787
ff74041b
1f013407
00000000
0e843407
ff84041b
03813407
00000000
0e843487
ff94041b
07813407
00000000
0e843507
ffa4041b
0b813407
00000000
0e843587
ffb4041b
0f813407
00000000
0e843607
ffc4041b
13813407
00000000
0e843687
ffd4041b
17813407
00000000
0e843707
ffe4041b
1b813407
00000000
0e843787
fff4041b
1f813407
00000000
0284b407
fe04849b
02013487
00000000
0284b487
fe14849b
06013487
00000000
0284b507
fe24849b
0a013487
00000000
0284b587
fe34849b
0e013487
00000000
0284b607
fe44849b
12013487
00000000
0284b687
fe54849b
16013487
00000000
0284b707
fe64849b
1a013487
00000000
0284b787
fe74849b
1e013487
00000000
0684b407
fe84849b
02813487
00000000
0684b487
fe94849b
06813487
00000000
0684b507
fea4849b
0a813487
00000000
0684b587
feb4849b
0e813487
00000000
0684b607
fec4849b
12813487
00000000
0684b687
fed4849b
16813487
00000000
0684b707
fee4849b
1a813487
00000000
0684b787
fef4849b
1e813487
00000000
0a84b407
ff04849b
03013487
00000000
0a84b487
ff14849b
07013487
00000000
0a84b507
ff24849b
0b013487
00000000
0a84b587
ff34849b
0f013487
00000000
0a84b607
ff44849b
13013487
00000000
0a84b687
ff54849b
17013487
00000000
0a84b707
ff64849b
1b013487
00000000
0a84b787
ff74849b
1f013487
00000000
0e84b407
ff84849b
03813487
00000000
0e84b487
ff94849b
07813487
00000000
0e84b507
ffa4849b
0b813487
00000000
0e84b587
ffb4849b
0f813487
00000000
0e84b607
ffc4849b
13813487
00000000
0e84b687
ffd4849b
17813487
00000000
0e84b707
ffe4849b
1b813487
00000000
0e84b787
fff4849b
1f813487
00000000
02853407
fe05051b
02013507
00000000
02853487
fe15051b
06013507
00000000
02853507
fe25051b
0a013507
00000000
02853587
fe35051b
0e013507
00000000
02853607
fe45051b
12013507
00000000
02853687
fe55051b
16013507
00000000
02853707
fe65051b
1a013507
00000000
02853787
fe75051b
1e013507
00000000
06853407
fe85051b
02813507
00000000
06853487
fe95051b
06813507
00000000
06853507
fea5051b
0a813507
00000000
06853587
feb5051b
0e813507
00000000
06853607
fec5051b
12813507
00000000
06853687
fed5051b
16813507
00000000
06853707
fee5051b
1a813507
00000000
06853787
fef5051b
1e813507
00000000
0a853407
ff05051b
03013507
00000000
0a853487
ff15051b
07013507
00000000
0a853507
ff25051b
0b013507
00000000
0a853587
ff35051b
0f013507
00000000
0a853607
ff45051b
13013507
00000000
0a853687
ff55051b
17013507
00000000
0a853707
ff65051b
1b013507
00000000
0a853787
ff75051b
1f013507
00000000
0e853407
ff85051b
03813507
00000000
0e853487
ff95051b
07813507
00000000
0e853507
ffa5051b
0b813507
00000000
0e853587
ffb5051b
0f813507
00000000
0e853607
ffc5051b
13813507
00000000
0e853687
ffd5051b
17813507
00000000
0e853707
ffe5051b
1b813507
00000000
0e853787
fff5051b
1f813507
00000000
0285b407
fe05859b
02013587
00000000
0285b487
fe15859b
06013587
00000000
0285b507
fe25859b
0a013587
00000000
0285b587
fe35859b
0e013587
00000000
0285b607
fe45859b
12013587
00000000
0285b687
fe55859b
16013587
00000000
0285b707
fe65859b
1a013587
00000000
0285b787
fe75859b
1e013587
00000000
0685b407
fe85859b
02813587
00000000
0685b487
fe95859b
06813587
00000000
0685b507
fea5859b
0a813587
00000000
0685b587
feb5859b
0e813587
00000000
0685b607
fec5859b
12813587
00000000
0685b687
fed5859b
16813587
00000000
0685b707
fee5859b
1a813587
00000000
0685b787
fef5859b
1e813587
00000000
0a85b407
ff05859b
03013587
00000000
0a85b487
ff15859b
07013587
00000000
0a85b507
ff25859b
0b013587
00000000
0a85b587
ff35859b
0f013587
00000000
0a85b607
ff45859b
13013587
00000000
0a85b687
ff55859b
17013587
00000000
0a85b707
ff65859b
1b013587
00000000
0a85b787
ff75859b
1f013587
00000000
0e85b407
ff85859b
03813587
00000000
0e85b487
ff95859b
07813587
00000000
0e85b507
ffa5859b
0b813587
00000000
0e85b587
ffb5859b
0f813587
00000000
0e85b607
ffc5859b
13813587
00000000
0e85b687
ffd5859b
17813587
00000000
0e85b707
ffe5859b
1b813587
00000000
0e85b787
fff5859b
1f813587
00000000
02863407
fe06061b
02013607
00000000
02863487
fe16061b
06013607
00000000
02863507
fe26061b
0a013607
00000000
02863587
fe36061b
0e013607
00000000
02863607
fe46061b
12013607
00000000
02863687
fe56061b
16013607
00000000
02863707
fe66061b
1a013607
00000000
02863787
fe76061b
1e013607
00000000
06863407
fe86061b
02813607
00000000
06863487
fe96061b
06813607
00000000
06863507
fea6061b
0a813607
00000000
06863587
feb6061b
0e813607
00000000
06863607
fec6061b
12813607
00000000
06863687
fed6061b
16813607
00000000
06863707
fee6061b
1a813607
00000000
06863787
fef6061b
1e813607
00000000
0a863407
ff06061b
03013607
00000000
0a863487
ff16061b
07013607
00000000
0a863507
ff26061b
0b013607
00000000
0a863587
ff36061b
0f013607
00000000
0a863607
ff46061b
13013607
00000000
0a863687
ff56061b
17013607
00000000
0a863707
ff66061b
1b013607
00000000
0a863787
ff76061b
1f013607
00000000
0e863407
ff86061b
03813607
00000000
0e863487
ff96061b
07813607
00000000
0e863507
ffa6061b
0b813607
00000000
0e863587
ffb6061b
0f813607
00000000
0e863607
ffc6061b
13813607
00000000
0e863687
ffd6061b
17813607
00000000
0e863707
ffe6061b
1b813607
00000000
0e863787
fff6061b
1f813607
00000000
0286b407
fe06869b
02013687
00000000
0286b487
fe16869b
06013687
00000000
0286b507
fe26869b
0a013687
00000000
0286b587
fe36869b
0e013687
00000000
0286b607
fe46869b
12013687
00000000
0286b687
fe56869b
16013687
00000000
0286b707
fe66869b
1a013687
00000000
0286b787
fe76869b
1e013687
00000000
0686b407
fe86869b
02813687
00000000
0686b487
fe96869b
06813687
00000000
0686b507
fea6869b
0a813687
00000000
0686b587
feb6869b
0e813687
00000000
0686b607
fec6869b
12813687
00000000
0686b687
fed6869b
16813687
00000000
0686b707
fee6869b
1a813687
00000000
0686b787
fef6869b
1e813687
00000000
0a86b407
ff06869b
03013687
00000000
0a86b487
ff16869b
07013687
00000000
0a86b507
ff26869b
0b013687
00000000
0a86b587
ff36869b
0f013687
00000000
0a86b607
ff46869b
13013687
00000000
0a86b687
ff56869b
17013687
00000000
0a86b707
ff66869b
1b013687
00000000
0a86b787
ff76869b
1f013687
00000000
0e86b407
ff86869b
03813687
00000000
0e86b487
ff96869b
07813687
00000000
0e86b507
ffa6869b
0b813687
00000000
0e86b587
ffb6869b
0f813687
00000000
0e86b607
ffc6869b
13813687
00000000
0e86b687
ffd6869b
17813687
00000000
0e86b707
ffe6869b
1b813687
00000000
0e86b787
fff6869b
1f813687
00000000
02873407
fe07071b
02013707
00000000
02873487
fe17071b
06013707
00000000
02873507
fe27071b
0a013707
00000000
02873587
fe37071b
0e013707
00000000
02873607
fe47071b
12013707
00000000
02873687
fe57071b
16013707
00000000
02873707
fe67071b
1a013707
00000000
02873787
fe77071b
1e013707
00000000
06873407
fe87071b
02813707
00000000
06873487
fe97071b
06813707
00000000
06873507
fea7071b
0a813707
00000000
06873587
feb7071b
0e813707
00000000
06873607
fec7071b
12813707
00000000
06873687
fed7071b
16813707
00000000
06873707
fee7071b
1a813707
00000000
06873787
fef7071b
1e813707
00000000
0a873407
ff07071b
03013707
00000000
0a873487
ff17071b
07013707
00000000
0a873507
ff27071b
0b013707
00000000
0a873587
ff37071b
0f013707
00000000
0a873607
ff47071b
13013707
00000000
0a873687
ff57071b
17013707
00000000
0a873707
ff67071b
1b013707
00000000
0a873787
ff77071b
1f013707
00000000
0e873407
ff87071b
03813707
00000000
0e873487
ff97071b
07813707
00000000
0e873507
ffa7071b
0b813707
00000000
0e873587
ffb7071b
0f813707
00000000
0e873607
ffc7071b
13813707
00000000
0e873687
ffd7071b
17813707
00000000
0e873707
ffe7071b
1b813707
00000000
0e873787
fff7071b
1f813707
00000000
0287b407
fe07879b
02013787
00000000
0287b487
fe17879b
06013787
00000000
0287b507
fe27879b
0a013787
00000000
0287b587
fe37879b
0e013787
00000000
0287b607
fe47879b
12013787
00000000
0287b687
fe57879b
16013787
00000000
0287b707
fe67879b
1a013787
00000000
0287b787
fe77879b
1e013787
00000000
0687b407
fe87879b
02813787
00000000
0687b487
fe97879b
06813787
00000000
0687b507
fea7879b
0a813787
00000000
0687b587
feb7879b
0e813787
00000000
0687b607
fec7879b
12813787
00000000
0687b687
fed7879b
16813787
00000000
0687b707
fee7879b
1a813787
00000000
0687b787
fef7879b
1e813787
00000000
0a87b407
ff07879b
03013787
00000000
0a87b487
ff17879b
07013787
00000000
0a87b507
ff27879b
0b013787
00000000
0a87b587
ff37879b
0f013787
00000000
0a87b607
ff47879b
13013787
00000000
0a87b687
ff57879b
17013787
00000000
0a87b707
ff67879b
1b013787
00000000
0a87b787
ff77879b
1f013787
00000000
0e87b407
ff87879b
03813787
00000000
0e87b487
ff97879b
07813787
00000000
0e87b507
ffa7879b
0b813787
00000000
0e87b587
ffb7879b
0f813787
00000000
0e87b607
ffc7879b
13813787
00000000
0e87b687
ffd7879b
17813787
00000000
0e87b707
ffe7879b
1b813787
00000000
0e87b787
fff7879b
1f813787
00000000
03043407
fe08081b
02013807
00000000
03043487
fe18081b
06013807
00000000
03043507
fe28081b
0a013807
00000000
03043587
fe38081b
0e013807
00000000
03043607
fe48081b
12013807
00000000
03043687
fe58081b
16013807
00000000
03043707
fe68081b
1a013807
00000000
03043787
fe78081b
1e013807
00000000
07043407
fe88081b
02813807
00000000
07043487
fe98081b
06813807
00000000
07043507
fea8081b
0a813807
00000000
07043587
feb8081b
0e813807
00000000
07043607
fec8081b
12813807
00000000
07043687
fed8081b
16813807
00000000
07043707
fee8081b
1a813807
00000000
07043787
fef8081b
1e813807
00000000
0b043407
ff08081b
03013807
00000000
0b043487
ff18081b
07013807
00000000
0b043507
ff28081b
0b013807
00000000
0b043587
ff38081b
0f013807
00000000
0b043607
ff48081b
13013807
00000000
0b043687
ff58081b
17013807
00000000
0b043707
ff68081b
1b013807
00000000
0b043787
ff78081b
1f013807
00000000
0f043407
ff88081b
03813807
00000000
0f043487
ff98081b
07813807
00000000
0f043507
ffa8081b
0b813807
00000000
0f043587
ffb8081b
0f813807
00000000
0f043607
ffc8081b
13813807
00000000
0f043687
ffd8081b
17813807
00000000
0f043707
ffe8081b
1b813807
00000000
0f043787
fff8081b
1f813807
00000000
0304b407
fe08889b
02013887
00000000
0304b487
fe18889b
06013887
00000000
0304b507
fe28889b
0a013887
00000000
0304b587
fe38889b
0e013887
00000000
0304b607
fe48889b
12013887
00000000
0304b687
fe58889b
16013887
00000000
0304b707
fe68889b
1a013887
00000000
0304b787
fe78889b
1e013887
00000000
0704b407
fe88889b
02813887
00000000
0704b487
fe98889b
06813887
00000000
0704b507
fea8889b
0a813887
00000000
0704b587
feb8889b
0e813887
00000000
0704b607
fec8889b
12813887
00000000
0704b687
fed8889b
16813887
00000000
0704b707
fee8889b
1a813887
00000000
0704b787
fef8889b
1e813887
00000000
0b04b407
ff08889b
03013887
00000000
0b04b487
ff18889b
07013887
00000000
0b04b507
ff28889b
0b013887
00000000
0b04b587
ff38889b
0f013887
00000000
0b04b607
ff48889b
13013887
00000000
0b04b687
ff58889b
17013887
00000000
0b04b707
ff68889b
1b013887
00000000
0b04b787
ff78889b
1f013887
00000000
0f04b407
ff88889b
03813887
00000000
0f04b487
ff98889b
07813887
00000000
0f04b507
ffa8889b
0b813887
00000000
0f04b587
ffb8889b
0f813887
00000000
0f04b607
ffc8889b
13813887
00000000
0f04b687
ffd8889b
17813887
00000000
0f04b707
ffe8889b
1b813887
00000000
0f04b787
fff8889b
1f813887
00000000
03053407
fe09091b
02013907
00000000
03053487
fe19091b
06013907
00000000
03053507
fe29091b
0a013907
00000000
03053587
fe39091b
0e013907
00000000
03053607
fe49091b
12013907
00000000
03053687
fe59091b
16013907
00000000
03053707
fe69091b
1a013907
00000000
03053787
fe79091b
1e013907
00000000
07053407
fe89091b
02813907
00000000
07053487
fe99091b
06813907
00000000
07053507
fea9091b
0a813907
00000000
07053587
feb9091b
0e813907
00000000
07053607
fec9091b
12813907
00000000
07053687
fed9091b
16813907
00000000
07053707
fee9091b
1a813907
00000000
07053787
fef9091b
1e813907
00000000
0b053407
ff09091b
03013907
00000000
0b053487
ff19091b
07013907
00000000
0b053507
ff29091b
0b013907
00000000
0b053587
ff39091b
0f013907
00000000
0b053607
ff49091b
13013907
00000000
0b053687
ff59091b
17013907
00000000
0b053707
ff69091b
1b013907
00000000
0b053787
ff79091b
1f013907
00000000
0f053407
ff89091b
03813907
00000000
0f053487
ff99091b
07813907
00000000
0f053507
ffa9091b
0b813907
00000000
0f053587
ffb9091b
0f813907
00000000
0f053607
ffc9091b
13813907
00000000
0f053687
ffd9091b
17813907
00000000
0f053707
ffe9091b
1b813907
00000000
0f053787
fff9091b
1f813907
00000000
0305b407
fe09899b
02013987
00000000
0305b487
fe19899b
06013987
00000000
0305b507
fe29899b
0a013987
00000000
0305b587
fe39899b
0e013987
00000000
0305b607
fe49899b
12013987
00000000
0305b687
fe59899b
16013987
00000000
0305b707
fe69899b
1a013987
00000000
0305b787
fe79899b
1e013987
00000000
0705b407
fe89899b
02813987
00000000
0705b487
fe99899b
06813987
00000000
0705b507
fea9899b
0a813987
00000000
0705b587
feb9899b
0e813987
00000000
0705b607
fec9899b
12813987
00000000
0705b687
fed9899b
16813987
00000000
0705b707
fee9899b
1a813987
00000000
0705b787
fef9899b
1e813987
00000000
0b05b407
ff09899b
03013987
00000000
0b05b487
ff19899b
07013987
00000000
0b05b507
ff29899b
0b013987
00000000
0b05b587
ff39899b
0f013987
00000000
0b05b607
ff49899b
13013987
00000000
0b05b687
ff59899b
17013987
00000000
0b05b707
ff69899b
1b013987
00000000
0b05b787
ff79899b
1f013987
00000000
0f05b407
ff89899b
03813987
00000000
0f05b487
ff99899b
07813987
00000000
0f05b507
ffa9899b
0b813987
00000000
0f05b587
ffb9899b
0f813987
00000000
0f05b607
ffc9899b
13813987
00000000
0f05b687
ffd9899b
17813987
00000000
0f05b707
ffe9899b
1b813987
00000000
0f05b787
fff9899b
1f813987
00000000
03063407
fe0a0a1b
02013a07
00000000
03063487
fe1a0a1b
06013a07
00000000
03063507
fe2a0a1b
0a013a07
00000000
03063587
fe3a0a1b
0e013a07
00000000
03063607
fe4a0a1b
12013a07
00000000
03063687
fe5a0a1b
16013a07
00000000
03063707
fe6a0a1b
1a013a07
00000000
03063787
fe7a0a1b
1e013a07
00000000
07063407
fe8a0a1b
02813a07
00000000
07063487
fe9a0a1b
06813a07
00000000
07063507
feaa0a1b
0a813a07
00000000
07063587
feba0a1b
0e813a07
00000000
07063607
feca0a1b
12813a07
00000000
07063687
feda0a1b
16813a07
00000000
07063707
feea0a1b
1a813a07
00000000
07063787
fefa0a1b
1e813a07
00000000
0b063407
ff0a0a1b
03013a07
00000000
0b063487
ff1a0a1b
07013a07
00000000
0b063507
ff2a0a1b
0b013a07
00000000
0b063587
ff3a0a1b
0f013a07
00000000
0b063607
ff4a0a1b
13013a07
00000000
0b063687
ff5a0a1b
17013a07
00000000
0b063707
ff6a0a1b
1b013a07
00000000
0b063787
ff7a0a1b
1f013a07
00000000
0f063407
ff8a0a1b
03813a07
00000000
0f063487
ff9a0a1b
07813a07
00000000
0f063507
ffaa0a1b
0b813a07
00000000
0f063587
ffba0a1b
0f813a07
00000000
0f063607
ffca0a1b
13813a07
00000000
0f063687
ffda0a1b
17813a07
00000000
0f063707
ffea0a1b
1b813a07
00000000
0f063787
fffa0a1b
1f813a07
00000000
0306b407
fe0a8a9b
02013a87
00000000
0306b487
fe1a8a9b
06013a87
00000000
0306b507
fe2a8a9b
0a013a87
00000000
0306b587
fe3a8a9b
0e013a87
00000000
0306b607
fe4a8a9b
12013a87
00000000
0306b687
fe5a8a9b
16013a87
00000000
0306b707
fe6a8a9b
1a013a87
00000000
0306b787
fe7a8a9b
1e013a87
00000000
0706b407
fe8a8a9b
02813a87
00000000
0706b487
fe9a8a9b
06813a87
00000000
0706b507
feaa8a9b
0a813a87
00000000
0706b587
feba8a9b
0e813a87
00000000
0706b607
feca8a9b
12813a87
00000000
0706b687
feda8a9b
16813a87
00000000
0706b707
feea8a9b
1a813a87
00000000
0706b787
fefa8a9b
1e813a87
00000000
0b06b407
ff0a8a9b
03013a87
00000000
0b06b487
ff1a8a9b
07013a87
00000000
0b06b507
ff2a8a9b
0b013a87
00000000
0b06b587
ff3a8a9b
0f013a87
00000000
0b06b607
ff4a8a9b
13013a87
00000000
0b06b687
ff5a8a9b
17013a87
00000000
0b06b707
ff6a8a9b
1b013a87
00000000
0b06b787
ff7a8a9b
1f013a87
00000000
0f06b407
ff8a8a9b
03813a87
00000000
0f06b487
ff9a8a9b
07813a87
00000000
0f06b507
ffaa8a9b
0b813a87
00000000
0f06b587
ffba8a9b
0f813a87
00000000
0f06b607
ffca8a9b
13813a87
00000000
0f06b687
ffda8a9b
17813a87
00000000
0f06b707
ffea8a9b
1b813a87
00000000
0f06b787
fffa8a9b
1f813a87
00000000
03073407
fe0b0b1b
02013b07
00000000
03073487
fe1b0b1b
06013b07
00000000
03073507
fe2b0b1b
0a013b07
00000000
03073587
fe3b0b1b
0e013b07
00000000
03073607
fe4b0b1b
12013b07
00000000
03073687
fe5b0b1b
16013b07
00000000
03073707
fe6b0b1b
1a013b07
00000000
03073787
fe7b0b1b
1e013b07
00000000
07073407
fe8b0b1b
02813b07
00000000
07073487
fe9b0b1b
06813b07
00000000
07073507
feab0b1b
0a813b07
00000000
07073587
febb0b1b
0e813b07
00000000
07073607
fecb0b1b
12813b07
00000000
07073687
fedb0b1b
16813b07
00000000
07073707
feeb0b1b
1a813b07
00000000
07073787
fefb0b1b
1e813b07
00000000
0b073407
ff0b0b1b
03013b07
00000000
0b073487
ff1b0b1b
07013b07
00000000
0b073507
ff2b0b1b
0b013b07
00000000
0b073587
ff3b0b1b
0f013b07
00000000
0b073607
ff4b0b1b
13013b07
00000000
0b073687
ff5b0b1b
17013b07
00000000
0b073707
ff6b0b1b
1b013b07
00000000
0b073787
ff7b0b1b
1f013b07
00000000
0f073407
ff8b0b1b
03813b07
00000000
0f073487
ff9b0b1b
07813b07
00000000
0f073507
ffab0b1b
0b813b07
00000000
0f073587
ffbb0b1b
0f813b07
00000000
0f073607
ffcb0b1b
13813b07
00000000
0f073687
ffdb0b1b
17813b07
00000000
0f073707
ffeb0b1b
1b813b07
00000000
0f073787
fffb0b1b
1f813b07
00000000
0307b407
fe0b8b9b
02013b87
00000000
0307b487
fe1b8b9b
06013b87
00000000
0307b507
fe2b8b9b
0a013b87
00000000
0307b587
fe3b8b9b
0e013b87
00000000
0307b607
fe4b8b9b
12013b87
00000000
0307b687
fe5b8b9b
16013b87
00000000
0307b707
fe6b8b9b
1a013b87
00000000
0307b787
fe7b8b9b
1e013b87
00000000
0707b407
fe8b8b9b
02813b87
00000000
0707b487
fe9b8b9b
06813b87
00000000
0707b507
feab8b9b
0a813b87
00000000
0707b587
febb8b9b
0e813b87
00000000
0707b607
fecb8b9b
12813b87
00000000
0707b687
fedb8b9b
16813b87
00000000
0707b707
feeb8b9b
1a813b87
00000000
0707b787
fefb8b9b
1e813b87
00000000
0b07b407
ff0b8b9b
03013b87
00000000
0b07b487
ff1b8b9b
07013b87
00000000
0b07b507
ff2b8b9b
0b013b87
00000000
0b07b587
ff3b8b9b
0f013b87
00000000
0b07b607
ff4b8b9b
13013b87
00000000
0b07b687
ff5b8b9b
17013b87
00000000
0b07b707
ff6b8b9b
1b013b87
00000000
0b07b787
ff7b8b9b
1f013b87
00000000
0f07b407
ff8b8b9b
03813b87
00000000
0f07b487
ff9b8b9b
07813b87
00000000
0f07b507
ffab8b9b
0b813b87
00000000
0f07b587
ffbb8b9b
0f813b87
00000000
0f07b607
ffcb8b9b
13813b87
00000000
0f07b687
ffdb8b9b
17813b87
00000000
0f07b707
ffeb8b9b
1b813b87
00000000
0f07b787
fffb8b9b
1f813b87
00000000
03843407
fe0c0c1b
02013c07
00000000
03843487
fe1c0c1b
06013c07
00000000
03843507
fe2c0c1b
0a013c07
00000000
03843587
fe3c0c1b
0e013c07
00000000
03843607
fe4c0c1b
12013c07
00000000
03843687
fe5c0c1b
16013c07
00000000
03843707
fe6c0c1b
1a013c07
00000000
03843787
fe7c0c1b
1e013c07
00000000
07843407
fe8c0c1b
02813c07
00000000
07843487
fe9c0c1b
06813c07
00000000
07843507
feac0c1b
0a813c07
00000000
07843587
febc0c1b
0e813c07
00000000
07843607
fecc0c1b
12813c07
00000000
07843687
fedc0c1b
16813c07
00000000
07843707
feec0c1b
1a813c07
00000000
07843787
fefc0c1b
1e813c07
00000000
0b843407
ff0c0c1b
03013c07
00000000
0b843487
ff1c0c1b
07013c07
00000000
0b843507
ff2c0c1b
0b013c07
00000000
0b843587
ff3c0c1b
0f013c07
00000000
0b843607
ff4c0c1b
13013c07
00000000
0b843687
ff5c0c1b
17013c07
00000000
0b843707
ff6c0c1b
1b013c07
00000000
0b843787
ff7c0c1b
1f013c07
00000000
0f843407
ff8c0c1b
03813c07
00000000
0f843487
ff9c0c1b
07813c07
00000000
0f843507
ffac0c1b
0b813c07
00000000
0f843587
ffbc0c1b
0f813c07
00000000
0f843607
ffcc0c1b
13813c07
00000000
0f843687
ffdc0c1b
17813c07
00000000
0f843707
ffec0c1b
1b813c07
00000000
0f843787
fffc0c1b
1f813c07
00000000
0384b407
fe0c8c9b
02013c87
00000000
0384b487
fe1c8c9b
06013c87
00000000
0384b507
fe2c8c9b
0a013c87
00000000
0384b587
fe3c8c9b
0e013c87
00000000
0384b607
fe4c8c9b
12013c87
00000000
0384b687
fe5c8c9b
16013c87
00000000
0384b707
fe6c8c9b
1a013c87
00000000
0384b787
fe7c8c9b
1e013c87
00000000
0784b407
fe8c8c9b
02813c87
00000000
0784b487
fe9c8c9b
06813c87
00000000
0784b507
feac8c9b
0a813c87
00000000
0784b587
febc8c9b
0e813c87
00000000
0784b607
fecc8c9b
12813c87
00000000
0784b687
fedc8c9b
16813c87
00000000
0784b707
feec8c9b
1a813c87
00000000
0784b787
fefc8c9b
1e813c87
00000000
0b84b407
ff0c8c9b
03013c87
00000000
0b84b487
ff1c8c9b
07013c87
00000000
0b84b507
ff2c8c9b
0b013c87
00000000
0b84b587
ff3c8c9b
0f013c87
00000000
0b84b607
ff4c8c9b
13013c87
00000000
0b84b687
ff5c8c9b
17013c87
00000000
0b84b707
ff6c8c9b
1b013c87
00000000
0b84b787
ff7c8c9b
1f013c87
00000000
0f84b407
ff8c8c9b
03813c87
00000000
0f84b487
ff9c8c9b
07813c87
00000000
0f84b507
ffac8c9b
0b813c87
00000000
0f84b587
ffbc8c9b
0f813c87
00000000
0f84b607
ffcc8c9b
13813c87
00000000
0f84b687
ffdc8c9b
17813c87
00000000
0f84b707
ffec8c9b
1b813c87
00000000
0f84b787
fffc8c9b
1f813c87
00000000
03853407
fe0d0d1b
02013d07
00000000
03853487
fe1d0d1b
06013d07
00000000
03853507
fe2d0d1b
0a013d07
00000000
03853587
fe3d0d1b
0e013d07
00000000
03853607
fe4d0d1b
12013d07
00000000
03853687
fe5d0d1b
16013d07
00000000
03853707
fe6d0d1b
1a013d07
00000000
03853787
fe7d0d1b
1e013d07
00000000
07853407
fe8d0d1b
02813d07
00000000
07853487
fe9d0d1b
06813d07
00000000
07853507
fead0d1b
0a813d07
00000000
07853587
febd0d1b
0e813d07
00000000
07853607
fecd0d1b
12813d07
00000000
07853687
fedd0d1b
16813d07
00000000
07853707
feed0d1b
1a813d07
00000000
07853787
fefd0d1b
1e813d07
00000000
0b853407
ff0d0d1b
03013d07
00000000
0b853487
ff1d0d1b
07013d07
00000000
0b853507
ff2d0d1b
0b013d07
00000000
0b853587
ff3d0d1b
0f013d07
00000000
0b853607
ff4d0d1b
13013d07
00000000
0b853687
ff5d0d1b
17013d07
00000000
0b853707
ff6d0d1b
1b013d07
00000000
0b853787
ff7d0d1b
1f013d07
00000000
0f853407
ff8d0d1b
03813d07
00000000
0f853487
ff9d0d1b
07813d07
00000000
0f853507
ffad0d1b
0b813d07
00000000
0f853587
ffbd0d1b
0f813d07
00000000
0f853607
ffcd0d1b
13813d07
00000000
0f853687
ffdd0d1b
17813d07
00000000
0f853707
ffed0d1b
1b813d07
00000000
0f853787
fffd0d1b
1f813d07
00000000
0385b407
fe0d8d9b
02013d87
00000000
0385b487
fe1d8d9b
06013d87
00000000
0385b507
fe2d8d9b
0a013d87
00000000
0385b587
fe3d8d9b
0e013d87
00000000
0385b607
fe4d8d9b
12013d87
00000000
0385b687
fe5d8d9b
16013d87
00000000
0385b707
fe6d8d9b
1a013d87
00000000
0385b787
fe7d8d9b
1e013d87
00000000
0785b407
fe8d8d9b
02813d87
00000000
0785b487
fe9d8d9b
06813d87
00000000
0785b507
fead8d9b
0a813d87
00000000
0785b587
febd8d9b
0e813d87
00000000
0785b607
fecd8d9b
12813d87
00000000
0785b687
fedd8d9b
16813d87
00000000
0785b707
feed8d9b
1a813d87
00000000
0785b787
fefd8d9b
1e813d87
00000000
0b85b407
ff0d8d9b
03013d87
00000000
0b85b487
ff1d8d9b
07013d87
00000000
0b85b507
ff2d8d9b
0b013d87
00000000
0b85b587
ff3d8d9b
0f013d87
00000000
0b85b607
ff4d8d9b
13013d87
00000000
0b85b687
ff5d8d9b
17013d87
00000000
0b85b707
ff6d8d9b
1b013d87
00000000
0b85b787
ff7d8d9b
1f013d87
00000000
0f85b407
ff8d8d9b
03813d87
00000000
0f85b487
ff9d8d9b
07813d87
00000000
0f85b507
ffad8d9b
0b813d87
00000000
0f85b587
ffbd8d9b
0f813d87
00000000
0f85b607
ffcd8d9b
13813d87
00000000
0f85b687
ffdd8d9b
17813d87
00000000
0f85b707
ffed8d9b
1b813d87
00000000
0f85b787
fffd8d9b
1f813d87
00000000
03863407
fe0e0e1b
02013e07
00000000
03863487
fe1e0e1b
06013e07
00000000
03863507
fe2e0e1b
0a013e07
00000000
03863587
fe3e0e1b
0e013e07
00000000
03863607
fe4e0e1b
12013e07
00000000
03863687
fe5e0e1b
16013e07
00000000
03863707
fe6e0e1b
1a013e07
00000000
03863787
fe7e0e1b
1e013e07
00000000
07863407
fe8e0e1b
02813e07
00000000
07863487
fe9e0e1b
06813e07
00000000
07863507
feae0e1b
0a813e07
00000000
07863587
febe0e1b
0e813e07
00000000
07863607
fece0e1b
12813e07
00000000
07863687
fede0e1b
16813e07
00000000
07863707
feee0e1b
1a813e07
00000000
07863787
fefe0e1b
1e813e07
00000000
0b863407
ff0e0e1b
03013e07
00000000
0b863487
ff1e0e1b
07013e07
00000000
0b863507
ff2e0e1b
0b013e07
00000000
0b863587
ff3e0e1b
0f013e07
00000000
0b863607
ff4e0e1b
13013e07
00000000
0b863687
ff5e0e1b
17013e07
00000000
0b863707
ff6e0e1b
1b013e07
00000000
0b863787
ff7e0e1b
1f013e07
00000000
0f863407
ff8e0e1b
03813e07
00000000
0f863487
ff9e0e1b
07813e07
00000000
0f863507
ffae0e1b
0b813e07
00000000
0f863587
ffbe0e1b
0f813e07
00000000
0f863607
ffce0e1b
13813e07
00000000
0f863687
ffde0e1b
17813e07
00000000
0f863707
ffee0e1b
1b813e07
00000000
0f863787
fffe0e1b
1f813e07
00000000
0386b407
fe0e8e9b
02013e87
00000000
0386b487
fe1e8e9b
06013e87
00000000
0386b507
fe2e8e9b
0a013e87
00000000
0386b587
fe3e8e9b
0e013e87
00000000
0386b607
fe4e8e9b
12013e87
00000000
0386b687
fe5e8e9b
16013e87
00000000
0386b707
fe6e8e9b
1a013e87
00000000
0386b787
fe7e8e9b
1e013e87
00000000
0786b407
fe8e8e9b
02813e87
00000000
0786b487
fe9e8e9b
06813e87
00000000
0786b507
feae8e9b
0a813e87
00000000
0786b587
febe8e9b
0e813e87
00000000
0786b607
fece8e9b
12813e87
00000000
0786b687
fede8e9b
16813e87
00000000
0786b707
feee8e9b
1a813e87
00000000
0786b787
fefe8e9b
1e813e87
00000000
0b86b407
ff0e8e9b
03013e87
00000000
0b86b487
ff1e8e9b
07013e87
00000000
0b86b507
ff2e8e9b
0b013e87
00000000
0b86b587
ff3e8e9b
0f013e87
00000000
0b86b607
ff4e8e9b
13013e87
00000000
0b86b687
ff5e8e9b
17013e87
00000000
0b86b707
ff6e8e9b
1b013e87
00000000
0b86b787
ff7e8e9b
1f013e87
00000000
0f86b407
ff8e8e9b
03813e87
00000000
0f86b487
ff9e8e9b
07813e87
00000000
0f86b507
ffae8e9b
0b813e87
00000000
0f86b587
ffbe8e9b
0f813e87
00000000
0f86b607
ffce8e9b
13813e87
00000000
0f86b687
ffde8e9b
17813e87
00000000
0f86b707
ffee8e9b
1b813e87
00000000
0f86b787
fffe8e9b
1f813e87
00000000
03873407
fe0f0f1b
02013f07
00000000
03873487
fe1f0f1b
06013f07
00000000
03873507
fe2f0f1b
0a013f07
00000000
03873587
fe3f0f1b
0e013f07
00000000
03873607
fe4f0f1b
12013f07
00000000
03873687
fe5f0f1b
16013f07
00000000
03873707
fe6f0f1b
1a013f07
00000000
03873787
fe7f0f1b
1e013f07
00000000
07873407
fe8f0f1b
02813f07
00000000
07873487
fe9f0f1b
06813f07
00000000
07873507
feaf0f1b
0a813f07
00000000
07873587
febf0f1b
0e813f07
00000000
07873607
fecf0f1b
12813f07
00000000
07873687
fedf0f1b
16813f07
00000000
07873707
feef0f1b
1a813f07
00000000
07873787
feff0f1b
1e813f07
00000000
0b873407
ff0f0f1b
03013f07
00000000
0b873487
ff1f0f1b
07013f07
00000000
0b873507
ff2f0f1b
0b013f07
00000000
0b873587
ff3f0f1b
0f013f07
00000000
0b873607
ff4f0f1b
13013f07
00000000
0b873687
ff5f0f1b
17013f07
00000000
0b873707
ff6f0f1b
1b013f07
00000000
0b873787
ff7f0f1b
1f013f07
00000000
0f873407
ff8f0f1b
03813f07
00000000
0f873487
ff9f0f1b
07813f07
00000000
0f873507
ffaf0f1b
0b813f07
00000000
0f873587
ffbf0f1b
0f813f07
00000000
0f873607
ffcf0f1b
13813f07
00000000
0f873687
ffdf0f1b
17813f07
00000000
0f873707
ffef0f1b
1b813f07
00000000
0f873787
ffff0f1b
1f813f07
00000000
0387b407
fe0f8f9b
02013f87
00000000
0387b487
fe1f8f9b
06013f87
00000000
0387b507
fe2f8f9b
0a013f87
00000000
0387b587
fe3f8f9b
0e013f87
00000000
0387b607
fe4f8f9b
12013f87
00000000
0387b687
fe5f8f9b
16013f87
00000000
0387b707
fe6f8f9b
1a013f87
00000000
0387b787
fe7f8f9b
1e013f87
00000000
0787b407
fe8f8f9b
02813f87
00000000
0787b487
fe9f8f9b
06813f87
00000000
0787b507
feaf8f9b
0a813f87
00000000
0787b587
febf8f9b
0e813f87
00000000
0787b607
fecf8f9b
12813f87
00000000
0787b687
fedf8f9b
16813f87
00000000
0787b707
feef8f9b
1a813f87
00000000
0787b787
feff8f9b
1e813f87
00000000
0b87b407
ff0f8f9b
03013f87
00000000
0b87b487
ff1f8f9b
07013f87
00000000
0b87b507
ff2f8f9b
0b013f87
00000000
0b87b587
ff3f8f9b
0f013f87
00000000
0b87b607
ff4f8f9b
13013f87
00000000
0b87b687
ff5f8f9b
17013f87
00000000
0b87b707
ff6f8f9b
1b013f87
00000000
0b87b787
ff7f8f9b
1f013f87
00000000
0f87b407
ff8f8f9b
03813f87
00000000
0f87b487
ff9f8f9b
07813f87
00000000
0f87b507
ffaf8f9b
0b813f87
00000000
0f87b587
ffbf8f9b
0f813f87
00000000
0f87b607
ffcf8f9b
13813f87
00000000
0f87b687
ffdf8f9b
17813f87
00000000
0f87b707
ffef8f9b
1b813f87
00000000
0f87b787
ffff8f9b
1f813f87
00000000
00042403
00000013
00000000
00000000
00042483
00100013
00000000
00000000
00042503
00200013
00000000
00000000
00042583
00300013
00000000
00000000
00042603
00400013
00000000
00000000
00042683
00500013
00000000
00000000
00042703
00600013
00000000
00000000
00042783
00700013
00000000
00000000
04042403
00800013
00000000
00000000
04042483
00900013
00000000
00000000
04042503
00a00013
00000000
00000000
04042583
00b00013
00000000
00000000
04042603
00c00013
00000000
00000000
04042683
00d00013
00000000
00000000
04042703
00e00013
00000000
00000000
04042783
00f00013
00000000
00000000
00442403
01000013
00000000
00000000
00442483
01100013
00000000
00000000
00442503
01200013
00000000
00000000
00442583
01300013
00000000
00000000
00442603
01400013
00000000
00000000
00442683
01500013
00000000
00000000
00442703
01600013
00000000
00000000
00442783
01700013
00000000
00000000
04442403
01800013
00000000
00000000
04442483
01900013
00000000
00000000
04442503
01a00013
00000000
00000000
04442583
01b00013
00000000
00000000
04442603
01c00013
00000000
00000000
04442683
01d00013
00000000
00000000
04442703
01e00013
00000000
00000000
04442783
01f00013
00000000
00000000
0004a403
00000093
00012083
00000000
0004a483
00100093
04012083
00000000
0004a503
00200093
08012083
00000000
0004a583
00300093
0c012083
00000000
0004a603
00400093
00412083
00000000
0004a683
00500093
04412083
00000000
0004a703
00600093
08412083
00000000
0004a783
00700093
0c412083
00000000
0404a403
00800093
00812083
00000000
0404a483
00900093
04812083
00000000
0404a503
00a00093
08812083
00000000
0404a583
00b00093
0c812083
00000000
0404a603
00c00093
00c12083
00000000
0404a683
00d00093
04c12083
00000000
0404a703
00e00093
08c12083
00000000
0404a783
00f00093
0cc12083
00000000
0044a403
01000093
01012083
00000000
0044a483
01100093
05012083
00000000
0044a503
01200093
09012083
00000000
0044a583
01300093
0d012083
00000000
0044a603
01400093
01412083
00000000
0044a683
01500093
05412083
00000000
0044a703
01600093
09412083
00000000
0044a783
01700093
0d412083
00000000
0444a403
01800093
01812083
00000000
0444a483
01900093
05812083
00000000
0444a503
01a00093
09812083
00000000
0444a583
01b00093
0d812083
00000000
0444a603
01c00093
01c12083
00000000
0444a683
01d00093
05c12083
00000000
0444a703
01e00093
09c12083
00000000
0444a783
01f00093
0dc12083
00000000
00052403
00000113
00012103
00000000
00052483
00100113
04012103
00000000
00052503
00200113
08012103
00000000
00052583
00300113
0c012103
00000000
00052603
00400113
00412103
00000000
00052683
00500113
04412103
00000000
00052703
00600113
08412103
00000000
00052783
00700113
0c412103
00000000
04052403
00800113
00812103
00000000
04052483
00900113
04812103
00000000
04052503
00a00113
08812103
00000000
04052583
00b00113
0c812103
00000000
04052603
00c00113
00c12103
00000000
04052683
00d00113
04c12103
00000000
04052703
00e00113
08c12103
00000000
04052783
00f00113
0cc12103
00000000
00452403
01000113
01012103
00000000
00452483
01100113
05012103
00000000
00452503
01200113
09012103
00000000
00452583
01300113
0d012103
00000000
00452603
01400113
01412103
00000000
00452683
01500113
05412103
00000000
00452703
01600113
09412103
00000000
00452783
01700113
0d412103
00000000
04452403
01800113
01812103
00000000
04452483
01900113
05812103
00000000
04452503
01a00113
09812103
00000000
04452583
01b00113
0d812103
00000000
04452603
01c00113
01c12103
00000000
04452683
01d00113
05c12103
00000000
04452703
01e00113
09c12103
00000000
04452783
01f00113
0dc12103
00000000
0005a403
00000193
00012183
00000000
0005a483
00100193
04012183
00000000
0005a503
00200193
08012183
00000000
0005a583
00300193
0c012183
00000000
0005a603
00400193
00412183
00000000
0005a683
00500193
04412183
00000000
0005a703
00600193
08412183
00000000
0005a783
00700193
0c412183
00000000
0405a403
00800193
00812183
00000000
0405a483
00900193
04812183
00000000
0405a503
00a00193
08812183
00000000
0405a583
00b00193
0c812183
00000000
0405a603
00c00193
00c12183
00000000
0405a683
00d00193
04c12183
00000000
0405a703
00e00193
08c12183
00000000
0405a783
00f00193
0cc12183
00000000
0045a403
01000193
01012183
00000000
0045a483
01100193
05012183
00000000
0045a503
01200193
09012183
00000000
0045a583
01300193
0d012183
00000000
0045a603
01400193
01412183
00000000
0045a683
01500193
05412183
00000000
0045a703
01600193
09412183
00000000
0045a783
01700193
0d412183
00000000
0445a403
01800193
01812183
00000000
0445a483
01900193
05812183
00000000
0445a503
01a00193
09812183
00000000
0445a583
01b00193
0d812183
00000000
0445a603
01c00193
01c12183
00000000
0445a683
01d00193
05c12183
00000000
0445a703
01e00193
09c12183
00000000
0445a783
01f00193
0dc12183
00000000
00062403
00000213
00012203
00000000
00062483
00100213
04012203
00000000
00062503
00200213
08012203
00000000
00062583
00300213
0c012203
00000000
00062603
00400213
00412203
00000000
00062683
00500213
04412203
00000000
00062703
00600213
08412203
00000000
00062783
00700213
0c412203
00000000
04062403
00800213
00812203
00000000
04062483
00900213
04812203
00000000
04062503
00a00213
08812203
00000000
04062583
00b00213
0c812203
00000000
04062603
00c00213
00c12203
00000000
04062683
00d00213
04c12203
00000000
04062703
00e00213
08c12203
00000000
04062783
00f00213
0cc12203
00000000
00462403
01000213
01012203
00000000
00462483
01100213
05012203
00000000
00462503
01200213
09012203
00000000
00462583
01300213
0d012203
00000000
00462603
01400213
01412203
00000000
00462683
01500213
05412203
00000000
00462703
01600213
09412203
00000000
00462783
01700213
0d412203
00000000
04462403
01800213
01812203
00000000
04462483
01900213
05812203
00000000
04462503
01a00213
09812203
00000000
04462583
01b00213
0d812203
00000000
04462603
01c00213
01c12203
00000000
04462683
01d00213
05c12203
00000000
04462703
01e00213
09c12203
00000000
04462783
01f00213
0dc12203
00000000
0006a403
00000293
00012283
00000000
0006a483
00100293
04012283
00000000
0006a503
00200293
08012283
00000000
0006a583
00300293
0c012283
00000000
0006a603
00400293
00412283
00000000
0006a683
00500293
04412283
00000000
0006a703
00600293
08412283
00000000
0006a783
00700293
0c412283
00000000
0406a403
00800293
00812283
00000000
0406a483
00900293
04812283
00000000
0406a503
00a00293
08812283
00000000
0406a583
00b00293
0c812283
00000000
0406a603
00c00293
00c12283
00000000
0406a683
00d00293
04c12283
00000000
0406a703
00e00293
08c12283
00000000
0406a783
00f00293
0cc12283
00000000
0046a403
01000293
01012283
00000000
0046a483
01100293
05012283
00000000
0046a503
01200293
09012283
00000000
0046a583
01300293
0d012283
00000000
0046a603
01400293
01412283
00000000
0046a683
01500293
05412283
00000000
0046a703
01600293
09412283
00000000
0046a783
01700293
0d412283
00000000
0446a403
01800293
01812283
00000000
0446a483
01900293
05812283
00000000
0446a503
01a00293
09812283
00000000
0446a583
01b00293
0d812283
00000000
0446a603
01c00293
01c12283
00000000
0446a683
01d00293
05c12283
00000000
0446a703
01e00293
09c12283
00000000
0446a783
01f00293
0dc12283
00000000
00072403
00000313
00012303
00000000
00072483
00100313
04012303
00000000
00072503
00200313
08012303
00000000
00072583
00300313
0c012303
00000000
00072603
00400313
00412303
00000000
00072683
00500313
04412303
00000000
00072703
00600313
08412303
00000000
00072783
00700313
0c412303
00000000
04072403
00800313
00812303
00000000
04072483
00900313
04812303
00000000
04072503
00a00313
08812303
00000000
04072583
00b00313
0c812303
00000000
04072603
00c00313
00c12303
00000000
04072683
00d00313
04c12303
00000000
04072703
00e00313
08c12303
00000000
04072783
00f00313
0cc12303
00000000
00472403
01000313
01012303
00000000
00472483
01100313
05012303
00000000
00472503
01200313
09012303
00000000
00472583
01300313
0d012303
00000000
00472603
01400313
01412303
00000000
00472683
01500313
05412303
00000000
00472703
01600313
09412303
00000000
00472783
01700313
0d412303
00000000
04472403
01800313
01812303
00000000
04472483
01900313
05812303
00000000
04472503
01a00313
09812303
00000000
04472583
01b00313
0d812303
00000000
04472603
01c00313
01c12303
00000000
04472683
01d00313
05c12303
00000000
04472703
01e00313
09c12303
00000000
04472783
01f00313
0dc12303
00000000
0007a403
00000393
00012383
00000000
0007a483
00100393
04012383
00000000
0007a503
00200393
08012383
00000000
0007a583
00300393
0c012383
00000000
0007a603
00400393
00412383
00000000
0007a683
00500393
04412383
00000000
0007a703
00600393
08412383
00000000
0007a783
00700393
0c412383
00000000
0407a403
00800393
00812383
00000000
0407a483
00900393
04812383
00000000
0407a503
00a00393
08812383
00000000
0407a583
00b00393
0c812383
00000000
0407a603
00c00393
00c12383
00000000
0407a683
00d00393
04c12383
00000000
0407a703
00e00393
08c12383
00000000
0407a783
00f00393
0cc12383
00000000
0047a403
01000393
01012383
00000000
0047a483
01100393
05012383
00000000
0047a503
01200393
09012383
00000000
0047a583
01300393
0d012383
00000000
0047a603
01400393
01412383
00000000
0047a683
01500393
05412383
00000000
0047a703
01600393
09412383
00000000
0047a783
01700393
0d412383
00000000
0447a403
01800393
01812383
00000000
0447a483
01900393
05812383
00000000
0447a503
01a00393
09812383
00000000
0447a583
01b00393
0d812383
00000000
0447a603
01c00393
01c12383
00000000
0447a683
01d00393
05c12383
00000000
0447a703
01e00393
09c12383
00000000
0447a783
01f00393
0dc12383
00000000
00842403
00000413
00012403
00000000
00842483
00100413
04012403
00000000
00842503
00200413
08012403
00000000
00842583
00300413
0c012403
00000000
00842603
00400413
00412403
00000000
00842683
00500413
04412403
00000000
00842703
00600413
08412403
00000000
00842783
00700413
0c412403
00000000
04842403
00800413
00812403
00000000
04842483
00900413
04812403
00000000
04842503
00a00413
08812403
00000000
04842583
00b00413
0c812403
00000000
04842603
00c00413
00c12403
00000000
04842683
00d00413
04c12403
00000000
04842703
00e00413
08c12403
00000000
04842783
00f00413
0cc12403
00000000
00c42403
01000413
01012403
00000000
00c42483
01100413
05012403
00000000
00c42503
01200413
09012403
00000000
00c42583
01300413
0d012403
00000000
00c42603
01400413
01412403
00000000
00c42683
01500413
05412403
00000000
00c42703
01600413
09412403
00000000
00c42783
01700413
0d412403
00000000
04c42403
01800413
01812403
00000000
04c42483
01900413
05812403
00000000
04c42503
01a00413
09812403
00000000
04c42583
01b00413
0d812403
00000000
04c42603
01c00413
01c12403
00000000
04c42683
01d00413
05c12403
00000000
04c42703
01e00413
09c12403
00000000
04c42783
01f00413
0dc12403
00000000
0084a403
00000493
00012483
00000000
0084a483
00100493
04012483
00000000
0084a503
00200493
08012483
00000000
0084a583
00300493
0c012483
00000000
0084a603
00400493
00412483
00000000
0084a683
00500493
04412483
00000000
0084a703
00600493
08412483
00000000
0084a783
00700493
0c412483
00000000
0484a403
00800493
00812483
00000000
0484a483
00900493
04812483
00000000
0484a503
00a00493
08812483
00000000
0484a583
00b00493
0c812483
00000000
0484a603
00c00493
00c12483
00000000
0484a683
00d00493
04c12483
00000000
0484a703
00e00493
08c12483
00000000
0484a783
00f00493
0cc12483
00000000
00c4a403
01000493
01012483
00000000
00c4a483
01100493
05012483
00000000
00c4a503
01200493
09012483
00000000
00c4a583
01300493
0d012483
00000000
00c4a603
01400493
01412483
00000000
00c4a683
01500493
05412483
00000000
00c4a703
01600493
09412483
00000000
00c4a783
01700493
0d412483
00000000
04c4a403
01800493
01812483
00000000
04c4a483
01900493
05812483
00000000
04c4a503
01a00493
09812483
00000000
04c4a583
01b00493
0d812483
00000000
04c4a603
01c00493
01c12483
00000000
04c4a683
01d00493
05c12483
00000000
04c4a703
01e00493
09c12483
00000000
04c4a783
01f00493
0dc12483
00000000
00852403
00000513
00012503
00000000
00852483
00100513
04012503
00000000
00852503
00200513
08012503
00000000
00852583
00300513
0c012503
00000000
00852603
00400513
00412503
00000000
00852683
00500513
04412503
00000000
00852703
00600513
08412503
00000000
00852783
00700513
0c412503
00000000
04852403
00800513
00812503
00000000
04852483
00900513
04812503
00000000
04852503
00a00513
08812503
00000000
04852583
00b00513
0c812503
00000000
04852603
00c00513
00c12503
00000000
04852683
00d00513
04c12503
00000000
04852703
00e00513
08c12503
00000000
04852783
00f00513
0cc12503
00000000
00c52403
01000513
01012503
00000000
00c52483
01100513
05012503
00000000
00c52503
01200513
09012503
00000000
00c52583
01300513
0d012503
00000000
00c52603
01400513
01412503
00000000
00c52683
01500513
05412503
00000000
00c52703
01600513
09412503
00000000
00c52783
01700513
0d412503
00000000
04c52403
01800513
01812503
00000000
04c52483
01900513
05812503
00000000
04c52503
01a00513
09812503
00000000
04c52583
01b00513
0d812503
00000000
04c52603
01c00513
01c12503
00000000
04c52683
01d00513
05c12503
00000000
04c52703
01e00513
09c12503
00000000
04c52783
01f00513
0dc12503
00000000
0085a403
00000593
00012583
00000000
0085a483
00100593
04012583
00000000
0085a503
00200593
08012583
00000000
0085a583
00300593
0c012583
00000000
0085a603
00400593
00412583
00000000
0085a683
00500593
04412583
00000000
0085a703
00600593
08412583
00000000
0085a783
00700593
0c412583
00000000
0485a403
00800593
00812583
00000000
0485a483
00900593
04812583
00000000
0485a503
00a00593
08812583
00000000
0485a583
00b00593
0c812583
00000000
0485a603
00c00593
00c12583
00000000
0485a683
00d00593
04c12583
00000000
0485a703
00e00593
08c12583
00000000
0485a783
00f00593
0cc12583
00000000
00c5a403
01000593
01012583
00000000
00c5a483
01100593
05012583
00000000
00c5a503
01200593
09012583
00000000
00c5a583
01300593
0d012583
00000000
00c5a603
01400593
01412583
00000000
00c5a683
01500593
05412583
00000000
00c5a703
01600593
09412583
00000000
00c5a783
01700593
0d412583
00000000
04c5a403
01800593
01812583
00000000
04c5a483
01900593
05812583
00000000
04c5a503
01a00593
09812583
00000000
04c5a583
01b00593
0d812583
00000000
04c5a603
01c00593
01c12583
00000000
04c5a683
01d00593
05c12583
00000000
04c5a703
01e00593
09c12583
00000000
04c5a783
01f00593
0dc12583
00000000
00862403
00000613
00012603
00000000
00862483
00100613
04012603
00000000
00862503
00200613
08012603
00000000
00862583
00300613
0c012603
00000000
00862603
00400613
00412603
00000000
00862683
00500613
04412603
00000000
00862703
00600613
08412603
00000000
00862783
00700613
0c412603
00000000
04862403
00800613
00812603
00000000
04862483
00900613
04812603
00000000
04862503
00a00613
08812603
00000000
04862583
00b00613
0c812603
00000000
04862603
00c00613
00c12603
00000000
04862683
00d00613
04c12603
00000000
04862703
00e00613
08c12603
00000000
04862783
00f00613
0cc12603
00000000
00c62403
01000613
01012603
00000000
00c62483
01100613
05012603
00000000
00c62503
01200613
09012603
00000000
00c62583
01300613
0d012603
00000000
00c62603
01400613
01412603
00000000
00c62683
01500613
05412603
00000000
00c62703
01600613
09412603
00000000
00c62783
01700613
0d412603
00000000
04c62403
01800613
01812603
00000000
04c62483
01900613
05812603
00000000
04c62503
01a00613
09812603
00000000
04c62583
01b00613
0d812603
00000000
04c62603
01c00613
01c12603
00000000
04c62683
01d00613
05c12603
00000000
04c62703
01e00613
09c12603
00000000
04c62783
01f00613
0dc12603
00000000
0086a403
00000693
00012683
00000000
0086a483
00100693
04012683
00000000
0086a503
00200693
08012683
00000000
0086a583
00300693
0c012683
00000000
0086a603
00400693
00412683
00000000
0086a683
00500693
04412683
00000000
0086a703
00600693
08412683
00000000
0086a783
00700693
0c412683
00000000
0486a403
00800693
00812683
00000000
0486a483
00900693
04812683
00000000
0486a503
00a00693
08812683
00000000
0486a583
00b00693
0c812683
00000000
0486a603
00c00693
00c12683
00000000
0486a683
00d00693
04c12683
00000000
0486a703
00e00693
08c12683
00000000
0486a783
00f00693
0cc12683
00000000
00c6a403
01000693
01012683
00000000
00c6a483
01100693
05012683
00000000
00c6a503
01200693
09012683
00000000
00c6a583
01300693
0d012683
00000000
00c6a603
01400693
01412683
00000000
00c6a683
01500693
05412683
00000000
00c6a703
01600693
09412683
00000000
00c6a783
01700693
0d412683
00000000
04c6a403
01800693
01812683
00000000
04c6a483
01900693
05812683
00000000
04c6a503
01a00693
09812683
00000000
04c6a583
01b00693
0d812683
00000000
04c6a603
01c00693
01c12683
00000000
04c6a683
01d00693
05c12683
00000000
04c6a703
01e00693
09c12683
00000000
04c6a783
01f00693
0dc12683
00000000
00872403
00000713
00012703
00000000
00872483
00100713
04012703
00000000
00872503
00200713
08012703
00000000
00872583
00300713
0c012703
00000000
00872603
00400713
00412703
00000000
00872683
00500713
04412703
00000000
00872703
00600713
08412703
00000000
00872783
00700713
0c412703
00000000
04872403
00800713
00812703
00000000
04872483
00900713
04812703
00000000
04872503
00a00713
08812703
00000000
04872583
00b00713
0c812703
00000000
04872603
00c00713
00c12703
00000000
04872683
00d00713
04c12703
00000000
04872703
00e00713
08c12703
00000000
04872783
00f00713
0cc12703
00000000
00c72403
01000713
01012703
00000000
00c72483
01100713
05012703
00000000
00c72503
01200713
09012703
00000000
00c72583
01300713
0d012703
00000000
00c72603
01400713
01412703
00000000
00c72683
01500713
05412703
00000000
00c72703
01600713
09412703
00000000
00c72783
01700713
0d412703
00000000
04c72403
01800713
01812703
00000000
04c72483
01900713
05812703
00000000
04c72503
01a00713
09812703
00000000
04c72583
01b00713
0d812703
00000000
04c72603
01c00713
01c12703
00000000
04c72683
01d00713
05c12703
00000000
04c72703
01e00713
09c12703
00000000
04c72783
01f00713
0dc12703
00000000
0087a403
00000793
00012783
00000000
0087a483
00100793
04012783
00000000
0087a503
00200793
08012783
00000000
0087a583
00300793
0c012783
00000000
0087a603
00400793
00412783
00000000
0087a683
00500793
04412783
00000000
0087a703
00600793
08412783
00000000
0087a783
00700793
0c412783
00000000
0487a403
00800793
00812783
00000000
0487a483
00900793
04812783
00000000
0487a503
00a00793
08812783
00000000
0487a583
00b00793
0c812783
00000000
0487a603
00c00793
00c12783
00000000
0487a683
00d00793
04c12783
00000000
0487a703
00e00793
08c12783
00000000
0487a783
00f00793
0cc12783
00000000
00c7a403
01000793
01012783
00000000
00c7a483
01100793
05012783
00000000
00c7a503
01200793
09012783
00000000
00c7a583
01300793
0d012783
00000000
00c7a603
01400793
01412783
00000000
00c7a683
01500793
05412783
00000000
00c7a703
01600793
09412783
00000000
00c7a783
01700793
0d412783
00000000
04c7a403
01800793
01812783
00000000
04c7a483
01900793
05812783
00000000
04c7a503
01a00793
09812783
00000000
04c7a583
01b00793
0d812783
00000000
04c7a603
01c00793
01c12783
00000000
04c7a683
01d00793
05c12783
00000000
04c7a703
01e00793
09c12783
00000000
04c7a783
01f00793
0dc12783
00000000
01042403
00000813
00012803
00000000
01042483
00100813
04012803
00000000
01042503
00200813
08012803
00000000
01042583
00300813
0c012803
00000000
01042603
00400813
00412803
00000000
01042683
00500813
04412803
00000000
01042703
00600813
08412803
00000000
01042783
00700813
0c412803
00000000
05042403
00800813
00812803
00000000
05042483
00900813
04812803
00000000
05042503
00a00813
08812803
00000000
05042583
00b00813
0c812803
00000000
05042603
00c00813
00c12803
00000000
05042683
00d00813
04c12803
00000000
05042703
00e00813
08c12803
00000000
05042783
00f00813
0cc12803
00000000
01442403
01000813
01012803
00000000
01442483
01100813
05012803
00000000
01442503
01200813
09012803
00000000
01442583
01300813
0d012803
00000000
01442603
01400813
01412803
00000000
01442683
01500813
05412803
00000000
01442703
01600813
09412803
00000000
01442783
01700813
0d412803
00000000
05442403
01800813
01812803
00000000
05442483
01900813
05812803
00000000
05442503
01a00813
09812803
00000000
05442583
01b00813
0d812803
00000000
05442603
01c00813
01c12803
00000000
05442683
01d00813
05c12803
00000000
05442703
01e00813
09c12803
00000000
05442783
01f00813
0dc12803
00000000
0104a403
00000893
00012883
00000000
0104a483
00100893
04012883
00000000
0104a503
00200893
08012883
00000000
0104a583
00300893
0c012883
00000000
0104a603
00400893
00412883
00000000
0104a683
00500893
04412883
00000000
0104a703
00600893
08412883
00000000
0104a783
00700893
0c412883
00000000
0504a403
00800893
00812883
00000000
0504a483
00900893
04812883
00000000
0504a503
00a00893
08812883
00000000
0504a583
00b00893
0c812883
00000000
0504a603
00c00893
00c12883
00000000
0504a683
00d00893
04c12883
00000000
0504a703
00e00893
08c12883
00000000
0504a783
00f00893
0cc12883
00000000
0144a403
01000893
01012883
00000000
0144a483
01100893
05012883
00000000
0144a503
01200893
09012883
00000000
0144a583
01300893
0d012883
00000000
0144a603
01400893
01412883
00000000
0144a683
01500893
05412883
00000000
0144a703
01600893
09412883
00000000
0144a783
01700893
0d412883
00000000
0544a403
01800893
01812883
00000000
0544a483
01900893
05812883
00000000
0544a503
01a00893
09812883
00000000
0544a583
01b00893
0d812883
00000000
0544a603
01c00893
01c12883
00000000
0544a683
01d00893
05c12883
00000000
0544a703
01e00893
09c12883
00000000
0544a783
01f00893
0dc12883
00000000
01052403
00000913
00012903
00000000
01052483
00100913
04012903
00000000
01052503
00200913
08012903
00000000
01052583
00300913
0c012903
00000000
01052603
00400913
00412903
00000000
01052683
00500913
04412903
00000000
01052703
00600913
08412903
00000000
01052783
00700913
0c412903
00000000
05052403
00800913
00812903
00000000
05052483
00900913
04812903
00000000
05052503
00a00913
08812903
00000000
05052583
00b00913
0c812903
00000000
05052603
00c00913
00c12903
00000000
05052683
00d00913
04c12903
00000000
05052703
00e00913
08c12903
00000000
05052783
00f00913
0cc12903
00000000
01452403
01000913
01012903
00000000
01452483
01100913
05012903
00000000
01452503
01200913
09012903
00000000
01452583
01300913
0d012903
00000000
01452603
01400913
01412903
00000000
01452683
01500913
05412903
00000000
01452703
01600913
09412903
00000000
01452783
01700913
0d412903
00000000
05452403
01800913
01812903
00000000
05452483
01900913
05812903
00000000
05452503
01a00913
09812903
00000000
05452583
01b00913
0d812903
00000000
05452603
01c00913
01c12903
00000000
05452683
01d00913
05c12903
00000000
05452703
01e00913
09c12903
00000000
05452783
01f00913
0dc12903
00000000
0105a403
00000993
00012983
00000000
0105a483
00100993
04012983
00000000
0105a503
00200993
08012983
00000000
0105a583
00300993
0c012983
00000000
0105a603
00400993
00412983
00000000
0105a683
00500993
04412983
00000000
0105a703
00600993
08412983
00000000
0105a783
00700993
0c412983
00000000
0505a403
00800993
00812983
00000000
0505a483
00900993
04812983
00000000
0505a503
00a00993
08812983
00000000
0505a583
00b00993
0c812983
00000000
0505a603
00c00993
00c12983
00000000
0505a683
00d00993
04c12983
00000000
0505a703
00e00993
08c12983
00000000
0505a783
00f00993
0cc12983
00000000
0145a403
01000993
01012983
00000000
0145a483
01100993
05012983
00000000
0145a503
01200993
09012983
00000000
0145a583
01300993
0d012983
00000000
0145a603
01400993
01412983
00000000
0145a683
01500993
05412983
00000000
0145a703
01600993
09412983
00000000
0145a783
01700993
0d412983
00000000
0545a403
01800993
01812983
00000000
0545a483
01900993
05812983
00000000
0545a503
01a00993
09812983
00000000
0545a583
01b00993
0d812983
00000000
0545a603
01c00993
01c12983
00000000
0545a683
01d00993
05c12983
00000000
0545a703
01e00993
09c12983
00000000
0545a783
01f00993
0dc12983
00000000
01062403
00000a13
00012a03
00000000
01062483
00100a13
04012a03
00000000
01062503
00200a13
08012a03
00000000
01062583
00300a13
0c012a03
00000000
01062603
00400a13
00412a03
00000000
01062683
00500a13
04412a03
00000000
01062703
00600a13
08412a03
00000000
01062783
00700a13
0c412a03
00000000
05062403
00800a13
00812a03
00000000
05062483
00900a13
04812a03
00000000
05062503
00a00a13
08812a03
00000000
05062583
00b00a13
0c812a03
00000000
05062603
00c00a13
00c12a03
00000000
05062683
00d00a13
04c12a03
00000000
05062703
00e00a13
08c12a03
00000000
05062783
00f00a13
0cc12a03
00000000
01462403
01000a13
01012a03
00000000
01462483
01100a13
05012a03
00000000
01462503
01200a13
09012a03
00000000
01462583
01300a13
0d012a03
00000000
01462603
01400a13
01412a03
00000000
01462683
01500a13
05412a03
00000000
01462703
01600a13
09412a03
00000000
01462783
01700a13
0d412a03
00000000
05462403
01800a13
01812a03
00000000
05462483
01900a13
05812a03
00000000
05462503
01a00a13
09812a03
00000000
05462583
01b00a13
0d812a03
00000000
05462603
01c00a13
01c12a03
00000000
05462683
01d00a13
05c12a03
00000000
05462703
01e00a13
09c12a03
00000000
05462783
01f00a13
0dc12a03
00000000
0106a403
00000a93
00012a83
00000000
0106a483
00100a93
04012a83
00000000
0106a503
00200a93
08012a83
00000000
0106a583
00300a93
0c012a83
00000000
0106a603
00400a93
00412a83
00000000
0106a683
00500a93
04412a83
00000000
0106a703
00600a93
08412a83
00000000
0106a783
00700a93
0c412a83
00000000
0506a403
00800a93
00812a83
00000000
0506a483
00900a93
04812a83
00000000
0506a503
00a00a93
08812a83
00000000
0506a583
00b00a93
0c812a83
00000000
0506a603
00c00a93
00c12a83
00000000
0506a683
00d00a93
04c12a83
00000000
0506a703
00e00a93
08c12a83
00000000
0506a783
00f00a93
0cc12a83
00000000
0146a403
01000a93
01012a83
00000000
0146a483
01100a93
05012a83
00000000
0146a503
01200a93
09012a83
00000000
0146a583
01300a93
0d012a83
00000000
0146a603
01400a93
01412a83
00000000
0146a683
01500a93
05412a83
00000000
0146a703
01600a93
09412a83
00000000
0146a783
01700a93
0d412a83
00000000
0546a403
01800a93
01812a83
00000000
0546a483
01900a93
05812a83
00000000
0546a503
01a00a93
09812a83
00000000
0546a583
01b00a93
0d812a83
00000000
0546a603
01c00a93
01c12a83
00000000
0546a683
01d00a93
05c12a83
00000000
0546a703
01e00a93
09c12a83
00000000
0546a783
01f00a93
0dc12a83
00000000
01072403
00000b13
00012b03
00000000
01072483
00100b13
04012b03
00000000
01072503
00200b13
08012b03
00000000
01072583
00300b13
0c012b03
00000000
01072603
00400b13
00412b03
00000000
01072683
00500b13
04412b03
00000000
01072703
00600b13
08412b03
00000000
01072783
00700b13
0c412b03
00000000
05072403
00800b13
00812b03
00000000
05072483
00900b13
04812b03
00000000
05072503
00a00b13
08812b03
00000000
05072583
00b00b13
0c812b03
00000000
05072603
00c00b13
00c12b03
00000000
05072683
00d00b13
04c12b03
00000000
05072703
00e00b13
08c12b03
00000000
05072783
00f00b13
0cc12b03
00000000
01472403
01000b13
01012b03
00000000
01472483
01100b13
05012b03
00000000
01472503
01200b13
09012b03
00000000
01472583
01300b13
0d012b03
00000000
01472603
01400b13
01412b03
00000000
01472683
01500b13
05412b03
00000000
01472703
01600b13
09412b03
00000000
01472783
01700b13
0d412b03
00000000
05472403
01800b13
01812b03
00000000
05472483
01900b13
05812b03
00000000
05472503
01a00b13
09812b03
00000000
05472583
01b00b13
0d812b03
00000000
05472603
01c00b13
01c12b03
00000000
05472683
01d00b13
05c12b03
00000000
05472703
01e00b13
09c12b03
00000000
05472783
01f00b13
0dc12b03
00000000
0107a403
00000b93
00012b83
00000000
0107a483
00100b93
04012b83
00000000
0107a503
00200b93
08012b83
00000000
0107a583
00300b93
0c012b83
00000000
0107a603
00400b93
00412b83
00000000
0107a683
00500b93
04412b83
00000000
0107a703
00600b93
08412b83
00000000
0107a783
00700b93
0c412b83
00000000
0507a403
00800b93
00812b83
00000000
0507a483
00900b93
04812b83
00000000
0507a503
00a00b93
08812b83
00000000
0507a583
00b00b93
0c812b83
00000000
0507a603
00c00b93
00c12b83
00000000
0507a683
00d00b93
04c12b83
00000000
0507a703
00e00b93
08c12b83
00000000
0507a783
00f00b93
0cc12b83
00000000
0147a403
01000b93
01012b83
00000000
0147a483
01100b93
05012b83
00000000
0147a503
01200b93
09012b83
00000000
0147a583
01300b93
0d012b83
00000000
0147a603
01400b93
01412b83
00000000
0147a683
01500b93
05412b83
00000000
0147a703
01600b93
09412b83
00000000
0147a783
01700b93
0d412b83
00000000
0547a403
01800b93
01812b83
00000000
0547a483
01900b93
05812b83
00000000
0547a503
01a00b93
09812b83
00000000
0547a583
01b00b93
0d812b83
00000000
0547a603
01c00b93
01c12b83
00000000
0547a683
01d00b93
05c12b83
00000000
0547a703
01e00b93
09c12b83
00000000
0547a783
01f00b93
0dc12b83
00000000
01842403
00000c13
00012c03
00000000
01842483
00100c13
04012c03
00000000
01842503
00200c13
08012c03
00000000
01842583
00300c13
0c012c03
00000000
01842603
00400c13
00412c03
00000000
01842683
00500c13
04412c03
00000000
01842703
00600c13
08412c03
00000000
01842783
00700c13
0c412c03
00000000
05842403
00800c13
00812c03
00000000
05842483
00900c13
04812c03
00000000
05842503
00a00c13
08812c03
00000000
05842583
00b00c13
0c812c03
00000000
05842603
00c00c13
00c12c03
00000000
05842683
00d00c13
04c12c03
00000000
05842703
00e00c13
08c12c03
00000000
05842783
00f00c13
0cc12c03
00000000
01c42403
01000c13
01012c03
00000000
01c42483
01100c13
05012c03
00000000
01c42503
01200c13
09012c03
00000000
01c42583
01300c13
0d012c03
00000000
01c42603
01400c13
01412c03
00000000
01c42683
01500c13
05412c03
00000000
01c42703
01600c13
09412c03
00000000
01c42783
01700c13
0d412c03
00000000
05c42403
01800c13
01812c03
00000000
05c42483
01900c13
05812c03
00000000
05c42503
01a00c13
09812c03
00000000
05c42583
01b00c13
0d812c03
00000000
05c42603
01c00c13
01c12c03
00000000
05c42683
01d00c13
05c12c03
00000000
05c42703
01e00c13
09c12c03
00000000
05c42783
01f00c13
0dc12c03
00000000
0184a403
00000c93
00012c83
00000000
0184a483
00100c93
04012c83
00000000
0184a503
00200c93
08012c83
00000000
0184a583
00300c93
0c012c83
00000000
0184a603
00400c93
00412c83
00000000
0184a683
00500c93
04412c83
00000000
0184a703
00600c93
08412c83
00000000
0184a783
00700c93
0c412c83
00000000
0584a403
00800c93
00812c83
00000000
0584a483
00900c93
04812c83
00000000
0584a503
00a00c93
08812c83
00000000
0584a583
00b00c93
0c812c83
00000000
0584a603
00c00c93
00c12c83
00000000
0584a683
00d00c93
04c12c83
00000000
0584a703
00e00c93
08c12c83
00000000
0584a783
00f00c93
0cc12c83
00000000
01c4a403
01000c93
01012c83
00000000
01c4a483
01100c93
05012c83
00000000
01c4a503
01200c93
09012c83
00000000
01c4a583
01300c93
0d012c83
00000000
01c4a603
01400c93
01412c83
00000000
01c4a683
01500c93
05412c83
00000000
01c4a703
01600c93
09412c83
00000000
01c4a783
01700c93
0d412c83
00000000
05c4a403
01800c93
01812c83
00000000
05c4a483
01900c93
05812c83
00000000
05c4a503
01a00c93
09812c83
00000000
05c4a583
01b00c93
0d812c83
00000000
05c4a603
01c00c93
01c12c83
00000000
05c4a683
01d00c93
05c12c83
00000000
05c4a703
01e00c93
09c12c83
00000000
05c4a783
01f00c93
0dc12c83
00000000
01852403
00000d13
00012d03
00000000
01852483
00100d13
04012d03
00000000
01852503
00200d13
08012d03
00000000
01852583
00300d13
0c012d03
00000000
01852603
00400d13
00412d03
00000000
01852683
00500d13
04412d03
00000000
01852703
00600d13
08412d03
00000000
01852783
00700d13
0c412d03
00000000
05852403
00800d13
00812d03
00000000
05852483
00900d13
04812d03
00000000
05852503
00a00d13
08812d03
00000000
05852583
00b00d13
0c812d03
00000000
05852603
00c00d13
00c12d03
00000000
05852683
00d00d13
04c12d03
00000000
05852703
00e00d13
08c12d03
00000000
05852783
00f00d13
0cc12d03
00000000
01c52403
01000d13
01012d03
00000000
01c52483
01100d13
05012d03
00000000
01c52503
01200d13
09012d03
00000000
01c52583
01300d13
0d012d03
00000000
01c52603
01400d13
01412d03
00000000
01c52683
01500d13
05412d03
00000000
01c52703
01600d13
09412d03
00000000
01c52783
01700d13
0d412d03
00000000
05c52403
01800d13
01812d03
00000000
05c52483
01900d13
05812d03
00000000
05c52503
01a00d13
09812d03
00000000
05c52583
01b00d13
0d812d03
00000000
05c52603
01c00d13
01c12d03
00000000
05c52683
01d00d13
05c12d03
00000000
05c52703
01e00d13
09c12d03
00000000
05c52783
01f00d13
0dc12d03
00000000
0185a403
00000d93
00012d83
00000000
0185a483
00100d93
04012d83
00000000
0185a503
00200d93
08012d83
00000000
0185a583
00300d93
0c012d83
00000000
0185a603
00400d93
00412d83
00000000
0185a683
00500d93
04412d83
00000000
0185a703
00600d93
08412d83
00000000
0185a783
00700d93
0c412d83
00000000
0585a403
00800d93
00812d83
00000000
0585a483
00900d93
04812d83
00000000
0585a503
00a00d93
08812d83
00000000
0585a583
00b00d93
0c812d83
00000000
0585a603
00c00d93
00c12d83
00000000
0585a683
00d00d93
04c12d83
00000000
0585a703
00e00d93
08c12d83
00000000
0585a783
00f00d93
0cc12d83
00000000
01c5a403
01000d93
01012d83
00000000
01c5a483
01100d93
05012d83
00000000
01c5a503
01200d93
09012d83
00000000
01c5a583
01300d93
0d012d83
00000000
01c5a603
01400d93
01412d83
00000000
01c5a683
01500d93
05412d83
00000000
01c5a703
01600d93
09412d83
00000000
01c5a783
01700d93
0d412d83
00000000
05c5a403
01800d93
01812d83
00000000
05c5a483
01900d93
05812d83
00000000
05c5a503
01a00d93
09812d83
00000000
05c5a583
01b00d93
0d812d83
00000000
05c5a603
01c00d93
01c12d83
00000000
05c5a683
01d00d93
05c12d83
00000000
05c5a703
01e00d93
09c12d83
00000000
05c5a783
01f00d93
0dc12d83
00000000
01862403
00000e13
00012e03
00000000
01862483
00100e13
04012e03
00000000
01862503
00200e13
08012e03
00000000
01862583
00300e13
0c012e03
00000000
01862603
00400e13
00412e03
00000000
01862683
00500e13
04412e03
00000000
01862703
00600e13
08412e03
00000000
01862783
00700e13
0c412e03
00000000
05862403
00800e13
00812e03
00000000
05862483
00900e13
04812e03
00000000
05862503
00a00e13
08812e03
00000000
05862583
00b00e13
0c812e03
00000000
05862603
00c00e13
00c12e03
00000000
05862683
00d00e13
04c12e03
00000000
05862703
00e00e13
08c12e03
00000000
05862783
00f00e13
0cc12e03
00000000
01c62403
01000e13
01012e03
00000000
01c62483
01100e13
05012e03
00000000
01c62503
01200e13
09012e03
00000000
01c62583
01300e13
0d012e03
00000000
01c62603
01400e13
01412e03
00000000
01c62683
01500e13
05412e03
00000000
01c62703
01600e13
09412e03
00000000
01c62783
01700e13
0d412e03
00000000
05c62403
01800e13
01812e03
00000000
05c62483
01900e13
05812e03
00000000
05c62503
01a00e13
09812e03
00000000
05c62583
01b00e13
0d812e03
00000000
05c62603
01c00e13
01c12e03
00000000
05c62683
01d00e13
05c12e03
00000000
05c62703
01e00e13
09c12e03
00000000
05c62783
01f00e13
0dc12e03
00000000
0186a403
00000e93
00012e83
00000000
0186a483
00100e93
04012e83
00000000
0186a503
00200e93
08012e83
00000000
0186a583
00300e93
0c012e83
00000000
0186a603
00400e93
00412e83
00000000
0186a683
00500e93
04412e83
00000000
0186a703
00600e93
08412e83
00000000
0186a783
00700e93
0c412e83
00000000
0586a403
00800e93
00812e83
00000000
0586a483
00900e93
04812e83
00000000
0586a503
00a00e93
08812e83
00000000
0586a583
00b00e93
0c812e83
00000000
0586a603
00c00e93
00c12e83
00000000
0586a683
00d00e93
04c12e83
00000000
0586a703
00e00e93
08c12e83
00000000
0586a783
00f00e93
0cc12e83
00000000
01c6a403
01000e93
01012e83
00000000
01c6a483
01100e93
05012e83
00000000
01c6a503
01200e93
09012e83
00000000
01c6a583
01300e93
0d012e83
00000000
01c6a603
01400e93
01412e83
00000000
01c6a683
01500e93
05412e83
00000000
01c6a703
01600e93
09412e83
00000000
01c6a783
01700e93
0d412e83
00000000
05c6a403
01800e93
01812e83
00000000
05c6a483
01900e93
05812e83
00000000
05c6a503
01a00e93
09812e83
00000000
05c6a583
01b00e93
0d812e83
00000000
05c6a603
01c00e93
01c12e83
00000000
05c6a683
01d00e93
05c12e83
00000000
05c6a703
01e00e93
09c12e83
00000000
05c6a783
01f00e93
0dc12e83
00000000
01872403
00000f13
00012f03
00000000
01872483
00100f13
04012f03
00000000
01872503
00200f13
08012f03
00000000
01872583
00300f13
0c012f03
00000000
01872603
00400f13
00412f03
00000000
01872683
00500f13
04412f03
00000000
01872703
00600f13
08412f03
00000000
01872783
00700f13
0c412f03
00000000
05872403
00800f13
00812f03
00000000
05872483
00900f13
04812f03
00000000
05872503
00a00f13
08812f03
00000000
05872583
00b00f13
0c812f03
00000000
05872603
00c00f13
00c12f03
00000000
05872683
00d00f13
04c12f03
00000000
05872703
00e00f13
08c12f03
00000000
05872783
00f00f13
0cc12f03
00000000
01c72403
01000f13
01012f03
00000000
01c72483
01100f13
05012f03
00000000
01c72503
01200f13
09012f03
00000000
01c72583
01300f13
0d012f03
00000000
01c72603
01400f13
01412f03
00000000
01c72683
01500f13
05412f03
00000000
01c72703
01600f13
09412f03
00000000
01c72783
01700f13
0d412f03
00000000
05c72403
01800f13
01812f03
00000000
05c72483
01900f13
05812f03
00000000
05c72503
01a00f13
09812f03
00000000
05c72583
01b00f13
0d812f03
00000000
05c72603
01c00f13
01c12f03
00000000
05c72683
01d00f13
05c12f03
00000000
05c72703
01e00f13
09c12f03
00000000
05c72783
01f00f13
0dc12f03
00000000
0187a403
00000f93
00012f83
00000000
0187a483
00100f93
04012f83
00000000
0187a503
00200f93
08012f83
00000000
0187a583
00300f93
0c012f83
00000000
0187a603
00400f93
00412f83
00000000
0187a683
00500f93
04412f83
00000000
0187a703
00600f93
08412f83
00000000
0187a783
00700f93
0c412f83
00000000
0587a403
00800f93
00812f83
00000000
0587a483
00900f93
04812f83
00000000
0587a503
00a00f93
08812f83
00000000
0587a583
00b00f93
0c812f83
00000000
0587a603
00c00f93
00c12f83
00000000
0587a683
00d00f93
04c12f83
00000000
0587a703
00e00f93
08c12f83
00000000
0587a783
00f00f93
0cc12f83
00000000
01c7a403
01000f93
01012f83
00000000
01c7a483
01100f93
05012f83
00000000
01c7a503
01200f93
09012f83
00000000
01c7a583
01300f93
0d012f83
00000000
01c7a603
01400f93
01412f83
00000000
01c7a683
01500f93
05412f83
00000000
01c7a703
01600f93
09412f83
00000000
01c7a783
01700f93
0d412f83
00000000
05c7a403
01800f93
01812f83
00000000
05c7a483
01900f93
05812f83
00000000
05c7a503
01a00f93
09812f83
00000000
05c7a583
01b00f93
0d812f83
00000000
05c7a603
01c00f93
01c12f83
00000000
05c7a683
01d00f93
05c12f83
00000000
05c7a703
01e00f93
09c12f83
00000000
05c7a783
01f00f93
0dc12f83
00000000
02042403
fe000013
00000000
00000000
02042483
fe100013
00000000
00000000
02042503
fe200013
00000000
00000000
02042583
fe300013
00000000
00000000
02042603
fe400013
00000000
00000000
02042683
fe500013
00000000
00000000
02042703
fe600013
00000000
00000000
02042783
fe700013
00000000
00000000
06042403
fe800013
00000000
00000000
06042483
fe900013
00000000
00000000
06042503
fea00013
00000000
00000000
06042583
feb00013
00000000
00000000
06042603
fec00013
00000000
00000000
06042683
fed00013
00000000
00000000
06042703
fee00013
00000000
00000000
06042783
fef00013
00000000
00000000
02442403
ff000013
00000000
00000000
02442483
ff100013
00000000
00000000
02442503
ff200013
00000000
00000000
02442583
ff300013
00000000
00000000
02442603
ff400013
00000000
00000000
02442683
ff500013
00000000
00000000
02442703
ff600013
00000000
00000000
02442783
ff700013
00000000
00000000
06442403
ff800013
00000000
00000000
06442483
ff900013
00000000
00000000
06442503
ffa00013
00000000
00000000
06442583
ffb00013
00000000
00000000
06442603
ffc00013
00000000
00000000
06442683
ffd00013
00000000
00000000
06442703
ffe00013
00000000
00000000
06442783
fff00013
00000000
00000000
0204a403
fe000093
02012083
00000000
0204a483
fe100093
06012083
00000000
0204a503
fe200093
0a012083
00000000
0204a583
fe300093
0e012083
00000000
0204a603
fe400093
02412083
00000000
0204a683
fe500093
06412083
00000000
0204a703
fe600093
0a412083
00000000
0204a783
fe700093
0e412083
00000000
0604a403
fe800093
02812083
00000000
0604a483
fe900093
06812083
00000000
0604a503
fea00093
0a812083
00000000
0604a583
feb00093
0e812083
00000000
0604a603
fec00093
02c12083
00000000
0604a683
fed00093
06c12083
00000000
0604a703
fee00093
0ac12083
00000000
0604a783
fef00093
0ec12083
00000000
0244a403
ff000093
03012083
00000000
0244a483
ff100093
07012083
00000000
0244a503
ff200093
0b012083
00000000
0244a583
ff300093
0f012083
00000000
0244a603
ff400093
03412083
00000000
0244a683
ff500093
07412083
00000000
0244a703
ff600093
0b412083
00000000
0244a783
ff700093
0f412083
00000000
0644a403
ff800093
03812083
00000000
0644a483
ff900093
07812083
00000000
0644a503
ffa00093
0b812083
00000000
0644a583
ffb00093
0f812083
00000000
0644a603
ffc00093
03c12083
00000000
0644a683
ffd00093
07c12083
00000000
0644a703
ffe00093
0bc12083
00000000
0644a783
fff00093
0fc12083
00000000
02052403
fe000113
02012103
00000000
02052483
fe100113
06012103
00000000
02052503
fe200113
0a012103
00000000
02052583
fe300113
0e012103
00000000
02052603
fe400113
02412103
00000000
02052683
fe500113
06412103
00000000
02052703
fe600113
0a412103
00000000
02052783
fe700113
0e412103
00000000
06052403
fe800113
02812103
00000000
06052483
fe900113
06812103
00000000
06052503
fea00113
0a812103
00000000
06052583
feb00113
0e812103
00000000
06052603
fec00113
02c12103
00000000
06052683
fed00113
06c12103
00000000
06052703
fee00113
0ac12103
00000000
06052783
fef00113
0ec12103
00000000
02452403
ff000113
03012103
00000000
02452483
ff100113
07012103
00000000
02452503
ff200113
0b012103
00000000
02452583
ff300113
0f012103
00000000
02452603
ff400113
03412103
00000000
02452683
ff500113
07412103
00000000
02452703
ff600113
0b412103
00000000
02452783
ff700113
0f412103
00000000
06452403
ff800113
03812103
00000000
06452483
ff900113
07812103
00000000
06452503
ffa00113
0b812103
00000000
06452583
ffb00113
0f812103
00000000
06452603
ffc00113
03c12103
00000000
06452683
ffd00113
07c12103
00000000
06452703
ffe00113
0bc12103
00000000
06452783
fff00113
0fc12103
00000000
0205a403
fe000193
02012183
00000000
0205a483
fe100193
06012183
00000000
0205a503
fe200193
0a012183
00000000
0205a583
fe300193
0e012183
00000000
0205a603
fe400193
02412183
00000000
0205a683
fe500193
06412183
00000000
0205a703
fe600193
0a412183
00000000
0205a783
fe700193
0e412183
00000000
0605a403
fe800193
02812183
00000000
0605a483
fe900193
06812183
00000000
0605a503
fea00193
0a812183
00000000
0605a583
feb00193
0e812183
00000000
0605a603
fec00193
02c12183
00000000
0605a683
fed00193
06c12183
00000000
0605a703
fee00193
0ac12183
00000000
0605a783
fef00193
0ec12183
00000000
0245a403
ff000193
03012183
00000000
0245a483
ff100193
07012183
00000000
0245a503
ff200193
0b012183
00000000
0245a583
ff300193
0f012183
00000000
0245a603
ff400193
03412183
00000000
0245a683
ff500193
07412183
00000000
0245a703
ff600193
0b412183
00000000
0245a783
ff700193
0f412183
00000000
0645a403
ff800193
03812183
00000000
0645a483
ff900193
07812183
00000000
0645a503
ffa00193
0b812183
00000000
0645a583
ffb00193
0f812183
00000000
0645a603
ffc00193
03c12183
00000000
0645a683
ffd00193
07c12183
00000000
0645a703
ffe00193
0bc12183
00000000
0645a783
fff00193
0fc12183
00000000
02062403
fe000213
02012203
00000000
02062483
fe100213
06012203
00000000
02062503
fe200213
0a012203
00000000
02062583
fe300213
0e012203
00000000
02062603
fe400213
02412203
00000000
02062683
fe500213
06412203
00000000
02062703
fe600213
0a412203
00000000
02062783
fe700213
0e412203
00000000
06062403
fe800213
02812203
00000000
06062483
fe900213
06812203
00000000
06062503
fea00213
0a812203
00000000
06062583
feb00213
0e812203
00000000
06062603
fec00213
02c12203
00000000
06062683
fed00213
06c12203
00000000
06062703
fee00213
0ac12203
00000000
06062783
fef00213
0ec12203
00000000
02462403
ff000213
03012203
00000000
02462483
ff100213
07012203
00000000
02462503
ff200213
0b012203
00000000
02462583
ff300213
0f012203
00000000
02462603
ff400213
03412203
00000000
02462683
ff500213
07412203
00000000
02462703
ff600213
0b412203
00000000
02462783
ff700213
0f412203
00000000
06462403
ff800213
03812203
00000000
06462483
ff900213
07812203
00000000
06462503
ffa00213
0b812203
00000000
06462583
ffb00213
0f812203
00000000
06462603
ffc00213
03c12203
00000000
06462683
ffd00213
07c12203
00000000
06462703
ffe00213
0bc12203
00000000
06462783
fff00213
0fc12203
00000000
0206a403
fe000293
02012283
00000000
0206a483
fe100293
06012283
00000000
0206a503
fe200293
0a012283
00000000
0206a583
fe300293
0e012283
00000000
0206a603
fe400293
02412283
00000000
0206a683
fe500293
06412283
00000000
0206a703
fe600293
0a412283
00000000
0206a783
fe700293
0e412283
00000000
0606a403
fe800293
02812283
00000000
0606a483
fe900293
06812283
00000000
0606a503
fea00293
0a812283
00000000
0606a583
feb00293
0e812283
00000000
0606a603
fec00293
02c12283
00000000
0606a683
fed00293
06c12283
00000000
0606a703
fee00293
0ac12283
00000000
0606a783
fef00293
0ec12283
00000000
0246a403
ff000293
03012283
00000000
0246a483
ff100293
07012283
00000000
0246a503
ff200293
0b012283
00000000
0246a583
ff300293
0f012283
00000000
0246a603
ff400293
03412283
00000000
0246a683
ff500293
07412283
00000000
0246a703
ff600293
0b412283
00000000
0246a783
ff700293
0f412283
00000000
0646a403
ff800293
03812283
00000000
0646a483
ff900293
07812283
00000000
0646a503
ffa00293
0b812283
00000000
0646a583
ffb00293
0f812283
00000000
0646a603
ffc00293
03c12283
00000000
0646a683
ffd00293
07c12283
00000000
0646a703
ffe00293
0bc12283
00000000
0646a783
fff00293
0fc12283
00000000
02072403
fe000313
02012303
00000000
02072483
fe100313
06012303
00000000
02072503
fe200313
0a012303
00000000
02072583
fe300313
0e012303
00000000
02072603
fe400313
02412303
00000000
02072683
fe500313
06412303
00000000
02072703
fe600313
0a412303
00000000
02072783
fe700313
0e412303
00000000
06072403
fe800313
02812303
00000000
06072483
fe900313
06812303
00000000
06072503
fea00313
0a812303
00000000
06072583
feb00313
0e812303
00000000
06072603
fec00313
02c12303
00000000
06072683
fed00313
06c12303
00000000
06072703
fee00313
0ac12303
00000000
06072783
fef00313
0ec12303
00000000
02472403
ff000313
03012303
00000000
02472483
ff100313
07012303
00000000
02472503
ff200313
0b012303
00000000
02472583
ff300313
0f012303
00000000
02472603
ff400313
03412303
00000000
02472683
ff500313
07412303
00000000
02472703
ff600313
0b412303
00000000
02472783
ff700313
0f412303
00000000
06472403
ff800313
03812303
00000000
06472483
ff900313
07812303
00000000
06472503
ffa00313
0b812303
00000000
06472583
ffb00313
0f812303
00000000
06472603
ffc00313
03c12303
00000000
06472683
ffd00313
07c12303
00000000
06472703
ffe00313
0bc12303
00000000
06472783
fff00313
0fc12303
00000000
0207a403
fe000393
02012383
00000000
0207a483
fe100393
06012383
00000000
0207a503
fe200393
0a012383
00000000
0207a583
fe300393
0e012383
00000000
0207a603
fe400393
02412383
00000000
0207a683
fe500393
06412383
00000000
0207a703
fe600393
0a412383
00000000
0207a783
fe700393
0e412383
00000000
0607a403
fe800393
02812383
00000000
0607a483
fe900393
06812383
00000000
0607a503
fea00393
0a812383
00000000
0607a583
feb00393
0e812383
00000000
0607a603
fec00393
02c12383
00000000
0607a683
fed00393
06c12383
00000000
0607a703
fee00393
0ac12383
00000000
0607a783
fef00393
0ec12383
00000000
0247a403
ff000393
03012383
00000000
0247a483
ff100393
07012383
00000000
0247a503
ff200393
0b012383
00000000
0247a583
ff300393
0f012383
00000000
0247a603
ff400393
03412383
00000000
0247a683
ff500393
07412383
00000000
0247a703
ff600393
0b412383
00000000
0247a783
ff700393
0f412383
00000000
0647a403
ff800393
03812383
00000000
0647a483
ff900393
07812383
00000000
0647a503
ffa00393
0b812383
00000000
0647a583
ffb00393
0f812383
00000000
0647a603
ffc00393
03c12383
00000000
0647a683
ffd00393
07c12383
00000000
0647a703
ffe00393
0bc12383
00000000
0647a783
fff00393
0fc12383
00000000
02842403
fe000413
02012403
00000000
02842483
fe100413
06012403
00000000
02842503
fe200413
0a012403
00000000
02842583
fe300413
0e012403
00000000
02842603
fe400413
02412403
00000000
02842683
fe500413
06412403
00000000
02842703
fe600413
0a412403
00000000
02842783
fe700413
0e412403
00000000
06842403
fe800413
02812403
00000000
06842483
fe900413
06812403
00000000
06842503
fea00413
0a812403
00000000
06842583
feb00413
0e812403
00000000
06842603
fec00413
02c12403
00000000
06842683
fed00413
06c12403
00000000
06842703
fee00413
0ac12403
00000000
06842783
fef00413
0ec12403
00000000
02c42403
ff000413
03012403
00000000
02c42483
ff100413
07012403
00000000
02c42503
ff200413
0b012403
00000000
02c42583
ff300413
0f012403
00000000
02c42603
ff400413
03412403
00000000
02c42683
ff500413
07412403
00000000
02c42703
ff600413
0b412403
00000000
02c42783
ff700413
0f412403
00000000
06c42403
ff800413
03812403
00000000
06c42483
ff900413
07812403
00000000
06c42503
ffa00413
0b812403
00000000
06c42583
ffb00413
0f812403
00000000
06c42603
ffc00413
03c12403
00000000
06c42683
ffd00413
07c12403
00000000
06c42703
ffe00413
0bc12403
00000000
06c42783
fff00413
0fc12403
00000000
0284a403
fe000493
02012483
00000000
0284a483
fe100493
06012483
00000000
0284a503
fe200493
0a012483
00000000
0284a583
fe300493
0e012483
00000000
0284a603
fe400493
02412483
00000000
0284a683
fe500493
06412483
00000000
0284a703
fe600493
0a412483
00000000
0284a783
fe700493
0e412483
00000000
0684a403
fe800493
02812483
00000000
0684a483
fe900493
06812483
00000000
0684a503
fea00493
0a812483
00000000
0684a583
feb00493
0e812483
00000000
0684a603
fec00493
02c12483
00000000
0684a683
fed00493
06c12483
00000000
0684a703
fee00493
0ac12483
00000000
0684a783
fef00493
0ec12483
00000000
02c4a403
ff000493
03012483
00000000
02c4a483
ff100493
07012483
00000000
02c4a503
ff200493
0b012483
00000000
02c4a583
ff300493
0f012483
00000000
02c4a603
ff400493
03412483
00000000
02c4a683
ff500493
07412483
00000000
02c4a703
ff600493
0b412483
00000000
02c4a783
ff700493
0f412483
00000000
06c4a403
ff800493
03812483
00000000
06c4a483
ff900493
07812483
00000000
06c4a503
ffa00493
0b812483
00000000
06c4a583
ffb00493
0f812483
00000000
06c4a603
ffc00493
03c12483
00000000
06c4a683
ffd00493
07c12483
00000000
06c4a703
ffe00493
0bc12483
00000000
06c4a783
fff00493
0fc12483
00000000
02852403
fe000513
02012503
00000000
02852483
fe100513
06012503
00000000
02852503
fe200513
0a012503
00000000
02852583
fe300513
0e012503
00000000
02852603
fe400513
02412503
00000000
02852683
fe500513
06412503
00000000
02852703
fe600513
0a412503
00000000
02852783
fe700513
0e412503
00000000
06852403
fe800513
02812503
00000000
06852483
fe900513
06812503
00000000
06852503
fea00513
0a812503
00000000
06852583
feb00513
0e812503
00000000
06852603
fec00513
02c12503
00000000
06852683
fed00513
06c12503
00000000
06852703
fee00513
0ac12503
00000000
06852783
fef00513
0ec12503
00000000
02c52403
ff000513
03012503
00000000
02c52483
ff100513
07012503
00000000
02c52503
ff200513
0b012503
00000000
02c52583
ff300513
0f012503
00000000
02c52603
ff400513
03412503
00000000
02c52683
ff500513
07412503
00000000
02c52703
ff600513
0b412503
00000000
02c52783
ff700513
0f412503
00000000
06c52403
ff800513
03812503
00000000
06c52483
ff900513
07812503
00000000
06c52503
ffa00513
0b812503
00000000
06c52583
ffb00513
0f812503
00000000
06c52603
ffc00513
03c12503
00000000
06c52683
ffd00513
07c12503
00000000
06c52703
ffe00513
0bc12503
00000000
06c52783
fff00513
0fc12503
00000000
0285a403
fe000593
02012583
00000000
0285a483
fe100593
06012583
00000000
0285a503
fe200593
0a012583
00000000
0285a583
fe300593
0e012583
00000000
0285a603
fe400593
02412583
00000000
0285a683
fe500593
06412583
00000000
0285a703
fe600593
0a412583
00000000
0285a783
fe700593
0e412583
00000000
0685a403
fe800593
02812583
00000000
0685a483
fe900593
06812583
00000000
0685a503
fea00593
0a812583
00000000
0685a583
feb00593
0e812583
00000000
0685a603
fec00593
02c12583
00000000
0685a683
fed00593
06c12583
00000000
0685a703
fee00593
0ac12583
00000000
0685a783
fef00593
0ec12583
00000000
02c5a403
ff000593
03012583
00000000
02c5a483
ff100593
07012583
00000000
02c5a503
ff200593
0b012583
00000000
02c5a583
ff300593
0f012583
00000000
02c5a603
ff400593
03412583
00000000
02c5a683
ff500593
07412583
00000000
02c5a703
ff600593
0b412583
00000000
02c5a783
ff700593
0f412583
00000000
06c5a403
ff800593
03812583
00000000
06c5a483
ff900593
07812583
00000000
06c5a503
ffa00593
0b812583
00000000
06c5a583
ffb00593
0f812583
00000000
06c5a603
ffc00593
03c12583
00000000
06c5a683
ffd00593
07c12583
00000000
06c5a703
ffe00593
0bc12583
00000000
06c5a783
fff00593
0fc12583
00000000
02862403
fe000613
02012603
00000000
02862483
fe100613
06012603
00000000
02862503
fe200613
0a012603
00000000
02862583
fe300613
0e012603
00000000
02862603
fe400613
02412603
00000000
02862683
fe500613
06412603
00000000
02862703
fe600613
0a412603
00000000
02862783
fe700613
0e412603
00000000
06862403
fe800613
02812603
00000000
06862483
fe900613
06812603
00000000
06862503
fea00613
0a812603
00000000
06862583
feb00613
0e812603
00000000
06862603
fec00613
02c12603
00000000
06862683
fed00613
06c12603
00000000
06862703
fee00613
0ac12603
00000000
06862783
fef00613
0ec12603
00000000
02c62403
ff000613
03012603
00000000
02c62483
ff100613
07012603
00000000
02c62503
ff200613
0b012603
00000000
02c62583
ff300613
0f012603
00000000
02c62603
ff400613
03412603
00000000
02c62683
ff500613
07412603
00000000
02c62703
ff600613
0b412603
00000000
02c62783
ff700613
0f412603
00000000
06c62403
ff800613
03812603
00000000
06c62483
ff900613
07812603
00000000
06c62503
ffa00613
0b812603
00000000
06c62583
ffb00613
0f812603
00000000
06c62603
ffc00613
03c12603
00000000
06c62683
ffd00613
07c12603
00000000
06c62703
ffe00613
0bc12603
00000000
06c62783
fff00613
0fc12603
00000000
0286a403
fe000693
02012683
00000000
0286a483
fe100693
06012683
00000000
0286a503
fe200693
0a012683
00000000
0286a583
fe300693
0e012683
00000000
0286a603
fe400693
02412683
00000000
0286a683
fe500693
06412683
00000000
0286a703
fe600693
0a412683
00000000
0286a783
fe700693
0e412683
00000000
0686a403
fe800693
02812683
00000000
0686a483
fe900693
06812683
00000000
0686a503
fea00693
0a812683
00000000
0686a583
feb00693
0e812683
00000000
0686a603
fec00693
02c12683
00000000
0686a683
fed00693
06c12683
00000000
0686a703
fee00693
0ac12683
00000000
0686a783
fef00693
0ec12683
00000000
02c6a403
ff000693
03012683
00000000
02c6a483
ff100693
07012683
00000000
02c6a503
ff200693
0b012683
00000000
02c6a583
ff300693
0f012683
00000000
02c6a603
ff400693
03412683
00000000
02c6a683
ff500693
07412683
00000000
02c6a703
ff600693
0b412683
00000000
02c6a783
ff700693
0f412683
00000000
06c6a403
ff800693
03812683
00000000
06c6a483
ff900693
07812683
00000000
06c6a503
ffa00693
0b812683
00000000
06c6a583
ffb00693
0f812683
00000000
06c6a603
ffc00693
03c12683
00000000
06c6a683
ffd00693
07c12683
00000000
06c6a703
ffe00693
0bc12683
00000000
06c6a783
fff00693
0fc12683
00000000
02872403
fe000713
02012703
00000000
02872483
fe100713
06012703
00000000
02872503
fe200713
0a012703
00000000
02872583
fe300713
0e012703
00000000
02872603
fe400713
02412703
00000000
02872683
fe500713
06412703
00000000
02872703
fe600713
0a412703
00000000
02872783
fe700713
0e412703
00000000
06872403
fe800713
02812703
00000000
06872483
fe900713
06812703
00000000
06872503
fea00713
0a812703
00000000
06872583
feb00713
0e812703
00000000
06872603
fec00713
02c12703
00000000
06872683
fed00713
06c12703
00000000
06872703
fee00713
0ac12703
00000000
06872783
fef00713
0ec12703
00000000
02c72403
ff000713
03012703
00000000
02c72483
ff100713
07012703
00000000
02c72503
ff200713
0b012703
00000000
02c72583
ff300713
0f012703
00000000
02c72603
ff400713
03412703
00000000
02c72683
ff500713
07412703
00000000
02c72703
ff600713
0b412703
00000000
02c72783
ff700713
0f412703
00000000
06c72403
ff800713
03812703
00000000
06c72483
ff900713
07812703
00000000
06c72503
ffa00713
0b812703
00000000
06c72583
ffb00713
0f812703
00000000
06c72603
ffc00713
03c12703
00000000
06c72683
ffd00713
07c12703
00000000
06c72703
ffe00713
0bc12703
00000000
06c72783
fff00713
0fc12703
00000000
0287a403
fe000793
02012783
00000000
0287a483
fe100793
06012783
00000000
0287a503
fe200793
0a012783
00000000
0287a583
fe300793
0e012783
00000000
0287a603
fe400793
02412783
00000000
0287a683
fe500793
06412783
00000000
0287a703
fe600793
0a412783
00000000
0287a783
fe700793
0e412783
00000000
0687a403
fe800793
02812783
00000000
0687a483
fe900793
06812783
00000000
0687a503
fea00793
0a812783
00000000
0687a583
feb00793
0e812783
00000000
0687a603
fec00793
02c12783
00000000
0687a683
fed00793
06c12783
00000000
0687a703
fee00793
0ac12783
00000000
0687a783
fef00793
0ec12783
00000000
02c7a403
ff000793
03012783
00000000
02c7a483
ff100793
07012783
00000000
02c7a503
ff200793
0b012783
00000000
02c7a583
ff300793
0f012783
00000000
02c7a603
ff400793
03412783
00000000
02c7a683
ff500793
07412783
00000000
02c7a703
ff600793
0b412783
00000000
02c7a783
ff700793
0f412783
00000000
06c7a403
ff800793
03812783
00000000
06c7a483
ff900793
07812783
00000000
06c7a503
ffa00793
0b812783
00000000
06c7a583
ffb00793
0f812783
00000000
06c7a603
ffc00793
03c12783
00000000
06c7a683
ffd00793
07c12783
00000000
06c7a703
ffe00793
0bc12783
00000000
06c7a783
fff00793
0fc12783
00000000
03042403
fe000813
02012803
00000000
03042483
fe100813
06012803
00000000
03042503
fe200813
0a012803
00000000
03042583
fe300813
0e012803
00000000
03042603
fe400813
02412803
00000000
03042683
fe500813
06412803
00000000
03042703
fe600813
0a412803
00000000
03042783
fe700813
0e412803
00000000
07042403
fe800813
02812803
00000000
07042483
fe900813
06812803
00000000
07042503
fea00813
0a812803
00000000
07042583
feb00813
0e812803
00000000
07042603
fec00813
02c12803
00000000
07042683
fed00813
06c12803
00000000
07042703
fee00813
0ac12803
00000000
07042783
fef00813
0ec12803
00000000
03442403
ff000813
03012803
00000000
03442483
ff100813
07012803
00000000
03442503
ff200813
0b012803
00000000
03442583
ff300813
0f012803
00000000
03442603
ff400813
03412803
00000000
03442683
ff500813
07412803
00000000
03442703
ff600813
0b412803
00000000
03442783
ff700813
0f412803
00000000
07442403
ff800813
03812803
00000000
07442483
ff900813
07812803
00000000
07442503
ffa00813
0b812803
00000000
07442583
ffb00813
0f812803
00000000
07442603
ffc00813
03c12803
00000000
07442683
ffd00813
07c12803
00000000
07442703
ffe00813
0bc12803
00000000
07442783
fff00813
0fc12803
00000000
0304a403
fe000893
02012883
00000000
0304a483
fe100893
06012883
00000000
0304a503
fe200893
0a012883
00000000
0304a583
fe300893
0e012883
00000000
0304a603
fe400893
02412883
00000000
0304a683
fe500893
06412883
00000000
0304a703
fe600893
0a412883
00000000
0304a783
fe700893
0e412883
00000000
0704a403
fe800893
02812883
00000000
0704a483
fe900893
06812883
00000000
0704a503
fea00893
0a812883
00000000
0704a583
feb00893
0e812883
00000000
0704a603
fec00893
02c12883
00000000
0704a683
fed00893
06c12883
00000000
0704a703
fee00893
0ac12883
00000000
0704a783
fef00893
0ec12883
00000000
0344a403
ff000893
03012883
00000000
0344a483
ff100893
07012883
00000000
0344a503
ff200893
0b012883
00000000
0344a583
ff300893
0f012883
00000000
0344a603
ff400893
03412883
00000000
0344a683
ff500893
07412883
00000000
0344a703
ff600893
0b412883
00000000
0344a783
ff700893
0f412883
00000000
0744a403
ff800893
03812883
00000000
0744a483
ff900893
07812883
00000000
0744a503
ffa00893
0b812883
00000000
0744a583
ffb00893
0f812883
00000000
0744a603
ffc00893
03c12883
00000000
0744a683
ffd00893
07c12883
00000000
0744a703
ffe00893
0bc12883
00000000
0744a783
fff00893
0fc12883
00000000
03052403
fe000913
02012903
00000000
03052483
fe100913
06012903
00000000
03052503
fe200913
0a012903
00000000
03052583
fe300913
0e012903
00000000
03052603
fe400913
02412903
00000000
03052683
fe500913
06412903
00000000
03052703
fe600913
0a412903
00000000
03052783
fe700913
0e412903
00000000
07052403
fe800913
02812903
00000000
07052483
fe900913
06812903
00000000
07052503
fea00913
0a812903
00000000
07052583
feb00913
0e812903
00000000
07052603
fec00913
02c12903
00000000
07052683
fed00913
06c12903
00000000
07052703
fee00913
0ac12903
00000000
07052783
fef00913
0ec12903
00000000
03452403
ff000913
03012903
00000000
03452483
ff100913
07012903
00000000
03452503
ff200913
0b012903
00000000
03452583
ff300913
0f012903
00000000
03452603
ff400913
03412903
00000000
03452683
ff500913
07412903
00000000
03452703
ff600913
0b412903
00000000
03452783
ff700913
0f412903
00000000
07452403
ff800913
03812903
00000000
07452483
ff900913
07812903
00000000
07452503
ffa00913
0b812903
00000000
07452583
ffb00913
0f812903
00000000
07452603
ffc00913
03c12903
00000000
07452683
ffd00913
07c12903
00000000
07452703
ffe00913
0bc12903
00000000
07452783
fff00913
0fc12903
00000000
0305a403
fe000993
02012983
00000000
0305a483
fe100993
06012983
00000000
0305a503
fe200993
0a012983
00000000
0305a583
fe300993
0e012983
00000000
0305a603
fe400993
02412983
00000000
0305a683
fe500993
06412983
00000000
0305a703
fe600993
0a412983
00000000
0305a783
fe700993
0e412983
00000000
0705a403
fe800993
02812983
00000000
0705a483
fe900993
06812983
00000000
0705a503
fea00993
0a812983
00000000
0705a583
feb00993
0e812983
00000000
0705a603
fec00993
02c12983
00000000
0705a683
fed00993
06c12983
00000000
0705a703
fee00993
0ac12983
00000000
0705a783
fef00993
0ec12983
00000000
0345a403
ff000993
03012983
00000000
0345a483
ff100993
07012983
00000000
0345a503
ff200993
0b012983
00000000
0345a583
ff300993
0f012983
00000000
0345a603
ff400993
03412983
00000000
0345a683
ff500993
07412983
00000000
0345a703
ff600993
0b412983
00000000
0345a783
ff700993
0f412983
00000000
0745a403
ff800993
03812983
00000000
0745a483
ff900993
07812983
00000000
0745a503
ffa00993
0b812983
00000000
0745a583
ffb00993
0f812983
00000000
0745a603
ffc00993
03c12983
00000000
0745a683
ffd00993
07c12983
00000000
0745a703
ffe00993
0bc12983
00000000
0745a783
fff00993
0fc12983
00000000
03062403
fe000a13
02012a03
00000000
03062483
fe100a13
06012a03
00000000
03062503
fe200a13
0a012a03
00000000
03062583
fe300a13
0e012a03
00000000
03062603
fe400a13
02412a03
00000000
03062683
fe500a13
06412a03
00000000
03062703
fe600a13
0a412a03
00000000
03062783
fe700a13
0e412a03
00000000
07062403
fe800a13
02812a03
00000000
07062483
fe900a13
06812a03
00000000
07062503
fea00a13
0a812a03
00000000
07062583
feb00a13
0e812a03
00000000
07062603
fec00a13
02c12a03
00000000
07062683
fed00a13
06c12a03
00000000
07062703
fee00a13
0ac12a03
00000000
07062783
fef00a13
0ec12a03
00000000
03462403
ff000a13
03012a03
00000000
03462483
ff100a13
07012a03
00000000
03462503
ff200a13
0b012a03
00000000
03462583
ff300a13
0f012a03
00000000
03462603
ff400a13
03412a03
00000000
03462683
ff500a13
07412a03
00000000
03462703
ff600a13
0b412a03
00000000
03462783
ff700a13
0f412a03
00000000
07462403
ff800a13
03812a03
00000000
07462483
ff900a13
07812a03
00000000
07462503
ffa00a13
0b812a03
00000000
07462583
ffb00a13
0f812a03
00000000
07462603
ffc00a13
03c12a03
00000000
07462683
ffd00a13
07c12a03
00000000
07462703
ffe00a13
0bc12a03
00000000
07462783
fff00a13
0fc12a03
00000000
0306a403
fe000a93
02012a83
00000000
0306a483
fe100a93
06012a83
00000000
0306a503
fe200a93
0a012a83
00000000
0306a583
fe300a93
0e012a83
00000000
0306a603
fe400a93
02412a83
00000000
0306a683
fe500a93
06412a83
00000000
0306a703
fe600a93
0a412a83
00000000
0306a783
fe700a93
0e412a83
00000000
0706a403
fe800a93
02812a83
00000000
0706a483
fe900a93
06812a83
00000000
0706a503
fea00a93
0a812a83
00000000
0706a583
feb00a93
0e812a83
00000000
0706a603
fec00a93
02c12a83
00000000
0706a683
fed00a93
06c12a83
00000000
0706a703
fee00a93
0ac12a83
00000000
0706a783
fef00a93
0ec12a83
00000000
0346a403
ff000a93
03012a83
00000000
0346a483
ff100a93
07012a83
00000000
0346a503
ff200a93
0b012a83
00000000
0346a583
ff300a93
0f012a83
00000000
0346a603
ff400a93
03412a83
00000000
0346a683
ff500a93
07412a83
00000000
0346a703
ff600a93
0b412a83
00000000
0346a783
ff700a93
0f412a83
00000000
0746a403
ff800a93
03812a83
00000000
0746a483
ff900a93
07812a83
00000000
0746a503
ffa00a93
0b812a83
00000000
0746a583
ffb00a93
0f812a83
00000000
0746a603
ffc00a93
03c12a83
00000000
0746a683
ffd00a93
07c12a83
00000000
0746a703
ffe00a93
0bc12a83
00000000
0746a783
fff00a93
0fc12a83
00000000
03072403
fe000b13
02012b03
00000000
03072483
fe100b13
06012b03
00000000
03072503
fe200b13
0a012b03
00000000
03072583
fe300b13
0e012b03
00000000
03072603
fe400b13
02412b03
00000000
03072683
fe500b13
06412b03
00000000
03072703
fe600b13
0a412b03
00000000
03072783
fe700b13
0e412b03
00000000
07072403
fe800b13
02812b03
00000000
07072483
fe900b13
06812b03
00000000
07072503
fea00b13
0a812b03
00000000
07072583
feb00b13
0e812b03
00000000
07072603
fec00b13
02c12b03
00000000
07072683
fed00b13
06c12b03
00000000
07072703
fee00b13
0ac12b03
00000000
07072783
fef00b13
0ec12b03
00000000
03472403
ff000b13
03012b03
00000000
03472483
ff100b13
07012b03
00000000
03472503
ff200b13
0b012b03
00000000
03472583
ff300b13
0f012b03
00000000
03472603
ff400b13
03412b03
00000000
03472683
ff500b13
07412b03
00000000
03472703
ff600b13
0b412b03
00000000
03472783
ff700b13
0f412b03
00000000
07472403
ff800b13
03812b03
00000000
07472483
ff900b13
07812b03
00000000
07472503
ffa00b13
0b812b03
00000000
07472583
ffb00b13
0f812b03
00000000
07472603
ffc00b13
03c12b03
00000000
07472683
ffd00b13
07c12b03
00000000
07472703
ffe00b13
0bc12b03
00000000
07472783
fff00b13
0fc12b03
00000000
0307a403
fe000b93
02012b83
00000000
0307a483
fe100b93
06012b83
00000000
0307a503
fe200b93
0a012b83
00000000
0307a583
fe300b93
0e012b83
00000000
0307a603
fe400b93
02412b83
00000000
0307a683
fe500b93
06412b83
00000000
0307a703
fe600b93
0a412b83
00000000
0307a783
fe700b93
0e412b83
00000000
0707a403
fe800b93
02812b83
00000000
0707a483
fe900b93
06812b83
00000000
0707a503
fea00b93
0a812b83
00000000
0707a583
feb00b93
0e812b83
00000000
0707a603
fec00b93
02c12b83
00000000
0707a683
fed00b93
06c12b83
00000000
0707a703
fee00b93
0ac12b83
00000000
0707a783
fef00b93
0ec12b83
00000000
0347a403
ff000b93
03012b83
00000000
0347a483
ff100b93
07012b83
00000000
0347a503
ff200b93
0b012b83
00000000
0347a583
ff300b93
0f012b83
00000000
0347a603
ff400b93
03412b83
00000000
0347a683
ff500b93
07412b83
00000000
0347a703
ff600b93
0b412b83
00000000
0347a783
ff700b93
0f412b83
00000000
0747a403
ff800b93
03812b83
00000000
0747a483
ff900b93
07812b83
00000000
0747a503
ffa00b93
0b812b83
00000000
0747a583
ffb00b93
0f812b83
00000000
0747a603
ffc00b93
03c12b83
00000000
0747a683
ffd00b93
07c12b83
00000000
0747a703
ffe00b93
0bc12b83
00000000
0747a783
fff00b93
0fc12b83
00000000
03842403
fe000c13
02012c03
00000000
03842483
fe100c13
06012c03
00000000
03842503
fe200c13
0a012c03
00000000
03842583
fe300c13
0e012c03
00000000
03842603
fe400c13
02412c03
00000000
03842683
fe500c13
06412c03
00000000
03842703
fe600c13
0a412c03
00000000
03842783
fe700c13
0e412c03
00000000
07842403
fe800c13
02812c03
00000000
07842483
fe900c13
06812c03
00000000
07842503
fea00c13
0a812c03
00000000
07842583
feb00c13
0e812c03
00000000
07842603
fec00c13
02c12c03
00000000
07842683
fed00c13
06c12c03
00000000
07842703
fee00c13
0ac12c03
00000000
07842783
fef00c13
0ec12c03
00000000
03c42403
ff000c13
03012c03
00000000
03c42483
ff100c13
07012c03
00000000
03c42503
ff200c13
0b012c03
00000000
03c42583
ff300c13
0f012c03
00000000
03c42603
ff400c13
03412c03
00000000
03c42683
ff500c13
07412c03
00000000
03c42703
ff600c13
0b412c03
00000000
03c42783
ff700c13
0f412c03
00000000
07c42403
ff800c13
03812c03
00000000
07c42483
ff900c13
07812c03
00000000
07c42503
ffa00c13
0b812c03
00000000
07c42583
ffb00c13
0f812c03
00000000
07c42603
ffc00c13
03c12c03
00000000
07c42683
ffd00c13
07c12c03
00000000
07c42703
ffe00c13
0bc12c03
00000000
07c42783
fff00c13
0fc12c03
00000000
0384a403
fe000c93
02012c83
00000000
0384a483
fe100c93
06012c83
00000000
0384a503
fe200c93
0a012c83
00000000
0384a583
fe300c93
0e012c83
00000000
0384a603
fe400c93
02412c83
00000000
0384a683
fe500c93
06412c83
00000000
0384a703
fe600c93
0a412c83
00000000
0384a783
fe700c93
0e412c83
00000000
0784a403
fe800c93
02812c83
00000000
0784a483
fe900c93
06812c83
00000000
0784a503
fea00c93
0a812c83
00000000
0784a583
feb00c93
0e812c83
00000000
0784a603
fec00c93
02c12c83
00000000
0784a683
fed00c93
06c12c83
00000000
0784a703
fee00c93
0ac12c83
00000000
0784a783
fef00c93
0ec12c83
00000000
03c4a403
ff000c93
03012c83
00000000
03c4a483
ff100c93
07012c83
00000000
03c4a503
ff200c93
0b012c83
00000000
03c4a583
ff300c93
0f012c83
00000000
03c4a603
ff400c93
03412c83
00000000
03c4a683
ff500c93
07412c83
00000000
03c4a703
ff600c93
0b412c83
00000000
03c4a783
ff700c93
0f412c83
00000000
07c4a403
ff800c93
03812c83
00000000
07c4a483
ff900c93
07812c83
00000000
07c4a503
ffa00c93
0b812c83
00000000
07c4a583
ffb00c93
0f812c83
00000000
07c4a603
ffc00c93
03c12c83
00000000
07c4a683
ffd00c93
07c12c83
00000000
07c4a703
ffe00c93
0bc12c83
00000000
07c4a783
fff00c93
0fc12c83
00000000
03852403
fe000d13
02012d03
00000000
03852483
fe100d13
06012d03
00000000
03852503
fe200d13
0a012d03
00000000
03852583
fe300d13
0e012d03
00000000
03852603
fe400d13
02412d03
00000000
03852683
fe500d13
06412d03
00000000
03852703
fe600d13
0a412d03
00000000
03852783
fe700d13
0e412d03
00000000
07852403
fe800d13
02812d03
00000000
07852483
fe900d13
06812d03
00000000
07852503
fea00d13
0a812d03
00000000
07852583
feb00d13
0e812d03
00000000
07852603
fec00d13
02c12d03
00000000
07852683
fed00d13
06c12d03
00000000
07852703
fee00d13
0ac12d03
00000000
07852783
fef00d13
0ec12d03
00000000
03c52403
ff000d13
03012d03
00000000
03c52483
ff100d13
07012d03
00000000
03c52503
ff200d13
0b012d03
00000000
03c52583
ff300d13
0f012d03
00000000
03c52603
ff400d13
03412d03
00000000
03c52683
ff500d13
07412d03
00000000
03c52703
ff600d13
0b412d03
00000000
03c52783
ff700d13
0f412d03
00000000
07c52403
ff800d13
03812d03
00000000
07c52483
ff900d13
07812d03
00000000
07c52503
ffa00d13
0b812d03
00000000
07c52583
ffb00d13
0f812d03
00000000
07c52603
ffc00d13
03c12d03
00000000
07c52683
ffd00d13
07c12d03
00000000
07c52703
ffe00d13
0bc12d03
00000000
07c52783
fff00d13
0fc12d03
00000000
0385a403
fe000d93
02012d83
00000000
0385a483
fe100d93
06012d83
00000000
0385a503
fe200d93
0a012d83
00000000
0385a583
fe300d93
0e012d83
00000000
0385a603
fe400d93
02412d83
00000000
0385a683
fe500d93
06412d83
00000000
0385a703
fe600d93
0a412d83
00000000
0385a783
fe700d93
0e412d83
00000000
0785a403
fe800d93
02812d83
00000000
0785a483
fe900d93
06812d83
00000000
0785a503
fea00d93
0a812d83
00000000
0785a583
feb00d93
0e812d83
00000000
0785a603
fec00d93
02c12d83
00000000
0785a683
fed00d93
06c12d83
00000000
0785a703
fee00d93
0ac12d83
00000000
0785a783
fef00d93
0ec12d83
00000000
03c5a403
ff000d93
03012d83
00000000
03c5a483
ff100d93
07012d83
00000000
03c5a503
ff200d93
0b012d83
00000000
03c5a583
ff300d93
0f012d83
00000000
03c5a603
ff400d93
03412d83
00000000
03c5a683
ff500d93
07412d83
00000000
03c5a703
ff600d93
0b412d83
00000000
03c5a783
ff700d93
0f412d83
00000000
07c5a403
ff800d93
03812d83
00000000
07c5a483
ff900d93
07812d83
00000000
07c5a503
ffa00d93
0b812d83
00000000
07c5a583
ffb00d93
0f812d83
00000000
07c5a603
ffc00d93
03c12d83
00000000
07c5a683
ffd00d93
07c12d83
00000000
07c5a703
ffe00d93
0bc12d83
00000000
07c5a783
fff00d93
0fc12d83
00000000
03862403
fe000e13
02012e03
00000000
03862483
fe100e13
06012e03
00000000
03862503
fe200e13
0a012e03
00000000
03862583
fe300e13
0e012e03
00000000
03862603
fe400e13
02412e03
00000000
03862683
fe500e13
06412e03
00000000
03862703
fe600e13
0a412e03
00000000
03862783
fe700e13
0e412e03
00000000
07862403
fe800e13
02812e03
00000000
07862483
fe900e13
06812e03
00000000
07862503
fea00e13
0a812e03
00000000
07862583
feb00e13
0e812e03
00000000
07862603
fec00e13
02c12e03
00000000
07862683
fed00e13
06c12e03
00000000
07862703
fee00e13
0ac12e03
00000000
07862783
fef00e13
0ec12e03
00000000
03c62403
ff000e13
03012e03
00000000
03c62483
ff100e13
07012e03
00000000
03c62503
ff200e13
0b012e03
00000000
03c62583
ff300e13
0f012e03
00000000
03c62603
ff400e13
03412e03
00000000
03c62683
ff500e13
07412e03
00000000
03c62703
ff600e13
0b412e03
00000000
03c62783
ff700e13
0f412e03
00000000
07c62403
ff800e13
03812e03
00000000
07c62483
ff900e13
07812e03
00000000
07c62503
ffa00e13
0b812e03
00000000
07c62583
ffb00e13
0f812e03
00000000
07c62603
ffc00e13
03c12e03
00000000
07c62683
ffd00e13
07c12e03
00000000
07c62703
ffe00e13
0bc12e03
00000000
07c62783
fff00e13
0fc12e03
00000000
0386a403
fe000e93
02012e83
00000000
0386a483
fe100e93
06012e83
00000000
0386a503
fe200e93
0a012e83
00000000
0386a583
fe300e93
0e012e83
00000000
0386a603
fe400e93
02412e83
00000000
0386a683
fe500e93
06412e83
00000000
0386a703
fe600e93
0a412e83
00000000
0386a783
fe700e93
0e412e83
00000000
0786a403
fe800e93
02812e83
00000000
0786a483
fe900e93
06812e83
00000000
0786a503
fea00e93
0a812e83
00000000
0786a583
feb00e93
0e812e83
00000000
0786a603
fec00e93
02c12e83
00000000
0786a683
fed00e93
06c12e83
00000000
0786a703
fee00e93
0ac12e83
00000000
0786a783
fef00e93
0ec12e83
00000000
03c6a403
ff000e93
03012e83
00000000
03c6a483
ff100e93
07012e83
00000000
03c6a503
ff200e93
0b012e83
00000000
03c6a583
ff300e93
0f012e83
00000000
03c6a603
ff400e93
03412e83
00000000
03c6a683
ff500e93
07412e83
00000000
03c6a703
ff600e93
0b412e83
00000000
03c6a783
ff700e93
0f412e83
00000000
07c6a403
ff800e93
03812e83
00000000
07c6a483
ff900e93
07812e83
00000000
07c6a503
ffa00e93
0b812e83
00000000
07c6a583
ffb00e93
0f812e83
00000000
07c6a603
ffc00e93
03c12e83
00000000
07c6a683
ffd00e93
07c12e83
00000000
07c6a703
ffe00e93
0bc12e83
00000000
07c6a783
fff00e93
0fc12e83
00000000
03872403
fe000f13
02012f03
00000000
03872483
fe100f13
06012f03
00000000
03872503
fe200f13
0a012f03
00000000
03872583
fe300f13
0e012f03
00000000
03872603
fe400f13
02412f03
00000000
03872683
fe500f13
06412f03
00000000
03872703
fe600f13
0a412f03
00000000
03872783
fe700f13
0e412f03
00000000
07872403
fe800f13
02812f03
00000000
07872483
fe900f13
06812f03
00000000
07872503
fea00f13
0a812f03
00000000
07872583
feb00f13
0e812f03
00000000
07872603
fec00f13
02c12f03
00000000
07872683
fed00f13
06c12f03
00000000
07872703
fee00f13
0ac12f03
00000000
07872783
fef00f13
0ec12f03
00000000
03c72403
ff000f13
03012f03
00000000
03c72483
ff100f13
07012f03
00000000
03c72503
ff200f13
0b012f03
00000000
03c72583
ff300f13
0f012f03
00000000
03c72603
ff400f13
03412f03
00000000
03c72683
ff500f13
07412f03
00000000
03c72703
ff600f13
0b412f03
00000000
03c72783
ff700f13
0f412f03
00000000
07c72403
ff800f13
03812f03
00000000
07c72483
ff900f13
07812f03
00000000
07c72503
ffa00f13
0b812f03
00000000
07c72583
ffb00f13
0f812f03
00000000
07c72603
ffc00f13
03c12f03
00000000
07c72683
ffd00f13
07c12f03
00000000
07c72703
ffe00f13
0bc12f03
00000000
07c72783
fff00f13
0fc12f03
00000000
0387a403
fe000f93
02012f83
00000000
0387a483
fe100f93
06012f83
00000000
0387a503
fe200f93
0a012f83
00000000
0387a583
fe300f93
0e012f83
00000000
0387a603
fe400f93
02412f83
00000000
0387a683
fe500f93
06412f83
00000000
0387a703
fe600f93
0a412f83
00000000
0387a783
fe700f93
0e412f83
00000000
0787a403
fe800f93
02812f83
00000000
0787a483
fe900f93
06812f83
00000000
0787a503
fea00f93
0a812f83
00000000
0787a583
feb00f93
0e812f83
00000000
0787a603
fec00f93
02c12f83
00000000
0787a683
fed00f93
06c12f83
00000000
0787a703
fee00f93
0ac12f83
00000000
0787a783
fef00f93
0ec12f83
00000000
03c7a403
ff000f93
03012f83
00000000
03c7a483
ff100f93
07012f83
00000000
03c7a503
ff200f93
0b012f83
00000000
03c7a583
ff300f93
0f012f83
00000000
03c7a603
ff400f93
03412f83
00000000
03c7a683
ff500f93
07412f83
00000000
03c7a703
ff600f93
0b412f83
00000000
03c7a783
ff700f93
0f412f83
00000000
07c7a403
ff800f93
03812f83
00000000
07c7a483
ff900f93
07812f83
00000000
07c7a503
ffa00f93
0b812f83
00000000
07c7a583
ffb00f93
0f812f83
00000000
07c7a603
ffc00f93
03c12f83
00000000
07c7a683
ffd00f93
07c12f83
00000000
07c7a703
ffe00f93
0bc12f83
00000000
07c7a783
fff00f93
0fc12f83
00000000
00043403
00000000
00000000
00000000
00043483
00001037
00000000
00000000
00043503
00002037
00000000
00000000
00043583
00003037
00000000
00000000
00043603
00004037
00000000
00000000
00043683
00005037
00000000
00000000
00043703
00006037
00000000
00000000
00043783
00007037
00000000
00000000
04043403
00008037
00000000
00000000
04043483
00009037
00000000
00000000
04043503
0000a037
00000000
00000000
04043583
0000b037
00000000
00000000
04043603
0000c037
00000000
00000000
04043683
0000d037
00000000
00000000
04043703
0000e037
00000000
00000000
04043783
0000f037
00000000
00000000
08043403
00010037
00000000
00000000
08043483
00011037
00000000
00000000
08043503
00012037
00000000
00000000
08043583
00013037
00000000
00000000
08043603
00014037
00000000
00000000
08043683
00015037
00000000
00000000
08043703
00016037
00000000
00000000
08043783
00017037
00000000
00000000
0c043403
00018037
00000000
00000000
0c043483
00019037
00000000
00000000
0c043503
0001a037
00000000
00000000
0c043583
0001b037
00000000
00000000
0c043603
0001c037
00000000
00000000
0c043683
0001d037
00000000
00000000
0c043703
0001e037
00000000
00000000
0c043783
0001f037
00000000
00000000
0004b403
00000000
00013083
00000000
0004b483
000010b7
04013083
00000000
0004b503
000020b7
08013083
00000000
0004b583
000030b7
0c013083
00000000
0004b603
000040b7
10013083
00000000
0004b683
000050b7
14013083
00000000
0004b703
000060b7
18013083
00000000
0004b783
000070b7
1c013083
00000000
0404b403
000080b7
00813083
00000000
0404b483
000090b7
04813083
00000000
0404b503
0000a0b7
08813083
00000000
0404b583
0000b0b7
0c813083
00000000
0404b603
0000c0b7
10813083
00000000
0404b683
0000d0b7
14813083
00000000
0404b703
0000e0b7
18813083
00000000
0404b783
0000f0b7
1c813083
00000000
0804b403
000100b7
01013083
00000000
0804b483
000110b7
05013083
00000000
0804b503
000120b7
09013083
00000000
0804b583
000130b7
0d013083
00000000
0804b603
000140b7
11013083
00000000
0804b683
000150b7
15013083
00000000
0804b703
000160b7
19013083
00000000
0804b783
000170b7
1d013083
00000000
0c04b403
000180b7
01813083
00000000
0c04b483
000190b7
05813083
00000000
0c04b503
0001a0b7
09813083
00000000
0c04b583
0001b0b7
0d813083
00000000
0c04b603
0001c0b7
11813083
00000000
0c04b683
0001d0b7
15813083
00000000
0c04b703
0001e0b7
19813083
00000000
0c04b783
0001f0b7
1d813083
00000000
00053403
00000000
00013103
00000000
00053483
02010113
04013103
00000000
00053503
08010113
08013103
00000000
00053583
0a010113
0c013103
00000000
00053603
10010113
10013103
00000000
00053683
12010113
14013103
00000000
00053703
18010113
18013103
00000000
00053783
1a010113
1c013103
00000000
04053403
04010113
00813103
00000000
04053483
06010113
04813103
00000000
04053503
0c010113
08813103
00000000
04053583
0e010113
0c813103
00000000
04053603
14010113
10813103
00000000
04053683
16010113
14813103
00000000
04053703
1c010113
18813103
00000000
04053783
1e010113
1c813103
00000000
08053403
01010113
01013103
00000000
08053483
03010113
05013103
00000000
08053503
09010113
09013103
00000000
08053583
0b010113
0d013103
00000000
08053603
11010113
11013103
00000000
08053683
13010113
15013103
00000000
08053703
19010113
19013103
00000000
08053783
1b010113
1d013103
00000000
0c053403
05010113
01813103
00000000
0c053483
07010113
05813103
00000000
0c053503
0d010113
09813103
00000000
0c053583
0f010113
0d813103
00000000
0c053603
15010113
11813103
00000000
0c053683
17010113
15813103
00000000
0c053703
1d010113
19813103
00000000
0c053783
1f010113
1d813103
00000000
0005b403
00000000
00013183
00000000
0005b483
000011b7
04013183
00000000
0005b503
000021b7
08013183
00000000
0005b583
000031b7
0c013183
00000000
0005b603
000041b7
10013183
00000000
0005b683
000051b7
14013183
00000000
0005b703
000061b7
18013183
00000000
0005b783
000071b7
1c013183
00000000
0405b403
000081b7
00813183
00000000
0405b483
000091b7
04813183
00000000
0405b503
0000a1b7
08813183
00000000
0405b583
0000b1b7
0c813183
00000000
0405b603
0000c1b7
10813183
00000000
0405b683
0000d1b7
14813183
00000000
0405b703
0000e1b7
18813183
00000000
0405b783
0000f1b7
1c813183
00000000
0805b403
000101b7
01013183
00000000
0805b483
000111b7
05013183
00000000
0805b503
000121b7
09013183
00000000
0805b583
000131b7
0d013183
00000000
0805b603
000141b7
11013183
00000000
0805b683
000151b7
15013183
00000000
0805b703
000161b7
19013183
00000000
0805b783
000171b7
1d013183
00000000
0c05b403
000181b7
01813183
00000000
0c05b483
000191b7
05813183
00000000
0c05b503
0001a1b7
09813183
00000000
0c05b583
0001b1b7
0d813183
00000000
0c05b603
0001c1b7
11813183
00000000
0c05b683
0001d1b7
15813183
00000000
0c05b703
0001e1b7
19813183
00000000
0c05b783
0001f1b7
1d813183
00000000
00063403
00000000
00013203
00000000
00063483
00001237
04013203
00000000
00063503
00002237
08013203
00000000
00063583
00003237
0c013203
00000000
00063603
00004237
10013203
00000000
00063683
00005237
14013203
00000000
00063703
00006237
18013203
00000000
00063783
00007237
1c013203
00000000
04063403
00008237
00813203
00000000
04063483
00009237
04813203
00000000
04063503
0000a237
08813203
00000000
04063583
0000b237
0c813203
00000000
04063603
0000c237
10813203
00000000
04063683
0000d237
14813203
00000000
04063703
0000e237
18813203
00000000
04063783
0000f237
1c813203
00000000
08063403
00010237
01013203
00000000
08063483
00011237
05013203
00000000
08063503
00012237
09013203
00000000
08063583
00013237
0d013203
00000000
08063603
00014237
11013203
00000000
08063683
00015237
15013203
00000000
08063703
00016237
19013203
00000000
08063783
00017237
1d013203
00000000
0c063403
00018237
01813203
00000000
0c063483
00019237
05813203
00000000
0c063503
0001a237
09813203
00000000
0c063583
0001b237
0d813203
00000000
0c063603
0001c237
11813203
00000000
0c063683
0001d237
15813203
00000000
0c063703
0001e237
19813203
00000000
0c063783
0001f237
1d813203
00000000
0006b403
00000000
00013283
00000000
0006b483
000012b7
04013283
00000000
0006b503
000022b7
08013283
00000000
0006b583
000032b7
0c013283
00000000
0006b603
000042b7
10013283
00000000
0006b683
000052b7
14013283
00000000
0006b703
000062b7
18013283
00000000
0006b783
000072b7
1c013283
00000000
0406b403
000082b7
00813283
00000000
0406b483
000092b7
04813283
00000000
0406b503
0000a2b7
08813283
00000000
0406b583
0000b2b7
0c813283
00000000
0406b603
0000c2b7
10813283
00000000
0406b683
0000d2b7
14813283
00000000
0406b703
0000e2b7
18813283
00000000
0406b783
0000f2b7
1c813283
00000000
0806b403
000102b7
01013283
00000000
0806b483
000112b7
05013283
00000000
0806b503
000122b7
09013283
00000000
0806b583
000132b7
0d013283
00000000
0806b603
000142b7
11013283
00000000
0806b683
000152b7
15013283
00000000
0806b703
000162b7
19013283
00000000
0806b783
000172b7
1d013283
00000000
0c06b403
000182b7
01813283
00000000
0c06b483
000192b7
05813283
00000000
0c06b503
0001a2b7
09813283
00000000
0c06b583
0001b2b7
0d813283
00000000
0c06b603
0001c2b7
11813283
00000000
0c06b683
0001d2b7
15813283
00000000
0c06b703
0001e2b7
19813283
00000000
0c06b783
0001f2b7
1d813283
00000000
00073403
00000000
00013303
00000000
00073483
00001337
04013303
00000000
00073503
00002337
08013303
00000000
00073583
00003337
0c013303
00000000
00073603
00004337
10013303
00000000
00073683
00005337
14013303
00000000
00073703
00006337
18013303
00000000
00073783
00007337
1c013303
00000000
04073403
00008337
00813303
00000000
04073483
00009337
04813303
00000000
04073503
0000a337
08813303
00000000
04073583
0000b337
0c813303
00000000
04073603
0000c337
10813303
00000000
04073683
0000d337
14813303
00000000
04073703
0000e337
18813303
00000000
04073783
0000f337
1c813303
00000000
08073403
00010337
01013303
00000000
08073483
00011337
05013303
00000000
08073503
00012337
09013303
00000000
08073583
00013337
0d013303
00000000
08073603
00014337
11013303
00000000
08073683
00015337
15013303
00000000
08073703
00016337
19013303
00000000
08073783
00017337
1d013303
00000000
0c073403
00018337
01813303
00000000
0c073483
00019337
05813303
00000000
0c073503
0001a337
09813303
00000000
0c073583
0001b337
0d813303
00000000
0c073603
0001c337
11813303
00000000
0c073683
0001d337
15813303
00000000
0c073703
0001e337
19813303
00000000
0c073783
0001f337
1d813303
00000000
0007b403
00000000
00013383
00000000
0007b483
000013b7
04013383
00000000
0007b503
000023b7
08013383
00000000
0007b583
000033b7
0c013383
00000000
0007b603
000043b7
10013383
00000000
0007b683
000053b7
14013383
00000000
0007b703
000063b7
18013383
00000000
0007b783
000073b7
1c013383
00000000
0407b403
000083b7
00813383
00000000
0407b483
000093b7
04813383
00000000
0407b503
0000a3b7
08813383
00000000
0407b583
0000b3b7
0c813383
00000000
0407b603
0000c3b7
10813383
00000000
0407b683
0000d3b7
14813383
00000000
0407b703
0000e3b7
18813383
00000000
0407b783
0000f3b7
1c813383
00000000
0807b403
000103b7
01013383
00000000
0807b483
000113b7
05013383
00000000
0807b503
000123b7
09013383
00000000
0807b583
000133b7
0d013383
00000000
0807b603
000143b7
11013383
00000000
0807b683
000153b7
15013383
00000000
0807b703
000163b7
19013383
00000000
0807b783
000173b7
1d013383
00000000
0c07b403
000183b7
01813383
00000000
0c07b483
000193b7
05813383
00000000
0c07b503
0001a3b7
09813383
00000000
0c07b583
0001b3b7
0d813383
00000000
0c07b603
0001c3b7
11813383
00000000
0c07b683
0001d3b7
15813383
00000000
0c07b703
0001e3b7
19813383
00000000
0c07b783
0001f3b7
1d813383
00000000
00843403
00000000
00013403
00000000
00843483
00001437
04013403
00000000
00843503
00002437
08013403
00000000
00843583
00003437
0c013403
00000000
00843603
00004437
10013403
00000000
00843683
00005437
14013403
00000000
00843703
00006437
18013403
00000000
00843783
00007437
1c013403
00000000
04843403
00008437
00813403
00000000
04843483
00009437
04813403
00000000
04843503
0000a437
08813403
00000000
04843583
0000b437
0c813403
00000000
04843603
0000c437
10813403
00000000
04843683
0000d437
14813403
00000000
04843703
0000e437
18813403
00000000
04843783
0000f437
1c813403
00000000
08843403
00010437
01013403
00000000
08843483
00011437
05013403
00000000
08843503
00012437
09013403
00000000
08843583
00013437
0d013403
00000000
08843603
00014437
11013403
00000000
08843683
00015437
15013403
00000000
08843703
00016437
19013403
00000000
08843783
00017437
1d013403
00000000
0c843403
00018437
01813403
00000000
0c843483
00019437
05813403
00000000
0c843503
0001a437
09813403
00000000
0c843583
0001b437
0d813403
00000000
0c843603
0001c437
11813403
00000000
0c843683
0001d437
15813403
00000000
0c843703
0001e437
19813403
00000000
0c843783
0001f437
1d813403
00000000
0084b403
00000000
00013483
00000000
0084b483
000014b7
04013483
00000000
0084b503
000024b7
08013483
00000000
0084b583
000034b7
0c013483
00000000
0084b603
000044b7
10013483
00000000
0084b683
000054b7
14013483
00000000
0084b703
000064b7
18013483
00000000
0084b783
000074b7
1c013483
00000000
0484b403
000084b7
00813483
00000000
0484b483
000094b7
04813483
00000000
0484b503
0000a4b7
08813483
00000000
0484b583
0000b4b7
0c813483
00000000
0484b603
0000c4b7
10813483
00000000
0484b683
0000d4b7
14813483
00000000
0484b703
0000e4b7
18813483
00000000
0484b783
0000f4b7
1c813483
00000000
0884b403
000104b7
01013483
00000000
0884b483
000114b7
05013483
00000000
0884b503
000124b7
09013483
00000000
0884b583
000134b7
0d013483
00000000
0884b603
000144b7
11013483
00000000
0884b683
000154b7
15013483
00000000
0884b703
000164b7
19013483
00000000
0884b783
000174b7
1d013483
00000000
0c84b403
000184b7
01813483
00000000
0c84b483
000194b7
05813483
00000000
0c84b503
0001a4b7
09813483
00000000
0c84b583
0001b4b7
0d813483
00000000
0c84b603
0001c4b7
11813483
00000000
0c84b683
0001d4b7
15813483
00000000
0c84b703
0001e4b7
19813483
00000000
0c84b783
0001f4b7
1d813483
00000000
00853403
00000000
00013503
00000000
00853483
00001537
04013503
00000000
00853503
00002537
08013503
00000000
00853583
00003537
0c013503
00000000
00853603
00004537
10013503
00000000
00853683
00005537
14013503
00000000
00853703
00006537
18013503
00000000
00853783
00007537
1c013503
00000000
04853403
00008537
00813503
00000000
04853483
00009537
04813503
00000000
04853503
0000a537
08813503
00000000
04853583
0000b537
0c813503
00000000
04853603
0000c537
10813503
00000000
04853683
0000d537
14813503
00000000
04853703
0000e537
18813503
00000000
04853783
0000f537
1c813503
00000000
08853403
00010537
01013503
00000000
08853483
00011537
05013503
00000000
08853503
00012537
09013503
00000000
08853583
00013537
0d013503
00000000
08853603
00014537
11013503
00000000
08853683
00015537
15013503
00000000
08853703
00016537
19013503
00000000
08853783
00017537
1d013503
00000000
0c853403
00018537
01813503
00000000
0c853483
00019537
05813503
00000000
0c853503
0001a537
09813503
00000000
0c853583
0001b537
0d813503
00000000
0c853603
0001c537
11813503
00000000
0c853683
0001d537
15813503
00000000
0c853703
0001e537
19813503
00000000
0c853783
0001f537
1d813503
00000000
0085b403
00000000
00013583
00000000
0085b483
000015b7
04013583
00000000
0085b503
000025b7
08013583
00000000
0085b583
000035b7
0c013583
00000000
0085b603
000045b7
10013583
00000000
0085b683
000055b7
14013583
00000000
0085b703
000065b7
18013583
00000000
0085b783
000075b7
1c013583
00000000
0485b403
000085b7
00813583
00000000
0485b483
000095b7
04813583
00000000
0485b503
0000a5b7
08813583
00000000
0485b583
0000b5b7
0c813583
00000000
0485b603
0000c5b7
10813583
00000000
0485b683
0000d5b7
14813583
00000000
0485b703
0000e5b7
18813583
00000000
0485b783
0000f5b7
1c813583
00000000
0885b403
000105b7
01013583
00000000
0885b483
000115b7
05013583
00000000
0885b503
000125b7
09013583
00000000
0885b583
000135b7
0d013583
00000000
0885b603
000145b7
11013583
00000000
0885b683
000155b7
15013583
00000000
0885b703
000165b7
19013583
00000000
0885b783
000175b7
1d013583
00000000
0c85b403
000185b7
01813583
00000000
0c85b483
000195b7
05813583
00000000
0c85b503
0001a5b7
09813583
00000000
0c85b583
0001b5b7
0d813583
00000000
0c85b603
0001c5b7
11813583
00000000
0c85b683
0001d5b7
15813583
00000000
0c85b703
0001e5b7
19813583
00000000
0c85b783
0001f5b7
1d813583
00000000
00863403
00000000
00013603
00000000
00863483
00001637
04013603
00000000
00863503
00002637
08013603
00000000
00863583
00003637
0c013603
00000000
00863603
00004637
10013603
00000000
00863683
00005637
14013603
00000000
00863703
00006637
18013603
00000000
00863783
00007637
1c013603
00000000
04863403
00008637
00813603
00000000
04863483
00009637
04813603
00000000
04863503
0000a637
08813603
00000000
04863583
0000b637
0c813603
00000000
04863603
0000c637
10813603
00000000
04863683
0000d637
14813603
00000000
04863703
0000e637
18813603
00000000
04863783
0000f637
1c813603
00000000
08863403
00010637
01013603
00000000
08863483
00011637
05013603
00000000
08863503
00012637
09013603
00000000
08863583
00013637
0d013603
00000000
08863603
00014637
11013603
00000000
08863683
00015637
15013603
00000000
08863703
00016637
19013603
00000000
08863783
00017637
1d013603
00000000
0c863403
00018637
01813603
00000000
0c863483
00019637
05813603
00000000
0c863503
0001a637
09813603
00000000
0c863583
0001b637
0d813603
00000000
0c863603
0001c637
11813603
00000000
0c863683
0001d637
15813603
00000000
0c863703
0001e637
19813603
00000000
0c863783
0001f637
1d813603
00000000
0086b403
00000000
00013683
00000000
0086b483
000016b7
04013683
00000000
0086b503
000026b7
08013683
00000000
0086b583
000036b7
0c013683
00000000
0086b603
000046b7
10013683
00000000
0086b683
000056b7
14013683
00000000
0086b703
000066b7
18013683
00000000
0086b783
000076b7
1c013683
00000000
0486b403
000086b7
00813683
00000000
0486b483
000096b7
04813683
00000000
0486b503
0000a6b7
08813683
00000000
0486b583
0000b6b7
0c813683
00000000
0486b603
0000c6b7
10813683
00000000
0486b683
0000d6b7
14813683
00000000
0486b703
0000e6b7
18813683
00000000
0486b783
0000f6b7
1c813683
00000000
0886b403
000106b7
01013683
00000000
0886b483
000116b7
05013683
00000000
0886b503
000126b7
09013683
00000000
0886b583
000136b7
0d013683
00000000
0886b603
000146b7
11013683
00000000
0886b683
000156b7
15013683
00000000
0886b703
000166b7
19013683
00000000
0886b783
000176b7
1d013683
00000000
0c86b403
000186b7
01813683
00000000
0c86b483
000196b7
05813683
00000000
0c86b503
0001a6b7
09813683
00000000
0c86b583
0001b6b7
0d813683
00000000
0c86b603
0001c6b7
11813683
00000000
0c86b683
0001d6b7
15813683
00000000
0c86b703
0001e6b7
19813683
00000000
0c86b783
0001f6b7
1d813683
00000000
00873403
00000000
00013703
00000000
00873483
00001737
04013703
00000000
00873503
00002737
08013703
00000000
00873583
00003737
0c013703
00000000
00873603
00004737
10013703
00000000
00873683
00005737
14013703
00000000
00873703
00006737
18013703
00000000
00873783
00007737
1c013703
00000000
04873403
00008737
00813703
00000000
04873483
00009737
04813703
00000000
04873503
0000a737
08813703
00000000
04873583
0000b737
0c813703
00000000
04873603
0000c737
10813703
00000000
04873683
0000d737
14813703
00000000
04873703
0000e737
18813703
00000000
04873783
0000f737
1c813703
00000000
08873403
00010737
01013703
00000000
08873483
00011737
05013703
00000000
08873503
00012737
09013703
00000000
08873583
00013737
0d013703
00000000
08873603
00014737
11013703
00000000
08873683
00015737
15013703
00000000
08873703
00016737
19013703
00000000
08873783
00017737
1d013703
00000000
0c873403
00018737
01813703
00000000
0c873483
00019737
05813703
00000000
0c873503
0001a737
09813703
00000000
0c873583
0001b737
0d813703
00000000
0c873603
0001c737
11813703
00000000
0c873683
0001d737
15813703
00000000
0c873703
0001e737
19813703
00000000
0c873783
0001f737
1d813703
00000000
0087b403
00000000
00013783
00000000
0087b483
000017b7
04013783
00000000
0087b503
000027b7
08013783
00000000
0087b583
000037b7
0c013783
00000000
0087b603
000047b7
10013783
00000000
0087b683
000057b7
14013783
00000000
0087b703
000067b7
18013783
00000000
0087b783
000077b7
1c013783
00000000
0487b403
000087b7
00813783
00000000
0487b483
000097b7
04813783
00000000
0487b503
0000a7b7
08813783
00000000
0487b583
0000b7b7
0c813783
00000000
0487b603
0000c7b7
10813783
00000000
0487b683
0000d7b7
14813783
00000000
0487b703
0000e7b7
18813783
00000000
0487b783
0000f7b7
1c813783
00000000
0887b403
000107b7
01013783
00000000
0887b483
000117b7
05013783
00000000
0887b503
000127b7
09013783
00000000
0887b583
000137b7
0d013783
00000000
0887b603
000147b7
11013783
00000000
0887b683
000157b7
15013783
00000000
0887b703
000167b7
19013783
00000000
0887b783
000177b7
1d013783
00000000
0c87b403
000187b7
01813783
00000000
0c87b483
000197b7
05813783
00000000
0c87b503
0001a7b7
09813783
00000000
0c87b583
0001b7b7
0d813783
00000000
0c87b603
0001c7b7
11813783
00000000
0c87b683
0001d7b7
15813783
00000000
0c87b703
0001e7b7
19813783
00000000
0c87b783
0001f7b7
1d813783
00000000
01043403
00000000
00013803
00000000
01043483
00001837
04013803
00000000
01043503
00002837
08013803
00000000
01043583
00003837
0c013803
00000000
01043603
00004837
10013803
00000000
01043683
00005837
14013803
00000000
01043703
00006837
18013803
00000000
01043783
00007837
1c013803
00000000
05043403
00008837
00813803
00000000
05043483
00009837
04813803
00000000
05043503
0000a837
08813803
00000000
05043583
0000b837
0c813803
00000000
05043603
0000c837
10813803
00000000
05043683
0000d837
14813803
00000000
05043703
0000e837
18813803
00000000
05043783
0000f837
1c813803
00000000
09043403
00010837
01013803
00000000
09043483
00011837
05013803
00000000
09043503
00012837
09013803
00000000
09043583
00013837
0d013803
00000000
09043603
00014837
11013803
00000000
09043683
00015837
15013803
00000000
09043703
00016837
19013803
00000000
09043783
00017837
1d013803
00000000
0d043403
00018837
01813803
00000000
0d043483
00019837
05813803
00000000
0d043503
0001a837
09813803
00000000
0d043583
0001b837
0d813803
00000000
0d043603
0001c837
11813803
00000000
0d043683
0001d837
15813803
00000000
0d043703
0001e837
19813803
00000000
0d043783
0001f837
1d813803
00000000
0104b403
00000000
00013883
00000000
0104b483
000018b7
04013883
00000000
0104b503
000028b7
08013883
00000000
0104b583
000038b7
0c013883
00000000
0104b603
000048b7
10013883
00000000
0104b683
000058b7
14013883
00000000
0104b703
000068b7
18013883
00000000
0104b783
000078b7
1c013883
00000000
0504b403
000088b7
00813883
00000000
0504b483
000098b7
04813883
00000000
0504b503
0000a8b7
08813883
00000000
0504b583
0000b8b7
0c813883
00000000
0504b603
0000c8b7
10813883
00000000
0504b683
0000d8b7
14813883
00000000
0504b703
0000e8b7
18813883
00000000
0504b783
0000f8b7
1c813883
00000000
0904b403
000108b7
01013883
00000000
0904b483
000118b7
05013883
00000000
0904b503
000128b7
09013883
00000000
0904b583
000138b7
0d013883
00000000
0904b603
000148b7
11013883
00000000
0904b683
000158b7
15013883
00000000
0904b703
000168b7
19013883
00000000
0904b783
000178b7
1d013883
00000000
0d04b403
000188b7
01813883
00000000
0d04b483
000198b7
05813883
00000000
0d04b503
0001a8b7
09813883
00000000
0d04b583
0001b8b7
0d813883
00000000
0d04b603
0001c8b7
11813883
00000000
0d04b683
0001d8b7
15813883
00000000
0d04b703
0001e8b7
19813883
00000000
0d04b783
0001f8b7
1d813883
00000000
01053403
00000000
00013903
00000000
01053483
00001937
04013903
00000000
01053503
00002937
08013903
00000000
01053583
00003937
0c013903
00000000
01053603
00004937
10013903
00000000
01053683
00005937
14013903
00000000
01053703
00006937
18013903
00000000
01053783
00007937
1c013903
00000000
05053403
00008937
00813903
00000000
05053483
00009937
04813903
00000000
05053503
0000a937
08813903
00000000
05053583
0000b937
0c813903
00000000
05053603
0000c937
10813903
00000000
05053683
0000d937
14813903
00000000
05053703
0000e937
18813903
00000000
05053783
0000f937
1c813903
00000000
09053403
00010937
01013903
00000000
09053483
00011937
05013903
00000000
09053503
00012937
09013903
00000000
09053583
00013937
0d013903
00000000
09053603
00014937
11013903
00000000
09053683
00015937
15013903
00000000
09053703
00016937
19013903
00000000
09053783
00017937
1d013903
00000000
0d053403
00018937
01813903
00000000
0d053483
00019937
05813903
00000000
0d053503
0001a937
09813903
00000000
0d053583
0001b937
0d813903
00000000
0d053603
0001c937
11813903
00000000
0d053683
0001d937
15813903
00000000
0d053703
0001e937
19813903
00000000
0d053783
0001f937
1d813903
00000000
0105b403
00000000
00013983
00000000
0105b483
000019b7
04013983
00000000
0105b503
000029b7
08013983
00000000
0105b583
000039b7
0c013983
00000000
0105b603
000049b7
10013983
00000000
0105b683
000059b7
14013983
00000000
0105b703
000069b7
18013983
00000000
0105b783
000079b7
1c013983
00000000
0505b403
000089b7
00813983
00000000
0505b483
000099b7
04813983
00000000
0505b503
0000a9b7
08813983
00000000
0505b583
0000b9b7
0c813983
00000000
0505b603
0000c9b7
10813983
00000000
0505b683
0000d9b7
14813983
00000000
0505b703
0000e9b7
18813983
00000000
0505b783
0000f9b7
1c813983
00000000
0905b403
000109b7
01013983
00000000
0905b483
000119b7
05013983
00000000
0905b503
000129b7
09013983
00000000
0905b583
000139b7
0d013983
00000000
0905b603
000149b7
11013983
00000000
0905b683
000159b7
15013983
00000000
0905b703
000169b7
19013983
00000000
0905b783
000179b7
1d013983
00000000
0d05b403
000189b7
01813983
00000000
0d05b483
000199b7
05813983
00000000
0d05b503
0001a9b7
09813983
00000000
0d05b583
0001b9b7
0d813983
00000000
0d05b603
0001c9b7
11813983
00000000
0d05b683
0001d9b7
15813983
00000000
0d05b703
0001e9b7
19813983
00000000
0d05b783
0001f9b7
1d813983
00000000
01063403
00000000
00013a03
00000000
01063483
00001a37
04013a03
00000000
01063503
00002a37
08013a03
00000000
01063583
00003a37
0c013a03
00000000
01063603
00004a37
10013a03
00000000
01063683
00005a37
14013a03
00000000
01063703
00006a37
18013a03
00000000
01063783
00007a37
1c013a03
00000000
05063403
00008a37
00813a03
00000000
05063483
00009a37
04813a03
00000000
05063503
0000aa37
08813a03
00000000
05063583
0000ba37
0c813a03
00000000
05063603
0000ca37
10813a03
00000000
05063683
0000da37
14813a03
00000000
05063703
0000ea37
18813a03
00000000
05063783
0000fa37
1c813a03
00000000
09063403
00010a37
01013a03
00000000
09063483
00011a37
05013a03
00000000
09063503
00012a37
09013a03
00000000
09063583
00013a37
0d013a03
00000000
09063603
00014a37
11013a03
00000000
09063683
00015a37
15013a03
00000000
09063703
00016a37
19013a03
00000000
09063783
00017a37
1d013a03
00000000
0d063403
00018a37
01813a03
00000000
0d063483
00019a37
05813a03
00000000
0d063503
0001aa37
09813a03
00000000
0d063583
0001ba37
0d813a03
00000000
0d063603
0001ca37
11813a03
00000000
0d063683
0001da37
15813a03
00000000
0d063703
0001ea37
19813a03
00000000
0d063783
0001fa37
1d813a03
00000000
0106b403
00000000
00013a83
00000000
0106b483
00001ab7
04013a83
00000000
0106b503
00002ab7
08013a83
00000000
0106b583
00003ab7
0c013a83
00000000
0106b603
00004ab7
10013a83
00000000
0106b683
00005ab7
14013a83
00000000
0106b703
00006ab7
18013a83
00000000
0106b783
00007ab7
1c013a83
00000000
0506b403
00008ab7
00813a83
00000000
0506b483
00009ab7
04813a83
00000000
0506b503
0000aab7
08813a83
00000000
0506b583
0000bab7
0c813a83
00000000
0506b603
0000cab7
10813a83
00000000
0506b683
0000dab7
14813a83
00000000
0506b703
0000eab7
18813a83
00000000
0506b783
0000fab7
1c813a83
00000000
0906b403
00010ab7
01013a83
00000000
0906b483
00011ab7
05013a83
00000000
0906b503
00012ab7
09013a83
00000000
0906b583
00013ab7
0d013a83
00000000
0906b603
00014ab7
11013a83
00000000
0906b683
00015ab7
15013a83
00000000
0906b703
00016ab7
19013a83
00000000
0906b783
00017ab7
1d013a83
00000000
0d06b403
00018ab7
01813a83
00000000
0d06b483
00019ab7
05813a83
00000000
0d06b503
0001aab7
09813a83
00000000
0d06b583
0001bab7
0d813a83
00000000
0d06b603
0001cab7
11813a83
00000000
0d06b683
0001dab7
15813a83
00000000
0d06b703
0001eab7
19813a83
00000000
0d06b783
0001fab7
1d813a83
00000000
01073403
00000000
00013b03
00000000
01073483
00001b37
04013b03
00000000
01073503
00002b37
08013b03
00000000
01073583
00003b37
0c013b03
00000000
01073603
00004b37
10013b03
00000000
01073683
00005b37
14013b03
00000000
01073703
00006b37
18013b03
00000000
01073783
00007b37
1c013b03
00000000
05073403
00008b37
00813b03
00000000
05073483
00009b37
04813b03
00000000
05073503
0000ab37
08813b03
00000000
05073583
0000bb37
0c813b03
00000000
05073603
0000cb37
10813b03
00000000
05073683
0000db37
14813b03
00000000
05073703
0000eb37
18813b03
00000000
05073783
0000fb37
1c813b03
00000000
09073403
00010b37
01013b03
00000000
09073483
00011b37
05013b03
00000000
09073503
00012b37
09013b03
00000000
09073583
00013b37
0d013b03
00000000
09073603
00014b37
11013b03
00000000
09073683
00015b37
15013b03
00000000
09073703
00016b37
19013b03
00000000
09073783
00017b37
1d013b03
00000000
0d073403
00018b37
01813b03
00000000
0d073483
00019b37
05813b03
00000000
0d073503
0001ab37
09813b03
00000000
0d073583
0001bb37
0d813b03
00000000
0d073603
0001cb37
11813b03
00000000
0d073683
0001db37
15813b03
00000000
0d073703
0001eb37
19813b03
00000000
0d073783
0001fb37
1d813b03
00000000
0107b403
00000000
00013b83
00000000
0107b483
00001bb7
04013b83
00000000
0107b503
00002bb7
08013b83
00000000
0107b583
00003bb7
0c013b83
00000000
0107b603
00004bb7
10013b83
00000000
0107b683
00005bb7
14013b83
00000000
0107b703
00006bb7
18013b83
00000000
0107b783
00007bb7
1c013b83
00000000
0507b403
00008bb7
00813b83
00000000
0507b483
00009bb7
04813b83
00000000
0507b503
0000abb7
08813b83
00000000
0507b583
0000bbb7
0c813b83
00000000
0507b603
0000cbb7
10813b83
00000000
0507b683
0000dbb7
14813b83
00000000
0507b703
0000ebb7
18813b83
00000000
0507b783
0000fbb7
1c813b83
00000000
0907b403
00010bb7
01013b83
00000000
0907b483
00011bb7
05013b83
00000000
0907b503
00012bb7
09013b83
00000000
0907b583
00013bb7
0d013b83
00000000
0907b603
00014bb7
11013b83
00000000
0907b683
00015bb7
15013b83
00000000
0907b703
00016bb7
19013b83
00000000
0907b783
00017bb7
1d013b83
00000000
0d07b403
00018bb7
01813b83
00000000
0d07b483
00019bb7
05813b83
00000000
0d07b503
0001abb7
09813b83
00000000
0d07b583
0001bbb7
0d813b83
00000000
0d07b603
0001cbb7
11813b83
00000000
0d07b683
0001dbb7
15813b83
00000000
0d07b703
0001ebb7
19813b83
00000000
0d07b783
0001fbb7
1d813b83
00000000
01843403
00000000
00013c03
00000000
01843483
00001c37
04013c03
00000000
01843503
00002c37
08013c03
00000000
01843583
00003c37
0c013c03
00000000
01843603
00004c37
10013c03
00000000
01843683
00005c37
14013c03
00000000
01843703
00006c37
18013c03
00000000
01843783
00007c37
1c013c03
00000000
05843403
00008c37
00813c03
00000000
05843483
00009c37
04813c03
00000000
05843503
0000ac37
08813c03
00000000
05843583
0000bc37
0c813c03
00000000
05843603
0000cc37
10813c03
00000000
05843683
0000dc37
14813c03
00000000
05843703
0000ec37
18813c03
00000000
05843783
0000fc37
1c813c03
00000000
09843403
00010c37
01013c03
00000000
09843483
00011c37
05013c03
00000000
09843503
00012c37
09013c03
00000000
09843583
00013c37
0d013c03
00000000
09843603
00014c37
11013c03
00000000
09843683
00015c37
15013c03
00000000
09843703
00016c37
19013c03
00000000
09843783
00017c37
1d013c03
00000000
0d843403
00018c37
01813c03
00000000
0d843483
00019c37
05813c03
00000000
0d843503
0001ac37
09813c03
00000000
0d843583
0001bc37
0d813c03
00000000
0d843603
0001cc37
11813c03
00000000
0d843683
0001dc37
15813c03
00000000
0d843703
0001ec37
19813c03
00000000
0d843783
0001fc37
1d813c03
00000000
0184b403
00000000
00013c83
00000000
0184b483
00001cb7
04013c83
00000000
0184b503
00002cb7
08013c83
00000000
0184b583
00003cb7
0c013c83
00000000
0184b603
00004cb7
10013c83
00000000
0184b683
00005cb7
14013c83
00000000
0184b703
00006cb7
18013c83
00000000
0184b783
00007cb7
1c013c83
00000000
0584b403
00008cb7
00813c83
00000000
0584b483
00009cb7
04813c83
00000000
0584b503
0000acb7
08813c83
00000000
0584b583
0000bcb7
0c813c83
00000000
0584b603
0000ccb7
10813c83
00000000
0584b683
0000dcb7
14813c83
00000000
0584b703
0000ecb7
18813c83
00000000
0584b783
0000fcb7
1c813c83
00000000
0984b403
00010cb7
01013c83
00000000
0984b483
00011cb7
05013c83
00000000
0984b503
00012cb7
09013c83
00000000
0984b583
00013cb7
0d013c83
00000000
0984b603
00014cb7
11013c83
00000000
0984b683
00015cb7
15013c83
00000000
0984b703
00016cb7
19013c83
00000000
0984b783
00017cb7
1d013c83
00000000
0d84b403
00018cb7
01813c83
00000000
0d84b483
00019cb7
05813c83
00000000
0d84b503
0001acb7
09813c83
00000000
0d84b583
0001bcb7
0d813c83
00000000
0d84b603
0001ccb7
11813c83
00000000
0d84b683
0001dcb7
15813c83
00000000
0d84b703
0001ecb7
19813c83
00000000
0d84b783
0001fcb7
1d813c83
00000000
01853403
00000000
00013d03
00000000
01853483
00001d37
04013d03
00000000
01853503
00002d37
08013d03
00000000
01853583
00003d37
0c013d03
00000000
01853603
00004d37
10013d03
00000000
01853683
00005d37
14013d03
00000000
01853703
00006d37
18013d03
00000000
01853783
00007d37
1c013d03
00000000
05853403
00008d37
00813d03
00000000
05853483
00009d37
04813d03
00000000
05853503
0000ad37
08813d03
00000000
05853583
0000bd37
0c813d03
00000000
05853603
0000cd37
10813d03
00000000
05853683
0000dd37
14813d03
00000000
05853703
0000ed37
18813d03
00000000
05853783
0000fd37
1c813d03
00000000
09853403
00010d37
01013d03
00000000
09853483
00011d37
05013d03
00000000
09853503
00012d37
09013d03
00000000
09853583
00013d37
0d013d03
00000000
09853603
00014d37
11013d03
00000000
09853683
00015d37
15013d03
00000000
09853703
00016d37
19013d03
00000000
09853783
00017d37
1d013d03
00000000
0d853403
00018d37
01813d03
00000000
0d853483
00019d37
05813d03
00000000
0d853503
0001ad37
09813d03
00000000
0d853583
0001bd37
0d813d03
00000000
0d853603
0001cd37
11813d03
00000000
0d853683
0001dd37
15813d03
00000000
0d853703
0001ed37
19813d03
00000000
0d853783
0001fd37
1d813d03
00000000
0185b403
00000000
00013d83
00000000
0185b483
00001db7
04013d83
00000000
0185b503
00002db7
08013d83
00000000
0185b583
00003db7
0c013d83
00000000
0185b603
00004db7
10013d83
00000000
0185b683
00005db7
14013d83
00000000
0185b703
00006db7
18013d83
00000000
0185b783
00007db7
1c013d83
00000000
0585b403
00008db7
00813d83
00000000
0585b483
00009db7
04813d83
00000000
0585b503
0000adb7
08813d83
00000000
0585b583
0000bdb7
0c813d83
00000000
0585b603
0000cdb7
10813d83
00000000
0585b683
0000ddb7
14813d83
00000000
0585b703
0000edb7
18813d83
00000000
0585b783
0000fdb7
1c813d83
00000000
0985b403
00010db7
01013d83
00000000
0985b483
00011db7
05013d83
00000000
0985b503
00012db7
09013d83
00000000
0985b583
00013db7
0d013d83
00000000
0985b603
00014db7
11013d83
00000000
0985b683
00015db7
15013d83
00000000
0985b703
00016db7
19013d83
00000000
0985b783
00017db7
1d013d83
00000000
0d85b403
00018db7
01813d83
00000000
0d85b483
00019db7
05813d83
00000000
0d85b503
0001adb7
09813d83
00000000
0d85b583
0001bdb7
0d813d83
00000000
0d85b603
0001cdb7
11813d83
00000000
0d85b683
0001ddb7
15813d83
00000000
0d85b703
0001edb7
19813d83
00000000
0d85b783
0001fdb7
1d813d83
00000000
01863403
00000000
00013e03
00000000
01863483
00001e37
04013e03
00000000
01863503
00002e37
08013e03
00000000
01863583
00003e37
0c013e03
00000000
01863603
00004e37
10013e03
00000000
01863683
00005e37
14013e03
00000000
01863703
00006e37
18013e03
00000000
01863783
00007e37
1c013e03
00000000
05863403
00008e37
00813e03
00000000
05863483
00009e37
04813e03
00000000
05863503
0000ae37
08813e03
00000000
05863583
0000be37
0c813e03
00000000
05863603
0000ce37
10813e03
00000000
05863683
0000de37
14813e03
00000000
05863703
0000ee37
18813e03
00000000
05863783
0000fe37
1c813e03
00000000
09863403
00010e37
01013e03
00000000
09863483
00011e37
05013e03
00000000
09863503
00012e37
09013e03
00000000
09863583
00013e37
0d013e03
00000000
09863603
00014e37
11013e03
00000000
09863683
00015e37
15013e03
00000000
09863703
00016e37
19013e03
00000000
09863783
00017e37
1d013e03
00000000
0d863403
00018e37
01813e03
00000000
0d863483
00019e37
05813e03
00000000
0d863503
0001ae37
09813e03
00000000
0d863583
0001be37
0d813e03
00000000
0d863603
0001ce37
11813e03
00000000
0d863683
0001de37
15813e03
00000000
0d863703
0001ee37
19813e03
00000000
0d863783
0001fe37
1d813e03
00000000
0186b403
00000000
00013e83
00000000
0186b483
00001eb7
04013e83
00000000
0186b503
00002eb7
08013e83
00000000
0186b583
00003eb7
0c013e83
00000000
0186b603
00004eb7
10013e83
00000000
0186b683
00005eb7
14013e83
00000000
0186b703
00006eb7
18013e83
00000000
0186b783
00007eb7
1c013e83
00000000
0586b403
00008eb7
00813e83
00000000
0586b483
00009eb7
04813e83
00000000
0586b503
0000aeb7
08813e83
00000000
0586b583
0000beb7
0c813e83
00000000
0586b603
0000ceb7
10813e83
00000000
0586b683
0000deb7
14813e83
00000000
0586b703
0000eeb7
18813e83
00000000
0586b783
0000feb7
1c813e83
00000000
0986b403
00010eb7
01013e83
00000000
0986b483
00011eb7
05013e83
00000000
0986b503
00012eb7
09013e83
00000000
0986b583
00013eb7
0d013e83
00000000
0986b603
00014eb7
11013e83
00000000
0986b683
00015eb7
15013e83
00000000
0986b703
00016eb7
19013e83
00000000
0986b783
00017eb7
1d013e83
00000000
0d86b403
00018eb7
01813e83
00000000
0d86b483
00019eb7
05813e83
00000000
0d86b503
0001aeb7
09813e83
00000000
0d86b583
0001beb7
0d813e83
00000000
0d86b603
0001ceb7
11813e83
00000000
0d86b683
0001deb7
15813e83
00000000
0d86b703
0001eeb7
19813e83
00000000
0d86b783
0001feb7
1d813e83
00000000
01873403
00000000
00013f03
00000000
01873483
00001f37
04013f03
00000000
01873503
00002f37
08013f03
00000000
01873583
00003f37
0c013f03
00000000
01873603
00004f37
10013f03
00000000
01873683
00005f37
14013f03
00000000
01873703
00006f37
18013f03
00000000
01873783
00007f37
1c013f03
00000000
05873403
00008f37
00813f03
00000000
05873483
00009f37
04813f03
00000000
05873503
0000af37
08813f03
00000000
05873583
0000bf37
0c813f03
00000000
05873603
0000cf37
10813f03
00000000
05873683
0000df37
14813f03
00000000
05873703
0000ef37
18813f03
00000000
05873783
0000ff37
1c813f03
00000000
09873403
00010f37
01013f03
00000000
09873483
00011f37
05013f03
00000000
09873503
00012f37
09013f03
00000000
09873583
00013f37
0d013f03
00000000
09873603
00014f37
11013f03
00000000
09873683
00015f37
15013f03
00000000
09873703
00016f37
19013f03
00000000
09873783
00017f37
1d013f03
00000000
0d873403
00018f37
01813f03
00000000
0d873483
00019f37
05813f03
00000000
0d873503
0001af37
09813f03
00000000
0d873583
0001bf37
0d813f03
00000000
0d873603
0001cf37
11813f03
00000000
0d873683
0001df37
15813f03
00000000
0d873703
0001ef37
19813f03
00000000
0d873783
0001ff37
1d813f03
00000000
0187b403
00000000
00013f83
00000000
0187b483
00001fb7
04013f83
00000000
0187b503
00002fb7
08013f83
00000000
0187b583
00003fb7
0c013f83
00000000
0187b603
00004fb7
10013f83
00000000
0187b683
00005fb7
14013f83
00000000
0187b703
00006fb7
18013f83
00000000
0187b783
00007fb7
1c013f83
00000000
0587b403
00008fb7
00813f83
00000000
0587b483
00009fb7
04813f83
00000000
0587b503
0000afb7
08813f83
00000000
0587b583
0000bfb7
0c813f83
00000000
0587b603
0000cfb7
10813f83
00000000
0587b683
0000dfb7
14813f83
00000000
0587b703
0000efb7
18813f83
00000000
0587b783
0000ffb7
1c813f83
00000000
0987b403
00010fb7
01013f83
00000000
0987b483
00011fb7
05013f83
00000000
0987b503
00012fb7
09013f83
00000000
0987b583
00013fb7
0d013f83
00000000
0987b603
00014fb7
11013f83
00000000
0987b683
00015fb7
15013f83
00000000
0987b703
00016fb7
19013f83
00000000
0987b783
00017fb7
1d013f83
00000000
0d87b403
00018fb7
01813f83
00000000
0d87b483
00019fb7
05813f83
00000000
0d87b503
0001afb7
09813f83
00000000
0d87b583
0001bfb7
0d813f83
00000000
0d87b603
0001cfb7
11813f83
00000000
0d87b683
0001dfb7
15813f83
00000000
0d87b703
0001efb7
19813f83
00000000
0d87b783
0001ffb7
1d813f83
00000000
02043403
fffe0037
00000000
00000000
02043483
fffe1037
00000000
00000000
02043503
fffe2037
00000000
00000000
02043583
fffe3037
00000000
00000000
02043603
fffe4037
00000000
00000000
02043683
fffe5037
00000000
00000000
02043703
fffe6037
00000000
00000000
02043783
fffe7037
00000000
00000000
06043403
fffe8037
00000000
00000000
06043483
fffe9037
00000000
00000000
06043503
fffea037
00000000
00000000
06043583
fffeb037
00000000
00000000
06043603
fffec037
00000000
00000000
06043683
fffed037
00000000
00000000
06043703
fffee037
00000000
00000000
06043783
fffef037
00000000
00000000
0a043403
ffff0037
00000000
00000000
0a043483
ffff1037
00000000
00000000
0a043503
ffff2037
00000000
00000000
0a043583
ffff3037
00000000
00000000
0a043603
ffff4037
00000000
00000000
0a043683
ffff5037
00000000
00000000
0a043703
ffff6037
00000000
00000000
0a043783
ffff7037
00000000
00000000
0e043403
ffff8037
00000000
00000000
0e043483
ffff9037
00000000
00000000
0e043503
ffffa037
00000000
00000000
0e043583
ffffb037
00000000
00000000
0e043603
ffffc037
00000000
00000000
0e043683
ffffd037
00000000
00000000
0e043703
ffffe037
00000000
00000000
0e043783
fffff037
00000000
00000000
0204b403
fffe00b7
02013083
00000000
0204b483
fffe10b7
06013083
00000000
0204b503
fffe20b7
0a013083
00000000
0204b583
fffe30b7
0e013083
00000000
0204b603
fffe40b7
12013083
00000000
0204b683
fffe50b7
16013083
00000000
0204b703
fffe60b7
1a013083
00000000
0204b783
fffe70b7
1e013083
00000000
0604b403
fffe80b7
02813083
00000000
0604b483
fffe90b7
06813083
00000000
0604b503
fffea0b7
0a813083
00000000
0604b583
fffeb0b7
0e813083
00000000
0604b603
fffec0b7
12813083
00000000
0604b683
fffed0b7
16813083
00000000
0604b703
fffee0b7
1a813083
00000000
0604b783
fffef0b7
1e813083
00000000
0a04b403
ffff00b7
03013083
00000000
0a04b483
ffff10b7
07013083
00000000
0a04b503
ffff20b7
0b013083
00000000
0a04b583
ffff30b7
0f013083
00000000
0a04b603
ffff40b7
13013083
00000000
0a04b683
ffff50b7
17013083
00000000
0a04b703
ffff60b7
1b013083
00000000
0a04b783
ffff70b7
1f013083
00000000
0e04b403
ffff80b7
03813083
00000000
0e04b483
ffff90b7
07813083
00000000
0e04b503
ffffa0b7
0b813083
00000000
0e04b583
ffffb0b7
0f813083
00000000
0e04b603
ffffc0b7
13813083
00000000
0e04b683
ffffd0b7
17813083
00000000
0e04b703
ffffe0b7
1b813083
00000000
0e04b783
fffff0b7
1f813083
00000000
02053403
e0010113
02013103
00000000
02053483
e2010113
06013103
00000000
02053503
e8010113
0a013103
00000000
02053583
ea010113
0e013103
00000000
02053603
f0010113
12013103
00000000
02053683
f2010113
16013103
00000000
02053703
f8010113
1a013103
00000000
02053783
fa010113
1e013103
00000000
06053403
e4010113
02813103
00000000
06053483
e6010113
06813103
00000000
06053503
ec010113
0a813103
00000000
06053583
ee010113
0e813103
00000000
06053603
f4010113
12813103
00000000
06053683
f6010113
16813103
00000000
06053703
fc010113
1a813103
00000000
06053783
fe010113
1e813103
00000000
0a053403
e1010113
03013103
00000000
0a053483
e3010113
07013103
00000000
0a053503
e9010113
0b013103
00000000
0a053583
eb010113
0f013103
00000000
0a053603
f1010113
13013103
00000000
0a053683
f3010113
17013103
00000000
0a053703
f9010113
1b013103
00000000
0a053783
fb010113
1f013103
00000000
0e053403
e5010113
03813103
00000000
0e053483
e7010113
07813103
00000000
0e053503
ed010113
0b813103
00000000
0e053583
ef010113
0f813103
00000000
0e053603
f5010113
13813103
00000000
0e053683
f7010113
17813103
00000000
0e053703
fd010113
1b813103
00000000
0e053783
ff010113
1f813103
00000000
0205b403
fffe01b7
02013183
00000000
0205b483
fffe11b7
06013183
00000000
0205b503
fffe21b7
0a013183
00000000
0205b583
fffe31b7
0e013183
00000000
0205b603
fffe41b7
12013183
00000000
0205b683
fffe51b7
16013183
00000000
0205b703
fffe61b7
1a013183
00000000
0205b783
fffe71b7
1e013183
00000000
0605b403
fffe81b7
02813183
00000000
0605b483
fffe91b7
06813183
00000000
0605b503
fffea1b7
0a813183
00000000
0605b583
fffeb1b7
0e813183
00000000
0605b603
fffec1b7
12813183
00000000
0605b683
fffed1b7
16813183
00000000
0605b703
fffee1b7
1a813183
00000000
0605b783
fffef1b7
1e813183
00000000
0a05b403
ffff01b7
03013183
00000000
0a05b483
ffff11b7
07013183
00000000
0a05b503
ffff21b7
0b013183
00000000
0a05b583
ffff31b7
0f013183
00000000
0a05b603
ffff41b7
13013183
00000000
0a05b683
ffff51b7
17013183
00000000
0a05b703
ffff61b7
1b013183
00000000
0a05b783
ffff71b7
1f013183
00000000
0e05b403
ffff81b7
03813183
00000000
0e05b483
ffff91b7
07813183
00000000
0e05b503
ffffa1b7
0b813183
00000000
0e05b583
ffffb1b7
0f813183
00000000
0e05b603
ffffc1b7
13813183
00000000
0e05b683
ffffd1b7
17813183
00000000
0e05b703
ffffe1b7
1b813183
00000000
0e05b783
fffff1b7
1f813183
00000000
02063403
fffe0237
02013203
00000000
02063483
fffe1237
06013203
00000000
02063503
fffe2237
0a013203
00000000
02063583
fffe3237
0e013203
00000000
02063603
fffe4237
12013203
00000000
02063683
fffe5237
16013203
00000000
02063703
fffe6237
1a013203
00000000
02063783
fffe7237
1e013203
00000000
06063403
fffe8237
02813203
00000000
06063483
fffe9237
06813203
00000000
06063503
fffea237
0a813203
00000000
06063583
fffeb237
0e813203
00000000
06063603
fffec237
12813203
00000000
06063683
fffed237
16813203
00000000
06063703
fffee237
1a813203
00000000
06063783
fffef237
1e813203
00000000
0a063403
ffff0237
03013203
00000000
0a063483
ffff1237
07013203
00000000
0a063503
ffff2237
0b013203
00000000
0a063583
ffff3237
0f013203
00000000
0a063603
ffff4237
13013203
00000000
0a063683
ffff5237
17013203
00000000
0a063703
ffff6237
1b013203
00000000
0a063783
ffff7237
1f013203
00000000
0e063403
ffff8237
03813203
00000000
0e063483
ffff9237
07813203
00000000
0e063503
ffffa237
0b813203
00000000
0e063583
ffffb237
0f813203
00000000
0e063603
ffffc237
13813203
00000000
0e063683
ffffd237
17813203
00000000
0e063703
ffffe237
1b813203
00000000
0e063783
fffff237
1f813203
00000000
0206b403
fffe02b7
02013283
00000000
0206b483
fffe12b7
06013283
00000000
0206b503
fffe22b7
0a013283
00000000
0206b583
fffe32b7
0e013283
00000000
0206b603
fffe42b7
12013283
00000000
0206b683
fffe52b7
16013283
00000000
0206b703
fffe62b7
1a013283
00000000
0206b783
fffe72b7
1e013283
00000000
0606b403
fffe82b7
02813283
00000000
0606b483
fffe92b7
06813283
00000000
0606b503
fffea2b7
0a813283
00000000
0606b583
fffeb2b7
0e813283
00000000
0606b603
fffec2b7
12813283
00000000
0606b683
fffed2b7
16813283
00000000
0606b703
fffee2b7
1a813283
00000000
0606b783
fffef2b7
1e813283
00000000
0a06b403
ffff02b7
03013283
00000000
0a06b483
ffff12b7
07013283
00000000
0a06b503
ffff22b7
0b013283
00000000
0a06b583
ffff32b7
0f013283
00000000
0a06b603
ffff42b7
13013283
00000000
0a06b683
ffff52b7
17013283
00000000
0a06b703
ffff62b7
1b013283
00000000
0a06b783
ffff72b7
1f013283
00000000
0e06b403
ffff82b7
03813283
00000000
0e06b483
ffff92b7
07813283
00000000
0e06b503
ffffa2b7
0b813283
00000000
0e06b583
ffffb2b7
0f813283
00000000
0e06b603
ffffc2b7
13813283
00000000
0e06b683
ffffd2b7
17813283
00000000
0e06b703
ffffe2b7
1b813283
00000000
0e06b783
fffff2b7
1f813283
00000000
02073403
fffe0337
02013303
00000000
02073483
fffe1337
06013303
00000000
02073503
fffe2337
0a013303
00000000
02073583
fffe3337
0e013303
00000000
02073603
fffe4337
12013303
00000000
02073683
fffe5337
16013303
00000000
02073703
fffe6337
1a013303
00000000
02073783
fffe7337
1e013303
00000000
06073403
fffe8337
02813303
00000000
06073483
fffe9337
06813303
00000000
06073503
fffea337
0a813303
00000000
06073583
fffeb337
0e813303
00000000
06073603
fffec337
12813303
00000000
06073683
fffed337
16813303
00000000
06073703
fffee337
1a813303
00000000
06073783
fffef337
1e813303
00000000
0a073403
ffff0337
03013303
00000000
0a073483
ffff1337
07013303
00000000
0a073503
ffff2337
0b013303
00000000
0a073583
ffff3337
0f013303
00000000
0a073603
ffff4337
13013303
00000000
0a073683
ffff5337
17013303
00000000
0a073703
ffff6337
1b013303
00000000
0a073783
ffff7337
1f013303
00000000
0e073403
ffff8337
03813303
00000000
0e073483
ffff9337
07813303
00000000
0e073503
ffffa337
0b813303
00000000
0e073583
ffffb337
0f813303
00000000
0e073603
ffffc337
13813303
00000000
0e073683
ffffd337
17813303
00000000
0e073703
ffffe337
1b813303
00000000
0e073783
fffff337
1f813303
00000000
0207b403
fffe03b7
02013383
00000000
0207b483
fffe13b7
06013383
00000000
0207b503
fffe23b7
0a013383
00000000
0207b583
fffe33b7
0e013383
00000000
0207b603
fffe43b7
12013383
00000000
0207b683
fffe53b7
16013383
00000000
0207b703
fffe63b7
1a013383
00000000
0207b783
fffe73b7
1e013383
00000000
0607b403
fffe83b7
02813383
00000000
0607b483
fffe93b7
06813383
00000000
0607b503
fffea3b7
0a813383
00000000
0607b583
fffeb3b7
0e813383
00000000
0607b603
fffec3b7
12813383
00000000
0607b683
fffed3b7
16813383
00000000
0607b703
fffee3b7
1a813383
00000000
0607b783
fffef3b7
1e813383
00000000
0a07b403
ffff03b7
03013383
00000000
0a07b483
ffff13b7
07013383
00000000
0a07b503
ffff23b7
0b013383
00000000
0a07b583
ffff33b7
0f013383
00000000
0a07b603
ffff43b7
13013383
00000000
0a07b683
ffff53b7
17013383
00000000
0a07b703
ffff63b7
1b013383
00000000
0a07b783
ffff73b7
1f013383
00000000
0e07b403
ffff83b7
03813383
00000000
0e07b483
ffff93b7
07813383
00000000
0e07b503
ffffa3b7
0b813383
00000000
0e07b583
ffffb3b7
0f813383
00000000
0e07b603
ffffc3b7
13813383
00000000
0e07b683
ffffd3b7
17813383
00000000
0e07b703
ffffe3b7
1b813383
00000000
0e07b783
fffff3b7
1f813383
00000000
02843403
fffe0437
02013403
00000000
02843483
fffe1437
06013403
00000000
02843503
fffe2437
0a013403
00000000
02843583
fffe3437
0e013403
00000000
02843603
fffe4437
12013403
00000000
02843683
fffe5437
16013403
00000000
02843703
fffe6437
1a013403
00000000
02843783
fffe7437
1e013403
00000000
06843403
fffe8437
02813403
00000000
06843483
fffe9437
06813403
00000000
06843503
fffea437
0a813403
00000000
06843583
fffeb437
0e813403
00000000
06843603
fffec437
12813403
00000000
06843683
fffed437
16813403
00000000
06843703
fffee437
1a813403
00000000
06843783
fffef437
1e813403
00000000
0a843403
ffff0437
03013403
00000000
0a843483
ffff1437
07013403
00000000
0a843503
ffff2437
0b013403
00000000
0a843583
ffff3437
0f013403
00000000
0a843603
ffff4437
13013403
00000000
0a843683
ffff5437
17013403
00000000
0a843703
ffff6437
1b013403
00000000
0a843783
ffff7437
1f013403
00000000
0e843403
ffff8437
03813403
00000000
0e843483
ffff9437
07813403
00000000
0e843503
ffffa437
0b813403
00000000
0e843583
ffffb437
0f813403
00000000
0e843603
ffffc437
13813403
00000000
0e843683
ffffd437
17813403
00000000
0e843703
ffffe437
1b813403
00000000
0e843783
fffff437
1f813403
00000000
0284b403
fffe04b7
02013483
00000000
0284b483
fffe14b7
06013483
00000000
0284b503
fffe24b7
0a013483
00000000
0284b583
fffe34b7
0e013483
00000000
0284b603
fffe44b7
12013483
00000000
0284b683
fffe54b7
16013483
00000000
0284b703
fffe64b7
1a013483
00000000
0284b783
fffe74b7
1e013483
00000000
0684b403
fffe84b7
02813483
00000000
0684b483
fffe94b7
06813483
00000000
0684b503
fffea4b7
0a813483
00000000
0684b583
fffeb4b7
0e813483
00000000
0684b603
fffec4b7
12813483
00000000
0684b683
fffed4b7
16813483
00000000
0684b703
fffee4b7
1a813483
00000000
0684b783
fffef4b7
1e813483
00000000
0a84b403
ffff04b7
03013483
00000000
0a84b483
ffff14b7
07013483
00000000
0a84b503
ffff24b7
0b013483
00000000
0a84b583
ffff34b7
0f013483
00000000
0a84b603
ffff44b7
13013483
00000000
0a84b683
ffff54b7
17013483
00000000
0a84b703
ffff64b7
1b013483
00000000
0a84b783
ffff74b7
1f013483
00000000
0e84b403
ffff84b7
03813483
00000000
0e84b483
ffff94b7
07813483
00000000
0e84b503
ffffa4b7
0b813483
00000000
0e84b583
ffffb4b7
0f813483
00000000
0e84b603
ffffc4b7
13813483
00000000
0e84b683
ffffd4b7
17813483
00000000
0e84b703
ffffe4b7
1b813483
00000000
0e84b783
fffff4b7
1f813483
00000000
02853403
fffe0537
02013503
00000000
02853483
fffe1537
06013503
00000000
02853503
fffe2537
0a013503
00000000
02853583
fffe3537
0e013503
00000000
02853603
fffe4537
12013503
00000000
02853683
fffe5537
16013503
00000000
02853703
fffe6537
1a013503
00000000
02853783
fffe7537
1e013503
00000000
06853403
fffe8537
02813503
00000000
06853483
fffe9537
06813503
00000000
06853503
fffea537
0a813503
00000000
06853583
fffeb537
0e813503
00000000
06853603
fffec537
12813503
00000000
06853683
fffed537
16813503
00000000
06853703
fffee537
1a813503
00000000
06853783
fffef537
1e813503
00000000
0a853403
ffff0537
03013503
00000000
0a853483
ffff1537
07013503
00000000
0a853503
ffff2537
0b013503
00000000
0a853583
ffff3537
0f013503
00000000
0a853603
ffff4537
13013503
00000000
0a853683
ffff5537
17013503
00000000
0a853703
ffff6537
1b013503
00000000
0a853783
ffff7537
1f013503
00000000
0e853403
ffff8537
03813503
00000000
0e853483
ffff9537
07813503
00000000
0e853503
ffffa537
0b813503
00000000
0e853583
ffffb537
0f813503
00000000
0e853603
ffffc537
13813503
00000000
0e853683
ffffd537
17813503
00000000
0e853703
ffffe537
1b813503
00000000
0e853783
fffff537
1f813503
00000000
0285b403
fffe05b7
02013583
00000000
0285b483
fffe15b7
06013583
00000000
0285b503
fffe25b7
0a013583
00000000
0285b583
fffe35b7
0e013583
00000000
0285b603
fffe45b7
12013583
00000000
0285b683
fffe55b7
16013583
00000000
0285b703
fffe65b7
1a013583
00000000
0285b783
fffe75b7
1e013583
00000000
0685b403
fffe85b7
02813583
00000000
0685b483
fffe95b7
06813583
00000000
0685b503
fffea5b7
0a813583
00000000
0685b583
fffeb5b7
0e813583
00000000
0685b603
fffec5b7
12813583
00000000
0685b683
fffed5b7
16813583
00000000
0685b703
fffee5b7
1a813583
00000000
0685b783
fffef5b7
1e813583
00000000
0a85b403
ffff05b7
03013583
00000000
0a85b483
ffff15b7
07013583
00000000
0a85b503
ffff25b7
0b013583
00000000
0a85b583
ffff35b7
0f013583
00000000
0a85b603
ffff45b7
13013583
00000000
0a85b683
ffff55b7
17013583
00000000
0a85b703
ffff65b7
1b013583
00000000
0a85b783
ffff75b7
1f013583
00000000
0e85b403
ffff85b7
03813583
00000000
0e85b483
ffff95b7
07813583
00000000
0e85b503
ffffa5b7
0b813583
00000000
0e85b583
ffffb5b7
0f813583
00000000
0e85b603
ffffc5b7
13813583
00000000
0e85b683
ffffd5b7
17813583
00000000
0e85b703
ffffe5b7
1b813583
00000000
0e85b783
fffff5b7
1f813583
00000000
02863403
fffe0637
02013603
00000000
02863483
fffe1637
06013603
00000000
02863503
fffe2637
0a013603
00000000
02863583
fffe3637
0e013603
00000000
02863603
fffe4637
12013603
00000000
02863683
fffe5637
16013603
00000000
02863703
fffe6637
1a013603
00000000
02863783
fffe7637
1e013603
00000000
06863403
fffe8637
02813603
00000000
06863483
fffe9637
06813603
00000000
06863503
fffea637
0a813603
00000000
06863583
fffeb637
0e813603
00000000
06863603
fffec637
12813603
00000000
06863683
fffed637
16813603
00000000
06863703
fffee637
1a813603
00000000
06863783
fffef637
1e813603
00000000
0a863403
ffff0637
03013603
00000000
0a863483
ffff1637
07013603
00000000
0a863503
ffff2637
0b013603
00000000
0a863583
ffff3637
0f013603
00000000
0a863603
ffff4637
13013603
00000000
0a863683
ffff5637
17013603
00000000
0a863703
ffff6637
1b013603
00000000
0a863783
ffff7637
1f013603
00000000
0e863403
ffff8637
03813603
00000000
0e863483
ffff9637
07813603
00000000
0e863503
ffffa637
0b813603
00000000
0e863583
ffffb637
0f813603
00000000
0e863603
ffffc637
13813603
00000000
0e863683
ffffd637
17813603
00000000
0e863703
ffffe637
1b813603
00000000
0e863783
fffff637
1f813603
00000000
0286b403
fffe06b7
02013683
00000000
0286b483
fffe16b7
06013683
00000000
0286b503
fffe26b7
0a013683
00000000
0286b583
fffe36b7
0e013683
00000000
0286b603
fffe46b7
12013683
00000000
0286b683
fffe56b7
16013683
00000000
0286b703
fffe66b7
1a013683
00000000
0286b783
fffe76b7
1e013683
00000000
0686b403
fffe86b7
02813683
00000000
0686b483
fffe96b7
06813683
00000000
0686b503
fffea6b7
0a813683
00000000
0686b583
fffeb6b7
0e813683
00000000
0686b603
fffec6b7
12813683
00000000
0686b683
fffed6b7
16813683
00000000
0686b703
fffee6b7
1a813683
00000000
0686b783
fffef6b7
1e813683
00000000
0a86b403
ffff06b7
03013683
00000000
0a86b483
ffff16b7
07013683
00000000
0a86b503
ffff26b7
0b013683
00000000
0a86b583
ffff36b7
0f013683
00000000
0a86b603
ffff46b7
13013683
00000000
0a86b683
ffff56b7
17013683
00000000
0a86b703
ffff66b7
1b013683
00000000
0a86b783
ffff76b7
1f013683
00000000
0e86b403
ffff86b7
03813683
00000000
0e86b483
ffff96b7
07813683
00000000
0e86b503
ffffa6b7
0b813683
00000000
0e86b583
ffffb6b7
0f813683
00000000
0e86b603
ffffc6b7
13813683
00000000
0e86b683
ffffd6b7
17813683
00000000
0e86b703
ffffe6b7
1b813683
00000000
0e86b783
fffff6b7
1f813683
00000000
02873403
fffe0737
02013703
00000000
02873483
fffe1737
06013703
00000000
02873503
fffe2737
0a013703
00000000
02873583
fffe3737
0e013703
00000000
02873603
fffe4737
12013703
00000000
02873683
fffe5737
16013703
00000000
02873703
fffe6737
1a013703
00000000
02873783
fffe7737
1e013703
00000000
06873403
fffe8737
02813703
00000000
06873483
fffe9737
06813703
00000000
06873503
fffea737
0a813703
00000000
06873583
fffeb737
0e813703
00000000
06873603
fffec737
12813703
00000000
06873683
fffed737
16813703
00000000
06873703
fffee737
1a813703
00000000
06873783
fffef737
1e813703
00000000
0a873403
ffff0737
03013703
00000000
0a873483
ffff1737
07013703
00000000
0a873503
ffff2737
0b013703
00000000
0a873583
ffff3737
0f013703
00000000
0a873603
ffff4737
13013703
00000000
0a873683
ffff5737
17013703
00000000
0a873703
ffff6737
1b013703
00000000
0a873783
ffff7737
1f013703
00000000
0e873403
ffff8737
03813703
00000000
0e873483
ffff9737
07813703
00000000
0e873503
ffffa737
0b813703
00000000
0e873583
ffffb737
0f813703
00000000
0e873603
ffffc737
13813703
00000000
0e873683
ffffd737
17813703
00000000
0e873703
ffffe737
1b813703
00000000
0e873783
fffff737
1f813703
00000000
0287b403
fffe07b7
02013783
00000000
0287b483
fffe17b7
06013783
00000000
0287b503
fffe27b7
0a013783
00000000
0287b583
fffe37b7
0e013783
00000000
0287b603
fffe47b7
12013783
00000000
0287b683
fffe57b7
16013783
00000000
0287b703
fffe67b7
1a013783
00000000
0287b783
fffe77b7
1e013783
00000000
0687b403
fffe87b7
02813783
00000000
0687b483
fffe97b7
06813783
00000000
0687b503
fffea7b7
0a813783
00000000
0687b583
fffeb7b7
0e813783
00000000
0687b603
fffec7b7
12813783
00000000
0687b683
fffed7b7
16813783
00000000
0687b703
fffee7b7
1a813783
00000000
0687b783
fffef7b7
1e813783
00000000
0a87b403
ffff07b7
03013783
00000000
0a87b483
ffff17b7
07013783
00000000
0a87b503
ffff27b7
0b013783
00000000
0a87b583
ffff37b7
0f013783
00000000
0a87b603
ffff47b7
13013783
00000000
0a87b683
ffff57b7
17013783
00000000
0a87b703
ffff67b7
1b013783
00000000
0a87b783
ffff77b7
1f013783
00000000
0e87b403
ffff87b7
03813783
00000000
0e87b483
ffff97b7
07813783
00000000
0e87b503
ffffa7b7
0b813783
00000000
0e87b583
ffffb7b7
0f813783
00000000
0e87b603
ffffc7b7
13813783
00000000
0e87b683
ffffd7b7
17813783
00000000
0e87b703
ffffe7b7
1b813783
00000000
0e87b783
fffff7b7
1f813783
00000000
03043403
fffe0837
02013803
00000000
03043483
fffe1837
06013803
00000000
03043503
fffe2837
0a013803
00000000
03043583
fffe3837
0e013803
00000000
03043603
fffe4837
12013803
00000000
03043683
fffe5837
16013803
00000000
03043703
fffe6837
1a013803
00000000
03043783
fffe7837
1e013803
00000000
07043403
fffe8837
02813803
00000000
07043483
fffe9837
06813803
00000000
07043503
fffea837
0a813803
00000000
07043583
fffeb837
0e813803
00000000
07043603
fffec837
12813803
00000000
07043683
fffed837
16813803
00000000
07043703
fffee837
1a813803
00000000
07043783
fffef837
1e813803
00000000
0b043403
ffff0837
03013803
00000000
0b043483
ffff1837
07013803
00000000
0b043503
ffff2837
0b013803
00000000
0b043583
ffff3837
0f013803
00000000
0b043603
ffff4837
13013803
00000000
0b043683
ffff5837
17013803
00000000
0b043703
ffff6837
1b013803
00000000
0b043783
ffff7837
1f013803
00000000
0f043403
ffff8837
03813803
00000000
0f043483
ffff9837
07813803
00000000
0f043503
ffffa837
0b813803
00000000
0f043583
ffffb837
0f813803
00000000
0f043603
ffffc837
13813803
00000000
0f043683
ffffd837
17813803
00000000
0f043703
ffffe837
1b813803
00000000
0f043783
fffff837
1f813803
00000000
0304b403
fffe08b7
02013883
00000000
0304b483
fffe18b7
06013883
00000000
0304b503
fffe28b7
0a013883
00000000
0304b583
fffe38b7
0e013883
00000000
0304b603
fffe48b7
12013883
00000000
0304b683
fffe58b7
16013883
00000000
0304b703
fffe68b7
1a013883
00000000
0304b783
fffe78b7
1e013883
00000000
0704b403
fffe88b7
02813883
00000000
0704b483
fffe98b7
06813883
00000000
0704b503
fffea8b7
0a813883
00000000
0704b583
fffeb8b7
0e813883
00000000
0704b603
fffec8b7
12813883
00000000
0704b683
fffed8b7
16813883
00000000
0704b703
fffee8b7
1a813883
00000000
0704b783
fffef8b7
1e813883
00000000
0b04b403
ffff08b7
03013883
00000000
0b04b483
ffff18b7
07013883
00000000
0b04b503
ffff28b7
0b013883
00000000
0b04b583
ffff38b7
0f013883
00000000
0b04b603
ffff48b7
13013883
00000000
0b04b683
ffff58b7
17013883
00000000
0b04b703
ffff68b7
1b013883
00000000
0b04b783
ffff78b7
1f013883
00000000
0f04b403
ffff88b7
03813883
00000000
0f04b483
ffff98b7
07813883
00000000
0f04b503
ffffa8b7
0b813883
00000000
0f04b583
ffffb8b7
0f813883
00000000
0f04b603
ffffc8b7
13813883
00000000
0f04b683
ffffd8b7
17813883
00000000
0f04b703
ffffe8b7
1b813883
00000000
0f04b783
fffff8b7
1f813883
00000000
03053403
fffe0937
02013903
00000000
03053483
fffe1937
06013903
00000000
03053503
fffe2937
0a013903
00000000
03053583
fffe3937
0e013903
00000000
03053603
fffe4937
12013903
00000000
03053683
fffe5937
16013903
00000000
03053703
fffe6937
1a013903
00000000
03053783
fffe7937
1e013903
00000000
07053403
fffe8937
02813903
00000000
07053483
fffe9937
06813903
00000000
07053503
fffea937
0a813903
00000000
07053583
fffeb937
0e813903
00000000
07053603
fffec937
12813903
00000000
07053683
fffed937
16813903
00000000
07053703
fffee937
1a813903
00000000
07053783
fffef937
1e813903
00000000
0b053403
ffff0937
03013903
00000000
0b053483
ffff1937
07013903
00000000
0b053503
ffff2937
0b013903
00000000
0b053583
ffff3937
0f013903
00000000
0b053603
ffff4937
13013903
00000000
0b053683
ffff5937
17013903
00000000
0b053703
ffff6937
1b013903
00000000
0b053783
ffff7937
1f013903
00000000
0f053403
ffff8937
03813903
00000000
0f053483
ffff9937
07813903
00000000
0f053503
ffffa937
0b813903
00000000
0f053583
ffffb937
0f813903
00000000
0f053603
ffffc937
13813903
00000000
0f053683
ffffd937
17813903
00000000
0f053703
ffffe937
1b813903
00000000
0f053783
fffff937
1f813903
00000000
0305b403
fffe09b7
02013983
00000000
0305b483
fffe19b7
06013983
00000000
0305b503
fffe29b7
0a013983
00000000
0305b583
fffe39b7
0e013983
00000000
0305b603
fffe49b7
12013983
00000000
0305b683
fffe59b7
16013983
00000000
0305b703
fffe69b7
1a013983
00000000
0305b783
fffe79b7
1e013983
00000000
0705b403
fffe89b7
02813983
00000000
0705b483
fffe99b7
06813983
00000000
0705b503
fffea9b7
0a813983
00000000
0705b583
fffeb9b7
0e813983
00000000
0705b603
fffec9b7
12813983
00000000
0705b683
fffed9b7
16813983
00000000
0705b703
fffee9b7
1a813983
00000000
0705b783
fffef9b7
1e813983
00000000
0b05b403
ffff09b7
03013983
00000000
0b05b483
ffff19b7
07013983
00000000
0b05b503
ffff29b7
0b013983
00000000
0b05b583
ffff39b7
0f013983
00000000
0b05b603
ffff49b7
13013983
00000000
0b05b683
ffff59b7
17013983
00000000
0b05b703
ffff69b7
1b013983
00000000
0b05b783
ffff79b7
1f013983
00000000
0f05b403
ffff89b7
03813983
00000000
0f05b483
ffff99b7
07813983
00000000
0f05b503
ffffa9b7
0b813983
00000000
0f05b583
ffffb9b7
0f813983
00000000
0f05b603
ffffc9b7
13813983
00000000
0f05b683
ffffd9b7
17813983
00000000
0f05b703
ffffe9b7
1b813983
00000000
0f05b783
fffff9b7
1f813983
00000000
03063403
fffe0a37
02013a03
00000000
03063483
fffe1a37
06013a03
00000000
03063503
fffe2a37
0a013a03
00000000
03063583
fffe3a37
0e013a03
00000000
03063603
fffe4a37
12013a03
00000000
03063683
fffe5a37
16013a03
00000000
03063703
fffe6a37
1a013a03
00000000
03063783
fffe7a37
1e013a03
00000000
07063403
fffe8a37
02813a03
00000000
07063483
fffe9a37
06813a03
00000000
07063503
fffeaa37
0a813a03
00000000
07063583
fffeba37
0e813a03
00000000
07063603
fffeca37
12813a03
00000000
07063683
fffeda37
16813a03
00000000
07063703
fffeea37
1a813a03
00000000
07063783
fffefa37
1e813a03
00000000
0b063403
ffff0a37
03013a03
00000000
0b063483
ffff1a37
07013a03
00000000
0b063503
ffff2a37
0b013a03
00000000
0b063583
ffff3a37
0f013a03
00000000
0b063603
ffff4a37
13013a03
00000000
0b063683
ffff5a37
17013a03
00000000
0b063703
ffff6a37
1b013a03
00000000
0b063783
ffff7a37
1f013a03
00000000
0f063403
ffff8a37
03813a03
00000000
0f063483
ffff9a37
07813a03
00000000
0f063503
ffffaa37
0b813a03
00000000
0f063583
ffffba37
0f813a03
00000000
0f063603
ffffca37
13813a03
00000000
0f063683
ffffda37
17813a03
00000000
0f063703
ffffea37
1b813a03
00000000
0f063783
fffffa37
1f813a03
00000000
0306b403
fffe0ab7
02013a83
00000000
0306b483
fffe1ab7
06013a83
00000000
0306b503
fffe2ab7
0a013a83
00000000
0306b583
fffe3ab7
0e013a83
00000000
0306b603
fffe4ab7
12013a83
00000000
0306b683
fffe5ab7
16013a83
00000000
0306b703
fffe6ab7
1a013a83
00000000
0306b783
fffe7ab7
1e013a83
00000000
0706b403
fffe8ab7
02813a83
00000000
0706b483
fffe9ab7
06813a83
00000000
0706b503
fffeaab7
0a813a83
00000000
0706b583
fffebab7
0e813a83
00000000
0706b603
fffecab7
12813a83
00000000
0706b683
fffedab7
16813a83
00000000
0706b703
fffeeab7
1a813a83
00000000
0706b783
fffefab7
1e813a83
00000000
0b06b403
ffff0ab7
03013a83
00000000
0b06b483
ffff1ab7
07013a83
00000000
0b06b503
ffff2ab7
0b013a83
00000000
0b06b583
ffff3ab7
0f013a83
00000000
0b06b603
ffff4ab7
13013a83
00000000
0b06b683
ffff5ab7
17013a83
00000000
0b06b703
ffff6ab7
1b013a83
00000000
0b06b783
ffff7ab7
1f013a83
00000000
0f06b403
ffff8ab7
03813a83
00000000
0f06b483
ffff9ab7
07813a83
00000000
0f06b503
ffffaab7
0b813a83
00000000
0f06b583
ffffbab7
0f813a83
00000000
0f06b603
ffffcab7
13813a83
00000000
0f06b683
ffffdab7
17813a83
00000000
0f06b703
ffffeab7
1b813a83
00000000
0f06b783
fffffab7
1f813a83
00000000
03073403
fffe0b37
02013b03
00000000
03073483
fffe1b37
06013b03
00000000
03073503
fffe2b37
0a013b03
00000000
03073583
fffe3b37
0e013b03
00000000
03073603
fffe4b37
12013b03
00000000
03073683
fffe5b37
16013b03
00000000
03073703
fffe6b37
1a013b03
00000000
03073783
fffe7b37
1e013b03
00000000
07073403
fffe8b37
02813b03
00000000
07073483
fffe9b37
06813b03
00000000
07073503
fffeab37
0a813b03
00000000
07073583
fffebb37
0e813b03
00000000
07073603
fffecb37
12813b03
00000000
07073683
fffedb37
16813b03
00000000
07073703
fffeeb37
1a813b03
00000000
07073783
fffefb37
1e813b03
00000000
0b073403
ffff0b37
03013b03
00000000
0b073483
ffff1b37
07013b03
00000000
0b073503
ffff2b37
0b013b03
00000000
0b073583
ffff3b37
0f013b03
00000000
0b073603
ffff4b37
13013b03
00000000
0b073683
ffff5b37
17013b03
00000000
0b073703
ffff6b37
1b013b03
00000000
0b073783
ffff7b37
1f013b03
00000000
0f073403
ffff8b37
03813b03
00000000
0f073483
ffff9b37
07813b03
00000000
0f073503
ffffab37
0b813b03
00000000
0f073583
ffffbb37
0f813b03
00000000
0f073603
ffffcb37
13813b03
00000000
0f073683
ffffdb37
17813b03
00000000
0f073703
ffffeb37
1b813b03
00000000
0f073783
fffffb37
1f813b03
00000000
0307b403
fffe0bb7
02013b83
00000000
0307b483
fffe1bb7
06013b83
00000000
0307b503
fffe2bb7
0a013b83
00000000
0307b583
fffe3bb7
0e013b83
00000000
0307b603
fffe4bb7
12013b83
00000000
0307b683
fffe5bb7
16013b83
00000000
0307b703
fffe6bb7
1a013b83
00000000
0307b783
fffe7bb7
1e013b83
00000000
0707b403
fffe8bb7
02813b83
00000000
0707b483
fffe9bb7
06813b83
00000000
0707b503
fffeabb7
0a813b83
00000000
0707b583
fffebbb7
0e813b83
00000000
0707b603
fffecbb7
12813b83
00000000
0707b683
fffedbb7
16813b83
00000000
0707b703
fffeebb7
1a813b83
00000000
0707b783
fffefbb7
1e813b83
00000000
0b07b403
ffff0bb7
03013b83
00000000
0b07b483
ffff1bb7
07013b83
00000000
0b07b503
ffff2bb7
0b013b83
00000000
0b07b583
ffff3bb7
0f013b83
00000000
0b07b603
ffff4bb7
13013b83
00000000
0b07b683
ffff5bb7
17013b83
00000000
0b07b703
ffff6bb7
1b013b83
00000000
0b07b783
ffff7bb7
1f013b83
00000000
0f07b403
ffff8bb7
03813b83
00000000
0f07b483
ffff9bb7
07813b83
00000000
0f07b503
ffffabb7
0b813b83
00000000
0f07b583
ffffbbb7
0f813b83
00000000
0f07b603
ffffcbb7
13813b83
00000000
0f07b683
ffffdbb7
17813b83
00000000
0f07b703
ffffebb7
1b813b83
00000000
0f07b783
fffffbb7
1f813b83
00000000
03843403
fffe0c37
02013c03
00000000
03843483
fffe1c37
06013c03
00000000
03843503
fffe2c37
0a013c03
00000000
03843583
fffe3c37
0e013c03
00000000
03843603
fffe4c37
12013c03
00000000
03843683
fffe5c37
16013c03
00000000
03843703
fffe6c37
1a013c03
00000000
03843783
fffe7c37
1e013c03
00000000
07843403
fffe8c37
02813c03
00000000
07843483
fffe9c37
06813c03
00000000
07843503
fffeac37
0a813c03
00000000
07843583
fffebc37
0e813c03
00000000
07843603
fffecc37
12813c03
00000000
07843683
fffedc37
16813c03
00000000
07843703
fffeec37
1a813c03
00000000
07843783
fffefc37
1e813c03
00000000
0b843403
ffff0c37
03013c03
00000000
0b843483
ffff1c37
07013c03
00000000
0b843503
ffff2c37
0b013c03
00000000
0b843583
ffff3c37
0f013c03
00000000
0b843603
ffff4c37
13013c03
00000000
0b843683
ffff5c37
17013c03
00000000
0b843703
ffff6c37
1b013c03
00000000
0b843783
ffff7c37
1f013c03
00000000
0f843403
ffff8c37
03813c03
00000000
0f843483
ffff9c37
07813c03
00000000
0f843503
ffffac37
0b813c03
00000000
0f843583
ffffbc37
0f813c03
00000000
0f843603
ffffcc37
13813c03
00000000
0f843683
ffffdc37
17813c03
00000000
0f843703
ffffec37
1b813c03
00000000
0f843783
fffffc37
1f813c03
00000000
0384b403
fffe0cb7
02013c83
00000000
0384b483
fffe1cb7
06013c83
00000000
0384b503
fffe2cb7
0a013c83
00000000
0384b583
fffe3cb7
0e013c83
00000000
0384b603
fffe4cb7
12013c83
00000000
0384b683
fffe5cb7
16013c83
00000000
0384b703
fffe6cb7
1a013c83
00000000
0384b783
fffe7cb7
1e013c83
00000000
0784b403
fffe8cb7
02813c83
00000000
0784b483
fffe9cb7
06813c83
00000000
0784b503
fffeacb7
0a813c83
00000000
0784b583
fffebcb7
0e813c83
00000000
0784b603
fffeccb7
12813c83
00000000
0784b683
fffedcb7
16813c83
00000000
0784b703
fffeecb7
1a813c83
00000000
0784b783
fffefcb7
1e813c83
00000000
0b84b403
ffff0cb7
03013c83
00000000
0b84b483
ffff1cb7
07013c83
00000000
0b84b503
ffff2cb7
0b013c83
00000000
0b84b583
ffff3cb7
0f013c83
00000000
0b84b603
ffff4cb7
13013c83
00000000
0b84b683
ffff5cb7
17013c83
00000000
0b84b703
ffff6cb7
1b013c83
00000000
0b84b783
ffff7cb7
1f013c83
00000000
0f84b403
ffff8cb7
03813c83
00000000
0f84b483
ffff9cb7
07813c83
00000000
0f84b503
ffffacb7
0b813c83
00000000
0f84b583
ffffbcb7
0f813c83
00000000
0f84b603
ffffccb7
13813c83
00000000
0f84b683
ffffdcb7
17813c83
00000000
0f84b703
ffffecb7
1b813c83
00000000
0f84b783
fffffcb7
1f813c83
00000000
03853403
fffe0d37
02013d03
00000000
03853483
fffe1d37
06013d03
00000000
03853503
fffe2d37
0a013d03
00000000
03853583
fffe3d37
0e013d03
00000000
03853603
fffe4d37
12013d03
00000000
03853683
fffe5d37
16013d03
00000000
03853703
fffe6d37
1a013d03
00000000
03853783
fffe7d37
1e013d03
00000000
07853403
fffe8d37
02813d03
00000000
07853483
fffe9d37
06813d03
00000000
07853503
fffead37
0a813d03
00000000
07853583
fffebd37
0e813d03
00000000
07853603
fffecd37
12813d03
00000000
07853683
fffedd37
16813d03
00000000
07853703
fffeed37
1a813d03
00000000
07853783
fffefd37
1e813d03
00000000
0b853403
ffff0d37
03013d03
00000000
0b853483
ffff1d37
07013d03
00000000
0b853503
ffff2d37
0b013d03
00000000
0b853583
ffff3d37
0f013d03
00000000
0b853603
ffff4d37
13013d03
00000000
0b853683
ffff5d37
17013d03
00000000
0b853703
ffff6d37
1b013d03
00000000
0b853783
ffff7d37
1f013d03
00000000
0f853403
ffff8d37
03813d03
00000000
0f853483
ffff9d37
07813d03
00000000
0f853503
ffffad37
0b813d03
00000000
0f853583
ffffbd37
0f813d03
00000000
0f853603
ffffcd37
13813d03
00000000
0f853683
ffffdd37
17813d03
00000000
0f853703
ffffed37
1b813d03
00000000
0f853783
fffffd37
1f813d03
00000000
0385b403
fffe0db7
02013d83
00000000
0385b483
fffe1db7
06013d83
00000000
0385b503
fffe2db7
0a013d83
00000000
0385b583
fffe3db7
0e013d83
00000000
0385b603
fffe4db7
12013d83
00000000
0385b683
fffe5db7
16013d83
00000000
0385b703
fffe6db7
1a013d83
00000000
0385b783
fffe7db7
1e013d83
00000000
0785b403
fffe8db7
02813d83
00000000
0785b483
fffe9db7
06813d83
00000000
0785b503
fffeadb7
0a813d83
00000000
0785b583
fffebdb7
0e813d83
00000000
0785b603
fffecdb7
12813d83
00000000
0785b683
fffeddb7
16813d83
00000000
0785b703
fffeedb7
1a813d83
00000000
0785b783
fffefdb7
1e813d83
00000000
0b85b403
ffff0db7
03013d83
00000000
0b85b483
ffff1db7
07013d83
00000000
0b85b503
ffff2db7
0b013d83
00000000
0b85b583
ffff3db7
0f013d83
00000000
0b85b603
ffff4db7
13013d83
00000000
0b85b683
ffff5db7
17013d83
00000000
0b85b703
ffff6db7
1b013d83
00000000
0b85b783
ffff7db7
1f013d83
00000000
0f85b403
ffff8db7
03813d83
00000000
0f85b483
ffff9db7
07813d83
00000000
0f85b503
ffffadb7
0b813d83
00000000
0f85b583
ffffbdb7
0f813d83
00000000
0f85b603
ffffcdb7
13813d83
00000000
0f85b683
ffffddb7
17813d83
00000000
0f85b703
ffffedb7
1b813d83
00000000
0f85b783
fffffdb7
1f813d83
00000000
03863403
fffe0e37
02013e03
00000000
03863483
fffe1e37
06013e03
00000000
03863503
fffe2e37
0a013e03
00000000
03863583
fffe3e37
0e013e03
00000000
03863603
fffe4e37
12013e03
00000000
03863683
fffe5e37
16013e03
00000000
03863703
fffe6e37
1a013e03
00000000
03863783
fffe7e37
1e013e03
00000000
07863403
fffe8e37
02813e03
00000000
07863483
fffe9e37
06813e03
00000000
07863503
fffeae37
0a813e03
00000000
07863583
fffebe37
0e813e03
00000000
07863603
fffece37
12813e03
00000000
07863683
fffede37
16813e03
00000000
07863703
fffeee37
1a813e03
00000000
07863783
fffefe37
1e813e03
00000000
0b863403
ffff0e37
03013e03
00000000
0b863483
ffff1e37
07013e03
00000000
0b863503
ffff2e37
0b013e03
00000000
0b863583
ffff3e37
0f013e03
00000000
0b863603
ffff4e37
13013e03
00000000
0b863683
ffff5e37
17013e03
00000000
0b863703
ffff6e37
1b013e03
00000000
0b863783
ffff7e37
1f013e03
00000000
0f863403
ffff8e37
03813e03
00000000
0f863483
ffff9e37
07813e03
00000000
0f863503
ffffae37
0b813e03
00000000
0f863583
ffffbe37
0f813e03
00000000
0f863603
ffffce37
13813e03
00000000
0f863683
ffffde37
17813e03
00000000
0f863703
ffffee37
1b813e03
00000000
0f863783
fffffe37
1f813e03
00000000
0386b403
fffe0eb7
02013e83
00000000
0386b483
fffe1eb7
06013e83
00000000
0386b503
fffe2eb7
0a013e83
00000000
0386b583
fffe3eb7
0e013e83
00000000
0386b603
fffe4eb7
12013e83
00000000
0386b683
fffe5eb7
16013e83
00000000
0386b703
fffe6eb7
1a013e83
00000000
0386b783
fffe7eb7
1e013e83
00000000
0786b403
fffe8eb7
02813e83
00000000
0786b483
fffe9eb7
06813e83
00000000
0786b503
fffeaeb7
0a813e83
00000000
0786b583
fffebeb7
0e813e83
00000000
0786b603
fffeceb7
12813e83
00000000
0786b683
fffedeb7
16813e83
00000000
0786b703
fffeeeb7
1a813e83
00000000
0786b783
fffefeb7
1e813e83
00000000
0b86b403
ffff0eb7
03013e83
00000000
0b86b483
ffff1eb7
07013e83
00000000
0b86b503
ffff2eb7
0b013e83
00000000
0b86b583
ffff3eb7
0f013e83
00000000
0b86b603
ffff4eb7
13013e83
00000000
0b86b683
ffff5eb7
17013e83
00000000
0b86b703
ffff6eb7
1b013e83
00000000
0b86b783
ffff7eb7
1f013e83
00000000
0f86b403
ffff8eb7
03813e83
00000000
0f86b483
ffff9eb7
07813e83
00000000
0f86b503
ffffaeb7
0b813e83
00000000
0f86b583
ffffbeb7
0f813e83
00000000
0f86b603
ffffceb7
13813e83
00000000
0f86b683
ffffdeb7
17813e83
00000000
0f86b703
ffffeeb7
1b813e83
00000000
0f86b783
fffffeb7
1f813e83
00000000
03873403
fffe0f37
02013f03
00000000
03873483
fffe1f37
06013f03
00000000
03873503
fffe2f37
0a013f03
00000000
03873583
fffe3f37
0e013f03
00000000
03873603
fffe4f37
12013f03
00000000
03873683
fffe5f37
16013f03
00000000
03873703
fffe6f37
1a013f03
00000000
03873783
fffe7f37
1e013f03
00000000
07873403
fffe8f37
02813f03
00000000
07873483
fffe9f37
06813f03
00000000
07873503
fffeaf37
0a813f03
00000000
07873583
fffebf37
0e813f03
00000000
07873603
fffecf37
12813f03
00000000
07873683
fffedf37
16813f03
00000000
07873703
fffeef37
1a813f03
00000000
07873783
fffeff37
1e813f03
00000000
0b873403
ffff0f37
03013f03
00000000
0b873483
ffff1f37
07013f03
00000000
0b873503
ffff2f37
0b013f03
00000000
0b873583
ffff3f37
0f013f03
00000000
0b873603
ffff4f37
13013f03
00000000
0b873683
ffff5f37
17013f03
00000000
0b873703
ffff6f37
1b013f03
00000000
0b873783
ffff7f37
1f013f03
00000000
0f873403
ffff8f37
03813f03
00000000
0f873483
ffff9f37
07813f03
00000000
0f873503
ffffaf37
0b813f03
00000000
0f873583
ffffbf37
0f813f03
00000000
0f873603
ffffcf37
13813f03
00000000
0f873683
ffffdf37
17813f03
00000000
0f873703
ffffef37
1b813f03
00000000
0f873783
ffffff37
1f813f03
00000000
0387b403
fffe0fb7
02013f83
00000000
0387b483
fffe1fb7
06013f83
00000000
0387b503
fffe2fb7
0a013f83
00000000
0387b583
fffe3fb7
0e013f83
00000000
0387b603
fffe4fb7
12013f83
00000000
0387b683
fffe5fb7
16013f83
00000000
0387b703
fffe6fb7
1a013f83
00000000
0387b783
fffe7fb7
1e013f83
00000000
0787b403
fffe8fb7
02813f83
00000000
0787b483
fffe9fb7
06813f83
00000000
0787b503
fffeafb7
0a813f83
00000000
0787b583
fffebfb7
0e813f83
00000000
0787b603
fffecfb7
12813f83
00000000
0787b683
fffedfb7
16813f83
00000000
0787b703
fffeefb7
1a813f83
00000000
0787b783
fffeffb7
1e813f83
00000000
0b87b403
ffff0fb7
03013f83
00000000
0b87b483
ffff1fb7
07013f83
00000000
0b87b503
ffff2fb7
0b013f83
00000000
0b87b583
ffff3fb7
0f013f83
00000000
0b87b603
ffff4fb7
13013f83
00000000
0b87b683
ffff5fb7
17013f83
00000000
0b87b703
ffff6fb7
1b013f83
00000000
0b87b783
ffff7fb7
1f013f83
00000000
0f87b403
ffff8fb7
03813f83
00000000
0f87b483
ffff9fb7
07813f83
00000000
0f87b503
ffffafb7
0b813f83
00000000
0f87b583
ffffbfb7
0f813f83
00000000
0f87b603
ffffcfb7
13813f83
00000000
0f87b683
ffffdfb7
17813f83
00000000
0f87b703
ffffefb7
1b813f83
00000000
0f87b783
ffffffb7
1f813f83
00000000
00000000
00045413
00000000
00000000
00000000
00145413
00100033
00000000
00000000
00245413
00200033
00000000
00000000
00345413
00300033
00000000
00000000
00445413
00400033
00000000
00000000
00545413
00500033
00000000
00000000
00645413
00600033
00000000
00000000
00745413
00700033
00000000
00000000
00845413
00800033
00000000
00000000
00945413
00900033
00000000
00000000
00a45413
00a00033
00000000
00000000
00b45413
00b00033
00000000
00000000
00c45413
00c00033
00000000
00000000
00d45413
00d00033
00000000
00000000
00e45413
00e00033
00000000
00000000
00f45413
00f00033
00000000
00000000
01045413
01000033
00000000
00000000
01145413
01100033
00000000
00000000
01245413
01200033
00000000
00000000
01345413
01300033
00000000
00000000
01445413
01400033
00000000
00000000
01545413
01500033
00000000
00000000
01645413
01600033
00000000
00000000
01745413
01700033
00000000
00000000
01845413
01800033
00000000
00000000
01945413
01900033
00000000
00000000
01a45413
01a00033
00000000
00000000
01b45413
01b00033
00000000
00000000
01c45413
01c00033
00000000
00000000
01d45413
01d00033
00000000
00000000
01e45413
01e00033
00000000
00000000
01f45413
01f00033
00000000
00000000
0004d493
00008067
00000000
00000000
0014d493
001000b3
00000000
00000000
0024d493
002000b3
00000000
00000000
0034d493
003000b3
00000000
00000000
0044d493
004000b3
00000000
00000000
0054d493
005000b3
00000000
00000000
0064d493
006000b3
00000000
00000000
0074d493
007000b3
00000000
00000000
0084d493
008000b3
00000000
00000000
0094d493
009000b3
00000000
00000000
00a4d493
00a000b3
00000000
00000000
00b4d493
00b000b3
00000000
00000000
00c4d493
00c000b3
00000000
00000000
00d4d493
00d000b3
00000000
00000000
00e4d493
00e000b3
00000000
00000000
00f4d493
00f000b3
00000000
00000000
0104d493
010000b3
00000000
00000000
0114d493
011000b3
00000000
00000000
0124d493
012000b3
00000000
00000000
0134d493
013000b3
00000000
00000000
0144d493
014000b3
00000000
00000000
0154d493
015000b3
00000000
00000000
0164d493
016000b3
00000000
00000000
0174d493
017000b3
00000000
00000000
0184d493
018000b3
00000000
00000000
0194d493
019000b3
00000000
00000000
01a4d493
01a000b3
00000000
00000000
01b4d493
01b000b3
00000000
00000000
01c4d493
01c000b3
00000000
00000000
01d4d493
01d000b3
00000000
00000000
01e4d493
01e000b3
00000000
00000000
01f4d493
01f000b3
00000000
00000000
00055513
00010067
00000000
00000000
00155513
00100133
00000000
00000000
00255513
00200133
00000000
00000000
00355513
00300133
00000000
00000000
00455513
00400133
00000000
00000000
00555513
00500133
00000000
00000000
00655513
00600133
00000000
00000000
00755513
00700133
00000000
00000000
00855513
00800133
00000000
00000000
00955513
00900133
00000000
00000000
00a55513
00a00133
00000000
00000000
00b55513
00b00133
00000000
00000000
00c55513
00c00133
00000000
00000000
00d55513
00d00133
00000000
00000000
00e55513
00e00133
00000000
00000000
00f55513
00f00133
00000000
00000000
01055513
01000133
00000000
00000000
01155513
01100133
00000000
00000000
01255513
01200133
00000000
00000000
01355513
01300133
00000000
00000000
01455513
01400133
00000000
00000000
01555513
01500133
00000000
00000000
01655513
01600133
00000000
00000000
01755513
01700133
00000000
00000000
01855513
01800133
00000000
00000000
01955513
01900133
00000000
00000000
01a55513
01a00133
00000000
00000000
01b55513
01b00133
00000000
00000000
01c55513
01c00133
00000000
00000000
01d55513
01d00133
00000000
00000000
01e55513
01e00133
00000000
00000000
01f55513
01f00133
00000000
00000000
0005d593
00018067
00000000
00000000
0015d593
001001b3
00000000
00000000
0025d593
002001b3
00000000
00000000
0035d593
003001b3
00000000
00000000
0045d593
004001b3
00000000
00000000
0055d593
005001b3
00000000
00000000
0065d593
006001b3
00000000
00000000
0075d593
007001b3
00000000
00000000
0085d593
008001b3
00000000
00000000
0095d593
009001b3
00000000
00000000
00a5d593
00a001b3
00000000
00000000
00b5d593
00b001b3
00000000
00000000
00c5d593
00c001b3
00000000
00000000
00d5d593
00d001b3
00000000
00000000
00e5d593
00e001b3
00000000
00000000
00f5d593
00f001b3
00000000
00000000
0105d593
010001b3
00000000
00000000
0115d593
011001b3
00000000
00000000
0125d593
012001b3
00000000
00000000
0135d593
013001b3
00000000
00000000
0145d593
014001b3
00000000
00000000
0155d593
015001b3
00000000
00000000
0165d593
016001b3
00000000
00000000
0175d593
017001b3
00000000
00000000
0185d593
018001b3
00000000
00000000
0195d593
019001b3
00000000
00000000
01a5d593
01a001b3
00000000
00000000
01b5d593
01b001b3
00000000
00000000
01c5d593
01c001b3
00000000
00000000
01d5d593
01d001b3
00000000
00000000
01e5d593
01e001b3
00000000
00000000
01f5d593
01f001b3
00000000
00000000
00065613
00020067
00000000
00000000
00165613
00100233
00000000
00000000
00265613
00200233
00000000
00000000
00365613
00300233
00000000
00000000
00465613
00400233
00000000
00000000
00565613
00500233
00000000
00000000
00665613
00600233
00000000
00000000
00765613
00700233
00000000
00000000
00865613
00800233
00000000
00000000
00965613
00900233
00000000
00000000
00a65613
00a00233
00000000
00000000
00b65613
00b00233
00000000
00000000
00c65613
00c00233
00000000
00000000
00d65613
00d00233
00000000
00000000
00e65613
00e00233
00000000
00000000
00f65613
00f00233
00000000
00000000
01065613
01000233
00000000
00000000
01165613
01100233
00000000
00000000
01265613
01200233
00000000
00000000
01365613
01300233
00000000
00000000
01465613
01400233
00000000
00000000
01565613
01500233
00000000
00000000
01665613
01600233
00000000
00000000
01765613
01700233
00000000
00000000
01865613
01800233
00000000
00000000
01965613
01900233
00000000
00000000
01a65613
01a00233
00000000
00000000
01b65613
01b00233
00000000
00000000
01c65613
01c00233
00000000
00000000
01d65613
01d00233
00000000
00000000
01e65613
01e00233
00000000
00000000
01f65613
01f00233
00000000
00000000
0006d693
00028067
00000000
00000000
0016d693
001002b3
00000000
00000000
0026d693
002002b3
00000000
00000000
0036d693
003002b3
00000000
00000000
0046d693
004002b3
00000000
00000000
0056d693
005002b3
00000000
00000000
0066d693
006002b3
00000000
00000000
0076d693
007002b3
00000000
00000000
0086d693
008002b3
00000000
00000000
0096d693
009002b3
00000000
00000000
00a6d693
00a002b3
00000000
00000000
00b6d693
00b002b3
00000000
00000000
00c6d693
00c002b3
00000000
00000000
00d6d693
00d002b3
00000000
00000000
00e6d693
00e002b3
00000000
00000000
00f6d693
00f002b3
00000000
00000000
0106d693
010002b3
00000000
00000000
0116d693
011002b3
00000000
00000000
0126d693
012002b3
00000000
00000000
0136d693
013002b3
00000000
00000000
0146d693
014002b3
00000000
00000000
0156d693
015002b3
00000000
00000000
0166d693
016002b3
00000000
00000000
0176d693
017002b3
00000000
00000000
0186d693
018002b3
00000000
00000000
0196d693
019002b3
00000000
00000000
01a6d693
01a002b3
00000000
00000000
01b6d693
01b002b3
00000000
00000000
01c6d693
01c002b3
00000000
00000000
01d6d693
01d002b3
00000000
00000000
01e6d693
01e002b3
00000000
00000000
01f6d693
01f002b3
00000000
00000000
00075713
00030067
00000000
00000000
00175713
00100333
00000000
00000000
00275713
00200333
00000000
00000000
00375713
00300333
00000000
00000000
00475713
00400333
00000000
00000000
00575713
00500333
00000000
00000000
00675713
00600333
00000000
00000000
00775713
00700333
00000000
00000000
00875713
00800333
00000000
00000000
00975713
00900333
00000000
00000000
00a75713
00a00333
00000000
00000000
00b75713
00b00333
00000000
00000000
00c75713
00c00333
00000000
00000000
00d75713
00d00333
00000000
00000000
00e75713
00e00333
00000000
00000000
00f75713
00f00333
00000000
00000000
01075713
01000333
00000000
00000000
01175713
01100333
00000000
00000000
01275713
01200333
00000000
00000000
01375713
01300333
00000000
00000000
01475713
01400333
00000000
00000000
01575713
01500333
00000000
00000000
01675713
01600333
00000000
00000000
01775713
01700333
00000000
00000000
01875713
01800333
00000000
00000000
01975713
01900333
00000000
00000000
01a75713
01a00333
00000000
00000000
01b75713
01b00333
00000000
00000000
01c75713
01c00333
00000000
00000000
01d75713
01d00333
00000000
00000000
01e75713
01e00333
00000000
00000000
01f75713
01f00333
00000000
00000000
0007d793
00038067
00000000
00000000
0017d793
001003b3
00000000
00000000
0027d793
002003b3
00000000
00000000
0037d793
003003b3
00000000
00000000
0047d793
004003b3
00000000
00000000
0057d793
005003b3
00000000
00000000
0067d793
006003b3
00000000
00000000
0077d793
007003b3
00000000
00000000
0087d793
008003b3
00000000
00000000
0097d793
009003b3
00000000
00000000
00a7d793
00a003b3
00000000
00000000
00b7d793
00b003b3
00000000
00000000
00c7d793
00c003b3
00000000
00000000
00d7d793
00d003b3
00000000
00000000
00e7d793
00e003b3
00000000
00000000
00f7d793
00f003b3
00000000
00000000
0107d793
010003b3
00000000
00000000
0117d793
011003b3
00000000
00000000
0127d793
012003b3
00000000
00000000
0137d793
013003b3
00000000
00000000
0147d793
014003b3
00000000
00000000
0157d793
015003b3
00000000
00000000
0167d793
016003b3
00000000
00000000
0177d793
017003b3
00000000
00000000
0187d793
018003b3
00000000
00000000
0197d793
019003b3
00000000
00000000
01a7d793
01a003b3
00000000
00000000
01b7d793
01b003b3
00000000
00000000
01c7d793
01c003b3
00000000
00000000
01d7d793
01d003b3
00000000
00000000
01e7d793
01e003b3
00000000
00000000
01f7d793
01f003b3
00000000
00000000
40045413
00040067
00000000
00000000
40145413
00100433
00000000
00000000
40245413
00200433
00000000
00000000
40345413
00300433
00000000
00000000
40445413
00400433
00000000
00000000
40545413
00500433
00000000
00000000
40645413
00600433
00000000
00000000
40745413
00700433
00000000
00000000
40845413
00800433
00000000
00000000
40945413
00900433
00000000
00000000
40a45413
00a00433
00000000
00000000
40b45413
00b00433
00000000
00000000
40c45413
00c00433
00000000
00000000
40d45413
00d00433
00000000
00000000
40e45413
00e00433
00000000
00000000
40f45413
00f00433
00000000
00000000
41045413
01000433
00000000
00000000
41145413
01100433
00000000
00000000
41245413
01200433
00000000
00000000
41345413
01300433
00000000
00000000
41445413
01400433
00000000
00000000
41545413
01500433
00000000
00000000
41645413
01600433
00000000
00000000
41745413
01700433
00000000
00000000
41845413
01800433
00000000
00000000
41945413
01900433
00000000
00000000
41a45413
01a00433
00000000
00000000
41b45413
01b00433
00000000
00000000
41c45413
01c00433
00000000
00000000
41d45413
01d00433
00000000
00000000
41e45413
01e00433
00000000
00000000
41f45413
01f00433
00000000
00000000
4004d493
00048067
00000000
00000000
4014d493
001004b3
00000000
00000000
4024d493
002004b3
00000000
00000000
4034d493
003004b3
00000000
00000000
4044d493
004004b3
00000000
00000000
4054d493
005004b3
00000000
00000000
4064d493
006004b3
00000000
00000000
4074d493
007004b3
00000000
00000000
4084d493
008004b3
00000000
00000000
4094d493
009004b3
00000000
00000000
40a4d493
00a004b3
00000000
00000000
40b4d493
00b004b3
00000000
00000000
40c4d493
00c004b3
00000000
00000000
40d4d493
00d004b3
00000000
00000000
40e4d493
00e004b3
00000000
00000000
40f4d493
00f004b3
00000000
00000000
4104d493
010004b3
00000000
00000000
4114d493
011004b3
00000000
00000000
4124d493
012004b3
00000000
00000000
4134d493
013004b3
00000000
00000000
4144d493
014004b3
00000000
00000000
4154d493
015004b3
00000000
00000000
4164d493
016004b3
00000000
00000000
4174d493
017004b3
00000000
00000000
4184d493
018004b3
00000000
00000000
4194d493
019004b3
00000000
00000000
41a4d493
01a004b3
00000000
00000000
41b4d493
01b004b3
00000000
00000000
41c4d493
01c004b3
00000000
00000000
41d4d493
01d004b3
00000000
00000000
41e4d493
01e004b3
00000000
00000000
41f4d493
01f004b3
00000000
00000000
40055513
00050067
00000000
00000000
40155513
00100533
00000000
00000000
40255513
00200533
00000000
00000000
40355513
00300533
00000000
00000000
40455513
00400533
00000000
00000000
40555513
00500533
00000000
00000000
40655513
00600533
00000000
00000000
40755513
00700533
00000000
00000000
40855513
00800533
00000000
00000000
40955513
00900533
00000000
00000000
40a55513
00a00533
00000000
00000000
40b55513
00b00533
00000000
00000000
40c55513
00c00533
00000000
00000000
40d55513
00d00533
00000000
00000000
40e55513
00e00533
00000000
00000000
40f55513
00f00533
00000000
00000000
41055513
01000533
00000000
00000000
41155513
01100533
00000000
00000000
41255513
01200533
00000000
00000000
41355513
01300533
00000000
00000000
41455513
01400533
00000000
00000000
41555513
01500533
00000000
00000000
41655513
01600533
00000000
00000000
41755513
01700533
00000000
00000000
41855513
01800533
00000000
00000000
41955513
01900533
00000000
00000000
41a55513
01a00533
00000000
00000000
41b55513
01b00533
00000000
00000000
41c55513
01c00533
00000000
00000000
41d55513
01d00533
00000000
00000000
41e55513
01e00533
00000000
00000000
41f55513
01f00533
00000000
00000000
4005d593
00058067
00000000
00000000
4015d593
001005b3
00000000
00000000
4025d593
002005b3
00000000
00000000
4035d593
003005b3
00000000
00000000
4045d593
004005b3
00000000
00000000
4055d593
005005b3
00000000
00000000
4065d593
006005b3
00000000
00000000
4075d593
007005b3
00000000
00000000
4085d593
008005b3
00000000
00000000
4095d593
009005b3
00000000
00000000
40a5d593
00a005b3
00000000
00000000
40b5d593
00b005b3
00000000
00000000
40c5d593
00c005b3
00000000
00000000
40d5d593
00d005b3
00000000
00000000
40e5d593
00e005b3
00000000
00000000
40f5d593
00f005b3
00000000
00000000
4105d593
010005b3
00000000
00000000
4115d593
011005b3
00000000
00000000
4125d593
012005b3
00000000
00000000
4135d593
013005b3
00000000
00000000
4145d593
014005b3
00000000
00000000
4155d593
015005b3
00000000
00000000
4165d593
016005b3
00000000
00000000
4175d593
017005b3
00000000
00000000
4185d593
018005b3
00000000
00000000
4195d593
019005b3
00000000
00000000
41a5d593
01a005b3
00000000
00000000
41b5d593
01b005b3
00000000
00000000
41c5d593
01c005b3
00000000
00000000
41d5d593
01d005b3
00000000
00000000
41e5d593
01e005b3
00000000
00000000
41f5d593
01f005b3
00000000
00000000
40065613
00060067
00000000
00000000
40165613
00100633
00000000
00000000
40265613
00200633
00000000
00000000
40365613
00300633
00000000
00000000
40465613
00400633
00000000
00000000
40565613
00500633
00000000
00000000
40665613
00600633
00000000
00000000
40765613
00700633
00000000
00000000
40865613
00800633
00000000
00000000
40965613
00900633
00000000
00000000
40a65613
00a00633
00000000
00000000
40b65613
00b00633
00000000
00000000
40c65613
00c00633
00000000
00000000
40d65613
00d00633
00000000
00000000
40e65613
00e00633
00000000
00000000
40f65613
00f00633
00000000
00000000
41065613
01000633
00000000
00000000
41165613
01100633
00000000
00000000
41265613
01200633
00000000
00000000
41365613
01300633
00000000
00000000
41465613
01400633
00000000
00000000
41565613
01500633
00000000
00000000
41665613
01600633
00000000
00000000
41765613
01700633
00000000
00000000
41865613
01800633
00000000
00000000
41965613
01900633
00000000
00000000
41a65613
01a00633
00000000
00000000
41b65613
01b00633
00000000
00000000
41c65613
01c00633
00000000
00000000
41d65613
01d00633
00000000
00000000
41e65613
01e00633
00000000
00000000
41f65613
01f00633
00000000
00000000
4006d693
00068067
00000000
00000000
4016d693
001006b3
00000000
00000000
4026d693
002006b3
00000000
00000000
4036d693
003006b3
00000000
00000000
4046d693
004006b3
00000000
00000000
4056d693
005006b3
00000000
00000000
4066d693
006006b3
00000000
00000000
4076d693
007006b3
00000000
00000000
4086d693
008006b3
00000000
00000000
4096d693
009006b3
00000000
00000000
40a6d693
00a006b3
00000000
00000000
40b6d693
00b006b3
00000000
00000000
40c6d693
00c006b3
00000000
00000000
40d6d693
00d006b3
00000000
00000000
40e6d693
00e006b3
00000000
00000000
40f6d693
00f006b3
00000000
00000000
4106d693
010006b3
00000000
00000000
4116d693
011006b3
00000000
00000000
4126d693
012006b3
00000000
00000000
4136d693
013006b3
00000000
00000000
4146d693
014006b3
00000000
00000000
4156d693
015006b3
00000000
00000000
4166d693
016006b3
00000000
00000000
4176d693
017006b3
00000000
00000000
4186d693
018006b3
00000000
00000000
4196d693
019006b3
00000000
00000000
41a6d693
01a006b3
00000000
00000000
41b6d693
01b006b3
00000000
00000000
41c6d693
01c006b3
00000000
00000000
41d6d693
01d006b3
00000000
00000000
41e6d693
01e006b3
00000000
00000000
41f6d693
01f006b3
00000000
00000000
40075713
00070067
00000000
00000000
40175713
00100733
00000000
00000000
40275713
00200733
00000000
00000000
40375713
00300733
00000000
00000000
40475713
00400733
00000000
00000000
40575713
00500733
00000000
00000000
40675713
00600733
00000000
00000000
40775713
00700733
00000000
00000000
40875713
00800733
00000000
00000000
40975713
00900733
00000000
00000000
40a75713
00a00733
00000000
00000000
40b75713
00b00733
00000000
00000000
40c75713
00c00733
00000000
00000000
40d75713
00d00733
00000000
00000000
40e75713
00e00733
00000000
00000000
40f75713
00f00733
00000000
00000000
41075713
01000733
00000000
00000000
41175713
01100733
00000000
00000000
41275713
01200733
00000000
00000000
41375713
01300733
00000000
00000000
41475713
01400733
00000000
00000000
41575713
01500733
00000000
00000000
41675713
01600733
00000000
00000000
41775713
01700733
00000000
00000000
41875713
01800733
00000000
00000000
41975713
01900733
00000000
00000000
41a75713
01a00733
00000000
00000000
41b75713
01b00733
00000000
00000000
41c75713
01c00733
00000000
00000000
41d75713
01d00733
00000000
00000000
41e75713
01e00733
00000000
00000000
41f75713
01f00733
00000000
00000000
4007d793
00078067
00000000
00000000
4017d793
001007b3
00000000
00000000
4027d793
002007b3
00000000
00000000
4037d793
003007b3
00000000
00000000
4047d793
004007b3
00000000
00000000
4057d793
005007b3
00000000
00000000
4067d793
006007b3
00000000
00000000
4077d793
007007b3
00000000
00000000
4087d793
008007b3
00000000
00000000
4097d793
009007b3
00000000
00000000
40a7d793
00a007b3
00000000
00000000
40b7d793
00b007b3
00000000
00000000
40c7d793
00c007b3
00000000
00000000
40d7d793
00d007b3
00000000
00000000
40e7d793
00e007b3
00000000
00000000
40f7d793
00f007b3
00000000
00000000
4107d793
010007b3
00000000
00000000
4117d793
011007b3
00000000
00000000
4127d793
012007b3
00000000
00000000
4137d793
013007b3
00000000
00000000
4147d793
014007b3
00000000
00000000
4157d793
015007b3
00000000
00000000
4167d793
016007b3
00000000
00000000
4177d793
017007b3
00000000
00000000
4187d793
018007b3
00000000
00000000
4197d793
019007b3
00000000
00000000
41a7d793
01a007b3
00000000
00000000
41b7d793
01b007b3
00000000
00000000
41c7d793
01c007b3
00000000
00000000
41d7d793
01d007b3
00000000
00000000
41e7d793
01e007b3
00000000
00000000
41f7d793
01f007b3
00000000
00000000
00047413
00080067
00000000
00000000
00147413
00100833
00000000
00000000
00247413
00200833
00000000
00000000
00347413
00300833
00000000
00000000
00447413
00400833
00000000
00000000
00547413
00500833
00000000
00000000
00647413
00600833
00000000
00000000
00747413
00700833
00000000
00000000
00847413
00800833
00000000
00000000
00947413
00900833
00000000
00000000
00a47413
00a00833
00000000
00000000
00b47413
00b00833
00000000
00000000
00c47413
00c00833
00000000
00000000
00d47413
00d00833
00000000
00000000
00e47413
00e00833
00000000
00000000
00f47413
00f00833
00000000
00000000
01047413
01000833
00000000
00000000
01147413
01100833
00000000
00000000
01247413
01200833
00000000
00000000
01347413
01300833
00000000
00000000
01447413
01400833
00000000
00000000
01547413
01500833
00000000
00000000
01647413
01600833
00000000
00000000
01747413
01700833
00000000
00000000
01847413
01800833
00000000
00000000
01947413
01900833
00000000
00000000
01a47413
01a00833
00000000
00000000
01b47413
01b00833
00000000
00000000
01c47413
01c00833
00000000
00000000
01d47413
01d00833
00000000
00000000
01e47413
01e00833
00000000
00000000
01f47413
01f00833
00000000
00000000
0004f493
00088067
00000000
00000000
0014f493
001008b3
00000000
00000000
0024f493
002008b3
00000000
00000000
0034f493
003008b3
00000000
00000000
0044f493
004008b3
00000000
00000000
0054f493
005008b3
00000000
00000000
0064f493
006008b3
00000000
00000000
0074f493
007008b3
00000000
00000000
0084f493
008008b3
00000000
00000000
0094f493
009008b3
00000000
00000000
00a4f493
00a008b3
00000000
00000000
00b4f493
00b008b3
00000000
00000000
00c4f493
00c008b3
00000000
00000000
00d4f493
00d008b3
00000000
00000000
00e4f493
00e008b3
00000000
00000000
00f4f493
00f008b3
00000000
00000000
0104f493
010008b3
00000000
00000000
0114f493
011008b3
00000000
00000000
0124f493
012008b3
00000000
00000000
0134f493
013008b3
00000000
00000000
0144f493
014008b3
00000000
00000000
0154f493
015008b3
00000000
00000000
0164f493
016008b3
00000000
00000000
0174f493
017008b3
00000000
00000000
0184f493
018008b3
00000000
00000000
0194f493
019008b3
00000000
00000000
01a4f493
01a008b3
00000000
00000000
01b4f493
01b008b3
00000000
00000000
01c4f493
01c008b3
00000000
00000000
01d4f493
01d008b3
00000000
00000000
01e4f493
01e008b3
00000000
00000000
01f4f493
01f008b3
00000000
00000000
00057513
00090067
00000000
00000000
00157513
00100933
00000000
00000000
00257513
00200933
00000000
00000000
00357513
00300933
00000000
00000000
00457513
00400933
00000000
00000000
00557513
00500933
00000000
00000000
00657513
00600933
00000000
00000000
00757513
00700933
00000000
00000000
00857513
00800933
00000000
00000000
00957513
00900933
00000000
00000000
00a57513
00a00933
00000000
00000000
00b57513
00b00933
00000000
00000000
00c57513
00c00933
00000000
00000000
00d57513
00d00933
00000000
00000000
00e57513
00e00933
00000000
00000000
00f57513
00f00933
00000000
00000000
01057513
01000933
00000000
00000000
01157513
01100933
00000000
00000000
01257513
01200933
00000000
00000000
01357513
01300933
00000000
00000000
01457513
01400933
00000000
00000000
01557513
01500933
00000000
00000000
01657513
01600933
00000000
00000000
01757513
01700933
00000000
00000000
01857513
01800933
00000000
00000000
01957513
01900933
00000000
00000000
01a57513
01a00933
00000000
00000000
01b57513
01b00933
00000000
00000000
01c57513
01c00933
00000000
00000000
01d57513
01d00933
00000000
00000000
01e57513
01e00933
00000000
00000000
01f57513
01f00933
00000000
00000000
0005f593
00098067
00000000
00000000
0015f593
001009b3
00000000
00000000
0025f593
002009b3
00000000
00000000
0035f593
003009b3
00000000
00000000
0045f593
004009b3
00000000
00000000
0055f593
005009b3
00000000
00000000
0065f593
006009b3
00000000
00000000
0075f593
007009b3
00000000
00000000
0085f593
008009b3
00000000
00000000
0095f593
009009b3
00000000
00000000
00a5f593
00a009b3
00000000
00000000
00b5f593
00b009b3
00000000
00000000
00c5f593
00c009b3
00000000
00000000
00d5f593
00d009b3
00000000
00000000
00e5f593
00e009b3
00000000
00000000
00f5f593
00f009b3
00000000
00000000
0105f593
010009b3
00000000
00000000
0115f593
011009b3
00000000
00000000
0125f593
012009b3
00000000
00000000
0135f593
013009b3
00000000
00000000
0145f593
014009b3
00000000
00000000
0155f593
015009b3
00000000
00000000
0165f593
016009b3
00000000
00000000
0175f593
017009b3
00000000
00000000
0185f593
018009b3
00000000
00000000
0195f593
019009b3
00000000
00000000
01a5f593
01a009b3
00000000
00000000
01b5f593
01b009b3
00000000
00000000
01c5f593
01c009b3
00000000
00000000
01d5f593
01d009b3
00000000
00000000
01e5f593
01e009b3
00000000
00000000
01f5f593
01f009b3
00000000
00000000
00067613
000a0067
00000000
00000000
00167613
00100a33
00000000
00000000
00267613
00200a33
00000000
00000000
00367613
00300a33
00000000
00000000
00467613
00400a33
00000000
00000000
00567613
00500a33
00000000
00000000
00667613
00600a33
00000000
00000000
00767613
00700a33
00000000
00000000
00867613
00800a33
00000000
00000000
00967613
00900a33
00000000
00000000
00a67613
00a00a33
00000000
00000000
00b67613
00b00a33
00000000
00000000
00c67613
00c00a33
00000000
00000000
00d67613
00d00a33
00000000
00000000
00e67613
00e00a33
00000000
00000000
00f67613
00f00a33
00000000
00000000
01067613
01000a33
00000000
00000000
01167613
01100a33
00000000
00000000
01267613
01200a33
00000000
00000000
01367613
01300a33
00000000
00000000
01467613
01400a33
00000000
00000000
01567613
01500a33
00000000
00000000
01667613
01600a33
00000000
00000000
01767613
01700a33
00000000
00000000
01867613
01800a33
00000000
00000000
01967613
01900a33
00000000
00000000
01a67613
01a00a33
00000000
00000000
01b67613
01b00a33
00000000
00000000
01c67613
01c00a33
00000000
00000000
01d67613
01d00a33
00000000
00000000
01e67613
01e00a33
00000000
00000000
01f67613
01f00a33
00000000
00000000
0006f693
000a8067
00000000
00000000
0016f693
00100ab3
00000000
00000000
0026f693
00200ab3
00000000
00000000
0036f693
00300ab3
00000000
00000000
0046f693
00400ab3
00000000
00000000
0056f693
00500ab3
00000000
00000000
0066f693
00600ab3
00000000
00000000
0076f693
00700ab3
00000000
00000000
0086f693
00800ab3
00000000
00000000
0096f693
00900ab3
00000000
00000000
00a6f693
00a00ab3
00000000
00000000
00b6f693
00b00ab3
00000000
00000000
00c6f693
00c00ab3
00000000
00000000
00d6f693
00d00ab3
00000000
00000000
00e6f693
00e00ab3
00000000
00000000
00f6f693
00f00ab3
00000000
00000000
0106f693
01000ab3
00000000
00000000
0116f693
01100ab3
00000000
00000000
0126f693
01200ab3
00000000
00000000
0136f693
01300ab3
00000000
00000000
0146f693
01400ab3
00000000
00000000
0156f693
01500ab3
00000000
00000000
0166f693
01600ab3
00000000
00000000
0176f693
01700ab3
00000000
00000000
0186f693
01800ab3
00000000
00000000
0196f693
01900ab3
00000000
00000000
01a6f693
01a00ab3
00000000
00000000
01b6f693
01b00ab3
00000000
00000000
01c6f693
01c00ab3
00000000
00000000
01d6f693
01d00ab3
00000000
00000000
01e6f693
01e00ab3
00000000
00000000
01f6f693
01f00ab3
00000000
00000000
00077713
000b0067
00000000
00000000
00177713
00100b33
00000000
00000000
00277713
00200b33
00000000
00000000
00377713
00300b33
00000000
00000000
00477713
00400b33
00000000
00000000
00577713
00500b33
00000000
00000000
00677713
00600b33
00000000
00000000
00777713
00700b33
00000000
00000000
00877713
00800b33
00000000
00000000
00977713
00900b33
00000000
00000000
00a77713
00a00b33
00000000
00000000
00b77713
00b00b33
00000000
00000000
00c77713
00c00b33
00000000
00000000
00d77713
00d00b33
00000000
00000000
00e77713
00e00b33
00000000
00000000
00f77713
00f00b33
00000000
00000000
01077713
01000b33
00000000
00000000
01177713
01100b33
00000000
00000000
01277713
01200b33
00000000
00000000
01377713
01300b33
00000000
00000000
01477713
01400b33
00000000
00000000
01577713
01500b33
00000000
00000000
01677713
01600b33
00000000
00000000
01777713
01700b33
00000000
00000000
01877713
01800b33
00000000
00000000
01977713
01900b33
00000000
00000000
01a77713
01a00b33
00000000
00000000
01b77713
01b00b33
00000000
00000000
01c77713
01c00b33
00000000
00000000
01d77713
01d00b33
00000000
00000000
01e77713
01e00b33
00000000
00000000
01f77713
01f00b33
00000000
00000000
0007f793
000b8067
00000000
00000000
0017f793
00100bb3
00000000
00000000
0027f793
00200bb3
00000000
00000000
0037f793
00300bb3
00000000
00000000
0047f793
00400bb3
00000000
00000000
0057f793
00500bb3
00000000
00000000
0067f793
00600bb3
00000000
00000000
0077f793
00700bb3
00000000
00000000
0087f793
00800bb3
00000000
00000000
0097f793
00900bb3
00000000
00000000
00a7f793
00a00bb3
00000000
00000000
00b7f793
00b00bb3
00000000
00000000
00c7f793
00c00bb3
00000000
00000000
00d7f793
00d00bb3
00000000
00000000
00e7f793
00e00bb3
00000000
00000000
00f7f793
00f00bb3
00000000
00000000
0107f793
01000bb3
00000000
00000000
0117f793
01100bb3
00000000
00000000
0127f793
01200bb3
00000000
00000000
0137f793
01300bb3
00000000
00000000
0147f793
01400bb3
00000000
00000000
0157f793
01500bb3
00000000
00000000
0167f793
01600bb3
00000000
00000000
0177f793
01700bb3
00000000
00000000
0187f793
01800bb3
00000000
00000000
0197f793
01900bb3
00000000
00000000
01a7f793
01a00bb3
00000000
00000000
01b7f793
01b00bb3
00000000
00000000
01c7f793
01c00bb3
00000000
00000000
01d7f793
01d00bb3
00000000
00000000
01e7f793
01e00bb3
00000000
00000000
01f7f793
01f00bb3
00000000
00000000
40840433
000c0067
00000000
00000000
40940433
00100c33
00000000
00000000
40a40433
00200c33
00000000
00000000
40b40433
00300c33
00000000
00000000
40c40433
00400c33
00000000
00000000
40d40433
00500c33
00000000
00000000
40e40433
00600c33
00000000
00000000
40f40433
00700c33
00000000
00000000
00844433
00800c33
00000000
00000000
00944433
00900c33
00000000
00000000
00a44433
00a00c33
00000000
00000000
00b44433
00b00c33
00000000
00000000
00c44433
00c00c33
00000000
00000000
00d44433
00d00c33
00000000
00000000
00e44433
00e00c33
00000000
00000000
00f44433
00f00c33
00000000
00000000
00846433
01000c33
00000000
00000000
00946433
01100c33
00000000
00000000
00a46433
01200c33
00000000
00000000
00b46433
01300c33
00000000
00000000
00c46433
01400c33
00000000
00000000
00d46433
01500c33
00000000
00000000
00e46433
01600c33
00000000
00000000
00f46433
01700c33
00000000
00000000
00847433
01800c33
00000000
00000000
00947433
01900c33
00000000
00000000
00a47433
01a00c33
00000000
00000000
00b47433
01b00c33
00000000
00000000
00c47433
01c00c33
00000000
00000000
00d47433
01d00c33
00000000
00000000
00e47433
01e00c33
00000000
00000000
00f47433
01f00c33
00000000
00000000
408484b3
000c8067
00000000
00000000
409484b3
00100cb3
00000000
00000000
40a484b3
00200cb3
00000000
00000000
40b484b3
00300cb3
00000000
00000000
40c484b3
00400cb3
00000000
00000000
40d484b3
00500cb3
00000000
00000000
40e484b3
00600cb3
00000000
00000000
40f484b3
00700cb3
00000000
00000000
0084c4b3
00800cb3
00000000
00000000
0094c4b3
00900cb3
00000000
00000000
00a4c4b3
00a00cb3
00000000
00000000
00b4c4b3
00b00cb3
00000000
00000000
00c4c4b3
00c00cb3
00000000
00000000
00d4c4b3
00d00cb3
00000000
00000000
00e4c4b3
00e00cb3
00000000
00000000
00f4c4b3
00f00cb3
00000000
00000000
0084e4b3
01000cb3
00000000
00000000
0094e4b3
01100cb3
00000000
00000000
00a4e4b3
01200cb3
00000000
00000000
00b4e4b3
01300cb3
00000000
00000000
00c4e4b3
01400cb3
00000000
00000000
00d4e4b3
01500cb3
00000000
00000000
00e4e4b3
01600cb3
00000000
00000000
00f4e4b3
01700cb3
00000000
00000000
0084f4b3
01800cb3
00000000
00000000
0094f4b3
01900cb3
00000000
00000000
00a4f4b3
01a00cb3
00000000
00000000
00b4f4b3
01b00cb3
00000000
00000000
00c4f4b3
01c00cb3
00000000
00000000
00d4f4b3
01d00cb3
00000000
00000000
00e4f4b3
01e00cb3
00000000
00000000
00f4f4b3
01f00cb3
00000000
00000000
40850533
000d0067
00000000
00000000
40950533
00100d33
00000000
00000000
40a50533
00200d33
00000000
00000000
40b50533
00300d33
00000000
00000000
40c50533
00400d33
00000000
00000000
40d50533
00500d33
00000000
00000000
40e50533
00600d33
00000000
00000000
40f50533
00700d33
00000000
00000000
00854533
00800d33
00000000
00000000
00954533
00900d33
00000000
00000000
00a54533
00a00d33
00000000
00000000
00b54533
00b00d33
00000000
00000000
00c54533
00c00d33
00000000
00000000
00d54533
00d00d33
00000000
00000000
00e54533
00e00d33
00000000
00000000
00f54533
00f00d33
00000000
00000000
00856533
01000d33
00000000
00000000
00956533
01100d33
00000000
00000000
00a56533
01200d33
00000000
00000000
00b56533
01300d33
00000000
00000000
00c56533
01400d33
00000000
00000000
00d56533
01500d33
00000000
00000000
00e56533
01600d33
00000000
00000000
00f56533
01700d33
00000000
00000000
00857533
01800d33
00000000
00000000
00957533
01900d33
00000000
00000000
00a57533
01a00d33
00000000
00000000
00b57533
01b00d33
00000000
00000000
00c57533
01c00d33
00000000
00000000
00d57533
01d00d33
00000000
00000000
00e57533
01e00d33
00000000
00000000
00f57533
01f00d33
00000000
00000000
408585b3
000d8067
00000000
00000000
409585b3
00100db3
00000000
00000000
40a585b3
00200db3
00000000
00000000
40b585b3
00300db3
00000000
00000000
40c585b3
00400db3
00000000
00000000
40d585b3
00500db3
00000000
00000000
40e585b3
00600db3
00000000
00000000
40f585b3
00700db3
00000000
00000000
0085c5b3
00800db3
00000000
00000000
0095c5b3
00900db3
00000000
00000000
00a5c5b3
00a00db3
00000000
00000000
00b5c5b3
00b00db3
00000000
00000000
00c5c5b3
00c00db3
00000000
00000000
00d5c5b3
00d00db3
00000000
00000000
00e5c5b3
00e00db3
00000000
00000000
00f5c5b3
00f00db3
00000000
00000000
0085e5b3
01000db3
00000000
00000000
0095e5b3
01100db3
00000000
00000000
00a5e5b3
01200db3
00000000
00000000
00b5e5b3
01300db3
00000000
00000000
00c5e5b3
01400db3
00000000
00000000
00d5e5b3
01500db3
00000000
00000000
00e5e5b3
01600db3
00000000
00000000
00f5e5b3
01700db3
00000000
00000000
0085f5b3
01800db3
00000000
00000000
0095f5b3
01900db3
00000000
00000000
00a5f5b3
01a00db3
00000000
00000000
00b5f5b3
01b00db3
00000000
00000000
00c5f5b3
01c00db3
00000000
00000000
00d5f5b3
01d00db3
00000000
00000000
00e5f5b3
01e00db3
00000000
00000000
00f5f5b3
01f00db3
00000000
00000000
40860633
000e0067
00000000
00000000
40960633
00100e33
00000000
00000000
40a60633
00200e33
00000000
00000000
40b60633
00300e33
00000000
00000000
40c60633
00400e33
00000000
00000000
40d60633
00500e33
00000000
00000000
40e60633
00600e33
00000000
00000000
40f60633
00700e33
00000000
00000000
00864633
00800e33
00000000
00000000
00964633
00900e33
00000000
00000000
00a64633
00a00e33
00000000
00000000
00b64633
00b00e33
00000000
00000000
00c64633
00c00e33
00000000
00000000
00d64633
00d00e33
00000000
00000000
00e64633
00e00e33
00000000
00000000
00f64633
00f00e33
00000000
00000000
00866633
01000e33
00000000
00000000
00966633
01100e33
00000000
00000000
00a66633
01200e33
00000000
00000000
00b66633
01300e33
00000000
00000000
00c66633
01400e33
00000000
00000000
00d66633
01500e33
00000000
00000000
00e66633
01600e33
00000000
00000000
00f66633
01700e33
00000000
00000000
00867633
01800e33
00000000
00000000
00967633
01900e33
00000000
00000000
00a67633
01a00e33
00000000
00000000
00b67633
01b00e33
00000000
00000000
00c67633
01c00e33
00000000
00000000
00d67633
01d00e33
00000000
00000000
00e67633
01e00e33
00000000
00000000
00f67633
01f00e33
00000000
00000000
408686b3
000e8067
00000000
00000000
409686b3
00100eb3
00000000
00000000
40a686b3
00200eb3
00000000
00000000
40b686b3
00300eb3
00000000
00000000
40c686b3
00400eb3
00000000
00000000
40d686b3
00500eb3
00000000
00000000
40e686b3
00600eb3
00000000
00000000
40f686b3
00700eb3
00000000
00000000
0086c6b3
00800eb3
00000000
00000000
0096c6b3
00900eb3
00000000
00000000
00a6c6b3
00a00eb3
00000000
00000000
00b6c6b3
00b00eb3
00000000
00000000
00c6c6b3
00c00eb3
00000000
00000000
00d6c6b3
00d00eb3
00000000
00000000
00e6c6b3
00e00eb3
00000000
00000000
00f6c6b3
00f00eb3
00000000
00000000
0086e6b3
01000eb3
00000000
00000000
0096e6b3
01100eb3
00000000
00000000
00a6e6b3
01200eb3
00000000
00000000
00b6e6b3
01300eb3
00000000
00000000
00c6e6b3
01400eb3
00000000
00000000
00d6e6b3
01500eb3
00000000
00000000
00e6e6b3
01600eb3
00000000
00000000
00f6e6b3
01700eb3
00000000
00000000
0086f6b3
01800eb3
00000000
00000000
0096f6b3
01900eb3
00000000
00000000
00a6f6b3
01a00eb3
00000000
00000000
00b6f6b3
01b00eb3
00000000
00000000
00c6f6b3
01c00eb3
00000000
00000000
00d6f6b3
01d00eb3
00000000
00000000
00e6f6b3
01e00eb3
00000000
00000000
00f6f6b3
01f00eb3
00000000
00000000
40870733
000f0067
00000000
00000000
40970733
00100f33
00000000
00000000
40a70733
00200f33
00000000
00000000
40b70733
00300f33
00000000
00000000
40c70733
00400f33
00000000
00000000
40d70733
00500f33
00000000
00000000
40e70733
00600f33
00000000
00000000
40f70733
00700f33
00000000
00000000
00874733
00800f33
00000000
00000000
00974733
00900f33
00000000
00000000
00a74733
00a00f33
00000000
00000000
00b74733
00b00f33
00000000
00000000
00c74733
00c00f33
00000000
00000000
00d74733
00d00f33
00000000
00000000
00e74733
00e00f33
00000000
00000000
00f74733
00f00f33
00000000
00000000
00876733
01000f33
00000000
00000000
00976733
01100f33
00000000
00000000
00a76733
01200f33
00000000
00000000
00b76733
01300f33
00000000
00000000
00c76733
01400f33
00000000
00000000
00d76733
01500f33
00000000
00000000
00e76733
01600f33
00000000
00000000
00f76733
01700f33
00000000
00000000
00877733
01800f33
00000000
00000000
00977733
01900f33
00000000
00000000
00a77733
01a00f33
00000000
00000000
00b77733
01b00f33
00000000
00000000
00c77733
01c00f33
00000000
00000000
00d77733
01d00f33
00000000
00000000
00e77733
01e00f33
00000000
00000000
00f77733
01f00f33
00000000
00000000
408787b3
000f8067
00000000
00000000
409787b3
00100fb3
00000000
00000000
40a787b3
00200fb3
00000000
00000000
40b787b3
00300fb3
00000000
00000000
40c787b3
00400fb3
00000000
00000000
40d787b3
00500fb3
00000000
00000000
40e787b3
00600fb3
00000000
00000000
40f787b3
00700fb3
00000000
00000000
0087c7b3
00800fb3
00000000
00000000
0097c7b3
00900fb3
00000000
00000000
00a7c7b3
00a00fb3
00000000
00000000
00b7c7b3
00b00fb3
00000000
00000000
00c7c7b3
00c00fb3
00000000
00000000
00d7c7b3
00d00fb3
00000000
00000000
00e7c7b3
00e00fb3
00000000
00000000
00f7c7b3
00f00fb3
00000000
00000000
0087e7b3
01000fb3
00000000
00000000
0097e7b3
01100fb3
00000000
00000000
00a7e7b3
01200fb3
00000000
00000000
00b7e7b3
01300fb3
00000000
00000000
00c7e7b3
01400fb3
00000000
00000000
00d7e7b3
01500fb3
00000000
00000000
00e7e7b3
01600fb3
00000000
00000000
00f7e7b3
01700fb3
00000000
00000000
0087f7b3
01800fb3
00000000
00000000
0097f7b3
01900fb3
00000000
00000000
00a7f7b3
01a00fb3
00000000
00000000
00b7f7b3
01b00fb3
00000000
00000000
00c7f7b3
01c00fb3
00000000
00000000
00d7f7b3
01d00fb3
00000000
00000000
00e7f7b3
01e00fb3
00000000
00000000
00f7f7b3
01f00fb3
00000000
00000000
02045413
00100073
00000000
00000000
02145413
00100033
00000000
00000000
02245413
00200033
00000000
00000000
02345413
00300033
00000000
00000000
02445413
00400033
00000000
00000000
02545413
00500033
00000000
00000000
02645413
00600033
00000000
00000000
02745413
00700033
00000000
00000000
02845413
00800033
00000000
00000000
02945413
00900033
00000000
00000000
02a45413
00a00033
00000000
00000000
02b45413
00b00033
00000000
00000000
02c45413
00c00033
00000000
00000000
02d45413
00d00033
00000000
00000000
02e45413
00e00033
00000000
00000000
02f45413
00f00033
00000000
00000000
03045413
01000033
00000000
00000000
03145413
01100033
00000000
00000000
03245413
01200033
00000000
00000000
03345413
01300033
00000000
00000000
03445413
01400033
00000000
00000000
03545413
01500033
00000000
00000000
03645413
01600033
00000000
00000000
03745413
01700033
00000000
00000000
03845413
01800033
00000000
00000000
03945413
01900033
00000000
00000000
03a45413
01a00033
00000000
00000000
03b45413
01b00033
00000000
00000000
03c45413
01c00033
00000000
00000000
03d45413
01d00033
00000000
00000000
03e45413
01e00033
00000000
00000000
03f45413
01f00033
00000000
00000000
0204d493
000080e7
00000000
00000000
0214d493
001080b3
00000000
00000000
0224d493
002080b3
00000000
00000000
0234d493
003080b3
00000000
00000000
0244d493
004080b3
00000000
00000000
0254d493
005080b3
00000000
00000000
0264d493
006080b3
00000000
00000000
0274d493
007080b3
00000000
00000000
0284d493
008080b3
00000000
00000000
0294d493
009080b3
00000000
00000000
02a4d493
00a080b3
00000000
00000000
02b4d493
00b080b3
00000000
00000000
02c4d493
00c080b3
00000000
00000000
02d4d493
00d080b3
00000000
00000000
02e4d493
00e080b3
00000000
00000000
02f4d493
00f080b3
00000000
00000000
0304d493
010080b3
00000000
00000000
0314d493
011080b3
00000000
00000000
0324d493
012080b3
00000000
00000000
0334d493
013080b3
00000000
00000000
0344d493
014080b3
00000000
00000000
0354d493
015080b3
00000000
00000000
0364d493
016080b3
00000000
00000000
0374d493
017080b3
00000000
00000000
0384d493
018080b3
00000000
00000000
0394d493
019080b3
00000000
00000000
03a4d493
01a080b3
00000000
00000000
03b4d493
01b080b3
00000000
00000000
03c4d493
01c080b3
00000000
00000000
03d4d493
01d080b3
00000000
00000000
03e4d493
01e080b3
00000000
00000000
03f4d493
01f080b3
00000000
00000000
02055513
000100e7
00000000
00000000
02155513
00110133
00000000
00000000
02255513
00210133
00000000
00000000
02355513
00310133
00000000
00000000
02455513
00410133
00000000
00000000
02555513
00510133
00000000
00000000
02655513
00610133
00000000
00000000
02755513
00710133
00000000
00000000
02855513
00810133
00000000
00000000
02955513
00910133
00000000
00000000
02a55513
00a10133
00000000
00000000
02b55513
00b10133
00000000
00000000
02c55513
00c10133
00000000
00000000
02d55513
00d10133
00000000
00000000
02e55513
00e10133
00000000
00000000
02f55513
00f10133
00000000
00000000
03055513
01010133
00000000
00000000
03155513
01110133
00000000
00000000
03255513
01210133
00000000
00000000
03355513
01310133
00000000
00000000
03455513
01410133
00000000
00000000
03555513
01510133
00000000
00000000
03655513
01610133
00000000
00000000
03755513
01710133
00000000
00000000
03855513
01810133
00000000
00000000
03955513
01910133
00000000
00000000
03a55513
01a10133
00000000
00000000
03b55513
01b10133
00000000
00000000
03c55513
01c10133
00000000
00000000
03d55513
01d10133
00000000
00000000
03e55513
01e10133
00000000
00000000
03f55513
01f10133
00000000
00000000
0205d593
000180e7
00000000
00000000
0215d593
001181b3
00000000
00000000
0225d593
002181b3
00000000
00000000
0235d593
003181b3
00000000
00000000
0245d593
004181b3
00000000
00000000
0255d593
005181b3
00000000
00000000
0265d593
006181b3
00000000
00000000
0275d593
007181b3
00000000
00000000
0285d593
008181b3
00000000
00000000
0295d593
009181b3
00000000
00000000
02a5d593
00a181b3
00000000
00000000
02b5d593
00b181b3
00000000
00000000
02c5d593
00c181b3
00000000
00000000
02d5d593
00d181b3
00000000
00000000
02e5d593
00e181b3
00000000
00000000
02f5d593
00f181b3
00000000
00000000
0305d593
010181b3
00000000
00000000
0315d593
011181b3
00000000
00000000
0325d593
012181b3
00000000
00000000
0335d593
013181b3
00000000
00000000
0345d593
014181b3
00000000
00000000
0355d593
015181b3
00000000
00000000
0365d593
016181b3
00000000
00000000
0375d593
017181b3
00000000
00000000
0385d593
018181b3
00000000
00000000
0395d593
019181b3
00000000
00000000
03a5d593
01a181b3
00000000
00000000
03b5d593
01b181b3
00000000
00000000
03c5d593
01c181b3
00000000
00000000
03d5d593
01d181b3
00000000
00000000
03e5d593
01e181b3
00000000
00000000
03f5d593
01f181b3
00000000
00000000
02065613
000200e7
00000000
00000000
02165613
00120233
00000000
00000000
02265613
00220233
00000000
00000000
02365613
00320233
00000000
00000000
02465613
00420233
00000000
00000000
02565613
00520233
00000000
00000000
02665613
00620233
00000000
00000000
02765613
00720233
00000000
00000000
02865613
00820233
00000000
00000000
02965613
00920233
00000000
00000000
02a65613
00a20233
00000000
00000000
02b65613
00b20233
00000000
00000000
02c65613
00c20233
00000000
00000000
02d65613
00d20233
00000000
00000000
02e65613
00e20233
00000000
00000000
02f65613
00f20233
00000000
00000000
03065613
01020233
00000000
00000000
03165613
01120233
00000000
00000000
03265613
01220233
00000000
00000000
03365613
01320233
00000000
00000000
03465613
01420233
00000000
00000000
03565613
01520233
00000000
00000000
03665613
01620233
00000000
00000000
03765613
01720233
00000000
00000000
03865613
01820233
00000000
00000000
03965613
01920233
00000000
00000000
03a65613
01a20233
00000000
00000000
03b65613
01b20233
00000000
00000000
03c65613
01c20233
00000000
00000000
03d65613
01d20233
00000000
00000000
03e65613
01e20233
00000000
00000000
03f65613
01f20233
00000000
00000000
0206d693
000280e7
00000000
00000000
0216d693
001282b3
00000000
00000000
0226d693
002282b3
00000000
00000000
0236d693
003282b3
00000000
00000000
0246d693
004282b3
00000000
00000000
0256d693
005282b3
00000000
00000000
0266d693
006282b3
00000000
00000000
0276d693
007282b3
00000000
00000000
0286d693
008282b3
00000000
00000000
0296d693
009282b3
00000000
00000000
02a6d693
00a282b3
00000000
00000000
02b6d693
00b282b3
00000000
00000000
02c6d693
00c282b3
00000000
00000000
02d6d693
00d282b3
00000000
00000000
02e6d693
00e282b3
00000000
00000000
02f6d693
00f282b3
00000000
00000000
0306d693
010282b3
00000000
00000000
0316d693
011282b3
00000000
00000000
0326d693
012282b3
00000000
00000000
0336d693
013282b3
00000000
00000000
0346d693
014282b3
00000000
00000000
0356d693
015282b3
00000000
00000000
0366d693
016282b3
00000000
00000000
0376d693
017282b3
00000000
00000000
0386d693
018282b3
00000000
00000000
0396d693
019282b3
00000000
00000000
03a6d693
01a282b3
00000000
00000000
03b6d693
01b282b3
00000000
00000000
03c6d693
01c282b3
00000000
00000000
03d6d693
01d282b3
00000000
00000000
03e6d693
01e282b3
00000000
00000000
03f6d693
01f282b3
00000000
00000000
02075713
000300e7
00000000
00000000
02175713
00130333
00000000
00000000
02275713
00230333
00000000
00000000
02375713
00330333
00000000
00000000
02475713
00430333
00000000
00000000
02575713
00530333
00000000
00000000
02675713
00630333
00000000
00000000
02775713
00730333
00000000
00000000
02875713
00830333
00000000
00000000
02975713
00930333
00000000
00000000
02a75713
00a30333
00000000
00000000
02b75713
00b30333
00000000
00000000
02c75713
00c30333
00000000
00000000
02d75713
00d30333
00000000
00000000
02e75713
00e30333
00000000
00000000
02f75713
00f30333
00000000
00000000
03075713
01030333
00000000
00000000
03175713
01130333
00000000
00000000
03275713
01230333
00000000
00000000
03375713
01330333
00000000
00000000
03475713
01430333
00000000
00000000
03575713
01530333
00000000
00000000
03675713
01630333
00000000
00000000
03775713
01730333
00000000
00000000
03875713
01830333
00000000
00000000
03975713
01930333
00000000
00000000
03a75713
01a30333
00000000
00000000
03b75713
01b30333
00000000
00000000
03c75713
01c30333
00000000
00000000
03d75713
01d30333
00000000
00000000
03e75713
01e30333
00000000
00000000
03f75713
01f30333
00000000
00000000
0207d793
000380e7
00000000
00000000
0217d793
001383b3
00000000
00000000
0227d793
002383b3
00000000
00000000
0237d793
003383b3
00000000
00000000
0247d793
004383b3
00000000
00000000
0257d793
005383b3
00000000
00000000
0267d793
006383b3
00000000
00000000
0277d793
007383b3
00000000
00000000
0287d793
008383b3
00000000
00000000
0297d793
009383b3
00000000
00000000
02a7d793
00a383b3
00000000
00000000
02b7d793
00b383b3
00000000
00000000
02c7d793
00c383b3
00000000
00000000
02d7d793
00d383b3
00000000
00000000
02e7d793
00e383b3
00000000
00000000
02f7d793
00f383b3
00000000
00000000
0307d793
010383b3
00000000
00000000
0317d793
011383b3
00000000
00000000
0327d793
012383b3
00000000
00000000
0337d793
013383b3
00000000
00000000
0347d793
014383b3
00000000
00000000
0357d793
015383b3
00000000
00000000
0367d793
016383b3
00000000
00000000
0377d793
017383b3
00000000
00000000
0387d793
018383b3
00000000
00000000
0397d793
019383b3
00000000
00000000
03a7d793
01a383b3
00000000
00000000
03b7d793
01b383b3
00000000
00000000
03c7d793
01c383b3
00000000
00000000
03d7d793
01d383b3
00000000
00000000
03e7d793
01e383b3
00000000
00000000
03f7d793
01f383b3
00000000
00000000
42045413
000400e7
00000000
00000000
42145413
00140433
00000000
00000000
42245413
00240433
00000000
00000000
42345413
00340433
00000000
00000000
42445413
00440433
00000000
00000000
42545413
00540433
00000000
00000000
42645413
00640433
00000000
00000000
42745413
00740433
00000000
00000000
42845413
00840433
00000000
00000000
42945413
00940433
00000000
00000000
42a45413
00a40433
00000000
00000000
42b45413
00b40433
00000000
00000000
42c45413
00c40433
00000000
00000000
42d45413
00d40433
00000000
00000000
42e45413
00e40433
00000000
00000000
42f45413
00f40433
00000000
00000000
43045413
01040433
00000000
00000000
43145413
01140433
00000000
00000000
43245413
01240433
00000000
00000000
43345413
01340433
00000000
00000000
43445413
01440433
00000000
00000000
43545413
01540433
00000000
00000000
43645413
01640433
00000000
00000000
43745413
01740433
00000000
00000000
43845413
01840433
00000000
00000000
43945413
01940433
00000000
00000000
43a45413
01a40433
00000000
00000000
43b45413
01b40433
00000000
00000000
43c45413
01c40433
00000000
00000000
43d45413
01d40433
00000000
00000000
43e45413
01e40433
00000000
00000000
43f45413
01f40433
00000000
00000000
4204d493
000480e7
00000000
00000000
4214d493
001484b3
00000000
00000000
4224d493
002484b3
00000000
00000000
4234d493
003484b3
00000000
00000000
4244d493
004484b3
00000000
00000000
4254d493
005484b3
00000000
00000000
4264d493
006484b3
00000000
00000000
4274d493
007484b3
00000000
00000000
4284d493
008484b3
00000000
00000000
4294d493
009484b3
00000000
00000000
42a4d493
00a484b3
00000000
00000000
42b4d493
00b484b3
00000000
00000000
42c4d493
00c484b3
00000000
00000000
42d4d493
00d484b3
00000000
00000000
42e4d493
00e484b3
00000000
00000000
42f4d493
00f484b3
00000000
00000000
4304d493
010484b3
00000000
00000000
4314d493
011484b3
00000000
00000000
4324d493
012484b3
00000000
00000000
4334d493
013484b3
00000000
00000000
4344d493
014484b3
00000000
00000000
4354d493
015484b3
00000000
00000000
4364d493
016484b3
00000000
00000000
4374d493
017484b3
00000000
00000000
4384d493
018484b3
00000000
00000000
4394d493
019484b3
00000000
00000000
43a4d493
01a484b3
00000000
00000000
43b4d493
01b484b3
00000000
00000000
43c4d493
01c484b3
00000000
00000000
43d4d493
01d484b3
00000000
00000000
43e4d493
01e484b3
00000000
00000000
43f4d493
01f484b3
00000000
00000000
42055513
000500e7
00000000
00000000
42155513
00150533
00000000
00000000
42255513
00250533
00000000
00000000
42355513
00350533
00000000
00000000
42455513
00450533
00000000
00000000
42555513
00550533
00000000
00000000
42655513
00650533
00000000
00000000
42755513
00750533
00000000
00000000
42855513
00850533
00000000
00000000
42955513
00950533
00000000
00000000
42a55513
00a50533
00000000
00000000
42b55513
00b50533
00000000
00000000
42c55513
00c50533
00000000
00000000
42d55513
00d50533
00000000
00000000
42e55513
00e50533
00000000
00000000
42f55513
00f50533
00000000
00000000
43055513
01050533
00000000
00000000
43155513
01150533
00000000
00000000
43255513
01250533
00000000
00000000
43355513
01350533
00000000
00000000
43455513
01450533
00000000
00000000
43555513
01550533
00000000
00000000
43655513
01650533
00000000
00000000
43755513
01750533
00000000
00000000
43855513
01850533
00000000
00000000
43955513
01950533
00000000
00000000
43a55513
01a50533
00000000
00000000
43b55513
01b50533
00000000
00000000
43c55513
01c50533
00000000
00000000
43d55513
01d50533
00000000
00000000
43e55513
01e50533
00000000
00000000
43f55513
01f50533
00000000
00000000
4205d593
000580e7
00000000
00000000
4215d593
001585b3
00000000
00000000
4225d593
002585b3
00000000
00000000
4235d593
003585b3
00000000
00000000
4245d593
004585b3
00000000
00000000
4255d593
005585b3
00000000
00000000
4265d593
006585b3
00000000
00000000
4275d593
007585b3
00000000
00000000
4285d593
008585b3
00000000
00000000
4295d593
009585b3
00000000
00000000
42a5d593
00a585b3
00000000
00000000
42b5d593
00b585b3
00000000
00000000
42c5d593
00c585b3
00000000
00000000
42d5d593
00d585b3
00000000
00000000
42e5d593
00e585b3
00000000
00000000
42f5d593
00f585b3
00000000
00000000
4305d593
010585b3
00000000
00000000
4315d593
011585b3
00000000
00000000
4325d593
012585b3
00000000
00000000
4335d593
013585b3
00000000
00000000
4345d593
014585b3
00000000
00000000
4355d593
015585b3
00000000
00000000
4365d593
016585b3
00000000
00000000
4375d593
017585b3
00000000
00000000
4385d593
018585b3
00000000
00000000
4395d593
019585b3
00000000
00000000
43a5d593
01a585b3
00000000
00000000
43b5d593
01b585b3
00000000
00000000
43c5d593
01c585b3
00000000
00000000
43d5d593
01d585b3
00000000
00000000
43e5d593
01e585b3
00000000
00000000
43f5d593
01f585b3
00000000
00000000
42065613
000600e7
00000000
00000000
42165613
00160633
00000000
00000000
42265613
00260633
00000000
00000000
42365613
00360633
00000000
00000000
42465613
00460633
00000000
00000000
42565613
00560633
00000000
00000000
42665613
00660633
00000000
00000000
42765613
00760633
00000000
00000000
42865613
00860633
00000000
00000000
42965613
00960633
00000000
00000000
42a65613
00a60633
00000000
00000000
42b65613
00b60633
00000000
00000000
42c65613
00c60633
00000000
00000000
42d65613
00d60633
00000000
00000000
42e65613
00e60633
00000000
00000000
42f65613
00f60633
00000000
00000000
43065613
01060633
00000000
00000000
43165613
01160633
00000000
00000000
43265613
01260633
00000000
00000000
43365613
01360633
00000000
00000000
43465613
01460633
00000000
00000000
43565613
01560633
00000000
00000000
43665613
01660633
00000000
00000000
43765613
01760633
00000000
00000000
43865613
01860633
00000000
00000000
43965613
01960633
00000000
00000000
43a65613
01a60633
00000000
00000000
43b65613
01b60633
00000000
00000000
43c65613
01c60633
00000000
00000000
43d65613
01d60633
00000000
00000000
43e65613
01e60633
00000000
00000000
43f65613
01f60633
00000000
00000000
4206d693
000680e7
00000000
00000000
4216d693
001686b3
00000000
00000000
4226d693
002686b3
00000000
00000000
4236d693
003686b3
00000000
00000000
4246d693
004686b3
00000000
00000000
4256d693
005686b3
00000000
00000000
4266d693
006686b3
00000000
00000000
4276d693
007686b3
00000000
00000000
4286d693
008686b3
00000000
00000000
4296d693
009686b3
00000000
00000000
42a6d693
00a686b3
00000000
00000000
42b6d693
00b686b3
00000000
00000000
42c6d693
00c686b3
00000000
00000000
42d6d693
00d686b3
00000000
00000000
42e6d693
00e686b3
00000000
00000000
42f6d693
00f686b3
00000000
00000000
4306d693
010686b3
00000000
00000000
4316d693
011686b3
00000000
00000000
4326d693
012686b3
00000000
00000000
4336d693
013686b3
00000000
00000000
4346d693
014686b3
00000000
00000000
4356d693
015686b3
00000000
00000000
4366d693
016686b3
00000000
00000000
4376d693
017686b3
00000000
00000000
4386d693
018686b3
00000000
00000000
4396d693
019686b3
00000000
00000000
43a6d693
01a686b3
00000000
00000000
43b6d693
01b686b3
00000000
00000000
43c6d693
01c686b3
00000000
00000000
43d6d693
01d686b3
00000000
00000000
43e6d693
01e686b3
00000000
00000000
43f6d693
01f686b3
00000000
00000000
42075713
000700e7
00000000
00000000
42175713
00170733
00000000
00000000
42275713
00270733
00000000
00000000
42375713
00370733
00000000
00000000
42475713
00470733
00000000
00000000
42575713
00570733
00000000
00000000
42675713
00670733
00000000
00000000
42775713
00770733
00000000
00000000
42875713
00870733
00000000
00000000
42975713
00970733
00000000
00000000
42a75713
00a70733
00000000
00000000
42b75713
00b70733
00000000
00000000
42c75713
00c70733
00000000
00000000
42d75713
00d70733
00000000
00000000
42e75713
00e70733
00000000
00000000
42f75713
00f70733
00000000
00000000
43075713
01070733
00000000
00000000
43175713
01170733
00000000
00000000
43275713
01270733
00000000
00000000
43375713
01370733
00000000
00000000
43475713
01470733
00000000
00000000
43575713
01570733
00000000
00000000
43675713
01670733
00000000
00000000
43775713
01770733
00000000
00000000
43875713
01870733
00000000
00000000
43975713
01970733
00000000
00000000
43a75713
01a70733
00000000
00000000
43b75713
01b70733
00000000
00000000
43c75713
01c70733
00000000
00000000
43d75713
01d70733
00000000
00000000
43e75713
01e70733
00000000
00000000
43f75713
01f70733
00000000
00000000
4207d793
000780e7
00000000
00000000
4217d793
001787b3
00000000
00000000
4227d793
002787b3
00000000
00000000
4237d793
003787b3
00000000
00000000
4247d793
004787b3
00000000
00000000
4257d793
005787b3
00000000
00000000
4267d793
006787b3
00000000
00000000
4277d793
007787b3
00000000
00000000
4287d793
008787b3
00000000
00000000
4297d793
009787b3
00000000
00000000
42a7d793
00a787b3
00000000
00000000
42b7d793
00b787b3
00000000
00000000
42c7d793
00c787b3
00000000
00000000
42d7d793
00d787b3
00000000
00000000
42e7d793
00e787b3
00000000
00000000
42f7d793
00f787b3
00000000
00000000
4307d793
010787b3
00000000
00000000
4317d793
011787b3
00000000
00000000
4327d793
012787b3
00000000
00000000
4337d793
013787b3
00000000
00000000
4347d793
014787b3
00000000
00000000
4357d793
015787b3
00000000
00000000
4367d793
016787b3
00000000
00000000
4377d793
017787b3
00000000
00000000
4387d793
018787b3
00000000
00000000
4397d793
019787b3
00000000
00000000
43a7d793
01a787b3
00000000
00000000
43b7d793
01b787b3
00000000
00000000
43c7d793
01c787b3
00000000
00000000
43d7d793
01d787b3
00000000
00000000
43e7d793
01e787b3
00000000
00000000
43f7d793
01f787b3
00000000
00000000
fe047413
000800e7
00000000
00000000
fe147413
00180833
00000000
00000000
fe247413
00280833
00000000
00000000
fe347413
00380833
00000000
00000000
fe447413
00480833
00000000
00000000
fe547413
00580833
00000000
00000000
fe647413
00680833
00000000
00000000
fe747413
00780833
00000000
00000000
fe847413
00880833
00000000
00000000
fe947413
00980833
00000000
00000000
fea47413
00a80833
00000000
00000000
feb47413
00b80833
00000000
00000000
fec47413
00c80833
00000000
00000000
fed47413
00d80833
00000000
00000000
fee47413
00e80833
00000000
00000000
fef47413
00f80833
00000000
00000000
ff047413
01080833
00000000
00000000
ff147413
01180833
00000000
00000000
ff247413
01280833
00000000
00000000
ff347413
01380833
00000000
00000000
ff447413
01480833
00000000
00000000
ff547413
01580833
00000000
00000000
ff647413
01680833
00000000
00000000
ff747413
01780833
00000000
00000000
ff847413
01880833
00000000
00000000
ff947413
01980833
00000000
00000000
ffa47413
01a80833
00000000
00000000
ffb47413
01b80833
00000000
00000000
ffc47413
01c80833
00000000
00000000
ffd47413
01d80833
00000000
00000000
ffe47413
01e80833
00000000
00000000
fff47413
01f80833
00000000
00000000
fe04f493
000880e7
00000000
00000000
fe14f493
001888b3
00000000
00000000
fe24f493
002888b3
00000000
00000000
fe34f493
003888b3
00000000
00000000
fe44f493
004888b3
00000000
00000000
fe54f493
005888b3
00000000
00000000
fe64f493
006888b3
00000000
00000000
fe74f493
007888b3
00000000
00000000
fe84f493
008888b3
00000000
00000000
fe94f493
009888b3
00000000
00000000
fea4f493
00a888b3
00000000
00000000
feb4f493
00b888b3
00000000
00000000
fec4f493
00c888b3
00000000
00000000
fed4f493
00d888b3
00000000
00000000
fee4f493
00e888b3
00000000
00000000
fef4f493
00f888b3
00000000
00000000
ff04f493
010888b3
00000000
00000000
ff14f493
011888b3
00000000
00000000
ff24f493
012888b3
00000000
00000000
ff34f493
013888b3
00000000
00000000
ff44f493
014888b3
00000000
00000000
ff54f493
015888b3
00000000
00000000
ff64f493
016888b3
00000000
00000000
ff74f493
017888b3
00000000
00000000
ff84f493
018888b3
00000000
00000000
ff94f493
019888b3
00000000
00000000
ffa4f493
01a888b3
00000000
00000000
ffb4f493
01b888b3
00000000
00000000
ffc4f493
01c888b3
00000000
00000000
ffd4f493
01d888b3
00000000
00000000
ffe4f493
01e888b3
00000000
00000000
fff4f493
01f888b3
00000000
00000000
fe057513
000900e7
00000000
00000000
fe157513
00190933
00000000
00000000
fe257513
00290933
00000000
00000000
fe357513
00390933
00000000
00000000
fe457513
00490933
00000000
00000000
fe557513
00590933
00000000
00000000
fe657513
00690933
00000000
00000000
fe757513
00790933
00000000
00000000
fe857513
00890933
00000000
00000000
fe957513
00990933
00000000
00000000
fea57513
00a90933
00000000
00000000
feb57513
00b90933
00000000
00000000
fec57513
00c90933
00000000
00000000
fed57513
00d90933
00000000
00000000
fee57513
00e90933
00000000
00000000
fef57513
00f90933
00000000
00000000
ff057513
01090933
00000000
00000000
ff157513
01190933
00000000
00000000
ff257513
01290933
00000000
00000000
ff357513
01390933
00000000
00000000
ff457513
01490933
00000000
00000000
ff557513
01590933
00000000
00000000
ff657513
01690933
00000000
00000000
ff757513
01790933
00000000
00000000
ff857513
01890933
00000000
00000000
ff957513
01990933
00000000
00000000
ffa57513
01a90933
00000000
00000000
ffb57513
01b90933
00000000
00000000
ffc57513
01c90933
00000000
00000000
ffd57513
01d90933
00000000
00000000
ffe57513
01e90933
00000000
00000000
fff57513
01f90933
00000000
00000000
fe05f593
000980e7
00000000
00000000
fe15f593
001989b3
00000000
00000000
fe25f593
002989b3
00000000
00000000
fe35f593
003989b3
00000000
00000000
fe45f593
004989b3
00000000
00000000
fe55f593
005989b3
00000000
00000000
fe65f593
006989b3
00000000
00000000
fe75f593
007989b3
00000000
00000000
fe85f593
008989b3
00000000
00000000
fe95f593
009989b3
00000000
00000000
fea5f593
00a989b3
00000000
00000000
feb5f593
00b989b3
00000000
00000000
fec5f593
00c989b3
00000000
00000000
fed5f593
00d989b3
00000000
00000000
fee5f593
00e989b3
00000000
00000000
fef5f593
00f989b3
00000000
00000000
ff05f593
010989b3
00000000
00000000
ff15f593
011989b3
00000000
00000000
ff25f593
012989b3
00000000
00000000
ff35f593
013989b3
00000000
00000000
ff45f593
014989b3
00000000
00000000
ff55f593
015989b3
00000000
00000000
ff65f593
016989b3
00000000
00000000
ff75f593
017989b3
00000000
00000000
ff85f593
018989b3
00000000
00000000
ff95f593
019989b3
00000000
00000000
ffa5f593
01a989b3
00000000
00000000
ffb5f593
01b989b3
00000000
00000000
ffc5f593
01c989b3
00000000
00000000
ffd5f593
01d989b3
00000000
00000000
ffe5f593
01e989b3
00000000
00000000
fff5f593
01f989b3
00000000
00000000
fe067613
000a00e7
00000000
00000000
fe167613
001a0a33
00000000
00000000
fe267613
002a0a33
00000000
00000000
fe367613
003a0a33
00000000
00000000
fe467613
004a0a33
00000000
00000000
fe567613
005a0a33
00000000
00000000
fe667613
006a0a33
00000000
00000000
fe767613
007a0a33
00000000
00000000
fe867613
008a0a33
00000000
00000000
fe967613
009a0a33
00000000
00000000
fea67613
00aa0a33
00000000
00000000
feb67613
00ba0a33
00000000
00000000
fec67613
00ca0a33
00000000
00000000
fed67613
00da0a33
00000000
00000000
fee67613
00ea0a33
00000000
00000000
fef67613
00fa0a33
00000000
00000000
ff067613
010a0a33
00000000
00000000
ff167613
011a0a33
00000000
00000000
ff267613
012a0a33
00000000
00000000
ff367613
013a0a33
00000000
00000000
ff467613
014a0a33
00000000
00000000
ff567613
015a0a33
00000000
00000000
ff667613
016a0a33
00000000
00000000
ff767613
017a0a33
00000000
00000000
ff867613
018a0a33
00000000
00000000
ff967613
019a0a33
00000000
00000000
ffa67613
01aa0a33
00000000
00000000
ffb67613
01ba0a33
00000000
00000000
ffc67613
01ca0a33
00000000
00000000
ffd67613
01da0a33
00000000
00000000
ffe67613
01ea0a33
00000000
00000000
fff67613
01fa0a33
00000000
00000000
fe06f693
000a80e7
00000000
00000000
fe16f693
001a8ab3
00000000
00000000
fe26f693
002a8ab3
00000000
00000000
fe36f693
003a8ab3
00000000
00000000
fe46f693
004a8ab3
00000000
00000000
fe56f693
005a8ab3
00000000
00000000
fe66f693
006a8ab3
00000000
00000000
fe76f693
007a8ab3
00000000
00000000
fe86f693
008a8ab3
00000000
00000000
fe96f693
009a8ab3
00000000
00000000
fea6f693
00aa8ab3
00000000
00000000
feb6f693
00ba8ab3
00000000
00000000
fec6f693
00ca8ab3
00000000
00000000
fed6f693
00da8ab3
00000000
00000000
fee6f693
00ea8ab3
00000000
00000000
fef6f693
00fa8ab3
00000000
00000000
ff06f693
010a8ab3
00000000
00000000
ff16f693
011a8ab3
00000000
00000000
ff26f693
012a8ab3
00000000
00000000
ff36f693
013a8ab3
00000000
00000000
ff46f693
014a8ab3
00000000
00000000
ff56f693
015a8ab3
00000000
00000000
ff66f693
016a8ab3
00000000
00000000
ff76f693
017a8ab3
00000000
00000000
ff86f693
018a8ab3
00000000
00000000
ff96f693
019a8ab3
00000000
00000000
ffa6f693
01aa8ab3
00000000
00000000
ffb6f693
01ba8ab3
00000000
00000000
ffc6f693
01ca8ab3
00000000
00000000
ffd6f693
01da8ab3
00000000
00000000
ffe6f693
01ea8ab3
00000000
00000000
fff6f693
01fa8ab3
00000000
00000000
fe077713
000b00e7
00000000
00000000
fe177713
001b0b33
00000000
00000000
fe277713
002b0b33
00000000
00000000
fe377713
003b0b33
00000000
00000000
fe477713
004b0b33
00000000
00000000
fe577713
005b0b33
00000000
00000000
fe677713
006b0b33
00000000
00000000
fe777713
007b0b33
00000000
00000000
fe877713
008b0b33
00000000
00000000
fe977713
009b0b33
00000000
00000000
fea77713
00ab0b33
00000000
00000000
feb77713
00bb0b33
00000000
00000000
fec77713
00cb0b33
00000000
00000000
fed77713
00db0b33
00000000
00000000
fee77713
00eb0b33
00000000
00000000
fef77713
00fb0b33
00000000
00000000
ff077713
010b0b33
00000000
00000000
ff177713
011b0b33
00000000
00000000
ff277713
012b0b33
00000000
00000000
ff377713
013b0b33
00000000
00000000
ff477713
014b0b33
00000000
00000000
ff577713
015b0b33
00000000
00000000
ff677713
016b0b33
00000000
00000000
ff777713
017b0b33
00000000
00000000
ff877713
018b0b33
00000000
00000000
ff977713
019b0b33
00000000
00000000
ffa77713
01ab0b33
00000000
00000000
ffb77713
01bb0b33
00000000
00000000
ffc77713
01cb0b33
00000000
00000000
ffd77713
01db0b33
00000000
00000000
ffe77713
01eb0b33
00000000
00000000
fff77713
01fb0b33
00000000
00000000
fe07f793
000b80e7
00000000
00000000
fe17f793
001b8bb3
00000000
00000000
fe27f793
002b8bb3
00000000
00000000
fe37f793
003b8bb3
00000000
00000000
fe47f793
004b8bb3
00000000
00000000
fe57f793
005b8bb3
00000000
00000000
fe67f793
006b8bb3
00000000
00000000
fe77f793
007b8bb3
00000000
00000000
fe87f793
008b8bb3
00000000
00000000
fe97f793
009b8bb3
00000000
00000000
fea7f793
00ab8bb3
00000000
00000000
feb7f793
00bb8bb3
00000000
00000000
fec7f793
00cb8bb3
00000000
00000000
fed7f793
00db8bb3
00000000
00000000
fee7f793
00eb8bb3
00000000
00000000
fef7f793
00fb8bb3
00000000
00000000
ff07f793
010b8bb3
00000000
00000000
ff17f793
011b8bb3
00000000
00000000
ff27f793
012b8bb3
00000000
00000000
ff37f793
013b8bb3
00000000
00000000
ff47f793
014b8bb3
00000000
00000000
ff57f793
015b8bb3
00000000
00000000
ff67f793
016b8bb3
00000000
00000000
ff77f793
017b8bb3
00000000
00000000
ff87f793
018b8bb3
00000000
00000000
ff97f793
019b8bb3
00000000
00000000
ffa7f793
01ab8bb3
00000000
00000000
ffb7f793
01bb8bb3
00000000
00000000
ffc7f793
01cb8bb3
00000000
00000000
ffd7f793
01db8bb3
00000000
00000000
ffe7f793
01eb8bb3
00000000
00000000
fff7f793
01fb8bb3
00000000
00000000
4084043b
000c00e7
00000000
00000000
4094043b
001c0c33
00000000
00000000
40a4043b
002c0c33
00000000
00000000
40b4043b
003c0c33
00000000
00000000
40c4043b
004c0c33
00000000
00000000
40d4043b
005c0c33
00000000
00000000
40e4043b
006c0c33
00000000
00000000
40f4043b
007c0c33
00000000
00000000
0084043b
008c0c33
00000000
00000000
0094043b
009c0c33
00000000
00000000
00a4043b
00ac0c33
00000000
00000000
00b4043b
00bc0c33
00000000
00000000
00c4043b
00cc0c33
00000000
00000000
00d4043b
00dc0c33
00000000
00000000
00e4043b
00ec0c33
00000000
00000000
00f4043b
00fc0c33
00000000
00000000
00000000
010c0c33
00000000
00000000
00000000
011c0c33
00000000
00000000
00000000
012c0c33
00000000
00000000
00000000
013c0c33
00000000
00000000
00000000
014c0c33
00000000
00000000
00000000
015c0c33
00000000
00000000
00000000
016c0c33
00000000
00000000
00000000
017c0c33
00000000
00000000
00000000
018c0c33
00000000
00000000
00000000
019c0c33
00000000
00000000
00000000
01ac0c33
00000000
00000000
00000000
01bc0c33
00000000
00000000
00000000
01cc0c33
00000000
00000000
00000000
01dc0c33
00000000
00000000
00000000
01ec0c33
00000000
00000000
00000000
01fc0c33
00000000
00000000
408484bb
000c80e7
00000000
00000000
409484bb
001c8cb3
00000000
00000000
40a484bb
002c8cb3
00000000
00000000
40b484bb
003c8cb3
00000000
00000000
40c484bb
004c8cb3
00000000
00000000
40d484bb
005c8cb3
00000000
00000000
40e484bb
006c8cb3
00000000
00000000
40f484bb
007c8cb3
00000000
00000000
008484bb
008c8cb3
00000000
00000000
009484bb
009c8cb3
00000000
00000000
00a484bb
00ac8cb3
00000000
00000000
00b484bb
00bc8cb3
00000000
00000000
00c484bb
00cc8cb3
00000000
00000000
00d484bb
00dc8cb3
00000000
00000000
00e484bb
00ec8cb3
00000000
00000000
00f484bb
00fc8cb3
00000000
00000000
00000000
010c8cb3
00000000
00000000
00000000
011c8cb3
00000000
00000000
00000000
012c8cb3
00000000
00000000
00000000
013c8cb3
00000000
00000000
00000000
014c8cb3
00000000
00000000
00000000
015c8cb3
00000000
00000000
00000000
016c8cb3
00000000
00000000
00000000
017c8cb3
00000000
00000000
00000000
018c8cb3
00000000
00000000
00000000
019c8cb3
00000000
00000000
00000000
01ac8cb3
00000000
00000000
00000000
01bc8cb3
00000000
00000000
00000000
01cc8cb3
00000000
00000000
00000000
01dc8cb3
00000000
00000000
00000000
01ec8cb3
00000000
00000000
00000000
01fc8cb3
00000000
00000000
4085053b
000d00e7
00000000
00000000
4095053b
001d0d33
00000000
00000000
40a5053b
002d0d33
00000000
00000000
40b5053b
003d0d33
00000000
00000000
40c5053b
004d0d33
00000000
00000000
40d5053b
005d0d33
00000000
00000000
40e5053b
006d0d33
00000000
00000000
40f5053b
007d0d33
00000000
00000000
0085053b
008d0d33
00000000
00000000
0095053b
009d0d33
00000000
00000000
00a5053b
00ad0d33
00000000
00000000
00b5053b
00bd0d33
00000000
00000000
00c5053b
00cd0d33
00000000
00000000
00d5053b
00dd0d33
00000000
00000000
00e5053b
00ed0d33
00000000
00000000
00f5053b
00fd0d33
00000000
00000000
00000000
010d0d33
00000000
00000000
00000000
011d0d33
00000000
00000000
00000000
012d0d33
00000000
00000000
00000000
013d0d33
00000000
00000000
00000000
014d0d33
00000000
00000000
00000000
015d0d33
00000000
00000000
00000000
016d0d33
00000000
00000000
00000000
017d0d33
00000000
00000000
00000000
018d0d33
00000000
00000000
00000000
019d0d33
00000000
00000000
00000000
01ad0d33
00000000
00000000
00000000
01bd0d33
00000000
00000000
00000000
01cd0d33
00000000
00000000
00000000
01dd0d33
00000000
00000000
00000000
01ed0d33
00000000
00000000
00000000
01fd0d33
00000000
00000000
408585bb
000d80e7
00000000
00000000
409585bb
001d8db3
00000000
00000000
40a585bb
002d8db3
00000000
00000000
40b585bb
003d8db3
00000000
00000000
40c585bb
004d8db3
00000000
00000000
40d585bb
005d8db3
00000000
00000000
40e585bb
006d8db3
00000000
00000000
40f585bb
007d8db3
00000000
00000000
008585bb
008d8db3
00000000
00000000
009585bb
009d8db3
00000000
00000000
00a585bb
00ad8db3
00000000
00000000
00b585bb
00bd8db3
00000000
00000000
00c585bb
00cd8db3
00000000
00000000
00d585bb
00dd8db3
00000000
00000000
00e585bb
00ed8db3
00000000
00000000
00f585bb
00fd8db3
00000000
00000000
00000000
010d8db3
00000000
00000000
00000000
011d8db3
00000000
00000000
00000000
012d8db3
00000000
00000000
00000000
013d8db3
00000000
00000000
00000000
014d8db3
00000000
00000000
00000000
015d8db3
00000000
00000000
00000000
016d8db3
00000000
00000000
00000000
017d8db3
00000000
00000000
00000000
018d8db3
00000000
00000000
00000000
019d8db3
00000000
00000000
00000000
01ad8db3
00000000
00000000
00000000
01bd8db3
00000000
00000000
00000000
01cd8db3
00000000
00000000
00000000
01dd8db3
00000000
00000000
00000000
01ed8db3
00000000
00000000
00000000
01fd8db3
00000000
00000000
4086063b
000e00e7
00000000
00000000
4096063b
001e0e33
00000000
00000000
40a6063b
002e0e33
00000000
00000000
40b6063b
003e0e33
00000000
00000000
40c6063b
004e0e33
00000000
00000000
40d6063b
005e0e33
00000000
00000000
40e6063b
006e0e33
00000000
00000000
40f6063b
007e0e33
00000000
00000000
0086063b
008e0e33
00000000
00000000
0096063b
009e0e33
00000000
00000000
00a6063b
00ae0e33
00000000
00000000
00b6063b
00be0e33
00000000
00000000
00c6063b
00ce0e33
00000000
00000000
00d6063b
00de0e33
00000000
00000000
00e6063b
00ee0e33
00000000
00000000
00f6063b
00fe0e33
00000000
00000000
00000000
010e0e33
00000000
00000000
00000000
011e0e33
00000000
00000000
00000000
012e0e33
00000000
00000000
00000000
013e0e33
00000000
00000000
00000000
014e0e33
00000000
00000000
00000000
015e0e33
00000000
00000000
00000000
016e0e33
00000000
00000000
00000000
017e0e33
00000000
00000000
00000000
018e0e33
00000000
00000000
00000000
019e0e33
00000000
00000000
00000000
01ae0e33
00000000
00000000
00000000
01be0e33
00000000
00000000
00000000
01ce0e33
00000000
00000000
00000000
01de0e33
00000000
00000000
00000000
01ee0e33
00000000
00000000
00000000
01fe0e33
00000000
00000000
408686bb
000e80e7
00000000
00000000
409686bb
001e8eb3
00000000
00000000
40a686bb
002e8eb3
00000000
00000000
40b686bb
003e8eb3
00000000
00000000
40c686bb
004e8eb3
00000000
00000000
40d686bb
005e8eb3
00000000
00000000
40e686bb
006e8eb3
00000000
00000000
40f686bb
007e8eb3
00000000
00000000
008686bb
008e8eb3
00000000
00000000
009686bb
009e8eb3
00000000
00000000
00a686bb
00ae8eb3
00000000
00000000
00b686bb
00be8eb3
00000000
00000000
00c686bb
00ce8eb3
00000000
00000000
00d686bb
00de8eb3
00000000
00000000
00e686bb
00ee8eb3
00000000
00000000
00f686bb
00fe8eb3
00000000
00000000
00000000
010e8eb3
00000000
00000000
00000000
011e8eb3
00000000
00000000
00000000
012e8eb3
00000000
00000000
00000000
013e8eb3
00000000
00000000
00000000
014e8eb3
00000000
00000000
00000000
015e8eb3
00000000
00000000
00000000
016e8eb3
00000000
00000000
00000000
017e8eb3
00000000
00000000
00000000
018e8eb3
00000000
00000000
00000000
019e8eb3
00000000
00000000
00000000
01ae8eb3
00000000
00000000
00000000
01be8eb3
00000000
00000000
00000000
01ce8eb3
00000000
00000000
00000000
01de8eb3
00000000
00000000
00000000
01ee8eb3
00000000
00000000
00000000
01fe8eb3
00000000
00000000
4087073b
000f00e7
00000000
00000000
4097073b
001f0f33
00000000
00000000
40a7073b
002f0f33
00000000
00000000
40b7073b
003f0f33
00000000
00000000
40c7073b
004f0f33
00000000
00000000
40d7073b
005f0f33
00000000
00000000
40e7073b
006f0f33
00000000
00000000
40f7073b
007f0f33
00000000
00000000
0087073b
008f0f33
00000000
00000000
0097073b
009f0f33
00000000
00000000
00a7073b
00af0f33
00000000
00000000
00b7073b
00bf0f33
00000000
00000000
00c7073b
00cf0f33
00000000
00000000
00d7073b
00df0f33
00000000
00000000
00e7073b
00ef0f33
00000000
00000000
00f7073b
00ff0f33
00000000
00000000
00000000
010f0f33
00000000
00000000
00000000
011f0f33
00000000
00000000
00000000
012f0f33
00000000
00000000
00000000
013f0f33
00000000
00000000
00000000
014f0f33
00000000
00000000
00000000
015f0f33
00000000
00000000
00000000
016f0f33
00000000
00000000
00000000
017f0f33
00000000
00000000
00000000
018f0f33
00000000
00000000
00000000
019f0f33
00000000
00000000
00000000
01af0f33
00000000
00000000
00000000
01bf0f33
00000000
00000000
00000000
01cf0f33
00000000
00000000
00000000
01df0f33
00000000
00000000
00000000
01ef0f33
00000000
00000000
00000000
01ff0f33
00000000
00000000
408787bb
000f80e7
00000000
00000000
409787bb
001f8fb3
00000000
00000000
40a787bb
002f8fb3
00000000
00000000
40b787bb
003f8fb3
00000000
00000000
40c787bb
004f8fb3
00000000
00000000
40d787bb
005f8fb3
00000000
00000000
40e787bb
006f8fb3
00000000
00000000
40f787bb
007f8fb3
00000000
00000000
008787bb
008f8fb3
00000000
00000000
009787bb
009f8fb3
00000000
00000000
00a787bb
00af8fb3
00000000
00000000
00b787bb
00bf8fb3
00000000
00000000
00c787bb
00cf8fb3
00000000
00000000
00d787bb
00df8fb3
00000000
00000000
00e787bb
00ef8fb3
00000000
00000000
00f787bb
00ff8fb3
00000000
00000000
00000000
010f8fb3
00000000
00000000
00000000
011f8fb3
00000000
00000000
00000000
012f8fb3
00000000
00000000
00000000
013f8fb3
00000000
00000000
00000000
014f8fb3
00000000
00000000
00000000
015f8fb3
00000000
00000000
00000000
016f8fb3
00000000
00000000
00000000
017f8fb3
00000000
00000000
00000000
018f8fb3
00000000
00000000
00000000
019f8fb3
00000000
00000000
00000000
01af8fb3
00000000
00000000
00000000
01bf8fb3
00000000
00000000
00000000
01cf8fb3
00000000
00000000
00000000
01df8fb3
00000000
00000000
00000000
01ef8fb3
00000000
00000000
00000000
01ff8fb3
00000000
00843027
0000006f
00013027
00000000
00943027
0200006f
00113027
00000000
00a43027
0020006f
00213027
00000000
00b43027
0220006f
00313027
00000000
00c43027
0040006f
00413027
00000000
00d43027
0240006f
00513027
00000000
00e43027
0060006f
00613027
00000000
00f43027
0260006f
00713027
00000000
04843027
0080006f
00813027
00000000
04943027
0280006f
00913027
00000000
04a43027
00a0006f
00a13027
00000000
04b43027
02a0006f
00b13027
00000000
04c43027
00c0006f
00c13027
00000000
04d43027
02c0006f
00d13027
00000000
04e43027
00e0006f
00e13027
00000000
04f43027
02e0006f
00f13027
00000000
08843027
0800006f
01013027
00000000
08943027
0a00006f
01113027
00000000
08a43027
0820006f
01213027
00000000
08b43027
0a20006f
01313027
00000000
08c43027
0840006f
01413027
00000000
08d43027
0a40006f
01513027
00000000
08e43027
0860006f
01613027
00000000
08f43027
0a60006f
01713027
00000000
0c843027
0880006f
01813027
00000000
0c943027
0a80006f
01913027
00000000
0ca43027
08a0006f
01a13027
00000000
0cb43027
0aa0006f
01b13027
00000000
0cc43027
08c0006f
01c13027
00000000
0cd43027
0ac0006f
01d13027
00000000
0ce43027
08e0006f
01e13027
00000000
0cf43027
0ae0006f
01f13027
00000000
0084b027
0400006f
04013027
00000000
0094b027
0600006f
04113027
00000000
00a4b027
0420006f
04213027
00000000
00b4b027
0620006f
04313027
00000000
00c4b027
0440006f
04413027
00000000
00d4b027
0640006f
04513027
00000000
00e4b027
0460006f
04613027
00000000
00f4b027
0660006f
04713027
00000000
0484b027
0480006f
04813027
00000000
0494b027
0680006f
04913027
00000000
04a4b027
04a0006f
04a13027
00000000
04b4b027
06a0006f
04b13027
00000000
04c4b027
04c0006f
04c13027
00000000
04d4b027
06c0006f
04d13027
00000000
04e4b027
04e0006f
04e13027
00000000
04f4b027
06e0006f
04f13027
00000000
0884b027
0c00006f
05013027
00000000
0894b027
0e00006f
05113027
00000000
08a4b027
0c20006f
05213027
00000000
08b4b027
0e20006f
05313027
00000000
08c4b027
0c40006f
05413027
00000000
08d4b027
0e40006f
05513027
00000000
08e4b027
0c60006f
05613027
00000000
08f4b027
0e60006f
05713027
00000000
0c84b027
0c80006f
05813027
00000000
0c94b027
0e80006f
05913027
00000000
0ca4b027
0ca0006f
05a13027
00000000
0cb4b027
0ea0006f
05b13027
00000000
0cc4b027
0cc0006f
05c13027
00000000
0cd4b027
0ec0006f
05d13027
00000000
0ce4b027
0ce0006f
05e13027
00000000
0cf4b027
0ee0006f
05f13027
00000000
00853027
4000006f
08013027
00000000
00953027
4200006f
08113027
00000000
00a53027
4020006f
08213027
00000000
00b53027
4220006f
08313027
00000000
00c53027
4040006f
08413027
00000000
00d53027
4240006f
08513027
00000000
00e53027
4060006f
08613027
00000000
00f53027
4260006f
08713027
00000000
04853027
4080006f
08813027
00000000
04953027
4280006f
08913027
00000000
04a53027
40a0006f
08a13027
00000000
04b53027
42a0006f
08b13027
00000000
04c53027
40c0006f
08c13027
00000000
04d53027
42c0006f
08d13027
00000000
04e53027
40e0006f
08e13027
00000000
04f53027
42e0006f
08f13027
00000000
08853027
4800006f
09013027
00000000
08953027
4a00006f
09113027
00000000
08a53027
4820006f
09213027
00000000
08b53027
4a20006f
09313027
00000000
08c53027
4840006f
09413027
00000000
08d53027
4a40006f
09513027
00000000
08e53027
4860006f
09613027
00000000
08f53027
4a60006f
09713027
00000000
0c853027
4880006f
09813027
00000000
0c953027
4a80006f
09913027
00000000
0ca53027
48a0006f
09a13027
00000000
0cb53027
4aa0006f
09b13027
00000000
0cc53027
48c0006f
09c13027
00000000
0cd53027
4ac0006f
09d13027
00000000
0ce53027
48e0006f
09e13027
00000000
0cf53027
4ae0006f
09f13027
00000000
0085b027
4400006f
0c013027
00000000
0095b027
4600006f
0c113027
00000000
00a5b027
4420006f
0c213027
00000000
00b5b027
4620006f
0c313027
00000000
00c5b027
4440006f
0c413027
00000000
00d5b027
4640006f
0c513027
00000000
00e5b027
4460006f
0c613027
00000000
00f5b027
4660006f
0c713027
00000000
0485b027
4480006f
0c813027
00000000
0495b027
4680006f
0c913027
00000000
04a5b027
44a0006f
0ca13027
00000000
04b5b027
46a0006f
0cb13027
00000000
04c5b027
44c0006f
0cc13027
00000000
04d5b027
46c0006f
0cd13027
00000000
04e5b027
44e0006f
0ce13027
00000000
04f5b027
46e0006f
0cf13027
00000000
0885b027
4c00006f
0d013027
00000000
0895b027
4e00006f
0d113027
00000000
08a5b027
4c20006f
0d213027
00000000
08b5b027
4e20006f
0d313027
00000000
08c5b027
4c40006f
0d413027
00000000
08d5b027
4e40006f
0d513027
00000000
08e5b027
4c60006f
0d613027
00000000
08f5b027
4e60006f
0d713027
00000000
0c85b027
4c80006f
0d813027
00000000
0c95b027
4e80006f
0d913027
00000000
0ca5b027
4ca0006f
0da13027
00000000
0cb5b027
4ea0006f
0db13027
00000000
0cc5b027
4cc0006f
0dc13027
00000000
0cd5b027
4ec0006f
0dd13027
00000000
0ce5b027
4ce0006f
0de13027
00000000
0cf5b027
4ee0006f
0df13027
00000000
00863027
1000006f
10013027
00000000
00963027
1200006f
10113027
00000000
00a63027
1020006f
10213027
00000000
00b63027
1220006f
10313027
00000000
00c63027
1040006f
10413027
00000000
00d63027
1240006f
10513027
00000000
00e63027
1060006f
10613027
00000000
00f63027
1260006f
10713027
00000000
04863027
1080006f
10813027
00000000
04963027
1280006f
10913027
00000000
04a63027
10a0006f
10a13027
00000000
04b63027
12a0006f
10b13027
00000000
04c63027
10c0006f
10c13027
00000000
04d63027
12c0006f
10d13027
00000000
04e63027
10e0006f
10e13027
00000000
04f63027
12e0006f
10f13027
00000000
08863027
1800006f
11013027
00000000
08963027
1a00006f
11113027
00000000
08a63027
1820006f
11213027
00000000
08b63027
1a20006f
11313027
00000000
08c63027
1840006f
11413027
00000000
08d63027
1a40006f
11513027
00000000
08e63027
1860006f
11613027
00000000
08f63027
1a60006f
11713027
00000000
0c863027
1880006f
11813027
00000000
0c963027
1a80006f
11913027
00000000
0ca63027
18a0006f
11a13027
00000000
0cb63027
1aa0006f
11b13027
00000000
0cc63027
18c0006f
11c13027
00000000
0cd63027
1ac0006f
11d13027
00000000
0ce63027
18e0006f
11e13027
00000000
0cf63027
1ae0006f
11f13027
00000000
0086b027
1400006f
14013027
00000000
0096b027
1600006f
14113027
00000000
00a6b027
1420006f
14213027
00000000
00b6b027
1620006f
14313027
00000000
00c6b027
1440006f
14413027
00000000
00d6b027
1640006f
14513027
00000000
00e6b027
1460006f
14613027
00000000
00f6b027
1660006f
14713027
00000000
0486b027
1480006f
14813027
00000000
0496b027
1680006f
14913027
00000000
04a6b027
14a0006f
14a13027
00000000
04b6b027
16a0006f
14b13027
00000000
04c6b027
14c0006f
14c13027
00000000
04d6b027
16c0006f
14d13027
00000000
04e6b027
14e0006f
14e13027
00000000
04f6b027
16e0006f
14f13027
00000000
0886b027
1c00006f
15013027
00000000
0896b027
1e00006f
15113027
00000000
08a6b027
1c20006f
15213027
00000000
08b6b027
1e20006f
15313027
00000000
08c6b027
1c40006f
15413027
00000000
08d6b027
1e40006f
15513027
00000000
08e6b027
1c60006f
15613027
00000000
08f6b027
1e60006f
15713027
00000000
0c86b027
1c80006f
15813027
00000000
0c96b027
1e80006f
15913027
00000000
0ca6b027
1ca0006f
15a13027
00000000
0cb6b027
1ea0006f
15b13027
00000000
0cc6b027
1cc0006f
15c13027
00000000
0cd6b027
1ec0006f
15d13027
00000000
0ce6b027
1ce0006f
15e13027
00000000
0cf6b027
1ee0006f
15f13027
00000000
00873027
5000006f
18013027
00000000
00973027
5200006f
18113027
00000000
00a73027
5020006f
18213027
00000000
00b73027
5220006f
18313027
00000000
00c73027
5040006f
18413027
00000000
00d73027
5240006f
18513027
00000000
00e73027
5060006f
18613027
00000000
00f73027
5260006f
18713027
00000000
04873027
5080006f
18813027
00000000
04973027
5280006f
18913027
00000000
04a73027
50a0006f
18a13027
00000000
04b73027
52a0006f
18b13027
00000000
04c73027
50c0006f
18c13027
00000000
04d73027
52c0006f
18d13027
00000000
04e73027
50e0006f
18e13027
00000000
04f73027
52e0006f
18f13027
00000000
08873027
5800006f
19013027
00000000
08973027
5a00006f
19113027
00000000
08a73027
5820006f
19213027
00000000
08b73027
5a20006f
19313027
00000000
08c73027
5840006f
19413027
00000000
08d73027
5a40006f
19513027
00000000
08e73027
5860006f
19613027
00000000
08f73027
5a60006f
19713027
00000000
0c873027
5880006f
19813027
00000000
0c973027
5a80006f
19913027
00000000
0ca73027
58a0006f
19a13027
00000000
0cb73027
5aa0006f
19b13027
00000000
0cc73027
58c0006f
19c13027
00000000
0cd73027
5ac0006f
19d13027
00000000
0ce73027
58e0006f
19e13027
00000000
0cf73027
5ae0006f
19f13027
00000000
0087b027
5400006f
1c013027
00000000
0097b027
5600006f
1c113027
00000000
00a7b027
5420006f
1c213027
00000000
00b7b027
5620006f
1c313027
00000000
00c7b027
5440006f
1c413027
00000000
00d7b027
5640006f
1c513027
00000000
00e7b027
5460006f
1c613027
00000000
00f7b027
5660006f
1c713027
00000000
0487b027
5480006f
1c813027
00000000
0497b027
5680006f
1c913027
00000000
04a7b027
54a0006f
1ca13027
00000000
04b7b027
56a0006f
1cb13027
00000000
04c7b027
54c0006f
1cc13027
00000000
04d7b027
56c0006f
1cd13027
00000000
04e7b027
54e0006f
1ce13027
00000000
04f7b027
56e0006f
1cf13027
00000000
0887b027
5c00006f
1d013027
00000000
0897b027
5e00006f
1d113027
00000000
08a7b027
5c20006f
1d213027
00000000
08b7b027
5e20006f
1d313027
00000000
08c7b027
5c40006f
1d413027
00000000
08d7b027
5e40006f
1d513027
00000000
08e7b027
5c60006f
1d613027
00000000
08f7b027
5e60006f
1d713027
00000000
0c87b027
5c80006f
1d813027
00000000
0c97b027
5e80006f
1d913027
00000000
0ca7b027
5ca0006f
1da13027
00000000
0cb7b027
5ea0006f
1db13027
00000000
0cc7b027
5cc0006f
1dc13027
00000000
0cd7b027
5ec0006f
1dd13027
00000000
0ce7b027
5ce0006f
1de13027
00000000
0cf7b027
5ee0006f
1df13027
00000000
00843427
2000006f
00013427
00000000
00943427
2200006f
00113427
00000000
00a43427
2020006f
00213427
00000000
00b43427
2220006f
00313427
00000000
00c43427
2040006f
00413427
00000000
00d43427
2240006f
00513427
00000000
00e43427
2060006f
00613427
00000000
00f43427
2260006f
00713427
00000000
04843427
2080006f
00813427
00000000
04943427
2280006f
00913427
00000000
04a43427
20a0006f
00a13427
00000000
04b43427
22a0006f
00b13427
00000000
04c43427
20c0006f
00c13427
00000000
04d43427
22c0006f
00d13427
00000000
04e43427
20e0006f
00e13427
00000000
04f43427
22e0006f
00f13427
00000000
08843427
2800006f
01013427
00000000
08943427
2a00006f
01113427
00000000
08a43427
2820006f
01213427
00000000
08b43427
2a20006f
01313427
00000000
08c43427
2840006f
01413427
00000000
08d43427
2a40006f
01513427
00000000
08e43427
2860006f
01613427
00000000
08f43427
2a60006f
01713427
00000000
0c843427
2880006f
01813427
00000000
0c943427
2a80006f
01913427
00000000
0ca43427
28a0006f
01a13427
00000000
0cb43427
2aa0006f
01b13427
00000000
0cc43427
28c0006f
01c13427
00000000
0cd43427
2ac0006f
01d13427
00000000
0ce43427
28e0006f
01e13427
00000000
0cf43427
2ae0006f
01f13427
00000000
0084b427
2400006f
04013427
00000000
0094b427
2600006f
04113427
00000000
00a4b427
2420006f
04213427
00000000
00b4b427
2620006f
04313427
00000000
00c4b427
2440006f
04413427
00000000
00d4b427
2640006f
04513427
00000000
00e4b427
2460006f
04613427
00000000
00f4b427
2660006f
04713427
00000000
0484b427
2480006f
04813427
00000000
0494b427
2680006f
04913427
00000000
04a4b427
24a0006f
04a13427
00000000
04b4b427
26a0006f
04b13427
00000000
04c4b427
24c0006f
04c13427
00000000
04d4b427
26c0006f
04d13427
00000000
04e4b427
24e0006f
04e13427
00000000
04f4b427
26e0006f
04f13427
00000000
0884b427
2c00006f
05013427
00000000
0894b427
2e00006f
05113427
00000000
08a4b427
2c20006f
05213427
00000000
08b4b427
2e20006f
05313427
00000000
08c4b427
2c40006f
05413427
00000000
08d4b427
2e40006f
05513427
00000000
08e4b427
2c60006f
05613427
00000000
08f4b427
2e60006f
05713427
00000000
0c84b427
2c80006f
05813427
00000000
0c94b427
2e80006f
05913427
00000000
0ca4b427
2ca0006f
05a13427
00000000
0cb4b427
2ea0006f
05b13427
00000000
0cc4b427
2cc0006f
05c13427
00000000
0cd4b427
2ec0006f
05d13427
00000000
0ce4b427
2ce0006f
05e13427
00000000
0cf4b427
2ee0006f
05f13427
00000000
00853427
6000006f
08013427
00000000
00953427
6200006f
08113427
00000000
00a53427
6020006f
08213427
00000000
00b53427
6220006f
08313427
00000000
00c53427
6040006f
08413427
00000000
00d53427
6240006f
08513427
00000000
00e53427
6060006f
08613427
00000000
00f53427
6260006f
08713427
00000000
04853427
6080006f
08813427
00000000
04953427
6280006f
08913427
00000000
04a53427
60a0006f
08a13427
00000000
04b53427
62a0006f
08b13427
00000000
04c53427
60c0006f
08c13427
00000000
04d53427
62c0006f
08d13427
00000000
04e53427
60e0006f
08e13427
00000000
04f53427
62e0006f
08f13427
00000000
08853427
6800006f
09013427
00000000
08953427
6a00006f
09113427
00000000
08a53427
6820006f
09213427
00000000
08b53427
6a20006f
09313427
00000000
08c53427
6840006f
09413427
00000000
08d53427
6a40006f
09513427
00000000
08e53427
6860006f
09613427
00000000
08f53427
6a60006f
09713427
00000000
0c853427
6880006f
09813427
00000000
0c953427
6a80006f
09913427
00000000
0ca53427
68a0006f
09a13427
00000000
0cb53427
6aa0006f
09b13427
00000000
0cc53427
68c0006f
09c13427
00000000
0cd53427
6ac0006f
09d13427
00000000
0ce53427
68e0006f
09e13427
00000000
0cf53427
6ae0006f
09f13427
00000000
0085b427
6400006f
0c013427
00000000
0095b427
6600006f
0c113427
00000000
00a5b427
6420006f
0c213427
00000000
00b5b427
6620006f
0c313427
00000000
00c5b427
6440006f
0c413427
00000000
00d5b427
6640006f
0c513427
00000000
00e5b427
6460006f
0c613427
00000000
00f5b427
6660006f
0c713427
00000000
0485b427
6480006f
0c813427
00000000
0495b427
6680006f
0c913427
00000000
04a5b427
64a0006f
0ca13427
00000000
04b5b427
66a0006f
0cb13427
00000000
04c5b427
64c0006f
0cc13427
00000000
04d5b427
66c0006f
0cd13427
00000000
04e5b427
64e0006f
0ce13427
00000000
04f5b427
66e0006f
0cf13427
00000000
0885b427
6c00006f
0d013427
00000000
0895b427
6e00006f
0d113427
00000000
08a5b427
6c20006f
0d213427
00000000
08b5b427
6e20006f
0d313427
00000000
08c5b427
6c40006f
0d413427
00000000
08d5b427
6e40006f
0d513427
00000000
08e5b427
6c60006f
0d613427
00000000
08f5b427
6e60006f
0d713427
00000000
0c85b427
6c80006f
0d813427
00000000
0c95b427
6e80006f
0d913427
00000000
0ca5b427
6ca0006f
0da13427
00000000
0cb5b427
6ea0006f
0db13427
00000000
0cc5b427
6cc0006f
0dc13427
00000000
0cd5b427
6ec0006f
0dd13427
00000000
0ce5b427
6ce0006f
0de13427
00000000
0cf5b427
6ee0006f
0df13427
00000000
00863427
3000006f
10013427
00000000
00963427
3200006f
10113427
00000000
00a63427
3020006f
10213427
00000000
00b63427
3220006f
10313427
00000000
00c63427
3040006f
10413427
00000000
00d63427
3240006f
10513427
00000000
00e63427
3060006f
10613427
00000000
00f63427
3260006f
10713427
00000000
04863427
3080006f
10813427
00000000
04963427
3280006f
10913427
00000000
04a63427
30a0006f
10a13427
00000000
04b63427
32a0006f
10b13427
00000000
04c63427
30c0006f
10c13427
00000000
04d63427
32c0006f
10d13427
00000000
04e63427
30e0006f
10e13427
00000000
04f63427
32e0006f
10f13427
00000000
08863427
3800006f
11013427
00000000
08963427
3a00006f
11113427
00000000
08a63427
3820006f
11213427
00000000
08b63427
3a20006f
11313427
00000000
08c63427
3840006f
11413427
00000000
08d63427
3a40006f
11513427
00000000
08e63427
3860006f
11613427
00000000
08f63427
3a60006f
11713427
00000000
0c863427
3880006f
11813427
00000000
0c963427
3a80006f
11913427
00000000
0ca63427
38a0006f
11a13427
00000000
0cb63427
3aa0006f
11b13427
00000000
0cc63427
38c0006f
11c13427
00000000
0cd63427
3ac0006f
11d13427
00000000
0ce63427
38e0006f
11e13427
00000000
0cf63427
3ae0006f
11f13427
00000000
0086b427
3400006f
14013427
00000000
0096b427
3600006f
14113427
00000000
00a6b427
3420006f
14213427
00000000
00b6b427
3620006f
14313427
00000000
00c6b427
3440006f
14413427
00000000
00d6b427
3640006f
14513427
00000000
00e6b427
3460006f
14613427
00000000
00f6b427
3660006f
14713427
00000000
0486b427
3480006f
14813427
00000000
0496b427
3680006f
14913427
00000000
04a6b427
34a0006f
14a13427
00000000
04b6b427
36a0006f
14b13427
00000000
04c6b427
34c0006f
14c13427
00000000
04d6b427
36c0006f
14d13427
00000000
04e6b427
34e0006f
14e13427
00000000
04f6b427
36e0006f
14f13427
00000000
0886b427
3c00006f
15013427
00000000
0896b427
3e00006f
15113427
00000000
08a6b427
3c20006f
15213427
00000000
08b6b427
3e20006f
15313427
00000000
08c6b427
3c40006f
15413427
00000000
08d6b427
3e40006f
15513427
00000000
08e6b427
3c60006f
15613427
00000000
08f6b427
3e60006f
15713427
00000000
0c86b427
3c80006f
15813427
00000000
0c96b427
3e80006f
15913427
00000000
0ca6b427
3ca0006f
15a13427
00000000
0cb6b427
3ea0006f
15b13427
00000000
0cc6b427
3cc0006f
15c13427
00000000
0cd6b427
3ec0006f
15d13427
00000000
0ce6b427
3ce0006f
15e13427
00000000
0cf6b427
3ee0006f
15f13427
00000000
00873427
7000006f
18013427
00000000
00973427
7200006f
18113427
00000000
00a73427
7020006f
18213427
00000000
00b73427
7220006f
18313427
00000000
00c73427
7040006f
18413427
00000000
00d73427
7240006f
18513427
00000000
00e73427
7060006f
18613427
00000000
00f73427
7260006f
18713427
00000000
04873427
7080006f
18813427
00000000
04973427
7280006f
18913427
00000000
04a73427
70a0006f
18a13427
00000000
04b73427
72a0006f
18b13427
00000000
04c73427
70c0006f
18c13427
00000000
04d73427
72c0006f
18d13427
00000000
04e73427
70e0006f
18e13427
00000000
04f73427
72e0006f
18f13427
00000000
08873427
7800006f
19013427
00000000
08973427
7a00006f
19113427
00000000
08a73427
7820006f
19213427
00000000
08b73427
7a20006f
19313427
00000000
08c73427
7840006f
19413427
00000000
08d73427
7a40006f
19513427
00000000
08e73427
7860006f
19613427
00000000
08f73427
7a60006f
19713427
00000000
0c873427
7880006f
19813427
00000000
0c973427
7a80006f
19913427
00000000
0ca73427
78a0006f
19a13427
00000000
0cb73427
7aa0006f
19b13427
00000000
0cc73427
78c0006f
19c13427
00000000
0cd73427
7ac0006f
19d13427
00000000
0ce73427
78e0006f
19e13427
00000000
0cf73427
7ae0006f
19f13427
00000000
0087b427
7400006f
1c013427
00000000
0097b427
7600006f
1c113427
00000000
00a7b427
7420006f
1c213427
00000000
00b7b427
7620006f
1c313427
00000000
00c7b427
7440006f
1c413427
00000000
00d7b427
7640006f
1c513427
00000000
00e7b427
7460006f
1c613427
00000000
00f7b427
7660006f
1c713427
00000000
0487b427
7480006f
1c813427
00000000
0497b427
7680006f
1c913427
00000000
04a7b427
74a0006f
1ca13427
00000000
04b7b427
76a0006f
1cb13427
00000000
04c7b427
74c0006f
1cc13427
00000000
04d7b427
76c0006f
1cd13427
00000000
04e7b427
74e0006f
1ce13427
00000000
04f7b427
76e0006f
1cf13427
00000000
0887b427
7c00006f
1d013427
00000000
0897b427
7e00006f
1d113427
00000000
08a7b427
7c20006f
1d213427
00000000
08b7b427
7e20006f
1d313427
00000000
08c7b427
7c40006f
1d413427
00000000
08d7b427
7e40006f
1d513427
00000000
08e7b427
7c60006f
1d613427
00000000
08f7b427
7e60006f
1d713427
00000000
0c87b427
7c80006f
1d813427
00000000
0c97b427
7e80006f
1d913427
00000000
0ca7b427
7ca0006f
1da13427
00000000
0cb7b427
7ea0006f
1db13427
00000000
0cc7b427
7cc0006f
1dc13427
00000000
0cd7b427
7ec0006f
1dd13427
00000000
0ce7b427
7ce0006f
1de13427
00000000
0cf7b427
7ee0006f
1df13427
00000000
00843827
0100006f
00013827
00000000
00943827
0300006f
00113827
00000000
00a43827
0120006f
00213827
00000000
00b43827
0320006f
00313827
00000000
00c43827
0140006f
00413827
00000000
00d43827
0340006f
00513827
00000000
00e43827
0160006f
00613827
00000000
00f43827
0360006f
00713827
00000000
04843827
0180006f
00813827
00000000
04943827
0380006f
00913827
00000000
04a43827
01a0006f
00a13827
00000000
04b43827
03a0006f
00b13827
00000000
04c43827
01c0006f
00c13827
00000000
04d43827
03c0006f
00d13827
00000000
04e43827
01e0006f
00e13827
00000000
04f43827
03e0006f
00f13827
00000000
08843827
0900006f
01013827
00000000
08943827
0b00006f
01113827
00000000
08a43827
0920006f
01213827
00000000
08b43827
0b20006f
01313827
00000000
08c43827
0940006f
01413827
00000000
08d43827
0b40006f
01513827
00000000
08e43827
0960006f
01613827
00000000
08f43827
0b60006f
01713827
00000000
0c843827
0980006f
01813827
00000000
0c943827
0b80006f
01913827
00000000
0ca43827
09a0006f
01a13827
00000000
0cb43827
0ba0006f
01b13827
00000000
0cc43827
09c0006f
01c13827
00000000
0cd43827
0bc0006f
01d13827
00000000
0ce43827
09e0006f
01e13827
00000000
0cf43827
0be0006f
01f13827
00000000
0084b827
0500006f
04013827
00000000
0094b827
0700006f
04113827
00000000
00a4b827
0520006f
04213827
00000000
00b4b827
0720006f
04313827
00000000
00c4b827
0540006f
04413827
00000000
00d4b827
0740006f
04513827
00000000
00e4b827
0560006f
04613827
00000000
00f4b827
0760006f
04713827
00000000
0484b827
0580006f
04813827
00000000
0494b827
0780006f
04913827
00000000
04a4b827
05a0006f
04a13827
00000000
04b4b827
07a0006f
04b13827
00000000
04c4b827
05c0006f
04c13827
00000000
04d4b827
07c0006f
04d13827
00000000
04e4b827
05e0006f
04e13827
00000000
04f4b827
07e0006f
04f13827
00000000
0884b827
0d00006f
05013827
00000000
0894b827
0f00006f
05113827
00000000
08a4b827
0d20006f
05213827
00000000
08b4b827
0f20006f
05313827
00000000
08c4b827
0d40006f
05413827
00000000
08d4b827
0f40006f
05513827
00000000
08e4b827
0d60006f
05613827
00000000
08f4b827
0f60006f
05713827
00000000
0c84b827
0d80006f
05813827
00000000
0c94b827
0f80006f
05913827
00000000
0ca4b827
0da0006f
05a13827
00000000
0cb4b827
0fa0006f
05b13827
00000000
0cc4b827
0dc0006f
05c13827
00000000
0cd4b827
0fc0006f
05d13827
00000000
0ce4b827
0de0006f
05e13827
00000000
0cf4b827
0fe0006f
05f13827
00000000
00853827
4100006f
08013827
00000000
00953827
4300006f
08113827
00000000
00a53827
4120006f
08213827
00000000
00b53827
4320006f
08313827
00000000
00c53827
4140006f
08413827
00000000
00d53827
4340006f
08513827
00000000
00e53827
4160006f
08613827
00000000
00f53827
4360006f
08713827
00000000
04853827
4180006f
08813827
00000000
04953827
4380006f
08913827
00000000
04a53827
41a0006f
08a13827
00000000
04b53827
43a0006f
08b13827
00000000
04c53827
41c0006f
08c13827
00000000
04d53827
43c0006f
08d13827
00000000
04e53827
41e0006f
08e13827
00000000
04f53827
43e0006f
08f13827
00000000
08853827
4900006f
09013827
00000000
08953827
4b00006f
09113827
00000000
08a53827
4920006f
09213827
00000000
08b53827
4b20006f
09313827
00000000
08c53827
4940006f
09413827
00000000
08d53827
4b40006f
09513827
00000000
08e53827
4960006f
09613827
00000000
08f53827
4b60006f
09713827
00000000
0c853827
4980006f
09813827
00000000
0c953827
4b80006f
09913827
00000000
0ca53827
49a0006f
09a13827
00000000
0cb53827
4ba0006f
09b13827
00000000
0cc53827
49c0006f
09c13827
00000000
0cd53827
4bc0006f
09d13827
00000000
0ce53827
49e0006f
09e13827
00000000
0cf53827
4be0006f
09f13827
00000000
0085b827
4500006f
0c013827
00000000
0095b827
4700006f
0c113827
00000000
00a5b827
4520006f
0c213827
00000000
00b5b827
4720006f
0c313827
00000000
00c5b827
4540006f
0c413827
00000000
00d5b827
4740006f
0c513827
00000000
00e5b827
4560006f
0c613827
00000000
00f5b827
4760006f
0c713827
00000000
0485b827
4580006f
0c813827
00000000
0495b827
4780006f
0c913827
00000000
04a5b827
45a0006f
0ca13827
00000000
04b5b827
47a0006f
0cb13827
00000000
04c5b827
45c0006f
0cc13827
00000000
04d5b827
47c0006f
0cd13827
00000000
04e5b827
45e0006f
0ce13827
00000000
04f5b827
47e0006f
0cf13827
00000000
0885b827
4d00006f
0d013827
00000000
0895b827
4f00006f
0d113827
00000000
08a5b827
4d20006f
0d213827
00000000
08b5b827
4f20006f
0d313827
00000000
08c5b827
4d40006f
0d413827
00000000
08d5b827
4f40006f
0d513827
00000000
08e5b827
4d60006f
0d613827
00000000
08f5b827
4f60006f
0d713827
00000000
0c85b827
4d80006f
0d813827
00000000
0c95b827
4f80006f
0d913827
00000000
0ca5b827
4da0006f
0da13827
00000000
0cb5b827
4fa0006f
0db13827
00000000
0cc5b827
4dc0006f
0dc13827
00000000
0cd5b827
4fc0006f
0dd13827
00000000
0ce5b827
4de0006f
0de13827
00000000
0cf5b827
4fe0006f
0df13827
00000000
00863827
1100006f
10013827
00000000
00963827
1300006f
10113827
00000000
00a63827
1120006f
10213827
00000000
00b63827
1320006f
10313827
00000000
00c63827
1140006f
10413827
00000000
00d63827
1340006f
10513827
00000000
00e63827
1160006f
10613827
00000000
00f63827
1360006f
10713827
00000000
04863827
1180006f
10813827
00000000
04963827
1380006f
10913827
00000000
04a63827
11a0006f
10a13827
00000000
04b63827
13a0006f
10b13827
00000000
04c63827
11c0006f
10c13827
00000000
04d63827
13c0006f
10d13827
00000000
04e63827
11e0006f
10e13827
00000000
04f63827
13e0006f
10f13827
00000000
08863827
1900006f
11013827
00000000
08963827
1b00006f
11113827
00000000
08a63827
1920006f
11213827
00000000
08b63827
1b20006f
11313827
00000000
08c63827
1940006f
11413827
00000000
08d63827
1b40006f
11513827
00000000
08e63827
1960006f
11613827
00000000
08f63827
1b60006f
11713827
00000000
0c863827
1980006f
11813827
00000000
0c963827
1b80006f
11913827
00000000
0ca63827
19a0006f
11a13827
00000000
0cb63827
1ba0006f
11b13827
00000000
0cc63827
19c0006f
11c13827
00000000
0cd63827
1bc0006f
11d13827
00000000
0ce63827
19e0006f
11e13827
00000000
0cf63827
1be0006f
11f13827
00000000
0086b827
1500006f
14013827
00000000
0096b827
1700006f
14113827
00000000
00a6b827
1520006f
14213827
00000000
00b6b827
1720006f
14313827
00000000
00c6b827
1540006f
14413827
00000000
00d6b827
1740006f
14513827
00000000
00e6b827
1560006f
14613827
00000000
00f6b827
1760006f
14713827
00000000
0486b827
1580006f
14813827
00000000
0496b827
1780006f
14913827
00000000
04a6b827
15a0006f
14a13827
00000000
04b6b827
17a0006f
14b13827
00000000
04c6b827
15c0006f
14c13827
00000000
04d6b827
17c0006f
14d13827
00000000
04e6b827
15e0006f
14e13827
00000000
04f6b827
17e0006f
14f13827
00000000
0886b827
1d00006f
15013827
00000000
0896b827
1f00006f
15113827
00000000
08a6b827
1d20006f
15213827
00000000
08b6b827
1f20006f
15313827
00000000
08c6b827
1d40006f
15413827
00000000
08d6b827
1f40006f
15513827
00000000
08e6b827
1d60006f
15613827
00000000
08f6b827
1f60006f
15713827
00000000
0c86b827
1d80006f
15813827
00000000
0c96b827
1f80006f
15913827
00000000
0ca6b827
1da0006f
15a13827
00000000
0cb6b827
1fa0006f
15b13827
00000000
0cc6b827
1dc0006f
15c13827
00000000
0cd6b827
1fc0006f
15d13827
00000000
0ce6b827
1de0006f
15e13827
00000000
0cf6b827
1fe0006f
15f13827
00000000
00873827
5100006f
18013827
00000000
00973827
5300006f
18113827
00000000
00a73827
5120006f
18213827
00000000
00b73827
5320006f
18313827
00000000
00c73827
5140006f
18413827
00000000
00d73827
5340006f
18513827
00000000
00e73827
5160006f
18613827
00000000
00f73827
5360006f
18713827
00000000
04873827
5180006f
18813827
00000000
04973827
5380006f
18913827
00000000
04a73827
51a0006f
18a13827
00000000
04b73827
53a0006f
18b13827
00000000
04c73827
51c0006f
18c13827
00000000
04d73827
53c0006f
18d13827
00000000
04e73827
51e0006f
18e13827
00000000
04f73827
53e0006f
18f13827
00000000
08873827
5900006f
19013827
00000000
08973827
5b00006f
19113827
00000000
08a73827
5920006f
19213827
00000000
08b73827
5b20006f
19313827
00000000
08c73827
5940006f
19413827
00000000
08d73827
5b40006f
19513827
00000000
08e73827
5960006f
19613827
00000000
08f73827
5b60006f
19713827
00000000
0c873827
5980006f
19813827
00000000
0c973827
5b80006f
19913827
00000000
0ca73827
59a0006f
19a13827
00000000
0cb73827
5ba0006f
19b13827
00000000
0cc73827
59c0006f
19c13827
00000000
0cd73827
5bc0006f
19d13827
00000000
0ce73827
59e0006f
19e13827
00000000
0cf73827
5be0006f
19f13827
00000000
0087b827
5500006f
1c013827
00000000
0097b827
5700006f
1c113827
00000000
00a7b827
5520006f
1c213827
00000000
00b7b827
5720006f
1c313827
00000000
00c7b827
5540006f
1c413827
00000000
00d7b827
5740006f
1c513827
00000000
00e7b827
5560006f
1c613827
00000000
00f7b827
5760006f
1c713827
00000000
0487b827
5580006f
1c813827
00000000
0497b827
5780006f
1c913827
00000000
04a7b827
55a0006f
1ca13827
00000000
04b7b827
57a0006f
1cb13827
00000000
04c7b827
55c0006f
1cc13827
00000000
04d7b827
57c0006f
1cd13827
00000000
04e7b827
55e0006f
1ce13827
00000000
04f7b827
57e0006f
1cf13827
00000000
0887b827
5d00006f
1d013827
00000000
0897b827
5f00006f
1d113827
00000000
08a7b827
5d20006f
1d213827
00000000
08b7b827
5f20006f
1d313827
00000000
08c7b827
5d40006f
1d413827
00000000
08d7b827
5f40006f
1d513827
00000000
08e7b827
5d60006f
1d613827
00000000
08f7b827
5f60006f
1d713827
00000000
0c87b827
5d80006f
1d813827
00000000
0c97b827
5f80006f
1d913827
00000000
0ca7b827
5da0006f
1da13827
00000000
0cb7b827
5fa0006f
1db13827
00000000
0cc7b827
5dc0006f
1dc13827
00000000
0cd7b827
5fc0006f
1dd13827
00000000
0ce7b827
5de0006f
1de13827
00000000
0cf7b827
5fe0006f
1df13827
00000000
00843c27
2100006f
00013c27
00000000
00943c27
2300006f
00113c27
00000000
00a43c27
2120006f
00213c27
00000000
00b43c27
2320006f
00313c27
00000000
00c43c27
2140006f
00413c27
00000000
00d43c27
2340006f
00513c27
00000000
00e43c27
2160006f
00613c27
00000000
00f43c27
2360006f
00713c27
00000000
04843c27
2180006f
00813c27
00000000
04943c27
2380006f
00913c27
00000000
04a43c27
21a0006f
00a13c27
00000000
04b43c27
23a0006f
00b13c27
00000000
04c43c27
21c0006f
00c13c27
00000000
04d43c27
23c0006f
00d13c27
00000000
04e43c27
21e0006f
00e13c27
00000000
04f43c27
23e0006f
00f13c27
00000000
08843c27
2900006f
01013c27
00000000
08943c27
2b00006f
01113c27
00000000
08a43c27
2920006f
01213c27
00000000
08b43c27
2b20006f
01313c27
00000000
08c43c27
2940006f
01413c27
00000000
08d43c27
2b40006f
01513c27
00000000
08e43c27
2960006f
01613c27
00000000
08f43c27
2b60006f
01713c27
00000000
0c843c27
2980006f
01813c27
00000000
0c943c27
2b80006f
01913c27
00000000
0ca43c27
29a0006f
01a13c27
00000000
0cb43c27
2ba0006f
01b13c27
00000000
0cc43c27
29c0006f
01c13c27
00000000
0cd43c27
2bc0006f
01d13c27
00000000
0ce43c27
29e0006f
01e13c27
00000000
0cf43c27
2be0006f
01f13c27
00000000
0084bc27
2500006f
04013c27
00000000
0094bc27
2700006f
04113c27
00000000
00a4bc27
2520006f
04213c27
00000000
00b4bc27
2720006f
04313c27
00000000
00c4bc27
2540006f
04413c27
00000000
00d4bc27
2740006f
04513c27
00000000
00e4bc27
2560006f
04613c27
00000000
00f4bc27
2760006f
04713c27
00000000
0484bc27
2580006f
04813c27
00000000
0494bc27
2780006f
04913c27
00000000
04a4bc27
25a0006f
04a13c27
00000000
04b4bc27
27a0006f
04b13c27
00000000
04c4bc27
25c0006f
04c13c27
00000000
04d4bc27
27c0006f
04d13c27
00000000
04e4bc27
25e0006f
04e13c27
00000000
04f4bc27
27e0006f
04f13c27
00000000
0884bc27
2d00006f
05013c27
00000000
0894bc27
2f00006f
05113c27
00000000
08a4bc27
2d20006f
05213c27
00000000
08b4bc27
2f20006f
05313c27
00000000
08c4bc27
2d40006f
05413c27
00000000
08d4bc27
2f40006f
05513c27
00000000
08e4bc27
2d60006f
05613c27
00000000
08f4bc27
2f60006f
05713c27
00000000
0c84bc27
2d80006f
05813c27
00000000
0c94bc27
2f80006f
05913c27
00000000
0ca4bc27
2da0006f
05a13c27
00000000
0cb4bc27
2fa0006f
05b13c27
00000000
0cc4bc27
2dc0006f
05c13c27
00000000
0cd4bc27
2fc0006f
05d13c27
00000000
0ce4bc27
2de0006f
05e13c27
00000000
0cf4bc27
2fe0006f
05f13c27
00000000
00853c27
6100006f
08013c27
00000000
00953c27
6300006f
08113c27
00000000
00a53c27
6120006f
08213c27
00000000
00b53c27
6320006f
08313c27
00000000
00c53c27
6140006f
08413c27
00000000
00d53c27
6340006f
08513c27
00000000
00e53c27
6160006f
08613c27
00000000
00f53c27
6360006f
08713c27
00000000
04853c27
6180006f
08813c27
00000000
04953c27
6380006f
08913c27
00000000
04a53c27
61a0006f
08a13c27
00000000
04b53c27
63a0006f
08b13c27
00000000
04c53c27
61c0006f
08c13c27
00000000
04d53c27
63c0006f
08d13c27
00000000
04e53c27
61e0006f
08e13c27
00000000
04f53c27
63e0006f
08f13c27
00000000
08853c27
6900006f
09013c27
00000000
08953c27
6b00006f
09113c27
00000000
08a53c27
6920006f
09213c27
00000000
08b53c27
6b20006f
09313c27
00000000
08c53c27
6940006f
09413c27
00000000
08d53c27
6b40006f
09513c27
00000000
08e53c27
6960006f
09613c27
00000000
08f53c27
6b60006f
09713c27
00000000
0c853c27
6980006f
09813c27
00000000
0c953c27
6b80006f
09913c27
00000000
0ca53c27
69a0006f
09a13c27
00000000
0cb53c27
6ba0006f
09b13c27
00000000
0cc53c27
69c0006f
09c13c27
00000000
0cd53c27
6bc0006f
09d13c27
00000000
0ce53c27
69e0006f
09e13c27
00000000
0cf53c27
6be0006f
09f13c27
00000000
0085bc27
6500006f
0c013c27
00000000
0095bc27
6700006f
0c113c27
00000000
00a5bc27
6520006f
0c213c27
00000000
00b5bc27
6720006f
0c313c27
00000000
00c5bc27
6540006f
0c413c27
00000000
00d5bc27
6740006f
0c513c27
00000000
00e5bc27
6560006f
0c613c27
00000000
00f5bc27
6760006f
0c713c27
00000000
0485bc27
6580006f
0c813c27
00000000
0495bc27
6780006f
0c913c27
00000000
04a5bc27
65a0006f
0ca13c27
00000000
04b5bc27
67a0006f
0cb13c27
00000000
04c5bc27
65c0006f
0cc13c27
00000000
04d5bc27
67c0006f
0cd13c27
00000000
04e5bc27
65e0006f
0ce13c27
00000000
04f5bc27
67e0006f
0cf13c27
00000000
0885bc27
6d00006f
0d013c27
00000000
0895bc27
6f00006f
0d113c27
00000000
08a5bc27
6d20006f
0d213c27
00000000
08b5bc27
6f20006f
0d313c27
00000000
08c5bc27
6d40006f
0d413c27
00000000
08d5bc27
6f40006f
0d513c27
00000000
08e5bc27
6d60006f
0d613c27
00000000
08f5bc27
6f60006f
0d713c27
00000000
0c85bc27
6d80006f
0d813c27
00000000
0c95bc27
6f80006f
0d913c27
00000000
0ca5bc27
6da0006f
0da13c27
00000000
0cb5bc27
6fa0006f
0db13c27
00000000
0cc5bc27
6dc0006f
0dc13c27
00000000
0cd5bc27
6fc0006f
0dd13c27
00000000
0ce5bc27
6de0006f
0de13c27
00000000
0cf5bc27
6fe0006f
0df13c27
00000000
00863c27
3100006f
10013c27
00000000
00963c27
3300006f
10113c27
00000000
00a63c27
3120006f
10213c27
00000000
00b63c27
3320006f
10313c27
00000000
00c63c27
3140006f
10413c27
00000000
00d63c27
3340006f
10513c27
00000000
00e63c27
3160006f
10613c27
00000000
00f63c27
3360006f
10713c27
00000000
04863c27
3180006f
10813c27
00000000
04963c27
3380006f
10913c27
00000000
04a63c27
31a0006f
10a13c27
00000000
04b63c27
33a0006f
10b13c27
00000000
04c63c27
31c0006f
10c13c27
00000000
04d63c27
33c0006f
10d13c27
00000000
04e63c27
31e0006f
10e13c27
00000000
04f63c27
33e0006f
10f13c27
00000000
08863c27
3900006f
11013c27
00000000
08963c27
3b00006f
11113c27
00000000
08a63c27
3920006f
11213c27
00000000
08b63c27
3b20006f
11313c27
00000000
08c63c27
3940006f
11413c27
00000000
08d63c27
3b40006f
11513c27
00000000
08e63c27
3960006f
11613c27
00000000
08f63c27
3b60006f
11713c27
00000000
0c863c27
3980006f
11813c27
00000000
0c963c27
3b80006f
11913c27
00000000
0ca63c27
39a0006f
11a13c27
00000000
0cb63c27
3ba0006f
11b13c27
00000000
0cc63c27
39c0006f
11c13c27
00000000
0cd63c27
3bc0006f
11d13c27
00000000
0ce63c27
39e0006f
11e13c27
00000000
0cf63c27
3be0006f
11f13c27
00000000
0086bc27
3500006f
14013c27
00000000
0096bc27
3700006f
14113c27
00000000
00a6bc27
3520006f
14213c27
00000000
00b6bc27
3720006f
14313c27
00000000
00c6bc27
3540006f
14413c27
00000000
00d6bc27
3740006f
14513c27
00000000
00e6bc27
3560006f
14613c27
00000000
00f6bc27
3760006f
14713c27
00000000
0486bc27
3580006f
14813c27
00000000
0496bc27
3780006f
14913c27
00000000
04a6bc27
35a0006f
14a13c27
00000000
04b6bc27
37a0006f
14b13c27
00000000
04c6bc27
35c0006f
14c13c27
00000000
04d6bc27
37c0006f
14d13c27
00000000
04e6bc27
35e0006f
14e13c27
00000000
04f6bc27
37e0006f
14f13c27
00000000
0886bc27
3d00006f
15013c27
00000000
0896bc27
3f00006f
15113c27
00000000
08a6bc27
3d20006f
15213c27
00000000
08b6bc27
3f20006f
15313c27
00000000
08c6bc27
3d40006f
15413c27
00000000
08d6bc27
3f40006f
15513c27
00000000
08e6bc27
3d60006f
15613c27
00000000
08f6bc27
3f60006f
15713c27
00000000
0c86bc27
3d80006f
15813c27
00000000
0c96bc27
3f80006f
15913c27
00000000
0ca6bc27
3da0006f
15a13c27
00000000
0cb6bc27
3fa0006f
15b13c27
00000000
0cc6bc27
3dc0006f
15c13c27
00000000
0cd6bc27
3fc0006f
15d13c27
00000000
0ce6bc27
3de0006f
15e13c27
00000000
0cf6bc27
3fe0006f
15f13c27
00000000
00873c27
7100006f
18013c27
00000000
00973c27
7300006f
18113c27
00000000
00a73c27
7120006f
18213c27
00000000
00b73c27
7320006f
18313c27
00000000
00c73c27
7140006f
18413c27
00000000
00d73c27
7340006f
18513c27
00000000
00e73c27
7160006f
18613c27
00000000
00f73c27
7360006f
18713c27
00000000
04873c27
7180006f
18813c27
00000000
04973c27
7380006f
18913c27
00000000
04a73c27
71a0006f
18a13c27
00000000
04b73c27
73a0006f
18b13c27
00000000
04c73c27
71c0006f
18c13c27
00000000
04d73c27
73c0006f
18d13c27
00000000
04e73c27
71e0006f
18e13c27
00000000
04f73c27
73e0006f
18f13c27
00000000
08873c27
7900006f
19013c27
00000000
08973c27
7b00006f
19113c27
00000000
08a73c27
7920006f
19213c27
00000000
08b73c27
7b20006f
19313c27
00000000
08c73c27
7940006f
19413c27
00000000
08d73c27
7b40006f
19513c27
00000000
08e73c27
7960006f
19613c27
00000000
08f73c27
7b60006f
19713c27
00000000
0c873c27
7980006f
19813c27
00000000
0c973c27
7b80006f
19913c27
00000000
0ca73c27
79a0006f
19a13c27
00000000
0cb73c27
7ba0006f
19b13c27
00000000
0cc73c27
79c0006f
19c13c27
00000000
0cd73c27
7bc0006f
19d13c27
00000000
0ce73c27
79e0006f
19e13c27
00000000
0cf73c27
7be0006f
19f13c27
00000000
0087bc27
7500006f
1c013c27
00000000
0097bc27
7700006f
1c113c27
00000000
00a7bc27
7520006f
1c213c27
00000000
00b7bc27
7720006f
1c313c27
00000000
00c7bc27
7540006f
1c413c27
00000000
00d7bc27
7740006f
1c513c27
00000000
00e7bc27
7560006f
1c613c27
00000000
00f7bc27
7760006f
1c713c27
00000000
0487bc27
7580006f
1c813c27
00000000
0497bc27
7780006f
1c913c27
00000000
04a7bc27
75a0006f
1ca13c27
00000000
04b7bc27
77a0006f
1cb13c27
00000000
04c7bc27
75c0006f
1cc13c27
00000000
04d7bc27
77c0006f
1cd13c27
00000000
04e7bc27
75e0006f
1ce13c27
00000000
04f7bc27
77e0006f
1cf13c27
00000000
0887bc27
7d00006f
1d013c27
00000000
0897bc27
7f00006f
1d113c27
00000000
08a7bc27
7d20006f
1d213c27
00000000
08b7bc27
7f20006f
1d313c27
00000000
08c7bc27
7d40006f
1d413c27
00000000
08d7bc27
7f40006f
1d513c27
00000000
08e7bc27
7d60006f
1d613c27
00000000
08f7bc27
7f60006f
1d713c27
00000000
0c87bc27
7d80006f
1d813c27
00000000
0c97bc27
7f80006f
1d913c27
00000000
0ca7bc27
7da0006f
1da13c27
00000000
0cb7bc27
7fa0006f
1db13c27
00000000
0cc7bc27
7dc0006f
1dc13c27
00000000
0cd7bc27
7fc0006f
1dd13c27
00000000
0ce7bc27
7de0006f
1de13c27
00000000
0cf7bc27
7fe0006f
1df13c27
00000000
02843027
801ff06f
02013027
00000000
02943027
821ff06f
02113027
00000000
02a43027
803ff06f
02213027
00000000
02b43027
823ff06f
02313027
00000000
02c43027
805ff06f
02413027
00000000
02d43027
825ff06f
02513027
00000000
02e43027
807ff06f
02613027
00000000
02f43027
827ff06f
02713027
00000000
06843027
809ff06f
02813027
00000000
06943027
829ff06f
02913027
00000000
06a43027
80bff06f
02a13027
00000000
06b43027
82bff06f
02b13027
00000000
06c43027
80dff06f
02c13027
00000000
06d43027
82dff06f
02d13027
00000000
06e43027
80fff06f
02e13027
00000000
06f43027
82fff06f
02f13027
00000000
0a843027
881ff06f
03013027
00000000
0a943027
8a1ff06f
03113027
00000000
0aa43027
883ff06f
03213027
00000000
0ab43027
8a3ff06f
03313027
00000000
0ac43027
885ff06f
03413027
00000000
0ad43027
8a5ff06f
03513027
00000000
0ae43027
887ff06f
03613027
00000000
0af43027
8a7ff06f
03713027
00000000
0e843027
889ff06f
03813027
00000000
0e943027
8a9ff06f
03913027
00000000
0ea43027
88bff06f
03a13027
00000000
0eb43027
8abff06f
03b13027
00000000
0ec43027
88dff06f
03c13027
00000000
0ed43027
8adff06f
03d13027
00000000
0ee43027
88fff06f
03e13027
00000000
0ef43027
8afff06f
03f13027
00000000
0284b027
841ff06f
06013027
00000000
0294b027
861ff06f
06113027
00000000
02a4b027
843ff06f
06213027
00000000
02b4b027
863ff06f
06313027
00000000
02c4b027
845ff06f
06413027
00000000
02d4b027
865ff06f
06513027
00000000
02e4b027
847ff06f
06613027
00000000
02f4b027
867ff06f
06713027
00000000
0684b027
849ff06f
06813027
00000000
0694b027
869ff06f
06913027
00000000
06a4b027
84bff06f
06a13027
00000000
06b4b027
86bff06f
06b13027
00000000
06c4b027
84dff06f
06c13027
00000000
06d4b027
86dff06f
06d13027
00000000
06e4b027
84fff06f
06e13027
00000000
06f4b027
86fff06f
06f13027
00000000
0a84b027
8c1ff06f
07013027
00000000
0a94b027
8e1ff06f
07113027
00000000
0aa4b027
8c3ff06f
07213027
00000000
0ab4b027
8e3ff06f
07313027
00000000
0ac4b027
8c5ff06f
07413027
00000000
0ad4b027
8e5ff06f
07513027
00000000
0ae4b027
8c7ff06f
07613027
00000000
0af4b027
8e7ff06f
07713027
00000000
0e84b027
8c9ff06f
07813027
00000000
0e94b027
8e9ff06f
07913027
00000000
0ea4b027
8cbff06f
07a13027
00000000
0eb4b027
8ebff06f
07b13027
00000000
0ec4b027
8cdff06f
07c13027
00000000
0ed4b027
8edff06f
07d13027
00000000
0ee4b027
8cfff06f
07e13027
00000000
0ef4b027
8efff06f
07f13027
00000000
02853027
c01ff06f
0a013027
00000000
02953027
c21ff06f
0a113027
00000000
02a53027
c03ff06f
0a213027
00000000
02b53027
c23ff06f
0a313027
00000000
02c53027
c05ff06f
0a413027
00000000
02d53027
c25ff06f
0a513027
00000000
02e53027
c07ff06f
0a613027
00000000
02f53027
c27ff06f
0a713027
00000000
06853027
c09ff06f
0a813027
00000000
06953027
c29ff06f
0a913027
00000000
06a53027
c0bff06f
0aa13027
00000000
06b53027
c2bff06f
0ab13027
00000000
06c53027
c0dff06f
0ac13027
00000000
06d53027
c2dff06f
0ad13027
00000000
06e53027
c0fff06f
0ae13027
00000000
06f53027
c2fff06f
0af13027
00000000
0a853027
c81ff06f
0b013027
00000000
0a953027
ca1ff06f
0b113027
00000000
0aa53027
c83ff06f
0b213027
00000000
0ab53027
ca3ff06f
0b313027
00000000
0ac53027
c85ff06f
0b413027
00000000
0ad53027
ca5ff06f
0b513027
00000000
0ae53027
c87ff06f
0b613027
00000000
0af53027
ca7ff06f
0b713027
00000000
0e853027
c89ff06f
0b813027
00000000
0e953027
ca9ff06f
0b913027
00000000
0ea53027
c8bff06f
0ba13027
00000000
0eb53027
cabff06f
0bb13027
00000000
0ec53027
c8dff06f
0bc13027
00000000
0ed53027
cadff06f
0bd13027
00000000
0ee53027
c8fff06f
0be13027
00000000
0ef53027
cafff06f
0bf13027
00000000
0285b027
c41ff06f
0e013027
00000000
0295b027
c61ff06f
0e113027
00000000
02a5b027
c43ff06f
0e213027
00000000
02b5b027
c63ff06f
0e313027
00000000
02c5b027
c45ff06f
0e413027
00000000
02d5b027
c65ff06f
0e513027
00000000
02e5b027
c47ff06f
0e613027
00000000
02f5b027
c67ff06f
0e713027
00000000
0685b027
c49ff06f
0e813027
00000000
0695b027
c69ff06f
0e913027
00000000
06a5b027
c4bff06f
0ea13027
00000000
06b5b027
c6bff06f
0eb13027
00000000
06c5b027
c4dff06f
0ec13027
00000000
06d5b027
c6dff06f
0ed13027
00000000
06e5b027
c4fff06f
0ee13027
00000000
06f5b027
c6fff06f
0ef13027
00000000
0a85b027
cc1ff06f
0f013027
00000000
0a95b027
ce1ff06f
0f113027
00000000
0aa5b027
cc3ff06f
0f213027
00000000
0ab5b027
ce3ff06f
0f313027
00000000
0ac5b027
cc5ff06f
0f413027
00000000
0ad5b027
ce5ff06f
0f513027
00000000
0ae5b027
cc7ff06f
0f613027
00000000
0af5b027
ce7ff06f
0f713027
00000000
0e85b027
cc9ff06f
0f813027
00000000
0e95b027
ce9ff06f
0f913027
00000000
0ea5b027
ccbff06f
0fa13027
00000000
0eb5b027
cebff06f
0fb13027
00000000
0ec5b027
ccdff06f
0fc13027
00000000
0ed5b027
cedff06f
0fd13027
00000000
0ee5b027
ccfff06f
0fe13027
00000000
0ef5b027
cefff06f
0ff13027
00000000
02863027
901ff06f
12013027
00000000
02963027
921ff06f
12113027
00000000
02a63027
903ff06f
12213027
00000000
02b63027
923ff06f
12313027
00000000
02c63027
905ff06f
12413027
00000000
02d63027
925ff06f
12513027
00000000
02e63027
907ff06f
12613027
00000000
02f63027
927ff06f
12713027
00000000
06863027
909ff06f
12813027
00000000
06963027
929ff06f
12913027
00000000
06a63027
90bff06f
12a13027
00000000
06b63027
92bff06f
12b13027
00000000
06c63027
90dff06f
12c13027
00000000
06d63027
92dff06f
12d13027
00000000
06e63027
90fff06f
12e13027
00000000
06f63027
92fff06f
12f13027
00000000
0a863027
981ff06f
13013027
00000000
0a963027
9a1ff06f
13113027
00000000
0aa63027
983ff06f
13213027
00000000
0ab63027
9a3ff06f
13313027
00000000
0ac63027
985ff06f
13413027
00000000
0ad63027
9a5ff06f
13513027
00000000
0ae63027
987ff06f
13613027
00000000
0af63027
9a7ff06f
13713027
00000000
0e863027
989ff06f
13813027
00000000
0e963027
9a9ff06f
13913027
00000000
0ea63027
98bff06f
13a13027
00000000
0eb63027
9abff06f
13b13027
00000000
0ec63027
98dff06f
13c13027
00000000
0ed63027
9adff06f
13d13027
00000000
0ee63027
98fff06f
13e13027
00000000
0ef63027
9afff06f
13f13027
00000000
0286b027
941ff06f
16013027
00000000
0296b027
961ff06f
16113027
00000000
02a6b027
943ff06f
16213027
00000000
02b6b027
963ff06f
16313027
00000000
02c6b027
945ff06f
16413027
00000000
02d6b027
965ff06f
16513027
00000000
02e6b027
947ff06f
16613027
00000000
02f6b027
967ff06f
16713027
00000000
0686b027
949ff06f
16813027
00000000
0696b027
969ff06f
16913027
00000000
06a6b027
94bff06f
16a13027
00000000
06b6b027
96bff06f
16b13027
00000000
06c6b027
94dff06f
16c13027
00000000
06d6b027
96dff06f
16d13027
00000000
06e6b027
94fff06f
16e13027
00000000
06f6b027
96fff06f
16f13027
00000000
0a86b027
9c1ff06f
17013027
00000000
0a96b027
9e1ff06f
17113027
00000000
0aa6b027
9c3ff06f
17213027
00000000
0ab6b027
9e3ff06f
17313027
00000000
0ac6b027
9c5ff06f
17413027
00000000
0ad6b027
9e5ff06f
17513027
00000000
0ae6b027
9c7ff06f
17613027
00000000
0af6b027
9e7ff06f
17713027
00000000
0e86b027
9c9ff06f
17813027
00000000
0e96b027
9e9ff06f
17913027
00000000
0ea6b027
9cbff06f
17a13027
00000000
0eb6b027
9ebff06f
17b13027
00000000
0ec6b027
9cdff06f
17c13027
00000000
0ed6b027
9edff06f
17d13027
00000000
0ee6b027
9cfff06f
17e13027
00000000
0ef6b027
9efff06f
17f13027
00000000
02873027
d01ff06f
1a013027
00000000
02973027
d21ff06f
1a113027
00000000
02a73027
d03ff06f
1a213027
00000000
02b73027
d23ff06f
1a313027
00000000
02c73027
d05ff06f
1a413027
00000000
02d73027
d25ff06f
1a513027
00000000
02e73027
d07ff06f
1a613027
00000000
02f73027
d27ff06f
1a713027
00000000
06873027
d09ff06f
1a813027
00000000
06973027
d29ff06f
1a913027
00000000
06a73027
d0bff06f
1aa13027
00000000
06b73027
d2bff06f
1ab13027
00000000
06c73027
d0dff06f
1ac13027
00000000
06d73027
d2dff06f
1ad13027
00000000
06e73027
d0fff06f
1ae13027
00000000
06f73027
d2fff06f
1af13027
00000000
0a873027
d81ff06f
1b013027
00000000
0a973027
da1ff06f
1b113027
00000000
0aa73027
d83ff06f
1b213027
00000000
0ab73027
da3ff06f
1b313027
00000000
0ac73027
d85ff06f
1b413027
00000000
0ad73027
da5ff06f
1b513027
00000000
0ae73027
d87ff06f
1b613027
00000000
0af73027
da7ff06f
1b713027
00000000
0e873027
d89ff06f
1b813027
00000000
0e973027
da9ff06f
1b913027
00000000
0ea73027
d8bff06f
1ba13027
00000000
0eb73027
dabff06f
1bb13027
00000000
0ec73027
d8dff06f
1bc13027
00000000
0ed73027
dadff06f
1bd13027
00000000
0ee73027
d8fff06f
1be13027
00000000
0ef73027
dafff06f
1bf13027
00000000
0287b027
d41ff06f
1e013027
00000000
0297b027
d61ff06f
1e113027
00000000
02a7b027
d43ff06f
1e213027
00000000
02b7b027
d63ff06f
1e313027
00000000
02c7b027
d45ff06f
1e413027
00000000
02d7b027
d65ff06f
1e513027
00000000
02e7b027
d47ff06f
1e613027
00000000
02f7b027
d67ff06f
1e713027
00000000
0687b027
d49ff06f
1e813027
00000000
0697b027
d69ff06f
1e913027
00000000
06a7b027
d4bff06f
1ea13027
00000000
06b7b027
d6bff06f
1eb13027
00000000
06c7b027
d4dff06f
1ec13027
00000000
06d7b027
d6dff06f
1ed13027
00000000
06e7b027
d4fff06f
1ee13027
00000000
06f7b027
d6fff06f
1ef13027
00000000
0a87b027
dc1ff06f
1f013027
00000000
0a97b027
de1ff06f
1f113027
00000000
0aa7b027
dc3ff06f
1f213027
00000000
0ab7b027
de3ff06f
1f313027
00000000
0ac7b027
dc5ff06f
1f413027
00000000
0ad7b027
de5ff06f
1f513027
00000000
0ae7b027
dc7ff06f
1f613027
00000000
0af7b027
de7ff06f
1f713027
00000000
0e87b027
dc9ff06f
1f813027
00000000
0e97b027
de9ff06f
1f913027
00000000
0ea7b027
dcbff06f
1fa13027
00000000
0eb7b027
debff06f
1fb13027
00000000
0ec7b027
dcdff06f
1fc13027
00000000
0ed7b027
dedff06f
1fd13027
00000000
0ee7b027
dcfff06f
1fe13027
00000000
0ef7b027
defff06f
1ff13027
00000000
02843427
a01ff06f
02013427
00000000
02943427
a21ff06f
02113427
00000000
02a43427
a03ff06f
02213427
00000000
02b43427
a23ff06f
02313427
00000000
02c43427
a05ff06f
02413427
00000000
02d43427
a25ff06f
02513427
00000000
02e43427
a07ff06f
02613427
00000000
02f43427
a27ff06f
02713427
00000000
06843427
a09ff06f
02813427
00000000
06943427
a29ff06f
02913427
00000000
06a43427
a0bff06f
02a13427
00000000
06b43427
a2bff06f
02b13427
00000000
06c43427
a0dff06f
02c13427
00000000
06d43427
a2dff06f
02d13427
00000000
06e43427
a0fff06f
02e13427
00000000
06f43427
a2fff06f
02f13427
00000000
0a843427
a81ff06f
03013427
00000000
0a943427
aa1ff06f
03113427
00000000
0aa43427
a83ff06f
03213427
00000000
0ab43427
aa3ff06f
03313427
00000000
0ac43427
a85ff06f
03413427
00000000
0ad43427
aa5ff06f
03513427
00000000
0ae43427
a87ff06f
03613427
00000000
0af43427
aa7ff06f
03713427
00000000
0e843427
a89ff06f
03813427
00000000
0e943427
aa9ff06f
03913427
00000000
0ea43427
a8bff06f
03a13427
00000000
0eb43427
aabff06f
03b13427
00000000
0ec43427
a8dff06f
03c13427
00000000
0ed43427
aadff06f
03d13427
00000000
0ee43427
a8fff06f
03e13427
00000000
0ef43427
aafff06f
03f13427
00000000
0284b427
a41ff06f
06013427
00000000
0294b427
a61ff06f
06113427
00000000
02a4b427
a43ff06f
06213427
00000000
02b4b427
a63ff06f
06313427
00000000
02c4b427
a45ff06f
06413427
00000000
02d4b427
a65ff06f
06513427
00000000
02e4b427
a47ff06f
06613427
00000000
02f4b427
a67ff06f
06713427
00000000
0684b427
a49ff06f
06813427
00000000
0694b427
a69ff06f
06913427
00000000
06a4b427
a4bff06f
06a13427
00000000
06b4b427
a6bff06f
06b13427
00000000
06c4b427
a4dff06f
06c13427
00000000
06d4b427
a6dff06f
06d13427
00000000
06e4b427
a4fff06f
06e13427
00000000
06f4b427
a6fff06f
06f13427
00000000
0a84b427
ac1ff06f
07013427
00000000
0a94b427
ae1ff06f
07113427
00000000
0aa4b427
ac3ff06f
07213427
00000000
0ab4b427
ae3ff06f
07313427
00000000
0ac4b427
ac5ff06f
07413427
00000000
0ad4b427
ae5ff06f
07513427
00000000
0ae4b427
ac7ff06f
07613427
00000000
0af4b427
ae7ff06f
07713427
00000000
0e84b427
ac9ff06f
07813427
00000000
0e94b427
ae9ff06f
07913427
00000000
0ea4b427
acbff06f
07a13427
00000000
0eb4b427
aebff06f
07b13427
00000000
0ec4b427
acdff06f
07c13427
00000000
0ed4b427
aedff06f
07d13427
00000000
0ee4b427
acfff06f
07e13427
00000000
0ef4b427
aefff06f
07f13427
00000000
02853427
e01ff06f
0a013427
00000000
02953427
e21ff06f
0a113427
00000000
02a53427
e03ff06f
0a213427
00000000
02b53427
e23ff06f
0a313427
00000000
02c53427
e05ff06f
0a413427
00000000
02d53427
e25ff06f
0a513427
00000000
02e53427
e07ff06f
0a613427
00000000
02f53427
e27ff06f
0a713427
00000000
06853427
e09ff06f
0a813427
00000000
06953427
e29ff06f
0a913427
00000000
06a53427
e0bff06f
0aa13427
00000000
06b53427
e2bff06f
0ab13427
00000000
06c53427
e0dff06f
0ac13427
00000000
06d53427
e2dff06f
0ad13427
00000000
06e53427
e0fff06f
0ae13427
00000000
06f53427
e2fff06f
0af13427
00000000
0a853427
e81ff06f
0b013427
00000000
0a953427
ea1ff06f
0b113427
00000000
0aa53427
e83ff06f
0b213427
00000000
0ab53427
ea3ff06f
0b313427
00000000
0ac53427
e85ff06f
0b413427
00000000
0ad53427
ea5ff06f
0b513427
00000000
0ae53427
e87ff06f
0b613427
00000000
0af53427
ea7ff06f
0b713427
00000000
0e853427
e89ff06f
0b813427
00000000
0e953427
ea9ff06f
0b913427
00000000
0ea53427
e8bff06f
0ba13427
00000000
0eb53427
eabff06f
0bb13427
00000000
0ec53427
e8dff06f
0bc13427
00000000
0ed53427
eadff06f
0bd13427
00000000
0ee53427
e8fff06f
0be13427
00000000
0ef53427
eafff06f
0bf13427
00000000
0285b427
e41ff06f
0e013427
00000000
0295b427
e61ff06f
0e113427
00000000
02a5b427
e43ff06f
0e213427
00000000
02b5b427
e63ff06f
0e313427
00000000
02c5b427
e45ff06f
0e413427
00000000
02d5b427
e65ff06f
0e513427
00000000
02e5b427
e47ff06f
0e613427
00000000
02f5b427
e67ff06f
0e713427
00000000
0685b427
e49ff06f
0e813427
00000000
0695b427
e69ff06f
0e913427
00000000
06a5b427
e4bff06f
0ea13427
00000000
06b5b427
e6bff06f
0eb13427
00000000
06c5b427
e4dff06f
0ec13427
00000000
06d5b427
e6dff06f
0ed13427
00000000
06e5b427
e4fff06f
0ee13427
00000000
06f5b427
e6fff06f
0ef13427
00000000
0a85b427
ec1ff06f
0f013427
00000000
0a95b427
ee1ff06f
0f113427
00000000
0aa5b427
ec3ff06f
0f213427
00000000
0ab5b427
ee3ff06f
0f313427
00000000
0ac5b427
ec5ff06f
0f413427
00000000
0ad5b427
ee5ff06f
0f513427
00000000
0ae5b427
ec7ff06f
0f613427
00000000
0af5b427
ee7ff06f
0f713427
00000000
0e85b427
ec9ff06f
0f813427
00000000
0e95b427
ee9ff06f
0f913427
00000000
0ea5b427
ecbff06f
0fa13427
00000000
0eb5b427
eebff06f
0fb13427
00000000
0ec5b427
ecdff06f
0fc13427
00000000
0ed5b427
eedff06f
0fd13427
00000000
0ee5b427
ecfff06f
0fe13427
00000000
0ef5b427
eefff06f
0ff13427
00000000
02863427
b01ff06f
12013427
00000000
02963427
b21ff06f
12113427
00000000
02a63427
b03ff06f
12213427
00000000
02b63427
b23ff06f
12313427
00000000
02c63427
b05ff06f
12413427
00000000
02d63427
b25ff06f
12513427
00000000
02e63427
b07ff06f
12613427
00000000
02f63427
b27ff06f
12713427
00000000
06863427
b09ff06f
12813427
00000000
06963427
b29ff06f
12913427
00000000
06a63427
b0bff06f
12a13427
00000000
06b63427
b2bff06f
12b13427
00000000
06c63427
b0dff06f
12c13427
00000000
06d63427
b2dff06f
12d13427
00000000
06e63427
b0fff06f
12e13427
00000000
06f63427
b2fff06f
12f13427
00000000
0a863427
b81ff06f
13013427
00000000
0a963427
ba1ff06f
13113427
00000000
0aa63427
b83ff06f
13213427
00000000
0ab63427
ba3ff06f
13313427
00000000
0ac63427
b85ff06f
13413427
00000000
0ad63427
ba5ff06f
13513427
00000000
0ae63427
b87ff06f
13613427
00000000
0af63427
ba7ff06f
13713427
00000000
0e863427
b89ff06f
13813427
00000000
0e963427
ba9ff06f
13913427
00000000
0ea63427
b8bff06f
13a13427
00000000
0eb63427
babff06f
13b13427
00000000
0ec63427
b8dff06f
13c13427
00000000
0ed63427
badff06f
13d13427
00000000
0ee63427
b8fff06f
13e13427
00000000
0ef63427
bafff06f
13f13427
00000000
0286b427
b41ff06f
16013427
00000000
0296b427
b61ff06f
16113427
00000000
02a6b427
b43ff06f
16213427
00000000
02b6b427
b63ff06f
16313427
00000000
02c6b427
b45ff06f
16413427
00000000
02d6b427
b65ff06f
16513427
00000000
02e6b427
b47ff06f
16613427
00000000
02f6b427
b67ff06f
16713427
00000000
0686b427
b49ff06f
16813427
00000000
0696b427
b69ff06f
16913427
00000000
06a6b427
b4bff06f
16a13427
00000000
06b6b427
b6bff06f
16b13427
00000000
06c6b427
b4dff06f
16c13427
00000000
06d6b427
b6dff06f
16d13427
00000000
06e6b427
b4fff06f
16e13427
00000000
06f6b427
b6fff06f
16f13427
00000000
0a86b427
bc1ff06f
17013427
00000000
0a96b427
be1ff06f
17113427
00000000
0aa6b427
bc3ff06f
17213427
00000000
0ab6b427
be3ff06f
17313427
00000000
0ac6b427
bc5ff06f
17413427
00000000
0ad6b427
be5ff06f
17513427
00000000
0ae6b427
bc7ff06f
17613427
00000000
0af6b427
be7ff06f
17713427
00000000
0e86b427
bc9ff06f
17813427
00000000
0e96b427
be9ff06f
17913427
00000000
0ea6b427
bcbff06f
17a13427
00000000
0eb6b427
bebff06f
17b13427
00000000
0ec6b427
bcdff06f
17c13427
00000000
0ed6b427
bedff06f
17d13427
00000000
0ee6b427
bcfff06f
17e13427
00000000
0ef6b427
befff06f
17f13427
00000000
02873427
f01ff06f
1a013427
00000000
02973427
f21ff06f
1a113427
00000000
02a73427
f03ff06f
1a213427
00000000
02b73427
f23ff06f
1a313427
00000000
02c73427
f05ff06f
1a413427
00000000
02d73427
f25ff06f
1a513427
00000000
02e73427
f07ff06f
1a613427
00000000
02f73427
f27ff06f
1a713427
00000000
06873427
f09ff06f
1a813427
00000000
06973427
f29ff06f
1a913427
00000000
06a73427
f0bff06f
1aa13427
00000000
06b73427
f2bff06f
1ab13427
00000000
06c73427
f0dff06f
1ac13427
00000000
06d73427
f2dff06f
1ad13427
00000000
06e73427
f0fff06f
1ae13427
00000000
06f73427
f2fff06f
1af13427
00000000
0a873427
f81ff06f
1b013427
00000000
0a973427
fa1ff06f
1b113427
00000000
0aa73427
f83ff06f
1b213427
00000000
0ab73427
fa3ff06f
1b313427
00000000
0ac73427
f85ff06f
1b413427
00000000
0ad73427
fa5ff06f
1b513427
00000000
0ae73427
f87ff06f
1b613427
00000000
0af73427
fa7ff06f
1b713427
00000000
0e873427
f89ff06f
1b813427
00000000
0e973427
fa9ff06f
1b913427
00000000
0ea73427
f8bff06f
1ba13427
00000000
0eb73427
fabff06f
1bb13427
00000000
0ec73427
f8dff06f
1bc13427
00000000
0ed73427
fadff06f
1bd13427
00000000
0ee73427
f8fff06f
1be13427
00000000
0ef73427
fafff06f
1bf13427
00000000
0287b427
f41ff06f
1e013427
00000000
0297b427
f61ff06f
1e113427
00000000
02a7b427
f43ff06f
1e213427
00000000
02b7b427
f63ff06f
1e313427
00000000
02c7b427
f45ff06f
1e413427
00000000
02d7b427
f65ff06f
1e513427
00000000
02e7b427
f47ff06f
1e613427
00000000
02f7b427
f67ff06f
1e713427
00000000
0687b427
f49ff06f
1e813427
00000000
0697b427
f69ff06f
1e913427
00000000
06a7b427
f4bff06f
1ea13427
00000000
06b7b427
f6bff06f
1eb13427
00000000
06c7b427
f4dff06f
1ec13427
00000000
06d7b427
f6dff06f
1ed13427
00000000
06e7b427
f4fff06f
1ee13427
00000000
06f7b427
f6fff06f
1ef13427
00000000
0a87b427
fc1ff06f
1f013427
00000000
0a97b427
fe1ff06f
1f113427
00000000
0aa7b427
fc3ff06f
1f213427
00000000
0ab7b427
fe3ff06f
1f313427
00000000
0ac7b427
fc5ff06f
1f413427
00000000
0ad7b427
fe5ff06f
1f513427
00000000
0ae7b427
fc7ff06f
1f613427
00000000
0af7b427
fe7ff06f
1f713427
00000000
0e87b427
fc9ff06f
1f813427
00000000
0e97b427
fe9ff06f
1f913427
00000000
0ea7b427
fcbff06f
1fa13427
00000000
0eb7b427
febff06f
1fb13427
00000000
0ec7b427
fcdff06f
1fc13427
00000000
0ed7b427
fedff06f
1fd13427
00000000
0ee7b427
fcfff06f
1fe13427
00000000
0ef7b427
fefff06f
1ff13427
00000000
02843827
811ff06f
02013827
00000000
02943827
831ff06f
02113827
00000000
02a43827
813ff06f
02213827
00000000
02b43827
833ff06f
02313827
00000000
02c43827
815ff06f
02413827
00000000
02d43827
835ff06f
02513827
00000000
02e43827
817ff06f
02613827
00000000
02f43827
837ff06f
02713827
00000000
06843827
819ff06f
02813827
00000000
06943827
839ff06f
02913827
00000000
06a43827
81bff06f
02a13827
00000000
06b43827
83bff06f
02b13827
00000000
06c43827
81dff06f
02c13827
00000000
06d43827
83dff06f
02d13827
00000000
06e43827
81fff06f
02e13827
00000000
06f43827
83fff06f
02f13827
00000000
0a843827
891ff06f
03013827
00000000
0a943827
8b1ff06f
03113827
00000000
0aa43827
893ff06f
03213827
00000000
0ab43827
8b3ff06f
03313827
00000000
0ac43827
895ff06f
03413827
00000000
0ad43827
8b5ff06f
03513827
00000000
0ae43827
897ff06f
03613827
00000000
0af43827
8b7ff06f
03713827
00000000
0e843827
899ff06f
03813827
00000000
0e943827
8b9ff06f
03913827
00000000
0ea43827
89bff06f
03a13827
00000000
0eb43827
8bbff06f
03b13827
00000000
0ec43827
89dff06f
03c13827
00000000
0ed43827
8bdff06f
03d13827
00000000
0ee43827
89fff06f
03e13827
00000000
0ef43827
8bfff06f
03f13827
00000000
0284b827
851ff06f
06013827
00000000
0294b827
871ff06f
06113827
00000000
02a4b827
853ff06f
06213827
00000000
02b4b827
873ff06f
06313827
00000000
02c4b827
855ff06f
06413827
00000000
02d4b827
875ff06f
06513827
00000000
02e4b827
857ff06f
06613827
00000000
02f4b827
877ff06f
06713827
00000000
0684b827
859ff06f
06813827
00000000
0694b827
879ff06f
06913827
00000000
06a4b827
85bff06f
06a13827
00000000
06b4b827
87bff06f
06b13827
00000000
06c4b827
85dff06f
06c13827
00000000
06d4b827
87dff06f
06d13827
00000000
06e4b827
85fff06f
06e13827
00000000
06f4b827
87fff06f
06f13827
00000000
0a84b827
8d1ff06f
07013827
00000000
0a94b827
8f1ff06f
07113827
00000000
0aa4b827
8d3ff06f
07213827
00000000
0ab4b827
8f3ff06f
07313827
00000000
0ac4b827
8d5ff06f
07413827
00000000
0ad4b827
8f5ff06f
07513827
00000000
0ae4b827
8d7ff06f
07613827
00000000
0af4b827
8f7ff06f
07713827
00000000
0e84b827
8d9ff06f
07813827
00000000
0e94b827
8f9ff06f
07913827
00000000
0ea4b827
8dbff06f
07a13827
00000000
0eb4b827
8fbff06f
07b13827
00000000
0ec4b827
8ddff06f
07c13827
00000000
0ed4b827
8fdff06f
07d13827
00000000
0ee4b827
8dfff06f
07e13827
00000000
0ef4b827
8ffff06f
07f13827
00000000
02853827
c11ff06f
0a013827
00000000
02953827
c31ff06f
0a113827
00000000
02a53827
c13ff06f
0a213827
00000000
02b53827
c33ff06f
0a313827
00000000
02c53827
c15ff06f
0a413827
00000000
02d53827
c35ff06f
0a513827
00000000
02e53827
c17ff06f
0a613827
00000000
02f53827
c37ff06f
0a713827
00000000
06853827
c19ff06f
0a813827
00000000
06953827
c39ff06f
0a913827
00000000
06a53827
c1bff06f
0aa13827
00000000
06b53827
c3bff06f
0ab13827
00000000
06c53827
c1dff06f
0ac13827
00000000
06d53827
c3dff06f
0ad13827
00000000
06e53827
c1fff06f
0ae13827
00000000
06f53827
c3fff06f
0af13827
00000000
0a853827
c91ff06f
0b013827
00000000
0a953827
cb1ff06f
0b113827
00000000
0aa53827
c93ff06f
0b213827
00000000
0ab53827
cb3ff06f
0b313827
00000000
0ac53827
c95ff06f
0b413827
00000000
0ad53827
cb5ff06f
0b513827
00000000
0ae53827
c97ff06f
0b613827
00000000
0af53827
cb7ff06f
0b713827
00000000
0e853827
c99ff06f
0b813827
00000000
0e953827
cb9ff06f
0b913827
00000000
0ea53827
c9bff06f
0ba13827
00000000
0eb53827
cbbff06f
0bb13827
00000000
0ec53827
c9dff06f
0bc13827
00000000
0ed53827
cbdff06f
0bd13827
00000000
0ee53827
c9fff06f
0be13827
00000000
0ef53827
cbfff06f
0bf13827
00000000
0285b827
c51ff06f
0e013827
00000000
0295b827
c71ff06f
0e113827
00000000
02a5b827
c53ff06f
0e213827
00000000
02b5b827
c73ff06f
0e313827
00000000
02c5b827
c55ff06f
0e413827
00000000
02d5b827
c75ff06f
0e513827
00000000
02e5b827
c57ff06f
0e613827
00000000
02f5b827
c77ff06f
0e713827
00000000
0685b827
c59ff06f
0e813827
00000000
0695b827
c79ff06f
0e913827
00000000
06a5b827
c5bff06f
0ea13827
00000000
06b5b827
c7bff06f
0eb13827
00000000
06c5b827
c5dff06f
0ec13827
00000000
06d5b827
c7dff06f
0ed13827
00000000
06e5b827
c5fff06f
0ee13827
00000000
06f5b827
c7fff06f
0ef13827
00000000
0a85b827
cd1ff06f
0f013827
00000000
0a95b827
cf1ff06f
0f113827
00000000
0aa5b827
cd3ff06f
0f213827
00000000
0ab5b827
cf3ff06f
0f313827
00000000
0ac5b827
cd5ff06f
0f413827
00000000
0ad5b827
cf5ff06f
0f513827
00000000
0ae5b827
cd7ff06f
0f613827
00000000
0af5b827
cf7ff06f
0f713827
00000000
0e85b827
cd9ff06f
0f813827
00000000
0e95b827
cf9ff06f
0f913827
00000000
0ea5b827
cdbff06f
0fa13827
00000000
0eb5b827
cfbff06f
0fb13827
00000000
0ec5b827
cddff06f
0fc13827
00000000
0ed5b827
cfdff06f
0fd13827
00000000
0ee5b827
cdfff06f
0fe13827
00000000
0ef5b827
cffff06f
0ff13827
00000000
02863827
911ff06f
12013827
00000000
02963827
931ff06f
12113827
00000000
02a63827
913ff06f
12213827
00000000
02b63827
933ff06f
12313827
00000000
02c63827
915ff06f
12413827
00000000
02d63827
935ff06f
12513827
00000000
02e63827
917ff06f
12613827
00000000
02f63827
937ff06f
12713827
00000000
06863827
919ff06f
12813827
00000000
06963827
939ff06f
12913827
00000000
06a63827
91bff06f
12a13827
00000000
06b63827
93bff06f
12b13827
00000000
06c63827
91dff06f
12c13827
00000000
06d63827
93dff06f
12d13827
00000000
06e63827
91fff06f
12e13827
00000000
06f63827
93fff06f
12f13827
00000000
0a863827
991ff06f
13013827
00000000
0a963827
9b1ff06f
13113827
00000000
0aa63827
993ff06f
13213827
00000000
0ab63827
9b3ff06f
13313827
00000000
0ac63827
995ff06f
13413827
00000000
0ad63827
9b5ff06f
13513827
00000000
0ae63827
997ff06f
13613827
00000000
0af63827
9b7ff06f
13713827
00000000
0e863827
999ff06f
13813827
00000000
0e963827
9b9ff06f
13913827
00000000
0ea63827
99bff06f
13a13827
00000000
0eb63827
9bbff06f
13b13827
00000000
0ec63827
99dff06f
13c13827
00000000
0ed63827
9bdff06f
13d13827
00000000
0ee63827
99fff06f
13e13827
00000000
0ef63827
9bfff06f
13f13827
00000000
0286b827
951ff06f
16013827
00000000
0296b827
971ff06f
16113827
00000000
02a6b827
953ff06f
16213827
00000000
02b6b827
973ff06f
16313827
00000000
02c6b827
955ff06f
16413827
00000000
02d6b827
975ff06f
16513827
00000000
02e6b827
957ff06f
16613827
00000000
02f6b827
977ff06f
16713827
00000000
0686b827
959ff06f
16813827
00000000
0696b827
979ff06f
16913827
00000000
06a6b827
95bff06f
16a13827
00000000
06b6b827
97bff06f
16b13827
00000000
06c6b827
95dff06f
16c13827
00000000
06d6b827
97dff06f
16d13827
00000000
06e6b827
95fff06f
16e13827
00000000
06f6b827
97fff06f
16f13827
00000000
0a86b827
9d1ff06f
17013827
00000000
0a96b827
9f1ff06f
17113827
00000000
0aa6b827
9d3ff06f
17213827
00000000
0ab6b827
9f3ff06f
17313827
00000000
0ac6b827
9d5ff06f
17413827
00000000
0ad6b827
9f5ff06f
17513827
00000000
0ae6b827
9d7ff06f
17613827
00000000
0af6b827
9f7ff06f
17713827
00000000
0e86b827
9d9ff06f
17813827
00000000
0e96b827
9f9ff06f
17913827
00000000
0ea6b827
9dbff06f
17a13827
00000000
0eb6b827
9fbff06f
17b13827
00000000
0ec6b827
9ddff06f
17c13827
00000000
0ed6b827
9fdff06f
17d13827
00000000
0ee6b827
9dfff06f
17e13827
00000000
0ef6b827
9ffff06f
17f13827
00000000
02873827
d11ff06f
1a013827
00000000
02973827
d31ff06f
1a113827
00000000
02a73827
d13ff06f
1a213827
00000000
02b73827
d33ff06f
1a313827
00000000
02c73827
d15ff06f
1a413827
00000000
02d73827
d35ff06f
1a513827
00000000
02e73827
d17ff06f
1a613827
00000000
02f73827
d37ff06f
1a713827
00000000
06873827
d19ff06f
1a813827
00000000
06973827
d39ff06f
1a913827
00000000
06a73827
d1bff06f
1aa13827
00000000
06b73827
d3bff06f
1ab13827
00000000
06c73827
d1dff06f
1ac13827
00000000
06d73827
d3dff06f
1ad13827
00000000
06e73827
d1fff06f
1ae13827
00000000
06f73827
d3fff06f
1af13827
00000000
0a873827
d91ff06f
1b013827
00000000
0a973827
db1ff06f
1b113827
00000000
0aa73827
d93ff06f
1b213827
00000000
0ab73827
db3ff06f
1b313827
00000000
0ac73827
d95ff06f
1b413827
00000000
0ad73827
db5ff06f
1b513827
00000000
0ae73827
d97ff06f
1b613827
00000000
0af73827
db7ff06f
1b713827
00000000
0e873827
d99ff06f
1b813827
00000000
0e973827
db9ff06f
1b913827
00000000
0ea73827
d9bff06f
1ba13827
00000000
0eb73827
dbbff06f
1bb13827
00000000
0ec73827
d9dff06f
1bc13827
00000000
0ed73827
dbdff06f
1bd13827
00000000
0ee73827
d9fff06f
1be13827
00000000
0ef73827
dbfff06f
1bf13827
00000000
0287b827
d51ff06f
1e013827
00000000
0297b827
d71ff06f
1e113827
00000000
02a7b827
d53ff06f
1e213827
00000000
02b7b827
d73ff06f
1e313827
00000000
02c7b827
d55ff06f
1e413827
00000000
02d7b827
d75ff06f
1e513827
00000000
02e7b827
d57ff06f
1e613827
00000000
02f7b827
d77ff06f
1e713827
00000000
0687b827
d59ff06f
1e813827
00000000
0697b827
d79ff06f
1e913827
00000000
06a7b827
d5bff06f
1ea13827
00000000
06b7b827
d7bff06f
1eb13827
00000000
06c7b827
d5dff06f
1ec13827
00000000
06d7b827
d7dff06f
1ed13827
00000000
06e7b827
d5fff06f
1ee13827
00000000
06f7b827
d7fff06f
1ef13827
00000000
0a87b827
dd1ff06f
1f013827
00000000
0a97b827
df1ff06f
1f113827
00000000
0aa7b827
dd3ff06f
1f213827
00000000
0ab7b827
df3ff06f
1f313827
00000000
0ac7b827
dd5ff06f
1f413827
00000000
0ad7b827
df5ff06f
1f513827
00000000
0ae7b827
dd7ff06f
1f613827
00000000
0af7b827
df7ff06f
1f713827
00000000
0e87b827
dd9ff06f
1f813827
00000000
0e97b827
df9ff06f
1f913827
00000000
0ea7b827
ddbff06f
1fa13827
00000000
0eb7b827
dfbff06f
1fb13827
00000000
0ec7b827
dddff06f
1fc13827
00000000
0ed7b827
dfdff06f
1fd13827
00000000
0ee7b827
ddfff06f
1fe13827
00000000
0ef7b827
dffff06f
1ff13827
00000000
02843c27
a11ff06f
02013c27
00000000
02943c27
a31ff06f
02113c27
00000000
02a43c27
a13ff06f
02213c27
00000000
02b43c27
a33ff06f
02313c27
00000000
02c43c27
a15ff06f
02413c27
00000000
02d43c27
a35ff06f
02513c27
00000000
02e43c27
a17ff06f
02613c27
00000000
02f43c27
a37ff06f
02713c27
00000000
06843c27
a19ff06f
02813c27
00000000
06943c27
a39ff06f
02913c27
00000000
06a43c27
a1bff06f
02a13c27
00000000
06b43c27
a3bff06f
02b13c27
00000000
06c43c27
a1dff06f
02c13c27
00000000
06d43c27
a3dff06f
02d13c27
00000000
06e43c27
a1fff06f
02e13c27
00000000
06f43c27
a3fff06f
02f13c27
00000000
0a843c27
a91ff06f
03013c27
00000000
0a943c27
ab1ff06f
03113c27
00000000
0aa43c27
a93ff06f
03213c27
00000000
0ab43c27
ab3ff06f
03313c27
00000000
0ac43c27
a95ff06f
03413c27
00000000
0ad43c27
ab5ff06f
03513c27
00000000
0ae43c27
a97ff06f
03613c27
00000000
0af43c27
ab7ff06f
03713c27
00000000
0e843c27
a99ff06f
03813c27
00000000
0e943c27
ab9ff06f
03913c27
00000000
0ea43c27
a9bff06f
03a13c27
00000000
0eb43c27
abbff06f
03b13c27
00000000
0ec43c27
a9dff06f
03c13c27
00000000
0ed43c27
abdff06f
03d13c27
00000000
0ee43c27
a9fff06f
03e13c27
00000000
0ef43c27
abfff06f
03f13c27
00000000
0284bc27
a51ff06f
06013c27
00000000
0294bc27
a71ff06f
06113c27
00000000
02a4bc27
a53ff06f
06213c27
00000000
02b4bc27
a73ff06f
06313c27
00000000
02c4bc27
a55ff06f
06413c27
00000000
02d4bc27
a75ff06f
06513c27
00000000
02e4bc27
a57ff06f
06613c27
00000000
02f4bc27
a77ff06f
06713c27
00000000
0684bc27
a59ff06f
06813c27
00000000
0694bc27
a79ff06f
06913c27
00000000
06a4bc27
a5bff06f
06a13c27
00000000
06b4bc27
a7bff06f
06b13c27
00000000
06c4bc27
a5dff06f
06c13c27
00000000
06d4bc27
a7dff06f
06d13c27
00000000
06e4bc27
a5fff06f
06e13c27
00000000
06f4bc27
a7fff06f
06f13c27
00000000
0a84bc27
ad1ff06f
07013c27
00000000
0a94bc27
af1ff06f
07113c27
00000000
0aa4bc27
ad3ff06f
07213c27
00000000
0ab4bc27
af3ff06f
07313c27
00000000
0ac4bc27
ad5ff06f
07413c27
00000000
0ad4bc27
af5ff06f
07513c27
00000000
0ae4bc27
ad7ff06f
07613c27
00000000
0af4bc27
af7ff06f
07713c27
00000000
0e84bc27
ad9ff06f
07813c27
00000000
0e94bc27
af9ff06f
07913c27
00000000
0ea4bc27
adbff06f
07a13c27
00000000
0eb4bc27
afbff06f
07b13c27
00000000
0ec4bc27
addff06f
07c13c27
00000000
0ed4bc27
afdff06f
07d13c27
00000000
0ee4bc27
adfff06f
07e13c27
00000000
0ef4bc27
affff06f
07f13c27
00000000
02853c27
e11ff06f
0a013c27
00000000
02953c27
e31ff06f
0a113c27
00000000
02a53c27
e13ff06f
0a213c27
00000000
02b53c27
e33ff06f
0a313c27
00000000
02c53c27
e15ff06f
0a413c27
00000000
02d53c27
e35ff06f
0a513c27
00000000
02e53c27
e17ff06f
0a613c27
00000000
02f53c27
e37ff06f
0a713c27
00000000
06853c27
e19ff06f
0a813c27
00000000
06953c27
e39ff06f
0a913c27
00000000
06a53c27
e1bff06f
0aa13c27
00000000
06b53c27
e3bff06f
0ab13c27
00000000
06c53c27
e1dff06f
0ac13c27
00000000
06d53c27
e3dff06f
0ad13c27
00000000
06e53c27
e1fff06f
0ae13c27
00000000
06f53c27
e3fff06f
0af13c27
00000000
0a853c27
e91ff06f
0b013c27
00000000
0a953c27
eb1ff06f
0b113c27
00000000
0aa53c27
e93ff06f
0b213c27
00000000
0ab53c27
eb3ff06f
0b313c27
00000000
0ac53c27
e95ff06f
0b413c27
00000000
0ad53c27
eb5ff06f
0b513c27
00000000
0ae53c27
e97ff06f
0b613c27
00000000
0af53c27
eb7ff06f
0b713c27
00000000
0e853c27
e99ff06f
0b813c27
00000000
0e953c27
eb9ff06f
0b913c27
00000000
0ea53c27
e9bff06f
0ba13c27
00000000
0eb53c27
ebbff06f
0bb13c27
00000000
0ec53c27
e9dff06f
0bc13c27
00000000
0ed53c27
ebdff06f
0bd13c27
00000000
0ee53c27
e9fff06f
0be13c27
00000000
0ef53c27
ebfff06f
0bf13c27
00000000
0285bc27
e51ff06f
0e013c27
00000000
0295bc27
e71ff06f
0e113c27
00000000
02a5bc27
e53ff06f
0e213c27
00000000
02b5bc27
e73ff06f
0e313c27
00000000
02c5bc27
e55ff06f
0e413c27
00000000
02d5bc27
e75ff06f
0e513c27
00000000
02e5bc27
e57ff06f
0e613c27
00000000
02f5bc27
e77ff06f
0e713c27
00000000
0685bc27
e59ff06f
0e813c27
00000000
0695bc27
e79ff06f
0e913c27
00000000
06a5bc27
e5bff06f
0ea13c27
00000000
06b5bc27
e7bff06f
0eb13c27
00000000
06c5bc27
e5dff06f
0ec13c27
00000000
06d5bc27
e7dff06f
0ed13c27
00000000
06e5bc27
e5fff06f
0ee13c27
00000000
06f5bc27
e7fff06f
0ef13c27
00000000
0a85bc27
ed1ff06f
0f013c27
00000000
0a95bc27
ef1ff06f
0f113c27
00000000
0aa5bc27
ed3ff06f
0f213c27
00000000
0ab5bc27
ef3ff06f
0f313c27
00000000
0ac5bc27
ed5ff06f
0f413c27
00000000
0ad5bc27
ef5ff06f
0f513c27
00000000
0ae5bc27
ed7ff06f
0f613c27
00000000
0af5bc27
ef7ff06f
0f713c27
00000000
0e85bc27
ed9ff06f
0f813c27
00000000
0e95bc27
ef9ff06f
0f913c27
00000000
0ea5bc27
edbff06f
0fa13c27
00000000
0eb5bc27
efbff06f
0fb13c27
00000000
0ec5bc27
eddff06f
0fc13c27
00000000
0ed5bc27
efdff06f
0fd13c27
00000000
0ee5bc27
edfff06f
0fe13c27
00000000
0ef5bc27
effff06f
0ff13c27
00000000
02863c27
b11ff06f
12013c27
00000000
02963c27
b31ff06f
12113c27
00000000
02a63c27
b13ff06f
12213c27
00000000
02b63c27
b33ff06f
12313c27
00000000
02c63c27
b15ff06f
12413c27
00000000
02d63c27
b35ff06f
12513c27
00000000
02e63c27
b17ff06f
12613c27
00000000
02f63c27
b37ff06f
12713c27
00000000
06863c27
b19ff06f
12813c27
00000000
06963c27
b39ff06f
12913c27
00000000
06a63c27
b1bff06f
12a13c27
00000000
06b63c27
b3bff06f
12b13c27
00000000
06c63c27
b1dff06f
12c13c27
00000000
06d63c27
b3dff06f
12d13c27
00000000
06e63c27
b1fff06f
12e13c27
00000000
06f63c27
b3fff06f
12f13c27
00000000
0a863c27
b91ff06f
13013c27
00000000
0a963c27
bb1ff06f
13113c27
00000000
0aa63c27
b93ff06f
13213c27
00000000
0ab63c27
bb3ff06f
13313c27
00000000
0ac63c27
b95ff06f
13413c27
00000000
0ad63c27
bb5ff06f
13513c27
00000000
0ae63c27
b97ff06f
13613c27
00000000
0af63c27
bb7ff06f
13713c27
00000000
0e863c27
b99ff06f
13813c27
00000000
0e963c27
bb9ff06f
13913c27
00000000
0ea63c27
b9bff06f
13a13c27
00000000
0eb63c27
bbbff06f
13b13c27
00000000
0ec63c27
b9dff06f
13c13c27
00000000
0ed63c27
bbdff06f
13d13c27
00000000
0ee63c27
b9fff06f
13e13c27
00000000
0ef63c27
bbfff06f
13f13c27
00000000
0286bc27
b51ff06f
16013c27
00000000
0296bc27
b71ff06f
16113c27
00000000
02a6bc27
b53ff06f
16213c27
00000000
02b6bc27
b73ff06f
16313c27
00000000
02c6bc27
b55ff06f
16413c27
00000000
02d6bc27
b75ff06f
16513c27
00000000
02e6bc27
b57ff06f
16613c27
00000000
02f6bc27
b77ff06f
16713c27
00000000
0686bc27
b59ff06f
16813c27
00000000
0696bc27
b79ff06f
16913c27
00000000
06a6bc27
b5bff06f
16a13c27
00000000
06b6bc27
b7bff06f
16b13c27
00000000
06c6bc27
b5dff06f
16c13c27
00000000
06d6bc27
b7dff06f
16d13c27
00000000
06e6bc27
b5fff06f
16e13c27
00000000
06f6bc27
b7fff06f
16f13c27
00000000
0a86bc27
bd1ff06f
17013c27
00000000
0a96bc27
bf1ff06f
17113c27
00000000
0aa6bc27
bd3ff06f
17213c27
00000000
0ab6bc27
bf3ff06f
17313c27
00000000
0ac6bc27
bd5ff06f
17413c27
00000000
0ad6bc27
bf5ff06f
17513c27
00000000
0ae6bc27
bd7ff06f
17613c27
00000000
0af6bc27
bf7ff06f
17713c27
00000000
0e86bc27
bd9ff06f
17813c27
00000000
0e96bc27
bf9ff06f
17913c27
00000000
0ea6bc27
bdbff06f
17a13c27
00000000
0eb6bc27
bfbff06f
17b13c27
00000000
0ec6bc27
bddff06f
17c13c27
00000000
0ed6bc27
bfdff06f
17d13c27
00000000
0ee6bc27
bdfff06f
17e13c27
00000000
0ef6bc27
bffff06f
17f13c27
00000000
02873c27
f11ff06f
1a013c27
00000000
02973c27
f31ff06f
1a113c27
00000000
02a73c27
f13ff06f
1a213c27
00000000
02b73c27
f33ff06f
1a313c27
00000000
02c73c27
f15ff06f
1a413c27
00000000
02d73c27
f35ff06f
1a513c27
00000000
02e73c27
f17ff06f
1a613c27
00000000
02f73c27
f37ff06f
1a713c27
00000000
06873c27
f19ff06f
1a813c27
00000000
06973c27
f39ff06f
1a913c27
00000000
06a73c27
f1bff06f
1aa13c27
00000000
06b73c27
f3bff06f
1ab13c27
00000000
06c73c27
f1dff06f
1ac13c27
00000000
06d73c27
f3dff06f
1ad13c27
00000000
06e73c27
f1fff06f
1ae13c27
00000000
06f73c27
f3fff06f
1af13c27
00000000
0a873c27
f91ff06f
1b013c27
00000000
0a973c27
fb1ff06f
1b113c27
00000000
0aa73c27
f93ff06f
1b213c27
00000000
0ab73c27
fb3ff06f
1b313c27
00000000
0ac73c27
f95ff06f
1b413c27
00000000
0ad73c27
fb5ff06f
1b513c27
00000000
0ae73c27
f97ff06f
1b613c27
00000000
0af73c27
fb7ff06f
1b713c27
00000000
0e873c27
f99ff06f
1b813c27
00000000
0e973c27
fb9ff06f
1b913c27
00000000
0ea73c27
f9bff06f
1ba13c27
00000000
0eb73c27
fbbff06f
1bb13c27
00000000
0ec73c27
f9dff06f
1bc13c27
00000000
0ed73c27
fbdff06f
1bd13c27
00000000
0ee73c27
f9fff06f
1be13c27
00000000
0ef73c27
fbfff06f
1bf13c27
00000000
0287bc27
f51ff06f
1e013c27
00000000
0297bc27
f71ff06f
1e113c27
00000000
02a7bc27
f53ff06f
1e213c27
00000000
02b7bc27
f73ff06f
1e313c27
00000000
02c7bc27
f55ff06f
1e413c27
00000000
02d7bc27
f75ff06f
1e513c27
00000000
02e7bc27
f57ff06f
1e613c27
00000000
02f7bc27
f77ff06f
1e713c27
00000000
0687bc27
f59ff06f
1e813c27
00000000
0697bc27
f79ff06f
1e913c27
00000000
06a7bc27
f5bff06f
1ea13c27
00000000
06b7bc27
f7bff06f
1eb13c27
00000000
06c7bc27
f5dff06f
1ec13c27
00000000
06d7bc27
f7dff06f
1ed13c27
00000000
06e7bc27
f5fff06f
1ee13c27
00000000
06f7bc27
f7fff06f
1ef13c27
00000000
0a87bc27
fd1ff06f
1f013c27
00000000
0a97bc27
ff1ff06f
1f113c27
00000000
0aa7bc27
fd3ff06f
1f213c27
00000000
0ab7bc27
ff3ff06f
1f313c27
00000000
0ac7bc27
fd5ff06f
1f413c27
00000000
0ad7bc27
ff5ff06f
1f513c27
00000000
0ae7bc27
fd7ff06f
1f613c27
00000000
0af7bc27
ff7ff06f
1f713c27
00000000
0e87bc27
fd9ff06f
1f813c27
00000000
0e97bc27
ff9ff06f
1f913c27
00000000
0ea7bc27
fdbff06f
1fa13c27
00000000
0eb7bc27
ffbff06f
1fb13c27
00000000
0ec7bc27
fddff06f
1fc13c27
00000000
0ed7bc27
ffdff06f
1fd13c27
00000000
0ee7bc27
fdfff06f
1fe13c27
00000000
0ef7bc27
fffff06f
1ff13c27
00000000
00842023
00040063
00012023
00000000
00942023
02040063
00112023
00000000
00a42023
00040163
00212023
00000000
00b42023
02040163
00312023
00000000
00c42023
00040263
00412023
00000000
00d42023
02040263
00512023
00000000
00e42023
00040363
00612023
00000000
00f42023
02040363
00712023
00000000
04842023
04040063
00812023
00000000
04942023
06040063
00912023
00000000
04a42023
04040163
00a12023
00000000
04b42023
06040163
00b12023
00000000
04c42023
04040263
00c12023
00000000
04d42023
06040263
00d12023
00000000
04e42023
04040363
00e12023
00000000
04f42023
06040363
00f12023
00000000
00842223
08040063
01012023
00000000
00942223
0a040063
01112023
00000000
00a42223
08040163
01212023
00000000
00b42223
0a040163
01312023
00000000
00c42223
08040263
01412023
00000000
00d42223
0a040263
01512023
00000000
00e42223
08040363
01612023
00000000
00f42223
0a040363
01712023
00000000
04842223
0c040063
01812023
00000000
04942223
0e040063
01912023
00000000
04a42223
0c040163
01a12023
00000000
04b42223
0e040163
01b12023
00000000
04c42223
0c040263
01c12023
00000000
04d42223
0e040263
01d12023
00000000
04e42223
0c040363
01e12023
00000000
04f42223
0e040363
01f12023
00000000
0084a023
00048063
04012023
00000000
0094a023
02048063
04112023
00000000
00a4a023
00048163
04212023
00000000
00b4a023
02048163
04312023
00000000
00c4a023
00048263
04412023
00000000
00d4a023
02048263
04512023
00000000
00e4a023
00048363
04612023
00000000
00f4a023
02048363
04712023
00000000
0484a023
04048063
04812023
00000000
0494a023
06048063
04912023
00000000
04a4a023
04048163
04a12023
00000000
04b4a023
06048163
04b12023
00000000
04c4a023
04048263
04c12023
00000000
04d4a023
06048263
04d12023
00000000
04e4a023
04048363
04e12023
00000000
04f4a023
06048363
04f12023
00000000
0084a223
08048063
05012023
00000000
0094a223
0a048063
05112023
00000000
00a4a223
08048163
05212023
00000000
00b4a223
0a048163
05312023
00000000
00c4a223
08048263
05412023
00000000
00d4a223
0a048263
05512023
00000000
00e4a223
08048363
05612023
00000000
00f4a223
0a048363
05712023
00000000
0484a223
0c048063
05812023
00000000
0494a223
0e048063
05912023
00000000
04a4a223
0c048163
05a12023
00000000
04b4a223
0e048163
05b12023
00000000
04c4a223
0c048263
05c12023
00000000
04d4a223
0e048263
05d12023
00000000
04e4a223
0c048363
05e12023
00000000
04f4a223
0e048363
05f12023
00000000
00852023
00050063
08012023
00000000
00952023
02050063
08112023
00000000
00a52023
00050163
08212023
00000000
00b52023
02050163
08312023
00000000
00c52023
00050263
08412023
00000000
00d52023
02050263
08512023
00000000
00e52023
00050363
08612023
00000000
00f52023
02050363
08712023
00000000
04852023
04050063
08812023
00000000
04952023
06050063
08912023
00000000
04a52023
04050163
08a12023
00000000
04b52023
06050163
08b12023
00000000
04c52023
04050263
08c12023
00000000
04d52023
06050263
08d12023
00000000
04e52023
04050363
08e12023
00000000
04f52023
06050363
08f12023
00000000
00852223
08050063
09012023
00000000
00952223
0a050063
09112023
00000000
00a52223
08050163
09212023
00000000
00b52223
0a050163
09312023
00000000
00c52223
08050263
09412023
00000000
00d52223
0a050263
09512023
00000000
00e52223
08050363
09612023
00000000
00f52223
0a050363
09712023
00000000
04852223
0c050063
09812023
00000000
04952223
0e050063
09912023
00000000
04a52223
0c050163
09a12023
00000000
04b52223
0e050163
09b12023
00000000
04c52223
0c050263
09c12023
00000000
04d52223
0e050263
09d12023
00000000
04e52223
0c050363
09e12023
00000000
04f52223
0e050363
09f12023
00000000
0085a023
00058063
0c012023
00000000
0095a023
02058063
0c112023
00000000
00a5a023
00058163
0c212023
00000000
00b5a023
02058163
0c312023
00000000
00c5a023
00058263
0c412023
00000000
00d5a023
02058263
0c512023
00000000
00e5a023
00058363
0c612023
00000000
00f5a023
02058363
0c712023
00000000
0485a023
04058063
0c812023
00000000
0495a023
06058063
0c912023
00000000
04a5a023
04058163
0ca12023
00000000
04b5a023
06058163
0cb12023
00000000
04c5a023
04058263
0cc12023
00000000
04d5a023
06058263
0cd12023
00000000
04e5a023
04058363
0ce12023
00000000
04f5a023
06058363
0cf12023
00000000
0085a223
08058063
0d012023
00000000
0095a223
0a058063
0d112023
00000000
00a5a223
08058163
0d212023
00000000
00b5a223
0a058163
0d312023
00000000
00c5a223
08058263
0d412023
00000000
00d5a223
0a058263
0d512023
00000000
00e5a223
08058363
0d612023
00000000
00f5a223
0a058363
0d712023
00000000
0485a223
0c058063
0d812023
00000000
0495a223
0e058063
0d912023
00000000
04a5a223
0c058163
0da12023
00000000
04b5a223
0e058163
0db12023
00000000
04c5a223
0c058263
0dc12023
00000000
04d5a223
0e058263
0dd12023
00000000
04e5a223
0c058363
0de12023
00000000
04f5a223
0e058363
0df12023
00000000
00862023
00060063
00012223
00000000
00962023
02060063
00112223
00000000
00a62023
00060163
00212223
00000000
00b62023
02060163
00312223
00000000
00c62023
00060263
00412223
00000000
00d62023
02060263
00512223
00000000
00e62023
00060363
00612223
00000000
00f62023
02060363
00712223
00000000
04862023
04060063
00812223
00000000
04962023
06060063
00912223
00000000
04a62023
04060163
00a12223
00000000
04b62023
06060163
00b12223
00000000
04c62023
04060263
00c12223
00000000
04d62023
06060263
00d12223
00000000
04e62023
04060363
00e12223
00000000
04f62023
06060363
00f12223
00000000
00862223
08060063
01012223
00000000
00962223
0a060063
01112223
00000000
00a62223
08060163
01212223
00000000
00b62223
0a060163
01312223
00000000
00c62223
08060263
01412223
00000000
00d62223
0a060263
01512223
00000000
00e62223
08060363
01612223
00000000
00f62223
0a060363
01712223
00000000
04862223
0c060063
01812223
00000000
04962223
0e060063
01912223
00000000
04a62223
0c060163
01a12223
00000000
04b62223
0e060163
01b12223
00000000
04c62223
0c060263
01c12223
00000000
04d62223
0e060263
01d12223
00000000
04e62223
0c060363
01e12223
00000000
04f62223
0e060363
01f12223
00000000
0086a023
00068063
04012223
00000000
0096a023
02068063
04112223
00000000
00a6a023
00068163
04212223
00000000
00b6a023
02068163
04312223
00000000
00c6a023
00068263
04412223
00000000
00d6a023
02068263
04512223
00000000
00e6a023
00068363
04612223
00000000
00f6a023
02068363
04712223
00000000
0486a023
04068063
04812223
00000000
0496a023
06068063
04912223
00000000
04a6a023
04068163
04a12223
00000000
04b6a023
06068163
04b12223
00000000
04c6a023
04068263
04c12223
00000000
04d6a023
06068263
04d12223
00000000
04e6a023
04068363
04e12223
00000000
04f6a023
06068363
04f12223
00000000
0086a223
08068063
05012223
00000000
0096a223
0a068063
05112223
00000000
00a6a223
08068163
05212223
00000000
00b6a223
0a068163
05312223
00000000
00c6a223
08068263
05412223
00000000
00d6a223
0a068263
05512223
00000000
00e6a223
08068363
05612223
00000000
00f6a223
0a068363
05712223
00000000
0486a223
0c068063
05812223
00000000
0496a223
0e068063
05912223
00000000
04a6a223
0c068163
05a12223
00000000
04b6a223
0e068163
05b12223
00000000
04c6a223
0c068263
05c12223
00000000
04d6a223
0e068263
05d12223
00000000
04e6a223
0c068363
05e12223
00000000
04f6a223
0e068363
05f12223
00000000
00872023
00070063
08012223
00000000
00972023
02070063
08112223
00000000
00a72023
00070163
08212223
00000000
00b72023
02070163
08312223
00000000
00c72023
00070263
08412223
00000000
00d72023
02070263
08512223
00000000
00e72023
00070363
08612223
00000000
00f72023
02070363
08712223
00000000
04872023
04070063
08812223
00000000
04972023
06070063
08912223
00000000
04a72023
04070163
08a12223
00000000
04b72023
06070163
08b12223
00000000
04c72023
04070263
08c12223
00000000
04d72023
06070263
08d12223
00000000
04e72023
04070363
08e12223
00000000
04f72023
06070363
08f12223
00000000
00872223
08070063
09012223
00000000
00972223
0a070063
09112223
00000000
00a72223
08070163
09212223
00000000
00b72223
0a070163
09312223
00000000
00c72223
08070263
09412223
00000000
00d72223
0a070263
09512223
00000000
00e72223
08070363
09612223
00000000
00f72223
0a070363
09712223
00000000
04872223
0c070063
09812223
00000000
04972223
0e070063
09912223
00000000
04a72223
0c070163
09a12223
00000000
04b72223
0e070163
09b12223
00000000
04c72223
0c070263
09c12223
00000000
04d72223
0e070263
09d12223
00000000
04e72223
0c070363
09e12223
00000000
04f72223
0e070363
09f12223
00000000
0087a023
00078063
0c012223
00000000
0097a023
02078063
0c112223
00000000
00a7a023
00078163
0c212223
00000000
00b7a023
02078163
0c312223
00000000
00c7a023
00078263
0c412223
00000000
00d7a023
02078263
0c512223
00000000
00e7a023
00078363
0c612223
00000000
00f7a023
02078363
0c712223
00000000
0487a023
04078063
0c812223
00000000
0497a023
06078063
0c912223
00000000
04a7a023
04078163
0ca12223
00000000
04b7a023
06078163
0cb12223
00000000
04c7a023
04078263
0cc12223
00000000
04d7a023
06078263
0cd12223
00000000
04e7a023
04078363
0ce12223
00000000
04f7a023
06078363
0cf12223
00000000
0087a223
08078063
0d012223
00000000
0097a223
0a078063
0d112223
00000000
00a7a223
08078163
0d212223
00000000
00b7a223
0a078163
0d312223
00000000
00c7a223
08078263
0d412223
00000000
00d7a223
0a078263
0d512223
00000000
00e7a223
08078363
0d612223
00000000
00f7a223
0a078363
0d712223
00000000
0487a223
0c078063
0d812223
00000000
0497a223
0e078063
0d912223
00000000
04a7a223
0c078163
0da12223
00000000
04b7a223
0e078163
0db12223
00000000
04c7a223
0c078263
0dc12223
00000000
04d7a223
0e078263
0dd12223
00000000
04e7a223
0c078363
0de12223
00000000
04f7a223
0e078363
0df12223
00000000
00842423
00040463
00012423
00000000
00942423
02040463
00112423
00000000
00a42423
00040563
00212423
00000000
00b42423
02040563
00312423
00000000
00c42423
00040663
00412423
00000000
00d42423
02040663
00512423
00000000
00e42423
00040763
00612423
00000000
00f42423
02040763
00712423
00000000
04842423
04040463
00812423
00000000
04942423
06040463
00912423
00000000
04a42423
04040563
00a12423
00000000
04b42423
06040563
00b12423
00000000
04c42423
04040663
00c12423
00000000
04d42423
06040663
00d12423
00000000
04e42423
04040763
00e12423
00000000
04f42423
06040763
00f12423
00000000
00842623
08040463
01012423
00000000
00942623
0a040463
01112423
00000000
00a42623
08040563
01212423
00000000
00b42623
0a040563
01312423
00000000
00c42623
08040663
01412423
00000000
00d42623
0a040663
01512423
00000000
00e42623
08040763
01612423
00000000
00f42623
0a040763
01712423
00000000
04842623
0c040463
01812423
00000000
04942623
0e040463
01912423
00000000
04a42623
0c040563
01a12423
00000000
04b42623
0e040563
01b12423
00000000
04c42623
0c040663
01c12423
00000000
04d42623
0e040663
01d12423
00000000
04e42623
0c040763
01e12423
00000000
04f42623
0e040763
01f12423
00000000
0084a423
00048463
04012423
00000000
0094a423
02048463
04112423
00000000
00a4a423
00048563
04212423
00000000
00b4a423
02048563
04312423
00000000
00c4a423
00048663
04412423
00000000
00d4a423
02048663
04512423
00000000
00e4a423
00048763
04612423
00000000
00f4a423
02048763
04712423
00000000
0484a423
04048463
04812423
00000000
0494a423
06048463
04912423
00000000
04a4a423
04048563
04a12423
00000000
04b4a423
06048563
04b12423
00000000
04c4a423
04048663
04c12423
00000000
04d4a423
06048663
04d12423
00000000
04e4a423
04048763
04e12423
00000000
04f4a423
06048763
04f12423
00000000
0084a623
08048463
05012423
00000000
0094a623
0a048463
05112423
00000000
00a4a623
08048563
05212423
00000000
00b4a623
0a048563
05312423
00000000
00c4a623
08048663
05412423
00000000
00d4a623
0a048663
05512423
00000000
00e4a623
08048763
05612423
00000000
00f4a623
0a048763
05712423
00000000
0484a623
0c048463
05812423
00000000
0494a623
0e048463
05912423
00000000
04a4a623
0c048563
05a12423
00000000
04b4a623
0e048563
05b12423
00000000
04c4a623
0c048663
05c12423
00000000
04d4a623
0e048663
05d12423
00000000
04e4a623
0c048763
05e12423
00000000
04f4a623
0e048763
05f12423
00000000
00852423
00050463
08012423
00000000
00952423
02050463
08112423
00000000
00a52423
00050563
08212423
00000000
00b52423
02050563
08312423
00000000
00c52423
00050663
08412423
00000000
00d52423
02050663
08512423
00000000
00e52423
00050763
08612423
00000000
00f52423
02050763
08712423
00000000
04852423
04050463
08812423
00000000
04952423
06050463
08912423
00000000
04a52423
04050563
08a12423
00000000
04b52423
06050563
08b12423
00000000
04c52423
04050663
08c12423
00000000
04d52423
06050663
08d12423
00000000
04e52423
04050763
08e12423
00000000
04f52423
06050763
08f12423
00000000
00852623
08050463
09012423
00000000
00952623
0a050463
09112423
00000000
00a52623
08050563
09212423
00000000
00b52623
0a050563
09312423
00000000
00c52623
08050663
09412423
00000000
00d52623
0a050663
09512423
00000000
00e52623
08050763
09612423
00000000
00f52623
0a050763
09712423
00000000
04852623
0c050463
09812423
00000000
04952623
0e050463
09912423
00000000
04a52623
0c050563
09a12423
00000000
04b52623
0e050563
09b12423
00000000
04c52623
0c050663
09c12423
00000000
04d52623
0e050663
09d12423
00000000
04e52623
0c050763
09e12423
00000000
04f52623
0e050763
09f12423
00000000
0085a423
00058463
0c012423
00000000
0095a423
02058463
0c112423
00000000
00a5a423
00058563
0c212423
00000000
00b5a423
02058563
0c312423
00000000
00c5a423
00058663
0c412423
00000000
00d5a423
02058663
0c512423
00000000
00e5a423
00058763
0c612423
00000000
00f5a423
02058763
0c712423
00000000
0485a423
04058463
0c812423
00000000
0495a423
06058463
0c912423
00000000
04a5a423
04058563
0ca12423
00000000
04b5a423
06058563
0cb12423
00000000
04c5a423
04058663
0cc12423
00000000
04d5a423
06058663
0cd12423
00000000
04e5a423
04058763
0ce12423
00000000
04f5a423
06058763
0cf12423
00000000
0085a623
08058463
0d012423
00000000
0095a623
0a058463
0d112423
00000000
00a5a623
08058563
0d212423
00000000
00b5a623
0a058563
0d312423
00000000
00c5a623
08058663
0d412423
00000000
00d5a623
0a058663
0d512423
00000000
00e5a623
08058763
0d612423
00000000
00f5a623
0a058763
0d712423
00000000
0485a623
0c058463
0d812423
00000000
0495a623
0e058463
0d912423
00000000
04a5a623
0c058563
0da12423
00000000
04b5a623
0e058563
0db12423
00000000
04c5a623
0c058663
0dc12423
00000000
04d5a623
0e058663
0dd12423
00000000
04e5a623
0c058763
0de12423
00000000
04f5a623
0e058763
0df12423
00000000
00862423
00060463
00012623
00000000
00962423
02060463
00112623
00000000
00a62423
00060563
00212623
00000000
00b62423
02060563
00312623
00000000
00c62423
00060663
00412623
00000000
00d62423
02060663
00512623
00000000
00e62423
00060763
00612623
00000000
00f62423
02060763
00712623
00000000
04862423
04060463
00812623
00000000
04962423
06060463
00912623
00000000
04a62423
04060563
00a12623
00000000
04b62423
06060563
00b12623
00000000
04c62423
04060663
00c12623
00000000
04d62423
06060663
00d12623
00000000
04e62423
04060763
00e12623
00000000
04f62423
06060763
00f12623
00000000
00862623
08060463
01012623
00000000
00962623
0a060463
01112623
00000000
00a62623
08060563
01212623
00000000
00b62623
0a060563
01312623
00000000
00c62623
08060663
01412623
00000000
00d62623
0a060663
01512623
00000000
00e62623
08060763
01612623
00000000
00f62623
0a060763
01712623
00000000
04862623
0c060463
01812623
00000000
04962623
0e060463
01912623
00000000
04a62623
0c060563
01a12623
00000000
04b62623
0e060563
01b12623
00000000
04c62623
0c060663
01c12623
00000000
04d62623
0e060663
01d12623
00000000
04e62623
0c060763
01e12623
00000000
04f62623
0e060763
01f12623
00000000
0086a423
00068463
04012623
00000000
0096a423
02068463
04112623
00000000
00a6a423
00068563
04212623
00000000
00b6a423
02068563
04312623
00000000
00c6a423
00068663
04412623
00000000
00d6a423
02068663
04512623
00000000
00e6a423
00068763
04612623
00000000
00f6a423
02068763
04712623
00000000
0486a423
04068463
04812623
00000000
0496a423
06068463
04912623
00000000
04a6a423
04068563
04a12623
00000000
04b6a423
06068563
04b12623
00000000
04c6a423
04068663
04c12623
00000000
04d6a423
06068663
04d12623
00000000
04e6a423
04068763
04e12623
00000000
04f6a423
06068763
04f12623
00000000
0086a623
08068463
05012623
00000000
0096a623
0a068463
05112623
00000000
00a6a623
08068563
05212623
00000000
00b6a623
0a068563
05312623
00000000
00c6a623
08068663
05412623
00000000
00d6a623
0a068663
05512623
00000000
00e6a623
08068763
05612623
00000000
00f6a623
0a068763
05712623
00000000
0486a623
0c068463
05812623
00000000
0496a623
0e068463
05912623
00000000
04a6a623
0c068563
05a12623
00000000
04b6a623
0e068563
05b12623
00000000
04c6a623
0c068663
05c12623
00000000
04d6a623
0e068663
05d12623
00000000
04e6a623
0c068763
05e12623
00000000
04f6a623
0e068763
05f12623
00000000
00872423
00070463
08012623
00000000
00972423
02070463
08112623
00000000
00a72423
00070563
08212623
00000000
00b72423
02070563
08312623
00000000
00c72423
00070663
08412623
00000000
00d72423
02070663
08512623
00000000
00e72423
00070763
08612623
00000000
00f72423
02070763
08712623
00000000
04872423
04070463
08812623
00000000
04972423
06070463
08912623
00000000
04a72423
04070563
08a12623
00000000
04b72423
06070563
08b12623
00000000
04c72423
04070663
08c12623
00000000
04d72423
06070663
08d12623
00000000
04e72423
04070763
08e12623
00000000
04f72423
06070763
08f12623
00000000
00872623
08070463
09012623
00000000
00972623
0a070463
09112623
00000000
00a72623
08070563
09212623
00000000
00b72623
0a070563
09312623
00000000
00c72623
08070663
09412623
00000000
00d72623
0a070663
09512623
00000000
00e72623
08070763
09612623
00000000
00f72623
0a070763
09712623
00000000
04872623
0c070463
09812623
00000000
04972623
0e070463
09912623
00000000
04a72623
0c070563
09a12623
00000000
04b72623
0e070563
09b12623
00000000
04c72623
0c070663
09c12623
00000000
04d72623
0e070663
09d12623
00000000
04e72623
0c070763
09e12623
00000000
04f72623
0e070763
09f12623
00000000
0087a423
00078463
0c012623
00000000
0097a423
02078463
0c112623
00000000
00a7a423
00078563
0c212623
00000000
00b7a423
02078563
0c312623
00000000
00c7a423
00078663
0c412623
00000000
00d7a423
02078663
0c512623
00000000
00e7a423
00078763
0c612623
00000000
00f7a423
02078763
0c712623
00000000
0487a423
04078463
0c812623
00000000
0497a423
06078463
0c912623
00000000
04a7a423
04078563
0ca12623
00000000
04b7a423
06078563
0cb12623
00000000
04c7a423
04078663
0cc12623
00000000
04d7a423
06078663
0cd12623
00000000
04e7a423
04078763
0ce12623
00000000
04f7a423
06078763
0cf12623
00000000
0087a623
08078463
0d012623
00000000
0097a623
0a078463
0d112623
00000000
00a7a623
08078563
0d212623
00000000
00b7a623
0a078563
0d312623
00000000
00c7a623
08078663
0d412623
00000000
00d7a623
0a078663
0d512623
00000000
00e7a623
08078763
0d612623
00000000
00f7a623
0a078763
0d712623
00000000
0487a623
0c078463
0d812623
00000000
0497a623
0e078463
0d912623
00000000
04a7a623
0c078563
0da12623
00000000
04b7a623
0e078563
0db12623
00000000
04c7a623
0c078663
0dc12623
00000000
04d7a623
0e078663
0dd12623
00000000
04e7a623
0c078763
0de12623
00000000
04f7a623
0e078763
0df12623
00000000
00842823
00040863
00012823
00000000
00942823
02040863
00112823
00000000
00a42823
00040963
00212823
00000000
00b42823
02040963
00312823
00000000
00c42823
00040a63
00412823
00000000
00d42823
02040a63
00512823
00000000
00e42823
00040b63
00612823
00000000
00f42823
02040b63
00712823
00000000
04842823
04040863
00812823
00000000
04942823
06040863
00912823
00000000
04a42823
04040963
00a12823
00000000
04b42823
06040963
00b12823
00000000
04c42823
04040a63
00c12823
00000000
04d42823
06040a63
00d12823
00000000
04e42823
04040b63
00e12823
00000000
04f42823
06040b63
00f12823
00000000
00842a23
08040863
01012823
00000000
00942a23
0a040863
01112823
00000000
00a42a23
08040963
01212823
00000000
00b42a23
0a040963
01312823
00000000
00c42a23
08040a63
01412823
00000000
00d42a23
0a040a63
01512823
00000000
00e42a23
08040b63
01612823
00000000
00f42a23
0a040b63
01712823
00000000
04842a23
0c040863
01812823
00000000
04942a23
0e040863
01912823
00000000
04a42a23
0c040963
01a12823
00000000
04b42a23
0e040963
01b12823
00000000
04c42a23
0c040a63
01c12823
00000000
04d42a23
0e040a63
01d12823
00000000
04e42a23
0c040b63
01e12823
00000000
04f42a23
0e040b63
01f12823
00000000
0084a823
00048863
04012823
00000000
0094a823
02048863
04112823
00000000
00a4a823
00048963
04212823
00000000
00b4a823
02048963
04312823
00000000
00c4a823
00048a63
04412823
00000000
00d4a823
02048a63
04512823
00000000
00e4a823
00048b63
04612823
00000000
00f4a823
02048b63
04712823
00000000
0484a823
04048863
04812823
00000000
0494a823
06048863
04912823
00000000
04a4a823
04048963
04a12823
00000000
04b4a823
06048963
04b12823
00000000
04c4a823
04048a63
04c12823
00000000
04d4a823
06048a63
04d12823
00000000
04e4a823
04048b63
04e12823
00000000
04f4a823
06048b63
04f12823
00000000
0084aa23
08048863
05012823
00000000
0094aa23
0a048863
05112823
00000000
00a4aa23
08048963
05212823
00000000
00b4aa23
0a048963
05312823
00000000
00c4aa23
08048a63
05412823
00000000
00d4aa23
0a048a63
05512823
00000000
00e4aa23
08048b63
05612823
00000000
00f4aa23
0a048b63
05712823
00000000
0484aa23
0c048863
05812823
00000000
0494aa23
0e048863
05912823
00000000
04a4aa23
0c048963
05a12823
00000000
04b4aa23
0e048963
05b12823
00000000
04c4aa23
0c048a63
05c12823
00000000
04d4aa23
0e048a63
05d12823
00000000
04e4aa23
0c048b63
05e12823
00000000
04f4aa23
0e048b63
05f12823
00000000
00852823
00050863
08012823
00000000
00952823
02050863
08112823
00000000
00a52823
00050963
08212823
00000000
00b52823
02050963
08312823
00000000
00c52823
00050a63
08412823
00000000
00d52823
02050a63
08512823
00000000
00e52823
00050b63
08612823
00000000
00f52823
02050b63
08712823
00000000
04852823
04050863
08812823
00000000
04952823
06050863
08912823
00000000
04a52823
04050963
08a12823
00000000
04b52823
06050963
08b12823
00000000
04c52823
04050a63
08c12823
00000000
04d52823
06050a63
08d12823
00000000
04e52823
04050b63
08e12823
00000000
04f52823
06050b63
08f12823
00000000
00852a23
08050863
09012823
00000000
00952a23
0a050863
09112823
00000000
00a52a23
08050963
09212823
00000000
00b52a23
0a050963
09312823
00000000
00c52a23
08050a63
09412823
00000000
00d52a23
0a050a63
09512823
00000000
00e52a23
08050b63
09612823
00000000
00f52a23
0a050b63
09712823
00000000
04852a23
0c050863
09812823
00000000
04952a23
0e050863
09912823
00000000
04a52a23
0c050963
09a12823
00000000
04b52a23
0e050963
09b12823
00000000
04c52a23
0c050a63
09c12823
00000000
04d52a23
0e050a63
09d12823
00000000
04e52a23
0c050b63
09e12823
00000000
04f52a23
0e050b63
09f12823
00000000
0085a823
00058863
0c012823
00000000
0095a823
02058863
0c112823
00000000
00a5a823
00058963
0c212823
00000000
00b5a823
02058963
0c312823
00000000
00c5a823
00058a63
0c412823
00000000
00d5a823
02058a63
0c512823
00000000
00e5a823
00058b63
0c612823
00000000
00f5a823
02058b63
0c712823
00000000
0485a823
04058863
0c812823
00000000
0495a823
06058863
0c912823
00000000
04a5a823
04058963
0ca12823
00000000
04b5a823
06058963
0cb12823
00000000
04c5a823
04058a63
0cc12823
00000000
04d5a823
06058a63
0cd12823
00000000
04e5a823
04058b63
0ce12823
00000000
04f5a823
06058b63
0cf12823
00000000
0085aa23
08058863
0d012823
00000000
0095aa23
0a058863
0d112823
00000000
00a5aa23
08058963
0d212823
00000000
00b5aa23
0a058963
0d312823
00000000
00c5aa23
08058a63
0d412823
00000000
00d5aa23
0a058a63
0d512823
00000000
00e5aa23
08058b63
0d612823
00000000
00f5aa23
0a058b63
0d712823
00000000
0485aa23
0c058863
0d812823
00000000
0495aa23
0e058863
0d912823
00000000
04a5aa23
0c058963
0da12823
00000000
04b5aa23
0e058963
0db12823
00000000
04c5aa23
0c058a63
0dc12823
00000000
04d5aa23
0e058a63
0dd12823
00000000
04e5aa23
0c058b63
0de12823
00000000
04f5aa23
0e058b63
0df12823
00000000
00862823
00060863
00012a23
00000000
00962823
02060863
00112a23
00000000
00a62823
00060963
00212a23
00000000
00b62823
02060963
00312a23
00000000
00c62823
00060a63
00412a23
00000000
00d62823
02060a63
00512a23
00000000
00e62823
00060b63
00612a23
00000000
00f62823
02060b63
00712a23
00000000
04862823
04060863
00812a23
00000000
04962823
06060863
00912a23
00000000
04a62823
04060963
00a12a23
00000000
04b62823
06060963
00b12a23
00000000
04c62823
04060a63
00c12a23
00000000
04d62823
06060a63
00d12a23
00000000
04e62823
04060b63
00e12a23
00000000
04f62823
06060b63
00f12a23
00000000
00862a23
08060863
01012a23
00000000
00962a23
0a060863
01112a23
00000000
00a62a23
08060963
01212a23
00000000
00b62a23
0a060963
01312a23
00000000
00c62a23
08060a63
01412a23
00000000
00d62a23
0a060a63
01512a23
00000000
00e62a23
08060b63
01612a23
00000000
00f62a23
0a060b63
01712a23
00000000
04862a23
0c060863
01812a23
00000000
04962a23
0e060863
01912a23
00000000
04a62a23
0c060963
01a12a23
00000000
04b62a23
0e060963
01b12a23
00000000
04c62a23
0c060a63
01c12a23
00000000
04d62a23
0e060a63
01d12a23
00000000
04e62a23
0c060b63
01e12a23
00000000
04f62a23
0e060b63
01f12a23
00000000
0086a823
00068863
04012a23
00000000
0096a823
02068863
04112a23
00000000
00a6a823
00068963
04212a23
00000000
00b6a823
02068963
04312a23
00000000
00c6a823
00068a63
04412a23
00000000
00d6a823
02068a63
04512a23
00000000
00e6a823
00068b63
04612a23
00000000
00f6a823
02068b63
04712a23
00000000
0486a823
04068863
04812a23
00000000
0496a823
06068863
04912a23
00000000
04a6a823
04068963
04a12a23
00000000
04b6a823
06068963
04b12a23
00000000
04c6a823
04068a63
04c12a23
00000000
04d6a823
06068a63
04d12a23
00000000
04e6a823
04068b63
04e12a23
00000000
04f6a823
06068b63
04f12a23
00000000
0086aa23
08068863
05012a23
00000000
0096aa23
0a068863
05112a23
00000000
00a6aa23
08068963
05212a23
00000000
00b6aa23
0a068963
05312a23
00000000
00c6aa23
08068a63
05412a23
00000000
00d6aa23
0a068a63
05512a23
00000000
00e6aa23
08068b63
05612a23
00000000
00f6aa23
0a068b63
05712a23
00000000
0486aa23
0c068863
05812a23
00000000
0496aa23
0e068863
05912a23
00000000
04a6aa23
0c068963
05a12a23
00000000
04b6aa23
0e068963
05b12a23
00000000
04c6aa23
0c068a63
05c12a23
00000000
04d6aa23
0e068a63
05d12a23
00000000
04e6aa23
0c068b63
05e12a23
00000000
04f6aa23
0e068b63
05f12a23
00000000
00872823
00070863
08012a23
00000000
00972823
02070863
08112a23
00000000
00a72823
00070963
08212a23
00000000
00b72823
02070963
08312a23
00000000
00c72823
00070a63
08412a23
00000000
00d72823
02070a63
08512a23
00000000
00e72823
00070b63
08612a23
00000000
00f72823
02070b63
08712a23
00000000
04872823
04070863
08812a23
00000000
04972823
06070863
08912a23
00000000
04a72823
04070963
08a12a23
00000000
04b72823
06070963
08b12a23
00000000
04c72823
04070a63
08c12a23
00000000
04d72823
06070a63
08d12a23
00000000
04e72823
04070b63
08e12a23
00000000
04f72823
06070b63
08f12a23
00000000
00872a23
08070863
09012a23
00000000
00972a23
0a070863
09112a23
00000000
00a72a23
08070963
09212a23
00000000
00b72a23
0a070963
09312a23
00000000
00c72a23
08070a63
09412a23
00000000
00d72a23
0a070a63
09512a23
00000000
00e72a23
08070b63
09612a23
00000000
00f72a23
0a070b63
09712a23
00000000
04872a23
0c070863
09812a23
00000000
04972a23
0e070863
09912a23
00000000
04a72a23
0c070963
09a12a23
00000000
04b72a23
0e070963
09b12a23
00000000
04c72a23
0c070a63
09c12a23
00000000
04d72a23
0e070a63
09d12a23
00000000
04e72a23
0c070b63
09e12a23
00000000
04f72a23
0e070b63
09f12a23
00000000
0087a823
00078863
0c012a23
00000000
0097a823
02078863
0c112a23
00000000
00a7a823
00078963
0c212a23
00000000
00b7a823
02078963
0c312a23
00000000
00c7a823
00078a63
0c412a23
00000000
00d7a823
02078a63
0c512a23
00000000
00e7a823
00078b63
0c612a23
00000000
00f7a823
02078b63
0c712a23
00000000
0487a823
04078863
0c812a23
00000000
0497a823
06078863
0c912a23
00000000
04a7a823
04078963
0ca12a23
00000000
04b7a823
06078963
0cb12a23
00000000
04c7a823
04078a63
0cc12a23
00000000
04d7a823
06078a63
0cd12a23
00000000
04e7a823
04078b63
0ce12a23
00000000
04f7a823
06078b63
0cf12a23
00000000
0087aa23
08078863
0d012a23
00000000
0097aa23
0a078863
0d112a23
00000000
00a7aa23
08078963
0d212a23
00000000
00b7aa23
0a078963
0d312a23
00000000
00c7aa23
08078a63
0d412a23
00000000
00d7aa23
0a078a63
0d512a23
00000000
00e7aa23
08078b63
0d612a23
00000000
00f7aa23
0a078b63
0d712a23
00000000
0487aa23
0c078863
0d812a23
00000000
0497aa23
0e078863
0d912a23
00000000
04a7aa23
0c078963
0da12a23
00000000
04b7aa23
0e078963
0db12a23
00000000
04c7aa23
0c078a63
0dc12a23
00000000
04d7aa23
0e078a63
0dd12a23
00000000
04e7aa23
0c078b63
0de12a23
00000000
04f7aa23
0e078b63
0df12a23
00000000
00842c23
00040c63
00012c23
00000000
00942c23
02040c63
00112c23
00000000
00a42c23
00040d63
00212c23
00000000
00b42c23
02040d63
00312c23
00000000
00c42c23
00040e63
00412c23
00000000
00d42c23
02040e63
00512c23
00000000
00e42c23
00040f63
00612c23
00000000
00f42c23
02040f63
00712c23
00000000
04842c23
04040c63
00812c23
00000000
04942c23
06040c63
00912c23
00000000
04a42c23
04040d63
00a12c23
00000000
04b42c23
06040d63
00b12c23
00000000
04c42c23
04040e63
00c12c23
00000000
04d42c23
06040e63
00d12c23
00000000
04e42c23
04040f63
00e12c23
00000000
04f42c23
06040f63
00f12c23
00000000
00842e23
08040c63
01012c23
00000000
00942e23
0a040c63
01112c23
00000000
00a42e23
08040d63
01212c23
00000000
00b42e23
0a040d63
01312c23
00000000
00c42e23
08040e63
01412c23
00000000
00d42e23
0a040e63
01512c23
00000000
00e42e23
08040f63
01612c23
00000000
00f42e23
0a040f63
01712c23
00000000
04842e23
0c040c63
01812c23
00000000
04942e23
0e040c63
01912c23
00000000
04a42e23
0c040d63
01a12c23
00000000
04b42e23
0e040d63
01b12c23
00000000
04c42e23
0c040e63
01c12c23
00000000
04d42e23
0e040e63
01d12c23
00000000
04e42e23
0c040f63
01e12c23
00000000
04f42e23
0e040f63
01f12c23
00000000
0084ac23
00048c63
04012c23
00000000
0094ac23
02048c63
04112c23
00000000
00a4ac23
00048d63
04212c23
00000000
00b4ac23
02048d63
04312c23
00000000
00c4ac23
00048e63
04412c23
00000000
00d4ac23
02048e63
04512c23
00000000
00e4ac23
00048f63
04612c23
00000000
00f4ac23
02048f63
04712c23
00000000
0484ac23
04048c63
04812c23
00000000
0494ac23
06048c63
04912c23
00000000
04a4ac23
04048d63
04a12c23
00000000
04b4ac23
06048d63
04b12c23
00000000
04c4ac23
04048e63
04c12c23
00000000
04d4ac23
06048e63
04d12c23
00000000
04e4ac23
04048f63
04e12c23
00000000
04f4ac23
06048f63
04f12c23
00000000
0084ae23
08048c63
05012c23
00000000
0094ae23
0a048c63
05112c23
00000000
00a4ae23
08048d63
05212c23
00000000
00b4ae23
0a048d63
05312c23
00000000
00c4ae23
08048e63
05412c23
00000000
00d4ae23
0a048e63
05512c23
00000000
00e4ae23
08048f63
05612c23
00000000
00f4ae23
0a048f63
05712c23
00000000
0484ae23
0c048c63
05812c23
00000000
0494ae23
0e048c63
05912c23
00000000
04a4ae23
0c048d63
05a12c23
00000000
04b4ae23
0e048d63
05b12c23
00000000
04c4ae23
0c048e63
05c12c23
00000000
04d4ae23
0e048e63
05d12c23
00000000
04e4ae23
0c048f63
05e12c23
00000000
04f4ae23
0e048f63
05f12c23
00000000
00852c23
00050c63
08012c23
00000000
00952c23
02050c63
08112c23
00000000
00a52c23
00050d63
08212c23
00000000
00b52c23
02050d63
08312c23
00000000
00c52c23
00050e63
08412c23
00000000
00d52c23
02050e63
08512c23
00000000
00e52c23
00050f63
08612c23
00000000
00f52c23
02050f63
08712c23
00000000
04852c23
04050c63
08812c23
00000000
04952c23
06050c63
08912c23
00000000
04a52c23
04050d63
08a12c23
00000000
04b52c23
06050d63
08b12c23
00000000
04c52c23
04050e63
08c12c23
00000000
04d52c23
06050e63
08d12c23
00000000
04e52c23
04050f63
08e12c23
00000000
04f52c23
06050f63
08f12c23
00000000
00852e23
08050c63
09012c23
00000000
00952e23
0a050c63
09112c23
00000000
00a52e23
08050d63
09212c23
00000000
00b52e23
0a050d63
09312c23
00000000
00c52e23
08050e63
09412c23
00000000
00d52e23
0a050e63
09512c23
00000000
00e52e23
08050f63
09612c23
00000000
00f52e23
0a050f63
09712c23
00000000
04852e23
0c050c63
09812c23
00000000
04952e23
0e050c63
09912c23
00000000
04a52e23
0c050d63
09a12c23
00000000
04b52e23
0e050d63
09b12c23
00000000
04c52e23
0c050e63
09c12c23
00000000
04d52e23
0e050e63
09d12c23
00000000
04e52e23
0c050f63
09e12c23
00000000
04f52e23
0e050f63
09f12c23
00000000
0085ac23
00058c63
0c012c23
00000000
0095ac23
02058c63
0c112c23
00000000
00a5ac23
00058d63
0c212c23
00000000
00b5ac23
02058d63
0c312c23
00000000
00c5ac23
00058e63
0c412c23
00000000
00d5ac23
02058e63
0c512c23
00000000
00e5ac23
00058f63
0c612c23
00000000
00f5ac23
02058f63
0c712c23
00000000
0485ac23
04058c63
0c812c23
00000000
0495ac23
06058c63
0c912c23
00000000
04a5ac23
04058d63
0ca12c23
00000000
04b5ac23
06058d63
0cb12c23
00000000
04c5ac23
04058e63
0cc12c23
00000000
04d5ac23
06058e63
0cd12c23
00000000
04e5ac23
04058f63
0ce12c23
00000000
04f5ac23
06058f63
0cf12c23
00000000
0085ae23
08058c63
0d012c23
00000000
0095ae23
0a058c63
0d112c23
00000000
00a5ae23
08058d63
0d212c23
00000000
00b5ae23
0a058d63
0d312c23
00000000
00c5ae23
08058e63
0d412c23
00000000
00d5ae23
0a058e63
0d512c23
00000000
00e5ae23
08058f63
0d612c23
00000000
00f5ae23
0a058f63
0d712c23
00000000
0485ae23
0c058c63
0d812c23
00000000
0495ae23
0e058c63
0d912c23
00000000
04a5ae23
0c058d63
0da12c23
00000000
04b5ae23
0e058d63
0db12c23
00000000
04c5ae23
0c058e63
0dc12c23
00000000
04d5ae23
0e058e63
0dd12c23
00000000
04e5ae23
0c058f63
0de12c23
00000000
04f5ae23
0e058f63
0df12c23
00000000
00862c23
00060c63
00012e23
00000000
00962c23
02060c63
00112e23
00000000
00a62c23
00060d63
00212e23
00000000
00b62c23
02060d63
00312e23
00000000
00c62c23
00060e63
00412e23
00000000
00d62c23
02060e63
00512e23
00000000
00e62c23
00060f63
00612e23
00000000
00f62c23
02060f63
00712e23
00000000
04862c23
04060c63
00812e23
00000000
04962c23
06060c63
00912e23
00000000
04a62c23
04060d63
00a12e23
00000000
04b62c23
06060d63
00b12e23
00000000
04c62c23
04060e63
00c12e23
00000000
04d62c23
06060e63
00d12e23
00000000
04e62c23
04060f63
00e12e23
00000000
04f62c23
06060f63
00f12e23
00000000
00862e23
08060c63
01012e23
00000000
00962e23
0a060c63
01112e23
00000000
00a62e23
08060d63
01212e23
00000000
00b62e23
0a060d63
01312e23
00000000
00c62e23
08060e63
01412e23
00000000
00d62e23
0a060e63
01512e23
00000000
00e62e23
08060f63
01612e23
00000000
00f62e23
0a060f63
01712e23
00000000
04862e23
0c060c63
01812e23
00000000
04962e23
0e060c63
01912e23
00000000
04a62e23
0c060d63
01a12e23
00000000
04b62e23
0e060d63
01b12e23
00000000
04c62e23
0c060e63
01c12e23
00000000
04d62e23
0e060e63
01d12e23
00000000
04e62e23
0c060f63
01e12e23
00000000
04f62e23
0e060f63
01f12e23
00000000
0086ac23
00068c63
04012e23
00000000
0096ac23
02068c63
04112e23
00000000
00a6ac23
00068d63
04212e23
00000000
00b6ac23
02068d63
04312e23
00000000
00c6ac23
00068e63
04412e23
00000000
00d6ac23
02068e63
04512e23
00000000
00e6ac23
00068f63
04612e23
00000000
00f6ac23
02068f63
04712e23
00000000
0486ac23
04068c63
04812e23
00000000
0496ac23
06068c63
04912e23
00000000
04a6ac23
04068d63
04a12e23
00000000
04b6ac23
06068d63
04b12e23
00000000
04c6ac23
04068e63
04c12e23
00000000
04d6ac23
06068e63
04d12e23
00000000
04e6ac23
04068f63
04e12e23
00000000
04f6ac23
06068f63
04f12e23
00000000
0086ae23
08068c63
05012e23
00000000
0096ae23
0a068c63
05112e23
00000000
00a6ae23
08068d63
05212e23
00000000
00b6ae23
0a068d63
05312e23
00000000
00c6ae23
08068e63
05412e23
00000000
00d6ae23
0a068e63
05512e23
00000000
00e6ae23
08068f63
05612e23
00000000
00f6ae23
0a068f63
05712e23
00000000
0486ae23
0c068c63
05812e23
00000000
0496ae23
0e068c63
05912e23
00000000
04a6ae23
0c068d63
05a12e23
00000000
04b6ae23
0e068d63
05b12e23
00000000
04c6ae23
0c068e63
05c12e23
00000000
04d6ae23
0e068e63
05d12e23
00000000
04e6ae23
0c068f63
05e12e23
00000000
04f6ae23
0e068f63
05f12e23
00000000
00872c23
00070c63
08012e23
00000000
00972c23
02070c63
08112e23
00000000
00a72c23
00070d63
08212e23
00000000
00b72c23
02070d63
08312e23
00000000
00c72c23
00070e63
08412e23
00000000
00d72c23
02070e63
08512e23
00000000
00e72c23
00070f63
08612e23
00000000
00f72c23
02070f63
08712e23
00000000
04872c23
04070c63
08812e23
00000000
04972c23
06070c63
08912e23
00000000
04a72c23
04070d63
08a12e23
00000000
04b72c23
06070d63
08b12e23
00000000
04c72c23
04070e63
08c12e23
00000000
04d72c23
06070e63
08d12e23
00000000
04e72c23
04070f63
08e12e23
00000000
04f72c23
06070f63
08f12e23
00000000
00872e23
08070c63
09012e23
00000000
00972e23
0a070c63
09112e23
00000000
00a72e23
08070d63
09212e23
00000000
00b72e23
0a070d63
09312e23
00000000
00c72e23
08070e63
09412e23
00000000
00d72e23
0a070e63
09512e23
00000000
00e72e23
08070f63
09612e23
00000000
00f72e23
0a070f63
09712e23
00000000
04872e23
0c070c63
09812e23
00000000
04972e23
0e070c63
09912e23
00000000
04a72e23
0c070d63
09a12e23
00000000
04b72e23
0e070d63
09b12e23
00000000
04c72e23
0c070e63
09c12e23
00000000
04d72e23
0e070e63
09d12e23
00000000
04e72e23
0c070f63
09e12e23
00000000
04f72e23
0e070f63
09f12e23
00000000
0087ac23
00078c63
0c012e23
00000000
0097ac23
02078c63
0c112e23
00000000
00a7ac23
00078d63
0c212e23
00000000
00b7ac23
02078d63
0c312e23
00000000
00c7ac23
00078e63
0c412e23
00000000
00d7ac23
02078e63
0c512e23
00000000
00e7ac23
00078f63
0c612e23
00000000
00f7ac23
02078f63
0c712e23
00000000
0487ac23
04078c63
0c812e23
00000000
0497ac23
06078c63
0c912e23
00000000
04a7ac23
04078d63
0ca12e23
00000000
04b7ac23
06078d63
0cb12e23
00000000
04c7ac23
04078e63
0cc12e23
00000000
04d7ac23
06078e63
0cd12e23
00000000
04e7ac23
04078f63
0ce12e23
00000000
04f7ac23
06078f63
0cf12e23
00000000
0087ae23
08078c63
0d012e23
00000000
0097ae23
0a078c63
0d112e23
00000000
00a7ae23
08078d63
0d212e23
00000000
00b7ae23
0a078d63
0d312e23
00000000
00c7ae23
08078e63
0d412e23
00000000
00d7ae23
0a078e63
0d512e23
00000000
00e7ae23
08078f63
0d612e23
00000000
00f7ae23
0a078f63
0d712e23
00000000
0487ae23
0c078c63
0d812e23
00000000
0497ae23
0e078c63
0d912e23
00000000
04a7ae23
0c078d63
0da12e23
00000000
04b7ae23
0e078d63
0db12e23
00000000
04c7ae23
0c078e63
0dc12e23
00000000
04d7ae23
0e078e63
0dd12e23
00000000
04e7ae23
0c078f63
0de12e23
00000000
04f7ae23
0e078f63
0df12e23
00000000
02842023
f00400e3
02012023
00000000
02942023
f20400e3
02112023
00000000
02a42023
f00401e3
02212023
00000000
02b42023
f20401e3
02312023
00000000
02c42023
f00402e3
02412023
00000000
02d42023
f20402e3
02512023
00000000
02e42023
f00403e3
02612023
00000000
02f42023
f20403e3
02712023
00000000
06842023
f40400e3
02812023
00000000
06942023
f60400e3
02912023
00000000
06a42023
f40401e3
02a12023
00000000
06b42023
f60401e3
02b12023
00000000
06c42023
f40402e3
02c12023
00000000
06d42023
f60402e3
02d12023
00000000
06e42023
f40403e3
02e12023
00000000
06f42023
f60403e3
02f12023
00000000
02842223
f80400e3
03012023
00000000
02942223
fa0400e3
03112023
00000000
02a42223
f80401e3
03212023
00000000
02b42223
fa0401e3
03312023
00000000
02c42223
f80402e3
03412023
00000000
02d42223
fa0402e3
03512023
00000000
02e42223
f80403e3
03612023
00000000
02f42223
fa0403e3
03712023
00000000
06842223
fc0400e3
03812023
00000000
06942223
fe0400e3
03912023
00000000
06a42223
fc0401e3
03a12023
00000000
06b42223
fe0401e3
03b12023
00000000
06c42223
fc0402e3
03c12023
00000000
06d42223
fe0402e3
03d12023
00000000
06e42223
fc0403e3
03e12023
00000000
06f42223
fe0403e3
03f12023
00000000
0284a023
f00480e3
06012023
00000000
0294a023
f20480e3
06112023
00000000
02a4a023
f00481e3
06212023
00000000
02b4a023
f20481e3
06312023
00000000
02c4a023
f00482e3
06412023
00000000
02d4a023
f20482e3
06512023
00000000
02e4a023
f00483e3
06612023
00000000
02f4a023
f20483e3
06712023
00000000
0684a023
f40480e3
06812023
00000000
0694a023
f60480e3
06912023
00000000
06a4a023
f40481e3
06a12023
00000000
06b4a023
f60481e3
06b12023
00000000
06c4a023
f40482e3
06c12023
00000000
06d4a023
f60482e3
06d12023
00000000
06e4a023
f40483e3
06e12023
00000000
06f4a023
f60483e3
06f12023
00000000
0284a223
f80480e3
07012023
00000000
0294a223
fa0480e3
07112023
00000000
02a4a223
f80481e3
07212023
00000000
02b4a223
fa0481e3
07312023
00000000
02c4a223
f80482e3
07412023
00000000
02d4a223
fa0482e3
07512023
00000000
02e4a223
f80483e3
07612023
00000000
02f4a223
fa0483e3
07712023
00000000
0684a223
fc0480e3
07812023
00000000
0694a223
fe0480e3
07912023
00000000
06a4a223
fc0481e3
07a12023
00000000
06b4a223
fe0481e3
07b12023
00000000
06c4a223
fc0482e3
07c12023
00000000
06d4a223
fe0482e3
07d12023
00000000
06e4a223
fc0483e3
07e12023
00000000
06f4a223
fe0483e3
07f12023
00000000
02852023
f00500e3
0a012023
00000000
02952023
f20500e3
0a112023
00000000
02a52023
f00501e3
0a212023
00000000
02b52023
f20501e3
0a312023
00000000
02c52023
f00502e3
0a412023
00000000
02d52023
f20502e3
0a512023
00000000
02e52023
f00503e3
0a612023
00000000
02f52023
f20503e3
0a712023
00000000
06852023
f40500e3
0a812023
00000000
06952023
f60500e3
0a912023
00000000
06a52023
f40501e3
0aa12023
00000000
06b52023
f60501e3
0ab12023
00000000
06c52023
f40502e3
0ac12023
00000000
06d52023
f60502e3
0ad12023
00000000
06e52023
f40503e3
0ae12023
00000000
06f52023
f60503e3
0af12023
00000000
02852223
f80500e3
0b012023
00000000
02952223
fa0500e3
0b112023
00000000
02a52223
f80501e3
0b212023
00000000
02b52223
fa0501e3
0b312023
00000000
02c52223
f80502e3
0b412023
00000000
02d52223
fa0502e3
0b512023
00000000
02e52223
f80503e3
0b612023
00000000
02f52223
fa0503e3
0b712023
00000000
06852223
fc0500e3
0b812023
00000000
06952223
fe0500e3
0b912023
00000000
06a52223
fc0501e3
0ba12023
00000000
06b52223
fe0501e3
0bb12023
00000000
06c52223
fc0502e3
0bc12023
00000000
06d52223
fe0502e3
0bd12023
00000000
06e52223
fc0503e3
0be12023
00000000
06f52223
fe0503e3
0bf12023
00000000
0285a023
f00580e3
0e012023
00000000
0295a023
f20580e3
0e112023
00000000
02a5a023
f00581e3
0e212023
00000000
02b5a023
f20581e3
0e312023
00000000
02c5a023
f00582e3
0e412023
00000000
02d5a023
f20582e3
0e512023
00000000
02e5a023
f00583e3
0e612023
00000000
02f5a023
f20583e3
0e712023
00000000
0685a023
f40580e3
0e812023
00000000
0695a023
f60580e3
0e912023
00000000
06a5a023
f40581e3
0ea12023
00000000
06b5a023
f60581e3
0eb12023
00000000
06c5a023
f40582e3
0ec12023
00000000
06d5a023
f60582e3
0ed12023
00000000
06e5a023
f40583e3
0ee12023
00000000
06f5a023
f60583e3
0ef12023
00000000
0285a223
f80580e3
0f012023
00000000
0295a223
fa0580e3
0f112023
00000000
02a5a223
f80581e3
0f212023
00000000
02b5a223
fa0581e3
0f312023
00000000
02c5a223
f80582e3
0f412023
00000000
02d5a223
fa0582e3
0f512023
00000000
02e5a223
f80583e3
0f612023
00000000
02f5a223
fa0583e3
0f712023
00000000
0685a223
fc0580e3
0f812023
00000000
0695a223
fe0580e3
0f912023
00000000
06a5a223
fc0581e3
0fa12023
00000000
06b5a223
fe0581e3
0fb12023
00000000
06c5a223
fc0582e3
0fc12023
00000000
06d5a223
fe0582e3
0fd12023
00000000
06e5a223
fc0583e3
0fe12023
00000000
06f5a223
fe0583e3
0ff12023
00000000
02862023
f00600e3
02012223
00000000
02962023
f20600e3
02112223
00000000
02a62023
f00601e3
02212223
00000000
02b62023
f20601e3
02312223
00000000
02c62023
f00602e3
02412223
00000000
02d62023
f20602e3
02512223
00000000
02e62023
f00603e3
02612223
00000000
02f62023
f20603e3
02712223
00000000
06862023
f40600e3
02812223
00000000
06962023
f60600e3
02912223
00000000
06a62023
f40601e3
02a12223
00000000
06b62023
f60601e3
02b12223
00000000
06c62023
f40602e3
02c12223
00000000
06d62023
f60602e3
02d12223
00000000
06e62023
f40603e3
02e12223
00000000
06f62023
f60603e3
02f12223
00000000
02862223
f80600e3
03012223
00000000
02962223
fa0600e3
03112223
00000000
02a62223
f80601e3
03212223
00000000
02b62223
fa0601e3
03312223
00000000
02c62223
f80602e3
03412223
00000000
02d62223
fa0602e3
03512223
00000000
02e62223
f80603e3
03612223
00000000
02f62223
fa0603e3
03712223
00000000
06862223
fc0600e3
03812223
00000000
06962223
fe0600e3
03912223
00000000
06a62223
fc0601e3
03a12223
00000000
06b62223
fe0601e3
03b12223
00000000
06c62223
fc0602e3
03c12223
00000000
06d62223
fe0602e3
03d12223
00000000
06e62223
fc0603e3
03e12223
00000000
06f62223
fe0603e3
03f12223
00000000
0286a023
f00680e3
06012223
00000000
0296a023
f20680e3
06112223
00000000
02a6a023
f00681e3
06212223
00000000
02b6a023
f20681e3
06312223
00000000
02c6a023
f00682e3
06412223
00000000
02d6a023
f20682e3
06512223
00000000
02e6a023
f00683e3
06612223
00000000
02f6a023
f20683e3
06712223
00000000
0686a023
f40680e3
06812223
00000000
0696a023
f60680e3
06912223
00000000
06a6a023
f40681e3
06a12223
00000000
06b6a023
f60681e3
06b12223
00000000
06c6a023
f40682e3
06c12223
00000000
06d6a023
f60682e3
06d12223
00000000
06e6a023
f40683e3
06e12223
00000000
06f6a023
f60683e3
06f12223
00000000
0286a223
f80680e3
07012223
00000000
0296a223
fa0680e3
07112223
00000000
02a6a223
f80681e3
07212223
00000000
02b6a223
fa0681e3
07312223
00000000
02c6a223
f80682e3
07412223
00000000
02d6a223
fa0682e3
07512223
00000000
02e6a223
f80683e3
07612223
00000000
02f6a223
fa0683e3
07712223
00000000
0686a223
fc0680e3
07812223
00000000
0696a223
fe0680e3
07912223
00000000
06a6a223
fc0681e3
07a12223
00000000
06b6a223
fe0681e3
07b12223
00000000
06c6a223
fc0682e3
07c12223
00000000
06d6a223
fe0682e3
07d12223
00000000
06e6a223
fc0683e3
07e12223
00000000
06f6a223
fe0683e3
07f12223
00000000
02872023
f00700e3
0a012223
00000000
02972023
f20700e3
0a112223
00000000
02a72023
f00701e3
0a212223
00000000
02b72023
f20701e3
0a312223
00000000
02c72023
f00702e3
0a412223
00000000
02d72023
f20702e3
0a512223
00000000
02e72023
f00703e3
0a612223
00000000
02f72023
f20703e3
0a712223
00000000
06872023
f40700e3
0a812223
00000000
06972023
f60700e3
0a912223
00000000
06a72023
f40701e3
0aa12223
00000000
06b72023
f60701e3
0ab12223
00000000
06c72023
f40702e3
0ac12223
00000000
06d72023
f60702e3
0ad12223
00000000
06e72023
f40703e3
0ae12223
00000000
06f72023
f60703e3
0af12223
00000000
02872223
f80700e3
0b012223
00000000
02972223
fa0700e3
0b112223
00000000
02a72223
f80701e3
0b212223
00000000
02b72223
fa0701e3
0b312223
00000000
02c72223
f80702e3
0b412223
00000000
02d72223
fa0702e3
0b512223
00000000
02e72223
f80703e3
0b612223
00000000
02f72223
fa0703e3
0b712223
00000000
06872223
fc0700e3
0b812223
00000000
06972223
fe0700e3
0b912223
00000000
06a72223
fc0701e3
0ba12223
00000000
06b72223
fe0701e3
0bb12223
00000000
06c72223
fc0702e3
0bc12223
00000000
06d72223
fe0702e3
0bd12223
00000000
06e72223
fc0703e3
0be12223
00000000
06f72223
fe0703e3
0bf12223
00000000
0287a023
f00780e3
0e012223
00000000
0297a023
f20780e3
0e112223
00000000
02a7a023
f00781e3
0e212223
00000000
02b7a023
f20781e3
0e312223
00000000
02c7a023
f00782e3
0e412223
00000000
02d7a023
f20782e3
0e512223
00000000
02e7a023
f00783e3
0e612223
00000000
02f7a023
f20783e3
0e712223
00000000
0687a023
f40780e3
0e812223
00000000
0697a023
f60780e3
0e912223
00000000
06a7a023
f40781e3
0ea12223
00000000
06b7a023
f60781e3
0eb12223
00000000
06c7a023
f40782e3
0ec12223
00000000
06d7a023
f60782e3
0ed12223
00000000
06e7a023
f40783e3
0ee12223
00000000
06f7a023
f60783e3
0ef12223
00000000
0287a223
f80780e3
0f012223
00000000
0297a223
fa0780e3
0f112223
00000000
02a7a223
f80781e3
0f212223
00000000
02b7a223
fa0781e3
0f312223
00000000
02c7a223
f80782e3
0f412223
00000000
02d7a223
fa0782e3
0f512223
00000000
02e7a223
f80783e3
0f612223
00000000
02f7a223
fa0783e3
0f712223
00000000
0687a223
fc0780e3
0f812223
00000000
0697a223
fe0780e3
0f912223
00000000
06a7a223
fc0781e3
0fa12223
00000000
06b7a223
fe0781e3
0fb12223
00000000
06c7a223
fc0782e3
0fc12223
00000000
06d7a223
fe0782e3
0fd12223
00000000
06e7a223
fc0783e3
0fe12223
00000000
06f7a223
fe0783e3
0ff12223
00000000
02842423
f00404e3
02012423
00000000
02942423
f20404e3
02112423
00000000
02a42423
f00405e3
02212423
00000000
02b42423
f20405e3
02312423
00000000
02c42423
f00406e3
02412423
00000000
02d42423
f20406e3
02512423
00000000
02e42423
f00407e3
02612423
00000000
02f42423
f20407e3
02712423
00000000
06842423
f40404e3
02812423
00000000
06942423
f60404e3
02912423
00000000
06a42423
f40405e3
02a12423
00000000
06b42423
f60405e3
02b12423
00000000
06c42423
f40406e3
02c12423
00000000
06d42423
f60406e3
02d12423
00000000
06e42423
f40407e3
02e12423
00000000
06f42423
f60407e3
02f12423
00000000
02842623
f80404e3
03012423
00000000
02942623
fa0404e3
03112423
00000000
02a42623
f80405e3
03212423
00000000
02b42623
fa0405e3
03312423
00000000
02c42623
f80406e3
03412423
00000000
02d42623
fa0406e3
03512423
00000000
02e42623
f80407e3
03612423
00000000
02f42623
fa0407e3
03712423
00000000
06842623
fc0404e3
03812423
00000000
06942623
fe0404e3
03912423
00000000
06a42623
fc0405e3
03a12423
00000000
06b42623
fe0405e3
03b12423
00000000
06c42623
fc0406e3
03c12423
00000000
06d42623
fe0406e3
03d12423
00000000
06e42623
fc0407e3
03e12423
00000000
06f42623
fe0407e3
03f12423
00000000
0284a423
f00484e3
06012423
00000000
0294a423
f20484e3
06112423
00000000
02a4a423
f00485e3
06212423
00000000
02b4a423
f20485e3
06312423
00000000
02c4a423
f00486e3
06412423
00000000
02d4a423
f20486e3
06512423
00000000
02e4a423
f00487e3
06612423
00000000
02f4a423
f20487e3
06712423
00000000
0684a423
f40484e3
06812423
00000000
0694a423
f60484e3
06912423
00000000
06a4a423
f40485e3
06a12423
00000000
06b4a423
f60485e3
06b12423
00000000
06c4a423
f40486e3
06c12423
00000000
06d4a423
f60486e3
06d12423
00000000
06e4a423
f40487e3
06e12423
00000000
06f4a423
f60487e3
06f12423
00000000
0284a623
f80484e3
07012423
00000000
0294a623
fa0484e3
07112423
00000000
02a4a623
f80485e3
07212423
00000000
02b4a623
fa0485e3
07312423
00000000
02c4a623
f80486e3
07412423
00000000
02d4a623
fa0486e3
07512423
00000000
02e4a623
f80487e3
07612423
00000000
02f4a623
fa0487e3
07712423
00000000
0684a623
fc0484e3
07812423
00000000
0694a623
fe0484e3
07912423
00000000
06a4a623
fc0485e3
07a12423
00000000
06b4a623
fe0485e3
07b12423
00000000
06c4a623
fc0486e3
07c12423
00000000
06d4a623
fe0486e3
07d12423
00000000
06e4a623
fc0487e3
07e12423
00000000
06f4a623
fe0487e3
07f12423
00000000
02852423
f00504e3
0a012423
00000000
02952423
f20504e3
0a112423
00000000
02a52423
f00505e3
0a212423
00000000
02b52423
f20505e3
0a312423
00000000
02c52423
f00506e3
0a412423
00000000
02d52423
f20506e3
0a512423
00000000
02e52423
f00507e3
0a612423
00000000
02f52423
f20507e3
0a712423
00000000
06852423
f40504e3
0a812423
00000000
06952423
f60504e3
0a912423
00000000
06a52423
f40505e3
0aa12423
00000000
06b52423
f60505e3
0ab12423
00000000
06c52423
f40506e3
0ac12423
00000000
06d52423
f60506e3
0ad12423
00000000
06e52423
f40507e3
0ae12423
00000000
06f52423
f60507e3
0af12423
00000000
02852623
f80504e3
0b012423
00000000
02952623
fa0504e3
0b112423
00000000
02a52623
f80505e3
0b212423
00000000
02b52623
fa0505e3
0b312423
00000000
02c52623
f80506e3
0b412423
00000000
02d52623
fa0506e3
0b512423
00000000
02e52623
f80507e3
0b612423
00000000
02f52623
fa0507e3
0b712423
00000000
06852623
fc0504e3
0b812423
00000000
06952623
fe0504e3
0b912423
00000000
06a52623
fc0505e3
0ba12423
00000000
06b52623
fe0505e3
0bb12423
00000000
06c52623
fc0506e3
0bc12423
00000000
06d52623
fe0506e3
0bd12423
00000000
06e52623
fc0507e3
0be12423
00000000
06f52623
fe0507e3
0bf12423
00000000
0285a423
f00584e3
0e012423
00000000
0295a423
f20584e3
0e112423
00000000
02a5a423
f00585e3
0e212423
00000000
02b5a423
f20585e3
0e312423
00000000
02c5a423
f00586e3
0e412423
00000000
02d5a423
f20586e3
0e512423
00000000
02e5a423
f00587e3
0e612423
00000000
02f5a423
f20587e3
0e712423
00000000
0685a423
f40584e3
0e812423
00000000
0695a423
f60584e3
0e912423
00000000
06a5a423
f40585e3
0ea12423
00000000
06b5a423
f60585e3
0eb12423
00000000
06c5a423
f40586e3
0ec12423
00000000
06d5a423
f60586e3
0ed12423
00000000
06e5a423
f40587e3
0ee12423
00000000
06f5a423
f60587e3
0ef12423
00000000
0285a623
f80584e3
0f012423
00000000
0295a623
fa0584e3
0f112423
00000000
02a5a623
f80585e3
0f212423
00000000
02b5a623
fa0585e3
0f312423
00000000
02c5a623
f80586e3
0f412423
00000000
02d5a623
fa0586e3
0f512423
00000000
02e5a623
f80587e3
0f612423
00000000
02f5a623
fa0587e3
0f712423
00000000
0685a623
fc0584e3
0f812423
00000000
0695a623
fe0584e3
0f912423
00000000
06a5a623
fc0585e3
0fa12423
00000000
06b5a623
fe0585e3
0fb12423
00000000
06c5a623
fc0586e3
0fc12423
00000000
06d5a623
fe0586e3
0fd12423
00000000
06e5a623
fc0587e3
0fe12423
00000000
06f5a623
fe0587e3
0ff12423
00000000
02862423
f00604e3
02012623
00000000
02962423
f20604e3
02112623
00000000
02a62423
f00605e3
02212623
00000000
02b62423
f20605e3
02312623
00000000
02c62423
f00606e3
02412623
00000000
02d62423
f20606e3
02512623
00000000
02e62423
f00607e3
02612623
00000000
02f62423
f20607e3
02712623
00000000
06862423
f40604e3
02812623
00000000
06962423
f60604e3
02912623
00000000
06a62423
f40605e3
02a12623
00000000
06b62423
f60605e3
02b12623
00000000
06c62423
f40606e3
02c12623
00000000
06d62423
f60606e3
02d12623
00000000
06e62423
f40607e3
02e12623
00000000
06f62423
f60607e3
02f12623
00000000
02862623
f80604e3
03012623
00000000
02962623
fa0604e3
03112623
00000000
02a62623
f80605e3
03212623
00000000
02b62623
fa0605e3
03312623
00000000
02c62623
f80606e3
03412623
00000000
02d62623
fa0606e3
03512623
00000000
02e62623
f80607e3
03612623
00000000
02f62623
fa0607e3
03712623
00000000
06862623
fc0604e3
03812623
00000000
06962623
fe0604e3
03912623
00000000
06a62623
fc0605e3
03a12623
00000000
06b62623
fe0605e3
03b12623
00000000
06c62623
fc0606e3
03c12623
00000000
06d62623
fe0606e3
03d12623
00000000
06e62623
fc0607e3
03e12623
00000000
06f62623
fe0607e3
03f12623
00000000
0286a423
f00684e3
06012623
00000000
0296a423
f20684e3
06112623
00000000
02a6a423
f00685e3
06212623
00000000
02b6a423
f20685e3
06312623
00000000
02c6a423
f00686e3
06412623
00000000
02d6a423
f20686e3
06512623
00000000
02e6a423
f00687e3
06612623
00000000
02f6a423
f20687e3
06712623
00000000
0686a423
f40684e3
06812623
00000000
0696a423
f60684e3
06912623
00000000
06a6a423
f40685e3
06a12623
00000000
06b6a423
f60685e3
06b12623
00000000
06c6a423
f40686e3
06c12623
00000000
06d6a423
f60686e3
06d12623
00000000
06e6a423
f40687e3
06e12623
00000000
06f6a423
f60687e3
06f12623
00000000
0286a623
f80684e3
07012623
00000000
0296a623
fa0684e3
07112623
00000000
02a6a623
f80685e3
07212623
00000000
02b6a623
fa0685e3
07312623
00000000
02c6a623
f80686e3
07412623
00000000
02d6a623
fa0686e3
07512623
00000000
02e6a623
f80687e3
07612623
00000000
02f6a623
fa0687e3
07712623
00000000
0686a623
fc0684e3
07812623
00000000
0696a623
fe0684e3
07912623
00000000
06a6a623
fc0685e3
07a12623
00000000
06b6a623
fe0685e3
07b12623
00000000
06c6a623
fc0686e3
07c12623
00000000
06d6a623
fe0686e3
07d12623
00000000
06e6a623
fc0687e3
07e12623
00000000
06f6a623
fe0687e3
07f12623
00000000
02872423
f00704e3
0a012623
00000000
02972423
f20704e3
0a112623
00000000
02a72423
f00705e3
0a212623
00000000
02b72423
f20705e3
0a312623
00000000
02c72423
f00706e3
0a412623
00000000
02d72423
f20706e3
0a512623
00000000
02e72423
f00707e3
0a612623
00000000
02f72423
f20707e3
0a712623
00000000
06872423
f40704e3
0a812623
00000000
06972423
f60704e3
0a912623
00000000
06a72423
f40705e3
0aa12623
00000000
06b72423
f60705e3
0ab12623
00000000
06c72423
f40706e3
0ac12623
00000000
06d72423
f60706e3
0ad12623
00000000
06e72423
f40707e3
0ae12623
00000000
06f72423
f60707e3
0af12623
00000000
02872623
f80704e3
0b012623
00000000
02972623
fa0704e3
0b112623
00000000
02a72623
f80705e3
0b212623
00000000
02b72623
fa0705e3
0b312623
00000000
02c72623
f80706e3
0b412623
00000000
02d72623
fa0706e3
0b512623
00000000
02e72623
f80707e3
0b612623
00000000
02f72623
fa0707e3
0b712623
00000000
06872623
fc0704e3
0b812623
00000000
06972623
fe0704e3
0b912623
00000000
06a72623
fc0705e3
0ba12623
00000000
06b72623
fe0705e3
0bb12623
00000000
06c72623
fc0706e3
0bc12623
00000000
06d72623
fe0706e3
0bd12623
00000000
06e72623
fc0707e3
0be12623
00000000
06f72623
fe0707e3
0bf12623
00000000
0287a423
f00784e3
0e012623
00000000
0297a423
f20784e3
0e112623
00000000
02a7a423
f00785e3
0e212623
00000000
02b7a423
f20785e3
0e312623
00000000
02c7a423
f00786e3
0e412623
00000000
02d7a423
f20786e3
0e512623
00000000
02e7a423
f00787e3
0e612623
00000000
02f7a423
f20787e3
0e712623
00000000
0687a423
f40784e3
0e812623
00000000
0697a423
f60784e3
0e912623
00000000
06a7a423
f40785e3
0ea12623
00000000
06b7a423
f60785e3
0eb12623
00000000
06c7a423
f40786e3
0ec12623
00000000
06d7a423
f60786e3
0ed12623
00000000
06e7a423
f40787e3
0ee12623
00000000
06f7a423
f60787e3
0ef12623
00000000
0287a623
f80784e3
0f012623
00000000
0297a623
fa0784e3
0f112623
00000000
02a7a623
f80785e3
0f212623
00000000
02b7a623
fa0785e3
0f312623
00000000
02c7a623
f80786e3
0f412623
00000000
02d7a623
fa0786e3
0f512623
00000000
02e7a623
f80787e3
0f612623
00000000
02f7a623
fa0787e3
0f712623
00000000
0687a623
fc0784e3
0f812623
00000000
0697a623
fe0784e3
0f912623
00000000
06a7a623
fc0785e3
0fa12623
00000000
06b7a623
fe0785e3
0fb12623
00000000
06c7a623
fc0786e3
0fc12623
00000000
06d7a623
fe0786e3
0fd12623
00000000
06e7a623
fc0787e3
0fe12623
00000000
06f7a623
fe0787e3
0ff12623
00000000
02842823
f00408e3
02012823
00000000
02942823
f20408e3
02112823
00000000
02a42823
f00409e3
02212823
00000000
02b42823
f20409e3
02312823
00000000
02c42823
f0040ae3
02412823
00000000
02d42823
f2040ae3
02512823
00000000
02e42823
f0040be3
02612823
00000000
02f42823
f2040be3
02712823
00000000
06842823
f40408e3
02812823
00000000
06942823
f60408e3
02912823
00000000
06a42823
f40409e3
02a12823
00000000
06b42823
f60409e3
02b12823
00000000
06c42823
f4040ae3
02c12823
00000000
06d42823
f6040ae3
02d12823
00000000
06e42823
f4040be3
02e12823
00000000
06f42823
f6040be3
02f12823
00000000
02842a23
f80408e3
03012823
00000000
02942a23
fa0408e3
03112823
00000000
02a42a23
f80409e3
03212823
00000000
02b42a23
fa0409e3
03312823
00000000
02c42a23
f8040ae3
03412823
00000000
02d42a23
fa040ae3
03512823
00000000
02e42a23
f8040be3
03612823
00000000
02f42a23
fa040be3
03712823
00000000
06842a23
fc0408e3
03812823
00000000
06942a23
fe0408e3
03912823
00000000
06a42a23
fc0409e3
03a12823
00000000
06b42a23
fe0409e3
03b12823
00000000
06c42a23
fc040ae3
03c12823
00000000
06d42a23
fe040ae3
03d12823
00000000
06e42a23
fc040be3
03e12823
00000000
06f42a23
fe040be3
03f12823
00000000
0284a823
f00488e3
06012823
00000000
0294a823
f20488e3
06112823
00000000
02a4a823
f00489e3
06212823
00000000
02b4a823
f20489e3
06312823
00000000
02c4a823
f0048ae3
06412823
00000000
02d4a823
f2048ae3
06512823
00000000
02e4a823
f0048be3
06612823
00000000
02f4a823
f2048be3
06712823
00000000
0684a823
f40488e3
06812823
00000000
0694a823
f60488e3
06912823
00000000
06a4a823
f40489e3
06a12823
00000000
06b4a823
f60489e3
06b12823
00000000
06c4a823
f4048ae3
06c12823
00000000
06d4a823
f6048ae3
06d12823
00000000
06e4a823
f4048be3
06e12823
00000000
06f4a823
f6048be3
06f12823
00000000
0284aa23
f80488e3
07012823
00000000
0294aa23
fa0488e3
07112823
00000000
02a4aa23
f80489e3
07212823
00000000
02b4aa23
fa0489e3
07312823
00000000
02c4aa23
f8048ae3
07412823
00000000
02d4aa23
fa048ae3
07512823
00000000
02e4aa23
f8048be3
07612823
00000000
02f4aa23
fa048be3
07712823
00000000
0684aa23
fc0488e3
07812823
00000000
0694aa23
fe0488e3
07912823
00000000
06a4aa23
fc0489e3
07a12823
00000000
06b4aa23
fe0489e3
07b12823
00000000
06c4aa23
fc048ae3
07c12823
00000000
06d4aa23
fe048ae3
07d12823
00000000
06e4aa23
fc048be3
07e12823
00000000
06f4aa23
fe048be3
07f12823
00000000
02852823
f00508e3
0a012823
00000000
02952823
f20508e3
0a112823
00000000
02a52823
f00509e3
0a212823
00000000
02b52823
f20509e3
0a312823
00000000
02c52823
f0050ae3
0a412823
00000000
02d52823
f2050ae3
0a512823
00000000
02e52823
f0050be3
0a612823
00000000
02f52823
f2050be3
0a712823
00000000
06852823
f40508e3
0a812823
00000000
06952823
f60508e3
0a912823
00000000
06a52823
f40509e3
0aa12823
00000000
06b52823
f60509e3
0ab12823
00000000
06c52823
f4050ae3
0ac12823
00000000
06d52823
f6050ae3
0ad12823
00000000
06e52823
f4050be3
0ae12823
00000000
06f52823
f6050be3
0af12823
00000000
02852a23
f80508e3
0b012823
00000000
02952a23
fa0508e3
0b112823
00000000
02a52a23
f80509e3
0b212823
00000000
02b52a23
fa0509e3
0b312823
00000000
02c52a23
f8050ae3
0b412823
00000000
02d52a23
fa050ae3
0b512823
00000000
02e52a23
f8050be3
0b612823
00000000
02f52a23
fa050be3
0b712823
00000000
06852a23
fc0508e3
0b812823
00000000
06952a23
fe0508e3
0b912823
00000000
06a52a23
fc0509e3
0ba12823
00000000
06b52a23
fe0509e3
0bb12823
00000000
06c52a23
fc050ae3
0bc12823
00000000
06d52a23
fe050ae3
0bd12823
00000000
06e52a23
fc050be3
0be12823
00000000
06f52a23
fe050be3
0bf12823
00000000
0285a823
f00588e3
0e012823
00000000
0295a823
f20588e3
0e112823
00000000
02a5a823
f00589e3
0e212823
00000000
02b5a823
f20589e3
0e312823
00000000
02c5a823
f0058ae3
0e412823
00000000
02d5a823
f2058ae3
0e512823
00000000
02e5a823
f0058be3
0e612823
00000000
02f5a823
f2058be3
0e712823
00000000
0685a823
f40588e3
0e812823
00000000
0695a823
f60588e3
0e912823
00000000
06a5a823
f40589e3
0ea12823
00000000
06b5a823
f60589e3
0eb12823
00000000
06c5a823
f4058ae3
0ec12823
00000000
06d5a823
f6058ae3
0ed12823
00000000
06e5a823
f4058be3
0ee12823
00000000
06f5a823
f6058be3
0ef12823
00000000
0285aa23
f80588e3
0f012823
00000000
0295aa23
fa0588e3
0f112823
00000000
02a5aa23
f80589e3
0f212823
00000000
02b5aa23
fa0589e3
0f312823
00000000
02c5aa23
f8058ae3
0f412823
00000000
02d5aa23
fa058ae3
0f512823
00000000
02e5aa23
f8058be3
0f612823
00000000
02f5aa23
fa058be3
0f712823
00000000
0685aa23
fc0588e3
0f812823
00000000
0695aa23
fe0588e3
0f912823
00000000
06a5aa23
fc0589e3
0fa12823
00000000
06b5aa23
fe0589e3
0fb12823
00000000
06c5aa23
fc058ae3
0fc12823
00000000
06d5aa23
fe058ae3
0fd12823
00000000
06e5aa23
fc058be3
0fe12823
00000000
06f5aa23
fe058be3
0ff12823
00000000
02862823
f00608e3
02012a23
00000000
02962823
f20608e3
02112a23
00000000
02a62823
f00609e3
02212a23
00000000
02b62823
f20609e3
02312a23
00000000
02c62823
f0060ae3
02412a23
00000000
02d62823
f2060ae3
02512a23
00000000
02e62823
f0060be3
02612a23
00000000
02f62823
f2060be3
02712a23
00000000
06862823
f40608e3
02812a23
00000000
06962823
f60608e3
02912a23
00000000
06a62823
f40609e3
02a12a23
00000000
06b62823
f60609e3
02b12a23
00000000
06c62823
f4060ae3
02c12a23
00000000
06d62823
f6060ae3
02d12a23
00000000
06e62823
f4060be3
02e12a23
00000000
06f62823
f6060be3
02f12a23
00000000
02862a23
f80608e3
03012a23
00000000
02962a23
fa0608e3
03112a23
00000000
02a62a23
f80609e3
03212a23
00000000
02b62a23
fa0609e3
03312a23
00000000
02c62a23
f8060ae3
03412a23
00000000
02d62a23
fa060ae3
03512a23
00000000
02e62a23
f8060be3
03612a23
00000000
02f62a23
fa060be3
03712a23
00000000
06862a23
fc0608e3
03812a23
00000000
06962a23
fe0608e3
03912a23
00000000
06a62a23
fc0609e3
03a12a23
00000000
06b62a23
fe0609e3
03b12a23
00000000
06c62a23
fc060ae3
03c12a23
00000000
06d62a23
fe060ae3
03d12a23
00000000
06e62a23
fc060be3
03e12a23
00000000
06f62a23
fe060be3
03f12a23
00000000
0286a823
f00688e3
06012a23
00000000
0296a823
f20688e3
06112a23
00000000
02a6a823
f00689e3
06212a23
00000000
02b6a823
f20689e3
06312a23
00000000
02c6a823
f0068ae3
06412a23
00000000
02d6a823
f2068ae3
06512a23
00000000
02e6a823
f0068be3
06612a23
00000000
02f6a823
f2068be3
06712a23
00000000
0686a823
f40688e3
06812a23
00000000
0696a823
f60688e3
06912a23
00000000
06a6a823
f40689e3
06a12a23
00000000
06b6a823
f60689e3
06b12a23
00000000
06c6a823
f4068ae3
06c12a23
00000000
06d6a823
f6068ae3
06d12a23
00000000
06e6a823
f4068be3
06e12a23
00000000
06f6a823
f6068be3
06f12a23
00000000
0286aa23
f80688e3
07012a23
00000000
0296aa23
fa0688e3
07112a23
00000000
02a6aa23
f80689e3
07212a23
00000000
02b6aa23
fa0689e3
07312a23
00000000
02c6aa23
f8068ae3
07412a23
00000000
02d6aa23
fa068ae3
07512a23
00000000
02e6aa23
f8068be3
07612a23
00000000
02f6aa23
fa068be3
07712a23
00000000
0686aa23
fc0688e3
07812a23
00000000
0696aa23
fe0688e3
07912a23
00000000
06a6aa23
fc0689e3
07a12a23
00000000
06b6aa23
fe0689e3
07b12a23
00000000
06c6aa23
fc068ae3
07c12a23
00000000
06d6aa23
fe068ae3
07d12a23
00000000
06e6aa23
fc068be3
07e12a23
00000000
06f6aa23
fe068be3
07f12a23
00000000
02872823
f00708e3
0a012a23
00000000
02972823
f20708e3
0a112a23
00000000
02a72823
f00709e3
0a212a23
00000000
02b72823
f20709e3
0a312a23
00000000
02c72823
f0070ae3
0a412a23
00000000
02d72823
f2070ae3
0a512a23
00000000
02e72823
f0070be3
0a612a23
00000000
02f72823
f2070be3
0a712a23
00000000
06872823
f40708e3
0a812a23
00000000
06972823
f60708e3
0a912a23
00000000
06a72823
f40709e3
0aa12a23
00000000
06b72823
f60709e3
0ab12a23
00000000
06c72823
f4070ae3
0ac12a23
00000000
06d72823
f6070ae3
0ad12a23
00000000
06e72823
f4070be3
0ae12a23
00000000
06f72823
f6070be3
0af12a23
00000000
02872a23
f80708e3
0b012a23
00000000
02972a23
fa0708e3
0b112a23
00000000
02a72a23
f80709e3
0b212a23
00000000
02b72a23
fa0709e3
0b312a23
00000000
02c72a23
f8070ae3
0b412a23
00000000
02d72a23
fa070ae3
0b512a23
00000000
02e72a23
f8070be3
0b612a23
00000000
02f72a23
fa070be3
0b712a23
00000000
06872a23
fc0708e3
0b812a23
00000000
06972a23
fe0708e3
0b912a23
00000000
06a72a23
fc0709e3
0ba12a23
00000000
06b72a23
fe0709e3
0bb12a23
00000000
06c72a23
fc070ae3
0bc12a23
00000000
06d72a23
fe070ae3
0bd12a23
00000000
06e72a23
fc070be3
0be12a23
00000000
06f72a23
fe070be3
0bf12a23
00000000
0287a823
f00788e3
0e012a23
00000000
0297a823
f20788e3
0e112a23
00000000
02a7a823
f00789e3
0e212a23
00000000
02b7a823
f20789e3
0e312a23
00000000
02c7a823
f0078ae3
0e412a23
00000000
02d7a823
f2078ae3
0e512a23
00000000
02e7a823
f0078be3
0e612a23
00000000
02f7a823
f2078be3
0e712a23
00000000
0687a823
f40788e3
0e812a23
00000000
0697a823
f60788e3
0e912a23
00000000
06a7a823
f40789e3
0ea12a23
00000000
06b7a823
f60789e3
0eb12a23
00000000
06c7a823
f4078ae3
0ec12a23
00000000
06d7a823
f6078ae3
0ed12a23
00000000
06e7a823
f4078be3
0ee12a23
00000000
06f7a823
f6078be3
0ef12a23
00000000
0287aa23
f80788e3
0f012a23
00000000
0297aa23
fa0788e3
0f112a23
00000000
02a7aa23
f80789e3
0f212a23
00000000
02b7aa23
fa0789e3
0f312a23
00000000
02c7aa23
f8078ae3
0f412a23
00000000
02d7aa23
fa078ae3
0f512a23
00000000
02e7aa23
f8078be3
0f612a23
00000000
02f7aa23
fa078be3
0f712a23
00000000
0687aa23
fc0788e3
0f812a23
00000000
0697aa23
fe0788e3
0f912a23
00000000
06a7aa23
fc0789e3
0fa12a23
00000000
06b7aa23
fe0789e3
0fb12a23
00000000
06c7aa23
fc078ae3
0fc12a23
00000000
06d7aa23
fe078ae3
0fd12a23
00000000
06e7aa23
fc078be3
0fe12a23
00000000
06f7aa23
fe078be3
0ff12a23
00000000
02842c23
f0040ce3
02012c23
00000000
02942c23
f2040ce3
02112c23
00000000
02a42c23
f0040de3
02212c23
00000000
02b42c23
f2040de3
02312c23
00000000
02c42c23
f0040ee3
02412c23
00000000
02d42c23
f2040ee3
02512c23
00000000
02e42c23
f0040fe3
02612c23
00000000
02f42c23
f2040fe3
02712c23
00000000
06842c23
f4040ce3
02812c23
00000000
06942c23
f6040ce3
02912c23
00000000
06a42c23
f4040de3
02a12c23
00000000
06b42c23
f6040de3
02b12c23
00000000
06c42c23
f4040ee3
02c12c23
00000000
06d42c23
f6040ee3
02d12c23
00000000
06e42c23
f4040fe3
02e12c23
00000000
06f42c23
f6040fe3
02f12c23
00000000
02842e23
f8040ce3
03012c23
00000000
02942e23
fa040ce3
03112c23
00000000
02a42e23
f8040de3
03212c23
00000000
02b42e23
fa040de3
03312c23
00000000
02c42e23
f8040ee3
03412c23
00000000
02d42e23
fa040ee3
03512c23
00000000
02e42e23
f8040fe3
03612c23
00000000
02f42e23
fa040fe3
03712c23
00000000
06842e23
fc040ce3
03812c23
00000000
06942e23
fe040ce3
03912c23
00000000
06a42e23
fc040de3
03a12c23
00000000
06b42e23
fe040de3
03b12c23
00000000
06c42e23
fc040ee3
03c12c23
00000000
06d42e23
fe040ee3
03d12c23
00000000
06e42e23
fc040fe3
03e12c23
00000000
06f42e23
fe040fe3
03f12c23
00000000
0284ac23
f0048ce3
06012c23
00000000
0294ac23
f2048ce3
06112c23
00000000
02a4ac23
f0048de3
06212c23
00000000
02b4ac23
f2048de3
06312c23
00000000
02c4ac23
f0048ee3
06412c23
00000000
02d4ac23
f2048ee3
06512c23
00000000
02e4ac23
f0048fe3
06612c23
00000000
02f4ac23
f2048fe3
06712c23
00000000
0684ac23
f4048ce3
06812c23
00000000
0694ac23
f6048ce3
06912c23
00000000
06a4ac23
f4048de3
06a12c23
00000000
06b4ac23
f6048de3
06b12c23
00000000
06c4ac23
f4048ee3
06c12c23
00000000
06d4ac23
f6048ee3
06d12c23
00000000
06e4ac23
f4048fe3
06e12c23
00000000
06f4ac23
f6048fe3
06f12c23
00000000
0284ae23
f8048ce3
07012c23
00000000
0294ae23
fa048ce3
07112c23
00000000
02a4ae23
f8048de3
07212c23
00000000
02b4ae23
fa048de3
07312c23
00000000
02c4ae23
f8048ee3
07412c23
00000000
02d4ae23
fa048ee3
07512c23
00000000
02e4ae23
f8048fe3
07612c23
00000000
02f4ae23
fa048fe3
07712c23
00000000
0684ae23
fc048ce3
07812c23
00000000
0694ae23
fe048ce3
07912c23
00000000
06a4ae23
fc048de3
07a12c23
00000000
06b4ae23
fe048de3
07b12c23
00000000
06c4ae23
fc048ee3
07c12c23
00000000
06d4ae23
fe048ee3
07d12c23
00000000
06e4ae23
fc048fe3
07e12c23
00000000
06f4ae23
fe048fe3
07f12c23
00000000
02852c23
f0050ce3
0a012c23
00000000
02952c23
f2050ce3
0a112c23
00000000
02a52c23
f0050de3
0a212c23
00000000
02b52c23
f2050de3
0a312c23
00000000
02c52c23
f0050ee3
0a412c23
00000000
02d52c23
f2050ee3
0a512c23
00000000
02e52c23
f0050fe3
0a612c23
00000000
02f52c23
f2050fe3
0a712c23
00000000
06852c23
f4050ce3
0a812c23
00000000
06952c23
f6050ce3
0a912c23
00000000
06a52c23
f4050de3
0aa12c23
00000000
06b52c23
f6050de3
0ab12c23
00000000
06c52c23
f4050ee3
0ac12c23
00000000
06d52c23
f6050ee3
0ad12c23
00000000
06e52c23
f4050fe3
0ae12c23
00000000
06f52c23
f6050fe3
0af12c23
00000000
02852e23
f8050ce3
0b012c23
00000000
02952e23
fa050ce3
0b112c23
00000000
02a52e23
f8050de3
0b212c23
00000000
02b52e23
fa050de3
0b312c23
00000000
02c52e23
f8050ee3
0b412c23
00000000
02d52e23
fa050ee3
0b512c23
00000000
02e52e23
f8050fe3
0b612c23
00000000
02f52e23
fa050fe3
0b712c23
00000000
06852e23
fc050ce3
0b812c23
00000000
06952e23
fe050ce3
0b912c23
00000000
06a52e23
fc050de3
0ba12c23
00000000
06b52e23
fe050de3
0bb12c23
00000000
06c52e23
fc050ee3
0bc12c23
00000000
06d52e23
fe050ee3
0bd12c23
00000000
06e52e23
fc050fe3
0be12c23
00000000
06f52e23
fe050fe3
0bf12c23
00000000
0285ac23
f0058ce3
0e012c23
00000000
0295ac23
f2058ce3
0e112c23
00000000
02a5ac23
f0058de3
0e212c23
00000000
02b5ac23
f2058de3
0e312c23
00000000
02c5ac23
f0058ee3
0e412c23
00000000
02d5ac23
f2058ee3
0e512c23
00000000
02e5ac23
f0058fe3
0e612c23
00000000
02f5ac23
f2058fe3
0e712c23
00000000
0685ac23
f4058ce3
0e812c23
00000000
0695ac23
f6058ce3
0e912c23
00000000
06a5ac23
f4058de3
0ea12c23
00000000
06b5ac23
f6058de3
0eb12c23
00000000
06c5ac23
f4058ee3
0ec12c23
00000000
06d5ac23
f6058ee3
0ed12c23
00000000
06e5ac23
f4058fe3
0ee12c23
00000000
06f5ac23
f6058fe3
0ef12c23
00000000
0285ae23
f8058ce3
0f012c23
00000000
0295ae23
fa058ce3
0f112c23
00000000
02a5ae23
f8058de3
0f212c23
00000000
02b5ae23
fa058de3
0f312c23
00000000
02c5ae23
f8058ee3
0f412c23
00000000
02d5ae23
fa058ee3
0f512c23
00000000
02e5ae23
f8058fe3
0f612c23
00000000
02f5ae23
fa058fe3
0f712c23
00000000
0685ae23
fc058ce3
0f812c23
00000000
0695ae23
fe058ce3
0f912c23
00000000
06a5ae23
fc058de3
0fa12c23
00000000
06b5ae23
fe058de3
0fb12c23
00000000
06c5ae23
fc058ee3
0fc12c23
00000000
06d5ae23
fe058ee3
0fd12c23
00000000
06e5ae23
fc058fe3
0fe12c23
00000000
06f5ae23
fe058fe3
0ff12c23
00000000
02862c23
f0060ce3
02012e23
00000000
02962c23
f2060ce3
02112e23
00000000
02a62c23
f0060de3
02212e23
00000000
02b62c23
f2060de3
02312e23
00000000
02c62c23
f0060ee3
02412e23
00000000
02d62c23
f2060ee3
02512e23
00000000
02e62c23
f0060fe3
02612e23
00000000
02f62c23
f2060fe3
02712e23
00000000
06862c23
f4060ce3
02812e23
00000000
06962c23
f6060ce3
02912e23
00000000
06a62c23
f4060de3
02a12e23
00000000
06b62c23
f6060de3
02b12e23
00000000
06c62c23
f4060ee3
02c12e23
00000000
06d62c23
f6060ee3
02d12e23
00000000
06e62c23
f4060fe3
02e12e23
00000000
06f62c23
f6060fe3
02f12e23
00000000
02862e23
f8060ce3
03012e23
00000000
02962e23
fa060ce3
03112e23
00000000
02a62e23
f8060de3
03212e23
00000000
02b62e23
fa060de3
03312e23
00000000
02c62e23
f8060ee3
03412e23
00000000
02d62e23
fa060ee3
03512e23
00000000
02e62e23
f8060fe3
03612e23
00000000
02f62e23
fa060fe3
03712e23
00000000
06862e23
fc060ce3
03812e23
00000000
06962e23
fe060ce3
03912e23
00000000
06a62e23
fc060de3
03a12e23
00000000
06b62e23
fe060de3
03b12e23
00000000
06c62e23
fc060ee3
03c12e23
00000000
06d62e23
fe060ee3
03d12e23
00000000
06e62e23
fc060fe3
03e12e23
00000000
06f62e23
fe060fe3
03f12e23
00000000
0286ac23
f0068ce3
06012e23
00000000
0296ac23
f2068ce3
06112e23
00000000
02a6ac23
f0068de3
06212e23
00000000
02b6ac23
f2068de3
06312e23
00000000
02c6ac23
f0068ee3
06412e23
00000000
02d6ac23
f2068ee3
06512e23
00000000
02e6ac23
f0068fe3
06612e23
00000000
02f6ac23
f2068fe3
06712e23
00000000
0686ac23
f4068ce3
06812e23
00000000
0696ac23
f6068ce3
06912e23
00000000
06a6ac23
f4068de3
06a12e23
00000000
06b6ac23
f6068de3
06b12e23
00000000
06c6ac23
f4068ee3
06c12e23
00000000
06d6ac23
f6068ee3
06d12e23
00000000
06e6ac23
f4068fe3
06e12e23
00000000
06f6ac23
f6068fe3
06f12e23
00000000
0286ae23
f8068ce3
07012e23
00000000
0296ae23
fa068ce3
07112e23
00000000
02a6ae23
f8068de3
07212e23
00000000
02b6ae23
fa068de3
07312e23
00000000
02c6ae23
f8068ee3
07412e23
00000000
02d6ae23
fa068ee3
07512e23
00000000
02e6ae23
f8068fe3
07612e23
00000000
02f6ae23
fa068fe3
07712e23
00000000
0686ae23
fc068ce3
07812e23
00000000
0696ae23
fe068ce3
07912e23
00000000
06a6ae23
fc068de3
07a12e23
00000000
06b6ae23
fe068de3
07b12e23
00000000
06c6ae23
fc068ee3
07c12e23
00000000
06d6ae23
fe068ee3
07d12e23
00000000
06e6ae23
fc068fe3
07e12e23
00000000
06f6ae23
fe068fe3
07f12e23
00000000
02872c23
f0070ce3
0a012e23
00000000
02972c23
f2070ce3
0a112e23
00000000
02a72c23
f0070de3
0a212e23
00000000
02b72c23
f2070de3
0a312e23
00000000
02c72c23
f0070ee3
0a412e23
00000000
02d72c23
f2070ee3
0a512e23
00000000
02e72c23
f0070fe3
0a612e23
00000000
02f72c23
f2070fe3
0a712e23
00000000
06872c23
f4070ce3
0a812e23
00000000
06972c23
f6070ce3
0a912e23
00000000
06a72c23
f4070de3
0aa12e23
00000000
06b72c23
f6070de3
0ab12e23
00000000
06c72c23
f4070ee3
0ac12e23
00000000
06d72c23
f6070ee3
0ad12e23
00000000
06e72c23
f4070fe3
0ae12e23
00000000
06f72c23
f6070fe3
0af12e23
00000000
02872e23
f8070ce3
0b012e23
00000000
02972e23
fa070ce3
0b112e23
00000000
02a72e23
f8070de3
0b212e23
00000000
02b72e23
fa070de3
0b312e23
00000000
02c72e23
f8070ee3
0b412e23
00000000
02d72e23
fa070ee3
0b512e23
00000000
02e72e23
f8070fe3
0b612e23
00000000
02f72e23
fa070fe3
0b712e23
00000000
06872e23
fc070ce3
0b812e23
00000000
06972e23
fe070ce3
0b912e23
00000000
06a72e23
fc070de3
0ba12e23
00000000
06b72e23
fe070de3
0bb12e23
00000000
06c72e23
fc070ee3
0bc12e23
00000000
06d72e23
fe070ee3
0bd12e23
00000000
06e72e23
fc070fe3
0be12e23
00000000
06f72e23
fe070fe3
0bf12e23
00000000
0287ac23
f0078ce3
0e012e23
00000000
0297ac23
f2078ce3
0e112e23
00000000
02a7ac23
f0078de3
0e212e23
00000000
02b7ac23
f2078de3
0e312e23
00000000
02c7ac23
f0078ee3
0e412e23
00000000
02d7ac23
f2078ee3
0e512e23
00000000
02e7ac23
f0078fe3
0e612e23
00000000
02f7ac23
f2078fe3
0e712e23
00000000
0687ac23
f4078ce3
0e812e23
00000000
0697ac23
f6078ce3
0e912e23
00000000
06a7ac23
f4078de3
0ea12e23
00000000
06b7ac23
f6078de3
0eb12e23
00000000
06c7ac23
f4078ee3
0ec12e23
00000000
06d7ac23
f6078ee3
0ed12e23
00000000
06e7ac23
f4078fe3
0ee12e23
00000000
06f7ac23
f6078fe3
0ef12e23
00000000
0287ae23
f8078ce3
0f012e23
00000000
0297ae23
fa078ce3
0f112e23
00000000
02a7ae23
f8078de3
0f212e23
00000000
02b7ae23
fa078de3
0f312e23
00000000
02c7ae23
f8078ee3
0f412e23
00000000
02d7ae23
fa078ee3
0f512e23
00000000
02e7ae23
f8078fe3
0f612e23
00000000
02f7ae23
fa078fe3
0f712e23
00000000
0687ae23
fc078ce3
0f812e23
00000000
0697ae23
fe078ce3
0f912e23
00000000
06a7ae23
fc078de3
0fa12e23
00000000
06b7ae23
fe078de3
0fb12e23
00000000
06c7ae23
fc078ee3
0fc12e23
00000000
06d7ae23
fe078ee3
0fd12e23
00000000
06e7ae23
fc078fe3
0fe12e23
00000000
06f7ae23
fe078fe3
0ff12e23
00000000
00843023
00041063
00013023
00000000
00943023
02041063
00113023
00000000
00a43023
00041163
00213023
00000000
00b43023
02041163
00313023
00000000
00c43023
00041263
00413023
00000000
00d43023
02041263
00513023
00000000
00e43023
00041363
00613023
00000000
00f43023
02041363
00713023
00000000
04843023
04041063
00813023
00000000
04943023
06041063
00913023
00000000
04a43023
04041163
00a13023
00000000
04b43023
06041163
00b13023
00000000
04c43023
04041263
00c13023
00000000
04d43023
06041263
00d13023
00000000
04e43023
04041363
00e13023
00000000
04f43023
06041363
00f13023
00000000
08843023
08041063
01013023
00000000
08943023
0a041063
01113023
00000000
08a43023
08041163
01213023
00000000
08b43023
0a041163
01313023
00000000
08c43023
08041263
01413023
00000000
08d43023
0a041263
01513023
00000000
08e43023
08041363
01613023
00000000
08f43023
0a041363
01713023
00000000
0c843023
0c041063
01813023
00000000
0c943023
0e041063
01913023
00000000
0ca43023
0c041163
01a13023
00000000
0cb43023
0e041163
01b13023
00000000
0cc43023
0c041263
01c13023
00000000
0cd43023
0e041263
01d13023
00000000
0ce43023
0c041363
01e13023
00000000
0cf43023
0e041363
01f13023
00000000
0084b023
00049063
04013023
00000000
0094b023
02049063
04113023
00000000
00a4b023
00049163
04213023
00000000
00b4b023
02049163
04313023
00000000
00c4b023
00049263
04413023
00000000
00d4b023
02049263
04513023
00000000
00e4b023
00049363
04613023
00000000
00f4b023
02049363
04713023
00000000
0484b023
04049063
04813023
00000000
0494b023
06049063
04913023
00000000
04a4b023
04049163
04a13023
00000000
04b4b023
06049163
04b13023
00000000
04c4b023
04049263
04c13023
00000000
04d4b023
06049263
04d13023
00000000
04e4b023
04049363
04e13023
00000000
04f4b023
06049363
04f13023
00000000
0884b023
08049063
05013023
00000000
0894b023
0a049063
05113023
00000000
08a4b023
08049163
05213023
00000000
08b4b023
0a049163
05313023
00000000
08c4b023
08049263
05413023
00000000
08d4b023
0a049263
05513023
00000000
08e4b023
08049363
05613023
00000000
08f4b023
0a049363
05713023
00000000
0c84b023
0c049063
05813023
00000000
0c94b023
0e049063
05913023
00000000
0ca4b023
0c049163
05a13023
00000000
0cb4b023
0e049163
05b13023
00000000
0cc4b023
0c049263
05c13023
00000000
0cd4b023
0e049263
05d13023
00000000
0ce4b023
0c049363
05e13023
00000000
0cf4b023
0e049363
05f13023
00000000
00853023
00051063
08013023
00000000
00953023
02051063
08113023
00000000
00a53023
00051163
08213023
00000000
00b53023
02051163
08313023
00000000
00c53023
00051263
08413023
00000000
00d53023
02051263
08513023
00000000
00e53023
00051363
08613023
00000000
00f53023
02051363
08713023
00000000
04853023
04051063
08813023
00000000
04953023
06051063
08913023
00000000
04a53023
04051163
08a13023
00000000
04b53023
06051163
08b13023
00000000
04c53023
04051263
08c13023
00000000
04d53023
06051263
08d13023
00000000
04e53023
04051363
08e13023
00000000
04f53023
06051363
08f13023
00000000
08853023
08051063
09013023
00000000
08953023
0a051063
09113023
00000000
08a53023
08051163
09213023
00000000
08b53023
0a051163
09313023
00000000
08c53023
08051263
09413023
00000000
08d53023
0a051263
09513023
00000000
08e53023
08051363
09613023
00000000
08f53023
0a051363
09713023
00000000
0c853023
0c051063
09813023
00000000
0c953023
0e051063
09913023
00000000
0ca53023
0c051163
09a13023
00000000
0cb53023
0e051163
09b13023
00000000
0cc53023
0c051263
09c13023
00000000
0cd53023
0e051263
09d13023
00000000
0ce53023
0c051363
09e13023
00000000
0cf53023
0e051363
09f13023
00000000
0085b023
00059063
0c013023
00000000
0095b023
02059063
0c113023
00000000
00a5b023
00059163
0c213023
00000000
00b5b023
02059163
0c313023
00000000
00c5b023
00059263
0c413023
00000000
00d5b023
02059263
0c513023
00000000
00e5b023
00059363
0c613023
00000000
00f5b023
02059363
0c713023
00000000
0485b023
04059063
0c813023
00000000
0495b023
06059063
0c913023
00000000
04a5b023
04059163
0ca13023
00000000
04b5b023
06059163
0cb13023
00000000
04c5b023
04059263
0cc13023
00000000
04d5b023
06059263
0cd13023
00000000
04e5b023
04059363
0ce13023
00000000
04f5b023
06059363
0cf13023
00000000
0885b023
08059063
0d013023
00000000
0895b023
0a059063
0d113023
00000000
08a5b023
08059163
0d213023
00000000
08b5b023
0a059163
0d313023
00000000
08c5b023
08059263
0d413023
00000000
08d5b023
0a059263
0d513023
00000000
08e5b023
08059363
0d613023
00000000
08f5b023
0a059363
0d713023
00000000
0c85b023
0c059063
0d813023
00000000
0c95b023
0e059063
0d913023
00000000
0ca5b023
0c059163
0da13023
00000000
0cb5b023
0e059163
0db13023
00000000
0cc5b023
0c059263
0dc13023
00000000
0cd5b023
0e059263
0dd13023
00000000
0ce5b023
0c059363
0de13023
00000000
0cf5b023
0e059363
0df13023
00000000
00863023
00061063
10013023
00000000
00963023
02061063
10113023
00000000
00a63023
00061163
10213023
00000000
00b63023
02061163
10313023
00000000
00c63023
00061263
10413023
00000000
00d63023
02061263
10513023
00000000
00e63023
00061363
10613023
00000000
00f63023
02061363
10713023
00000000
04863023
04061063
10813023
00000000
04963023
06061063
10913023
00000000
04a63023
04061163
10a13023
00000000
04b63023
06061163
10b13023
00000000
04c63023
04061263
10c13023
00000000
04d63023
06061263
10d13023
00000000
04e63023
04061363
10e13023
00000000
04f63023
06061363
10f13023
00000000
08863023
08061063
11013023
00000000
08963023
0a061063
11113023
00000000
08a63023
08061163
11213023
00000000
08b63023
0a061163
11313023
00000000
08c63023
08061263
11413023
00000000
08d63023
0a061263
11513023
00000000
08e63023
08061363
11613023
00000000
08f63023
0a061363
11713023
00000000
0c863023
0c061063
11813023
00000000
0c963023
0e061063
11913023
00000000
0ca63023
0c061163
11a13023
00000000
0cb63023
0e061163
11b13023
00000000
0cc63023
0c061263
11c13023
00000000
0cd63023
0e061263
11d13023
00000000
0ce63023
0c061363
11e13023
00000000
0cf63023
0e061363
11f13023
00000000
0086b023
00069063
14013023
00000000
0096b023
02069063
14113023
00000000
00a6b023
00069163
14213023
00000000
00b6b023
02069163
14313023
00000000
00c6b023
00069263
14413023
00000000
00d6b023
02069263
14513023
00000000
00e6b023
00069363
14613023
00000000
00f6b023
02069363
14713023
00000000
0486b023
04069063
14813023
00000000
0496b023
06069063
14913023
00000000
04a6b023
04069163
14a13023
00000000
04b6b023
06069163
14b13023
00000000
04c6b023
04069263
14c13023
00000000
04d6b023
06069263
14d13023
00000000
04e6b023
04069363
14e13023
00000000
04f6b023
06069363
14f13023
00000000
0886b023
08069063
15013023
00000000
0896b023
0a069063
15113023
00000000
08a6b023
08069163
15213023
00000000
08b6b023
0a069163
15313023
00000000
08c6b023
08069263
15413023
00000000
08d6b023
0a069263
15513023
00000000
08e6b023
08069363
15613023
00000000
08f6b023
0a069363
15713023
00000000
0c86b023
0c069063
15813023
00000000
0c96b023
0e069063
15913023
00000000
0ca6b023
0c069163
15a13023
00000000
0cb6b023
0e069163
15b13023
00000000
0cc6b023
0c069263
15c13023
00000000
0cd6b023
0e069263
15d13023
00000000
0ce6b023
0c069363
15e13023
00000000
0cf6b023
0e069363
15f13023
00000000
00873023
00071063
18013023
00000000
00973023
02071063
18113023
00000000
00a73023
00071163
18213023
00000000
00b73023
02071163
18313023
00000000
00c73023
00071263
18413023
00000000
00d73023
02071263
18513023
00000000
00e73023
00071363
18613023
00000000
00f73023
02071363
18713023
00000000
04873023
04071063
18813023
00000000
04973023
06071063
18913023
00000000
04a73023
04071163
18a13023
00000000
04b73023
06071163
18b13023
00000000
04c73023
04071263
18c13023
00000000
04d73023
06071263
18d13023
00000000
04e73023
04071363
18e13023
00000000
04f73023
06071363
18f13023
00000000
08873023
08071063
19013023
00000000
08973023
0a071063
19113023
00000000
08a73023
08071163
19213023
00000000
08b73023
0a071163
19313023
00000000
08c73023
08071263
19413023
00000000
08d73023
0a071263
19513023
00000000
08e73023
08071363
19613023
00000000
08f73023
0a071363
19713023
00000000
0c873023
0c071063
19813023
00000000
0c973023
0e071063
19913023
00000000
0ca73023
0c071163
19a13023
00000000
0cb73023
0e071163
19b13023
00000000
0cc73023
0c071263
19c13023
00000000
0cd73023
0e071263
19d13023
00000000
0ce73023
0c071363
19e13023
00000000
0cf73023
0e071363
19f13023
00000000
0087b023
00079063
1c013023
00000000
0097b023
02079063
1c113023
00000000
00a7b023
00079163
1c213023
00000000
00b7b023
02079163
1c313023
00000000
00c7b023
00079263
1c413023
00000000
00d7b023
02079263
1c513023
00000000
00e7b023
00079363
1c613023
00000000
00f7b023
02079363
1c713023
00000000
0487b023
04079063
1c813023
00000000
0497b023
06079063
1c913023
00000000
04a7b023
04079163
1ca13023
00000000
04b7b023
06079163
1cb13023
00000000
04c7b023
04079263
1cc13023
00000000
04d7b023
06079263
1cd13023
00000000
04e7b023
04079363
1ce13023
00000000
04f7b023
06079363
1cf13023
00000000
0887b023
08079063
1d013023
00000000
0897b023
0a079063
1d113023
00000000
08a7b023
08079163
1d213023
00000000
08b7b023
0a079163
1d313023
00000000
08c7b023
08079263
1d413023
00000000
08d7b023
0a079263
1d513023
00000000
08e7b023
08079363
1d613023
00000000
08f7b023
0a079363
1d713023
00000000
0c87b023
0c079063
1d813023
00000000
0c97b023
0e079063
1d913023
00000000
0ca7b023
0c079163
1da13023
00000000
0cb7b023
0e079163
1db13023
00000000
0cc7b023
0c079263
1dc13023
00000000
0cd7b023
0e079263
1dd13023
00000000
0ce7b023
0c079363
1de13023
00000000
0cf7b023
0e079363
1df13023
00000000
00843423
00041463
00013423
00000000
00943423
02041463
00113423
00000000
00a43423
00041563
00213423
00000000
00b43423
02041563
00313423
00000000
00c43423
00041663
00413423
00000000
00d43423
02041663
00513423
00000000
00e43423
00041763
00613423
00000000
00f43423
02041763
00713423
00000000
04843423
04041463
00813423
00000000
04943423
06041463
00913423
00000000
04a43423
04041563
00a13423
00000000
04b43423
06041563
00b13423
00000000
04c43423
04041663
00c13423
00000000
04d43423
06041663
00d13423
00000000
04e43423
04041763
00e13423
00000000
04f43423
06041763
00f13423
00000000
08843423
08041463
01013423
00000000
08943423
0a041463
01113423
00000000
08a43423
08041563
01213423
00000000
08b43423
0a041563
01313423
00000000
08c43423
08041663
01413423
00000000
08d43423
0a041663
01513423
00000000
08e43423
08041763
01613423
00000000
08f43423
0a041763
01713423
00000000
0c843423
0c041463
01813423
00000000
0c943423
0e041463
01913423
00000000
0ca43423
0c041563
01a13423
00000000
0cb43423
0e041563
01b13423
00000000
0cc43423
0c041663
01c13423
00000000
0cd43423
0e041663
01d13423
00000000
0ce43423
0c041763
01e13423
00000000
0cf43423
0e041763
01f13423
00000000
0084b423
00049463
04013423
00000000
0094b423
02049463
04113423
00000000
00a4b423
00049563
04213423
00000000
00b4b423
02049563
04313423
00000000
00c4b423
00049663
04413423
00000000
00d4b423
02049663
04513423
00000000
00e4b423
00049763
04613423
00000000
00f4b423
02049763
04713423
00000000
0484b423
04049463
04813423
00000000
0494b423
06049463
04913423
00000000
04a4b423
04049563
04a13423
00000000
04b4b423
06049563
04b13423
00000000
04c4b423
04049663
04c13423
00000000
04d4b423
06049663
04d13423
00000000
04e4b423
04049763
04e13423
00000000
04f4b423
06049763
04f13423
00000000
0884b423
08049463
05013423
00000000
0894b423
0a049463
05113423
00000000
08a4b423
08049563
05213423
00000000
08b4b423
0a049563
05313423
00000000
08c4b423
08049663
05413423
00000000
08d4b423
0a049663
05513423
00000000
08e4b423
08049763
05613423
00000000
08f4b423
0a049763
05713423
00000000
0c84b423
0c049463
05813423
00000000
0c94b423
0e049463
05913423
00000000
0ca4b423
0c049563
05a13423
00000000
0cb4b423
0e049563
05b13423
00000000
0cc4b423
0c049663
05c13423
00000000
0cd4b423
0e049663
05d13423
00000000
0ce4b423
0c049763
05e13423
00000000
0cf4b423
0e049763
05f13423
00000000
00853423
00051463
08013423
00000000
00953423
02051463
08113423
00000000
00a53423
00051563
08213423
00000000
00b53423
02051563
08313423
00000000
00c53423
00051663
08413423
00000000
00d53423
02051663
08513423
00000000
00e53423
00051763
08613423
00000000
00f53423
02051763
08713423
00000000
04853423
04051463
08813423
00000000
04953423
06051463
08913423
00000000
04a53423
04051563
08a13423
00000000
04b53423
06051563
08b13423
00000000
04c53423
04051663
08c13423
00000000
04d53423
06051663
08d13423
00000000
04e53423
04051763
08e13423
00000000
04f53423
06051763
08f13423
00000000
08853423
08051463
09013423
00000000
08953423
0a051463
09113423
00000000
08a53423
08051563
09213423
00000000
08b53423
0a051563
09313423
00000000
08c53423
08051663
09413423
00000000
08d53423
0a051663
09513423
00000000
08e53423
08051763
09613423
00000000
08f53423
0a051763
09713423
00000000
0c853423
0c051463
09813423
00000000
0c953423
0e051463
09913423
00000000
0ca53423
0c051563
09a13423
00000000
0cb53423
0e051563
09b13423
00000000
0cc53423
0c051663
09c13423
00000000
0cd53423
0e051663
09d13423
00000000
0ce53423
0c051763
09e13423
00000000
0cf53423
0e051763
09f13423
00000000
0085b423
00059463
0c013423
00000000
0095b423
02059463
0c113423
00000000
00a5b423
00059563
0c213423
00000000
00b5b423
02059563
0c313423
00000000
00c5b423
00059663
0c413423
00000000
00d5b423
02059663
0c513423
00000000
00e5b423
00059763
0c613423
00000000
00f5b423
02059763
0c713423
00000000
0485b423
04059463
0c813423
00000000
0495b423
06059463
0c913423
00000000
04a5b423
04059563
0ca13423
00000000
04b5b423
06059563
0cb13423
00000000
04c5b423
04059663
0cc13423
00000000
04d5b423
06059663
0cd13423
00000000
04e5b423
04059763
0ce13423
00000000
04f5b423
06059763
0cf13423
00000000
0885b423
08059463
0d013423
00000000
0895b423
0a059463
0d113423
00000000
08a5b423
08059563
0d213423
00000000
08b5b423
0a059563
0d313423
00000000
08c5b423
08059663
0d413423
00000000
08d5b423
0a059663
0d513423
00000000
08e5b423
08059763
0d613423
00000000
08f5b423
0a059763
0d713423
00000000
0c85b423
0c059463
0d813423
00000000
0c95b423
0e059463
0d913423
00000000
0ca5b423
0c059563
0da13423
00000000
0cb5b423
0e059563
0db13423
00000000
0cc5b423
0c059663
0dc13423
00000000
0cd5b423
0e059663
0dd13423
00000000
0ce5b423
0c059763
0de13423
00000000
0cf5b423
0e059763
0df13423
00000000
00863423
00061463
10013423
00000000
00963423
02061463
10113423
00000000
00a63423
00061563
10213423
00000000
00b63423
02061563
10313423
00000000
00c63423
00061663
10413423
00000000
00d63423
02061663
10513423
00000000
00e63423
00061763
10613423
00000000
00f63423
02061763
10713423
00000000
04863423
04061463
10813423
00000000
04963423
06061463
10913423
00000000
04a63423
04061563
10a13423
00000000
04b63423
06061563
10b13423
00000000
04c63423
04061663
10c13423
00000000
04d63423
06061663
10d13423
00000000
04e63423
04061763
10e13423
00000000
04f63423
06061763
10f13423
00000000
08863423
08061463
11013423
00000000
08963423
0a061463
11113423
00000000
08a63423
08061563
11213423
00000000
08b63423
0a061563
11313423
00000000
08c63423
08061663
11413423
00000000
08d63423
0a061663
11513423
00000000
08e63423
08061763
11613423
00000000
08f63423
0a061763
11713423
00000000
0c863423
0c061463
11813423
00000000
0c963423
0e061463
11913423
00000000
0ca63423
0c061563
11a13423
00000000
0cb63423
0e061563
11b13423
00000000
0cc63423
0c061663
11c13423
00000000
0cd63423
0e061663
11d13423
00000000
0ce63423
0c061763
11e13423
00000000
0cf63423
0e061763
11f13423
00000000
0086b423
00069463
14013423
00000000
0096b423
02069463
14113423
00000000
00a6b423
00069563
14213423
00000000
00b6b423
02069563
14313423
00000000
00c6b423
00069663
14413423
00000000
00d6b423
02069663
14513423
00000000
00e6b423
00069763
14613423
00000000
00f6b423
02069763
14713423
00000000
0486b423
04069463
14813423
00000000
0496b423
06069463
14913423
00000000
04a6b423
04069563
14a13423
00000000
04b6b423
06069563
14b13423
00000000
04c6b423
04069663
14c13423
00000000
04d6b423
06069663
14d13423
00000000
04e6b423
04069763
14e13423
00000000
04f6b423
06069763
14f13423
00000000
0886b423
08069463
15013423
00000000
0896b423
0a069463
15113423
00000000
08a6b423
08069563
15213423
00000000
08b6b423
0a069563
15313423
00000000
08c6b423
08069663
15413423
00000000
08d6b423
0a069663
15513423
00000000
08e6b423
08069763
15613423
00000000
08f6b423
0a069763
15713423
00000000
0c86b423
0c069463
15813423
00000000
0c96b423
0e069463
15913423
00000000
0ca6b423
0c069563
15a13423
00000000
0cb6b423
0e069563
15b13423
00000000
0cc6b423
0c069663
15c13423
00000000
0cd6b423
0e069663
15d13423
00000000
0ce6b423
0c069763
15e13423
00000000
0cf6b423
0e069763
15f13423
00000000
00873423
00071463
18013423
00000000
00973423
02071463
18113423
00000000
00a73423
00071563
18213423
00000000
00b73423
02071563
18313423
00000000
00c73423
00071663
18413423
00000000
00d73423
02071663
18513423
00000000
00e73423
00071763
18613423
00000000
00f73423
02071763
18713423
00000000
04873423
04071463
18813423
00000000
04973423
06071463
18913423
00000000
04a73423
04071563
18a13423
00000000
04b73423
06071563
18b13423
00000000
04c73423
04071663
18c13423
00000000
04d73423
06071663
18d13423
00000000
04e73423
04071763
18e13423
00000000
04f73423
06071763
18f13423
00000000
08873423
08071463
19013423
00000000
08973423
0a071463
19113423
00000000
08a73423
08071563
19213423
00000000
08b73423
0a071563
19313423
00000000
08c73423
08071663
19413423
00000000
08d73423
0a071663
19513423
00000000
08e73423
08071763
19613423
00000000
08f73423
0a071763
19713423
00000000
0c873423
0c071463
19813423
00000000
0c973423
0e071463
19913423
00000000
0ca73423
0c071563
19a13423
00000000
0cb73423
0e071563
19b13423
00000000
0cc73423
0c071663
19c13423
00000000
0cd73423
0e071663
19d13423
00000000
0ce73423
0c071763
19e13423
00000000
0cf73423
0e071763
19f13423
00000000
0087b423
00079463
1c013423
00000000
0097b423
02079463
1c113423
00000000
00a7b423
00079563
1c213423
00000000
00b7b423
02079563
1c313423
00000000
00c7b423
00079663
1c413423
00000000
00d7b423
02079663
1c513423
00000000
00e7b423
00079763
1c613423
00000000
00f7b423
02079763
1c713423
00000000
0487b423
04079463
1c813423
00000000
0497b423
06079463
1c913423
00000000
04a7b423
04079563
1ca13423
00000000
04b7b423
06079563
1cb13423
00000000
04c7b423
04079663
1cc13423
00000000
04d7b423
06079663
1cd13423
00000000
04e7b423
04079763
1ce13423
00000000
04f7b423
06079763
1cf13423
00000000
0887b423
08079463
1d013423
00000000
0897b423
0a079463
1d113423
00000000
08a7b423
08079563
1d213423
00000000
08b7b423
0a079563
1d313423
00000000
08c7b423
08079663
1d413423
00000000
08d7b423
0a079663
1d513423
00000000
08e7b423
08079763
1d613423
00000000
08f7b423
0a079763
1d713423
00000000
0c87b423
0c079463
1d813423
00000000
0c97b423
0e079463
1d913423
00000000
0ca7b423
0c079563
1da13423
00000000
0cb7b423
0e079563
1db13423
00000000
0cc7b423
0c079663
1dc13423
00000000
0cd7b423
0e079663
1dd13423
00000000
0ce7b423
0c079763
1de13423
00000000
0cf7b423
0e079763
1df13423
00000000
00843823
00041863
00013823
00000000
00943823
02041863
00113823
00000000
00a43823
00041963
00213823
00000000
00b43823
02041963
00313823
00000000
00c43823
00041a63
00413823
00000000
00d43823
02041a63
00513823
00000000
00e43823
00041b63
00613823
00000000
00f43823
02041b63
00713823
00000000
04843823
04041863
00813823
00000000
04943823
06041863
00913823
00000000
04a43823
04041963
00a13823
00000000
04b43823
06041963
00b13823
00000000
04c43823
04041a63
00c13823
00000000
04d43823
06041a63
00d13823
00000000
04e43823
04041b63
00e13823
00000000
04f43823
06041b63
00f13823
00000000
08843823
08041863
01013823
00000000
08943823
0a041863
01113823
00000000
08a43823
08041963
01213823
00000000
08b43823
0a041963
01313823
00000000
08c43823
08041a63
01413823
00000000
08d43823
0a041a63
01513823
00000000
08e43823
08041b63
01613823
00000000
08f43823
0a041b63
01713823
00000000
0c843823
0c041863
01813823
00000000
0c943823
0e041863
01913823
00000000
0ca43823
0c041963
01a13823
00000000
0cb43823
0e041963
01b13823
00000000
0cc43823
0c041a63
01c13823
00000000
0cd43823
0e041a63
01d13823
00000000
0ce43823
0c041b63
01e13823
00000000
0cf43823
0e041b63
01f13823
00000000
0084b823
00049863
04013823
00000000
0094b823
02049863
04113823
00000000
00a4b823
00049963
04213823
00000000
00b4b823
02049963
04313823
00000000
00c4b823
00049a63
04413823
00000000
00d4b823
02049a63
04513823
00000000
00e4b823
00049b63
04613823
00000000
00f4b823
02049b63
04713823
00000000
0484b823
04049863
04813823
00000000
0494b823
06049863
04913823
00000000
04a4b823
04049963
04a13823
00000000
04b4b823
06049963
04b13823
00000000
04c4b823
04049a63
04c13823
00000000
04d4b823
06049a63
04d13823
00000000
04e4b823
04049b63
04e13823
00000000
04f4b823
06049b63
04f13823
00000000
0884b823
08049863
05013823
00000000
0894b823
0a049863
05113823
00000000
08a4b823
08049963
05213823
00000000
08b4b823
0a049963
05313823
00000000
08c4b823
08049a63
05413823
00000000
08d4b823
0a049a63
05513823
00000000
08e4b823
08049b63
05613823
00000000
08f4b823
0a049b63
05713823
00000000
0c84b823
0c049863
05813823
00000000
0c94b823
0e049863
05913823
00000000
0ca4b823
0c049963
05a13823
00000000
0cb4b823
0e049963
05b13823
00000000
0cc4b823
0c049a63
05c13823
00000000
0cd4b823
0e049a63
05d13823
00000000
0ce4b823
0c049b63
05e13823
00000000
0cf4b823
0e049b63
05f13823
00000000
00853823
00051863
08013823
00000000
00953823
02051863
08113823
00000000
00a53823
00051963
08213823
00000000
00b53823
02051963
08313823
00000000
00c53823
00051a63
08413823
00000000
00d53823
02051a63
08513823
00000000
00e53823
00051b63
08613823
00000000
00f53823
02051b63
08713823
00000000
04853823
04051863
08813823
00000000
04953823
06051863
08913823
00000000
04a53823
04051963
08a13823
00000000
04b53823
06051963
08b13823
00000000
04c53823
04051a63
08c13823
00000000
04d53823
06051a63
08d13823
00000000
04e53823
04051b63
08e13823
00000000
04f53823
06051b63
08f13823
00000000
08853823
08051863
09013823
00000000
08953823
0a051863
09113823
00000000
08a53823
08051963
09213823
00000000
08b53823
0a051963
09313823
00000000
08c53823
08051a63
09413823
00000000
08d53823
0a051a63
09513823
00000000
08e53823
08051b63
09613823
00000000
08f53823
0a051b63
09713823
00000000
0c853823
0c051863
09813823
00000000
0c953823
0e051863
09913823
00000000
0ca53823
0c051963
09a13823
00000000
0cb53823
0e051963
09b13823
00000000
0cc53823
0c051a63
09c13823
00000000
0cd53823
0e051a63
09d13823
00000000
0ce53823
0c051b63
09e13823
00000000
0cf53823
0e051b63
09f13823
00000000
0085b823
00059863
0c013823
00000000
0095b823
02059863
0c113823
00000000
00a5b823
00059963
0c213823
00000000
00b5b823
02059963
0c313823
00000000
00c5b823
00059a63
0c413823
00000000
00d5b823
02059a63
0c513823
00000000
00e5b823
00059b63
0c613823
00000000
00f5b823
02059b63
0c713823
00000000
0485b823
04059863
0c813823
00000000
0495b823
06059863
0c913823
00000000
04a5b823
04059963
0ca13823
00000000
04b5b823
06059963
0cb13823
00000000
04c5b823
04059a63
0cc13823
00000000
04d5b823
06059a63
0cd13823
00000000
04e5b823
04059b63
0ce13823
00000000
04f5b823
06059b63
0cf13823
00000000
0885b823
08059863
0d013823
00000000
0895b823
0a059863
0d113823
00000000
08a5b823
08059963
0d213823
00000000
08b5b823
0a059963
0d313823
00000000
08c5b823
08059a63
0d413823
00000000
08d5b823
0a059a63
0d513823
00000000
08e5b823
08059b63
0d613823
00000000
08f5b823
0a059b63
0d713823
00000000
0c85b823
0c059863
0d813823
00000000
0c95b823
0e059863
0d913823
00000000
0ca5b823
0c059963
0da13823
00000000
0cb5b823
0e059963
0db13823
00000000
0cc5b823
0c059a63
0dc13823
00000000
0cd5b823
0e059a63
0dd13823
00000000
0ce5b823
0c059b63
0de13823
00000000
0cf5b823
0e059b63
0df13823
00000000
00863823
00061863
10013823
00000000
00963823
02061863
10113823
00000000
00a63823
00061963
10213823
00000000
00b63823
02061963
10313823
00000000
00c63823
00061a63
10413823
00000000
00d63823
02061a63
10513823
00000000
00e63823
00061b63
10613823
00000000
00f63823
02061b63
10713823
00000000
04863823
04061863
10813823
00000000
04963823
06061863
10913823
00000000
04a63823
04061963
10a13823
00000000
04b63823
06061963
10b13823
00000000
04c63823
04061a63
10c13823
00000000
04d63823
06061a63
10d13823
00000000
04e63823
04061b63
10e13823
00000000
04f63823
06061b63
10f13823
00000000
08863823
08061863
11013823
00000000
08963823
0a061863
11113823
00000000
08a63823
08061963
11213823
00000000
08b63823
0a061963
11313823
00000000
08c63823
08061a63
11413823
00000000
08d63823
0a061a63
11513823
00000000
08e63823
08061b63
11613823
00000000
08f63823
0a061b63
11713823
00000000
0c863823
0c061863
11813823
00000000
0c963823
0e061863
11913823
00000000
0ca63823
0c061963
11a13823
00000000
0cb63823
0e061963
11b13823
00000000
0cc63823
0c061a63
11c13823
00000000
0cd63823
0e061a63
11d13823
00000000
0ce63823
0c061b63
11e13823
00000000
0cf63823
0e061b63
11f13823
00000000
0086b823
00069863
14013823
00000000
0096b823
02069863
14113823
00000000
00a6b823
00069963
14213823
00000000
00b6b823
02069963
14313823
00000000
00c6b823
00069a63
14413823
00000000
00d6b823
02069a63
14513823
00000000
00e6b823
00069b63
14613823
00000000
00f6b823
02069b63
14713823
00000000
0486b823
04069863
14813823
00000000
0496b823
06069863
14913823
00000000
04a6b823
04069963
14a13823
00000000
04b6b823
06069963
14b13823
00000000
04c6b823
04069a63
14c13823
00000000
04d6b823
06069a63
14d13823
00000000
04e6b823
04069b63
14e13823
00000000
04f6b823
06069b63
14f13823
00000000
0886b823
08069863
15013823
00000000
0896b823
0a069863
15113823
00000000
08a6b823
08069963
15213823
00000000
08b6b823
0a069963
15313823
00000000
08c6b823
08069a63
15413823
00000000
08d6b823
0a069a63
15513823
00000000
08e6b823
08069b63
15613823
00000000
08f6b823
0a069b63
15713823
00000000
0c86b823
0c069863
15813823
00000000
0c96b823
0e069863
15913823
00000000
0ca6b823
0c069963
15a13823
00000000
0cb6b823
0e069963
15b13823
00000000
0cc6b823
0c069a63
15c13823
00000000
0cd6b823
0e069a63
15d13823
00000000
0ce6b823
0c069b63
15e13823
00000000
0cf6b823
0e069b63
15f13823
00000000
00873823
00071863
18013823
00000000
00973823
02071863
18113823
00000000
00a73823
00071963
18213823
00000000
00b73823
02071963
18313823
00000000
00c73823
00071a63
18413823
00000000
00d73823
02071a63
18513823
00000000
00e73823
00071b63
18613823
00000000
00f73823
02071b63
18713823
00000000
04873823
04071863
18813823
00000000
04973823
06071863
18913823
00000000
04a73823
04071963
18a13823
00000000
04b73823
06071963
18b13823
00000000
04c73823
04071a63
18c13823
00000000
04d73823
06071a63
18d13823
00000000
04e73823
04071b63
18e13823
00000000
04f73823
06071b63
18f13823
00000000
08873823
08071863
19013823
00000000
08973823
0a071863
19113823
00000000
08a73823
08071963
19213823
00000000
08b73823
0a071963
19313823
00000000
08c73823
08071a63
19413823
00000000
08d73823
0a071a63
19513823
00000000
08e73823
08071b63
19613823
00000000
08f73823
0a071b63
19713823
00000000
0c873823
0c071863
19813823
00000000
0c973823
0e071863
19913823
00000000
0ca73823
0c071963
19a13823
00000000
0cb73823
0e071963
19b13823
00000000
0cc73823
0c071a63
19c13823
00000000
0cd73823
0e071a63
19d13823
00000000
0ce73823
0c071b63
19e13823
00000000
0cf73823
0e071b63
19f13823
00000000
0087b823
00079863
1c013823
00000000
0097b823
02079863
1c113823
00000000
00a7b823
00079963
1c213823
00000000
00b7b823
02079963
1c313823
00000000
00c7b823
00079a63
1c413823
00000000
00d7b823
02079a63
1c513823
00000000
00e7b823
00079b63
1c613823
00000000
00f7b823
02079b63
1c713823
00000000
0487b823
04079863
1c813823
00000000
0497b823
06079863
1c913823
00000000
04a7b823
04079963
1ca13823
00000000
04b7b823
06079963
1cb13823
00000000
04c7b823
04079a63
1cc13823
00000000
04d7b823
06079a63
1cd13823
00000000
04e7b823
04079b63
1ce13823
00000000
04f7b823
06079b63
1cf13823
00000000
0887b823
08079863
1d013823
00000000
0897b823
0a079863
1d113823
00000000
08a7b823
08079963
1d213823
00000000
08b7b823
0a079963
1d313823
00000000
08c7b823
08079a63
1d413823
00000000
08d7b823
0a079a63
1d513823
00000000
08e7b823
08079b63
1d613823
00000000
08f7b823
0a079b63
1d713823
00000000
0c87b823
0c079863
1d813823
00000000
0c97b823
0e079863
1d913823
00000000
0ca7b823
0c079963
1da13823
00000000
0cb7b823
0e079963
1db13823
00000000
0cc7b823
0c079a63
1dc13823
00000000
0cd7b823
0e079a63
1dd13823
00000000
0ce7b823
0c079b63
1de13823
00000000
0cf7b823
0e079b63
1df13823
00000000
00843c23
00041c63
00013c23
00000000
00943c23
02041c63
00113c23
00000000
00a43c23
00041d63
00213c23
00000000
00b43c23
02041d63
00313c23
00000000
00c43c23
00041e63
00413c23
00000000
00d43c23
02041e63
00513c23
00000000
00e43c23
00041f63
00613c23
00000000
00f43c23
02041f63
00713c23
00000000
04843c23
04041c63
00813c23
00000000
04943c23
06041c63
00913c23
00000000
04a43c23
04041d63
00a13c23
00000000
04b43c23
06041d63
00b13c23
00000000
04c43c23
04041e63
00c13c23
00000000
04d43c23
06041e63
00d13c23
00000000
04e43c23
04041f63
00e13c23
00000000
04f43c23
06041f63
00f13c23
00000000
08843c23
08041c63
01013c23
00000000
08943c23
0a041c63
01113c23
00000000
08a43c23
08041d63
01213c23
00000000
08b43c23
0a041d63
01313c23
00000000
08c43c23
08041e63
01413c23
00000000
08d43c23
0a041e63
01513c23
00000000
08e43c23
08041f63
01613c23
00000000
08f43c23
0a041f63
01713c23
00000000
0c843c23
0c041c63
01813c23
00000000
0c943c23
0e041c63
01913c23
00000000
0ca43c23
0c041d63
01a13c23
00000000
0cb43c23
0e041d63
01b13c23
00000000
0cc43c23
0c041e63
01c13c23
00000000
0cd43c23
0e041e63
01d13c23
00000000
0ce43c23
0c041f63
01e13c23
00000000
0cf43c23
0e041f63
01f13c23
00000000
0084bc23
00049c63
04013c23
00000000
0094bc23
02049c63
04113c23
00000000
00a4bc23
00049d63
04213c23
00000000
00b4bc23
02049d63
04313c23
00000000
00c4bc23
00049e63
04413c23
00000000
00d4bc23
02049e63
04513c23
00000000
00e4bc23
00049f63
04613c23
00000000
00f4bc23
02049f63
04713c23
00000000
0484bc23
04049c63
04813c23
00000000
0494bc23
06049c63
04913c23
00000000
04a4bc23
04049d63
04a13c23
00000000
04b4bc23
06049d63
04b13c23
00000000
04c4bc23
04049e63
04c13c23
00000000
04d4bc23
06049e63
04d13c23
00000000
04e4bc23
04049f63
04e13c23
00000000
04f4bc23
06049f63
04f13c23
00000000
0884bc23
08049c63
05013c23
00000000
0894bc23
0a049c63
05113c23
00000000
08a4bc23
08049d63
05213c23
00000000
08b4bc23
0a049d63
05313c23
00000000
08c4bc23
08049e63
05413c23
00000000
08d4bc23
0a049e63
05513c23
00000000
08e4bc23
08049f63
05613c23
00000000
08f4bc23
0a049f63
05713c23
00000000
0c84bc23
0c049c63
05813c23
00000000
0c94bc23
0e049c63
05913c23
00000000
0ca4bc23
0c049d63
05a13c23
00000000
0cb4bc23
0e049d63
05b13c23
00000000
0cc4bc23
0c049e63
05c13c23
00000000
0cd4bc23
0e049e63
05d13c23
00000000
0ce4bc23
0c049f63
05e13c23
00000000
0cf4bc23
0e049f63
05f13c23
00000000
00853c23
00051c63
08013c23
00000000
00953c23
02051c63
08113c23
00000000
00a53c23
00051d63
08213c23
00000000
00b53c23
02051d63
08313c23
00000000
00c53c23
00051e63
08413c23
00000000
00d53c23
02051e63
08513c23
00000000
00e53c23
00051f63
08613c23
00000000
00f53c23
02051f63
08713c23
00000000
04853c23
04051c63
08813c23
00000000
04953c23
06051c63
08913c23
00000000
04a53c23
04051d63
08a13c23
00000000
04b53c23
06051d63
08b13c23
00000000
04c53c23
04051e63
08c13c23
00000000
04d53c23
06051e63
08d13c23
00000000
04e53c23
04051f63
08e13c23
00000000
04f53c23
06051f63
08f13c23
00000000
08853c23
08051c63
09013c23
00000000
08953c23
0a051c63
09113c23
00000000
08a53c23
08051d63
09213c23
00000000
08b53c23
0a051d63
09313c23
00000000
08c53c23
08051e63
09413c23
00000000
08d53c23
0a051e63
09513c23
00000000
08e53c23
08051f63
09613c23
00000000
08f53c23
0a051f63
09713c23
00000000
0c853c23
0c051c63
09813c23
00000000
0c953c23
0e051c63
09913c23
00000000
0ca53c23
0c051d63
09a13c23
00000000
0cb53c23
0e051d63
09b13c23
00000000
0cc53c23
0c051e63
09c13c23
00000000
0cd53c23
0e051e63
09d13c23
00000000
0ce53c23
0c051f63
09e13c23
00000000
0cf53c23
0e051f63
09f13c23
00000000
0085bc23
00059c63
0c013c23
00000000
0095bc23
02059c63
0c113c23
00000000
00a5bc23
00059d63
0c213c23
00000000
00b5bc23
02059d63
0c313c23
00000000
00c5bc23
00059e63
0c413c23
00000000
00d5bc23
02059e63
0c513c23
00000000
00e5bc23
00059f63
0c613c23
00000000
00f5bc23
02059f63
0c713c23
00000000
0485bc23
04059c63
0c813c23
00000000
0495bc23
06059c63
0c913c23
00000000
04a5bc23
04059d63
0ca13c23
00000000
04b5bc23
06059d63
0cb13c23
00000000
04c5bc23
04059e63
0cc13c23
00000000
04d5bc23
06059e63
0cd13c23
00000000
04e5bc23
04059f63
0ce13c23
00000000
04f5bc23
06059f63
0cf13c23
00000000
0885bc23
08059c63
0d013c23
00000000
0895bc23
0a059c63
0d113c23
00000000
08a5bc23
08059d63
0d213c23
00000000
08b5bc23
0a059d63
0d313c23
00000000
08c5bc23
08059e63
0d413c23
00000000
08d5bc23
0a059e63
0d513c23
00000000
08e5bc23
08059f63
0d613c23
00000000
08f5bc23
0a059f63
0d713c23
00000000
0c85bc23
0c059c63
0d813c23
00000000
0c95bc23
0e059c63
0d913c23
00000000
0ca5bc23
0c059d63
0da13c23
00000000
0cb5bc23
0e059d63
0db13c23
00000000
0cc5bc23
0c059e63
0dc13c23
00000000
0cd5bc23
0e059e63
0dd13c23
00000000
0ce5bc23
0c059f63
0de13c23
00000000
0cf5bc23
0e059f63
0df13c23
00000000
00863c23
00061c63
10013c23
00000000
00963c23
02061c63
10113c23
00000000
00a63c23
00061d63
10213c23
00000000
00b63c23
02061d63
10313c23
00000000
00c63c23
00061e63
10413c23
00000000
00d63c23
02061e63
10513c23
00000000
00e63c23
00061f63
10613c23
00000000
00f63c23
02061f63
10713c23
00000000
04863c23
04061c63
10813c23
00000000
04963c23
06061c63
10913c23
00000000
04a63c23
04061d63
10a13c23
00000000
04b63c23
06061d63
10b13c23
00000000
04c63c23
04061e63
10c13c23
00000000
04d63c23
06061e63
10d13c23
00000000
04e63c23
04061f63
10e13c23
00000000
04f63c23
06061f63
10f13c23
00000000
08863c23
08061c63
11013c23
00000000
08963c23
0a061c63
11113c23
00000000
08a63c23
08061d63
11213c23
00000000
08b63c23
0a061d63
11313c23
00000000
08c63c23
08061e63
11413c23
00000000
08d63c23
0a061e63
11513c23
00000000
08e63c23
08061f63
11613c23
00000000
08f63c23
0a061f63
11713c23
00000000
0c863c23
0c061c63
11813c23
00000000
0c963c23
0e061c63
11913c23
00000000
0ca63c23
0c061d63
11a13c23
00000000
0cb63c23
0e061d63
11b13c23
00000000
0cc63c23
0c061e63
11c13c23
00000000
0cd63c23
0e061e63
11d13c23
00000000
0ce63c23
0c061f63
11e13c23
00000000
0cf63c23
0e061f63
11f13c23
00000000
0086bc23
00069c63
14013c23
00000000
0096bc23
02069c63
14113c23
00000000
00a6bc23
00069d63
14213c23
00000000
00b6bc23
02069d63
14313c23
00000000
00c6bc23
00069e63
14413c23
00000000
00d6bc23
02069e63
14513c23
00000000
00e6bc23
00069f63
14613c23
00000000
00f6bc23
02069f63
14713c23
00000000
0486bc23
04069c63
14813c23
00000000
0496bc23
06069c63
14913c23
00000000
04a6bc23
04069d63
14a13c23
00000000
04b6bc23
06069d63
14b13c23
00000000
04c6bc23
04069e63
14c13c23
00000000
04d6bc23
06069e63
14d13c23
00000000
04e6bc23
04069f63
14e13c23
00000000
04f6bc23
06069f63
14f13c23
00000000
0886bc23
08069c63
15013c23
00000000
0896bc23
0a069c63
15113c23
00000000
08a6bc23
08069d63
15213c23
00000000
08b6bc23
0a069d63
15313c23
00000000
08c6bc23
08069e63
15413c23
00000000
08d6bc23
0a069e63
15513c23
00000000
08e6bc23
08069f63
15613c23
00000000
08f6bc23
0a069f63
15713c23
00000000
0c86bc23
0c069c63
15813c23
00000000
0c96bc23
0e069c63
15913c23
00000000
0ca6bc23
0c069d63
15a13c23
00000000
0cb6bc23
0e069d63
15b13c23
00000000
0cc6bc23
0c069e63
15c13c23
00000000
0cd6bc23
0e069e63
15d13c23
00000000
0ce6bc23
0c069f63
15e13c23
00000000
0cf6bc23
0e069f63
15f13c23
00000000
00873c23
00071c63
18013c23
00000000
00973c23
02071c63
18113c23
00000000
00a73c23
00071d63
18213c23
00000000
00b73c23
02071d63
18313c23
00000000
00c73c23
00071e63
18413c23
00000000
00d73c23
02071e63
18513c23
00000000
00e73c23
00071f63
18613c23
00000000
00f73c23
02071f63
18713c23
00000000
04873c23
04071c63
18813c23
00000000
04973c23
06071c63
18913c23
00000000
04a73c23
04071d63
18a13c23
00000000
04b73c23
06071d63
18b13c23
00000000
04c73c23
04071e63
18c13c23
00000000
04d73c23
06071e63
18d13c23
00000000
04e73c23
04071f63
18e13c23
00000000
04f73c23
06071f63
18f13c23
00000000
08873c23
08071c63
19013c23
00000000
08973c23
0a071c63
19113c23
00000000
08a73c23
08071d63
19213c23
00000000
08b73c23
0a071d63
19313c23
00000000
08c73c23
08071e63
19413c23
00000000
08d73c23
0a071e63
19513c23
00000000
08e73c23
08071f63
19613c23
00000000
08f73c23
0a071f63
19713c23
00000000
0c873c23
0c071c63
19813c23
00000000
0c973c23
0e071c63
19913c23
00000000
0ca73c23
0c071d63
19a13c23
00000000
0cb73c23
0e071d63
19b13c23
00000000
0cc73c23
0c071e63
19c13c23
00000000
0cd73c23
0e071e63
19d13c23
00000000
0ce73c23
0c071f63
19e13c23
00000000
0cf73c23
0e071f63
19f13c23
00000000
0087bc23
00079c63
1c013c23
00000000
0097bc23
02079c63
1c113c23
00000000
00a7bc23
00079d63
1c213c23
00000000
00b7bc23
02079d63
1c313c23
00000000
00c7bc23
00079e63
1c413c23
00000000
00d7bc23
02079e63
1c513c23
00000000
00e7bc23
00079f63
1c613c23
00000000
00f7bc23
02079f63
1c713c23
00000000
0487bc23
04079c63
1c813c23
00000000
0497bc23
06079c63
1c913c23
00000000
04a7bc23
04079d63
1ca13c23
00000000
04b7bc23
06079d63
1cb13c23
00000000
04c7bc23
04079e63
1cc13c23
00000000
04d7bc23
06079e63
1cd13c23
00000000
04e7bc23
04079f63
1ce13c23
00000000
04f7bc23
06079f63
1cf13c23
00000000
0887bc23
08079c63
1d013c23
00000000
0897bc23
0a079c63
1d113c23
00000000
08a7bc23
08079d63
1d213c23
00000000
08b7bc23
0a079d63
1d313c23
00000000
08c7bc23
08079e63
1d413c23
00000000
08d7bc23
0a079e63
1d513c23
00000000
08e7bc23
08079f63
1d613c23
00000000
08f7bc23
0a079f63
1d713c23
00000000
0c87bc23
0c079c63
1d813c23
00000000
0c97bc23
0e079c63
1d913c23
00000000
0ca7bc23
0c079d63
1da13c23
00000000
0cb7bc23
0e079d63
1db13c23
00000000
0cc7bc23
0c079e63
1dc13c23
00000000
0cd7bc23
0e079e63
1dd13c23
00000000
0ce7bc23
0c079f63
1de13c23
00000000
0cf7bc23
0e079f63
1df13c23
00000000
02843023
f00410e3
02013023
00000000
02943023
f20410e3
02113023
00000000
02a43023
f00411e3
02213023
00000000
02b43023
f20411e3
02313023
00000000
02c43023
f00412e3
02413023
00000000
02d43023
f20412e3
02513023
00000000
02e43023
f00413e3
02613023
00000000
02f43023
f20413e3
02713023
00000000
06843023
f40410e3
02813023
00000000
06943023
f60410e3
02913023
00000000
06a43023
f40411e3
02a13023
00000000
06b43023
f60411e3
02b13023
00000000
06c43023
f40412e3
02c13023
00000000
06d43023
f60412e3
02d13023
00000000
06e43023
f40413e3
02e13023
00000000
06f43023
f60413e3
02f13023
00000000
0a843023
f80410e3
03013023
00000000
0a943023
fa0410e3
03113023
00000000
0aa43023
f80411e3
03213023
00000000
0ab43023
fa0411e3
03313023
00000000
0ac43023
f80412e3
03413023
00000000
0ad43023
fa0412e3
03513023
00000000
0ae43023
f80413e3
03613023
00000000
0af43023
fa0413e3
03713023
00000000
0e843023
fc0410e3
03813023
00000000
0e943023
fe0410e3
03913023
00000000
0ea43023
fc0411e3
03a13023
00000000
0eb43023
fe0411e3
03b13023
00000000
0ec43023
fc0412e3
03c13023
00000000
0ed43023
fe0412e3
03d13023
00000000
0ee43023
fc0413e3
03e13023
00000000
0ef43023
fe0413e3
03f13023
00000000
0284b023
f00490e3
06013023
00000000
0294b023
f20490e3
06113023
00000000
02a4b023
f00491e3
06213023
00000000
02b4b023
f20491e3
06313023
00000000
02c4b023
f00492e3
06413023
00000000
02d4b023
f20492e3
06513023
00000000
02e4b023
f00493e3
06613023
00000000
02f4b023
f20493e3
06713023
00000000
0684b023
f40490e3
06813023
00000000
0694b023
f60490e3
06913023
00000000
06a4b023
f40491e3
06a13023
00000000
06b4b023
f60491e3
06b13023
00000000
06c4b023
f40492e3
06c13023
00000000
06d4b023
f60492e3
06d13023
00000000
06e4b023
f40493e3
06e13023
00000000
06f4b023
f60493e3
06f13023
00000000
0a84b023
f80490e3
07013023
00000000
0a94b023
fa0490e3
07113023
00000000
0aa4b023
f80491e3
07213023
00000000
0ab4b023
fa0491e3
07313023
00000000
0ac4b023
f80492e3
07413023
00000000
0ad4b023
fa0492e3
07513023
00000000
0ae4b023
f80493e3
07613023
00000000
0af4b023
fa0493e3
07713023
00000000
0e84b023
fc0490e3
07813023
00000000
0e94b023
fe0490e3
07913023
00000000
0ea4b023
fc0491e3
07a13023
00000000
0eb4b023
fe0491e3
07b13023
00000000
0ec4b023
fc0492e3
07c13023
00000000
0ed4b023
fe0492e3
07d13023
00000000
0ee4b023
fc0493e3
07e13023
00000000
0ef4b023
fe0493e3
07f13023
00000000
02853023
f00510e3
0a013023
00000000
02953023
f20510e3
0a113023
00000000
02a53023
f00511e3
0a213023
00000000
02b53023
f20511e3
0a313023
00000000
02c53023
f00512e3
0a413023
00000000
02d53023
f20512e3
0a513023
00000000
02e53023
f00513e3
0a613023
00000000
02f53023
f20513e3
0a713023
00000000
06853023
f40510e3
0a813023
00000000
06953023
f60510e3
0a913023
00000000
06a53023
f40511e3
0aa13023
00000000
06b53023
f60511e3
0ab13023
00000000
06c53023
f40512e3
0ac13023
00000000
06d53023
f60512e3
0ad13023
00000000
06e53023
f40513e3
0ae13023
00000000
06f53023
f60513e3
0af13023
00000000
0a853023
f80510e3
0b013023
00000000
0a953023
fa0510e3
0b113023
00000000
0aa53023
f80511e3
0b213023
00000000
0ab53023
fa0511e3
0b313023
00000000
0ac53023
f80512e3
0b413023
00000000
0ad53023
fa0512e3
0b513023
00000000
0ae53023
f80513e3
0b613023
00000000
0af53023
fa0513e3
0b713023
00000000
0e853023
fc0510e3
0b813023
00000000
0e953023
fe0510e3
0b913023
00000000
0ea53023
fc0511e3
0ba13023
00000000
0eb53023
fe0511e3
0bb13023
00000000
0ec53023
fc0512e3
0bc13023
00000000
0ed53023
fe0512e3
0bd13023
00000000
0ee53023
fc0513e3
0be13023
00000000
0ef53023
fe0513e3
0bf13023
00000000
0285b023
f00590e3
0e013023
00000000
0295b023
f20590e3
0e113023
00000000
02a5b023
f00591e3
0e213023
00000000
02b5b023
f20591e3
0e313023
00000000
02c5b023
f00592e3
0e413023
00000000
02d5b023
f20592e3
0e513023
00000000
02e5b023
f00593e3
0e613023
00000000
02f5b023
f20593e3
0e713023
00000000
0685b023
f40590e3
0e813023
00000000
0695b023
f60590e3
0e913023
00000000
06a5b023
f40591e3
0ea13023
00000000
06b5b023
f60591e3
0eb13023
00000000
06c5b023
f40592e3
0ec13023
00000000
06d5b023
f60592e3
0ed13023
00000000
06e5b023
f40593e3
0ee13023
00000000
06f5b023
f60593e3
0ef13023
00000000
0a85b023
f80590e3
0f013023
00000000
0a95b023
fa0590e3
0f113023
00000000
0aa5b023
f80591e3
0f213023
00000000
0ab5b023
fa0591e3
0f313023
00000000
0ac5b023
f80592e3
0f413023
00000000
0ad5b023
fa0592e3
0f513023
00000000
0ae5b023
f80593e3
0f613023
00000000
0af5b023
fa0593e3
0f713023
00000000
0e85b023
fc0590e3
0f813023
00000000
0e95b023
fe0590e3
0f913023
00000000
0ea5b023
fc0591e3
0fa13023
00000000
0eb5b023
fe0591e3
0fb13023
00000000
0ec5b023
fc0592e3
0fc13023
00000000
0ed5b023
fe0592e3
0fd13023
00000000
0ee5b023
fc0593e3
0fe13023
00000000
0ef5b023
fe0593e3
0ff13023
00000000
02863023
f00610e3
12013023
00000000
02963023
f20610e3
12113023
00000000
02a63023
f00611e3
12213023
00000000
02b63023
f20611e3
12313023
00000000
02c63023
f00612e3
12413023
00000000
02d63023
f20612e3
12513023
00000000
02e63023
f00613e3
12613023
00000000
02f63023
f20613e3
12713023
00000000
06863023
f40610e3
12813023
00000000
06963023
f60610e3
12913023
00000000
06a63023
f40611e3
12a13023
00000000
06b63023
f60611e3
12b13023
00000000
06c63023
f40612e3
12c13023
00000000
06d63023
f60612e3
12d13023
00000000
06e63023
f40613e3
12e13023
00000000
06f63023
f60613e3
12f13023
00000000
0a863023
f80610e3
13013023
00000000
0a963023
fa0610e3
13113023
00000000
0aa63023
f80611e3
13213023
00000000
0ab63023
fa0611e3
13313023
00000000
0ac63023
f80612e3
13413023
00000000
0ad63023
fa0612e3
13513023
00000000
0ae63023
f80613e3
13613023
00000000
0af63023
fa0613e3
13713023
00000000
0e863023
fc0610e3
13813023
00000000
0e963023
fe0610e3
13913023
00000000
0ea63023
fc0611e3
13a13023
00000000
0eb63023
fe0611e3
13b13023
00000000
0ec63023
fc0612e3
13c13023
00000000
0ed63023
fe0612e3
13d13023
00000000
0ee63023
fc0613e3
13e13023
00000000
0ef63023
fe0613e3
13f13023
00000000
0286b023
f00690e3
16013023
00000000
0296b023
f20690e3
16113023
00000000
02a6b023
f00691e3
16213023
00000000
02b6b023
f20691e3
16313023
00000000
02c6b023
f00692e3
16413023
00000000
02d6b023
f20692e3
16513023
00000000
02e6b023
f00693e3
16613023
00000000
02f6b023
f20693e3
16713023
00000000
0686b023
f40690e3
16813023
00000000
0696b023
f60690e3
16913023
00000000
06a6b023
f40691e3
16a13023
00000000
06b6b023
f60691e3
16b13023
00000000
06c6b023
f40692e3
16c13023
00000000
06d6b023
f60692e3
16d13023
00000000
06e6b023
f40693e3
16e13023
00000000
06f6b023
f60693e3
16f13023
00000000
0a86b023
f80690e3
17013023
00000000
0a96b023
fa0690e3
17113023
00000000
0aa6b023
f80691e3
17213023
00000000
0ab6b023
fa0691e3
17313023
00000000
0ac6b023
f80692e3
17413023
00000000
0ad6b023
fa0692e3
17513023
00000000
0ae6b023
f80693e3
17613023
00000000
0af6b023
fa0693e3
17713023
00000000
0e86b023
fc0690e3
17813023
00000000
0e96b023
fe0690e3
17913023
00000000
0ea6b023
fc0691e3
17a13023
00000000
0eb6b023
fe0691e3
17b13023
00000000
0ec6b023
fc0692e3
17c13023
00000000
0ed6b023
fe0692e3
17d13023
00000000
0ee6b023
fc0693e3
17e13023
00000000
0ef6b023
fe0693e3
17f13023
00000000
02873023
f00710e3
1a013023
00000000
02973023
f20710e3
1a113023
00000000
02a73023
f00711e3
1a213023
00000000
02b73023
f20711e3
1a313023
00000000
02c73023
f00712e3
1a413023
00000000
02d73023
f20712e3
1a513023
00000000
02e73023
f00713e3
1a613023
00000000
02f73023
f20713e3
1a713023
00000000
06873023
f40710e3
1a813023
00000000
06973023
f60710e3
1a913023
00000000
06a73023
f40711e3
1aa13023
00000000
06b73023
f60711e3
1ab13023
00000000
06c73023
f40712e3
1ac13023
00000000
06d73023
f60712e3
1ad13023
00000000
06e73023
f40713e3
1ae13023
00000000
06f73023
f60713e3
1af13023
00000000
0a873023
f80710e3
1b013023
00000000
0a973023
fa0710e3
1b113023
00000000
0aa73023
f80711e3
1b213023
00000000
0ab73023
fa0711e3
1b313023
00000000
0ac73023
f80712e3
1b413023
00000000
0ad73023
fa0712e3
1b513023
00000000
0ae73023
f80713e3
1b613023
00000000
0af73023
fa0713e3
1b713023
00000000
0e873023
fc0710e3
1b813023
00000000
0e973023
fe0710e3
1b913023
00000000
0ea73023
fc0711e3
1ba13023
00000000
0eb73023
fe0711e3
1bb13023
00000000
0ec73023
fc0712e3
1bc13023
00000000
0ed73023
fe0712e3
1bd13023
00000000
0ee73023
fc0713e3
1be13023
00000000
0ef73023
fe0713e3
1bf13023
00000000
0287b023
f00790e3
1e013023
00000000
0297b023
f20790e3
1e113023
00000000
02a7b023
f00791e3
1e213023
00000000
02b7b023
f20791e3
1e313023
00000000
02c7b023
f00792e3
1e413023
00000000
02d7b023
f20792e3
1e513023
00000000
02e7b023
f00793e3
1e613023
00000000
02f7b023
f20793e3
1e713023
00000000
0687b023
f40790e3
1e813023
00000000
0697b023
f60790e3
1e913023
00000000
06a7b023
f40791e3
1ea13023
00000000
06b7b023
f60791e3
1eb13023
00000000
06c7b023
f40792e3
1ec13023
00000000
06d7b023
f60792e3
1ed13023
00000000
06e7b023
f40793e3
1ee13023
00000000
06f7b023
f60793e3
1ef13023
00000000
0a87b023
f80790e3
1f013023
00000000
0a97b023
fa0790e3
1f113023
00000000
0aa7b023
f80791e3
1f213023
00000000
0ab7b023
fa0791e3
1f313023
00000000
0ac7b023
f80792e3
1f413023
00000000
0ad7b023
fa0792e3
1f513023
00000000
0ae7b023
f80793e3
1f613023
00000000
0af7b023
fa0793e3
1f713023
00000000
0e87b023
fc0790e3
1f813023
00000000
0e97b023
fe0790e3
1f913023
00000000
0ea7b023
fc0791e3
1fa13023
00000000
0eb7b023
fe0791e3
1fb13023
00000000
0ec7b023
fc0792e3
1fc13023
00000000
0ed7b023
fe0792e3
1fd13023
00000000
0ee7b023
fc0793e3
1fe13023
00000000
0ef7b023
fe0793e3
1ff13023
00000000
02843423
f00414e3
02013423
00000000
02943423
f20414e3
02113423
00000000
02a43423
f00415e3
02213423
00000000
02b43423
f20415e3
02313423
00000000
02c43423
f00416e3
02413423
00000000
02d43423
f20416e3
02513423
00000000
02e43423
f00417e3
02613423
00000000
02f43423
f20417e3
02713423
00000000
06843423
f40414e3
02813423
00000000
06943423
f60414e3
02913423
00000000
06a43423
f40415e3
02a13423
00000000
06b43423
f60415e3
02b13423
00000000
06c43423
f40416e3
02c13423
00000000
06d43423
f60416e3
02d13423
00000000
06e43423
f40417e3
02e13423
00000000
06f43423
f60417e3
02f13423
00000000
0a843423
f80414e3
03013423
00000000
0a943423
fa0414e3
03113423
00000000
0aa43423
f80415e3
03213423
00000000
0ab43423
fa0415e3
03313423
00000000
0ac43423
f80416e3
03413423
00000000
0ad43423
fa0416e3
03513423
00000000
0ae43423
f80417e3
03613423
00000000
0af43423
fa0417e3
03713423
00000000
0e843423
fc0414e3
03813423
00000000
0e943423
fe0414e3
03913423
00000000
0ea43423
fc0415e3
03a13423
00000000
0eb43423
fe0415e3
03b13423
00000000
0ec43423
fc0416e3
03c13423
00000000
0ed43423
fe0416e3
03d13423
00000000
0ee43423
fc0417e3
03e13423
00000000
0ef43423
fe0417e3
03f13423
00000000
0284b423
f00494e3
06013423
00000000
0294b423
f20494e3
06113423
00000000
02a4b423
f00495e3
06213423
00000000
02b4b423
f20495e3
06313423
00000000
02c4b423
f00496e3
06413423
00000000
02d4b423
f20496e3
06513423
00000000
02e4b423
f00497e3
06613423
00000000
02f4b423
f20497e3
06713423
00000000
0684b423
f40494e3
06813423
00000000
0694b423
f60494e3
06913423
00000000
06a4b423
f40495e3
06a13423
00000000
06b4b423
f60495e3
06b13423
00000000
06c4b423
f40496e3
06c13423
00000000
06d4b423
f60496e3
06d13423
00000000
06e4b423
f40497e3
06e13423
00000000
06f4b423
f60497e3
06f13423
00000000
0a84b423
f80494e3
07013423
00000000
0a94b423
fa0494e3
07113423
00000000
0aa4b423
f80495e3
07213423
00000000
0ab4b423
fa0495e3
07313423
00000000
0ac4b423
f80496e3
07413423
00000000
0ad4b423
fa0496e3
07513423
00000000
0ae4b423
f80497e3
07613423
00000000
0af4b423
fa0497e3
07713423
00000000
0e84b423
fc0494e3
07813423
00000000
0e94b423
fe0494e3
07913423
00000000
0ea4b423
fc0495e3
07a13423
00000000
0eb4b423
fe0495e3
07b13423
00000000
0ec4b423
fc0496e3
07c13423
00000000
0ed4b423
fe0496e3
07d13423
00000000
0ee4b423
fc0497e3
07e13423
00000000
0ef4b423
fe0497e3
07f13423
00000000
02853423
f00514e3
0a013423
00000000
02953423
f20514e3
0a113423
00000000
02a53423
f00515e3
0a213423
00000000
02b53423
f20515e3
0a313423
00000000
02c53423
f00516e3
0a413423
00000000
02d53423
f20516e3
0a513423
00000000
02e53423
f00517e3
0a613423
00000000
02f53423
f20517e3
0a713423
00000000
06853423
f40514e3
0a813423
00000000
06953423
f60514e3
0a913423
00000000
06a53423
f40515e3
0aa13423
00000000
06b53423
f60515e3
0ab13423
00000000
06c53423
f40516e3
0ac13423
00000000
06d53423
f60516e3
0ad13423
00000000
06e53423
f40517e3
0ae13423
00000000
06f53423
f60517e3
0af13423
00000000
0a853423
f80514e3
0b013423
00000000
0a953423
fa0514e3
0b113423
00000000
0aa53423
f80515e3
0b213423
00000000
0ab53423
fa0515e3
0b313423
00000000
0ac53423
f80516e3
0b413423
00000000
0ad53423
fa0516e3
0b513423
00000000
0ae53423
f80517e3
0b613423
00000000
0af53423
fa0517e3
0b713423
00000000
0e853423
fc0514e3
0b813423
00000000
0e953423
fe0514e3
0b913423
00000000
0ea53423
fc0515e3
0ba13423
00000000
0eb53423
fe0515e3
0bb13423
00000000
0ec53423
fc0516e3
0bc13423
00000000
0ed53423
fe0516e3
0bd13423
00000000
0ee53423
fc0517e3
0be13423
00000000
0ef53423
fe0517e3
0bf13423
00000000
0285b423
f00594e3
0e013423
00000000
0295b423
f20594e3
0e113423
00000000
02a5b423
f00595e3
0e213423
00000000
02b5b423
f20595e3
0e313423
00000000
02c5b423
f00596e3
0e413423
00000000
02d5b423
f20596e3
0e513423
00000000
02e5b423
f00597e3
0e613423
00000000
02f5b423
f20597e3
0e713423
00000000
0685b423
f40594e3
0e813423
00000000
0695b423
f60594e3
0e913423
00000000
06a5b423
f40595e3
0ea13423
00000000
06b5b423
f60595e3
0eb13423
00000000
06c5b423
f40596e3
0ec13423
00000000
06d5b423
f60596e3
0ed13423
00000000
06e5b423
f40597e3
0ee13423
00000000
06f5b423
f60597e3
0ef13423
00000000
0a85b423
f80594e3
0f013423
00000000
0a95b423
fa0594e3
0f113423
00000000
0aa5b423
f80595e3
0f213423
00000000
0ab5b423
fa0595e3
0f313423
00000000
0ac5b423
f80596e3
0f413423
00000000
0ad5b423
fa0596e3
0f513423
00000000
0ae5b423
f80597e3
0f613423
00000000
0af5b423
fa0597e3
0f713423
00000000
0e85b423
fc0594e3
0f813423
00000000
0e95b423
fe0594e3
0f913423
00000000
0ea5b423
fc0595e3
0fa13423
00000000
0eb5b423
fe0595e3
0fb13423
00000000
0ec5b423
fc0596e3
0fc13423
00000000
0ed5b423
fe0596e3
0fd13423
00000000
0ee5b423
fc0597e3
0fe13423
00000000
0ef5b423
fe0597e3
0ff13423
00000000
02863423
f00614e3
12013423
00000000
02963423
f20614e3
12113423
00000000
02a63423
f00615e3
12213423
00000000
02b63423
f20615e3
12313423
00000000
02c63423
f00616e3
12413423
00000000
02d63423
f20616e3
12513423
00000000
02e63423
f00617e3
12613423
00000000
02f63423
f20617e3
12713423
00000000
06863423
f40614e3
12813423
00000000
06963423
f60614e3
12913423
00000000
06a63423
f40615e3
12a13423
00000000
06b63423
f60615e3
12b13423
00000000
06c63423
f40616e3
12c13423
00000000
06d63423
f60616e3
12d13423
00000000
06e63423
f40617e3
12e13423
00000000
06f63423
f60617e3
12f13423
00000000
0a863423
f80614e3
13013423
00000000
0a963423
fa0614e3
13113423
00000000
0aa63423
f80615e3
13213423
00000000
0ab63423
fa0615e3
13313423
00000000
0ac63423
f80616e3
13413423
00000000
0ad63423
fa0616e3
13513423
00000000
0ae63423
f80617e3
13613423
00000000
0af63423
fa0617e3
13713423
00000000
0e863423
fc0614e3
13813423
00000000
0e963423
fe0614e3
13913423
00000000
0ea63423
fc0615e3
13a13423
00000000
0eb63423
fe0615e3
13b13423
00000000
0ec63423
fc0616e3
13c13423
00000000
0ed63423
fe0616e3
13d13423
00000000
0ee63423
fc0617e3
13e13423
00000000
0ef63423
fe0617e3
13f13423
00000000
0286b423
f00694e3
16013423
00000000
0296b423
f20694e3
16113423
00000000
02a6b423
f00695e3
16213423
00000000
02b6b423
f20695e3
16313423
00000000
02c6b423
f00696e3
16413423
00000000
02d6b423
f20696e3
16513423
00000000
02e6b423
f00697e3
16613423
00000000
02f6b423
f20697e3
16713423
00000000
0686b423
f40694e3
16813423
00000000
0696b423
f60694e3
16913423
00000000
06a6b423
f40695e3
16a13423
00000000
06b6b423
f60695e3
16b13423
00000000
06c6b423
f40696e3
16c13423
00000000
06d6b423
f60696e3
16d13423
00000000
06e6b423
f40697e3
16e13423
00000000
06f6b423
f60697e3
16f13423
00000000
0a86b423
f80694e3
17013423
00000000
0a96b423
fa0694e3
17113423
00000000
0aa6b423
f80695e3
17213423
00000000
0ab6b423
fa0695e3
17313423
00000000
0ac6b423
f80696e3
17413423
00000000
0ad6b423
fa0696e3
17513423
00000000
0ae6b423
f80697e3
17613423
00000000
0af6b423
fa0697e3
17713423
00000000
0e86b423
fc0694e3
17813423
00000000
0e96b423
fe0694e3
17913423
00000000
0ea6b423
fc0695e3
17a13423
00000000
0eb6b423
fe0695e3
17b13423
00000000
0ec6b423
fc0696e3
17c13423
00000000
0ed6b423
fe0696e3
17d13423
00000000
0ee6b423
fc0697e3
17e13423
00000000
0ef6b423
fe0697e3
17f13423
00000000
02873423
f00714e3
1a013423
00000000
02973423
f20714e3
1a113423
00000000
02a73423
f00715e3
1a213423
00000000
02b73423
f20715e3
1a313423
00000000
02c73423
f00716e3
1a413423
00000000
02d73423
f20716e3
1a513423
00000000
02e73423
f00717e3
1a613423
00000000
02f73423
f20717e3
1a713423
00000000
06873423
f40714e3
1a813423
00000000
06973423
f60714e3
1a913423
00000000
06a73423
f40715e3
1aa13423
00000000
06b73423
f60715e3
1ab13423
00000000
06c73423
f40716e3
1ac13423
00000000
06d73423
f60716e3
1ad13423
00000000
06e73423
f40717e3
1ae13423
00000000
06f73423
f60717e3
1af13423
00000000
0a873423
f80714e3
1b013423
00000000
0a973423
fa0714e3
1b113423
00000000
0aa73423
f80715e3
1b213423
00000000
0ab73423
fa0715e3
1b313423
00000000
0ac73423
f80716e3
1b413423
00000000
0ad73423
fa0716e3
1b513423
00000000
0ae73423
f80717e3
1b613423
00000000
0af73423
fa0717e3
1b713423
00000000
0e873423
fc0714e3
1b813423
00000000
0e973423
fe0714e3
1b913423
00000000
0ea73423
fc0715e3
1ba13423
00000000
0eb73423
fe0715e3
1bb13423
00000000
0ec73423
fc0716e3
1bc13423
00000000
0ed73423
fe0716e3
1bd13423
00000000
0ee73423
fc0717e3
1be13423
00000000
0ef73423
fe0717e3
1bf13423
00000000
0287b423
f00794e3
1e013423
00000000
0297b423
f20794e3
1e113423
00000000
02a7b423
f00795e3
1e213423
00000000
02b7b423
f20795e3
1e313423
00000000
02c7b423
f00796e3
1e413423
00000000
02d7b423
f20796e3
1e513423
00000000
02e7b423
f00797e3
1e613423
00000000
02f7b423
f20797e3
1e713423
00000000
0687b423
f40794e3
1e813423
00000000
0697b423
f60794e3
1e913423
00000000
06a7b423
f40795e3
1ea13423
00000000
06b7b423
f60795e3
1eb13423
00000000
06c7b423
f40796e3
1ec13423
00000000
06d7b423
f60796e3
1ed13423
00000000
06e7b423
f40797e3
1ee13423
00000000
06f7b423
f60797e3
1ef13423
00000000
0a87b423
f80794e3
1f013423
00000000
0a97b423
fa0794e3
1f113423
00000000
0aa7b423
f80795e3
1f213423
00000000
0ab7b423
fa0795e3
1f313423
00000000
0ac7b423
f80796e3
1f413423
00000000
0ad7b423
fa0796e3
1f513423
00000000
0ae7b423
f80797e3
1f613423
00000000
0af7b423
fa0797e3
1f713423
00000000
0e87b423
fc0794e3
1f813423
00000000
0e97b423
fe0794e3
1f913423
00000000
0ea7b423
fc0795e3
1fa13423
00000000
0eb7b423
fe0795e3
1fb13423
00000000
0ec7b423
fc0796e3
1fc13423
00000000
0ed7b423
fe0796e3
1fd13423
00000000
0ee7b423
fc0797e3
1fe13423
00000000
0ef7b423
fe0797e3
1ff13423
00000000
02843823
f00418e3
02013823
00000000
02943823
f20418e3
02113823
00000000
02a43823
f00419e3
02213823
00000000
02b43823
f20419e3
02313823
00000000
02c43823
f0041ae3
02413823
00000000
02d43823
f2041ae3
02513823
00000000
02e43823
f0041be3
02613823
00000000
02f43823
f2041be3
02713823
00000000
06843823
f40418e3
02813823
00000000
06943823
f60418e3
02913823
00000000
06a43823
f40419e3
02a13823
00000000
06b43823
f60419e3
02b13823
00000000
06c43823
f4041ae3
02c13823
00000000
06d43823
f6041ae3
02d13823
00000000
06e43823
f4041be3
02e13823
00000000
06f43823
f6041be3
02f13823
00000000
0a843823
f80418e3
03013823
00000000
0a943823
fa0418e3
03113823
00000000
0aa43823
f80419e3
03213823
00000000
0ab43823
fa0419e3
03313823
00000000
0ac43823
f8041ae3
03413823
00000000
0ad43823
fa041ae3
03513823
00000000
0ae43823
f8041be3
03613823
00000000
0af43823
fa041be3
03713823
00000000
0e843823
fc0418e3
03813823
00000000
0e943823
fe0418e3
03913823
00000000
0ea43823
fc0419e3
03a13823
00000000
0eb43823
fe0419e3
03b13823
00000000
0ec43823
fc041ae3
03c13823
00000000
0ed43823
fe041ae3
03d13823
00000000
0ee43823
fc041be3
03e13823
00000000
0ef43823
fe041be3
03f13823
00000000
0284b823
f00498e3
06013823
00000000
0294b823
f20498e3
06113823
00000000
02a4b823
f00499e3
06213823
00000000
02b4b823
f20499e3
06313823
00000000
02c4b823
f0049ae3
06413823
00000000
02d4b823
f2049ae3
06513823
00000000
02e4b823
f0049be3
06613823
00000000
02f4b823
f2049be3
06713823
00000000
0684b823
f40498e3
06813823
00000000
0694b823
f60498e3
06913823
00000000
06a4b823
f40499e3
06a13823
00000000
06b4b823
f60499e3
06b13823
00000000
06c4b823
f4049ae3
06c13823
00000000
06d4b823
f6049ae3
06d13823
00000000
06e4b823
f4049be3
06e13823
00000000
06f4b823
f6049be3
06f13823
00000000
0a84b823
f80498e3
07013823
00000000
0a94b823
fa0498e3
07113823
00000000
0aa4b823
f80499e3
07213823
00000000
0ab4b823
fa0499e3
07313823
00000000
0ac4b823
f8049ae3
07413823
00000000
0ad4b823
fa049ae3
07513823
00000000
0ae4b823
f8049be3
07613823
00000000
0af4b823
fa049be3
07713823
00000000
0e84b823
fc0498e3
07813823
00000000
0e94b823
fe0498e3
07913823
00000000
0ea4b823
fc0499e3
07a13823
00000000
0eb4b823
fe0499e3
07b13823
00000000
0ec4b823
fc049ae3
07c13823
00000000
0ed4b823
fe049ae3
07d13823
00000000
0ee4b823
fc049be3
07e13823
00000000
0ef4b823
fe049be3
07f13823
00000000
02853823
f00518e3
0a013823
00000000
02953823
f20518e3
0a113823
00000000
02a53823
f00519e3
0a213823
00000000
02b53823
f20519e3
0a313823
00000000
02c53823
f0051ae3
0a413823
00000000
02d53823
f2051ae3
0a513823
00000000
02e53823
f0051be3
0a613823
00000000
02f53823
f2051be3
0a713823
00000000
06853823
f40518e3
0a813823
00000000
06953823
f60518e3
0a913823
00000000
06a53823
f40519e3
0aa13823
00000000
06b53823
f60519e3
0ab13823
00000000
06c53823
f4051ae3
0ac13823
00000000
06d53823
f6051ae3
0ad13823
00000000
06e53823
f4051be3
0ae13823
00000000
06f53823
f6051be3
0af13823
00000000
0a853823
f80518e3
0b013823
00000000
0a953823
fa0518e3
0b113823
00000000
0aa53823
f80519e3
0b213823
00000000
0ab53823
fa0519e3
0b313823
00000000
0ac53823
f8051ae3
0b413823
00000000
0ad53823
fa051ae3
0b513823
00000000
0ae53823
f8051be3
0b613823
00000000
0af53823
fa051be3
0b713823
00000000
0e853823
fc0518e3
0b813823
00000000
0e953823
fe0518e3
0b913823
00000000
0ea53823
fc0519e3
0ba13823
00000000
0eb53823
fe0519e3
0bb13823
00000000
0ec53823
fc051ae3
0bc13823
00000000
0ed53823
fe051ae3
0bd13823
00000000
0ee53823
fc051be3
0be13823
00000000
0ef53823
fe051be3
0bf13823
00000000
0285b823
f00598e3
0e013823
00000000
0295b823
f20598e3
0e113823
00000000
02a5b823
f00599e3
0e213823
00000000
02b5b823
f20599e3
0e313823
00000000
02c5b823
f0059ae3
0e413823
00000000
02d5b823
f2059ae3
0e513823
00000000
02e5b823
f0059be3
0e613823
00000000
02f5b823
f2059be3
0e713823
00000000
0685b823
f40598e3
0e813823
00000000
0695b823
f60598e3
0e913823
00000000
06a5b823
f40599e3
0ea13823
00000000
06b5b823
f60599e3
0eb13823
00000000
06c5b823
f4059ae3
0ec13823
00000000
06d5b823
f6059ae3
0ed13823
00000000
06e5b823
f4059be3
0ee13823
00000000
06f5b823
f6059be3
0ef13823
00000000
0a85b823
f80598e3
0f013823
00000000
0a95b823
fa0598e3
0f113823
00000000
0aa5b823
f80599e3
0f213823
00000000
0ab5b823
fa0599e3
0f313823
00000000
0ac5b823
f8059ae3
0f413823
00000000
0ad5b823
fa059ae3
0f513823
00000000
0ae5b823
f8059be3
0f613823
00000000
0af5b823
fa059be3
0f713823
00000000
0e85b823
fc0598e3
0f813823
00000000
0e95b823
fe0598e3
0f913823
00000000
0ea5b823
fc0599e3
0fa13823
00000000
0eb5b823
fe0599e3
0fb13823
00000000
0ec5b823
fc059ae3
0fc13823
00000000
0ed5b823
fe059ae3
0fd13823
00000000
0ee5b823
fc059be3
0fe13823
00000000
0ef5b823
fe059be3
0ff13823
00000000
02863823
f00618e3
12013823
00000000
02963823
f20618e3
12113823
00000000
02a63823
f00619e3
12213823
00000000
02b63823
f20619e3
12313823
00000000
02c63823
f0061ae3
12413823
00000000
02d63823
f2061ae3
12513823
00000000
02e63823
f0061be3
12613823
00000000
02f63823
f2061be3
12713823
00000000
06863823
f40618e3
12813823
00000000
06963823
f60618e3
12913823
00000000
06a63823
f40619e3
12a13823
00000000
06b63823
f60619e3
12b13823
00000000
06c63823
f4061ae3
12c13823
00000000
06d63823
f6061ae3
12d13823
00000000
06e63823
f4061be3
12e13823
00000000
06f63823
f6061be3
12f13823
00000000
0a863823
f80618e3
13013823
00000000
0a963823
fa0618e3
13113823
00000000
0aa63823
f80619e3
13213823
00000000
0ab63823
fa0619e3
13313823
00000000
0ac63823
f8061ae3
13413823
00000000
0ad63823
fa061ae3
13513823
00000000
0ae63823
f8061be3
13613823
00000000
0af63823
fa061be3
13713823
00000000
0e863823
fc0618e3
13813823
00000000
0e963823
fe0618e3
13913823
00000000
0ea63823
fc0619e3
13a13823
00000000
0eb63823
fe0619e3
13b13823
00000000
0ec63823
fc061ae3
13c13823
00000000
0ed63823
fe061ae3
13d13823
00000000
0ee63823
fc061be3
13e13823
00000000
0ef63823
fe061be3
13f13823
00000000
0286b823
f00698e3
16013823
00000000
0296b823
f20698e3
16113823
00000000
02a6b823
f00699e3
16213823
00000000
02b6b823
f20699e3
16313823
00000000
02c6b823
f0069ae3
16413823
00000000
02d6b823
f2069ae3
16513823
00000000
02e6b823
f0069be3
16613823
00000000
02f6b823
f2069be3
16713823
00000000
0686b823
f40698e3
16813823
00000000
0696b823
f60698e3
16913823
00000000
06a6b823
f40699e3
16a13823
00000000
06b6b823
f60699e3
16b13823
00000000
06c6b823
f4069ae3
16c13823
00000000
06d6b823
f6069ae3
16d13823
00000000
06e6b823
f4069be3
16e13823
00000000
06f6b823
f6069be3
16f13823
00000000
0a86b823
f80698e3
17013823
00000000
0a96b823
fa0698e3
17113823
00000000
0aa6b823
f80699e3
17213823
00000000
0ab6b823
fa0699e3
17313823
00000000
0ac6b823
f8069ae3
17413823
00000000
0ad6b823
fa069ae3
17513823
00000000
0ae6b823
f8069be3
17613823
00000000
0af6b823
fa069be3
17713823
00000000
0e86b823
fc0698e3
17813823
00000000
0e96b823
fe0698e3
17913823
00000000
0ea6b823
fc0699e3
17a13823
00000000
0eb6b823
fe0699e3
17b13823
00000000
0ec6b823
fc069ae3
17c13823
00000000
0ed6b823
fe069ae3
17d13823
00000000
0ee6b823
fc069be3
17e13823
00000000
0ef6b823
fe069be3
17f13823
00000000
02873823
f00718e3
1a013823
00000000
02973823
f20718e3
1a113823
00000000
02a73823
f00719e3
1a213823
00000000
02b73823
f20719e3
1a313823
00000000
02c73823
f0071ae3
1a413823
00000000
02d73823
f2071ae3
1a513823
00000000
02e73823
f0071be3
1a613823
00000000
02f73823
f2071be3
1a713823
00000000
06873823
f40718e3
1a813823
00000000
06973823
f60718e3
1a913823
00000000
06a73823
f40719e3
1aa13823
00000000
06b73823
f60719e3
1ab13823
00000000
06c73823
f4071ae3
1ac13823
00000000
06d73823
f6071ae3
1ad13823
00000000
06e73823
f4071be3
1ae13823
00000000
06f73823
f6071be3
1af13823
00000000
0a873823
f80718e3
1b013823
00000000
0a973823
fa0718e3
1b113823
00000000
0aa73823
f80719e3
1b213823
00000000
0ab73823
fa0719e3
1b313823
00000000
0ac73823
f8071ae3
1b413823
00000000
0ad73823
fa071ae3
1b513823
00000000
0ae73823
f8071be3
1b613823
00000000
0af73823
fa071be3
1b713823
00000000
0e873823
fc0718e3
1b813823
00000000
0e973823
fe0718e3
1b913823
00000000
0ea73823
fc0719e3
1ba13823
00000000
0eb73823
fe0719e3
1bb13823
00000000
0ec73823
fc071ae3
1bc13823
00000000
0ed73823
fe071ae3
1bd13823
00000000
0ee73823
fc071be3
1be13823
00000000
0ef73823
fe071be3
1bf13823
00000000
0287b823
f00798e3
1e013823
00000000
0297b823
f20798e3
1e113823
00000000
02a7b823
f00799e3
1e213823
00000000
02b7b823
f20799e3
1e313823
00000000
02c7b823
f0079ae3
1e413823
00000000
02d7b823
f2079ae3
1e513823
00000000
02e7b823
f0079be3
1e613823
00000000
02f7b823
f2079be3
1e713823
00000000
0687b823
f40798e3
1e813823
00000000
0697b823
f60798e3
1e913823
00000000
06a7b823
f40799e3
1ea13823
00000000
06b7b823
f60799e3
1eb13823
00000000
06c7b823
f4079ae3
1ec13823
00000000
06d7b823
f6079ae3
1ed13823
00000000
06e7b823
f4079be3
1ee13823
00000000
06f7b823
f6079be3
1ef13823
00000000
0a87b823
f80798e3
1f013823
00000000
0a97b823
fa0798e3
1f113823
00000000
0aa7b823
f80799e3
1f213823
00000000
0ab7b823
fa0799e3
1f313823
00000000
0ac7b823
f8079ae3
1f413823
00000000
0ad7b823
fa079ae3
1f513823
00000000
0ae7b823
f8079be3
1f613823
00000000
0af7b823
fa079be3
1f713823
00000000
0e87b823
fc0798e3
1f813823
00000000
0e97b823
fe0798e3
1f913823
00000000
0ea7b823
fc0799e3
1fa13823
00000000
0eb7b823
fe0799e3
1fb13823
00000000
0ec7b823
fc079ae3
1fc13823
00000000
0ed7b823
fe079ae3
1fd13823
00000000
0ee7b823
fc079be3
1fe13823
00000000
0ef7b823
fe079be3
1ff13823
00000000
02843c23
f0041ce3
02013c23
00000000
02943c23
f2041ce3
02113c23
00000000
02a43c23
f0041de3
02213c23
00000000
02b43c23
f2041de3
02313c23
00000000
02c43c23
f0041ee3
02413c23
00000000
02d43c23
f2041ee3
02513c23
00000000
02e43c23
f0041fe3
02613c23
00000000
02f43c23
f2041fe3
02713c23
00000000
06843c23
f4041ce3
02813c23
00000000
06943c23
f6041ce3
02913c23
00000000
06a43c23
f4041de3
02a13c23
00000000
06b43c23
f6041de3
02b13c23
00000000
06c43c23
f4041ee3
02c13c23
00000000
06d43c23
f6041ee3
02d13c23
00000000
06e43c23
f4041fe3
02e13c23
00000000
06f43c23
f6041fe3
02f13c23
00000000
0a843c23
f8041ce3
03013c23
00000000
0a943c23
fa041ce3
03113c23
00000000
0aa43c23
f8041de3
03213c23
00000000
0ab43c23
fa041de3
03313c23
00000000
0ac43c23
f8041ee3
03413c23
00000000
0ad43c23
fa041ee3
03513c23
00000000
0ae43c23
f8041fe3
03613c23
00000000
0af43c23
fa041fe3
03713c23
00000000
0e843c23
fc041ce3
03813c23
00000000
0e943c23
fe041ce3
03913c23
00000000
0ea43c23
fc041de3
03a13c23
00000000
0eb43c23
fe041de3
03b13c23
00000000
0ec43c23
fc041ee3
03c13c23
00000000
0ed43c23
fe041ee3
03d13c23
00000000
0ee43c23
fc041fe3
03e13c23
00000000
0ef43c23
fe041fe3
03f13c23
00000000
0284bc23
f0049ce3
06013c23
00000000
0294bc23
f2049ce3
06113c23
00000000
02a4bc23
f0049de3
06213c23
00000000
02b4bc23
f2049de3
06313c23
00000000
02c4bc23
f0049ee3
06413c23
00000000
02d4bc23
f2049ee3
06513c23
00000000
02e4bc23
f0049fe3
06613c23
00000000
02f4bc23
f2049fe3
06713c23
00000000
0684bc23
f4049ce3
06813c23
00000000
0694bc23
f6049ce3
06913c23
00000000
06a4bc23
f4049de3
06a13c23
00000000
06b4bc23
f6049de3
06b13c23
00000000
06c4bc23
f4049ee3
06c13c23
00000000
06d4bc23
f6049ee3
06d13c23
00000000
06e4bc23
f4049fe3
06e13c23
00000000
06f4bc23
f6049fe3
06f13c23
00000000
0a84bc23
f8049ce3
07013c23
00000000
0a94bc23
fa049ce3
07113c23
00000000
0aa4bc23
f8049de3
07213c23
00000000
0ab4bc23
fa049de3
07313c23
00000000
0ac4bc23
f8049ee3
07413c23
00000000
0ad4bc23
fa049ee3
07513c23
00000000
0ae4bc23
f8049fe3
07613c23
00000000
0af4bc23
fa049fe3
07713c23
00000000
0e84bc23
fc049ce3
07813c23
00000000
0e94bc23
fe049ce3
07913c23
00000000
0ea4bc23
fc049de3
07a13c23
00000000
0eb4bc23
fe049de3
07b13c23
00000000
0ec4bc23
fc049ee3
07c13c23
00000000
0ed4bc23
fe049ee3
07d13c23
00000000
0ee4bc23
fc049fe3
07e13c23
00000000
0ef4bc23
fe049fe3
07f13c23
00000000
02853c23
f0051ce3
0a013c23
00000000
02953c23
f2051ce3
0a113c23
00000000
02a53c23
f0051de3
0a213c23
00000000
02b53c23
f2051de3
0a313c23
00000000
02c53c23
f0051ee3
0a413c23
00000000
02d53c23
f2051ee3
0a513c23
00000000
02e53c23
f0051fe3
0a613c23
00000000
02f53c23
f2051fe3
0a713c23
00000000
06853c23
f4051ce3
0a813c23
00000000
06953c23
f6051ce3
0a913c23
00000000
06a53c23
f4051de3
0aa13c23
00000000
06b53c23
f6051de3
0ab13c23
00000000
06c53c23
f4051ee3
0ac13c23
00000000
06d53c23
f6051ee3
0ad13c23
00000000
06e53c23
f4051fe3
0ae13c23
00000000
06f53c23
f6051fe3
0af13c23
00000000
0a853c23
f8051ce3
0b013c23
00000000
0a953c23
fa051ce3
0b113c23
00000000
0aa53c23
f8051de3
0b213c23
00000000
0ab53c23
fa051de3
0b313c23
00000000
0ac53c23
f8051ee3
0b413c23
00000000
0ad53c23
fa051ee3
0b513c23
00000000
0ae53c23
f8051fe3
0b613c23
00000000
0af53c23
fa051fe3
0b713c23
00000000
0e853c23
fc051ce3
0b813c23
00000000
0e953c23
fe051ce3
0b913c23
00000000
0ea53c23
fc051de3
0ba13c23
00000000
0eb53c23
fe051de3
0bb13c23
00000000
0ec53c23
fc051ee3
0bc13c23
00000000
0ed53c23
fe051ee3
0bd13c23
00000000
0ee53c23
fc051fe3
0be13c23
00000000
0ef53c23
fe051fe3
0bf13c23
00000000
0285bc23
f0059ce3
0e013c23
00000000
0295bc23
f2059ce3
0e113c23
00000000
02a5bc23
f0059de3
0e213c23
00000000
02b5bc23
f2059de3
0e313c23
00000000
02c5bc23
f0059ee3
0e413c23
00000000
02d5bc23
f2059ee3
0e513c23
00000000
02e5bc23
f0059fe3
0e613c23
00000000
02f5bc23
f2059fe3
0e713c23
00000000
0685bc23
f4059ce3
0e813c23
00000000
0695bc23
f6059ce3
0e913c23
00000000
06a5bc23
f4059de3
0ea13c23
00000000
06b5bc23
f6059de3
0eb13c23
00000000
06c5bc23
f4059ee3
0ec13c23
00000000
06d5bc23
f6059ee3
0ed13c23
00000000
06e5bc23
f4059fe3
0ee13c23
00000000
06f5bc23
f6059fe3
0ef13c23
00000000
0a85bc23
f8059ce3
0f013c23
00000000
0a95bc23
fa059ce3
0f113c23
00000000
0aa5bc23
f8059de3
0f213c23
00000000
0ab5bc23
fa059de3
0f313c23
00000000
0ac5bc23
f8059ee3
0f413c23
00000000
0ad5bc23
fa059ee3
0f513c23
00000000
0ae5bc23
f8059fe3
0f613c23
00000000
0af5bc23
fa059fe3
0f713c23
00000000
0e85bc23
fc059ce3
0f813c23
00000000
0e95bc23
fe059ce3
0f913c23
00000000
0ea5bc23
fc059de3
0fa13c23
00000000
0eb5bc23
fe059de3
0fb13c23
00000000
0ec5bc23
fc059ee3
0fc13c23
00000000
0ed5bc23
fe059ee3
0fd13c23
00000000
0ee5bc23
fc059fe3
0fe13c23
00000000
0ef5bc23
fe059fe3
0ff13c23
00000000
02863c23
f0061ce3
12013c23
00000000
02963c23
f2061ce3
12113c23
00000000
02a63c23
f0061de3
12213c23
00000000
02b63c23
f2061de3
12313c23
00000000
02c63c23
f0061ee3
12413c23
00000000
02d63c23
f2061ee3
12513c23
00000000
02e63c23
f0061fe3
12613c23
00000000
02f63c23
f2061fe3
12713c23
00000000
06863c23
f4061ce3
12813c23
00000000
06963c23
f6061ce3
12913c23
00000000
06a63c23
f4061de3
12a13c23
00000000
06b63c23
f6061de3
12b13c23
00000000
06c63c23
f4061ee3
12c13c23
00000000
06d63c23
f6061ee3
12d13c23
00000000
06e63c23
f4061fe3
12e13c23
00000000
06f63c23
f6061fe3
12f13c23
00000000
0a863c23
f8061ce3
13013c23
00000000
0a963c23
fa061ce3
13113c23
00000000
0aa63c23
f8061de3
13213c23
00000000
0ab63c23
fa061de3
13313c23
00000000
0ac63c23
f8061ee3
13413c23
00000000
0ad63c23
fa061ee3
13513c23
00000000
0ae63c23
f8061fe3
13613c23
00000000
0af63c23
fa061fe3
13713c23
00000000
0e863c23
fc061ce3
13813c23
00000000
0e963c23
fe061ce3
13913c23
00000000
0ea63c23
fc061de3
13a13c23
00000000
0eb63c23
fe061de3
13b13c23
00000000
0ec63c23
fc061ee3
13c13c23
00000000
0ed63c23
fe061ee3
13d13c23
00000000
0ee63c23
fc061fe3
13e13c23
00000000
0ef63c23
fe061fe3
13f13c23
00000000
0286bc23
f0069ce3
16013c23
00000000
0296bc23
f2069ce3
16113c23
00000000
02a6bc23
f0069de3
16213c23
00000000
02b6bc23
f2069de3
16313c23
00000000
02c6bc23
f0069ee3
16413c23
00000000
02d6bc23
f2069ee3
16513c23
00000000
02e6bc23
f0069fe3
16613c23
00000000
02f6bc23
f2069fe3
16713c23
00000000
0686bc23
f4069ce3
16813c23
00000000
0696bc23
f6069ce3
16913c23
00000000
06a6bc23
f4069de3
16a13c23
00000000
06b6bc23
f6069de3
16b13c23
00000000
06c6bc23
f4069ee3
16c13c23
00000000
06d6bc23
f6069ee3
16d13c23
00000000
06e6bc23
f4069fe3
16e13c23
00000000
06f6bc23
f6069fe3
16f13c23
00000000
0a86bc23
f8069ce3
17013c23
00000000
0a96bc23
fa069ce3
17113c23
00000000
0aa6bc23
f8069de3
17213c23
00000000
0ab6bc23
fa069de3
17313c23
00000000
0ac6bc23
f8069ee3
17413c23
00000000
0ad6bc23
fa069ee3
17513c23
00000000
0ae6bc23
f8069fe3
17613c23
00000000
0af6bc23
fa069fe3
17713c23
00000000
0e86bc23
fc069ce3
17813c23
00000000
0e96bc23
fe069ce3
17913c23
00000000
0ea6bc23
fc069de3
17a13c23
00000000
0eb6bc23
fe069de3
17b13c23
00000000
0ec6bc23
fc069ee3
17c13c23
00000000
0ed6bc23
fe069ee3
17d13c23
00000000
0ee6bc23
fc069fe3
17e13c23
00000000
0ef6bc23
fe069fe3
17f13c23
00000000
02873c23
f0071ce3
1a013c23
00000000
02973c23
f2071ce3
1a113c23
00000000
02a73c23
f0071de3
1a213c23
00000000
02b73c23
f2071de3
1a313c23
00000000
02c73c23
f0071ee3
1a413c23
00000000
02d73c23
f2071ee3
1a513c23
00000000
02e73c23
f0071fe3
1a613c23
00000000
02f73c23
f2071fe3
1a713c23
00000000
06873c23
f4071ce3
1a813c23
00000000
06973c23
f6071ce3
1a913c23
00000000
06a73c23
f4071de3
1aa13c23
00000000
06b73c23
f6071de3
1ab13c23
00000000
06c73c23
f4071ee3
1ac13c23
00000000
06d73c23
f6071ee3
1ad13c23
00000000
06e73c23
f4071fe3
1ae13c23
00000000
06f73c23
f6071fe3
1af13c23
00000000
0a873c23
f8071ce3
1b013c23
00000000
0a973c23
fa071ce3
1b113c23
00000000
0aa73c23
f8071de3
1b213c23
00000000
0ab73c23
fa071de3
1b313c23
00000000
0ac73c23
f8071ee3
1b413c23
00000000
0ad73c23
fa071ee3
1b513c23
00000000
0ae73c23
f8071fe3
1b613c23
00000000
0af73c23
fa071fe3
1b713c23
00000000
0e873c23
fc071ce3
1b813c23
00000000
0e973c23
fe071ce3
1b913c23
00000000
0ea73c23
fc071de3
1ba13c23
00000000
0eb73c23
fe071de3
1bb13c23
00000000
0ec73c23
fc071ee3
1bc13c23
00000000
0ed73c23
fe071ee3
1bd13c23
00000000
0ee73c23
fc071fe3
1be13c23
00000000
0ef73c23
fe071fe3
1bf13c23
00000000
0287bc23
f0079ce3
1e013c23
00000000
0297bc23
f2079ce3
1e113c23
00000000
02a7bc23
f0079de3
1e213c23
00000000
02b7bc23
f2079de3
1e313c23
00000000
02c7bc23
f0079ee3
1e413c23
00000000
02d7bc23
f2079ee3
1e513c23
00000000
02e7bc23
f0079fe3
1e613c23
00000000
02f7bc23
f2079fe3
1e713c23
00000000
0687bc23
f4079ce3
1e813c23
00000000
0697bc23
f6079ce3
1e913c23
00000000
06a7bc23
f4079de3
1ea13c23
00000000
06b7bc23
f6079de3
1eb13c23
00000000
06c7bc23
f4079ee3
1ec13c23
00000000
06d7bc23
f6079ee3
1ed13c23
00000000
06e7bc23
f4079fe3
1ee13c23
00000000
06f7bc23
f6079fe3
1ef13c23
00000000
0a87bc23
f8079ce3
1f013c23
00000000
0a97bc23
fa079ce3
1f113c23
00000000
0aa7bc23
f8079de3
1f213c23
00000000
0ab7bc23
fa079de3
1f313c23
00000000
0ac7bc23
f8079ee3
1f413c23
00000000
0ad7bc23
fa079ee3
1f513c23
00000000
0ae7bc23
f8079fe3
1f613c23
00000000
0af7bc23
fa079fe3
1f713c23
00000000
0e87bc23
fc079ce3
1f813c23
00000000
0e97bc23
fe079ce3
1f913c23
00000000
0ea7bc23
fc079de3
1fa13c23
00000000
0eb7bc23
fe079de3
1fb13c23
00000000
0ec7bc23
fc079ee3
1fc13c23
00000000
0ed7bc23
fe079ee3
1fd13c23
00000000
0ee7bc23
fc079fe3
1fe13c23
00000000
0ef7bc23
fe079fe3
1ff13c23
00000000
