building obj_dir_virtio/tb_virtio ...
%Warning-UNSIGNED: mmu.v:79:22: Comparison is constant due to unsigned arithmetic
                              : ... note: In instance 'tb.dut.core.u_lsu.u_stmmu'
   79 |       pa_valid = (pa >= DRAM_BASE && pa < DRAM_TOP)
      |                      ^~
                   ... For warning description see https://verilator.org/warn/UNSIGNED?v=5.050
                   ... Use "/* verilator lint_off UNSIGNED */" and lint_on around source to disable this message.
c++  -I.  -MMD -I/opt/homebrew/Cellar/verilator/5.050/share/verilator/include -I/opt/homebrew/Cellar/verilator/5.050/share/verilator/include/vltstd -DVERILATOR=1 -DVM_COVERAGE=0 -DVM_SC=0 -DVM_TIMING=1 -DVM_TRACE=0 -DVM_TRACE_FST=0 -DVM_TRACE_VCD=0 -DVM_TRACE_SAIF=0 -DVM_VPI=0 -faligned-new -fbracket-depth=4096 -fcf-protection=none -Xclang -fno-pch-timestamp -Qunused-arguments -Wno-bool-operation -Wno-c++11-narrowing -Wno-constant-logical-operand -Wno-int-in-bool-context -Wno-non-pod-varargs -Wno-parentheses-equality -Wno-shadow -Wno-sign-compare -Wno-tautological-bitwise-compare -Wno-tautological-compare -Wno-uninitialized -Wno-unnecessary-virtual-specifier -Wno-unused-but-set-parameter -Wno-unused-but-set-variable -Wno-unused-parameter -Wno-unused-variable -Wno-vla-cxx-extension    -I/Users/tommy/smolrv64/src -DVL_TIME_CONTEXT   -std=gnu++20 -Os  -c -o sd_dpi.o ../sd_dpi.cpp
c++ -Os  -I.  -MMD -I/opt/homebrew/Cellar/verilator/5.050/share/verilator/include -I/opt/homebrew/Cellar/verilator/5.050/share/verilator/include/vltstd -DVERILATOR=1 -DVM_COVERAGE=0 -DVM_SC=0 -DVM_TIMING=1 -DVM_TRACE=0 -DVM_TRACE_FST=0 -DVM_TRACE_VCD=0 -DVM_TRACE_SAIF=0 -DVM_VPI=0 -faligned-new -fbracket-depth=4096 -fcf-protection=none -Xclang -fno-pch-timestamp -Qunused-arguments -Wno-bool-operation -Wno-c++11-narrowing -Wno-constant-logical-operand -Wno-int-in-bool-context -Wno-non-pod-varargs -Wno-parentheses-equality -Wno-shadow -Wno-sign-compare -Wno-tautological-bitwise-compare -Wno-tautological-compare -Wno-uninitialized -Wno-unnecessary-virtual-specifier -Wno-unused-but-set-parameter -Wno-unused-but-set-variable -Wno-unused-parameter -Wno-unused-variable -Wno-vla-cxx-extension    -I/Users/tommy/smolrv64/src -DVL_TIME_CONTEXT   -std=gnu++20 -c -o verilated.o /opt/homebrew/Cellar/verilator/5.050/share/verilator/include/verilated.cpp
c++ -Os  -I.  -MMD -I/opt/homebrew/Cellar/verilator/5.050/share/verilator/include -I/opt/homebrew/Cellar/verilator/5.050/share/verilator/include/vltstd -DVERILATOR=1 -DVM_COVERAGE=0 -DVM_SC=0 -DVM_TIMING=1 -DVM_TRACE=0 -DVM_TRACE_FST=0 -DVM_TRACE_VCD=0 -DVM_TRACE_SAIF=0 -DVM_VPI=0 -faligned-new -fbracket-depth=4096 -fcf-protection=none -Xclang -fno-pch-timestamp -Qunused-arguments -Wno-bool-operation -Wno-c++11-narrowing -Wno-constant-logical-operand -Wno-int-in-bool-context -Wno-non-pod-varargs -Wno-parentheses-equality -Wno-shadow -Wno-sign-compare -Wno-tautological-bitwise-compare -Wno-tautological-compare -Wno-uninitialized -Wno-unnecessary-virtual-specifier -Wno-unused-but-set-parameter -Wno-unused-but-set-variable -Wno-unused-parameter -Wno-unused-variable -Wno-vla-cxx-extension    -I/Users/tommy/smolrv64/src -DVL_TIME_CONTEXT   -std=gnu++20 -c -o verilated_dpi.o /opt/homebrew/Cellar/verilator/5.050/share/verilator/include/verilated_dpi.cpp
c++ -Os  -I.  -MMD -I/opt/homebrew/Cellar/verilator/5.050/share/verilator/include -I/opt/homebrew/Cellar/verilator/5.050/share/verilator/include/vltstd -DVERILATOR=1 -DVM_COVERAGE=0 -DVM_SC=0 -DVM_TIMING=1 -DVM_TRACE=0 -DVM_TRACE_FST=0 -DVM_TRACE_VCD=0 -DVM_TRACE_SAIF=0 -DVM_VPI=0 -faligned-new -fbracket-depth=4096 -fcf-protection=none -Xclang -fno-pch-timestamp -Qunused-arguments -Wno-bool-operation -Wno-c++11-narrowing -Wno-constant-logical-operand -Wno-int-in-bool-context -Wno-non-pod-varargs -Wno-parentheses-equality -Wno-shadow -Wno-sign-compare -Wno-tautological-bitwise-compare -Wno-tautological-compare -Wno-uninitialized -Wno-unnecessary-virtual-specifier -Wno-unused-but-set-parameter -Wno-unused-but-set-variable -Wno-unused-parameter -Wno-unused-variable -Wno-vla-cxx-extension    -I/Users/tommy/smolrv64/src -DVL_TIME_CONTEXT   -std=gnu++20 -c -o verilated_timing.o /opt/homebrew/Cellar/verilator/5.050/share/verilator/include/verilated_timing.cpp
c++ -Os  -I.  -MMD -I/opt/homebrew/Cellar/verilator/5.050/share/verilator/include -I/opt/homebrew/Cellar/verilator/5.050/share/verilator/include/vltstd -DVERILATOR=1 -DVM_COVERAGE=0 -DVM_SC=0 -DVM_TIMING=1 -DVM_TRACE=0 -DVM_TRACE_FST=0 -DVM_TRACE_VCD=0 -DVM_TRACE_SAIF=0 -DVM_VPI=0 -faligned-new -fbracket-depth=4096 -fcf-protection=none -Xclang -fno-pch-timestamp -Qunused-arguments -Wno-bool-operation -Wno-c++11-narrowing -Wno-constant-logical-operand -Wno-int-in-bool-context -Wno-non-pod-varargs -Wno-parentheses-equality -Wno-shadow -Wno-sign-compare -Wno-tautological-bitwise-compare -Wno-tautological-compare -Wno-uninitialized -Wno-unnecessary-virtual-specifier -Wno-unused-but-set-parameter -Wno-unused-but-set-variable -Wno-unused-parameter -Wno-unused-variable -Wno-vla-cxx-extension    -I/Users/tommy/smolrv64/src -DVL_TIME_CONTEXT   -std=gnu++20 -c -o verilated_threads.o /opt/homebrew/Cellar/verilator/5.050/share/verilator/include/verilated_threads.cpp
c++ -Os  -I.  -MMD -I/opt/homebrew/Cellar/verilator/5.050/share/verilator/include -I/opt/homebrew/Cellar/verilator/5.050/share/verilator/include/vltstd -DVERILATOR=1 -DVM_COVERAGE=0 -DVM_SC=0 -DVM_TIMING=1 -DVM_TRACE=0 -DVM_TRACE_FST=0 -DVM_TRACE_VCD=0 -DVM_TRACE_SAIF=0 -DVM_VPI=0 -faligned-new -fbracket-depth=4096 -fcf-protection=none -Xclang -fno-pch-timestamp -Qunused-arguments -Wno-bool-operation -Wno-c++11-narrowing -Wno-constant-logical-operand -Wno-int-in-bool-context -Wno-non-pod-varargs -Wno-parentheses-equality -Wno-shadow -Wno-sign-compare -Wno-tautological-bitwise-compare -Wno-tautological-compare -Wno-uninitialized -Wno-unnecessary-virtual-specifier -Wno-unused-but-set-parameter -Wno-unused-but-set-variable -Wno-unused-parameter -Wno-unused-variable -Wno-vla-cxx-extension    -I/Users/tommy/smolrv64/src -DVL_TIME_CONTEXT   -std=gnu++20 -x c++-header Vtb__pch.h -o Vtb__pch.h.fast.gch
c++   -I.  -MMD -I/opt/homebrew/Cellar/verilator/5.050/share/verilator/include -I/opt/homebrew/Cellar/verilator/5.050/share/verilator/include/vltstd -DVERILATOR=1 -DVM_COVERAGE=0 -DVM_SC=0 -DVM_TIMING=1 -DVM_TRACE=0 -DVM_TRACE_FST=0 -DVM_TRACE_VCD=0 -DVM_TRACE_SAIF=0 -DVM_VPI=0 -faligned-new -fbracket-depth=4096 -fcf-protection=none -Xclang -fno-pch-timestamp -Qunused-arguments -Wno-bool-operation -Wno-c++11-narrowing -Wno-constant-logical-operand -Wno-int-in-bool-context -Wno-non-pod-varargs -Wno-parentheses-equality -Wno-shadow -Wno-sign-compare -Wno-tautological-bitwise-compare -Wno-tautological-compare -Wno-uninitialized -Wno-unnecessary-virtual-specifier -Wno-unused-but-set-parameter -Wno-unused-but-set-variable -Wno-unused-parameter -Wno-unused-variable -Wno-vla-cxx-extension    -I/Users/tommy/smolrv64/src -DVL_TIME_CONTEXT   -std=gnu++20 -x c++-header Vtb__pch.h -o Vtb__pch.h.slow.gch
c++ -Os  -I.  -MMD -I/opt/homebrew/Cellar/verilator/5.050/share/verilator/include -I/opt/homebrew/Cellar/verilator/5.050/share/verilator/include/vltstd -DVERILATOR=1 -DVM_COVERAGE=0 -DVM_SC=0 -DVM_TIMING=1 -DVM_TRACE=0 -DVM_TRACE_FST=0 -DVM_TRACE_VCD=0 -DVM_TRACE_SAIF=0 -DVM_VPI=0 -faligned-new -fbracket-depth=4096 -fcf-protection=none -Xclang -fno-pch-timestamp -Qunused-arguments -Wno-bool-operation -Wno-c++11-narrowing -Wno-constant-logical-operand -Wno-int-in-bool-context -Wno-non-pod-varargs -Wno-parentheses-equality -Wno-shadow -Wno-sign-compare -Wno-tautological-bitwise-compare -Wno-tautological-compare -Wno-uninitialized -Wno-unnecessary-virtual-specifier -Wno-unused-but-set-parameter -Wno-unused-but-set-variable -Wno-unused-parameter -Wno-unused-variable -Wno-vla-cxx-extension    -I/Users/tommy/smolrv64/src -DVL_TIME_CONTEXT   -std=gnu++20 -include-pch Vtb__pch.h.fast.gch -c Vtb.cpp
c++ -Os  -I.  -MMD -I/opt/homebrew/Cellar/verilator/5.050/share/verilator/include -I/opt/homebrew/Cellar/verilator/5.050/share/verilator/include/vltstd -DVERILATOR=1 -DVM_COVERAGE=0 -DVM_SC=0 -DVM_TIMING=1 -DVM_TRACE=0 -DVM_TRACE_FST=0 -DVM_TRACE_VCD=0 -DVM_TRACE_SAIF=0 -DVM_VPI=0 -faligned-new -fbracket-depth=4096 -fcf-protection=none -Xclang -fno-pch-timestamp -Qunused-arguments -Wno-bool-operation -Wno-c++11-narrowing -Wno-constant-logical-operand -Wno-int-in-bool-context -Wno-non-pod-varargs -Wno-parentheses-equality -Wno-shadow -Wno-sign-compare -Wno-tautological-bitwise-compare -Wno-tautological-compare -Wno-uninitialized -Wno-unnecessary-virtual-specifier -Wno-unused-but-set-parameter -Wno-unused-but-set-variable -Wno-unused-parameter -Wno-unused-variable -Wno-vla-cxx-extension    -I/Users/tommy/smolrv64/src -DVL_TIME_CONTEXT   -std=gnu++20 -include-pch Vtb__pch.h.fast.gch -c Vtb___024root__0.cpp
c++ -Os  -I.  -MMD -I/opt/homebrew/Cellar/verilator/5.050/share/verilator/include -I/opt/homebrew/Cellar/verilator/5.050/share/verilator/include/vltstd -DVERILATOR=1 -DVM_COVERAGE=0 -DVM_SC=0 -DVM_TIMING=1 -DVM_TRACE=0 -DVM_TRACE_FST=0 -DVM_TRACE_VCD=0 -DVM_TRACE_SAIF=0 -DVM_VPI=0 -faligned-new -fbracket-depth=4096 -fcf-protection=none -Xclang -fno-pch-timestamp -Qunused-arguments -Wno-bool-operation -Wno-c++11-narrowing -Wno-constant-logical-operand -Wno-int-in-bool-context -Wno-non-pod-varargs -Wno-parentheses-equality -Wno-shadow -Wno-sign-compare -Wno-tautological-bitwise-compare -Wno-tautological-compare -Wno-uninitialized -Wno-unnecessary-virtual-specifier -Wno-unused-but-set-parameter -Wno-unused-but-set-variable -Wno-unused-parameter -Wno-unused-variable -Wno-vla-cxx-extension    -I/Users/tommy/smolrv64/src -DVL_TIME_CONTEXT   -std=gnu++20 -include-pch Vtb__pch.h.fast.gch -c Vtb___024root__1.cpp
c++ -Os  -I.  -MMD -I/opt/homebrew/Cellar/verilator/5.050/share/verilator/include -I/opt/homebrew/Cellar/verilator/5.050/share/verilator/include/vltstd -DVERILATOR=1 -DVM_COVERAGE=0 -DVM_SC=0 -DVM_TIMING=1 -DVM_TRACE=0 -DVM_TRACE_FST=0 -DVM_TRACE_VCD=0 -DVM_TRACE_SAIF=0 -DVM_VPI=0 -faligned-new -fbracket-depth=4096 -fcf-protection=none -Xclang -fno-pch-timestamp -Qunused-arguments -Wno-bool-operation -Wno-c++11-narrowing -Wno-constant-logical-operand -Wno-int-in-bool-context -Wno-non-pod-varargs -Wno-parentheses-equality -Wno-shadow -Wno-sign-compare -Wno-tautological-bitwise-compare -Wno-tautological-compare -Wno-uninitialized -Wno-unnecessary-virtual-specifier -Wno-unused-but-set-parameter -Wno-unused-but-set-variable -Wno-unused-parameter -Wno-unused-variable -Wno-vla-cxx-extension    -I/Users/tommy/smolrv64/src -DVL_TIME_CONTEXT   -std=gnu++20 -include-pch Vtb__pch.h.fast.gch -c Vtb___024root__2.cpp
c++ -Os  -I.  -MMD -I/opt/homebrew/Cellar/verilator/5.050/share/verilator/include -I/opt/homebrew/Cellar/verilator/5.050/share/verilator/include/vltstd -DVERILATOR=1 -DVM_COVERAGE=0 -DVM_SC=0 -DVM_TIMING=1 -DVM_TRACE=0 -DVM_TRACE_FST=0 -DVM_TRACE_VCD=0 -DVM_TRACE_SAIF=0 -DVM_VPI=0 -faligned-new -fbracket-depth=4096 -fcf-protection=none -Xclang -fno-pch-timestamp -Qunused-arguments -Wno-bool-operation -Wno-c++11-narrowing -Wno-constant-logical-operand -Wno-int-in-bool-context -Wno-non-pod-varargs -Wno-parentheses-equality -Wno-shadow -Wno-sign-compare -Wno-tautological-bitwise-compare -Wno-tautological-compare -Wno-uninitialized -Wno-unnecessary-virtual-specifier -Wno-unused-but-set-parameter -Wno-unused-but-set-variable -Wno-unused-parameter -Wno-unused-variable -Wno-vla-cxx-extension    -I/Users/tommy/smolrv64/src -DVL_TIME_CONTEXT   -std=gnu++20 -include-pch Vtb__pch.h.fast.gch -c Vtb___024root__3.cpp
c++ -Os  -I.  -MMD -I/opt/homebrew/Cellar/verilator/5.050/share/verilator/include -I/opt/homebrew/Cellar/verilator/5.050/share/verilator/include/vltstd -DVERILATOR=1 -DVM_COVERAGE=0 -DVM_SC=0 -DVM_TIMING=1 -DVM_TRACE=0 -DVM_TRACE_FST=0 -DVM_TRACE_VCD=0 -DVM_TRACE_SAIF=0 -DVM_VPI=0 -faligned-new -fbracket-depth=4096 -fcf-protection=none -Xclang -fno-pch-timestamp -Qunused-arguments -Wno-bool-operation -Wno-c++11-narrowing -Wno-constant-logical-operand -Wno-int-in-bool-context -Wno-non-pod-varargs -Wno-parentheses-equality -Wno-shadow -Wno-sign-compare -Wno-tautological-bitwise-compare -Wno-tautological-compare -Wno-uninitialized -Wno-unnecessary-virtual-specifier -Wno-unused-but-set-parameter -Wno-unused-but-set-variable -Wno-unused-parameter -Wno-unused-variable -Wno-vla-cxx-extension    -I/Users/tommy/smolrv64/src -DVL_TIME_CONTEXT   -std=gnu++20 -include-pch Vtb__pch.h.fast.gch -c Vtb___024root__4.cpp
c++ -Os  -I.  -MMD -I/opt/homebrew/Cellar/verilator/5.050/share/verilator/include -I/opt/homebrew/Cellar/verilator/5.050/share/verilator/include/vltstd -DVERILATOR=1 -DVM_COVERAGE=0 -DVM_SC=0 -DVM_TIMING=1 -DVM_TRACE=0 -DVM_TRACE_FST=0 -DVM_TRACE_VCD=0 -DVM_TRACE_SAIF=0 -DVM_VPI=0 -faligned-new -fbracket-depth=4096 -fcf-protection=none -Xclang -fno-pch-timestamp -Qunused-arguments -Wno-bool-operation -Wno-c++11-narrowing -Wno-constant-logical-operand -Wno-int-in-bool-context -Wno-non-pod-varargs -Wno-parentheses-equality -Wno-shadow -Wno-sign-compare -Wno-tautological-bitwise-compare -Wno-tautological-compare -Wno-uninitialized -Wno-unnecessary-virtual-specifier -Wno-unused-but-set-parameter -Wno-unused-but-set-variable -Wno-unused-parameter -Wno-unused-variable -Wno-vla-cxx-extension    -I/Users/tommy/smolrv64/src -DVL_TIME_CONTEXT   -std=gnu++20 -include-pch Vtb__pch.h.fast.gch -c Vtb__main.cpp
c++ -Os  -I.  -MMD -I/opt/homebrew/Cellar/verilator/5.050/share/verilator/include -I/opt/homebrew/Cellar/verilator/5.050/share/verilator/include/vltstd -DVERILATOR=1 -DVM_COVERAGE=0 -DVM_SC=0 -DVM_TIMING=1 -DVM_TRACE=0 -DVM_TRACE_FST=0 -DVM_TRACE_VCD=0 -DVM_TRACE_SAIF=0 -DVM_VPI=0 -faligned-new -fbracket-depth=4096 -fcf-protection=none -Xclang -fno-pch-timestamp -Qunused-arguments -Wno-bool-operation -Wno-c++11-narrowing -Wno-constant-logical-operand -Wno-int-in-bool-context -Wno-non-pod-varargs -Wno-parentheses-equality -Wno-shadow -Wno-sign-compare -Wno-tautological-bitwise-compare -Wno-tautological-compare -Wno-uninitialized -Wno-unnecessary-virtual-specifier -Wno-unused-but-set-parameter -Wno-unused-but-set-variable -Wno-unused-parameter -Wno-unused-variable -Wno-vla-cxx-extension    -I/Users/tommy/smolrv64/src -DVL_TIME_CONTEXT   -std=gnu++20 -include-pch Vtb__pch.h.fast.gch -c Vtb__Dpi.cpp
c++   -I.  -MMD -I/opt/homebrew/Cellar/verilator/5.050/share/verilator/include -I/opt/homebrew/Cellar/verilator/5.050/share/verilator/include/vltstd -DVERILATOR=1 -DVM_COVERAGE=0 -DVM_SC=0 -DVM_TIMING=1 -DVM_TRACE=0 -DVM_TRACE_FST=0 -DVM_TRACE_VCD=0 -DVM_TRACE_SAIF=0 -DVM_VPI=0 -faligned-new -fbracket-depth=4096 -fcf-protection=none -Xclang -fno-pch-timestamp -Qunused-arguments -Wno-bool-operation -Wno-c++11-narrowing -Wno-constant-logical-operand -Wno-int-in-bool-context -Wno-non-pod-varargs -Wno-parentheses-equality -Wno-shadow -Wno-sign-compare -Wno-tautological-bitwise-compare -Wno-tautological-compare -Wno-uninitialized -Wno-unnecessary-virtual-specifier -Wno-unused-but-set-parameter -Wno-unused-but-set-variable -Wno-unused-parameter -Wno-unused-variable -Wno-vla-cxx-extension    -I/Users/tommy/smolrv64/src -DVL_TIME_CONTEXT   -std=gnu++20 -include-pch Vtb__pch.h.slow.gch -c Vtb__ConstPool__0__Slow.cpp
c++   -I.  -MMD -I/opt/homebrew/Cellar/verilator/5.050/share/verilator/include -I/opt/homebrew/Cellar/verilator/5.050/share/verilator/include/vltstd -DVERILATOR=1 -DVM_COVERAGE=0 -DVM_SC=0 -DVM_TIMING=1 -DVM_TRACE=0 -DVM_TRACE_FST=0 -DVM_TRACE_VCD=0 -DVM_TRACE_SAIF=0 -DVM_VPI=0 -faligned-new -fbracket-depth=4096 -fcf-protection=none -Xclang -fno-pch-timestamp -Qunused-arguments -Wno-bool-operation -Wno-c++11-narrowing -Wno-constant-logical-operand -Wno-int-in-bool-context -Wno-non-pod-varargs -Wno-parentheses-equality -Wno-shadow -Wno-sign-compare -Wno-tautological-bitwise-compare -Wno-tautological-compare -Wno-uninitialized -Wno-unnecessary-virtual-specifier -Wno-unused-but-set-parameter -Wno-unused-but-set-variable -Wno-unused-parameter -Wno-unused-variable -Wno-vla-cxx-extension    -I/Users/tommy/smolrv64/src -DVL_TIME_CONTEXT   -std=gnu++20 -include-pch Vtb__pch.h.slow.gch -c Vtb___024root__Slow.cpp
c++   -I.  -MMD -I/opt/homebrew/Cellar/verilator/5.050/share/verilator/include -I/opt/homebrew/Cellar/verilator/5.050/share/verilator/include/vltstd -DVERILATOR=1 -DVM_COVERAGE=0 -DVM_SC=0 -DVM_TIMING=1 -DVM_TRACE=0 -DVM_TRACE_FST=0 -DVM_TRACE_VCD=0 -DVM_TRACE_SAIF=0 -DVM_VPI=0 -faligned-new -fbracket-depth=4096 -fcf-protection=none -Xclang -fno-pch-timestamp -Qunused-arguments -Wno-bool-operation -Wno-c++11-narrowing -Wno-constant-logical-operand -Wno-int-in-bool-context -Wno-non-pod-varargs -Wno-parentheses-equality -Wno-shadow -Wno-sign-compare -Wno-tautological-bitwise-compare -Wno-tautological-compare -Wno-uninitialized -Wno-unnecessary-virtual-specifier -Wno-unused-but-set-parameter -Wno-unused-but-set-variable -Wno-unused-parameter -Wno-unused-variable -Wno-vla-cxx-extension    -I/Users/tommy/smolrv64/src -DVL_TIME_CONTEXT   -std=gnu++20 -include-pch Vtb__pch.h.slow.gch -c Vtb___024root__0__Slow.cpp
c++   -I.  -MMD -I/opt/homebrew/Cellar/verilator/5.050/share/verilator/include -I/opt/homebrew/Cellar/verilator/5.050/share/verilator/include/vltstd -DVERILATOR=1 -DVM_COVERAGE=0 -DVM_SC=0 -DVM_TIMING=1 -DVM_TRACE=0 -DVM_TRACE_FST=0 -DVM_TRACE_VCD=0 -DVM_TRACE_SAIF=0 -DVM_VPI=0 -faligned-new -fbracket-depth=4096 -fcf-protection=none -Xclang -fno-pch-timestamp -Qunused-arguments -Wno-bool-operation -Wno-c++11-narrowing -Wno-constant-logical-operand -Wno-int-in-bool-context -Wno-non-pod-varargs -Wno-parentheses-equality -Wno-shadow -Wno-sign-compare -Wno-tautological-bitwise-compare -Wno-tautological-compare -Wno-uninitialized -Wno-unnecessary-virtual-specifier -Wno-unused-but-set-parameter -Wno-unused-but-set-variable -Wno-unused-parameter -Wno-unused-variable -Wno-vla-cxx-extension    -I/Users/tommy/smolrv64/src -DVL_TIME_CONTEXT   -std=gnu++20 -include-pch Vtb__pch.h.slow.gch -c Vtb___024root__1__Slow.cpp
c++   -I.  -MMD -I/opt/homebrew/Cellar/verilator/5.050/share/verilator/include -I/opt/homebrew/Cellar/verilator/5.050/share/verilator/include/vltstd -DVERILATOR=1 -DVM_COVERAGE=0 -DVM_SC=0 -DVM_TIMING=1 -DVM_TRACE=0 -DVM_TRACE_FST=0 -DVM_TRACE_VCD=0 -DVM_TRACE_SAIF=0 -DVM_VPI=0 -faligned-new -fbracket-depth=4096 -fcf-protection=none -Xclang -fno-pch-timestamp -Qunused-arguments -Wno-bool-operation -Wno-c++11-narrowing -Wno-constant-logical-operand -Wno-int-in-bool-context -Wno-non-pod-varargs -Wno-parentheses-equality -Wno-shadow -Wno-sign-compare -Wno-tautological-bitwise-compare -Wno-tautological-compare -Wno-uninitialized -Wno-unnecessary-virtual-specifier -Wno-unused-but-set-parameter -Wno-unused-but-set-variable -Wno-unused-parameter -Wno-unused-variable -Wno-vla-cxx-extension    -I/Users/tommy/smolrv64/src -DVL_TIME_CONTEXT   -std=gnu++20 -include-pch Vtb__pch.h.slow.gch -c Vtb___024root__2__Slow.cpp
c++   -I.  -MMD -I/opt/homebrew/Cellar/verilator/5.050/share/verilator/include -I/opt/homebrew/Cellar/verilator/5.050/share/verilator/include/vltstd -DVERILATOR=1 -DVM_COVERAGE=0 -DVM_SC=0 -DVM_TIMING=1 -DVM_TRACE=0 -DVM_TRACE_FST=0 -DVM_TRACE_VCD=0 -DVM_TRACE_SAIF=0 -DVM_VPI=0 -faligned-new -fbracket-depth=4096 -fcf-protection=none -Xclang -fno-pch-timestamp -Qunused-arguments -Wno-bool-operation -Wno-c++11-narrowing -Wno-constant-logical-operand -Wno-int-in-bool-context -Wno-non-pod-varargs -Wno-parentheses-equality -Wno-shadow -Wno-sign-compare -Wno-tautological-bitwise-compare -Wno-tautological-compare -Wno-uninitialized -Wno-unnecessary-virtual-specifier -Wno-unused-but-set-parameter -Wno-unused-but-set-variable -Wno-unused-parameter -Wno-unused-variable -Wno-vla-cxx-extension    -I/Users/tommy/smolrv64/src -DVL_TIME_CONTEXT   -std=gnu++20 -include-pch Vtb__pch.h.slow.gch -c Vtb__Syms__Slow.cpp
c++  -Wl,-U,__Z15vl_time_stamp64v,-U,__Z13sc_time_stampv,-U,_vlog_startup_routines   sd_dpi.o verilated.o verilated_dpi.o verilated_timing.o verilated_threads.o Vtb__ALL.a    -pthread -lpthread   -o tb_virtio
rm Vtb__ALL.verilator_deplist.tmp
- V e r i l a t i o n   R e p o r t: Verilator 5.050 2026-07-01 rev vUNKNOWN-built20260701
- Verilator: Built from 11.574 MB sources in 51 modules, into 7.015 MB in 14 C++ files needing 0.009 MB
- Verilator: Walltime 3.613 s (elab=0.047, cvt=0.425, bld=3.057); cpu 0.601 s on 10 threads; allocated 106.750 MB
=== virtio boot (fw=../workloads/ubuntu/fw_payload.bin dtb=../workloads/ubuntu/ubuntu.dtb disk=../workloads/ubuntu/ubuntu-25.04-preinstalled-server-riscv64.img a1=82000000 cycles=0) ===
[tb_virtio: cycle cap = 18446744073709551615]
[sd_dpi] attached ../workloads/ubuntu/ubuntu-25.04-preinstalled-server-riscv64.img (10200547328 bytes, capacity 19922944 sectors)
[sd: SNAPSHOT mode -- image writes stay in RAM]
[tb_virtio: loaded 17546248 bytes @ DDR+0000000000000000 (274161 lines)]
[tb_virtio:   head=000584b300050433 tail=0000000000000001]
[tb_virtio: loaded 2860 bytes @ DDR+0000000002000000 (45 lines)]
[tb_virtio:   head=2c0b0000edfe0dd0 tail=007665646e2c7663]
[c=0 pc=0000000080000000]
[c=1000000 pc=0000000080019502]
[c=2000000 pc=0000000080019536]
[c=3000000 pc=000000008000b7be]

OpenSBI v1.8.1
   ____                    _____ ____ _____
  / __ \                  / ____|  _ \_   _|
 | |  | |_ __   ___ _ __ | (___ | |_) || |
 | |  | | '_ \ / _ \ '_ \ \___ \|  _ < | |
 | |__| | |_) |  __/ | | |____) | |_) || |_
  \____/| .__/ \___|_| |_|_____/|____/_____|
        | |
        |_|

[c=4000000 pc=000000008001953e]
[c=5000000 pc=00000000800153be]
[c=6000000 pc=00000000800194ee]
[c=7000000 pc=000000008001957a]
[c=8000000 pc=00000000800195ec]
[c=9000000 pc=000000008001955c]
[c=10000000 pc=00000000800194e8]
Platform Name               : SmooolRV64 w/2048 MiB
Platform Features           : medeleg
Platform HART Count         : 1
Platform HART Protection    : ---
Platform IPI Device         : aclint-mswi
Platform Timer Device       : aclint-mtimer @ 20050120Hz
Platform Console Device     : uart8250
Platform HSM Device         : ---
Platform PMU Device         : ---
Platform Reboot Device      : ---
Platform Shutdown Device    : ---
Platform Suspend Device     : ---
Platform CPPC Device        : ---
Firmware Base               : 0x80000000
Firmware Size               : 321 KB
Firmware RW Offset          : 0x40000
Firmware RW Size            : 65 KB
Firmware Heap Offset        : 0x47000
Firmware Heap Size          : 37 KB (total), 0 KB (reserved), 12 KB (used), 23 KB (free)
Firmware Scratch Size       : 4096 B (total), 1464 B (used), 2632 B (free)
Runtime SBI Version         : 3.0
Standard SBI Extensions     : ipi,pmu,sse,hsm,rfnc,fwft,time,base,legacy,dbcn,dbtr
Experimental SBI Extensions : none

Domain0 Name                : root
Domain0 Boot HART           : 0
Domain0 HARTs               : 0*
Domain0 Region00            : 0x0000000080040000-0x000000008005ffff M: (F,R,W) S/U: ()
Domain0 Region01            : 0x0000000080000000-0x000000008003ffff M: (F,R,X) S/U: ()
Domain0 Region02            : 0x0000000010000000-0x0000000010000fff M: (I,R,W) S/U: (R,W)
Domain0 Region03            : 0x0000000002000000-0x000000000200ffff M: (I,R,W) S/U: ()
Domain0 Region04            : 0x000000000c000000-0x000000000fffffff M: (I,R,W) S/U: (R,W)
Domain0 Region05            : 0x0000000000000000-0xffffffffffffffff M: () S/U: (R,W,X)
Domain0 Next Address        : 0x0000000080200000
Domain0 Next Arg1           : 0x0000000082200000
Domain0 Next Mode           : S-mode
Domain0 SysReset            : yes
Domain0 SysSuspend          : yes

Boot HART ID                : 0
Boot HART Domain            : root
Boot HART Priv Version      : v1.12
Boot HART Base ISA          : rv64imafdc
Boot HART ISA Extensions    : sscofpmf,sstc,zicntr,zihpm,smcntrpmf,zicboz,zicbom,svpbmt,sdtrig
Boot HART PMP Count         : 0
Boot HART PMP Granularity   : 0 bits
Boot HART PMP Address Bits  : 0
Boot HART MHPM Info         : 13 (0x0000fff8)
Boot HART Debug Triggers    : 1 triggers
Boot HART MIDELEG           : 0x0000000000002222
Boot HART MEDELEG           : 0x000000000004b109
[c=11000000 pc=00000000802010b8]
[c=12000000 pc=0000000080749efe]
[c=13000000 pc=000000008030c32e]
[    0.000000] Linux version 7.1.0 (tommy@coffee) (riscv64-linux-gnu-gcc (Ubuntu 15.2.0-16ubuntu1) 15.2.0, GNU ld (GNU Binutils for Ubuntu) 2.46) #3 PREEMPT Wed Jul 15 12:32:23 PDT 2026
[    0.000000] random: crng init done
[    0.000000] Machine model: SmooolRV64 w/2048 MiB
[    0.000000] SBI specification v3.0 detected
[    0.000000] SBI implementation ID=0x1 Version=0x10008
[    0.000000] SBI TIME extension detected
[    0.000000] SBI IPI extension detected
[    0.000000] SBI RFENCE extension detected
[    0.000000] SBI DBCN extension detected
[    0.000000] SBI FWFT extension detected
[    0.000000] earlycon: sbi0 at I/O port 0x0 (options '')
[    0.000000] printk: legacy bootconsole [sbi0] enabled
[    0.000000] printk: debug: ignoring loglevel setting.
[    0.000000] efi: UEFI not found.
[c=14000000 pc=0000000080749e64]
[c=15000000 pc=000000008076bc4c]
[c=16000000 pc=00000000808055fe]
[    0.000000] OF: reserved mem: 0x0000000080000000..0x000000008003ffff (256 KiB) nomap non-reusable mmode_resv1@80000000
[    0.000000] OF: reserved mem: 0x0000000080040000..0x000000008005ffff (128 KiB) nomap non-reusable mmode_resv0@80040000
[c=17000000 pc=000000008074a06c]
[    0.000000] riscv: base ISA extensions acdfim
[    0.000000] riscv: ELF capabilities acdfim
[c=18000000 pc=000000008020e056]
[c=19000000 pc=000000008020e056]
[c=20000000 pc=000000008020e4fe]
[c=21000000 pc=000000008020e4fe]
[c=22000000 pc=000000008020e4fe]
[c=23000000 pc=000000008020e4fe]
[c=24000000 pc=000000008020e056]
[c=25000000 pc=000000008020e056]
[c=26000000 pc=000000008020e4fe]
[c=27000000 pc=000000008020e4fe]
[c=28000000 pc=000000008020e4fe]
[c=29000000 pc=000000008020e4fe]
[c=30000000 pc=000000008020e056]
[c=31000000 pc=000000008020e056]
[    0.000000] Ticket spinlock: enabled
[c=32000000 pc=000000008076bc4c]
[c=33000000 pc=000000008076bc4c]
[c=34000000 pc=000000008076bc84]
[c=35000000 pc=000000008076bc94]
[c=36000000 pc=000000008076bc2c]
[c=37000000 pc=000000008076bc2c]
[c=38000000 pc=000000008076bc4c]
[c=39000000 pc=000000008076bc6c]
[c=40000000 pc=000000008076bc6c]
[c=41000000 pc=000000008076bc1c]
[c=42000000 pc=000000008076bc6c]
[c=43000000 pc=000000008076bc7c]
[c=44000000 pc=000000008076bc6c]
[c=45000000 pc=000000008076bc8c]
[c=46000000 pc=000000008076bc4c]
[c=47000000 pc=000000008076bc7c]
[c=48000000 pc=000000008076bc4c]
[c=49000000 pc=000000008076bc84]
[c=50000000 pc=000000008076bc34]
[    0.000000] Zone ranges:
[    0.000000]   DMA32    [mem 0x0000000080000000-0x00000000ffffefff]
[    0.000000]   Normal   empty
[    0.000000] Movable zone start for each node
[    0.000000] Early memory node ranges
[    0.000000]   node   0: [mem 0x0000000080000000-0x000000008005ffff]
[    0.000000]   node   0: [mem 0x0000000080060000-0x00000000ffffefff]
[    0.000000] Initmem setup node 0 [mem 0x0000000080000000-0x00000000ffffefff]
[c=51000000 pc=000000008080dd66]
[c=52000000 pc=000000008080e1e2]
[c=53000000 pc=000000008080dd48]
[c=54000000 pc=000000008080dd52]
[c=55000000 pc=000000008080e2f2]
[c=56000000 pc=000000008080e1ea]
[c=57000000 pc=000000008080dd40]
[c=58000000 pc=000000008080e1e2]
[c=59000000 pc=000000008080dd6a]
[c=60000000 pc=000000008080dd66]
[c=61000000 pc=000000008080dd60]
[c=62000000 pc=000000008080dd60]
[c=63000000 pc=000000008080e1d6]
[c=64000000 pc=000000008080dd66]
[c=65000000 pc=000000008080dd60]
[c=66000000 pc=000000008080e2e0]
[c=67000000 pc=000000008080e2f6]
[c=68000000 pc=000000008080dd3c]
[c=69000000 pc=000000008080e2c4]
[c=70000000 pc=000000008080dd60]
[c=71000000 pc=000000008080e2ca]
[c=72000000 pc=000000008080dd66]
[c=73000000 pc=000000008080e1d6]
[c=74000000 pc=000000008080dd60]
[c=75000000 pc=000000008080e2fc]
[c=76000000 pc=000000008080e270]
[c=77000000 pc=000000008080e2f2]
[c=78000000 pc=000000008080dd60]
[c=79000000 pc=000000008080dd60]
[c=80000000 pc=000000008080e2ca]
[c=81000000 pc=000000008080e1d6]
[c=82000000 pc=000000008080e2c4]
[c=83000000 pc=000000008080dd66]
[c=84000000 pc=000000008080dd60]
[c=85000000 pc=000000008080e2aa]
[c=86000000 pc=000000008080dd60]
[c=87000000 pc=000000008080dd60]
[c=88000000 pc=000000008080e2aa]
[c=89000000 pc=000000008080e1da]
[c=90000000 pc=000000008080dd38]
[c=91000000 pc=000000008080e1ea]
[c=92000000 pc=000000008080dd38]
[c=93000000 pc=000000008080dd60]
[c=94000000 pc=000000008080dd60]
[c=95000000 pc=000000008080dd60]
[c=96000000 pc=000000008080dd60]
[c=97000000 pc=000000008080e1e2]
[c=98000000 pc=000000008080dd48]
[c=99000000 pc=000000008080e2f6]
[c=100000000 pc=000000008080dd60]
[c=101000000 pc=000000008080e220]
[c=102000000 pc=000000008080e29e]
[c=103000000 pc=000000008080e224]
[c=104000000 pc=000000008080dd60]
[c=105000000 pc=000000008080e220]
[c=106000000 pc=000000008080e1da]
[c=107000000 pc=000000008080dd60]
[c=108000000 pc=000000008080e2b4]
[c=109000000 pc=000000008080dd38]
[c=110000000 pc=000000008080e1da]
[c=111000000 pc=000000008080e2aa]
[c=112000000 pc=000000008080dd58]
[c=113000000 pc=000000008080dd66]
[c=114000000 pc=000000008080e2aa]
[c=115000000 pc=000000008080dd60]
[c=116000000 pc=000000008080e2ca]
[c=117000000 pc=000000008080e270]
[c=118000000 pc=000000008080dd60]
[c=119000000 pc=000000008080e1d6]
[c=120000000 pc=000000008080e220]
[c=121000000 pc=000000008080e2b8]
[c=122000000 pc=000000008080e1e2]
[c=123000000 pc=000000008080dd60]
[c=124000000 pc=000000008080e1e2]
[c=125000000 pc=000000008080dd58]
[c=126000000 pc=000000008080dd60]
[c=127000000 pc=000000008080e2b8]
[c=128000000 pc=000000008080e284]
[c=129000000 pc=000000008080e2c4]
[c=130000000 pc=000000008080e2fc]
[c=131000000 pc=000000008080dd4c]
[c=132000000 pc=000000008080dd58]
[c=133000000 pc=000000008080e2a6]
[    0.000000] On node 0, zone DMA32: 1 pages in unavailable ranges
[c=134000000 pc=000000008076bc6c]
[    0.000000] pcpu-alloc: s0 r0 d32768 u32768 alloc=1*32768
[    0.000000] pcpu-alloc: [0] 0 
[    0.000000] Kernel command line: console=ttyS0 earlycon=sbi root=/dev/vda1 rw ignore_loglevel random.trust_bootloader=on
[    0.000000] printk: log buffer data + meta data: 131072 + 458752 = 589824 bytes
[c=135000000 pc=000000008076bc4c]
[c=136000000 pc=000000008076bc54]
[    0.000000] Dentry cache hash table entries: 262144 (order: 9, 2097152 bytes, linear)
[c=137000000 pc=000000008076bc8c]
[    0.000000] Inode-cache hash table entries: 131072 (order: 8, 1048576 bytes, linear)
[c=138000000 pc=000000008076ba02]
[    0.000000] software IO TLB: SWIOTLB bounce buffer size adjusted to 2MB
[    0.000000] software IO TLB: area num 1.
[c=139000000 pc=000000008076bc8c]
[c=140000000 pc=000000008076bc6c]
[c=141000000 pc=000000008076bc5c]
[c=142000000 pc=000000008076bc1c]
[    0.000000] software IO TLB: mapped [mem 0x00000000fca00000-0x00000000fcc00000] (2MB)
[    0.000000] Built 1 zonelists, mobility grouping on.  Total pages: 524287
[    0.000000] mem auto-init: stack:all(zero), heap alloc:off, heap free:off
[c=143000000 pc=00000000808116c6]
[c=144000000 pc=0000000080811726]
[c=145000000 pc=0000000080810f8c]
[c=146000000 pc=0000000080810f72]
[c=147000000 pc=0000000080810f8c]
[c=148000000 pc=000000008035b6be]
[c=149000000 pc=0000000080810f8c]
[c=150000000 pc=0000000080810f76]
[c=151000000 pc=0000000080810f8c]
[c=152000000 pc=000000008035b6ba]
[c=153000000 pc=0000000080810f8c]
[c=154000000 pc=0000000080810f8c]
[c=155000000 pc=0000000080810f8c]
[c=156000000 pc=000000008035b6ba]
[c=157000000 pc=000000008035b6be]
[c=158000000 pc=0000000080810f8c]
[c=159000000 pc=0000000080810f8c]
[c=160000000 pc=0000000080810f8c]
[c=161000000 pc=000000008035b6be]
[c=162000000 pc=0000000080810f8c]
[c=163000000 pc=0000000080810f8c]
[c=164000000 pc=0000000080810f72]
[c=165000000 pc=000000008035b6be]
[c=166000000 pc=0000000080810f8c]
[c=167000000 pc=0000000080810f8c]
[c=168000000 pc=0000000080810f8c]
[c=169000000 pc=000000008035b6b4]
[c=170000000 pc=000000008035a520]
[c=171000000 pc=0000000080810f7e]
[c=172000000 pc=0000000080810f7e]
[c=173000000 pc=000000008035b6aa]
[c=174000000 pc=000000008035b6be]
[c=175000000 pc=0000000080810f76]
[c=176000000 pc=0000000080810f72]
[c=177000000 pc=0000000080810f8c]
[c=178000000 pc=000000008035b6aa]
[c=179000000 pc=0000000080810f8c]
[    0.000000] SLUB: HWalign=64, Order=0-3, MinObjects=0, CPUs=1, Nodes=1
[c=180000000 pc=0000000080810d6a]
[    0.000000] RCU Tasks: Setting shift to 0 and lim to 1 rcu_task_cb_adjust=1 rcu_task_cpu_ids=1.
[    0.000000] NR_IRQS: 64, nr_irqs: 64, preallocated irqs: 0
[    0.000000] riscv-intc: 64 local interrupts mapped
[    0.000000] clocksource: riscv_clocksource: mask: 0xffffffffffffffff max_cycles: 0x49fc9b97a, max_idle_ns: 440795202871 ns
[    0.000000] sched_clock: 64 bits at 20MHz, resolution 49ns, wraps every 4398046511088ns
[c=181000000 pc=000000008022f032]
[    0.000140] Console: colour dummy device 80x25
[    0.000166] Calibrating delay loop (skipped), value calculated using timer frequency.. 40.10 BogoMIPS (lpj=80200)
[    0.000183] pid_max: default: 32768 minimum: 301
[    0.000470] Mount-cache hash table entries: 4096 (order: 3, 32768 bytes, linear)
[c=182000000 pc=000000008025e800]
[    0.000486] Mountpoint-cache hash table entries: 4096 (order: 3, 32768 bytes, linear)
[    0.000604] VFS: Finished mounting rootfs on nullfs
[c=183000000 pc=00000000803c78f0]
[c=184000000 pc=00000000807649bc]
[    0.001233] ASID allocator using 10 bits (1024 entries)
[    0.001311] EFI services will not be available.
[    0.001351] Memory: 2024832K/2097148K available (5579K kernel code, 4732K rwdata, 2048K rodata, 2162K init, 307K bss, 71156K reserved, 0K cma-reserved)
[    0.001552] devtmpfs: initialized
[c=185000000 pc=000000008076837a]
[c=186000000 pc=000000008076bcbc]
[    0.002215] clocksource: jiffies: mask: 0xffffffff max_cycles: 0xffffffff, max_idle_ns: 7645041785100000 ns
[    0.002238] posixtimers hash table entries: 512 (order: 0, 4096 bytes, linear)
[    0.002257] futex hash table entries: 256 (8192 bytes on 1 NUMA nodes, total 8 KiB, linear).
[c=187000000 pc=00000000804d127a]
[    0.002511] NET: Registered PF_NETLINK/PF_ROUTE protocol family
[    0.002603] DMA: preallocated 256 KiB GFP_KERNEL|GFP_DMA32 pool for atomic allocations
[c=188000000 pc=000000008075ecf0]
[c=189000000 pc=0000000080764ad6]
[c=190000000 pc=000000008080059e]
[c=191000000 pc=0000000080772026]
[    0.003969] pps_core: LinuxPPS API ver. 1 registered
[    0.003979] pps_core: Software ver. 5.3.6 - Copyright 2005-2007 Rodolfo Giometti <giometti@linux.it>
[    0.004000] PTP clock support registered
[c=192000000 pc=000000008036762c]
[    0.004456] clocksource: Switched to clocksource riscv_clocksource
[c=193000000 pc=000000008076bc74]
[c=194000000 pc=00000000803ad84c]
[c=195000000 pc=0000000080366748]
[c=196000000 pc=0000000080243326]
[c=197000000 pc=000000008075a8e0]
[c=198000000 pc=000000008059defe]
[c=199000000 pc=000000008075e6fe]
[c=200000000 pc=000000008076bcb0]
[c=201000000 pc=000000008053216e]
[    0.007746] NET: Registered PF_INET protocol family
[    0.007836] IP idents hash table entries: 32768 (order: 6, 262144 bytes, linear)
[c=202000000 pc=00000000804d2f9a]
[c=203000000 pc=00000000804d2e80]
[c=204000000 pc=00000000804d2df8]
[c=205000000 pc=00000000804d313a]
[c=206000000 pc=00000000804d2fc2]
[c=207000000 pc=000000008076ba08]
[c=208000000 pc=00000000804d30e8]
[c=209000000 pc=00000000804d2ff0]
[    0.010888] tcp_listen_portaddr_hash hash table entries: 1024 (order: 1, 8192 bytes, linear)
[    0.010913] Table-perturb hash table entries: 65536 (order: 6, 262144 bytes, linear)
[    0.010927] TCP established hash table entries: 16384 (order: 5, 131072 bytes, linear)
[c=210000000 pc=0000000080825840]
[    0.011103] TCP bind hash table entries: 16384 (order: 6, 262144 bytes, linear)
[c=211000000 pc=0000000080260be2]
[    0.011359] TCP: Hash tables configured (established 16384 bind 16384)
[    0.011407] UDP hash table entries: 1024 (order: 4, 65536 bytes, linear)
[    0.011506] NET: Registered PF_UNIX/PF_LOCAL protocol family
[c=212000000 pc=00000000804c10fc]
[    0.011859] workingset: timestamp_bits=46 (anon: 42) max_order=19 bucket_order=0 (anon: 0)
[c=213000000 pc=00000000802150c0]
[    0.012136] io scheduler mq-deadline registered
[    0.012146] io scheduler kyber registered
[    0.012283] riscv-plic: interrupt-controller@c000000: mapped 54 interrupts with 1 handlers for 2 contexts.
[c=214000000 pc=00000000805efd60]
[    0.012570] virtio-mmio 10003000.virtio: Wrong magic value 0x00000000!
[c=215000000 pc=00000000803ffeca]
[c=216000000 pc=0000000080765992]
[c=217000000 pc=000000008075f88e]
[c=218000000 pc=0000000080396e86]
[c=219000000 pc=0000000080768382]
[c=220000000 pc=0000000080328cd2]
[c=221000000 pc=000000008023c158]
[c=222000000 pc=000000008075da1c]
[c=223000000 pc=0000000080279ca6]
[c=224000000 pc=0000000080772040]
[c=225000000 pc=000000008023b456]
[c=226000000 pc=00000000803a4a7c]
[c=227000000 pc=0000000080564960]
[c=228000000 pc=00000000803a6f0c]
[c=229000000 pc=000000008024322a]
[c=230000000 pc=0000000080242b5e]
[c=231000000 pc=000000008074e634]
[c=232000000 pc=00000000804c11c0]
[c=233000000 pc=00000000804019a6]
[c=234000000 pc=00000000807649aa]
[c=235000000 pc=000000008076bc4c]
[c=236000000 pc=00000000804d3106]
[c=237000000 pc=000000008023b4ec]
[c=238000000 pc=000000008040188e]
[c=239000000 pc=00000000805a6666]
[c=240000000 pc=0000000080764aee]
[c=241000000 pc=0000000080244ce2]
[c=242000000 pc=00000000802822d8]
[c=243000000 pc=00000000803a42bc]
[c=244000000 pc=00000000804012be]
[c=245000000 pc=000000008059db8c]
[c=246000000 pc=0000000080243c00]
[c=247000000 pc=000000008074e6a6]
[c=248000000 pc=000000008024394c]
[c=249000000 pc=000000008075edf8]
[c=250000000 pc=0000000080571ffc]
[c=251000000 pc=000000008076497c]
[c=252000000 pc=0000000080753aae]
[c=253000000 pc=0000000080243c00]
[c=254000000 pc=0000000080753940]
[c=255000000 pc=000000008075eeba]
[c=256000000 pc=00000000803ac5ae]
[c=257000000 pc=000000008076bc94]
[c=258000000 pc=0000000080397b92]
[c=259000000 pc=000000008074fec0]
[c=260000000 pc=00000000807570f0]
[c=261000000 pc=0000000080365450]
[c=262000000 pc=000000008036620e]
[c=263000000 pc=0000000080764a14]
[c=264000000 pc=0000000080242340]
[c=265000000 pc=00000000804018c8]
[c=266000000 pc=000000008076ba24]
[c=267000000 pc=000000008024e9bc]
[c=268000000 pc=000000008059a0e2]
[    0.032794] Serial: 8250/16550 driver, 4 ports, IRQ sharing disabled
[c=269000000 pc=00000000803ff322]
[c=270000000 pc=000000008059e1d6]
[    0.033564] printk: legacy console [ttyS0] disabled
[    0.033693] 10000000.uart: ttyS0 at MMIO 0x10000000 (irq = 1, base_baud = 230400) is a 16550A
[    0.033720] printk: legacy console [ttyS0] enabled
[    0.033720] printk: legacy console [ttyS0] enabled
[    0.033738] printk: legacy bootconsole [sbi0] disabled
[    0.033738] printk: legacy bootconsole [sbi0] disabled
[c=271000000 pc=000000008024ca4c]
[c=272000000 pc=000000008036c124]
[c=273000000 pc=000000008076dd6c]
[c=274000000 pc=0000000080282fac]
[c=275000000 pc=000000008024cac4]
[c=276000000 pc=000000008024cada]
[c=277000000 pc=0000000080282ed8]
[c=278000000 pc=00000000803ffeca]
[c=279000000 pc=0000000080571ffc]
[c=280000000 pc=00000000803ff278]
[c=281000000 pc=000000008047ba88]
[c=282000000 pc=00000000803ff26e]
[c=283000000 pc=000000008076b55a]
[c=284000000 pc=000000008075f7c2]
[    0.038872] loop: module loaded
[    0.038902] virtio_blk virtio0: 1/0/0 default/read/poll queues
[    0.039000] virtio_blk virtio0: [vda] 19922944 512-byte logical blocks (10.2 GB/9.50 GiB)
[c=285000000 pc=0000000080368986]
[c=286000000 pc=0000000080282ee4]
[VBLK c=286036266 STATUS=0 type=0 sec=0 secleft=1 sderr=0 dmaerr=0]
[VBLK c=286544016 STATUS=0 type=0 sec=8 secleft=1 sderr=0 dmaerr=0]
[c=287000000 pc=0000000080282c08]
[VBLK c=287041276 STATUS=0 type=0 sec=16 secleft=1 sderr=0 dmaerr=0]
[VBLK c=287537924 STATUS=0 type=0 sec=24 secleft=1 sderr=0 dmaerr=0]
[c=288000000 pc=0000000080282ee4]
[VBLK c=288033416 STATUS=0 type=0 sec=32 secleft=1 sderr=0 dmaerr=0]
[VBLK c=288771738 STATUS=0 type=0 sec=19922936 secleft=1 sderr=0 dmaerr=0]
[c=289000000 pc=000000008076c12c]
[VBLK c=289262934 STATUS=0 type=0 sec=19922904 secleft=1 sderr=0 dmaerr=0]
[VBLK c=289745311 STATUS=0 type=0 sec=19922912 secleft=1 sderr=0 dmaerr=0]
[c=290000000 pc=000000008064caf0]
[VBLK c=290241395 STATUS=0 type=0 sec=19922920 secleft=1 sderr=0 dmaerr=0]
[VBLK c=290737337 STATUS=0 type=0 sec=19922928 secleft=1 sderr=0 dmaerr=0]
[c=291000000 pc=00000000804d0cce]
[    0.041403]  vda: vda1 vda12 vda13 vda14 vda15
[c=292000000 pc=00000000807659a8]
[    0.041898] mousedev: PS/2 mouse device common for all mice
[    0.041958] i2c_dev: i2c /dev entries driver
[c=293000000 pc=0000000080762ad4]
[    0.042202] NET: Registered PF_INET6 protocol family
[c=294000000 pc=00000000803fc65a]
[    0.042560] Segment Routing with IPv6
[    0.042589] In-situ OAM (IOAM) with IPv6
[    0.042631] sit: IPv6, IPv4 and MPLS over IPv4 tunneling driver
[c=295000000 pc=00000000803fc636]
[c=296000000 pc=000000008020f44e]
[c=297000000 pc=000000008020f43e]
[c=298000000 pc=000000008020f432]
[c=299000000 pc=000000008000e82c]
[c=300000000 pc=000000008000e872]
[c=301000000 pc=000000008020f44e]
[c=302000000 pc=000000008020f43a]
[c=303000000 pc=000000008020f41e]
[c=304000000 pc=000000008020f44e]
[c=305000000 pc=000000008020f44e]
[c=306000000 pc=000000008000e812]
[c=307000000 pc=000000008000d56a]
[c=308000000 pc=000000008020f45e]
[c=309000000 pc=000000008020f44e]
[c=310000000 pc=000000008020f43e]
[c=311000000 pc=000000008020f432]
[c=312000000 pc=0000000080000422]
[c=313000000 pc=0000000080000460]
[c=314000000 pc=000000008020f44e]
[c=315000000 pc=000000008020f43e]
[c=316000000 pc=000000008020f432]
[c=317000000 pc=000000008020f4a6]
[c=318000000 pc=000000008020f48e]
[c=319000000 pc=000000008020f48e]
[c=320000000 pc=000000008020f4ae]
[c=321000000 pc=000000008020f4a6]
[c=322000000 pc=000000008020f4ae]
[c=323000000 pc=000000008020f48e]
[c=324000000 pc=000000008020f486]
[c=325000000 pc=000000008020f48e]
[c=326000000 pc=000000008020f4a6]
[c=327000000 pc=000000008020f4a6]
[c=328000000 pc=000000008020f4a6]
[c=329000000 pc=000000008020f47e]
[c=330000000 pc=000000008020f47e]
[c=331000000 pc=000000008020f47e]
[c=332000000 pc=000000008020f4a6]
[c=333000000 pc=000000008020f4a6]
[c=334000000 pc=000000008020f4a6]
[c=335000000 pc=000000008020f486]
[c=336000000 pc=000000008020f48e]
[c=337000000 pc=000000008020f4ae]
[    0.058976] cpu0:[c=338000000 pc=000000008053ce5a]
 scalar unaligned word access speed is 5.65x byte access speed (fast)
[c=339000000 pc=0000000080329a3e]
[c=340000000 pc=000000008036752e]
[c=341000000 pc=000000008096836a]
[c=342000000 pc=00000000806018a8]
[c=343000000 pc=00000000803ffeba]
[c=344000000 pc=0000000080404d22]
[c=345000000 pc=00000000803ff53a]
[c=346000000 pc=000000008075ecfe]
[c=347000000 pc=000000008035f000]
[c=348000000 pc=00000000803ff4ca]
[c=349000000 pc=00000000803ff26e]
[c=350000000 pc=000000008040189e]
[c=351000000 pc=00000000803ffe1a]
[c=352000000 pc=00000000804018fe]
[c=353000000 pc=00000000803690b8]
[c=354000000 pc=0000000080571ffc]
[c=355000000 pc=000000008040184c]
[c=356000000 pc=000000008076bc68]
[c=357000000 pc=000000008076bc1c]
[c=358000000 pc=00000000803ff274]
[c=359000000 pc=0000000080369136]
[c=360000000 pc=000000008040131a]
[    0.067471] clk: Disabling unused clocks
[c=361000000 pc=00000000803a09e8]
[VBLK c=361294943 STATUS=0 type=0 sec=235522 secleft=1 sderr=0 dmaerr=0]
[VBLK c=361812792 STATUS=0 type=0 sec=235520 secleft=1 sderr=0 dmaerr=0]
[c=362000000 pc=000000008039537a]
[VBLK c=362239180 STATUS=0 type=0 sec=235522 secleft=1 sderr=0 dmaerr=0]
[VBLK c=362751924 STATUS=0 type=0 sec=235520 secleft=1 sderr=0 dmaerr=0]
[c=363000000 pc=0000000080282fa8]
[VBLK c=363077608 STATUS=0 type=0 sec=235522 secleft=1 sderr=0 dmaerr=0]
[VBLK c=363581451 STATUS=0 type=0 sec=235520 secleft=1 sderr=0 dmaerr=0]
[c=364000000 pc=000000008024caf0]
[VBLK c=364094201 STATUS=0 type=0 sec=235528 secleft=1 sderr=0 dmaerr=0]
[VBLK c=364530501 STATUS=0 type=0 sec=235536 secleft=1 sderr=0 dmaerr=0]
[c=365000000 pc=00000000802412ba]
[VBLK c=365488772 STATUS=0 type=0 sec=237840 secleft=1 sderr=0 dmaerr=0]
[VBLK c=365925067 STATUS=0 type=0 sec=237848 secleft=1 sderr=0 dmaerr=0]
[c=366000000 pc=00000000804f215a]
[VBLK c=366361283 STATUS=0 type=0 sec=237856 secleft=1 sderr=0 dmaerr=0]
[VBLK c=366797499 STATUS=0 type=0 sec=237864 secleft=1 sderr=0 dmaerr=0]
[c=367000000 pc=000000008024cae8]
[VBLK c=367233715 STATUS=0 type=0 sec=237872 secleft=1 sderr=0 dmaerr=0]
[VBLK c=367669931 STATUS=0 type=0 sec=237880 secleft=1 sderr=0 dmaerr=0]
[c=368000000 pc=000000008076dd68]
[VBLK c=368106147 STATUS=0 type=0 sec=237888 secleft=1 sderr=0 dmaerr=0]
[VBLK c=368542363 STATUS=0 type=0 sec=237896 secleft=1 sderr=0 dmaerr=0]
[VBLK c=368978579 STATUS=0 type=0 sec=237904 secleft=1 sderr=0 dmaerr=0]
[c=369000000 pc=0000000080483158]
[VBLK c=369414795 STATUS=0 type=0 sec=237912 secleft=1 sderr=0 dmaerr=0]
[VBLK c=369851011 STATUS=0 type=0 sec=237920 secleft=1 sderr=0 dmaerr=0]
[c=370000000 pc=0000000080266bdc]
[VBLK c=370287227 STATUS=0 type=0 sec=237928 secleft=1 sderr=0 dmaerr=0]
[VBLK c=370723443 STATUS=0 type=0 sec=237936 secleft=1 sderr=0 dmaerr=0]
[c=371000000 pc=0000000080282ee0]
[VBLK c=371159659 STATUS=0 type=0 sec=237944 secleft=1 sderr=0 dmaerr=0]
[VBLK c=371595875 STATUS=0 type=0 sec=237952 secleft=1 sderr=0 dmaerr=0]
[c=372000000 pc=0000000080282ed8]
[VBLK c=372032091 STATUS=0 type=0 sec=237960 secleft=1 sderr=0 dmaerr=0]
[VBLK c=372468307 STATUS=0 type=0 sec=237968 secleft=1 sderr=0 dmaerr=0]
[VBLK c=372904523 STATUS=0 type=0 sec=237976 secleft=1 sderr=0 dmaerr=0]
[c=373000000 pc=000000008047d878]
[VBLK c=373340739 STATUS=0 type=0 sec=237984 secleft=1 sderr=0 dmaerr=0]
[VBLK c=373776955 STATUS=0 type=0 sec=237992 secleft=1 sderr=0 dmaerr=0]
[c=374000000 pc=0000000080282dea]
[VBLK c=374213171 STATUS=0 type=0 sec=238000 secleft=1 sderr=0 dmaerr=0]
[VBLK c=374649387 STATUS=0 type=0 sec=238008 secleft=1 sderr=0 dmaerr=0]
[c=375000000 pc=0000000080282ee4]
[VBLK c=375085603 STATUS=0 type=0 sec=238016 secleft=1 sderr=0 dmaerr=0]
[VBLK c=375521819 STATUS=0 type=0 sec=238024 secleft=1 sderr=0 dmaerr=0]
[VBLK c=375958035 STATUS=0 type=0 sec=238032 secleft=1 sderr=0 dmaerr=0]
[c=376000000 pc=0000000080514626]
[VBLK c=376394251 STATUS=0 type=0 sec=238040 secleft=1 sderr=0 dmaerr=0]
[VBLK c=376830467 STATUS=0 type=0 sec=238048 secleft=1 sderr=0 dmaerr=0]
[c=377000000 pc=0000000080282bfc]
[VBLK c=377266683 STATUS=0 type=0 sec=238056 secleft=1 sderr=0 dmaerr=0]
[VBLK c=377702899 STATUS=0 type=0 sec=238064 secleft=1 sderr=0 dmaerr=0]
[c=378000000 pc=000000008064caf0]
[VBLK c=378139115 STATUS=0 type=0 sec=238072 secleft=1 sderr=0 dmaerr=0]
[VBLK c=378575331 STATUS=0 type=0 sec=238080 secleft=1 sderr=0 dmaerr=0]
[c=379000000 pc=0000000080282edc]
[VBLK c=379011547 STATUS=0 type=0 sec=238088 secleft=1 sderr=0 dmaerr=0]
[VBLK c=379447763 STATUS=0 type=0 sec=237832 secleft=1 sderr=0 dmaerr=0]
[VBLK c=379968788 STATUS=0 type=0 sec=4691968 secleft=1 sderr=0 dmaerr=0]
[c=380000000 pc=00000000804d0d2c]
[VBLK c=380524656 STATUS=0 type=0 sec=4712504 secleft=1 sderr=0 dmaerr=0]
[VBLK c=380960872 STATUS=0 type=0 sec=4712512 secleft=1 sderr=0 dmaerr=0]
[c=381000000 pc=00000000804a26c0]
[VBLK c=381397088 STATUS=0 type=0 sec=4712520 secleft=1 sderr=0 dmaerr=0]
[VBLK c=381833304 STATUS=0 type=0 sec=4712528 secleft=1 sderr=0 dmaerr=0]
[c=382000000 pc=000000008024caf0]
[VBLK c=382269520 STATUS=0 type=0 sec=4712536 secleft=1 sderr=0 dmaerr=0]
[VBLK c=382705736 STATUS=0 type=0 sec=4712544 secleft=1 sderr=0 dmaerr=0]
[c=383000000 pc=000000008076dd6c]
[VBLK c=383141952 STATUS=0 type=0 sec=4712552 secleft=1 sderr=0 dmaerr=0]
[VBLK c=383578168 STATUS=0 type=0 sec=4712560 secleft=1 sderr=0 dmaerr=0]
[c=384000000 pc=0000000080282c0c]
[VBLK c=384014384 STATUS=0 type=0 sec=4712568 secleft=1 sderr=0 dmaerr=0]
[VBLK c=384450600 STATUS=0 type=0 sec=4712576 secleft=1 sderr=0 dmaerr=0]
[VBLK c=384886816 STATUS=0 type=0 sec=4712584 secleft=1 sderr=0 dmaerr=0]
[c=385000000 pc=0000000080282fc6]
[VBLK c=385323032 STATUS=0 type=0 sec=4712592 secleft=1 sderr=0 dmaerr=0]
[VBLK c=385759248 STATUS=0 type=0 sec=4712600 secleft=1 sderr=0 dmaerr=0]
[c=386000000 pc=000000008076c138]
[VBLK c=386195464 STATUS=0 type=0 sec=4712608 secleft=1 sderr=0 dmaerr=0]
[VBLK c=386631680 STATUS=0 type=0 sec=4712616 secleft=1 sderr=0 dmaerr=0]
[c=387000000 pc=000000008024ca54]
[VBLK c=387067896 STATUS=0 type=0 sec=4712624 secleft=1 sderr=0 dmaerr=0]
[VBLK c=387504112 STATUS=0 type=0 sec=4712632 secleft=1 sderr=0 dmaerr=0]
[VBLK c=387940328 STATUS=0 type=0 sec=4712640 secleft=1 sderr=0 dmaerr=0]
[c=388000000 pc=000000008049e900]
[VBLK c=388376544 STATUS=0 type=0 sec=4712648 secleft=1 sderr=0 dmaerr=0]
[VBLK c=388812760 STATUS=0 type=0 sec=4712656 secleft=1 sderr=0 dmaerr=0]
[c=389000000 pc=000000008076c124]
[VBLK c=389248976 STATUS=0 type=0 sec=4712664 secleft=1 sderr=0 dmaerr=0]
[VBLK c=389685192 STATUS=0 type=0 sec=4712672 secleft=1 sderr=0 dmaerr=0]
[c=390000000 pc=000000008036c124]
[VBLK c=390121408 STATUS=0 type=0 sec=4712680 secleft=1 sderr=0 dmaerr=0]
[VBLK c=390557624 STATUS=0 type=0 sec=4712688 secleft=1 sderr=0 dmaerr=0]
[VBLK c=390993840 STATUS=0 type=0 sec=4712696 secleft=1 sderr=0 dmaerr=0]
[c=391000000 pc=0000000080270856]
[VBLK c=391430056 STATUS=0 type=0 sec=4712704 secleft=1 sderr=0 dmaerr=0]
[VBLK c=391866272 STATUS=0 type=0 sec=4712712 secleft=1 sderr=0 dmaerr=0]
[c=392000000 pc=000000008024cb2a]
[VBLK c=392302488 STATUS=0 type=0 sec=4712720 secleft=1 sderr=0 dmaerr=0]
[VBLK c=392738704 STATUS=0 type=0 sec=4712728 secleft=1 sderr=0 dmaerr=0]
[c=393000000 pc=000000008064caf0]
[VBLK c=393174920 STATUS=0 type=0 sec=4712736 secleft=1 sderr=0 dmaerr=0]
[VBLK c=393611136 STATUS=0 type=0 sec=4712744 secleft=1 sderr=0 dmaerr=0]
[c=394000000 pc=0000000080282eec]
[VBLK c=394047352 STATUS=0 type=0 sec=4712752 secleft=1 sderr=0 dmaerr=0]
[VBLK c=394404727 STATUS=0 type=1 sec=235520 secleft=1 sderr=0 dmaerr=0]
[VBLK c=394762102 STATUS=0 type=1 sec=4430096 secleft=1 sderr=0 dmaerr=0]
[c=395000000 pc=000000008036c124]
[VBLK c=395187945 STATUS=0 type=1 sec=4691968 secleft=1 sderr=0 dmaerr=0]
[c=396000000 pc=0000000080282ee0]
[VBLK c=396152854 STATUS=0 type=1 sec=235520 secleft=1 sderr=0 dmaerr=0]
[c=397000000 pc=000000008024cac4]
[VBLK c=397387781 STATUS=0 type=0 sec=365752 secleft=1 sderr=0 dmaerr=0]
[VBLK c=397973538 STATUS=0 type=0 sec=365760 secleft=1 sderr=0 dmaerr=0]
[c=398000000 pc=00000000804d0d38]
[VBLK c=398554842 STATUS=0 type=0 sec=365768 secleft=1 sderr=0 dmaerr=0]
[c=399000000 pc=000000008076dd5a]
[VBLK c=399135341 STATUS=0 type=0 sec=365776 secleft=1 sderr=0 dmaerr=0]
[VBLK c=399716035 STATUS=0 type=0 sec=365784 secleft=1 sderr=0 dmaerr=0]
[c=400000000 pc=000000008024cace]
[VBLK c=400296188 STATUS=0 type=0 sec=365792 secleft=1 sderr=0 dmaerr=0]
[VBLK c=400875591 STATUS=0 type=0 sec=365800 secleft=1 sderr=0 dmaerr=0]
[c=401000000 pc=00000000804831b6]
[VBLK c=401455479 STATUS=0 type=0 sec=365808 secleft=1 sderr=0 dmaerr=0]
[c=402000000 pc=000000008076dd5c]
[VBLK c=402035413 STATUS=0 type=0 sec=365816 secleft=1 sderr=0 dmaerr=0]
[VBLK c=402616578 STATUS=0 type=0 sec=365824 secleft=1 sderr=0 dmaerr=0]
[c=403000000 pc=000000008076dd70]
[VBLK c=403197375 STATUS=0 type=0 sec=365832 secleft=1 sderr=0 dmaerr=0]
[VBLK c=403777786 STATUS=0 type=0 sec=365840 secleft=1 sderr=0 dmaerr=0]
[c=404000000 pc=0000000080282c0c]
[VBLK c=404358405 STATUS=0 type=0 sec=365848 secleft=1 sderr=0 dmaerr=0]
[VBLK c=404938827 STATUS=0 type=0 sec=365856 secleft=1 sderr=0 dmaerr=0]
[c=405000000 pc=00000000804d0d34]
[VBLK c=405518880 STATUS=0 type=0 sec=365864 secleft=1 sderr=0 dmaerr=0]
[c=406000000 pc=000000008024ca60]
[VBLK c=406099379 STATUS=0 type=0 sec=365872 secleft=1 sderr=0 dmaerr=0]
[VBLK c=406711114 STATUS=0 type=0 sec=365880 secleft=1 sderr=0 dmaerr=0]
[c=407000000 pc=0000000080282fa4]
[VBLK c=407294780 STATUS=0 type=0 sec=365888 secleft=1 sderr=0 dmaerr=0]
[VBLK c=407876487 STATUS=0 type=0 sec=365896 secleft=1 sderr=0 dmaerr=0]
[c=408000000 pc=000000008047f47e]
[VBLK c=408457835 STATUS=0 type=0 sec=365904 secleft=1 sderr=0 dmaerr=0]
[c=409000000 pc=000000008024caf4]
[VBLK c=409038243 STATUS=0 type=0 sec=365912 secleft=1 sderr=0 dmaerr=0]
[VBLK c=409618686 STATUS=0 type=0 sec=365920 secleft=1 sderr=0 dmaerr=0]
[c=410000000 pc=000000008024ca54]
[VBLK c=410198734 STATUS=0 type=0 sec=365928 secleft=1 sderr=0 dmaerr=0]
[VBLK c=410780081 STATUS=0 type=0 sec=365936 secleft=1 sderr=0 dmaerr=0]
[c=411000000 pc=000000008024cadc]
[VBLK c=411361030 STATUS=0 type=0 sec=365944 secleft=1 sderr=0 dmaerr=0]
[VBLK c=411941930 STATUS=0 type=0 sec=365952 secleft=1 sderr=0 dmaerr=0]
[c=412000000 pc=00000000804d0d3e]
[VBLK c=412522541 STATUS=0 type=0 sec=365960 secleft=1 sderr=0 dmaerr=0]
[c=413000000 pc=000000008076dd54]
[VBLK c=413103481 STATUS=0 type=0 sec=365968 secleft=1 sderr=0 dmaerr=0]
[VBLK c=413685140 STATUS=0 type=0 sec=365976 secleft=1 sderr=0 dmaerr=0]
[c=414000000 pc=0000000080282fc2]
[VBLK c=414265448 STATUS=0 type=0 sec=365984 secleft=1 sderr=0 dmaerr=0]
[VBLK c=414875165 STATUS=0 type=0 sec=365992 secleft=1 sderr=0 dmaerr=0]
[c=415000000 pc=000000008048323c]
[VBLK c=415456131 STATUS=0 type=0 sec=366000 secleft=1 sderr=0 dmaerr=0]
[c=416000000 pc=000000008024cada]
[VBLK c=416063889 STATUS=0 type=0 sec=366008 secleft=1 sderr=0 dmaerr=0]
[VBLK c=416645031 STATUS=0 type=0 sec=366016 secleft=1 sderr=0 dmaerr=0]
[c=417000000 pc=000000008076dd70]
[VBLK c=417230580 STATUS=0 type=0 sec=366024 secleft=1 sderr=0 dmaerr=0]
[VBLK c=417813233 STATUS=0 type=0 sec=366032 secleft=1 sderr=0 dmaerr=0]
[c=418000000 pc=0000000080282edc]
[VBLK c=418394795 STATUS=0 type=0 sec=366040 secleft=1 sderr=0 dmaerr=0]
[VBLK c=418976258 STATUS=0 type=0 sec=366048 secleft=1 sderr=0 dmaerr=0]
[c=419000000 pc=00000000804d0d38]
[VBLK c=419557322 STATUS=0 type=0 sec=366056 secleft=1 sderr=0 dmaerr=0]
[c=420000000 pc=0000000080282ee4]
[VBLK c=420138041 STATUS=0 type=0 sec=366064 secleft=1 sderr=0 dmaerr=0]
[VBLK c=420716055 STATUS=0 type=0 sec=366072 secleft=1 sderr=0 dmaerr=0]
[c=421000000 pc=000000008076dd5a]
[VBLK c=421291303 STATUS=0 type=0 sec=366080 secleft=1 sderr=0 dmaerr=0]
[VBLK c=421866799 STATUS=0 type=0 sec=366088 secleft=1 sderr=0 dmaerr=0]
[c=422000000 pc=00000000804c34c0]
[VBLK c=422441854 STATUS=0 type=0 sec=366096 secleft=1 sderr=0 dmaerr=0]
[c=423000000 pc=0000000080282bfc]
[VBLK c=423016597 STATUS=0 type=0 sec=366104 secleft=1 sderr=0 dmaerr=0]
[VBLK c=423591049 STATUS=0 type=0 sec=366112 secleft=1 sderr=0 dmaerr=0]
[c=424000000 pc=000000008024cae2]
[VBLK c=424166157 STATUS=0 type=0 sec=366120 secleft=1 sderr=0 dmaerr=0]
[VBLK c=424742444 STATUS=0 type=0 sec=366128 secleft=1 sderr=0 dmaerr=0]
[c=425000000 pc=000000008024cae2]
[VBLK c=425344194 STATUS=0 type=0 sec=366136 secleft=1 sderr=0 dmaerr=0]
[VBLK c=425919564 STATUS=0 type=0 sec=366144 secleft=1 sderr=0 dmaerr=0]
[c=426000000 pc=00000000804d0d44]
[VBLK c=426502297 STATUS=0 type=0 sec=366152 secleft=1 sderr=0 dmaerr=0]
[c=427000000 pc=000000008024cade]
[VBLK c=427078350 STATUS=0 type=0 sec=366160 secleft=1 sderr=0 dmaerr=0]
[VBLK c=427654605 STATUS=0 type=0 sec=366168 secleft=1 sderr=0 dmaerr=0]
[c=428000000 pc=000000008076c12c]
[VBLK c=428234426 STATUS=0 type=0 sec=366176 secleft=1 sderr=0 dmaerr=0]
[VBLK c=428810609 STATUS=0 type=0 sec=366184 secleft=1 sderr=0 dmaerr=0]
[c=429000000 pc=000000008024cade]
[VBLK c=429387016 STATUS=0 type=0 sec=366192 secleft=1 sderr=0 dmaerr=0]
[VBLK c=429963234 STATUS=0 type=0 sec=366200 secleft=1 sderr=0 dmaerr=0]
[c=430000000 pc=00000000804d0d38]
[VBLK c=430540024 STATUS=0 type=0 sec=366208 secleft=1 sderr=0 dmaerr=0]
[c=431000000 pc=000000008024ca58]
[VBLK c=431116645 STATUS=0 type=0 sec=366216 secleft=1 sderr=0 dmaerr=0]
[VBLK c=431693198 STATUS=0 type=0 sec=366224 secleft=1 sderr=0 dmaerr=0]
[c=432000000 pc=000000008076dd6c]
[VBLK c=432269753 STATUS=0 type=0 sec=366232 secleft=1 sderr=0 dmaerr=0]
[VBLK c=432874809 STATUS=0 type=0 sec=366240 secleft=1 sderr=0 dmaerr=0]
[c=433000000 pc=000000008048bfe8]
[VBLK c=433451726 STATUS=0 type=0 sec=366248 secleft=1 sderr=0 dmaerr=0]
[c=434000000 pc=000000008024cb2a]
[VBLK c=434028308 STATUS=0 type=0 sec=366256 secleft=1 sderr=0 dmaerr=0]
[VBLK c=434631391 STATUS=0 type=0 sec=366264 secleft=1 sderr=0 dmaerr=0]
[c=435000000 pc=000000008064caf0]
[VBLK c=435208024 STATUS=0 type=0 sec=366272 secleft=1 sderr=0 dmaerr=0]
[VBLK c=435785782 STATUS=0 type=0 sec=366280 secleft=1 sderr=0 dmaerr=0]
[c=436000000 pc=0000000080282bf8]
[VBLK c=436362700 STATUS=0 type=0 sec=366288 secleft=1 sderr=0 dmaerr=0]
[VBLK c=436939558 STATUS=0 type=0 sec=366296 secleft=1 sderr=0 dmaerr=0]
[c=437000000 pc=00000000804d0d3e]
[VBLK c=437516305 STATUS=0 type=0 sec=366304 secleft=1 sderr=0 dmaerr=0]
[c=438000000 pc=0000000080282c0c]
[VBLK c=438092839 STATUS=0 type=0 sec=366312 secleft=1 sderr=0 dmaerr=0]
[VBLK c=438673974 STATUS=0 type=0 sec=366320 secleft=1 sderr=0 dmaerr=0]
[c=439000000 pc=0000000080282ed8]
[VBLK c=439252085 STATUS=0 type=0 sec=366328 secleft=1 sderr=0 dmaerr=0]
[VBLK c=439829514 STATUS=0 type=0 sec=366336 secleft=1 sderr=0 dmaerr=0]
[c=440000000 pc=0000000080282fa8]
[VBLK c=440406947 STATUS=0 type=0 sec=366344 secleft=1 sderr=0 dmaerr=0]
[VBLK c=440984388 STATUS=0 type=0 sec=366352 secleft=1 sderr=0 dmaerr=0]
[c=441000000 pc=0000000080543d40]
[VBLK c=441563039 STATUS=0 type=0 sec=366360 secleft=1 sderr=0 dmaerr=0]
[c=442000000 pc=000000008036c124]
[VBLK c=442140026 STATUS=0 type=0 sec=366368 secleft=1 sderr=0 dmaerr=0]
[VBLK c=442717170 STATUS=0 type=0 sec=366376 secleft=1 sderr=0 dmaerr=0]
[c=443000000 pc=000000008076dd64]
[VBLK c=443294837 STATUS=0 type=0 sec=366384 secleft=1 sderr=0 dmaerr=0]
[VBLK c=443898281 STATUS=0 type=0 sec=366392 secleft=1 sderr=0 dmaerr=0]
[c=444000000 pc=0000000080450a7a]
[VBLK c=444476497 STATUS=0 type=0 sec=366400 secleft=1 sderr=0 dmaerr=0]
[c=445000000 pc=0000000080282c0c]
[VBLK c=445053882 STATUS=0 type=0 sec=366408 secleft=1 sderr=0 dmaerr=0]
[VBLK c=445631570 STATUS=0 type=0 sec=366416 secleft=1 sderr=0 dmaerr=0]
[c=446000000 pc=000000008064caf0]
[VBLK c=446208656 STATUS=0 type=0 sec=366424 secleft=1 sderr=0 dmaerr=0]
[VBLK c=446785683 STATUS=0 type=0 sec=366432 secleft=1 sderr=0 dmaerr=0]
[c=447000000 pc=000000008076dd70]
[VBLK c=447362582 STATUS=0 type=0 sec=366440 secleft=1 sderr=0 dmaerr=0]
[VBLK c=447940090 STATUS=0 type=0 sec=366448 secleft=1 sderr=0 dmaerr=0]
[c=448000000 pc=00000000804d0d44]
[VBLK c=448517691 STATUS=0 type=0 sec=366456 secleft=1 sderr=0 dmaerr=0]
[c=449000000 pc=000000008036c124]
[VBLK c=449110675 STATUS=0 type=0 sec=366464 secleft=1 sderr=0 dmaerr=0]
[VBLK c=449689276 STATUS=0 type=0 sec=366472 secleft=1 sderr=0 dmaerr=0]
[c=450000000 pc=000000008064caf0]
[VBLK c=450267453 STATUS=0 type=0 sec=366480 secleft=1 sderr=0 dmaerr=0]
[VBLK c=450874904 STATUS=0 type=0 sec=366488 secleft=1 sderr=0 dmaerr=0]
[c=451000000 pc=0000000080480a88]
[VBLK c=451452883 STATUS=0 type=0 sec=366496 secleft=1 sderr=0 dmaerr=0]
[c=452000000 pc=000000008024ca60]
[VBLK c=452030426 STATUS=0 type=0 sec=366504 secleft=1 sderr=0 dmaerr=0]
[VBLK c=452609096 STATUS=0 type=0 sec=366512 secleft=1 sderr=0 dmaerr=0]
[c=453000000 pc=000000008076c128]
[VBLK c=453213360 STATUS=0 type=0 sec=366520 secleft=1 sderr=0 dmaerr=0]
[VBLK c=453791683 STATUS=0 type=0 sec=366528 secleft=1 sderr=0 dmaerr=0]
[c=454000000 pc=000000008024cad4]
[VBLK c=454369568 STATUS=0 type=0 sec=366536 secleft=1 sderr=0 dmaerr=0]
[VBLK c=454947674 STATUS=0 type=0 sec=366544 secleft=1 sderr=0 dmaerr=0]
[c=455000000 pc=00000000804d0d2c]
[VBLK c=455526229 STATUS=0 type=0 sec=366552 secleft=1 sderr=0 dmaerr=0]
[c=456000000 pc=000000008076dd70]
[VBLK c=456104446 STATUS=0 type=0 sec=366560 secleft=1 sderr=0 dmaerr=0]
[VBLK c=456682540 STATUS=0 type=0 sec=366568 secleft=1 sderr=0 dmaerr=0]
[c=457000000 pc=000000008024ca50]
[VBLK c=457260623 STATUS=0 type=0 sec=366576 secleft=1 sderr=0 dmaerr=0]
[VBLK c=457838997 STATUS=0 type=0 sec=366584 secleft=1 sderr=0 dmaerr=0]
[c=458000000 pc=000000008036c124]
[VBLK c=458419079 STATUS=0 type=0 sec=366592 secleft=1 sderr=0 dmaerr=0]
[VBLK c=458997350 STATUS=0 type=0 sec=366600 secleft=1 sderr=0 dmaerr=0]
[c=459000000 pc=0000000080510824]
[VBLK c=459575937 STATUS=0 type=0 sec=366608 secleft=1 sderr=0 dmaerr=0]
[c=460000000 pc=000000008076dd68]
[VBLK c=460159441 STATUS=0 type=0 sec=366616 secleft=1 sderr=0 dmaerr=0]
[VBLK c=460739028 STATUS=0 type=0 sec=366624 secleft=1 sderr=0 dmaerr=0]
[c=461000000 pc=000000008024ca54]
[VBLK c=461329191 STATUS=0 type=0 sec=366632 secleft=1 sderr=0 dmaerr=0]
[VBLK c=461909105 STATUS=0 type=0 sec=366640 secleft=1 sderr=0 dmaerr=0]
[c=462000000 pc=00000000804d0d34]
[VBLK c=462514301 STATUS=0 type=0 sec=366648 secleft=1 sderr=0 dmaerr=0]
[c=463000000 pc=000000008076dd68]
[VBLK c=463092408 STATUS=0 type=0 sec=366656 secleft=1 sderr=0 dmaerr=0]
[VBLK c=463670787 STATUS=0 type=0 sec=366664 secleft=1 sderr=0 dmaerr=0]
[c=464000000 pc=000000008024cad4]
[VBLK c=464249328 STATUS=0 type=0 sec=366672 secleft=1 sderr=0 dmaerr=0]
[VBLK c=464827438 STATUS=0 type=0 sec=366680 secleft=1 sderr=0 dmaerr=0]
[c=465000000 pc=000000008024cada]
[VBLK c=465405733 STATUS=0 type=0 sec=366688 secleft=1 sderr=0 dmaerr=0]
[VBLK c=465984269 STATUS=0 type=0 sec=366696 secleft=1 sderr=0 dmaerr=0]
[c=466000000 pc=000000008048d7fe]
[VBLK c=466563453 STATUS=0 type=0 sec=366704 secleft=1 sderr=0 dmaerr=0]
[c=467000000 pc=0000000080282fac]
[VBLK c=467142328 STATUS=0 type=0 sec=366712 secleft=1 sderr=0 dmaerr=0]
[VBLK c=467720954 STATUS=0 type=0 sec=366720 secleft=1 sderr=0 dmaerr=0]
[c=468000000 pc=000000008024cace]
[VBLK c=468299837 STATUS=0 type=0 sec=366728 secleft=1 sderr=0 dmaerr=0]
[VBLK c=468908011 STATUS=0 type=0 sec=366736 secleft=1 sderr=0 dmaerr=0]
[c=469000000 pc=00000000804d0d34]
[VBLK c=469488116 STATUS=0 type=0 sec=366744 secleft=1 sderr=0 dmaerr=0]
[c=470000000 pc=000000008027505a]
[VBLK c=470066968 STATUS=0 type=0 sec=366752 secleft=1 sderr=0 dmaerr=0]
[VBLK c=470650597 STATUS=0 type=0 sec=366760 secleft=1 sderr=0 dmaerr=0]
[c=471000000 pc=000000008076c128]
[VBLK c=471230592 STATUS=0 type=0 sec=366768 secleft=1 sderr=0 dmaerr=0]
[VBLK c=471836496 STATUS=0 type=0 sec=366776 secleft=1 sderr=0 dmaerr=0]
[c=472000000 pc=000000008036c124]
[VBLK c=472416782 STATUS=0 type=0 sec=366784 secleft=1 sderr=0 dmaerr=0]
[VBLK c=472996188 STATUS=0 type=0 sec=366792 secleft=1 sderr=0 dmaerr=0]
[c=473000000 pc=00000000802123a4]
[VBLK c=473575877 STATUS=0 type=0 sec=366800 secleft=1 sderr=0 dmaerr=0]
[c=474000000 pc=000000008024cab4]
[VBLK c=474155155 STATUS=0 type=0 sec=366808 secleft=1 sderr=0 dmaerr=0]
[VBLK c=474734336 STATUS=0 type=0 sec=366816 secleft=1 sderr=0 dmaerr=0]
[c=475000000 pc=000000008076c12c]
[VBLK c=475314015 STATUS=0 type=0 sec=366824 secleft=1 sderr=0 dmaerr=0]
[VBLK c=475892942 STATUS=0 type=0 sec=366832 secleft=1 sderr=0 dmaerr=0]
[c=476000000 pc=0000000080450a7c]
[VBLK c=476472565 STATUS=0 type=0 sec=366840 secleft=1 sderr=0 dmaerr=0]
[c=477000000 pc=000000008024ca48]
[VBLK c=477052439 STATUS=0 type=0 sec=366848 secleft=1 sderr=0 dmaerr=0]
[VBLK c=477631859 STATUS=0 type=0 sec=366856 secleft=1 sderr=0 dmaerr=0]
[c=478000000 pc=000000008076dd70]
[VBLK c=478211793 STATUS=0 type=0 sec=366864 secleft=1 sderr=0 dmaerr=0]
[VBLK c=478791293 STATUS=0 type=0 sec=366872 secleft=1 sderr=0 dmaerr=0]
[c=479000000 pc=000000008076dd70]
[VBLK c=479370676 STATUS=0 type=0 sec=366880 secleft=1 sderr=0 dmaerr=0]
[VBLK c=479950101 STATUS=0 type=0 sec=366888 secleft=1 sderr=0 dmaerr=0]
[c=480000000 pc=00000000804d0d34]
[VBLK c=480530597 STATUS=0 type=0 sec=366896 secleft=1 sderr=0 dmaerr=0]
[c=481000000 pc=0000000080282ed8]
[VBLK c=481152415 STATUS=0 type=0 sec=366904 secleft=1 sderr=0 dmaerr=0]
[VBLK c=481733024 STATUS=0 type=0 sec=366912 secleft=1 sderr=0 dmaerr=0]
[c=482000000 pc=0000000080282fc2]
[VBLK c=482313501 STATUS=0 type=0 sec=366920 secleft=1 sderr=0 dmaerr=0]
[VBLK c=482894228 STATUS=0 type=0 sec=366928 secleft=1 sderr=0 dmaerr=0]
[c=483000000 pc=0000000080450a7a]
[VBLK c=483474688 STATUS=0 type=0 sec=366936 secleft=1 sderr=0 dmaerr=0]
[c=484000000 pc=000000008036c124]
[VBLK c=484054832 STATUS=0 type=0 sec=366944 secleft=1 sderr=0 dmaerr=0]
[VBLK c=484634657 STATUS=0 type=0 sec=366952 secleft=1 sderr=0 dmaerr=0]
[c=485000000 pc=000000008024cade]
[VBLK c=485214725 STATUS=0 type=0 sec=366960 secleft=1 sderr=0 dmaerr=0]
[VBLK c=485795209 STATUS=0 type=0 sec=366968 secleft=1 sderr=0 dmaerr=0]
[c=486000000 pc=000000008024cb2a]
[VBLK c=486376572 STATUS=0 type=0 sec=366976 secleft=1 sderr=0 dmaerr=0]
[VBLK c=486985366 STATUS=0 type=0 sec=366984 secleft=1 sderr=0 dmaerr=0]
[c=487000000 pc=000000008048a024]
[VBLK c=487566659 STATUS=0 type=0 sec=366992 secleft=1 sderr=0 dmaerr=0]
[c=488000000 pc=000000008024cae8]
[VBLK c=488147833 STATUS=0 type=0 sec=367000 secleft=1 sderr=0 dmaerr=0]
[VBLK c=488728339 STATUS=0 type=0 sec=367008 secleft=1 sderr=0 dmaerr=0]
[c=489000000 pc=000000008064caf0]
[VBLK c=489308828 STATUS=0 type=0 sec=367016 secleft=1 sderr=0 dmaerr=0]
[VBLK c=489890105 STATUS=0 type=0 sec=367024 secleft=1 sderr=0 dmaerr=0]
[c=490000000 pc=00000000804d0d3e]
[VBLK c=490497591 STATUS=0 type=0 sec=367032 secleft=1 sderr=0 dmaerr=0]
[c=491000000 pc=000000008024ca60]
[VBLK c=491079051 STATUS=0 type=0 sec=367040 secleft=1 sderr=0 dmaerr=0]
[VBLK c=491660881 STATUS=0 type=0 sec=367048 secleft=1 sderr=0 dmaerr=0]
[c=492000000 pc=000000008036c124]
[VBLK c=492244534 STATUS=0 type=0 sec=367056 secleft=1 sderr=0 dmaerr=0]
[VBLK c=492826485 STATUS=0 type=0 sec=367064 secleft=1 sderr=0 dmaerr=0]
[c=493000000 pc=000000008024cae8]
[VBLK c=493408024 STATUS=0 type=0 sec=367072 secleft=1 sderr=0 dmaerr=0]
[VBLK c=493989637 STATUS=0 type=0 sec=367080 secleft=1 sderr=0 dmaerr=0]
[c=494000000 pc=000000008023b4a2]
[VBLK c=494571726 STATUS=0 type=0 sec=367088 secleft=1 sderr=0 dmaerr=0]
[c=495000000 pc=000000008024cae8]
[VBLK c=495150277 STATUS=0 type=0 sec=367096 secleft=1 sderr=0 dmaerr=0]
[VBLK c=495725738 STATUS=0 type=0 sec=367104 secleft=1 sderr=0 dmaerr=0]
[c=496000000 pc=0000000080282ee0]
[VBLK c=496307871 STATUS=0 type=0 sec=367112 secleft=1 sderr=0 dmaerr=0]
[VBLK c=496882945 STATUS=0 type=0 sec=367120 secleft=1 sderr=0 dmaerr=0]
[c=497000000 pc=00000000803690be]
[VBLK c=497458989 STATUS=0 type=0 sec=367128 secleft=1 sderr=0 dmaerr=0]
[c=498000000 pc=0000000080282ed8]
[VBLK c=498033759 STATUS=0 type=0 sec=367136 secleft=1 sderr=0 dmaerr=0]
[VBLK c=498608657 STATUS=0 type=0 sec=367144 secleft=1 sderr=0 dmaerr=0]
[c=499000000 pc=0000000080282ee4]
[VBLK c=499184083 STATUS=0 type=0 sec=367152 secleft=1 sderr=0 dmaerr=0]
[VBLK c=499785792 STATUS=0 type=0 sec=367160 secleft=1 sderr=0 dmaerr=0]
[c=500000000 pc=000000008076c12c]
[VBLK c=500361321 STATUS=0 type=0 sec=367168 secleft=1 sderr=0 dmaerr=0]
[VBLK c=500936662 STATUS=0 type=0 sec=367176 secleft=1 sderr=0 dmaerr=0]
[c=501000000 pc=00000000804d0d3e]
[VBLK c=501511652 STATUS=0 type=0 sec=367184 secleft=1 sderr=0 dmaerr=0]
[c=502000000 pc=0000000080282a6a]
[VBLK c=502086657 STATUS=0 type=0 sec=367192 secleft=1 sderr=0 dmaerr=0]
[VBLK c=502665944 STATUS=0 type=0 sec=367200 secleft=1 sderr=0 dmaerr=0]
[c=503000000 pc=000000008036c124]
[VBLK c=503242333 STATUS=0 type=0 sec=367208 secleft=1 sderr=0 dmaerr=0]
[VBLK c=503817568 STATUS=0 type=0 sec=367216 secleft=1 sderr=0 dmaerr=0]
[c=504000000 pc=000000008076c12c]
[VBLK c=504393121 STATUS=0 type=0 sec=367224 secleft=1 sderr=0 dmaerr=0]
[VBLK c=504997027 STATUS=0 type=0 sec=367232 secleft=1 sderr=0 dmaerr=0]
[c=505000000 pc=000000008066ea90]
[VBLK c=505572474 STATUS=0 type=0 sec=367240 secleft=1 sderr=0 dmaerr=0]
[c=506000000 pc=0000000080282bfc]
[VBLK c=506148291 STATUS=0 type=0 sec=367248 secleft=1 sderr=0 dmaerr=0]
[VBLK c=506724728 STATUS=0 type=0 sec=367256 secleft=1 sderr=0 dmaerr=0]
[c=507000000 pc=0000000080282ee0]
[VBLK c=507299867 STATUS=0 type=0 sec=367264 secleft=1 sderr=0 dmaerr=0]
[VBLK c=507875155 STATUS=0 type=0 sec=367272 secleft=1 sderr=0 dmaerr=0]
[c=508000000 pc=000000008049135e]
[VBLK c=508451365 STATUS=0 type=0 sec=367280 secleft=1 sderr=0 dmaerr=0]
[c=509000000 pc=000000008024cada]
[VBLK c=509053342 STATUS=0 type=0 sec=367288 secleft=1 sderr=0 dmaerr=0]
[VBLK c=509629132 STATUS=0 type=0 sec=367296 secleft=1 sderr=0 dmaerr=0]
[c=510000000 pc=0000000080282ee4]
[VBLK c=510204569 STATUS=0 type=0 sec=367304 secleft=1 sderr=0 dmaerr=0]
[VBLK c=510780278 STATUS=0 type=0 sec=367312 secleft=1 sderr=0 dmaerr=0]
[c=511000000 pc=000000008064caf0]
[VBLK c=511356904 STATUS=0 type=0 sec=367320 secleft=1 sderr=0 dmaerr=0]
[VBLK c=511932903 STATUS=0 type=0 sec=367328 secleft=1 sderr=0 dmaerr=0]
[c=512000000 pc=00000000804d0d3e]
[VBLK c=512508918 STATUS=0 type=0 sec=367336 secleft=1 sderr=0 dmaerr=0]
[c=513000000 pc=0000000080282bfc]
[VBLK c=513099985 STATUS=0 type=0 sec=367344 secleft=1 sderr=0 dmaerr=0]
[VBLK c=513677151 STATUS=0 type=0 sec=367352 secleft=1 sderr=0 dmaerr=0]
[c=514000000 pc=000000008076c12c]
[VBLK c=514254651 STATUS=0 type=0 sec=367360 secleft=1 sderr=0 dmaerr=0]
[VBLK c=514831286 STATUS=0 type=0 sec=367368 secleft=1 sderr=0 dmaerr=0]
[c=515000000 pc=0000000080282fa8]
[VBLK c=515407922 STATUS=0 type=0 sec=367376 secleft=1 sderr=0 dmaerr=0]
[VBLK c=515984898 STATUS=0 type=0 sec=367384 secleft=1 sderr=0 dmaerr=0]
[c=516000000 pc=00000000804f523c]
[VBLK c=516561439 STATUS=0 type=0 sec=367392 secleft=1 sderr=0 dmaerr=0]
[c=517000000 pc=000000008024caf4]
[VBLK c=517138248 STATUS=0 type=0 sec=367400 secleft=1 sderr=0 dmaerr=0]
[VBLK c=517714921 STATUS=0 type=0 sec=367408 secleft=1 sderr=0 dmaerr=0]
[c=518000000 pc=000000008024ca60]
[VBLK c=518317851 STATUS=0 type=0 sec=367416 secleft=1 sderr=0 dmaerr=0]
[VBLK c=518894501 STATUS=0 type=0 sec=367424 secleft=1 sderr=0 dmaerr=0]
[c=519000000 pc=0000000080450a7c]
[VBLK c=519471233 STATUS=0 type=0 sec=367432 secleft=1 sderr=0 dmaerr=0]
[c=520000000 pc=000000008036c124]
[VBLK c=520048729 STATUS=0 type=0 sec=367440 secleft=1 sderr=0 dmaerr=0]
[VBLK c=520625262 STATUS=0 type=0 sec=367448 secleft=1 sderr=0 dmaerr=0]
[c=521000000 pc=000000008076dd5c]
[VBLK c=521202292 STATUS=0 type=0 sec=367456 secleft=1 sderr=0 dmaerr=0]
[VBLK c=521779030 STATUS=0 type=0 sec=367464 secleft=1 sderr=0 dmaerr=0]
[c=522000000 pc=000000008076c12c]
[VBLK c=522355667 STATUS=0 type=0 sec=367472 secleft=1 sderr=0 dmaerr=0]
[VBLK c=522960707 STATUS=0 type=0 sec=367480 secleft=1 sderr=0 dmaerr=0]
[c=523000000 pc=00000000804d0d44]
[VBLK c=523538197 STATUS=0 type=0 sec=367488 secleft=1 sderr=0 dmaerr=0]
[c=524000000 pc=000000008024ca60]
[VBLK c=524119672 STATUS=0 type=0 sec=367496 secleft=1 sderr=0 dmaerr=0]
[VBLK c=524697962 STATUS=0 type=0 sec=367504 secleft=1 sderr=0 dmaerr=0]
[c=525000000 pc=0000000080282c0c]
[VBLK c=525276572 STATUS=0 type=0 sec=367512 secleft=1 sderr=0 dmaerr=0]
[VBLK c=525853789 STATUS=0 type=0 sec=367520 secleft=1 sderr=0 dmaerr=0]
[c=526000000 pc=000000008076edcc]
[VBLK c=526431161 STATUS=0 type=0 sec=367528 secleft=1 sderr=0 dmaerr=0]
[c=527000000 pc=000000008076dd5c]
[VBLK c=527008550 STATUS=0 type=0 sec=367536 secleft=1 sderr=0 dmaerr=0]
[VBLK c=527612208 STATUS=0 type=0 sec=367544 secleft=1 sderr=0 dmaerr=0]
[c=528000000 pc=0000000080282edc]
[VBLK c=528190271 STATUS=0 type=0 sec=367552 secleft=1 sderr=0 dmaerr=0]
[VBLK c=528767656 STATUS=0 type=0 sec=367560 secleft=1 sderr=0 dmaerr=0]
[c=529000000 pc=000000008024caf0]
[VBLK c=529346014 STATUS=0 type=0 sec=367568 secleft=1 sderr=0 dmaerr=0]
[VBLK c=529923462 STATUS=0 type=0 sec=367576 secleft=1 sderr=0 dmaerr=0]
[c=530000000 pc=00000000804d0d2c]
[VBLK c=530501333 STATUS=0 type=0 sec=367584 secleft=1 sderr=0 dmaerr=0]
[c=531000000 pc=0000000080282c0c]
[VBLK c=531089343 STATUS=0 type=0 sec=367592 secleft=1 sderr=0 dmaerr=0]
[VBLK c=531667238 STATUS=0 type=0 sec=367600 secleft=1 sderr=0 dmaerr=0]
[c=532000000 pc=000000008076c134]
[VBLK c=532245109 STATUS=0 type=0 sec=367608 secleft=1 sderr=0 dmaerr=0]
[VBLK c=532823607 STATUS=0 type=0 sec=367616 secleft=1 sderr=0 dmaerr=0]
[c=533000000 pc=0000000080282ed8]
[VBLK c=533401239 STATUS=0 type=0 sec=367624 secleft=1 sderr=0 dmaerr=0]
[VBLK c=533979793 STATUS=0 type=0 sec=367632 secleft=1 sderr=0 dmaerr=0]
[c=534000000 pc=0000000080276148]
[VBLK c=534562449 STATUS=0 type=0 sec=367640 secleft=1 sderr=0 dmaerr=0]
[c=535000000 pc=000000008024ca5c]
[VBLK c=535141266 STATUS=0 type=0 sec=367648 secleft=1 sderr=0 dmaerr=0]
[VBLK c=535719293 STATUS=0 type=0 sec=367656 secleft=1 sderr=0 dmaerr=0]
[c=536000000 pc=0000000080282fc6]
[VBLK c=536298010 STATUS=0 type=0 sec=367664 secleft=1 sderr=0 dmaerr=0]
[VBLK c=536902874 STATUS=0 type=0 sec=367672 secleft=1 sderr=0 dmaerr=0]
[c=537000000 pc=0000000080450a7c]
[VBLK c=537481362 STATUS=0 type=0 sec=367680 secleft=1 sderr=0 dmaerr=0]
[c=538000000 pc=000000008024cb26]
[VBLK c=538060002 STATUS=0 type=0 sec=367688 secleft=1 sderr=0 dmaerr=0]
[VBLK c=538638410 STATUS=0 type=0 sec=367696 secleft=1 sderr=0 dmaerr=0]
[c=539000000 pc=000000008036c124]
[VBLK c=539217482 STATUS=0 type=0 sec=367704 secleft=1 sderr=0 dmaerr=0]
[VBLK c=539796166 STATUS=0 type=0 sec=367712 secleft=1 sderr=0 dmaerr=0]
[c=540000000 pc=000000008076dd5a]
[VBLK c=540374457 STATUS=0 type=0 sec=367720 secleft=1 sderr=0 dmaerr=0]
[VBLK c=540983963 STATUS=0 type=0 sec=367728 secleft=1 sderr=0 dmaerr=0]
[c=541000000 pc=0000000080265126]
[VBLK c=541562923 STATUS=0 type=0 sec=367736 secleft=1 sderr=0 dmaerr=0]
[c=542000000 pc=0000000080282c10]
[VBLK c=542142688 STATUS=0 type=0 sec=367744 secleft=1 sderr=0 dmaerr=0]
[VBLK c=542722068 STATUS=0 type=0 sec=367752 secleft=1 sderr=0 dmaerr=0]
[c=543000000 pc=000000008024ca54]
[VBLK c=543301161 STATUS=0 type=0 sec=367760 secleft=1 sderr=0 dmaerr=0]
[VBLK c=543880217 STATUS=0 type=0 sec=367768 secleft=1 sderr=0 dmaerr=0]
[c=544000000 pc=0000000080769a38]
[VBLK c=544458885 STATUS=0 type=0 sec=367776 secleft=1 sderr=0 dmaerr=0]
[c=545000000 pc=000000008024caca]
[VBLK c=545053451 STATUS=0 type=0 sec=367784 secleft=1 sderr=0 dmaerr=0]
[VBLK c=545633505 STATUS=0 type=0 sec=367792 secleft=1 sderr=0 dmaerr=0]
[c=546000000 pc=000000008024cade]
[VBLK c=546239175 STATUS=0 type=0 sec=367800 secleft=1 sderr=0 dmaerr=0]
[VBLK c=546818507 STATUS=0 type=0 sec=367808 secleft=1 sderr=0 dmaerr=0]
[c=547000000 pc=000000008076c138]
[VBLK c=547397406 STATUS=0 type=0 sec=367816 secleft=1 sderr=0 dmaerr=0]
[VBLK c=547977412 STATUS=0 type=0 sec=367824 secleft=1 sderr=0 dmaerr=0]
[c=548000000 pc=00000000804d0d44]
[VBLK c=548556661 STATUS=0 type=0 sec=367832 secleft=1 sderr=0 dmaerr=0]
[c=549000000 pc=000000008024ca44]
[VBLK c=549136178 STATUS=0 type=0 sec=367840 secleft=1 sderr=0 dmaerr=0]
[VBLK c=549715687 STATUS=0 type=0 sec=367848 secleft=1 sderr=0 dmaerr=0]
[c=550000000 pc=0000000080282fa8]
[VBLK c=550294836 STATUS=0 type=0 sec=367856 secleft=1 sderr=0 dmaerr=0]
[VBLK c=550873972 STATUS=0 type=0 sec=367864 secleft=1 sderr=0 dmaerr=0]
[c=551000000 pc=000000008048bff0]
[VBLK c=551453779 STATUS=0 type=0 sec=367872 secleft=1 sderr=0 dmaerr=0]
[c=552000000 pc=000000008036c124]
[VBLK c=552033757 STATUS=0 type=0 sec=367880 secleft=1 sderr=0 dmaerr=0]
[VBLK c=552613343 STATUS=0 type=0 sec=367888 secleft=1 sderr=0 dmaerr=0]
[c=553000000 pc=0000000080282fb4]
[VBLK c=553193493 STATUS=0 type=0 sec=367896 secleft=1 sderr=0 dmaerr=0]
[VBLK c=553773050 STATUS=0 type=0 sec=367904 secleft=1 sderr=0 dmaerr=0]
[c=554000000 pc=000000008024ca5c]
[VBLK c=554352831 STATUS=0 type=0 sec=367912 secleft=1 sderr=0 dmaerr=0]
[VBLK c=554932623 STATUS=0 type=0 sec=367920 secleft=1 sderr=0 dmaerr=0]
[c=555000000 pc=00000000804d0d34]
[VBLK c=555538652 STATUS=0 type=0 sec=367928 secleft=1 sderr=0 dmaerr=0]
[c=556000000 pc=000000008064caf0]
[VBLK c=556123896 STATUS=0 type=0 sec=367936 secleft=1 sderr=0 dmaerr=0]
[VBLK c=556704865 STATUS=0 type=0 sec=367944 secleft=1 sderr=0 dmaerr=0]
[c=557000000 pc=000000008024cace]
[VBLK c=557285155 STATUS=0 type=0 sec=367952 secleft=1 sderr=0 dmaerr=0]
[VBLK c=557865358 STATUS=0 type=0 sec=367960 secleft=1 sderr=0 dmaerr=0]
[c=558000000 pc=00000000804929e6]
[VBLK c=558445737 STATUS=0 type=0 sec=367968 secleft=1 sderr=0 dmaerr=0]
[c=559000000 pc=0000000080282fc2]
[VBLK c=559056087 STATUS=0 type=0 sec=367976 secleft=1 sderr=0 dmaerr=0]
[VBLK c=559636603 STATUS=0 type=0 sec=367984 secleft=1 sderr=0 dmaerr=0]
[c=560000000 pc=0000000080450714]
[c=561000000 pc=00000000804506f2]
[c=562000000 pc=00000000804506f2]
[c=563000000 pc=0000000080450718]
[c=564000000 pc=0000000080450718]
[    0.143827] EXT4-fs (vda1): recovery complete
[VBLK c=564680606 STATUS=0 type=1 sec=4691968 secleft=1 sderr=0 dmaerr=0]
[    0.144095] EXT4-fs (vda1): mounted filesystem fb804e3f-f59c[c=565000000 pc=000000008053c158]
-41d7-ab48-20c2af71ad1a r/w with ordered data mode. Quota mode: disabled.
[    0.144127] VFS: Mounted root (ext4 filesystem) on device 254:1.
[VBLK c=565565848 STATUS=0 type=0 sec=365704 secleft=1 sderr=0 dmaerr=0]
[c=566000000 pc=0000000080275016]
[VBLK c=566325333 STATUS=0 type=0 sec=4430088 secleft=1 sderr=0 dmaerr=0]
[VBLK c=566761544 STATUS=0 type=0 sec=4430104 secleft=1 sderr=0 dmaerr=0]
[c=567000000 pc=0000000080282eec]
[VBLK c=567197760 STATUS=0 type=0 sec=4430112 secleft=1 sderr=0 dmaerr=0]
[VBLK c=567633976 STATUS=0 type=0 sec=4430120 secleft=1 sderr=0 dmaerr=0]
[c=568000000 pc=000000008024cac4]
[VBLK c=568070192 STATUS=0 type=0 sec=4430128 secleft=1 sderr=0 dmaerr=0]
[VBLK c=568506408 STATUS=0 type=0 sec=4430136 secleft=1 sderr=0 dmaerr=0]
[VBLK c=568942624 STATUS=0 type=0 sec=4430144 secleft=1 sderr=0 dmaerr=0]
[c=569000000 pc=00000000803caa3a]
[VBLK c=569378840 STATUS=0 type=0 sec=4430152 secleft=1 sderr=0 dmaerr=0]
[VBLK c=569815056 STATUS=0 type=0 sec=4430160 secleft=1 sderr=0 dmaerr=0]
[c=570000000 pc=000000008076c130]
[VBLK c=570251356 STATUS=0 type=0 sec=4430168 secleft=1 sderr=0 dmaerr=0]
[VBLK c=570687572 STATUS=0 type=0 sec=4430176 secleft=1 sderr=0 dmaerr=0]
[c=571000000 pc=000000008024cb26]
[VBLK c=571123788 STATUS=0 type=0 sec=4430184 secleft=1 sderr=0 dmaerr=0]
[VBLK c=571560004 STATUS=0 type=0 sec=4430192 secleft=1 sderr=0 dmaerr=0]
[VBLK c=571996220 STATUS=0 type=0 sec=4430200 secleft=1 sderr=0 dmaerr=0]
[c=572000000 pc=000000008021239c]
[VBLK c=572432436 STATUS=0 type=0 sec=4430208 secleft=1 sderr=0 dmaerr=0]
[VBLK c=572868652 STATUS=0 type=0 sec=4430216 secleft=1 sderr=0 dmaerr=0]
[c=573000000 pc=000000008024cadc]
[VBLK c=573304868 STATUS=0 type=0 sec=4430224 secleft=1 sderr=0 dmaerr=0]
[VBLK c=573741084 STATUS=0 type=0 sec=4430232 secleft=1 sderr=0 dmaerr=0]
[c=574000000 pc=000000008024cadc]
[VBLK c=574177300 STATUS=0 type=0 sec=4430240 secleft=1 sderr=0 dmaerr=0]
[VBLK c=574613516 STATUS=0 type=0 sec=4430248 secleft=1 sderr=0 dmaerr=0]
[c=575000000 pc=000000008024cb26]
[VBLK c=575049732 STATUS=0 type=0 sec=4430256 secleft=1 sderr=0 dmaerr=0]
[VBLK c=575485948 STATUS=0 type=0 sec=4430264 secleft=1 sderr=0 dmaerr=0]
[VBLK c=575922164 STATUS=0 type=0 sec=4430272 secleft=1 sderr=0 dmaerr=0]
[c=576000000 pc=000000008024cadc]
[VBLK c=576358380 STATUS=0 type=0 sec=4430280 secleft=1 sderr=0 dmaerr=0]
[VBLK c=576794680 STATUS=0 type=0 sec=4430288 secleft=1 sderr=0 dmaerr=0]
[c=577000000 pc=0000000080282bf8]
[VBLK c=577230896 STATUS=0 type=0 sec=4430296 secleft=1 sderr=0 dmaerr=0]
[VBLK c=577667112 STATUS=0 type=0 sec=4430304 secleft=1 sderr=0 dmaerr=0]
[c=578000000 pc=000000008064caf0]
[VBLK c=578103328 STATUS=0 type=0 sec=4430312 secleft=1 sderr=0 dmaerr=0]
[VBLK c=578539544 STATUS=0 type=0 sec=4430320 secleft=1 sderr=0 dmaerr=0]
[VBLK c=578975760 STATUS=0 type=0 sec=4430328 secleft=1 sderr=0 dmaerr=0]
[c=579000000 pc=000000008076bbbc]
[VBLK c=579411976 STATUS=0 type=0 sec=4430336 secleft=1 sderr=0 dmaerr=0]
[VBLK c=579848192 STATUS=0 type=0 sec=4430080 secleft=1 sderr=0 dmaerr=0]
[    0.149700] devtmpfs: mounted
[    0.149720] VFS: Pivoted into new rootfs
[c=580000000 pc=0000000080210c60]
[c=581000000 pc=000000008076bc6c]
[c=582000000 pc=000000008035bb1c]
[c=583000000 pc=000000008076bc6c]
[    0.151001] Freeing unused kernel image (initmem) memory: 2160K
[    0.151030] Run /sbin/init as init process
[    0.151041]   with arguments:
[    0.151049]     /sbin/init
[    0.151058]   with environment:
[    0.151067]     HOME=/
[    0.151075]     TERM=linux
[c=584000000 pc=0000000080282bfc]
[VBLK c=584251907 STATUS=0 type=0 sec=238592 secleft=1 sderr=0 dmaerr=0]
[VBLK c=584688123 STATUS=0 type=0 sec=238600 secleft=1 sderr=0 dmaerr=0]
[c=585000000 pc=0000000080282fc2]
[VBLK c=585124339 STATUS=0 type=0 sec=238608 secleft=1 sderr=0 dmaerr=0]
[VBLK c=585560555 STATUS=0 type=0 sec=238616 secleft=1 sderr=0 dmaerr=0]
[VBLK c=585996771 STATUS=0 type=0 sec=238624 secleft=1 sderr=0 dmaerr=0]
[c=586000000 pc=000000008050ff7c]
[VBLK c=586432987 STATUS=0 type=0 sec=238632 secleft=1 sderr=0 dmaerr=0]
[VBLK c=586869203 STATUS=0 type=0 sec=238640 secleft=1 sderr=0 dmaerr=0]
[c=587000000 pc=000000008024ca54]
[VBLK c=587305503 STATUS=0 type=0 sec=238656 secleft=1 sderr=0 dmaerr=0]
[VBLK c=587741719 STATUS=0 type=0 sec=238664 secleft=1 sderr=0 dmaerr=0]
[c=588000000 pc=000000008064caf0]
[VBLK c=588177935 STATUS=0 type=0 sec=238672 secleft=1 sderr=0 dmaerr=0]
[VBLK c=588614151 STATUS=0 type=0 sec=238680 secleft=1 sderr=0 dmaerr=0]
[c=589000000 pc=000000008036c124]
[VBLK c=589050367 STATUS=0 type=0 sec=238688 secleft=1 sderr=0 dmaerr=0]
[VBLK c=589486583 STATUS=0 type=0 sec=238696 secleft=1 sderr=0 dmaerr=0]
[VBLK c=589922799 STATUS=0 type=0 sec=238704 secleft=1 sderr=0 dmaerr=0]
[c=590000000 pc=000000008036efba]
[VBLK c=590359015 STATUS=0 type=0 sec=238712 secleft=1 sderr=0 dmaerr=0]
[VBLK c=590795231 STATUS=0 type=0 sec=238720 secleft=1 sderr=0 dmaerr=0]
[c=591000000 pc=0000000080282ee0]
[VBLK c=591231447 STATUS=0 type=0 sec=238728 secleft=1 sderr=0 dmaerr=0]
[VBLK c=591667663 STATUS=0 type=0 sec=238736 secleft=1 sderr=0 dmaerr=0]
[c=592000000 pc=000000008076dd64]
[VBLK c=592103879 STATUS=0 type=0 sec=238744 secleft=1 sderr=0 dmaerr=0]
[VBLK c=592540095 STATUS=0 type=0 sec=238752 secleft=1 sderr=0 dmaerr=0]
[VBLK c=592976311 STATUS=0 type=0 sec=238760 secleft=1 sderr=0 dmaerr=0]
[c=593000000 pc=0000000080240faa]
[VBLK c=593412527 STATUS=0 type=0 sec=238768 secleft=1 sderr=0 dmaerr=0]
[VBLK c=593848743 STATUS=0 type=0 sec=238776 secleft=1 sderr=0 dmaerr=0]
[c=594000000 pc=000000008076dd60]
[VBLK c=594284959 STATUS=0 type=0 sec=238784 secleft=1 sderr=0 dmaerr=0]
[VBLK c=594721175 STATUS=0 type=0 sec=238792 secleft=1 sderr=0 dmaerr=0]
[c=595000000 pc=0000000080282c0c]
[VBLK c=595157391 STATUS=0 type=0 sec=238800 secleft=1 sderr=0 dmaerr=0]
[VBLK c=595593607 STATUS=0 type=0 sec=238808 secleft=1 sderr=0 dmaerr=0]
[c=596000000 pc=000000008024ca5c]
[VBLK c=596029823 STATUS=0 type=0 sec=238816 secleft=1 sderr=0 dmaerr=0]
[VBLK c=596466039 STATUS=0 type=0 sec=238824 secleft=1 sderr=0 dmaerr=0]
[VBLK c=596902255 STATUS=0 type=0 sec=238832 secleft=1 sderr=0 dmaerr=0]
[c=597000000 pc=0000000080282edc]
[VBLK c=597338471 STATUS=0 type=0 sec=238840 secleft=1 sderr=0 dmaerr=0]
[VBLK c=597774771 STATUS=0 type=0 sec=238848 secleft=1 sderr=0 dmaerr=0]
[c=598000000 pc=0000000080274fe0]
[VBLK c=598210987 STATUS=0 type=0 sec=238648 secleft=1 sderr=0 dmaerr=0]
[VBLK c=598776290 STATUS=0 type=0 sec=4558088 secleft=1 sderr=0 dmaerr=0]
[c=599000000 pc=0000000080311b3c]
[VBLK c=599538002 STATUS=0 type=0 sec=4446720 secleft=1 sderr=0 dmaerr=0]
[VBLK c=599974213 STATUS=0 type=0 sec=4446728 secleft=1 sderr=0 dmaerr=0]
[c=600000000 pc=0000000080774c06]
[VBLK c=600410429 STATUS=0 type=0 sec=4446736 secleft=1 sderr=0 dmaerr=0]
[VBLK c=600846645 STATUS=0 type=0 sec=4446744 secleft=1 sderr=0 dmaerr=0]
[c=601000000 pc=000000008024cadc]
[VBLK c=601282861 STATUS=0 type=0 sec=4446752 secleft=1 sderr=0 dmaerr=0]
[VBLK c=601719077 STATUS=0 type=0 sec=4446760 secleft=1 sderr=0 dmaerr=0]
[c=602000000 pc=000000008024ca60]
[VBLK c=602155293 STATUS=0 type=0 sec=4446768 secleft=1 sderr=0 dmaerr=0]
[VBLK c=602591509 STATUS=0 type=0 sec=4446776 secleft=1 sderr=0 dmaerr=0]
[c=603000000 pc=0000000080282c08]
[VBLK c=603027725 STATUS=0 type=0 sec=4446784 secleft=1 sderr=0 dmaerr=0]
[VBLK c=603463941 STATUS=0 type=0 sec=4446792 secleft=1 sderr=0 dmaerr=0]
[VBLK c=603900157 STATUS=0 type=0 sec=4446800 secleft=1 sderr=0 dmaerr=0]
[c=604000000 pc=0000000080282fc2]
[VBLK c=604336373 STATUS=0 type=0 sec=4446808 secleft=1 sderr=0 dmaerr=0]
[VBLK c=604772589 STATUS=0 type=0 sec=4446816 secleft=1 sderr=0 dmaerr=0]
[c=605000000 pc=000000008024ca4c]
[VBLK c=605208805 STATUS=0 type=0 sec=4446824 secleft=1 sderr=0 dmaerr=0]
[VBLK c=605645021 STATUS=0 type=0 sec=4446832 secleft=1 sderr=0 dmaerr=0]
[c=606000000 pc=000000008024cace]
[VBLK c=606081237 STATUS=0 type=0 sec=4446840 secleft=1 sderr=0 dmaerr=0]
[VBLK c=606517453 STATUS=0 type=0 sec=4446848 secleft=1 sderr=0 dmaerr=0]
[VBLK c=606953669 STATUS=0 type=0 sec=4446864 secleft=1 sderr=0 dmaerr=0]
[c=607000000 pc=00000000802561e4]
[VBLK c=607389885 STATUS=0 type=0 sec=4446872 secleft=1 sderr=0 dmaerr=0]
[VBLK c=607826101 STATUS=0 type=0 sec=4446880 secleft=1 sderr=0 dmaerr=0]
[c=608000000 pc=000000008036c124]
[VBLK c=608262317 STATUS=0 type=0 sec=4446888 secleft=1 sderr=0 dmaerr=0]
[VBLK c=608698533 STATUS=0 type=0 sec=4446896 secleft=1 sderr=0 dmaerr=0]
[c=609000000 pc=000000008024cab4]
[VBLK c=609134749 STATUS=0 type=0 sec=4446904 secleft=1 sderr=0 dmaerr=0]
[VBLK c=609570965 STATUS=0 type=0 sec=4446912 secleft=1 sderr=0 dmaerr=0]
[c=610000000 pc=000000008024cb2a]
[VBLK c=610007265 STATUS=0 type=0 sec=4446920 secleft=1 sderr=0 dmaerr=0]
[VBLK c=610443481 STATUS=0 type=0 sec=4446928 secleft=1 sderr=0 dmaerr=0]
[VBLK c=610879697 STATUS=0 type=0 sec=4446936 secleft=1 sderr=0 dmaerr=0]
[c=611000000 pc=000000008024ca4c]
[VBLK c=611315913 STATUS=0 type=0 sec=4446944 secleft=1 sderr=0 dmaerr=0]
[VBLK c=611752129 STATUS=0 type=0 sec=4446952 secleft=1 sderr=0 dmaerr=0]
[c=612000000 pc=000000008076dd60]
[VBLK c=612188345 STATUS=0 type=0 sec=4446960 secleft=1 sderr=0 dmaerr=0]
[VBLK c=612624561 STATUS=0 type=0 sec=4446968 secleft=1 sderr=0 dmaerr=0]
[c=613000000 pc=000000008024cac4]
[VBLK c=613060777 STATUS=0 type=0 sec=4446976 secleft=1 sderr=0 dmaerr=0]
[VBLK c=613496993 STATUS=0 type=0 sec=4446856 secleft=1 sderr=0 dmaerr=0]
[c=614000000 pc=000000008024cade]
[VBLK c=614014505 STATUS=0 type=0 sec=1693592 secleft=1 sderr=0 dmaerr=0]
[VBLK c=614510372 STATUS=0 type=0 sec=1808272 secleft=1 sderr=0 dmaerr=0]
[c=615000000 pc=000000008076c128]
[VBLK c=615266832 STATUS=0 type=0 sec=4431104 secleft=1 sderr=0 dmaerr=0]
[VBLK c=615703132 STATUS=0 type=0 sec=4431112 secleft=1 sderr=0 dmaerr=0]
[c=616000000 pc=000000008024cb2a]
[VBLK c=616139348 STATUS=0 type=0 sec=4431120 secleft=1 sderr=0 dmaerr=0]
[VBLK c=616575564 STATUS=0 type=0 sec=4431128 secleft=1 sderr=0 dmaerr=0]
[c=617000000 pc=000000008024cab8]
[VBLK c=617011780 STATUS=0 type=0 sec=4431136 secleft=1 sderr=0 dmaerr=0]
[VBLK c=617448080 STATUS=0 type=0 sec=4431144 secleft=1 sderr=0 dmaerr=0]
[VBLK c=617884296 STATUS=0 type=0 sec=4431152 secleft=1 sderr=0 dmaerr=0]
[c=618000000 pc=000000008036c124]
[VBLK c=618320512 STATUS=0 type=0 sec=4431160 secleft=1 sderr=0 dmaerr=0]
[VBLK c=618756728 STATUS=0 type=0 sec=4431168 secleft=1 sderr=0 dmaerr=0]
[c=619000000 pc=0000000080282fa8]
[VBLK c=619192944 STATUS=0 type=0 sec=4431176 secleft=1 sderr=0 dmaerr=0]
[VBLK c=619629160 STATUS=0 type=0 sec=4431184 secleft=1 sderr=0 dmaerr=0]
[c=620000000 pc=000000008076c128]
[VBLK c=620065376 STATUS=0 type=0 sec=4431192 secleft=1 sderr=0 dmaerr=0]
[VBLK c=620501592 STATUS=0 type=0 sec=4431200 secleft=1 sderr=0 dmaerr=0]
[VBLK c=620937808 STATUS=0 type=0 sec=4431208 secleft=1 sderr=0 dmaerr=0]
[c=621000000 pc=00000000803c9a72]
[VBLK c=621374024 STATUS=0 type=0 sec=4431216 secleft=1 sderr=0 dmaerr=0]
[VBLK c=621810324 STATUS=0 type=0 sec=4431224 secleft=1 sderr=0 dmaerr=0]
[c=622000000 pc=0000000080282c0c]
[VBLK c=622246540 STATUS=0 type=0 sec=4431232 secleft=1 sderr=0 dmaerr=0]
[VBLK c=622682756 STATUS=0 type=0 sec=4431240 secleft=1 sderr=0 dmaerr=0]
[c=623000000 pc=000000008024ca58]
[VBLK c=623118972 STATUS=0 type=0 sec=4431248 secleft=1 sderr=0 dmaerr=0]
[VBLK c=623555188 STATUS=0 type=0 sec=4431256 secleft=1 sderr=0 dmaerr=0]
[VBLK c=623991404 STATUS=0 type=0 sec=4431264 secleft=1 sderr=0 dmaerr=0]
[c=624000000 pc=000000008048a5e6]
[VBLK c=624427620 STATUS=0 type=0 sec=4431272 secleft=1 sderr=0 dmaerr=0]
[VBLK c=624863920 STATUS=0 type=0 sec=4431280 secleft=1 sderr=0 dmaerr=0]
[c=625000000 pc=0000000080282bfc]
[VBLK c=625300136 STATUS=0 type=0 sec=4431288 secleft=1 sderr=0 dmaerr=0]
[VBLK c=625736436 STATUS=0 type=0 sec=4431296 secleft=1 sderr=0 dmaerr=0]
[c=626000000 pc=000000008036c124]
[VBLK c=626172736 STATUS=0 type=0 sec=4431304 secleft=1 sderr=0 dmaerr=0]
[VBLK c=626608952 STATUS=0 type=0 sec=4431312 secleft=1 sderr=0 dmaerr=0]
[c=627000000 pc=000000008064caf0]
[VBLK c=627045168 STATUS=0 type=0 sec=4431320 secleft=1 sderr=0 dmaerr=0]
[VBLK c=627481384 STATUS=0 type=0 sec=4431328 secleft=1 sderr=0 dmaerr=0]
[VBLK c=627917600 STATUS=0 type=0 sec=4431336 secleft=1 sderr=0 dmaerr=0]
[c=628000000 pc=000000008024ca44]
[VBLK c=628353816 STATUS=0 type=0 sec=4431344 secleft=1 sderr=0 dmaerr=0]
[VBLK c=628790032 STATUS=0 type=0 sec=4431352 secleft=1 sderr=0 dmaerr=0]
[c=629000000 pc=000000008024cab8]
[VBLK c=629226248 STATUS=0 type=0 sec=4431360 secleft=1 sderr=0 dmaerr=0]
[VBLK c=629662464 STATUS=0 type=0 sec=4558792 secleft=1 sderr=0 dmaerr=0]
[c=630000000 pc=000000008027694c]
[VBLK c=630257019 STATUS=0 type=0 sec=4558800 secleft=1 sderr=0 dmaerr=0]
[VBLK c=630758620 STATUS=0 type=0 sec=4563656 secleft=1 sderr=0 dmaerr=0]
[c=631000000 pc=00000000803c9b88]
[VBLK c=631515840 STATUS=0 type=0 sec=4449024 secleft=1 sderr=0 dmaerr=0]
[VBLK c=631952056 STATUS=0 type=0 sec=4449032 secleft=1 sderr=0 dmaerr=0]
[c=632000000 pc=0000000080243912]
[VBLK c=632388272 STATUS=0 type=0 sec=4449040 secleft=1 sderr=0 dmaerr=0]
[VBLK c=632824488 STATUS=0 type=0 sec=4449048 secleft=1 sderr=0 dmaerr=0]
[c=633000000 pc=000000008024cada]
[VBLK c=633260704 STATUS=0 type=0 sec=4449056 secleft=1 sderr=0 dmaerr=0]
[VBLK c=633696920 STATUS=0 type=0 sec=4449064 secleft=1 sderr=0 dmaerr=0]
[c=634000000 pc=000000008036c124]
[VBLK c=634133136 STATUS=0 type=0 sec=4449072 secleft=1 sderr=0 dmaerr=0]
[VBLK c=634569352 STATUS=0 type=0 sec=4449080 secleft=1 sderr=0 dmaerr=0]
[c=635000000 pc=0000000080282eec]
[VBLK c=635005568 STATUS=0 type=0 sec=4449088 secleft=1 sderr=0 dmaerr=0]
[VBLK c=635441784 STATUS=0 type=0 sec=4449096 secleft=1 sderr=0 dmaerr=0]
[VBLK c=635878000 STATUS=0 type=0 sec=4449112 secleft=1 sderr=0 dmaerr=0]
[c=636000000 pc=0000000080282ee0]
[VBLK c=636314216 STATUS=0 type=0 sec=4449120 secleft=1 sderr=0 dmaerr=0]
[VBLK c=636750432 STATUS=0 type=0 sec=4449128 secleft=1 sderr=0 dmaerr=0]
[c=637000000 pc=000000008076c138]
[VBLK c=637186648 STATUS=0 type=0 sec=4449136 secleft=1 sderr=0 dmaerr=0]
[VBLK c=637622864 STATUS=0 type=0 sec=4449144 secleft=1 sderr=0 dmaerr=0]
[c=638000000 pc=000000008076dd70]
[VBLK c=638059080 STATUS=0 type=0 sec=4449152 secleft=1 sderr=0 dmaerr=0]
[VBLK c=638495296 STATUS=0 type=0 sec=4449160 secleft=1 sderr=0 dmaerr=0]
[VBLK c=638931512 STATUS=0 type=0 sec=4449168 secleft=1 sderr=0 dmaerr=0]
[c=639000000 pc=000000008048cc6e]
[VBLK c=639367728 STATUS=0 type=0 sec=4449176 secleft=1 sderr=0 dmaerr=0]
[VBLK c=639803944 STATUS=0 type=0 sec=4449184 secleft=1 sderr=0 dmaerr=0]
[c=640000000 pc=0000000080282fc2]
[VBLK c=640240160 STATUS=0 type=0 sec=4449192 secleft=1 sderr=0 dmaerr=0]
[VBLK c=640676376 STATUS=0 type=0 sec=4449200 secleft=1 sderr=0 dmaerr=0]
[c=641000000 pc=000000008076dd54]
[VBLK c=641112592 STATUS=0 type=0 sec=4449208 secleft=1 sderr=0 dmaerr=0]
[VBLK c=641548808 STATUS=0 type=0 sec=4449216 secleft=1 sderr=0 dmaerr=0]
[VBLK c=641985024 STATUS=0 type=0 sec=4449224 secleft=1 sderr=0 dmaerr=0]
[c=642000000 pc=0000000080274b3c]
[VBLK c=642421240 STATUS=0 type=0 sec=4449232 secleft=1 sderr=0 dmaerr=0]
[VBLK c=642857456 STATUS=0 type=0 sec=4449240 secleft=1 sderr=0 dmaerr=0]
[c=643000000 pc=000000008064caf0]
[VBLK c=643293672 STATUS=0 type=0 sec=4449248 secleft=1 sderr=0 dmaerr=0]
[VBLK c=643729888 STATUS=0 type=0 sec=4449256 secleft=1 sderr=0 dmaerr=0]
[c=644000000 pc=000000008036c124]
[VBLK c=644166104 STATUS=0 type=0 sec=4449264 secleft=1 sderr=0 dmaerr=0]
[VBLK c=644602320 STATUS=0 type=0 sec=4449272 secleft=1 sderr=0 dmaerr=0]
[c=645000000 pc=000000008024cadc]
[VBLK c=645038536 STATUS=0 type=0 sec=4449280 secleft=1 sderr=0 dmaerr=0]
[VBLK c=645474752 STATUS=0 type=0 sec=4449104 secleft=1 sderr=0 dmaerr=0]
[c=646000000 pc=000000008024cabe]
[VBLK c=646492579 STATUS=0 type=0 sec=15517440 secleft=1 sderr=0 dmaerr=0]
[c=647000000 pc=000000008024ca48]
[VBLK c=647277491 STATUS=0 type=0 sec=15517456 secleft=1 sderr=0 dmaerr=0]
[c=648000000 pc=0000000080282bfc]
[VBLK c=648042014 STATUS=0 type=0 sec=4431616 secleft=1 sderr=0 dmaerr=0]
[VBLK c=648478230 STATUS=0 type=0 sec=4431624 secleft=1 sderr=0 dmaerr=0]
[VBLK c=648914446 STATUS=0 type=0 sec=4431632 secleft=1 sderr=0 dmaerr=0]
[c=649000000 pc=0000000080282c0c]
[VBLK c=649350662 STATUS=0 type=0 sec=4431640 secleft=1 sderr=0 dmaerr=0]
[VBLK c=649786878 STATUS=0 type=0 sec=4431648 secleft=1 sderr=0 dmaerr=0]
[c=650000000 pc=0000000080282c10]
[VBLK c=650223094 STATUS=0 type=0 sec=4431656 secleft=1 sderr=0 dmaerr=0]
[VBLK c=650659310 STATUS=0 type=0 sec=4431664 secleft=1 sderr=0 dmaerr=0]
[c=651000000 pc=000000008036c124]
[VBLK c=651095526 STATUS=0 type=0 sec=4431672 secleft=1 sderr=0 dmaerr=0]
[VBLK c=651531742 STATUS=0 type=0 sec=4431680 secleft=1 sderr=0 dmaerr=0]
[VBLK c=651967958 STATUS=0 type=0 sec=4431688 secleft=1 sderr=0 dmaerr=0]
[c=652000000 pc=000000008050e3bc]
[VBLK c=652404174 STATUS=0 type=0 sec=4431696 secleft=1 sderr=0 dmaerr=0]
[VBLK c=652840390 STATUS=0 type=0 sec=4431704 secleft=1 sderr=0 dmaerr=0]
[c=653000000 pc=000000008076dd5a]
[VBLK c=653276606 STATUS=0 type=0 sec=4431712 secleft=1 sderr=0 dmaerr=0]
[VBLK c=653712822 STATUS=0 type=0 sec=4431720 secleft=1 sderr=0 dmaerr=0]
[c=654000000 pc=000000008076c12c]
[VBLK c=654149038 STATUS=0 type=0 sec=4431728 secleft=1 sderr=0 dmaerr=0]
[VBLK c=654585254 STATUS=0 type=0 sec=4431736 secleft=1 sderr=0 dmaerr=0]
[c=655000000 pc=000000008024cb26]
[VBLK c=655021470 STATUS=0 type=0 sec=4431744 secleft=1 sderr=0 dmaerr=0]
[VBLK c=655457686 STATUS=0 type=0 sec=4431752 secleft=1 sderr=0 dmaerr=0]
[VBLK c=655893902 STATUS=0 type=0 sec=4431760 secleft=1 sderr=0 dmaerr=0]
[c=656000000 pc=000000008076c124]
[VBLK c=656330118 STATUS=0 type=0 sec=4431776 secleft=1 sderr=0 dmaerr=0]
[VBLK c=656766334 STATUS=0 type=0 sec=4431784 secleft=1 sderr=0 dmaerr=0]
[c=657000000 pc=000000008024ca50]
[VBLK c=657202550 STATUS=0 type=0 sec=4431792 secleft=1 sderr=0 dmaerr=0]
[VBLK c=657638766 STATUS=0 type=0 sec=4431800 secleft=1 sderr=0 dmaerr=0]
[c=658000000 pc=000000008024cac4]
[VBLK c=658074982 STATUS=0 type=0 sec=4431808 secleft=1 sderr=0 dmaerr=0]
[VBLK c=658511282 STATUS=0 type=0 sec=4431816 secleft=1 sderr=0 dmaerr=0]
[VBLK c=658947498 STATUS=0 type=0 sec=4431824 secleft=1 sderr=0 dmaerr=0]
[c=659000000 pc=000000008076dd60]
[VBLK c=659383714 STATUS=0 type=0 sec=4431832 secleft=1 sderr=0 dmaerr=0]
[VBLK c=659819930 STATUS=0 type=0 sec=4431840 secleft=1 sderr=0 dmaerr=0]
[c=660000000 pc=0000000080282fb4]
[VBLK c=660256230 STATUS=0 type=0 sec=4431848 secleft=1 sderr=0 dmaerr=0]
[VBLK c=660692446 STATUS=0 type=0 sec=4431856 secleft=1 sderr=0 dmaerr=0]
[c=661000000 pc=0000000080282c0c]
[VBLK c=661128662 STATUS=0 type=0 sec=4431864 secleft=1 sderr=0 dmaerr=0]
[VBLK c=661564878 STATUS=0 type=0 sec=4431872 secleft=1 sderr=0 dmaerr=0]
[c=662000000 pc=0000000080274eda]
[VBLK c=662001094 STATUS=0 type=0 sec=4431768 secleft=1 sderr=0 dmaerr=0]
[VBLK c=662512960 STATUS=0 type=0 sec=4561560 secleft=1 sderr=0 dmaerr=0]
[c=663000000 pc=000000008024cace]
[VBLK c=663092682 STATUS=0 type=0 sec=4559240 secleft=1 sderr=0 dmaerr=0]
[VBLK c=663588029 STATUS=0 type=0 sec=4560464 secleft=1 sderr=0 dmaerr=0]
[c=664000000 pc=0000000080282c10]
[c=665000000 pc=000000008076dd54]
[VBLK c=665268909 STATUS=0 type=0 sec=5445120 secleft=1 sderr=0 dmaerr=0]
[c=666000000 pc=0000000080282ee0]
[VBLK c=666716905 STATUS=0 type=0 sec=15517472 secleft=1 sderr=0 dmaerr=0]
[c=667000000 pc=000000008024ca60]
[c=668000000 pc=000000008024ca44]
[c=669000000 pc=0000000080282bfc]
[VBLK c=669594240 STATUS=0 type=0 sec=15517496 secleft=1 sderr=0 dmaerr=0]
[c=670000000 pc=000000008024cade]
[c=671000000 pc=0000000080282ee0]
[c=672000000 pc=000000008036c124]
[c=673000000 pc=00000000802750ac]
[c=674000000 pc=0000000080275000]
[VBLK c=674912200 STATUS=0 type=0 sec=15517560 secleft=1 sderr=0 dmaerr=0]
[c=675000000 pc=0000000080356e08]
[c=676000000 pc=0000000080282fc6]
[c=677000000 pc=0000000080282fa8]
[c=678000000 pc=000000008024cabe]
[c=679000000 pc=000000008024cad4]
[c=680000000 pc=000000008024cb26]
[VBLK c=680900607 STATUS=0 type=0 sec=5445152 secleft=1 sderr=0 dmaerr=0]
[c=681000000 pc=000000008024ca48]
[c=682000000 pc=0000000080282bfc]
[c=683000000 pc=0000000080282ee4]
[c=684000000 pc=0000000080282d6e]
[c=685000000 pc=000000008076c138]
[c=686000000 pc=0000000080282fb4]
[c=687000000 pc=000000008024caca]
[VBLK c=687264655 STATUS=0 type=0 sec=5445280 secleft=1 sderr=0 dmaerr=0]
[c=688000000 pc=000000008024caf4]
[VBLK c=688401662 STATUS=0 type=0 sec=367992 secleft=1 sderr=0 dmaerr=0]
[c=689000000 pc=000000008024caf4]
[VBLK c=689017939 STATUS=0 type=0 sec=4561552 secleft=1 sderr=0 dmaerr=0]
[VBLK c=689621372 STATUS=0 type=0 sec=4559248 secleft=1 sderr=0 dmaerr=0]
[c=690000000 pc=0000000080282ee0]
[c=691000000 pc=000000008036c124]
[VBLK c=691277173 STATUS=0 type=0 sec=14170112 secleft=1 sderr=0 dmaerr=0]
[c=692000000 pc=0000000080769696]
[c=693000000 pc=000000008031b3e8]
[c=694000000 pc=000000008043bd28]
[c=695000000 pc=0000000080282c08]
[VBLK c=695251590 STATUS=0 type=0 sec=14170144 secleft=1 sderr=0 dmaerr=0]
[c=696000000 pc=0000000080282bfc]
[c=697000000 pc=0000000080282ee4]
[c=698000000 pc=000000008036c124]
[c=699000000 pc=000000008064caf0]
[c=700000000 pc=0000000080282fc6]
[c=701000000 pc=000000008024ca44]
[c=702000000 pc=0000000080282bfc]
[c=703000000 pc=0000000080282ee4]
[c=704000000 pc=000000008036c124]
[c=705000000 pc=0000000080282a20]
[c=706000000 pc=0000000080282cc4]
[VBLK c=706497377 STATUS=0 type=0 sec=14170168 secleft=1 sderr=0 dmaerr=0]
[c=707000000 pc=000000008024cac6]
[c=708000000 pc=000000008024cadc]
[c=709000000 pc=0000000080282edc]
[c=710000000 pc=000000008076dd64]
[c=711000000 pc=000000008076dd68]
[c=712000000 pc=0000000080282fa8]
[c=713000000 pc=000000008024cabe]
[c=714000000 pc=000000008024cada]
[c=715000000 pc=000000008024cb26]
[c=716000000 pc=00000000802756bc]
[c=717000000 pc=0000000080274f32]
[c=718000000 pc=0000000080274fa8]
[c=719000000 pc=0000000080276916]
[c=720000000 pc=0000000080282cb6]
[c=721000000 pc=000000008027965e]
[c=722000000 pc=0000000080282c9a]
[c=723000000 pc=000000008027501a]
[c=724000000 pc=0000000080282d4e]
[c=725000000 pc=000000008076c128]
[c=726000000 pc=0000000080282fa8]
[c=727000000 pc=000000008024cac4]
[c=728000000 pc=0000000080282c0c]
[VBLK c=728901525 STATUS=0 type=0 sec=14170424 secleft=1 sderr=0 dmaerr=0]
[c=729000000 pc=0000000080212356]
[c=730000000 pc=000000008024ca44]
[c=731000000 pc=0000000080282bf8]
[c=732000000 pc=0000000080282ee4]
[c=733000000 pc=000000008036c124]
[c=734000000 pc=000000008076dd70]
[c=735000000 pc=0000000080282fb4]
[c=736000000 pc=000000008024cac6]
[c=737000000 pc=0000000080275002]
[c=738000000 pc=000000008027505e]
[c=739000000 pc=000000008027963c]
[c=740000000 pc=0000000080282a4a]
[c=741000000 pc=0000000080282cc8]
[c=742000000 pc=0000000080282d0e]
[c=743000000 pc=000000008076dd5c]
[c=744000000 pc=000000008064caf0]
[c=745000000 pc=000000008024ca5c]
[c=746000000 pc=000000008024cadc]
[c=747000000 pc=0000000080282c8e]
[c=748000000 pc=00000000802829ac]
[c=749000000 pc=0000000080282a5a]
[c=750000000 pc=0000000080274f00]
[c=751000000 pc=00000000802750b0]
[VBLK c=751305757 STATUS=0 type=0 sec=14170936 secleft=1 sderr=0 dmaerr=0]
[c=752000000 pc=000000008076dd64]
[c=753000000 pc=000000008076dd68]
[c=754000000 pc=0000000080282fa8]
[c=755000000 pc=000000008024cabe]
[c=756000000 pc=000000008024cada]
[c=757000000 pc=0000000080282ed8]
[c=758000000 pc=000000008027690e]
[c=759000000 pc=0000000080282c9a]
[c=760000000 pc=000000008027965e]
[c=761000000 pc=0000000080282d96]
[c=762000000 pc=00000000802756ea]
[c=763000000 pc=0000000080282d4a]
[c=764000000 pc=000000008076c124]
[c=765000000 pc=0000000080282fa4]
[c=766000000 pc=000000008024cabe]
[c=767000000 pc=0000000080282c08]
[c=768000000 pc=0000000080282d80]
[c=769000000 pc=000000008029acf8]
[c=770000000 pc=00000000802756bc]
[c=771000000 pc=0000000080274f2a]
[c=772000000 pc=0000000080274f80]
[c=773000000 pc=0000000080276916]
[c=774000000 pc=0000000080282cb6]
[c=775000000 pc=000000008027965e]
[c=776000000 pc=0000000080282d96]
[c=777000000 pc=00000000802756e6]
[c=778000000 pc=0000000080282d6a]
[c=779000000 pc=000000008076c128]
[c=780000000 pc=000000008024cab4]
[c=781000000 pc=000000008024cabe]
[c=782000000 pc=0000000080282c0c]
[c=783000000 pc=0000000080282d88]
[c=784000000 pc=000000008029acf4]
[c=785000000 pc=00000000802756bc]
[c=786000000 pc=0000000080274f32]
[c=787000000 pc=0000000080274fa8]
[c=788000000 pc=0000000080276916]
[c=789000000 pc=0000000080282cb6]
[c=790000000 pc=000000008027965e]
[c=791000000 pc=0000000080282c9a]
[c=792000000 pc=000000008027501a]
[c=793000000 pc=0000000080282d4e]
[c=794000000 pc=000000008076c128]
[c=795000000 pc=0000000080282fa8]
[c=796000000 pc=000000008024cac4]
[VBLK c=796026365 STATUS=0 type=0 sec=14171448 secleft=1 sderr=0 dmaerr=0]
[c=797000000 pc=000000008076dd60]
[c=798000000 pc=000000008076c138]
[c=799000000 pc=0000000080282fa4]
[c=800000000 pc=000000008024cabe]
[c=801000000 pc=000000008027965e]
[c=802000000 pc=0000000080282c9a]
[c=803000000 pc=00000000802756ea]
[c=804000000 pc=0000000080282d4e]
[c=805000000 pc=000000008076c124]
[c=806000000 pc=0000000080282fa8]
[c=807000000 pc=000000008024cac4]
[c=808000000 pc=0000000080282c08]
[c=809000000 pc=0000000080282d86]
[c=810000000 pc=000000008029acf8]
[c=811000000 pc=0000000080274ec8]
[c=812000000 pc=0000000080274f2a]
[c=813000000 pc=0000000080274fa0]
[c=814000000 pc=000000008027691c]
[c=815000000 pc=0000000080282a64]
[c=816000000 pc=0000000080282a0c]
[c=817000000 pc=0000000080282d96]
[c=818000000 pc=00000000802756ea]
[c=819000000 pc=0000000080282d6e]
[c=820000000 pc=000000008076c12c]
[c=821000000 pc=0000000080282fa4]
[c=822000000 pc=000000008024cabe]
[c=823000000 pc=0000000080282c10]
[c=824000000 pc=0000000080282d90]
[c=825000000 pc=000000008029acf8]
[c=826000000 pc=00000000802756bc]
[c=827000000 pc=0000000080274f42]
[c=828000000 pc=0000000080274fc0]
[c=829000000 pc=000000008027691c]
[c=830000000 pc=0000000080282cb6]
[c=831000000 pc=0000000080282a0c]
[c=832000000 pc=0000000080282c9e]
[c=833000000 pc=000000008027505a]
[c=834000000 pc=0000000080282d6a]
[c=835000000 pc=000000008076c12c]
[c=836000000 pc=0000000080282fac]
[c=837000000 pc=000000008024cac6]
[c=838000000 pc=0000000080282c10]
[c=839000000 pc=0000000080282d88]
[c=840000000 pc=000000008029ad04]
[VBLK c=840746973 STATUS=0 type=0 sec=14172472 secleft=1 sderr=0 dmaerr=0]
[c=841000000 pc=000000008024ca50]
[c=842000000 pc=0000000080282c00]
[c=843000000 pc=0000000080282eec]
[c=844000000 pc=0000000080282c9e]
[c=845000000 pc=000000008027965e]
[c=846000000 pc=000000008024cabe]
[c=847000000 pc=00000000802756cc]
[c=848000000 pc=0000000080282d4a]
[c=849000000 pc=000000008076c124]
[c=850000000 pc=000000008024cab4]
[c=851000000 pc=000000008024ca6c]
[c=852000000 pc=0000000080282c08]
[c=853000000 pc=0000000080282d86]
[c=854000000 pc=000000008029acf0]
[c=855000000 pc=00000000802756b8]
[c=856000000 pc=0000000080274f2a]
[c=857000000 pc=0000000080274fa0]
[c=858000000 pc=0000000080276908]
[c=859000000 pc=0000000080282c9a]
[c=860000000 pc=000000008027965e]
[c=861000000 pc=0000000080282d96]
[c=862000000 pc=00000000802756e6]
[c=863000000 pc=0000000080282d4a]
[c=864000000 pc=000000008036c124]
[c=865000000 pc=0000000080282fa4]
[c=866000000 pc=000000008024cabe]
[c=867000000 pc=0000000080282c08]
[c=868000000 pc=0000000080282d80]
[c=869000000 pc=000000008029acf4]
[c=870000000 pc=00000000802756bc]
[c=871000000 pc=0000000080274f22]
[VBLK c=871868437 STATUS=0 type=0 sec=14173496 secleft=1 sderr=0 dmaerr=0]
[c=872000000 pc=0000000080282cf4]
[c=873000000 pc=00000000802756c6]
[c=874000000 pc=000000008076dd68]
[c=875000000 pc=0000000080282fc2]
[c=876000000 pc=000000008024ca44]
[c=877000000 pc=0000000080282c80]
[VBLK c=877186397 STATUS=0 type=0 sec=15267840 secleft=1 sderr=0 dmaerr=0]
[c=878000000 pc=000000008024ca44]
[c=879000000 pc=0000000080282bf8]
[VBLK c=879080600 STATUS=0 type=0 sec=15271936 secleft=1 sderr=0 dmaerr=0]
[c=880000000 pc=000000008076aa92]
[c=881000000 pc=000000008037ee3a]
[c=882000000 pc=0000000080311b90]
[c=883000000 pc=000000008037aae8]
[c=884000000 pc=0000000080271524]
[c=885000000 pc=000000008024cace]
[c=886000000 pc=000000008029ad00]
[c=887000000 pc=0000000080274ec8]
[c=888000000 pc=0000000080274f32]
[c=889000000 pc=0000000080274fc2]
[c=890000000 pc=0000000080276920]
[VBLK c=890605116 STATUS=0 type=0 sec=15271968 secleft=1 sderr=0 dmaerr=0]
[c=891000000 pc=000000008076c134]
[c=892000000 pc=000000008024cab4]
[c=893000000 pc=000000008024ca60]
[c=894000000 pc=000000008024cace]
[c=895000000 pc=000000008024cae2]
[c=896000000 pc=000000008076dd5a]
[c=897000000 pc=0000000080276916]
[c=898000000 pc=0000000080282cb6]
[c=899000000 pc=000000008027965e]
[c=900000000 pc=0000000080282d96]
[c=901000000 pc=00000000802756e6]
[c=902000000 pc=0000000080282d6a]
[c=903000000 pc=000000008076c128]
[c=904000000 pc=000000008024cab4]
[c=905000000 pc=000000008024cabe]
[c=906000000 pc=0000000080282c0c]
[c=907000000 pc=0000000080282d88]
[c=908000000 pc=000000008029acf4]
[c=909000000 pc=00000000802756bc]
[c=910000000 pc=0000000080274f32]
[c=911000000 pc=0000000080274fa8]
[c=912000000 pc=0000000080276916]
[c=913000000 pc=0000000080282cb6]
[c=914000000 pc=000000008027965e]
[c=915000000 pc=0000000080282c9a]
[c=916000000 pc=000000008027501a]
[c=917000000 pc=0000000080282d4e]
[c=918000000 pc=000000008076c128]
[c=919000000 pc=0000000080282fa8]
[c=920000000 pc=000000008024cac4]
[c=921000000 pc=0000000080282c0c]
[c=922000000 pc=0000000080282d88]
[c=923000000 pc=000000008029ad00]
[c=924000000 pc=0000000080274ec8]
[c=925000000 pc=0000000080274f32]
[c=926000000 pc=0000000080274fa8]
[c=927000000 pc=0000000080276920]
[c=928000000 pc=0000000080282a6a]
[c=929000000 pc=000000008036c124]
[c=930000000 pc=000000008076dd6c]
[c=931000000 pc=0000000080282fac]
[c=932000000 pc=000000008024cac4]
[c=933000000 pc=000000008024cadc]
[c=934000000 pc=0000000080282ed8]
[c=935000000 pc=000000008076dd60]
[c=936000000 pc=000000008076c138]
[c=937000000 pc=0000000080282fa4]
[c=938000000 pc=000000008024cabe]
[c=939000000 pc=000000008024cad4]
[c=940000000 pc=0000000080282cd4]
[c=941000000 pc=0000000080282d0e]
[c=942000000 pc=000000008076dd5c]
[c=943000000 pc=000000008064caf0]
[c=944000000 pc=000000008024ca60]
[c=945000000 pc=000000008024cada]
[c=946000000 pc=0000000080282c8e]
[c=947000000 pc=00000000802829ac]
[c=948000000 pc=0000000080282a5c]
[c=949000000 pc=0000000080274f00]
[c=950000000 pc=00000000802750b0]
[c=951000000 pc=0000000080275000]
[c=952000000 pc=0000000080275062]
[c=953000000 pc=0000000080279644]
[c=954000000 pc=0000000080282a36]
[c=955000000 pc=0000000080282ccc]
[c=956000000 pc=0000000080282d0a]
[c=957000000 pc=000000008076dd64]
[c=958000000 pc=000000008064caf0]
[c=959000000 pc=000000008024ca60]
[c=960000000 pc=000000008024cada]
[c=961000000 pc=0000000080282c94]
[c=962000000 pc=00000000802829b8]
[c=963000000 pc=0000000080282a5c]
[c=964000000 pc=0000000080274ef8]
[c=965000000 pc=0000000080274f6c]
[c=966000000 pc=0000000080275016]
[c=967000000 pc=0000000080275062]
[c=968000000 pc=0000000080279644]
[c=969000000 pc=0000000080282a32]
[c=970000000 pc=0000000080282cdc]
[c=971000000 pc=0000000080282d14]
[c=972000000 pc=000000008076dd60]
[c=973000000 pc=000000008064caf0]
[c=974000000 pc=000000008024ca68]
[c=975000000 pc=000000008024cade]
[c=976000000 pc=0000000080282c94]
[c=977000000 pc=00000000802829b2]
[c=978000000 pc=0000000080282a60]
[c=979000000 pc=0000000080274f08]
[VBLK c=979958812 STATUS=0 type=0 sec=15272120 secleft=1 sderr=0 dmaerr=0]
[c=980000000 pc=000000008021239c]
[c=981000000 pc=0000000080282fc6]
[c=982000000 pc=000000008027965e]
[c=983000000 pc=0000000080282c9a]
[c=984000000 pc=00000000802756ea]
[c=985000000 pc=0000000080282d4e]
[c=986000000 pc=000000008076c124]
[c=987000000 pc=0000000080282fa8]
[c=988000000 pc=000000008024cac4]
[c=989000000 pc=0000000080282c08]
[c=990000000 pc=0000000080282d86]
[c=991000000 pc=000000008029acf8]
[c=992000000 pc=0000000080274ec8]
[c=993000000 pc=0000000080274f2a]
[c=994000000 pc=0000000080274fa0]
[c=995000000 pc=000000008027691c]
[c=996000000 pc=0000000080282a64]
[c=997000000 pc=0000000080282a0c]
[c=998000000 pc=0000000080282d96]
[c=999000000 pc=00000000802756ea]
[c=1000000000 pc=0000000080282d6e]
[c=1001000000 pc=000000008076c12c]
[c=1002000000 pc=0000000080282fa4]
[c=1003000000 pc=000000008024cabe]
[c=1004000000 pc=0000000080282c10]
[c=1005000000 pc=0000000080282d90]
[c=1006000000 pc=000000008029acf8]
[c=1007000000 pc=00000000802756bc]
[c=1008000000 pc=0000000080274f42]
[c=1009000000 pc=0000000080274fc0]
[c=1010000000 pc=000000008027691c]
[c=1011000000 pc=0000000080282cb6]
[c=1012000000 pc=0000000080282a0c]
[c=1013000000 pc=0000000080282c9e]
[c=1014000000 pc=000000008027505a]
[c=1015000000 pc=0000000080282d6a]
[c=1016000000 pc=000000008076c12c]
[c=1017000000 pc=0000000080282fac]
[c=1018000000 pc=000000008024cac6]
[c=1019000000 pc=0000000080282c10]
[c=1020000000 pc=0000000080282d88]
[c=1021000000 pc=000000008029ad04]
[c=1022000000 pc=0000000080274ecc]
[c=1023000000 pc=0000000080274f42]
[c=1024000000 pc=0000000080274fa8]
[c=1025000000 pc=0000000080276920]
[c=1026000000 pc=0000000080282a6a]
[c=1027000000 pc=0000000080282a12]
[c=1028000000 pc=0000000080282c9a]
[c=1029000000 pc=000000008027501a]
[c=1030000000 pc=0000000080282d72]
[c=1031000000 pc=000000008076c130]
[c=1032000000 pc=0000000080282fa8]
[c=1033000000 pc=000000008024cac6]
[c=1034000000 pc=000000008024cae2]
[c=1035000000 pc=0000000080282d92]
[c=1036000000 pc=000000008029ad00]
[c=1037000000 pc=0000000080274ec8]
[c=1038000000 pc=0000000080274f4a]
[c=1039000000 pc=0000000080274fc2]
[c=1040000000 pc=0000000080276920]
[c=1041000000 pc=0000000080282a6a]
[c=1042000000 pc=0000000080282a12]
[c=1043000000 pc=0000000080282cb6]
[c=1044000000 pc=0000000080282cec]
[c=1045000000 pc=0000000080282d6e]
[c=1046000000 pc=000000008076c130]
[c=1047000000 pc=0000000080282fb4]
[c=1048000000 pc=000000008024caca]
[c=1049000000 pc=000000008024cae2]
[c=1050000000 pc=0000000080282d92]
[c=1051000000 pc=000000008029ad0e]
[c=1052000000 pc=0000000080274ed0]
[c=1053000000 pc=0000000080274f4a]
[c=1054000000 pc=0000000080274fc2]
[c=1055000000 pc=0000000080276926]
[c=1056000000 pc=00000000802829f2]
[c=1057000000 pc=0000000080282a80]
[c=1058000000 pc=0000000080282cb6]
[c=1059000000 pc=0000000080282cec]
[c=1060000000 pc=0000000080282d76]
[c=1061000000 pc=000000008076c138]
[VBLK c=1061292584 STATUS=0 type=0 sec=15274168 secleft=1 sderr=0 dmaerr=0]
[c=1062000000 pc=000000008024cabe]
[c=1063000000 pc=000000008024cace]
[c=1064000000 pc=000000008024cae2]
[c=1065000000 pc=000000008076dd5a]
[c=1066000000 pc=000000008076c130]
[c=1067000000 pc=000000008024caf4]
[c=1068000000 pc=00000000802768fc]
[c=1069000000 pc=00000000802756c2]
[VBLK c=1069400112 STATUS=0 type=0 sec=15558656 secleft=1 sderr=0 dmaerr=0]
[c=1070000000 pc=000000008029ad12]
[c=1071000000 pc=0000000080274ed4]
[c=1072000000 pc=0000000080274f4a]
[c=1073000000 pc=0000000080274fda]
[c=1074000000 pc=0000000080276926]
[c=1075000000 pc=00000000802829f2]
[c=1076000000 pc=0000000080282a80]
[c=1077000000 pc=0000000080282cb6]
[c=1078000000 pc=0000000080282cf6]
[c=1079000000 pc=00000000802756c2]
[c=1080000000 pc=000000008076c138]
[c=1081000000 pc=0000000080282fb4]
[c=1082000000 pc=000000008024ca4c]
[c=1083000000 pc=000000008024cae8]
[c=1084000000 pc=000000008028298c]
[c=1085000000 pc=000000008029ad0e]
[c=1086000000 pc=0000000080274eda]
[c=1087000000 pc=000000008027508c]
[c=1088000000 pc=0000000080274fda]
[c=1089000000 pc=0000000080276926]
[c=1090000000 pc=00000000802829f2]
[c=1091000000 pc=0000000080282a1c]
[c=1092000000 pc=0000000080282cba]
[c=1093000000 pc=0000000080282cf6]
[c=1094000000 pc=0000000080282d76]
[c=1095000000 pc=000000008076dd6c]
[c=1096000000 pc=0000000080282fc6]
[c=1097000000 pc=000000008024ca48]
[c=1098000000 pc=000000008024cae8]
[c=1099000000 pc=0000000080282994]
[c=1100000000 pc=000000008029ad18]
[c=1101000000 pc=0000000080274eda]
[c=1102000000 pc=000000008027508c]
[c=1103000000 pc=0000000080274ff8]
[c=1104000000 pc=000000008027694c]
[c=1105000000 pc=0000000080282a08]
[c=1106000000 pc=0000000080282a1c]
[c=1107000000 pc=0000000080282cba]
[c=1108000000 pc=0000000080282cfc]
[c=1109000000 pc=000000008024cae8]
[c=1110000000 pc=000000008076dd68]
[c=1111000000 pc=0000000080282fc6]
[c=1112000000 pc=000000008024ca50]
[c=1113000000 pc=0000000080282c80]
[c=1114000000 pc=0000000080282990]
[c=1115000000 pc=000000008029ad12]
[c=1116000000 pc=0000000080274ee6]
[c=1117000000 pc=0000000080275094]
[c=1118000000 pc=0000000080274fe0]
[c=1119000000 pc=000000008027692c]
[c=1120000000 pc=0000000080282a08]
[c=1121000000 pc=0000000080282a28]
[c=1122000000 pc=0000000080282cbe]
[c=1123000000 pc=0000000080282cfc]
[c=1124000000 pc=00000000802756c6]
[c=1125000000 pc=000000008076dd70]
[c=1126000000 pc=000000008024cab8]
[c=1127000000 pc=000000008024ca4c]
[c=1128000000 pc=0000000080282c80]
[c=1129000000 pc=0000000080282994]
[c=1130000000 pc=00000000802829d8]
[c=1131000000 pc=0000000080274ede]
[c=1132000000 pc=0000000080275090]
[c=1133000000 pc=0000000080274ffe]
[c=1134000000 pc=0000000080276950]
[c=1135000000 pc=0000000080279630]
[c=1136000000 pc=0000000080282a20]
[c=1137000000 pc=0000000080282cbe]
[c=1138000000 pc=0000000080282d02]
[c=1139000000 pc=000000008024cae8]
[c=1140000000 pc=000000008076dd70]
[c=1141000000 pc=000000008024cab8]
[c=1142000000 pc=000000008024cace]
[c=1143000000 pc=0000000080282c84]
[c=1144000000 pc=0000000080282994]
[c=1145000000 pc=00000000802829d8]
[c=1146000000 pc=0000000080274eec]
[c=1147000000 pc=000000008027509c]
[c=1148000000 pc=0000000080274ffe]
[c=1149000000 pc=000000008027694c]
[c=1150000000 pc=000000008027962c]
[c=1151000000 pc=0000000080282a46]
[c=1152000000 pc=0000000080282cc4]
[c=1153000000 pc=0000000080282cfc]
[c=1154000000 pc=000000008024cae8]
[c=1155000000 pc=000000008064caf0]
[c=1156000000 pc=000000008024ca58]
[c=1157000000 pc=000000008024cace]
[c=1158000000 pc=0000000080282c80]
[c=1159000000 pc=00000000802829a4]
[c=1160000000 pc=0000000080282a54]
[c=1161000000 pc=0000000080274eec]
[c=1162000000 pc=0000000080275094]
[c=1163000000 pc=0000000080274ffe]
[c=1164000000 pc=000000008027501a]
[c=1165000000 pc=0000000080279634]
[c=1166000000 pc=0000000080282a28]
[c=1167000000 pc=0000000080282cbe]
[c=1168000000 pc=0000000080282d04]
[c=1169000000 pc=000000008076dd5a]
[c=1170000000 pc=000000008064caf0]
[c=1171000000 pc=000000008024ca54]
[c=1172000000 pc=000000008024cad4]
[c=1173000000 pc=0000000080282c88]
[c=1174000000 pc=000000008028299c]
[c=1175000000 pc=0000000080282a4c]
[c=1176000000 pc=0000000080274ef4]
[c=1177000000 pc=00000000802750a4]
[c=1178000000 pc=0000000080274ffe]
[c=1179000000 pc=000000008027501a]
[c=1180000000 pc=0000000080279634]
[c=1181000000 pc=0000000080282a4a]
[c=1182000000 pc=0000000080282cc8]
[c=1183000000 pc=0000000080282d04]
[c=1184000000 pc=000000008076dd54]
[c=1185000000 pc=000000008064caf0]
[c=1186000000 pc=000000008024ca5c]
[c=1187000000 pc=000000008024cace]
[c=1188000000 pc=0000000080282c88]
[c=1189000000 pc=00000000802829ac]
[c=1190000000 pc=0000000080282a5a]
[c=1191000000 pc=0000000080274ef4]
[c=1192000000 pc=00000000802750a4]
[c=1193000000 pc=0000000080275002]
[c=1194000000 pc=000000008027505e]
[c=1195000000 pc=000000008027963c]
[c=1196000000 pc=0000000080282a4a]
[c=1197000000 pc=0000000080282cc8]
[c=1198000000 pc=0000000080282d0e]
[c=1199000000 pc=000000008076dd5c]
[c=1200000000 pc=000000008064caf0]
[c=1201000000 pc=000000008024ca5c]
[c=1202000000 pc=000000008024cada]
[c=1203000000 pc=0000000080282c8e]
[c=1204000000 pc=00000000802829ac]
[c=1205000000 pc=0000000080282a54]
[c=1206000000 pc=0000000080274f00]
[c=1207000000 pc=00000000802750b0]
[c=1208000000 pc=0000000080275000]
[c=1209000000 pc=000000008027505a]
[c=1210000000 pc=000000008027963c]
[c=1211000000 pc=0000000080282a36]
[c=1212000000 pc=0000000080282ccc]
[c=1213000000 pc=0000000080282d0a]
[c=1214000000 pc=000000008076dd5c]
[c=1215000000 pc=000000008064caf0]
[c=1216000000 pc=000000008024ca60]
[c=1217000000 pc=000000008024cada]
[c=1218000000 pc=0000000080282c8e]
[c=1219000000 pc=00000000802829b2]
[c=1220000000 pc=0000000080282a5c]
[VBLK c=1220473000 STATUS=0 type=0 sec=15558840 secleft=1 sderr=0 dmaerr=0]
[c=1221000000 pc=0000000080310e0a]
[VBLK c=1221695811 STATUS=0 type=0 sec=240384 secleft=1 sderr=0 dmaerr=0]
[c=1222000000 pc=0000000080282ee4]
[VBLK c=1222132027 STATUS=0 type=0 sec=240392 secleft=1 sderr=0 dmaerr=0]
[VBLK c=1222568243 STATUS=0 type=0 sec=240400 secleft=1 sderr=0 dmaerr=0]
[c=1223000000 pc=000000008076dd5a]
[VBLK c=1223004459 STATUS=0 type=0 sec=240408 secleft=1 sderr=0 dmaerr=0]
[VBLK c=1223440675 STATUS=0 type=0 sec=240416 secleft=1 sderr=0 dmaerr=0]
[VBLK c=1223876891 STATUS=0 type=0 sec=240424 secleft=1 sderr=0 dmaerr=0]
[c=1224000000 pc=0000000080282eec]
[VBLK c=1224313107 STATUS=0 type=0 sec=240432 secleft=1 sderr=0 dmaerr=0]
[VBLK c=1224749323 STATUS=0 type=0 sec=240440 secleft=1 sderr=0 dmaerr=0]
[c=1225000000 pc=000000008024ca44]
[VBLK c=1225185539 STATUS=0 type=0 sec=240448 secleft=1 sderr=0 dmaerr=0]
[VBLK c=1225621755 STATUS=0 type=0 sec=240456 secleft=1 sderr=0 dmaerr=0]
[c=1226000000 pc=000000008076dd54]
[VBLK c=1226057971 STATUS=0 type=0 sec=240464 secleft=1 sderr=0 dmaerr=0]
[VBLK c=1226494187 STATUS=0 type=0 sec=240472 secleft=1 sderr=0 dmaerr=0]
[VBLK c=1226930403 STATUS=0 type=0 sec=240480 secleft=1 sderr=0 dmaerr=0]
[c=1227000000 pc=000000008048bf6c]
[VBLK c=1227366619 STATUS=0 type=0 sec=240488 secleft=1 sderr=0 dmaerr=0]
[VBLK c=1227802835 STATUS=0 type=0 sec=240496 secleft=1 sderr=0 dmaerr=0]
[c=1228000000 pc=000000008036c124]
[VBLK c=1228239051 STATUS=0 type=0 sec=240504 secleft=1 sderr=0 dmaerr=0]
[VBLK c=1228675267 STATUS=0 type=0 sec=240512 secleft=1 sderr=0 dmaerr=0]
[c=1229000000 pc=0000000080282bfc]
[VBLK c=1229111483 STATUS=0 type=0 sec=240520 secleft=1 sderr=0 dmaerr=0]
[VBLK c=1229547699 STATUS=0 type=0 sec=240528 secleft=1 sderr=0 dmaerr=0]
[VBLK c=1229983915 STATUS=0 type=0 sec=240536 secleft=1 sderr=0 dmaerr=0]
[c=1230000000 pc=000000008030eb50]
[VBLK c=1230420131 STATUS=0 type=0 sec=240544 secleft=1 sderr=0 dmaerr=0]
[VBLK c=1230856347 STATUS=0 type=0 sec=240552 secleft=1 sderr=0 dmaerr=0]
[c=1231000000 pc=0000000080282ed8]
[VBLK c=1231292647 STATUS=0 type=0 sec=240568 secleft=1 sderr=0 dmaerr=0]
[VBLK c=1231728863 STATUS=0 type=0 sec=240576 secleft=1 sderr=0 dmaerr=0]
[c=1232000000 pc=000000008064caf0]
[VBLK c=1232165079 STATUS=0 type=0 sec=240584 secleft=1 sderr=0 dmaerr=0]
[VBLK c=1232601295 STATUS=0 type=0 sec=240592 secleft=1 sderr=0 dmaerr=0]
[c=1233000000 pc=000000008024ca58]
[VBLK c=1233037511 STATUS=0 type=0 sec=240600 secleft=1 sderr=0 dmaerr=0]
[VBLK c=1233473727 STATUS=0 type=0 sec=240608 secleft=1 sderr=0 dmaerr=0]
[VBLK c=1233909943 STATUS=0 type=0 sec=240616 secleft=1 sderr=0 dmaerr=0]
[c=1234000000 pc=000000008024cabe]
[VBLK c=1234346159 STATUS=0 type=0 sec=240624 secleft=1 sderr=0 dmaerr=0]
[VBLK c=1234782375 STATUS=0 type=0 sec=240632 secleft=1 sderr=0 dmaerr=0]
[c=1235000000 pc=000000008064caf0]
[VBLK c=1235218591 STATUS=0 type=0 sec=240640 secleft=1 sderr=0 dmaerr=0]
[VBLK c=1235654807 STATUS=0 type=0 sec=240560 secleft=1 sderr=0 dmaerr=0]
[c=1236000000 pc=000000008024ca60]
[c=1237000000 pc=000000008024cace]
[c=1238000000 pc=0000000080282d76]
[VBLK c=1238317220 STATUS=0 type=0 sec=7466200 secleft=1 sderr=0 dmaerr=0]
[VBLK c=1238861355 STATUS=0 type=0 sec=4560224 secleft=1 sderr=0 dmaerr=0]
[c=1239000000 pc=000000008031c27a]
[VBLK c=1239647318 STATUS=0 type=0 sec=4432896 secleft=1 sderr=0 dmaerr=0]
[c=1240000000 pc=0000000080282fac]
[VBLK c=1240083529 STATUS=0 type=0 sec=4432904 secleft=1 sderr=0 dmaerr=0]
[VBLK c=1240519745 STATUS=0 type=0 sec=4432912 secleft=1 sderr=0 dmaerr=0]
[VBLK c=1240955961 STATUS=0 type=0 sec=4432920 secleft=1 sderr=0 dmaerr=0]
[c=1241000000 pc=0000000080491aa0]
[VBLK c=1241392261 STATUS=0 type=0 sec=4432928 secleft=1 sderr=0 dmaerr=0]
[VBLK c=1241828561 STATUS=0 type=0 sec=4432936 secleft=1 sderr=0 dmaerr=0]
[c=1242000000 pc=000000008024ca44]
[VBLK c=1242264777 STATUS=0 type=0 sec=4432944 secleft=1 sderr=0 dmaerr=0]
[VBLK c=1242700993 STATUS=0 type=0 sec=4432952 secleft=1 sderr=0 dmaerr=0]
[c=1243000000 pc=000000008064caf0]
[VBLK c=1243137209 STATUS=0 type=0 sec=4432960 secleft=1 sderr=0 dmaerr=0]
[VBLK c=1243573425 STATUS=0 type=0 sec=4432968 secleft=1 sderr=0 dmaerr=0]
[c=1244000000 pc=0000000080282fb4]
[VBLK c=1244009641 STATUS=0 type=0 sec=4432976 secleft=1 sderr=0 dmaerr=0]
[VBLK c=1244445857 STATUS=0 type=0 sec=4432984 secleft=1 sderr=0 dmaerr=0]
[VBLK c=1244882073 STATUS=0 type=0 sec=4432992 secleft=1 sderr=0 dmaerr=0]
[c=1245000000 pc=0000000080282ee4]
[VBLK c=1245318289 STATUS=0 type=0 sec=4433000 secleft=1 sderr=0 dmaerr=0]
[VBLK c=1245754505 STATUS=0 type=0 sec=4433008 secleft=1 sderr=0 dmaerr=0]
[c=1246000000 pc=000000008024ca48]
[VBLK c=1246190721 STATUS=0 type=0 sec=4433016 secleft=1 sderr=0 dmaerr=0]
[VBLK c=1246626937 STATUS=0 type=0 sec=4433024 secleft=1 sderr=0 dmaerr=0]
[c=1247000000 pc=000000008076dd70]
[VBLK c=1247063153 STATUS=0 type=0 sec=4433032 secleft=1 sderr=0 dmaerr=0]
[VBLK c=1247499369 STATUS=0 type=0 sec=4433040 secleft=1 sderr=0 dmaerr=0]
[VBLK c=1247935585 STATUS=0 type=0 sec=4433048 secleft=1 sderr=0 dmaerr=0]
[c=1248000000 pc=000000008076999e]
[VBLK c=1248371801 STATUS=0 type=0 sec=4433056 secleft=1 sderr=0 dmaerr=0]
[VBLK c=1248808017 STATUS=0 type=0 sec=4433064 secleft=1 sderr=0 dmaerr=0]
[c=1249000000 pc=0000000080282fc2]
[VBLK c=1249244233 STATUS=0 type=0 sec=4433072 secleft=1 sderr=0 dmaerr=0]
[VBLK c=1249680449 STATUS=0 type=0 sec=4433080 secleft=1 sderr=0 dmaerr=0]
[c=1250000000 pc=0000000080282edc]
[VBLK c=1250116665 STATUS=0 type=0 sec=4433088 secleft=1 sderr=0 dmaerr=0]
[VBLK c=1250552881 STATUS=0 type=0 sec=4433096 secleft=1 sderr=0 dmaerr=0]
[VBLK c=1250989097 STATUS=0 type=0 sec=4433104 secleft=1 sderr=0 dmaerr=0]
[c=1251000000 pc=0000000080274b44]
[VBLK c=1251425313 STATUS=0 type=0 sec=4433112 secleft=1 sderr=0 dmaerr=0]
[VBLK c=1251861613 STATUS=0 type=0 sec=4433120 secleft=1 sderr=0 dmaerr=0]
[c=1252000000 pc=000000008024caf4]
[VBLK c=1252297829 STATUS=0 type=0 sec=4433128 secleft=1 sderr=0 dmaerr=0]
[VBLK c=1252734045 STATUS=0 type=0 sec=4433136 secleft=1 sderr=0 dmaerr=0]
[c=1253000000 pc=0000000080282fc6]
[VBLK c=1253170261 STATUS=0 type=0 sec=4433144 secleft=1 sderr=0 dmaerr=0]
[VBLK c=1253606477 STATUS=0 type=0 sec=4433152 secleft=1 sderr=0 dmaerr=0]
[c=1254000000 pc=000000008076dd6c]
[VBLK c=1254042693 STATUS=0 type=0 sec=7293320 secleft=1 sderr=0 dmaerr=0]
[c=1255000000 pc=000000008064caf0]
[VBLK c=1255695132 STATUS=0 type=0 sec=11770624 secleft=1 sderr=0 dmaerr=0]
[c=1256000000 pc=0000000080282eec]
[c=1257000000 pc=000000008036c124]
[c=1258000000 pc=000000008024ca48]
[c=1259000000 pc=0000000080282bfc]
[c=1260000000 pc=000000008027694c]
[c=1261000000 pc=000000008027962c]
[VBLK c=1261544178 STATUS=0 type=0 sec=11770656 secleft=1 sderr=0 dmaerr=0]
[c=1262000000 pc=0000000080369a00]
[VBLK c=1262489146 STATUS=0 type=0 sec=4431880 secleft=1 sderr=0 dmaerr=0]
[VBLK c=1262925362 STATUS=0 type=0 sec=4431888 secleft=1 sderr=0 dmaerr=0]
[c=1263000000 pc=000000008048e512]
[VBLK c=1263361578 STATUS=0 type=0 sec=4431896 secleft=1 sderr=0 dmaerr=0]
[VBLK c=1263797794 STATUS=0 type=0 sec=4431904 secleft=1 sderr=0 dmaerr=0]
[c=1264000000 pc=000000008024cabe]
[VBLK c=1264234010 STATUS=0 type=0 sec=4431912 secleft=1 sderr=0 dmaerr=0]
[VBLK c=1264670226 STATUS=0 type=0 sec=4431920 secleft=1 sderr=0 dmaerr=0]
[c=1265000000 pc=0000000080282fac]
[VBLK c=1265106442 STATUS=0 type=0 sec=4431928 secleft=1 sderr=0 dmaerr=0]
[VBLK c=1265542658 STATUS=0 type=0 sec=4431936 secleft=1 sderr=0 dmaerr=0]
[VBLK c=1265978874 STATUS=0 type=0 sec=4431944 secleft=1 sderr=0 dmaerr=0]
[c=1266000000 pc=0000000080343d64]
[VBLK c=1266415090 STATUS=0 type=0 sec=4431960 secleft=1 sderr=0 dmaerr=0]
[VBLK c=1266851306 STATUS=0 type=0 sec=4431968 secleft=1 sderr=0 dmaerr=0]
[c=1267000000 pc=000000008024cae8]
[VBLK c=1267287522 STATUS=0 type=0 sec=4431976 secleft=1 sderr=0 dmaerr=0]
[VBLK c=1267723738 STATUS=0 type=0 sec=4431984 secleft=1 sderr=0 dmaerr=0]
[c=1268000000 pc=0000000080282fa8]
[VBLK c=1268159954 STATUS=0 type=0 sec=4431992 secleft=1 sderr=0 dmaerr=0]
[VBLK c=1268596170 STATUS=0 type=0 sec=4432000 secleft=1 sderr=0 dmaerr=0]
[c=1269000000 pc=000000008024cb26]
[VBLK c=1269032386 STATUS=0 type=0 sec=4432008 secleft=1 sderr=0 dmaerr=0]
[VBLK c=1269468602 STATUS=0 type=0 sec=4432016 secleft=1 sderr=0 dmaerr=0]
[VBLK c=1269904818 STATUS=0 type=0 sec=4432024 secleft=1 sderr=0 dmaerr=0]
[c=1270000000 pc=0000000080282ef4]
[VBLK c=1270341034 STATUS=0 type=0 sec=4432032 secleft=1 sderr=0 dmaerr=0]
[VBLK c=1270777250 STATUS=0 type=0 sec=4432040 secleft=1 sderr=0 dmaerr=0]
[c=1271000000 pc=000000008064caf0]
[VBLK c=1271213466 STATUS=0 type=0 sec=4432048 secleft=1 sderr=0 dmaerr=0]
[VBLK c=1271649682 STATUS=0 type=0 sec=4432056 secleft=1 sderr=0 dmaerr=0]
[c=1272000000 pc=000000008024cace]
[VBLK c=1272085898 STATUS=0 type=0 sec=4432064 secleft=1 sderr=0 dmaerr=0]
[VBLK c=1272522114 STATUS=0 type=0 sec=4432072 secleft=1 sderr=0 dmaerr=0]
[VBLK c=1272958330 STATUS=0 type=0 sec=4432080 secleft=1 sderr=0 dmaerr=0]
[c=1273000000 pc=00000000802440ea]
[VBLK c=1273394546 STATUS=0 type=0 sec=4432088 secleft=1 sderr=0 dmaerr=0]
[VBLK c=1273830762 STATUS=0 type=0 sec=4432096 secleft=1 sderr=0 dmaerr=0]
[c=1274000000 pc=0000000080282bfc]
[VBLK c=1274266978 STATUS=0 type=0 sec=4432104 secleft=1 sderr=0 dmaerr=0]
[VBLK c=1274703194 STATUS=0 type=0 sec=4432112 secleft=1 sderr=0 dmaerr=0]
[c=1275000000 pc=000000008024cade]
[VBLK c=1275139410 STATUS=0 type=0 sec=4432120 secleft=1 sderr=0 dmaerr=0]
[VBLK c=1275575626 STATUS=0 type=0 sec=4432128 secleft=1 sderr=0 dmaerr=0]
[c=1276000000 pc=000000008024ca48]
[VBLK c=1276011842 STATUS=0 type=0 sec=4431952 secleft=1 sderr=0 dmaerr=0]
[c=1277000000 pc=000000008036c124]
[VBLK c=1277608623 STATUS=0 type=0 sec=5127744 secleft=1 sderr=0 dmaerr=0]
[c=1278000000 pc=0000000080282fc6]
[c=1279000000 pc=000000008024ca44]
[c=1280000000 pc=000000008024cada]
[c=1281000000 pc=000000008027508c]
[c=1282000000 pc=0000000080274fda]
[c=1283000000 pc=0000000080276926]
[c=1284000000 pc=00000000802829f2]
[c=1285000000 pc=0000000080282a1c]
[c=1286000000 pc=0000000080282cba]
[c=1287000000 pc=0000000080282cf6]
[c=1288000000 pc=0000000080282d76]
[c=1289000000 pc=000000008076dd6c]
[c=1290000000 pc=0000000080282fc6]
[c=1291000000 pc=000000008024ca48]
[VBLK c=1291283621 STATUS=0 type=0 sec=5127776 secleft=1 sderr=0 dmaerr=0]
[c=1292000000 pc=000000008076dd70]
[VBLK c=1292099955 STATUS=0 type=0 sec=4834104 secleft=1 sderr=0 dmaerr=0]
[c=1293000000 pc=0000000080282fa4]
[VBLK c=1293750393 STATUS=0 type=0 sec=5444848 secleft=1 sderr=0 dmaerr=0]
[c=1294000000 pc=000000008037d452]
[c=1295000000 pc=000000008035f1f6]
[c=1296000000 pc=0000000080282bfc]
[c=1297000000 pc=0000000080282ee4]
[c=1298000000 pc=0000000080282edc]
[c=1299000000 pc=000000008076dd64]
[c=1300000000 pc=000000008076dd68]
[c=1301000000 pc=0000000080282fa8]
[c=1302000000 pc=0000000080282d72]
[c=1303000000 pc=000000008076c134]
[c=1304000000 pc=0000000080282fac]
[c=1305000000 pc=000000008024ca44]
[c=1306000000 pc=000000008024cae4]
[VBLK c=1306461470 STATUS=0 type=0 sec=5444880 secleft=1 sderr=0 dmaerr=0]
[c=1307000000 pc=000000008064caf0]
[c=1308000000 pc=000000008024ca54]
[c=1309000000 pc=000000008024caca]
[c=1310000000 pc=0000000080282bf8]
[c=1311000000 pc=0000000080282ee0]
[c=1312000000 pc=000000008036c124]
[c=1313000000 pc=00000000802756c2]
[c=1314000000 pc=000000008076dd68]
[c=1315000000 pc=0000000080282fc2]
[c=1316000000 pc=000000008024ca4c]
[c=1317000000 pc=0000000080282c80]
[c=1318000000 pc=0000000080282990]
[c=1319000000 pc=000000008029ad12]
[c=1320000000 pc=0000000080274ede]
[c=1321000000 pc=0000000080275090]
[VBLK c=1321542913 STATUS=0 type=0 sec=5578512 secleft=1 sderr=0 dmaerr=0]
[c=1322000000 pc=0000000080282c0c]
[c=1323000000 pc=000000008024cae8]
[c=1324000000 pc=000000008024caf8]
[c=1325000000 pc=0000000080282de6]
[c=1326000000 pc=0000000080282a36]
[c=1327000000 pc=000000008027505a]
[c=1328000000 pc=000000008027508c]
[c=1329000000 pc=000000008029acf8]
[c=1330000000 pc=0000000080282c08]
[VBLK c=1330347833 STATUS=0 type=0 sec=5658248 secleft=1 sderr=0 dmaerr=0]
[c=1331000000 pc=000000008024cab4]
[c=1332000000 pc=000000008024ca60]
[c=1333000000 pc=000000008024cace]
[c=1334000000 pc=000000008027691c]
[c=1335000000 pc=0000000080282a64]
[c=1336000000 pc=0000000080282a0c]
[c=1337000000 pc=0000000080282d96]
[c=1338000000 pc=0000000080282cec]
[c=1339000000 pc=0000000080282d6a]
[c=1340000000 pc=000000008076c12c]
[VBLK c=1340896233 STATUS=0 type=0 sec=5741072 secleft=1 sderr=0 dmaerr=0]
[c=1341000000 pc=000000008024ca44]
[c=1342000000 pc=0000000080282bfc]
[c=1343000000 pc=0000000080282ee4]
[c=1344000000 pc=000000008036c124]
[c=1345000000 pc=0000000080282a6a]
[c=1346000000 pc=0000000080282a12]
[c=1347000000 pc=0000000080282c9a]
[c=1348000000 pc=000000008027501a]
[c=1349000000 pc=0000000080282d72]
[c=1350000000 pc=000000008076c130]
[c=1351000000 pc=0000000080282fa8]
[c=1352000000 pc=000000008024cac6]
[c=1353000000 pc=000000008024cae2]
[c=1354000000 pc=0000000080282d92]
[c=1355000000 pc=000000008029ad00]
[c=1356000000 pc=0000000080274ec8]
[c=1357000000 pc=0000000080274f4a]
[c=1358000000 pc=0000000080274fc2]
[c=1359000000 pc=0000000080276920]
[c=1360000000 pc=0000000080282a6a]
[c=1361000000 pc=0000000080282a12]
[c=1362000000 pc=0000000080282cb6]
[c=1363000000 pc=0000000080282cec]
[c=1364000000 pc=0000000080282d6e]
[c=1365000000 pc=000000008076c130]
[c=1366000000 pc=0000000080282fb4]
[c=1367000000 pc=000000008024caca]
[c=1368000000 pc=000000008024cae2]
[c=1369000000 pc=0000000080282d92]
[c=1370000000 pc=000000008029ad0e]
[c=1371000000 pc=0000000080274ed0]
[c=1372000000 pc=0000000080274f4a]
[c=1373000000 pc=0000000080274fc2]
[c=1374000000 pc=0000000080276926]
[c=1375000000 pc=00000000802829f2]
[c=1376000000 pc=0000000080282a80]
[c=1377000000 pc=0000000080282cb6]
[c=1378000000 pc=0000000080282cec]
[VBLK c=1378642921 STATUS=0 type=0 sec=5746240 secleft=1 sderr=0 dmaerr=0]
[c=1379000000 pc=000000008036c124]
[c=1380000000 pc=000000008076dd6c]
[c=1381000000 pc=0000000080282fac]
[c=1382000000 pc=000000008024cac4]
[c=1383000000 pc=000000008024cada]
[c=1384000000 pc=0000000080282ed8]
[c=1385000000 pc=000000008076dd60]
[c=1386000000 pc=000000008076c138]
[c=1387000000 pc=0000000080282fa4]
[c=1388000000 pc=000000008027690e]
[c=1389000000 pc=0000000080282c9e]
[VBLK c=1389540017 STATUS=0 type=0 sec=5945096 secleft=1 sderr=0 dmaerr=0]
[c=1390000000 pc=0000000080282c00]
[c=1391000000 pc=0000000080282eec]
[c=1392000000 pc=000000008036c124]
[c=1393000000 pc=000000008064caf0]
[c=1394000000 pc=0000000080282fc6]
[c=1395000000 pc=000000008024ca44]
[c=1396000000 pc=0000000080282bfc]
[c=1397000000 pc=0000000080282ee4]
[c=1398000000 pc=0000000080282ce4]
[VBLK c=1398693633 STATUS=0 type=0 sec=5966040 secleft=1 sderr=0 dmaerr=0]
[c=1399000000 pc=000000008024cac4]
[c=1400000000 pc=000000008024cada]
[c=1401000000 pc=0000000080282ed8]
[c=1402000000 pc=000000008076dd60]
[c=1403000000 pc=000000008076c138]
[c=1404000000 pc=0000000080282fa4]
[c=1405000000 pc=000000008024cabe]
[c=1406000000 pc=000000008024cad4]
[c=1407000000 pc=000000008024cae2]
[c=1408000000 pc=000000008076dd5a]
[c=1409000000 pc=0000000080282a6a]
[c=1410000000 pc=0000000080282a80]
[c=1411000000 pc=0000000080282cb6]
[c=1412000000 pc=0000000080282cec]
[c=1413000000 pc=0000000080282d6e]
[c=1414000000 pc=000000008076c138]
[c=1415000000 pc=0000000080282fb4]
[c=1416000000 pc=000000008024caca]
[c=1417000000 pc=000000008024cae2]
[c=1418000000 pc=000000008028298c]
[c=1419000000 pc=000000008029ad0e]
[c=1420000000 pc=0000000080274ed0]
[c=1421000000 pc=0000000080274f4a]
[c=1422000000 pc=0000000080274fda]
[VBLK c=1422841177 STATUS=0 type=0 sec=5993944 secleft=1 sderr=0 dmaerr=0]
[c=1423000000 pc=0000000080282d90]
[c=1424000000 pc=000000008029acf8]
[c=1425000000 pc=00000000802756bc]
[c=1426000000 pc=0000000080274f2a]
[c=1427000000 pc=0000000080274fc0]
[c=1428000000 pc=000000008027691c]
[c=1429000000 pc=0000000080282a64]
[VBLK c=1429205225 STATUS=0 type=0 sec=6150768 secleft=1 sderr=0 dmaerr=0]
[c=1430000000 pc=0000000080282a6a]
[VBLK c=1430036438 STATUS=0 type=0 sec=7210968 secleft=1 sderr=0 dmaerr=0]
[VBLK c=1430804158 STATUS=0 type=0 sec=4432136 secleft=1 sderr=0 dmaerr=0]
[c=1431000000 pc=000000008024ca44]
[VBLK c=1431240374 STATUS=0 type=0 sec=4432144 secleft=1 sderr=0 dmaerr=0]
[VBLK c=1431676590 STATUS=0 type=0 sec=4432152 secleft=1 sderr=0 dmaerr=0]
[c=1432000000 pc=0000000080282fc6]
[VBLK c=1432112806 STATUS=0 type=0 sec=4432160 secleft=1 sderr=0 dmaerr=0]
[VBLK c=1432549022 STATUS=0 type=0 sec=4432168 secleft=1 sderr=0 dmaerr=0]
[VBLK c=1432985238 STATUS=0 type=0 sec=4432176 secleft=1 sderr=0 dmaerr=0]
[c=1433000000 pc=00000000804f1e7e]
[VBLK c=1433421454 STATUS=0 type=0 sec=4432184 secleft=1 sderr=0 dmaerr=0]
[VBLK c=1433857670 STATUS=0 type=0 sec=4432192 secleft=1 sderr=0 dmaerr=0]
[c=1434000000 pc=000000008024cac4]
[VBLK c=1434293886 STATUS=0 type=0 sec=4432200 secleft=1 sderr=0 dmaerr=0]
[VBLK c=1434730102 STATUS=0 type=0 sec=4432208 secleft=1 sderr=0 dmaerr=0]
[c=1435000000 pc=000000008076dd54]
[VBLK c=1435166318 STATUS=0 type=0 sec=4432216 secleft=1 sderr=0 dmaerr=0]
[VBLK c=1435602534 STATUS=0 type=0 sec=4432224 secleft=1 sderr=0 dmaerr=0]
[c=1436000000 pc=000000008024cac6]
[VBLK c=1436038750 STATUS=0 type=0 sec=4432232 secleft=1 sderr=0 dmaerr=0]
[VBLK c=1436474966 STATUS=0 type=0 sec=4432240 secleft=1 sderr=0 dmaerr=0]
[VBLK c=1436911182 STATUS=0 type=0 sec=4432248 secleft=1 sderr=0 dmaerr=0]
[c=1437000000 pc=0000000080282bfc]
[VBLK c=1437347398 STATUS=0 type=0 sec=4432256 secleft=1 sderr=0 dmaerr=0]
[VBLK c=1437783614 STATUS=0 type=0 sec=4432264 secleft=1 sderr=0 dmaerr=0]
[c=1438000000 pc=000000008024cace]
[VBLK c=1438219830 STATUS=0 type=0 sec=4432272 secleft=1 sderr=0 dmaerr=0]
[VBLK c=1438656046 STATUS=0 type=0 sec=4432280 secleft=1 sderr=0 dmaerr=0]
[c=1439000000 pc=000000008036c124]
[VBLK c=1439092262 STATUS=0 type=0 sec=4432288 secleft=1 sderr=0 dmaerr=0]
[VBLK c=1439528478 STATUS=0 type=0 sec=4432296 secleft=1 sderr=0 dmaerr=0]
[VBLK c=1439964694 STATUS=0 type=0 sec=4432304 secleft=1 sderr=0 dmaerr=0]
[c=1440000000 pc=0000000080530914]
[VBLK c=1440400910 STATUS=0 type=0 sec=4432312 secleft=1 sderr=0 dmaerr=0]
[VBLK c=1440837126 STATUS=0 type=0 sec=4432328 secleft=1 sderr=0 dmaerr=0]
[c=1441000000 pc=000000008024cac4]
[VBLK c=1441273342 STATUS=0 type=0 sec=4432336 secleft=1 sderr=0 dmaerr=0]
[VBLK c=1441709558 STATUS=0 type=0 sec=4432344 secleft=1 sderr=0 dmaerr=0]
[c=1442000000 pc=000000008024ca5c]
[VBLK c=1442145774 STATUS=0 type=0 sec=4432352 secleft=1 sderr=0 dmaerr=0]
[VBLK c=1442581990 STATUS=0 type=0 sec=4432360 secleft=1 sderr=0 dmaerr=0]
[c=1443000000 pc=0000000080282c0c]
[VBLK c=1443018206 STATUS=0 type=0 sec=4432368 secleft=1 sderr=0 dmaerr=0]
[VBLK c=1443454422 STATUS=0 type=0 sec=4432376 secleft=1 sderr=0 dmaerr=0]
[VBLK c=1443890638 STATUS=0 type=0 sec=4432384 secleft=1 sderr=0 dmaerr=0]
[c=1444000000 pc=000000008024cb2a]
[VBLK c=1444326854 STATUS=0 type=0 sec=4432320 secleft=1 sderr=0 dmaerr=0]
[c=1445000000 pc=000000008076c124]
[VBLK c=1445935823 STATUS=0 type=0 sec=5134888 secleft=1 sderr=0 dmaerr=0]
[c=1446000000 pc=000000008036b86e]
[c=1447000000 pc=000000008024caf0]
[c=1448000000 pc=000000008064caf0]
[c=1449000000 pc=000000008024cab8]
[c=1450000000 pc=000000008024ca48]
[c=1451000000 pc=0000000080282bfc]
[c=1452000000 pc=000000008076dd60]
[c=1453000000 pc=000000008064caf0]
[c=1454000000 pc=000000008024ca5c]
[c=1455000000 pc=000000008024cad4]
[c=1456000000 pc=0000000080282c8e]
[c=1457000000 pc=00000000802829ac]
[VBLK c=1457131430 STATUS=0 type=0 sec=5134920 secleft=1 sderr=0 dmaerr=0]
[c=1458000000 pc=000000008024cae2]
[VBLK c=1458964422 STATUS=0 type=0 sec=7852032 secleft=1 sderr=0 dmaerr=0]
[c=1459000000 pc=000000008076bc6c]
[c=1460000000 pc=000000008076dd70]
[c=1461000000 pc=000000008024cb2a]
[c=1462000000 pc=00000000802829cc]
[c=1463000000 pc=0000000080282a6a]
[c=1464000000 pc=0000000080274f1c]
[c=1465000000 pc=0000000080274f7c]
[c=1466000000 pc=0000000080276904]
[c=1467000000 pc=00000000802756c6]
[c=1468000000 pc=0000000080279656]
[c=1469000000 pc=000000008024cabe]
[c=1470000000 pc=00000000802756cc]
[c=1471000000 pc=0000000080282dee]
[c=1472000000 pc=000000008036c124]
[c=1473000000 pc=000000008024cab4]
[c=1474000000 pc=000000008024ca6c]
[c=1475000000 pc=0000000080282bfc]
[c=1476000000 pc=0000000080282d7e]
[c=1477000000 pc=000000008029acf0]
[c=1478000000 pc=00000000802756b8]
[c=1479000000 pc=0000000080274f1c]
[c=1480000000 pc=0000000080274f7c]
[c=1481000000 pc=0000000080276908]
[c=1482000000 pc=0000000080282c9a]
[c=1483000000 pc=000000008027965e]
[c=1484000000 pc=0000000080282a42]
[c=1485000000 pc=00000000802756cc]
[c=1486000000 pc=0000000080282d4a]
[c=1487000000 pc=000000008036c124]
[c=1488000000 pc=000000008024cab4]
[c=1489000000 pc=000000008024ca6c]
[c=1490000000 pc=0000000080282c08]
[VBLK c=1490247287 STATUS=0 type=0 sec=7852064 secleft=1 sderr=0 dmaerr=0]
[c=1491000000 pc=0000000080282a08]
[c=1492000000 pc=0000000080274fc2]
[c=1493000000 pc=0000000080274ec8]
[c=1494000000 pc=0000000080282d7e]
[c=1495000000 pc=000000008024ca60]
[c=1496000000 pc=000000008076dd5a]
[c=1497000000 pc=0000000080282cbe]
[c=1498000000 pc=00000000802829ea]
[c=1499000000 pc=0000000080274fc0]
[c=1500000000 pc=00000000802756b4]
[c=1501000000 pc=0000000080282d7a]
[c=1502000000 pc=000000008024ca64]
[c=1503000000 pc=000000008076dd54]
[c=1504000000 pc=0000000080282cba]
[c=1505000000 pc=0000000080282a64]
[c=1506000000 pc=0000000080274fa0]
[VBLK c=1506723519 STATUS=0 type=0 sec=7852760 secleft=1 sderr=0 dmaerr=0]
[c=1507000000 pc=00000000804f2162]
[VBLK c=1507456411 STATUS=0 type=0 sec=4560488 secleft=1 sderr=0 dmaerr=0]
[c=1508000000 pc=0000000080282bf8]
[c=1509000000 pc=0000000080282ee0]
[VBLK c=1509181624 STATUS=0 type=0 sec=12170240 secleft=1 sderr=0 dmaerr=0]
[c=1510000000 pc=000000008076c124]
[c=1511000000 pc=000000008064caf0]
[c=1512000000 pc=000000008076dd6c]
[c=1513000000 pc=0000000080282fac]
[c=1514000000 pc=000000008024cac4]
[c=1515000000 pc=000000008024cada]
[c=1516000000 pc=0000000080282c00]
[c=1517000000 pc=0000000080282d7e]
[c=1518000000 pc=00000000802829cc]
[c=1519000000 pc=00000000802756b8]
[c=1520000000 pc=0000000080274f1c]
[c=1521000000 pc=0000000080274f7c]
[c=1522000000 pc=0000000080276904]
[c=1523000000 pc=0000000080282c9e]
[c=1524000000 pc=000000008027965e]
[c=1525000000 pc=000000008024cabe]
[c=1526000000 pc=00000000802756cc]
[c=1527000000 pc=0000000080282dee]
[c=1528000000 pc=000000008076c124]
[c=1529000000 pc=000000008024cab4]
[c=1530000000 pc=000000008024ca6c]
[c=1531000000 pc=0000000080282bfc]
[c=1532000000 pc=0000000080282d86]
[c=1533000000 pc=000000008029acf0]
[c=1534000000 pc=00000000802756b8]
[c=1535000000 pc=0000000080274f1c]
[c=1536000000 pc=0000000080274fa0]
[c=1537000000 pc=000000008027690e]
[c=1538000000 pc=0000000080282c9a]
[c=1539000000 pc=000000008027965e]
[c=1540000000 pc=000000008024cabe]
[c=1541000000 pc=00000000802756ea]
[c=1542000000 pc=0000000080282d4a]
[c=1543000000 pc=000000008036c124]
[c=1544000000 pc=000000008024cab4]
[c=1545000000 pc=000000008024cabe]
[c=1546000000 pc=0000000080282c08]
[VBLK c=1546181311 STATUS=0 type=0 sec=12170272 secleft=1 sderr=0 dmaerr=0]
[c=1547000000 pc=000000008064caf0]
[c=1548000000 pc=000000008024caca]
[VBLK c=1548057969 STATUS=0 type=0 sec=5082072 secleft=1 sderr=0 dmaerr=0]
[c=1549000000 pc=000000008024ca4c]
[c=1550000000 pc=0000000080282eec]
[c=1551000000 pc=000000008036c124]
[c=1552000000 pc=000000008064caf0]
[c=1553000000 pc=0000000080282fc6]
[c=1554000000 pc=000000008024ca44]
[c=1555000000 pc=0000000080282bfc]
[c=1556000000 pc=0000000080282ee4]
[c=1557000000 pc=000000008036c124]
[VBLK c=1557446910 STATUS=0 type=0 sec=5082104 secleft=1 sderr=0 dmaerr=0]
[c=1558000000 pc=00000000802829f2]
[c=1559000000 pc=0000000080282a1c]
[VBLK c=1559285577 STATUS=0 type=0 sec=5089864 secleft=1 sderr=0 dmaerr=0]
[c=1560000000 pc=000000008036c124]
[VBLK c=1560921027 STATUS=0 type=0 sec=5089896 secleft=1 sderr=0 dmaerr=0]
[c=1561000000 pc=0000000080211ed2]
[VBLK c=1561588026 STATUS=0 type=0 sec=4560216 secleft=1 sderr=0 dmaerr=0]
[c=1562000000 pc=000000008076c128]
[c=1563000000 pc=000000008064caf0]
[VBLK c=1563249767 STATUS=0 type=0 sec=12169216 secleft=1 sderr=0 dmaerr=0]
[c=1564000000 pc=0000000080282c0c]
[c=1565000000 pc=000000008024cae8]
[c=1566000000 pc=000000008024ca5c]
[c=1567000000 pc=000000008024cace]
[c=1568000000 pc=0000000080282c0c]
[c=1569000000 pc=0000000080274fe0]
[c=1570000000 pc=0000000080276950]
[c=1571000000 pc=0000000080279630]
[c=1572000000 pc=0000000080282a20]
[c=1573000000 pc=0000000080282cbe]
[c=1574000000 pc=0000000080282cfc]
[c=1575000000 pc=000000008076dd54]
[c=1576000000 pc=000000008076dd70]
[c=1577000000 pc=000000008024cab8]
[c=1578000000 pc=000000008024ca4c]
[c=1579000000 pc=0000000080282c84]
[c=1580000000 pc=0000000080282994]
[c=1581000000 pc=00000000802829d8]
[c=1582000000 pc=0000000080274ede]
[c=1583000000 pc=000000008027509c]
[c=1584000000 pc=0000000080274ffe]
[c=1585000000 pc=0000000080276950]
[c=1586000000 pc=000000008027962c]
[c=1587000000 pc=0000000080282a20]
[c=1588000000 pc=0000000080282cc4]
[c=1589000000 pc=0000000080282d02]
[c=1590000000 pc=000000008024cae8]
[c=1591000000 pc=000000008076dd70]
[c=1592000000 pc=000000008024ca58]
[c=1593000000 pc=000000008024cace]
[c=1594000000 pc=0000000080282c84]
[c=1595000000 pc=0000000080282994]
[VBLK c=1595670051 STATUS=0 type=0 sec=12169248 secleft=1 sderr=0 dmaerr=0]
[c=1596000000 pc=000000008037d452]
[c=1597000000 pc=000000008076dd5c]
[VBLK c=1597523091 STATUS=0 type=0 sec=5089488 secleft=1 sderr=0 dmaerr=0]
[c=1598000000 pc=000000008024cb2a]
[c=1599000000 pc=000000008076c124]
[c=1600000000 pc=000000008064caf0]
[VBLK c=1600556481 STATUS=0 type=0 sec=5089520 secleft=1 sderr=0 dmaerr=0]
[c=1601000000 pc=000000008024cac6]
[c=1602000000 pc=000000008024cadc]
[VBLK c=1602354190 STATUS=0 type=0 sec=5083312 secleft=1 sderr=0 dmaerr=0]
[c=1603000000 pc=0000000080282fa8]
[c=1604000000 pc=000000008024cabe]
[c=1605000000 pc=000000008024caca]
[c=1606000000 pc=000000008024cade]
[c=1607000000 pc=0000000080282ee0]
[c=1608000000 pc=000000008036c124]
[c=1609000000 pc=000000008076dd6c]
[c=1610000000 pc=0000000080282fac]
[c=1611000000 pc=000000008024cac4]
[c=1612000000 pc=000000008064caf0]
[c=1613000000 pc=0000000080282fc2]
[c=1614000000 pc=000000008024caca]
[c=1615000000 pc=0000000080282bf8]
[c=1616000000 pc=0000000080282ee0]
[c=1617000000 pc=000000008036c124]
[c=1618000000 pc=000000008076dd70]
[c=1619000000 pc=0000000080282fb4]
[VBLK c=1619613985 STATUS=0 type=0 sec=5083344 secleft=1 sderr=0 dmaerr=0]
[c=1620000000 pc=000000008048a8e0]
[VBLK c=1620543091 STATUS=0 type=0 sec=4431376 secleft=1 sderr=0 dmaerr=0]
[VBLK c=1620979302 STATUS=0 type=0 sec=4431384 secleft=1 sderr=0 dmaerr=0]
[c=1621000000 pc=0000000080543d7c]
[VBLK c=1621415518 STATUS=0 type=0 sec=4431392 secleft=1 sderr=0 dmaerr=0]
[VBLK c=1621851734 STATUS=0 type=0 sec=4431400 secleft=1 sderr=0 dmaerr=0]
[c=1622000000 pc=000000008076c138]
[VBLK c=1622288034 STATUS=0 type=0 sec=4431408 secleft=1 sderr=0 dmaerr=0]
[VBLK c=1622724250 STATUS=0 type=0 sec=4431416 secleft=1 sderr=0 dmaerr=0]
[c=1623000000 pc=000000008076dd54]
[VBLK c=1623160550 STATUS=0 type=0 sec=4431424 secleft=1 sderr=0 dmaerr=0]
[VBLK c=1623596766 STATUS=0 type=0 sec=4431432 secleft=1 sderr=0 dmaerr=0]
[c=1624000000 pc=000000008076dd60]
[VBLK c=1624032982 STATUS=0 type=0 sec=4431440 secleft=1 sderr=0 dmaerr=0]
[VBLK c=1624469198 STATUS=0 type=0 sec=4431448 secleft=1 sderr=0 dmaerr=0]
[VBLK c=1624905414 STATUS=0 type=0 sec=4431456 secleft=1 sderr=0 dmaerr=0]
[c=1625000000 pc=000000008076dd6c]
[VBLK c=1625341630 STATUS=0 type=0 sec=4431464 secleft=1 sderr=0 dmaerr=0]
[VBLK c=1625777846 STATUS=0 type=0 sec=4431472 secleft=1 sderr=0 dmaerr=0]
[c=1626000000 pc=0000000080282ee0]
[VBLK c=1626214062 STATUS=0 type=0 sec=4431480 secleft=1 sderr=0 dmaerr=0]
[VBLK c=1626650278 STATUS=0 type=0 sec=4431488 secleft=1 sderr=0 dmaerr=0]
[c=1627000000 pc=000000008024cace]
[VBLK c=1627086494 STATUS=0 type=0 sec=4431496 secleft=1 sderr=0 dmaerr=0]
[VBLK c=1627522710 STATUS=0 type=0 sec=4431504 secleft=1 sderr=0 dmaerr=0]
[VBLK c=1627958926 STATUS=0 type=0 sec=4431512 secleft=1 sderr=0 dmaerr=0]
[c=1628000000 pc=0000000080514d86]
[VBLK c=1628395142 STATUS=0 type=0 sec=4431520 secleft=1 sderr=0 dmaerr=0]
[VBLK c=1628831358 STATUS=0 type=0 sec=4431528 secleft=1 sderr=0 dmaerr=0]
[c=1629000000 pc=000000008036c124]
[VBLK c=1629267574 STATUS=0 type=0 sec=4431536 secleft=1 sderr=0 dmaerr=0]
[VBLK c=1629703790 STATUS=0 type=0 sec=4431544 secleft=1 sderr=0 dmaerr=0]
[c=1630000000 pc=0000000080282bf8]
[VBLK c=1630140006 STATUS=0 type=0 sec=4431552 secleft=1 sderr=0 dmaerr=0]
[VBLK c=1630576222 STATUS=0 type=0 sec=4431560 secleft=1 sderr=0 dmaerr=0]
[c=1631000000 pc=000000008024cae2]
[VBLK c=1631012438 STATUS=0 type=0 sec=4431568 secleft=1 sderr=0 dmaerr=0]
[VBLK c=1631448654 STATUS=0 type=0 sec=4431576 secleft=1 sderr=0 dmaerr=0]
[VBLK c=1631884870 STATUS=0 type=0 sec=4431584 secleft=1 sderr=0 dmaerr=0]
[c=1632000000 pc=000000008076dd5a]
[VBLK c=1632321086 STATUS=0 type=0 sec=4431592 secleft=1 sderr=0 dmaerr=0]
[VBLK c=1632757302 STATUS=0 type=0 sec=4431600 secleft=1 sderr=0 dmaerr=0]
[c=1633000000 pc=000000008024ca44]
[VBLK c=1633193518 STATUS=0 type=0 sec=4431608 secleft=1 sderr=0 dmaerr=0]
[VBLK c=1633629734 STATUS=0 type=0 sec=4431368 secleft=1 sderr=0 dmaerr=0]
[c=1634000000 pc=000000008076dd6c]
[c=1635000000 pc=0000000080282fac]
[VBLK c=1635226247 STATUS=0 type=0 sec=11999232 secleft=1 sderr=0 dmaerr=0]
[c=1636000000 pc=000000008031b3fa]
[c=1637000000 pc=000000008076a6cc]
[c=1638000000 pc=000000008035de1c]
[c=1639000000 pc=000000008035f24e]
[c=1640000000 pc=000000008047d9be]
[c=1641000000 pc=000000008076c134]
[c=1642000000 pc=000000008024cab4]
[c=1643000000 pc=000000008024ca54]
[c=1644000000 pc=0000000080282c00]
[c=1645000000 pc=0000000080282d7e]
[c=1646000000 pc=00000000802829cc]
[c=1647000000 pc=00000000802756b8]
[c=1648000000 pc=0000000080274f1c]
[c=1649000000 pc=0000000080274f7c]
[c=1650000000 pc=0000000080276904]
[c=1651000000 pc=0000000080282c9e]
[c=1652000000 pc=000000008027965e]
[c=1653000000 pc=000000008024cabe]
[c=1654000000 pc=00000000802756cc]
[c=1655000000 pc=0000000080282dee]
[c=1656000000 pc=000000008076c124]
[c=1657000000 pc=000000008024cab4]
[c=1658000000 pc=000000008024ca6c]
[c=1659000000 pc=0000000080282bfc]
[c=1660000000 pc=0000000080282d86]
[c=1661000000 pc=000000008029acf0]
[c=1662000000 pc=00000000802756b8]
[c=1663000000 pc=0000000080274f1c]
[c=1664000000 pc=0000000080274fa0]
[c=1665000000 pc=000000008027690e]
[c=1666000000 pc=0000000080282c9a]
[c=1667000000 pc=000000008027965e]
[c=1668000000 pc=000000008024cabe]
[c=1669000000 pc=00000000802756ea]
[c=1670000000 pc=0000000080282d4a]
[c=1671000000 pc=000000008036c124]
[c=1672000000 pc=000000008024cab4]
[c=1673000000 pc=000000008024cabe]
[c=1674000000 pc=0000000080282c08]
[c=1675000000 pc=0000000080282d80]
[c=1676000000 pc=00000000802829d4]
[c=1677000000 pc=00000000802756bc]
[c=1678000000 pc=0000000080274f2a]
[c=1679000000 pc=0000000080274f80]
[c=1680000000 pc=0000000080276908]
[c=1681000000 pc=0000000080282cb6]
[c=1682000000 pc=000000008027965e]
[c=1683000000 pc=0000000080282d96]
[c=1684000000 pc=00000000802756e6]
[c=1685000000 pc=0000000080282d4a]
[c=1686000000 pc=000000008076c128]
[c=1687000000 pc=000000008024cab4]
[c=1688000000 pc=000000008024cabe]
[c=1689000000 pc=0000000080282c08]
[c=1690000000 pc=0000000080282d88]
[c=1691000000 pc=000000008029acf4]
[VBLK c=1691264732 STATUS=0 type=0 sec=11999784 secleft=1 sderr=0 dmaerr=0]
[c=1692000000 pc=000000008024caf0]
[c=1693000000 pc=000000008024ca5c]
[c=1694000000 pc=000000008024cace]
[c=1695000000 pc=0000000080282c0c]
[c=1696000000 pc=000000008024cae8]
[c=1697000000 pc=000000008029acf4]
[c=1698000000 pc=00000000802756bc]
[c=1699000000 pc=0000000080274f22]
[c=1700000000 pc=0000000080274fa8]
[c=1701000000 pc=0000000080276916]
[c=1702000000 pc=0000000080282c9e]
[c=1703000000 pc=000000008027965e]
[c=1704000000 pc=000000008024cabe]
[c=1705000000 pc=000000008027501a]
[c=1706000000 pc=0000000080282d4e]
[c=1707000000 pc=000000008076c124]
[c=1708000000 pc=000000008024cab4]
[c=1709000000 pc=000000008024cac4]
[c=1710000000 pc=0000000080282c0c]
[c=1711000000 pc=0000000080282d86]
[c=1712000000 pc=000000008029acf0]
[c=1713000000 pc=0000000080274ec8]
[c=1714000000 pc=0000000080274f32]
[c=1715000000 pc=0000000080274fa0]
[c=1716000000 pc=000000008027690e]
[c=1717000000 pc=0000000080282a64]
[c=1718000000 pc=0000000080282a0c]
[c=1719000000 pc=0000000080282d96]
[c=1720000000 pc=00000000802756ea]
[c=1721000000 pc=0000000080282d4e]
[c=1722000000 pc=000000008076c12c]
[c=1723000000 pc=0000000080282fa4]
[c=1724000000 pc=000000008024cabe]
[c=1725000000 pc=0000000080282c08]
[c=1726000000 pc=0000000080282d90]
[c=1727000000 pc=000000008029acf8]
[c=1728000000 pc=00000000802756bc]
[c=1729000000 pc=0000000080274f2a]
[c=1730000000 pc=0000000080274fc0]
[c=1731000000 pc=000000008027691c]
[c=1732000000 pc=0000000080282a64]
[c=1733000000 pc=0000000080282a0c]
[c=1734000000 pc=0000000080282d96]
[c=1735000000 pc=0000000080282cec]
[c=1736000000 pc=0000000080282d6a]
[c=1737000000 pc=000000008076c12c]
[c=1738000000 pc=0000000080282fa4]
[c=1739000000 pc=000000008024cac6]
[c=1740000000 pc=0000000080282c10]
[c=1741000000 pc=0000000080282d90]
[c=1742000000 pc=000000008029acf8]
[c=1743000000 pc=0000000080274ecc]
[c=1744000000 pc=0000000080274f42]
[c=1745000000 pc=0000000080274fc0]
[c=1746000000 pc=0000000080276916]
[c=1747000000 pc=0000000080282a64]
[c=1748000000 pc=0000000080282a78]
[c=1749000000 pc=0000000080282c9e]
[c=1750000000 pc=000000008027501a]
[c=1751000000 pc=0000000080282d6a]
[c=1752000000 pc=000000008076c134]
[c=1753000000 pc=0000000080282fac]
[c=1754000000 pc=000000008024cac6]
[c=1755000000 pc=0000000080282c0c]
[c=1756000000 pc=0000000080282d92]
[c=1757000000 pc=000000008029ad04]
[c=1758000000 pc=0000000080274ecc]
[c=1759000000 pc=0000000080274f32]
[c=1760000000 pc=0000000080274fc2]
[c=1761000000 pc=0000000080276920]
[c=1762000000 pc=0000000080282a6a]
[c=1763000000 pc=0000000080282a12]
[c=1764000000 pc=0000000080282c9a]
[c=1765000000 pc=0000000080282cec]
[c=1766000000 pc=0000000080282d72]
[c=1767000000 pc=000000008076c130]
[c=1768000000 pc=0000000080282fa8]
[c=1769000000 pc=000000008024ca44]
[c=1770000000 pc=000000008024cae2]
[c=1771000000 pc=0000000080282d92]
[c=1772000000 pc=000000008029ad00]
[c=1773000000 pc=0000000080274ed0]
[c=1774000000 pc=0000000080274f4a]
[c=1775000000 pc=0000000080274fc2]
[c=1776000000 pc=0000000080276920]
[c=1777000000 pc=0000000080282a6a]
[c=1778000000 pc=0000000080282a80]
[c=1779000000 pc=0000000080282cb6]
[c=1780000000 pc=0000000080282cec]
[c=1781000000 pc=0000000080282d6e]
[c=1782000000 pc=000000008076c138]
[c=1783000000 pc=0000000080282fb4]
[c=1784000000 pc=000000008024caca]
[c=1785000000 pc=000000008024cae2]
[c=1786000000 pc=000000008028298c]
[c=1787000000 pc=000000008029ad0e]
[c=1788000000 pc=0000000080274ed0]
[c=1789000000 pc=0000000080274f4a]
[c=1790000000 pc=0000000080274fda]
[c=1791000000 pc=0000000080276926]
[c=1792000000 pc=00000000802829ea]
[c=1793000000 pc=0000000080282a78]
[c=1794000000 pc=0000000080282cb6]
[c=1795000000 pc=0000000080282cf6]
[c=1796000000 pc=0000000080282d76]
[c=1797000000 pc=000000008076c134]
[c=1798000000 pc=0000000080282fb4]
[c=1799000000 pc=000000008024ca48]
[c=1800000000 pc=000000008024cae8]
[c=1801000000 pc=0000000080282988]
[c=1802000000 pc=000000008029ad04]
[c=1803000000 pc=0000000080274eda]
[c=1804000000 pc=000000008027508c]
[c=1805000000 pc=0000000080274fda]
[c=1806000000 pc=0000000080276922]
[c=1807000000 pc=00000000802829ea]
[c=1808000000 pc=0000000080282a1c]
[c=1809000000 pc=0000000080282cba]
[c=1810000000 pc=0000000080282cf4]
[c=1811000000 pc=0000000080282d76]
[c=1812000000 pc=000000008076dd68]
[c=1813000000 pc=0000000080282fc2]
[c=1814000000 pc=000000008024ca44]
[c=1815000000 pc=000000008024cae4]
[c=1816000000 pc=0000000080282990]
[c=1817000000 pc=000000008029ad12]
[c=1818000000 pc=0000000080274ed4]
[c=1819000000 pc=0000000080275086]
[c=1820000000 pc=0000000080274fe0]
[c=1821000000 pc=000000008027692c]
[c=1822000000 pc=0000000080282a08]
[c=1823000000 pc=0000000080282a80]
[c=1824000000 pc=0000000080282cba]
[c=1825000000 pc=0000000080282cfc]
[c=1826000000 pc=00000000802756c2]
[c=1827000000 pc=000000008076dd68]
[c=1828000000 pc=0000000080282fc2]
[c=1829000000 pc=000000008024ca4c]
[c=1830000000 pc=0000000080282c80]
[c=1831000000 pc=0000000080282990]
[c=1832000000 pc=000000008029ad12]
[c=1833000000 pc=0000000080274ede]
[c=1834000000 pc=0000000080275090]
[c=1835000000 pc=0000000080274fe0]
[c=1836000000 pc=0000000080276926]
[c=1837000000 pc=00000000802829f2]
[c=1838000000 pc=0000000080282a20]
[c=1839000000 pc=0000000080282cbe]
[c=1840000000 pc=0000000080282cf6]
[c=1841000000 pc=00000000802756c2]
[c=1842000000 pc=000000008076dd70]
[c=1843000000 pc=000000008024cab8]
[c=1844000000 pc=000000008024ca4c]
[c=1845000000 pc=000000008024cae8]
[c=1846000000 pc=0000000080282994]
[c=1847000000 pc=00000000802829d8]
[c=1848000000 pc=0000000080274ede]
[c=1849000000 pc=000000008027508c]
[c=1850000000 pc=0000000080274ff8]
[c=1851000000 pc=000000008027694c]
[c=1852000000 pc=000000008027962c]
[c=1853000000 pc=0000000080282a1c]
[c=1854000000 pc=0000000080282cba]
[c=1855000000 pc=0000000080282cfc]
[c=1856000000 pc=000000008024cae8]
[c=1857000000 pc=000000008076dd6c]
[c=1858000000 pc=0000000080282fc6]
[c=1859000000 pc=000000008024cace]
[c=1860000000 pc=0000000080282c80]
[c=1861000000 pc=0000000080282994]
[c=1862000000 pc=000000008029ad18]
[c=1863000000 pc=0000000080274ee6]
[c=1864000000 pc=0000000080275094]
[c=1865000000 pc=0000000080274ff8]
[c=1866000000 pc=000000008027694c]
[c=1867000000 pc=000000008027962c]
[c=1868000000 pc=0000000080282a28]
[c=1869000000 pc=0000000080282cbe]
[VBLK c=1869884604 STATUS=0 type=0 sec=12000952 secleft=1 sderr=0 dmaerr=0]
[c=1870000000 pc=00000000802123a4]
[c=1871000000 pc=000000008024ca44]
[c=1872000000 pc=0000000080282bf8]
[c=1873000000 pc=0000000080282ee4]
[c=1874000000 pc=000000008036c124]
[c=1875000000 pc=000000008076dd70]
[c=1876000000 pc=0000000080282fb4]
[c=1877000000 pc=000000008024cac6]
[c=1878000000 pc=000000008076dd64]
[c=1879000000 pc=000000008064caf0]
[c=1880000000 pc=000000008024ca6c]
[c=1881000000 pc=0000000080282bf8]
[c=1882000000 pc=0000000080282d7a]
[c=1883000000 pc=00000000802829b8]
[c=1884000000 pc=0000000080282a64]
[c=1885000000 pc=0000000080274f0a]
[c=1886000000 pc=0000000080274f72]
[c=1887000000 pc=00000000802768fc]
[c=1888000000 pc=00000000802756c6]
[c=1889000000 pc=0000000080279656]
[c=1890000000 pc=0000000080282a3e]
[c=1891000000 pc=0000000080282ce4]
[c=1892000000 pc=0000000080282d14]
[c=1893000000 pc=000000008036c124]
[c=1894000000 pc=000000008024caf4]
[c=1895000000 pc=000000008024ca68]
[c=1896000000 pc=000000008024cade]
[c=1897000000 pc=0000000080282d7e]
[c=1898000000 pc=00000000802829c4]
[c=1899000000 pc=0000000080282a64]
[c=1900000000 pc=0000000080274f0a]
[c=1901000000 pc=0000000080274f7c]
[c=1902000000 pc=0000000080276900]
[c=1903000000 pc=00000000802756c2]
[c=1904000000 pc=000000008027964e]
[c=1905000000 pc=0000000080282a3e]
[c=1906000000 pc=0000000080282cf4]
[c=1907000000 pc=0000000080282dea]
[c=1908000000 pc=000000008036c124]
[c=1909000000 pc=000000008024caf4]
[c=1910000000 pc=000000008024ca6c]
[c=1911000000 pc=0000000080282bfc]
[c=1912000000 pc=0000000080282d7a]
[c=1913000000 pc=00000000802829c0]
[c=1914000000 pc=00000000802756b4]
[c=1915000000 pc=0000000080274f14]
[c=1916000000 pc=0000000080274f78]
[c=1917000000 pc=00000000802768fc]
[c=1918000000 pc=0000000080282d96]
[c=1919000000 pc=000000008027965a]
[c=1920000000 pc=0000000080282a3e]
[c=1921000000 pc=0000000080282cec]
[c=1922000000 pc=0000000080282dea]
[c=1923000000 pc=000000008036c124]
[c=1924000000 pc=000000008024caf8]
[c=1925000000 pc=000000008024ca6c]
[c=1926000000 pc=0000000080282bfc]
[c=1927000000 pc=0000000080282d7e]
[c=1928000000 pc=00000000802829cc]
[c=1929000000 pc=0000000080282a6a]
[c=1930000000 pc=0000000080274f10]
[c=1931000000 pc=0000000080274f7c]
[c=1932000000 pc=0000000080276904]
[c=1933000000 pc=0000000080282d96]
[c=1934000000 pc=0000000080279656]
[c=1935000000 pc=0000000080282a3e]
[c=1936000000 pc=00000000802756cc]
[c=1937000000 pc=0000000080282dee]
[c=1938000000 pc=000000008036c124]
[c=1939000000 pc=000000008024caf8]
[c=1940000000 pc=000000008024ca6c]
[c=1941000000 pc=0000000080282bfc]
[c=1942000000 pc=0000000080282d7e]
[c=1943000000 pc=00000000802829cc]
[c=1944000000 pc=00000000802756b8]
[c=1945000000 pc=0000000080274f1c]
[c=1946000000 pc=0000000080274f7c]
[c=1947000000 pc=0000000080276900]
[c=1948000000 pc=0000000080282c9a]
[c=1949000000 pc=000000008027965e]
[c=1950000000 pc=000000008024cabe]
[c=1951000000 pc=00000000802756cc]
[c=1952000000 pc=0000000080282dee]
[c=1953000000 pc=000000008076c124]
[c=1954000000 pc=000000008024cab4]
[c=1955000000 pc=000000008024ca6c]
[c=1956000000 pc=0000000080282bfc]
[c=1957000000 pc=0000000080282d80]
[c=1958000000 pc=000000008029acf0]
[c=1959000000 pc=00000000802756b8]
[c=1960000000 pc=0000000080274f14]
[c=1961000000 pc=0000000080274f80]
[c=1962000000 pc=0000000080276908]
[c=1963000000 pc=0000000080282c9a]
[c=1964000000 pc=000000008027965e]
[c=1965000000 pc=0000000080282a42]
[c=1966000000 pc=00000000802756e6]
[c=1967000000 pc=0000000080282d4a]
[c=1968000000 pc=000000008036c124]
[c=1969000000 pc=000000008024cab4]
[c=1970000000 pc=000000008024cabe]
[c=1971000000 pc=0000000080282c08]
[c=1972000000 pc=0000000080282d80]
[c=1973000000 pc=00000000802829d4]
[VBLK c=1973534836 STATUS=0 type=0 sec=12005048 secleft=1 sderr=0 dmaerr=0]
[c=1974000000 pc=0000000080274fa8]
[c=1975000000 pc=0000000080276920]
[c=1976000000 pc=0000000080282a6a]
[c=1977000000 pc=0000000080282a12]
[c=1978000000 pc=0000000080282c9a]
[c=1979000000 pc=000000008027501a]
[c=1980000000 pc=0000000080282d6e]
[c=1981000000 pc=000000008076c130]
[c=1982000000 pc=0000000080282fa8]
[c=1983000000 pc=000000008024cac4]
[c=1984000000 pc=000000008024cae2]
[c=1985000000 pc=0000000080282d92]
[c=1986000000 pc=000000008029ad00]
[c=1987000000 pc=0000000080274ec8]
[c=1988000000 pc=0000000080274f4a]
[c=1989000000 pc=0000000080274fc2]
[c=1990000000 pc=000000008027691c]
[c=1991000000 pc=0000000080282a64]
[c=1992000000 pc=0000000080282a0c]
[c=1993000000 pc=0000000080282cb6]
[c=1994000000 pc=0000000080282cec]
[c=1995000000 pc=0000000080282d6e]
[c=1996000000 pc=000000008076c12c]
[c=1997000000 pc=0000000080282fb4]
[c=1998000000 pc=000000008024caca]
[VBLK c=1998031076 STATUS=0 type=0 sec=11769856 secleft=1 sderr=0 dmaerr=0]
[c=1999000000 pc=000000008024ca4c]
[VBLK c=1999956703 STATUS=0 type=0 sec=5046760 secleft=1 sderr=0 dmaerr=0]
[c=2000000000 pc=0000000080358e7a]
[c=2001000000 pc=000000008024cade]
[c=2002000000 pc=000000008064caf0]
[c=2003000000 pc=000000008024ca54]
[VBLK c=2003719329 STATUS=0 type=0 sec=5046792 secleft=1 sderr=0 dmaerr=0]
[c=2004000000 pc=00000000803c9f74]
[VBLK c=2004636190 STATUS=0 type=0 sec=4430592 secleft=1 sderr=0 dmaerr=0]
[c=2005000000 pc=000000008024caf0]
[VBLK c=2005072401 STATUS=0 type=0 sec=4430600 secleft=1 sderr=0 dmaerr=0]
[VBLK c=2005508617 STATUS=0 type=0 sec=4430608 secleft=1 sderr=0 dmaerr=0]
[VBLK c=2005944833 STATUS=0 type=0 sec=4430616 secleft=1 sderr=0 dmaerr=0]
[c=2006000000 pc=00000000802484c4]
[VBLK c=2006381049 STATUS=0 type=0 sec=4430624 secleft=1 sderr=0 dmaerr=0]
[VBLK c=2006817265 STATUS=0 type=0 sec=4430632 secleft=1 sderr=0 dmaerr=0]
[c=2007000000 pc=000000008024cae2]
[VBLK c=2007253481 STATUS=0 type=0 sec=4430640 secleft=1 sderr=0 dmaerr=0]
[VBLK c=2007689697 STATUS=0 type=0 sec=4430656 secleft=1 sderr=0 dmaerr=0]
[c=2008000000 pc=000000008024cadc]
[VBLK c=2008125913 STATUS=0 type=0 sec=4430664 secleft=1 sderr=0 dmaerr=0]
[VBLK c=2008562129 STATUS=0 type=0 sec=4430672 secleft=1 sderr=0 dmaerr=0]
[VBLK c=2008998345 STATUS=0 type=0 sec=4430680 secleft=1 sderr=0 dmaerr=0]
[c=2009000000 pc=0000000080267704]
[VBLK c=2009434561 STATUS=0 type=0 sec=4430688 secleft=1 sderr=0 dmaerr=0]
[VBLK c=2009870777 STATUS=0 type=0 sec=4430696 secleft=1 sderr=0 dmaerr=0]
[c=2010000000 pc=000000008064caf0]
[VBLK c=2010306993 STATUS=0 type=0 sec=4430704 secleft=1 sderr=0 dmaerr=0]
[VBLK c=2010743209 STATUS=0 type=0 sec=4430712 secleft=1 sderr=0 dmaerr=0]
[c=2011000000 pc=000000008076dd68]
[VBLK c=2011179425 STATUS=0 type=0 sec=4430720 secleft=1 sderr=0 dmaerr=0]
[VBLK c=2011615641 STATUS=0 type=0 sec=4430728 secleft=1 sderr=0 dmaerr=0]
[c=2012000000 pc=000000008024cb2a]
[VBLK c=2012051857 STATUS=0 type=0 sec=4430736 secleft=1 sderr=0 dmaerr=0]
[VBLK c=2012488073 STATUS=0 type=0 sec=4430744 secleft=1 sderr=0 dmaerr=0]
[VBLK c=2012924289 STATUS=0 type=0 sec=4430752 secleft=1 sderr=0 dmaerr=0]
[c=2013000000 pc=000000008023ade8]
[VBLK c=2013360505 STATUS=0 type=0 sec=4430760 secleft=1 sderr=0 dmaerr=0]
[VBLK c=2013796721 STATUS=0 type=0 sec=4430768 secleft=1 sderr=0 dmaerr=0]
[c=2014000000 pc=000000008024cace]
[VBLK c=2014232937 STATUS=0 type=0 sec=4430776 secleft=1 sderr=0 dmaerr=0]
[VBLK c=2014669153 STATUS=0 type=0 sec=4430784 secleft=1 sderr=0 dmaerr=0]
[c=2015000000 pc=0000000080282c0c]
[VBLK c=2015105453 STATUS=0 type=0 sec=4430792 secleft=1 sderr=0 dmaerr=0]
[VBLK c=2015541753 STATUS=0 type=0 sec=4430800 secleft=1 sderr=0 dmaerr=0]
[VBLK c=2015977969 STATUS=0 type=0 sec=4430808 secleft=1 sderr=0 dmaerr=0]
[c=2016000000 pc=0000000080762c76]
[VBLK c=2016414185 STATUS=0 type=0 sec=4430816 secleft=1 sderr=0 dmaerr=0]
[VBLK c=2016850401 STATUS=0 type=0 sec=4430824 secleft=1 sderr=0 dmaerr=0]
[c=2017000000 pc=000000008076c134]
[VBLK c=2017286617 STATUS=0 type=0 sec=4430832 secleft=1 sderr=0 dmaerr=0]
[VBLK c=2017722833 STATUS=0 type=0 sec=4430840 secleft=1 sderr=0 dmaerr=0]
[c=2018000000 pc=000000008024cae8]
[VBLK c=2018159049 STATUS=0 type=0 sec=4430848 secleft=1 sderr=0 dmaerr=0]
[VBLK c=2018595265 STATUS=0 type=0 sec=4430648 secleft=1 sderr=0 dmaerr=0]
[c=2019000000 pc=000000008036c124]
[VBLK c=2019280315 STATUS=0 type=0 sec=4430352 secleft=1 sderr=0 dmaerr=0]
[VBLK c=2019716531 STATUS=0 type=0 sec=4430360 secleft=1 sderr=0 dmaerr=0]
[c=2020000000 pc=000000008036c124]
[VBLK c=2020152831 STATUS=0 type=0 sec=4430368 secleft=1 sderr=0 dmaerr=0]
[VBLK c=2020589131 STATUS=0 type=0 sec=4430376 secleft=1 sderr=0 dmaerr=0]
[c=2021000000 pc=0000000080282eec]
[VBLK c=2021025431 STATUS=0 type=0 sec=4430384 secleft=1 sderr=0 dmaerr=0]
[VBLK c=2021461647 STATUS=0 type=0 sec=4430392 secleft=1 sderr=0 dmaerr=0]
[VBLK c=2021897863 STATUS=0 type=0 sec=4430400 secleft=1 sderr=0 dmaerr=0]
[c=2022000000 pc=0000000080282bfc]
[VBLK c=2022334163 STATUS=0 type=0 sec=4430408 secleft=1 sderr=0 dmaerr=0]
[VBLK c=2022770379 STATUS=0 type=0 sec=4430416 secleft=1 sderr=0 dmaerr=0]
[c=2023000000 pc=0000000080282fc6]
[VBLK c=2023206679 STATUS=0 type=0 sec=4430424 secleft=1 sderr=0 dmaerr=0]
[VBLK c=2023642895 STATUS=0 type=0 sec=4430432 secleft=1 sderr=0 dmaerr=0]
[c=2024000000 pc=0000000080282fa4]
[VBLK c=2024079111 STATUS=0 type=0 sec=4430440 secleft=1 sderr=0 dmaerr=0]
[VBLK c=2024515327 STATUS=0 type=0 sec=4430448 secleft=1 sderr=0 dmaerr=0]
[VBLK c=2024951543 STATUS=0 type=0 sec=4430456 secleft=1 sderr=0 dmaerr=0]
[c=2025000000 pc=00000000802447c4]
[VBLK c=2025387759 STATUS=0 type=0 sec=4430464 secleft=1 sderr=0 dmaerr=0]
[VBLK c=2025823975 STATUS=0 type=0 sec=4430472 secleft=1 sderr=0 dmaerr=0]
[c=2026000000 pc=000000008024cace]
[VBLK c=2026260191 STATUS=0 type=0 sec=4430480 secleft=1 sderr=0 dmaerr=0]
[VBLK c=2026696407 STATUS=0 type=0 sec=4430488 secleft=1 sderr=0 dmaerr=0]
[c=2027000000 pc=0000000080282fa8]
[VBLK c=2027132623 STATUS=0 type=0 sec=4430496 secleft=1 sderr=0 dmaerr=0]
[VBLK c=2027568839 STATUS=0 type=0 sec=4430504 secleft=1 sderr=0 dmaerr=0]
[c=2028000000 pc=000000008024cae8]
[VBLK c=2028005055 STATUS=0 type=0 sec=4430512 secleft=1 sderr=0 dmaerr=0]
[VBLK c=2028441271 STATUS=0 type=0 sec=4430520 secleft=1 sderr=0 dmaerr=0]
[VBLK c=2028877487 STATUS=0 type=0 sec=4430528 secleft=1 sderr=0 dmaerr=0]
[c=2029000000 pc=000000008076c12c]
[VBLK c=2029313703 STATUS=0 type=0 sec=4430536 secleft=1 sderr=0 dmaerr=0]
[VBLK c=2029749919 STATUS=0 type=0 sec=4430544 secleft=1 sderr=0 dmaerr=0]
[c=2030000000 pc=000000008076dd64]
[VBLK c=2030186135 STATUS=0 type=0 sec=4430552 secleft=1 sderr=0 dmaerr=0]
[VBLK c=2030622351 STATUS=0 type=0 sec=4430560 secleft=1 sderr=0 dmaerr=0]
[c=2031000000 pc=000000008024ca4c]
[VBLK c=2031058651 STATUS=0 type=0 sec=4430568 secleft=1 sderr=0 dmaerr=0]
[VBLK c=2031494867 STATUS=0 type=0 sec=4430576 secleft=1 sderr=0 dmaerr=0]
[VBLK c=2031931083 STATUS=0 type=0 sec=4430584 secleft=1 sderr=0 dmaerr=0]
[c=2032000000 pc=000000008024ca4c]
[VBLK c=2032367299 STATUS=0 type=0 sec=4430344 secleft=1 sderr=0 dmaerr=0]
[c=2033000000 pc=000000008024ca60]
[VBLK c=2033945407 STATUS=0 type=0 sec=17825792 secleft=1 sderr=0 dmaerr=0]
[c=2034000000 pc=000000008076bc6c]
[c=2035000000 pc=0000000080282fa8]
[c=2036000000 pc=000000008024cab8]
[c=2037000000 pc=000000008024ca48]
[c=2038000000 pc=000000008024caf4]
[c=2039000000 pc=000000008024ca68]
[c=2040000000 pc=000000008024cade]
[c=2041000000 pc=0000000080282d7a]
[c=2042000000 pc=00000000802829c4]
[c=2043000000 pc=0000000080282a64]
[c=2044000000 pc=0000000080274f08]
[c=2045000000 pc=0000000080274f78]
[c=2046000000 pc=00000000802768fc]
[c=2047000000 pc=00000000802756c2]
[c=2048000000 pc=000000008027964e]
[c=2049000000 pc=0000000080282a36]
[c=2050000000 pc=0000000080282cec]
[c=2051000000 pc=0000000080282dea]
[c=2052000000 pc=000000008036c124]
[c=2053000000 pc=000000008024caf0]
[c=2054000000 pc=000000008024ca6c]
[c=2055000000 pc=0000000080282bfc]
[c=2056000000 pc=0000000080282d7a]
[c=2057000000 pc=00000000802829c0]
[c=2058000000 pc=0000000080282a6a]
[c=2059000000 pc=0000000080274f10]
[c=2060000000 pc=0000000080274f78]
[c=2061000000 pc=00000000802768fc]
[c=2062000000 pc=0000000080282d96]
[c=2063000000 pc=000000008027965a]
[c=2064000000 pc=0000000080282a3e]
[c=2065000000 pc=0000000080282cec]
[c=2066000000 pc=0000000080282de6]
[c=2067000000 pc=000000008036c124]
[c=2068000000 pc=000000008024caf8]
[c=2069000000 pc=000000008024ca6c]
[c=2070000000 pc=0000000080282bf8]
[c=2071000000 pc=0000000080282d7e]
[c=2072000000 pc=00000000802829cc]
[c=2073000000 pc=0000000080282a6a]
[c=2074000000 pc=0000000080274f10]
[c=2075000000 pc=0000000080274f7c]
[c=2076000000 pc=0000000080276904]
[c=2077000000 pc=00000000802756c6]
[c=2078000000 pc=0000000080279656]
[c=2079000000 pc=0000000080282a3e]
[c=2080000000 pc=00000000802756cc]
[c=2081000000 pc=0000000080282dee]
[c=2082000000 pc=000000008036c124]
[c=2083000000 pc=000000008024caf8]
[c=2084000000 pc=000000008024ca6c]
[c=2085000000 pc=0000000080282bfc]
[VBLK c=2085470829 STATUS=0 type=0 sec=17825824 secleft=1 sderr=0 dmaerr=0]
[c=2086000000 pc=000000008076c130]
[c=2087000000 pc=000000008024caf4]
[VBLK c=2087395815 STATUS=0 type=0 sec=5089424 secleft=1 sderr=0 dmaerr=0]
[c=2088000000 pc=000000008024cac4]
[VBLK c=2088325194 STATUS=0 type=0 sec=5089456 secleft=1 sderr=0 dmaerr=0]
[c=2089000000 pc=000000008076c124]
[VBLK c=2089022393 STATUS=0 type=0 sec=7141360 secleft=1 sderr=0 dmaerr=0]
[c=2090000000 pc=000000008024cace]
[VBLK c=2090712423 STATUS=0 type=0 sec=5136208 secleft=1 sderr=0 dmaerr=0]
[c=2091000000 pc=000000008024394c]
[c=2092000000 pc=0000000080282a08]
[c=2093000000 pc=0000000080282a80]
[c=2094000000 pc=0000000080282cba]
[c=2095000000 pc=0000000080282cf4]
[c=2096000000 pc=00000000802756c2]
[c=2097000000 pc=000000008076dd68]
[c=2098000000 pc=0000000080282fc2]
[VBLK c=2098036219 STATUS=0 type=0 sec=5136240 secleft=1 sderr=0 dmaerr=0]
[c=2099000000 pc=000000008036c124]
[VBLK c=2099897764 STATUS=0 type=0 sec=5152064 secleft=1 sderr=0 dmaerr=0]
[c=2100000000 pc=000000008034109a]
[c=2101000000 pc=000000008076a762]
[c=2102000000 pc=000000008027963c]
[c=2103000000 pc=0000000080282a36]
[c=2104000000 pc=0000000080282cd4]
[c=2105000000 pc=0000000080282d0e]
[c=2106000000 pc=000000008076dd60]
[c=2107000000 pc=000000008024caf0]
[c=2108000000 pc=000000008024ca64]
[c=2109000000 pc=000000008024cadc]
[c=2110000000 pc=0000000080282c8e]
[c=2111000000 pc=00000000802829b8]
[c=2112000000 pc=0000000080282a60]
[c=2113000000 pc=0000000080274f00]
[c=2114000000 pc=00000000802750b0]
[c=2115000000 pc=00000000802768fc]
[c=2116000000 pc=0000000080275066]
[c=2117000000 pc=000000008027964a]
[c=2118000000 pc=0000000080282a36]
[c=2119000000 pc=0000000080282cd4]
[c=2120000000 pc=0000000080282de6]
[c=2121000000 pc=000000008076dd64]
[c=2122000000 pc=000000008064caf0]
[c=2123000000 pc=000000008024ca60]
[c=2124000000 pc=0000000080282bf8]
[c=2125000000 pc=0000000080282d7a]
[c=2126000000 pc=00000000802829b8]
[c=2127000000 pc=0000000080282a5c]
[c=2128000000 pc=0000000080274f0a]
[c=2129000000 pc=0000000080274f72]
[c=2130000000 pc=00000000802768fc]
[c=2131000000 pc=0000000080275062]
[c=2132000000 pc=0000000080279644]
[c=2133000000 pc=0000000080282a3e]
[c=2134000000 pc=0000000080282ce4]
[c=2135000000 pc=0000000080282d14]
[c=2136000000 pc=000000008076dd64]
[c=2137000000 pc=000000008024caf4]
[c=2138000000 pc=000000008024ca68]
[c=2139000000 pc=000000008024cade]
[c=2140000000 pc=0000000080282c94]
[c=2141000000 pc=00000000802829c4]
[c=2142000000 pc=0000000080282a64]
[c=2143000000 pc=0000000080274f0a]
[c=2144000000 pc=0000000080274f6c]
[c=2145000000 pc=00000000802768fc]
[c=2146000000 pc=00000000802756c2]
[c=2147000000 pc=000000008027964e]
[c=2148000000 pc=0000000080282a36]
[c=2149000000 pc=0000000080282cdc]
[c=2150000000 pc=0000000080282dea]
[c=2151000000 pc=000000008036c124]
[c=2152000000 pc=000000008024caf0]
[c=2153000000 pc=000000008024ca68]
[c=2154000000 pc=0000000080282bfc]
[c=2155000000 pc=0000000080282d7a]
[c=2156000000 pc=00000000802829c0]
[c=2157000000 pc=0000000080282a60]
[c=2158000000 pc=0000000080274f10]
[c=2159000000 pc=0000000080274f78]
[c=2160000000 pc=00000000802768fc]
[c=2161000000 pc=00000000802756c2]
[c=2162000000 pc=000000008027964e]
[c=2163000000 pc=0000000080282a3e]
[c=2164000000 pc=0000000080282cec]
[c=2165000000 pc=0000000080282de6]
[c=2166000000 pc=000000008036c124]
[c=2167000000 pc=000000008024caf8]
[c=2168000000 pc=000000008024ca6c]
[c=2169000000 pc=0000000080282bf8]
[c=2170000000 pc=0000000080282d7a]
[c=2171000000 pc=00000000802829cc]
[c=2172000000 pc=0000000080282a6a]
[c=2173000000 pc=0000000080274f10]
[VBLK c=2173760844 STATUS=0 type=0 sec=5152096 secleft=1 sderr=0 dmaerr=0]
[c=2174000000 pc=0000000080211ed2]
[c=2175000000 pc=000000008007256a]
[c=2176000000 pc=000000008076acc2]
[c=2177000000 pc=0000000080075e4a]
[c=2178000000 pc=000000008037d5ae]
[c=2179000000 pc=000000008076b9d0]
[c=2180000000 pc=0000000080211ed2]
[c=2181000000 pc=000000008024ca5c]
[c=2182000000 pc=000000008024cace]
[c=2183000000 pc=000000008076dd60]
[c=2184000000 pc=000000008076c138]
[c=2185000000 pc=0000000080282fa4]
[c=2186000000 pc=000000008024cabe]
[c=2187000000 pc=000000008024cad4]
[c=2188000000 pc=000000008024cade]
[c=2189000000 pc=0000000080282c94]
[c=2190000000 pc=00000000802829b2]
[c=2191000000 pc=0000000080282a60]
[c=2192000000 pc=0000000080274f08]
[c=2193000000 pc=0000000080274f6c]
[c=2194000000 pc=0000000080275016]
[c=2195000000 pc=00000000802756c2]
[c=2196000000 pc=000000008027964e]
[c=2197000000 pc=0000000080282a36]
[c=2198000000 pc=0000000080282cdc]
[c=2199000000 pc=0000000080282d0e]
[VBLK c=2199029752 STATUS=0 type=0 sec=11999264 secleft=1 sderr=0 dmaerr=0]
[c=2200000000 pc=000000008007255c]
[c=2201000000 pc=0000000080075eaa]
[c=2202000000 pc=0000000082222bfe]
[c=2203000000 pc=000000008007257a]
[c=2204000000 pc=000000008037d5d6]
[c=2205000000 pc=0000000080211ed2]
[c=2206000000 pc=0000000080072ebe]
[c=2207000000 pc=0000000080072740]
[c=2208000000 pc=000000008076b9bc]
[c=2209000000 pc=0000000080340fe8]
[c=2210000000 pc=0000000080075e4a]
[c=2211000000 pc=000000008007241a]
[c=2212000000 pc=0000000082222ce8]
[c=2213000000 pc=0000000082222c16]
[c=2214000000 pc=0000000080072504]
[c=2215000000 pc=000000008037a6e0]
[c=2216000000 pc=0000000080282ee0]
[VBLK c=2216036152 STATUS=0 type=0 sec=4558024 secleft=1 sderr=0 dmaerr=0]
[c=2217000000 pc=000000008076dd54]
[VBLK c=2217166065 STATUS=0 type=0 sec=4558072 secleft=1 sderr=0 dmaerr=0]
[c=2218000000 pc=0000000080282fb4]
[VBLK c=2218225846 STATUS=0 type=0 sec=238104 secleft=1 sderr=0 dmaerr=0]
[VBLK c=2218662057 STATUS=0 type=0 sec=238112 secleft=1 sderr=0 dmaerr=0]
[c=2219000000 pc=000000008024cb2a]
[VBLK c=2219098273 STATUS=0 type=0 sec=238120 secleft=1 sderr=0 dmaerr=0]
[VBLK c=2219534489 STATUS=0 type=0 sec=238128 secleft=1 sderr=0 dmaerr=0]
[VBLK c=2219970705 STATUS=0 type=0 sec=238136 secleft=1 sderr=0 dmaerr=0]
[c=2220000000 pc=0000000080228bac]
[VBLK c=2220406921 STATUS=0 type=0 sec=238144 secleft=1 sderr=0 dmaerr=0]
[VBLK c=2220843137 STATUS=0 type=0 sec=238152 secleft=1 sderr=0 dmaerr=0]
[c=2221000000 pc=000000008024cab4]
[VBLK c=2221279353 STATUS=0 type=0 sec=238160 secleft=1 sderr=0 dmaerr=0]
[VBLK c=2221715569 STATUS=0 type=0 sec=238168 secleft=1 sderr=0 dmaerr=0]
[c=2222000000 pc=0000000080282ed8]
[VBLK c=2222151785 STATUS=0 type=0 sec=238176 secleft=1 sderr=0 dmaerr=0]
[VBLK c=2222588001 STATUS=0 type=0 sec=238184 secleft=1 sderr=0 dmaerr=0]
[c=2223000000 pc=000000008024cac4]
[VBLK c=2223024217 STATUS=0 type=0 sec=238192 secleft=1 sderr=0 dmaerr=0]
[VBLK c=2223460433 STATUS=0 type=0 sec=238200 secleft=1 sderr=0 dmaerr=0]
[VBLK c=2223896649 STATUS=0 type=0 sec=238208 secleft=1 sderr=0 dmaerr=0]
[c=2224000000 pc=000000008024ca4c]
[VBLK c=2224332865 STATUS=0 type=0 sec=238216 secleft=1 sderr=0 dmaerr=0]
[VBLK c=2224769081 STATUS=0 type=0 sec=238224 secleft=1 sderr=0 dmaerr=0]
[c=2225000000 pc=000000008076c12c]
[VBLK c=2225205297 STATUS=0 type=0 sec=238232 secleft=1 sderr=0 dmaerr=0]
[VBLK c=2225641513 STATUS=0 type=0 sec=238240 secleft=1 sderr=0 dmaerr=0]
[c=2226000000 pc=000000008036c124]
[VBLK c=2226077729 STATUS=0 type=0 sec=238248 secleft=1 sderr=0 dmaerr=0]
[VBLK c=2226513945 STATUS=0 type=0 sec=238256 secleft=1 sderr=0 dmaerr=0]
[VBLK c=2226950161 STATUS=0 type=0 sec=238264 secleft=1 sderr=0 dmaerr=0]
[c=2227000000 pc=0000000080491bd2]
[VBLK c=2227386377 STATUS=0 type=0 sec=238272 secleft=1 sderr=0 dmaerr=0]
[VBLK c=2227822593 STATUS=0 type=0 sec=238280 secleft=1 sderr=0 dmaerr=0]
[c=2228000000 pc=000000008036c124]
[VBLK c=2228258809 STATUS=0 type=0 sec=238288 secleft=1 sderr=0 dmaerr=0]
[VBLK c=2228695025 STATUS=0 type=0 sec=238296 secleft=1 sderr=0 dmaerr=0]
[c=2229000000 pc=0000000080282eec]
[VBLK c=2229131241 STATUS=0 type=0 sec=238304 secleft=1 sderr=0 dmaerr=0]
[VBLK c=2229567457 STATUS=0 type=0 sec=238312 secleft=1 sderr=0 dmaerr=0]
[c=2230000000 pc=0000000080282a3e]
[VBLK c=2230003673 STATUS=0 type=0 sec=238320 secleft=1 sderr=0 dmaerr=0]
[VBLK c=2230439889 STATUS=0 type=0 sec=238328 secleft=1 sderr=0 dmaerr=0]
[VBLK c=2230876105 STATUS=0 type=0 sec=238336 secleft=1 sderr=0 dmaerr=0]
[c=2231000000 pc=0000000080282ee0]
[VBLK c=2231312321 STATUS=0 type=0 sec=238096 secleft=1 sderr=0 dmaerr=0]
[VBLK c=2231821675 STATUS=0 type=0 sec=368568 secleft=1 sderr=0 dmaerr=0]
[c=2232000000 pc=0000000080211ed2]
[c=2233000000 pc=0000000080211ed2]
[VBLK c=2233636464 STATUS=0 type=0 sec=4558048 secleft=1 sderr=0 dmaerr=0]
[c=2234000000 pc=00000000803a291e]
[c=2235000000 pc=0000000080211ed2]
[c=2236000000 pc=0000000080310e22]
[c=2237000000 pc=000000008030f722]
[VBLK c=2237919060 STATUS=0 type=0 sec=7387112 secleft=1 sderr=0 dmaerr=0]
[c=2238000000 pc=00000000804d0d44]
[VBLK c=2238511971 STATUS=0 type=0 sec=7387120 secleft=1 sderr=0 dmaerr=0]
[c=2239000000 pc=000000008024cac6]
[VBLK c=2239275924 STATUS=0 type=0 sec=239872 secleft=1 sderr=0 dmaerr=0]
[VBLK c=2239712135 STATUS=0 type=0 sec=239880 secleft=1 sderr=0 dmaerr=0]
[c=2240000000 pc=0000000080282eec]
[VBLK c=2240148351 STATUS=0 type=0 sec=239888 secleft=1 sderr=0 dmaerr=0]
[VBLK c=2240584567 STATUS=0 type=0 sec=239896 secleft=1 sderr=0 dmaerr=0]
[c=2241000000 pc=000000008076dd64]
[VBLK c=2241020783 STATUS=0 type=0 sec=239904 secleft=1 sderr=0 dmaerr=0]
[VBLK c=2241456999 STATUS=0 type=0 sec=239912 secleft=1 sderr=0 dmaerr=0]
[VBLK c=2241893215 STATUS=0 type=0 sec=239920 secleft=1 sderr=0 dmaerr=0]
[c=2242000000 pc=000000008024ca54]
[VBLK c=2242329431 STATUS=0 type=0 sec=239928 secleft=1 sderr=0 dmaerr=0]
[VBLK c=2242765647 STATUS=0 type=0 sec=239936 secleft=1 sderr=0 dmaerr=0]
[c=2243000000 pc=000000008024ca50]
[VBLK c=2243201947 STATUS=0 type=0 sec=239944 secleft=1 sderr=0 dmaerr=0]
[VBLK c=2243638163 STATUS=0 type=0 sec=239952 secleft=1 sderr=0 dmaerr=0]
[c=2244000000 pc=000000008076c134]
[VBLK c=2244074379 STATUS=0 type=0 sec=239960 secleft=1 sderr=0 dmaerr=0]
[VBLK c=2244510595 STATUS=0 type=0 sec=239968 secleft=1 sderr=0 dmaerr=0]
[VBLK c=2244946811 STATUS=0 type=0 sec=239976 secleft=1 sderr=0 dmaerr=0]
[c=2245000000 pc=00000000804f2252]
[VBLK c=2245383027 STATUS=0 type=0 sec=239984 secleft=1 sderr=0 dmaerr=0]
[VBLK c=2245819243 STATUS=0 type=0 sec=239992 secleft=1 sderr=0 dmaerr=0]
[c=2246000000 pc=000000008064caf0]
[VBLK c=2246255459 STATUS=0 type=0 sec=240000 secleft=1 sderr=0 dmaerr=0]
[VBLK c=2246691675 STATUS=0 type=0 sec=240008 secleft=1 sderr=0 dmaerr=0]
[c=2247000000 pc=000000008024caf0]
[VBLK c=2247127891 STATUS=0 type=0 sec=240016 secleft=1 sderr=0 dmaerr=0]
[VBLK c=2247564107 STATUS=0 type=0 sec=240024 secleft=1 sderr=0 dmaerr=0]
[c=2248000000 pc=000000008076c134]
[VBLK c=2248000323 STATUS=0 type=0 sec=240032 secleft=1 sderr=0 dmaerr=0]
[VBLK c=2248436539 STATUS=0 type=0 sec=240040 secleft=1 sderr=0 dmaerr=0]
[VBLK c=2248872755 STATUS=0 type=0 sec=240048 secleft=1 sderr=0 dmaerr=0]
[c=2249000000 pc=000000008024cabe]
[VBLK c=2249308971 STATUS=0 type=0 sec=240056 secleft=1 sderr=0 dmaerr=0]
[VBLK c=2249745187 STATUS=0 type=0 sec=240064 secleft=1 sderr=0 dmaerr=0]
[c=2250000000 pc=0000000080282ee4]
[VBLK c=2250181403 STATUS=0 type=0 sec=240072 secleft=1 sderr=0 dmaerr=0]
[VBLK c=2250617619 STATUS=0 type=0 sec=240088 secleft=1 sderr=0 dmaerr=0]
[c=2251000000 pc=0000000080282fc6]
[VBLK c=2251053835 STATUS=0 type=0 sec=240096 secleft=1 sderr=0 dmaerr=0]
[VBLK c=2251490051 STATUS=0 type=0 sec=240104 secleft=1 sderr=0 dmaerr=0]
[VBLK c=2251926267 STATUS=0 type=0 sec=240112 secleft=1 sderr=0 dmaerr=0]
[c=2252000000 pc=000000008036c124]
[VBLK c=2252362483 STATUS=0 type=0 sec=240120 secleft=1 sderr=0 dmaerr=0]
[VBLK c=2252798699 STATUS=0 type=0 sec=240128 secleft=1 sderr=0 dmaerr=0]
[c=2253000000 pc=000000008076c12c]
[VBLK c=2253234915 STATUS=0 type=0 sec=240080 secleft=1 sderr=0 dmaerr=0]
[VBLK c=2253744608 STATUS=0 type=0 sec=7537264 secleft=1 sderr=0 dmaerr=0]
[c=2254000000 pc=0000000080482abc]
[VBLK c=2254473051 STATUS=0 type=0 sec=240136 secleft=1 sderr=0 dmaerr=0]
[VBLK c=2254909267 STATUS=0 type=0 sec=240144 secleft=1 sderr=0 dmaerr=0]
[c=2255000000 pc=000000008076dd6c]
[VBLK c=2255345483 STATUS=0 type=0 sec=240152 secleft=1 sderr=0 dmaerr=0]
[VBLK c=2255781699 STATUS=0 type=0 sec=240160 secleft=1 sderr=0 dmaerr=0]
[c=2256000000 pc=0000000080282c00]
[VBLK c=2256217915 STATUS=0 type=0 sec=240168 secleft=1 sderr=0 dmaerr=0]
[VBLK c=2256654131 STATUS=0 type=0 sec=240176 secleft=1 sderr=0 dmaerr=0]
[c=2257000000 pc=000000008024cb2a]
[VBLK c=2257090347 STATUS=0 type=0 sec=240184 secleft=1 sderr=0 dmaerr=0]
[VBLK c=2257526563 STATUS=0 type=0 sec=240192 secleft=1 sderr=0 dmaerr=0]
[VBLK c=2257962779 STATUS=0 type=0 sec=240200 secleft=1 sderr=0 dmaerr=0]
[c=2258000000 pc=00000000802712b0]
[VBLK c=2258398995 STATUS=0 type=0 sec=240208 secleft=1 sderr=0 dmaerr=0]
[VBLK c=2258835211 STATUS=0 type=0 sec=240216 secleft=1 sderr=0 dmaerr=0]
[c=2259000000 pc=000000008024ca48]
[VBLK c=2259271427 STATUS=0 type=0 sec=240224 secleft=1 sderr=0 dmaerr=0]
[VBLK c=2259707643 STATUS=0 type=0 sec=240232 secleft=1 sderr=0 dmaerr=0]
[c=2260000000 pc=000000008024cae2]
[VBLK c=2260143859 STATUS=0 type=0 sec=240240 secleft=1 sderr=0 dmaerr=0]
[VBLK c=2260580159 STATUS=0 type=0 sec=240248 secleft=1 sderr=0 dmaerr=0]
[c=2261000000 pc=000000008024caf0]
[VBLK c=2261016375 STATUS=0 type=0 sec=240256 secleft=1 sderr=0 dmaerr=0]
[VBLK c=2261452591 STATUS=0 type=0 sec=240264 secleft=1 sderr=0 dmaerr=0]
[VBLK c=2261888807 STATUS=0 type=0 sec=240272 secleft=1 sderr=0 dmaerr=0]
[c=2262000000 pc=000000008024cabe]
[VBLK c=2262325023 STATUS=0 type=0 sec=240280 secleft=1 sderr=0 dmaerr=0]
[VBLK c=2262761239 STATUS=0 type=0 sec=240288 secleft=1 sderr=0 dmaerr=0]
[c=2263000000 pc=000000008024cab8]
[VBLK c=2263197455 STATUS=0 type=0 sec=240296 secleft=1 sderr=0 dmaerr=0]
[VBLK c=2263633671 STATUS=0 type=0 sec=240304 secleft=1 sderr=0 dmaerr=0]
[c=2264000000 pc=0000000080282ee4]
[VBLK c=2264069887 STATUS=0 type=0 sec=240312 secleft=1 sderr=0 dmaerr=0]
[VBLK c=2264506103 STATUS=0 type=0 sec=240320 secleft=1 sderr=0 dmaerr=0]
[VBLK c=2264942319 STATUS=0 type=0 sec=240328 secleft=1 sderr=0 dmaerr=0]
[c=2265000000 pc=000000008024cad4]
[VBLK c=2265378619 STATUS=0 type=0 sec=240336 secleft=1 sderr=0 dmaerr=0]
[VBLK c=2265814835 STATUS=0 type=0 sec=240344 secleft=1 sderr=0 dmaerr=0]
[c=2266000000 pc=000000008076c124]
[VBLK c=2266251051 STATUS=0 type=0 sec=240352 secleft=1 sderr=0 dmaerr=0]
[VBLK c=2266687267 STATUS=0 type=0 sec=240360 secleft=1 sderr=0 dmaerr=0]
[c=2267000000 pc=000000008024ca50]
[VBLK c=2267123483 STATUS=0 type=0 sec=240368 secleft=1 sderr=0 dmaerr=0]
[VBLK c=2267559699 STATUS=0 type=0 sec=240376 secleft=1 sderr=0 dmaerr=0]
[VBLK c=2267995915 STATUS=0 type=0 sec=514048 secleft=1 sderr=0 dmaerr=0]
[c=2268000000 pc=000000008026ea08]
[VBLK c=2268957351 STATUS=0 type=0 sec=238344 secleft=1 sderr=0 dmaerr=0]
[c=2269000000 pc=00000000804f2778]
[VBLK c=2269393567 STATUS=0 type=0 sec=238352 secleft=1 sderr=0 dmaerr=0]
[VBLK c=2269829783 STATUS=0 type=0 sec=238360 secleft=1 sderr=0 dmaerr=0]
[c=2270000000 pc=0000000080282ee4]
[VBLK c=2270265999 STATUS=0 type=0 sec=238368 secleft=1 sderr=0 dmaerr=0]
[VBLK c=2270702215 STATUS=0 type=0 sec=238376 secleft=1 sderr=0 dmaerr=0]
[c=2271000000 pc=0000000080282c08]
[VBLK c=2271138431 STATUS=0 type=0 sec=238384 secleft=1 sderr=0 dmaerr=0]
[VBLK c=2271574647 STATUS=0 type=0 sec=238392 secleft=1 sderr=0 dmaerr=0]
[c=2272000000 pc=000000008064caf0]
[VBLK c=2272010863 STATUS=0 type=0 sec=238400 secleft=1 sderr=0 dmaerr=0]
[VBLK c=2272447079 STATUS=0 type=0 sec=238408 secleft=1 sderr=0 dmaerr=0]
[VBLK c=2272883295 STATUS=0 type=0 sec=238416 secleft=1 sderr=0 dmaerr=0]
[c=2273000000 pc=000000008076c124]
[VBLK c=2273319511 STATUS=0 type=0 sec=238424 secleft=1 sderr=0 dmaerr=0]
[VBLK c=2273755727 STATUS=0 type=0 sec=238432 secleft=1 sderr=0 dmaerr=0]
[c=2274000000 pc=000000008076dd64]
[VBLK c=2274191943 STATUS=0 type=0 sec=238440 secleft=1 sderr=0 dmaerr=0]
[VBLK c=2274628159 STATUS=0 type=0 sec=238448 secleft=1 sderr=0 dmaerr=0]
[c=2275000000 pc=0000000080282bf8]
[VBLK c=2275064375 STATUS=0 type=0 sec=238456 secleft=1 sderr=0 dmaerr=0]
[VBLK c=2275500591 STATUS=0 type=0 sec=238464 secleft=1 sderr=0 dmaerr=0]
[VBLK c=2275936807 STATUS=0 type=0 sec=238472 secleft=1 sderr=0 dmaerr=0]
[c=2276000000 pc=000000008076bc88]
[VBLK c=2276373023 STATUS=0 type=0 sec=238480 secleft=1 sderr=0 dmaerr=0]
[VBLK c=2276809239 STATUS=0 type=0 sec=238488 secleft=1 sderr=0 dmaerr=0]
[c=2277000000 pc=000000008024cad4]
[VBLK c=2277245455 STATUS=0 type=0 sec=238496 secleft=1 sderr=0 dmaerr=0]
[VBLK c=2277681671 STATUS=0 type=0 sec=238512 secleft=1 sderr=0 dmaerr=0]
[c=2278000000 pc=000000008024caca]
[VBLK c=2278117887 STATUS=0 type=0 sec=238520 secleft=1 sderr=0 dmaerr=0]
[VBLK c=2278554103 STATUS=0 type=0 sec=238528 secleft=1 sderr=0 dmaerr=0]
[VBLK c=2278990319 STATUS=0 type=0 sec=238536 secleft=1 sderr=0 dmaerr=0]
[c=2279000000 pc=0000000080367584]
[VBLK c=2279426535 STATUS=0 type=0 sec=238544 secleft=1 sderr=0 dmaerr=0]
[VBLK c=2279862751 STATUS=0 type=0 sec=238552 secleft=1 sderr=0 dmaerr=0]
[c=2280000000 pc=000000008024cada]
[VBLK c=2280298967 STATUS=0 type=0 sec=238560 secleft=1 sderr=0 dmaerr=0]
[VBLK c=2280735183 STATUS=0 type=0 sec=238568 secleft=1 sderr=0 dmaerr=0]
[c=2281000000 pc=000000008076dd64]
[VBLK c=2281171399 STATUS=0 type=0 sec=238576 secleft=1 sderr=0 dmaerr=0]
[VBLK c=2281607615 STATUS=0 type=0 sec=238584 secleft=1 sderr=0 dmaerr=0]
[c=2282000000 pc=000000008036c124]
[VBLK c=2282043831 STATUS=0 type=0 sec=238504 secleft=1 sderr=0 dmaerr=0]
[VBLK c=2282731662 STATUS=0 type=0 sec=4446984 secleft=1 sderr=0 dmaerr=0]
[c=2283000000 pc=000000008024ca48]
[VBLK c=2283167878 STATUS=0 type=0 sec=4446992 secleft=1 sderr=0 dmaerr=0]
[VBLK c=2283604094 STATUS=0 type=0 sec=4447000 secleft=1 sderr=0 dmaerr=0]
[c=2284000000 pc=000000008036c124]
[VBLK c=2284040310 STATUS=0 type=0 sec=4447008 secleft=1 sderr=0 dmaerr=0]
[VBLK c=2284476526 STATUS=0 type=0 sec=4447016 secleft=1 sderr=0 dmaerr=0]
[VBLK c=2284912742 STATUS=0 type=0 sec=4447024 secleft=1 sderr=0 dmaerr=0]
[c=2285000000 pc=000000008024ca48]
[VBLK c=2285348958 STATUS=0 type=0 sec=4447032 secleft=1 sderr=0 dmaerr=0]
[VBLK c=2285785174 STATUS=0 type=0 sec=4447040 secleft=1 sderr=0 dmaerr=0]
[c=2286000000 pc=0000000080282bfc]
[VBLK c=2286221390 STATUS=0 type=0 sec=4447048 secleft=1 sderr=0 dmaerr=0]
[VBLK c=2286657606 STATUS=0 type=0 sec=4447056 secleft=1 sderr=0 dmaerr=0]
[c=2287000000 pc=000000008076dd5a]
[VBLK c=2287093822 STATUS=0 type=0 sec=4447064 secleft=1 sderr=0 dmaerr=0]
[VBLK c=2287530038 STATUS=0 type=0 sec=4447072 secleft=1 sderr=0 dmaerr=0]
[VBLK c=2287966254 STATUS=0 type=0 sec=4447080 secleft=1 sderr=0 dmaerr=0]
[c=2288000000 pc=000000008050fc3a]
[VBLK c=2288402470 STATUS=0 type=0 sec=4447088 secleft=1 sderr=0 dmaerr=0]
[VBLK c=2288838686 STATUS=0 type=0 sec=4447096 secleft=1 sderr=0 dmaerr=0]
[c=2289000000 pc=000000008024ca44]
[VBLK c=2289274902 STATUS=0 type=0 sec=4447104 secleft=1 sderr=0 dmaerr=0]
[VBLK c=2289711118 STATUS=0 type=0 sec=4447112 secleft=1 sderr=0 dmaerr=0]
[c=2290000000 pc=0000000080282fa4]
[VBLK c=2290147334 STATUS=0 type=0 sec=4447120 secleft=1 sderr=0 dmaerr=0]
[VBLK c=2290583634 STATUS=0 type=0 sec=4447136 secleft=1 sderr=0 dmaerr=0]
[c=2291000000 pc=000000008024ca44]
[VBLK c=2291019850 STATUS=0 type=0 sec=4447144 secleft=1 sderr=0 dmaerr=0]
[VBLK c=2291456066 STATUS=0 type=0 sec=4447152 secleft=1 sderr=0 dmaerr=0]
[VBLK c=2291892282 STATUS=0 type=0 sec=4447160 secleft=1 sderr=0 dmaerr=0]
[c=2292000000 pc=000000008024caf0]
[VBLK c=2292328498 STATUS=0 type=0 sec=4447168 secleft=1 sderr=0 dmaerr=0]
[VBLK c=2292764714 STATUS=0 type=0 sec=4447176 secleft=1 sderr=0 dmaerr=0]
[c=2293000000 pc=000000008024cac4]
[VBLK c=2293201014 STATUS=0 type=0 sec=4447184 secleft=1 sderr=0 dmaerr=0]
[VBLK c=2293637230 STATUS=0 type=0 sec=4447192 secleft=1 sderr=0 dmaerr=0]
[c=2294000000 pc=00000000802768fc]
[VBLK c=2294073446 STATUS=0 type=0 sec=4447200 secleft=1 sderr=0 dmaerr=0]
[VBLK c=2294509662 STATUS=0 type=0 sec=4447208 secleft=1 sderr=0 dmaerr=0]
[VBLK c=2294945878 STATUS=0 type=0 sec=4447216 secleft=1 sderr=0 dmaerr=0]
[c=2295000000 pc=000000008076dd64]
[VBLK c=2295382094 STATUS=0 type=0 sec=4447224 secleft=1 sderr=0 dmaerr=0]
[VBLK c=2295818310 STATUS=0 type=0 sec=4447232 secleft=1 sderr=0 dmaerr=0]
[c=2296000000 pc=0000000080282fa4]
[VBLK c=2296254526 STATUS=0 type=0 sec=4447128 secleft=1 sderr=0 dmaerr=0]
[VBLK c=2296763330 STATUS=0 type=0 sec=1628072 secleft=1 sderr=0 dmaerr=0]
[c=2297000000 pc=0000000080491c7a]
[VBLK c=2297509574 STATUS=0 type=0 sec=4457472 secleft=1 sderr=0 dmaerr=0]
[VBLK c=2297945790 STATUS=0 type=0 sec=4457480 secleft=1 sderr=0 dmaerr=0]
[c=2298000000 pc=0000000080769a10]
[VBLK c=2298382006 STATUS=0 type=0 sec=4457488 secleft=1 sderr=0 dmaerr=0]
[VBLK c=2298818222 STATUS=0 type=0 sec=4457496 secleft=1 sderr=0 dmaerr=0]
[c=2299000000 pc=0000000080282ee0]
[VBLK c=2299254438 STATUS=0 type=0 sec=4457504 secleft=1 sderr=0 dmaerr=0]
[VBLK c=2299690654 STATUS=0 type=0 sec=4457512 secleft=1 sderr=0 dmaerr=0]
[c=2300000000 pc=000000008024cad4]
[VBLK c=2300126870 STATUS=0 type=0 sec=4457520 secleft=1 sderr=0 dmaerr=0]
[VBLK c=2300563086 STATUS=0 type=0 sec=4457528 secleft=1 sderr=0 dmaerr=0]
[VBLK c=2300999302 STATUS=0 type=0 sec=4457536 secleft=1 sderr=0 dmaerr=0]
[c=2301000000 pc=000000008028268a]
[VBLK c=2301435518 STATUS=0 type=0 sec=4457544 secleft=1 sderr=0 dmaerr=0]
[VBLK c=2301871734 STATUS=0 type=0 sec=4457552 secleft=1 sderr=0 dmaerr=0]
[c=2302000000 pc=000000008076c124]
[VBLK c=2302307950 STATUS=0 type=0 sec=4457560 secleft=1 sderr=0 dmaerr=0]
[VBLK c=2302744166 STATUS=0 type=0 sec=4457568 secleft=1 sderr=0 dmaerr=0]
[c=2303000000 pc=0000000080282fac]
[VBLK c=2303180382 STATUS=0 type=0 sec=4457576 secleft=1 sderr=0 dmaerr=0]
[VBLK c=2303616598 STATUS=0 type=0 sec=4457584 secleft=1 sderr=0 dmaerr=0]
[c=2304000000 pc=000000008076c128]
[VBLK c=2304052814 STATUS=0 type=0 sec=4457592 secleft=1 sderr=0 dmaerr=0]
[VBLK c=2304489030 STATUS=0 type=0 sec=4457600 secleft=1 sderr=0 dmaerr=0]
[VBLK c=2304925246 STATUS=0 type=0 sec=4457608 secleft=1 sderr=0 dmaerr=0]
[c=2305000000 pc=0000000080488f38]
[VBLK c=2305361462 STATUS=0 type=0 sec=4457616 secleft=1 sderr=0 dmaerr=0]
[VBLK c=2305797678 STATUS=0 type=0 sec=4457624 secleft=1 sderr=0 dmaerr=0]
[c=2306000000 pc=0000000080282fa8]
[VBLK c=2306233894 STATUS=0 type=0 sec=4457632 secleft=1 sderr=0 dmaerr=0]
[VBLK c=2306670110 STATUS=0 type=0 sec=4457640 secleft=1 sderr=0 dmaerr=0]
[c=2307000000 pc=0000000080282eec]
[VBLK c=2307106326 STATUS=0 type=0 sec=4457648 secleft=1 sderr=0 dmaerr=0]
[VBLK c=2307542542 STATUS=0 type=0 sec=4457656 secleft=1 sderr=0 dmaerr=0]
[VBLK c=2307978758 STATUS=0 type=0 sec=4457664 secleft=1 sderr=0 dmaerr=0]
[c=2308000000 pc=000000008076d284]
[VBLK c=2308414974 STATUS=0 type=0 sec=4457672 secleft=1 sderr=0 dmaerr=0]
[VBLK c=2308851190 STATUS=0 type=0 sec=4457688 secleft=1 sderr=0 dmaerr=0]
[c=2309000000 pc=000000008000043a]
[VBLK c=2309287406 STATUS=0 type=0 sec=4457696 secleft=1 sderr=0 dmaerr=0]
[VBLK c=2309723622 STATUS=0 type=0 sec=4457704 secleft=1 sderr=0 dmaerr=0]
[c=2310000000 pc=000000008064caf0]
[VBLK c=2310159838 STATUS=0 type=0 sec=4457712 secleft=1 sderr=0 dmaerr=0]
[VBLK c=2310596054 STATUS=0 type=0 sec=4457720 secleft=1 sderr=0 dmaerr=0]
[c=2311000000 pc=000000008076dd5a]
[VBLK c=2311032270 STATUS=0 type=0 sec=4457728 secleft=1 sderr=0 dmaerr=0]
[VBLK c=2311468486 STATUS=0 type=0 sec=4457680 secleft=1 sderr=0 dmaerr=0]
[VBLK c=2311979355 STATUS=0 type=0 sec=7979480 secleft=1 sderr=0 dmaerr=0]
[c=2312000000 pc=0000000080211f84]
[VBLK c=2312707226 STATUS=0 type=0 sec=4457736 secleft=1 sderr=0 dmaerr=0]
[c=2313000000 pc=000000008076c134]
[VBLK c=2313143442 STATUS=0 type=0 sec=4457744 secleft=1 sderr=0 dmaerr=0]
[VBLK c=2313579658 STATUS=0 type=0 sec=4457752 secleft=1 sderr=0 dmaerr=0]
[c=2314000000 pc=000000008024cadc]
[VBLK c=2314015874 STATUS=0 type=0 sec=4457760 secleft=1 sderr=0 dmaerr=0]
[VBLK c=2314452090 STATUS=0 type=0 sec=4457768 secleft=1 sderr=0 dmaerr=0]
[VBLK c=2314888306 STATUS=0 type=0 sec=4457776 secleft=1 sderr=0 dmaerr=0]
[c=2315000000 pc=000000008024cace]
[VBLK c=2315324522 STATUS=0 type=0 sec=4457784 secleft=1 sderr=0 dmaerr=0]
[VBLK c=2315760738 STATUS=0 type=0 sec=4457792 secleft=1 sderr=0 dmaerr=0]
[c=2316000000 pc=0000000080282c10]
[VBLK c=2316196954 STATUS=0 type=0 sec=4457800 secleft=1 sderr=0 dmaerr=0]
[VBLK c=2316633170 STATUS=0 type=0 sec=4457808 secleft=1 sderr=0 dmaerr=0]
[c=2317000000 pc=000000008076c12c]
[VBLK c=2317069386 STATUS=0 type=0 sec=4457816 secleft=1 sderr=0 dmaerr=0]
[VBLK c=2317505602 STATUS=0 type=0 sec=4457824 secleft=1 sderr=0 dmaerr=0]
[VBLK c=2317941818 STATUS=0 type=0 sec=4457832 secleft=1 sderr=0 dmaerr=0]
[c=2318000000 pc=000000008037ba8e]
[VBLK c=2318378034 STATUS=0 type=0 sec=4457840 secleft=1 sderr=0 dmaerr=0]
[VBLK c=2318814250 STATUS=0 type=0 sec=4457856 secleft=1 sderr=0 dmaerr=0]
[c=2319000000 pc=000000008024ca60]
[VBLK c=2319250466 STATUS=0 type=0 sec=4457864 secleft=1 sderr=0 dmaerr=0]
[VBLK c=2319686682 STATUS=0 type=0 sec=4457872 secleft=1 sderr=0 dmaerr=0]
[c=2320000000 pc=0000000080282fa8]
[VBLK c=2320122898 STATUS=0 type=0 sec=4457880 secleft=1 sderr=0 dmaerr=0]
[VBLK c=2320559114 STATUS=0 type=0 sec=4457888 secleft=1 sderr=0 dmaerr=0]
[VBLK c=2320995330 STATUS=0 type=0 sec=4457896 secleft=1 sderr=0 dmaerr=0]
[c=2321000000 pc=000000008050ff92]
[VBLK c=2321431546 STATUS=0 type=0 sec=4457904 secleft=1 sderr=0 dmaerr=0]
[VBLK c=2321867762 STATUS=0 type=0 sec=4457912 secleft=1 sderr=0 dmaerr=0]
[c=2322000000 pc=000000008076dd5a]
[VBLK c=2322303978 STATUS=0 type=0 sec=4457920 secleft=1 sderr=0 dmaerr=0]
[VBLK c=2322740194 STATUS=0 type=0 sec=4457928 secleft=1 sderr=0 dmaerr=0]
[c=2323000000 pc=0000000080282fa4]
[VBLK c=2323176410 STATUS=0 type=0 sec=4457936 secleft=1 sderr=0 dmaerr=0]
[VBLK c=2323612626 STATUS=0 type=0 sec=4457944 secleft=1 sderr=0 dmaerr=0]
[c=2324000000 pc=000000008024caf0]
[VBLK c=2324048842 STATUS=0 type=0 sec=4457952 secleft=1 sderr=0 dmaerr=0]
[VBLK c=2324485058 STATUS=0 type=0 sec=4457960 secleft=1 sderr=0 dmaerr=0]
[VBLK c=2324921274 STATUS=0 type=0 sec=4457968 secleft=1 sderr=0 dmaerr=0]
[c=2325000000 pc=000000008024cb26]
[VBLK c=2325357490 STATUS=0 type=0 sec=4457976 secleft=1 sderr=0 dmaerr=0]
[VBLK c=2325793706 STATUS=0 type=0 sec=4457984 secleft=1 sderr=0 dmaerr=0]
[c=2326000000 pc=000000008076dd5a]
[VBLK c=2326229922 STATUS=0 type=0 sec=4457848 secleft=1 sderr=0 dmaerr=0]
[VBLK c=2326744862 STATUS=0 type=0 sec=7980984 secleft=1 sderr=0 dmaerr=0]
[c=2327000000 pc=00000000804f1b06]
[VBLK c=2327477453 STATUS=0 type=0 sec=4433408 secleft=1 sderr=0 dmaerr=0]
[VBLK c=2327913669 STATUS=0 type=0 sec=4433416 secleft=1 sderr=0 dmaerr=0]
[c=2328000000 pc=000000008076c128]
[VBLK c=2328349885 STATUS=0 type=0 sec=4433424 secleft=1 sderr=0 dmaerr=0]
[VBLK c=2328786101 STATUS=0 type=0 sec=4433432 secleft=1 sderr=0 dmaerr=0]
[c=2329000000 pc=000000008024cace]
[VBLK c=2329222317 STATUS=0 type=0 sec=4433440 secleft=1 sderr=0 dmaerr=0]
[VBLK c=2329658533 STATUS=0 type=0 sec=4433448 secleft=1 sderr=0 dmaerr=0]
[c=2330000000 pc=0000000080282edc]
[VBLK c=2330094749 STATUS=0 type=0 sec=4433456 secleft=1 sderr=0 dmaerr=0]
[VBLK c=2330530965 STATUS=0 type=0 sec=4433472 secleft=1 sderr=0 dmaerr=0]
[VBLK c=2330967181 STATUS=0 type=0 sec=4433480 secleft=1 sderr=0 dmaerr=0]
[c=2331000000 pc=00000000804f057c]
[VBLK c=2331403397 STATUS=0 type=0 sec=4433488 secleft=1 sderr=0 dmaerr=0]
[VBLK c=2331839613 STATUS=0 type=0 sec=4433496 secleft=1 sderr=0 dmaerr=0]
[c=2332000000 pc=000000008024cab8]
[VBLK c=2332275829 STATUS=0 type=0 sec=4433504 secleft=1 sderr=0 dmaerr=0]
[VBLK c=2332712045 STATUS=0 type=0 sec=4433512 secleft=1 sderr=0 dmaerr=0]
[c=2333000000 pc=000000008076dd70]
[VBLK c=2333148261 STATUS=0 type=0 sec=4433520 secleft=1 sderr=0 dmaerr=0]
[VBLK c=2333584477 STATUS=0 type=0 sec=4433528 secleft=1 sderr=0 dmaerr=0]
[c=2334000000 pc=0000000080282ee4]
[VBLK c=2334020693 STATUS=0 type=0 sec=4433536 secleft=1 sderr=0 dmaerr=0]
[VBLK c=2334456909 STATUS=0 type=0 sec=4433544 secleft=1 sderr=0 dmaerr=0]
[VBLK c=2334893125 STATUS=0 type=0 sec=4433552 secleft=1 sderr=0 dmaerr=0]
[c=2335000000 pc=000000008024cadc]
[VBLK c=2335329341 STATUS=0 type=0 sec=4433560 secleft=1 sderr=0 dmaerr=0]
[VBLK c=2335765557 STATUS=0 type=0 sec=4433568 secleft=1 sderr=0 dmaerr=0]
[c=2336000000 pc=000000008036c124]
[VBLK c=2336201773 STATUS=0 type=0 sec=4433576 secleft=1 sderr=0 dmaerr=0]
[VBLK c=2336637989 STATUS=0 type=0 sec=4433584 secleft=1 sderr=0 dmaerr=0]
[c=2337000000 pc=000000008024caf0]
[VBLK c=2337074205 STATUS=0 type=0 sec=4433592 secleft=1 sderr=0 dmaerr=0]
[VBLK c=2337510421 STATUS=0 type=0 sec=4433600 secleft=1 sderr=0 dmaerr=0]
[VBLK c=2337946637 STATUS=0 type=0 sec=4433608 secleft=1 sderr=0 dmaerr=0]
[c=2338000000 pc=000000008076f400]
[VBLK c=2338382853 STATUS=0 type=0 sec=4433616 secleft=1 sderr=0 dmaerr=0]
[VBLK c=2338819069 STATUS=0 type=0 sec=4433624 secleft=1 sderr=0 dmaerr=0]
[c=2339000000 pc=000000008036c124]
[VBLK c=2339255285 STATUS=0 type=0 sec=4433632 secleft=1 sderr=0 dmaerr=0]
[VBLK c=2339691501 STATUS=0 type=0 sec=4433640 secleft=1 sderr=0 dmaerr=0]
[c=2340000000 pc=000000008064caf0]
[VBLK c=2340127717 STATUS=0 type=0 sec=4433648 secleft=1 sderr=0 dmaerr=0]
[VBLK c=2340563933 STATUS=0 type=0 sec=4433656 secleft=1 sderr=0 dmaerr=0]
[c=2341000000 pc=0000000080282c10]
[VBLK c=2341000233 STATUS=0 type=0 sec=4433664 secleft=1 sderr=0 dmaerr=0]
[VBLK c=2341436449 STATUS=0 type=0 sec=4433464 secleft=1 sderr=0 dmaerr=0]
[VBLK c=2341963454 STATUS=0 type=0 sec=5448208 secleft=1 sderr=0 dmaerr=0]
[c=2342000000 pc=00000000803a42c0]
[    0.810511] systemd[1]: System time advanced to timestamp on /var/lib/systemd/timesync/clock: Fri 2026-03-20 12:00:11 UTC
[c=2343000000 pc=0000000082222c36]
[c=2344000000 pc=000000008024cade]
[VBLK c=2344673272 STATUS=0 type=0 sec=5182152 secleft=1 sderr=0 dmaerr=0]
[c=2345000000 pc=000000008076c134]
[c=2346000000 pc=000000008024cab4]
[c=2347000000 pc=000000008036c124]
[c=2348000000 pc=0000000080282d4e]
[c=2349000000 pc=0000000080282a3e]
[c=2350000000 pc=0000000080275066]
[c=2351000000 pc=00000000802750ac]
[c=2352000000 pc=0000000080282a54]
[VBLK c=2352676905 STATUS=0 type=0 sec=5182184 secleft=1 sderr=0 dmaerr=0]
[c=2353000000 pc=000000008047d9c2]
[c=2354000000 pc=000000008076dd68]
[VBLK c=2354505608 STATUS=0 type=0 sec=5084576 secleft=1 sderr=0 dmaerr=0]
[c=2355000000 pc=000000008036c124]
[c=2356000000 pc=000000008076dd70]
[c=2357000000 pc=0000000080282ee0]
[c=2358000000 pc=000000008027505a]
[c=2359000000 pc=000000008027509c]
[c=2360000000 pc=000000008029ad0e]
[c=2361000000 pc=0000000080282c08]
[c=2362000000 pc=000000008024cafa]
[c=2363000000 pc=0000000080282dea]
[c=2364000000 pc=0000000080282a32]
[c=2365000000 pc=0000000080276950]
[c=2366000000 pc=0000000080275086]
[c=2367000000 pc=000000008029ad00]
[c=2368000000 pc=0000000080282c08]
[VBLK c=2368501506 STATUS=0 type=0 sec=5084608 secleft=1 sderr=0 dmaerr=0]
[c=2369000000 pc=0000000080348874]
[c=2370000000 pc=000000008024ca48]
[VBLK c=2370154731 STATUS=0 type=0 sec=369648 secleft=1 sderr=0 dmaerr=0]
[c=2371000000 pc=0000000080282fc2]
[VBLK c=2371259454 STATUS=0 type=0 sec=4461056 secleft=1 sderr=0 dmaerr=0]
[VBLK c=2371695665 STATUS=0 type=0 sec=4461064 secleft=1 sderr=0 dmaerr=0]
[c=2372000000 pc=000000008024cace]
[VBLK c=2372131881 STATUS=0 type=0 sec=4461072 secleft=1 sderr=0 dmaerr=0]
[VBLK c=2372568097 STATUS=0 type=0 sec=4461080 secleft=1 sderr=0 dmaerr=0]
[c=2373000000 pc=0000000080282fc2]
[VBLK c=2373004313 STATUS=0 type=0 sec=4461088 secleft=1 sderr=0 dmaerr=0]
[VBLK c=2373440529 STATUS=0 type=0 sec=4461096 secleft=1 sderr=0 dmaerr=0]
[VBLK c=2373876745 STATUS=0 type=0 sec=4461104 secleft=1 sderr=0 dmaerr=0]
[c=2374000000 pc=0000000080282ed8]
[VBLK c=2374312961 STATUS=0 type=0 sec=4461112 secleft=1 sderr=0 dmaerr=0]
[VBLK c=2374749177 STATUS=0 type=0 sec=4461120 secleft=1 sderr=0 dmaerr=0]
[c=2375000000 pc=000000008076dd54]
[VBLK c=2375185393 STATUS=0 type=0 sec=4461128 secleft=1 sderr=0 dmaerr=0]
[VBLK c=2375621609 STATUS=0 type=0 sec=4461136 secleft=1 sderr=0 dmaerr=0]
[c=2376000000 pc=0000000080282bfc]
[VBLK c=2376057825 STATUS=0 type=0 sec=4461144 secleft=1 sderr=0 dmaerr=0]
[VBLK c=2376494041 STATUS=0 type=0 sec=4461152 secleft=1 sderr=0 dmaerr=0]
[VBLK c=2376930257 STATUS=0 type=0 sec=4461160 secleft=1 sderr=0 dmaerr=0]
[c=2377000000 pc=00000000804c91bc]
[VBLK c=2377366473 STATUS=0 type=0 sec=4461176 secleft=1 sderr=0 dmaerr=0]
[VBLK c=2377802689 STATUS=0 type=0 sec=4461184 secleft=1 sderr=0 dmaerr=0]
[c=2378000000 pc=000000008024cac4]
[VBLK c=2378238905 STATUS=0 type=0 sec=4461192 secleft=1 sderr=0 dmaerr=0]
[VBLK c=2378675121 STATUS=0 type=0 sec=4461200 secleft=1 sderr=0 dmaerr=0]
[c=2379000000 pc=0000000080282eec]
[VBLK c=2379111337 STATUS=0 type=0 sec=4461208 secleft=1 sderr=0 dmaerr=0]
[VBLK c=2379547553 STATUS=0 type=0 sec=4461216 secleft=1 sderr=0 dmaerr=0]
[VBLK c=2379983769 STATUS=0 type=0 sec=4461224 secleft=1 sderr=0 dmaerr=0]
[c=2380000000 pc=000000008022a676]
[VBLK c=2380419985 STATUS=0 type=0 sec=4461232 secleft=1 sderr=0 dmaerr=0]
[VBLK c=2380856201 STATUS=0 type=0 sec=4461240 secleft=1 sderr=0 dmaerr=0]
[c=2381000000 pc=0000000080282ee4]
[VBLK c=2381292417 STATUS=0 type=0 sec=4461248 secleft=1 sderr=0 dmaerr=0]
[VBLK c=2381728633 STATUS=0 type=0 sec=4461256 secleft=1 sderr=0 dmaerr=0]
[c=2382000000 pc=000000008024ca44]
[VBLK c=2382164849 STATUS=0 type=0 sec=4461264 secleft=1 sderr=0 dmaerr=0]
[VBLK c=2382601065 STATUS=0 type=0 sec=4461272 secleft=1 sderr=0 dmaerr=0]
[c=2383000000 pc=0000000080282fa8]
[VBLK c=2383037281 STATUS=0 type=0 sec=4461280 secleft=1 sderr=0 dmaerr=0]
[VBLK c=2383473497 STATUS=0 type=0 sec=4461288 secleft=1 sderr=0 dmaerr=0]
[VBLK c=2383909713 STATUS=0 type=0 sec=4461296 secleft=1 sderr=0 dmaerr=0]
[c=2384000000 pc=000000008024cab8]
[VBLK c=2384345929 STATUS=0 type=0 sec=4461304 secleft=1 sderr=0 dmaerr=0]
[VBLK c=2384782145 STATUS=0 type=0 sec=4461312 secleft=1 sderr=0 dmaerr=0]
[c=2385000000 pc=0000000080282ee0]
[VBLK c=2385218361 STATUS=0 type=0 sec=4461168 secleft=1 sderr=0 dmaerr=0]
[VBLK c=2385727540 STATUS=0 type=0 sec=2165832 secleft=1 sderr=0 dmaerr=0]
[c=2386000000 pc=000000008024cadc]
[VBLK c=2386315749 STATUS=0 type=0 sec=2165968 secleft=1 sderr=0 dmaerr=0]
[VBLK c=2386952894 STATUS=0 type=0 sec=4561648 secleft=1 sderr=0 dmaerr=0]
[c=2387000000 pc=00000000804d0d44]
[VBLK c=2387885644 STATUS=0 type=0 sec=4435712 secleft=1 sderr=0 dmaerr=0]
[c=2388000000 pc=0000000080282fc2]
[VBLK c=2388321855 STATUS=0 type=0 sec=4435720 secleft=1 sderr=0 dmaerr=0]
[VBLK c=2388758071 STATUS=0 type=0 sec=4435728 secleft=1 sderr=0 dmaerr=0]
[c=2389000000 pc=000000008064caf0]
[VBLK c=2389194287 STATUS=0 type=0 sec=4435736 secleft=1 sderr=0 dmaerr=0]
[VBLK c=2389630503 STATUS=0 type=0 sec=4435744 secleft=1 sderr=0 dmaerr=0]
[c=2390000000 pc=0000000080282cf4]
[VBLK c=2390066719 STATUS=0 type=0 sec=4435752 secleft=1 sderr=0 dmaerr=0]
[VBLK c=2390502935 STATUS=0 type=0 sec=4435760 secleft=1 sderr=0 dmaerr=0]
[VBLK c=2390939151 STATUS=0 type=0 sec=4435768 secleft=1 sderr=0 dmaerr=0]
[c=2391000000 pc=00000000803c97b4]
[VBLK c=2391375367 STATUS=0 type=0 sec=4435776 secleft=1 sderr=0 dmaerr=0]
[VBLK c=2391811583 STATUS=0 type=0 sec=4435784 secleft=1 sderr=0 dmaerr=0]
[c=2392000000 pc=0000000080282bfc]
[VBLK c=2392247799 STATUS=0 type=0 sec=4435792 secleft=1 sderr=0 dmaerr=0]
[VBLK c=2392684015 STATUS=0 type=0 sec=4435800 secleft=1 sderr=0 dmaerr=0]
[c=2393000000 pc=000000008024cae8]
[VBLK c=2393120231 STATUS=0 type=0 sec=4435808 secleft=1 sderr=0 dmaerr=0]
[VBLK c=2393556447 STATUS=0 type=0 sec=4435816 secleft=1 sderr=0 dmaerr=0]
[VBLK c=2393992663 STATUS=0 type=0 sec=4435824 secleft=1 sderr=0 dmaerr=0]
[c=2394000000 pc=000000008048b726]
[VBLK c=2394428879 STATUS=0 type=0 sec=4435832 secleft=1 sderr=0 dmaerr=0]
[VBLK c=2394865095 STATUS=0 type=0 sec=4435840 secleft=1 sderr=0 dmaerr=0]
[c=2395000000 pc=000000008064caf0]
[VBLK c=2395301311 STATUS=0 type=0 sec=4435848 secleft=1 sderr=0 dmaerr=0]
[VBLK c=2395737527 STATUS=0 type=0 sec=4435856 secleft=1 sderr=0 dmaerr=0]
[c=2396000000 pc=000000008024cad4]
[VBLK c=2396173743 STATUS=0 type=0 sec=4435872 secleft=1 sderr=0 dmaerr=0]
[VBLK c=2396609959 STATUS=0 type=0 sec=4435880 secleft=1 sderr=0 dmaerr=0]
[c=2397000000 pc=000000008024cac6]
[VBLK c=2397046259 STATUS=0 type=0 sec=4435888 secleft=1 sderr=0 dmaerr=0]
[VBLK c=2397482475 STATUS=0 type=0 sec=4435896 secleft=1 sderr=0 dmaerr=0]
[VBLK c=2397918691 STATUS=0 type=0 sec=4435904 secleft=1 sderr=0 dmaerr=0]
[c=2398000000 pc=0000000080282ee0]
[VBLK c=2398354907 STATUS=0 type=0 sec=4435912 secleft=1 sderr=0 dmaerr=0]
[VBLK c=2398791123 STATUS=0 type=0 sec=4435920 secleft=1 sderr=0 dmaerr=0]
[c=2399000000 pc=000000008076dd64]
[VBLK c=2399227339 STATUS=0 type=0 sec=4435928 secleft=1 sderr=0 dmaerr=0]
[VBLK c=2399663555 STATUS=0 type=0 sec=4435936 secleft=1 sderr=0 dmaerr=0]
[c=2400000000 pc=000000008076dd5c]
[VBLK c=2400099771 STATUS=0 type=0 sec=4435944 secleft=1 sderr=0 dmaerr=0]
[VBLK c=2400536071 STATUS=0 type=0 sec=4435952 secleft=1 sderr=0 dmaerr=0]
[VBLK c=2400972287 STATUS=0 type=0 sec=4435960 secleft=1 sderr=0 dmaerr=0]
[c=2401000000 pc=00000000804f2180]
[VBLK c=2401408503 STATUS=0 type=0 sec=4435968 secleft=1 sderr=0 dmaerr=0]
[VBLK c=2401844719 STATUS=0 type=0 sec=4435864 secleft=1 sderr=0 dmaerr=0]
[c=2402000000 pc=0000000080398022]
[VBLK c=2402570865 STATUS=0 type=0 sec=5346008 secleft=1 sderr=0 dmaerr=0]
[c=2403000000 pc=0000000080282ee4]
[VBLK c=2403319419 STATUS=0 type=0 sec=596376 secleft=1 sderr=0 dmaerr=0]
[VBLK c=2403871206 STATUS=0 type=0 sec=596384 secleft=1 sderr=0 dmaerr=0]
[c=2404000000 pc=000000008076f416]
[VBLK c=2404433609 STATUS=0 type=0 sec=596392 secleft=1 sderr=0 dmaerr=0]
[c=2405000000 pc=000000008024ca48]
[VBLK c=2405098844 STATUS=0 type=0 sec=596400 secleft=1 sderr=0 dmaerr=0]
[VBLK c=2405692270 STATUS=0 type=0 sec=596408 secleft=1 sderr=0 dmaerr=0]
[c=2406000000 pc=000000008024cb2a]
[VBLK c=2406346038 STATUS=0 type=0 sec=3641744 secleft=1 sderr=0 dmaerr=0]
[c=2407000000 pc=000000008064caf0]
[VBLK c=2407062650 STATUS=0 type=0 sec=8940904 secleft=1 sderr=0 dmaerr=0]
[VBLK c=2407768368 STATUS=0 type=0 sec=5323128 secleft=1 sderr=0 dmaerr=0]
[c=2408000000 pc=000000008076dd6c]
[VBLK c=2408396094 STATUS=0 type=0 sec=596416 secleft=1 sderr=0 dmaerr=0]
[VBLK c=2408944950 STATUS=0 type=0 sec=596424 secleft=1 sderr=0 dmaerr=0]
[c=2409000000 pc=00000000812826da]
[VBLK c=2409750022 STATUS=0 type=0 sec=4442880 secleft=1 sderr=0 dmaerr=0]
[c=2410000000 pc=000000008076dd5c]
[VBLK c=2410186233 STATUS=0 type=0 sec=4442888 secleft=1 sderr=0 dmaerr=0]
[VBLK c=2410622449 STATUS=0 type=0 sec=4442896 secleft=1 sderr=0 dmaerr=0]
[c=2411000000 pc=0000000080282fa8]
[VBLK c=2411058749 STATUS=0 type=0 sec=4442904 secleft=1 sderr=0 dmaerr=0]
[VBLK c=2411494965 STATUS=0 type=0 sec=4442912 secleft=1 sderr=0 dmaerr=0]
[VBLK c=2411931181 STATUS=0 type=0 sec=4442920 secleft=1 sderr=0 dmaerr=0]
[c=2412000000 pc=000000008048942a]
[VBLK c=2412367397 STATUS=0 type=0 sec=4442928 secleft=1 sderr=0 dmaerr=0]
[VBLK c=2412803613 STATUS=0 type=0 sec=4442936 secleft=1 sderr=0 dmaerr=0]
[c=2413000000 pc=000000008064caf0]
[VBLK c=2413239829 STATUS=0 type=0 sec=4442944 secleft=1 sderr=0 dmaerr=0]
[VBLK c=2413676045 STATUS=0 type=0 sec=4442952 secleft=1 sderr=0 dmaerr=0]
[c=2414000000 pc=0000000080282fc2]
[VBLK c=2414112261 STATUS=0 type=0 sec=4442960 secleft=1 sderr=0 dmaerr=0]
[VBLK c=2414548477 STATUS=0 type=0 sec=4442968 secleft=1 sderr=0 dmaerr=0]
[VBLK c=2414984693 STATUS=0 type=0 sec=4442976 secleft=1 sderr=0 dmaerr=0]
[c=2415000000 pc=00000000804f1d0c]
[VBLK c=2415420909 STATUS=0 type=0 sec=4442984 secleft=1 sderr=0 dmaerr=0]
[VBLK c=2415857125 STATUS=0 type=0 sec=4442992 secleft=1 sderr=0 dmaerr=0]
[c=2416000000 pc=000000008024ca5c]
[VBLK c=2416293341 STATUS=0 type=0 sec=4443000 secleft=1 sderr=0 dmaerr=0]
[VBLK c=2416729557 STATUS=0 type=0 sec=4443008 secleft=1 sderr=0 dmaerr=0]
[c=2417000000 pc=000000008076c134]
[VBLK c=2417165773 STATUS=0 type=0 sec=4443016 secleft=1 sderr=0 dmaerr=0]
[VBLK c=2417601989 STATUS=0 type=0 sec=4443032 secleft=1 sderr=0 dmaerr=0]
[c=2418000000 pc=000000008036c124]
[VBLK c=2418038205 STATUS=0 type=0 sec=4443040 secleft=1 sderr=0 dmaerr=0]
[VBLK c=2418474421 STATUS=0 type=0 sec=4443048 secleft=1 sderr=0 dmaerr=0]
[VBLK c=2418910637 STATUS=0 type=0 sec=4443056 secleft=1 sderr=0 dmaerr=0]
[c=2419000000 pc=0000000080282c10]
[VBLK c=2419346853 STATUS=0 type=0 sec=4443064 secleft=1 sderr=0 dmaerr=0]
[VBLK c=2419783069 STATUS=0 type=0 sec=4443072 secleft=1 sderr=0 dmaerr=0]
[c=2420000000 pc=000000008064caf0]
[VBLK c=2420219285 STATUS=0 type=0 sec=4443080 secleft=1 sderr=0 dmaerr=0]
[VBLK c=2420655501 STATUS=0 type=0 sec=4443088 secleft=1 sderr=0 dmaerr=0]
[c=2421000000 pc=000000008064caf0]
[VBLK c=2421091717 STATUS=0 type=0 sec=4443096 secleft=1 sderr=0 dmaerr=0]
[VBLK c=2421527933 STATUS=0 type=0 sec=4443104 secleft=1 sderr=0 dmaerr=0]
[VBLK c=2421964149 STATUS=0 type=0 sec=4443112 secleft=1 sderr=0 dmaerr=0]
[c=2422000000 pc=000000008048eb88]
[VBLK c=2422400365 STATUS=0 type=0 sec=4443120 secleft=1 sderr=0 dmaerr=0]
[VBLK c=2422836581 STATUS=0 type=0 sec=4443128 secleft=1 sderr=0 dmaerr=0]
[c=2423000000 pc=0000000080282fa4]
[VBLK c=2423272797 STATUS=0 type=0 sec=4443136 secleft=1 sderr=0 dmaerr=0]
[VBLK c=2423709013 STATUS=0 type=0 sec=4443024 secleft=1 sderr=0 dmaerr=0]
[c=2424000000 pc=000000008076dd64]
[VBLK c=2424224194 STATUS=0 type=0 sec=4691888 secleft=1 sderr=0 dmaerr=0]
[VBLK c=2424841806 STATUS=0 type=0 sec=3618808 secleft=1 sderr=0 dmaerr=0]
[c=2425000000 pc=000000008035de08]
[    0.841645] systemd[1]: Failed to find module 'autofs4'
[c=2426000000 pc=0000000080392b36]
[c=2427000000 pc=000000008037d440]
[c=2428000000 pc=0000000082374b3c]
[c=2429000000 pc=0000000080392dbc]
[c=2430000000 pc=00000000803a4ac0]
[c=2431000000 pc=0000000080369ba8]
[VBLK c=2431509465 STATUS=0 type=0 sec=368336 secleft=1 sderr=0 dmaerr=0]
[c=2432000000 pc=000000008128635e]
[VBLK c=2432556609 STATUS=0 type=0 sec=4559104 secleft=1 sderr=0 dmaerr=0]
[c=2433000000 pc=000000008039a11e]
[VBLK c=2433499527 STATUS=0 type=0 sec=510952 secleft=1 sderr=0 dmaerr=0]
[c=2434000000 pc=000000008237bd46]
[c=2435000000 pc=000000008027145a]
[VBLK c=2435441373 STATUS=0 type=0 sec=10523480 secleft=1 sderr=0 dmaerr=0]
[c=2436000000 pc=00000000803a28a8]
[!p]104[?7h[    0.846080] systemd[1]: systemd 257.4-1ubuntu3.2 running in system mode (+PAM +AUDIT +SELINUX +APPARMOR +IMA +IPE +SMACK +SECCOMP +GCRYPT -GNUTLS +OPENSSL +ACL +BLKID +CURL +ELFUTILS +FIDO2 +IDN2 -IDN +IPTC +KMOD +LIBCRYPTSETUP [c=2437000000 pc=000000008053c124]
+LIBCRYPTSETUP_PLUGINS +LIBFDISK +PCRE2 +PWQUALITY +P11KIT +QRENCODE +TPM2 +BZIP2 +LZ4 +XZ +ZLIB +ZSTD -BPF_FRAMEWORK -BTF -XKBCOMMON -UTMP +SYSVINIT +LIBARCHIVE)
[    0.846136] systemd[1]: Detected architecture riscv64.
[VBLK c=2437730001 STATUS=0 type=0 sec=518152 secleft=1 sderr=0 dmaerr=0]
[c=2438000000 pc=0000000080163d80]
[c=2439000000 pc=0000000080282fa8]
[VBLK c=2439030895 STATUS=0 type=0 sec=5059000 secleft=1 sderr=0 dmaerr=0]

[0;1;39mWelcome to [0m[1mUbuntu 25.04[0m[0;1;39m![0m

[c=2440000000 pc=0000000080369080]
[VBLK c=2440656306 STATUS=0 type=0 sec=526424 secleft=1 sderr=0 dmaerr=0]
[    0.847513] systemd[1]: Hostname set to <ubuntu>.
[c=2441000000 pc=0000000080211ed2]
[c=2442000000 pc=00000000803fb43c]
[c=2443000000 pc=0000000080774b2c]
[c=2444000000 pc=000000008064caf0]
[VBLK c=2444307903 STATUS=0 type=0 sec=599128 secleft=1 sderr=0 dmaerr=0]
[c=2445000000 pc=00000000812c1f3c]
[c=2446000000 pc=00000000807a15de]
[c=2447000000 pc=00000000803b3b7c]
[c=2448000000 pc=00000000803a3944]
[c=2449000000 pc=00000000803f74aa]
[c=2450000000 pc=0000000081286fc4]
[c=2451000000 pc=000000008024ca58]
[c=2452000000 pc=000000008024ca50]
[c=2453000000 pc=000000008024cab8]
[c=2454000000 pc=00000000803976f8]
[VBLK c=2454749065 STATUS=0 type=0 sec=4449288 secleft=1 sderr=0 dmaerr=0]
[c=2455000000 pc=000000008024ca5c]
[VBLK c=2455185276 STATUS=0 type=0 sec=4449296 secleft=1 sderr=0 dmaerr=0]
[VBLK c=2455621492 STATUS=0 type=0 sec=4449304 secleft=1 sderr=0 dmaerr=0]
[c=2456000000 pc=000000008024ca60]
[VBLK c=2456057708 STATUS=0 type=0 sec=4449312 secleft=1 sderr=0 dmaerr=0]
[VBLK c=2456493924 STATUS=0 type=0 sec=4449320 secleft=1 sderr=0 dmaerr=0]
[VBLK c=2456930140 STATUS=0 type=0 sec=4449328 secleft=1 sderr=0 dmaerr=0]
[c=2457000000 pc=00000000804f210a]
[VBLK c=2457366356 STATUS=0 type=0 sec=4449336 secleft=1 sderr=0 dmaerr=0]
[VBLK c=2457802572 STATUS=0 type=0 sec=4449344 secleft=1 sderr=0 dmaerr=0]
[c=2458000000 pc=000000008024cae8]
[VBLK c=2458238788 STATUS=0 type=0 sec=4449352 secleft=1 sderr=0 dmaerr=0]
[VBLK c=2458675004 STATUS=0 type=0 sec=4449360 secleft=1 sderr=0 dmaerr=0]
[c=2459000000 pc=000000008036c124]
[VBLK c=2459111220 STATUS=0 type=0 sec=4449368 secleft=1 sderr=0 dmaerr=0]
[VBLK c=2459547436 STATUS=0 type=0 sec=4449376 secleft=1 sderr=0 dmaerr=0]
[VBLK c=2459983652 STATUS=0 type=0 sec=4449384 secleft=1 sderr=0 dmaerr=0]
[c=2460000000 pc=000000008023b460]
[VBLK c=2460419868 STATUS=0 type=0 sec=4449392 secleft=1 sderr=0 dmaerr=0]
[VBLK c=2460856084 STATUS=0 type=0 sec=4449400 secleft=1 sderr=0 dmaerr=0]
[c=2461000000 pc=000000008024cb2a]
[VBLK c=2461292300 STATUS=0 type=0 sec=4449408 secleft=1 sderr=0 dmaerr=0]
[VBLK c=2461728516 STATUS=0 type=0 sec=4449416 secleft=1 sderr=0 dmaerr=0]
[c=2462000000 pc=0000000080282ed8]
[VBLK c=2462164732 STATUS=0 type=0 sec=4449424 secleft=1 sderr=0 dmaerr=0]
[VBLK c=2462600948 STATUS=0 type=0 sec=4449432 secleft=1 sderr=0 dmaerr=0]
[c=2463000000 pc=0000000080282fac]
[VBLK c=2463037164 STATUS=0 type=0 sec=4449440 secleft=1 sderr=0 dmaerr=0]
[VBLK c=2463473380 STATUS=0 type=0 sec=4449456 secleft=1 sderr=0 dmaerr=0]
[VBLK c=2463909596 STATUS=0 type=0 sec=4449464 secleft=1 sderr=0 dmaerr=0]
[c=2464000000 pc=000000008036c124]
[VBLK c=2464345812 STATUS=0 type=0 sec=4449472 secleft=1 sderr=0 dmaerr=0]
[VBLK c=2464782028 STATUS=0 type=0 sec=4449480 secleft=1 sderr=0 dmaerr=0]
[c=2465000000 pc=000000008024cade]
[VBLK c=2465218244 STATUS=0 type=0 sec=4449488 secleft=1 sderr=0 dmaerr=0]
[VBLK c=2465654460 STATUS=0 type=0 sec=4449496 secleft=1 sderr=0 dmaerr=0]
[c=2466000000 pc=000000008064caf0]
[VBLK c=2466090676 STATUS=0 type=0 sec=4449504 secleft=1 sderr=0 dmaerr=0]
[VBLK c=2466526976 STATUS=0 type=0 sec=4449512 secleft=1 sderr=0 dmaerr=0]
[VBLK c=2466963192 STATUS=0 type=0 sec=4449520 secleft=1 sderr=0 dmaerr=0]
[c=2467000000 pc=00000000804f0406]
[VBLK c=2467399408 STATUS=0 type=0 sec=4449528 secleft=1 sderr=0 dmaerr=0]
[VBLK c=2467835624 STATUS=0 type=0 sec=4449536 secleft=1 sderr=0 dmaerr=0]
[c=2468000000 pc=000000008076dd64]
[VBLK c=2468271840 STATUS=0 type=0 sec=4449448 secleft=1 sderr=0 dmaerr=0]
[c=2469000000 pc=000000008076bcae]
[VBLK c=2469815678 STATUS=0 type=0 sec=4559200 secleft=1 sderr=0 dmaerr=0]
[c=2470000000 pc=00000000804f2096]
[VBLK c=2470586267 STATUS=0 type=0 sec=4440320 secleft=1 sderr=0 dmaerr=0]
[c=2471000000 pc=000000008024ca50]
[VBLK c=2471022567 STATUS=0 type=0 sec=4440328 secleft=1 sderr=0 dmaerr=0]
[VBLK c=2471458783 STATUS=0 type=0 sec=4440336 secleft=1 sderr=0 dmaerr=0]
[VBLK c=2471894999 STATUS=0 type=0 sec=4440344 secleft=1 sderr=0 dmaerr=0]
[c=2472000000 pc=000000008024cac6]
[VBLK c=2472331215 STATUS=0 type=0 sec=4440352 secleft=1 sderr=0 dmaerr=0]
[VBLK c=2472767431 STATUS=0 type=0 sec=4440360 secleft=1 sderr=0 dmaerr=0]
[c=2473000000 pc=000000008064caf0]
[VBLK c=2473203647 STATUS=0 type=0 sec=4440368 secleft=1 sderr=0 dmaerr=0]
[VBLK c=2473639863 STATUS=0 type=0 sec=4440376 secleft=1 sderr=0 dmaerr=0]
[c=2474000000 pc=0000000080282bfc]
[VBLK c=2474076079 STATUS=0 type=0 sec=4440384 secleft=1 sderr=0 dmaerr=0]
[VBLK c=2474512295 STATUS=0 type=0 sec=4440392 secleft=1 sderr=0 dmaerr=0]
[VBLK c=2474948511 STATUS=0 type=0 sec=4440400 secleft=1 sderr=0 dmaerr=0]
[c=2475000000 pc=000000008048ce98]
[VBLK c=2475384727 STATUS=0 type=0 sec=4440408 secleft=1 sderr=0 dmaerr=0]
[VBLK c=2475820943 STATUS=0 type=0 sec=4440416 secleft=1 sderr=0 dmaerr=0]
[c=2476000000 pc=000000008024cb26]
[VBLK c=2476257159 STATUS=0 type=0 sec=4440424 secleft=1 sderr=0 dmaerr=0]
[VBLK c=2476693375 STATUS=0 type=0 sec=4440432 secleft=1 sderr=0 dmaerr=0]
[c=2477000000 pc=000000008076dd68]
[VBLK c=2477129591 STATUS=0 type=0 sec=4440440 secleft=1 sderr=0 dmaerr=0]
[VBLK c=2477565807 STATUS=0 type=0 sec=4440448 secleft=1 sderr=0 dmaerr=0]
[c=2478000000 pc=000000008024ca50]
[VBLK c=2478002023 STATUS=0 type=0 sec=4440456 secleft=1 sderr=0 dmaerr=0]
[VBLK c=2478438239 STATUS=0 type=0 sec=4440464 secleft=1 sderr=0 dmaerr=0]
[VBLK c=2478874455 STATUS=0 type=0 sec=4440472 secleft=1 sderr=0 dmaerr=0]
[c=2479000000 pc=000000008064caf0]
[VBLK c=2479310671 STATUS=0 type=0 sec=4440480 secleft=1 sderr=0 dmaerr=0]
[VBLK c=2479746971 STATUS=0 type=0 sec=4440488 secleft=1 sderr=0 dmaerr=0]
[c=2480000000 pc=000000008024cab4]
[VBLK c=2480183187 STATUS=0 type=0 sec=4440496 secleft=1 sderr=0 dmaerr=0]
[VBLK c=2480619403 STATUS=0 type=0 sec=4440504 secleft=1 sderr=0 dmaerr=0]
[c=2481000000 pc=000000008064caf0]
[VBLK c=2481055619 STATUS=0 type=0 sec=4440512 secleft=1 sderr=0 dmaerr=0]
[VBLK c=2481491835 STATUS=0 type=0 sec=4440520 secleft=1 sderr=0 dmaerr=0]
[VBLK c=2481928051 STATUS=0 type=0 sec=4440528 secleft=1 sderr=0 dmaerr=0]
[c=2482000000 pc=000000008076dd68]
[VBLK c=2482364267 STATUS=0 type=0 sec=4440544 secleft=1 sderr=0 dmaerr=0]
[VBLK c=2482800483 STATUS=0 type=0 sec=4440552 secleft=1 sderr=0 dmaerr=0]
[c=2483000000 pc=000000008036c124]
[VBLK c=2483236699 STATUS=0 type=0 sec=4440560 secleft=1 sderr=0 dmaerr=0]
[VBLK c=2483672999 STATUS=0 type=0 sec=4440568 secleft=1 sderr=0 dmaerr=0]
[c=2484000000 pc=0000000080282c0c]
[VBLK c=2484109215 STATUS=0 type=0 sec=4440576 secleft=1 sderr=0 dmaerr=0]
[VBLK c=2484545431 STATUS=0 type=0 sec=4440536 secleft=1 sderr=0 dmaerr=0]
[c=2485000000 pc=000000008034279a]
[c=2486000000 pc=00000000802247a0]
[c=2487000000 pc=000000008034243e]
[c=2488000000 pc=000000008030f714]
[c=2489000000 pc=000000008024ca4c]
[c=2490000000 pc=0000000080282bfc]
[VBLK c=2490162898 STATUS=0 type=0 sec=5362568 secleft=1 sderr=0 dmaerr=0]
[c=2491000000 pc=0000000080367520]
[VBLK c=2491775938 STATUS=0 type=0 sec=5362600 secleft=1 sderr=0 dmaerr=0]
[c=2492000000 pc=0000000080211ed2]
[c=2493000000 pc=0000000080311072]
[c=2494000000 pc=000000008033db9c]
[c=2495000000 pc=0000000080756500]
[c=2496000000 pc=000000008036f50c]
[c=2497000000 pc=000000008033db62]
[c=2498000000 pc=000000008031d512]
[c=2499000000 pc=000000008034dde2]
[c=2500000000 pc=0000000080211ed2]
[c=2501000000 pc=0000000080389a32]
[c=2502000000 pc=00000000823678ac]
[VBLK c=2502599929 STATUS=0 type=0 sec=368352 secleft=1 sderr=0 dmaerr=0]
[c=2503000000 pc=0000000080492604]
[VBLK c=2503444542 STATUS=0 type=0 sec=240896 secleft=1 sderr=0 dmaerr=0]
[VBLK c=2503880753 STATUS=0 type=0 sec=240904 secleft=1 sderr=0 dmaerr=0]
[c=2504000000 pc=000000008064caf0]
[VBLK c=2504316969 STATUS=0 type=0 sec=240912 secleft=1 sderr=0 dmaerr=0]
[VBLK c=2504753185 STATUS=0 type=0 sec=240920 secleft=1 sderr=0 dmaerr=0]
[c=2505000000 pc=000000008076dd70]
[VBLK c=2505189401 STATUS=0 type=0 sec=240928 secleft=1 sderr=0 dmaerr=0]
[VBLK c=2505625617 STATUS=0 type=0 sec=240936 secleft=1 sderr=0 dmaerr=0]
[c=2506000000 pc=000000008076dd70]
[VBLK c=2506061833 STATUS=0 type=0 sec=240944 secleft=1 sderr=0 dmaerr=0]
[VBLK c=2506498049 STATUS=0 type=0 sec=240952 secleft=1 sderr=0 dmaerr=0]
[VBLK c=2506934265 STATUS=0 type=0 sec=240960 secleft=1 sderr=0 dmaerr=0]
[c=2507000000 pc=000000008047f7fc]
[VBLK c=2507370481 STATUS=0 type=0 sec=240976 secleft=1 sderr=0 dmaerr=0]
[VBLK c=2507806781 STATUS=0 type=0 sec=240984 secleft=1 sderr=0 dmaerr=0]
[c=2508000000 pc=000000008076dd60]
[VBLK c=2508242997 STATUS=0 type=0 sec=240992 secleft=1 sderr=0 dmaerr=0]
[VBLK c=2508679213 STATUS=0 type=0 sec=241000 secleft=1 sderr=0 dmaerr=0]
[c=2509000000 pc=000000008076c130]
[VBLK c=2509115429 STATUS=0 type=0 sec=241008 secleft=1 sderr=0 dmaerr=0]
[VBLK c=2509551645 STATUS=0 type=0 sec=241016 secleft=1 sderr=0 dmaerr=0]
[VBLK c=2509987861 STATUS=0 type=0 sec=241024 secleft=1 sderr=0 dmaerr=0]
[c=2510000000 pc=000000008023ae76]
[VBLK c=2510424077 STATUS=0 type=0 sec=241032 secleft=1 sderr=0 dmaerr=0]
[VBLK c=2510860293 STATUS=0 type=0 sec=241040 secleft=1 sderr=0 dmaerr=0]
[c=2511000000 pc=000000008024caca]
[VBLK c=2511296509 STATUS=0 type=0 sec=241048 secleft=1 sderr=0 dmaerr=0]
[VBLK c=2511732725 STATUS=0 type=0 sec=241056 secleft=1 sderr=0 dmaerr=0]
[c=2512000000 pc=0000000080282ee4]
[VBLK c=2512168941 STATUS=0 type=0 sec=241064 secleft=1 sderr=0 dmaerr=0]
[VBLK c=2512605157 STATUS=0 type=0 sec=241072 secleft=1 sderr=0 dmaerr=0]
[c=2513000000 pc=000000008024ca60]
[VBLK c=2513041373 STATUS=0 type=0 sec=241080 secleft=1 sderr=0 dmaerr=0]
[VBLK c=2513477589 STATUS=0 type=0 sec=241088 secleft=1 sderr=0 dmaerr=0]
[VBLK c=2513913805 STATUS=0 type=0 sec=241096 secleft=1 sderr=0 dmaerr=0]
[c=2514000000 pc=000000008076dd70]
[VBLK c=2514350021 STATUS=0 type=0 sec=241104 secleft=1 sderr=0 dmaerr=0]
[VBLK c=2514786237 STATUS=0 type=0 sec=241112 secleft=1 sderr=0 dmaerr=0]
[c=2515000000 pc=0000000080282ee4]
[VBLK c=2515222453 STATUS=0 type=0 sec=241120 secleft=1 sderr=0 dmaerr=0]
[VBLK c=2515658669 STATUS=0 type=0 sec=241128 secleft=1 sderr=0 dmaerr=0]
[c=2516000000 pc=000000008064caf0]
[VBLK c=2516094885 STATUS=0 type=0 sec=241136 secleft=1 sderr=0 dmaerr=0]
[VBLK c=2516531101 STATUS=0 type=0 sec=241144 secleft=1 sderr=0 dmaerr=0]
[VBLK c=2516967317 STATUS=0 type=0 sec=241152 secleft=1 sderr=0 dmaerr=0]
[c=2517000000 pc=000000008024cad4]
[VBLK c=2517403533 STATUS=0 type=0 sec=240968 secleft=1 sderr=0 dmaerr=0]
[c=2518000000 pc=0000000080274ef4]
[VBLK c=2518258210 STATUS=0 type=0 sec=4559088 secleft=1 sderr=0 dmaerr=0]
[c=2519000000 pc=000000008024ca60]
[VBLK c=2519128192 STATUS=0 type=0 sec=4448256 secleft=1 sderr=0 dmaerr=0]
[VBLK c=2519564492 STATUS=0 type=0 sec=4448264 secleft=1 sderr=0 dmaerr=0]
[c=2520000000 pc=000000008076c12c]
[VBLK c=2520000708 STATUS=0 type=0 sec=4448272 secleft=1 sderr=0 dmaerr=0]
[VBLK c=2520436924 STATUS=0 type=0 sec=4448280 secleft=1 sderr=0 dmaerr=0]
[VBLK c=2520873140 STATUS=0 type=0 sec=4448288 secleft=1 sderr=0 dmaerr=0]
[c=2521000000 pc=0000000080282c08]
[VBLK c=2521309356 STATUS=0 type=0 sec=4448296 secleft=1 sderr=0 dmaerr=0]
[VBLK c=2521745572 STATUS=0 type=0 sec=4448304 secleft=1 sderr=0 dmaerr=0]
[c=2522000000 pc=0000000080282bfc]
[VBLK c=2522181788 STATUS=0 type=0 sec=4448312 secleft=1 sderr=0 dmaerr=0]
[VBLK c=2522618004 STATUS=0 type=0 sec=4448320 secleft=1 sderr=0 dmaerr=0]
[c=2523000000 pc=000000008024ca5c]
[VBLK c=2523054220 STATUS=0 type=0 sec=4448328 secleft=1 sderr=0 dmaerr=0]
[VBLK c=2523490436 STATUS=0 type=0 sec=4448336 secleft=1 sderr=0 dmaerr=0]
[VBLK c=2523926652 STATUS=0 type=0 sec=4448344 secleft=1 sderr=0 dmaerr=0]
[c=2524000000 pc=00000000804f2084]
[VBLK c=2524362868 STATUS=0 type=0 sec=4448352 secleft=1 sderr=0 dmaerr=0]
[VBLK c=2524799084 STATUS=0 type=0 sec=4448360 secleft=1 sderr=0 dmaerr=0]
[c=2525000000 pc=000000008024cad4]
[VBLK c=2525235300 STATUS=0 type=0 sec=4448368 secleft=1 sderr=0 dmaerr=0]
[VBLK c=2525671516 STATUS=0 type=0 sec=4448376 secleft=1 sderr=0 dmaerr=0]
[c=2526000000 pc=000000008024cace]
[VBLK c=2526107732 STATUS=0 type=0 sec=4448384 secleft=1 sderr=0 dmaerr=0]
[VBLK c=2526543948 STATUS=0 type=0 sec=4448392 secleft=1 sderr=0 dmaerr=0]
[VBLK c=2526980164 STATUS=0 type=0 sec=4448400 secleft=1 sderr=0 dmaerr=0]
[c=2527000000 pc=000000008023b530]
[VBLK c=2527416380 STATUS=0 type=0 sec=4448408 secleft=1 sderr=0 dmaerr=0]
[VBLK c=2527852596 STATUS=0 type=0 sec=4448416 secleft=1 sderr=0 dmaerr=0]
[c=2528000000 pc=000000008076c12c]
[VBLK c=2528288812 STATUS=0 type=0 sec=4448424 secleft=1 sderr=0 dmaerr=0]
[VBLK c=2528725028 STATUS=0 type=0 sec=4448432 secleft=1 sderr=0 dmaerr=0]
[c=2529000000 pc=000000008024cad4]
[VBLK c=2529161244 STATUS=0 type=0 sec=4448440 secleft=1 sderr=0 dmaerr=0]
[VBLK c=2529597460 STATUS=0 type=0 sec=4448456 secleft=1 sderr=0 dmaerr=0]
[c=2530000000 pc=000000008076c12c]
[VBLK c=2530033676 STATUS=0 type=0 sec=4448464 secleft=1 sderr=0 dmaerr=0]
[VBLK c=2530469892 STATUS=0 type=0 sec=4448472 secleft=1 sderr=0 dmaerr=0]
[VBLK c=2530906108 STATUS=0 type=0 sec=4448480 secleft=1 sderr=0 dmaerr=0]
[c=2531000000 pc=000000008024cad4]
[VBLK c=2531342324 STATUS=0 type=0 sec=4448488 secleft=1 sderr=0 dmaerr=0]
[VBLK c=2531778540 STATUS=0 type=0 sec=4448496 secleft=1 sderr=0 dmaerr=0]
[c=2532000000 pc=0000000080282eec]
[VBLK c=2532214756 STATUS=0 type=0 sec=4448504 secleft=1 sderr=0 dmaerr=0]
[VBLK c=2532650972 STATUS=0 type=0 sec=4448512 secleft=1 sderr=0 dmaerr=0]
[c=2533000000 pc=000000008076c130]
[VBLK c=2533087188 STATUS=0 type=0 sec=4448448 secleft=1 sderr=0 dmaerr=0]
[VBLK c=2533921574 STATUS=0 type=0 sec=4447240 secleft=1 sderr=0 dmaerr=0]
[c=2534000000 pc=000000008024001c]
[VBLK c=2534357790 STATUS=0 type=0 sec=4447248 secleft=1 sderr=0 dmaerr=0]
[VBLK c=2534794006 STATUS=0 type=0 sec=4447256 secleft=1 sderr=0 dmaerr=0]
[c=2535000000 pc=000000008024cac6]
[VBLK c=2535230222 STATUS=0 type=0 sec=4447264 secleft=1 sderr=0 dmaerr=0]
[VBLK c=2535666438 STATUS=0 type=0 sec=4447272 secleft=1 sderr=0 dmaerr=0]
[c=2536000000 pc=0000000080282fb4]
[VBLK c=2536102654 STATUS=0 type=0 sec=4447280 secleft=1 sderr=0 dmaerr=0]
[VBLK c=2536538870 STATUS=0 type=0 sec=4447288 secleft=1 sderr=0 dmaerr=0]
[VBLK c=2536975086 STATUS=0 type=0 sec=4447296 secleft=1 sderr=0 dmaerr=0]
[c=2537000000 pc=0000000080278de4]
[VBLK c=2537411302 STATUS=0 type=0 sec=4447304 secleft=1 sderr=0 dmaerr=0]
[VBLK c=2537847518 STATUS=0 type=0 sec=4447312 secleft=1 sderr=0 dmaerr=0]
[c=2538000000 pc=000000008036c124]
[VBLK c=2538283734 STATUS=0 type=0 sec=4447320 secleft=1 sderr=0 dmaerr=0]
[VBLK c=2538719950 STATUS=0 type=0 sec=4447328 secleft=1 sderr=0 dmaerr=0]
[c=2539000000 pc=000000008076dd64]
[VBLK c=2539156166 STATUS=0 type=0 sec=4447336 secleft=1 sderr=0 dmaerr=0]
[VBLK c=2539592382 STATUS=0 type=0 sec=4447344 secleft=1 sderr=0 dmaerr=0]
[c=2540000000 pc=000000008024ca58]
[VBLK c=2540028598 STATUS=0 type=0 sec=4447352 secleft=1 sderr=0 dmaerr=0]
[VBLK c=2540464814 STATUS=0 type=0 sec=4447360 secleft=1 sderr=0 dmaerr=0]
[VBLK c=2540901030 STATUS=0 type=0 sec=4447368 secleft=1 sderr=0 dmaerr=0]
[c=2541000000 pc=000000008076dd60]
[VBLK c=2541337246 STATUS=0 type=0 sec=4447376 secleft=1 sderr=0 dmaerr=0]
[VBLK c=2541773462 STATUS=0 type=0 sec=4447384 secleft=1 sderr=0 dmaerr=0]
[c=2542000000 pc=000000008036c124]
[VBLK c=2542209678 STATUS=0 type=0 sec=4447392 secleft=1 sderr=0 dmaerr=0]
[VBLK c=2542645894 STATUS=0 type=0 sec=4447400 secleft=1 sderr=0 dmaerr=0]
[c=2543000000 pc=0000000080282ee4]
[VBLK c=2543082110 STATUS=0 type=0 sec=4447408 secleft=1 sderr=0 dmaerr=0]
[VBLK c=2543518326 STATUS=0 type=0 sec=4447416 secleft=1 sderr=0 dmaerr=0]
[VBLK c=2543954542 STATUS=0 type=0 sec=4447424 secleft=1 sderr=0 dmaerr=0]
[c=2544000000 pc=000000008076f390]
[VBLK c=2544390758 STATUS=0 type=0 sec=4447432 secleft=1 sderr=0 dmaerr=0]
[VBLK c=2544826974 STATUS=0 type=0 sec=4447440 secleft=1 sderr=0 dmaerr=0]
[c=2545000000 pc=000000008076dd64]
[VBLK c=2545263274 STATUS=0 type=0 sec=4447456 secleft=1 sderr=0 dmaerr=0]
[VBLK c=2545699490 STATUS=0 type=0 sec=4447464 secleft=1 sderr=0 dmaerr=0]
[c=2546000000 pc=000000008064caf0]
[VBLK c=2546135706 STATUS=0 type=0 sec=4447472 secleft=1 sderr=0 dmaerr=0]
[VBLK c=2546571922 STATUS=0 type=0 sec=4447480 secleft=1 sderr=0 dmaerr=0]
[c=2547000000 pc=000000008036c124]
[VBLK c=2547008138 STATUS=0 type=0 sec=4447488 secleft=1 sderr=0 dmaerr=0]
[VBLK c=2547444354 STATUS=0 type=0 sec=4447448 secleft=1 sderr=0 dmaerr=0]
[c=2548000000 pc=000000008047d850]
[VBLK c=2548516327 STATUS=0 type=0 sec=4476416 secleft=1 sderr=0 dmaerr=0]
[VBLK c=2548952543 STATUS=0 type=0 sec=4476424 secleft=1 sderr=0 dmaerr=0]
[c=2549000000 pc=0000000080244516]
[VBLK c=2549388759 STATUS=0 type=0 sec=4476432 secleft=1 sderr=0 dmaerr=0]
[VBLK c=2549824975 STATUS=0 type=0 sec=4476440 secleft=1 sderr=0 dmaerr=0]
[c=2550000000 pc=000000008064caf0]
[VBLK c=2550261191 STATUS=0 type=0 sec=4476448 secleft=1 sderr=0 dmaerr=0]
[VBLK c=2550697407 STATUS=0 type=0 sec=4476456 secleft=1 sderr=0 dmaerr=0]
[c=2551000000 pc=0000000080282fa4]
[VBLK c=2551133623 STATUS=0 type=0 sec=4476464 secleft=1 sderr=0 dmaerr=0]
[VBLK c=2551569839 STATUS=0 type=0 sec=4476472 secleft=1 sderr=0 dmaerr=0]
[c=2552000000 pc=0000000080282ee4]
[VBLK c=2552006055 STATUS=0 type=0 sec=4476480 secleft=1 sderr=0 dmaerr=0]
[VBLK c=2552442271 STATUS=0 type=0 sec=4476488 secleft=1 sderr=0 dmaerr=0]
[VBLK c=2552878487 STATUS=0 type=0 sec=4476496 secleft=1 sderr=0 dmaerr=0]
[c=2553000000 pc=000000008024cadc]
[VBLK c=2553314703 STATUS=0 type=0 sec=4476504 secleft=1 sderr=0 dmaerr=0]
[VBLK c=2553750919 STATUS=0 type=0 sec=4476512 secleft=1 sderr=0 dmaerr=0]
[c=2554000000 pc=0000000080282fc2]
[VBLK c=2554187135 STATUS=0 type=0 sec=4476520 secleft=1 sderr=0 dmaerr=0]
[VBLK c=2554623351 STATUS=0 type=0 sec=4476528 secleft=1 sderr=0 dmaerr=0]
[c=2555000000 pc=0000000080282bfc]
[VBLK c=2555059567 STATUS=0 type=0 sec=4476536 secleft=1 sderr=0 dmaerr=0]
[VBLK c=2555495783 STATUS=0 type=0 sec=4476544 secleft=1 sderr=0 dmaerr=0]
[VBLK c=2555932083 STATUS=0 type=0 sec=4476552 secleft=1 sderr=0 dmaerr=0]
[c=2556000000 pc=00000000804815c2]
[VBLK c=2556368299 STATUS=0 type=0 sec=4476560 secleft=1 sderr=0 dmaerr=0]
[VBLK c=2556804515 STATUS=0 type=0 sec=4476568 secleft=1 sderr=0 dmaerr=0]
[c=2557000000 pc=0000000080282bf8]
[VBLK c=2557240731 STATUS=0 type=0 sec=4476584 secleft=1 sderr=0 dmaerr=0]
[VBLK c=2557676947 STATUS=0 type=0 sec=4476592 secleft=1 sderr=0 dmaerr=0]
[c=2558000000 pc=0000000080282fb4]
[VBLK c=2558113163 STATUS=0 type=0 sec=4476600 secleft=1 sderr=0 dmaerr=0]
[VBLK c=2558549379 STATUS=0 type=0 sec=4476608 secleft=1 sderr=0 dmaerr=0]
[VBLK c=2558985595 STATUS=0 type=0 sec=4476616 secleft=1 sderr=0 dmaerr=0]
[c=2559000000 pc=000000008051081c]
[VBLK c=2559421811 STATUS=0 type=0 sec=4476624 secleft=1 sderr=0 dmaerr=0]
[VBLK c=2559858111 STATUS=0 type=0 sec=4476632 secleft=1 sderr=0 dmaerr=0]
[c=2560000000 pc=000000008076c124]
[VBLK c=2560294327 STATUS=0 type=0 sec=4476640 secleft=1 sderr=0 dmaerr=0]
[VBLK c=2560730543 STATUS=0 type=0 sec=4476648 secleft=1 sderr=0 dmaerr=0]
[c=2561000000 pc=000000008024ca58]
[VBLK c=2561166759 STATUS=0 type=0 sec=4476656 secleft=1 sderr=0 dmaerr=0]
[VBLK c=2561603059 STATUS=0 type=0 sec=4476664 secleft=1 sderr=0 dmaerr=0]
[c=2562000000 pc=0000000080282fa8]
[VBLK c=2562039275 STATUS=0 type=0 sec=4476672 secleft=1 sderr=0 dmaerr=0]
[VBLK c=2562475491 STATUS=0 type=0 sec=4476576 secleft=1 sderr=0 dmaerr=0]
[VBLK c=2562986606 STATUS=0 type=0 sec=7436232 secleft=1 sderr=0 dmaerr=0]
[c=2563000000 pc=000000008048b7d2]
[VBLK c=2563576328 STATUS=0 type=0 sec=7417304 secleft=1 sderr=0 dmaerr=0]
[c=2564000000 pc=0000000080282fac]
[VBLK c=2564367184 STATUS=0 type=0 sec=4447744 secleft=1 sderr=0 dmaerr=0]
[VBLK c=2564803484 STATUS=0 type=0 sec=4447752 secleft=1 sderr=0 dmaerr=0]
[c=2565000000 pc=0000000080282fa8]
[VBLK c=2565239700 STATUS=0 type=0 sec=4447760 secleft=1 sderr=0 dmaerr=0]
[VBLK c=2565675916 STATUS=0 type=0 sec=4447776 secleft=1 sderr=0 dmaerr=0]
[c=2566000000 pc=0000000080282ed8]
[VBLK c=2566112132 STATUS=0 type=0 sec=4447784 secleft=1 sderr=0 dmaerr=0]
[VBLK c=2566548348 STATUS=0 type=0 sec=4447792 secleft=1 sderr=0 dmaerr=0]
[VBLK c=2566984564 STATUS=0 type=0 sec=4447800 secleft=1 sderr=0 dmaerr=0]
[c=2567000000 pc=00000000805103f4]
[VBLK c=2567420780 STATUS=0 type=0 sec=4447808 secleft=1 sderr=0 dmaerr=0]
[VBLK c=2567856996 STATUS=0 type=0 sec=4447816 secleft=1 sderr=0 dmaerr=0]
[c=2568000000 pc=000000008076c134]
[VBLK c=2568293212 STATUS=0 type=0 sec=4447824 secleft=1 sderr=0 dmaerr=0]
[VBLK c=2568729428 STATUS=0 type=0 sec=4447832 secleft=1 sderr=0 dmaerr=0]
[c=2569000000 pc=000000008024cace]
[VBLK c=2569165644 STATUS=0 type=0 sec=4447840 secleft=1 sderr=0 dmaerr=0]
[VBLK c=2569601860 STATUS=0 type=0 sec=4447848 secleft=1 sderr=0 dmaerr=0]
[c=2570000000 pc=000000008076c128]
[VBLK c=2570038076 STATUS=0 type=0 sec=4447856 secleft=1 sderr=0 dmaerr=0]
[VBLK c=2570474292 STATUS=0 type=0 sec=4447864 secleft=1 sderr=0 dmaerr=0]
[VBLK c=2570910508 STATUS=0 type=0 sec=4447872 secleft=1 sderr=0 dmaerr=0]
[c=2571000000 pc=0000000080282ee0]
[VBLK c=2571346724 STATUS=0 type=0 sec=4447880 secleft=1 sderr=0 dmaerr=0]
[VBLK c=2571782940 STATUS=0 type=0 sec=4447888 secleft=1 sderr=0 dmaerr=0]
[c=2572000000 pc=000000008024cabe]
[VBLK c=2572219156 STATUS=0 type=0 sec=4447896 secleft=1 sderr=0 dmaerr=0]
[VBLK c=2572655372 STATUS=0 type=0 sec=4447904 secleft=1 sderr=0 dmaerr=0]
[c=2573000000 pc=000000008076dd5a]
[VBLK c=2573091588 STATUS=0 type=0 sec=4447912 secleft=1 sderr=0 dmaerr=0]
[VBLK c=2573527804 STATUS=0 type=0 sec=4447920 secleft=1 sderr=0 dmaerr=0]
[VBLK c=2573964020 STATUS=0 type=0 sec=4447928 secleft=1 sderr=0 dmaerr=0]
[c=2574000000 pc=000000008027145e]
[VBLK c=2574400236 STATUS=0 type=0 sec=4447936 secleft=1 sderr=0 dmaerr=0]
[VBLK c=2574836452 STATUS=0 type=0 sec=4447944 secleft=1 sderr=0 dmaerr=0]
[c=2575000000 pc=000000008024cabe]
[VBLK c=2575272668 STATUS=0 type=0 sec=4447952 secleft=1 sderr=0 dmaerr=0]
[VBLK c=2575708884 STATUS=0 type=0 sec=4447960 secleft=1 sderr=0 dmaerr=0]
[c=2576000000 pc=000000008024ca58]
[VBLK c=2576145100 STATUS=0 type=0 sec=4447968 secleft=1 sderr=0 dmaerr=0]
[VBLK c=2576581316 STATUS=0 type=0 sec=4447976 secleft=1 sderr=0 dmaerr=0]
[c=2577000000 pc=000000008024cad4]
[VBLK c=2577017532 STATUS=0 type=0 sec=4447984 secleft=1 sderr=0 dmaerr=0]
[VBLK c=2577453748 STATUS=0 type=0 sec=4447992 secleft=1 sderr=0 dmaerr=0]
[VBLK c=2577889964 STATUS=0 type=0 sec=4448000 secleft=1 sderr=0 dmaerr=0]
[c=2578000000 pc=000000008064caf0]
[VBLK c=2578326180 STATUS=0 type=0 sec=4447768 secleft=1 sderr=0 dmaerr=0]
[c=2579000000 pc=000000008076dd64]
[VBLK c=2579032228 STATUS=0 type=0 sec=4442624 secleft=1 sderr=0 dmaerr=0]
[VBLK c=2579468444 STATUS=0 type=0 sec=4442632 secleft=1 sderr=0 dmaerr=0]
[VBLK c=2579904660 STATUS=0 type=0 sec=4442640 secleft=1 sderr=0 dmaerr=0]
[c=2580000000 pc=000000008024ca44]
[VBLK c=2580340876 STATUS=0 type=0 sec=4442648 secleft=1 sderr=0 dmaerr=0]
[VBLK c=2580777092 STATUS=0 type=0 sec=4442656 secleft=1 sderr=0 dmaerr=0]
[c=2581000000 pc=000000008036c124]
[VBLK c=2581213392 STATUS=0 type=0 sec=4442664 secleft=1 sderr=0 dmaerr=0]
[VBLK c=2581649608 STATUS=0 type=0 sec=4442672 secleft=1 sderr=0 dmaerr=0]
[c=2582000000 pc=000000008024caf4]
[VBLK c=2582085824 STATUS=0 type=0 sec=4442688 secleft=1 sderr=0 dmaerr=0]
[VBLK c=2582522040 STATUS=0 type=0 sec=4442696 secleft=1 sderr=0 dmaerr=0]
[VBLK c=2582958256 STATUS=0 type=0 sec=4442704 secleft=1 sderr=0 dmaerr=0]
[c=2583000000 pc=00000000804f2764]
[VBLK c=2583394472 STATUS=0 type=0 sec=4442712 secleft=1 sderr=0 dmaerr=0]
[VBLK c=2583830688 STATUS=0 type=0 sec=4442720 secleft=1 sderr=0 dmaerr=0]
[c=2584000000 pc=0000000080282ee4]
[VBLK c=2584266904 STATUS=0 type=0 sec=4442728 secleft=1 sderr=0 dmaerr=0]
[VBLK c=2584703120 STATUS=0 type=0 sec=4442736 secleft=1 sderr=0 dmaerr=0]
[c=2585000000 pc=0000000080282fa8]
[VBLK c=2585139336 STATUS=0 type=0 sec=4442744 secleft=1 sderr=0 dmaerr=0]
[VBLK c=2585575552 STATUS=0 type=0 sec=4442752 secleft=1 sderr=0 dmaerr=0]
[c=2586000000 pc=000000008024cac4]
[VBLK c=2586011768 STATUS=0 type=0 sec=4442760 secleft=1 sderr=0 dmaerr=0]
[VBLK c=2586447984 STATUS=0 type=0 sec=4442768 secleft=1 sderr=0 dmaerr=0]
[VBLK c=2586884200 STATUS=0 type=0 sec=4442776 secleft=1 sderr=0 dmaerr=0]
[c=2587000000 pc=000000008076dd54]
[VBLK c=2587320416 STATUS=0 type=0 sec=4442784 secleft=1 sderr=0 dmaerr=0]
[VBLK c=2587756632 STATUS=0 type=0 sec=4442792 secleft=1 sderr=0 dmaerr=0]
[c=2588000000 pc=000000008064caf0]
[VBLK c=2588192848 STATUS=0 type=0 sec=4442800 secleft=1 sderr=0 dmaerr=0]
[VBLK c=2588629064 STATUS=0 type=0 sec=4442808 secleft=1 sderr=0 dmaerr=0]
[c=2589000000 pc=0000000080282ee4]
[VBLK c=2589065280 STATUS=0 type=0 sec=4442816 secleft=1 sderr=0 dmaerr=0]
[VBLK c=2589501496 STATUS=0 type=0 sec=4442824 secleft=1 sderr=0 dmaerr=0]
[VBLK c=2589937712 STATUS=0 type=0 sec=4442832 secleft=1 sderr=0 dmaerr=0]
[c=2590000000 pc=0000000080282eec]
[VBLK c=2590373928 STATUS=0 type=0 sec=4442840 secleft=1 sderr=0 dmaerr=0]
[VBLK c=2590810144 STATUS=0 type=0 sec=4442848 secleft=1 sderr=0 dmaerr=0]
[c=2591000000 pc=0000000080282fc6]
[VBLK c=2591246360 STATUS=0 type=0 sec=4442856 secleft=1 sderr=0 dmaerr=0]
[VBLK c=2591682576 STATUS=0 type=0 sec=4442864 secleft=1 sderr=0 dmaerr=0]
[c=2592000000 pc=000000008064caf0]
[VBLK c=2592118792 STATUS=0 type=0 sec=4442872 secleft=1 sderr=0 dmaerr=0]
[VBLK c=2592555008 STATUS=0 type=0 sec=4442680 secleft=1 sderr=0 dmaerr=0]
[c=2593000000 pc=000000008128850c]
[c=2594000000 pc=00000000803423a4]
[c=2595000000 pc=0000000080769a3e]
[c=2596000000 pc=000000008033d7b6]
[c=2597000000 pc=000000008034d6dc]
[c=2598000000 pc=000000008039528e]
[c=2599000000 pc=000000008033af98]
[c=2600000000 pc=0000000080335668]
[c=2601000000 pc=000000008075f996]
[c=2602000000 pc=0000000080211efe]
[VBLK c=2602820787 STATUS=0 type=0 sec=4222968 secleft=1 sderr=0 dmaerr=0]
[c=2603000000 pc=000000008037d46e]
[VBLK c=2603257003 STATUS=0 type=0 sec=5056320 secleft=1 sderr=0 dmaerr=0]
[VBLK c=2603693219 STATUS=0 type=0 sec=4558096 secleft=1 sderr=0 dmaerr=0]
[c=2604000000 pc=00000000803a8e16]
[c=2605000000 pc=00000000803a2922]
[VBLK c=2605175523 STATUS=0 type=0 sec=2618520 secleft=1 sderr=0 dmaerr=0]
[VBLK c=2605611739 STATUS=0 type=0 sec=4558144 secleft=1 sderr=0 dmaerr=0]
[c=2606000000 pc=0000000080310e42]
[c=2607000000 pc=0000000080774a02]
[VBLK c=2607693607 STATUS=0 type=0 sec=4558120 secleft=1 sderr=0 dmaerr=0]
[c=2608000000 pc=0000000080335c3e]
[VBLK c=2608995782 STATUS=0 type=0 sec=2618552 secleft=1 sderr=0 dmaerr=0]
[c=2609000000 pc=00000000802123a4]
[VBLK c=2609431998 STATUS=0 type=0 sec=4834896 secleft=1 sderr=0 dmaerr=0]
[VBLK c=2609868214 STATUS=0 type=0 sec=4834904 secleft=1 sderr=0 dmaerr=0]
[c=2610000000 pc=000000008076d222]
[VBLK c=2610304430 STATUS=0 type=0 sec=4834912 secleft=1 sderr=0 dmaerr=0]
[VBLK c=2610740646 STATUS=0 type=0 sec=4834920 secleft=1 sderr=0 dmaerr=0]
[c=2611000000 pc=000000008034853c]
[VBLK c=2611525558 STATUS=0 type=0 sec=5362608 secleft=1 sderr=0 dmaerr=0]
[c=2612000000 pc=000000008076be90]
[VBLK c=2612310554 STATUS=0 type=0 sec=5362624 secleft=1 sderr=0 dmaerr=0]
[c=2613000000 pc=0000000080755628]
[VBLK c=2613792858 STATUS=0 type=0 sec=11905024 secleft=1 sderr=0 dmaerr=0]
[c=2614000000 pc=00000000802255a6]
[VBLK c=2614229494 STATUS=0 type=0 sec=4834928 secleft=1 sderr=0 dmaerr=0]
[c=2615000000 pc=0000000080335bd0]
[VBLK c=2615014406 STATUS=0 type=0 sec=4834936 secleft=1 sderr=0 dmaerr=0]
[VBLK c=2615799402 STATUS=0 type=0 sec=4834952 secleft=1 sderr=0 dmaerr=0]
[c=2616000000 pc=0000000080350bbe]
[VBLK c=2616584398 STATUS=0 type=0 sec=4834968 secleft=1 sderr=0 dmaerr=0]
[c=2617000000 pc=000000008030f8bc]
[c=2618000000 pc=00000000807555bc]
[VBLK c=2618066954 STATUS=0 type=0 sec=4834984 secleft=1 sderr=0 dmaerr=0]
[c=2619000000 pc=00000000807699e0]
[c=2620000000 pc=000000008037ee08]
[VBLK c=2620944042 STATUS=0 type=0 sec=4835016 secleft=1 sderr=0 dmaerr=0]
[c=2621000000 pc=00000000803690be]
[VBLK c=2621380258 STATUS=0 type=0 sec=5362640 secleft=1 sderr=0 dmaerr=0]
[VBLK c=2621816474 STATUS=0 type=0 sec=5362648 secleft=1 sderr=0 dmaerr=0]
[c=2622000000 pc=0000000080341b0e]
[VBLK c=2622252690 STATUS=0 type=0 sec=5362656 secleft=1 sderr=0 dmaerr=0]
[VBLK c=2622688906 STATUS=0 type=0 sec=5362664 secleft=1 sderr=0 dmaerr=0]
[c=2623000000 pc=000000008034eec2]
[VBLK c=2623473818 STATUS=0 type=0 sec=11905056 secleft=1 sderr=0 dmaerr=0]
[VBLK c=2623910034 STATUS=0 type=0 sec=11905072 secleft=1 sderr=0 dmaerr=0]
[c=2624000000 pc=00000000804a2e00]
[VBLK c=2624346418 STATUS=0 type=0 sec=11905080 secleft=1 sderr=0 dmaerr=0]
[VBLK c=2624782634 STATUS=0 type=0 sec=11905088 secleft=1 sderr=0 dmaerr=0]
[c=2625000000 pc=0000000080755d9c]
[c=2626000000 pc=0000000080072552]
[VBLK c=2626265022 STATUS=0 type=0 sec=15568136 secleft=1 sderr=0 dmaerr=0]
[c=2627000000 pc=00000000803b2a5e]
[VBLK c=2627747326 STATUS=0 type=0 sec=17816576 secleft=1 sderr=0 dmaerr=0]
[c=2628000000 pc=000000008035dd08]
[c=2629000000 pc=0000000080751d2e]
[c=2630000000 pc=0000000080479dfc]
[VBLK c=2630624414 STATUS=0 type=0 sec=4835080 secleft=1 sderr=0 dmaerr=0]
[c=2631000000 pc=0000000080358a92]
[c=2632000000 pc=000000008128353c]
[VBLK c=2632106718 STATUS=0 type=0 sec=10523000 secleft=1 sderr=0 dmaerr=0]
[c=2633000000 pc=0000000080774a4a]
[VBLK c=2633589190 STATUS=0 type=0 sec=10523040 secleft=1 sderr=0 dmaerr=0]
[c=2634000000 pc=000000008034de7e]
[VBLK c=2634374102 STATUS=0 type=0 sec=11905096 secleft=1 sderr=0 dmaerr=0]
[c=2635000000 pc=0000000080211ece]
[VBLK c=2635159098 STATUS=0 type=0 sec=11905112 secleft=1 sderr=0 dmaerr=0]
[VBLK c=2635944178 STATUS=0 type=0 sec=11905128 secleft=1 sderr=0 dmaerr=0]
[c=2636000000 pc=0000000080075e34]
[VBLK c=2636729090 STATUS=0 type=0 sec=11905144 secleft=1 sderr=0 dmaerr=0]
[c=2637000000 pc=00000000812810ba]
[c=2638000000 pc=0000000082221ca4]
[c=2639000000 pc=0000000082d72df6]
[c=2640000000 pc=000000008033eb1c]
[VBLK c=2640049104 STATUS=0 type=0 sec=11905160 secleft=1 sderr=0 dmaerr=0]
[c=2641000000 pc=00000000804f0264]
[c=2642000000 pc=0000000080335a74]
[VBLK c=2642926192 STATUS=0 type=0 sec=11905224 secleft=1 sderr=0 dmaerr=0]
[c=2643000000 pc=000000008030f7a8]
[c=2644000000 pc=0000000080774ae0]
[c=2645000000 pc=00000000803581a4]
[c=2646000000 pc=000000008035f1ba]
[c=2647000000 pc=0000000082d181ba]
[c=2648000000 pc=0000000082d18200]
[c=2649000000 pc=000000008076bf38]
[c=2650000000 pc=0000000080342264]
[c=2651000000 pc=000000008076ba08]
[c=2652000000 pc=000000008030f8dc]
[c=2653000000 pc=00000000802108be]
[c=2654000000 pc=000000008035e030]
[VBLK c=2654171984 STATUS=0 type=0 sec=11905288 secleft=1 sderr=0 dmaerr=0]
[VBLK c=2654608200 STATUS=0 type=0 sec=15568168 secleft=1 sderr=0 dmaerr=0]
[c=2655000000 pc=000000008034de10]
[VBLK c=2655308464 STATUS=0 type=0 sec=15568176 secleft=1 sderr=0 dmaerr=0]
[VBLK c=2655744680 STATUS=0 type=0 sec=15568184 secleft=1 sderr=0 dmaerr=0]
[c=2656000000 pc=00000000803a15e2]
[VBLK c=2656180896 STATUS=0 type=0 sec=15568192 secleft=1 sderr=0 dmaerr=0]
[c=2657000000 pc=000000008076b970]
[c=2658000000 pc=0000000080752628]
[c=2659000000 pc=00000000803414b0]
[c=2660000000 pc=0000000080070f06]
[c=2661000000 pc=0000000080071932]
[c=2662000000 pc=00000000803432d4]
[c=2663000000 pc=0000000080340456]
[c=2664000000 pc=00000000803426f8]
[c=2665000000 pc=000000008030f880]
[c=2666000000 pc=0000000080755e76]
[c=2667000000 pc=0000000080075e5a]
[c=2668000000 pc=0000000080774a1a]
[c=2669000000 pc=0000000080211ee0]
[c=2670000000 pc=000000008034dd88]
[c=2671000000 pc=0000000080294640]
[c=2672000000 pc=000000008033ef24]
[c=2673000000 pc=00000000800727fc]
[c=2674000000 pc=000000008076b984]
[c=2675000000 pc=0000000080072fd8]
[c=2676000000 pc=00000000800723e8]
[c=2677000000 pc=0000000080072842]
[c=2678000000 pc=0000000080298b3a]
[c=2679000000 pc=00000000803f7820]
[c=2680000000 pc=0000000080282ee0]
[c=2681000000 pc=000000008036c124]
[c=2682000000 pc=000000008076dd6c]
[VBLK c=2682294603 STATUS=0 type=0 sec=17816608 secleft=1 sderr=0 dmaerr=0]
[c=2683000000 pc=000000008024ca4c]
[VBLK c=2683776902 STATUS=0 type=0 sec=10523128 secleft=1 sderr=0 dmaerr=0]
[c=2684000000 pc=000000008033e1a2]
[VBLK c=2684213118 STATUS=0 type=0 sec=10523232 secleft=1 sderr=0 dmaerr=0]
[VBLK c=2684649334 STATUS=0 type=0 sec=10523240 secleft=1 sderr=0 dmaerr=0]
[c=2685000000 pc=0000000080356ce2]
[VBLK c=2685955494 STATUS=0 type=0 sec=10523248 secleft=1 sderr=0 dmaerr=0]
[c=2686000000 pc=0000000080514846]
[c=2687000000 pc=000000008031c882]
[VBLK c=2687089102 STATUS=0 type=0 sec=10523272 secleft=1 sderr=0 dmaerr=0]
[c=2688000000 pc=000000008075f250]
[VBLK c=2688571406 STATUS=0 type=0 sec=10523296 secleft=1 sderr=0 dmaerr=0]
[c=2689000000 pc=000000008031d42a]
[VBLK c=2689356486 STATUS=0 type=0 sec=15568200 secleft=1 sderr=0 dmaerr=0]
[c=2690000000 pc=000000008036918e]
[VBLK c=2690141398 STATUS=0 type=0 sec=15568216 secleft=1 sderr=0 dmaerr=0]
[c=2691000000 pc=000000008036297a]
[VBLK c=2691687652 STATUS=0 type=0 sec=15568232 secleft=1 sderr=0 dmaerr=0]
[c=2692000000 pc=0000000080346abc]
[c=2693000000 pc=000000008033db8c]
[VBLK c=2693169956 STATUS=0 type=0 sec=5089616 secleft=1 sderr=0 dmaerr=0]
[VBLK c=2693606172 STATUS=0 type=0 sec=10523032 secleft=1 sderr=0 dmaerr=0]
[c=2694000000 pc=000000008033571c]
[VBLK c=2694307225 STATUS=0 type=0 sec=10523072 secleft=1 sderr=0 dmaerr=0]
[VBLK c=2694743436 STATUS=0 type=0 sec=10523160 secleft=1 sderr=0 dmaerr=0]
[c=2695000000 pc=00000000803576fa]
[c=2696000000 pc=000000008032a140]
[VBLK c=2696276640 STATUS=0 type=0 sec=10523264 secleft=1 sderr=0 dmaerr=0]
[c=2697000000 pc=00000000803a883c]
[VBLK c=2697410248 STATUS=0 type=0 sec=10523368 secleft=1 sderr=0 dmaerr=0]
[VBLK c=2697846464 STATUS=0 type=0 sec=15568264 secleft=1 sderr=0 dmaerr=0]
[c=2698000000 pc=000000008034de9e]
[VBLK c=2698282680 STATUS=0 type=0 sec=15568272 secleft=1 sderr=0 dmaerr=0]
[VBLK c=2698922812 STATUS=0 type=0 sec=2166008 secleft=1 sderr=0 dmaerr=0]
[c=2699000000 pc=00000000805ef3d0]
[VBLK c=2699359028 STATUS=0 type=0 sec=10523080 secleft=1 sderr=0 dmaerr=0]
[VBLK c=2699795244 STATUS=0 type=0 sec=10523088 secleft=1 sderr=0 dmaerr=0]
[c=2700000000 pc=00000000803acb96]
[c=2701000000 pc=00000000803100c8]
[VBLK c=2701953152 STATUS=0 type=0 sec=10523096 secleft=1 sderr=0 dmaerr=0]
[c=2702000000 pc=000000008035e366]
[c=2703000000 pc=000000008076b9ac]
[VBLK c=2703435451 STATUS=0 type=0 sec=10523328 secleft=1 sderr=0 dmaerr=0]
[c=2704000000 pc=000000008038d9b6]
[VBLK c=2704917755 STATUS=0 type=0 sec=10523392 secleft=1 sderr=0 dmaerr=0]
[c=2705000000 pc=000000008021234a]
[c=2706000000 pc=00000000803715f0]
[VBLK c=2706051363 STATUS=0 type=0 sec=10523448 secleft=1 sderr=0 dmaerr=0]
[VBLK c=2706487579 STATUS=0 type=0 sec=600416 secleft=1 sderr=0 dmaerr=0]
[VBLK c=2706923795 STATUS=0 type=0 sec=2165952 secleft=1 sderr=0 dmaerr=0]
[c=2707000000 pc=000000008034de60]
[c=2708000000 pc=000000008064e6b0]
[c=2709000000 pc=000000008037aaa0]
[VBLK c=2709290303 STATUS=0 type=0 sec=3708928 secleft=1 sderr=0 dmaerr=0]
[c=2710000000 pc=0000000080754e42]
[VBLK c=2710075215 STATUS=0 type=0 sec=10523112 secleft=1 sderr=0 dmaerr=0]
[VBLK c=2710511431 STATUS=0 type=0 sec=10523360 secleft=1 sderr=0 dmaerr=0]
[c=2711000000 pc=000000008037ee20]
[c=2712000000 pc=000000008037d64e]
[VBLK c=2712201495 STATUS=0 type=0 sec=10523424 secleft=1 sderr=0 dmaerr=0]
[VBLK c=2712637711 STATUS=0 type=0 sec=10523432 secleft=1 sderr=0 dmaerr=0]
[c=2713000000 pc=000000008034de06]
[c=2714000000 pc=000000008033dfd8]
[VBLK c=2714172921 STATUS=0 type=0 sec=10523440 secleft=1 sderr=0 dmaerr=0]
[VBLK c=2714609132 STATUS=0 type=0 sec=1807760 secleft=1 sderr=0 dmaerr=0]
[c=2715000000 pc=0000000080357720]
[c=2716000000 pc=00000000803842a4]
[VBLK c=2716181513 STATUS=0 type=0 sec=1807768 secleft=1 sderr=0 dmaerr=0]
[c=2717000000 pc=000000008006a2f2]
[c=2718000000 pc=000000008035729e]
[VBLK c=2718706963 STATUS=0 type=0 sec=7292912 secleft=1 sderr=0 dmaerr=0]
[c=2719000000 pc=000000008076b9ac]
[c=2720000000 pc=00000000807521a0]
[c=2721000000 pc=0000000080355b30]
[VBLK c=2721023971 STATUS=0 type=0 sec=4254880 secleft=1 sderr=0 dmaerr=0]
[VBLK c=2721460187 STATUS=0 type=0 sec=4558104 secleft=1 sderr=0 dmaerr=0]
[c=2722000000 pc=000000008033db58]
[VBLK c=2722319630 STATUS=0 type=0 sec=4507648 secleft=1 sderr=0 dmaerr=0]
[VBLK c=2722755841 STATUS=0 type=0 sec=4507656 secleft=1 sderr=0 dmaerr=0]
[c=2723000000 pc=000000008035dcf4]
[VBLK c=2723192057 STATUS=0 type=0 sec=4507664 secleft=1 sderr=0 dmaerr=0]
[c=2724000000 pc=0000000080755ed8]
[VBLK c=2724758148 STATUS=0 type=0 sec=4507672 secleft=1 sderr=0 dmaerr=0]
[c=2725000000 pc=000000008076c06e]
[VBLK c=2725194364 STATUS=0 type=0 sec=4507680 secleft=1 sderr=0 dmaerr=0]
[VBLK c=2725630580 STATUS=0 type=0 sec=4507688 secleft=1 sderr=0 dmaerr=0]
[c=2726000000 pc=0000000082222d64]
[VBLK c=2726066796 STATUS=0 type=0 sec=4507696 secleft=1 sderr=0 dmaerr=0]
[VBLK c=2726503012 STATUS=0 type=0 sec=4507704 secleft=1 sderr=0 dmaerr=0]
[c=2727000000 pc=0000000082222d6a]
[c=2728000000 pc=000000008025a8e8]
[VBLK c=2728308960 STATUS=0 type=0 sec=4254912 secleft=1 sderr=0 dmaerr=0]
[VBLK c=2728745176 STATUS=0 type=0 sec=4507712 secleft=1 sderr=0 dmaerr=0]
[c=2729000000 pc=00000000800718ce]
[VBLK c=2729181392 STATUS=0 type=0 sec=4507720 secleft=1 sderr=0 dmaerr=0]
[VBLK c=2729617608 STATUS=0 type=0 sec=4507728 secleft=1 sderr=0 dmaerr=0]
[c=2730000000 pc=000000008076b9e0]
[c=2731000000 pc=00000000803358ee]
[VBLK c=2731218356 STATUS=0 type=0 sec=4254920 secleft=1 sderr=0 dmaerr=0]
[VBLK c=2731654824 STATUS=0 type=0 sec=4254928 secleft=1 sderr=0 dmaerr=0]
[c=2732000000 pc=000000008021172c]
[c=2733000000 pc=0000000080380910]
[VBLK c=2733252065 STATUS=0 type=0 sec=4254936 secleft=1 sderr=0 dmaerr=0]
[VBLK c=2733688281 STATUS=0 type=0 sec=4254944 secleft=1 sderr=0 dmaerr=0]
[c=2734000000 pc=000000008035ab6e]
[VBLK c=2734124497 STATUS=0 type=0 sec=3708960 secleft=1 sderr=0 dmaerr=0]
[VBLK c=2734560713 STATUS=0 type=0 sec=3708968 secleft=1 sderr=0 dmaerr=0]
[VBLK c=2734996929 STATUS=0 type=0 sec=3708976 secleft=1 sderr=0 dmaerr=0]
[c=2735000000 pc=00000000805104f4]
[c=2736000000 pc=00000000804f2084]
[VBLK c=2736365641 STATUS=0 type=0 sec=3708984 secleft=1 sderr=0 dmaerr=0]
[VBLK c=2736801857 STATUS=0 type=0 sec=4254952 secleft=1 sderr=0 dmaerr=0]
[c=2737000000 pc=0000000080358210]
[c=2738000000 pc=000000008021a248]
[VBLK c=2738035030 STATUS=0 type=0 sec=4507736 secleft=1 sderr=0 dmaerr=0]
[VBLK c=2738471246 STATUS=0 type=0 sec=4507744 secleft=1 sderr=0 dmaerr=0]
[VBLK c=2738907546 STATUS=0 type=0 sec=4507752 secleft=1 sderr=0 dmaerr=0]
[c=2739000000 pc=000000008034dd7a]
[VBLK c=2739343762 STATUS=0 type=0 sec=4507760 secleft=1 sderr=0 dmaerr=0]
[c=2740000000 pc=0000000080397664]
[VBLK c=2740805362 STATUS=0 type=0 sec=4507776 secleft=1 sderr=0 dmaerr=0]
[c=2741000000 pc=00000000800723e8]
[VBLK c=2741241662 STATUS=0 type=0 sec=4507784 secleft=1 sderr=0 dmaerr=0]
[c=2742000000 pc=000000008038dfdc]
[VBLK c=2742298480 STATUS=0 type=0 sec=4254960 secleft=1 sderr=0 dmaerr=0]
[VBLK c=2742734691 STATUS=0 type=0 sec=3708992 secleft=1 sderr=0 dmaerr=0]
[c=2743000000 pc=0000000080071962]
[c=2744000000 pc=0000000080266c26]
[VBLK c=2744480897 STATUS=0 type=0 sec=3709000 secleft=1 sderr=0 dmaerr=0]
[c=2745000000 pc=0000000080075e4a]
[VBLK c=2745265809 STATUS=0 type=0 sec=3709008 secleft=1 sderr=0 dmaerr=0]
[VBLK c=2745788695 STATUS=0 type=0 sec=3709024 secleft=1 sderr=0 dmaerr=0]
[c=2746000000 pc=000000008029463a]
[VBLK c=2746224911 STATUS=0 type=0 sec=3709032 secleft=1 sderr=0 dmaerr=0]
[VBLK c=2746661211 STATUS=0 type=0 sec=4507792 secleft=1 sderr=0 dmaerr=0]
[c=2747000000 pc=000000008037d4d4]
[c=2748000000 pc=000000008034081a]
[VBLK c=2748271235 STATUS=0 type=0 sec=4507800 secleft=1 sderr=0 dmaerr=0]
[VBLK c=2748707446 STATUS=0 type=0 sec=4507808 secleft=1 sderr=0 dmaerr=0]
[c=2749000000 pc=0000000080340704]
[VBLK c=2749196662 STATUS=0 type=0 sec=4507816 secleft=1 sderr=0 dmaerr=0]
[VBLK c=2749632878 STATUS=0 type=0 sec=4507824 secleft=1 sderr=0 dmaerr=0]
[c=2750000000 pc=0000000080211db8]
[VBLK c=2750069094 STATUS=0 type=0 sec=4507832 secleft=1 sderr=0 dmaerr=0]
[VBLK c=2750891224 STATUS=0 type=0 sec=3709040 secleft=1 sderr=0 dmaerr=0]
[c=2751000000 pc=000000008030f794]
[VBLK c=2751327440 STATUS=0 type=0 sec=3709048 secleft=1 sderr=0 dmaerr=0]
[VBLK c=2751824614 STATUS=0 type=0 sec=3709056 secleft=1 sderr=0 dmaerr=0]
[c=2752000000 pc=0000000080341b1c]
[VBLK c=2752260825 STATUS=0 type=0 sec=3709064 secleft=1 sderr=0 dmaerr=0]
[c=2753000000 pc=00000000803496d2]
[VBLK c=2753203045 STATUS=0 type=0 sec=3709072 secleft=1 sderr=0 dmaerr=0]
[VBLK c=2753987957 STATUS=0 type=0 sec=3709088 secleft=1 sderr=0 dmaerr=0]
[c=2754000000 pc=0000000080254540]
[VBLK c=2754772869 STATUS=0 type=0 sec=3709104 secleft=1 sderr=0 dmaerr=0]
[c=2755000000 pc=000000008007284c]
[VBLK c=2755557781 STATUS=0 type=0 sec=3709120 secleft=1 sderr=0 dmaerr=0]
[c=2756000000 pc=00000000800727fc]
[VBLK c=2756342693 STATUS=0 type=0 sec=3709136 secleft=1 sderr=0 dmaerr=0]
[VBLK c=2756778909 STATUS=0 type=0 sec=4507840 secleft=1 sderr=0 dmaerr=0]
[c=2757000000 pc=0000000080073c3c]
[VBLK c=2757215125 STATUS=0 type=0 sec=4507848 secleft=1 sderr=0 dmaerr=0]
[c=2758000000 pc=000000008076b9e0]
[VBLK c=2758793573 STATUS=0 type=0 sec=4507856 secleft=1 sderr=0 dmaerr=0]
[c=2759000000 pc=0000000080072700]
[VBLK c=2759229789 STATUS=0 type=0 sec=4507864 secleft=1 sderr=0 dmaerr=0]
[VBLK c=2759666005 STATUS=0 type=0 sec=4507872 secleft=1 sderr=0 dmaerr=0]
[c=2760000000 pc=0000000080751eac]
[VBLK c=2760102221 STATUS=0 type=0 sec=4507880 secleft=1 sderr=0 dmaerr=0]
[VBLK c=2760887133 STATUS=0 type=0 sec=3709152 secleft=1 sderr=0 dmaerr=0]
[c=2761000000 pc=000000008075476c]
[VBLK c=2761672045 STATUS=0 type=0 sec=3709168 secleft=1 sderr=0 dmaerr=0]
[c=2762000000 pc=000000008007272c]
[VBLK c=2762457209 STATUS=0 type=0 sec=3709184 secleft=1 sderr=0 dmaerr=0]
[c=2763000000 pc=0000000080075e34]
[VBLK c=2763242289 STATUS=0 type=0 sec=3709200 secleft=1 sderr=0 dmaerr=0]
[VBLK c=2763678505 STATUS=0 type=0 sec=4507768 secleft=1 sderr=0 dmaerr=0]
[c=2764000000 pc=000000008076c0ac]
[VBLK c=2764114721 STATUS=0 type=0 sec=4507888 secleft=1 sderr=0 dmaerr=0]
[VBLK c=2764550937 STATUS=0 type=0 sec=4507896 secleft=1 sderr=0 dmaerr=0]
[c=2765000000 pc=0000000080070ef0]
[c=2766000000 pc=000000008036c01c]
[VBLK c=2766403198 STATUS=0 type=0 sec=4507904 secleft=1 sderr=0 dmaerr=0]
[VBLK c=2766839414 STATUS=0 type=0 sec=4561600 secleft=1 sderr=0 dmaerr=0]
[c=2767000000 pc=00000000804d0d2c]
[VBLK c=2767624326 STATUS=0 type=0 sec=3709216 secleft=1 sderr=0 dmaerr=0]
[c=2768000000 pc=0000000080311bfc]
[VBLK c=2768409238 STATUS=0 type=0 sec=3709232 secleft=1 sderr=0 dmaerr=0]
[c=2769000000 pc=000000008031cd00]
[VBLK c=2769645748 STATUS=0 type=0 sec=3709248 secleft=1 sderr=0 dmaerr=0]
[c=2770000000 pc=00000000800796d6]
[VBLK c=2770430744 STATUS=0 type=0 sec=3709264 secleft=1 sderr=0 dmaerr=0]
[c=2771000000 pc=0000000080075e14]
[c=2772000000 pc=000000008075f9e6]
[c=2773000000 pc=0000000082222c06]
[VBLK c=2773394881 STATUS=0 type=0 sec=3709280 secleft=1 sderr=0 dmaerr=0]
[c=2774000000 pc=0000000080754038]
[VBLK c=2774877269 STATUS=0 type=0 sec=3709328 secleft=1 sderr=0 dmaerr=0]
[c=2775000000 pc=0000000080755dde]
[c=2776000000 pc=0000000080075e14]
[VBLK c=2776359573 STATUS=0 type=0 sec=3709360 secleft=1 sderr=0 dmaerr=0]
[c=2777000000 pc=000000008075764e]
[VBLK c=2777841961 STATUS=0 type=0 sec=3709392 secleft=1 sderr=0 dmaerr=0]
[c=2778000000 pc=0000000082222c02]
[c=2779000000 pc=0000000080211ed2]
[VBLK c=2779324265 STATUS=0 type=0 sec=3709424 secleft=1 sderr=0 dmaerr=0]
[c=2780000000 pc=000000008076b98c]
[VBLK c=2780806653 STATUS=0 type=0 sec=3709456 secleft=1 sderr=0 dmaerr=0]
[c=2781000000 pc=0000000080755cda]
[c=2782000000 pc=000000008076b9e0]
[VBLK c=2782588988 STATUS=0 type=0 sec=3709488 secleft=1 sderr=0 dmaerr=0]
[c=2783000000 pc=0000000080075e52]
[c=2784000000 pc=000000008037b9a0]
[c=2785000000 pc=0000000080072562]
[VBLK c=2785466244 STATUS=0 type=0 sec=3709520 secleft=1 sderr=0 dmaerr=0]
[c=2786000000 pc=000000008076bc44]
[c=2787000000 pc=000000008076b9ac]
[c=2788000000 pc=00000000807563e2]
[VBLK c=2788343332 STATUS=0 type=0 sec=3709584 secleft=1 sderr=0 dmaerr=0]
[c=2789000000 pc=0000000080075eba]
[c=2790000000 pc=0000000082222c72]
[c=2791000000 pc=0000000080755efa]
[VBLK c=2791220420 STATUS=0 type=0 sec=3709648 secleft=1 sderr=0 dmaerr=0]
[c=2792000000 pc=0000000080075e52]
[c=2793000000 pc=0000000080075e4a]
[c=2794000000 pc=0000000080072f3c]
[VBLK c=2794097676 STATUS=0 type=0 sec=3709712 secleft=1 sderr=0 dmaerr=0]
[c=2795000000 pc=000000008034887c]
[c=2796000000 pc=0000000080075e4a]
[c=2797000000 pc=0000000080075e3a]
[c=2798000000 pc=0000000080072544]
[c=2799000000 pc=00000000803690c2]
[VBLK c=2799764332 STATUS=0 type=0 sec=3709776 secleft=1 sderr=0 dmaerr=0]
[c=2800000000 pc=000000008000cb32]
[c=2801000000 pc=000000008076b9ac]
[c=2802000000 pc=000000008031c268]
[c=2803000000 pc=0000000080075e3a]
[c=2804000000 pc=0000000080075e4a]
[c=2805000000 pc=00000000803135b2]
[c=2806000000 pc=000000008034de20]
[c=2807000000 pc=0000000080075e4a]
[c=2808000000 pc=000000008007283a]
[c=2809000000 pc=0000000080346354]
[c=2810000000 pc=0000000080774a02]
[c=2811000000 pc=0000000080341002]
[VBLK c=2811010208 STATUS=0 type=0 sec=3709904 secleft=1 sderr=0 dmaerr=0]
[c=2812000000 pc=0000000080340fba]
[c=2813000000 pc=000000008007280a]
[c=2814000000 pc=0000000082222d64]
[c=2815000000 pc=0000000082222c26]
[c=2816000000 pc=0000000080075e5a]
[c=2817000000 pc=000000008007272c]
[c=2818000000 pc=000000008076b9ac]
[c=2819000000 pc=000000008024eaa0]
[c=2820000000 pc=0000000080075e4a]
[c=2821000000 pc=000000008033582a]
[c=2822000000 pc=00000000800724e6]
[VBLK c=2822257344 STATUS=0 type=0 sec=3710160 secleft=1 sderr=0 dmaerr=0]
[c=2823000000 pc=0000000080075e10]
[c=2824000000 pc=0000000080072ed0]
[c=2825000000 pc=0000000080075e3a]
[c=2826000000 pc=0000000080072ec4]
[c=2827000000 pc=0000000080072f02]
[c=2828000000 pc=0000000080072fd0]
[c=2829000000 pc=0000000080075e2c]
[c=2830000000 pc=0000000080072504]
[c=2831000000 pc=0000000082222d22]
[c=2832000000 pc=00000000800761b4]
[c=2833000000 pc=0000000080075e34]
[c=2834000000 pc=00000000800727d8]
[c=2835000000 pc=000000008035df2e]
[c=2836000000 pc=0000000080072430]
[c=2837000000 pc=000000008007246c]
[c=2838000000 pc=00000000800761be]
[c=2839000000 pc=000000008076b9a8]
[c=2840000000 pc=0000000080313520]
[c=2841000000 pc=0000000080340740]
[c=2842000000 pc=0000000080075e10]
[c=2843000000 pc=000000008037edac]
[c=2844000000 pc=0000000080075e4a]
[VBLK c=2844661408 STATUS=0 type=0 sec=3710416 secleft=1 sderr=0 dmaerr=0]
[c=2845000000 pc=0000000080075e4a]
[c=2846000000 pc=000000008007246c]
[c=2847000000 pc=00000000800723f4]
[c=2848000000 pc=00000000800723b2]
[c=2849000000 pc=000000008076ed04]
[c=2850000000 pc=0000000082222c26]
[c=2851000000 pc=0000000080340584]
[c=2852000000 pc=000000008034043c]
[c=2853000000 pc=0000000080072eea]
[c=2854000000 pc=00000000800723e8]
[c=2855000000 pc=0000000080072552]
[c=2856000000 pc=0000000080075f5a]
[c=2857000000 pc=000000008034dd7e]
[c=2858000000 pc=00000000800723ba]
[c=2859000000 pc=00000000800725aa]
[c=2860000000 pc=0000000080072ec8]
[c=2861000000 pc=000000008034d702]
[c=2862000000 pc=0000000082222d46]
[c=2863000000 pc=0000000080075e4a]
[c=2864000000 pc=00000000807561e8]
[c=2865000000 pc=0000000080075e4a]
[c=2866000000 pc=0000000080335838]
[c=2867000000 pc=0000000080075e4a]
[c=2868000000 pc=0000000080075e2c]
[c=2869000000 pc=0000000080075e2c]
[c=2870000000 pc=0000000080075e24]
[c=2871000000 pc=0000000080075e1c]
[c=2872000000 pc=000000008031c238]
[VBLK c=2872993556 STATUS=0 type=0 sec=3710928 secleft=1 sderr=0 dmaerr=0]
[c=2873000000 pc=00000000802123a4]
[VBLK c=2873429772 STATUS=0 type=0 sec=4833384 secleft=1 sderr=0 dmaerr=0]
[c=2874000000 pc=00000000800761a6]
[c=2875000000 pc=0000000080075ffe]
[VBLK c=2875065330 STATUS=0 type=0 sec=715776 secleft=1 sderr=0 dmaerr=0]
[c=2876000000 pc=0000000080211ee8]
[VBLK c=2876547634 STATUS=0 type=0 sec=3704832 secleft=1 sderr=0 dmaerr=0]
[VBLK c=2876983850 STATUS=0 type=0 sec=368208 secleft=1 sderr=0 dmaerr=0]
[c=2877000000 pc=000000008031549c]
[c=2878000000 pc=0000000080769c60]
[c=2879000000 pc=0000000080072584]
[c=2880000000 pc=00000000800723f4]
[c=2881000000 pc=0000000080075e2c]
[VBLK c=2881953114 STATUS=0 type=0 sec=715808 secleft=1 sderr=0 dmaerr=0]
[c=2882000000 pc=000000008076b9ac]
[VBLK c=2882738026 STATUS=0 type=0 sec=510808 secleft=1 sderr=0 dmaerr=0]
[c=2883000000 pc=000000008035dcd8]
[c=2884000000 pc=0000000080211e7c]
[c=2885000000 pc=0000000080310e12]
[c=2886000000 pc=00000000804a22be]
[VBLK c=2886447857 STATUS=0 type=0 sec=368224 secleft=1 sderr=0 dmaerr=0]
[c=2887000000 pc=000000008047d7ac]
[c=2888000000 pc=0000000080072ebe]
[c=2889000000 pc=0000000080075e3a]
[c=2890000000 pc=0000000080772066]
[c=2891000000 pc=0000000080075f2c]
[c=2892000000 pc=0000000080075e24]
[c=2893000000 pc=000000008034f758]
[c=2894000000 pc=000000008030f790]
[c=2895000000 pc=000000008007282e]
[c=2896000000 pc=0000000080075f5a]
[c=2897000000 pc=00000000800727aa]
[c=2898000000 pc=00000000800727c6]
[c=2899000000 pc=00000000803493fe]
[c=2900000000 pc=0000000082222d30]
[c=2901000000 pc=0000000080072bfe]
[c=2902000000 pc=0000000080075ef6]
[c=2903000000 pc=000000008076a6cc]
[c=2904000000 pc=000000008030f722]
[c=2905000000 pc=00000000803acc00]
[c=2906000000 pc=0000000080396192]
[c=2907000000 pc=000000008037aa3e]
[c=2908000000 pc=0000000080389cac]
[c=2909000000 pc=0000000082222c26]
[c=2910000000 pc=0000000082222c14]
[c=2911000000 pc=000000008076b97c]
[c=2912000000 pc=0000000080075f20]
[c=2913000000 pc=0000000080072ed8]
[c=2914000000 pc=000000008030f8d4]
[c=2915000000 pc=0000000080310de2]
[c=2916000000 pc=0000000080075e10]
[c=2917000000 pc=000000008030f8bc]
[c=2918000000 pc=000000008076bc4c]
[c=2919000000 pc=0000000080385d7c]
[c=2920000000 pc=0000000080310dee]
[c=2921000000 pc=00000000807649cc]
[c=2922000000 pc=0000000080394f92]
[c=2923000000 pc=00000000802c0384]
[c=2924000000 pc=000000008076d22a]
[c=2925000000 pc=00000000800727fc]
[c=2926000000 pc=0000000080310df4]
[c=2927000000 pc=00000000803a2916]
[c=2928000000 pc=000000008037aaae]
[c=2929000000 pc=000000008034de7e]
[c=2930000000 pc=000000008037aa3e]
[c=2931000000 pc=000000008037f0e8]
[c=2932000000 pc=0000000080075ffa]
[c=2933000000 pc=0000000080340444]
[c=2934000000 pc=0000000080072ed8]
[c=2935000000 pc=00000000803c2240]
[c=2936000000 pc=0000000082222406]
[c=2937000000 pc=00000000803c2250]
[c=2938000000 pc=0000000082222d3e]
[c=2939000000 pc=00000000800725bc]
[c=2940000000 pc=000000008033dd3e]
[c=2941000000 pc=00000000803675f2]
[c=2942000000 pc=000000008037aa52]
[c=2943000000 pc=000000008037aa06]
[c=2944000000 pc=0000000080755d36]
[c=2945000000 pc=0000000080072812]
[c=2946000000 pc=000000008076ba18]
[c=2947000000 pc=000000008033e200]
[c=2948000000 pc=000000008031d184]
[c=2949000000 pc=0000000080356cbc]
[c=2950000000 pc=0000000080774a12]
[c=2951000000 pc=000000008033db90]
[c=2952000000 pc=000000008033e16c]
[c=2953000000 pc=000000008031c86c]
[c=2954000000 pc=000000008235c856]
[c=2955000000 pc=000000008030f710]
[c=2956000000 pc=000000008076ba24]
[c=2957000000 pc=0000000080356cb4]
[c=2958000000 pc=000000008034052c]
[c=2959000000 pc=000000008037d338]
[c=2960000000 pc=000000008075f244]
[c=2961000000 pc=000000008037aa3a]
[c=2962000000 pc=000000008033e23c]
[c=2963000000 pc=000000008035ad46]
[c=2964000000 pc=000000008033e15c]
[c=2965000000 pc=0000000080389998]
[c=2966000000 pc=0000000080279630]
[c=2967000000 pc=0000000080274fda]
[c=2968000000 pc=0000000080274ed0]
[c=2969000000 pc=0000000080282d86]
[VBLK c=2969660104 STATUS=0 type=0 sec=19634368 secleft=1 sderr=0 dmaerr=0]
[c=2970000000 pc=0000000080282fb4]
[VBLK c=2970793707 STATUS=0 type=0 sec=19638272 secleft=1 sderr=0 dmaerr=0]
[c=2971000000 pc=0000000080278e1e]
[VBLK c=2971229923 STATUS=0 type=0 sec=19638304 secleft=1 sderr=0 dmaerr=0]
[VBLK c=2971666139 STATUS=0 type=0 sec=19638400 secleft=1 sderr=0 dmaerr=0]
[c=2972000000 pc=0000000080282bfc]
[VBLK c=2972102355 STATUS=0 type=0 sec=19638416 secleft=1 sderr=0 dmaerr=0]
[c=2973000000 pc=000000008024cabe]
[c=2974000000 pc=000000008024caf4]
[c=2975000000 pc=000000008024ca5c]
[c=2976000000 pc=000000008024cace]
[c=2977000000 pc=0000000080282d96]
[c=2978000000 pc=0000000080282cec]
[c=2979000000 pc=0000000080282d6e]
[c=2980000000 pc=000000008076c12c]
[c=2981000000 pc=0000000080282fa4]
[c=2982000000 pc=000000008024caca]
[c=2983000000 pc=0000000080282c10]
[c=2984000000 pc=0000000080282d90]
[c=2985000000 pc=000000008029acf8]
[c=2986000000 pc=0000000080274ecc]
[c=2987000000 pc=0000000080274f42]
[c=2988000000 pc=0000000080274fc0]
[c=2989000000 pc=000000008027691c]
[c=2990000000 pc=0000000080282a64]
[c=2991000000 pc=0000000080282a78]
[c=2992000000 pc=0000000080282c9e]
[c=2993000000 pc=000000008027505a]
[c=2994000000 pc=0000000080282d6a]
[c=2995000000 pc=000000008076c134]
[c=2996000000 pc=0000000080282fac]
[c=2997000000 pc=000000008024cac6]
[c=2998000000 pc=0000000080282c10]
[c=2999000000 pc=0000000080282988]
[c=3000000000 pc=000000008029ad04]
[c=3001000000 pc=0000000080274ecc]
[c=3002000000 pc=0000000080274f42]
[c=3003000000 pc=0000000080274fca]
[c=3004000000 pc=0000000080276922]
[c=3005000000 pc=0000000080282a6a]
[c=3006000000 pc=0000000080282a12]
[c=3007000000 pc=0000000080282c9e]
[c=3008000000 pc=0000000080282cf4]
[c=3009000000 pc=0000000080282d72]
[c=3010000000 pc=000000008076c130]
[c=3011000000 pc=0000000080282fac]
[c=3012000000 pc=000000008024ca44]
[c=3013000000 pc=000000008024cae4]
[c=3014000000 pc=0000000080282d92]
[c=3015000000 pc=000000008029ad00]
[c=3016000000 pc=0000000080274ed4]
[c=3017000000 pc=0000000080275086]
[c=3018000000 pc=0000000080274fc2]
[c=3019000000 pc=0000000080276920]
[c=3020000000 pc=0000000080282a6a]
[c=3021000000 pc=0000000080282a80]
[c=3022000000 pc=0000000080282cb6]
[c=3023000000 pc=0000000080282cec]
[c=3024000000 pc=0000000080282d72]
[c=3025000000 pc=000000008076c138]
[c=3026000000 pc=0000000080282fb4]
[c=3027000000 pc=000000008024caca]
[c=3028000000 pc=000000008024cae2]
[c=3029000000 pc=000000008028298c]
[c=3030000000 pc=000000008029ad0e]
[c=3031000000 pc=0000000080274ed0]
[c=3032000000 pc=0000000080274f4a]
[c=3033000000 pc=0000000080274fda]
[c=3034000000 pc=0000000080276926]
[c=3035000000 pc=00000000802829f2]
[c=3036000000 pc=0000000080282a80]
[c=3037000000 pc=0000000080282cb6]
[c=3038000000 pc=0000000080282cf6]
[c=3039000000 pc=0000000080282d76]
[c=3040000000 pc=000000008076c138]
[c=3041000000 pc=0000000080282fb4]
[c=3042000000 pc=000000008024ca48]
[c=3043000000 pc=000000008024cae8]
[c=3044000000 pc=000000008028298c]
[c=3045000000 pc=000000008029ad0e]
[c=3046000000 pc=0000000080274eda]
[c=3047000000 pc=000000008027508c]
[c=3048000000 pc=0000000080274fda]
[c=3049000000 pc=0000000080276922]
[c=3050000000 pc=00000000802829ea]
[c=3051000000 pc=0000000080282a1c]
[c=3052000000 pc=0000000080282cba]
[c=3053000000 pc=0000000080282cf4]
[c=3054000000 pc=0000000080282d76]
[c=3055000000 pc=000000008076dd6c]
[c=3056000000 pc=0000000080282fc6]
[c=3057000000 pc=000000008024ca48]
[c=3058000000 pc=000000008024cae4]
[c=3059000000 pc=0000000080282990]
[c=3060000000 pc=000000008029ad18]
[c=3061000000 pc=0000000080274eda]
[c=3062000000 pc=0000000080275086]
[c=3063000000 pc=0000000080274fe0]
[c=3064000000 pc=000000008027692c]
[c=3065000000 pc=0000000080282a08]
[c=3066000000 pc=0000000080282a80]
[c=3067000000 pc=0000000080282cba]
[c=3068000000 pc=0000000080282cfc]
[c=3069000000 pc=00000000802756c6]
[c=3070000000 pc=000000008076dd68]
[c=3071000000 pc=0000000080282fc2]
[c=3072000000 pc=000000008024ca50]
[c=3073000000 pc=0000000080282c80]
[c=3074000000 pc=0000000080282990]
[c=3075000000 pc=000000008029ad12]
[c=3076000000 pc=0000000080274ede]
[c=3077000000 pc=0000000080275090]
[c=3078000000 pc=0000000080274fe0]
[c=3079000000 pc=000000008027692c]
[c=3080000000 pc=0000000080282a08]
[c=3081000000 pc=0000000080282a20]
[c=3082000000 pc=0000000080282cbe]
[c=3083000000 pc=0000000080282cfc]
[c=3084000000 pc=00000000802756c2]
[c=3085000000 pc=000000008076dd70]
[c=3086000000 pc=000000008024cab8]
[c=3087000000 pc=000000008024ca4c]
[c=3088000000 pc=000000008076dd54]
[c=3089000000 pc=0000000080282994]
[c=3090000000 pc=00000000802829d8]
[VBLK c=3090746515 STATUS=0 type=0 sec=19638472 secleft=1 sderr=0 dmaerr=0]
[c=3091000000 pc=0000000080282ee4]
[c=3092000000 pc=000000008036c124]
[c=3093000000 pc=0000000080282bf8]
[c=3094000000 pc=00000000802829d4]
[c=3095000000 pc=00000000802756b4]
[c=3096000000 pc=0000000080274f10]
[c=3097000000 pc=0000000080274f7c]
[c=3098000000 pc=0000000080276904]
[c=3099000000 pc=0000000080282d96]
[c=3100000000 pc=000000008027965a]
[c=3101000000 pc=0000000080282a3e]
[c=3102000000 pc=00000000802756cc]
[c=3103000000 pc=0000000080282d44]
[c=3104000000 pc=000000008036c124]
[c=3105000000 pc=000000008024caf8]
[c=3106000000 pc=000000008024cabe]
[c=3107000000 pc=0000000080282c00]
[c=3108000000 pc=0000000080282d7e]
[c=3109000000 pc=00000000802829cc]
[c=3110000000 pc=00000000802756b8]
[c=3111000000 pc=0000000080274f1c]
[c=3112000000 pc=0000000080274f7c]
[c=3113000000 pc=0000000080276904]
[c=3114000000 pc=0000000080282c9e]
[c=3115000000 pc=000000008027965e]
[c=3116000000 pc=000000008024cabe]
[c=3117000000 pc=00000000802756cc]
[c=3118000000 pc=0000000080282dee]
[c=3119000000 pc=000000008076c124]
[c=3120000000 pc=000000008024cab4]
[c=3121000000 pc=000000008024ca6c]
[c=3122000000 pc=0000000080282bfc]
[c=3123000000 pc=0000000080282d86]
[c=3124000000 pc=000000008029acf0]
[c=3125000000 pc=00000000802756b8]
[c=3126000000 pc=0000000080274f1c]
[c=3127000000 pc=0000000080274fa0]
[c=3128000000 pc=000000008027690e]
[c=3129000000 pc=0000000080282c9a]
[c=3130000000 pc=000000008027965e]
[c=3131000000 pc=000000008024cabe]
[c=3132000000 pc=00000000802756ea]
[c=3133000000 pc=0000000080282d4a]
[c=3134000000 pc=000000008036c124]
[c=3135000000 pc=000000008024cab4]
[c=3136000000 pc=000000008024cabe]
[c=3137000000 pc=0000000080282c08]
[c=3138000000 pc=0000000080282d80]
[c=3139000000 pc=00000000802829d4]
[c=3140000000 pc=00000000802756bc]
[c=3141000000 pc=0000000080274f2a]
[c=3142000000 pc=0000000080274f80]
[VBLK c=3142092347 STATUS=0 type=0 sec=19641192 secleft=1 sderr=0 dmaerr=0]
[VBLK c=3142528563 STATUS=0 type=0 sec=522248 secleft=1 sderr=0 dmaerr=0]
[c=3143000000 pc=0000000080282eec]
[c=3144000000 pc=000000008036c124]
[c=3145000000 pc=000000008076c12c]
[c=3146000000 pc=000000008024caf0]
[c=3147000000 pc=000000008024ca5c]
[c=3148000000 pc=0000000080274eec]
[c=3149000000 pc=0000000080282988]
[c=3150000000 pc=000000008024cac6]
[c=3151000000 pc=000000008076c128]
[c=3152000000 pc=0000000080282cec]
[c=3153000000 pc=000000008027963c]
[c=3154000000 pc=0000000080274ffe]
[c=3155000000 pc=0000000080274ede]
[c=3156000000 pc=000000008028298c]
[c=3157000000 pc=000000008024cac4]
[c=3158000000 pc=000000008036c124]
[c=3159000000 pc=0000000080282cdc]
[c=3160000000 pc=000000008027963c]
[c=3161000000 pc=0000000080274ffe]
[c=3162000000 pc=0000000080274ed4]
[c=3163000000 pc=0000000080282d88]
[c=3164000000 pc=000000008024cabe]
[c=3165000000 pc=000000008036c124]
[c=3166000000 pc=0000000080282cd4]
[c=3167000000 pc=0000000080279630]
[c=3168000000 pc=0000000080274fda]
[c=3169000000 pc=0000000080274ed0]
[c=3170000000 pc=0000000080282d90]
[c=3171000000 pc=000000008024ca6c]
[c=3172000000 pc=000000008076dd60]
[c=3173000000 pc=0000000080282cc8]
[c=3174000000 pc=0000000080279630]
[c=3175000000 pc=0000000080274fe0]
[c=3176000000 pc=0000000080274ec8]
[c=3177000000 pc=0000000080282d7e]
[c=3178000000 pc=000000008024ca68]
[c=3179000000 pc=000000008076dd64]
[c=3180000000 pc=0000000080282cc4]
[c=3181000000 pc=00000000802829ea]
[c=3182000000 pc=0000000080274fc0]
[c=3183000000 pc=00000000802756bc]
[c=3184000000 pc=0000000080282d7e]
[c=3185000000 pc=000000008024ca64]
[c=3186000000 pc=000000008076dd54]
[c=3187000000 pc=0000000080282cbe]
[c=3188000000 pc=00000000802829f2]
[c=3189000000 pc=0000000080274fc0]
[c=3190000000 pc=00000000802756b8]
[c=3191000000 pc=0000000080282c94]
[c=3192000000 pc=000000008024ca60]
[c=3193000000 pc=000000008076dd54]
[c=3194000000 pc=0000000080282cba]
[c=3195000000 pc=0000000080282a64]
[c=3196000000 pc=0000000080274f7c]
[c=3197000000 pc=0000000080282a6a]
[c=3198000000 pc=0000000080282d7a]
[c=3199000000 pc=000000008024ca58]
[c=3200000000 pc=00000000802756c2]
[c=3201000000 pc=0000000080282c9e]
[c=3202000000 pc=0000000080282cb6]
[c=3203000000 pc=0000000080274f80]
[c=3204000000 pc=0000000080282a60]
[c=3205000000 pc=0000000080282c88]
[c=3206000000 pc=000000008024cab8]
[c=3207000000 pc=00000000802756c2]
[c=3208000000 pc=0000000080282c9a]
[c=3209000000 pc=0000000080282c9e]
[c=3210000000 pc=0000000080274f72]
[c=3211000000 pc=0000000080282a5c]
[c=3212000000 pc=0000000080282c8e]
[c=3213000000 pc=0000000080282fc6]
[c=3214000000 pc=0000000080282d6a]
[c=3215000000 pc=0000000080282d96]
[c=3216000000 pc=0000000080282d96]
[c=3217000000 pc=0000000080274f78]
[c=3218000000 pc=0000000080282a5a]
[c=3219000000 pc=000000008076dd54]
[c=3220000000 pc=0000000080282fb4]
[c=3221000000 pc=0000000080282d6e]
[c=3222000000 pc=000000008024cabe]
[c=3223000000 pc=00000000802756c2]
[c=3224000000 pc=00000000802750ac]
[c=3225000000 pc=0000000080282a4c]
[c=3226000000 pc=0000000080282c80]
[c=3227000000 pc=0000000080282fac]
[c=3228000000 pc=0000000080282d44]
[c=3229000000 pc=0000000080282a3e]
[c=3230000000 pc=0000000080275066]
[c=3231000000 pc=00000000802750ac]
[c=3232000000 pc=000000008029ad18]
[c=3233000000 pc=0000000080282c10]
[c=3234000000 pc=0000000080282fa4]
[c=3235000000 pc=0000000080282d44]
[c=3236000000 pc=0000000080282a36]
[c=3237000000 pc=000000008027505e]
[c=3238000000 pc=0000000080275090]
[c=3239000000 pc=000000008029ad12]
[c=3240000000 pc=000000008024cae2]
[c=3241000000 pc=000000008024cab4]
[c=3242000000 pc=0000000080282de6]
[c=3243000000 pc=0000000080282a32]
[c=3244000000 pc=000000008027501a]
[c=3245000000 pc=0000000080275094]
[c=3246000000 pc=000000008029ad04]
[c=3247000000 pc=0000000080282c08]
[c=3248000000 pc=000000008024caf8]
[c=3249000000 pc=0000000080282de6]
[c=3250000000 pc=0000000080282a4a]
[c=3251000000 pc=0000000080276950]
[c=3252000000 pc=0000000080274f4a]
[c=3253000000 pc=000000008029acf8]
[c=3254000000 pc=0000000080282c08]
[c=3255000000 pc=000000008024caf4]
[c=3256000000 pc=0000000080282d0a]
[c=3257000000 pc=0000000080282a28]
[c=3258000000 pc=000000008027692c]
[c=3259000000 pc=0000000080275086]
[c=3260000000 pc=000000008029acf4]
[c=3261000000 pc=0000000080282bf8]
[c=3262000000 pc=000000008064caf0]
[c=3263000000 pc=0000000080282d0a]
[c=3264000000 pc=0000000080282a20]
[c=3265000000 pc=0000000080276922]
[c=3266000000 pc=0000000080274f2a]
[c=3267000000 pc=00000000802829d4]
[c=3268000000 pc=0000000080282bfc]
[c=3269000000 pc=000000008064caf0]
[c=3270000000 pc=0000000080282cfc]
[c=3271000000 pc=0000000080282a80]
[c=3272000000 pc=0000000080276920]
[c=3273000000 pc=0000000080274f2a]
[c=3274000000 pc=00000000802829c4]
[c=3275000000 pc=000000008024cada]
[c=3276000000 pc=000000008064caf0]
[c=3277000000 pc=0000000080282cfc]
[c=3278000000 pc=0000000080282a78]
[c=3279000000 pc=0000000080276916]
[c=3280000000 pc=0000000080274f10]
[c=3281000000 pc=00000000802829c0]
[c=3282000000 pc=000000008024cada]
[c=3283000000 pc=000000008076dd70]
[VBLK c=3283489267 STATUS=0 type=0 sec=3704864 secleft=1 sderr=0 dmaerr=0]
[c=3284000000 pc=000000008024cabe]
[c=3285000000 pc=000000008024cad4]
[c=3286000000 pc=0000000080282a60]
[c=3287000000 pc=0000000080274f10]
[c=3288000000 pc=0000000080274f78]
[c=3289000000 pc=00000000802768fc]
[c=3290000000 pc=00000000802756c2]
[c=3291000000 pc=000000008027964e]
[c=3292000000 pc=0000000080282a3e]
[c=3293000000 pc=0000000080282cec]
[c=3294000000 pc=0000000080282de6]
[c=3295000000 pc=000000008036c124]
[c=3296000000 pc=000000008024caf8]
[c=3297000000 pc=000000008024ca6c]
[c=3298000000 pc=0000000080282bf8]
[c=3299000000 pc=0000000080282d7a]
[c=3300000000 pc=00000000802829cc]
[c=3301000000 pc=0000000080282a6a]
[c=3302000000 pc=0000000080274f10]
[c=3303000000 pc=0000000080274f78]
[c=3304000000 pc=0000000080276904]
[c=3305000000 pc=0000000080282d96]
[VBLK c=3305545139 STATUS=0 type=0 sec=3708096 secleft=1 sderr=0 dmaerr=0]
[VBLK c=3305981355 STATUS=0 type=0 sec=4453640 secleft=1 sderr=0 dmaerr=0]
[c=3306000000 pc=0000000080294658]
[VBLK c=3306417571 STATUS=0 type=0 sec=4453648 secleft=1 sderr=0 dmaerr=0]
[VBLK c=3306853787 STATUS=0 type=0 sec=4453656 secleft=1 sderr=0 dmaerr=0]
[c=3307000000 pc=000000008064caf0]
[VBLK c=3307290003 STATUS=0 type=0 sec=368584 secleft=1 sderr=0 dmaerr=0]
[VBLK c=3307726219 STATUS=0 type=0 sec=510800 secleft=1 sderr=0 dmaerr=0]
[c=3308000000 pc=0000000082d6cf10]
[VBLK c=3308162435 STATUS=0 type=0 sec=511352 secleft=1 sderr=0 dmaerr=0]
[VBLK c=3308598651 STATUS=0 type=0 sec=3712000 secleft=1 sderr=0 dmaerr=0]
[c=3309000000 pc=000000008076cd60]
[VBLK c=3309034867 STATUS=0 type=0 sec=4453664 secleft=1 sderr=0 dmaerr=0]
[VBLK c=3309471083 STATUS=0 type=0 sec=4453672 secleft=1 sderr=0 dmaerr=0]
[VBLK c=3309907299 STATUS=0 type=0 sec=4453680 secleft=1 sderr=0 dmaerr=0]
[c=3310000000 pc=000000008024cace]
[VBLK c=3310343515 STATUS=0 type=0 sec=4453688 secleft=1 sderr=0 dmaerr=0]
[VBLK c=3310779731 STATUS=0 type=0 sec=4453696 secleft=1 sderr=0 dmaerr=0]
[c=3311000000 pc=000000008076dd5a]
[VBLK c=3311215947 STATUS=0 type=0 sec=4453704 secleft=1 sderr=0 dmaerr=0]
[VBLK c=3311652163 STATUS=0 type=0 sec=4453712 secleft=1 sderr=0 dmaerr=0]
[c=3312000000 pc=0000000080282bf8]
[VBLK c=3312088379 STATUS=0 type=0 sec=4453720 secleft=1 sderr=0 dmaerr=0]
[VBLK c=3312524679 STATUS=0 type=0 sec=4453728 secleft=1 sderr=0 dmaerr=0]
[VBLK c=3312960895 STATUS=0 type=0 sec=368360 secleft=1 sderr=0 dmaerr=0]
[c=3313000000 pc=000000008048ed26]
[VBLK c=3313397111 STATUS=0 type=0 sec=511024 secleft=1 sderr=0 dmaerr=0]
[VBLK c=3313833327 STATUS=0 type=0 sec=1808280 secleft=1 sderr=0 dmaerr=0]
[c=3314000000 pc=000000008048e5dc]
[VBLK c=3314269543 STATUS=0 type=0 sec=3712008 secleft=1 sderr=0 dmaerr=0]
[VBLK c=3314705759 STATUS=0 type=0 sec=3712016 secleft=1 sderr=0 dmaerr=0]
[c=3315000000 pc=0000000080384088]
[VBLK c=3315141975 STATUS=0 type=0 sec=3712024 secleft=1 sderr=0 dmaerr=0]
[VBLK c=3315578191 STATUS=0 type=0 sec=4453736 secleft=1 sderr=0 dmaerr=0]
[c=3316000000 pc=0000000081288382]
[VBLK c=3316014407 STATUS=0 type=0 sec=4453744 secleft=1 sderr=0 dmaerr=0]
[VBLK c=3316450623 STATUS=0 type=0 sec=4453752 secleft=1 sderr=0 dmaerr=0]
[VBLK c=3316886839 STATUS=0 type=0 sec=4453760 secleft=1 sderr=0 dmaerr=0]
[c=3317000000 pc=00000000812889a0]
[VBLK c=3317323055 STATUS=0 type=0 sec=4453768 secleft=1 sderr=0 dmaerr=0]
[VBLK c=3317759271 STATUS=0 type=0 sec=4453776 secleft=1 sderr=0 dmaerr=0]
[c=3318000000 pc=000000008024451e]
[VBLK c=3318195487 STATUS=0 type=0 sec=4453784 secleft=1 sderr=0 dmaerr=0]
[VBLK c=3318631703 STATUS=0 type=0 sec=4453792 secleft=1 sderr=0 dmaerr=0]
[c=3319000000 pc=000000008024caca]
[VBLK c=3319347206 STATUS=0 type=0 sec=4453800 secleft=1 sderr=0 dmaerr=0]
[VBLK c=3319783422 STATUS=0 type=0 sec=4557952 secleft=1 sderr=0 dmaerr=0]
[c=3320000000 pc=0000000080162704]
[VBLK c=3320219638 STATUS=0 type=0 sec=4563672 secleft=1 sderr=0 dmaerr=0]
[VBLK c=3320655854 STATUS=0 type=0 sec=3712032 secleft=1 sderr=0 dmaerr=0]
[c=3321000000 pc=000000008076bc4c]
[VBLK c=3321092070 STATUS=0 type=0 sec=3712040 secleft=1 sderr=0 dmaerr=0]
[VBLK c=3321528286 STATUS=0 type=0 sec=3712048 secleft=1 sderr=0 dmaerr=0]
[VBLK c=3321964502 STATUS=0 type=0 sec=3712056 secleft=1 sderr=0 dmaerr=0]
[c=3322000000 pc=000000008033dfd8]
[c=3323000000 pc=000000008037161e]
[VBLK c=3323501022 STATUS=0 type=0 sec=4453808 secleft=1 sderr=0 dmaerr=0]
[VBLK c=3323937322 STATUS=0 type=0 sec=4453816 secleft=1 sderr=0 dmaerr=0]
[c=3324000000 pc=000000008035f1ce]
[VBLK c=3324373538 STATUS=0 type=0 sec=4453824 secleft=1 sderr=0 dmaerr=0]
[VBLK c=3324809754 STATUS=0 type=0 sec=4453832 secleft=1 sderr=0 dmaerr=0]
[c=3325000000 pc=000000008024cac6]
[VBLK c=3325245970 STATUS=0 type=0 sec=4453840 secleft=1 sderr=0 dmaerr=0]
[VBLK c=3325682186 STATUS=0 type=0 sec=4453848 secleft=1 sderr=0 dmaerr=0]
[c=3326000000 pc=000000008024ca58]
[VBLK c=3326118402 STATUS=0 type=0 sec=4563536 secleft=1 sderr=0 dmaerr=0]
[VBLK c=3326554618 STATUS=0 type=0 sec=3712064 secleft=1 sderr=0 dmaerr=0]
[VBLK c=3326990834 STATUS=0 type=0 sec=3712072 secleft=1 sderr=0 dmaerr=0]
[c=3327000000 pc=000000008047e5fc]
[VBLK c=3327427050 STATUS=0 type=0 sec=3712080 secleft=1 sderr=0 dmaerr=0]
[VBLK c=3327863266 STATUS=0 type=0 sec=3712088 secleft=1 sderr=0 dmaerr=0]
[c=3328000000 pc=0000000080282fc2]
[VBLK c=3328299482 STATUS=0 type=0 sec=3712096 secleft=1 sderr=0 dmaerr=0]
[VBLK c=3328735698 STATUS=0 type=0 sec=3712104 secleft=1 sderr=0 dmaerr=0]
[c=3329000000 pc=000000008024cac6]
[VBLK c=3329171914 STATUS=0 type=0 sec=4453856 secleft=1 sderr=0 dmaerr=0]
[VBLK c=3329608214 STATUS=0 type=0 sec=4453864 secleft=1 sderr=0 dmaerr=0]
[c=3330000000 pc=0000000080282c00]
[VBLK c=3330044430 STATUS=0 type=0 sec=4453872 secleft=1 sderr=0 dmaerr=0]
[VBLK c=3330480646 STATUS=0 type=0 sec=4453880 secleft=1 sderr=0 dmaerr=0]
[VBLK c=3330916862 STATUS=0 type=0 sec=4453888 secleft=1 sderr=0 dmaerr=0]
[c=3331000000 pc=000000008024cabe]
[VBLK c=3331353078 STATUS=0 type=0 sec=4558808 secleft=1 sderr=0 dmaerr=0]
[VBLK c=3331789294 STATUS=0 type=0 sec=3712112 secleft=1 sderr=0 dmaerr=0]
[c=3332000000 pc=000000008024cad4]
[VBLK c=3332225510 STATUS=0 type=0 sec=3712120 secleft=1 sderr=0 dmaerr=0]
[VBLK c=3332661726 STATUS=0 type=0 sec=3712128 secleft=1 sderr=0 dmaerr=0]
[c=3333000000 pc=000000008024cabe]
[VBLK c=3333097942 STATUS=0 type=0 sec=3712136 secleft=1 sderr=0 dmaerr=0]
[VBLK c=3333534242 STATUS=0 type=0 sec=3712144 secleft=1 sderr=0 dmaerr=0]
[VBLK c=3333970626 STATUS=0 type=0 sec=3712152 secleft=1 sderr=0 dmaerr=0]
[c=3334000000 pc=00000000804f213e]
[VBLK c=3334406842 STATUS=0 type=0 sec=3712160 secleft=1 sderr=0 dmaerr=0]
[VBLK c=3334843058 STATUS=0 type=0 sec=3712168 secleft=1 sderr=0 dmaerr=0]
[c=3335000000 pc=000000008024cace]
[VBLK c=3335279274 STATUS=0 type=0 sec=3712176 secleft=1 sderr=0 dmaerr=0]
[VBLK c=3335715658 STATUS=0 type=0 sec=3712184 secleft=1 sderr=0 dmaerr=0]
[c=3336000000 pc=000000008036c124]
[VBLK c=3336151874 STATUS=0 type=0 sec=3712192 secleft=1 sderr=0 dmaerr=0]
[VBLK c=3336588426 STATUS=0 type=0 sec=3712200 secleft=1 sderr=0 dmaerr=0]
[c=3337000000 pc=000000008024ca54]
[VBLK c=3337024642 STATUS=0 type=0 sec=3712208 secleft=1 sderr=0 dmaerr=0]
[VBLK c=3337460858 STATUS=0 type=0 sec=3712216 secleft=1 sderr=0 dmaerr=0]
[VBLK c=3337897074 STATUS=0 type=0 sec=3712224 secleft=1 sderr=0 dmaerr=0]
[c=3338000000 pc=000000008036c124]
[VBLK c=3338333290 STATUS=0 type=0 sec=3712232 secleft=1 sderr=0 dmaerr=0]
[VBLK c=3338769506 STATUS=0 type=0 sec=3712240 secleft=1 sderr=0 dmaerr=0]
[c=3339000000 pc=000000008024ca54]
[VBLK c=3339205806 STATUS=0 type=0 sec=3712248 secleft=1 sderr=0 dmaerr=0]
[VBLK c=3339642022 STATUS=0 type=0 sec=3712256 secleft=1 sderr=0 dmaerr=0]
[c=3340000000 pc=000000008036c124]
[VBLK c=3340078322 STATUS=0 type=0 sec=3712264 secleft=1 sderr=0 dmaerr=0]
[VBLK c=3340514538 STATUS=0 type=0 sec=3712272 secleft=1 sderr=0 dmaerr=0]
[VBLK c=3340950754 STATUS=0 type=0 sec=3712280 secleft=1 sderr=0 dmaerr=0]
[c=3341000000 pc=00000000804f1de4]
[VBLK c=3341386970 STATUS=0 type=0 sec=3712288 secleft=1 sderr=0 dmaerr=0]
[VBLK c=3341823186 STATUS=0 type=0 sec=3712296 secleft=1 sderr=0 dmaerr=0]
[c=3342000000 pc=0000000080282fa8]
[VBLK c=3342259402 STATUS=0 type=0 sec=3712304 secleft=1 sderr=0 dmaerr=0]
[VBLK c=3342695954 STATUS=0 type=0 sec=3712312 secleft=1 sderr=0 dmaerr=0]
[c=3343000000 pc=000000008024cb2a]
[VBLK c=3343132170 STATUS=0 type=0 sec=3712320 secleft=1 sderr=0 dmaerr=0]
[VBLK c=3343568386 STATUS=0 type=0 sec=3712328 secleft=1 sderr=0 dmaerr=0]
[c=3344000000 pc=000000008024cabe]
[VBLK c=3344004854 STATUS=0 type=0 sec=3712336 secleft=1 sderr=0 dmaerr=0]
[VBLK c=3344441070 STATUS=0 type=0 sec=3712344 secleft=1 sderr=0 dmaerr=0]
[VBLK c=3344877622 STATUS=0 type=0 sec=3712352 secleft=1 sderr=0 dmaerr=0]
[c=3345000000 pc=000000008024ca50]
[VBLK c=3345313838 STATUS=0 type=0 sec=3712360 secleft=1 sderr=0 dmaerr=0]
[VBLK c=3345750054 STATUS=0 type=0 sec=3712368 secleft=1 sderr=0 dmaerr=0]
[c=3346000000 pc=000000008024cab8]
[VBLK c=3346186270 STATUS=0 type=0 sec=3712376 secleft=1 sderr=0 dmaerr=0]
[VBLK c=3346622486 STATUS=0 type=0 sec=3712384 secleft=1 sderr=0 dmaerr=0]
[c=3347000000 pc=000000008024ca48]
[VBLK c=3347058786 STATUS=0 type=0 sec=3712392 secleft=1 sderr=0 dmaerr=0]
[VBLK c=3347495086 STATUS=0 type=0 sec=3712400 secleft=1 sderr=0 dmaerr=0]
[VBLK c=3347931302 STATUS=0 type=0 sec=3712408 secleft=1 sderr=0 dmaerr=0]
[c=3348000000 pc=000000008075f678]
[VBLK c=3348367686 STATUS=0 type=0 sec=3712416 secleft=1 sderr=0 dmaerr=0]
[VBLK c=3348804154 STATUS=0 type=0 sec=3712424 secleft=1 sderr=0 dmaerr=0]
[c=3349000000 pc=000000008024cabe]
[VBLK c=3349240454 STATUS=0 type=0 sec=3712432 secleft=1 sderr=0 dmaerr=0]
[VBLK c=3349676670 STATUS=0 type=0 sec=3712440 secleft=1 sderr=0 dmaerr=0]
[c=3350000000 pc=000000008076c128]
[VBLK c=3350112970 STATUS=0 type=0 sec=3712448 secleft=1 sderr=0 dmaerr=0]
[VBLK c=3350549186 STATUS=0 type=0 sec=3712456 secleft=1 sderr=0 dmaerr=0]
[VBLK c=3350985402 STATUS=0 type=0 sec=3712464 secleft=1 sderr=0 dmaerr=0]
[c=3351000000 pc=000000008048cdac]
[VBLK c=3351421618 STATUS=0 type=0 sec=3712472 secleft=1 sderr=0 dmaerr=0]
[c=3352000000 pc=000000008036c124]
[VBLK c=3352206530 STATUS=0 type=0 sec=3712480 secleft=1 sderr=0 dmaerr=0]
[VBLK c=3352991442 STATUS=0 type=0 sec=3712496 secleft=1 sderr=0 dmaerr=0]
[c=3353000000 pc=000000008048c248]
[VBLK c=3353776354 STATUS=0 type=0 sec=3712512 secleft=1 sderr=0 dmaerr=0]
[c=3354000000 pc=000000008076dd6c]
[VBLK c=3354561266 STATUS=0 type=0 sec=3712528 secleft=1 sderr=0 dmaerr=0]
[c=3355000000 pc=000000008024ca48]
[VBLK c=3355346178 STATUS=0 type=0 sec=3712544 secleft=1 sderr=0 dmaerr=0]
[c=3356000000 pc=000000008024cabe]
[VBLK c=3356131090 STATUS=0 type=0 sec=3712560 secleft=1 sderr=0 dmaerr=0]
[VBLK c=3356916002 STATUS=0 type=0 sec=3712576 secleft=1 sderr=0 dmaerr=0]
[c=3357000000 pc=000000008024cade]
[VBLK c=3357700998 STATUS=0 type=0 sec=3712592 secleft=1 sderr=0 dmaerr=0]
[c=3358000000 pc=000000008076dd70]
[VBLK c=3358485910 STATUS=0 type=0 sec=3712608 secleft=1 sderr=0 dmaerr=0]
[c=3359000000 pc=0000000080282c10]
[VBLK c=3359271074 STATUS=0 type=0 sec=3712624 secleft=1 sderr=0 dmaerr=0]
[c=3360000000 pc=000000008024caca]
[VBLK c=3360055986 STATUS=0 type=0 sec=3712640 secleft=1 sderr=0 dmaerr=0]
[VBLK c=3360840898 STATUS=0 type=0 sec=3712656 secleft=1 sderr=0 dmaerr=0]
[c=3361000000 pc=0000000080282ee4]
[VBLK c=3361625894 STATUS=0 type=0 sec=3712672 secleft=1 sderr=0 dmaerr=0]
[c=3362000000 pc=0000000080282ee4]
[VBLK c=3362410806 STATUS=0 type=0 sec=3712688 secleft=1 sderr=0 dmaerr=0]
[c=3363000000 pc=000000008036c124]
[VBLK c=3363195718 STATUS=0 type=0 sec=3712704 secleft=1 sderr=0 dmaerr=0]
[VBLK c=3363980630 STATUS=0 type=0 sec=3712720 secleft=1 sderr=0 dmaerr=0]
[c=3364000000 pc=00000000802501ea]
[VBLK c=3364765626 STATUS=0 type=0 sec=3712736 secleft=1 sderr=0 dmaerr=0]
[c=3365000000 pc=00000000803840be]
[VBLK c=3365201842 STATUS=0 type=0 sec=4453632 secleft=1 sderr=0 dmaerr=0]
[VBLK c=3365638058 STATUS=0 type=0 sec=4558888 secleft=1 sderr=0 dmaerr=0]
[c=3366000000 pc=0000000080396230]
[VBLK c=3366074274 STATUS=0 type=0 sec=4563552 secleft=1 sderr=0 dmaerr=0]
[VBLK c=3366510490 STATUS=0 type=0 sec=7841648 secleft=1 sderr=0 dmaerr=0]
[VBLK c=3366946706 STATUS=0 type=0 sec=5158608 secleft=1 sderr=0 dmaerr=0]
[c=3367000000 pc=0000000081288694]
[VBLK c=3367847633 STATUS=0 type=0 sec=5158616 secleft=1 sderr=0 dmaerr=0]
[c=3368000000 pc=00000000806fca60]
[VBLK c=3368283933 STATUS=0 type=0 sec=5158624 secleft=1 sderr=0 dmaerr=0]
[VBLK c=3368720149 STATUS=0 type=0 sec=5158632 secleft=1 sderr=0 dmaerr=0]
[c=3369000000 pc=000000008043c062]
[VBLK c=3369156365 STATUS=0 type=0 sec=4563752 secleft=1 sderr=0 dmaerr=0]
[VBLK c=3369592581 STATUS=0 type=0 sec=4477440 secleft=1 sderr=0 dmaerr=0]
[c=3370000000 pc=0000000080755cbc]
[VBLK c=3370028797 STATUS=0 type=0 sec=4477448 secleft=1 sderr=0 dmaerr=0]
[VBLK c=3370465013 STATUS=0 type=0 sec=4477456 secleft=1 sderr=0 dmaerr=0]
[VBLK c=3370901229 STATUS=0 type=0 sec=4477464 secleft=1 sderr=0 dmaerr=0]
[c=3371000000 pc=000000008033df28]
[VBLK c=3371337445 STATUS=0 type=0 sec=4477472 secleft=1 sderr=0 dmaerr=0]
[VBLK c=3371773661 STATUS=0 type=0 sec=4477480 secleft=1 sderr=0 dmaerr=0]
[c=3372000000 pc=000000008075f3a0]
[c=3373000000 pc=000000008024ca44]
[VBLK c=3373335144 STATUS=0 type=0 sec=4477488 secleft=1 sderr=0 dmaerr=0]
[VBLK c=3373771360 STATUS=0 type=0 sec=4477496 secleft=1 sderr=0 dmaerr=0]
[c=3374000000 pc=0000000080282ee0]
[VBLK c=3374207576 STATUS=0 type=0 sec=4477504 secleft=1 sderr=0 dmaerr=0]
[VBLK c=3374643792 STATUS=0 type=0 sec=4563456 secleft=1 sderr=0 dmaerr=0]
[c=3375000000 pc=0000000081286eac]
[VBLK c=3375080008 STATUS=0 type=0 sec=5158640 secleft=1 sderr=0 dmaerr=0]
[VBLK c=3375516224 STATUS=0 type=0 sec=5158648 secleft=1 sderr=0 dmaerr=0]
[VBLK c=3375952440 STATUS=0 type=0 sec=5158656 secleft=1 sderr=0 dmaerr=0]
[c=3376000000 pc=000000008023ae76]
[VBLK c=3376388656 STATUS=0 type=0 sec=5158664 secleft=1 sderr=0 dmaerr=0]
[VBLK c=3376824872 STATUS=0 type=0 sec=5158672 secleft=1 sderr=0 dmaerr=0]
[c=3377000000 pc=000000008024cade]
[VBLK c=3377261088 STATUS=0 type=0 sec=5158680 secleft=1 sderr=0 dmaerr=0]
[VBLK c=3377697304 STATUS=0 type=0 sec=5158688 secleft=1 sderr=0 dmaerr=0]
[c=3378000000 pc=000000008024cada]
[VBLK c=3378133520 STATUS=0 type=0 sec=4477512 secleft=1 sderr=0 dmaerr=0]
[VBLK c=3378569736 STATUS=0 type=0 sec=4477520 secleft=1 sderr=0 dmaerr=0]
[c=3379000000 pc=000000008024cb26]
[VBLK c=3379005952 STATUS=0 type=0 sec=4477528 secleft=1 sderr=0 dmaerr=0]
[VBLK c=3379442168 STATUS=0 type=0 sec=4477536 secleft=1 sderr=0 dmaerr=0]
[VBLK c=3379878384 STATUS=0 type=0 sec=4477544 secleft=1 sderr=0 dmaerr=0]
[c=3380000000 pc=0000000080282fc6]
[VBLK c=3380314600 STATUS=0 type=0 sec=4477552 secleft=1 sderr=0 dmaerr=0]
[VBLK c=3380750816 STATUS=0 type=0 sec=4477560 secleft=1 sderr=0 dmaerr=0]
[c=3381000000 pc=000000008076c124]
[VBLK c=3381187032 STATUS=0 type=0 sec=4563768 secleft=1 sderr=0 dmaerr=0]
[VBLK c=3381623248 STATUS=0 type=0 sec=5158696 secleft=1 sderr=0 dmaerr=0]
[c=3382000000 pc=000000008128262c]
[VBLK c=3382059464 STATUS=0 type=0 sec=5158704 secleft=1 sderr=0 dmaerr=0]
[VBLK c=3382496016 STATUS=0 type=0 sec=5158712 secleft=1 sderr=0 dmaerr=0]
[VBLK c=3382932316 STATUS=0 type=0 sec=5158720 secleft=1 sderr=0 dmaerr=0]
[c=3383000000 pc=00000000804f1da8]
[VBLK c=3383368532 STATUS=0 type=0 sec=5158728 secleft=1 sderr=0 dmaerr=0]
[VBLK c=3383804832 STATUS=0 type=0 sec=5158736 secleft=1 sderr=0 dmaerr=0]
[c=3384000000 pc=000000008064caf0]
[VBLK c=3384241216 STATUS=0 type=0 sec=5158744 secleft=1 sderr=0 dmaerr=0]
[VBLK c=3384677600 STATUS=0 type=0 sec=5158752 secleft=1 sderr=0 dmaerr=0]
[c=3385000000 pc=0000000080282fb4]
[VBLK c=3385114320 STATUS=0 type=0 sec=5158760 secleft=1 sderr=0 dmaerr=0]
[VBLK c=3385550536 STATUS=0 type=0 sec=4477568 secleft=1 sderr=0 dmaerr=0]
[VBLK c=3385986752 STATUS=0 type=0 sec=4477576 secleft=1 sderr=0 dmaerr=0]
[c=3386000000 pc=0000000080242b66]
[VBLK c=3386422968 STATUS=0 type=0 sec=4477584 secleft=1 sderr=0 dmaerr=0]
[VBLK c=3386859184 STATUS=0 type=0 sec=4477592 secleft=1 sderr=0 dmaerr=0]
[c=3387000000 pc=000000008024ca50]
[VBLK c=3387295400 STATUS=0 type=0 sec=4477600 secleft=1 sderr=0 dmaerr=0]
[VBLK c=3387731616 STATUS=0 type=0 sec=4477608 secleft=1 sderr=0 dmaerr=0]
[c=3388000000 pc=0000000080282fa8]
[VBLK c=3388167832 STATUS=0 type=0 sec=4477616 secleft=1 sderr=0 dmaerr=0]
[VBLK c=3388604048 STATUS=0 type=0 sec=4563632 secleft=1 sderr=0 dmaerr=0]
[c=3389000000 pc=0000000080694660]
[VBLK c=3389040264 STATUS=0 type=0 sec=5158768 secleft=1 sderr=0 dmaerr=0]
[VBLK c=3389476732 STATUS=0 type=0 sec=5158776 secleft=1 sderr=0 dmaerr=0]
[VBLK c=3389912948 STATUS=0 type=0 sec=5158784 secleft=1 sderr=0 dmaerr=0]
[c=3390000000 pc=0000000080282c0c]
[VBLK c=3390349164 STATUS=0 type=0 sec=5158792 secleft=1 sderr=0 dmaerr=0]
[VBLK c=3390785464 STATUS=0 type=0 sec=5158800 secleft=1 sderr=0 dmaerr=0]
[c=3391000000 pc=000000008024cac4]
[VBLK c=3391221680 STATUS=0 type=0 sec=5158808 secleft=1 sderr=0 dmaerr=0]
[VBLK c=3391657896 STATUS=0 type=0 sec=5158816 secleft=1 sderr=0 dmaerr=0]
[c=3392000000 pc=000000008031217e]
[VBLK c=3392094112 STATUS=0 type=0 sec=4477624 secleft=1 sderr=0 dmaerr=0]
[VBLK c=3392530328 STATUS=0 type=0 sec=4477632 secleft=1 sderr=0 dmaerr=0]
[VBLK c=3392966544 STATUS=0 type=0 sec=4477640 secleft=1 sderr=0 dmaerr=0]
[c=3393000000 pc=0000000080492658]
[VBLK c=3393402760 STATUS=0 type=0 sec=4477648 secleft=1 sderr=0 dmaerr=0]
[VBLK c=3393838976 STATUS=0 type=0 sec=4477656 secleft=1 sderr=0 dmaerr=0]
[c=3394000000 pc=000000008064caf0]
[VBLK c=3394275192 STATUS=0 type=0 sec=4477664 secleft=1 sderr=0 dmaerr=0]
[VBLK c=3394711408 STATUS=0 type=0 sec=4477680 secleft=1 sderr=0 dmaerr=0]
[c=3395000000 pc=000000008076dd70]
[VBLK c=3395147624 STATUS=0 type=0 sec=4477688 secleft=1 sderr=0 dmaerr=0]
[VBLK c=3395583840 STATUS=0 type=0 sec=4558968 secleft=1 sderr=0 dmaerr=0]
[c=3396000000 pc=00000000803a9664]
[VBLK c=3396020056 STATUS=0 type=0 sec=3649280 secleft=1 sderr=0 dmaerr=0]
[VBLK c=3396456356 STATUS=0 type=0 sec=3649288 secleft=1 sderr=0 dmaerr=0]
[VBLK c=3396892572 STATUS=0 type=0 sec=3649296 secleft=1 sderr=0 dmaerr=0]
[c=3397000000 pc=0000000080295000]
[VBLK c=3397328788 STATUS=0 type=0 sec=3649304 secleft=1 sderr=0 dmaerr=0]
[VBLK c=3397765004 STATUS=0 type=0 sec=4477672 secleft=1 sderr=0 dmaerr=0]
[c=3398000000 pc=000000008076c124]
[VBLK c=3398201220 STATUS=0 type=0 sec=4477696 secleft=1 sderr=0 dmaerr=0]
[VBLK c=3398637436 STATUS=0 type=0 sec=4558880 secleft=1 sderr=0 dmaerr=0]
[c=3399000000 pc=0000000081286e5c]
[VBLK c=3399073988 STATUS=0 type=0 sec=3649312 secleft=1 sderr=0 dmaerr=0]
[VBLK c=3399510288 STATUS=0 type=0 sec=3649320 secleft=1 sderr=0 dmaerr=0]
[VBLK c=3399946504 STATUS=0 type=0 sec=3649328 secleft=1 sderr=0 dmaerr=0]
[c=3400000000 pc=000000008076eee6]
[VBLK c=3400382720 STATUS=0 type=0 sec=3649336 secleft=1 sderr=0 dmaerr=0]
[VBLK c=3400818936 STATUS=0 type=0 sec=3649344 secleft=1 sderr=0 dmaerr=0]
[c=3401000000 pc=0000000080436c4c]
[VBLK c=3401255152 STATUS=0 type=0 sec=596360 secleft=1 sderr=0 dmaerr=0]
[VBLK c=3401691368 STATUS=0 type=0 sec=5085616 secleft=1 sderr=0 dmaerr=0]
[c=3402000000 pc=000000008035e034]
[VBLK c=3402127752 STATUS=0 type=0 sec=5085624 secleft=1 sderr=0 dmaerr=0]
[VBLK c=3402564052 STATUS=0 type=0 sec=5085632 secleft=1 sderr=0 dmaerr=0]
[c=3403000000 pc=0000000080282fc6]
[VBLK c=3403000268 STATUS=0 type=0 sec=5085640 secleft=1 sderr=0 dmaerr=0]
[VBLK c=3403436484 STATUS=0 type=0 sec=4563616 secleft=1 sderr=0 dmaerr=0]
[VBLK c=3403872700 STATUS=0 type=0 sec=4561608 secleft=1 sderr=0 dmaerr=0]
[c=3404000000 pc=00000000804d0d2c]
[VBLK c=3404309000 STATUS=0 type=0 sec=5085648 secleft=1 sderr=0 dmaerr=0]
[VBLK c=3404745216 STATUS=0 type=0 sec=5085656 secleft=1 sderr=0 dmaerr=0]
[c=3405000000 pc=00000000803164d0]
[VBLK c=3405181432 STATUS=0 type=0 sec=5085664 secleft=1 sderr=0 dmaerr=0]
[VBLK c=3405617648 STATUS=0 type=0 sec=5325952 secleft=1 sderr=0 dmaerr=0]
[c=3406000000 pc=00000000823a0c44]
[c=3407000000 pc=000000008075524c]
[c=3408000000 pc=0000000081286210]
[VBLK c=3408202988 STATUS=0 type=0 sec=5997808 secleft=1 sderr=0 dmaerr=0]
[VBLK c=3408987900 STATUS=0 type=0 sec=5997824 secleft=1 sderr=0 dmaerr=0]
[c=3409000000 pc=00000000802439f8]
[VBLK c=3409424116 STATUS=0 type=0 sec=4559256 secleft=1 sderr=0 dmaerr=0]
[VBLK c=3409944322 STATUS=0 type=0 sec=4559280 secleft=1 sderr=0 dmaerr=0]
[c=3410000000 pc=0000000080434c22]
[c=3411000000 pc=00000000823977e4]
[VBLK c=3411033277 STATUS=0 type=0 sec=5103504 secleft=1 sderr=0 dmaerr=0]
[VBLK c=3411818184 STATUS=0 type=0 sec=5103520 secleft=1 sderr=0 dmaerr=0]
[c=3412000000 pc=000000008076bbbc]
[VBLK c=3412603096 STATUS=0 type=0 sec=5103536 secleft=1 sderr=0 dmaerr=0]
[c=3413000000 pc=00000000803a880a]
[VBLK c=3413039312 STATUS=0 type=0 sec=5103552 secleft=1 sderr=0 dmaerr=0]
[VBLK c=3413824308 STATUS=0 type=0 sec=5085792 secleft=1 sderr=0 dmaerr=0]
[c=3414000000 pc=00000000812bd696]
[VBLK c=3414609220 STATUS=0 type=0 sec=5085808 secleft=1 sderr=0 dmaerr=0]
[c=3415000000 pc=00000000803a15d0]
[VBLK c=3415045436 STATUS=0 type=0 sec=5325960 secleft=1 sderr=0 dmaerr=0]
[c=3416000000 pc=0000000080395218]
[VBLK c=3416064150 STATUS=0 type=0 sec=4459520 secleft=1 sderr=0 dmaerr=0]
[VBLK c=3416500366 STATUS=0 type=0 sec=4459528 secleft=1 sderr=0 dmaerr=0]
[VBLK c=3416936582 STATUS=0 type=0 sec=4459536 secleft=1 sderr=0 dmaerr=0]
[c=3417000000 pc=000000008030e75a]
[VBLK c=3417372798 STATUS=0 type=0 sec=4459544 secleft=1 sderr=0 dmaerr=0]
[VBLK c=3417809014 STATUS=0 type=0 sec=4459552 secleft=1 sderr=0 dmaerr=0]
[c=3418000000 pc=000000008024ca54]
[VBLK c=3418245230 STATUS=0 type=0 sec=4459560 secleft=1 sderr=0 dmaerr=0]
[VBLK c=3418681446 STATUS=0 type=0 sec=4459568 secleft=1 sderr=0 dmaerr=0]
[c=3419000000 pc=000000008076dd60]
[VBLK c=3419117662 STATUS=0 type=0 sec=4459576 secleft=1 sderr=0 dmaerr=0]
[VBLK c=3419553878 STATUS=0 type=0 sec=4459584 secleft=1 sderr=0 dmaerr=0]
[VBLK c=3419990094 STATUS=0 type=0 sec=4459592 secleft=1 sderr=0 dmaerr=0]
[c=3420000000 pc=00000000802531e8]
[VBLK c=3420426310 STATUS=0 type=0 sec=4459600 secleft=1 sderr=0 dmaerr=0]
[VBLK c=3420862610 STATUS=0 type=0 sec=5085824 secleft=1 sderr=0 dmaerr=0]
[c=3421000000 pc=000000008024cada]
[VBLK c=3421647522 STATUS=0 type=0 sec=5085832 secleft=1 sderr=0 dmaerr=0]
[c=3422000000 pc=0000000080282edc]
[VBLK c=3422083738 STATUS=0 type=0 sec=5085848 secleft=1 sderr=0 dmaerr=0]
[VBLK c=3422519954 STATUS=0 type=0 sec=4441344 secleft=1 sderr=0 dmaerr=0]
[VBLK c=3422956170 STATUS=0 type=0 sec=4441352 secleft=1 sderr=0 dmaerr=0]
[c=3423000000 pc=000000008036c24e]
[VBLK c=3423392386 STATUS=0 type=0 sec=4441360 secleft=1 sderr=0 dmaerr=0]
[VBLK c=3423828602 STATUS=0 type=0 sec=4441368 secleft=1 sderr=0 dmaerr=0]
[c=3424000000 pc=000000008034dd2c]
[VBLK c=3424264818 STATUS=0 type=0 sec=4441376 secleft=1 sderr=0 dmaerr=0]
[VBLK c=3424701034 STATUS=0 type=0 sec=4459608 secleft=1 sderr=0 dmaerr=0]
[c=3425000000 pc=0000000080072e88]
[VBLK c=3425137250 STATUS=0 type=0 sec=4459616 secleft=1 sderr=0 dmaerr=0]
[VBLK c=3425573466 STATUS=0 type=0 sec=4459624 secleft=1 sderr=0 dmaerr=0]
[c=3426000000 pc=00000000800725bc]
[VBLK c=3426009682 STATUS=0 type=0 sec=4459632 secleft=1 sderr=0 dmaerr=0]
[VBLK c=3426445898 STATUS=0 type=0 sec=4459640 secleft=1 sderr=0 dmaerr=0]
[VBLK c=3426882114 STATUS=0 type=0 sec=4459648 secleft=1 sderr=0 dmaerr=0]
[c=3427000000 pc=000000008007257a]
[VBLK c=3427318330 STATUS=0 type=0 sec=4459656 secleft=1 sderr=0 dmaerr=0]
[VBLK c=3427754546 STATUS=0 type=0 sec=4459664 secleft=1 sderr=0 dmaerr=0]
[c=3428000000 pc=0000000080211ed2]
[VBLK c=3428190762 STATUS=0 type=0 sec=4459672 secleft=1 sderr=0 dmaerr=0]
[VBLK c=3428626978 STATUS=0 type=0 sec=4441384 secleft=1 sderr=0 dmaerr=0]
[c=3429000000 pc=00000000800723b2]
[VBLK c=3429063194 STATUS=0 type=0 sec=4441392 secleft=1 sderr=0 dmaerr=0]
[VBLK c=3429499410 STATUS=0 type=0 sec=4441400 secleft=1 sderr=0 dmaerr=0]
[VBLK c=3429935626 STATUS=0 type=0 sec=4441408 secleft=1 sderr=0 dmaerr=0]
[c=3430000000 pc=000000008024e9fc]
[VBLK c=3430371842 STATUS=0 type=0 sec=4441416 secleft=1 sderr=0 dmaerr=0]
[VBLK c=3430808058 STATUS=0 type=0 sec=4441424 secleft=1 sderr=0 dmaerr=0]
[c=3431000000 pc=00000000800725aa]
[VBLK c=3431244274 STATUS=0 type=0 sec=4441432 secleft=1 sderr=0 dmaerr=0]
[VBLK c=3431680490 STATUS=0 type=0 sec=4441440 secleft=1 sderr=0 dmaerr=0]
[c=3432000000 pc=000000008007245c]
[VBLK c=3432116706 STATUS=0 type=0 sec=4441448 secleft=1 sderr=0 dmaerr=0]
[VBLK c=3432552922 STATUS=0 type=0 sec=4459680 secleft=1 sderr=0 dmaerr=0]
[VBLK c=3432989138 STATUS=0 type=0 sec=4459688 secleft=1 sderr=0 dmaerr=0]
[c=3433000000 pc=00000000805ef3d8]
[VBLK c=3433425354 STATUS=0 type=0 sec=4459696 secleft=1 sderr=0 dmaerr=0]
[VBLK c=3433861570 STATUS=0 type=0 sec=4459712 secleft=1 sderr=0 dmaerr=0]
[c=3434000000 pc=0000000080072526]
[VBLK c=3434297786 STATUS=0 type=0 sec=4459720 secleft=1 sderr=0 dmaerr=0]
[VBLK c=3434734002 STATUS=0 type=0 sec=4459728 secleft=1 sderr=0 dmaerr=0]
[c=3435000000 pc=000000008035aab6]
[VBLK c=3435170218 STATUS=0 type=0 sec=4459736 secleft=1 sderr=0 dmaerr=0]
[VBLK c=3435606434 STATUS=0 type=0 sec=4459744 secleft=1 sderr=0 dmaerr=0]
[c=3436000000 pc=0000000080211ed2]
[VBLK c=3436042650 STATUS=0 type=0 sec=4459752 secleft=1 sderr=0 dmaerr=0]
[VBLK c=3436478866 STATUS=0 type=0 sec=4441456 secleft=1 sderr=0 dmaerr=0]
[VBLK c=3436915082 STATUS=0 type=0 sec=4441464 secleft=1 sderr=0 dmaerr=0]
[c=3437000000 pc=00000000802448f8]
[VBLK c=3437351298 STATUS=0 type=0 sec=4441472 secleft=1 sderr=0 dmaerr=0]
[VBLK c=3437787514 STATUS=0 type=0 sec=4441480 secleft=1 sderr=0 dmaerr=0]
[c=3438000000 pc=0000000082f15a58]
[VBLK c=3438223730 STATUS=0 type=0 sec=4441488 secleft=1 sderr=0 dmaerr=0]
[VBLK c=3438659946 STATUS=0 type=0 sec=4441496 secleft=1 sderr=0 dmaerr=0]
[c=3439000000 pc=0000000082f15a5e]
[VBLK c=3439096162 STATUS=0 type=0 sec=4441504 secleft=1 sderr=0 dmaerr=0]
[VBLK c=3439532378 STATUS=0 type=0 sec=4441512 secleft=1 sderr=0 dmaerr=0]
[VBLK c=3439968594 STATUS=0 type=0 sec=4441520 secleft=1 sderr=0 dmaerr=0]
[c=3440000000 pc=000000008022afdc]
[VBLK c=3440404810 STATUS=0 type=0 sec=4441528 secleft=1 sderr=0 dmaerr=0]
[VBLK c=3440841026 STATUS=0 type=0 sec=4441536 secleft=1 sderr=0 dmaerr=0]
[c=3441000000 pc=0000000082f15a4e]
[VBLK c=3441277242 STATUS=0 type=0 sec=4441544 secleft=1 sderr=0 dmaerr=0]
[VBLK c=3441713458 STATUS=0 type=0 sec=4441552 secleft=1 sderr=0 dmaerr=0]
[c=3442000000 pc=0000000082f15a4a]
[VBLK c=3442149674 STATUS=0 type=0 sec=4441560 secleft=1 sderr=0 dmaerr=0]
[VBLK c=3442585890 STATUS=0 type=0 sec=4441568 secleft=1 sderr=0 dmaerr=0]
[c=3443000000 pc=0000000082f15a4e]
[VBLK c=3443022106 STATUS=0 type=0 sec=4441584 secleft=1 sderr=0 dmaerr=0]
[VBLK c=3443458322 STATUS=0 type=0 sec=4441592 secleft=1 sderr=0 dmaerr=0]
[VBLK c=3443894538 STATUS=0 type=0 sec=4441600 secleft=1 sderr=0 dmaerr=0]
[c=3444000000 pc=0000000082f15a5e]
[VBLK c=3444330754 STATUS=0 type=0 sec=4459704 secleft=1 sderr=0 dmaerr=0]
[VBLK c=3444766970 STATUS=0 type=0 sec=4459760 secleft=1 sderr=0 dmaerr=0]
[c=3445000000 pc=0000000082f15a52]
[VBLK c=3445203186 STATUS=0 type=0 sec=4459768 secleft=1 sderr=0 dmaerr=0]
[VBLK c=3445639486 STATUS=0 type=0 sec=4459776 secleft=1 sderr=0 dmaerr=0]
[c=3446000000 pc=0000000082f15a58]
[VBLK c=3446075702 STATUS=0 type=0 sec=4441576 secleft=1 sderr=0 dmaerr=0]
[VBLK c=3446740618 STATUS=0 type=0 sec=5326008 secleft=1 sderr=0 dmaerr=0]
[c=3447000000 pc=0000000082f15a4e]
[c=3448000000 pc=0000000082f15a4e]
[c=3449000000 pc=0000000082367696]
[VBLK c=3449641685 STATUS=0 type=0 sec=5325936 secleft=1 sderr=0 dmaerr=0]
[c=3450000000 pc=0000000081271bf8]
[c=3451000000 pc=00000000803a9664]
[VBLK c=3451823541 STATUS=0 type=0 sec=5325984 secleft=1 sderr=0 dmaerr=0]
[c=3452000000 pc=0000000082f15a66]
[c=3453000000 pc=0000000082f15a6a]
[VBLK c=3453991372 STATUS=0 type=0 sec=5326000 secleft=1 sderr=0 dmaerr=0]
[c=3454000000 pc=00000000805b5000]
[VBLK c=3454683991 STATUS=0 type=0 sec=4561616 secleft=1 sderr=0 dmaerr=0]
[c=3455000000 pc=0000000081282698]
[VBLK c=3455337303 STATUS=0 type=0 sec=5325968 secleft=1 sderr=0 dmaerr=0]
[VBLK c=3455983282 STATUS=0 type=0 sec=5325976 secleft=1 sderr=0 dmaerr=0]
[c=3456000000 pc=000000008043c19e]
[c=3457000000 pc=0000000082f15a5e]
[c=3458000000 pc=00000000803a9052]
[VBLK c=3458986287 STATUS=0 type=0 sec=5325944 secleft=1 sderr=0 dmaerr=0]
[c=3459000000 pc=0000000080242b3e]
[c=3460000000 pc=0000000080397700]
[c=3461000000 pc=0000000082f15a4a]
[VBLK c=3461231974 STATUS=0 type=0 sec=5326016 secleft=1 sderr=0 dmaerr=0]
[VBLK c=3461871988 STATUS=0 type=0 sec=5325992 secleft=1 sderr=0 dmaerr=0]
[c=3462000000 pc=0000000082f15a58]
[c=3463000000 pc=000000008075403c]
[c=3464000000 pc=0000000082397fa0]
[VBLK c=3464213764 STATUS=0 type=0 sec=11881472 secleft=1 sderr=0 dmaerr=0]
[VBLK c=3464998671 STATUS=0 type=0 sec=11881480 secleft=1 sderr=0 dmaerr=0]
[c=3465000000 pc=00000000802676f2]
[c=3466000000 pc=0000000082f15a66]
[VBLK c=3466640387 STATUS=0 type=0 sec=11881496 secleft=1 sderr=0 dmaerr=0]
[c=3467000000 pc=0000000082f15a5e]
[VBLK c=3467425294 STATUS=0 type=0 sec=11881512 secleft=1 sderr=0 dmaerr=0]
[c=3468000000 pc=00000000812826bc]
[VBLK c=3468210206 STATUS=0 type=0 sec=11881528 secleft=1 sderr=0 dmaerr=0]
[VBLK c=3468995370 STATUS=0 type=0 sec=11881544 secleft=1 sderr=0 dmaerr=0]
[c=3469000000 pc=00000000802123a4]
[VBLK c=3469780282 STATUS=0 type=0 sec=11881560 secleft=1 sderr=0 dmaerr=0]
[c=3470000000 pc=0000000080774a52]
[VBLK c=3470565194 STATUS=0 type=0 sec=11881576 secleft=1 sderr=0 dmaerr=0]
[c=3471000000 pc=0000000082f15a5e]
[VBLK c=3471350106 STATUS=0 type=0 sec=11881592 secleft=1 sderr=0 dmaerr=0]
[c=3472000000 pc=0000000081286e7c]
[VBLK c=3472135018 STATUS=0 type=0 sec=11881608 secleft=1 sderr=0 dmaerr=0]
[VBLK c=3472919930 STATUS=0 type=0 sec=11881624 secleft=1 sderr=0 dmaerr=0]
[c=3473000000 pc=00000000804f276c]
[VBLK c=3473704842 STATUS=0 type=0 sec=11881640 secleft=1 sderr=0 dmaerr=0]
[c=3474000000 pc=000000008076bc74]
[VBLK c=3474489754 STATUS=0 type=0 sec=11881656 secleft=1 sderr=0 dmaerr=0]
[c=3475000000 pc=0000000082f15a52]
[VBLK c=3475274666 STATUS=0 type=0 sec=11881672 secleft=1 sderr=0 dmaerr=0]
[c=3476000000 pc=0000000080774ac0]
[VBLK c=3476059578 STATUS=0 type=0 sec=11881688 secleft=1 sderr=0 dmaerr=0]
[VBLK c=3476844490 STATUS=0 type=0 sec=11881704 secleft=1 sderr=0 dmaerr=0]
[c=3477000000 pc=0000000080367576]
[VBLK c=3477629402 STATUS=0 type=0 sec=11881720 secleft=1 sderr=0 dmaerr=0]
[c=3478000000 pc=0000000082f15a5e]
[VBLK c=3478414314 STATUS=0 type=0 sec=11881736 secleft=1 sderr=0 dmaerr=0]
[c=3479000000 pc=0000000082f15a6a]
[VBLK c=3479199226 STATUS=0 type=0 sec=11881752 secleft=1 sderr=0 dmaerr=0]
[VBLK c=3479984138 STATUS=0 type=0 sec=11881768 secleft=1 sderr=0 dmaerr=0]
[c=3480000000 pc=0000000080243c20]
[VBLK c=3480769050 STATUS=0 type=0 sec=11881784 secleft=1 sderr=0 dmaerr=0]
[c=3481000000 pc=000000008039516a]
[VBLK c=3481553962 STATUS=0 type=0 sec=11881800 secleft=1 sderr=0 dmaerr=0]
[c=3482000000 pc=0000000082f15a52]
[VBLK c=3482338874 STATUS=0 type=0 sec=11881816 secleft=1 sderr=0 dmaerr=0]
[c=3483000000 pc=0000000082f15a52]
[VBLK c=3483821178 STATUS=0 type=0 sec=11881832 secleft=1 sderr=0 dmaerr=0]
[c=3484000000 pc=0000000080434cd8]
[c=3485000000 pc=00000000803acb78]
[VBLK c=3485303482 STATUS=0 type=0 sec=11881864 secleft=1 sderr=0 dmaerr=0]
[c=3486000000 pc=0000000082f15a58]
[VBLK c=3486785870 STATUS=0 type=0 sec=11881896 secleft=1 sderr=0 dmaerr=0]
[c=3487000000 pc=000000008076f50c]
[c=3488000000 pc=000000008128b5f8]
[VBLK c=3488268174 STATUS=0 type=0 sec=11881928 secleft=1 sderr=0 dmaerr=0]
[c=3489000000 pc=0000000082f15a58]
[VBLK c=3489750478 STATUS=0 type=0 sec=11881960 secleft=1 sderr=0 dmaerr=0]
[c=3490000000 pc=00000000801622d6]
[c=3491000000 pc=0000000082f15a58]
[VBLK c=3491233706 STATUS=0 type=0 sec=11881992 secleft=1 sderr=0 dmaerr=0]
[c=3492000000 pc=0000000082f15a5e]
[VBLK c=3492716010 STATUS=0 type=0 sec=11882024 secleft=1 sderr=0 dmaerr=0]
[c=3493000000 pc=0000000082f15a66]
[c=3494000000 pc=0000000082f15a4a]
[VBLK c=3494198314 STATUS=0 type=0 sec=11882056 secleft=1 sderr=0 dmaerr=0]
[c=3495000000 pc=0000000082f15a5e]
[VBLK c=3495680618 STATUS=0 type=0 sec=11882088 secleft=1 sderr=0 dmaerr=0]
[c=3496000000 pc=0000000082f15a66]
[c=3497000000 pc=0000000082f15a4a]
[VBLK c=3497162922 STATUS=0 type=0 sec=11882120 secleft=1 sderr=0 dmaerr=0]
[c=3498000000 pc=0000000082f15a66]
[VBLK c=3498645226 STATUS=0 type=0 sec=11882152 secleft=1 sderr=0 dmaerr=0]
[c=3499000000 pc=0000000082f15a6a]
[VBLK c=3499081442 STATUS=0 type=0 sec=11882184 secleft=1 sderr=0 dmaerr=0]
[VBLK c=3499517658 STATUS=0 type=0 sec=4450560 secleft=1 sderr=0 dmaerr=0]
[VBLK c=3499953874 STATUS=0 type=0 sec=4450568 secleft=1 sderr=0 dmaerr=0]
[c=3500000000 pc=00000000802206be]
[VBLK c=3500470197 STATUS=0 type=0 sec=4450576 secleft=1 sderr=0 dmaerr=0]
[VBLK c=3500906413 STATUS=0 type=0 sec=4450584 secleft=1 sderr=0 dmaerr=0]
[c=3501000000 pc=000000008033e1a2]
[VBLK c=3501342629 STATUS=0 type=0 sec=4450592 secleft=1 sderr=0 dmaerr=0]
[VBLK c=3501778845 STATUS=0 type=0 sec=4450600 secleft=1 sderr=0 dmaerr=0]
[c=3502000000 pc=00000000803404de]
[VBLK c=3502215061 STATUS=0 type=0 sec=4450608 secleft=1 sderr=0 dmaerr=0]
[VBLK c=3502651277 STATUS=0 type=0 sec=4450616 secleft=1 sderr=0 dmaerr=0]
[c=3503000000 pc=000000008076c06a]
[VBLK c=3503998324 STATUS=0 type=0 sec=4450624 secleft=1 sderr=0 dmaerr=0]
[c=3504000000 pc=00000000802629fc]
[VBLK c=3504434540 STATUS=0 type=0 sec=4450632 secleft=1 sderr=0 dmaerr=0]
[VBLK c=3504870756 STATUS=0 type=0 sec=4450640 secleft=1 sderr=0 dmaerr=0]
[c=3505000000 pc=0000000082f15a4e]
[VBLK c=3505306972 STATUS=0 type=0 sec=4450656 secleft=1 sderr=0 dmaerr=0]
[VBLK c=3505743188 STATUS=0 type=0 sec=4450664 secleft=1 sderr=0 dmaerr=0]
[c=3506000000 pc=0000000082f15a5e]
[VBLK c=3506179488 STATUS=0 type=0 sec=4450672 secleft=1 sderr=0 dmaerr=0]
[VBLK c=3506615704 STATUS=0 type=0 sec=4450680 secleft=1 sderr=0 dmaerr=0]
[c=3507000000 pc=0000000082f15a52]
[VBLK c=3507051920 STATUS=0 type=0 sec=4450688 secleft=1 sderr=0 dmaerr=0]
[VBLK c=3507488136 STATUS=0 type=0 sec=4450696 secleft=1 sderr=0 dmaerr=0]
[VBLK c=3507924352 STATUS=0 type=0 sec=4450704 secleft=1 sderr=0 dmaerr=0]
[c=3508000000 pc=0000000080491b66]
[VBLK c=3508360568 STATUS=0 type=0 sec=4450712 secleft=1 sderr=0 dmaerr=0]
[VBLK c=3508796784 STATUS=0 type=0 sec=4450720 secleft=1 sderr=0 dmaerr=0]
[c=3509000000 pc=0000000082f15a6a]
[VBLK c=3509233000 STATUS=0 type=0 sec=4450728 secleft=1 sderr=0 dmaerr=0]
[VBLK c=3509669216 STATUS=0 type=0 sec=4450736 secleft=1 sderr=0 dmaerr=0]
[c=3510000000 pc=0000000082f15a58]
[VBLK c=3510105432 STATUS=0 type=0 sec=4450744 secleft=1 sderr=0 dmaerr=0]
[VBLK c=3510541648 STATUS=0 type=0 sec=4450752 secleft=1 sderr=0 dmaerr=0]
[VBLK c=3510977864 STATUS=0 type=0 sec=4450760 secleft=1 sderr=0 dmaerr=0]
[c=3511000000 pc=00000000802452f2]
[VBLK c=3511414080 STATUS=0 type=0 sec=4450768 secleft=1 sderr=0 dmaerr=0]
[VBLK c=3511850296 STATUS=0 type=0 sec=4450776 secleft=1 sderr=0 dmaerr=0]
[c=3512000000 pc=0000000082f15a6a]
[VBLK c=3512286512 STATUS=0 type=0 sec=4450784 secleft=1 sderr=0 dmaerr=0]
[VBLK c=3512722728 STATUS=0 type=0 sec=4450792 secleft=1 sderr=0 dmaerr=0]
[c=3513000000 pc=0000000082f15a4a]
[VBLK c=3513158944 STATUS=0 type=0 sec=4450800 secleft=1 sderr=0 dmaerr=0]
[VBLK c=3513595160 STATUS=0 type=0 sec=4450808 secleft=1 sderr=0 dmaerr=0]
[c=3514000000 pc=0000000082f15a5e]
[VBLK c=3514031376 STATUS=0 type=0 sec=4450816 secleft=1 sderr=0 dmaerr=0]
[VBLK c=3514467592 STATUS=0 type=0 sec=4691792 secleft=1 sderr=0 dmaerr=0]
[VBLK c=3514903808 STATUS=0 type=0 sec=4450648 secleft=1 sderr=0 dmaerr=0]
[c=3515000000 pc=0000000081288120]
[VBLK c=3515340024 STATUS=0 type=0 sec=4433160 secleft=1 sderr=0 dmaerr=0]
[VBLK c=3515776240 STATUS=0 type=0 sec=4433168 secleft=1 sderr=0 dmaerr=0]
[c=3516000000 pc=000000008022f794]
[VBLK c=3516212456 STATUS=0 type=0 sec=4433176 secleft=1 sderr=0 dmaerr=0]
[VBLK c=3516648672 STATUS=0 type=0 sec=4433184 secleft=1 sderr=0 dmaerr=0]
[c=3517000000 pc=0000000081286f0e]
[VBLK c=3517084888 STATUS=0 type=0 sec=4433192 secleft=1 sderr=0 dmaerr=0]
[VBLK c=3517521104 STATUS=0 type=0 sec=4433200 secleft=1 sderr=0 dmaerr=0]
[VBLK c=3517957320 STATUS=0 type=0 sec=4433208 secleft=1 sderr=0 dmaerr=0]
[c=3518000000 pc=0000000080242608]
[VBLK c=3518393536 STATUS=0 type=0 sec=4433216 secleft=1 sderr=0 dmaerr=0]
[VBLK c=3518829752 STATUS=0 type=0 sec=4433224 secleft=1 sderr=0 dmaerr=0]
[c=3519000000 pc=0000000082f15a58]
[VBLK c=3519265968 STATUS=0 type=0 sec=4433232 secleft=1 sderr=0 dmaerr=0]
[VBLK c=3519702184 STATUS=0 type=0 sec=4433240 secleft=1 sderr=0 dmaerr=0]
[c=3520000000 pc=0000000082f15a4e]
[VBLK c=3520138400 STATUS=0 type=0 sec=4433248 secleft=1 sderr=0 dmaerr=0]
[VBLK c=3520574616 STATUS=0 type=0 sec=4433264 secleft=1 sderr=0 dmaerr=0]
[c=3521000000 pc=0000000082f15a52]
[VBLK c=3521010832 STATUS=0 type=0 sec=4433272 secleft=1 sderr=0 dmaerr=0]
[VBLK c=3521447048 STATUS=0 type=0 sec=4433280 secleft=1 sderr=0 dmaerr=0]
[VBLK c=3521883264 STATUS=0 type=0 sec=4433288 secleft=1 sderr=0 dmaerr=0]
[c=3522000000 pc=0000000082f15a66]
[VBLK c=3522319480 STATUS=0 type=0 sec=4433296 secleft=1 sderr=0 dmaerr=0]
[VBLK c=3522755696 STATUS=0 type=0 sec=4433304 secleft=1 sderr=0 dmaerr=0]
[c=3523000000 pc=0000000082f15a52]
[VBLK c=3523191912 STATUS=0 type=0 sec=4433312 secleft=1 sderr=0 dmaerr=0]
[VBLK c=3523628128 STATUS=0 type=0 sec=4433320 secleft=1 sderr=0 dmaerr=0]
[c=3524000000 pc=0000000082f15a58]
[VBLK c=3524064344 STATUS=0 type=0 sec=4433328 secleft=1 sderr=0 dmaerr=0]
[VBLK c=3524500560 STATUS=0 type=0 sec=4433336 secleft=1 sderr=0 dmaerr=0]
[VBLK c=3524936776 STATUS=0 type=0 sec=4433344 secleft=1 sderr=0 dmaerr=0]
[c=3525000000 pc=0000000080441ab6]
[VBLK c=3525372992 STATUS=0 type=0 sec=4433352 secleft=1 sderr=0 dmaerr=0]
[VBLK c=3525809208 STATUS=0 type=0 sec=4433360 secleft=1 sderr=0 dmaerr=0]
[c=3526000000 pc=0000000082f15a4a]
[VBLK c=3526245424 STATUS=0 type=0 sec=4433368 secleft=1 sderr=0 dmaerr=0]
[VBLK c=3526681724 STATUS=0 type=0 sec=4433376 secleft=1 sderr=0 dmaerr=0]
[c=3527000000 pc=0000000082f15a4a]
[VBLK c=3527117940 STATUS=0 type=0 sec=4433384 secleft=1 sderr=0 dmaerr=0]
[VBLK c=3527554156 STATUS=0 type=0 sec=4433392 secleft=1 sderr=0 dmaerr=0]
[VBLK c=3527990372 STATUS=0 type=0 sec=4433400 secleft=1 sderr=0 dmaerr=0]
[c=3528000000 pc=000000008048af7a]
[VBLK c=3528426588 STATUS=0 type=0 sec=368280 secleft=1 sderr=0 dmaerr=0]
[VBLK c=3528862804 STATUS=0 type=0 sec=4433256 secleft=1 sderr=0 dmaerr=0]
[c=3529000000 pc=00000000803976d0]
[VBLK c=3529299020 STATUS=0 type=0 sec=368288 secleft=1 sderr=0 dmaerr=0]
[VBLK c=3529735236 STATUS=0 type=0 sec=7578880 secleft=1 sderr=0 dmaerr=0]
[c=3530000000 pc=0000000082f15a52]
[VBLK c=3530171452 STATUS=0 type=0 sec=7578888 secleft=1 sderr=0 dmaerr=0]
[VBLK c=3530607668 STATUS=0 type=0 sec=7578896 secleft=1 sderr=0 dmaerr=0]
[c=3531000000 pc=0000000082f15a6a]
[VBLK c=3531043884 STATUS=0 type=0 sec=7578904 secleft=1 sderr=0 dmaerr=0]
[VBLK c=3531480100 STATUS=0 type=0 sec=368296 secleft=1 sderr=0 dmaerr=0]
[c=3532000000 pc=0000000080751cec]
[VBLK c=3532369417 STATUS=0 type=0 sec=368304 secleft=1 sderr=0 dmaerr=0]
[c=3533000000 pc=00000000803490ba]
[c=3534000000 pc=0000000082f15a4e]
[c=3535000000 pc=0000000082f15a52]
[c=3536000000 pc=00000000804c0464]
[VBLK c=3536208996 STATUS=0 type=0 sec=368312 secleft=1 sderr=0 dmaerr=0]
[VBLK c=3536645212 STATUS=0 type=0 sec=7578912 secleft=1 sderr=0 dmaerr=0]
[c=3537000000 pc=0000000082f15a58]
[VBLK c=3537430124 STATUS=0 type=0 sec=7578920 secleft=1 sderr=0 dmaerr=0]
[c=3538000000 pc=00000000807558b0]
[VBLK c=3538215036 STATUS=0 type=0 sec=7578936 secleft=1 sderr=0 dmaerr=0]
[VBLK c=3538999948 STATUS=0 type=0 sec=7578952 secleft=1 sderr=0 dmaerr=0]
[c=3539000000 pc=000000008023ae20]
[c=3540000000 pc=0000000081281bf8]
[VBLK c=3540482252 STATUS=0 type=0 sec=7578968 secleft=1 sderr=0 dmaerr=0]
[c=3541000000 pc=0000000082f15a66]
[VBLK c=3541267164 STATUS=0 type=0 sec=7579000 secleft=1 sderr=0 dmaerr=0]
[c=3542000000 pc=000000008035aa58]
[c=3543000000 pc=00000000812811ec]
[c=3544000000 pc=0000000082d197b4]
[c=3545000000 pc=0000000082f15a4a]
[c=3546000000 pc=0000000080275db0]
[c=3547000000 pc=0000000082d25de8]
[c=3548000000 pc=0000000082d181a4]
[c=3549000000 pc=0000000082f15a6a]
[c=3550000000 pc=000000008021043c]
[c=3551000000 pc=0000000082d181be]
[c=3552000000 pc=0000000082f15a5e]
[c=3553000000 pc=0000000082f15a5e]
[c=3554000000 pc=000000008035f280]
[c=3555000000 pc=0000000082d197d4]
[c=3556000000 pc=0000000082f15a5e]
[c=3557000000 pc=0000000082f15a5e]
[c=3558000000 pc=000000008076b59e]
[c=3559000000 pc=0000000082d1ddf0]
[c=3560000000 pc=0000000082f15a6a]
[c=3561000000 pc=0000000082f15a4a]
[c=3562000000 pc=0000000081286456]
[c=3563000000 pc=000000008076c06a]
[c=3564000000 pc=0000000082f15a66]
[c=3565000000 pc=0000000080248356]
[c=3566000000 pc=0000000082d1977a]
[c=3567000000 pc=0000000082f15a4e]
[c=3568000000 pc=0000000082f15a4e]
[c=3569000000 pc=0000000082d23f7e]
[c=3570000000 pc=0000000082d25dfe]
[c=3571000000 pc=0000000082f15a4a]
[c=3572000000 pc=0000000082f15a4a]
[c=3573000000 pc=0000000082d25c3e]
[c=3574000000 pc=0000000082d181ac]
[c=3575000000 pc=0000000082f15a58]
[c=3576000000 pc=0000000082f15a58]
[c=3577000000 pc=0000000082d25c38]
[c=3578000000 pc=0000000082d25e08]
[c=3579000000 pc=0000000082f15a4e]
[c=3580000000 pc=000000008024e850]
[c=3581000000 pc=0000000082d1db1e]
[c=3582000000 pc=0000000082f15a52]
[c=3583000000 pc=0000000082f15a58]
[c=3584000000 pc=000000008076c062]
[c=3585000000 pc=0000000082d25e0c]
[c=3586000000 pc=0000000082f15a4a]
[c=3587000000 pc=0000000082f15a4a]
[c=3588000000 pc=000000008123143e]
[c=3589000000 pc=0000000082d19bf4]
[c=3590000000 pc=0000000082f15a4a]
[c=3591000000 pc=0000000082f15a4a]
[c=3592000000 pc=0000000082d44296]
[c=3593000000 pc=0000000080755e40]
[c=3594000000 pc=0000000082f15a6a]
[VBLK c=3594083282 STATUS=0 type=0 sec=12013480 secleft=1 sderr=0 dmaerr=0]
[c=3595000000 pc=0000000082f15a66]
[VBLK c=3595217226 STATUS=0 type=0 sec=12013488 secleft=1 sderr=0 dmaerr=0]
[c=3596000000 pc=000000008047fa10]
[VBLK c=3596461854 STATUS=0 type=0 sec=12013512 secleft=1 sderr=0 dmaerr=0]
[VBLK c=3596898070 STATUS=0 type=0 sec=12013520 secleft=1 sderr=0 dmaerr=0]
[c=3597000000 pc=0000000082f15a6a]
[VBLK c=3597334286 STATUS=0 type=0 sec=12013528 secleft=1 sderr=0 dmaerr=0]
[c=3598000000 pc=0000000082f15a52]
[VBLK c=3598467894 STATUS=0 type=0 sec=12013536 secleft=1 sderr=0 dmaerr=0]
[c=3599000000 pc=0000000080341b7c]
[c=3600000000 pc=000000008030f7ce]
[c=3601000000 pc=0000000082f15a5e]
[c=3602000000 pc=0000000082f15a5e]
[c=3603000000 pc=0000000082f15a52]
[c=3604000000 pc=0000000082f15a58]
[c=3605000000 pc=0000000082f15a58]
[c=3606000000 pc=000000008128b4d8]
[c=3607000000 pc=000000008038deda]
[c=3608000000 pc=0000000082d0afd0]
[c=3609000000 pc=0000000082d0af88]
[c=3610000000 pc=000000008033dc32]
[c=3611000000 pc=0000000082f15a6a]
[c=3612000000 pc=0000000082f15a4a]
[c=3613000000 pc=000000008034dd7e]
[VBLK c=3613802846 STATUS=0 type=0 sec=7247856 secleft=1 sderr=0 dmaerr=0]
[c=3614000000 pc=0000000081286582]
[c=3615000000 pc=0000000082f15a4a]
[VBLK c=3615606682 STATUS=0 type=0 sec=3617728 secleft=1 sderr=0 dmaerr=0]
[c=3616000000 pc=000000008038fd5a]
[c=3617000000 pc=0000000082f15a58]
[c=3618000000 pc=0000000082f15a6a]
[c=3619000000 pc=000000008037d44a]
[c=3620000000 pc=000000008006a3ea]
[c=3621000000 pc=0000000082222c2e]
[c=3622000000 pc=0000000082f15a66]
[c=3623000000 pc=0000000082f15a6a]
[c=3624000000 pc=0000000082222dde]
[c=3625000000 pc=00000000800725d2]
[c=3626000000 pc=0000000082f15a52]
[c=3627000000 pc=0000000080075e4a]
[c=3628000000 pc=000000008076b97c]
[c=3629000000 pc=0000000082f15a66]
[c=3630000000 pc=0000000082f15a66]
[c=3631000000 pc=000000008076b9b4]
[c=3632000000 pc=000000008037aa16]
[c=3633000000 pc=0000000082f15a4a]
[c=3634000000 pc=0000000082f15a4a]
[c=3635000000 pc=0000000080075ff2]
[c=3636000000 pc=00000000803690fc]
[c=3637000000 pc=0000000082f15a52]
[c=3638000000 pc=0000000082f15a5e]
[c=3639000000 pc=0000000080075e5a]
[c=3640000000 pc=00000000800725d2]
[c=3641000000 pc=0000000082f15a58]
[c=3642000000 pc=0000000082f15a4a]
[c=3643000000 pc=0000000082222bfe]
[c=3644000000 pc=0000000082f15a6a]
[c=3645000000 pc=0000000082f15a6a]
[c=3646000000 pc=0000000080211ee8]
[c=3647000000 pc=00000000803976e4]
[c=3648000000 pc=0000000082f15a6a]
[c=3649000000 pc=0000000082f15a5e]
[c=3650000000 pc=0000000082f15a4a]
[c=3651000000 pc=0000000082f15a4a]
[c=3652000000 pc=000000008033dfd8]
[c=3653000000 pc=000000008037aa10]
[c=3654000000 pc=0000000082d4585c]
[VBLK c=3654937565 STATUS=0 type=0 sec=370120 secleft=1 sderr=0 dmaerr=0]
[c=3655000000 pc=0000000082f15a5e]
[c=3656000000 pc=0000000082f15a4a]
[c=3657000000 pc=000000008076b984]
[c=3658000000 pc=0000000082f15a4e]
[VBLK c=3658280309 STATUS=0 type=0 sec=12013056 secleft=1 sderr=0 dmaerr=0]
[c=3659000000 pc=0000000082f15a4a]
[VBLK c=3659413912 STATUS=0 type=0 sec=12013064 secleft=1 sderr=0 dmaerr=0]
[c=3660000000 pc=0000000080219e84]
[VBLK c=3660414060 STATUS=0 type=0 sec=12013088 secleft=1 sderr=0 dmaerr=0]
[c=3661000000 pc=0000000082f15a4e]
[VBLK c=3661198967 STATUS=0 type=0 sec=12013096 secleft=1 sderr=0 dmaerr=0]
[VBLK c=3661635183 STATUS=0 type=0 sec=12013112 secleft=1 sderr=0 dmaerr=0]
[c=3662000000 pc=0000000082f15a6a]
[VBLK c=3662072743 STATUS=0 type=0 sec=12013120 secleft=1 sderr=0 dmaerr=0]
[VBLK c=3662508959 STATUS=0 type=0 sec=12013128 secleft=1 sderr=0 dmaerr=0]
[c=3663000000 pc=0000000082f15a6a]
[VBLK c=3663293871 STATUS=0 type=0 sec=12013136 secleft=1 sderr=0 dmaerr=0]
[VBLK c=3663730087 STATUS=0 type=0 sec=12013152 secleft=1 sderr=0 dmaerr=0]
[c=3664000000 pc=0000000082f15a58]
[c=3665000000 pc=000000008076b984]
[c=3666000000 pc=000000008034dde2]
[c=3667000000 pc=0000000082f15a58]
[c=3668000000 pc=0000000082f15a58]
[c=3669000000 pc=0000000081287104]
[c=3670000000 pc=0000000082f15a66]
[c=3671000000 pc=0000000082f15a66]
[c=3672000000 pc=00000000803a54be]
[c=3673000000 pc=0000000081287e84]
[c=3674000000 pc=0000000082f15a6a]
[c=3675000000 pc=0000000082f15a6a]
[c=3676000000 pc=0000000082d0ac60]
[c=3677000000 pc=0000000082f15a5e]
[VBLK c=3677141419 STATUS=0 type=0 sec=370136 secleft=1 sderr=0 dmaerr=0]
[c=3678000000 pc=0000000080340f3c]
[VBLK c=3678994930 STATUS=0 type=0 sec=4558112 secleft=1 sderr=0 dmaerr=0]
[c=3679000000 pc=0000000080270978]
[c=3680000000 pc=00000000804d0d34]
[VBLK c=3680716600 STATUS=0 type=0 sec=4840560 secleft=1 sderr=0 dmaerr=0]
[c=3681000000 pc=0000000082f15a4e]
[VBLK c=3681501512 STATUS=0 type=0 sec=4840568 secleft=1 sderr=0 dmaerr=0]
[VBLK c=3681937728 STATUS=0 type=0 sec=4840584 secleft=1 sderr=0 dmaerr=0]
[c=3682000000 pc=00000000803e088e]
[c=3683000000 pc=0000000082f15a5e]
[VBLK c=3683123842 STATUS=0 type=0 sec=4840592 secleft=1 sderr=0 dmaerr=0]
[VBLK c=3683560058 STATUS=0 type=0 sec=4840600 secleft=1 sderr=0 dmaerr=0]
[VBLK c=3683996358 STATUS=0 type=0 sec=4840608 secleft=1 sderr=0 dmaerr=0]
[c=3684000000 pc=00000000802123a4]
[VBLK c=3684432742 STATUS=0 type=0 sec=4840616 secleft=1 sderr=0 dmaerr=0]
[VBLK c=3684869042 STATUS=0 type=0 sec=4840624 secleft=1 sderr=0 dmaerr=0]
[c=3685000000 pc=0000000082f15a5e]
[VBLK c=3685654122 STATUS=0 type=0 sec=4840632 secleft=1 sderr=0 dmaerr=0]
[c=3686000000 pc=0000000082f15a4e]
[VBLK c=3686439118 STATUS=0 type=0 sec=4840648 secleft=1 sderr=0 dmaerr=0]
[c=3687000000 pc=0000000082f15a66]
[VBLK c=3687921506 STATUS=0 type=0 sec=4840664 secleft=1 sderr=0 dmaerr=0]
[c=3688000000 pc=0000000082f15a5e]
[c=3689000000 pc=0000000082f15a52]
[VBLK c=3689404398 STATUS=0 type=0 sec=4840696 secleft=1 sderr=0 dmaerr=0]
[c=3690000000 pc=0000000082f15a5e]
[VBLK c=3690886702 STATUS=0 type=0 sec=4840728 secleft=1 sderr=0 dmaerr=0]
[c=3691000000 pc=0000000082f15a52]
[VBLK c=3691671782 STATUS=0 type=0 sec=4840760 secleft=1 sderr=0 dmaerr=0]
[c=3692000000 pc=0000000082f15a4a]
[VBLK c=3692107998 STATUS=0 type=0 sec=4840776 secleft=1 sderr=0 dmaerr=0]
[VBLK c=3692544382 STATUS=0 type=0 sec=4840784 secleft=1 sderr=0 dmaerr=0]
[c=3693000000 pc=0000000082f15a52]
[VBLK c=3693329294 STATUS=0 type=0 sec=4840792 secleft=1 sderr=0 dmaerr=0]
[c=3694000000 pc=0000000082f15a66]
[VBLK c=3694811682 STATUS=0 type=0 sec=4840808 secleft=1 sderr=0 dmaerr=0]
[c=3695000000 pc=0000000082f15a52]
[c=3696000000 pc=0000000082f15a66]
[VBLK c=3696293986 STATUS=0 type=0 sec=4840840 secleft=1 sderr=0 dmaerr=0]
[c=3697000000 pc=0000000082f15a4a]
[VBLK c=3697427594 STATUS=0 type=0 sec=4840872 secleft=1 sderr=0 dmaerr=0]
[c=3698000000 pc=0000000082223050]
[c=3699000000 pc=0000000080075f24]
[c=3700000000 pc=0000000082f15a66]
[c=3701000000 pc=0000000082f15a4a]
[c=3702000000 pc=000000008076bc2c]
[c=3703000000 pc=0000000080753550]
[c=3704000000 pc=0000000082f15a4a]
[c=3705000000 pc=0000000082f15a5e]
[c=3706000000 pc=0000000082f15a5e]
[c=3707000000 pc=0000000082f15a5e]
[c=3708000000 pc=0000000082f15a66]
[c=3709000000 pc=0000000082f15a66]
[c=3710000000 pc=0000000082f15a66]
[c=3711000000 pc=0000000082f15a6a]
[c=3712000000 pc=0000000082f15a6a]
[c=3713000000 pc=00000000803b0c8c]
[c=3714000000 pc=0000000082ed2a34]
[c=3715000000 pc=0000000082ed2a34]
[c=3716000000 pc=0000000082ed2a30]
[c=3717000000 pc=0000000082ed2a30]
[c=3718000000 pc=0000000082ed2a30]
[c=3719000000 pc=0000000082ed2a34]
[c=3720000000 pc=0000000082ed2a30]
[c=3721000000 pc=0000000082ed2a30]
[c=3722000000 pc=0000000082ed2a2a]
[c=3723000000 pc=0000000082ed2a30]
[c=3724000000 pc=0000000082f15a4a]
[c=3725000000 pc=0000000082f15a4a]
[c=3726000000 pc=0000000082f15a58]
[c=3727000000 pc=0000000082f15a58]
[c=3728000000 pc=0000000082f15a58]
[c=3729000000 pc=0000000082f15a5e]
[c=3730000000 pc=0000000082f15a5e]
[c=3731000000 pc=0000000082f15a5e]
[c=3732000000 pc=0000000082f15a66]
[c=3733000000 pc=0000000082f15a66]
[c=3734000000 pc=0000000082ed2a30]
[c=3735000000 pc=0000000082ed2a30]
[c=3736000000 pc=0000000082ed2a30]
[c=3737000000 pc=0000000082ed2a34]
[c=3738000000 pc=0000000082ed2a30]
[c=3739000000 pc=0000000082ed2a30]
[c=3740000000 pc=0000000082ed2a30]
[c=3741000000 pc=0000000082ed2a34]
[c=3742000000 pc=0000000082ed2a30]
[c=3743000000 pc=0000000082ed2a30]
[c=3744000000 pc=0000000082ed2a34]
[c=3745000000 pc=0000000082f15a66]
[c=3746000000 pc=0000000082f15a66]
[c=3747000000 pc=0000000082f15a58]
[c=3748000000 pc=0000000082f15a58]
[c=3749000000 pc=0000000082f15a5e]
[c=3750000000 pc=0000000082f15a5e]
[c=3751000000 pc=0000000082f15a5e]
[c=3752000000 pc=0000000082f15a66]
[c=3753000000 pc=0000000082f15a66]
[c=3754000000 pc=0000000082f15a66]
[c=3755000000 pc=0000000082f15a6a]
[c=3756000000 pc=0000000082ed2a30]
[c=3757000000 pc=0000000082ed2a30]
[c=3758000000 pc=0000000082ed2a30]
[c=3759000000 pc=0000000082ed2a30]
[c=3760000000 pc=0000000082ed2a30]
[c=3761000000 pc=0000000082ed2a30]
[c=3762000000 pc=0000000082ed2a30]
[c=3763000000 pc=0000000082ed2a34]
[c=3764000000 pc=0000000082ed2a30]
[c=3765000000 pc=0000000082ed2a30]
[c=3766000000 pc=0000000082f15a4a]
[c=3767000000 pc=0000000082f15a4a]
[c=3768000000 pc=0000000082f15a6a]
[c=3769000000 pc=0000000082f15a6a]
[c=3770000000 pc=0000000082f15a4a]
[c=3771000000 pc=0000000082f15a4a]
[c=3772000000 pc=0000000082f15a4a]
[c=3773000000 pc=0000000082f15a4e]
[c=3774000000 pc=0000000082f15a4e]
[c=3775000000 pc=0000000082f15a4e]
[c=3776000000 pc=0000000082f15a52]
[c=3777000000 pc=0000000082ed2a30]
[c=3778000000 pc=0000000082ed2a34]
[c=3779000000 pc=0000000082ed2a30]
[c=3780000000 pc=0000000082ed2a30]
[c=3781000000 pc=0000000082ed2a30]
[c=3782000000 pc=0000000082ed2a30]
[c=3783000000 pc=0000000082ed2a30]
[c=3784000000 pc=0000000082ed2a2a]
[c=3785000000 pc=0000000082ed2a30]
[c=3786000000 pc=0000000082ed2a30]
[c=3787000000 pc=0000000082ed2a30]
[c=3788000000 pc=0000000082f15a4e]
[c=3789000000 pc=0000000082f15a4e]
[c=3790000000 pc=0000000082f15a4e]
[c=3791000000 pc=0000000082f15a4e]
[c=3792000000 pc=0000000082f15a4e]
[c=3793000000 pc=0000000082f15a52]
[c=3794000000 pc=0000000082f15a52]
[c=3795000000 pc=0000000082f15a52]
[c=3796000000 pc=0000000082f15a58]
[c=3797000000 pc=0000000082f15a58]
[c=3798000000 pc=0000000082ed2a34]
[c=3799000000 pc=0000000082ed2a30]
[c=3800000000 pc=0000000082ed2a30]
[c=3801000000 pc=0000000082ed2a30]
[c=3802000000 pc=0000000082ed2a30]
[c=3803000000 pc=0000000082ed2a34]
[c=3804000000 pc=0000000082ed2a30]
[c=3805000000 pc=0000000082ed2a30]
[c=3806000000 pc=0000000082ed2a34]
[c=3807000000 pc=0000000082ed2a30]
[c=3808000000 pc=0000000082ed2a30]
[c=3809000000 pc=0000000082f15a4a]
[c=3810000000 pc=0000000082f15a4e]
[c=3811000000 pc=0000000082f15a66]
[c=3812000000 pc=0000000082f15a6a]
[c=3813000000 pc=0000000082f15a6a]
[c=3814000000 pc=0000000082f15a6a]
[c=3815000000 pc=0000000082f15a4a]
[c=3816000000 pc=0000000082f15a4a]
[c=3817000000 pc=0000000082f15a4a]
[c=3818000000 pc=0000000082f15a4e]
[c=3819000000 pc=0000000082f15a4e]
[c=3820000000 pc=0000000082ed2a30]
[c=3821000000 pc=0000000082ed2a30]
[c=3822000000 pc=0000000082ed2a30]
[c=3823000000 pc=0000000082ed2a30]
[c=3824000000 pc=0000000082ed2a30]
[c=3825000000 pc=0000000082ed2a30]
[c=3826000000 pc=0000000082ed2a34]
[c=3827000000 pc=0000000082ed2a30]
[c=3828000000 pc=0000000082ed2a30]
[c=3829000000 pc=0000000082ed2a30]
[c=3830000000 pc=0000000082f15a58]
[c=3831000000 pc=0000000082f15a58]
[c=3832000000 pc=0000000082f15a58]
[c=3833000000 pc=0000000082f15a58]
[c=3834000000 pc=0000000082f15a5e]
[c=3835000000 pc=0000000082f15a5e]
[c=3836000000 pc=0000000082f15a5e]
[c=3837000000 pc=0000000082f15a66]
[c=3838000000 pc=0000000082f15a66]
[c=3839000000 pc=0000000082f15a66]
[c=3840000000 pc=0000000082f15a6a]
[c=3841000000 pc=0000000082ed2a30]
[c=3842000000 pc=0000000082ed2a30]
[c=3843000000 pc=0000000082ed2a34]
[c=3844000000 pc=0000000082ed2a30]
[c=3845000000 pc=0000000082ed2a30]
[c=3846000000 pc=0000000082ed2a34]
[c=3847000000 pc=0000000082ed2a30]
[c=3848000000 pc=0000000082ed2a30]
[c=3849000000 pc=0000000082ed2a30]
[c=3850000000 pc=0000000082ed2a34]
[c=3851000000 pc=0000000082ed2a30]
[c=3852000000 pc=0000000082f15a6a]
[c=3853000000 pc=0000000082f15a4a]
[c=3854000000 pc=0000000082f15a4e]
[c=3855000000 pc=0000000082f15a4e]
[c=3856000000 pc=0000000082f15a4e]
[c=3857000000 pc=0000000082f15a52]
[c=3858000000 pc=0000000082f15a52]
[c=3859000000 pc=0000000082f15a52]
[c=3860000000 pc=0000000082f15a58]
[c=3861000000 pc=0000000082f15a58]
[c=3862000000 pc=0000000082ed2a30]
[c=3863000000 pc=0000000082ed2a30]
[c=3864000000 pc=0000000082ed2a30]
[c=3865000000 pc=0000000082ed2a30]
[c=3866000000 pc=0000000082ed2a30]
[c=3867000000 pc=0000000082ed2a30]
[c=3868000000 pc=0000000082ed2a30]
[c=3869000000 pc=0000000082ed2a30]
[c=3870000000 pc=0000000082ed2a30]
[c=3871000000 pc=0000000082ed2a30]
[c=3872000000 pc=0000000082ed2a30]
[c=3873000000 pc=0000000082f15a52]
[c=3874000000 pc=0000000082f15a58]
[c=3875000000 pc=0000000082f15a4a]
[c=3876000000 pc=0000000082f15a4a]
[c=3877000000 pc=0000000082f15a4e]
[c=3878000000 pc=0000000082f15a4e]
[c=3879000000 pc=0000000082f15a4e]
[c=3880000000 pc=0000000082f15a52]
[c=3881000000 pc=0000000082f15a52]
[c=3882000000 pc=0000000082f15a52]
[c=3883000000 pc=0000000082f15a58]
[c=3884000000 pc=0000000082ed2a30]
[c=3885000000 pc=0000000082ed2a34]
[c=3886000000 pc=0000000082ed2a30]
[c=3887000000 pc=0000000082ed2a30]
[c=3888000000 pc=0000000082ed2a34]
[c=3889000000 pc=0000000082ed2a30]
[c=3890000000 pc=0000000082ed2a30]
[c=3891000000 pc=0000000082ed2a30]
[c=3892000000 pc=0000000082ed2a30]
[c=3893000000 pc=0000000082ed2a30]
[c=3894000000 pc=0000000082f15a5e]
[c=3895000000 pc=0000000082f15a5e]
[c=3896000000 pc=0000000082f15a6a]
[c=3897000000 pc=0000000082f15a4a]
[c=3898000000 pc=0000000082f15a4a]
[c=3899000000 pc=0000000082f15a4a]
[c=3900000000 pc=0000000082f15a4e]
[c=3901000000 pc=0000000082f15a4e]
[c=3902000000 pc=0000000082f15a4e]
[c=3903000000 pc=0000000082f15a52]
[c=3904000000 pc=0000000082f15a52]
[c=3905000000 pc=0000000082ed2a30]
[c=3906000000 pc=0000000082ed2a30]
[c=3907000000 pc=0000000082ed2a30]
[c=3908000000 pc=0000000082ed2a30]
[c=3909000000 pc=0000000082ed2a30]
[c=3910000000 pc=0000000082ed2a30]
[c=3911000000 pc=0000000082ed2a34]
[c=3912000000 pc=0000000082ed2a30]
[c=3913000000 pc=0000000082ed2a30]
[c=3914000000 pc=0000000082ed2a30]
[c=3915000000 pc=0000000082ed2a30]
[c=3916000000 pc=0000000082f15a58]
[c=3917000000 pc=0000000082f15a5e]
[c=3918000000 pc=0000000082f15a5e]
[c=3919000000 pc=0000000082f15a66]
[c=3920000000 pc=0000000082f15a66]
[c=3921000000 pc=0000000082f15a66]
[c=3922000000 pc=0000000082f15a6a]
[c=3923000000 pc=0000000082f15a6a]
[c=3924000000 pc=0000000082f15a6a]
[c=3925000000 pc=0000000082f15a4a]
[c=3926000000 pc=0000000082ed2a30]
[c=3927000000 pc=0000000082ed2a30]
[c=3928000000 pc=0000000082ed2a30]
[c=3929000000 pc=0000000082ed2a30]
[c=3930000000 pc=0000000082ed2a30]
[c=3931000000 pc=0000000082ed2a30]
[c=3932000000 pc=0000000082ed2a34]
[c=3933000000 pc=0000000082ed2a2a]
[c=3934000000 pc=0000000082ed2a30]
[c=3935000000 pc=0000000082ed2a30]
[c=3936000000 pc=0000000082ed2a30]
[c=3937000000 pc=0000000082f15a4e]
[c=3938000000 pc=0000000082f15a4e]
[c=3939000000 pc=0000000082f15a4e]
[c=3940000000 pc=0000000082f15a4e]
[c=3941000000 pc=0000000082f15a52]
[c=3942000000 pc=0000000082f15a52]
[c=3943000000 pc=0000000082f15a52]
[c=3944000000 pc=0000000082f15a58]
[c=3945000000 pc=0000000082f15a58]
[c=3946000000 pc=0000000082f15a58]
[c=3947000000 pc=0000000082f15a5e]
[c=3948000000 pc=0000000082ed2a34]
[c=3949000000 pc=0000000082ed2a30]
[c=3950000000 pc=0000000082ed2a30]
[c=3951000000 pc=0000000082ed2a30]
[c=3952000000 pc=0000000082ed2a30]
[c=3953000000 pc=0000000082ed2a30]
[c=3954000000 pc=0000000082ed2a30]
[c=3955000000 pc=0000000082ed2a34]
[c=3956000000 pc=0000000082ed2a30]
[c=3957000000 pc=0000000082ed2a30]
[c=3958000000 pc=0000000082f15a4a]
[c=3959000000 pc=0000000082f15a4a]
[c=3960000000 pc=0000000082f15a4e]
[c=3961000000 pc=0000000082f15a4e]
[c=3962000000 pc=0000000082f15a4e]
[c=3963000000 pc=0000000082f15a52]
[c=3964000000 pc=0000000082f15a52]
[c=3965000000 pc=0000000082f15a52]
[c=3966000000 pc=0000000082f15a58]
[c=3967000000 pc=0000000082f15a58]
[c=3968000000 pc=0000000082f15a58]
[c=3969000000 pc=0000000082ed2a30]
[c=3970000000 pc=0000000082ed2a30]
[c=3971000000 pc=0000000082ed2a30]
[c=3972000000 pc=0000000082ed2a30]
[c=3973000000 pc=0000000082ed2a30]
[c=3974000000 pc=0000000082ed2a30]
[c=3975000000 pc=0000000082ed2a30]
[c=3976000000 pc=0000000082ed2a30]
[c=3977000000 pc=0000000082ed2a30]
[c=3978000000 pc=0000000082ed2a30]
[c=3979000000 pc=0000000082ed2a30]
[c=3980000000 pc=0000000082f15a5e]
[c=3981000000 pc=0000000082f15a5e]
[c=3982000000 pc=0000000082f15a58]
[c=3983000000 pc=0000000082f15a58]
[c=3984000000 pc=0000000082f15a58]
[c=3985000000 pc=0000000082f15a5e]
[c=3986000000 pc=0000000082f15a5e]
[c=3987000000 pc=0000000082f15a5e]
[c=3988000000 pc=0000000082f15a66]
[c=3989000000 pc=0000000082f15a66]
[c=3990000000 pc=0000000082ed2a30]
[c=3991000000 pc=0000000082ed2a34]
[c=3992000000 pc=0000000082ed2a30]
[c=3993000000 pc=0000000082ed2a30]
[c=3994000000 pc=0000000082ed2a30]
[c=3995000000 pc=0000000082ed2a30]
[c=3996000000 pc=0000000082ed2a30]
[c=3997000000 pc=0000000082ed2a30]
[c=3998000000 pc=0000000082ed2a34]
[c=3999000000 pc=0000000082ed2a30]
[c=4000000000 pc=0000000082ed2a30]
[c=4001000000 pc=0000000082f15a4e]
[c=4002000000 pc=0000000082f15a4e]
[c=4003000000 pc=0000000082f15a58]
[c=4004000000 pc=0000000082f15a58]
[c=4005000000 pc=0000000082f15a5e]
[c=4006000000 pc=0000000082f15a5e]
[c=4007000000 pc=0000000082f15a5e]
[c=4008000000 pc=0000000082f15a66]
[c=4009000000 pc=0000000082f15a66]
[c=4010000000 pc=0000000082f15a66]
[c=4011000000 pc=0000000082f15a6a]
[c=4012000000 pc=0000000082ed2a30]
[c=4013000000 pc=0000000082ed2a34]
[c=4014000000 pc=0000000082ed2a30]
[c=4015000000 pc=0000000082ed2a34]
[c=4016000000 pc=0000000082ed2a30]
[c=4017000000 pc=0000000082ed2a30]
[c=4018000000 pc=0000000082ed2a30]
[c=4019000000 pc=0000000082ed2a30]
[c=4020000000 pc=0000000082ed2a2a]
[c=4021000000 pc=0000000082ed2a30]
[c=4022000000 pc=0000000082f15a52]
[c=4023000000 pc=0000000082f15a52]
[c=4024000000 pc=0000000082f15a58]
[c=4025000000 pc=0000000082f15a5e]
[c=4026000000 pc=0000000082f15a5e]
[c=4027000000 pc=0000000082f15a5e]
[c=4028000000 pc=0000000082f15a66]
[c=4029000000 pc=0000000082f15a66]
[c=4030000000 pc=0000000082f15a66]
[c=4031000000 pc=0000000082f15a6a]
[c=4032000000 pc=0000000082f15a6a]
[c=4033000000 pc=0000000082ed2a30]
[c=4034000000 pc=0000000082ed2a2a]
[c=4035000000 pc=0000000082ed2a34]
[c=4036000000 pc=0000000082ed2a30]
[c=4037000000 pc=0000000082ed2a34]
[c=4038000000 pc=0000000082ed2a30]
[c=4039000000 pc=0000000082ed2a30]
[c=4040000000 pc=0000000082ed2a30]
[c=4041000000 pc=0000000082ed2a30]
[c=4042000000 pc=0000000082ed2a34]
[c=4043000000 pc=0000000082ed2a30]
[c=4044000000 pc=0000000082f15a4e]
[c=4045000000 pc=0000000082f15a4e]
[c=4046000000 pc=0000000082f15a6a]
[c=4047000000 pc=0000000082f15a4a]
[c=4048000000 pc=0000000082f15a4a]
[c=4049000000 pc=0000000082f15a4a]
[c=4050000000 pc=0000000082f15a4e]
[c=4051000000 pc=0000000082f15a4e]
[c=4052000000 pc=0000000082f15a4e]
[c=4053000000 pc=0000000082f15a52]
[c=4054000000 pc=0000000082ed2a30]
[c=4055000000 pc=0000000082ed2a30]
[c=4056000000 pc=0000000082ed2a30]
[c=4057000000 pc=0000000082ed2a30]
[c=4058000000 pc=0000000082ed2a30]
[c=4059000000 pc=0000000082ed2a30]
[c=4060000000 pc=0000000082ed2a30]
[c=4061000000 pc=0000000082ed2a34]
[c=4062000000 pc=0000000082ed2a30]
[c=4063000000 pc=0000000082ed2a30]
[c=4064000000 pc=0000000082ed2a30]
[c=4065000000 pc=0000000082f15a6a]
[c=4066000000 pc=0000000082f15a4a]
[c=4067000000 pc=0000000082f15a4e]
[c=4068000000 pc=0000000082f15a4e]
[c=4069000000 pc=0000000082f15a4e]
[c=4070000000 pc=0000000082f15a52]
[c=4071000000 pc=0000000082f15a52]
[c=4072000000 pc=0000000082f15a52]
[c=4073000000 pc=0000000082f15a58]
[c=4074000000 pc=0000000082f15a58]
[c=4075000000 pc=0000000082f15a58]
[c=4076000000 pc=0000000082ed2a30]
[c=4077000000 pc=0000000082ed2a30]
[c=4078000000 pc=0000000082ed2a30]
[c=4079000000 pc=0000000082ed2a30]
[c=4080000000 pc=0000000082ed2a34]
[c=4081000000 pc=0000000082ed2a30]
[c=4082000000 pc=0000000082ed2a30]
[c=4083000000 pc=0000000082ed2a34]
[c=4084000000 pc=0000000082ed2a30]
[c=4085000000 pc=0000000082ed2a30]
[c=4086000000 pc=0000000082f15a5e]
[c=4087000000 pc=0000000082f15a5e]
[c=4088000000 pc=0000000082f15a66]
[c=4089000000 pc=0000000082f15a66]
[c=4090000000 pc=0000000082f15a6a]
[c=4091000000 pc=0000000082f15a6a]
[c=4092000000 pc=0000000082f15a6a]
[c=4093000000 pc=0000000082f15a4a]
[c=4094000000 pc=0000000082f15a4a]
[c=4095000000 pc=0000000082f15a4a]
[c=4096000000 pc=0000000082f15a4e]
[c=4097000000 pc=0000000082ed2a30]
[c=4098000000 pc=0000000082ed2a30]
[c=4099000000 pc=0000000082ed2a30]
[c=4100000000 pc=0000000082ed2a30]
[c=4101000000 pc=0000000082ed2a30]
[c=4102000000 pc=0000000082ed2a30]
[c=4103000000 pc=0000000082ed2a30]
[c=4104000000 pc=0000000082ed2a34]
[c=4105000000 pc=0000000082ed2a30]
[c=4106000000 pc=0000000082ed2a30]
[c=4107000000 pc=0000000082ed2a30]
[c=4108000000 pc=0000000082f15a52]
[c=4109000000 pc=0000000082f15a58]
[c=4110000000 pc=0000000082f15a5e]
[c=4111000000 pc=0000000082f15a5e]
[c=4112000000 pc=0000000082f15a5e]
[c=4113000000 pc=0000000082f15a66]
[c=4114000000 pc=0000000082f15a66]
[c=4115000000 pc=0000000082f15a66]
[c=4116000000 pc=0000000082f15a6a]
[c=4117000000 pc=0000000082f15a6a]
[c=4118000000 pc=0000000082ed2a30]
[c=4119000000 pc=0000000082ed2a30]
[c=4120000000 pc=0000000082ed2a30]
[c=4121000000 pc=0000000082ed2a30]
[c=4122000000 pc=0000000082ed2a34]
[c=4123000000 pc=0000000082ed2a30]
[c=4124000000 pc=0000000082ed2a30]
[c=4125000000 pc=0000000082ed2a30]
[c=4126000000 pc=0000000082ed2a2a]
[c=4127000000 pc=0000000082ed2a30]
[c=4128000000 pc=0000000082ed2a30]
[c=4129000000 pc=0000000082f15a58]
[c=4130000000 pc=0000000082f15a58]
[c=4131000000 pc=0000000082f15a66]
[c=4132000000 pc=0000000082f15a66]
[c=4133000000 pc=0000000082f15a6a]
[c=4134000000 pc=0000000082f15a6a]
[c=4135000000 pc=0000000082f15a6a]
[c=4136000000 pc=0000000082f15a4a]
[c=4137000000 pc=0000000082f15a4a]
[c=4138000000 pc=0000000082f15a4a]
[c=4139000000 pc=0000000082f15a4e]
[c=4140000000 pc=0000000082ed2a30]
[c=4141000000 pc=0000000082ed2a30]
[c=4142000000 pc=0000000082ed2a30]
[c=4143000000 pc=0000000082ed2a30]
[c=4144000000 pc=0000000082ed2a30]
[c=4145000000 pc=0000000082ed2a34]
[c=4146000000 pc=0000000082ed2a30]
[c=4147000000 pc=0000000082ed2a30]
[c=4148000000 pc=0000000082ed2a34]
[c=4149000000 pc=0000000082ed2a30]
[c=4150000000 pc=0000000082f15a52]
[c=4151000000 pc=0000000082f15a52]
[c=4152000000 pc=0000000082f15a58]
[c=4153000000 pc=0000000082f15a58]
[c=4154000000 pc=0000000082f15a58]
[c=4155000000 pc=0000000082f15a5e]
[c=4156000000 pc=0000000082f15a5e]
[c=4157000000 pc=0000000082f15a5e]
[c=4158000000 pc=0000000082f15a66]
[c=4159000000 pc=0000000082f15a66]
[c=4160000000 pc=0000000082f15a66]
[c=4161000000 pc=0000000082ed2a30]
[c=4162000000 pc=0000000082ed2a30]
[c=4163000000 pc=0000000082ed2a34]
[c=4164000000 pc=0000000082ed2a30]
[c=4165000000 pc=0000000082ed2a30]
[c=4166000000 pc=0000000082ed2a30]
[c=4167000000 pc=0000000082ed2a30]
[c=4168000000 pc=0000000082ed2a30]
[c=4169000000 pc=0000000082ed2a30]
[c=4170000000 pc=0000000082ed2a34]
[c=4171000000 pc=0000000082ed2a30]
[c=4172000000 pc=0000000082f15a52]
[c=4173000000 pc=0000000082f15a52]
[c=4174000000 pc=0000000082f15a4a]
[c=4175000000 pc=0000000082f15a4e]
[c=4176000000 pc=0000000082f15a4e]
[c=4177000000 pc=0000000082f15a4e]
[c=4178000000 pc=0000000082f15a52]
[c=4179000000 pc=0000000082f15a52]
[c=4180000000 pc=0000000082f15a52]
[c=4181000000 pc=0000000082f15a58]
[c=4182000000 pc=0000000082ed2a30]
[c=4183000000 pc=0000000082ed2a30]
[c=4184000000 pc=0000000082ed2a30]
[c=4185000000 pc=0000000082ed2a30]
[c=4186000000 pc=0000000082ed2a30]
[c=4187000000 pc=0000000082ed2a30]
[c=4188000000 pc=0000000082ed2a30]
[c=4189000000 pc=0000000082ed2a30]
[c=4190000000 pc=0000000082ed2a30]
[c=4191000000 pc=0000000082ed2a30]
[c=4192000000 pc=0000000082ed2a30]
[c=4193000000 pc=0000000082f15a4a]
[c=4194000000 pc=0000000082f15a4a]
[c=4195000000 pc=0000000082f15a52]
[c=4196000000 pc=0000000082f15a52]
[c=4197000000 pc=0000000082f15a52]
[c=4198000000 pc=0000000082f15a58]
[c=4199000000 pc=0000000082f15a58]
[c=4200000000 pc=0000000082f15a58]
[c=4201000000 pc=0000000082f15a5e]
[c=4202000000 pc=0000000082f15a5e]
[c=4203000000 pc=0000000082f15a5e]
[c=4204000000 pc=0000000082ed2a30]
[c=4205000000 pc=0000000082ed2a34]
[c=4206000000 pc=0000000082ed2a30]
[c=4207000000 pc=0000000082ed2a34]
[c=4208000000 pc=0000000082ed2a30]
[c=4209000000 pc=0000000082ed2a30]
[c=4210000000 pc=0000000082ed2a30]
[c=4211000000 pc=0000000082ed2a34]
[c=4212000000 pc=0000000082ed2a34]
[c=4213000000 pc=0000000082ed2a30]
[c=4214000000 pc=0000000082f15a58]
[c=4215000000 pc=0000000082f15a58]
[c=4216000000 pc=0000000082f15a4e]
[c=4217000000 pc=0000000082f15a4e]
[c=4218000000 pc=0000000082f15a52]
[c=4219000000 pc=0000000082f15a52]
[c=4220000000 pc=0000000082f15a52]
[c=4221000000 pc=0000000082f15a58]
[c=4222000000 pc=0000000082f15a58]
[c=4223000000 pc=0000000082f15a58]
[c=4224000000 pc=0000000082f15a5e]
[c=4225000000 pc=0000000082ed2a30]
[c=4226000000 pc=0000000082ed2a30]
[c=4227000000 pc=0000000082ed2a30]
[c=4228000000 pc=0000000082ed2a30]
[c=4229000000 pc=0000000082ed2a30]
[c=4230000000 pc=0000000082ed2a34]
[c=4231000000 pc=0000000082ed2a30]
[c=4232000000 pc=0000000082ed2a30]
[c=4233000000 pc=0000000082ed2a30]
[c=4234000000 pc=0000000082ed2a30]
[c=4235000000 pc=0000000082ed2a30]
[c=4236000000 pc=0000000082f15a4a]
[c=4237000000 pc=0000000082f15a4a]
[c=4238000000 pc=0000000082f15a6a]
[c=4239000000 pc=0000000082f15a4a]
[c=4240000000 pc=0000000082f15a4a]
[c=4241000000 pc=0000000082f15a4a]
[c=4242000000 pc=0000000082f15a4e]
[c=4243000000 pc=0000000082f15a4e]
[c=4244000000 pc=0000000082f15a4e]
[c=4245000000 pc=0000000082f15a52]
[c=4246000000 pc=0000000082ed2a30]
[c=4247000000 pc=0000000082ed2a2a]
[c=4248000000 pc=0000000082ed2a30]
[c=4249000000 pc=0000000082ed2a30]
[c=4250000000 pc=0000000082ed2a30]
[c=4251000000 pc=0000000082ed2a34]
[c=4252000000 pc=0000000082ed2a30]
[c=4253000000 pc=0000000082ed2a30]
[c=4254000000 pc=0000000082ed2a30]
[c=4255000000 pc=0000000082ed2a30]
[c=4256000000 pc=0000000082ed2a30]
[c=4257000000 pc=0000000082f15a66]
[c=4258000000 pc=0000000082f15a66]
[c=4259000000 pc=0000000082f15a4e]
[c=4260000000 pc=0000000082f15a4e]
[c=4261000000 pc=0000000082f15a4e]
[c=4262000000 pc=0000000082f15a52]
[c=4263000000 pc=0000000082f15a52]
[c=4264000000 pc=0000000082f15a52]
[c=4265000000 pc=0000000082f15a58]
[c=4266000000 pc=0000000082f15a58]
[c=4267000000 pc=0000000082f15a58]
[c=4268000000 pc=0000000082ed2a30]
[c=4269000000 pc=0000000082ed2a30]
[c=4270000000 pc=0000000082ed2a30]
[c=4271000000 pc=0000000082ed2a30]
[c=4272000000 pc=0000000082ed2a30]
[c=4273000000 pc=0000000082ed2a34]
[c=4274000000 pc=0000000082ed2a30]
[c=4275000000 pc=0000000082ed2a30]
[c=4276000000 pc=0000000082ed2a30]
[c=4277000000 pc=0000000082ed2a30]
[c=4278000000 pc=0000000082f15a5e]
[c=4279000000 pc=0000000082f15a66]
[c=4280000000 pc=0000000082f15a58]
[c=4281000000 pc=0000000082f15a5e]
[c=4282000000 pc=0000000082ed2a30]
[c=4283000000 pc=0000000082ed2a30]
[c=4284000000 pc=0000000082f15a58]
[c=4285000000 pc=0000000082f15a5e]
[c=4286000000 pc=0000000082ed2a30]
[c=4287000000 pc=0000000082ed2a30]
[c=4288000000 pc=0000000082f15a4a]
[c=4289000000 pc=0000000082f15a4a]
[c=4290000000 pc=0000000082ed2a30]
[c=4291000000 pc=0000000082ed2a30]
[c=4292000000 pc=0000000082f15a58]
[c=4293000000 pc=0000000082ed2a30]
[c=4294000000 pc=0000000082ed2a30]
[c=4295000000 pc=0000000082f15a6a]
[c=4296000000 pc=0000000082f15a6a]
[c=4297000000 pc=0000000082ed2a30]
[c=4298000000 pc=0000000082ed2a30]
[c=4299000000 pc=0000000082f15a6a]
[c=4300000000 pc=0000000082f15a4e]
[c=4301000000 pc=0000000082ed2a2a]
[c=4302000000 pc=0000000082ed2a30]
[c=4303000000 pc=0000000082f15a4a]
[c=4304000000 pc=0000000082f15a4e]
[c=4305000000 pc=0000000082ed2a30]
[c=4306000000 pc=0000000082ed2a30]
[c=4307000000 pc=0000000082f15a5e]
[c=4308000000 pc=0000000082ed2a30]
[c=4309000000 pc=0000000082ed2a34]
[c=4310000000 pc=0000000082f15a58]
[c=4311000000 pc=0000000082f15a58]
[c=4312000000 pc=0000000082ed2a30]
[c=4313000000 pc=0000000082ed2a34]
[c=4314000000 pc=0000000082f15a66]
[c=4315000000 pc=0000000082f15a6a]
[c=4316000000 pc=0000000082ed2a30]
[c=4317000000 pc=0000000082ed2a30]
[c=4318000000 pc=0000000082f15a66]
[c=4319000000 pc=0000000082f15a6a]
[c=4320000000 pc=0000000082ed2a30]
[c=4321000000 pc=0000000082ed2a30]
[c=4322000000 pc=0000000082f15a52]
[c=4323000000 pc=0000000082ed2a34]
[c=4324000000 pc=0000000082ed2a30]
[c=4325000000 pc=0000000082f15a4a]
[c=4326000000 pc=0000000082f15a4a]
[c=4327000000 pc=0000000082ed2a30]
[c=4328000000 pc=0000000082ed2a30]
[c=4329000000 pc=0000000082f15a6a]
[c=4330000000 pc=0000000082f15a6a]
[c=4331000000 pc=0000000082ed2a30]
[c=4332000000 pc=0000000082ed2a30]
[c=4333000000 pc=0000000082f15a58]
[c=4334000000 pc=0000000082f15a58]
[c=4335000000 pc=0000000082ed2a34]
[c=4336000000 pc=0000000082ed2a30]
[c=4337000000 pc=0000000082f15a4e]
[c=4338000000 pc=0000000082ed2a30]
[c=4339000000 pc=0000000082ed2a34]
[c=4340000000 pc=0000000082f15a6a]
[c=4341000000 pc=0000000082f15a6a]
[c=4342000000 pc=0000000082ed2a30]
[c=4343000000 pc=0000000082ed2a34]
[c=4344000000 pc=0000000082f15a66]
[c=4345000000 pc=0000000082f15a66]
[c=4346000000 pc=0000000082ed2a30]
[c=4347000000 pc=0000000082ed2a30]
[c=4348000000 pc=0000000082f15a58]
[c=4349000000 pc=0000000082f15a58]
[c=4350000000 pc=0000000082ed2a30]
[c=4351000000 pc=0000000082ed2a30]
[c=4352000000 pc=0000000082f15a6a]
[c=4353000000 pc=0000000082ed2a2a]
[c=4354000000 pc=0000000082ed2a30]
[c=4355000000 pc=0000000082f15a5e]
[c=4356000000 pc=0000000082f15a5e]
[c=4357000000 pc=0000000082ed2a34]
[c=4358000000 pc=0000000082ed2a34]
[c=4359000000 pc=0000000082f15a58]
[c=4360000000 pc=0000000082f15a5e]
[c=4361000000 pc=0000000082ed2a30]
[c=4362000000 pc=0000000082ed2a30]
[c=4363000000 pc=0000000082f15a66]
[c=4364000000 pc=0000000082f15a5e]
[c=4365000000 pc=0000000082ed2a30]
[c=4366000000 pc=0000000082ed2a30]
[c=4367000000 pc=0000000082f15a58]
[c=4368000000 pc=0000000082ed2a30]
[c=4369000000 pc=0000000082ed2a30]
[c=4370000000 pc=0000000082f15a66]
[c=4371000000 pc=0000000082f15a66]
[c=4372000000 pc=0000000082ed2a30]
[c=4373000000 pc=0000000082ed2a34]
[c=4374000000 pc=0000000082f15a4e]
[c=4375000000 pc=0000000082f15a52]
[c=4376000000 pc=0000000082ed2a30]
[c=4377000000 pc=0000000082ed2a34]
[c=4378000000 pc=0000000082f15a66]
[c=4379000000 pc=0000000082f15a6a]
[c=4380000000 pc=0000000082ed2a30]
[c=4381000000 pc=0000000082ed2a34]
[c=4382000000 pc=0000000082f15a66]
[c=4383000000 pc=0000000082ed2a30]
[c=4384000000 pc=0000000082ed2a30]
[c=4385000000 pc=0000000082f15a58]
[c=4386000000 pc=0000000082f15a58]
[c=4387000000 pc=0000000082ed2a30]
[c=4388000000 pc=0000000082ed2a34]
[c=4389000000 pc=0000000082f15a66]
[c=4390000000 pc=0000000082f15a6a]
[c=4391000000 pc=0000000082ed2a34]
[c=4392000000 pc=0000000082ed2a30]
[c=4393000000 pc=0000000082f15a6a]
[c=4394000000 pc=0000000082f15a4a]
[c=4395000000 pc=0000000082ed2a34]
[c=4396000000 pc=0000000082ed2a30]
[c=4397000000 pc=0000000082f15a66]
[c=4398000000 pc=0000000082ed2a2a]
[c=4399000000 pc=0000000082ed2a30]
[c=4400000000 pc=0000000082f15a4e]
[c=4401000000 pc=0000000082f15a4e]
[c=4402000000 pc=0000000082ed2a30]
[c=4403000000 pc=0000000082ed2a30]
[c=4404000000 pc=0000000082f15a4a]
[c=4405000000 pc=0000000082f15a4e]
[c=4406000000 pc=0000000082ed2a30]
[c=4407000000 pc=0000000082ed2a30]
[c=4408000000 pc=0000000082f15a58]
[c=4409000000 pc=0000000082f15a58]
[c=4410000000 pc=0000000082ed2a30]
[c=4411000000 pc=0000000082ed2a30]
[c=4412000000 pc=0000000082f15a58]
[c=4413000000 pc=0000000082ed2a30]
[c=4414000000 pc=0000000082ed2a2a]
[c=4415000000 pc=0000000082f15a66]
[c=4416000000 pc=0000000082f15a66]
[c=4417000000 pc=0000000082ed2a34]
[c=4418000000 pc=0000000082ed2a30]
[c=4419000000 pc=0000000082f15a4e]
[c=4420000000 pc=0000000082f15a52]
[c=4421000000 pc=0000000082ed2a30]
[c=4422000000 pc=0000000082ed2a30]
[c=4423000000 pc=0000000082f15a4a]
[c=4424000000 pc=0000000082f15a4a]
[c=4425000000 pc=0000000082ed2a30]
[c=4426000000 pc=0000000082ed2a2a]
[c=4427000000 pc=0000000082f15a6a]
[c=4428000000 pc=0000000082ed2a30]
[c=4429000000 pc=0000000082ed2a30]
[c=4430000000 pc=0000000082f15a6a]
[c=4431000000 pc=0000000082f15a4a]
[c=4432000000 pc=0000000082ed2a30]
[c=4433000000 pc=0000000082ed2a34]
[c=4434000000 pc=0000000082f15a4a]
[c=4435000000 pc=0000000082f15a4e]
[c=4436000000 pc=0000000082ed2a30]
[c=4437000000 pc=0000000082ed2a30]
[c=4438000000 pc=0000000082f15a6a]
[c=4439000000 pc=0000000082f15a6a]
[c=4440000000 pc=0000000082ed2a30]
[c=4441000000 pc=0000000082ed2a30]
[c=4442000000 pc=0000000082f15a66]
[c=4443000000 pc=0000000082ed2a30]
[c=4444000000 pc=0000000082ed2a30]
[c=4445000000 pc=0000000082f15a52]
[c=4446000000 pc=0000000082f15a52]
[c=4447000000 pc=0000000082ed2a2a]
[c=4448000000 pc=0000000082ed2a30]
[c=4449000000 pc=0000000082f15a4a]
[c=4450000000 pc=0000000082f15a4a]
[c=4451000000 pc=0000000082ed2a30]
[c=4452000000 pc=0000000082ed2a30]
[c=4453000000 pc=0000000082f15a4e]
[c=4454000000 pc=0000000082f15a4e]
[c=4455000000 pc=0000000082ed2a30]
[c=4456000000 pc=0000000082ed2a30]
[c=4457000000 pc=0000000082f15a52]
[c=4458000000 pc=0000000082ed2a30]
[c=4459000000 pc=0000000082ed2a30]
[c=4460000000 pc=0000000082f15a4a]
[c=4461000000 pc=0000000082f15a4e]
[c=4462000000 pc=0000000082ed2a30]
[c=4463000000 pc=0000000082ed2a30]
[c=4464000000 pc=0000000082f15a4e]
[c=4465000000 pc=0000000082f15a4e]
[c=4466000000 pc=0000000082ed2a30]
[c=4467000000 pc=0000000082ed2a30]
[c=4468000000 pc=0000000082f15a5e]
[c=4469000000 pc=0000000082f15a5e]
[c=4470000000 pc=0000000082ed2a30]
[c=4471000000 pc=0000000082ed2a30]
[c=4472000000 pc=0000000082f15a52]
[c=4473000000 pc=0000000082ed2a30]
[c=4474000000 pc=0000000082ed2a30]
[c=4475000000 pc=0000000082f15a5e]
[c=4476000000 pc=0000000082f15a66]
[c=4477000000 pc=0000000082ed2a30]
[c=4478000000 pc=0000000082ed2a30]
[c=4479000000 pc=0000000082f15a52]
[c=4480000000 pc=0000000082f15a52]
[c=4481000000 pc=0000000082ed2a30]
[c=4482000000 pc=0000000082ed2a30]
[c=4483000000 pc=0000000082f15a4e]
[c=4484000000 pc=0000000082f15a4e]
[c=4485000000 pc=0000000082ed2a30]
[c=4486000000 pc=0000000082ed2a30]
[c=4487000000 pc=0000000082f15a4e]
[c=4488000000 pc=0000000082ed2a30]
[c=4489000000 pc=0000000082ed2a30]
[c=4490000000 pc=0000000082f15a6a]
[c=4491000000 pc=0000000082f15a6a]
[c=4492000000 pc=0000000082ed2a30]
[c=4493000000 pc=0000000082ed2a30]
[c=4494000000 pc=0000000082f15a52]
[c=4495000000 pc=0000000082f15a58]
[c=4496000000 pc=0000000082ed2a30]
[c=4497000000 pc=0000000082ed2a30]
[c=4498000000 pc=0000000082f15a5e]
[c=4499000000 pc=0000000082f15a5e]
[c=4500000000 pc=0000000082ed2a30]
[c=4501000000 pc=0000000082ed2a30]
[c=4502000000 pc=0000000082f15a58]
[c=4503000000 pc=0000000082ed2a30]
[c=4504000000 pc=0000000082ed2a30]
[c=4505000000 pc=0000000082f15a4a]
[c=4506000000 pc=0000000082f15a4a]
[c=4507000000 pc=0000000082ed2a34]
[c=4508000000 pc=0000000082ed2a30]
[c=4509000000 pc=0000000082f15a52]
[c=4510000000 pc=0000000082f15a52]
[c=4511000000 pc=0000000082ed2a30]
[c=4512000000 pc=0000000082ed2a30]
[c=4513000000 pc=0000000082f15a6a]
[c=4514000000 pc=0000000082f15a4a]
[c=4515000000 pc=0000000082ed2a30]
[c=4516000000 pc=0000000082ed2a34]
[c=4517000000 pc=0000000082f15a58]
[c=4518000000 pc=0000000082ed2a30]
[c=4519000000 pc=0000000082ed2a34]
[c=4520000000 pc=0000000082f15a52]
[c=4521000000 pc=0000000082f15a58]
[c=4522000000 pc=0000000082ed2a30]
[c=4523000000 pc=0000000082ed2a30]
[c=4524000000 pc=0000000082f15a52]
[c=4525000000 pc=0000000082f15a52]
[c=4526000000 pc=0000000082ed2a30]
[c=4527000000 pc=0000000082ed2a34]
[c=4528000000 pc=0000000082f15a6a]
[c=4529000000 pc=0000000082f15a4a]
[c=4530000000 pc=0000000082ed2a30]
[c=4531000000 pc=0000000082ed2a30]
[c=4532000000 pc=0000000082f15a4e]
[c=4533000000 pc=0000000082ed2a30]
[c=4534000000 pc=0000000082ed2a30]
[c=4535000000 pc=0000000082f15a5e]
[c=4536000000 pc=0000000082f15a66]
[c=4537000000 pc=0000000082ed2a30]
[c=4538000000 pc=0000000082ed2a30]
[c=4539000000 pc=0000000082f15a5e]
[c=4540000000 pc=0000000082f15a66]
[c=4541000000 pc=0000000082ed2a2a]
[c=4542000000 pc=0000000082ed2a30]
[c=4543000000 pc=0000000082f15a5e]
[c=4544000000 pc=0000000082f15a66]
[c=4545000000 pc=0000000082ed2a30]
[c=4546000000 pc=0000000082ed2a30]
[c=4547000000 pc=0000000082f15a52]
[c=4548000000 pc=0000000082ed2a34]
[c=4549000000 pc=0000000082ed2a30]
[c=4550000000 pc=0000000082f15a66]
[c=4551000000 pc=0000000082f15a6a]
[c=4552000000 pc=0000000082ed2a30]
[c=4553000000 pc=0000000082ed2a30]
[c=4554000000 pc=0000000082f15a66]
[c=4555000000 pc=0000000082f15a66]
[c=4556000000 pc=0000000082ed2a30]
[c=4557000000 pc=0000000082ed2a30]
[c=4558000000 pc=0000000082f15a66]
[c=4559000000 pc=0000000082f15a66]
[c=4560000000 pc=0000000082ed2a30]
[c=4561000000 pc=0000000082ed2a30]
[c=4562000000 pc=0000000082f15a58]
[c=4563000000 pc=0000000082ed2a30]
[c=4564000000 pc=0000000082ed2a30]
[c=4565000000 pc=0000000082f15a5e]
[c=4566000000 pc=0000000082f15a5e]
[c=4567000000 pc=0000000082ed2a2a]
[c=4568000000 pc=0000000082ed2a30]
[c=4569000000 pc=0000000082f15a58]
[c=4570000000 pc=0000000082f15a58]
[c=4571000000 pc=0000000082ed2a2a]
[c=4572000000 pc=0000000082ed2a30]
[c=4573000000 pc=0000000082f15a5e]
[c=4574000000 pc=0000000082f15a66]
[c=4575000000 pc=0000000082ed2a34]
[c=4576000000 pc=0000000082ed2a34]
[c=4577000000 pc=0000000082f15a6a]
[c=4578000000 pc=0000000082ed2a30]
[c=4579000000 pc=0000000082ed2a30]
[c=4580000000 pc=0000000082f15a5e]
[c=4581000000 pc=0000000082f15a66]
[c=4582000000 pc=0000000082ed2a30]
[c=4583000000 pc=0000000082ed2a30]
[c=4584000000 pc=0000000082f15a5e]
[c=4585000000 pc=0000000082f15a66]
[c=4586000000 pc=0000000082ed2a30]
[c=4587000000 pc=0000000082ed2a30]
[c=4588000000 pc=0000000082f15a4a]
[c=4589000000 pc=0000000082f15a4e]
[c=4590000000 pc=0000000082ed2a30]
[c=4591000000 pc=0000000082ed2a30]
[c=4592000000 pc=0000000082f15a58]
[c=4593000000 pc=0000000082ed2a30]
[c=4594000000 pc=0000000082ed2a30]
[c=4595000000 pc=0000000082f15a4e]
[c=4596000000 pc=0000000082f15a4e]
[c=4597000000 pc=0000000082ed2a30]
[c=4598000000 pc=0000000082ed2a30]
[c=4599000000 pc=0000000082f15a66]
[c=4600000000 pc=0000000082f15a66]
[c=4601000000 pc=0000000082ed2a34]
[c=4602000000 pc=0000000082ed2a30]
[c=4603000000 pc=0000000082f15a4a]
[c=4604000000 pc=0000000082f15a4a]
[c=4605000000 pc=0000000082ed2a34]
[c=4606000000 pc=0000000082ed2a30]
[c=4607000000 pc=0000000082f15a4e]
[c=4608000000 pc=0000000082ed2a34]
[c=4609000000 pc=0000000082ed2a30]
[c=4610000000 pc=0000000082f15a58]
[c=4611000000 pc=0000000082f15a58]
[c=4612000000 pc=0000000082ed2a30]
[c=4613000000 pc=0000000082ed2a30]
[c=4614000000 pc=0000000082f15a66]
[c=4615000000 pc=0000000082f15a66]
[c=4616000000 pc=0000000082ed2a34]
[c=4617000000 pc=0000000082ed2a30]
[c=4618000000 pc=0000000082f15a52]
[c=4619000000 pc=0000000082f15a52]
[c=4620000000 pc=0000000082ed2a30]
[c=4621000000 pc=0000000082ed2a30]
[c=4622000000 pc=0000000082f15a4a]
[c=4623000000 pc=0000000082ed2a30]
[c=4624000000 pc=0000000082ed2a30]
[c=4625000000 pc=0000000082f15a66]
[c=4626000000 pc=0000000082f15a66]
[c=4627000000 pc=0000000082ed2a30]
[c=4628000000 pc=0000000082ed2a30]
[c=4629000000 pc=0000000082f15a4a]
[c=4630000000 pc=0000000082f15a52]
[c=4631000000 pc=0000000082ed2a30]
[c=4632000000 pc=0000000082ed2a34]
[c=4633000000 pc=0000000082f15a58]
[c=4634000000 pc=0000000082f15a58]
[c=4635000000 pc=0000000082ed2a34]
[c=4636000000 pc=0000000082ed2a30]
[c=4637000000 pc=0000000082f15a4e]
[c=4638000000 pc=0000000082ed2a34]
[c=4639000000 pc=0000000082ed2a30]
[c=4640000000 pc=0000000082f15a4a]
[c=4641000000 pc=0000000082f15a52]
[c=4642000000 pc=0000000082ed2a30]
[c=4643000000 pc=0000000082ed2a34]
[c=4644000000 pc=0000000082f15a4a]
[c=4645000000 pc=0000000082f15a4a]
[c=4646000000 pc=0000000082ed2a30]
[c=4647000000 pc=0000000082ed2a2a]
[c=4648000000 pc=0000000082f15a5e]
[c=4649000000 pc=0000000082f15a5e]
[c=4650000000 pc=0000000082ed2a34]
[c=4651000000 pc=0000000082ed2a30]
[c=4652000000 pc=0000000082f15a52]
[c=4653000000 pc=0000000082ed2a30]
[c=4654000000 pc=0000000082ed2a30]
[c=4655000000 pc=0000000082f15a5e]
[c=4656000000 pc=0000000082f15a5e]
[c=4657000000 pc=0000000082ed2a30]
[c=4658000000 pc=0000000082ed2a30]
[c=4659000000 pc=0000000082f15a66]
[c=4660000000 pc=0000000082f15a6a]
[c=4661000000 pc=0000000082ed2a30]
[c=4662000000 pc=0000000082ed2a30]
[c=4663000000 pc=0000000082f15a58]
[c=4664000000 pc=0000000082f15a5e]
[c=4665000000 pc=0000000082ed2a30]
[c=4666000000 pc=0000000082ed2a30]
[c=4667000000 pc=0000000082f15a52]
[c=4668000000 pc=0000000082ed2a30]
[c=4669000000 pc=0000000082ed2a30]
[c=4670000000 pc=0000000082f15a5e]
[c=4671000000 pc=0000000082f15a5e]
[c=4672000000 pc=0000000082ed2a34]
[c=4673000000 pc=0000000082ed2a2a]
[c=4674000000 pc=0000000082f15a4a]
[c=4675000000 pc=0000000082f15a4e]
[c=4676000000 pc=0000000082ed2a34]
[c=4677000000 pc=0000000082ed2a30]
[c=4678000000 pc=0000000082f15a6a]
[c=4679000000 pc=0000000082f15a6a]
[c=4680000000 pc=0000000082ed2a2a]
[c=4681000000 pc=0000000082ed2a30]
[c=4682000000 pc=0000000082f15a52]
[c=4683000000 pc=0000000082ed2a30]
[c=4684000000 pc=0000000082ed2a30]
[c=4685000000 pc=0000000082f15a66]
[c=4686000000 pc=0000000082f15a66]
[c=4687000000 pc=0000000082ed2a30]
[c=4688000000 pc=0000000082ed2a30]
[c=4689000000 pc=0000000082f15a4e]
[c=4690000000 pc=0000000082f15a4e]
[c=4691000000 pc=0000000082ed2a30]
[c=4692000000 pc=0000000082ed2a30]
[c=4693000000 pc=0000000082f15a6a]
[c=4694000000 pc=0000000082f15a66]
[c=4695000000 pc=0000000082ed2a34]
[c=4696000000 pc=0000000082ed2a30]
[c=4697000000 pc=0000000082f15a6a]
[c=4698000000 pc=0000000082ed2a34]
[c=4699000000 pc=0000000082ed2a30]
[c=4700000000 pc=0000000082f15a52]
[c=4701000000 pc=0000000082f15a52]
[c=4702000000 pc=0000000082ed2a34]
[c=4703000000 pc=0000000082ed2a30]
[c=4704000000 pc=0000000082f15a66]
[c=4705000000 pc=0000000082f15a4a]
[c=4706000000 pc=0000000082ed2a30]
[c=4707000000 pc=0000000082ed2a34]
[c=4708000000 pc=0000000082f15a6a]
[c=4709000000 pc=0000000082f15a6a]
[c=4710000000 pc=0000000082ed2a30]
[c=4711000000 pc=0000000082ed2a30]
[c=4712000000 pc=0000000082f15a4a]
[c=4713000000 pc=0000000082ed2a30]
[c=4714000000 pc=0000000082ed2a30]
[c=4715000000 pc=0000000082f15a4e]
[c=4716000000 pc=0000000082f15a5e]
[c=4717000000 pc=0000000082ed2a30]
[c=4718000000 pc=0000000082ed2a30]
[c=4719000000 pc=0000000082f15a5e]
[c=4720000000 pc=0000000082f15a5e]
[c=4721000000 pc=0000000082ed2a30]
[c=4722000000 pc=0000000082ed2a30]
[c=4723000000 pc=0000000082f15a6a]
[c=4724000000 pc=0000000082f15a6a]
[c=4725000000 pc=0000000082ed2a30]
[c=4726000000 pc=0000000082ed2a30]
[c=4727000000 pc=0000000082f15a58]
[c=4728000000 pc=0000000082ed2a30]
[c=4729000000 pc=0000000082ed2a30]
[c=4730000000 pc=0000000082f15a5e]
[c=4731000000 pc=0000000082f15a5e]
[c=4732000000 pc=0000000082ed2a30]
[c=4733000000 pc=0000000082ed2a34]
[c=4734000000 pc=0000000082f15a66]
[c=4735000000 pc=0000000082f15a66]
[c=4736000000 pc=0000000082ed2a34]
[c=4737000000 pc=0000000082ed2a30]
[c=4738000000 pc=0000000082f15a6a]
[c=4739000000 pc=0000000082f15a6a]
[c=4740000000 pc=0000000082ed2a2a]
[c=4741000000 pc=0000000082ed2a34]
[c=4742000000 pc=0000000082f15a5e]
[c=4743000000 pc=0000000082ed2a30]
[c=4744000000 pc=0000000082ed2a30]
[c=4745000000 pc=0000000082f15a58]
[c=4746000000 pc=0000000082f15a58]
[c=4747000000 pc=0000000082ed2a30]
[c=4748000000 pc=0000000082ed2a30]
[c=4749000000 pc=0000000082f15a6a]
[c=4750000000 pc=0000000082f15a6a]
[c=4751000000 pc=0000000082ed2a30]
[c=4752000000 pc=0000000082ed2a30]
[c=4753000000 pc=0000000082f15a6a]
[c=4754000000 pc=0000000082f15a6a]
[c=4755000000 pc=0000000082ed2a30]
[c=4756000000 pc=0000000080774a16]
[c=4757000000 pc=0000000082f15a66]
[c=4758000000 pc=0000000082ed2a30]
[c=4759000000 pc=0000000082ed2a30]
[c=4760000000 pc=0000000082f15a66]
[c=4761000000 pc=0000000082f15a6a]
[c=4762000000 pc=0000000082ed2a30]
[c=4763000000 pc=0000000082ed2a30]
[c=4764000000 pc=0000000082f15a66]
[c=4765000000 pc=0000000082f15a66]
[c=4766000000 pc=0000000082ed2a30]
[c=4767000000 pc=0000000082ed2a30]
[c=4768000000 pc=0000000082f15a58]
[c=4769000000 pc=0000000082f15a58]
[c=4770000000 pc=0000000082ed2a30]
[c=4771000000 pc=000000008075f65c]
[c=4772000000 pc=0000000082f15a66]
[c=4773000000 pc=0000000082ed2a30]
[c=4774000000 pc=0000000082ed2a30]
[c=4775000000 pc=0000000082f15a4a]
[c=4776000000 pc=0000000082f15a4a]
[c=4777000000 pc=0000000082ed2a2a]
[c=4778000000 pc=0000000082ed2a30]
[c=4779000000 pc=0000000082f15a4e]
[c=4780000000 pc=0000000082f15a5e]
[c=4781000000 pc=0000000082ed2a30]
[c=4782000000 pc=0000000082ed2a2a]
[c=4783000000 pc=0000000082f15a58]
[c=4784000000 pc=0000000082f15a58]
[c=4785000000 pc=0000000082ed2a30]
[c=4786000000 pc=000000008024394c]
[c=4787000000 pc=0000000082f15a6a]
[c=4788000000 pc=0000000082ed2a30]
[c=4789000000 pc=0000000082ed2a30]
[c=4790000000 pc=0000000082f15a52]
[c=4791000000 pc=0000000082f15a58]
[c=4792000000 pc=0000000082ed2a34]
[c=4793000000 pc=0000000082ed2a30]
[c=4794000000 pc=0000000082f15a52]
[c=4795000000 pc=0000000082f15a52]
[c=4796000000 pc=0000000082ed2a34]
[c=4797000000 pc=0000000082ed2a30]
[c=4798000000 pc=0000000082f15a58]
[c=4799000000 pc=0000000082f15a58]
[c=4800000000 pc=0000000082ed2a30]
[c=4801000000 pc=000000008076ed5e]
[c=4802000000 pc=0000000082f15a58]
[c=4803000000 pc=0000000082ed2a30]
[c=4804000000 pc=0000000082ed2a30]
[c=4805000000 pc=0000000082f15a5e]
[c=4806000000 pc=0000000082f15a5e]
[c=4807000000 pc=0000000082ed2a30]
[c=4808000000 pc=0000000082ed2a30]
[c=4809000000 pc=0000000082f15a4e]
[c=4810000000 pc=0000000082f15a52]
[c=4811000000 pc=0000000082ed2a30]
[c=4812000000 pc=0000000082ed2a30]
[c=4813000000 pc=0000000082f15a6a]
[c=4814000000 pc=0000000082f15a6a]
[c=4815000000 pc=0000000082ed2a30]
[c=4816000000 pc=0000000080294640]
[c=4817000000 pc=0000000082f15a58]
[c=4818000000 pc=0000000082ed2a30]
[c=4819000000 pc=0000000082ed2a30]
[c=4820000000 pc=0000000082f15a6a]
[c=4821000000 pc=0000000082f15a6a]
[c=4822000000 pc=0000000082ed2a30]
[c=4823000000 pc=0000000082ed2a30]
[c=4824000000 pc=0000000082f15a4a]
[c=4825000000 pc=0000000082f15a4a]
[c=4826000000 pc=0000000082ed2a30]
[c=4827000000 pc=0000000082ed2a30]
[c=4828000000 pc=0000000082f15a66]
[c=4829000000 pc=0000000082f15a66]
[c=4830000000 pc=0000000082ed2a30]
[c=4831000000 pc=000000008075f884]
[c=4832000000 pc=0000000082f15a5e]
[c=4833000000 pc=0000000082ed2a30]
[c=4834000000 pc=0000000082ed2a30]
[c=4835000000 pc=0000000082f15a58]
[c=4836000000 pc=0000000082f15a58]
[c=4837000000 pc=0000000082ed2a30]
[c=4838000000 pc=0000000082ed2a30]
[c=4839000000 pc=0000000082f15a4a]
[c=4840000000 pc=0000000082f15a4a]
[c=4841000000 pc=0000000082ed2a34]
[c=4842000000 pc=0000000082ed2a30]
[c=4843000000 pc=0000000082f15a6a]
[c=4844000000 pc=0000000082f15a52]
[c=4845000000 pc=0000000082ed2a30]
[c=4846000000 pc=000000008023d636]
[c=4847000000 pc=0000000082f15a66]
[c=4848000000 pc=0000000082ed2a30]
[c=4849000000 pc=0000000082ed2a30]
[c=4850000000 pc=0000000082f15a58]
[c=4851000000 pc=0000000082f15a5e]
[c=4852000000 pc=0000000082ed2a30]
[c=4853000000 pc=0000000082ed2a30]
[c=4854000000 pc=0000000082f15a52]
[c=4855000000 pc=0000000082f15a52]
[c=4856000000 pc=0000000082ed2a30]
[c=4857000000 pc=0000000082ed2a30]
[c=4858000000 pc=0000000082f15a52]
[c=4859000000 pc=0000000082f15a52]
[c=4860000000 pc=0000000082ed2a30]
[c=4861000000 pc=00000000800033fc]
[c=4862000000 pc=0000000082f15a6a]
[c=4863000000 pc=0000000082ed2a30]
[c=4864000000 pc=0000000082ed2a30]
[c=4865000000 pc=0000000082f15a52]
[c=4866000000 pc=0000000082f15a52]
[c=4867000000 pc=0000000082ed2a30]
[c=4868000000 pc=0000000082ed2a30]
[c=4869000000 pc=0000000082f15a5e]
[c=4870000000 pc=0000000082f15a5e]
[c=4871000000 pc=0000000082ed2a30]
[c=4872000000 pc=0000000082ed2a30]
[c=4873000000 pc=0000000082f15a4a]
[c=4874000000 pc=0000000082f15a4e]
[c=4875000000 pc=0000000082ed2a30]
[c=4876000000 pc=0000000082f15a4a]
[c=4877000000 pc=0000000082f15a4e]
[c=4878000000 pc=0000000082ed2a30]
[c=4879000000 pc=0000000082ed2a34]
[c=4880000000 pc=0000000082f15a6a]
[c=4881000000 pc=0000000082f15a6a]
[c=4882000000 pc=0000000082ed2a30]
[c=4883000000 pc=0000000082ed2a2a]
[c=4884000000 pc=0000000082f15a66]
[c=4885000000 pc=0000000082f15a6a]
[c=4886000000 pc=0000000082ed2a34]
[c=4887000000 pc=0000000082ed2a30]
[c=4888000000 pc=0000000082f15a4a]
[c=4889000000 pc=0000000082f15a4e]
[c=4890000000 pc=0000000082ed2a30]
[c=4891000000 pc=0000000082f15a52]
[c=4892000000 pc=0000000082f15a52]
[c=4893000000 pc=0000000082ed2a30]
[c=4894000000 pc=0000000082ed2a30]
[c=4895000000 pc=0000000082f15a66]
[c=4896000000 pc=0000000082f15a6a]
[c=4897000000 pc=0000000082ed2a30]
[c=4898000000 pc=0000000082ed2a30]
[c=4899000000 pc=0000000082f15a66]
[c=4900000000 pc=0000000082f15a66]
[c=4901000000 pc=0000000082ed2a30]
[c=4902000000 pc=0000000082ed2a30]
[c=4903000000 pc=0000000082f15a52]
[c=4904000000 pc=0000000082f15a52]
[c=4905000000 pc=0000000082ed2a30]
[c=4906000000 pc=0000000082f15a4e]
[c=4907000000 pc=0000000082f15a4e]
[c=4908000000 pc=0000000082ed2a30]
[c=4909000000 pc=0000000082ed2a30]
[c=4910000000 pc=0000000082f15a4a]
[c=4911000000 pc=0000000082f15a4e]
[c=4912000000 pc=0000000082ed2a30]
[c=4913000000 pc=0000000082ed2a30]
[c=4914000000 pc=0000000082f15a6a]
[c=4915000000 pc=0000000082f15a4a]
[c=4916000000 pc=0000000082ed2a30]
[c=4917000000 pc=0000000082ed2a34]
[c=4918000000 pc=0000000082f15a6a]
[c=4919000000 pc=0000000082f15a6a]
[c=4920000000 pc=0000000082ed2a30]
[c=4921000000 pc=0000000082f15a4e]
[c=4922000000 pc=0000000082f15a52]
[c=4923000000 pc=0000000082ed2a30]
[c=4924000000 pc=0000000082ed2a30]
[c=4925000000 pc=0000000082f15a6a]
[c=4926000000 pc=0000000082f15a6a]
[c=4927000000 pc=0000000082ed2a34]
[c=4928000000 pc=0000000082ed2a30]
[c=4929000000 pc=0000000082f15a4e]
[c=4930000000 pc=0000000082f15a4e]
[c=4931000000 pc=0000000082ed2a30]
[c=4932000000 pc=0000000082ed2a30]
[c=4933000000 pc=0000000082f15a58]
[c=4934000000 pc=0000000082f15a58]
[c=4935000000 pc=0000000082ed2a30]
[c=4936000000 pc=0000000082f15a4a]
[c=4937000000 pc=0000000082f15a4e]
[c=4938000000 pc=0000000082ed2a30]
[c=4939000000 pc=0000000082ed2a2a]
[c=4940000000 pc=0000000082f15a66]
[c=4941000000 pc=0000000082f15a66]
[c=4942000000 pc=0000000082ed2a34]
[c=4943000000 pc=0000000082ed2a34]
[c=4944000000 pc=0000000082f15a52]
[c=4945000000 pc=0000000082f15a52]
[c=4946000000 pc=0000000082ed2a34]
[c=4947000000 pc=0000000082ed2a30]
[c=4948000000 pc=0000000082f15a6a]
[c=4949000000 pc=0000000082f15a6a]
[c=4950000000 pc=0000000082ed2a30]
[c=4951000000 pc=0000000082f15a6a]
[c=4952000000 pc=0000000082f15a6a]
[c=4953000000 pc=0000000082ed2a30]
[c=4954000000 pc=0000000082ed2a30]
[c=4955000000 pc=0000000082f15a66]
[c=4956000000 pc=0000000082f15a66]
[c=4957000000 pc=0000000082ed2a30]
[c=4958000000 pc=0000000082ed2a2a]
[c=4959000000 pc=0000000082f15a4e]
[c=4960000000 pc=0000000082f15a4e]
[c=4961000000 pc=0000000082ed2a30]
[c=4962000000 pc=0000000082ed2a30]
[c=4963000000 pc=0000000082f15a58]
[c=4964000000 pc=0000000082f15a58]
[c=4965000000 pc=0000000082ed2a30]
[c=4966000000 pc=0000000082f15a4e]
[c=4967000000 pc=0000000082f15a4e]
[c=4968000000 pc=0000000082ed2a34]
[c=4969000000 pc=0000000082ed2a30]
[c=4970000000 pc=0000000082f15a4a]
[c=4971000000 pc=0000000082f15a4e]
[c=4972000000 pc=0000000082ed2a30]
[c=4973000000 pc=0000000082ed2a30]
[c=4974000000 pc=0000000082f15a4e]
[c=4975000000 pc=0000000082f15a4e]
[c=4976000000 pc=0000000082ed2a2a]
[c=4977000000 pc=0000000082ed2a30]
[c=4978000000 pc=0000000082f15a58]
[c=4979000000 pc=0000000082f15a5e]
[c=4980000000 pc=0000000082ed2a30]
[c=4981000000 pc=0000000082f15a6a]
[c=4982000000 pc=0000000082f15a58]
[c=4983000000 pc=0000000082ed2a30]
[c=4984000000 pc=0000000082ed2a30]
[c=4985000000 pc=0000000082f15a5e]
[c=4986000000 pc=0000000082f15a5e]
[c=4987000000 pc=0000000082ed2a30]
[c=4988000000 pc=0000000082ed2a30]
[c=4989000000 pc=0000000082f15a4a]
[c=4990000000 pc=0000000082f15a4a]
[c=4991000000 pc=0000000082ed2a30]
[c=4992000000 pc=0000000082ed2a30]
[c=4993000000 pc=0000000082f15a5e]
[c=4994000000 pc=0000000082f15a5e]
[c=4995000000 pc=0000000082ed2a30]
[c=4996000000 pc=0000000082f15a4e]
[c=4997000000 pc=0000000082f15a52]
[c=4998000000 pc=0000000082ed2a30]
[c=4999000000 pc=0000000082ed2a30]
[c=5000000000 pc=0000000082f15a4e]
[c=5001000000 pc=0000000082f15a4e]
[c=5002000000 pc=0000000082ed2a30]
[c=5003000000 pc=0000000082ed2a30]
[c=5004000000 pc=0000000082f15a66]
[c=5005000000 pc=0000000082f15a66]
[c=5006000000 pc=0000000082ed2a34]
[c=5007000000 pc=0000000082ed2a30]
[c=5008000000 pc=0000000082f15a52]
[c=5009000000 pc=0000000082f15a52]
[c=5010000000 pc=0000000082ed2a30]
[c=5011000000 pc=0000000082f15a6a]
[c=5012000000 pc=0000000082f15a4a]
[c=5013000000 pc=0000000082ed2a2a]
[c=5014000000 pc=0000000082ed2a30]
[c=5015000000 pc=0000000082f15a58]
[c=5016000000 pc=0000000082f15a5e]
[c=5017000000 pc=0000000082ed2a30]
[c=5018000000 pc=0000000082ed2a30]
[c=5019000000 pc=0000000082f15a52]
[c=5020000000 pc=0000000082f15a52]
[c=5021000000 pc=0000000082ed2a30]
[c=5022000000 pc=0000000082ed2a30]
[c=5023000000 pc=0000000082f15a52]
[c=5024000000 pc=0000000082f15a52]
[c=5025000000 pc=0000000082ed2a30]
[c=5026000000 pc=0000000082f15a58]
[c=5027000000 pc=0000000082f15a58]
[c=5028000000 pc=0000000082ed2a30]
[c=5029000000 pc=0000000082ed2a30]
[c=5030000000 pc=0000000082f15a58]
[c=5031000000 pc=0000000082f15a58]
[c=5032000000 pc=0000000082ed2a34]
[c=5033000000 pc=0000000082ed2a30]
[c=5034000000 pc=0000000082f15a4a]
[c=5035000000 pc=0000000082f15a4a]
[c=5036000000 pc=0000000082ed2a30]
[c=5037000000 pc=0000000082ed2a30]
[c=5038000000 pc=0000000082f15a5e]
[c=5039000000 pc=0000000082f15a66]
[c=5040000000 pc=0000000082ed2a30]
[c=5041000000 pc=0000000082f15a58]
[c=5042000000 pc=0000000082f15a58]
[c=5043000000 pc=0000000082ed2a30]
[c=5044000000 pc=0000000082ed2a30]
[c=5045000000 pc=0000000082f15a4a]
[c=5046000000 pc=0000000082f15a58]
[c=5047000000 pc=0000000082ed2a30]
[c=5048000000 pc=0000000082ed2a34]
[c=5049000000 pc=0000000082f15a58]
[c=5050000000 pc=0000000082f15a58]
[c=5051000000 pc=0000000082ed2a30]
[c=5052000000 pc=0000000082ed2a30]
[c=5053000000 pc=0000000082f15a58]
[c=5054000000 pc=0000000082f15a58]
[c=5055000000 pc=0000000082ed2a34]
[c=5056000000 pc=0000000082f15a4e]
[c=5057000000 pc=0000000082f15a4a]
[c=5058000000 pc=0000000082ed2a30]
[c=5059000000 pc=0000000082ed2a30]
[c=5060000000 pc=0000000082f15a52]
[c=5061000000 pc=0000000082f15a52]
[c=5062000000 pc=0000000082ed2a30]
[c=5063000000 pc=0000000082ed2a30]
[c=5064000000 pc=0000000082f15a4a]
[c=5065000000 pc=0000000082f15a4e]
[c=5066000000 pc=0000000082ed2a30]
[c=5067000000 pc=0000000082ed2a30]
[c=5068000000 pc=0000000082f15a58]
[c=5069000000 pc=0000000082f15a58]
[c=5070000000 pc=0000000082ed2a34]
[c=5071000000 pc=0000000082f15a6a]
[c=5072000000 pc=0000000082f15a4a]
[c=5073000000 pc=0000000082ed2a30]
[c=5074000000 pc=0000000082ed2a34]
[c=5075000000 pc=0000000082f15a6a]
[c=5076000000 pc=0000000082f15a4a]
[c=5077000000 pc=0000000082ed2a30]
[c=5078000000 pc=0000000082ed2a30]
[c=5079000000 pc=0000000082f15a4a]
[c=5080000000 pc=0000000082f15a4a]
[c=5081000000 pc=0000000082ed2a30]
[c=5082000000 pc=0000000082ed2a30]
[c=5083000000 pc=0000000082f15a66]
[c=5084000000 pc=0000000082f15a66]
[c=5085000000 pc=0000000082ed2a30]
[c=5086000000 pc=0000000082f15a66]
[c=5087000000 pc=0000000082f15a66]
[c=5088000000 pc=0000000082ed2a34]
[c=5089000000 pc=0000000082ed2a34]
[c=5090000000 pc=0000000082f15a4e]
[c=5091000000 pc=0000000082f15a52]
[c=5092000000 pc=0000000082ed2a30]
[c=5093000000 pc=0000000082ed2a30]
[c=5094000000 pc=0000000082f15a52]
[c=5095000000 pc=0000000082f15a58]
[c=5096000000 pc=0000000082ed2a30]
[c=5097000000 pc=0000000082ed2a30]
[c=5098000000 pc=0000000082f15a4e]
[c=5099000000 pc=0000000082f15a4e]
[c=5100000000 pc=0000000082ed2a30]
[c=5101000000 pc=0000000082f15a58]
[c=5102000000 pc=0000000082f15a5e]
[c=5103000000 pc=0000000082ed2a30]
[c=5104000000 pc=0000000082ed2a30]
[c=5105000000 pc=0000000082f15a58]
[c=5106000000 pc=0000000082f15a58]
[c=5107000000 pc=0000000082ed2a30]
[c=5108000000 pc=0000000082ed2a30]
[c=5109000000 pc=0000000082f15a4a]
[c=5110000000 pc=0000000082f15a52]
[c=5111000000 pc=0000000082ed2a30]
[c=5112000000 pc=0000000082ed2a30]
[c=5113000000 pc=0000000082f15a58]
[c=5114000000 pc=0000000082f15a58]
[c=5115000000 pc=0000000082ed2a30]
[c=5116000000 pc=0000000082f15a5e]
[c=5117000000 pc=0000000082f15a5e]
[c=5118000000 pc=0000000082ed2a30]
[c=5119000000 pc=0000000082ed2a30]
[c=5120000000 pc=0000000082f15a6a]
[c=5121000000 pc=0000000082f15a4e]
[c=5122000000 pc=0000000082ed2a30]
[c=5123000000 pc=0000000082ed2a30]
[c=5124000000 pc=0000000082f15a4a]
[c=5125000000 pc=0000000082f15a4a]
[c=5126000000 pc=0000000082ed2a30]
[c=5127000000 pc=0000000082ed2a30]
[c=5128000000 pc=0000000082f15a4a]
[c=5129000000 pc=0000000082f15a4a]
[c=5130000000 pc=0000000082ed2a34]
[c=5131000000 pc=0000000082f15a52]
[c=5132000000 pc=0000000082f15a52]
[c=5133000000 pc=0000000082ed2a30]
[c=5134000000 pc=0000000082ed2a30]
[c=5135000000 pc=0000000082f15a4a]
[c=5136000000 pc=0000000082f15a4e]
[c=5137000000 pc=0000000082ed2a30]
[c=5138000000 pc=0000000082ed2a34]
[c=5139000000 pc=0000000082f15a52]
[c=5140000000 pc=0000000082f15a52]
[c=5141000000 pc=0000000082ed2a30]
[c=5142000000 pc=0000000082ed2a30]
[c=5143000000 pc=0000000082f15a66]
[c=5144000000 pc=0000000082f15a66]
[c=5145000000 pc=0000000082ed2a30]
[c=5146000000 pc=0000000082f15a52]
[c=5147000000 pc=0000000082f15a52]
[c=5148000000 pc=0000000082ed2a30]
[c=5149000000 pc=0000000082ed2a30]
[c=5150000000 pc=0000000082f15a58]
[c=5151000000 pc=0000000082f15a58]
[c=5152000000 pc=0000000082ed2a30]
[c=5153000000 pc=0000000082ed2a34]
[c=5154000000 pc=0000000082f15a6a]
[c=5155000000 pc=0000000082f15a4a]
[c=5156000000 pc=0000000082ed2a30]
[c=5157000000 pc=0000000082ed2a30]
[c=5158000000 pc=0000000082f15a4e]
[c=5159000000 pc=0000000082f15a4e]
[c=5160000000 pc=0000000082ed2a30]
[c=5161000000 pc=0000000082f15a58]
[c=5162000000 pc=0000000082f15a58]
[c=5163000000 pc=0000000082ed2a30]
[c=5164000000 pc=0000000082ed2a34]
[c=5165000000 pc=0000000082f15a58]
[c=5166000000 pc=0000000082f15a5e]
[c=5167000000 pc=0000000082ed2a30]
[c=5168000000 pc=0000000082ed2a30]
[c=5169000000 pc=0000000082f15a4a]
[c=5170000000 pc=0000000082f15a4a]
[c=5171000000 pc=0000000082ed2a30]
[c=5172000000 pc=0000000082ed2a30]
[c=5173000000 pc=0000000082f15a52]
[c=5174000000 pc=0000000082f15a58]
[c=5175000000 pc=0000000082ed2a34]
[c=5176000000 pc=0000000082f15a6a]
[c=5177000000 pc=0000000082f15a6a]
[c=5178000000 pc=0000000082ed2a30]
[c=5179000000 pc=0000000082ed2a30]
[c=5180000000 pc=0000000082f15a4e]
[c=5181000000 pc=0000000082f15a52]
[c=5182000000 pc=0000000082ed2a30]
[c=5183000000 pc=0000000082ed2a30]
[c=5184000000 pc=0000000082f15a66]
[c=5185000000 pc=0000000082f15a66]
[c=5186000000 pc=0000000082ed2a30]
[c=5187000000 pc=0000000082ed2a2a]
[c=5188000000 pc=0000000082f15a5e]
[c=5189000000 pc=0000000082f15a5e]
[c=5190000000 pc=0000000082ed2a30]
[c=5191000000 pc=0000000082f15a6a]
[c=5192000000 pc=0000000082f15a6a]
[c=5193000000 pc=0000000082ed2a30]
[c=5194000000 pc=0000000082ed2a30]
[c=5195000000 pc=0000000082f15a5e]
[c=5196000000 pc=0000000082f15a5e]
[c=5197000000 pc=0000000082ed2a30]
[c=5198000000 pc=0000000082ed2a30]
[c=5199000000 pc=0000000082f15a5e]
[c=5200000000 pc=0000000082f15a5e]
[c=5201000000 pc=0000000082ed2a30]
[c=5202000000 pc=0000000082ed2a30]
[c=5203000000 pc=0000000082f15a5e]
[c=5204000000 pc=0000000082f15a5e]
[c=5205000000 pc=0000000082ed2a30]
[c=5206000000 pc=0000000082f15a4a]
[c=5207000000 pc=0000000082f15a4a]
[c=5208000000 pc=0000000082ed2a30]
[c=5209000000 pc=0000000082ed2a30]
[c=5210000000 pc=0000000082f15a6a]
[c=5211000000 pc=0000000082f15a4a]
[c=5212000000 pc=0000000082ed2a30]
[c=5213000000 pc=0000000082ed2a30]
[c=5214000000 pc=0000000082f15a5e]
[c=5215000000 pc=0000000082f15a5e]
[c=5216000000 pc=0000000082ed2a30]
[c=5217000000 pc=0000000082ed2a30]
[c=5218000000 pc=0000000082f15a5e]
[c=5219000000 pc=0000000082f15a5e]
[c=5220000000 pc=0000000082ed2a30]
[c=5221000000 pc=0000000082f15a6a]
[c=5222000000 pc=0000000082f15a6a]
[c=5223000000 pc=0000000082ed2a30]
[c=5224000000 pc=0000000082ed2a30]
[c=5225000000 pc=0000000082f15a6a]
[c=5226000000 pc=0000000082f15a4a]
[c=5227000000 pc=0000000082ed2a30]
[c=5228000000 pc=0000000082ed2a30]
[c=5229000000 pc=0000000082f15a58]
[c=5230000000 pc=0000000082f15a5e]
[c=5231000000 pc=0000000082ed2a30]
[c=5232000000 pc=0000000082ed2a34]
[c=5233000000 pc=0000000082f15a6a]
[c=5234000000 pc=0000000082f15a6a]
[c=5235000000 pc=0000000082ed2a30]
[c=5236000000 pc=0000000082f15a6a]
[c=5237000000 pc=0000000082f15a4a]
[c=5238000000 pc=0000000082ed2a30]
[c=5239000000 pc=0000000082ed2a30]
[c=5240000000 pc=0000000082f15a4a]
[c=5241000000 pc=0000000082f15a4e]
[c=5242000000 pc=0000000082ed2a30]
[c=5243000000 pc=0000000082ed2a30]
[c=5244000000 pc=0000000082f15a4e]
[c=5245000000 pc=0000000082f15a4e]
[c=5246000000 pc=0000000082ed2a30]
[c=5247000000 pc=0000000082ed2a30]
[c=5248000000 pc=0000000082f15a4a]
[c=5249000000 pc=0000000082f15a6a]
[c=5250000000 pc=0000000082ed2a30]
[c=5251000000 pc=0000000082f15a5e]
[c=5252000000 pc=0000000082f15a5e]
[c=5253000000 pc=0000000082ed2a30]
[c=5254000000 pc=0000000082ed2a30]
[c=5255000000 pc=0000000082f15a66]
[c=5256000000 pc=0000000082f15a66]
[c=5257000000 pc=0000000082ed2a2a]
[c=5258000000 pc=0000000082ed2a30]
[c=5259000000 pc=0000000082f15a6a]
[c=5260000000 pc=0000000082f15a5e]
[c=5261000000 pc=0000000082ed2a30]
[c=5262000000 pc=0000000082ed2a30]
[c=5263000000 pc=0000000082f15a58]
[c=5264000000 pc=0000000082f15a5e]
[c=5265000000 pc=0000000082ed2a34]
[c=5266000000 pc=0000000082f15a6a]
[c=5267000000 pc=0000000082f15a6a]
[c=5268000000 pc=0000000082ed2a34]
[c=5269000000 pc=0000000082ed2a30]
[c=5270000000 pc=0000000082f15a58]
[c=5271000000 pc=0000000082f15a58]
[c=5272000000 pc=0000000082ed2a30]
[c=5273000000 pc=0000000082ed2a34]
[c=5274000000 pc=0000000082f15a52]
[c=5275000000 pc=0000000082f15a52]
[c=5276000000 pc=0000000082ed2a2a]
[c=5277000000 pc=0000000082ed2a30]
[c=5278000000 pc=0000000082f15a58]
[c=5279000000 pc=0000000082f15a58]
[c=5280000000 pc=0000000082ed2a30]
[c=5281000000 pc=0000000082f15a58]
[c=5282000000 pc=0000000082f15a58]
[c=5283000000 pc=0000000082ed2a30]
[c=5284000000 pc=0000000082ed2a30]
[c=5285000000 pc=0000000082f15a58]
[c=5286000000 pc=0000000082f15a5e]
[c=5287000000 pc=0000000082ed2a30]
[c=5288000000 pc=0000000082ed2a2a]
[c=5289000000 pc=0000000082f15a52]
[c=5290000000 pc=0000000082f15a58]
[c=5291000000 pc=0000000082ed2a30]
[c=5292000000 pc=0000000082ed2a30]
[c=5293000000 pc=0000000082f15a66]
[c=5294000000 pc=0000000082f15a6a]
[c=5295000000 pc=0000000082ed2a2a]
[c=5296000000 pc=0000000082f15a52]
[c=5297000000 pc=0000000082f15a52]
[c=5298000000 pc=0000000082ed2a30]
[c=5299000000 pc=0000000082ed2a30]
[c=5300000000 pc=0000000082f15a6a]
[c=5301000000 pc=0000000082f15a6a]
[c=5302000000 pc=0000000082ed2a30]
[c=5303000000 pc=0000000082ed2a30]
[c=5304000000 pc=0000000082f15a4a]
[c=5305000000 pc=0000000082f15a4e]
[c=5306000000 pc=0000000082ed2a30]
[c=5307000000 pc=0000000082ed2a30]
[c=5308000000 pc=0000000082f15a5e]
[c=5309000000 pc=0000000082f15a5e]
[c=5310000000 pc=0000000082ed2a30]
[c=5311000000 pc=0000000082f15a5e]
[c=5312000000 pc=0000000082f15a66]
[c=5313000000 pc=0000000082ed2a30]
[c=5314000000 pc=0000000082ed2a30]
[c=5315000000 pc=0000000082f15a5e]
[c=5316000000 pc=0000000082f15a5e]
[c=5317000000 pc=0000000082ed2a30]
[c=5318000000 pc=0000000082ed2a30]
[c=5319000000 pc=0000000082f15a4e]
[c=5320000000 pc=0000000082f15a52]
[c=5321000000 pc=0000000082ed2a30]
[c=5322000000 pc=0000000082ed2a30]
[c=5323000000 pc=0000000082f15a58]
[c=5324000000 pc=0000000082f15a6a]
[c=5325000000 pc=0000000082ed2a30]
[c=5326000000 pc=0000000082f15a4e]
[c=5327000000 pc=0000000082f15a4e]
[c=5328000000 pc=0000000082ed2a30]
[c=5329000000 pc=0000000082ed2a34]
[c=5330000000 pc=0000000082f15a4a]
[c=5331000000 pc=0000000082f15a4a]
[c=5332000000 pc=0000000082ed2a34]
[c=5333000000 pc=0000000082ed2a2a]
[c=5334000000 pc=0000000082f15a6a]
[c=5335000000 pc=0000000082f15a4a]
[c=5336000000 pc=0000000082ed2a30]
[c=5337000000 pc=0000000082ed2a30]
[c=5338000000 pc=0000000082f15a58]
[c=5339000000 pc=0000000082f15a58]
[c=5340000000 pc=0000000082ed2a30]
[c=5341000000 pc=0000000082f15a4a]
[c=5342000000 pc=0000000082f15a4a]
[c=5343000000 pc=0000000082ed2a30]
[c=5344000000 pc=0000000082ed2a30]
[c=5345000000 pc=0000000082f15a4e]
[c=5346000000 pc=0000000082f15a52]
[c=5347000000 pc=0000000082ed2a30]
[c=5348000000 pc=0000000082ed2a30]
[c=5349000000 pc=0000000082f15a4e]
[c=5350000000 pc=0000000082f15a4e]
[c=5351000000 pc=0000000082ed2a34]
[c=5352000000 pc=0000000082ed2a30]
[c=5353000000 pc=0000000082f15a4a]
[c=5354000000 pc=0000000082f15a4e]
[c=5355000000 pc=0000000082ed2a2a]
[c=5356000000 pc=0000000082f15a4e]
[c=5357000000 pc=0000000082f15a4e]
[c=5358000000 pc=0000000082ed2a30]
[c=5359000000 pc=0000000082ed2a30]
[c=5360000000 pc=0000000082f15a4a]
[c=5361000000 pc=0000000082f15a4a]
[c=5362000000 pc=0000000082ed2a2a]
[c=5363000000 pc=0000000082ed2a30]
[c=5364000000 pc=0000000082f15a5e]
[c=5365000000 pc=0000000082f15a5e]
[c=5366000000 pc=0000000082ed2a30]
[c=5367000000 pc=0000000082ed2a30]
[c=5368000000 pc=0000000082f15a66]
[c=5369000000 pc=0000000082f15a66]
[c=5370000000 pc=0000000082ed2a30]
[c=5371000000 pc=0000000082f15a4a]
[c=5372000000 pc=0000000082f15a4a]
[c=5373000000 pc=0000000082ed2a30]
[c=5374000000 pc=0000000082ed2a30]
[c=5375000000 pc=0000000082f15a5e]
[c=5376000000 pc=0000000082f15a5e]
[c=5377000000 pc=0000000082ed2a34]
[c=5378000000 pc=0000000082ed2a30]
[c=5379000000 pc=0000000082f15a4e]
[c=5380000000 pc=0000000082f15a4e]
[c=5381000000 pc=0000000082ed2a34]
[c=5382000000 pc=0000000082ed2a30]
[c=5383000000 pc=0000000082f15a4a]
[c=5384000000 pc=0000000082f15a4a]
[c=5385000000 pc=0000000082ed2a30]
[c=5386000000 pc=0000000082f15a66]
[c=5387000000 pc=0000000082f15a66]
[c=5388000000 pc=0000000082ed2a30]
[c=5389000000 pc=0000000082ed2a30]
[c=5390000000 pc=0000000082f15a6a]
[c=5391000000 pc=0000000082f15a4a]
[c=5392000000 pc=0000000082ed2a34]
[c=5393000000 pc=0000000082ed2a30]
[c=5394000000 pc=0000000082f15a66]
[c=5395000000 pc=0000000082f15a66]
[c=5396000000 pc=0000000082ed2a34]
[c=5397000000 pc=0000000082ed2a30]
[c=5398000000 pc=0000000082f15a6a]
[c=5399000000 pc=0000000082f15a6a]
[c=5400000000 pc=0000000082ed2a30]
[c=5401000000 pc=0000000082f15a4a]
[c=5402000000 pc=0000000082f15a4a]
[c=5403000000 pc=0000000082ed2a30]
[c=5404000000 pc=0000000082ed2a30]
[c=5405000000 pc=0000000082f15a5e]
[c=5406000000 pc=0000000082f15a5e]
[c=5407000000 pc=0000000082ed2a30]
[c=5408000000 pc=0000000082ed2a34]
[c=5409000000 pc=0000000082f15a4e]
[c=5410000000 pc=0000000082f15a52]
[c=5411000000 pc=0000000082ed2a30]
[c=5412000000 pc=0000000082ed2a30]
[c=5413000000 pc=0000000082f15a66]
[c=5414000000 pc=0000000082f15a6a]
[c=5415000000 pc=0000000082ed2a30]
[c=5416000000 pc=0000000082f15a58]
[c=5417000000 pc=0000000082f15a5e]
[c=5418000000 pc=0000000082ed2a30]
[c=5419000000 pc=0000000082ed2a30]
[c=5420000000 pc=0000000082f15a4e]
[c=5421000000 pc=0000000082f15a52]
[c=5422000000 pc=0000000082ed2a30]
[c=5423000000 pc=0000000082ed2a30]
[c=5424000000 pc=0000000082f15a6a]
[c=5425000000 pc=0000000082f15a6a]
[c=5426000000 pc=0000000082ed2a30]
[c=5427000000 pc=0000000082ed2a2a]
[c=5428000000 pc=0000000082f15a66]
[c=5429000000 pc=0000000082f15a6a]
[c=5430000000 pc=0000000082ed2a30]
[c=5431000000 pc=0000000082f15a52]
[c=5432000000 pc=0000000082f15a52]
[c=5433000000 pc=0000000082ed2a30]
[c=5434000000 pc=0000000082ed2a30]
[c=5435000000 pc=0000000082f15a58]
[c=5436000000 pc=0000000082f15a58]
[c=5437000000 pc=0000000082ed2a34]
[c=5438000000 pc=0000000082ed2a30]
[c=5439000000 pc=0000000082f15a6a]
[c=5440000000 pc=0000000082f15a6a]
[c=5441000000 pc=0000000082ed2a30]
[c=5442000000 pc=0000000082ed2a30]
[c=5443000000 pc=0000000082f15a52]
[c=5444000000 pc=0000000082f15a58]
[c=5445000000 pc=0000000082ed2a34]
[c=5446000000 pc=0000000082f15a5e]
[c=5447000000 pc=0000000082f15a5e]
[c=5448000000 pc=0000000082ed2a30]
[c=5449000000 pc=0000000082ed2a30]
[c=5450000000 pc=0000000082f15a4e]
[c=5451000000 pc=0000000082f15a4e]
[c=5452000000 pc=0000000082ed2a30]
[c=5453000000 pc=0000000082ed2a34]
[c=5454000000 pc=0000000082f15a52]
[c=5455000000 pc=0000000082f15a58]
[c=5456000000 pc=0000000082ed2a34]
[c=5457000000 pc=0000000082ed2a30]
[c=5458000000 pc=0000000082f15a66]
[c=5459000000 pc=0000000082f15a66]
[c=5460000000 pc=0000000082ed2a30]
[c=5461000000 pc=0000000082f15a4e]
[c=5462000000 pc=0000000082f15a4e]
[c=5463000000 pc=0000000082ed2a30]
[c=5464000000 pc=0000000082ed2a34]
[c=5465000000 pc=0000000082f15a52]
[c=5466000000 pc=0000000082f15a58]
[c=5467000000 pc=0000000082ed2a30]
[c=5468000000 pc=0000000082ed2a30]
[c=5469000000 pc=0000000082f15a66]
[c=5470000000 pc=0000000082f15a66]
[c=5471000000 pc=0000000082ed2a30]
[c=5472000000 pc=0000000082ed2a30]
[c=5473000000 pc=0000000082f15a4e]
[c=5474000000 pc=0000000082f15a4e]
[c=5475000000 pc=0000000082ed2a30]
[c=5476000000 pc=0000000082f15a58]
[c=5477000000 pc=0000000082f15a58]
[c=5478000000 pc=0000000082ed2a30]
[c=5479000000 pc=0000000082ed2a30]
[c=5480000000 pc=0000000082f15a4e]
[c=5481000000 pc=0000000082f15a4e]
[c=5482000000 pc=0000000082ed2a30]
[c=5483000000 pc=0000000082ed2a34]
[c=5484000000 pc=0000000082f15a66]
[c=5485000000 pc=0000000082f15a66]
[c=5486000000 pc=0000000082ed2a30]
[c=5487000000 pc=0000000082ed2a30]
[c=5488000000 pc=0000000082f15a4e]
[c=5489000000 pc=0000000082f15a4e]
[c=5490000000 pc=0000000082ed2a30]
[c=5491000000 pc=0000000082f15a5e]
[c=5492000000 pc=0000000082f15a5e]
[c=5493000000 pc=0000000082ed2a30]
[c=5494000000 pc=0000000082ed2a30]
[c=5495000000 pc=0000000082f15a66]
[c=5496000000 pc=0000000082f15a66]
[c=5497000000 pc=0000000082ed2a30]
[c=5498000000 pc=0000000082ed2a30]
[c=5499000000 pc=0000000082f15a4e]
[c=5500000000 pc=0000000082f15a4e]
[c=5501000000 pc=0000000082ed2a30]
[c=5502000000 pc=0000000082ed2a34]
[c=5503000000 pc=0000000082f15a52]
[c=5504000000 pc=0000000082f15a52]
[c=5505000000 pc=0000000082ed2a30]
[c=5506000000 pc=0000000082f15a58]
[c=5507000000 pc=0000000082f15a5e]
[c=5508000000 pc=0000000082ed2a30]
[c=5509000000 pc=0000000082ed2a30]
[c=5510000000 pc=0000000082f15a6a]
[c=5511000000 pc=0000000082f15a6a]
[c=5512000000 pc=0000000082ed2a30]
[c=5513000000 pc=0000000082ed2a30]
[c=5514000000 pc=0000000082f15a6a]
[c=5515000000 pc=0000000082f15a6a]
[c=5516000000 pc=0000000082ed2a30]
[c=5517000000 pc=0000000082ed2a30]
[c=5518000000 pc=0000000082f15a6a]
[c=5519000000 pc=0000000082f15a6a]
[c=5520000000 pc=0000000082ed2a30]
[c=5521000000 pc=0000000082f15a66]
[c=5522000000 pc=0000000082f15a66]
[c=5523000000 pc=0000000082ed2a34]
[c=5524000000 pc=0000000082ed2a2a]
[c=5525000000 pc=0000000082f15a52]
[c=5526000000 pc=0000000082f15a58]
[c=5527000000 pc=0000000082ed2a30]
[c=5528000000 pc=0000000082ed2a30]
[c=5529000000 pc=0000000082f15a4a]
[c=5530000000 pc=0000000082f15a4a]
[c=5531000000 pc=0000000082ed2a30]
[c=5532000000 pc=0000000082ed2a30]
[c=5533000000 pc=0000000082f15a58]
[c=5534000000 pc=0000000082f15a58]
[c=5535000000 pc=0000000082ed2a30]
[c=5536000000 pc=0000000082f15a4a]
[c=5537000000 pc=0000000082f15a4a]
[c=5538000000 pc=0000000082ed2a30]
[c=5539000000 pc=0000000082ed2a30]
[c=5540000000 pc=0000000082f15a4a]
[c=5541000000 pc=0000000082f15a4e]
[c=5542000000 pc=0000000082ed2a30]
[c=5543000000 pc=0000000082ed2a30]
[c=5544000000 pc=0000000082f15a58]
[c=5545000000 pc=0000000082f15a58]
[c=5546000000 pc=0000000082ed2a30]
[c=5547000000 pc=0000000082ed2a30]
[c=5548000000 pc=0000000082f15a58]
[c=5549000000 pc=0000000082f15a58]
[c=5550000000 pc=0000000082ed2a30]
[c=5551000000 pc=0000000082f15a66]
[c=5552000000 pc=0000000082f15a66]
[c=5553000000 pc=0000000082ed2a34]
[c=5554000000 pc=0000000082ed2a2a]
[c=5555000000 pc=0000000082f15a66]
[c=5556000000 pc=0000000082f15a6a]
[c=5557000000 pc=0000000082ed2a34]
[c=5558000000 pc=0000000082f15a4e]
[c=5559000000 pc=0000000082f15a4a]
[c=5560000000 pc=0000000082ed2a34]
[c=5561000000 pc=0000000082ed2a30]
[c=5562000000 pc=0000000082ed2a30]
[c=5563000000 pc=0000000082ed2a30]
[c=5564000000 pc=0000000082ed2a30]
[c=5565000000 pc=0000000082ed2a30]
[c=5566000000 pc=0000000082ed2a30]
[c=5567000000 pc=0000000082ed2a30]
[c=5568000000 pc=0000000082ed2a30]
[c=5569000000 pc=0000000082f15a6a]
[c=5570000000 pc=0000000082f15a6a]
[c=5571000000 pc=0000000082f15a4a]
[c=5572000000 pc=0000000082f15a4a]
[c=5573000000 pc=0000000082f15a4a]
[c=5574000000 pc=0000000082f15a4e]
[c=5575000000 pc=0000000082f15a4e]
[c=5576000000 pc=0000000082f15a4e]
[c=5577000000 pc=0000000082f15a52]
[c=5578000000 pc=0000000082f15a52]
[c=5579000000 pc=0000000082f15a52]
[c=5580000000 pc=0000000082ed2a30]
[c=5581000000 pc=0000000082ed2a30]
[c=5582000000 pc=0000000082ed2a30]
[c=5583000000 pc=0000000082ed2a30]
[c=5584000000 pc=0000000082ed2a30]
[c=5585000000 pc=0000000082ed2a30]
[c=5586000000 pc=0000000082ed2a30]
[c=5587000000 pc=0000000082ed2a30]
[c=5588000000 pc=0000000082ed2a30]
[c=5589000000 pc=0000000082ed2a30]
[c=5590000000 pc=0000000082f15a5e]
[c=5591000000 pc=0000000082f15a5e]
[c=5592000000 pc=0000000082f15a4e]
[c=5593000000 pc=0000000082f15a4e]
[c=5594000000 pc=0000000082f15a4e]
[c=5595000000 pc=0000000082f15a52]
[c=5596000000 pc=0000000082f15a52]
[c=5597000000 pc=0000000082f15a52]
[c=5598000000 pc=0000000082f15a58]
[c=5599000000 pc=0000000082f15a58]
[c=5600000000 pc=0000000082f15a58]
[c=5601000000 pc=0000000082ed2a30]
[c=5602000000 pc=0000000082ed2a30]
[c=5603000000 pc=0000000082ed2a30]
[c=5604000000 pc=0000000082ed2a30]
[c=5605000000 pc=0000000082ed2a34]
[c=5606000000 pc=0000000082ed2a30]
[c=5607000000 pc=0000000082ed2a30]
[c=5608000000 pc=0000000082ed2a30]
[c=5609000000 pc=0000000082ed2a30]
[c=5610000000 pc=0000000082ed2a30]
[c=5611000000 pc=0000000082ed2a30]
[c=5612000000 pc=0000000082f15a5e]
[c=5613000000 pc=0000000082f15a66]
[c=5614000000 pc=0000000082f15a58]
[c=5615000000 pc=0000000082f15a5e]
[c=5616000000 pc=0000000082f15a5e]
[c=5617000000 pc=0000000082f15a5e]
[c=5618000000 pc=0000000082f15a66]
[c=5619000000 pc=0000000082f15a66]
[c=5620000000 pc=0000000082f15a66]
[c=5621000000 pc=0000000082f15a6a]
[c=5622000000 pc=0000000082ed2a30]
[c=5623000000 pc=0000000082ed2a30]
[c=5624000000 pc=0000000082ed2a30]
[c=5625000000 pc=0000000082ed2a30]
[c=5626000000 pc=0000000082ed2a30]
[c=5627000000 pc=0000000082ed2a30]
[c=5628000000 pc=0000000082ed2a30]
[c=5629000000 pc=0000000082ed2a30]
[c=5630000000 pc=0000000082ed2a30]
[c=5631000000 pc=0000000082ed2a30]
[c=5632000000 pc=0000000082ed2a30]
[c=5633000000 pc=0000000082f15a6a]
[c=5634000000 pc=0000000082f15a4a]
[c=5635000000 pc=0000000082f15a66]
[c=5636000000 pc=0000000082f15a66]
[c=5637000000 pc=0000000082f15a66]
[c=5638000000 pc=0000000082f15a6a]
[c=5639000000 pc=0000000082f15a6a]
[c=5640000000 pc=0000000082f15a6a]
[c=5641000000 pc=0000000082f15a4a]
[c=5642000000 pc=0000000082f15a4a]
[c=5643000000 pc=0000000082f15a4a]
[c=5644000000 pc=0000000082ed2a30]
[c=5645000000 pc=0000000082ed2a30]
[c=5646000000 pc=0000000082ed2a30]
[c=5647000000 pc=0000000082ed2a30]
[c=5648000000 pc=0000000082ed2a34]
[c=5649000000 pc=0000000082ed2a30]
[c=5650000000 pc=0000000082ed2a30]
[c=5651000000 pc=0000000082ed2a30]
[c=5652000000 pc=0000000082ed2a2a]
[c=5653000000 pc=0000000082ed2a30]
[c=5654000000 pc=0000000082f15a4a]
[c=5655000000 pc=0000000082f15a4a]
[c=5656000000 pc=0000000082f15a5e]
[c=5657000000 pc=0000000082f15a5e]
[c=5658000000 pc=0000000082f15a5e]
[c=5659000000 pc=0000000082f15a66]
[c=5660000000 pc=0000000082f15a66]
[c=5661000000 pc=0000000082f15a66]
[c=5662000000 pc=0000000082f15a6a]
[c=5663000000 pc=0000000082f15a6a]
[c=5664000000 pc=0000000082f15a6a]
[c=5665000000 pc=0000000082ed2a30]
[c=5666000000 pc=0000000082ed2a2a]
[c=5667000000 pc=0000000082ed2a30]
[c=5668000000 pc=0000000082ed2a30]
[c=5669000000 pc=0000000082ed2a30]
[c=5670000000 pc=0000000082ed2a30]
[c=5671000000 pc=0000000082ed2a34]
[c=5672000000 pc=0000000082ed2a30]
[c=5673000000 pc=0000000082ed2a30]
[c=5674000000 pc=0000000082ed2a30]
[c=5675000000 pc=0000000082ed2a30]
[c=5676000000 pc=0000000082f15a66]
[c=5677000000 pc=0000000082f15a66]
[c=5678000000 pc=0000000082f15a58]
[c=5679000000 pc=0000000082f15a58]
[c=5680000000 pc=0000000082f15a58]
[c=5681000000 pc=0000000082f15a5e]
[c=5682000000 pc=0000000082f15a5e]
[c=5683000000 pc=0000000082f15a5e]
[c=5684000000 pc=0000000082f15a66]
[c=5685000000 pc=0000000082f15a66]
[c=5686000000 pc=0000000082ed2a30]
[c=5687000000 pc=0000000082ed2a30]
[c=5688000000 pc=0000000082ed2a30]
[c=5689000000 pc=0000000082ed2a30]
[c=5690000000 pc=0000000082ed2a30]
[c=5691000000 pc=0000000082ed2a30]
[c=5692000000 pc=0000000082ed2a30]
[c=5693000000 pc=0000000082ed2a30]
[c=5694000000 pc=0000000082ed2a30]
[c=5695000000 pc=0000000082ed2a30]
[c=5696000000 pc=0000000082ed2a30]
[c=5697000000 pc=0000000082f15a66]
[c=5698000000 pc=0000000082f15a66]
[c=5699000000 pc=0000000082f15a66]
[c=5700000000 pc=0000000082f15a66]
[c=5701000000 pc=0000000082f15a6a]
[c=5702000000 pc=0000000082f15a6a]
[c=5703000000 pc=0000000082f15a6a]
[c=5704000000 pc=0000000082f15a4a]
[c=5705000000 pc=0000000082f15a4a]
[c=5706000000 pc=0000000082f15a4a]
[c=5707000000 pc=0000000082f15a4e]
[c=5708000000 pc=0000000082ed2a30]
[c=5709000000 pc=0000000082ed2a30]
[c=5710000000 pc=0000000082ed2a30]
[c=5711000000 pc=0000000082ed2a34]
[c=5712000000 pc=0000000082ed2a30]
[c=5713000000 pc=0000000082ed2a30]
[c=5714000000 pc=0000000082ed2a30]
[c=5715000000 pc=0000000082ed2a30]
[c=5716000000 pc=0000000082ed2a30]
[c=5717000000 pc=0000000082ed2a30]
[c=5718000000 pc=0000000082f15a5e]
[c=5719000000 pc=0000000082f15a5e]
[c=5720000000 pc=0000000082f15a4a]
[c=5721000000 pc=0000000082f15a4a]
[c=5722000000 pc=0000000082f15a4e]
[c=5723000000 pc=0000000082f15a4e]
[c=5724000000 pc=0000000082f15a4e]
[c=5725000000 pc=0000000082f15a52]
[c=5726000000 pc=0000000082f15a52]
[c=5727000000 pc=0000000082f15a52]
[c=5728000000 pc=0000000082f15a58]
[c=5729000000 pc=0000000082ed2a30]
[c=5730000000 pc=0000000082ed2a30]
[c=5731000000 pc=0000000082ed2a30]
[c=5732000000 pc=0000000082ed2a30]
[c=5733000000 pc=0000000082ed2a30]
[c=5734000000 pc=0000000082ed2a30]
[c=5735000000 pc=0000000082ed2a30]
[c=5736000000 pc=0000000082ed2a30]
[c=5737000000 pc=0000000082ed2a30]
[c=5738000000 pc=0000000082ed2a30]
[c=5739000000 pc=0000000082ed2a30]
[c=5740000000 pc=0000000082f15a5e]
[c=5741000000 pc=0000000082f15a5e]
[c=5742000000 pc=0000000082f15a52]
[c=5743000000 pc=0000000082f15a58]
[c=5744000000 pc=0000000082f15a58]
[c=5745000000 pc=0000000082f15a58]
[c=5746000000 pc=0000000082f15a5e]
[c=5747000000 pc=0000000082f15a5e]
[c=5748000000 pc=0000000082f15a5e]
[c=5749000000 pc=0000000082f15a66]
[c=5750000000 pc=0000000082ed2a30]
[c=5751000000 pc=0000000082ed2a30]
[c=5752000000 pc=0000000082ed2a30]
[c=5753000000 pc=0000000082ed2a30]
[c=5754000000 pc=0000000082ed2a30]
[c=5755000000 pc=0000000082ed2a30]
[c=5756000000 pc=0000000082ed2a30]
[c=5757000000 pc=0000000082ed2a30]
[c=5758000000 pc=0000000082ed2a30]
[c=5759000000 pc=0000000082ed2a30]
[c=5760000000 pc=0000000082ed2a30]
[c=5761000000 pc=0000000082f15a4e]
[c=5762000000 pc=0000000082f15a4e]
[c=5763000000 pc=0000000082f15a66]
[c=5764000000 pc=0000000082f15a6a]
[c=5765000000 pc=0000000082f15a6a]
[c=5766000000 pc=0000000082f15a6a]
[c=5767000000 pc=0000000082f15a4a]
[c=5768000000 pc=0000000082f15a4a]
[c=5769000000 pc=0000000082f15a4a]
[c=5770000000 pc=0000000082f15a4e]
[c=5771000000 pc=0000000082f15a4e]
[c=5772000000 pc=0000000082ed2a30]
[c=5773000000 pc=0000000082ed2a30]
[c=5774000000 pc=0000000082ed2a30]
[c=5775000000 pc=0000000082ed2a30]
[c=5776000000 pc=0000000082ed2a34]
[c=5777000000 pc=0000000082ed2a30]
[c=5778000000 pc=0000000082ed2a30]
[c=5779000000 pc=0000000082ed2a34]
[c=5780000000 pc=0000000082ed2a30]
[c=5781000000 pc=0000000082ed2a30]
[c=5782000000 pc=0000000082f15a66]
[c=5783000000 pc=0000000082f15a66]
[c=5784000000 pc=0000000082f15a66]
[c=5785000000 pc=0000000082f15a66]
[c=5786000000 pc=0000000082f15a66]
[c=5787000000 pc=0000000082f15a6a]
[c=5788000000 pc=0000000082f15a6a]
[c=5789000000 pc=0000000082f15a6a]
[c=5790000000 pc=0000000082f15a4a]
[c=5791000000 pc=0000000082f15a4a]
[c=5792000000 pc=0000000082f15a4a]
[c=5793000000 pc=0000000082ed2a34]
[c=5794000000 pc=0000000082ed2a2a]
[c=5795000000 pc=0000000082ed2a30]
[c=5796000000 pc=0000000082ed2a34]
[c=5797000000 pc=0000000082ed2a30]
[c=5798000000 pc=0000000082ed2a30]
[c=5799000000 pc=0000000082ed2a30]
[c=5800000000 pc=0000000082ed2a30]
[c=5801000000 pc=0000000082ed2a30]
[c=5802000000 pc=0000000082ed2a30]
[c=5803000000 pc=0000000082ed2a34]
[c=5804000000 pc=0000000082f15a58]
[c=5805000000 pc=0000000082f15a58]
[c=5806000000 pc=0000000082f15a5e]
[c=5807000000 pc=0000000082f15a5e]
[c=5808000000 pc=0000000082f15a5e]
[c=5809000000 pc=0000000082f15a66]
[c=5810000000 pc=0000000082f15a66]
[c=5811000000 pc=0000000082f15a66]
[c=5812000000 pc=0000000082f15a6a]
[c=5813000000 pc=0000000082f15a6a]
[c=5814000000 pc=0000000082ed2a30]
[c=5815000000 pc=0000000082ed2a30]
[c=5816000000 pc=0000000082ed2a34]
[c=5817000000 pc=0000000082ed2a30]
[c=5818000000 pc=0000000082ed2a30]
[c=5819000000 pc=0000000082ed2a2a]
[c=5820000000 pc=0000000082ed2a30]
[c=5821000000 pc=0000000082ed2a30]
[c=5822000000 pc=0000000082ed2a30]
[c=5823000000 pc=0000000082ed2a34]
[c=5824000000 pc=0000000082ed2a30]
[c=5825000000 pc=0000000082f15a52]
[c=5826000000 pc=0000000082f15a58]
[c=5827000000 pc=0000000082f15a4e]
[c=5828000000 pc=0000000082f15a4e]
[c=5829000000 pc=0000000082f15a52]
[c=5830000000 pc=0000000082f15a52]
[c=5831000000 pc=0000000082f15a52]
[c=5832000000 pc=0000000082f15a58]
[c=5833000000 pc=0000000082f15a58]
[c=5834000000 pc=0000000082f15a58]
[c=5835000000 pc=0000000082f15a5e]
[c=5836000000 pc=0000000082ed2a30]
[c=5837000000 pc=0000000082ed2a30]
[c=5838000000 pc=0000000082ed2a30]
[c=5839000000 pc=0000000082ed2a30]
[c=5840000000 pc=0000000082ed2a30]
[c=5841000000 pc=0000000082ed2a30]
[c=5842000000 pc=0000000082ed2a30]
[c=5843000000 pc=0000000082ed2a30]
[c=5844000000 pc=0000000082ed2a30]
[c=5845000000 pc=0000000082ed2a30]
[c=5846000000 pc=0000000082f15a52]
[c=5847000000 pc=0000000082f15a52]
[c=5848000000 pc=0000000082f15a6a]
[c=5849000000 pc=0000000082f15a4a]
[c=5850000000 pc=0000000082f15a4a]
[c=5851000000 pc=0000000082f15a4a]
[c=5852000000 pc=0000000082f15a4e]
[c=5853000000 pc=0000000082f15a4e]
[c=5854000000 pc=0000000082f15a4e]
[c=5855000000 pc=0000000082f15a52]
[c=5856000000 pc=0000000082f15a52]
[c=5857000000 pc=0000000082ed2a30]
[c=5858000000 pc=0000000082ed2a34]
[c=5859000000 pc=0000000082ed2a30]
[c=5860000000 pc=0000000082ed2a30]
[c=5861000000 pc=0000000082ed2a30]
[c=5862000000 pc=0000000082ed2a30]
[c=5863000000 pc=0000000082ed2a30]
[c=5864000000 pc=0000000082ed2a34]
[c=5865000000 pc=0000000082ed2a30]
[c=5866000000 pc=0000000082ed2a30]
[c=5867000000 pc=0000000082ed2a30]
[c=5868000000 pc=0000000082f15a52]
[c=5869000000 pc=0000000082f15a52]
[c=5870000000 pc=0000000082f15a52]
[c=5871000000 pc=0000000082f15a58]
[c=5872000000 pc=0000000082f15a58]
[c=5873000000 pc=0000000082f15a58]
[c=5874000000 pc=0000000082f15a5e]
[c=5875000000 pc=0000000082f15a5e]
[c=5876000000 pc=0000000082f15a5e]
[c=5877000000 pc=0000000082f15a66]
[c=5878000000 pc=0000000082ed2a30]
[c=5879000000 pc=0000000082ed2a30]
[c=5880000000 pc=0000000082ed2a34]
[c=5881000000 pc=0000000082ed2a30]
[c=5882000000 pc=0000000082ed2a30]
[c=5883000000 pc=0000000082ed2a2a]
[c=5884000000 pc=0000000082ed2a30]
[c=5885000000 pc=0000000082ed2a30]
[c=5886000000 pc=0000000082ed2a30]
[c=5887000000 pc=0000000082ed2a34]
[c=5888000000 pc=0000000082ed2a30]
[c=5889000000 pc=0000000082f15a4a]
[c=5890000000 pc=0000000082f15a4e]
[c=5891000000 pc=0000000082f15a52]
[c=5892000000 pc=0000000082f15a52]
[c=5893000000 pc=0000000082f15a58]
[c=5894000000 pc=0000000082f15a58]
[c=5895000000 pc=0000000082f15a58]
[c=5896000000 pc=0000000082f15a5e]
[c=5897000000 pc=0000000082f15a5e]
[c=5898000000 pc=0000000082f15a5e]
[c=5899000000 pc=0000000082f15a66]
[c=5900000000 pc=0000000082ed2a34]
[c=5901000000 pc=0000000082ed2a34]
[c=5902000000 pc=0000000082ed2a30]
[c=5903000000 pc=0000000082ed2a30]
[c=5904000000 pc=0000000082ed2a30]
[c=5905000000 pc=0000000082ed2a30]
[c=5906000000 pc=0000000082ed2a34]
[c=5907000000 pc=0000000082ed2a30]
[c=5908000000 pc=0000000082ed2a2a]
[c=5909000000 pc=0000000082ed2a30]
[c=5910000000 pc=0000000082f15a52]
[c=5911000000 pc=0000000082f15a52]
[c=5912000000 pc=0000000082f15a52]
[c=5913000000 pc=0000000082f15a58]
[c=5914000000 pc=0000000082f15a58]
[c=5915000000 pc=0000000082f15a58]
[c=5916000000 pc=0000000082f15a5e]
[c=5917000000 pc=0000000082f15a5e]
[c=5918000000 pc=0000000082f15a5e]
[c=5919000000 pc=0000000082f15a66]
[c=5920000000 pc=0000000082f15a66]
[c=5921000000 pc=0000000082ed2a30]
[c=5922000000 pc=0000000082ed2a30]
[c=5923000000 pc=0000000082ed2a30]
[c=5924000000 pc=0000000082ed2a30]
[c=5925000000 pc=0000000082ed2a34]
[c=5926000000 pc=0000000082ed2a30]
[c=5927000000 pc=0000000082ed2a30]
[c=5928000000 pc=0000000082ed2a30]
[c=5929000000 pc=0000000082ed2a2a]
[c=5930000000 pc=0000000082ed2a30]
[c=5931000000 pc=0000000082ed2a30]
[c=5932000000 pc=0000000082f15a6a]
[c=5933000000 pc=0000000082f15a6a]
[c=5934000000 pc=0000000082f15a58]
[c=5935000000 pc=0000000082f15a58]
[c=5936000000 pc=0000000082f15a58]
[c=5937000000 pc=0000000082f15a5e]
[c=5938000000 pc=0000000082f15a5e]
[c=5939000000 pc=0000000082f15a5e]
[c=5940000000 pc=0000000082f15a66]
[c=5941000000 pc=0000000082f15a66]
[c=5942000000 pc=0000000082ed2a30]
[c=5943000000 pc=0000000082ed2a34]
[c=5944000000 pc=0000000082ed2a34]
[c=5945000000 pc=0000000082ed2a30]
[c=5946000000 pc=0000000082ed2a30]
[c=5947000000 pc=0000000082ed2a30]
[c=5948000000 pc=0000000082ed2a34]
[c=5949000000 pc=0000000082ed2a30]
[c=5950000000 pc=0000000082ed2a30]
[c=5951000000 pc=0000000082ed2a34]
[c=5952000000 pc=0000000082ed2a30]
[c=5953000000 pc=0000000082f15a4a]
[c=5954000000 pc=0000000082f15a4e]
[c=5955000000 pc=0000000082f15a4a]
[c=5956000000 pc=0000000082f15a4a]
[c=5957000000 pc=0000000082f15a4a]
[c=5958000000 pc=0000000082f15a4e]
[c=5959000000 pc=0000000082f15a4e]
[c=5960000000 pc=0000000082f15a4e]
[c=5961000000 pc=0000000082f15a52]
[c=5962000000 pc=0000000082f15a52]
[c=5963000000 pc=0000000082f15a52]
[c=5964000000 pc=0000000082ed2a30]
[c=5965000000 pc=0000000082ed2a34]
[c=5966000000 pc=0000000082ed2a34]
[c=5967000000 pc=0000000082ed2a30]
[c=5968000000 pc=0000000082ed2a30]
[c=5969000000 pc=0000000082ed2a34]
[c=5970000000 pc=0000000082ed2a30]
[c=5971000000 pc=0000000082ed2a30]
[c=5972000000 pc=0000000082ed2a30]
[c=5973000000 pc=0000000082ed2a34]
[c=5974000000 pc=0000000082f15a66]
[c=5975000000 pc=0000000082f15a66]
[c=5976000000 pc=0000000082f15a5e]
[c=5977000000 pc=0000000082f15a5e]
[c=5978000000 pc=0000000082f15a66]
[c=5979000000 pc=0000000082f15a66]
[c=5980000000 pc=0000000082f15a66]
[c=5981000000 pc=0000000082f15a6a]
[c=5982000000 pc=0000000082f15a6a]
[c=5983000000 pc=0000000082f15a6a]
[c=5984000000 pc=0000000082f15a4a]
[c=5985000000 pc=0000000082ed2a30]
[c=5986000000 pc=0000000082ed2a30]
[c=5987000000 pc=0000000082ed2a30]
[c=5988000000 pc=0000000082ed2a2a]
[c=5989000000 pc=0000000082ed2a30]
[c=5990000000 pc=0000000082ed2a30]
[c=5991000000 pc=0000000082ed2a2a]
[c=5992000000 pc=0000000082ed2a30]
[c=5993000000 pc=0000000082ed2a30]
[c=5994000000 pc=0000000082ed2a30]
[c=5995000000 pc=0000000082ed2a2a]
[c=5996000000 pc=0000000082f15a6a]
[c=5997000000 pc=0000000082f15a4a]
[c=5998000000 pc=0000000082f15a52]
[c=5999000000 pc=0000000082f15a58]
[c=6000000000 pc=0000000082f15a58]
[c=6001000000 pc=0000000082f15a58]
[c=6002000000 pc=0000000082f15a5e]
[c=6003000000 pc=0000000082f15a5e]
[c=6004000000 pc=0000000082f15a5e]
[c=6005000000 pc=0000000082f15a66]
[c=6006000000 pc=0000000082ed2a34]
[c=6007000000 pc=0000000082ed2a30]
[c=6008000000 pc=0000000082ed2a30]
[c=6009000000 pc=0000000082ed2a30]
[c=6010000000 pc=0000000082ed2a30]
[c=6011000000 pc=0000000082ed2a30]
[c=6012000000 pc=0000000082ed2a30]
[c=6013000000 pc=0000000082ed2a34]
[c=6014000000 pc=0000000082ed2a30]
[c=6015000000 pc=0000000082ed2a30]
[c=6016000000 pc=0000000082ed2a30]
[c=6017000000 pc=0000000082f15a5e]
[c=6018000000 pc=0000000082f15a5e]
[c=6019000000 pc=0000000082f15a58]
[c=6020000000 pc=0000000082f15a5e]
[c=6021000000 pc=0000000082f15a5e]
[c=6022000000 pc=0000000082f15a5e]
[c=6023000000 pc=0000000082f15a66]
[c=6024000000 pc=0000000082f15a66]
[c=6025000000 pc=0000000082f15a66]
[c=6026000000 pc=0000000082f15a6a]
[c=6027000000 pc=0000000082f15a6a]
[c=6028000000 pc=0000000082ed2a30]
[c=6029000000 pc=0000000082ed2a30]
[c=6030000000 pc=0000000082ed2a30]
[c=6031000000 pc=0000000082ed2a30]
[c=6032000000 pc=0000000082ed2a30]
[c=6033000000 pc=0000000082ed2a30]
[c=6034000000 pc=0000000082ed2a30]
[c=6035000000 pc=0000000082ed2a30]
[c=6036000000 pc=0000000082ed2a34]
[c=6037000000 pc=0000000082ed2a30]
[c=6038000000 pc=0000000082f15a58]
[c=6039000000 pc=0000000082f15a58]
[c=6040000000 pc=0000000082f15a6a]
[c=6041000000 pc=0000000082f15a4a]
[c=6042000000 pc=0000000082f15a4a]
[c=6043000000 pc=0000000082f15a4a]
[c=6044000000 pc=0000000082f15a4e]
[c=6045000000 pc=0000000082f15a4e]
[c=6046000000 pc=0000000082f15a4e]
[c=6047000000 pc=0000000082f15a52]
[c=6048000000 pc=0000000082f15a52]
[c=6049000000 pc=0000000082ed2a30]
[c=6050000000 pc=0000000082ed2a30]
[c=6051000000 pc=0000000082ed2a30]
[c=6052000000 pc=0000000082ed2a30]
[c=6053000000 pc=0000000082ed2a30]
[c=6054000000 pc=0000000082ed2a30]
[c=6055000000 pc=0000000082ed2a34]
[c=6056000000 pc=0000000082ed2a30]
[c=6057000000 pc=0000000082ed2a30]
[c=6058000000 pc=0000000082ed2a30]
[c=6059000000 pc=0000000082ed2a30]
[c=6060000000 pc=0000000082f15a52]
[c=6061000000 pc=0000000082f15a52]
[c=6062000000 pc=0000000082f15a58]
[c=6063000000 pc=0000000082f15a5e]
[c=6064000000 pc=0000000082f15a5e]
[c=6065000000 pc=0000000082f15a5e]
[c=6066000000 pc=0000000082f15a66]
[c=6067000000 pc=0000000082f15a66]
[c=6068000000 pc=0000000082f15a66]
[c=6069000000 pc=0000000082f15a6a]
[c=6070000000 pc=0000000082ed2a30]
[c=6071000000 pc=0000000082ed2a30]
[c=6072000000 pc=0000000082ed2a30]
[c=6073000000 pc=0000000082ed2a30]
[c=6074000000 pc=0000000082ed2a30]
[c=6075000000 pc=0000000082ed2a30]
[c=6076000000 pc=0000000082ed2a30]
[c=6077000000 pc=0000000082ed2a30]
[c=6078000000 pc=0000000082ed2a34]
[c=6079000000 pc=0000000082ed2a30]
[c=6080000000 pc=0000000082ed2a30]
[c=6081000000 pc=0000000082f15a6a]
[c=6082000000 pc=0000000082f15a6a]
[c=6083000000 pc=0000000082f15a5e]
[c=6084000000 pc=0000000082f15a5e]
[c=6085000000 pc=0000000082f15a66]
[c=6086000000 pc=0000000082f15a66]
[c=6087000000 pc=0000000082f15a66]
[c=6088000000 pc=0000000082f15a6a]
[c=6089000000 pc=0000000082f15a6a]
[c=6090000000 pc=0000000082f15a6a]
[c=6091000000 pc=0000000082f15a4a]
[c=6092000000 pc=0000000082ed2a30]
[c=6093000000 pc=0000000082ed2a34]
[c=6094000000 pc=0000000082ed2a30]
[c=6095000000 pc=0000000082ed2a30]
[c=6096000000 pc=0000000082ed2a30]
[c=6097000000 pc=0000000082ed2a34]
[c=6098000000 pc=0000000082ed2a30]
[c=6099000000 pc=0000000082ed2a30]
[c=6100000000 pc=0000000082ed2a30]
[c=6101000000 pc=0000000082ed2a30]
[c=6102000000 pc=0000000082f15a58]
[c=6103000000 pc=0000000082f15a5e]
[c=6104000000 pc=0000000082f15a6a]
[c=6105000000 pc=0000000082f15a6a]
[c=6106000000 pc=0000000082f15a4a]
[c=6107000000 pc=0000000082f15a4a]
[c=6108000000 pc=0000000082f15a4a]
[c=6109000000 pc=0000000082f15a4e]
[c=6110000000 pc=0000000082f15a4e]
[c=6111000000 pc=0000000082f15a4e]
[c=6112000000 pc=0000000082f15a52]
[c=6113000000 pc=0000000082ed2a30]
[c=6114000000 pc=0000000082ed2a30]
[c=6115000000 pc=0000000082ed2a30]
[c=6116000000 pc=0000000082ed2a30]
[c=6117000000 pc=0000000082ed2a30]
[c=6118000000 pc=0000000082ed2a30]
[c=6119000000 pc=0000000082ed2a30]
[c=6120000000 pc=0000000082ed2a30]
[c=6121000000 pc=0000000082ed2a30]
[c=6122000000 pc=0000000082ed2a30]
[c=6123000000 pc=0000000082ed2a30]
[c=6124000000 pc=0000000082f15a4e]
[c=6125000000 pc=0000000082f15a4e]
[c=6126000000 pc=0000000082f15a6a]
[c=6127000000 pc=0000000082f15a6a]
[c=6128000000 pc=0000000082f15a4a]
[c=6129000000 pc=0000000082f15a4a]
[c=6130000000 pc=0000000082f15a4a]
[c=6131000000 pc=0000000082f15a4e]
[c=6132000000 pc=0000000082f15a4e]
[c=6133000000 pc=0000000082f15a4e]
[c=6134000000 pc=0000000082ed2a30]
[c=6135000000 pc=0000000082ed2a30]
[c=6136000000 pc=0000000082ed2a30]
[c=6137000000 pc=0000000082ed2a34]
[c=6138000000 pc=0000000082ed2a30]
[c=6139000000 pc=0000000082ed2a30]
[c=6140000000 pc=0000000082ed2a30]
[c=6141000000 pc=0000000082ed2a30]
[c=6142000000 pc=0000000082ed2a30]
[c=6143000000 pc=0000000082ed2a30]
[c=6144000000 pc=0000000082ed2a34]
[c=6145000000 pc=0000000082f15a4a]
[c=6146000000 pc=0000000082f15a4a]
[c=6147000000 pc=0000000082f15a4a]
[c=6148000000 pc=0000000082f15a4a]
[c=6149000000 pc=0000000082f15a4e]
[c=6150000000 pc=0000000082f15a4e]
[c=6151000000 pc=0000000082f15a4e]
[c=6152000000 pc=0000000082f15a52]
[c=6153000000 pc=0000000082f15a52]
[c=6154000000 pc=0000000082f15a52]
[c=6155000000 pc=0000000082f15a58]
[c=6156000000 pc=0000000082ed2a34]
[c=6157000000 pc=0000000082ed2a30]
[c=6158000000 pc=0000000082ed2a30]
[c=6159000000 pc=0000000082ed2a2a]
[c=6160000000 pc=0000000082ed2a30]
[c=6161000000 pc=0000000082ed2a30]
[c=6162000000 pc=0000000082ed2a30]
[c=6163000000 pc=0000000082ed2a30]
[c=6164000000 pc=0000000082ed2a30]
[c=6165000000 pc=0000000082ed2a30]
[c=6166000000 pc=0000000082f15a52]
[c=6167000000 pc=0000000082f15a52]
[c=6168000000 pc=0000000082f15a58]
[c=6169000000 pc=0000000082f15a58]
[c=6170000000 pc=0000000082f15a5e]
[c=6171000000 pc=0000000082f15a5e]
[c=6172000000 pc=0000000082f15a5e]
[c=6173000000 pc=0000000082f15a66]
[c=6174000000 pc=0000000082f15a66]
[c=6175000000 pc=0000000082f15a66]
[c=6176000000 pc=0000000082f15a6a]
[c=6177000000 pc=0000000082ed2a30]
[c=6178000000 pc=0000000082ed2a30]
[c=6179000000 pc=0000000082ed2a2a]
[c=6180000000 pc=0000000082ed2a30]
[c=6181000000 pc=0000000082ed2a30]
[c=6182000000 pc=0000000082ed2a34]
[c=6183000000 pc=0000000082ed2a30]
[c=6184000000 pc=0000000082ed2a30]
[c=6185000000 pc=0000000082ed2a30]
[c=6186000000 pc=0000000082ed2a2a]
[c=6187000000 pc=0000000082ed2a30]
[c=6188000000 pc=0000000082f15a4a]
[c=6189000000 pc=0000000082f15a4a]
[c=6190000000 pc=0000000082f15a4e]
[c=6191000000 pc=0000000082f15a4e]
[c=6192000000 pc=0000000082f15a52]
[c=6193000000 pc=0000000082f15a52]
[c=6194000000 pc=0000000082f15a52]
[c=6195000000 pc=0000000082f15a58]
[c=6196000000 pc=0000000082f15a58]
[c=6197000000 pc=0000000082f15a58]
[c=6198000000 pc=0000000082ed2a30]
[c=6199000000 pc=0000000082ed2a34]
[c=6200000000 pc=0000000082ed2a30]
[c=6201000000 pc=0000000082ed2a30]
[c=6202000000 pc=0000000082ed2a2a]
[c=6203000000 pc=0000000082ed2a30]
[c=6204000000 pc=0000000082ed2a30]
[c=6205000000 pc=0000000082ed2a30]
[c=6206000000 pc=0000000082ed2a34]
[c=6207000000 pc=0000000082ed2a30]
[c=6208000000 pc=0000000082ed2a30]
[c=6209000000 pc=0000000082f15a52]
[c=6210000000 pc=0000000082f15a58]
[c=6211000000 pc=0000000082f15a58]
[c=6212000000 pc=0000000082f15a58]
[c=6213000000 pc=0000000082f15a58]
[c=6214000000 pc=0000000082f15a5e]
[c=6215000000 pc=0000000082f15a5e]
[c=6216000000 pc=0000000082f15a5e]
[c=6217000000 pc=0000000082f15a66]
[c=6218000000 pc=0000000082f15a66]
[c=6219000000 pc=0000000082f15a66]
[c=6220000000 pc=0000000082ed2a30]
[c=6221000000 pc=0000000082ed2a30]
[c=6222000000 pc=0000000082ed2a30]
[c=6223000000 pc=0000000082ed2a30]
[c=6224000000 pc=0000000082ed2a34]
[c=6225000000 pc=0000000082ed2a30]
[c=6226000000 pc=0000000082ed2a30]
[c=6227000000 pc=0000000082ed2a30]
[c=6228000000 pc=0000000082ed2a30]
[c=6229000000 pc=0000000082ed2a30]
[c=6230000000 pc=0000000082f15a4a]
[c=6231000000 pc=0000000082f15a4e]
[c=6232000000 pc=0000000082f15a66]
[c=6233000000 pc=0000000082f15a66]
[c=6234000000 pc=0000000082f15a6a]
[c=6235000000 pc=0000000082f15a6a]
[c=6236000000 pc=0000000082f15a6a]
[c=6237000000 pc=0000000082f15a4a]
[c=6238000000 pc=0000000082f15a4a]
[c=6239000000 pc=0000000082f15a4a]
[c=6240000000 pc=0000000082f15a4e]
[c=6241000000 pc=0000000082ed2a34]
[c=6242000000 pc=0000000082ed2a30]
[c=6243000000 pc=0000000082ed2a30]
[c=6244000000 pc=0000000082ed2a34]
[c=6245000000 pc=0000000082ed2a30]
[c=6246000000 pc=0000000082ed2a34]
[c=6247000000 pc=0000000082ed2a30]
[c=6248000000 pc=0000000082ed2a30]
[c=6249000000 pc=0000000082ed2a30]
[c=6250000000 pc=0000000082ed2a30]
[c=6251000000 pc=0000000082ed2a34]
[c=6252000000 pc=0000000082f15a58]
[c=6253000000 pc=0000000082f15a5e]
[c=6254000000 pc=0000000082f15a66]
[c=6255000000 pc=0000000082f15a6a]
[c=6256000000 pc=0000000082f15a6a]
[c=6257000000 pc=0000000082f15a6a]
[c=6258000000 pc=0000000082f15a4a]
[c=6259000000 pc=0000000082f15a4a]
[c=6260000000 pc=0000000082f15a4a]
[c=6261000000 pc=0000000082f15a4e]
[c=6262000000 pc=0000000082ed2a34]
[c=6263000000 pc=0000000082ed2a30]
[c=6264000000 pc=0000000082ed2a30]
[c=6265000000 pc=0000000082ed2a30]
[c=6266000000 pc=0000000082ed2a30]
[c=6267000000 pc=0000000082ed2a30]
[c=6268000000 pc=0000000082ed2a30]
[c=6269000000 pc=0000000082ed2a30]
[c=6270000000 pc=0000000082ed2a34]
[c=6271000000 pc=0000000082ed2a30]
[c=6272000000 pc=0000000082ed2a30]
[c=6273000000 pc=0000000082f15a4e]
[c=6274000000 pc=0000000082f15a52]
[c=6275000000 pc=0000000082f15a4e]
[c=6276000000 pc=0000000082f15a4e]
[c=6277000000 pc=0000000082f15a4e]
[c=6278000000 pc=0000000082f15a52]
[c=6279000000 pc=0000000082f15a52]
[c=6280000000 pc=0000000082f15a52]
[c=6281000000 pc=0000000082f15a58]
[c=6282000000 pc=0000000082f15a58]
[c=6283000000 pc=0000000082f15a58]
[c=6284000000 pc=0000000082ed2a30]
[c=6285000000 pc=0000000082ed2a30]
[c=6286000000 pc=0000000082ed2a30]
[c=6287000000 pc=0000000082ed2a34]
[c=6288000000 pc=0000000082ed2a30]
[c=6289000000 pc=0000000082ed2a30]
[c=6290000000 pc=0000000082ed2a30]
[c=6291000000 pc=0000000082ed2a30]
[c=6292000000 pc=0000000082ed2a30]
[c=6293000000 pc=0000000082ed2a30]
[c=6294000000 pc=0000000082f15a4e]
[c=6295000000 pc=0000000082f15a4e]
[c=6296000000 pc=0000000082f15a58]
[c=6297000000 pc=0000000082f15a5e]
[c=6298000000 pc=0000000082f15a5e]
[c=6299000000 pc=0000000082f15a5e]
[c=6300000000 pc=0000000082f15a66]
[c=6301000000 pc=0000000082f15a66]
[c=6302000000 pc=0000000082f15a66]
[c=6303000000 pc=0000000082f15a6a]
[c=6304000000 pc=0000000082f15a6a]
[c=6305000000 pc=0000000082ed2a30]
[c=6306000000 pc=0000000082ed2a30]
[c=6307000000 pc=0000000082ed2a30]
[c=6308000000 pc=0000000082ed2a30]
[c=6309000000 pc=0000000082ed2a30]
[c=6310000000 pc=0000000082ed2a30]
[c=6311000000 pc=0000000082ed2a2a]
[c=6312000000 pc=0000000082ed2a30]
[c=6313000000 pc=0000000082ed2a34]
[c=6314000000 pc=0000000082ed2a30]
[c=6315000000 pc=0000000082ed2a30]
[c=6316000000 pc=0000000082f15a4e]
[c=6317000000 pc=0000000082f15a4e]
[c=6318000000 pc=0000000082f15a58]
[c=6319000000 pc=0000000082f15a58]
[c=6320000000 pc=0000000082f15a5e]
[c=6321000000 pc=0000000082f15a5e]
[c=6322000000 pc=0000000082f15a5e]
[c=6323000000 pc=0000000082f15a66]
[c=6324000000 pc=0000000082f15a66]
[c=6325000000 pc=0000000082f15a66]
[c=6326000000 pc=0000000082ed2a30]
[c=6327000000 pc=0000000082ed2a30]
[c=6328000000 pc=0000000082ed2a30]
[c=6329000000 pc=0000000082ed2a30]
[c=6330000000 pc=0000000082ed2a30]
[c=6331000000 pc=0000000082ed2a30]
[c=6332000000 pc=0000000082ed2a34]
[c=6333000000 pc=0000000082ed2a30]
[c=6334000000 pc=0000000082ed2a30]
[c=6335000000 pc=0000000082ed2a30]
[c=6336000000 pc=0000000082ed2a30]
[c=6337000000 pc=0000000082f15a66]
[c=6338000000 pc=0000000082f15a6a]
[c=6339000000 pc=0000000082f15a4e]
[c=6340000000 pc=0000000082f15a52]
[c=6341000000 pc=0000000082f15a52]
[c=6342000000 pc=0000000082f15a52]
[c=6343000000 pc=0000000082f15a58]
[c=6344000000 pc=0000000082f15a58]
[c=6345000000 pc=0000000082f15a58]
[c=6346000000 pc=0000000082f15a5e]
[c=6347000000 pc=0000000082f15a5e]
[c=6348000000 pc=0000000082ed2a30]
[c=6349000000 pc=0000000082ed2a30]
[c=6350000000 pc=0000000082ed2a30]
[c=6351000000 pc=0000000082ed2a2a]
[c=6352000000 pc=0000000082ed2a30]
[c=6353000000 pc=0000000082ed2a30]
[c=6354000000 pc=0000000082ed2a30]
[c=6355000000 pc=0000000082ed2a34]
[c=6356000000 pc=0000000082ed2a30]
[c=6357000000 pc=0000000082ed2a30]
[c=6358000000 pc=0000000082f15a58]
[c=6359000000 pc=0000000082f15a58]
[c=6360000000 pc=0000000082f15a58]
[c=6361000000 pc=0000000082f15a58]
[c=6362000000 pc=0000000082f15a5e]
[c=6363000000 pc=0000000082f15a5e]
[c=6364000000 pc=0000000082f15a5e]
[c=6365000000 pc=0000000082f15a66]
[c=6366000000 pc=0000000082f15a66]
[c=6367000000 pc=0000000082f15a66]
[c=6368000000 pc=0000000082f15a6a]
[c=6369000000 pc=0000000082ed2a30]
[c=6370000000 pc=0000000082ed2a2a]
[c=6371000000 pc=0000000082ed2a30]
[c=6372000000 pc=0000000082ed2a30]
[c=6373000000 pc=0000000082ed2a34]
[c=6374000000 pc=0000000082ed2a34]
[c=6375000000 pc=0000000082ed2a30]
[c=6376000000 pc=0000000082ed2a30]
[c=6377000000 pc=0000000082ed2a30]
[c=6378000000 pc=0000000082ed2a30]
[c=6379000000 pc=0000000082ed2a30]
[c=6380000000 pc=0000000082f15a66]
[c=6381000000 pc=0000000082f15a6a]
[c=6382000000 pc=0000000082f15a5e]
[c=6383000000 pc=0000000082f15a5e]
[c=6384000000 pc=0000000082f15a66]
[c=6385000000 pc=0000000082f15a66]
[c=6386000000 pc=0000000082f15a66]
[c=6387000000 pc=0000000082f15a6a]
[c=6388000000 pc=0000000082f15a6a]
[c=6389000000 pc=0000000082f15a6a]
[c=6390000000 pc=0000000082ed2a30]
[c=6391000000 pc=0000000082ed2a30]
[c=6392000000 pc=0000000082ed2a30]
[c=6393000000 pc=0000000082ed2a30]
[c=6394000000 pc=0000000082ed2a34]
[c=6395000000 pc=0000000082ed2a30]
[c=6396000000 pc=0000000082ed2a30]
[c=6397000000 pc=0000000082ed2a30]
[c=6398000000 pc=0000000082ed2a2a]
[c=6399000000 pc=0000000082ed2a30]
[c=6400000000 pc=0000000082ed2a30]
[c=6401000000 pc=0000000082f15a66]
[c=6402000000 pc=0000000082f15a66]
[c=6403000000 pc=0000000082f15a4a]
[c=6404000000 pc=0000000082f15a4a]
[c=6405000000 pc=0000000082f15a4a]
[c=6406000000 pc=0000000082f15a4e]
[c=6407000000 pc=0000000082f15a4e]
[c=6408000000 pc=0000000082f15a4e]
[c=6409000000 pc=0000000082f15a52]
[c=6410000000 pc=0000000082f15a52]
[c=6411000000 pc=0000000082f15a52]
[c=6412000000 pc=0000000082ed2a30]
[c=6413000000 pc=0000000082ed2a30]
[c=6414000000 pc=0000000082ed2a30]
[c=6415000000 pc=0000000082ed2a30]
[c=6416000000 pc=0000000082ed2a30]
[c=6417000000 pc=0000000082ed2a30]
[c=6418000000 pc=0000000082ed2a30]
[c=6419000000 pc=0000000082ed2a30]
[c=6420000000 pc=0000000082ed2a30]
[c=6421000000 pc=0000000082ed2a30]
[c=6422000000 pc=0000000082f15a6a]
[c=6423000000 pc=0000000082f15a6a]
[c=6424000000 pc=0000000082f15a4a]
[c=6425000000 pc=0000000082f15a4a]
[c=6426000000 pc=0000000082f15a4e]
[c=6427000000 pc=0000000082f15a4e]
[c=6428000000 pc=0000000082f15a4e]
[c=6429000000 pc=0000000082f15a52]
[c=6430000000 pc=0000000082f15a52]
[c=6431000000 pc=0000000082f15a52]
[c=6432000000 pc=0000000082f15a58]
[c=6433000000 pc=0000000082ed2a30]
[c=6434000000 pc=0000000082ed2a30]
[c=6435000000 pc=0000000082ed2a30]
[c=6436000000 pc=0000000082ed2a30]
[c=6437000000 pc=0000000082ed2a30]
[c=6438000000 pc=0000000082ed2a34]
[c=6439000000 pc=0000000082ed2a30]
[c=6440000000 pc=0000000082ed2a30]
[c=6441000000 pc=0000000082ed2a30]
[c=6442000000 pc=0000000082ed2a30]
[c=6443000000 pc=0000000082ed2a30]
[c=6444000000 pc=0000000082f15a5e]
[c=6445000000 pc=0000000082f15a5e]
[c=6446000000 pc=0000000082f15a52]
[c=6447000000 pc=0000000082f15a58]
[c=6448000000 pc=0000000082f15a58]
[c=6449000000 pc=0000000082f15a58]
[c=6450000000 pc=0000000082f15a5e]
[c=6451000000 pc=0000000082f15a5e]
[c=6452000000 pc=0000000082f15a5e]
[c=6453000000 pc=0000000082f15a66]
[c=6454000000 pc=0000000082ed2a30]
[c=6455000000 pc=0000000082ed2a30]
[c=6456000000 pc=0000000082ed2a2a]
[c=6457000000 pc=0000000082ed2a30]
[c=6458000000 pc=0000000082ed2a30]
[c=6459000000 pc=0000000082ed2a30]
[c=6460000000 pc=0000000082ed2a34]
[c=6461000000 pc=0000000082ed2a30]
[c=6462000000 pc=0000000082ed2a30]
[c=6463000000 pc=0000000082ed2a2a]
[c=6464000000 pc=0000000082ed2a30]
[c=6465000000 pc=0000000082f15a4e]
[c=6466000000 pc=0000000082f15a4e]
[c=6467000000 pc=0000000082f15a5e]
[c=6468000000 pc=0000000082f15a5e]
[c=6469000000 pc=0000000082f15a66]
[c=6470000000 pc=0000000082f15a66]
[c=6471000000 pc=0000000082f15a66]
[c=6472000000 pc=0000000082f15a6a]
[c=6473000000 pc=0000000082f15a6a]
[c=6474000000 pc=0000000082f15a6a]
[c=6475000000 pc=0000000082f15a4a]
[c=6476000000 pc=0000000082ed2a30]
[c=6477000000 pc=0000000082ed2a30]
[c=6478000000 pc=0000000082ed2a30]
[c=6479000000 pc=0000000082ed2a30]
[c=6480000000 pc=0000000082ed2a30]
[c=6481000000 pc=0000000082ed2a34]
[c=6482000000 pc=0000000082ed2a34]
[c=6483000000 pc=0000000082ed2a30]
[c=6484000000 pc=0000000082ed2a30]
[c=6485000000 pc=0000000082ed2a30]
[c=6486000000 pc=0000000082f15a5e]
[c=6487000000 pc=0000000082f15a66]
[c=6488000000 pc=0000000082f15a6a]
[c=6489000000 pc=0000000082f15a4a]
[c=6490000000 pc=0000000082f15a4a]
[c=6491000000 pc=0000000082f15a4a]
[c=6492000000 pc=0000000082f15a4e]
[c=6493000000 pc=0000000082f15a4e]
[c=6494000000 pc=0000000082f15a4e]
[c=6495000000 pc=0000000082f15a52]
[c=6496000000 pc=0000000082f15a52]
[c=6497000000 pc=0000000082ed2a30]
[c=6498000000 pc=0000000082ed2a30]
[c=6499000000 pc=0000000082ed2a30]
[c=6500000000 pc=0000000082ed2a34]
[c=6501000000 pc=0000000082ed2a30]
[c=6502000000 pc=0000000082ed2a30]
[c=6503000000 pc=0000000082ed2a2a]
[c=6504000000 pc=0000000082ed2a30]
[c=6505000000 pc=0000000082ed2a30]
[c=6506000000 pc=0000000082ed2a30]
[c=6507000000 pc=0000000082ed2a34]
[c=6508000000 pc=0000000082f15a66]
[c=6509000000 pc=0000000082f15a6a]
[c=6510000000 pc=0000000082f15a66]
[c=6511000000 pc=0000000082f15a6a]
[c=6512000000 pc=0000000082f15a6a]
[c=6513000000 pc=0000000082f15a6a]
[c=6514000000 pc=0000000082f15a4a]
[c=6515000000 pc=0000000082f15a4a]
[c=6516000000 pc=0000000082f15a4a]
[c=6517000000 pc=0000000082f15a4e]
[c=6518000000 pc=0000000082ed2a30]
[c=6519000000 pc=0000000082ed2a30]
[c=6520000000 pc=0000000082ed2a2a]
[c=6521000000 pc=0000000082ed2a30]
[c=6522000000 pc=0000000082ed2a30]
[c=6523000000 pc=0000000082ed2a30]
[c=6524000000 pc=0000000082ed2a34]
[c=6525000000 pc=0000000082ed2a30]
[c=6526000000 pc=0000000082ed2a30]
[c=6527000000 pc=0000000082ed2a2a]
[c=6528000000 pc=0000000082ed2a30]
[c=6529000000 pc=0000000082f15a58]
[c=6530000000 pc=0000000082f15a58]
[c=6531000000 pc=0000000082f15a5e]
[c=6532000000 pc=0000000082f15a5e]
[c=6533000000 pc=0000000082f15a66]
[c=6534000000 pc=0000000082f15a66]
[c=6535000000 pc=0000000082f15a66]
[c=6536000000 pc=0000000082f15a6a]
[c=6537000000 pc=0000000082f15a6a]
[c=6538000000 pc=0000000082f15a6a]
[c=6539000000 pc=0000000082f15a4a]
[c=6540000000 pc=0000000082ed2a30]
[c=6541000000 pc=0000000082ed2a30]
[c=6542000000 pc=0000000082ed2a30]
[c=6543000000 pc=0000000082ed2a30]
[c=6544000000 pc=0000000082ed2a30]
[c=6545000000 pc=0000000082ed2a34]
[c=6546000000 pc=0000000082ed2a30]
[c=6547000000 pc=0000000082ed2a30]
[c=6548000000 pc=0000000082ed2a30]
[c=6549000000 pc=0000000082ed2a30]
[c=6550000000 pc=0000000082f15a5e]
[c=6551000000 pc=0000000082f15a66]
[c=6552000000 pc=0000000082f15a6a]
[c=6553000000 pc=0000000082f15a6a]
[c=6554000000 pc=0000000082f15a6a]
[c=6555000000 pc=0000000082f15a4a]
[c=6556000000 pc=0000000082f15a4a]
[c=6557000000 pc=0000000082f15a4a]
[c=6558000000 pc=0000000082f15a4e]
[c=6559000000 pc=0000000082f15a4e]
[c=6560000000 pc=0000000082f15a4e]
[c=6561000000 pc=0000000082ed2a30]
[c=6562000000 pc=0000000082ed2a30]
[c=6563000000 pc=0000000082ed2a30]
[c=6564000000 pc=0000000082ed2a34]
[c=6565000000 pc=0000000082ed2a30]
[c=6566000000 pc=0000000082ed2a30]
[c=6567000000 pc=0000000082ed2a30]
[c=6568000000 pc=0000000082ed2a30]
[c=6569000000 pc=0000000082ed2a2a]
[c=6570000000 pc=0000000082ed2a30]
[c=6571000000 pc=0000000082ed2a34]
[c=6572000000 pc=0000000082f15a58]
[c=6573000000 pc=0000000082f15a5e]
[c=6574000000 pc=0000000082f15a4a]
[c=6575000000 pc=0000000082f15a4a]
[c=6576000000 pc=0000000082f15a4a]
[c=6577000000 pc=0000000082f15a4e]
[c=6578000000 pc=0000000082f15a4e]
[c=6579000000 pc=0000000082f15a4e]
[c=6580000000 pc=0000000082f15a52]
[c=6581000000 pc=0000000082f15a52]
[c=6582000000 pc=0000000082ed2a30]
[c=6583000000 pc=0000000082ed2a30]
[c=6584000000 pc=0000000082ed2a30]
[c=6585000000 pc=0000000082ed2a34]
[c=6586000000 pc=0000000082ed2a30]
[c=6587000000 pc=0000000082ed2a30]
[c=6588000000 pc=0000000082ed2a30]
[c=6589000000 pc=0000000082ed2a30]
[c=6590000000 pc=0000000082ed2a30]
[c=6591000000 pc=0000000082ed2a30]
[c=6592000000 pc=0000000082ed2a34]
[c=6593000000 pc=0000000082f15a58]
[c=6594000000 pc=0000000082f15a58]
[c=6595000000 pc=0000000082f15a66]
[c=6596000000 pc=0000000082f15a66]
[c=6597000000 pc=0000000082f15a6a]
[c=6598000000 pc=0000000082f15a6a]
[c=6599000000 pc=0000000082f15a6a]
[c=6600000000 pc=0000000082f15a4a]
[c=6601000000 pc=0000000082f15a4a]
[c=6602000000 pc=0000000082f15a4a]
[c=6603000000 pc=0000000082f15a4e]
[c=6604000000 pc=0000000082ed2a34]
[c=6605000000 pc=0000000082ed2a2a]
[c=6606000000 pc=0000000082ed2a30]
[c=6607000000 pc=0000000082ed2a30]
[c=6608000000 pc=0000000082ed2a30]
[c=6609000000 pc=0000000082ed2a34]
[c=6610000000 pc=0000000082ed2a30]
[c=6611000000 pc=0000000082ed2a30]
[c=6612000000 pc=0000000082ed2a30]
[c=6613000000 pc=0000000082ed2a30]
[c=6614000000 pc=0000000082f15a66]
[c=6615000000 pc=0000000082f15a6a]
[c=6616000000 pc=0000000082f15a6a]
[c=6617000000 pc=0000000082f15a6a]
[c=6618000000 pc=0000000082f15a4a]
[c=6619000000 pc=0000000082f15a4a]
[c=6620000000 pc=0000000082f15a4a]
[c=6621000000 pc=0000000082f15a4e]
[c=6622000000 pc=0000000082f15a4e]
[c=6623000000 pc=0000000082f15a4e]
[c=6624000000 pc=0000000082f15a52]
[c=6625000000 pc=0000000082ed2a30]
[c=6626000000 pc=0000000082ed2a30]
[c=6627000000 pc=0000000082ed2a30]
[c=6628000000 pc=0000000082ed2a30]
[c=6629000000 pc=0000000082ed2a34]
[c=6630000000 pc=0000000082ed2a30]
[c=6631000000 pc=0000000082ed2a30]
[c=6632000000 pc=0000000082ed2a30]
[c=6633000000 pc=0000000082ed2a30]
[c=6634000000 pc=0000000082ed2a30]
[c=6635000000 pc=0000000082ed2a30]
[c=6636000000 pc=0000000082f15a52]
[c=6637000000 pc=0000000082f15a52]
[c=6638000000 pc=0000000082f15a5e]
[c=6639000000 pc=0000000082f15a5e]
[c=6640000000 pc=0000000082f15a66]
[c=6641000000 pc=0000000082f15a66]
[c=6642000000 pc=0000000082f15a66]
[c=6643000000 pc=0000000082f15a6a]
[c=6644000000 pc=0000000082f15a6a]
[c=6645000000 pc=0000000082f15a6a]
[c=6646000000 pc=0000000082ed2a30]
[c=6647000000 pc=0000000082ed2a30]
[c=6648000000 pc=0000000082ed2a30]
[c=6649000000 pc=0000000082ed2a30]
[c=6650000000 pc=0000000082ed2a30]
[c=6651000000 pc=0000000082ed2a30]
[c=6652000000 pc=0000000082ed2a34]
[c=6653000000 pc=0000000082ed2a30]
[c=6654000000 pc=0000000082ed2a30]
[c=6655000000 pc=0000000082ed2a30]
[c=6656000000 pc=0000000082ed2a30]
[c=6657000000 pc=0000000082f15a6a]
[c=6658000000 pc=0000000082f15a4a]
[c=6659000000 pc=0000000082f15a58]
[c=6660000000 pc=0000000082f15a58]
[c=6661000000 pc=0000000082f15a5e]
[c=6662000000 pc=0000000082f15a5e]
[c=6663000000 pc=0000000082f15a5e]
[c=6664000000 pc=0000000082f15a66]
[c=6665000000 pc=0000000082f15a66]
[c=6666000000 pc=0000000082f15a66]
[c=6667000000 pc=0000000082f15a6a]
[c=6668000000 pc=0000000082ed2a30]
[c=6669000000 pc=0000000082ed2a30]
[c=6670000000 pc=0000000082ed2a30]
[c=6671000000 pc=0000000082ed2a34]
[c=6672000000 pc=0000000082ed2a30]
[c=6673000000 pc=0000000082ed2a30]
[c=6674000000 pc=0000000082ed2a2a]
[c=6675000000 pc=0000000082ed2a30]
[c=6676000000 pc=0000000082ed2a30]
[c=6677000000 pc=0000000082ed2a30]
[c=6678000000 pc=0000000082f15a4e]
[c=6679000000 pc=0000000082f15a52]
[c=6680000000 pc=0000000082f15a52]
[c=6681000000 pc=0000000082f15a52]
[c=6682000000 pc=0000000082f15a58]
[c=6683000000 pc=0000000082f15a58]
[c=6684000000 pc=0000000082f15a58]
[c=6685000000 pc=0000000082f15a5e]
[c=6686000000 pc=0000000082f15a5e]
[c=6687000000 pc=0000000082f15a5e]
[c=6688000000 pc=0000000082f15a66]
[c=6689000000 pc=0000000082ed2a30]
[c=6690000000 pc=0000000082ed2a30]
[c=6691000000 pc=0000000082ed2a30]
[c=6692000000 pc=0000000082ed2a30]
[c=6693000000 pc=0000000082ed2a30]
[c=6694000000 pc=0000000082ed2a30]
[c=6695000000 pc=0000000082ed2a34]
[c=6696000000 pc=0000000082ed2a30]
[c=6697000000 pc=0000000082ed2a2a]
[c=6698000000 pc=0000000082ed2a30]
[c=6699000000 pc=0000000082ed2a30]
[c=6700000000 pc=0000000082f15a4a]
[c=6701000000 pc=0000000082f15a4a]
[c=6702000000 pc=0000000082f15a58]
[c=6703000000 pc=0000000082f15a5e]
[c=6704000000 pc=0000000082f15a5e]
[c=6705000000 pc=0000000082f15a5e]
[c=6706000000 pc=0000000082f15a66]
[c=6707000000 pc=0000000082f15a66]
[c=6708000000 pc=0000000082f15a66]
[c=6709000000 pc=0000000082f15a6a]
[c=6710000000 pc=0000000082ed2a30]
[c=6711000000 pc=0000000082ed2a30]
[c=6712000000 pc=0000000082ed2a30]
[c=6713000000 pc=0000000082ed2a30]
[c=6714000000 pc=0000000082ed2a30]
[c=6715000000 pc=0000000082ed2a30]
[c=6716000000 pc=0000000082ed2a30]
[c=6717000000 pc=0000000082ed2a34]
[c=6718000000 pc=0000000082ed2a34]
[c=6719000000 pc=0000000082ed2a30]
[c=6720000000 pc=0000000082ed2a30]
[c=6721000000 pc=0000000082f15a4a]
[c=6722000000 pc=0000000082f15a4a]
[c=6723000000 pc=0000000082f15a6a]
[c=6724000000 pc=0000000082f15a6a]
[c=6725000000 pc=0000000082f15a6a]
[c=6726000000 pc=0000000082f15a4a]
[c=6727000000 pc=0000000082f15a4a]
[c=6728000000 pc=0000000082f15a4a]
[c=6729000000 pc=0000000082f15a4e]
[c=6730000000 pc=0000000082f15a4e]
[c=6731000000 pc=0000000082f15a4e]
[c=6732000000 pc=0000000082ed2a34]
[c=6733000000 pc=0000000082ed2a30]
[c=6734000000 pc=0000000082ed2a30]
[c=6735000000 pc=0000000082ed2a30]
[c=6736000000 pc=0000000082ed2a30]
[c=6737000000 pc=0000000082ed2a30]
[c=6738000000 pc=0000000082ed2a30]
[c=6739000000 pc=0000000082ed2a30]
[c=6740000000 pc=0000000082ed2a34]
[c=6741000000 pc=0000000082ed2a30]
[c=6742000000 pc=0000000082f15a4e]
[c=6743000000 pc=0000000082f15a4e]
[c=6744000000 pc=0000000082f15a66]
[c=6745000000 pc=0000000082f15a66]
[c=6746000000 pc=0000000082f15a66]
[c=6747000000 pc=0000000082f15a6a]
[c=6748000000 pc=0000000082f15a6a]
[c=6749000000 pc=0000000082f15a6a]
[c=6750000000 pc=0000000082f15a4a]
[c=6751000000 pc=0000000082f15a4a]
[c=6752000000 pc=0000000082f15a4a]
[c=6753000000 pc=0000000082ed2a30]
[c=6754000000 pc=0000000082ed2a30]
[c=6755000000 pc=0000000082ed2a34]
[c=6756000000 pc=0000000082ed2a30]
[c=6757000000 pc=0000000082ed2a30]
[c=6758000000 pc=0000000082ed2a30]
[c=6759000000 pc=0000000082ed2a30]
[c=6760000000 pc=0000000082ed2a30]
[c=6761000000 pc=0000000082ed2a30]
[c=6762000000 pc=0000000082ed2a34]
[c=6763000000 pc=0000000082ed2a30]
[c=6764000000 pc=0000000082f15a5e]
[c=6765000000 pc=0000000082f15a5e]
[c=6766000000 pc=0000000082f15a52]
[c=6767000000 pc=0000000082f15a58]
[c=6768000000 pc=0000000082f15a58]
[c=6769000000 pc=0000000082f15a58]
[c=6770000000 pc=0000000082f15a5e]
[c=6771000000 pc=0000000082f15a5e]
[c=6772000000 pc=0000000082f15a5e]
[c=6773000000 pc=0000000082f15a66]
[c=6774000000 pc=0000000082ed2a30]
[c=6775000000 pc=0000000082ed2a30]
[c=6776000000 pc=0000000082ed2a30]
[c=6777000000 pc=0000000082ed2a30]
[c=6778000000 pc=0000000082ed2a30]
[c=6779000000 pc=0000000082ed2a30]
[c=6780000000 pc=0000000082ed2a30]
[c=6781000000 pc=0000000082ed2a34]
[c=6782000000 pc=0000000082ed2a30]
[c=6783000000 pc=0000000082ed2a30]
[c=6784000000 pc=0000000082ed2a30]
[c=6785000000 pc=0000000082f15a58]
[c=6786000000 pc=0000000082f15a58]
[c=6787000000 pc=0000000082f15a5e]
[c=6788000000 pc=0000000082f15a66]
[c=6789000000 pc=0000000082f15a66]
[c=6790000000 pc=0000000082f15a66]
[c=6791000000 pc=0000000082f15a6a]
[c=6792000000 pc=0000000082f15a6a]
[c=6793000000 pc=0000000082f15a6a]
[c=6794000000 pc=0000000082f15a4a]
[c=6795000000 pc=0000000082f15a4a]
[c=6796000000 pc=0000000082ed2a30]
[c=6797000000 pc=0000000082ed2a30]
[c=6798000000 pc=0000000082ed2a30]
[c=6799000000 pc=0000000082ed2a30]
[c=6800000000 pc=0000000082ed2a30]
[c=6801000000 pc=0000000082ed2a34]
[c=6802000000 pc=0000000082ed2a30]
[c=6803000000 pc=0000000082ed2a30]
[c=6804000000 pc=0000000082ed2a30]
[c=6805000000 pc=0000000082ed2a30]
[c=6806000000 pc=0000000082f15a52]
[c=6807000000 pc=0000000082f15a52]
[c=6808000000 pc=0000000082f15a5e]
[c=6809000000 pc=0000000082f15a5e]
[c=6810000000 pc=0000000082f15a66]
[c=6811000000 pc=0000000082f15a66]
[c=6812000000 pc=0000000082f15a66]
[c=6813000000 pc=0000000082f15a6a]
[c=6814000000 pc=0000000082f15a6a]
[c=6815000000 pc=0000000082f15a6a]
[c=6816000000 pc=0000000082f15a4a]
[c=6817000000 pc=0000000082ed2a30]
[c=6818000000 pc=0000000082ed2a30]
[c=6819000000 pc=0000000082ed2a30]
[c=6820000000 pc=0000000082ed2a30]
[c=6821000000 pc=0000000082ed2a30]
[c=6822000000 pc=0000000082ed2a30]
[c=6823000000 pc=0000000082ed2a34]
[c=6824000000 pc=0000000082ed2a34]
[c=6825000000 pc=0000000082ed2a30]
[c=6826000000 pc=0000000082ed2a30]
[c=6827000000 pc=0000000082ed2a30]
[c=6828000000 pc=0000000082f15a4a]
[c=6829000000 pc=0000000082f15a4a]
[c=6830000000 pc=0000000082f15a4a]
[c=6831000000 pc=0000000082f15a4a]
[c=6832000000 pc=0000000082f15a4e]
[c=6833000000 pc=0000000082f15a4e]
[c=6834000000 pc=0000000082f15a4e]
[c=6835000000 pc=0000000082f15a52]
[c=6836000000 pc=0000000082f15a52]
[c=6837000000 pc=0000000082f15a52]
[c=6838000000 pc=0000000082ed2a34]
[c=6839000000 pc=0000000082ed2a30]
[c=6840000000 pc=0000000082ed2a30]
[c=6841000000 pc=0000000082ed2a30]
[c=6842000000 pc=0000000082ed2a30]
[c=6843000000 pc=0000000082ed2a2a]
[c=6844000000 pc=0000000082ed2a30]
[c=6845000000 pc=0000000082ed2a30]
[c=6846000000 pc=0000000082ed2a30]
[c=6847000000 pc=0000000082ed2a30]
[c=6848000000 pc=0000000082ed2a30]
[c=6849000000 pc=0000000082f15a4e]
[c=6850000000 pc=0000000082f15a4e]
[c=6851000000 pc=0000000082f15a58]
[c=6852000000 pc=0000000082f15a58]
[c=6853000000 pc=0000000082f15a58]
[c=6854000000 pc=0000000082f15a5e]
[c=6855000000 pc=0000000082f15a5e]
[c=6856000000 pc=0000000082f15a5e]
[c=6857000000 pc=0000000082f15a66]
[c=6858000000 pc=0000000082f15a66]
[c=6859000000 pc=0000000082f15a66]
[c=6860000000 pc=0000000082ed2a30]
[c=6861000000 pc=0000000082ed2a30]
[c=6862000000 pc=0000000082ed2a30]
[c=6863000000 pc=0000000082ed2a34]
[c=6864000000 pc=0000000082ed2a30]
[c=6865000000 pc=0000000082ed2a30]
[c=6866000000 pc=0000000082ed2a2a]
[c=6867000000 pc=0000000082ed2a30]
[c=6868000000 pc=0000000082ed2a30]
[c=6869000000 pc=0000000082ed2a30]
[c=6870000000 pc=0000000082f15a6a]
[c=6871000000 pc=0000000082f15a4a]
[c=6872000000 pc=0000000082f15a66]
[c=6873000000 pc=0000000082f15a66]
[c=6874000000 pc=0000000082f15a66]
[c=6875000000 pc=0000000082f15a6a]
[c=6876000000 pc=0000000082f15a6a]
[c=6877000000 pc=0000000082f15a6a]
[c=6878000000 pc=0000000082f15a4a]
[c=6879000000 pc=0000000082f15a4a]
[c=6880000000 pc=0000000082f15a4a]
[c=6881000000 pc=0000000082ed2a30]
[c=6882000000 pc=0000000082ed2a34]
[c=6883000000 pc=0000000082ed2a2a]
[c=6884000000 pc=0000000082ed2a30]
[c=6885000000 pc=0000000082ed2a30]
[c=6886000000 pc=0000000082ed2a30]
[c=6887000000 pc=0000000082ed2a30]
[c=6888000000 pc=0000000082ed2a34]
[c=6889000000 pc=0000000082ed2a30]
[c=6890000000 pc=0000000082ed2a2a]
[c=6891000000 pc=0000000082ed2a30]
[c=6892000000 pc=0000000082f15a52]
[c=6893000000 pc=0000000082f15a52]
[c=6894000000 pc=0000000082f15a5e]
[c=6895000000 pc=0000000082f15a5e]
[c=6896000000 pc=0000000082f15a5e]
[c=6897000000 pc=0000000082f15a66]
[c=6898000000 pc=0000000082f15a66]
[c=6899000000 pc=0000000082f15a66]
[c=6900000000 pc=0000000082f15a6a]
[c=6901000000 pc=0000000082f15a6a]
[c=6902000000 pc=0000000082ed2a34]
[c=6903000000 pc=0000000082ed2a30]
[c=6904000000 pc=0000000082ed2a30]
[c=6905000000 pc=0000000082ed2a34]
[c=6906000000 pc=0000000082ed2a30]
[c=6907000000 pc=0000000082ed2a2a]
[c=6908000000 pc=0000000082ed2a30]
[c=6909000000 pc=0000000082ed2a30]
[c=6910000000 pc=0000000082ed2a30]
[c=6911000000 pc=0000000082ed2a30]
[c=6912000000 pc=0000000082ed2a34]
[c=6913000000 pc=0000000082f15a58]
[c=6914000000 pc=0000000082f15a58]
[c=6915000000 pc=0000000082f15a6a]
[c=6916000000 pc=0000000082f15a4a]
[c=6917000000 pc=0000000082f15a4a]
[c=6918000000 pc=0000000082f15a4a]
[c=6919000000 pc=0000000082f15a4e]
[c=6920000000 pc=0000000082f15a4e]
[c=6921000000 pc=0000000082f15a4e]
[c=6922000000 pc=0000000082f15a52]
[c=6923000000 pc=0000000082f15a52]
[c=6924000000 pc=0000000082ed2a34]
[c=6925000000 pc=0000000082ed2a30]
[c=6926000000 pc=0000000082ed2a30]
[c=6927000000 pc=0000000082ed2a30]
[c=6928000000 pc=0000000082ed2a30]
[c=6929000000 pc=0000000082ed2a30]
[c=6930000000 pc=0000000082ed2a34]
[c=6931000000 pc=0000000082ed2a30]
[c=6932000000 pc=0000000082ed2a34]
[c=6933000000 pc=0000000082ed2a30]
[c=6934000000 pc=00000000803ca5d6]
[VBLK c=6934566194 STATUS=0 type=0 sec=237576 secleft=1 sderr=0 dmaerr=0]
[c=6935000000 pc=0000000082f15a58]
[VBLK c=6935003754 STATUS=0 type=0 sec=237584 secleft=1 sderr=0 dmaerr=0]
[c=6936000000 pc=0000000082f15a4e]
[VBLK c=6936469501 STATUS=0 type=0 sec=237592 secleft=1 sderr=0 dmaerr=0]
[VBLK c=6936907061 STATUS=0 type=0 sec=237600 secleft=1 sderr=0 dmaerr=0]
[c=6937000000 pc=0000000082f15a4e]
[VBLK c=6937344621 STATUS=0 type=0 sec=237608 secleft=1 sderr=0 dmaerr=0]
[VBLK c=6937780837 STATUS=0 type=0 sec=237616 secleft=1 sderr=0 dmaerr=0]
[c=6938000000 pc=0000000082f15a66]
[VBLK c=6938218397 STATUS=0 type=0 sec=237624 secleft=1 sderr=0 dmaerr=0]
[VBLK c=6938655957 STATUS=0 type=0 sec=237632 secleft=1 sderr=0 dmaerr=0]
[c=6939000000 pc=0000000082f15a52]
[VBLK c=6939093517 STATUS=0 type=0 sec=237640 secleft=1 sderr=0 dmaerr=0]
[VBLK c=6939529733 STATUS=0 type=0 sec=237648 secleft=1 sderr=0 dmaerr=0]
[VBLK c=6939967293 STATUS=0 type=0 sec=237656 secleft=1 sderr=0 dmaerr=0]
[c=6940000000 pc=00000000804c243a]
[VBLK c=6940404853 STATUS=0 type=0 sec=237664 secleft=1 sderr=0 dmaerr=0]
[VBLK c=6940841153 STATUS=0 type=0 sec=237672 secleft=1 sderr=0 dmaerr=0]
[c=6941000000 pc=0000000082f15a52]
[VBLK c=6941278713 STATUS=0 type=0 sec=237680 secleft=1 sderr=0 dmaerr=0]
[VBLK c=6941716273 STATUS=0 type=0 sec=237688 secleft=1 sderr=0 dmaerr=0]
[c=6942000000 pc=0000000082f15a58]
[VBLK c=6942153833 STATUS=0 type=0 sec=237696 secleft=1 sderr=0 dmaerr=0]
[VBLK c=6942591393 STATUS=0 type=0 sec=4429824 secleft=1 sderr=0 dmaerr=0]
[c=6943000000 pc=0000000082ed2a30]
[VBLK c=6943028953 STATUS=0 type=0 sec=4429832 secleft=1 sderr=0 dmaerr=0]
[VBLK c=6943466513 STATUS=0 type=0 sec=4429840 secleft=1 sderr=0 dmaerr=0]
[VBLK c=6943903569 STATUS=0 type=0 sec=4429848 secleft=1 sderr=0 dmaerr=0]
[c=6944000000 pc=0000000082f15a5e]
[VBLK c=6944340625 STATUS=0 type=0 sec=4429856 secleft=1 sderr=0 dmaerr=0]
[VBLK c=6944778185 STATUS=0 type=0 sec=4429864 secleft=1 sderr=0 dmaerr=0]
[c=6945000000 pc=0000000082f15a58]
[VBLK c=6945215745 STATUS=0 type=0 sec=4429872 secleft=1 sderr=0 dmaerr=0]
[VBLK c=6945652465 STATUS=0 type=0 sec=4429880 secleft=1 sderr=0 dmaerr=0]
[c=6946000000 pc=0000000082f15a66]
[VBLK c=6946090025 STATUS=0 type=0 sec=4429888 secleft=1 sderr=0 dmaerr=0]
[VBLK c=6946526241 STATUS=0 type=0 sec=4429896 secleft=1 sderr=0 dmaerr=0]
[VBLK c=6946963801 STATUS=0 type=0 sec=4429904 secleft=1 sderr=0 dmaerr=0]
[c=6947000000 pc=000000008050e3e2]
[VBLK c=6947401361 STATUS=0 type=0 sec=4429912 secleft=1 sderr=0 dmaerr=0]
[VBLK c=6947838921 STATUS=0 type=0 sec=4429920 secleft=1 sderr=0 dmaerr=0]
[c=6948000000 pc=0000000082ed2a30]
[VBLK c=6948276481 STATUS=0 type=0 sec=4429928 secleft=1 sderr=0 dmaerr=0]
[VBLK c=6948714041 STATUS=0 type=0 sec=4429936 secleft=1 sderr=0 dmaerr=0]
[c=6949000000 pc=0000000082ed2a30]
[VBLK c=6949151601 STATUS=0 type=0 sec=4429944 secleft=1 sderr=0 dmaerr=0]
[VBLK c=6949588657 STATUS=0 type=0 sec=8624128 secleft=1 sderr=0 dmaerr=0]
[c=6950000000 pc=0000000082ed2a30]
[VBLK c=6950026217 STATUS=0 type=0 sec=8624136 secleft=1 sderr=0 dmaerr=0]
[VBLK c=6950463273 STATUS=0 type=0 sec=8624144 secleft=1 sderr=0 dmaerr=0]
[VBLK c=6950900749 STATUS=0 type=0 sec=8624152 secleft=1 sderr=0 dmaerr=0]
[c=6951000000 pc=0000000082f15a4e]
[VBLK c=6951338309 STATUS=0 type=0 sec=9672704 secleft=1 sderr=0 dmaerr=0]
[VBLK c=6951774693 STATUS=0 type=0 sec=9672712 secleft=1 sderr=0 dmaerr=0]
[c=6952000000 pc=0000000082ed2a30]
[VBLK c=6952212253 STATUS=0 type=0 sec=9672720 secleft=1 sderr=0 dmaerr=0]
[VBLK c=6952649813 STATUS=0 type=0 sec=9672728 secleft=1 sderr=0 dmaerr=0]
[c=6953000000 pc=0000000082ed2a30]
[VBLK c=6953087373 STATUS=0 type=0 sec=9672736 secleft=1 sderr=0 dmaerr=0]
[VBLK c=6953523589 STATUS=0 type=0 sec=9672744 secleft=1 sderr=0 dmaerr=0]
[VBLK c=6953959805 STATUS=0 type=0 sec=9672752 secleft=1 sderr=0 dmaerr=0]
[c=6954000000 pc=00000000802710dc]
[VBLK c=6954396777 STATUS=0 type=0 sec=9672760 secleft=1 sderr=0 dmaerr=0]
[VBLK c=6954833077 STATUS=0 type=0 sec=9672768 secleft=1 sderr=0 dmaerr=0]
[c=6955000000 pc=0000000082f15a4a]
[VBLK c=6955270637 STATUS=0 type=0 sec=9672776 secleft=1 sderr=0 dmaerr=0]
[VBLK c=6955708197 STATUS=0 type=0 sec=9672784 secleft=1 sderr=0 dmaerr=0]
[c=6956000000 pc=0000000082f15a6a]
[VBLK c=6956145757 STATUS=0 type=0 sec=9672792 secleft=1 sderr=0 dmaerr=0]
[VBLK c=6956583317 STATUS=0 type=0 sec=12818432 secleft=1 sderr=0 dmaerr=0]
[c=6957000000 pc=0000000082f15a4a]
[VBLK c=6957020877 STATUS=0 type=0 sec=12818440 secleft=1 sderr=0 dmaerr=0]
[VBLK c=6957458437 STATUS=0 type=0 sec=12818448 secleft=1 sderr=0 dmaerr=0]
[VBLK c=6957895997 STATUS=0 type=0 sec=12818456 secleft=1 sderr=0 dmaerr=0]
[c=6958000000 pc=0000000082ed2a30]
[VBLK c=6958333557 STATUS=0 type=0 sec=12818464 secleft=1 sderr=0 dmaerr=0]
[VBLK c=6958771117 STATUS=0 type=0 sec=12818472 secleft=1 sderr=0 dmaerr=0]
[c=6959000000 pc=0000000082ed2a30]
[VBLK c=6959207333 STATUS=0 type=0 sec=12818480 secleft=1 sderr=0 dmaerr=0]
[VBLK c=6959644893 STATUS=0 type=0 sec=12818488 secleft=1 sderr=0 dmaerr=0]
[c=6960000000 pc=0000000082ed2a30]
[VBLK c=6960082453 STATUS=0 type=0 sec=12818496 secleft=1 sderr=0 dmaerr=0]
[VBLK c=6960518669 STATUS=0 type=0 sec=12818504 secleft=1 sderr=0 dmaerr=0]
[VBLK c=6960954885 STATUS=0 type=0 sec=12818512 secleft=1 sderr=0 dmaerr=0]
[c=6961000000 pc=00000000804c2432]
[VBLK c=6961392445 STATUS=0 type=0 sec=12818520 secleft=1 sderr=0 dmaerr=0]
[VBLK c=6961830005 STATUS=0 type=0 sec=12818528 secleft=1 sderr=0 dmaerr=0]
[c=6962000000 pc=0000000082f15a4a]
[VBLK c=6962267565 STATUS=0 type=0 sec=12818536 secleft=1 sderr=0 dmaerr=0]
[VBLK c=6962705125 STATUS=0 type=0 sec=12818544 secleft=1 sderr=0 dmaerr=0]
[c=6963000000 pc=0000000082f15a52]
[VBLK c=6963141341 STATUS=0 type=0 sec=12818552 secleft=1 sderr=0 dmaerr=0]
[VBLK c=6963578901 STATUS=0 type=0 sec=17012736 secleft=1 sderr=0 dmaerr=0]
[c=6964000000 pc=0000000082f15a5e]
[VBLK c=6964016461 STATUS=0 type=0 sec=17012744 secleft=1 sderr=0 dmaerr=0]
[VBLK c=6964454021 STATUS=0 type=0 sec=17012752 secleft=1 sderr=0 dmaerr=0]
[VBLK c=6964890237 STATUS=0 type=0 sec=17012760 secleft=1 sderr=0 dmaerr=0]
[c=6965000000 pc=0000000082ed2a30]
[VBLK c=6965327797 STATUS=0 type=0 sec=18061312 secleft=1 sderr=0 dmaerr=0]
[VBLK c=6965765357 STATUS=0 type=0 sec=18061320 secleft=1 sderr=0 dmaerr=0]
[c=6966000000 pc=0000000082ed2a30]
[VBLK c=6966202917 STATUS=0 type=0 sec=18061328 secleft=1 sderr=0 dmaerr=0]
[VBLK c=6966640477 STATUS=0 type=0 sec=18061336 secleft=1 sderr=0 dmaerr=0]
[c=6967000000 pc=0000000082ed2a30]
[VBLK c=6967078037 STATUS=0 type=0 sec=18061344 secleft=1 sderr=0 dmaerr=0]
[VBLK c=6967515597 STATUS=0 type=0 sec=18061352 secleft=1 sderr=0 dmaerr=0]
[VBLK c=6967953157 STATUS=0 type=0 sec=18061360 secleft=1 sderr=0 dmaerr=0]
[c=6968000000 pc=0000000082f15a6a]
[VBLK c=6968389373 STATUS=0 type=0 sec=18061368 secleft=1 sderr=0 dmaerr=0]
[c=6969000000 pc=00000000804d0d3e]
[c=6970000000 pc=0000000080429e88]
[c=6971000000 pc=00000000804d0d2c]
[c=6972000000 pc=00000000804d0d44]
[c=6973000000 pc=0000000080311b90]
[c=6974000000 pc=00000000804d0d3e]
[c=6975000000 pc=00000000804d0d38]
[c=6976000000 pc=00000000804d0d3e]
[c=6977000000 pc=00000000804c8f02]
[c=6978000000 pc=0000000080429ec8]
[c=6979000000 pc=00000000804d0d44]
[c=6980000000 pc=0000000080429018]
[c=6981000000 pc=0000000082ed2a34]
[c=6982000000 pc=0000000082f15a5e]
[c=6983000000 pc=0000000082f15a5e]
[c=6984000000 pc=0000000082ed2a30]
[c=6985000000 pc=0000000082ed2a30]
[c=6986000000 pc=0000000082f15a66]
[c=6987000000 pc=0000000082f15a66]
[c=6988000000 pc=0000000082ed2a30]
[c=6989000000 pc=0000000082ed2a30]
[c=6990000000 pc=0000000082f15a4e]
[c=6991000000 pc=0000000082f15a4e]
[c=6992000000 pc=0000000082ed2a34]
[c=6993000000 pc=0000000082ed2a30]
[c=6994000000 pc=0000000082f15a58]
[c=6995000000 pc=0000000082ed2a30]
[c=6996000000 pc=0000000082ed2a34]
[c=6997000000 pc=0000000082f15a52]
[c=6998000000 pc=0000000082f15a4e]
[c=6999000000 pc=0000000082ed2a30]
[c=7000000000 pc=0000000082ed2a30]
[c=7001000000 pc=0000000082f15a4e]
[c=7002000000 pc=0000000082f15a4e]
[c=7003000000 pc=0000000082ed2a30]
[c=7004000000 pc=0000000082ed2a30]
[c=7005000000 pc=0000000082f15a6a]
[c=7006000000 pc=0000000082f15a4a]
[c=7007000000 pc=0000000082ed2a30]
[c=7008000000 pc=0000000082ed2a30]
[c=7009000000 pc=0000000082f15a5e]
[c=7010000000 pc=0000000082ed2a30]
[c=7011000000 pc=0000000082ed2a30]
[c=7012000000 pc=0000000082f15a4a]
[c=7013000000 pc=0000000082f15a4a]
[c=7014000000 pc=0000000082ed2a30]
[c=7015000000 pc=0000000082ed2a30]
[c=7016000000 pc=0000000082f15a4a]
[c=7017000000 pc=0000000082f15a4a]
[c=7018000000 pc=0000000082ed2a34]
[c=7019000000 pc=0000000082ed2a30]
[c=7020000000 pc=0000000082f15a5e]
[c=7021000000 pc=0000000082f15a5e]
[c=7022000000 pc=0000000082ed2a34]
[c=7023000000 pc=0000000082ed2a30]
[c=7024000000 pc=0000000082f15a4e]
[c=7025000000 pc=0000000082ed2a30]
[c=7026000000 pc=0000000082ed2a30]
[c=7027000000 pc=0000000082f15a52]
[c=7028000000 pc=0000000082f15a58]
[c=7029000000 pc=0000000082ed2a30]
[c=7030000000 pc=0000000082ed2a30]
[c=7031000000 pc=0000000082f15a66]
[c=7032000000 pc=0000000082f15a66]
[c=7033000000 pc=0000000082ed2a30]
[c=7034000000 pc=0000000082ed2a30]
[c=7035000000 pc=0000000082f15a6a]
[c=7036000000 pc=0000000082f15a6a]
[c=7037000000 pc=0000000082ed2a30]
[c=7038000000 pc=0000000082ed2a30]
[c=7039000000 pc=0000000082f15a58]
[c=7040000000 pc=0000000082ed2a30]
[c=7041000000 pc=0000000082ed2a30]
[c=7042000000 pc=0000000082f15a52]
[c=7043000000 pc=0000000082f15a52]
[c=7044000000 pc=0000000082ed2a30]
[c=7045000000 pc=0000000082ed2a34]
[c=7046000000 pc=0000000082f15a4a]
[c=7047000000 pc=0000000082f15a4a]
[c=7048000000 pc=0000000082ed2a30]
[c=7049000000 pc=0000000082ed2a30]
[c=7050000000 pc=0000000082f15a52]
[c=7051000000 pc=0000000082f15a52]
[c=7052000000 pc=0000000082ed2a30]
[c=7053000000 pc=0000000082ed2a30]
[c=7054000000 pc=0000000082f15a58]
[c=7055000000 pc=0000000082ed2a30]
[c=7056000000 pc=0000000082ed2a30]
[c=7057000000 pc=0000000082f15a4e]
[c=7058000000 pc=0000000082f15a4e]
[c=7059000000 pc=0000000082ed2a30]
[c=7060000000 pc=0000000082ed2a30]
[c=7061000000 pc=0000000082f15a58]
[c=7062000000 pc=0000000082f15a52]
[c=7063000000 pc=0000000082ed2a34]
[c=7064000000 pc=0000000082ed2a30]
[c=7065000000 pc=0000000082f15a6a]
[c=7066000000 pc=0000000082f15a6a]
[c=7067000000 pc=0000000082ed2a30]
[c=7068000000 pc=0000000082ed2a34]
[c=7069000000 pc=0000000082f15a58]
[c=7070000000 pc=0000000082ed2a34]
[c=7071000000 pc=0000000082ed2a30]
[c=7072000000 pc=0000000082f15a66]
[c=7073000000 pc=0000000082f15a5e]
[c=7074000000 pc=0000000082ed2a2a]
[c=7075000000 pc=0000000082ed2a30]
[c=7076000000 pc=0000000082f15a6a]
[c=7077000000 pc=0000000082f15a4a]
[c=7078000000 pc=0000000082ed2a30]
[c=7079000000 pc=0000000082ed2a34]
[c=7080000000 pc=0000000082f15a58]
[c=7081000000 pc=0000000082f15a5e]
[c=7082000000 pc=0000000082ed2a34]
[c=7083000000 pc=0000000082ed2a30]
[c=7084000000 pc=0000000082f15a5e]
[c=7085000000 pc=0000000082ed2a30]
[c=7086000000 pc=0000000082ed2a30]
[c=7087000000 pc=0000000082f15a52]
[c=7088000000 pc=0000000082f15a52]
[c=7089000000 pc=0000000082ed2a30]
[c=7090000000 pc=0000000082ed2a34]
[c=7091000000 pc=0000000082f15a4e]
[c=7092000000 pc=0000000082f15a52]
[c=7093000000 pc=0000000082ed2a30]
[c=7094000000 pc=0000000082ed2a30]
[c=7095000000 pc=0000000082f15a52]
[c=7096000000 pc=0000000082f15a58]
[c=7097000000 pc=0000000082ed2a30]
[c=7098000000 pc=0000000082ed2a30]
[c=7099000000 pc=0000000082f15a5e]
[c=7100000000 pc=0000000082ed2a30]
[c=7101000000 pc=0000000082ed2a30]
[c=7102000000 pc=0000000082f15a58]
[c=7103000000 pc=0000000082f15a58]
[c=7104000000 pc=0000000082ed2a30]
[c=7105000000 pc=0000000082ed2a30]
[c=7106000000 pc=0000000082f15a4a]
[c=7107000000 pc=0000000082f15a4e]
[c=7108000000 pc=0000000082ed2a30]
[c=7109000000 pc=0000000082ed2a30]
[c=7110000000 pc=0000000082f15a4a]
[c=7111000000 pc=0000000082f15a4e]
[c=7112000000 pc=0000000082ed2a30]
[c=7113000000 pc=0000000082ed2a30]
[c=7114000000 pc=0000000082f15a5e]
[c=7115000000 pc=0000000082ed2a30]
[c=7116000000 pc=0000000082ed2a30]
[c=7117000000 pc=0000000082f15a4e]
[c=7118000000 pc=0000000082f15a52]
[c=7119000000 pc=0000000082ed2a30]
[c=7120000000 pc=0000000082ed2a30]
[c=7121000000 pc=0000000082f15a4a]
[c=7122000000 pc=0000000082f15a4a]
[c=7123000000 pc=0000000082ed2a30]
[c=7124000000 pc=0000000082ed2a30]
[c=7125000000 pc=0000000082f15a5e]
[c=7126000000 pc=0000000082f15a66]
[c=7127000000 pc=0000000082ed2a30]
[c=7128000000 pc=0000000082ed2a2a]
[c=7129000000 pc=0000000082f15a52]
[c=7130000000 pc=0000000082ed2a34]
[c=7131000000 pc=0000000082ed2a30]
[c=7132000000 pc=0000000082f15a66]
[c=7133000000 pc=0000000082f15a66]
[c=7134000000 pc=0000000082ed2a30]
[c=7135000000 pc=0000000082ed2a30]
[c=7136000000 pc=0000000082f15a66]
[c=7137000000 pc=0000000082f15a58]
[c=7138000000 pc=0000000082ed2a30]
[c=7139000000 pc=0000000082ed2a30]
[c=7140000000 pc=0000000082f15a6a]
[c=7141000000 pc=0000000082f15a4a]
[c=7142000000 pc=0000000082ed2a30]
[c=7143000000 pc=0000000082ed2a30]
[c=7144000000 pc=0000000082f15a4a]
[c=7145000000 pc=0000000082ed2a30]
[c=7146000000 pc=0000000082ed2a30]
[c=7147000000 pc=0000000082f15a52]
[c=7148000000 pc=0000000082f15a58]
[c=7149000000 pc=0000000082ed2a30]
[c=7150000000 pc=0000000082ed2a30]
[c=7151000000 pc=0000000082f15a4a]
[c=7152000000 pc=0000000082f15a4a]
[c=7153000000 pc=0000000082ed2a2a]
[c=7154000000 pc=0000000082ed2a34]
[c=7155000000 pc=0000000082f15a6a]
[c=7156000000 pc=0000000082f15a6a]
[c=7157000000 pc=0000000082ed2a30]
[c=7158000000 pc=0000000082ed2a2a]
[c=7159000000 pc=0000000082f15a66]
[c=7160000000 pc=0000000082ed2a30]
[c=7161000000 pc=0000000082ed2a30]
[c=7162000000 pc=0000000082f15a4a]
[c=7163000000 pc=0000000082f15a4a]
[c=7164000000 pc=0000000082ed2a30]
[c=7165000000 pc=0000000082ed2a30]
[c=7166000000 pc=0000000082f15a6a]
[c=7167000000 pc=0000000082f15a6a]
[c=7168000000 pc=0000000082ed2a30]
[c=7169000000 pc=0000000082ed2a30]
[c=7170000000 pc=0000000082f15a66]
[c=7171000000 pc=0000000082f15a66]
[c=7172000000 pc=0000000082ed2a34]
[c=7173000000 pc=0000000082ed2a30]
[c=7174000000 pc=0000000082f15a4e]
[c=7175000000 pc=0000000082ed2a30]
[c=7176000000 pc=0000000082ed2a30]
[c=7177000000 pc=0000000082f15a66]
[c=7178000000 pc=0000000082f15a66]
[c=7179000000 pc=0000000082ed2a30]
[c=7180000000 pc=0000000082ed2a30]
[c=7181000000 pc=0000000082f15a66]
[c=7182000000 pc=0000000082f15a66]
[c=7183000000 pc=0000000082ed2a30]
[c=7184000000 pc=0000000082ed2a30]
[c=7185000000 pc=0000000082f15a4e]
[c=7186000000 pc=0000000082f15a4e]
[c=7187000000 pc=0000000082ed2a30]
[c=7188000000 pc=0000000082ed2a30]
[c=7189000000 pc=0000000082f15a4a]
[c=7190000000 pc=0000000082ed2a30]
[c=7191000000 pc=0000000082ed2a34]
[c=7192000000 pc=0000000082f15a58]
[c=7193000000 pc=0000000082f15a58]
[c=7194000000 pc=0000000082ed2a30]
[c=7195000000 pc=0000000082ed2a2a]
[c=7196000000 pc=0000000082f15a5e]
[c=7197000000 pc=0000000082f15a5e]
[c=7198000000 pc=0000000082ed2a30]
[c=7199000000 pc=0000000082ed2a30]
[c=7200000000 pc=0000000082f15a52]
[c=7201000000 pc=0000000082f15a4a]
[c=7202000000 pc=0000000082ed2a30]
[c=7203000000 pc=0000000082ed2a30]
[c=7204000000 pc=0000000082f15a66]
[c=7205000000 pc=0000000082ed2a30]
[c=7206000000 pc=0000000082ed2a30]
[c=7207000000 pc=0000000082f15a58]
[c=7208000000 pc=0000000082f15a58]
[c=7209000000 pc=0000000082ed2a30]
[c=7210000000 pc=0000000082ed2a30]
[c=7211000000 pc=0000000082f15a66]
[c=7212000000 pc=0000000082f15a5e]
[c=7213000000 pc=0000000082ed2a30]
[c=7214000000 pc=0000000082ed2a2a]
[c=7215000000 pc=0000000082f15a58]
[c=7216000000 pc=0000000082f15a5e]
[c=7217000000 pc=0000000082ed2a30]
[c=7218000000 pc=0000000082ed2a34]
[c=7219000000 pc=0000000082f15a58]
[c=7220000000 pc=0000000082ed2a30]
[c=7221000000 pc=0000000082ed2a30]
[c=7222000000 pc=0000000082f15a4e]
[c=7223000000 pc=0000000082f15a4e]
[c=7224000000 pc=0000000082ed2a34]
[c=7225000000 pc=0000000082ed2a30]
[c=7226000000 pc=0000000082f15a4a]
[c=7227000000 pc=0000000082f15a4a]
[c=7228000000 pc=0000000082ed2a34]
[c=7229000000 pc=0000000082ed2a30]
[c=7230000000 pc=0000000082f15a66]
[c=7231000000 pc=0000000082f15a66]
[c=7232000000 pc=0000000082ed2a30]
[c=7233000000 pc=0000000082ed2a30]
[c=7234000000 pc=0000000082f15a4a]
[c=7235000000 pc=0000000082ed2a34]
[c=7236000000 pc=0000000082ed2a30]
[c=7237000000 pc=0000000082f15a5e]
[c=7238000000 pc=0000000082f15a66]
[c=7239000000 pc=0000000082ed2a34]
[c=7240000000 pc=0000000082ed2a30]
[c=7241000000 pc=0000000082f15a66]
[c=7242000000 pc=0000000082f15a6a]
[c=7243000000 pc=0000000082ed2a30]
[c=7244000000 pc=0000000082ed2a30]
[c=7245000000 pc=0000000082f15a66]
[c=7246000000 pc=0000000082f15a6a]
[c=7247000000 pc=0000000082ed2a30]
[c=7248000000 pc=0000000082ed2a30]
[c=7249000000 pc=0000000082f15a6a]
[c=7250000000 pc=0000000082ed2a30]
[c=7251000000 pc=0000000082ed2a2a]
[c=7252000000 pc=0000000082f15a6a]
[c=7253000000 pc=0000000082f15a6a]
[c=7254000000 pc=0000000082ed2a30]
[c=7255000000 pc=0000000082ed2a30]
[c=7256000000 pc=0000000082f15a52]
[c=7257000000 pc=0000000082f15a52]
[c=7258000000 pc=0000000082ed2a30]
[c=7259000000 pc=0000000082ed2a30]
[c=7260000000 pc=0000000082f15a4a]
[c=7261000000 pc=0000000082f15a4a]
[c=7262000000 pc=0000000082ed2a34]
[c=7263000000 pc=0000000082ed2a30]
[c=7264000000 pc=0000000082f15a4a]
[c=7265000000 pc=0000000082ed2a30]
[c=7266000000 pc=0000000082ed2a30]
[c=7267000000 pc=0000000082f15a4e]
[c=7268000000 pc=0000000082f15a52]
[c=7269000000 pc=0000000082ed2a30]
[c=7270000000 pc=0000000082ed2a34]
[c=7271000000 pc=0000000082f15a66]
[c=7272000000 pc=0000000082f15a66]
[c=7273000000 pc=0000000082ed2a30]
[c=7274000000 pc=0000000082ed2a30]
[c=7275000000 pc=0000000082f15a6a]
[c=7276000000 pc=0000000082f15a6a]
[c=7277000000 pc=0000000082ed2a34]
[c=7278000000 pc=0000000082ed2a30]
[c=7279000000 pc=0000000082f15a52]
[c=7280000000 pc=0000000082ed2a30]
[c=7281000000 pc=0000000082ed2a30]
[c=7282000000 pc=0000000082f15a6a]
[c=7283000000 pc=0000000082f15a4a]
[c=7284000000 pc=0000000082ed2a30]
[c=7285000000 pc=0000000082ed2a30]
[c=7286000000 pc=0000000082f15a66]
[c=7287000000 pc=0000000082f15a66]
[c=7288000000 pc=0000000082ed2a30]
[c=7289000000 pc=0000000082ed2a30]
[c=7290000000 pc=0000000082f15a66]
[c=7291000000 pc=0000000082f15a6a]
[c=7292000000 pc=0000000082ed2a30]
[c=7293000000 pc=0000000082ed2a2a]
[c=7294000000 pc=0000000082f15a5e]
[c=7295000000 pc=0000000082ed2a34]
[c=7296000000 pc=0000000082ed2a30]
[c=7297000000 pc=0000000082f15a4a]
[c=7298000000 pc=0000000082f15a4a]
[c=7299000000 pc=0000000082ed2a2a]
[c=7300000000 pc=0000000082ed2a30]
[c=7301000000 pc=0000000082f15a5e]
[c=7302000000 pc=0000000082f15a5e]
[c=7303000000 pc=0000000082ed2a30]
[c=7304000000 pc=0000000082ed2a30]
[c=7305000000 pc=0000000082f15a4a]
[c=7306000000 pc=0000000082f15a4e]
[c=7307000000 pc=0000000082ed2a30]
[c=7308000000 pc=0000000082ed2a34]
[c=7309000000 pc=0000000082f15a52]
[c=7310000000 pc=0000000082ed2a30]
[c=7311000000 pc=0000000082ed2a30]
[c=7312000000 pc=0000000082f15a58]
[c=7313000000 pc=0000000082f15a58]
[c=7314000000 pc=0000000082ed2a30]
[c=7315000000 pc=0000000082ed2a30]
[c=7316000000 pc=0000000082f15a58]
[c=7317000000 pc=0000000082f15a5e]
[c=7318000000 pc=0000000082ed2a30]
[c=7319000000 pc=0000000082ed2a30]
[c=7320000000 pc=0000000082f15a66]
[c=7321000000 pc=0000000082f15a66]
[c=7322000000 pc=0000000082ed2a30]
[c=7323000000 pc=0000000082ed2a30]
[c=7324000000 pc=0000000082f15a5e]
[c=7325000000 pc=0000000082ed2a30]
[c=7326000000 pc=0000000082ed2a30]
[c=7327000000 pc=0000000082f15a52]
[c=7328000000 pc=0000000082f15a52]
[c=7329000000 pc=0000000082ed2a2a]
[c=7330000000 pc=0000000082ed2a34]
[c=7331000000 pc=0000000082f15a4a]
[c=7332000000 pc=0000000082f15a4a]
[c=7333000000 pc=0000000082ed2a34]
[c=7334000000 pc=0000000082ed2a30]
[c=7335000000 pc=0000000082f15a66]
[c=7336000000 pc=0000000082f15a6a]
[c=7337000000 pc=0000000082ed2a30]
[c=7338000000 pc=0000000082ed2a30]
[c=7339000000 pc=0000000082f15a4a]
[c=7340000000 pc=0000000082ed2a30]
[c=7341000000 pc=0000000082ed2a30]
[c=7342000000 pc=0000000082f15a4a]
[c=7343000000 pc=0000000082f15a4a]
[c=7344000000 pc=0000000082ed2a30]
[c=7345000000 pc=0000000082ed2a30]
[c=7346000000 pc=0000000082f15a66]
[c=7347000000 pc=0000000082f15a6a]
[c=7348000000 pc=0000000082ed2a30]
[c=7349000000 pc=0000000082ed2a30]
[c=7350000000 pc=0000000082f15a5e]
[c=7351000000 pc=0000000082f15a5e]
[c=7352000000 pc=0000000082ed2a30]
[c=7353000000 pc=0000000082ed2a30]
[c=7354000000 pc=0000000082f15a6a]
[c=7355000000 pc=0000000082ed2a34]
[c=7356000000 pc=0000000082ed2a30]
[c=7357000000 pc=0000000082f15a52]
[c=7358000000 pc=0000000082f15a58]
[c=7359000000 pc=0000000082ed2a30]
[c=7360000000 pc=0000000082ed2a30]
[c=7361000000 pc=0000000082f15a58]
[c=7362000000 pc=0000000082f15a58]
[c=7363000000 pc=0000000082ed2a30]
[c=7364000000 pc=0000000082ed2a34]
[c=7365000000 pc=0000000082f15a6a]
[c=7366000000 pc=0000000082f15a6a]
[c=7367000000 pc=0000000082ed2a34]
[c=7368000000 pc=0000000082ed2a30]
[c=7369000000 pc=0000000082f15a52]
[c=7370000000 pc=0000000082ed2a30]
[c=7371000000 pc=0000000082ed2a30]
[c=7372000000 pc=0000000082f15a5e]
[c=7373000000 pc=0000000082f15a5e]
[c=7374000000 pc=0000000082ed2a30]
[c=7375000000 pc=0000000082ed2a30]
[c=7376000000 pc=0000000082f15a66]
[c=7377000000 pc=0000000082f15a66]
[c=7378000000 pc=0000000082ed2a30]
[c=7379000000 pc=0000000082ed2a34]
[c=7380000000 pc=0000000082f15a5e]
[c=7381000000 pc=0000000082f15a5e]
[c=7382000000 pc=0000000082ed2a30]
[c=7383000000 pc=0000000082ed2a30]
[c=7384000000 pc=0000000082f15a5e]
[c=7385000000 pc=0000000082ed2a30]
[c=7386000000 pc=0000000082ed2a34]
[c=7387000000 pc=0000000082f15a52]
[c=7388000000 pc=0000000082f15a58]
[c=7389000000 pc=0000000082ed2a34]
[c=7390000000 pc=0000000082ed2a30]
[c=7391000000 pc=0000000082f15a5e]
[c=7392000000 pc=0000000082f15a66]
[c=7393000000 pc=0000000082ed2a34]
[c=7394000000 pc=0000000082ed2a30]
[c=7395000000 pc=0000000082f15a4e]
[c=7396000000 pc=0000000082f15a4e]
[c=7397000000 pc=0000000082ed2a30]
[c=7398000000 pc=0000000082ed2a30]
[c=7399000000 pc=0000000082f15a58]
[c=7400000000 pc=0000000082ed2a34]
[c=7401000000 pc=0000000082ed2a30]
[c=7402000000 pc=0000000082f15a5e]
[c=7403000000 pc=0000000082f15a5e]
[c=7404000000 pc=0000000082ed2a30]
[c=7405000000 pc=0000000082ed2a30]
[c=7406000000 pc=0000000082f15a58]
[c=7407000000 pc=0000000082f15a58]
[c=7408000000 pc=0000000082ed2a2a]
[c=7409000000 pc=0000000082ed2a30]
[c=7410000000 pc=0000000082f15a52]
[c=7411000000 pc=0000000082f15a52]
[c=7412000000 pc=0000000082ed2a30]
[c=7413000000 pc=0000000082ed2a30]
[c=7414000000 pc=0000000082f15a5e]
[c=7415000000 pc=0000000082ed2a30]
[c=7416000000 pc=0000000082ed2a30]
[c=7417000000 pc=0000000082f15a58]
[c=7418000000 pc=0000000082f15a58]
[c=7419000000 pc=0000000082ed2a30]
[c=7420000000 pc=0000000082ed2a34]
[c=7421000000 pc=0000000082f15a58]
[c=7422000000 pc=0000000082f15a58]
[c=7423000000 pc=0000000082ed2a34]
[c=7424000000 pc=0000000082ed2a34]
[c=7425000000 pc=0000000082f15a4e]
[c=7426000000 pc=0000000082f15a52]
[c=7427000000 pc=0000000082ed2a30]
[c=7428000000 pc=0000000082ed2a30]
[c=7429000000 pc=0000000082f15a4e]
[c=7430000000 pc=0000000082ed2a30]
[c=7431000000 pc=0000000082ed2a30]
[c=7432000000 pc=0000000082f15a4a]
[c=7433000000 pc=0000000082f15a4e]
[c=7434000000 pc=0000000082ed2a30]
[c=7435000000 pc=0000000082ed2a30]
[c=7436000000 pc=0000000082f15a58]
[c=7437000000 pc=0000000082f15a58]
[c=7438000000 pc=0000000082ed2a30]
[c=7439000000 pc=0000000082ed2a30]
[c=7440000000 pc=0000000082f15a66]
[c=7441000000 pc=0000000082f15a66]
[c=7442000000 pc=0000000082ed2a2a]
[c=7443000000 pc=0000000082ed2a30]
[c=7444000000 pc=0000000082f15a6a]
[c=7445000000 pc=0000000082ed2a30]
[c=7446000000 pc=0000000082ed2a30]
[c=7447000000 pc=0000000082f15a4e]
[c=7448000000 pc=0000000082f15a4e]
[c=7449000000 pc=0000000082ed2a30]
[c=7450000000 pc=0000000082ed2a30]
[c=7451000000 pc=0000000082f15a52]
[c=7452000000 pc=0000000082f15a52]
[c=7453000000 pc=0000000082ed2a30]
[c=7454000000 pc=0000000082ed2a30]
[c=7455000000 pc=0000000082f15a4e]
[c=7456000000 pc=0000000082f15a4e]
[c=7457000000 pc=0000000082ed2a30]
[c=7458000000 pc=0000000082ed2a2a]
[c=7459000000 pc=0000000082f15a66]
[c=7460000000 pc=0000000082ed2a30]
[c=7461000000 pc=0000000082ed2a30]
[c=7462000000 pc=0000000082f15a66]
[c=7463000000 pc=0000000082f15a66]
[c=7464000000 pc=0000000082ed2a2a]
[c=7465000000 pc=0000000082ed2a30]
[c=7466000000 pc=0000000082f15a4e]
[c=7467000000 pc=0000000082f15a52]
[c=7468000000 pc=0000000082ed2a30]
[c=7469000000 pc=0000000082ed2a2a]
[c=7470000000 pc=0000000082f15a4e]
[c=7471000000 pc=0000000082f15a4e]
[c=7472000000 pc=0000000082ed2a30]
[c=7473000000 pc=0000000082ed2a30]
[c=7474000000 pc=0000000082f15a4e]
[c=7475000000 pc=0000000082ed2a30]
[c=7476000000 pc=0000000082ed2a30]
[c=7477000000 pc=0000000082f15a4a]
[c=7478000000 pc=0000000082f15a58]
[c=7479000000 pc=0000000082ed2a34]
[c=7480000000 pc=0000000082ed2a30]
[c=7481000000 pc=0000000082f15a4e]
[c=7482000000 pc=0000000082f15a52]
[c=7483000000 pc=0000000082ed2a30]
[c=7484000000 pc=0000000082ed2a30]
[c=7485000000 pc=0000000082f15a58]
[c=7486000000 pc=0000000082f15a58]
[c=7487000000 pc=0000000082ed2a30]
[c=7488000000 pc=0000000082ed2a30]
[c=7489000000 pc=0000000082f15a5e]
[c=7490000000 pc=0000000082ed2a30]
[c=7491000000 pc=0000000082ed2a34]
[c=7492000000 pc=0000000082f15a4e]
[c=7493000000 pc=0000000082f15a4e]
[c=7494000000 pc=0000000082ed2a34]
[c=7495000000 pc=0000000082ed2a30]
[c=7496000000 pc=0000000082f15a52]
[c=7497000000 pc=0000000082f15a58]
[c=7498000000 pc=0000000082ed2a30]
[c=7499000000 pc=0000000082ed2a34]
[c=7500000000 pc=0000000082f15a58]
[c=7501000000 pc=0000000082f15a5e]
[c=7502000000 pc=0000000082ed2a30]
[c=7503000000 pc=0000000082ed2a2a]
[c=7504000000 pc=0000000082f15a4e]
[c=7505000000 pc=0000000082ed2a30]
[c=7506000000 pc=0000000082ed2a30]
[c=7507000000 pc=0000000082f15a66]
[c=7508000000 pc=0000000082f15a6a]
[c=7509000000 pc=0000000082ed2a30]
[c=7510000000 pc=0000000082ed2a30]
[c=7511000000 pc=0000000082f15a4e]
[c=7512000000 pc=0000000082f15a4e]
[c=7513000000 pc=0000000082ed2a30]
[c=7514000000 pc=0000000082ed2a30]
[c=7515000000 pc=0000000082f15a66]
[c=7516000000 pc=0000000082f15a66]
[c=7517000000 pc=0000000082ed2a30]
[c=7518000000 pc=0000000082ed2a34]
[c=7519000000 pc=0000000082f15a66]
[c=7520000000 pc=0000000082ed2a30]
[c=7521000000 pc=0000000082ed2a30]
[c=7522000000 pc=0000000082f15a58]
[c=7523000000 pc=0000000082f15a58]
[c=7524000000 pc=0000000082ed2a30]
[c=7525000000 pc=0000000082ed2a30]
[c=7526000000 pc=0000000082f15a58]
[c=7527000000 pc=0000000082f15a58]
[c=7528000000 pc=0000000082ed2a34]
[c=7529000000 pc=0000000082ed2a30]
[c=7530000000 pc=0000000082f15a5e]
[c=7531000000 pc=0000000082f15a66]
[c=7532000000 pc=0000000082ed2a30]
[c=7533000000 pc=0000000082ed2a30]
[c=7534000000 pc=0000000082f15a5e]
[c=7535000000 pc=0000000082ed2a30]
[c=7536000000 pc=0000000082ed2a30]
[c=7537000000 pc=0000000082f15a52]
[c=7538000000 pc=0000000082f15a52]
[c=7539000000 pc=0000000082ed2a30]
[c=7540000000 pc=0000000082ed2a30]
[c=7541000000 pc=0000000082f15a5e]
[c=7542000000 pc=0000000082f15a6a]
[c=7543000000 pc=0000000082ed2a30]
[c=7544000000 pc=0000000082ed2a30]
[c=7545000000 pc=0000000082f15a52]
[c=7546000000 pc=0000000082f15a52]
[c=7547000000 pc=0000000082ed2a34]
[c=7548000000 pc=0000000082ed2a30]
[c=7549000000 pc=0000000082f15a4a]
[c=7550000000 pc=0000000082ed2a30]
[c=7551000000 pc=0000000082ed2a30]
[c=7552000000 pc=0000000082f15a5e]
[c=7553000000 pc=0000000082f15a6a]
[c=7554000000 pc=0000000082ed2a30]
[c=7555000000 pc=0000000082ed2a30]
[c=7556000000 pc=0000000082f15a66]
[c=7557000000 pc=0000000082f15a66]
[c=7558000000 pc=0000000082ed2a30]
[c=7559000000 pc=0000000082ed2a30]
[c=7560000000 pc=0000000082f15a58]
[c=7561000000 pc=0000000082f15a58]
[c=7562000000 pc=0000000082ed2a30]
[c=7563000000 pc=0000000082ed2a30]
[c=7564000000 pc=0000000082f15a6a]
[c=7565000000 pc=0000000082ed2a30]
[c=7566000000 pc=0000000082ed2a2a]
[c=7567000000 pc=0000000082f15a4e]
[c=7568000000 pc=0000000082f15a52]
[c=7569000000 pc=0000000082ed2a30]
[c=7570000000 pc=0000000082ed2a30]
[c=7571000000 pc=0000000082f15a5e]
[c=7572000000 pc=0000000082f15a5e]
[c=7573000000 pc=0000000082ed2a30]
[c=7574000000 pc=0000000082ed2a2a]
[c=7575000000 pc=0000000082f15a58]
[c=7576000000 pc=0000000082f15a5e]
[c=7577000000 pc=0000000082ed2a30]
[c=7578000000 pc=0000000082ed2a30]
[c=7579000000 pc=0000000082f15a58]
[c=7580000000 pc=0000000082ed2a30]
[c=7581000000 pc=0000000082ed2a30]
[c=7582000000 pc=0000000082f15a6a]
[c=7583000000 pc=0000000082f15a4a]
[c=7584000000 pc=0000000082ed2a30]
[c=7585000000 pc=0000000082ed2a30]
[c=7586000000 pc=0000000082f15a58]
[c=7587000000 pc=0000000082f15a58]
[c=7588000000 pc=0000000082ed2a30]
[c=7589000000 pc=0000000082ed2a30]
[c=7590000000 pc=0000000082f15a66]
[c=7591000000 pc=0000000082f15a66]
[c=7592000000 pc=0000000082ed2a34]
[c=7593000000 pc=0000000082ed2a34]
[c=7594000000 pc=0000000082f15a66]
[c=7595000000 pc=0000000082ed2a30]
[c=7596000000 pc=0000000082ed2a30]
[c=7597000000 pc=0000000082f15a5e]
[c=7598000000 pc=0000000082f15a5e]
[c=7599000000 pc=0000000082ed2a30]
[c=7600000000 pc=0000000082ed2a30]
[c=7601000000 pc=0000000082f15a4a]
[c=7602000000 pc=0000000082f15a4e]
[c=7603000000 pc=0000000082ed2a30]
[c=7604000000 pc=0000000082ed2a30]
[c=7605000000 pc=0000000082f15a4a]
[c=7606000000 pc=0000000082f15a58]
[c=7607000000 pc=0000000082ed2a30]
[c=7608000000 pc=0000000082ed2a30]
[c=7609000000 pc=0000000082f15a66]
[c=7610000000 pc=0000000082ed2a2a]
[c=7611000000 pc=0000000082ed2a30]
[c=7612000000 pc=0000000082f15a4a]
[c=7613000000 pc=0000000082f15a4a]
[c=7614000000 pc=0000000082ed2a30]
[c=7615000000 pc=0000000082ed2a30]
[c=7616000000 pc=0000000082f15a66]
[c=7617000000 pc=0000000082f15a58]
[c=7618000000 pc=0000000082ed2a30]
[c=7619000000 pc=0000000082ed2a30]
[c=7620000000 pc=0000000082f15a6a]
[c=7621000000 pc=0000000082f15a6a]
[c=7622000000 pc=0000000082ed2a30]
[c=7623000000 pc=0000000082ed2a30]
[c=7624000000 pc=0000000082f15a5e]
[c=7625000000 pc=0000000082ed2a30]
[c=7626000000 pc=0000000082ed2a30]
[c=7627000000 pc=0000000082f15a66]
[c=7628000000 pc=0000000082f15a66]
[c=7629000000 pc=0000000082ed2a30]
[c=7630000000 pc=0000000082ed2a30]
[c=7631000000 pc=0000000082f15a4e]
[c=7632000000 pc=0000000082f15a4e]
[c=7633000000 pc=0000000082ed2a30]
[c=7634000000 pc=0000000082ed2a34]
[c=7635000000 pc=0000000082f15a6a]
[c=7636000000 pc=0000000082f15a6a]
[c=7637000000 pc=0000000082ed2a30]
[c=7638000000 pc=0000000082ed2a30]
[c=7639000000 pc=0000000082f15a58]
[c=7640000000 pc=0000000082ed2a30]
[c=7641000000 pc=0000000082ed2a34]
[c=7642000000 pc=0000000082f15a58]
[c=7643000000 pc=0000000082f15a58]
[c=7644000000 pc=0000000082ed2a30]
[c=7645000000 pc=0000000082ed2a34]
[c=7646000000 pc=0000000082f15a66]
[c=7647000000 pc=0000000082f15a66]
[c=7648000000 pc=0000000082ed2a30]
[c=7649000000 pc=0000000082ed2a30]
[c=7650000000 pc=0000000082f15a4a]
[c=7651000000 pc=0000000082f15a4a]
[c=7652000000 pc=0000000082ed2a30]
[c=7653000000 pc=0000000082ed2a34]
[c=7654000000 pc=0000000082f15a66]
[c=7655000000 pc=0000000082ed2a30]
[c=7656000000 pc=0000000082ed2a34]
[c=7657000000 pc=0000000082f15a4e]
[c=7658000000 pc=0000000082f15a4e]
[c=7659000000 pc=0000000082ed2a30]
[c=7660000000 pc=0000000082ed2a2a]
[c=7661000000 pc=0000000082f15a58]
[c=7662000000 pc=0000000082f15a5e]
[c=7663000000 pc=0000000082ed2a30]
[c=7664000000 pc=0000000082ed2a2a]
[c=7665000000 pc=0000000082f15a52]
[c=7666000000 pc=0000000082f15a52]
[c=7667000000 pc=0000000082ed2a30]
[c=7668000000 pc=000000008076d162]
[c=7669000000 pc=0000000082f15a4e]
[c=7670000000 pc=0000000082ed2a30]
[c=7671000000 pc=0000000082ed2a34]
[c=7672000000 pc=0000000082f15a66]
[c=7673000000 pc=0000000082f15a66]
[c=7674000000 pc=0000000082ed2a30]
[c=7675000000 pc=0000000082ed2a30]
[c=7676000000 pc=0000000082f15a4a]
[c=7677000000 pc=0000000082f15a4a]
[c=7678000000 pc=0000000082ed2a30]
[c=7679000000 pc=0000000082ed2a34]
[c=7680000000 pc=0000000082f15a58]
[c=7681000000 pc=0000000082f15a58]
[c=7682000000 pc=0000000082ed2a30]
[c=7683000000 pc=0000000080013b7e]
[c=7684000000 pc=0000000082f15a5e]
[c=7685000000 pc=0000000082ed2a30]
[c=7686000000 pc=0000000082ed2a30]
[c=7687000000 pc=0000000082f15a5e]
[c=7688000000 pc=0000000082f15a66]
[c=7689000000 pc=0000000082ed2a30]
[c=7690000000 pc=0000000082ed2a34]
[c=7691000000 pc=0000000082f15a4e]
[c=7692000000 pc=0000000082f15a5e]
[c=7693000000 pc=0000000082ed2a30]
[c=7694000000 pc=0000000082ed2a30]
[c=7695000000 pc=0000000082f15a58]
[c=7696000000 pc=0000000082f15a58]
[c=7697000000 pc=0000000082ed2a30]
[c=7698000000 pc=000000008024392e]
[c=7699000000 pc=0000000082f15a58]
[c=7700000000 pc=0000000082ed2a30]
[c=7701000000 pc=0000000082ed2a2a]
[c=7702000000 pc=0000000082f15a58]
[c=7703000000 pc=0000000082f15a5e]
[c=7704000000 pc=0000000082ed2a30]
[c=7705000000 pc=0000000082ed2a2a]
[c=7706000000 pc=0000000082f15a4e]
[c=7707000000 pc=0000000082f15a4e]
[c=7708000000 pc=0000000082ed2a34]
[c=7709000000 pc=0000000082ed2a30]
[c=7710000000 pc=0000000082f15a6a]
[c=7711000000 pc=0000000082f15a6a]
[c=7712000000 pc=0000000082ed2a30]
[c=7713000000 pc=0000000080275c1c]
[c=7714000000 pc=0000000082f15a52]
[c=7715000000 pc=0000000082ed2a34]
[c=7716000000 pc=0000000082ed2a30]
[c=7717000000 pc=0000000082f15a52]
[c=7718000000 pc=0000000082f15a52]
[c=7719000000 pc=0000000082ed2a30]
[c=7720000000 pc=0000000082ed2a30]
[c=7721000000 pc=0000000082f15a5e]
[c=7722000000 pc=0000000082f15a5e]
[c=7723000000 pc=0000000082ed2a30]
[c=7724000000 pc=0000000082ed2a30]
[c=7725000000 pc=0000000082f15a58]
[c=7726000000 pc=0000000082f15a5e]
[c=7727000000 pc=0000000082ed2a30]
[c=7728000000 pc=000000008023ae3c]
[c=7729000000 pc=0000000082f15a5e]
[c=7730000000 pc=0000000082ed2a30]
[c=7731000000 pc=0000000082ed2a30]
[c=7732000000 pc=0000000082f15a58]
[c=7733000000 pc=0000000082f15a5e]
[c=7734000000 pc=0000000082ed2a30]
[c=7735000000 pc=0000000082ed2a30]
[c=7736000000 pc=0000000082f15a4a]
[c=7737000000 pc=0000000082f15a4a]
[c=7738000000 pc=0000000082ed2a30]
[c=7739000000 pc=0000000082ed2a30]
[c=7740000000 pc=0000000082f15a4e]
[c=7741000000 pc=0000000082f15a4e]
[c=7742000000 pc=0000000082ed2a30]
[c=7743000000 pc=0000000080242b36]
[c=7744000000 pc=0000000082f15a6a]
[c=7745000000 pc=0000000082ed2a34]
[c=7746000000 pc=0000000082ed2a34]
[c=7747000000 pc=0000000082f15a4a]
[c=7748000000 pc=0000000082f15a4a]
[c=7749000000 pc=0000000082ed2a30]
[c=7750000000 pc=0000000082ed2a34]
[c=7751000000 pc=0000000082f15a4a]
[c=7752000000 pc=0000000082f15a4e]
[c=7753000000 pc=0000000082ed2a30]
[c=7754000000 pc=0000000082ed2a30]
[c=7755000000 pc=0000000082f15a52]
[c=7756000000 pc=0000000082f15a66]
[c=7757000000 pc=0000000082ed2a30]
[c=7758000000 pc=0000000080774c38]
[c=7759000000 pc=0000000082f15a52]
[c=7760000000 pc=0000000082ed2a30]
[c=7761000000 pc=0000000082ed2a30]
[c=7762000000 pc=0000000082f15a5e]
[c=7763000000 pc=0000000082f15a5e]
[c=7764000000 pc=0000000082ed2a30]
[c=7765000000 pc=0000000082ed2a34]
[c=7766000000 pc=0000000082f15a58]
[c=7767000000 pc=0000000082f15a58]
[c=7768000000 pc=0000000082ed2a30]
[c=7769000000 pc=0000000082ed2a30]
[c=7770000000 pc=0000000082f15a58]
[c=7771000000 pc=0000000082f15a58]
[c=7772000000 pc=0000000082ed2a30]
[c=7773000000 pc=0000000080276160]
[c=7774000000 pc=0000000082f15a6a]
[c=7775000000 pc=0000000082ed2a30]
[c=7776000000 pc=0000000082ed2a30]
[c=7777000000 pc=0000000082f15a66]
[c=7778000000 pc=0000000082f15a66]
[c=7779000000 pc=0000000082ed2a34]
[c=7780000000 pc=0000000082ed2a30]
[c=7781000000 pc=0000000082f15a58]
[c=7782000000 pc=0000000082f15a58]
[c=7783000000 pc=0000000082ed2a30]
[c=7784000000 pc=0000000082ed2a30]
[c=7785000000 pc=0000000082f15a52]
[c=7786000000 pc=0000000082f15a52]
[c=7787000000 pc=0000000082ed2a30]
[c=7788000000 pc=0000000080013b9e]
[c=7789000000 pc=0000000082f15a5e]
[c=7790000000 pc=0000000082ed2a30]
[c=7791000000 pc=0000000082ed2a2a]
[c=7792000000 pc=0000000082f15a4e]
[c=7793000000 pc=0000000082f15a52]
[c=7794000000 pc=0000000082ed2a30]
[c=7795000000 pc=0000000082ed2a30]
[c=7796000000 pc=0000000082f15a6a]
[c=7797000000 pc=0000000082f15a6a]
[c=7798000000 pc=0000000082ed2a34]
[c=7799000000 pc=0000000082ed2a30]
[c=7800000000 pc=0000000082f15a52]
[c=7801000000 pc=0000000082f15a52]
[c=7802000000 pc=0000000082ed2a30]
[c=7803000000 pc=0000000082f15a5e]
[c=7804000000 pc=0000000082f15a5e]
[c=7805000000 pc=0000000082ed2a30]
[c=7806000000 pc=0000000082ed2a30]
[c=7807000000 pc=0000000082f15a6a]
[c=7808000000 pc=0000000082f15a6a]
[c=7809000000 pc=0000000082ed2a34]
[c=7810000000 pc=0000000082ed2a30]
[c=7811000000 pc=0000000082f15a66]
[c=7812000000 pc=0000000082f15a66]
[c=7813000000 pc=0000000082ed2a34]
[c=7814000000 pc=0000000082ed2a30]
[c=7815000000 pc=0000000082f15a52]
[c=7816000000 pc=0000000082f15a58]
[c=7817000000 pc=0000000082ed2a30]
[c=7818000000 pc=0000000082f15a66]
[c=7819000000 pc=0000000082f15a66]
[c=7820000000 pc=0000000082ed2a30]
[c=7821000000 pc=0000000082ed2a30]
[c=7822000000 pc=0000000082f15a5e]
[c=7823000000 pc=0000000082f15a5e]
[c=7824000000 pc=0000000082ed2a34]
[c=7825000000 pc=0000000082ed2a30]
[c=7826000000 pc=0000000082f15a66]
[c=7827000000 pc=0000000082f15a6a]
[c=7828000000 pc=0000000082ed2a30]
[c=7829000000 pc=0000000082ed2a30]
[c=7830000000 pc=0000000082f15a66]
[c=7831000000 pc=0000000082f15a66]
[c=7832000000 pc=0000000082ed2a30]
[c=7833000000 pc=0000000082f15a52]
[c=7834000000 pc=0000000082f15a52]
[c=7835000000 pc=0000000082ed2a30]
[c=7836000000 pc=0000000082ed2a30]
[c=7837000000 pc=0000000082f15a4a]
[c=7838000000 pc=0000000082f15a4a]
[c=7839000000 pc=0000000082ed2a30]
[c=7840000000 pc=0000000082ed2a30]
[c=7841000000 pc=0000000082f15a66]
[c=7842000000 pc=0000000082f15a6a]
[c=7843000000 pc=0000000082ed2a30]
[c=7844000000 pc=0000000082ed2a2a]
[c=7845000000 pc=0000000082f15a52]
[c=7846000000 pc=0000000082f15a52]
[c=7847000000 pc=0000000082ed2a30]
[c=7848000000 pc=0000000082f15a66]
[c=7849000000 pc=0000000082f15a66]
[c=7850000000 pc=0000000082ed2a2a]
[c=7851000000 pc=0000000082ed2a30]
[c=7852000000 pc=0000000082f15a6a]
[c=7853000000 pc=0000000082f15a6a]
[c=7854000000 pc=0000000082ed2a34]
[c=7855000000 pc=0000000082ed2a30]
[c=7856000000 pc=0000000082f15a4a]
[c=7857000000 pc=0000000082f15a4a]
[c=7858000000 pc=0000000082ed2a30]
[c=7859000000 pc=0000000082ed2a30]
[c=7860000000 pc=0000000082f15a4a]
[c=7861000000 pc=0000000082f15a4a]
[c=7862000000 pc=0000000082ed2a30]
[c=7863000000 pc=0000000082f15a6a]
[c=7864000000 pc=0000000082f15a4a]
[c=7865000000 pc=0000000082ed2a30]
[c=7866000000 pc=0000000082ed2a34]
[c=7867000000 pc=0000000082f15a58]
[c=7868000000 pc=0000000082f15a58]
[c=7869000000 pc=0000000082ed2a30]
[c=7870000000 pc=0000000082ed2a30]
[c=7871000000 pc=0000000082f15a5e]
[c=7872000000 pc=0000000082f15a5e]
[c=7873000000 pc=0000000082ed2a30]
[c=7874000000 pc=0000000082ed2a30]
[c=7875000000 pc=0000000082f15a6a]
[c=7876000000 pc=0000000082f15a6a]
[c=7877000000 pc=0000000082ed2a30]
[c=7878000000 pc=0000000082f15a4a]
[c=7879000000 pc=0000000082f15a4e]
[c=7880000000 pc=0000000082ed2a30]
[c=7881000000 pc=0000000082ed2a30]
[c=7882000000 pc=0000000082f15a6a]
[c=7883000000 pc=0000000082f15a6a]
[c=7884000000 pc=0000000082ed2a30]
[c=7885000000 pc=0000000082ed2a30]
[c=7886000000 pc=0000000082f15a4a]
[c=7887000000 pc=0000000082f15a4a]
[c=7888000000 pc=0000000082ed2a30]
[c=7889000000 pc=0000000082ed2a30]
[c=7890000000 pc=0000000082f15a4e]
[c=7891000000 pc=0000000082f15a4e]
[c=7892000000 pc=0000000082ed2a34]
[c=7893000000 pc=0000000082f15a66]
[c=7894000000 pc=0000000082f15a66]
[c=7895000000 pc=0000000082ed2a30]
[c=7896000000 pc=0000000082ed2a30]
[c=7897000000 pc=0000000082f15a5e]
[c=7898000000 pc=0000000082f15a5e]
[c=7899000000 pc=0000000082ed2a30]
[c=7900000000 pc=0000000082ed2a30]
[c=7901000000 pc=0000000082f15a6a]
[c=7902000000 pc=0000000082f15a4a]
[c=7903000000 pc=0000000082ed2a30]
[c=7904000000 pc=0000000082ed2a34]
[c=7905000000 pc=0000000082f15a6a]
[c=7906000000 pc=0000000082f15a4a]
[c=7907000000 pc=0000000082ed2a30]
[c=7908000000 pc=0000000082f15a4e]
[c=7909000000 pc=0000000082f15a4e]
[c=7910000000 pc=0000000082ed2a30]
[c=7911000000 pc=0000000082ed2a34]
[c=7912000000 pc=0000000082f15a5e]
[c=7913000000 pc=0000000082f15a5e]
[c=7914000000 pc=0000000082ed2a30]
[c=7915000000 pc=0000000082ed2a30]
[c=7916000000 pc=0000000082f15a66]
[c=7917000000 pc=0000000082f15a66]
[c=7918000000 pc=0000000082ed2a34]
[c=7919000000 pc=0000000082ed2a34]
[c=7920000000 pc=0000000082f15a66]
[c=7921000000 pc=0000000082f15a6a]
[c=7922000000 pc=0000000082ed2a30]
[c=7923000000 pc=0000000082f15a66]
[c=7924000000 pc=0000000082f15a66]
[c=7925000000 pc=0000000082ed2a30]
[c=7926000000 pc=0000000082ed2a30]
[c=7927000000 pc=0000000082f15a66]
[c=7928000000 pc=0000000082f15a66]
[c=7929000000 pc=0000000082ed2a34]
[c=7930000000 pc=0000000082ed2a30]
[c=7931000000 pc=0000000082f15a52]
[c=7932000000 pc=0000000082f15a52]
[c=7933000000 pc=0000000082ed2a30]
[c=7934000000 pc=0000000082ed2a30]
[c=7935000000 pc=0000000082f15a58]
[c=7936000000 pc=0000000082f15a58]
[c=7937000000 pc=0000000082ed2a30]
[c=7938000000 pc=0000000082f15a52]
[c=7939000000 pc=0000000082f15a52]
[c=7940000000 pc=0000000082ed2a30]
[c=7941000000 pc=0000000082ed2a30]
[c=7942000000 pc=0000000082f15a4e]
[c=7943000000 pc=0000000082f15a4e]
[c=7944000000 pc=0000000082ed2a30]
[c=7945000000 pc=0000000082ed2a30]
[c=7946000000 pc=0000000082f15a58]
[c=7947000000 pc=0000000082f15a5e]
[c=7948000000 pc=0000000082ed2a30]
[c=7949000000 pc=0000000082ed2a30]
[c=7950000000 pc=0000000082f15a5e]
[c=7951000000 pc=0000000082f15a5e]
[c=7952000000 pc=0000000082ed2a30]
[c=7953000000 pc=0000000082f15a66]
[c=7954000000 pc=0000000082f15a66]
[c=7955000000 pc=0000000082ed2a30]
[c=7956000000 pc=0000000082ed2a30]
[c=7957000000 pc=0000000082f15a4a]
[c=7958000000 pc=0000000082f15a58]
[c=7959000000 pc=0000000082ed2a30]
[c=7960000000 pc=0000000082ed2a30]
[c=7961000000 pc=0000000082f15a5e]
[c=7962000000 pc=0000000082f15a5e]
[c=7963000000 pc=0000000082ed2a30]
[c=7964000000 pc=0000000082ed2a34]
[c=7965000000 pc=0000000082f15a5e]
[c=7966000000 pc=0000000082f15a66]
[c=7967000000 pc=0000000082ed2a30]
[c=7968000000 pc=0000000082f15a6a]
[c=7969000000 pc=0000000082f15a58]
[c=7970000000 pc=0000000082ed2a30]
[c=7971000000 pc=0000000082ed2a30]
[c=7972000000 pc=0000000082f15a52]
[c=7973000000 pc=0000000082f15a52]
[c=7974000000 pc=0000000082ed2a30]
[c=7975000000 pc=0000000082ed2a34]
[c=7976000000 pc=0000000082f15a66]
[c=7977000000 pc=0000000082f15a6a]
[c=7978000000 pc=0000000082ed2a30]
[c=7979000000 pc=0000000082ed2a30]
[c=7980000000 pc=0000000082f15a52]
[c=7981000000 pc=0000000082f15a52]
[c=7982000000 pc=0000000082ed2a30]
[c=7983000000 pc=0000000082f15a52]
[c=7984000000 pc=0000000082f15a52]
[c=7985000000 pc=0000000082ed2a34]
[c=7986000000 pc=0000000082ed2a30]
[c=7987000000 pc=0000000082f15a52]
[c=7988000000 pc=0000000082f15a52]
[c=7989000000 pc=0000000082ed2a30]
[c=7990000000 pc=0000000082ed2a30]
[c=7991000000 pc=0000000082f15a52]
[c=7992000000 pc=0000000082f15a52]
[c=7993000000 pc=0000000082ed2a30]
[c=7994000000 pc=0000000082ed2a30]
[c=7995000000 pc=0000000082f15a6a]
[c=7996000000 pc=0000000082f15a6a]
[c=7997000000 pc=0000000082ed2a30]
[c=7998000000 pc=0000000082f15a52]
[c=7999000000 pc=0000000082f15a52]
[c=8000000000 pc=0000000082ed2a30]
[c=8001000000 pc=0000000082ed2a30]
[c=8002000000 pc=0000000082f15a4a]
[c=8003000000 pc=0000000082f15a4e]
[c=8004000000 pc=0000000082ed2a34]
[c=8005000000 pc=0000000082ed2a30]
[c=8006000000 pc=0000000082f15a4e]
[c=8007000000 pc=0000000082f15a4e]
[c=8008000000 pc=0000000082ed2a34]
[c=8009000000 pc=0000000082ed2a30]
[c=8010000000 pc=0000000082f15a5e]
[c=8011000000 pc=0000000082f15a5e]
[c=8012000000 pc=0000000082ed2a34]
[c=8013000000 pc=0000000082f15a6a]
[c=8014000000 pc=0000000082f15a4a]
[c=8015000000 pc=0000000082ed2a30]
[c=8016000000 pc=0000000082ed2a34]
[c=8017000000 pc=0000000082f15a5e]
[c=8018000000 pc=0000000082f15a5e]
[c=8019000000 pc=0000000082ed2a30]
[c=8020000000 pc=0000000082ed2a30]
[c=8021000000 pc=0000000082f15a52]
[c=8022000000 pc=0000000082f15a58]
[c=8023000000 pc=0000000082ed2a30]
[c=8024000000 pc=0000000082ed2a30]
[c=8025000000 pc=0000000082f15a4a]
[c=8026000000 pc=0000000082f15a4a]
[c=8027000000 pc=0000000082ed2a30]
[c=8028000000 pc=0000000082f15a4a]
[c=8029000000 pc=0000000082f15a4e]
[c=8030000000 pc=0000000082ed2a30]
[c=8031000000 pc=0000000082ed2a30]
[c=8032000000 pc=0000000082f15a52]
[c=8033000000 pc=0000000082f15a58]
[c=8034000000 pc=0000000082ed2a30]
[c=8035000000 pc=0000000082ed2a30]
[c=8036000000 pc=0000000082f15a4e]
[c=8037000000 pc=0000000082f15a4e]
[c=8038000000 pc=0000000082ed2a30]
[c=8039000000 pc=0000000082ed2a30]
[c=8040000000 pc=0000000082f15a4a]
[c=8041000000 pc=0000000082f15a4a]
[c=8042000000 pc=0000000082ed2a30]
[c=8043000000 pc=0000000082f15a58]
[c=8044000000 pc=0000000082f15a4a]
[c=8045000000 pc=0000000082ed2a30]
[c=8046000000 pc=0000000082ed2a30]
[c=8047000000 pc=0000000082f15a58]
[c=8048000000 pc=0000000082f15a58]
[c=8049000000 pc=0000000082ed2a2a]
[c=8050000000 pc=0000000082ed2a34]
[c=8051000000 pc=0000000082f15a66]
[c=8052000000 pc=0000000082f15a6a]
[c=8053000000 pc=0000000082ed2a34]
[c=8054000000 pc=0000000082ed2a30]
[c=8055000000 pc=0000000082f15a66]
[c=8056000000 pc=0000000082f15a66]
[c=8057000000 pc=0000000082ed2a30]
[c=8058000000 pc=0000000082f15a66]
[c=8059000000 pc=0000000082f15a66]
[c=8060000000 pc=0000000082ed2a30]
[c=8061000000 pc=0000000082ed2a30]
[c=8062000000 pc=0000000082f15a4e]
[c=8063000000 pc=0000000082f15a52]
[c=8064000000 pc=0000000082ed2a30]
[c=8065000000 pc=0000000082ed2a30]
[c=8066000000 pc=0000000082f15a58]
[c=8067000000 pc=0000000082f15a5e]
[c=8068000000 pc=0000000082ed2a30]
[c=8069000000 pc=0000000082ed2a30]
[c=8070000000 pc=0000000082f15a4e]
[c=8071000000 pc=0000000082f15a4e]
[c=8072000000 pc=0000000082ed2a30]
[c=8073000000 pc=0000000082f15a4e]
[c=8074000000 pc=0000000082f15a4e]
[c=8075000000 pc=0000000082ed2a34]
[c=8076000000 pc=0000000082ed2a30]
[c=8077000000 pc=0000000082f15a5e]
[c=8078000000 pc=0000000082f15a66]
[c=8079000000 pc=0000000082ed2a30]
[c=8080000000 pc=0000000082ed2a30]
[c=8081000000 pc=0000000082f15a5e]
[c=8082000000 pc=0000000082f15a66]
[c=8083000000 pc=0000000082ed2a30]
[c=8084000000 pc=0000000082ed2a30]
[c=8085000000 pc=0000000082f15a52]
[c=8086000000 pc=0000000082f15a4a]
[c=8087000000 pc=0000000082ed2a30]
[c=8088000000 pc=0000000082f15a52]
[c=8089000000 pc=0000000082f15a52]
[c=8090000000 pc=0000000082ed2a30]
[c=8091000000 pc=0000000082ed2a30]
[c=8092000000 pc=0000000082f15a5e]
[c=8093000000 pc=0000000082f15a66]
[c=8094000000 pc=0000000082ed2a30]
[c=8095000000 pc=0000000082ed2a34]
[c=8096000000 pc=0000000082f15a66]
[c=8097000000 pc=0000000082f15a4a]
[c=8098000000 pc=0000000082ed2a30]
[c=8099000000 pc=0000000082ed2a34]
[c=8100000000 pc=0000000082f15a58]
[c=8101000000 pc=0000000082f15a58]
[c=8102000000 pc=0000000082ed2a30]
[c=8103000000 pc=0000000082f15a4e]
[c=8104000000 pc=0000000082f15a4e]
[c=8105000000 pc=0000000082ed2a30]
[c=8106000000 pc=0000000082ed2a30]
[c=8107000000 pc=0000000082f15a5e]
[c=8108000000 pc=0000000082f15a66]
[c=8109000000 pc=0000000082ed2a30]
[c=8110000000 pc=0000000082ed2a30]
[c=8111000000 pc=0000000082f15a4a]
[c=8112000000 pc=0000000082f15a4a]
[c=8113000000 pc=0000000082ed2a30]
[c=8114000000 pc=0000000082ed2a34]
[c=8115000000 pc=0000000082f15a4e]
[c=8116000000 pc=0000000082f15a4e]
[c=8117000000 pc=0000000082ed2a30]
[c=8118000000 pc=0000000082f15a58]
[c=8119000000 pc=0000000082f15a58]
[c=8120000000 pc=0000000082ed2a2a]
[c=8121000000 pc=0000000082ed2a30]
[c=8122000000 pc=0000000082f15a6a]
[c=8123000000 pc=0000000082f15a6a]
[c=8124000000 pc=0000000082ed2a30]
[c=8125000000 pc=0000000082ed2a30]
[c=8126000000 pc=0000000082f15a6a]
[c=8127000000 pc=0000000082f15a6a]
[c=8128000000 pc=0000000082ed2a30]
[c=8129000000 pc=0000000082ed2a34]
[c=8130000000 pc=0000000082f15a58]
[c=8131000000 pc=0000000082f15a58]
[c=8132000000 pc=0000000082ed2a34]
[c=8133000000 pc=0000000082f15a66]
[c=8134000000 pc=0000000082f15a6a]
[c=8135000000 pc=0000000082ed2a30]
[c=8136000000 pc=0000000082ed2a34]
[c=8137000000 pc=0000000082f15a5e]
[c=8138000000 pc=0000000082f15a66]
[c=8139000000 pc=0000000082ed2a30]
[c=8140000000 pc=0000000082ed2a30]
[c=8141000000 pc=0000000082f15a66]
[c=8142000000 pc=0000000082f15a6a]
[c=8143000000 pc=0000000082ed2a30]
[c=8144000000 pc=0000000082ed2a30]
[c=8145000000 pc=0000000082f15a5e]
[c=8146000000 pc=0000000082f15a5e]
[c=8147000000 pc=0000000082ed2a30]
[c=8148000000 pc=0000000082f15a66]
[c=8149000000 pc=0000000082f15a6a]
[c=8150000000 pc=0000000082ed2a30]
[c=8151000000 pc=0000000082ed2a30]
[c=8152000000 pc=0000000082f15a58]
[c=8153000000 pc=0000000082f15a58]
[c=8154000000 pc=0000000082ed2a30]
[c=8155000000 pc=0000000082ed2a30]
[c=8156000000 pc=0000000082f15a66]
[c=8157000000 pc=0000000082f15a6a]
[c=8158000000 pc=0000000082ed2a30]
[c=8159000000 pc=0000000082ed2a34]
[c=8160000000 pc=0000000082f15a6a]
[c=8161000000 pc=0000000082f15a4a]
[c=8162000000 pc=0000000082ed2a34]
[c=8163000000 pc=0000000082f15a4a]
[c=8164000000 pc=0000000082f15a4e]
[c=8165000000 pc=0000000082ed2a30]
[c=8166000000 pc=0000000082ed2a30]
[c=8167000000 pc=0000000082f15a66]
[c=8168000000 pc=0000000082f15a6a]
[c=8169000000 pc=0000000082ed2a30]
[c=8170000000 pc=0000000082ed2a30]
[c=8171000000 pc=0000000082f15a5e]
[c=8172000000 pc=0000000082f15a58]
[c=8173000000 pc=0000000082ed2a30]
[c=8174000000 pc=0000000082ed2a30]
[c=8175000000 pc=0000000082f15a58]
[c=8176000000 pc=0000000082f15a58]
[c=8177000000 pc=0000000082ed2a30]
[c=8178000000 pc=0000000082f15a52]
[c=8179000000 pc=0000000082f15a58]
[c=8180000000 pc=0000000082ed2a34]
[c=8181000000 pc=0000000082ed2a30]
[c=8182000000 pc=0000000082f15a4a]
[c=8183000000 pc=0000000082f15a4a]
[c=8184000000 pc=0000000082ed2a30]
[c=8185000000 pc=0000000082ed2a34]
[c=8186000000 pc=0000000082f15a4a]
[c=8187000000 pc=0000000082f15a4e]
[c=8188000000 pc=0000000082ed2a2a]
[c=8189000000 pc=0000000082ed2a30]
[c=8190000000 pc=0000000082f15a52]
[c=8191000000 pc=0000000082f15a52]
[c=8192000000 pc=0000000082ed2a30]
[c=8193000000 pc=0000000082f15a58]
[c=8194000000 pc=0000000082f15a58]
[c=8195000000 pc=0000000082ed2a30]
[c=8196000000 pc=0000000082ed2a30]
[c=8197000000 pc=0000000082f15a4a]
[c=8198000000 pc=0000000082f15a4a]
[c=8199000000 pc=0000000082ed2a30]
[c=8200000000 pc=0000000082ed2a34]
[c=8201000000 pc=0000000082f15a4e]
[c=8202000000 pc=0000000082f15a52]
[c=8203000000 pc=0000000082ed2a30]
[c=8204000000 pc=0000000082ed2a30]
[c=8205000000 pc=0000000082f15a4e]
[c=8206000000 pc=0000000082f15a52]
[c=8207000000 pc=0000000082ed2a34]
[c=8208000000 pc=0000000082f15a6a]
[c=8209000000 pc=0000000082f15a6a]
[c=8210000000 pc=0000000082ed2a30]
[c=8211000000 pc=0000000082ed2a30]
[c=8212000000 pc=0000000082f15a4e]
[c=8213000000 pc=0000000082f15a4e]
[c=8214000000 pc=0000000082ed2a34]
[c=8215000000 pc=0000000082ed2a30]
[c=8216000000 pc=0000000082f15a6a]
[c=8217000000 pc=0000000082f15a6a]
[c=8218000000 pc=0000000082ed2a30]
[c=8219000000 pc=0000000082ed2a30]
[c=8220000000 pc=0000000082f15a58]
[c=8221000000 pc=0000000082f15a58]
[c=8222000000 pc=0000000082ed2a30]
[c=8223000000 pc=0000000082f15a66]
[c=8224000000 pc=0000000082f15a66]
[c=8225000000 pc=0000000082ed2a30]
[c=8226000000 pc=0000000082ed2a34]
[c=8227000000 pc=0000000082f15a5e]
[c=8228000000 pc=0000000082f15a66]
[c=8229000000 pc=0000000082ed2a30]
[c=8230000000 pc=0000000082ed2a30]
[c=8231000000 pc=0000000082f15a4e]
[c=8232000000 pc=0000000082f15a4e]
[c=8233000000 pc=0000000082ed2a30]
[c=8234000000 pc=0000000082ed2a30]
[c=8235000000 pc=0000000082f15a4a]
[c=8236000000 pc=0000000082f15a66]
[c=8237000000 pc=0000000082ed2a30]
[c=8238000000 pc=0000000082f15a4e]
[c=8239000000 pc=0000000082f15a4e]
[c=8240000000 pc=0000000082ed2a2a]
[c=8241000000 pc=0000000082ed2a30]
[c=8242000000 pc=0000000082f15a6a]
[c=8243000000 pc=0000000082f15a4a]
[c=8244000000 pc=0000000082ed2a30]
[c=8245000000 pc=0000000082ed2a34]
[c=8246000000 pc=0000000082f15a52]
[c=8247000000 pc=0000000082f15a58]
[c=8248000000 pc=0000000082ed2a30]
[c=8249000000 pc=0000000082ed2a30]
[c=8250000000 pc=0000000082f15a66]
[c=8251000000 pc=0000000082f15a66]
[c=8252000000 pc=0000000082ed2a30]
[c=8253000000 pc=0000000082f15a52]
[c=8254000000 pc=0000000082f15a58]
[c=8255000000 pc=0000000082ed2a30]
[c=8256000000 pc=0000000082ed2a30]
[c=8257000000 pc=0000000082f15a66]
[c=8258000000 pc=0000000082f15a6a]
[c=8259000000 pc=0000000082ed2a30]
[c=8260000000 pc=0000000082ed2a34]
[c=8261000000 pc=0000000082f15a52]
[c=8262000000 pc=0000000082f15a52]
[c=8263000000 pc=0000000082ed2a30]
[c=8264000000 pc=0000000082ed2a30]
[c=8265000000 pc=0000000082f15a6a]
[c=8266000000 pc=0000000082f15a4a]
[c=8267000000 pc=0000000082ed2a30]
[c=8268000000 pc=0000000082f15a6a]
[c=8269000000 pc=0000000082f15a6a]
[c=8270000000 pc=0000000082ed2a30]
[c=8271000000 pc=0000000082ed2a30]
[c=8272000000 pc=0000000082f15a5e]
[c=8273000000 pc=0000000082f15a5e]
[c=8274000000 pc=0000000082ed2a34]
[c=8275000000 pc=0000000082ed2a30]
[c=8276000000 pc=0000000082f15a6a]
[c=8277000000 pc=0000000082f15a4a]
[c=8278000000 pc=0000000082ed2a30]
[c=8279000000 pc=0000000082ed2a30]
[c=8280000000 pc=0000000082f15a5e]
[c=8281000000 pc=0000000082f15a66]
[c=8282000000 pc=0000000082ed2a30]
[c=8283000000 pc=0000000082f15a58]
[c=8284000000 pc=0000000082f15a58]
[c=8285000000 pc=0000000082ed2a30]
[c=8286000000 pc=0000000082ed2a30]
[c=8287000000 pc=0000000082f15a4a]
[c=8288000000 pc=0000000082f15a4a]
[c=8289000000 pc=0000000082ed2a34]
[c=8290000000 pc=0000000082ed2a30]
[c=8291000000 pc=0000000082f15a5e]
[c=8292000000 pc=0000000082f15a5e]
[c=8293000000 pc=0000000082ed2a34]
[c=8294000000 pc=0000000082ed2a30]
[c=8295000000 pc=0000000082f15a58]
[c=8296000000 pc=0000000082f15a58]
[c=8297000000 pc=0000000082ed2a30]
[c=8298000000 pc=0000000082f15a66]
[c=8299000000 pc=0000000082f15a66]
[c=8300000000 pc=0000000082ed2a30]
[c=8301000000 pc=0000000082ed2a30]
[c=8302000000 pc=0000000082f15a4e]
[c=8303000000 pc=0000000082f15a4e]
[c=8304000000 pc=0000000082ed2a30]
[c=8305000000 pc=0000000082ed2a30]
[c=8306000000 pc=0000000082f15a4a]
[c=8307000000 pc=0000000082f15a4a]
[c=8308000000 pc=0000000082ed2a30]
[c=8309000000 pc=0000000082ed2a30]
[c=8310000000 pc=0000000082f15a6a]
[c=8311000000 pc=0000000082f15a6a]
[c=8312000000 pc=0000000082ed2a34]
[c=8313000000 pc=0000000082f15a5e]
[c=8314000000 pc=0000000082f15a5e]
[c=8315000000 pc=0000000082ed2a30]
[c=8316000000 pc=0000000082ed2a30]
[c=8317000000 pc=0000000082f15a66]
[c=8318000000 pc=0000000082f15a66]
[c=8319000000 pc=0000000082ed2a30]
[c=8320000000 pc=0000000082ed2a30]
[c=8321000000 pc=0000000082f15a58]
[c=8322000000 pc=0000000082f15a58]
[c=8323000000 pc=0000000082ed2a30]
[c=8324000000 pc=0000000082ed2a30]
[c=8325000000 pc=0000000082f15a52]
[c=8326000000 pc=0000000082f15a52]
[c=8327000000 pc=0000000082ed2a34]
[c=8328000000 pc=0000000082f15a66]
[c=8329000000 pc=0000000082f15a66]
[c=8330000000 pc=0000000082ed2a30]
[c=8331000000 pc=0000000082ed2a30]
[c=8332000000 pc=0000000082f15a66]
[c=8333000000 pc=0000000082f15a6a]
[c=8334000000 pc=0000000082ed2a30]
[c=8335000000 pc=0000000082ed2a30]
[c=8336000000 pc=0000000082f15a58]
[c=8337000000 pc=0000000082f15a58]
[c=8338000000 pc=0000000082ed2a30]
[c=8339000000 pc=0000000082ed2a30]
[c=8340000000 pc=0000000082f15a6a]
[c=8341000000 pc=0000000082f15a6a]
[c=8342000000 pc=0000000082ed2a34]
[c=8343000000 pc=0000000082f15a58]
[c=8344000000 pc=0000000082f15a58]
[c=8345000000 pc=0000000082ed2a30]
[c=8346000000 pc=0000000082ed2a30]
[c=8347000000 pc=0000000082f15a4a]
[c=8348000000 pc=0000000082f15a4a]
[c=8349000000 pc=0000000082ed2a30]
[c=8350000000 pc=0000000082ed2a30]
[c=8351000000 pc=0000000082f15a4a]
[c=8352000000 pc=0000000082f15a4e]
[c=8353000000 pc=0000000082ed2a30]
[c=8354000000 pc=0000000082ed2a30]
[c=8355000000 pc=0000000082f15a66]
[c=8356000000 pc=0000000082f15a66]
[c=8357000000 pc=0000000082ed2a30]
[c=8358000000 pc=0000000082f15a52]
[c=8359000000 pc=0000000082f15a52]
[c=8360000000 pc=0000000082ed2a34]
[c=8361000000 pc=0000000082ed2a30]
[c=8362000000 pc=0000000082f15a6a]
[c=8363000000 pc=0000000082f15a4a]
[c=8364000000 pc=0000000082ed2a34]
[c=8365000000 pc=0000000082ed2a30]
[c=8366000000 pc=0000000082f15a6a]
[c=8367000000 pc=0000000082f15a6a]
[c=8368000000 pc=0000000082ed2a30]
[c=8369000000 pc=0000000082ed2a30]
[c=8370000000 pc=0000000082f15a52]
[c=8371000000 pc=0000000082f15a52]
[c=8372000000 pc=0000000082ed2a30]
[c=8373000000 pc=0000000082f15a66]
[c=8374000000 pc=0000000082f15a66]
[c=8375000000 pc=0000000082ed2a30]
[c=8376000000 pc=0000000082ed2a30]
[c=8377000000 pc=0000000082f15a4a]
[c=8378000000 pc=0000000082f15a4a]
[c=8379000000 pc=0000000082ed2a30]
[c=8380000000 pc=0000000082ed2a30]
[c=8381000000 pc=0000000082f15a5e]
[c=8382000000 pc=0000000082f15a66]
[c=8383000000 pc=0000000082ed2a30]
[c=8384000000 pc=0000000082ed2a30]
[c=8385000000 pc=0000000082f15a6a]
[c=8386000000 pc=0000000082f15a6a]
[c=8387000000 pc=0000000082ed2a30]
[c=8388000000 pc=0000000082f15a4e]
[c=8389000000 pc=0000000082f15a52]
[c=8390000000 pc=0000000082ed2a2a]
[c=8391000000 pc=0000000082ed2a30]
[c=8392000000 pc=0000000082f15a52]
[c=8393000000 pc=0000000082f15a52]
[c=8394000000 pc=0000000082ed2a30]
[c=8395000000 pc=0000000082ed2a30]
[c=8396000000 pc=0000000082f15a4e]
[c=8397000000 pc=0000000082f15a52]
[c=8398000000 pc=0000000082ed2a30]
[c=8399000000 pc=0000000082ed2a30]
[c=8400000000 pc=0000000082f15a4e]
[c=8401000000 pc=0000000082f15a4e]
[c=8402000000 pc=0000000082ed2a30]
[c=8403000000 pc=0000000082f15a4e]
[c=8404000000 pc=0000000082f15a4e]
[c=8405000000 pc=0000000082ed2a30]
[c=8406000000 pc=0000000082ed2a30]
[c=8407000000 pc=0000000082f15a4e]
[c=8408000000 pc=0000000082f15a52]
[c=8409000000 pc=0000000082ed2a30]
[c=8410000000 pc=0000000082ed2a2a]
[c=8411000000 pc=0000000082f15a6a]
[c=8412000000 pc=0000000082f15a6a]
[c=8413000000 pc=0000000082ed2a30]
[c=8414000000 pc=0000000082ed2a30]
[c=8415000000 pc=0000000082f15a6a]
[c=8416000000 pc=0000000082f15a4a]
[c=8417000000 pc=0000000082ed2a30]
[c=8418000000 pc=0000000082f15a52]
[c=8419000000 pc=0000000082f15a52]
[c=8420000000 pc=0000000082ed2a30]
[c=8421000000 pc=0000000082ed2a34]
[c=8422000000 pc=0000000082f15a4e]
[c=8423000000 pc=0000000082f15a4e]
[c=8424000000 pc=0000000082ed2a30]
[c=8425000000 pc=0000000082ed2a30]
[c=8426000000 pc=0000000082f15a58]
[c=8427000000 pc=0000000082f15a5e]
[c=8428000000 pc=0000000082ed2a30]
[c=8429000000 pc=0000000082ed2a30]
[c=8430000000 pc=0000000082f15a4e]
[c=8431000000 pc=0000000082f15a4e]
[c=8432000000 pc=0000000082ed2a30]
[c=8433000000 pc=0000000082f15a4a]
[c=8434000000 pc=0000000082f15a4a]
[c=8435000000 pc=0000000082ed2a30]
[c=8436000000 pc=0000000082ed2a30]
[c=8437000000 pc=0000000082f15a6a]
[c=8438000000 pc=0000000082f15a6a]
[c=8439000000 pc=0000000082ed2a30]
[c=8440000000 pc=0000000082ed2a30]
[c=8441000000 pc=0000000082f15a4e]
[c=8442000000 pc=0000000082f15a4e]
[c=8443000000 pc=0000000082ed2a30]
[c=8444000000 pc=0000000082ed2a30]
[c=8445000000 pc=0000000082f15a52]
[c=8446000000 pc=0000000082f15a58]
[c=8447000000 pc=0000000082ed2a34]
[c=8448000000 pc=0000000082f15a52]
[c=8449000000 pc=0000000082f15a66]
[c=8450000000 pc=0000000082ed2a30]
[c=8451000000 pc=0000000082ed2a30]
[c=8452000000 pc=0000000082f15a66]
[c=8453000000 pc=0000000082f15a66]
[c=8454000000 pc=0000000082ed2a30]
[c=8455000000 pc=0000000082ed2a34]
[c=8456000000 pc=0000000082f15a6a]
[c=8457000000 pc=0000000082f15a6a]
[c=8458000000 pc=0000000082ed2a30]
[c=8459000000 pc=0000000082ed2a30]
[c=8460000000 pc=0000000082f15a4e]
[c=8461000000 pc=0000000082f15a4e]
[c=8462000000 pc=0000000082ed2a30]
[c=8463000000 pc=0000000082f15a66]
[c=8464000000 pc=0000000082f15a66]
[c=8465000000 pc=0000000082ed2a30]
[c=8466000000 pc=0000000082ed2a30]
[c=8467000000 pc=0000000082f15a6a]
[c=8468000000 pc=0000000082f15a4a]
[c=8469000000 pc=0000000082ed2a30]
[c=8470000000 pc=0000000082ed2a34]
[c=8471000000 pc=0000000082f15a58]
[c=8472000000 pc=0000000082f15a58]
[c=8473000000 pc=0000000082ed2a30]
[c=8474000000 pc=0000000082ed2a30]
[c=8475000000 pc=0000000082f15a4a]
[c=8476000000 pc=0000000082f15a4a]
[c=8477000000 pc=0000000082ed2a30]
[c=8478000000 pc=0000000082f15a58]
[c=8479000000 pc=0000000082f15a5e]
[c=8480000000 pc=0000000082ed2a34]
[c=8481000000 pc=0000000082ed2a30]
[c=8482000000 pc=0000000082f15a6a]
[c=8483000000 pc=0000000082f15a4a]
[c=8484000000 pc=0000000082ed2a30]
[c=8485000000 pc=0000000082ed2a30]
[c=8486000000 pc=0000000082f15a52]
[c=8487000000 pc=0000000082f15a58]
[c=8488000000 pc=0000000082ed2a30]
[c=8489000000 pc=0000000082ed2a30]
[c=8490000000 pc=0000000082f15a4e]
[c=8491000000 pc=0000000082f15a4e]
[c=8492000000 pc=0000000082ed2a30]
[c=8493000000 pc=0000000082f15a52]
[c=8494000000 pc=0000000082f15a58]
[c=8495000000 pc=0000000082ed2a30]
[c=8496000000 pc=0000000082ed2a30]
[c=8497000000 pc=0000000082f15a52]
[c=8498000000 pc=0000000082f15a52]
[c=8499000000 pc=0000000082ed2a30]
[c=8500000000 pc=0000000082ed2a30]
[c=8501000000 pc=0000000082f15a5e]
[c=8502000000 pc=0000000082f15a66]
[c=8503000000 pc=0000000082ed2a30]
[c=8504000000 pc=0000000082ed2a30]
[c=8505000000 pc=0000000082f15a5e]
[c=8506000000 pc=0000000082f15a66]
[c=8507000000 pc=0000000082ed2a30]
[c=8508000000 pc=0000000082f15a52]
[c=8509000000 pc=0000000082f15a58]
[c=8510000000 pc=0000000082ed2a30]
[c=8511000000 pc=0000000082ed2a30]
[c=8512000000 pc=0000000082f15a4e]
[c=8513000000 pc=0000000082f15a4e]
[c=8514000000 pc=0000000082ed2a30]
[c=8515000000 pc=0000000082ed2a30]
[c=8516000000 pc=0000000082f15a4a]
[c=8517000000 pc=0000000082f15a4e]
[c=8518000000 pc=0000000082ed2a30]
[c=8519000000 pc=0000000082ed2a2a]
[c=8520000000 pc=0000000082f15a5e]
[c=8521000000 pc=0000000082f15a5e]
[c=8522000000 pc=0000000082ed2a30]
[c=8523000000 pc=0000000082f15a52]
[c=8524000000 pc=0000000082f15a6a]
[c=8525000000 pc=0000000082ed2a30]
[c=8526000000 pc=0000000082ed2a30]
[c=8527000000 pc=0000000082f15a6a]
[c=8528000000 pc=0000000082f15a4a]
[c=8529000000 pc=0000000082ed2a30]
[c=8530000000 pc=0000000082ed2a34]
[c=8531000000 pc=0000000082f15a4a]
[c=8532000000 pc=0000000082f15a4a]
[c=8533000000 pc=0000000082ed2a30]
[c=8534000000 pc=0000000082ed2a30]
[c=8535000000 pc=0000000082f15a58]
[c=8536000000 pc=0000000082f15a58]
[c=8537000000 pc=0000000082ed2a30]
[c=8538000000 pc=0000000082f15a6a]
[c=8539000000 pc=0000000082f15a6a]
[c=8540000000 pc=0000000082ed2a30]
[c=8541000000 pc=0000000082ed2a30]
[c=8542000000 pc=0000000082f15a4e]
[c=8543000000 pc=0000000082f15a4e]
[c=8544000000 pc=0000000082ed2a30]
[c=8545000000 pc=0000000082ed2a34]
[c=8546000000 pc=0000000082f15a6a]
[c=8547000000 pc=0000000082f15a6a]
[c=8548000000 pc=0000000082ed2a30]
[c=8549000000 pc=0000000082ed2a30]
[c=8550000000 pc=0000000082f15a66]
[c=8551000000 pc=0000000082f15a66]
[c=8552000000 pc=0000000082ed2a30]
[c=8553000000 pc=0000000082f15a52]
[c=8554000000 pc=0000000082f15a52]
[c=8555000000 pc=0000000082ed2a30]
[c=8556000000 pc=0000000082ed2a30]
[c=8557000000 pc=0000000082f15a4a]
[c=8558000000 pc=0000000082f15a4a]
[c=8559000000 pc=0000000082ed2a30]
[c=8560000000 pc=0000000082ed2a30]
[c=8561000000 pc=0000000082f15a66]
[c=8562000000 pc=0000000082f15a66]
[c=8563000000 pc=0000000082ed2a30]
[c=8564000000 pc=0000000082ed2a30]
[c=8565000000 pc=0000000082f15a66]
[c=8566000000 pc=0000000082f15a66]
[c=8567000000 pc=0000000082ed2a30]
[c=8568000000 pc=0000000082f15a52]
[c=8569000000 pc=0000000082f15a52]
[c=8570000000 pc=0000000082ed2a30]
[c=8571000000 pc=0000000082ed2a30]
[c=8572000000 pc=0000000082f15a5e]
[c=8573000000 pc=0000000082f15a66]
[c=8574000000 pc=0000000082ed2a30]
[c=8575000000 pc=0000000082ed2a34]
[c=8576000000 pc=0000000082f15a4a]
[c=8577000000 pc=0000000082f15a6a]
[c=8578000000 pc=0000000082ed2a30]
[c=8579000000 pc=0000000082ed2a30]
[c=8580000000 pc=0000000082f15a52]
[c=8581000000 pc=0000000082f15a52]
[c=8582000000 pc=0000000082ed2a2a]
[c=8583000000 pc=0000000082f15a66]
[c=8584000000 pc=0000000082f15a66]
[c=8585000000 pc=0000000082ed2a30]
[c=8586000000 pc=0000000082ed2a34]
[c=8587000000 pc=0000000082f15a4e]
[c=8588000000 pc=0000000082f15a4e]
[c=8589000000 pc=0000000082ed2a34]
[c=8590000000 pc=0000000082ed2a30]
[c=8591000000 pc=0000000082f15a52]
[c=8592000000 pc=0000000082f15a52]
[c=8593000000 pc=0000000082ed2a30]
[c=8594000000 pc=0000000082ed2a2a]
[c=8595000000 pc=0000000082f15a6a]
[c=8596000000 pc=0000000082f15a4a]
[c=8597000000 pc=0000000082ed2a30]
[c=8598000000 pc=0000000082f15a66]
[c=8599000000 pc=0000000082f15a66]
[c=8600000000 pc=0000000082ed2a30]
[c=8601000000 pc=0000000082ed2a30]
[c=8602000000 pc=0000000082f15a58]
[c=8603000000 pc=0000000082f15a58]
[c=8604000000 pc=0000000082ed2a30]
[c=8605000000 pc=0000000082ed2a30]
[c=8606000000 pc=0000000082f15a58]
[c=8607000000 pc=0000000082f15a58]
[c=8608000000 pc=0000000082ed2a30]
[c=8609000000 pc=0000000082ed2a30]
[c=8610000000 pc=0000000082f15a5e]
[c=8611000000 pc=0000000082f15a5e]
[c=8612000000 pc=0000000082ed2a30]
[c=8613000000 pc=0000000082f15a66]
[c=8614000000 pc=0000000082f15a66]
[c=8615000000 pc=0000000082ed2a30]
[c=8616000000 pc=0000000082ed2a30]
[c=8617000000 pc=0000000082f15a58]
[c=8618000000 pc=0000000082f15a5e]
[c=8619000000 pc=0000000082ed2a30]
[c=8620000000 pc=0000000082ed2a34]
[c=8621000000 pc=0000000082f15a6a]
[c=8622000000 pc=0000000082f15a4a]
[c=8623000000 pc=0000000082ed2a30]
[c=8624000000 pc=0000000082ed2a30]
[c=8625000000 pc=0000000082f15a66]
[c=8626000000 pc=0000000082f15a66]
[c=8627000000 pc=0000000082ed2a30]
[c=8628000000 pc=0000000082f15a4a]
[c=8629000000 pc=0000000082f15a4a]
[c=8630000000 pc=0000000082ed2a34]
[c=8631000000 pc=0000000082ed2a30]
[c=8632000000 pc=0000000082f15a4a]
[c=8633000000 pc=0000000082f15a4a]
[c=8634000000 pc=0000000082ed2a30]
[c=8635000000 pc=0000000082ed2a30]
[c=8636000000 pc=0000000082f15a6a]
[c=8637000000 pc=0000000082f15a6a]
[c=8638000000 pc=0000000082ed2a34]
[c=8639000000 pc=0000000082ed2a30]
[c=8640000000 pc=0000000082f15a6a]
[c=8641000000 pc=0000000082f15a4a]
[c=8642000000 pc=0000000082ed2a2a]
[c=8643000000 pc=0000000082f15a66]
[c=8644000000 pc=0000000082f15a6a]
[c=8645000000 pc=0000000082ed2a34]
[c=8646000000 pc=0000000082ed2a30]
[c=8647000000 pc=0000000082f15a6a]
[c=8648000000 pc=0000000082f15a6a]
[c=8649000000 pc=0000000082ed2a30]
[c=8650000000 pc=0000000082ed2a30]
[c=8651000000 pc=0000000082f15a52]
[c=8652000000 pc=0000000082f15a5e]
[c=8653000000 pc=0000000082ed2a30]
[c=8654000000 pc=0000000082ed2a30]
[c=8655000000 pc=0000000082f15a52]
[c=8656000000 pc=0000000082f15a52]
[c=8657000000 pc=0000000082ed2a30]
[c=8658000000 pc=0000000082f15a4a]
[c=8659000000 pc=0000000082f15a4e]
[c=8660000000 pc=0000000082ed2a30]
[c=8661000000 pc=0000000082ed2a30]
[c=8662000000 pc=0000000082f15a6a]
[c=8663000000 pc=0000000082f15a4a]
[c=8664000000 pc=0000000082ed2a2a]
[c=8665000000 pc=0000000082ed2a30]
[c=8666000000 pc=0000000082f15a66]
[c=8667000000 pc=0000000082f15a66]
[c=8668000000 pc=0000000082ed2a30]
[c=8669000000 pc=0000000082ed2a30]
[c=8670000000 pc=0000000082f15a5e]
[c=8671000000 pc=0000000082f15a5e]
[c=8672000000 pc=0000000082ed2a30]
[c=8673000000 pc=0000000082f15a6a]
[c=8674000000 pc=0000000082f15a6a]
[c=8675000000 pc=0000000082ed2a30]
[c=8676000000 pc=0000000082ed2a34]
[c=8677000000 pc=0000000082f15a5e]
[c=8678000000 pc=0000000082f15a5e]
[c=8679000000 pc=0000000082ed2a30]
[c=8680000000 pc=0000000082ed2a30]
[c=8681000000 pc=0000000082f15a66]
[c=8682000000 pc=0000000082f15a66]
[c=8683000000 pc=0000000082ed2a30]
[c=8684000000 pc=0000000082ed2a34]
[c=8685000000 pc=0000000082f15a52]
[c=8686000000 pc=0000000082f15a52]
[c=8687000000 pc=0000000082ed2a30]
[c=8688000000 pc=0000000082f15a66]
[c=8689000000 pc=0000000082f15a66]
[c=8690000000 pc=0000000082ed2a30]
[c=8691000000 pc=0000000082ed2a34]
[c=8692000000 pc=0000000082f15a52]
[c=8693000000 pc=0000000082f15a58]
[c=8694000000 pc=0000000082ed2a34]
[c=8695000000 pc=0000000082ed2a30]
[c=8696000000 pc=0000000082f15a58]
[c=8697000000 pc=0000000082f15a5e]
[c=8698000000 pc=0000000082ed2a30]
[c=8699000000 pc=0000000082ed2a30]
[c=8700000000 pc=0000000082f15a4a]
[c=8701000000 pc=0000000082f15a4e]
[c=8702000000 pc=0000000082ed2a30]
[c=8703000000 pc=0000000082f15a58]
[c=8704000000 pc=0000000082f15a58]
[c=8705000000 pc=0000000082ed2a34]
[c=8706000000 pc=0000000082ed2a30]
[c=8707000000 pc=0000000082f15a52]
[c=8708000000 pc=0000000082f15a52]
[c=8709000000 pc=0000000082ed2a30]
[c=8710000000 pc=0000000082ed2a30]
[c=8711000000 pc=0000000082f15a4e]
[c=8712000000 pc=0000000082f15a4e]
[c=8713000000 pc=0000000082ed2a30]
[c=8714000000 pc=0000000082ed2a30]
[c=8715000000 pc=0000000082f15a5e]
[c=8716000000 pc=0000000082f15a58]
[c=8717000000 pc=0000000082ed2a30]
[c=8718000000 pc=0000000082f15a52]
[c=8719000000 pc=0000000082f15a52]
[c=8720000000 pc=0000000082ed2a30]
[c=8721000000 pc=0000000082ed2a30]
[c=8722000000 pc=0000000082f15a5e]
[c=8723000000 pc=0000000082f15a5e]
[c=8724000000 pc=0000000082ed2a30]
[c=8725000000 pc=0000000082ed2a30]
[c=8726000000 pc=0000000082f15a52]
[c=8727000000 pc=0000000082f15a58]
[c=8728000000 pc=0000000082ed2a30]
[c=8729000000 pc=0000000082ed2a30]
[c=8730000000 pc=0000000082f15a4e]
[c=8731000000 pc=0000000082f15a4e]
[c=8732000000 pc=0000000082ed2a30]
[c=8733000000 pc=0000000082f15a4e]
[c=8734000000 pc=0000000082f15a4e]
[c=8735000000 pc=0000000082ed2a30]
[c=8736000000 pc=0000000082ed2a34]
[c=8737000000 pc=0000000082f15a4e]
[c=8738000000 pc=0000000082f15a4e]
[c=8739000000 pc=0000000082ed2a30]
[c=8740000000 pc=0000000082ed2a2a]
[c=8741000000 pc=0000000082f15a6a]
[c=8742000000 pc=0000000082f15a6a]
[c=8743000000 pc=0000000082ed2a30]
[c=8744000000 pc=0000000082ed2a34]
[c=8745000000 pc=0000000082f15a66]
[c=8746000000 pc=0000000082f15a66]
[c=8747000000 pc=0000000082ed2a30]
[c=8748000000 pc=0000000082f15a4a]
[c=8749000000 pc=0000000082f15a4a]
[c=8750000000 pc=0000000082ed2a30]
[c=8751000000 pc=0000000082ed2a30]
[c=8752000000 pc=0000000082f15a66]
[c=8753000000 pc=0000000082f15a66]
[c=8754000000 pc=0000000082ed2a34]
[c=8755000000 pc=0000000082ed2a30]
[c=8756000000 pc=0000000082f15a66]
[c=8757000000 pc=0000000082f15a6a]
[c=8758000000 pc=0000000082ed2a30]
[c=8759000000 pc=0000000082ed2a30]
[c=8760000000 pc=0000000082f15a58]
[c=8761000000 pc=0000000082f15a5e]
[c=8762000000 pc=0000000082ed2a30]
[c=8763000000 pc=0000000082f15a5e]
[c=8764000000 pc=0000000082f15a5e]
[c=8765000000 pc=0000000082ed2a30]
[c=8766000000 pc=0000000082ed2a30]
[c=8767000000 pc=0000000082f15a66]
[c=8768000000 pc=0000000082f15a66]
[c=8769000000 pc=0000000082ed2a30]
[c=8770000000 pc=0000000082ed2a30]
[c=8771000000 pc=0000000082f15a66]
[c=8772000000 pc=0000000082f15a66]
[c=8773000000 pc=0000000082ed2a34]
[c=8774000000 pc=0000000082ed2a30]
[c=8775000000 pc=0000000082f15a58]
[c=8776000000 pc=0000000082f15a58]
[c=8777000000 pc=0000000082ed2a30]
[c=8778000000 pc=0000000082f15a66]
[c=8779000000 pc=0000000082f15a66]
[c=8780000000 pc=0000000082ed2a30]
[c=8781000000 pc=0000000082ed2a34]
[c=8782000000 pc=0000000082f15a52]
[c=8783000000 pc=0000000082f15a58]
[c=8784000000 pc=0000000082ed2a30]
[c=8785000000 pc=0000000082ed2a34]
[c=8786000000 pc=0000000082f15a4e]
[c=8787000000 pc=0000000082f15a4e]
[c=8788000000 pc=0000000082ed2a30]
[c=8789000000 pc=0000000082ed2a30]
[c=8790000000 pc=0000000082f15a66]
[c=8791000000 pc=0000000082f15a6a]
[c=8792000000 pc=0000000082ed2a30]
[c=8793000000 pc=0000000082f15a6a]
[c=8794000000 pc=0000000082f15a6a]
[c=8795000000 pc=0000000082ed2a30]
[c=8796000000 pc=0000000082ed2a30]
[c=8797000000 pc=0000000082f15a52]
[c=8798000000 pc=0000000082f15a52]
[c=8799000000 pc=0000000082ed2a34]
[c=8800000000 pc=0000000082ed2a30]
[c=8801000000 pc=0000000082f15a58]
[c=8802000000 pc=0000000082f15a58]
[c=8803000000 pc=0000000082ed2a30]
[c=8804000000 pc=0000000082ed2a30]
[c=8805000000 pc=0000000082f15a4e]
[c=8806000000 pc=0000000082f15a52]
[c=8807000000 pc=0000000082ed2a2a]
[c=8808000000 pc=0000000082f15a4e]
[c=8809000000 pc=0000000082f15a4e]
[c=8810000000 pc=0000000082ed2a30]
[c=8811000000 pc=0000000082ed2a34]
[c=8812000000 pc=0000000082f15a58]
[c=8813000000 pc=0000000082f15a58]
[c=8814000000 pc=0000000082ed2a30]
[c=8815000000 pc=0000000082ed2a30]
[c=8816000000 pc=0000000082f15a58]
[c=8817000000 pc=0000000082f15a58]
[c=8818000000 pc=0000000082ed2a34]
[c=8819000000 pc=0000000082ed2a30]
[c=8820000000 pc=0000000082f15a58]
[c=8821000000 pc=0000000082f15a5e]
[c=8822000000 pc=0000000082ed2a30]
[c=8823000000 pc=0000000082f15a52]
[c=8824000000 pc=0000000082f15a58]
[c=8825000000 pc=0000000082ed2a34]
[c=8826000000 pc=0000000082ed2a30]
[c=8827000000 pc=0000000082f15a4e]
[c=8828000000 pc=0000000082f15a4e]
[c=8829000000 pc=0000000082ed2a34]
[c=8830000000 pc=0000000082ed2a30]
[c=8831000000 pc=0000000082f15a52]
[c=8832000000 pc=0000000082f15a58]
[c=8833000000 pc=0000000082ed2a30]
[c=8834000000 pc=0000000082ed2a30]
[c=8835000000 pc=0000000082f15a66]
[c=8836000000 pc=0000000082f15a66]
[c=8837000000 pc=0000000082ed2a30]
[c=8838000000 pc=0000000082f15a66]
[c=8839000000 pc=0000000082f15a66]
[c=8840000000 pc=0000000082ed2a30]
[c=8841000000 pc=0000000082ed2a34]
[c=8842000000 pc=0000000082f15a5e]
[c=8843000000 pc=0000000082f15a66]
[c=8844000000 pc=0000000082ed2a30]
[c=8845000000 pc=0000000082ed2a30]
[c=8846000000 pc=0000000082f15a4e]
[c=8847000000 pc=0000000082f15a52]
[c=8848000000 pc=0000000082ed2a30]
[c=8849000000 pc=0000000082ed2a30]
[c=8850000000 pc=0000000082f15a5e]
[c=8851000000 pc=0000000082f15a5e]
[c=8852000000 pc=0000000082ed2a30]
[c=8853000000 pc=0000000082f15a4a]
[c=8854000000 pc=0000000082f15a52]
[c=8855000000 pc=0000000082ed2a34]
[c=8856000000 pc=0000000082ed2a30]
[c=8857000000 pc=0000000082f15a52]
[c=8858000000 pc=0000000082f15a58]
[c=8859000000 pc=0000000082ed2a30]
[c=8860000000 pc=0000000082ed2a34]
[c=8861000000 pc=0000000082f15a58]
[c=8862000000 pc=0000000082f15a58]
[c=8863000000 pc=0000000082ed2a30]
[c=8864000000 pc=0000000082ed2a30]
[c=8865000000 pc=0000000082f15a52]
[c=8866000000 pc=0000000082f15a52]
[c=8867000000 pc=0000000082ed2a30]
[c=8868000000 pc=0000000082f15a4e]
[c=8869000000 pc=0000000082f15a4e]
[c=8870000000 pc=0000000082ed2a34]
[c=8871000000 pc=0000000082ed2a34]
[c=8872000000 pc=0000000082f15a4a]
[c=8873000000 pc=0000000082f15a4a]
[c=8874000000 pc=0000000082ed2a30]
[c=8875000000 pc=0000000082ed2a34]
[c=8876000000 pc=0000000082f15a6a]
[c=8877000000 pc=0000000082f15a6a]
[c=8878000000 pc=0000000082ed2a30]
[c=8879000000 pc=0000000082ed2a34]
[c=8880000000 pc=0000000082f15a4a]
[c=8881000000 pc=0000000082f15a4a]
[c=8882000000 pc=0000000082ed2a30]
[c=8883000000 pc=0000000082f15a6a]
[c=8884000000 pc=0000000082f15a6a]
[c=8885000000 pc=0000000082ed2a30]
[c=8886000000 pc=0000000082ed2a30]
[c=8887000000 pc=0000000082f15a5e]
[c=8888000000 pc=0000000082f15a5e]
[c=8889000000 pc=0000000082ed2a34]
[c=8890000000 pc=0000000082ed2a30]
[c=8891000000 pc=0000000082f15a6a]
[c=8892000000 pc=0000000082f15a6a]
[c=8893000000 pc=0000000082ed2a30]
[c=8894000000 pc=0000000082ed2a30]
[c=8895000000 pc=0000000082f15a4a]
[c=8896000000 pc=0000000082f15a4a]
[c=8897000000 pc=0000000082ed2a30]
[c=8898000000 pc=0000000082f15a6a]
[c=8899000000 pc=0000000082f15a6a]
[c=8900000000 pc=0000000082ed2a30]
[c=8901000000 pc=0000000082ed2a34]
[c=8902000000 pc=0000000082f15a52]
[c=8903000000 pc=0000000082f15a52]
[c=8904000000 pc=0000000082ed2a30]
[c=8905000000 pc=0000000082ed2a30]
[c=8906000000 pc=0000000082f15a52]
[c=8907000000 pc=0000000082f15a52]
[c=8908000000 pc=0000000082ed2a34]
[c=8909000000 pc=0000000082ed2a30]
[c=8910000000 pc=0000000082f15a52]
[c=8911000000 pc=0000000082f15a52]
[c=8912000000 pc=0000000082ed2a30]
[c=8913000000 pc=0000000082f15a58]
[c=8914000000 pc=0000000082f15a5e]
[c=8915000000 pc=0000000082ed2a30]
[c=8916000000 pc=0000000082ed2a34]
[c=8917000000 pc=0000000082f15a58]
[c=8918000000 pc=0000000082f15a4a]
[c=8919000000 pc=0000000082ed2a30]
[c=8920000000 pc=0000000082ed2a2a]
[c=8921000000 pc=0000000082f15a4e]
[c=8922000000 pc=0000000082f15a4e]
[c=8923000000 pc=0000000082ed2a34]
[c=8924000000 pc=0000000082ed2a30]
[c=8925000000 pc=0000000082f15a4e]
[c=8926000000 pc=0000000082f15a52]
[c=8927000000 pc=0000000082ed2a30]
[c=8928000000 pc=0000000082f15a6a]
[c=8929000000 pc=0000000082f15a66]
[c=8930000000 pc=0000000082ed2a34]
[c=8931000000 pc=0000000082ed2a2a]
[c=8932000000 pc=0000000082f15a5e]
[c=8933000000 pc=0000000082f15a5e]
[c=8934000000 pc=0000000082ed2a30]
[c=8935000000 pc=0000000082ed2a2a]
[c=8936000000 pc=0000000082f15a52]
[c=8937000000 pc=0000000082f15a52]
[c=8938000000 pc=0000000082ed2a30]
[c=8939000000 pc=0000000082ed2a30]
[c=8940000000 pc=0000000082f15a5e]
[c=8941000000 pc=0000000082f15a5e]
[c=8942000000 pc=0000000082ed2a30]
[c=8943000000 pc=0000000082f15a58]
[c=8944000000 pc=0000000082f15a58]
[c=8945000000 pc=0000000082ed2a30]
[c=8946000000 pc=0000000082ed2a30]
[c=8947000000 pc=0000000082f15a4a]
[c=8948000000 pc=0000000082f15a4e]
[c=8949000000 pc=0000000082ed2a30]
[c=8950000000 pc=0000000082ed2a30]
[c=8951000000 pc=0000000082f15a4a]
[c=8952000000 pc=0000000082f15a4a]
[c=8953000000 pc=0000000082ed2a30]
[c=8954000000 pc=0000000082ed2a34]
[c=8955000000 pc=0000000082f15a52]
[c=8956000000 pc=0000000082f15a52]
[c=8957000000 pc=0000000082ed2a34]
[c=8958000000 pc=0000000082f15a66]
[c=8959000000 pc=0000000082f15a66]
[c=8960000000 pc=0000000082ed2a30]
[c=8961000000 pc=0000000082ed2a30]
[c=8962000000 pc=0000000082f15a4a]
[c=8963000000 pc=0000000082f15a4a]
[c=8964000000 pc=0000000082ed2a30]
[c=8965000000 pc=0000000082ed2a30]
[c=8966000000 pc=0000000082f15a6a]
[c=8967000000 pc=0000000082f15a4a]
[c=8968000000 pc=0000000082ed2a30]
[c=8969000000 pc=0000000082ed2a30]
[c=8970000000 pc=0000000082f15a6a]
[c=8971000000 pc=0000000082f15a6a]
[c=8972000000 pc=0000000082ed2a30]
[c=8973000000 pc=0000000082f15a4e]
[c=8974000000 pc=0000000082f15a52]
[c=8975000000 pc=0000000082ed2a30]
[c=8976000000 pc=0000000082ed2a30]
[c=8977000000 pc=0000000082f15a5e]
[c=8978000000 pc=0000000082f15a5e]
[c=8979000000 pc=0000000082ed2a30]
[c=8980000000 pc=0000000082ed2a30]
[c=8981000000 pc=0000000082f15a58]
[c=8982000000 pc=0000000082f15a4a]
[c=8983000000 pc=0000000082ed2a30]
[c=8984000000 pc=0000000082ed2a30]
[c=8985000000 pc=0000000082f15a4e]
[c=8986000000 pc=0000000082f15a4e]
[c=8987000000 pc=0000000082ed2a34]
[c=8988000000 pc=0000000082f15a66]
[c=8989000000 pc=0000000082f15a6a]
[c=8990000000 pc=0000000082ed2a30]
[c=8991000000 pc=0000000082ed2a30]
[c=8992000000 pc=0000000082f15a66]
[c=8993000000 pc=0000000082f15a4a]
[c=8994000000 pc=0000000082ed2a34]
[c=8995000000 pc=0000000082ed2a30]
[c=8996000000 pc=0000000082f15a6a]
[c=8997000000 pc=0000000082f15a4a]
[c=8998000000 pc=0000000082ed2a30]
[c=8999000000 pc=0000000082ed2a30]
[c=9000000000 pc=0000000082f15a4a]
[c=9001000000 pc=0000000082f15a4a]
[c=9002000000 pc=0000000082ed2a30]
[c=9003000000 pc=0000000082f15a6a]
[c=9004000000 pc=0000000082f15a4a]
[c=9005000000 pc=0000000082ed2a30]
[c=9006000000 pc=0000000082ed2a34]
[c=9007000000 pc=0000000082f15a58]
[c=9008000000 pc=0000000082f15a5e]
[c=9009000000 pc=0000000082ed2a30]
[c=9010000000 pc=0000000082ed2a2a]
[c=9011000000 pc=0000000082f15a58]
[c=9012000000 pc=0000000082f15a58]
[c=9013000000 pc=0000000082ed2a30]
[c=9014000000 pc=0000000082ed2a30]
[c=9015000000 pc=0000000082f15a6a]
[c=9016000000 pc=0000000082f15a6a]
[c=9017000000 pc=0000000082ed2a30]
[c=9018000000 pc=0000000082f15a58]
[c=9019000000 pc=0000000082f15a5e]
[c=9020000000 pc=0000000082ed2a30]
[c=9021000000 pc=0000000082ed2a30]
[c=9022000000 pc=0000000082f15a58]
[c=9023000000 pc=0000000082f15a58]
[c=9024000000 pc=0000000082ed2a30]
[c=9025000000 pc=0000000082ed2a30]
[c=9026000000 pc=0000000082f15a5e]
[c=9027000000 pc=0000000082f15a5e]
[c=9028000000 pc=0000000082ed2a34]
[c=9029000000 pc=0000000082ed2a30]
[c=9030000000 pc=0000000082f15a66]
[c=9031000000 pc=0000000082f15a6a]
[c=9032000000 pc=0000000082ed2a30]
[c=9033000000 pc=0000000082f15a4a]
[c=9034000000 pc=0000000082f15a4a]
[c=9035000000 pc=0000000082ed2a30]
[c=9036000000 pc=0000000082ed2a34]
[c=9037000000 pc=0000000082f15a66]
[c=9038000000 pc=0000000082f15a66]
[c=9039000000 pc=0000000082ed2a34]
[c=9040000000 pc=0000000082ed2a30]
[c=9041000000 pc=0000000082f15a5e]
[c=9042000000 pc=0000000082f15a5e]
[c=9043000000 pc=0000000082ed2a30]
[c=9044000000 pc=0000000082ed2a30]
[c=9045000000 pc=0000000082f15a4a]
[c=9046000000 pc=0000000082f15a6a]
[c=9047000000 pc=0000000082ed2a30]
[c=9048000000 pc=0000000082f15a66]
[c=9049000000 pc=0000000082f15a66]
[c=9050000000 pc=0000000082ed2a34]
[c=9051000000 pc=0000000082ed2a30]
[c=9052000000 pc=0000000082f15a4e]
[c=9053000000 pc=0000000082f15a4e]
[c=9054000000 pc=0000000082ed2a30]
[c=9055000000 pc=0000000082ed2a30]
[c=9056000000 pc=0000000082f15a6a]
[c=9057000000 pc=0000000082f15a4e]
[c=9058000000 pc=0000000082ed2a30]
[c=9059000000 pc=0000000082ed2a30]
[c=9060000000 pc=0000000082f15a4e]
[c=9061000000 pc=0000000082f15a4e]
[c=9062000000 pc=0000000082ed2a30]
[c=9063000000 pc=0000000082f15a4e]
[c=9064000000 pc=0000000082f15a4e]
[c=9065000000 pc=0000000082ed2a30]
[c=9066000000 pc=0000000082ed2a30]
[c=9067000000 pc=0000000082f15a5e]
[c=9068000000 pc=0000000082f15a52]
[c=9069000000 pc=0000000082ed2a30]
[c=9070000000 pc=0000000082ed2a30]
[c=9071000000 pc=0000000082f15a58]
[c=9072000000 pc=0000000082f15a58]
[c=9073000000 pc=0000000082ed2a30]
[c=9074000000 pc=0000000082ed2a34]
[c=9075000000 pc=0000000082f15a5e]
[c=9076000000 pc=00000000807749fe]
[c=9077000000 pc=0000000082ed2a30]
[c=9078000000 pc=0000000082f15a6a]
[c=9079000000 pc=0000000082f15a6a]
[c=9080000000 pc=0000000082ed2a2a]
[c=9081000000 pc=0000000082ed2a30]
[c=9082000000 pc=0000000082f15a6a]
[c=9083000000 pc=0000000082f15a6a]
[c=9084000000 pc=0000000082ed2a30]
[c=9085000000 pc=0000000082ed2a2a]
[c=9086000000 pc=0000000082f15a4a]
[c=9087000000 pc=0000000082f15a4e]
[c=9088000000 pc=0000000082ed2a30]
[c=9089000000 pc=0000000082ed2a30]
[c=9090000000 pc=0000000082f15a66]
[c=9091000000 pc=000000008028233c]
[c=9092000000 pc=0000000082ed2a30]
[c=9093000000 pc=0000000082f15a52]
[c=9094000000 pc=0000000082f15a52]
[c=9095000000 pc=0000000082ed2a30]
[c=9096000000 pc=0000000082ed2a30]
[c=9097000000 pc=0000000082f15a58]
[c=9098000000 pc=0000000082f15a58]
[c=9099000000 pc=0000000082ed2a34]
[c=9100000000 pc=0000000082ed2a30]
[c=9101000000 pc=0000000082f15a4a]
[c=9102000000 pc=0000000082f15a4a]
[c=9103000000 pc=0000000082ed2a34]
[c=9104000000 pc=0000000082ed2a30]
[c=9105000000 pc=0000000082f15a4a]
[c=9106000000 pc=0000000080243be2]
[c=9107000000 pc=0000000082ed2a30]
[c=9108000000 pc=0000000082f15a4a]
[c=9109000000 pc=0000000082f15a4a]
[c=9110000000 pc=0000000082ed2a30]
[c=9111000000 pc=0000000082ed2a30]
[c=9112000000 pc=0000000082f15a66]
[c=9113000000 pc=0000000082f15a6a]
[c=9114000000 pc=0000000082ed2a30]
[c=9115000000 pc=0000000082ed2a30]
[c=9116000000 pc=0000000082f15a5e]
[c=9117000000 pc=0000000082f15a66]
[c=9118000000 pc=0000000082ed2a30]
[c=9119000000 pc=0000000082ed2a34]
[c=9120000000 pc=0000000082f15a5e]
[c=9121000000 pc=0000000080774bfa]
[c=9122000000 pc=0000000082ed2a30]
[c=9123000000 pc=0000000082f15a4a]
[c=9124000000 pc=0000000082f15a4a]
[c=9125000000 pc=0000000082ed2a30]
[c=9126000000 pc=0000000082ed2a30]
[c=9127000000 pc=0000000082f15a5e]
[c=9128000000 pc=0000000082f15a5e]
[c=9129000000 pc=0000000082ed2a30]
[c=9130000000 pc=0000000082ed2a30]
[c=9131000000 pc=0000000082f15a6a]
[c=9132000000 pc=0000000082f15a4a]
[c=9133000000 pc=0000000082ed2a30]
[c=9134000000 pc=0000000082ed2a30]
[c=9135000000 pc=0000000082f15a52]
[c=9136000000 pc=0000000080242644]
[c=9137000000 pc=0000000082ed2a30]
[c=9138000000 pc=0000000082f15a6a]
[c=9139000000 pc=0000000082f15a6a]
[c=9140000000 pc=0000000082ed2a30]
[c=9141000000 pc=0000000082ed2a30]
[c=9142000000 pc=0000000082f15a6a]
[c=9143000000 pc=0000000082f15a6a]
[c=9144000000 pc=0000000082ed2a30]
[c=9145000000 pc=0000000082ed2a30]
[c=9146000000 pc=0000000082f15a6a]
[c=9147000000 pc=0000000082f15a6a]
[c=9148000000 pc=0000000082ed2a30]
[c=9149000000 pc=0000000082ed2a30]
[c=9150000000 pc=0000000082f15a52]
[c=9151000000 pc=000000008024e8be]
[c=9152000000 pc=0000000082ed2a30]
[c=9153000000 pc=0000000082f15a58]
[c=9154000000 pc=0000000082f15a58]
[c=9155000000 pc=0000000082ed2a30]
[c=9156000000 pc=0000000082ed2a30]
[c=9157000000 pc=0000000082f15a4e]
[c=9158000000 pc=0000000082f15a4e]
[c=9159000000 pc=0000000082ed2a2a]
[c=9160000000 pc=0000000082ed2a30]
[c=9161000000 pc=0000000082f15a4a]
[c=9162000000 pc=0000000082f15a4e]
[c=9163000000 pc=0000000082ed2a30]
[c=9164000000 pc=0000000082ed2a34]
[c=9165000000 pc=0000000082f15a52]
[c=9166000000 pc=0000000080276aae]
[c=9167000000 pc=0000000082ed2a30]
[c=9168000000 pc=0000000082f15a5e]
[c=9169000000 pc=0000000082f15a5e]
[c=9170000000 pc=0000000082ed2a30]
[c=9171000000 pc=0000000082ed2a30]
[c=9172000000 pc=0000000082f15a58]
[c=9173000000 pc=0000000082f15a58]
[c=9174000000 pc=0000000082ed2a34]
[c=9175000000 pc=0000000082ed2a30]
[c=9176000000 pc=0000000082f15a4a]
[c=9177000000 pc=0000000082f15a4e]
[c=9178000000 pc=0000000082ed2a34]
[c=9179000000 pc=0000000082ed2a30]
[c=9180000000 pc=0000000082f15a58]
[c=9181000000 pc=000000008076f3d4]
[c=9182000000 pc=0000000082ed2a30]
[c=9183000000 pc=0000000082f15a4a]
[c=9184000000 pc=0000000082f15a4a]
[c=9185000000 pc=0000000082ed2a30]
[c=9186000000 pc=0000000082ed2a34]
[c=9187000000 pc=0000000082f15a52]
[c=9188000000 pc=0000000082f15a58]
[c=9189000000 pc=0000000082ed2a2a]
[c=9190000000 pc=0000000082ed2a30]
[c=9191000000 pc=0000000082f15a5e]
[c=9192000000 pc=0000000082f15a5e]
[c=9193000000 pc=0000000082ed2a30]
[c=9194000000 pc=0000000082ed2a30]
[c=9195000000 pc=0000000082f15a66]
[c=9196000000 pc=0000000082ed2a30]
[c=9197000000 pc=0000000082ed2a34]
[c=9198000000 pc=0000000082f15a52]
[c=9199000000 pc=0000000082f15a52]
[c=9200000000 pc=0000000082ed2a30]
[c=9201000000 pc=0000000082ed2a30]
[c=9202000000 pc=0000000082f15a4e]
[c=9203000000 pc=0000000082f15a4e]
[c=9204000000 pc=0000000082ed2a30]
[c=9205000000 pc=0000000082ed2a30]
[c=9206000000 pc=0000000082f15a52]
[c=9207000000 pc=0000000082f15a52]
[c=9208000000 pc=0000000082ed2a30]
[c=9209000000 pc=0000000082ed2a30]
[c=9210000000 pc=0000000082f15a52]
[c=9211000000 pc=0000000082ed2a30]
[c=9212000000 pc=0000000082ed2a30]
[c=9213000000 pc=0000000082f15a66]
[c=9214000000 pc=0000000082f15a66]
[c=9215000000 pc=0000000082ed2a30]
[c=9216000000 pc=0000000082ed2a30]
[c=9217000000 pc=0000000082f15a5e]
[c=9218000000 pc=0000000082f15a66]
[c=9219000000 pc=0000000082ed2a2a]
[c=9220000000 pc=0000000082ed2a30]
[c=9221000000 pc=0000000082f15a52]
[c=9222000000 pc=0000000082f15a52]
[c=9223000000 pc=0000000082ed2a34]
[c=9224000000 pc=0000000082ed2a30]
[c=9225000000 pc=0000000082f15a4e]
[c=9226000000 pc=0000000082ed2a30]
[c=9227000000 pc=0000000082ed2a34]
[c=9228000000 pc=0000000082f15a4a]
[c=9229000000 pc=0000000082f15a4a]
[c=9230000000 pc=0000000082ed2a30]
[c=9231000000 pc=0000000082ed2a30]
[c=9232000000 pc=0000000082f15a5e]
[c=9233000000 pc=0000000082f15a5e]
[c=9234000000 pc=0000000082ed2a30]
[c=9235000000 pc=0000000082ed2a30]
[c=9236000000 pc=0000000082f15a58]
[c=9237000000 pc=0000000082f15a58]
[c=9238000000 pc=0000000082ed2a30]
[c=9239000000 pc=0000000082ed2a30]
[c=9240000000 pc=0000000082f15a66]
[c=9241000000 pc=0000000082ed2a30]
[c=9242000000 pc=0000000082ed2a30]
[c=9243000000 pc=0000000082f15a5e]
[c=9244000000 pc=0000000082f15a66]
[c=9245000000 pc=0000000082ed2a30]
[c=9246000000 pc=0000000082ed2a34]
[c=9247000000 pc=0000000082f15a66]
[c=9248000000 pc=0000000082f15a6a]
[c=9249000000 pc=0000000082ed2a34]
[c=9250000000 pc=0000000082ed2a30]
[c=9251000000 pc=0000000082f15a52]
[c=9252000000 pc=0000000082f15a58]
[c=9253000000 pc=0000000082ed2a30]
[c=9254000000 pc=0000000082ed2a30]
[c=9255000000 pc=0000000082f15a66]
[c=9256000000 pc=0000000082ed2a30]
[c=9257000000 pc=0000000082ed2a30]
[c=9258000000 pc=0000000082f15a5e]
[c=9259000000 pc=0000000082f15a5e]
[c=9260000000 pc=0000000082ed2a30]
[c=9261000000 pc=0000000082ed2a30]
[c=9262000000 pc=0000000082f15a4a]
[c=9263000000 pc=0000000082f15a4a]
[c=9264000000 pc=0000000082ed2a30]
[c=9265000000 pc=0000000082ed2a30]
[c=9266000000 pc=0000000082f15a4e]
[c=9267000000 pc=0000000082f15a52]
[c=9268000000 pc=0000000082ed2a30]
[c=9269000000 pc=0000000082ed2a30]
[c=9270000000 pc=0000000082f15a66]
[c=9271000000 pc=0000000082ed2a30]
[c=9272000000 pc=0000000082ed2a30]
[c=9273000000 pc=0000000082f15a58]
[c=9274000000 pc=0000000082f15a58]
[c=9275000000 pc=0000000082ed2a30]
[c=9276000000 pc=0000000082ed2a30]
[c=9277000000 pc=0000000082f15a52]
[c=9278000000 pc=0000000082f15a52]
[c=9279000000 pc=0000000082ed2a34]
[c=9280000000 pc=0000000082ed2a30]
[c=9281000000 pc=0000000082f15a5e]
[c=9282000000 pc=0000000082f15a66]
[c=9283000000 pc=0000000082ed2a30]
[c=9284000000 pc=0000000082ed2a34]
[c=9285000000 pc=0000000082f15a6a]
[c=9286000000 pc=0000000082ed2a30]
[c=9287000000 pc=0000000082ed2a30]
[c=9288000000 pc=0000000082f15a58]
[c=9289000000 pc=0000000082f15a58]
[c=9290000000 pc=0000000082ed2a30]
[c=9291000000 pc=0000000082ed2a30]
[c=9292000000 pc=0000000082f15a6a]
[c=9293000000 pc=0000000082f15a4a]
[c=9294000000 pc=0000000082ed2a30]
[c=9295000000 pc=0000000082ed2a30]
[c=9296000000 pc=0000000082f15a5e]
[c=9297000000 pc=0000000082f15a66]
[c=9298000000 pc=0000000082ed2a30]
[c=9299000000 pc=0000000082ed2a30]
[c=9300000000 pc=0000000082f15a4a]
[c=9301000000 pc=0000000082ed2a30]
[c=9302000000 pc=0000000082ed2a30]
[c=9303000000 pc=0000000082f15a4a]
[c=9304000000 pc=0000000082f15a4e]
[c=9305000000 pc=0000000082ed2a2a]
[c=9306000000 pc=0000000082ed2a30]
[c=9307000000 pc=0000000082f15a58]
[c=9308000000 pc=0000000082f15a58]
[c=9309000000 pc=0000000082ed2a30]
[c=9310000000 pc=0000000082ed2a30]
[c=9311000000 pc=0000000082f15a4a]
[c=9312000000 pc=0000000082f15a4e]
[c=9313000000 pc=0000000082ed2a30]
[c=9314000000 pc=0000000082ed2a30]
[c=9315000000 pc=0000000082f15a58]
[c=9316000000 pc=0000000082ed2a30]
[c=9317000000 pc=0000000082ed2a30]
[c=9318000000 pc=0000000082f15a4a]
[c=9319000000 pc=0000000082f15a4a]
[c=9320000000 pc=0000000082ed2a30]
[c=9321000000 pc=0000000082ed2a30]
[c=9322000000 pc=0000000082f15a66]
[c=9323000000 pc=0000000082f15a6a]
[c=9324000000 pc=0000000082ed2a30]
[c=9325000000 pc=0000000082ed2a34]
[c=9326000000 pc=0000000082f15a4e]
[c=9327000000 pc=0000000082f15a52]
[c=9328000000 pc=0000000082ed2a30]
[c=9329000000 pc=0000000082ed2a30]
[c=9330000000 pc=0000000082f15a4e]
[c=9331000000 pc=0000000082ed2a34]
[c=9332000000 pc=0000000082ed2a30]
[c=9333000000 pc=0000000082f15a52]
[c=9334000000 pc=0000000082f15a4a]
[c=9335000000 pc=0000000082ed2a34]
[c=9336000000 pc=0000000082ed2a30]
[c=9337000000 pc=0000000082f15a6a]
[c=9338000000 pc=0000000082f15a6a]
[c=9339000000 pc=0000000082ed2a30]
[c=9340000000 pc=0000000082ed2a30]
[c=9341000000 pc=0000000082f15a52]
[c=9342000000 pc=0000000082f15a58]
[c=9343000000 pc=0000000082ed2a30]
[c=9344000000 pc=0000000082ed2a30]
[c=9345000000 pc=0000000082f15a66]
[c=9346000000 pc=0000000082ed2a30]
[c=9347000000 pc=0000000082ed2a30]
[c=9348000000 pc=0000000082f15a66]
[c=9349000000 pc=0000000082f15a66]
[c=9350000000 pc=0000000082ed2a34]
[c=9351000000 pc=0000000082ed2a2a]
[c=9352000000 pc=0000000082f15a52]
[c=9353000000 pc=0000000082f15a52]
[c=9354000000 pc=0000000082ed2a30]
[c=9355000000 pc=0000000082ed2a34]
[c=9356000000 pc=0000000082f15a6a]
[c=9357000000 pc=0000000082f15a4a]
[c=9358000000 pc=0000000082ed2a30]
[c=9359000000 pc=0000000082ed2a34]
[c=9360000000 pc=0000000082f15a52]
[c=9361000000 pc=0000000082ed2a30]
[c=9362000000 pc=0000000082ed2a30]
[c=9363000000 pc=0000000082f15a5e]
[c=9364000000 pc=0000000082f15a66]
[c=9365000000 pc=0000000082ed2a30]
[c=9366000000 pc=0000000082ed2a30]
[c=9367000000 pc=0000000082f15a6a]
[c=9368000000 pc=0000000082f15a6a]
[c=9369000000 pc=0000000082ed2a30]
[c=9370000000 pc=0000000082ed2a30]
[c=9371000000 pc=0000000082f15a4a]
[c=9372000000 pc=0000000082f15a4a]
[c=9373000000 pc=0000000082ed2a30]
[c=9374000000 pc=0000000082ed2a30]
[c=9375000000 pc=0000000082f15a4e]
[c=9376000000 pc=0000000082ed2a34]
[c=9377000000 pc=0000000082ed2a34]
[c=9378000000 pc=0000000082f15a5e]
[c=9379000000 pc=0000000082f15a5e]
[c=9380000000 pc=0000000082ed2a30]
[c=9381000000 pc=0000000082ed2a30]
[c=9382000000 pc=0000000082f15a5e]
[c=9383000000 pc=0000000082f15a66]
[c=9384000000 pc=0000000082ed2a30]
[c=9385000000 pc=0000000082ed2a30]
[c=9386000000 pc=0000000082f15a6a]
[c=9387000000 pc=0000000082f15a6a]
[c=9388000000 pc=0000000082ed2a30]
[c=9389000000 pc=0000000082ed2a30]
[c=9390000000 pc=0000000082f15a4a]
[c=9391000000 pc=0000000082ed2a30]
[c=9392000000 pc=0000000082ed2a34]
[c=9393000000 pc=0000000082f15a58]
[c=9394000000 pc=0000000082f15a5e]
[c=9395000000 pc=0000000082ed2a30]
[c=9396000000 pc=0000000082ed2a30]
[c=9397000000 pc=0000000082f15a58]
[c=9398000000 pc=0000000082f15a5e]
[c=9399000000 pc=0000000082ed2a34]
[c=9400000000 pc=0000000082ed2a30]
[c=9401000000 pc=0000000082f15a58]
[c=9402000000 pc=0000000082f15a58]
[c=9403000000 pc=0000000082ed2a30]
[c=9404000000 pc=0000000082ed2a30]
[c=9405000000 pc=0000000082f15a52]
[c=9406000000 pc=0000000082ed2a34]
[c=9407000000 pc=0000000082ed2a30]
[c=9408000000 pc=0000000082f15a58]
[c=9409000000 pc=0000000082f15a4e]
[c=9410000000 pc=0000000082ed2a30]
[c=9411000000 pc=0000000082ed2a34]
[c=9412000000 pc=0000000082f15a4e]
[c=9413000000 pc=0000000082f15a4e]
[c=9414000000 pc=0000000082ed2a30]
[c=9415000000 pc=0000000082ed2a30]
[c=9416000000 pc=0000000082f15a5e]
[c=9417000000 pc=0000000082f15a5e]
[c=9418000000 pc=0000000082ed2a30]
[c=9419000000 pc=0000000082ed2a30]
[c=9420000000 pc=0000000082f15a4e]
[c=9421000000 pc=0000000082ed2a34]
[c=9422000000 pc=0000000082ed2a34]
[c=9423000000 pc=0000000082f15a66]
[c=9424000000 pc=0000000082f15a66]
[c=9425000000 pc=0000000082ed2a30]
[c=9426000000 pc=0000000082ed2a30]
[c=9427000000 pc=0000000082f15a4a]
[c=9428000000 pc=0000000082f15a4a]
[c=9429000000 pc=0000000082ed2a30]
[c=9430000000 pc=0000000082ed2a34]
[c=9431000000 pc=0000000082f15a4a]
[c=9432000000 pc=0000000082f15a4a]
[c=9433000000 pc=0000000082ed2a30]
[c=9434000000 pc=0000000082ed2a30]
[c=9435000000 pc=0000000082f15a6a]
[c=9436000000 pc=0000000082ed2a30]
[c=9437000000 pc=0000000082ed2a30]
[c=9438000000 pc=0000000082f15a5e]
[c=9439000000 pc=0000000082f15a5e]
[c=9440000000 pc=0000000082ed2a30]
[c=9441000000 pc=0000000082ed2a30]
[c=9442000000 pc=0000000082f15a5e]
[c=9443000000 pc=0000000082f15a5e]
[c=9444000000 pc=0000000082ed2a30]
[c=9445000000 pc=0000000082ed2a30]
[c=9446000000 pc=0000000082f15a58]
[c=9447000000 pc=0000000082f15a5e]
[c=9448000000 pc=0000000082ed2a30]
[c=9449000000 pc=0000000082ed2a30]
[c=9450000000 pc=0000000082f15a66]
[c=9451000000 pc=0000000082ed2a2a]
[c=9452000000 pc=0000000082ed2a30]
[c=9453000000 pc=0000000082f15a66]
[c=9454000000 pc=0000000082f15a6a]
[c=9455000000 pc=0000000082ed2a30]
[c=9456000000 pc=0000000082ed2a30]
[c=9457000000 pc=0000000082f15a58]
[c=9458000000 pc=0000000082f15a58]
[c=9459000000 pc=0000000082ed2a30]
[c=9460000000 pc=0000000082ed2a30]
[c=9461000000 pc=0000000082f15a4e]
[c=9462000000 pc=0000000082f15a4a]
[c=9463000000 pc=0000000082ed2a30]
[c=9464000000 pc=0000000082ed2a30]
[c=9465000000 pc=0000000082f15a4a]
[c=9466000000 pc=0000000082ed2a30]
[c=9467000000 pc=0000000082ed2a2a]
[c=9468000000 pc=0000000082f15a58]
[c=9469000000 pc=0000000082f15a5e]
[c=9470000000 pc=0000000082ed2a30]
[c=9471000000 pc=0000000082ed2a30]
[c=9472000000 pc=0000000082f15a66]
[c=9473000000 pc=0000000082f15a4e]
[c=9474000000 pc=0000000082ed2a34]
[c=9475000000 pc=0000000082ed2a30]
[c=9476000000 pc=0000000082f15a6a]
[c=9477000000 pc=0000000082f15a4a]
[c=9478000000 pc=0000000082ed2a34]
[c=9479000000 pc=0000000082ed2a30]
[c=9480000000 pc=0000000082f15a66]
[c=9481000000 pc=0000000082ed2a30]
[c=9482000000 pc=0000000082ed2a30]
[c=9483000000 pc=0000000082f15a4a]
[c=9484000000 pc=0000000082f15a58]
[c=9485000000 pc=0000000082ed2a30]
[c=9486000000 pc=0000000082ed2a30]
[c=9487000000 pc=0000000082f15a6a]
[c=9488000000 pc=0000000082f15a4a]
[c=9489000000 pc=0000000082ed2a30]
[c=9490000000 pc=0000000082ed2a30]
[c=9491000000 pc=0000000082f15a52]
[c=9492000000 pc=0000000082f15a52]
[c=9493000000 pc=0000000082ed2a30]
[c=9494000000 pc=0000000082ed2a30]
[c=9495000000 pc=0000000082f15a4e]
[c=9496000000 pc=0000000082ed2a30]
[c=9497000000 pc=0000000082ed2a30]
[c=9498000000 pc=0000000082f15a58]
[c=9499000000 pc=0000000082f15a58]
[c=9500000000 pc=0000000082ed2a30]
[c=9501000000 pc=0000000082ed2a30]
[c=9502000000 pc=0000000082f15a52]
[c=9503000000 pc=0000000082f15a52]
[c=9504000000 pc=0000000082ed2a30]
[c=9505000000 pc=0000000082ed2a30]
[c=9506000000 pc=0000000082f15a58]
[c=9507000000 pc=0000000082f15a5e]
[c=9508000000 pc=0000000082ed2a30]
[c=9509000000 pc=0000000082ed2a30]
[c=9510000000 pc=0000000082f15a6a]
[c=9511000000 pc=0000000082ed2a30]
[c=9512000000 pc=0000000082ed2a34]
[c=9513000000 pc=0000000082f15a4a]
[c=9514000000 pc=0000000082f15a4a]
[c=9515000000 pc=0000000082ed2a30]
[c=9516000000 pc=0000000082ed2a30]
[c=9517000000 pc=0000000082f15a52]
[c=9518000000 pc=0000000082f15a52]
[c=9519000000 pc=0000000082ed2a30]
[c=9520000000 pc=0000000082ed2a30]
[c=9521000000 pc=0000000082f15a4a]
[c=9522000000 pc=0000000082f15a4e]
[c=9523000000 pc=0000000082ed2a30]
[c=9524000000 pc=0000000082ed2a30]
[c=9525000000 pc=0000000082f15a58]
[c=9526000000 pc=0000000082ed2a30]
[c=9527000000 pc=0000000082ed2a30]
[c=9528000000 pc=0000000082f15a52]
[c=9529000000 pc=0000000082f15a52]
[c=9530000000 pc=0000000082ed2a30]
[c=9531000000 pc=0000000082ed2a34]
[c=9532000000 pc=0000000082f15a66]
[c=9533000000 pc=0000000082f15a6a]
[c=9534000000 pc=0000000082ed2a34]
[c=9535000000 pc=0000000082ed2a30]
[c=9536000000 pc=0000000082f15a5e]
[c=9537000000 pc=0000000082f15a6a]
[c=9538000000 pc=0000000082ed2a30]
[c=9539000000 pc=0000000082ed2a30]
[c=9540000000 pc=0000000082f15a58]
[c=9541000000 pc=0000000082ed2a30]
[c=9542000000 pc=0000000082ed2a30]
[c=9543000000 pc=0000000082f15a4a]
[c=9544000000 pc=0000000082f15a4e]
[c=9545000000 pc=0000000082ed2a30]
[c=9546000000 pc=0000000082ed2a30]
[c=9547000000 pc=0000000082f15a4a]
[c=9548000000 pc=0000000082f15a66]
[c=9549000000 pc=0000000082ed2a30]
[c=9550000000 pc=0000000082ed2a30]
[c=9551000000 pc=0000000082f15a5e]
[c=9552000000 pc=0000000082f15a66]
[c=9553000000 pc=0000000082ed2a30]
[c=9554000000 pc=0000000082ed2a30]
[c=9555000000 pc=0000000082f15a4e]
[c=9556000000 pc=0000000082ed2a30]
[c=9557000000 pc=0000000082ed2a30]
[c=9558000000 pc=0000000082f15a52]
[c=9559000000 pc=0000000082f15a52]
[c=9560000000 pc=0000000082ed2a2a]
[c=9561000000 pc=0000000082ed2a34]
[c=9562000000 pc=0000000082f15a6a]
[c=9563000000 pc=0000000082f15a6a]
[c=9564000000 pc=0000000082ed2a30]
[c=9565000000 pc=0000000082ed2a30]
[c=9566000000 pc=0000000082f15a4a]
[c=9567000000 pc=0000000082f15a4e]
[c=9568000000 pc=0000000082ed2a30]
[c=9569000000 pc=0000000082ed2a30]
[c=9570000000 pc=0000000082f15a52]
[c=9571000000 pc=0000000082ed2a30]
[c=9572000000 pc=0000000082ed2a30]
[c=9573000000 pc=0000000082f15a4a]
[c=9574000000 pc=0000000082f15a4e]
[c=9575000000 pc=0000000082ed2a30]
[c=9576000000 pc=0000000082ed2a30]
[c=9577000000 pc=0000000082f15a5e]
[c=9578000000 pc=0000000082f15a66]
[c=9579000000 pc=0000000082ed2a30]
[c=9580000000 pc=0000000082ed2a30]
[c=9581000000 pc=0000000082f15a4a]
[c=9582000000 pc=0000000082f15a4a]
[c=9583000000 pc=0000000082ed2a30]
[c=9584000000 pc=0000000082ed2a30]
[c=9585000000 pc=0000000082f15a52]
[c=9586000000 pc=0000000082ed2a30]
[c=9587000000 pc=0000000082ed2a30]
[c=9588000000 pc=0000000082f15a5e]
[c=9589000000 pc=0000000082f15a66]
[c=9590000000 pc=0000000082ed2a30]
[c=9591000000 pc=0000000082ed2a30]
[c=9592000000 pc=0000000082f15a58]
[c=9593000000 pc=0000000082f15a58]
[c=9594000000 pc=0000000082ed2a30]
[c=9595000000 pc=0000000082ed2a30]
[c=9596000000 pc=0000000082f15a66]
[c=9597000000 pc=0000000082f15a66]
[c=9598000000 pc=0000000082ed2a30]
[c=9599000000 pc=0000000082ed2a30]
[c=9600000000 pc=0000000082f15a58]
[c=9601000000 pc=0000000082ed2a34]
[c=9602000000 pc=0000000082ed2a30]
[c=9603000000 pc=0000000082f15a5e]
[c=9604000000 pc=0000000082f15a5e]
[c=9605000000 pc=0000000082ed2a30]
[c=9606000000 pc=0000000082ed2a30]
[c=9607000000 pc=0000000082f15a66]
[c=9608000000 pc=0000000082f15a66]
[c=9609000000 pc=0000000082ed2a30]
[c=9610000000 pc=0000000082ed2a30]
[c=9611000000 pc=0000000082f15a52]
[c=9612000000 pc=0000000082f15a66]
[c=9613000000 pc=0000000082ed2a30]
[c=9614000000 pc=0000000082ed2a30]
[c=9615000000 pc=0000000082f15a58]
[c=9616000000 pc=0000000082ed2a30]
[c=9617000000 pc=0000000082ed2a30]
[c=9618000000 pc=0000000082f15a4e]
[c=9619000000 pc=0000000082f15a52]
[c=9620000000 pc=0000000082ed2a30]
[c=9621000000 pc=0000000082ed2a30]
[c=9622000000 pc=0000000082f15a4a]
[c=9623000000 pc=0000000082f15a4e]
[c=9624000000 pc=0000000082ed2a30]
[c=9625000000 pc=0000000082ed2a30]
[c=9626000000 pc=0000000082f15a4a]
[c=9627000000 pc=0000000082f15a4a]
[c=9628000000 pc=0000000082ed2a30]
[c=9629000000 pc=0000000082ed2a30]
[c=9630000000 pc=0000000082f15a4a]
[c=9631000000 pc=0000000082ed2a30]
[c=9632000000 pc=0000000082ed2a30]
[c=9633000000 pc=0000000082f15a6a]
[c=9634000000 pc=0000000082f15a6a]
[c=9635000000 pc=0000000082ed2a30]
[c=9636000000 pc=0000000082ed2a30]
[c=9637000000 pc=0000000082f15a4a]
[c=9638000000 pc=0000000082f15a4e]
[c=9639000000 pc=0000000082ed2a30]
[c=9640000000 pc=0000000082ed2a30]
[c=9641000000 pc=0000000082f15a66]
[c=9642000000 pc=0000000082f15a66]
[c=9643000000 pc=0000000082ed2a30]
[c=9644000000 pc=0000000082ed2a30]
[c=9645000000 pc=0000000082f15a58]
[c=9646000000 pc=0000000082ed2a30]
[c=9647000000 pc=0000000082ed2a34]
[c=9648000000 pc=0000000082f15a4a]
[c=9649000000 pc=0000000082f15a4a]
[c=9650000000 pc=0000000082ed2a34]
[c=9651000000 pc=0000000082ed2a30]
[c=9652000000 pc=0000000082f15a52]
[c=9653000000 pc=0000000082f15a52]
[c=9654000000 pc=0000000082ed2a30]
[c=9655000000 pc=0000000082ed2a30]
[c=9656000000 pc=0000000082f15a6a]
[c=9657000000 pc=0000000082f15a6a]
[c=9658000000 pc=0000000082ed2a34]
[c=9659000000 pc=0000000082ed2a30]
[c=9660000000 pc=0000000082f15a58]
[c=9661000000 pc=0000000082ed2a30]
[c=9662000000 pc=0000000082ed2a30]
[c=9663000000 pc=0000000082f15a58]
[c=9664000000 pc=0000000082f15a58]
[c=9665000000 pc=0000000082ed2a30]
[c=9666000000 pc=0000000082ed2a30]
[c=9667000000 pc=0000000082f15a66]
[c=9668000000 pc=0000000082f15a6a]
[c=9669000000 pc=0000000082ed2a30]
[c=9670000000 pc=0000000082ed2a30]
[c=9671000000 pc=0000000082f15a6a]
[c=9672000000 pc=0000000082f15a6a]
[c=9673000000 pc=0000000082ed2a34]
[c=9674000000 pc=0000000082ed2a30]
[c=9675000000 pc=0000000082f15a4a]
[c=9676000000 pc=0000000082ed2a30]
[c=9677000000 pc=0000000082ed2a34]
[c=9678000000 pc=0000000082f15a66]
[c=9679000000 pc=0000000082f15a66]
[c=9680000000 pc=0000000082ed2a30]
[c=9681000000 pc=0000000082ed2a30]
[c=9682000000 pc=0000000082f15a58]
[c=9683000000 pc=0000000082f15a58]
[c=9684000000 pc=0000000082ed2a30]
[c=9685000000 pc=0000000082ed2a30]
[c=9686000000 pc=0000000082f15a6a]
[c=9687000000 pc=0000000082f15a6a]
[c=9688000000 pc=0000000082ed2a34]
[c=9689000000 pc=0000000082ed2a30]
[c=9690000000 pc=0000000082f15a58]
[c=9691000000 pc=0000000082ed2a30]
[c=9692000000 pc=0000000082ed2a30]
[c=9693000000 pc=0000000082f15a52]
[c=9694000000 pc=0000000082f15a52]
[c=9695000000 pc=0000000082ed2a30]
[c=9696000000 pc=0000000082ed2a30]
[c=9697000000 pc=0000000082f15a5e]
[c=9698000000 pc=0000000082f15a5e]
[c=9699000000 pc=0000000082ed2a30]
[c=9700000000 pc=0000000082ed2a30]
[c=9701000000 pc=0000000082f15a5e]
[c=9702000000 pc=0000000082f15a5e]
[c=9703000000 pc=0000000082ed2a30]
[c=9704000000 pc=0000000082ed2a30]
[c=9705000000 pc=0000000082f15a5e]
[c=9706000000 pc=0000000082ed2a30]
[c=9707000000 pc=0000000082ed2a30]
[c=9708000000 pc=0000000082f15a4e]
[c=9709000000 pc=0000000082f15a52]
[c=9710000000 pc=0000000082ed2a30]
[c=9711000000 pc=0000000082ed2a30]
[c=9712000000 pc=0000000082f15a4a]
[c=9713000000 pc=0000000082f15a4a]
[c=9714000000 pc=0000000082ed2a30]
[c=9715000000 pc=0000000082ed2a30]
[c=9716000000 pc=0000000082f15a4e]
[c=9717000000 pc=0000000082f15a52]
[c=9718000000 pc=0000000082ed2a30]
[c=9719000000 pc=0000000082ed2a30]
[c=9720000000 pc=0000000082f15a4e]
[c=9721000000 pc=0000000082ed2a30]
[c=9722000000 pc=0000000082ed2a30]
[c=9723000000 pc=0000000082f15a4e]
[c=9724000000 pc=0000000082f15a4e]
[c=9725000000 pc=0000000082ed2a30]
[c=9726000000 pc=0000000082ed2a30]
[c=9727000000 pc=0000000082f15a4a]
[c=9728000000 pc=0000000082f15a4a]
[c=9729000000 pc=0000000082ed2a30]
[c=9730000000 pc=0000000082ed2a30]
[c=9731000000 pc=0000000082f15a6a]
[c=9732000000 pc=0000000082f15a6a]
[c=9733000000 pc=0000000082ed2a30]
[c=9734000000 pc=0000000082ed2a30]
[c=9735000000 pc=0000000082f15a66]
[c=9736000000 pc=0000000082ed2a30]
[c=9737000000 pc=0000000082ed2a34]
[c=9738000000 pc=0000000082f15a6a]
[c=9739000000 pc=0000000082f15a6a]
[c=9740000000 pc=0000000082ed2a30]
[c=9741000000 pc=0000000082ed2a30]
[c=9742000000 pc=0000000082f15a4e]
[c=9743000000 pc=0000000082f15a4e]
[c=9744000000 pc=0000000082ed2a30]
[c=9745000000 pc=0000000082ed2a30]
[c=9746000000 pc=0000000082f15a6a]
[c=9747000000 pc=0000000082f15a6a]
[c=9748000000 pc=0000000082ed2a30]
[c=9749000000 pc=0000000082ed2a30]
[c=9750000000 pc=0000000082f15a52]
[c=9751000000 pc=0000000082ed2a30]
[c=9752000000 pc=0000000082ed2a30]
[c=9753000000 pc=0000000082f15a4e]
[c=9754000000 pc=0000000082f15a4e]
[c=9755000000 pc=0000000082ed2a30]
[c=9756000000 pc=0000000082ed2a34]
[c=9757000000 pc=0000000082f15a52]
[c=9758000000 pc=0000000082f15a52]
[c=9759000000 pc=0000000082ed2a30]
[c=9760000000 pc=0000000082ed2a34]
[c=9761000000 pc=0000000082f15a4a]
[c=9762000000 pc=0000000082f15a4e]
[c=9763000000 pc=0000000082ed2a30]
[c=9764000000 pc=0000000082ed2a30]
[c=9765000000 pc=0000000082f15a66]
[c=9766000000 pc=0000000082ed2a30]
[c=9767000000 pc=0000000082ed2a30]
[c=9768000000 pc=0000000082f15a5e]
[c=9769000000 pc=0000000082f15a66]
[c=9770000000 pc=0000000082ed2a30]
[c=9771000000 pc=0000000082ed2a2a]
[c=9772000000 pc=0000000082f15a6a]
[c=9773000000 pc=0000000082f15a6a]
[c=9774000000 pc=0000000082ed2a30]
[c=9775000000 pc=0000000082ed2a30]
[c=9776000000 pc=0000000082f15a5e]
[c=9777000000 pc=0000000082f15a5e]
[c=9778000000 pc=0000000082ed2a30]
[c=9779000000 pc=0000000082ed2a30]
[c=9780000000 pc=0000000082f15a66]
[c=9781000000 pc=0000000082ed2a30]
[c=9782000000 pc=0000000082ed2a30]
[c=9783000000 pc=0000000082f15a5e]
[c=9784000000 pc=0000000082f15a5e]
[c=9785000000 pc=0000000082ed2a30]
[c=9786000000 pc=0000000082ed2a30]
[c=9787000000 pc=0000000082f15a5e]
[c=9788000000 pc=0000000082f15a5e]
[c=9789000000 pc=0000000082ed2a30]
[c=9790000000 pc=0000000082ed2a34]
[c=9791000000 pc=0000000082f15a6a]
[c=9792000000 pc=0000000082f15a4a]
[c=9793000000 pc=0000000082ed2a30]
[c=9794000000 pc=0000000082ed2a30]
[c=9795000000 pc=0000000082f15a4e]
[c=9796000000 pc=0000000082ed2a30]
[c=9797000000 pc=0000000082ed2a30]
[c=9798000000 pc=0000000082f15a58]
[c=9799000000 pc=0000000082f15a58]
[c=9800000000 pc=0000000082ed2a2a]
[c=9801000000 pc=0000000082ed2a30]
[c=9802000000 pc=0000000082f15a58]
[c=9803000000 pc=0000000082f15a58]
[c=9804000000 pc=0000000082ed2a30]
[c=9805000000 pc=0000000082ed2a34]
[c=9806000000 pc=0000000082f15a4a]
[c=9807000000 pc=0000000082f15a4a]
[c=9808000000 pc=0000000082ed2a30]
[c=9809000000 pc=0000000082ed2a30]
[c=9810000000 pc=0000000082f15a4e]
[c=9811000000 pc=0000000082ed2a30]
[c=9812000000 pc=0000000082ed2a34]
[c=9813000000 pc=0000000082f15a5e]
[c=9814000000 pc=0000000082f15a5e]
[c=9815000000 pc=0000000082ed2a34]
[c=9816000000 pc=0000000082ed2a30]
[c=9817000000 pc=0000000082f15a66]
[c=9818000000 pc=0000000082f15a66]
[c=9819000000 pc=0000000082ed2a30]
[c=9820000000 pc=0000000082ed2a30]
[c=9821000000 pc=0000000082f15a6a]
[c=9822000000 pc=0000000082f15a6a]
[c=9823000000 pc=0000000082ed2a30]
[c=9824000000 pc=0000000082ed2a34]
[c=9825000000 pc=0000000082f15a58]
[c=9826000000 pc=0000000082ed2a30]
[c=9827000000 pc=0000000082ed2a30]
[c=9828000000 pc=0000000082f15a66]
[c=9829000000 pc=0000000082f15a6a]
[c=9830000000 pc=0000000082ed2a30]
[c=9831000000 pc=0000000082ed2a30]
[c=9832000000 pc=0000000082f15a4e]
[c=9833000000 pc=0000000082f15a4e]
[c=9834000000 pc=0000000082ed2a34]
[c=9835000000 pc=0000000082ed2a30]
[c=9836000000 pc=0000000082f15a4a]
[c=9837000000 pc=0000000082f15a4a]
[c=9838000000 pc=0000000082ed2a34]
[c=9839000000 pc=0000000082ed2a30]
[c=9840000000 pc=0000000082f15a4a]
[c=9841000000 pc=0000000082ed2a30]
[c=9842000000 pc=0000000082ed2a30]
[c=9843000000 pc=0000000082f15a4e]
[c=9844000000 pc=0000000082f15a4e]
[c=9845000000 pc=0000000082ed2a30]
[c=9846000000 pc=0000000082ed2a34]
[c=9847000000 pc=0000000082f15a66]
[c=9848000000 pc=0000000082f15a6a]
[c=9849000000 pc=0000000082ed2a34]
[c=9850000000 pc=0000000082ed2a30]
[c=9851000000 pc=0000000082f15a58]
[c=9852000000 pc=0000000082f15a58]
[c=9853000000 pc=0000000082ed2a30]
[c=9854000000 pc=0000000082ed2a30]
[c=9855000000 pc=0000000082f15a52]
[c=9856000000 pc=0000000082ed2a30]
[c=9857000000 pc=0000000082ed2a34]
[c=9858000000 pc=0000000082f15a6a]
[c=9859000000 pc=0000000082f15a4a]
[c=9860000000 pc=0000000082ed2a34]
[c=9861000000 pc=0000000082ed2a34]
[c=9862000000 pc=0000000082f15a4e]
[c=9863000000 pc=0000000082f15a4e]
[c=9864000000 pc=0000000082ed2a30]
[c=9865000000 pc=0000000082ed2a30]
[c=9866000000 pc=0000000082f15a4a]
[c=9867000000 pc=0000000082f15a4a]
[c=9868000000 pc=0000000082ed2a30]
[c=9869000000 pc=0000000082ed2a34]
[c=9870000000 pc=0000000082f15a4e]
[c=9871000000 pc=0000000082ed2a34]
[c=9872000000 pc=0000000082ed2a30]
[c=9873000000 pc=0000000082f15a4e]
[c=9874000000 pc=0000000082f15a52]
[c=9875000000 pc=0000000082ed2a30]
[c=9876000000 pc=0000000082ed2a34]
[c=9877000000 pc=0000000082f15a5e]
[c=9878000000 pc=0000000082f15a5e]
[c=9879000000 pc=0000000082ed2a30]
[c=9880000000 pc=0000000082ed2a30]
[c=9881000000 pc=0000000082f15a52]
[c=9882000000 pc=0000000082f15a52]
[c=9883000000 pc=0000000082ed2a30]
[c=9884000000 pc=0000000082ed2a30]
[c=9885000000 pc=0000000082f15a6a]
[c=9886000000 pc=0000000082ed2a34]
[c=9887000000 pc=0000000082ed2a30]
[c=9888000000 pc=0000000082f15a5e]
[c=9889000000 pc=0000000082f15a6a]
[c=9890000000 pc=0000000082ed2a30]
[c=9891000000 pc=0000000082ed2a30]
[c=9892000000 pc=0000000082f15a66]
[c=9893000000 pc=0000000082f15a66]
[c=9894000000 pc=0000000082ed2a30]
[c=9895000000 pc=0000000082ed2a30]
[c=9896000000 pc=0000000082f15a52]
[c=9897000000 pc=0000000082f15a52]
[c=9898000000 pc=0000000082ed2a34]
[c=9899000000 pc=0000000082ed2a30]
[c=9900000000 pc=0000000082f15a66]
[c=9901000000 pc=0000000082ed2a30]
[c=9902000000 pc=0000000082ed2a30]
[c=9903000000 pc=0000000082f15a6a]
[c=9904000000 pc=0000000082f15a4a]
[c=9905000000 pc=0000000082ed2a30]
[c=9906000000 pc=0000000082ed2a30]
[c=9907000000 pc=0000000082f15a52]
[c=9908000000 pc=0000000082f15a52]
[c=9909000000 pc=0000000082ed2a34]
[c=9910000000 pc=0000000082ed2a30]
[c=9911000000 pc=0000000082f15a4e]
[c=9912000000 pc=0000000082f15a4e]
[c=9913000000 pc=0000000082ed2a30]
[c=9914000000 pc=0000000082ed2a30]
[c=9915000000 pc=0000000082f15a4e]
[c=9916000000 pc=0000000082ed2a30]
[c=9917000000 pc=0000000082ed2a30]
[c=9918000000 pc=0000000082f15a66]
[c=9919000000 pc=0000000082f15a6a]
[c=9920000000 pc=0000000082ed2a30]
[c=9921000000 pc=0000000082ed2a30]
[c=9922000000 pc=0000000082f15a4e]
[c=9923000000 pc=0000000082f15a4e]
[c=9924000000 pc=0000000082ed2a30]
[c=9925000000 pc=0000000082ed2a30]
[c=9926000000 pc=0000000082f15a4e]
[c=9927000000 pc=0000000082f15a4e]
[c=9928000000 pc=0000000082ed2a34]
[c=9929000000 pc=0000000082ed2a2a]
[c=9930000000 pc=0000000082f15a6a]
[c=9931000000 pc=0000000082ed2a30]
[c=9932000000 pc=0000000082ed2a30]
[c=9933000000 pc=0000000082f15a4e]
[c=9934000000 pc=0000000082f15a4e]
[c=9935000000 pc=0000000082ed2a30]
[c=9936000000 pc=0000000082ed2a30]
[c=9937000000 pc=0000000082f15a5e]
[c=9938000000 pc=0000000082f15a5e]
[c=9939000000 pc=0000000082ed2a30]
[c=9940000000 pc=0000000082ed2a34]
[c=9941000000 pc=0000000082f15a6a]
[c=9942000000 pc=0000000082f15a4e]
[c=9943000000 pc=0000000082ed2a30]
[c=9944000000 pc=0000000082ed2a30]
[c=9945000000 pc=0000000082f15a6a]
[c=9946000000 pc=0000000082ed2a30]
[c=9947000000 pc=0000000082ed2a30]
[c=9948000000 pc=0000000082f15a66]
[c=9949000000 pc=0000000082f15a66]
[c=9950000000 pc=0000000082ed2a30]
[c=9951000000 pc=0000000082ed2a30]
[c=9952000000 pc=0000000082f15a4e]
[c=9953000000 pc=0000000082f15a5e]
[c=9954000000 pc=0000000082ed2a30]
[c=9955000000 pc=0000000082ed2a34]
[c=9956000000 pc=0000000082f15a6a]
[c=9957000000 pc=0000000082f15a4a]
[c=9958000000 pc=0000000082ed2a30]
[c=9959000000 pc=0000000082ed2a30]
[c=9960000000 pc=0000000082f15a52]
[c=9961000000 pc=0000000082ed2a30]
[c=9962000000 pc=0000000082ed2a30]
[c=9963000000 pc=0000000082f15a4a]
[c=9964000000 pc=0000000082f15a5e]
[c=9965000000 pc=0000000082ed2a30]
[c=9966000000 pc=0000000082ed2a30]
[c=9967000000 pc=0000000082f15a52]
[c=9968000000 pc=0000000082f15a52]
[c=9969000000 pc=0000000082ed2a30]
[c=9970000000 pc=0000000082ed2a30]
[c=9971000000 pc=0000000082f15a52]
[c=9972000000 pc=0000000082f15a52]
[c=9973000000 pc=0000000082ed2a30]
[c=9974000000 pc=0000000082ed2a30]
[c=9975000000 pc=0000000082f15a58]
[c=9976000000 pc=0000000082ed2a30]
[c=9977000000 pc=0000000082ed2a30]
[c=9978000000 pc=0000000082f15a4e]
[c=9979000000 pc=0000000082f15a4e]
[c=9980000000 pc=0000000082ed2a30]
[c=9981000000 pc=0000000082ed2a30]
[c=9982000000 pc=0000000082f15a4a]
[c=9983000000 pc=0000000082f15a4a]
[c=9984000000 pc=0000000082ed2a30]
[c=9985000000 pc=0000000082ed2a30]
[c=9986000000 pc=0000000082f15a66]
[c=9987000000 pc=0000000082f15a66]
[c=9988000000 pc=0000000082ed2a30]
[c=9989000000 pc=0000000082ed2a30]
[c=9990000000 pc=0000000082f15a66]
[c=9991000000 pc=0000000082ed2a30]
[c=9992000000 pc=0000000082ed2a30]
[c=9993000000 pc=0000000082f15a4a]
[c=9994000000 pc=0000000082f15a4a]
[c=9995000000 pc=0000000082ed2a30]
[c=9996000000 pc=0000000082ed2a30]
[c=9997000000 pc=0000000082f15a4a]
[c=9998000000 pc=0000000082f15a4e]
[c=9999000000 pc=0000000082ed2a30]
[c=10000000000 pc=0000000082ed2a30]
[c=10001000000 pc=0000000082f15a6a]
[c=10002000000 pc=0000000082f15a4a]
[c=10003000000 pc=0000000082ed2a34]
[c=10004000000 pc=0000000082ed2a30]
[c=10005000000 pc=0000000082f15a4a]
[c=10006000000 pc=0000000082ed2a30]
[c=10007000000 pc=0000000082ed2a30]
[c=10008000000 pc=0000000082f15a4a]
[c=10009000000 pc=0000000082f15a4e]
[c=10010000000 pc=0000000082ed2a30]
[c=10011000000 pc=0000000082ed2a30]
[c=10012000000 pc=0000000082f15a58]
[c=10013000000 pc=0000000082f15a58]
[c=10014000000 pc=0000000082ed2a30]
[c=10015000000 pc=0000000082ed2a30]
[c=10016000000 pc=0000000082f15a52]
[c=10017000000 pc=0000000082f15a4e]
[c=10018000000 pc=0000000082ed2a34]
[c=10019000000 pc=0000000082ed2a30]
[c=10020000000 pc=0000000082f15a66]
[c=10021000000 pc=0000000082ed2a30]
[c=10022000000 pc=0000000082ed2a30]
[c=10023000000 pc=0000000082f15a5e]
[c=10024000000 pc=0000000082f15a5e]
[c=10025000000 pc=0000000082ed2a30]
[c=10026000000 pc=0000000082ed2a34]
[c=10027000000 pc=0000000082f15a6a]
[c=10028000000 pc=0000000082f15a4a]
[c=10029000000 pc=0000000082ed2a30]
[c=10030000000 pc=0000000082ed2a30]
[c=10031000000 pc=0000000082f15a5e]
[c=10032000000 pc=0000000082f15a5e]
[c=10033000000 pc=0000000082ed2a30]
[c=10034000000 pc=0000000082ed2a30]
[c=10035000000 pc=0000000082f15a6a]
[c=10036000000 pc=0000000082ed2a30]
[c=10037000000 pc=0000000082ed2a30]
[c=10038000000 pc=0000000082f15a5e]
[c=10039000000 pc=0000000082f15a5e]
[c=10040000000 pc=0000000082ed2a30]
[c=10041000000 pc=0000000082ed2a2a]
[c=10042000000 pc=0000000082f15a52]
[c=10043000000 pc=0000000082f15a52]
[c=10044000000 pc=0000000082ed2a30]
[c=10045000000 pc=0000000082ed2a30]
[c=10046000000 pc=0000000082f15a6a]
[c=10047000000 pc=0000000082f15a6a]
[c=10048000000 pc=0000000082ed2a30]
[c=10049000000 pc=0000000082ed2a30]
[c=10050000000 pc=0000000082f15a6a]
[c=10051000000 pc=0000000082ed2a30]
[c=10052000000 pc=0000000082ed2a30]
[c=10053000000 pc=0000000082f15a6a]
[c=10054000000 pc=0000000082f15a6a]
[c=10055000000 pc=0000000082ed2a30]
[c=10056000000 pc=0000000082ed2a34]
[c=10057000000 pc=0000000082f15a66]
[c=10058000000 pc=0000000082f15a6a]
[c=10059000000 pc=0000000082ed2a30]
[c=10060000000 pc=0000000082ed2a30]
[c=10061000000 pc=0000000082f15a66]
[c=10062000000 pc=0000000082f15a66]
[c=10063000000 pc=0000000082ed2a30]
[c=10064000000 pc=0000000082ed2a30]
[c=10065000000 pc=0000000082f15a4a]
[c=10066000000 pc=0000000082ed2a2a]
[c=10067000000 pc=0000000082ed2a30]
[c=10068000000 pc=0000000082f15a5e]
[c=10069000000 pc=0000000082f15a5e]
[c=10070000000 pc=0000000082ed2a30]
[c=10071000000 pc=0000000082ed2a30]
[c=10072000000 pc=0000000082f15a4a]
[c=10073000000 pc=0000000082f15a4a]
[c=10074000000 pc=0000000082ed2a30]
[c=10075000000 pc=0000000082ed2a30]
[c=10076000000 pc=0000000082f15a66]
[c=10077000000 pc=0000000082f15a66]
[c=10078000000 pc=0000000082ed2a30]
[c=10079000000 pc=0000000082ed2a30]
[c=10080000000 pc=0000000082f15a66]
[c=10081000000 pc=0000000082ed2a30]
[c=10082000000 pc=0000000082ed2a30]
[c=10083000000 pc=0000000082f15a4e]
[c=10084000000 pc=0000000082f15a52]
[c=10085000000 pc=0000000082ed2a30]
[c=10086000000 pc=0000000082ed2a30]
[c=10087000000 pc=0000000082f15a4e]
[c=10088000000 pc=0000000082f15a4e]
[c=10089000000 pc=0000000082ed2a30]
[c=10090000000 pc=0000000082ed2a30]
[c=10091000000 pc=0000000082f15a4a]
[c=10092000000 pc=0000000082f15a5e]
[c=10093000000 pc=0000000082ed2a34]
[c=10094000000 pc=0000000082ed2a30]
[c=10095000000 pc=0000000082f15a58]
[c=10096000000 pc=0000000082ed2a30]
[c=10097000000 pc=0000000082ed2a30]
[c=10098000000 pc=0000000082f15a4a]
[c=10099000000 pc=0000000082f15a4a]
[c=10100000000 pc=0000000082ed2a30]
[c=10101000000 pc=0000000082ed2a30]
[c=10102000000 pc=0000000082f15a4e]
[c=10103000000 pc=0000000082f15a4e]
[c=10104000000 pc=0000000082ed2a30]
[c=10105000000 pc=0000000082ed2a2a]
[c=10106000000 pc=0000000082f15a4e]
[c=10107000000 pc=0000000082f15a52]
[c=10108000000 pc=0000000082ed2a30]
[c=10109000000 pc=0000000082ed2a2a]
[c=10110000000 pc=0000000082f15a66]
[c=10111000000 pc=0000000082ed2a30]
[c=10112000000 pc=0000000082ed2a30]
[c=10113000000 pc=0000000082f15a4a]
[c=10114000000 pc=0000000082f15a4a]
[c=10115000000 pc=0000000082ed2a30]
[c=10116000000 pc=0000000082ed2a30]
[c=10117000000 pc=0000000082f15a4e]
[c=10118000000 pc=0000000082f15a4e]
[c=10119000000 pc=0000000082ed2a30]
[c=10120000000 pc=0000000082ed2a30]
[c=10121000000 pc=0000000082f15a6a]
[c=10122000000 pc=0000000082f15a6a]
[c=10123000000 pc=0000000082ed2a34]
[c=10124000000 pc=0000000082ed2a34]
[c=10125000000 pc=0000000082f15a5e]
[c=10126000000 pc=0000000082ed2a30]
[c=10127000000 pc=0000000082ed2a34]
[c=10128000000 pc=0000000082f15a66]
[c=10129000000 pc=0000000082f15a66]
[c=10130000000 pc=0000000082ed2a2a]
[c=10131000000 pc=0000000082ed2a30]
[c=10132000000 pc=0000000082f15a6a]
[c=10133000000 pc=0000000082f15a6a]
[c=10134000000 pc=0000000082ed2a34]
[c=10135000000 pc=0000000082ed2a30]
[c=10136000000 pc=0000000082f15a5e]
[c=10137000000 pc=0000000082f15a66]
[c=10138000000 pc=0000000082ed2a30]
[c=10139000000 pc=0000000080276462]
[c=10140000000 pc=0000000082f15a4a]
[c=10141000000 pc=0000000082ed2a30]
[c=10142000000 pc=0000000082ed2a30]
[c=10143000000 pc=0000000082f15a66]
[c=10144000000 pc=0000000082f15a66]
[c=10145000000 pc=0000000082ed2a30]
[c=10146000000 pc=0000000082ed2a30]
[c=10147000000 pc=0000000082f15a4a]
[c=10148000000 pc=0000000082f15a4a]
[c=10149000000 pc=0000000082ed2a30]
[c=10150000000 pc=0000000082ed2a30]
[c=10151000000 pc=0000000082f15a4e]
[c=10152000000 pc=0000000082f15a52]
[c=10153000000 pc=0000000082ed2a30]
[c=10154000000 pc=00000000802561e4]
[c=10155000000 pc=0000000082f15a5e]
[c=10156000000 pc=0000000082ed2a2a]
[c=10157000000 pc=0000000082ed2a30]
[c=10158000000 pc=0000000082f15a6a]
[c=10159000000 pc=0000000082f15a4a]
[c=10160000000 pc=0000000082ed2a34]
[c=10161000000 pc=0000000082ed2a30]
[c=10162000000 pc=0000000082f15a5e]
[c=10163000000 pc=0000000082f15a66]
[c=10164000000 pc=0000000082ed2a30]
[c=10165000000 pc=0000000082ed2a30]
[c=10166000000 pc=0000000082f15a58]
[c=10167000000 pc=0000000082f15a58]
[c=10168000000 pc=0000000082ed2a30]
[c=10169000000 pc=000000008023b0f0]
[c=10170000000 pc=0000000082f15a66]
[c=10171000000 pc=0000000082ed2a30]
[c=10172000000 pc=0000000082ed2a30]
[c=10173000000 pc=0000000082f15a58]
[c=10174000000 pc=0000000082f15a5e]
[c=10175000000 pc=0000000082ed2a30]
[c=10176000000 pc=0000000082ed2a34]
[c=10177000000 pc=0000000082f15a52]
[c=10178000000 pc=0000000082f15a52]
[c=10179000000 pc=0000000082ed2a30]
[c=10180000000 pc=0000000082ed2a30]
[c=10181000000 pc=0000000082f15a52]
[c=10182000000 pc=0000000082f15a58]
[c=10183000000 pc=0000000082ed2a30]
[c=10184000000 pc=000000008076c18a]
[c=10185000000 pc=0000000082f15a6a]
[c=10186000000 pc=0000000082ed2a30]
[c=10187000000 pc=0000000082ed2a30]
[c=10188000000 pc=0000000082f15a4e]
[c=10189000000 pc=0000000082f15a52]
[c=10190000000 pc=0000000082ed2a30]
[c=10191000000 pc=0000000082ed2a30]
[c=10192000000 pc=0000000082f15a66]
[c=10193000000 pc=0000000082f15a66]
[c=10194000000 pc=0000000082ed2a2a]
[c=10195000000 pc=0000000082ed2a30]
[c=10196000000 pc=0000000082f15a4a]
[c=10197000000 pc=0000000082f15a4a]
[c=10198000000 pc=0000000082ed2a30]
[c=10199000000 pc=0000000080241388]
[c=10200000000 pc=0000000082f15a6a]
[c=10201000000 pc=0000000082ed2a30]
[c=10202000000 pc=0000000082ed2a30]
[c=10203000000 pc=0000000082f15a66]
[c=10204000000 pc=0000000082f15a66]
[c=10205000000 pc=0000000082ed2a30]
[c=10206000000 pc=0000000082ed2a30]
[c=10207000000 pc=0000000082f15a52]
[c=10208000000 pc=0000000082f15a52]
[c=10209000000 pc=0000000082ed2a30]
[c=10210000000 pc=0000000082ed2a30]
[c=10211000000 pc=0000000082f15a6a]
[c=10212000000 pc=0000000082f15a6a]
[c=10213000000 pc=0000000082ed2a30]
[c=10214000000 pc=0000000080243b80]
[c=10215000000 pc=0000000082f15a4e]
[c=10216000000 pc=0000000082ed2a30]
[c=10217000000 pc=0000000082ed2a30]
[c=10218000000 pc=0000000082f15a52]
[c=10219000000 pc=0000000082f15a58]
[c=10220000000 pc=0000000082ed2a30]
[c=10221000000 pc=0000000082ed2a30]
[c=10222000000 pc=0000000082f15a6a]
[c=10223000000 pc=0000000082f15a6a]
[c=10224000000 pc=0000000082ed2a30]
[c=10225000000 pc=0000000082ed2a30]
[c=10226000000 pc=0000000082f15a66]
[c=10227000000 pc=0000000082f15a66]
[c=10228000000 pc=0000000082ed2a30]
[c=10229000000 pc=000000008027615c]
[c=10230000000 pc=0000000082f15a66]
[c=10231000000 pc=0000000082ed2a30]
[c=10232000000 pc=0000000082ed2a30]
[c=10233000000 pc=0000000082f15a5e]
[c=10234000000 pc=0000000082f15a66]
[c=10235000000 pc=0000000082ed2a34]
[c=10236000000 pc=0000000082ed2a30]
[c=10237000000 pc=0000000082f15a52]
[c=10238000000 pc=0000000082f15a58]
[c=10239000000 pc=0000000082ed2a34]
[c=10240000000 pc=0000000082ed2a30]
[c=10241000000 pc=0000000082f15a66]
[c=10242000000 pc=0000000082f15a6a]
[c=10243000000 pc=0000000082ed2a30]
[c=10244000000 pc=0000000080271fe4]
[c=10245000000 pc=0000000082f15a58]
[c=10246000000 pc=0000000082ed2a30]
[c=10247000000 pc=0000000082ed2a30]
[c=10248000000 pc=0000000082f15a66]
[c=10249000000 pc=0000000082f15a6a]
[c=10250000000 pc=0000000082ed2a34]
[c=10251000000 pc=0000000082ed2a30]
[c=10252000000 pc=0000000082f15a4a]
[c=10253000000 pc=0000000082f15a4a]
[c=10254000000 pc=0000000082ed2a34]
[c=10255000000 pc=0000000082ed2a30]
[c=10256000000 pc=0000000082f15a58]
[c=10257000000 pc=0000000082f15a58]
[c=10258000000 pc=0000000082ed2a30]
[c=10259000000 pc=0000000082f15a4a]
[c=10260000000 pc=0000000082f15a4a]
[c=10261000000 pc=0000000082ed2a2a]
[c=10262000000 pc=0000000082ed2a30]
[c=10263000000 pc=0000000082f15a4e]
[c=10264000000 pc=0000000082f15a52]
[c=10265000000 pc=0000000082ed2a30]
[c=10266000000 pc=0000000082ed2a30]
[c=10267000000 pc=0000000082f15a6a]
[c=10268000000 pc=0000000082f15a4a]
[c=10269000000 pc=0000000082ed2a30]
[c=10270000000 pc=0000000082ed2a30]
[c=10271000000 pc=0000000082f15a52]
[c=10272000000 pc=0000000082f15a52]
[c=10273000000 pc=0000000082ed2a30]
[c=10274000000 pc=0000000082f15a4e]
[c=10275000000 pc=0000000082f15a4e]
[c=10276000000 pc=0000000082ed2a30]
[c=10277000000 pc=0000000082ed2a2a]
[c=10278000000 pc=0000000082f15a66]
[c=10279000000 pc=0000000082f15a66]
[c=10280000000 pc=0000000082ed2a30]
[c=10281000000 pc=0000000082ed2a30]
[c=10282000000 pc=0000000082f15a52]
[c=10283000000 pc=0000000082f15a52]
[c=10284000000 pc=0000000082ed2a34]
[c=10285000000 pc=0000000082ed2a30]
[c=10286000000 pc=0000000082f15a4a]
[c=10287000000 pc=0000000082f15a4a]
[c=10288000000 pc=0000000082ed2a30]
[c=10289000000 pc=0000000082f15a6a]
[c=10290000000 pc=0000000082f15a4a]
[c=10291000000 pc=0000000082ed2a34]
[c=10292000000 pc=0000000082ed2a30]
[c=10293000000 pc=0000000082f15a58]
[c=10294000000 pc=0000000082f15a66]
[c=10295000000 pc=0000000082ed2a30]
[c=10296000000 pc=0000000082ed2a34]
[c=10297000000 pc=0000000082f15a5e]
[c=10298000000 pc=0000000082f15a5e]
[c=10299000000 pc=0000000082ed2a30]
[c=10300000000 pc=0000000082ed2a34]
[c=10301000000 pc=0000000082f15a4e]
[c=10302000000 pc=0000000082f15a52]
[c=10303000000 pc=0000000082ed2a30]
[c=10304000000 pc=0000000082f15a66]
[c=10305000000 pc=0000000082f15a66]
[c=10306000000 pc=0000000082ed2a30]
[c=10307000000 pc=0000000082ed2a30]
[c=10308000000 pc=0000000082f15a58]
[c=10309000000 pc=0000000082f15a5e]
[c=10310000000 pc=0000000082ed2a34]
[c=10311000000 pc=0000000082ed2a30]
[c=10312000000 pc=0000000082f15a58]
[c=10313000000 pc=0000000082f15a58]
[c=10314000000 pc=0000000082ed2a30]
[c=10315000000 pc=0000000082ed2a30]
[c=10316000000 pc=0000000082f15a52]
[c=10317000000 pc=0000000082f15a58]
[c=10318000000 pc=0000000082ed2a30]
[c=10319000000 pc=0000000082f15a58]
[c=10320000000 pc=0000000082f15a5e]
[c=10321000000 pc=0000000082ed2a30]
[c=10322000000 pc=0000000082ed2a30]
[c=10323000000 pc=0000000082f15a58]
[c=10324000000 pc=0000000082f15a5e]
[c=10325000000 pc=0000000082ed2a30]
[c=10326000000 pc=0000000082ed2a30]
[c=10327000000 pc=0000000082f15a6a]
[c=10328000000 pc=0000000082f15a4a]
[c=10329000000 pc=0000000082ed2a30]
[c=10330000000 pc=0000000082ed2a34]
[c=10331000000 pc=0000000082f15a52]
[c=10332000000 pc=0000000082f15a58]
[c=10333000000 pc=0000000082ed2a2a]
[c=10334000000 pc=0000000082f15a6a]
[c=10335000000 pc=0000000082f15a6a]
[c=10336000000 pc=0000000082ed2a30]
[c=10337000000 pc=0000000082ed2a30]
[c=10338000000 pc=0000000082f15a4e]
[c=10339000000 pc=0000000082f15a4e]
[c=10340000000 pc=0000000082ed2a30]
[c=10341000000 pc=0000000082ed2a30]
[c=10342000000 pc=0000000082f15a58]
[c=10343000000 pc=0000000082f15a58]
[c=10344000000 pc=0000000082ed2a30]
[c=10345000000 pc=0000000082ed2a34]
[c=10346000000 pc=0000000082f15a58]
[c=10347000000 pc=0000000082f15a58]
[c=10348000000 pc=0000000082ed2a30]
[c=10349000000 pc=0000000082f15a52]
[c=10350000000 pc=0000000082f15a52]
[c=10351000000 pc=0000000082ed2a30]
[c=10352000000 pc=0000000082ed2a30]
[c=10353000000 pc=0000000082f15a4a]
[c=10354000000 pc=0000000082f15a4a]
[c=10355000000 pc=0000000082ed2a30]
[c=10356000000 pc=0000000082ed2a30]
[c=10357000000 pc=0000000082f15a66]
[c=10358000000 pc=0000000082f15a4e]
[c=10359000000 pc=0000000082ed2a30]
[c=10360000000 pc=0000000082ed2a30]
[c=10361000000 pc=0000000082f15a4e]
[c=10362000000 pc=0000000082f15a4e]
[c=10363000000 pc=0000000082ed2a30]
[c=10364000000 pc=0000000082f15a52]
[c=10365000000 pc=0000000082f15a58]
[c=10366000000 pc=0000000082ed2a30]
[c=10367000000 pc=0000000082ed2a30]
[c=10368000000 pc=0000000082f15a4a]
[c=10369000000 pc=0000000082f15a5e]
[c=10370000000 pc=0000000082ed2a30]
[c=10371000000 pc=0000000082ed2a30]
[c=10372000000 pc=0000000082f15a4e]
[c=10373000000 pc=0000000082f15a4e]
[c=10374000000 pc=0000000082ed2a30]
[c=10375000000 pc=0000000082ed2a30]
[c=10376000000 pc=0000000082f15a6a]
[c=10377000000 pc=0000000082f15a6a]
[c=10378000000 pc=0000000082ed2a30]
[c=10379000000 pc=0000000082f15a5e]
[c=10380000000 pc=0000000082f15a66]
[c=10381000000 pc=0000000082ed2a30]
[c=10382000000 pc=0000000082ed2a30]
[c=10383000000 pc=0000000082f15a6a]
[c=10384000000 pc=0000000082f15a4a]
[c=10385000000 pc=0000000082ed2a30]
[c=10386000000 pc=0000000082ed2a30]
[c=10387000000 pc=0000000082f15a4a]
[c=10388000000 pc=0000000082f15a4a]
[c=10389000000 pc=0000000082ed2a30]
[c=10390000000 pc=0000000082ed2a30]
[c=10391000000 pc=0000000082f15a5e]
[c=10392000000 pc=0000000082f15a5e]
[c=10393000000 pc=0000000082ed2a30]
[c=10394000000 pc=0000000082f15a5e]
[c=10395000000 pc=0000000082f15a66]
[c=10396000000 pc=0000000082ed2a30]
[c=10397000000 pc=0000000082ed2a30]
[c=10398000000 pc=0000000082f15a5e]
[c=10399000000 pc=0000000082f15a66]
[c=10400000000 pc=0000000082ed2a2a]
[c=10401000000 pc=0000000082ed2a30]
[c=10402000000 pc=0000000082f15a52]
[c=10403000000 pc=0000000082f15a58]
[c=10404000000 pc=0000000082ed2a30]
[c=10405000000 pc=0000000082ed2a2a]
[c=10406000000 pc=0000000082f15a4a]
[c=10407000000 pc=0000000082f15a4a]
[c=10408000000 pc=0000000082ed2a34]
[c=10409000000 pc=0000000082f15a58]
[c=10410000000 pc=0000000082f15a58]
[c=10411000000 pc=0000000082ed2a30]
[c=10412000000 pc=0000000082ed2a30]
[c=10413000000 pc=0000000082f15a4e]
[c=10414000000 pc=0000000082f15a4e]
[c=10415000000 pc=0000000082ed2a30]
[c=10416000000 pc=0000000082ed2a30]
[c=10417000000 pc=0000000082f15a5e]
[c=10418000000 pc=0000000082f15a5e]
[c=10419000000 pc=0000000082ed2a30]
[c=10420000000 pc=0000000082ed2a30]
[c=10421000000 pc=0000000082f15a4e]
[c=10422000000 pc=0000000082f15a52]
[c=10423000000 pc=0000000082ed2a30]
[c=10424000000 pc=0000000082f15a5e]
[c=10425000000 pc=0000000082f15a5e]
[c=10426000000 pc=0000000082ed2a30]
[c=10427000000 pc=0000000082ed2a34]
[c=10428000000 pc=0000000082f15a58]
[c=10429000000 pc=0000000082f15a58]
[c=10430000000 pc=0000000082ed2a30]
[c=10431000000 pc=0000000082ed2a30]
[c=10432000000 pc=0000000082f15a4e]
[c=10433000000 pc=0000000082f15a52]
[c=10434000000 pc=0000000082ed2a30]
[c=10435000000 pc=0000000082ed2a30]
[c=10436000000 pc=0000000082f15a66]
[c=10437000000 pc=0000000082f15a66]
[c=10438000000 pc=0000000082ed2a30]
[c=10439000000 pc=0000000082f15a66]
[c=10440000000 pc=0000000082f15a66]
[c=10441000000 pc=0000000082ed2a30]
[c=10442000000 pc=0000000082ed2a34]
[c=10443000000 pc=0000000082f15a4e]
[c=10444000000 pc=0000000082f15a4e]
[c=10445000000 pc=0000000082ed2a30]
[c=10446000000 pc=0000000082ed2a30]
[c=10447000000 pc=0000000082f15a6a]
[c=10448000000 pc=0000000082f15a6a]
[c=10449000000 pc=0000000082ed2a30]
[c=10450000000 pc=0000000082ed2a30]
[c=10451000000 pc=0000000082f15a4a]
[c=10452000000 pc=0000000082f15a4a]
[c=10453000000 pc=0000000082ed2a30]
[c=10454000000 pc=0000000082f15a58]
[c=10455000000 pc=0000000082f15a58]
[c=10456000000 pc=0000000082ed2a30]
[c=10457000000 pc=0000000082ed2a30]
[c=10458000000 pc=0000000082f15a58]
[c=10459000000 pc=0000000082f15a58]
[c=10460000000 pc=0000000082ed2a30]
[c=10461000000 pc=0000000082ed2a30]
[c=10462000000 pc=0000000082f15a52]
[c=10463000000 pc=0000000082f15a58]
[c=10464000000 pc=0000000082ed2a30]
[c=10465000000 pc=0000000082ed2a34]
[c=10466000000 pc=0000000082f15a6a]
[c=10467000000 pc=0000000082f15a4a]
[c=10468000000 pc=0000000082ed2a34]
[c=10469000000 pc=0000000082f15a66]
[c=10470000000 pc=0000000082f15a66]
[c=10471000000 pc=0000000082ed2a2a]
[c=10472000000 pc=0000000082ed2a30]
[c=10473000000 pc=0000000082f15a66]
[c=10474000000 pc=0000000082f15a6a]
[c=10475000000 pc=0000000082ed2a30]
[c=10476000000 pc=0000000082ed2a2a]
[c=10477000000 pc=0000000082f15a4e]
[c=10478000000 pc=0000000082f15a52]
[c=10479000000 pc=0000000082ed2a2a]
[c=10480000000 pc=0000000082ed2a30]
[c=10481000000 pc=0000000082f15a4a]
[c=10482000000 pc=0000000082f15a4e]
[c=10483000000 pc=0000000082ed2a30]
[c=10484000000 pc=0000000082f15a5e]
[c=10485000000 pc=0000000082f15a5e]
[c=10486000000 pc=0000000082ed2a30]
[c=10487000000 pc=0000000082ed2a30]
[c=10488000000 pc=0000000082f15a66]
[c=10489000000 pc=0000000082f15a66]
[c=10490000000 pc=0000000082ed2a34]
[c=10491000000 pc=0000000082ed2a30]
[c=10492000000 pc=0000000082f15a5e]
[c=10493000000 pc=0000000082f15a5e]
[c=10494000000 pc=0000000082ed2a30]
[c=10495000000 pc=0000000082ed2a30]
[c=10496000000 pc=0000000082f15a6a]
[c=10497000000 pc=0000000082f15a5e]
[c=10498000000 pc=0000000082ed2a30]
[c=10499000000 pc=0000000082f15a52]
[c=10500000000 pc=0000000082f15a58]
[c=10501000000 pc=0000000082ed2a30]
[c=10502000000 pc=0000000082ed2a30]
[c=10503000000 pc=0000000082f15a4a]
[c=10504000000 pc=0000000082f15a4e]
[c=10505000000 pc=0000000082ed2a30]
[c=10506000000 pc=0000000082ed2a2a]
[c=10507000000 pc=0000000082f15a58]
[c=10508000000 pc=0000000082f15a6a]
[c=10509000000 pc=0000000082ed2a30]
[c=10510000000 pc=0000000082ed2a30]
[c=10511000000 pc=0000000082f15a4a]
[c=10512000000 pc=0000000082f15a4a]
[c=10513000000 pc=0000000082ed2a30]
[c=10514000000 pc=0000000082f15a66]
[c=10515000000 pc=0000000082f15a66]
[c=10516000000 pc=0000000082ed2a30]
[c=10517000000 pc=0000000082ed2a34]
[c=10518000000 pc=0000000082f15a58]
[c=10519000000 pc=0000000082f15a58]
[c=10520000000 pc=0000000082ed2a30]
[c=10521000000 pc=0000000082ed2a30]
[c=10522000000 pc=0000000082f15a4a]
[c=10523000000 pc=0000000082f15a4a]
[c=10524000000 pc=0000000082ed2a30]
[c=10525000000 pc=0000000082ed2a30]
[c=10526000000 pc=0000000082f15a4a]
[c=10527000000 pc=0000000082f15a4a]
[c=10528000000 pc=0000000082ed2a30]
[c=10529000000 pc=0000000082f15a58]
[c=10530000000 pc=0000000082f15a58]
[c=10531000000 pc=0000000082ed2a30]
[c=10532000000 pc=0000000082ed2a30]
[c=10533000000 pc=0000000082f15a52]
[c=10534000000 pc=0000000082f15a58]
[c=10535000000 pc=0000000082ed2a34]
[c=10536000000 pc=0000000082ed2a2a]
[c=10537000000 pc=0000000082f15a52]
[c=10538000000 pc=0000000082f15a58]
[c=10539000000 pc=0000000082ed2a30]
[c=10540000000 pc=0000000082ed2a34]
[c=10541000000 pc=0000000082f15a4e]
[c=10542000000 pc=0000000082f15a4e]
[c=10543000000 pc=0000000082ed2a30]
[c=10544000000 pc=0000000082f15a52]
[c=10545000000 pc=0000000082f15a52]
[c=10546000000 pc=0000000082ed2a30]
[c=10547000000 pc=0000000082ed2a34]
[c=10548000000 pc=0000000082f15a6a]
[c=10549000000 pc=0000000082f15a6a]
[c=10550000000 pc=0000000082ed2a30]
[c=10551000000 pc=0000000082ed2a30]
[c=10552000000 pc=0000000082f15a5e]
[c=10553000000 pc=0000000082f15a5e]
[c=10554000000 pc=0000000082ed2a30]
[c=10555000000 pc=0000000082ed2a34]
[c=10556000000 pc=0000000082f15a66]
[c=10557000000 pc=0000000082f15a6a]
[c=10558000000 pc=0000000082ed2a30]
[c=10559000000 pc=0000000082f15a52]
[c=10560000000 pc=0000000082f15a52]
[c=10561000000 pc=0000000082ed2a30]
[c=10562000000 pc=0000000082ed2a30]
[c=10563000000 pc=0000000082f15a52]
[c=10564000000 pc=0000000082f15a58]
[c=10565000000 pc=0000000082ed2a30]
[c=10566000000 pc=0000000082ed2a34]
[c=10567000000 pc=0000000082f15a66]
[c=10568000000 pc=0000000082f15a66]
[c=10569000000 pc=0000000082ed2a30]
[c=10570000000 pc=0000000082ed2a30]
[c=10571000000 pc=0000000082f15a66]
[c=10572000000 pc=0000000082f15a66]
[c=10573000000 pc=0000000082ed2a30]
[c=10574000000 pc=0000000082f15a6a]
[c=10575000000 pc=0000000082f15a6a]
[c=10576000000 pc=0000000082ed2a30]
[c=10577000000 pc=0000000082ed2a30]
[c=10578000000 pc=0000000082f15a4a]
[c=10579000000 pc=0000000082f15a4a]
[c=10580000000 pc=0000000082ed2a34]
[c=10581000000 pc=0000000082ed2a30]
[c=10582000000 pc=0000000082f15a4a]
[c=10583000000 pc=0000000082f15a4a]
[c=10584000000 pc=0000000082ed2a34]
[c=10585000000 pc=0000000082ed2a30]
[c=10586000000 pc=0000000082f15a5e]
[c=10587000000 pc=0000000082f15a5e]
[c=10588000000 pc=0000000082ed2a30]
[c=10589000000 pc=0000000082f15a66]
[c=10590000000 pc=0000000082f15a66]
[c=10591000000 pc=0000000082ed2a34]
[c=10592000000 pc=0000000082ed2a30]
[c=10593000000 pc=0000000082f15a52]
[c=10594000000 pc=0000000082f15a52]
[c=10595000000 pc=0000000082ed2a30]
[c=10596000000 pc=0000000082ed2a30]
[c=10597000000 pc=0000000082f15a58]
[c=10598000000 pc=0000000082f15a58]
[c=10599000000 pc=0000000082ed2a30]
[c=10600000000 pc=0000000082ed2a30]
[c=10601000000 pc=0000000082f15a4a]
[c=10602000000 pc=0000000082f15a4a]
[c=10603000000 pc=0000000082ed2a30]
[c=10604000000 pc=0000000082f15a4e]
[c=10605000000 pc=0000000082f15a4e]
[c=10606000000 pc=0000000082ed2a34]
[c=10607000000 pc=0000000082ed2a30]
[c=10608000000 pc=0000000082f15a4a]
[c=10609000000 pc=0000000082f15a4a]
[c=10610000000 pc=0000000082ed2a30]
[c=10611000000 pc=0000000082ed2a30]
[c=10612000000 pc=0000000082f15a4a]
[c=10613000000 pc=0000000082f15a4a]
[c=10614000000 pc=0000000082ed2a30]
[c=10615000000 pc=0000000082ed2a30]
[c=10616000000 pc=0000000082f15a52]
[c=10617000000 pc=0000000082f15a52]
[c=10618000000 pc=0000000082ed2a30]
[c=10619000000 pc=0000000082f15a4e]
[c=10620000000 pc=0000000082f15a4e]
[c=10621000000 pc=0000000082ed2a30]
[c=10622000000 pc=0000000082ed2a30]
[c=10623000000 pc=0000000082f15a52]
[c=10624000000 pc=0000000082f15a52]
[c=10625000000 pc=0000000082ed2a34]
[c=10626000000 pc=0000000082ed2a30]
[c=10627000000 pc=0000000082f15a66]
[c=10628000000 pc=0000000082f15a6a]
[c=10629000000 pc=0000000082ed2a30]
[c=10630000000 pc=0000000082ed2a34]
[c=10631000000 pc=0000000082f15a52]
[c=10632000000 pc=0000000082f15a52]
[c=10633000000 pc=0000000082ed2a2a]
[c=10634000000 pc=0000000082f15a66]
[c=10635000000 pc=0000000082f15a6a]
[c=10636000000 pc=0000000082ed2a30]
[c=10637000000 pc=0000000082ed2a30]
[c=10638000000 pc=0000000082f15a5e]
[c=10639000000 pc=0000000082f15a5e]
[c=10640000000 pc=0000000082ed2a30]
[c=10641000000 pc=0000000082ed2a34]
[c=10642000000 pc=0000000082f15a6a]
[c=10643000000 pc=0000000082f15a6a]
[c=10644000000 pc=0000000082ed2a30]
[c=10645000000 pc=0000000082ed2a30]
[c=10646000000 pc=0000000082f15a52]
[c=10647000000 pc=0000000082f15a58]
[c=10648000000 pc=0000000082ed2a30]
[c=10649000000 pc=0000000082f15a52]
[c=10650000000 pc=0000000082f15a58]
[c=10651000000 pc=0000000082ed2a30]
[c=10652000000 pc=0000000082ed2a30]
[c=10653000000 pc=0000000082f15a5e]
[c=10654000000 pc=0000000082f15a5e]
[c=10655000000 pc=0000000082ed2a30]
[c=10656000000 pc=0000000082ed2a30]
[c=10657000000 pc=0000000082f15a4a]
[c=10658000000 pc=0000000082f15a4a]
[c=10659000000 pc=0000000082ed2a30]
[c=10660000000 pc=0000000082ed2a34]
[c=10661000000 pc=0000000082f15a66]
[c=10662000000 pc=0000000082f15a66]
[c=10663000000 pc=0000000082ed2a30]
[c=10664000000 pc=0000000082f15a5e]
[c=10665000000 pc=0000000082f15a66]
[c=10666000000 pc=0000000082ed2a2a]
[c=10667000000 pc=0000000082ed2a30]
[c=10668000000 pc=0000000082f15a4a]
[c=10669000000 pc=0000000082f15a4e]
[c=10670000000 pc=0000000082ed2a30]
[c=10671000000 pc=0000000082ed2a34]
[c=10672000000 pc=0000000082f15a6a]
[c=10673000000 pc=0000000082f15a6a]
[c=10674000000 pc=0000000082ed2a30]
[c=10675000000 pc=0000000082ed2a34]
[c=10676000000 pc=0000000082f15a66]
[c=10677000000 pc=0000000082f15a66]
[c=10678000000 pc=0000000082ed2a2a]
[c=10679000000 pc=0000000082f15a4e]
[c=10680000000 pc=0000000082f15a4e]
[c=10681000000 pc=0000000082ed2a34]
[c=10682000000 pc=0000000082ed2a30]
[c=10683000000 pc=0000000082f15a58]
[c=10684000000 pc=0000000082f15a5e]
[c=10685000000 pc=0000000082ed2a30]
[c=10686000000 pc=0000000082ed2a30]
[c=10687000000 pc=0000000082f15a52]
[c=10688000000 pc=0000000082f15a52]
[c=10689000000 pc=0000000082ed2a30]
[c=10690000000 pc=0000000082ed2a30]
[c=10691000000 pc=0000000082f15a5e]
[c=10692000000 pc=0000000082f15a5e]
[c=10693000000 pc=0000000082ed2a34]
[c=10694000000 pc=0000000082f15a66]
[c=10695000000 pc=0000000082f15a6a]
[c=10696000000 pc=0000000082ed2a30]
[c=10697000000 pc=0000000082ed2a30]
[c=10698000000 pc=0000000082f15a5e]
[c=10699000000 pc=0000000082f15a66]
[c=10700000000 pc=0000000082ed2a30]
[c=10701000000 pc=0000000082ed2a30]
[c=10702000000 pc=0000000082f15a4e]
[c=10703000000 pc=0000000082f15a4e]
[c=10704000000 pc=0000000082ed2a30]
[c=10705000000 pc=0000000082ed2a30]
[c=10706000000 pc=0000000082f15a66]
[c=10707000000 pc=0000000082f15a66]
[c=10708000000 pc=0000000082ed2a2a]
[c=10709000000 pc=0000000082f15a4e]
[c=10710000000 pc=0000000082f15a5e]
[c=10711000000 pc=0000000082ed2a30]
[c=10712000000 pc=0000000082ed2a30]
[c=10713000000 pc=0000000082f15a4a]
[c=10714000000 pc=0000000082f15a4a]
[c=10715000000 pc=0000000082ed2a2a]
[c=10716000000 pc=0000000082ed2a30]
[c=10717000000 pc=0000000082f15a66]
[c=10718000000 pc=0000000082f15a6a]
[c=10719000000 pc=0000000082ed2a30]
[c=10720000000 pc=0000000082ed2a30]
[c=10721000000 pc=0000000082f15a58]
[c=10722000000 pc=0000000082f15a5e]
[c=10723000000 pc=0000000082ed2a30]
[c=10724000000 pc=0000000082f15a4e]
[c=10725000000 pc=0000000082f15a52]
[c=10726000000 pc=0000000082ed2a30]
[c=10727000000 pc=0000000082ed2a34]
[c=10728000000 pc=0000000082f15a66]
[c=10729000000 pc=0000000082f15a66]
[c=10730000000 pc=0000000082ed2a2a]
[c=10731000000 pc=0000000082ed2a30]
[c=10732000000 pc=0000000082f15a4e]
[c=10733000000 pc=0000000082f15a4e]
[c=10734000000 pc=0000000082ed2a34]
[c=10735000000 pc=0000000082ed2a34]
[c=10736000000 pc=0000000082f15a66]
[c=10737000000 pc=0000000082f15a66]
[c=10738000000 pc=0000000082ed2a30]
[c=10739000000 pc=0000000082f15a6a]
[c=10740000000 pc=0000000082f15a4a]
[c=10741000000 pc=0000000082ed2a34]
[c=10742000000 pc=0000000082ed2a30]
[c=10743000000 pc=0000000082f15a52]
[c=10744000000 pc=0000000082f15a52]
[c=10745000000 pc=0000000082ed2a34]
[c=10746000000 pc=0000000082ed2a30]
[c=10747000000 pc=0000000082f15a4e]
[c=10748000000 pc=0000000082f15a4e]
[c=10749000000 pc=0000000082ed2a30]
[c=10750000000 pc=0000000082ed2a30]
[c=10751000000 pc=0000000082f15a6a]
[c=10752000000 pc=0000000082f15a6a]
[c=10753000000 pc=0000000082ed2a30]
[c=10754000000 pc=0000000082f15a4e]
[c=10755000000 pc=0000000082f15a52]
[c=10756000000 pc=0000000082ed2a30]
[c=10757000000 pc=0000000082ed2a30]
[c=10758000000 pc=0000000082f15a6a]
[c=10759000000 pc=0000000082f15a6a]
[c=10760000000 pc=0000000082ed2a30]
[c=10761000000 pc=0000000082ed2a30]
[c=10762000000 pc=0000000082f15a4a]
[c=10763000000 pc=0000000082f15a4e]
[c=10764000000 pc=0000000082ed2a2a]
[c=10765000000 pc=0000000082ed2a30]
[c=10766000000 pc=0000000082f15a4e]
[c=10767000000 pc=0000000082f15a4e]
[c=10768000000 pc=0000000082ed2a34]
[c=10769000000 pc=0000000082f15a52]
[c=10770000000 pc=0000000082f15a52]
[c=10771000000 pc=0000000082ed2a30]
[c=10772000000 pc=0000000082ed2a34]
[c=10773000000 pc=0000000082f15a4a]
[c=10774000000 pc=0000000082f15a6a]
[c=10775000000 pc=0000000082ed2a30]
[c=10776000000 pc=0000000082ed2a30]
[c=10777000000 pc=0000000082f15a4a]
[c=10778000000 pc=0000000082f15a4a]
[c=10779000000 pc=0000000082ed2a34]
[c=10780000000 pc=0000000082ed2a30]
[c=10781000000 pc=0000000082f15a5e]
[c=10782000000 pc=0000000082f15a5e]
[c=10783000000 pc=0000000082ed2a30]
[c=10784000000 pc=0000000082f15a4e]
[c=10785000000 pc=0000000082f15a6a]
[c=10786000000 pc=0000000082ed2a30]
[c=10787000000 pc=0000000082ed2a30]
[c=10788000000 pc=0000000082f15a52]
[c=10789000000 pc=0000000082f15a58]
[c=10790000000 pc=0000000082ed2a30]
[c=10791000000 pc=0000000082ed2a30]
[c=10792000000 pc=0000000082f15a58]
[c=10793000000 pc=0000000082f15a58]
[c=10794000000 pc=0000000082ed2a30]
[c=10795000000 pc=0000000082ed2a30]
[c=10796000000 pc=0000000082f15a4a]
[c=10797000000 pc=0000000082f15a4a]
[c=10798000000 pc=0000000082ed2a30]
[c=10799000000 pc=0000000082f15a52]
[c=10800000000 pc=0000000082f15a52]
[c=10801000000 pc=0000000082ed2a30]
[c=10802000000 pc=0000000082ed2a30]
[c=10803000000 pc=0000000082f15a4e]
[c=10804000000 pc=0000000082f15a4e]
[c=10805000000 pc=0000000082ed2a30]
[c=10806000000 pc=0000000082ed2a30]
[c=10807000000 pc=0000000082f15a58]
[c=10808000000 pc=0000000082f15a5e]
[c=10809000000 pc=0000000082ed2a30]
[c=10810000000 pc=0000000082ed2a30]
[c=10811000000 pc=0000000082f15a4e]
[c=10812000000 pc=0000000082f15a4e]
[c=10813000000 pc=0000000082ed2a2a]
[c=10814000000 pc=0000000082f15a4a]
[c=10815000000 pc=0000000082f15a4a]
[c=10816000000 pc=0000000082ed2a30]
[c=10817000000 pc=0000000082ed2a30]
[c=10818000000 pc=0000000082f15a5e]
[c=10819000000 pc=0000000082f15a5e]
[c=10820000000 pc=0000000082ed2a30]
[c=10821000000 pc=0000000082ed2a30]
[c=10822000000 pc=0000000082f15a58]
[c=10823000000 pc=0000000082f15a5e]
[c=10824000000 pc=0000000082ed2a30]
[c=10825000000 pc=0000000082ed2a34]
[c=10826000000 pc=0000000082f15a66]
[c=10827000000 pc=0000000082f15a66]
[c=10828000000 pc=0000000082ed2a30]
[c=10829000000 pc=0000000082f15a4e]
[c=10830000000 pc=0000000082f15a4e]
[c=10831000000 pc=0000000082ed2a30]
[c=10832000000 pc=0000000082ed2a30]
[c=10833000000 pc=0000000082f15a58]
[c=10834000000 pc=0000000082f15a58]
[c=10835000000 pc=0000000082ed2a30]
[c=10836000000 pc=0000000082ed2a30]
[c=10837000000 pc=0000000082f15a58]
[c=10838000000 pc=0000000082f15a4a]
[c=10839000000 pc=0000000082ed2a30]
[c=10840000000 pc=0000000082ed2a30]
[c=10841000000 pc=0000000082f15a52]
[c=10842000000 pc=0000000082f15a52]
[c=10843000000 pc=0000000082ed2a30]
[c=10844000000 pc=0000000082f15a4e]
[c=10845000000 pc=0000000082f15a4e]
[c=10846000000 pc=0000000082ed2a30]
[c=10847000000 pc=0000000082ed2a34]
[c=10848000000 pc=0000000082f15a52]
[c=10849000000 pc=0000000082f15a6a]
[c=10850000000 pc=0000000082ed2a30]
[c=10851000000 pc=0000000082ed2a30]
[c=10852000000 pc=0000000082f15a58]
[c=10853000000 pc=0000000082f15a58]
[c=10854000000 pc=0000000082ed2a34]
[c=10855000000 pc=0000000082ed2a30]
[c=10856000000 pc=0000000082f15a52]
[c=10857000000 pc=0000000082f15a58]
[c=10858000000 pc=0000000082ed2a34]
[c=10859000000 pc=0000000082f15a4a]
[c=10860000000 pc=0000000082f15a58]
[c=10861000000 pc=0000000082ed2a30]
[c=10862000000 pc=0000000082ed2a30]
[c=10863000000 pc=0000000082f15a58]
[c=10864000000 pc=0000000082f15a5e]
[c=10865000000 pc=0000000082ed2a30]
[c=10866000000 pc=0000000082ed2a30]
[c=10867000000 pc=0000000082f15a4a]
[c=10868000000 pc=0000000082f15a4a]
[c=10869000000 pc=0000000082ed2a30]
[c=10870000000 pc=0000000082ed2a30]
[c=10871000000 pc=0000000082f15a4a]
[c=10872000000 pc=0000000082f15a4a]
[c=10873000000 pc=0000000082ed2a34]
[c=10874000000 pc=0000000082f15a4a]
[c=10875000000 pc=0000000082f15a4e]
[c=10876000000 pc=0000000082ed2a30]
[c=10877000000 pc=0000000082ed2a30]
[c=10878000000 pc=0000000082f15a66]
[c=10879000000 pc=0000000082f15a6a]
[c=10880000000 pc=0000000082ed2a2a]
[c=10881000000 pc=0000000082ed2a30]
[c=10882000000 pc=0000000082f15a66]
[c=10883000000 pc=0000000082f15a66]
[c=10884000000 pc=0000000082ed2a30]
[c=10885000000 pc=0000000082ed2a30]
[c=10886000000 pc=0000000082f15a58]
[c=10887000000 pc=0000000082f15a58]
[c=10888000000 pc=0000000082ed2a34]
[c=10889000000 pc=0000000082f15a4a]
[c=10890000000 pc=0000000082f15a4a]
[c=10891000000 pc=0000000082ed2a30]
[c=10892000000 pc=0000000082ed2a30]
[c=10893000000 pc=0000000082f15a52]
[c=10894000000 pc=0000000082f15a58]
[c=10895000000 pc=0000000082ed2a30]
[c=10896000000 pc=0000000082ed2a30]
[c=10897000000 pc=0000000082f15a52]
[c=10898000000 pc=0000000082f15a52]
[c=10899000000 pc=0000000082ed2a34]
[c=10900000000 pc=0000000082ed2a30]
[c=10901000000 pc=0000000082f15a66]
[c=10902000000 pc=0000000082f15a6a]
[c=10903000000 pc=0000000082ed2a34]
[c=10904000000 pc=0000000082f15a5e]
[c=10905000000 pc=0000000082f15a66]
[c=10906000000 pc=0000000082ed2a30]
[c=10907000000 pc=0000000082ed2a30]
[c=10908000000 pc=0000000082f15a66]
[c=10909000000 pc=0000000082f15a66]
[c=10910000000 pc=0000000082ed2a30]
[c=10911000000 pc=0000000082ed2a30]
[c=10912000000 pc=0000000082f15a58]
[c=10913000000 pc=0000000082f15a6a]
[c=10914000000 pc=0000000082ed2a30]
[c=10915000000 pc=0000000082ed2a2a]
[c=10916000000 pc=0000000082f15a4e]
[c=10917000000 pc=0000000082f15a4e]
[c=10918000000 pc=0000000082ed2a30]
[c=10919000000 pc=0000000082f15a52]
[c=10920000000 pc=0000000082f15a52]
[c=10921000000 pc=0000000082ed2a30]
[c=10922000000 pc=0000000082ed2a30]
[c=10923000000 pc=0000000082f15a4e]
[c=10924000000 pc=0000000082f15a4e]
[c=10925000000 pc=0000000082ed2a30]
[c=10926000000 pc=0000000082ed2a30]
[c=10927000000 pc=0000000082f15a4a]
[c=10928000000 pc=0000000082f15a4e]
[c=10929000000 pc=0000000082ed2a30]
[c=10930000000 pc=0000000082ed2a30]
[c=10931000000 pc=0000000082f15a58]
[c=10932000000 pc=0000000082f15a5e]
[c=10933000000 pc=0000000082ed2a30]
[c=10934000000 pc=0000000082f15a66]
[c=10935000000 pc=0000000082f15a66]
[c=10936000000 pc=0000000082ed2a30]
[c=10937000000 pc=0000000082ed2a30]
[c=10938000000 pc=0000000082f15a4a]
[c=10939000000 pc=0000000082f15a4e]
[c=10940000000 pc=0000000082ed2a30]
[c=10941000000 pc=0000000082ed2a30]
[c=10942000000 pc=0000000082f15a4e]
[c=10943000000 pc=0000000082f15a4e]
[c=10944000000 pc=0000000082ed2a30]
[c=10945000000 pc=0000000082ed2a30]
[c=10946000000 pc=0000000082f15a66]
[c=10947000000 pc=0000000082f15a66]
[c=10948000000 pc=0000000082ed2a30]
[c=10949000000 pc=0000000082f15a4e]
[c=10950000000 pc=0000000082f15a4e]
[c=10951000000 pc=0000000082ed2a30]
[c=10952000000 pc=0000000082ed2a30]
[c=10953000000 pc=0000000082f15a6a]
[c=10954000000 pc=0000000082f15a6a]
[c=10955000000 pc=0000000082ed2a30]
[c=10956000000 pc=0000000082ed2a34]
[c=10957000000 pc=0000000082f15a6a]
[c=10958000000 pc=0000000082f15a6a]
[c=10959000000 pc=0000000082ed2a30]
[c=10960000000 pc=0000000082ed2a30]
[c=10961000000 pc=0000000082f15a5e]
[c=10962000000 pc=0000000082f15a5e]
[c=10963000000 pc=0000000082ed2a34]
[c=10964000000 pc=0000000082f15a4e]
[c=10965000000 pc=0000000082f15a52]
[c=10966000000 pc=0000000082ed2a30]
[c=10967000000 pc=0000000082ed2a30]
[c=10968000000 pc=0000000082f15a4e]
[c=10969000000 pc=0000000082f15a4e]
[c=10970000000 pc=0000000082ed2a30]
[c=10971000000 pc=0000000082ed2a34]
[c=10972000000 pc=0000000082f15a6a]
[c=10973000000 pc=0000000082f15a4a]
[c=10974000000 pc=0000000082ed2a30]
[c=10975000000 pc=0000000082ed2a30]
[c=10976000000 pc=0000000082f15a58]
[c=10977000000 pc=0000000082f15a5e]
[c=10978000000 pc=0000000082ed2a30]
[c=10979000000 pc=0000000082f15a4e]
[c=10980000000 pc=0000000082f15a4e]
[c=10981000000 pc=0000000082ed2a30]
[c=10982000000 pc=0000000082ed2a30]
[c=10983000000 pc=0000000082f15a5e]
[c=10984000000 pc=0000000082f15a66]
[c=10985000000 pc=0000000082ed2a30]
[c=10986000000 pc=0000000082ed2a34]
[c=10987000000 pc=0000000082f15a4e]
[c=10988000000 pc=0000000082f15a4e]
[c=10989000000 pc=0000000082ed2a30]
[c=10990000000 pc=0000000082ed2a34]
[c=10991000000 pc=0000000082f15a58]
[c=10992000000 pc=0000000082f15a58]
[c=10993000000 pc=0000000082ed2a30]
[c=10994000000 pc=0000000082f15a52]
[c=10995000000 pc=0000000082f15a52]
[c=10996000000 pc=0000000082ed2a30]
[c=10997000000 pc=0000000082ed2a30]
[c=10998000000 pc=0000000082f15a5e]
[c=10999000000 pc=0000000082f15a66]
[c=11000000000 pc=0000000082ed2a30]
[c=11001000000 pc=0000000082ed2a34]
[c=11002000000 pc=0000000082f15a5e]
[c=11003000000 pc=0000000082f15a5e]
[c=11004000000 pc=0000000082ed2a30]
[c=11005000000 pc=0000000082ed2a2a]
[c=11006000000 pc=0000000082f15a6a]
[c=11007000000 pc=0000000082f15a4a]
[c=11008000000 pc=0000000082ed2a30]
[c=11009000000 pc=0000000082f15a5e]
[c=11010000000 pc=0000000082f15a5e]
[c=11011000000 pc=0000000082ed2a30]
[c=11012000000 pc=0000000082ed2a34]
[c=11013000000 pc=0000000082f15a4e]
[c=11014000000 pc=0000000082f15a4e]
[c=11015000000 pc=0000000082ed2a34]
[c=11016000000 pc=0000000082ed2a30]
[c=11017000000 pc=0000000082f15a66]
[c=11018000000 pc=0000000082f15a66]
[c=11019000000 pc=0000000082ed2a30]
[c=11020000000 pc=0000000082ed2a30]
[c=11021000000 pc=0000000082f15a52]
[c=11022000000 pc=0000000082f15a58]
[c=11023000000 pc=0000000082ed2a30]
[c=11024000000 pc=0000000082f15a4a]
[c=11025000000 pc=0000000082f15a4a]
[c=11026000000 pc=0000000082ed2a30]
[c=11027000000 pc=0000000082ed2a34]
[c=11028000000 pc=0000000082f15a52]
[c=11029000000 pc=0000000082f15a58]
[c=11030000000 pc=0000000082ed2a34]
[c=11031000000 pc=0000000082ed2a30]
[c=11032000000 pc=0000000082f15a4e]
[c=11033000000 pc=0000000082f15a4e]
[c=11034000000 pc=0000000082ed2a30]
[c=11035000000 pc=0000000082ed2a30]
[c=11036000000 pc=0000000082f15a52]
[c=11037000000 pc=0000000082f15a52]
[c=11038000000 pc=0000000082ed2a30]
[c=11039000000 pc=0000000082f15a5e]
[c=11040000000 pc=0000000082f15a5e]
[c=11041000000 pc=0000000082ed2a30]
[c=11042000000 pc=0000000082ed2a30]
[c=11043000000 pc=0000000082f15a5e]
[c=11044000000 pc=0000000082f15a5e]
[c=11045000000 pc=0000000082ed2a30]
[c=11046000000 pc=0000000082ed2a30]
[c=11047000000 pc=0000000082f15a4a]
[c=11048000000 pc=0000000082f15a4a]
[c=11049000000 pc=0000000082ed2a30]
[c=11050000000 pc=0000000082ed2a30]
[c=11051000000 pc=0000000082f15a52]
[c=11052000000 pc=0000000082f15a5e]
[c=11053000000 pc=0000000082ed2a34]
[c=11054000000 pc=0000000082f15a52]
[c=11055000000 pc=0000000082f15a58]
[c=11056000000 pc=0000000082ed2a30]
[c=11057000000 pc=0000000082ed2a30]
[c=11058000000 pc=0000000082f15a5e]
[c=11059000000 pc=0000000082f15a5e]
[c=11060000000 pc=0000000082ed2a30]
[c=11061000000 pc=0000000082ed2a30]
[c=11062000000 pc=0000000082f15a58]
[c=11063000000 pc=0000000082f15a5e]
[c=11064000000 pc=0000000082ed2a30]
[c=11065000000 pc=0000000082ed2a30]
[c=11066000000 pc=0000000082f15a4e]
[c=11067000000 pc=0000000082f15a4e]
[c=11068000000 pc=0000000082ed2a30]
[c=11069000000 pc=0000000082f15a4a]
[c=11070000000 pc=0000000082f15a4a]
[c=11071000000 pc=0000000082ed2a30]
[c=11072000000 pc=0000000082ed2a30]
[c=11073000000 pc=0000000082f15a5e]
[c=11074000000 pc=0000000082f15a5e]
[c=11075000000 pc=0000000082ed2a30]
[c=11076000000 pc=0000000082ed2a30]
[c=11077000000 pc=0000000082f15a6a]
[c=11078000000 pc=0000000082f15a4a]
[c=11079000000 pc=0000000082ed2a30]
[c=11080000000 pc=0000000082ed2a30]
[c=11081000000 pc=0000000082f15a6a]
[c=11082000000 pc=0000000082f15a6a]
[c=11083000000 pc=0000000082ed2a30]
[c=11084000000 pc=0000000082f15a58]
[c=11085000000 pc=0000000082f15a58]
[c=11086000000 pc=0000000082ed2a30]
[c=11087000000 pc=0000000082ed2a30]
[c=11088000000 pc=0000000082f15a66]
[c=11089000000 pc=0000000082f15a66]
[c=11090000000 pc=0000000082ed2a30]
[c=11091000000 pc=0000000082ed2a30]
[c=11092000000 pc=0000000082f15a58]
[c=11093000000 pc=0000000082f15a58]
[c=11094000000 pc=0000000082ed2a30]
[c=11095000000 pc=0000000082ed2a34]
[c=11096000000 pc=0000000082f15a4a]
[c=11097000000 pc=0000000082f15a4a]
[c=11098000000 pc=0000000082ed2a30]
[c=11099000000 pc=0000000082f15a58]
[c=11100000000 pc=0000000082f15a5e]
[c=11101000000 pc=0000000082ed2a30]
[c=11102000000 pc=0000000082ed2a30]
[c=11103000000 pc=0000000082f15a6a]
[c=11104000000 pc=0000000082f15a6a]
[c=11105000000 pc=0000000082f15a52]
[c=11106000000 pc=0000000082f15a52]
[c=11107000000 pc=0000000082ed2a30]
[c=11108000000 pc=0000000082ed2a30]
[c=11109000000 pc=0000000082ed2a34]
[c=11110000000 pc=0000000082ed2a30]
[c=11111000000 pc=0000000082ed2a30]
[c=11112000000 pc=0000000082ed2a30]
[c=11113000000 pc=0000000082ed2a30]
[c=11114000000 pc=0000000082ed2a30]
[c=11115000000 pc=0000000082ed2a30]
[c=11116000000 pc=0000000082f15a66]
[c=11117000000 pc=0000000082f15a66]
[c=11118000000 pc=0000000082f15a4e]
[c=11119000000 pc=0000000082f15a4e]
[c=11120000000 pc=0000000082f15a52]
[c=11121000000 pc=0000000082f15a52]
[c=11122000000 pc=0000000082f15a52]
[c=11123000000 pc=0000000082f15a58]
[c=11124000000 pc=0000000082f15a58]
[c=11125000000 pc=0000000082f15a58]
[c=11126000000 pc=0000000082ed2a30]
[c=11127000000 pc=0000000082ed2a30]
[c=11128000000 pc=0000000082ed2a30]
[c=11129000000 pc=0000000082ed2a30]
[c=11130000000 pc=0000000082ed2a34]
[c=11131000000 pc=0000000082ed2a30]
[c=11132000000 pc=0000000082ed2a30]
[c=11133000000 pc=0000000082ed2a30]
[c=11134000000 pc=0000000082ed2a30]
[c=11135000000 pc=0000000082ed2a30]
[c=11136000000 pc=0000000082ed2a30]
[c=11137000000 pc=0000000082f15a5e]
[c=11138000000 pc=0000000082f15a5e]
[c=11139000000 pc=0000000082f15a58]
[c=11140000000 pc=0000000082f15a58]
[c=11141000000 pc=0000000082f15a58]
[c=11142000000 pc=0000000082f15a5e]
[c=11143000000 pc=0000000082f15a5e]
[c=11144000000 pc=0000000082f15a5e]
[c=11145000000 pc=0000000082f15a66]
[c=11146000000 pc=0000000082f15a66]
[c=11147000000 pc=0000000082f15a66]
[c=11148000000 pc=0000000082ed2a30]
[c=11149000000 pc=0000000082ed2a30]
[c=11150000000 pc=0000000082ed2a30]
[c=11151000000 pc=0000000082ed2a30]
[c=11152000000 pc=0000000082ed2a30]
[c=11153000000 pc=0000000082ed2a30]
[c=11154000000 pc=0000000082ed2a30]
[c=11155000000 pc=0000000082ed2a2a]
[c=11156000000 pc=0000000082ed2a34]
[c=11157000000 pc=0000000082ed2a30]
[c=11158000000 pc=0000000082f15a66]
[c=11159000000 pc=0000000082f15a66]
[c=11160000000 pc=0000000082f15a58]
[c=11161000000 pc=0000000082f15a58]
[c=11162000000 pc=0000000082f15a58]
[c=11163000000 pc=0000000082f15a5e]
[c=11164000000 pc=0000000082f15a5e]
[c=11165000000 pc=0000000082f15a5e]
[c=11166000000 pc=0000000082f15a66]
[c=11167000000 pc=0000000082f15a66]
[c=11168000000 pc=0000000082f15a66]
[c=11169000000 pc=0000000082ed2a30]
[c=11170000000 pc=0000000082ed2a30]
[c=11171000000 pc=0000000082ed2a30]
[c=11172000000 pc=0000000082ed2a30]
[c=11173000000 pc=0000000082ed2a30]
[c=11174000000 pc=0000000082ed2a34]
[c=11175000000 pc=0000000082ed2a30]
[c=11176000000 pc=0000000082ed2a34]
[c=11177000000 pc=0000000082ed2a30]
[c=11178000000 pc=0000000082ed2a30]
[c=11179000000 pc=0000000082ed2a30]
[c=11180000000 pc=0000000082f15a4e]
[c=11181000000 pc=0000000082f15a4e]
[c=11182000000 pc=0000000082f15a58]
[c=11183000000 pc=0000000082f15a58]
[c=11184000000 pc=0000000082f15a58]
[c=11185000000 pc=0000000082f15a5e]
[c=11186000000 pc=0000000082f15a5e]
[c=11187000000 pc=0000000082f15a5e]
[c=11188000000 pc=0000000082f15a66]
[c=11189000000 pc=0000000082f15a66]
[c=11190000000 pc=0000000082ed2a34]
[c=11191000000 pc=0000000082ed2a30]
[c=11192000000 pc=0000000082ed2a30]
[c=11193000000 pc=0000000082ed2a30]
[c=11194000000 pc=0000000082ed2a30]
[c=11195000000 pc=0000000082ed2a30]
[c=11196000000 pc=0000000082ed2a30]
[c=11197000000 pc=0000000082ed2a2a]
[c=11198000000 pc=0000000082ed2a34]
[c=11199000000 pc=0000000082ed2a30]
[c=11200000000 pc=0000000082ed2a30]
[c=11201000000 pc=0000000082f15a5e]
[c=11202000000 pc=0000000082f15a5e]
[c=11203000000 pc=0000000082f15a4a]
[c=11204000000 pc=0000000082f15a4a]
[c=11205000000 pc=0000000082f15a4a]
[c=11206000000 pc=0000000082f15a4e]
[c=11207000000 pc=0000000082f15a4e]
[c=11208000000 pc=0000000082f15a4e]
[c=11209000000 pc=0000000082f15a52]
[c=11210000000 pc=0000000082f15a52]
[c=11211000000 pc=0000000082f15a52]
[c=11212000000 pc=0000000082ed2a30]
[c=11213000000 pc=0000000082ed2a30]
[c=11214000000 pc=0000000082ed2a2a]
[c=11215000000 pc=0000000082ed2a30]
[c=11216000000 pc=0000000082ed2a30]
[c=11217000000 pc=0000000082ed2a30]
[c=11218000000 pc=0000000082ed2a30]
[c=11219000000 pc=0000000082ed2a30]
[c=11220000000 pc=0000000082ed2a30]
[c=11221000000 pc=0000000082ed2a2a]
[c=11222000000 pc=0000000082f15a58]
[c=11223000000 pc=0000000082f15a5e]
[c=11224000000 pc=0000000082f15a4a]
[c=11225000000 pc=0000000082f15a4a]
[c=11226000000 pc=0000000082f15a4a]
[c=11227000000 pc=0000000082f15a4e]
[c=11228000000 pc=0000000082f15a4e]
[c=11229000000 pc=0000000082f15a4e]
[c=11230000000 pc=0000000082f15a52]
[c=11231000000 pc=0000000082f15a52]
[c=11232000000 pc=0000000082f15a52]
[c=11233000000 pc=0000000082ed2a30]
[c=11234000000 pc=0000000082ed2a30]
[c=11235000000 pc=0000000082ed2a30]
[c=11236000000 pc=0000000082ed2a2a]
[c=11237000000 pc=0000000082ed2a30]
[c=11238000000 pc=0000000082ed2a34]
[c=11239000000 pc=0000000082ed2a30]
[c=11240000000 pc=0000000082ed2a30]
[c=11241000000 pc=0000000082ed2a30]
[c=11242000000 pc=0000000082ed2a30]
[c=11243000000 pc=0000000082ed2a2a]
[c=11244000000 pc=0000000082f15a66]
[c=11245000000 pc=0000000082f15a66]
[c=11246000000 pc=0000000082f15a6a]
[c=11247000000 pc=0000000082f15a6a]
[c=11248000000 pc=0000000082f15a6a]
[c=11249000000 pc=0000000082f15a4a]
[c=11250000000 pc=0000000082f15a4a]
[c=11251000000 pc=0000000082f15a4a]
[c=11252000000 pc=0000000082f15a4e]
[c=11253000000 pc=0000000082f15a4e]
[c=11254000000 pc=0000000082ed2a30]
[c=11255000000 pc=0000000082ed2a30]
[c=11256000000 pc=0000000082ed2a30]
[c=11257000000 pc=0000000082ed2a30]
[c=11258000000 pc=0000000082ed2a30]
[c=11259000000 pc=0000000082ed2a30]
[c=11260000000 pc=0000000082ed2a34]
[c=11261000000 pc=0000000082ed2a30]
[c=11262000000 pc=0000000082ed2a30]
[c=11263000000 pc=0000000082ed2a30]
[c=11264000000 pc=0000000082ed2a30]
[c=11265000000 pc=0000000082f15a52]
[c=11266000000 pc=0000000082f15a52]
[c=11267000000 pc=0000000082f15a4a]
[c=11268000000 pc=0000000082f15a4a]
[c=11269000000 pc=0000000082f15a4a]
[c=11270000000 pc=0000000082f15a4e]
[c=11271000000 pc=0000000082f15a4e]
[c=11272000000 pc=0000000082f15a4e]
[c=11273000000 pc=0000000082f15a52]
[c=11274000000 pc=0000000082f15a52]
[c=11275000000 pc=0000000082f15a52]
[c=11276000000 pc=0000000082ed2a30]
[c=11277000000 pc=0000000082ed2a34]
[c=11278000000 pc=0000000082ed2a34]
[c=11279000000 pc=0000000082ed2a30]
[c=11280000000 pc=0000000082ed2a30]
[c=11281000000 pc=0000000082ed2a30]
[c=11282000000 pc=0000000082ed2a30]
[c=11283000000 pc=0000000082ed2a30]
[c=11284000000 pc=0000000082ed2a30]
[c=11285000000 pc=0000000082ed2a34]
[c=11286000000 pc=0000000082f15a4a]
[c=11287000000 pc=0000000082f15a4e]
[c=11288000000 pc=0000000082f15a58]
[c=11289000000 pc=0000000082f15a58]
[c=11290000000 pc=0000000082f15a58]
[c=11291000000 pc=0000000082f15a5e]
[c=11292000000 pc=0000000082f15a5e]
[c=11293000000 pc=0000000082f15a5e]
[c=11294000000 pc=0000000082f15a66]
[c=11295000000 pc=0000000082f15a66]
[c=11296000000 pc=0000000082f15a66]
[c=11297000000 pc=0000000082ed2a30]
[c=11298000000 pc=0000000082ed2a30]
[c=11299000000 pc=0000000082ed2a2a]
[c=11300000000 pc=0000000082ed2a30]
[c=11301000000 pc=0000000082ed2a30]
[c=11302000000 pc=0000000082ed2a30]
[c=11303000000 pc=0000000082ed2a34]
[c=11304000000 pc=0000000082ed2a30]
[c=11305000000 pc=0000000082ed2a30]
[c=11306000000 pc=0000000082ed2a2a]
[c=11307000000 pc=0000000082ed2a30]
[c=11308000000 pc=0000000082f15a6a]
[c=11309000000 pc=0000000082f15a6a]
[c=11310000000 pc=0000000082f15a66]
[c=11311000000 pc=0000000082f15a6a]
[c=11312000000 pc=0000000082f15a6a]
[c=11313000000 pc=0000000082f15a6a]
[c=11314000000 pc=0000000082f15a4a]
[c=11315000000 pc=0000000082f15a4a]
[c=11316000000 pc=0000000082f15a4a]
[c=11317000000 pc=0000000082f15a4e]
[c=11318000000 pc=0000000082ed2a30]
[c=11319000000 pc=0000000082ed2a30]
[c=11320000000 pc=0000000082ed2a30]
[c=11321000000 pc=0000000082ed2a34]
[c=11322000000 pc=0000000082ed2a30]
[c=11323000000 pc=0000000082ed2a30]
[c=11324000000 pc=0000000082ed2a2a]
[c=11325000000 pc=0000000082ed2a30]
[c=11326000000 pc=0000000082ed2a30]
[c=11327000000 pc=0000000082ed2a30]
[c=11328000000 pc=0000000082ed2a34]
[c=11329000000 pc=0000000082f15a5e]
[c=11330000000 pc=0000000082f15a5e]
[c=11331000000 pc=0000000082f15a6a]
[c=11332000000 pc=0000000082f15a6a]
[c=11333000000 pc=0000000082f15a4a]
[c=11334000000 pc=0000000082f15a4a]
[c=11335000000 pc=0000000082f15a4a]
[c=11336000000 pc=0000000082f15a4e]
[c=11337000000 pc=0000000082f15a4e]
[c=11338000000 pc=0000000082f15a4e]
[c=11339000000 pc=0000000082f15a52]
[c=11340000000 pc=0000000082ed2a30]
[c=11341000000 pc=0000000082ed2a30]
[c=11342000000 pc=0000000082ed2a30]
[c=11343000000 pc=0000000082ed2a30]
[c=11344000000 pc=0000000082ed2a30]
[c=11345000000 pc=0000000082ed2a30]
[c=11346000000 pc=0000000082ed2a30]
[c=11347000000 pc=0000000082ed2a30]
[c=11348000000 pc=0000000082ed2a30]
[c=11349000000 pc=0000000082ed2a30]
[c=11350000000 pc=0000000082f15a4e]
[c=11351000000 pc=0000000082f15a4e]
[c=11352000000 pc=0000000082f15a4e]
[c=11353000000 pc=0000000082f15a4e]
[c=11354000000 pc=0000000082f15a52]
[c=11355000000 pc=0000000082f15a52]
[c=11356000000 pc=0000000082f15a52]
[c=11357000000 pc=0000000082f15a58]
[c=11358000000 pc=0000000082f15a58]
[c=11359000000 pc=0000000082f15a58]
[c=11360000000 pc=0000000082f15a5e]
[c=11361000000 pc=0000000082ed2a30]
[c=11362000000 pc=0000000082ed2a30]
[c=11363000000 pc=0000000082ed2a2a]
[c=11364000000 pc=0000000082ed2a30]
[c=11365000000 pc=0000000082ed2a30]
[c=11366000000 pc=0000000082ed2a30]
[c=11367000000 pc=0000000082ed2a30]
[c=11368000000 pc=0000000082ed2a30]
[c=11369000000 pc=0000000082ed2a30]
[c=11370000000 pc=0000000082ed2a2a]
[c=11371000000 pc=0000000082ed2a30]
[c=11372000000 pc=0000000082f15a4a]
[c=11373000000 pc=0000000082f15a4e]
[c=11374000000 pc=0000000082f15a6a]
[c=11375000000 pc=0000000082f15a6a]
[c=11376000000 pc=0000000082f15a4a]
[c=11377000000 pc=0000000082f15a4a]
[c=11378000000 pc=0000000082f15a4a]
[c=11379000000 pc=0000000082f15a4e]
[c=11380000000 pc=0000000082f15a4e]
[c=11381000000 pc=0000000082f15a4e]
[c=11382000000 pc=0000000082ed2a34]
[c=11383000000 pc=0000000082ed2a30]
[c=11384000000 pc=0000000082ed2a30]
[c=11385000000 pc=0000000082ed2a30]
[c=11386000000 pc=0000000082ed2a30]
[c=11387000000 pc=0000000082ed2a30]
[c=11388000000 pc=0000000082ed2a30]
[c=11389000000 pc=0000000082ed2a30]
[c=11390000000 pc=0000000082ed2a34]
[c=11391000000 pc=0000000082ed2a30]
[c=11392000000 pc=0000000082ed2a30]
[c=11393000000 pc=0000000082f15a52]
[c=11394000000 pc=0000000082f15a52]
[c=11395000000 pc=0000000082f15a52]
[c=11396000000 pc=0000000082f15a52]
[c=11397000000 pc=0000000082f15a52]
[c=11398000000 pc=0000000082f15a58]
[c=11399000000 pc=0000000082f15a58]
[c=11400000000 pc=0000000082f15a58]
[c=11401000000 pc=0000000082f15a5e]
[c=11402000000 pc=0000000082f15a5e]
[c=11403000000 pc=0000000082f15a5e]
[c=11404000000 pc=0000000082ed2a30]
[c=11405000000 pc=0000000082ed2a30]
[c=11406000000 pc=0000000082ed2a30]
[c=11407000000 pc=0000000082ed2a30]
[c=11408000000 pc=0000000082ed2a30]
[c=11409000000 pc=0000000082ed2a30]
[c=11410000000 pc=0000000082ed2a30]
[c=11411000000 pc=0000000082ed2a30]
[c=11412000000 pc=0000000082ed2a30]
[c=11413000000 pc=0000000082ed2a30]
[c=11414000000 pc=0000000082f15a5e]
[c=11415000000 pc=0000000082f15a5e]
[c=11416000000 pc=0000000082f15a4a]
[c=11417000000 pc=0000000082f15a4a]
[c=11418000000 pc=0000000082f15a4e]
[c=11419000000 pc=0000000082f15a4e]
[c=11420000000 pc=0000000082f15a4e]
[c=11421000000 pc=0000000082f15a52]
[c=11422000000 pc=0000000082f15a52]
[c=11423000000 pc=0000000082f15a52]
[c=11424000000 pc=0000000082f15a58]
[c=11425000000 pc=0000000082ed2a30]
[c=11426000000 pc=0000000082ed2a30]
[c=11427000000 pc=0000000082ed2a30]
[c=11428000000 pc=0000000082ed2a34]
[c=11429000000 pc=0000000082ed2a30]
[c=11430000000 pc=0000000082ed2a2a]
[c=11431000000 pc=0000000082ed2a30]
[c=11432000000 pc=0000000082ed2a30]
[c=11433000000 pc=0000000082ed2a30]
[c=11434000000 pc=0000000082ed2a30]
[c=11435000000 pc=0000000082ed2a34]
[c=11436000000 pc=0000000082f15a4e]
[c=11437000000 pc=0000000082f15a52]
[c=11438000000 pc=0000000082f15a6a]
[c=11439000000 pc=0000000082f15a6a]
[c=11440000000 pc=0000000082f15a4a]
[c=11441000000 pc=0000000082f15a4a]
[c=11442000000 pc=0000000082f15a4a]
[c=11443000000 pc=0000000082f15a4e]
[c=11444000000 pc=0000000082f15a4e]
[c=11445000000 pc=0000000082f15a4e]
[c=11446000000 pc=0000000082ed2a30]
[c=11447000000 pc=0000000082ed2a30]
[c=11448000000 pc=0000000082ed2a30]
[c=11449000000 pc=0000000082ed2a34]
[c=11450000000 pc=0000000082ed2a30]
[c=11451000000 pc=0000000082ed2a30]
[c=11452000000 pc=0000000082ed2a34]
[c=11453000000 pc=0000000082ed2a30]
[c=11454000000 pc=0000000082ed2a30]
[c=11455000000 pc=0000000082ed2a30]
[c=11456000000 pc=0000000082ed2a34]
[c=11457000000 pc=0000000082f15a4e]
[c=11458000000 pc=0000000082f15a52]
[c=11459000000 pc=0000000082f15a66]
[c=11460000000 pc=0000000082f15a66]
[c=11461000000 pc=0000000082f15a66]
[c=11462000000 pc=0000000082f15a6a]
[c=11463000000 pc=0000000082f15a6a]
[c=11464000000 pc=0000000082f15a6a]
[c=11465000000 pc=0000000082f15a4a]
[c=11466000000 pc=0000000082f15a4a]
[c=11467000000 pc=0000000082f15a4a]
[c=11468000000 pc=0000000082ed2a30]
[c=11469000000 pc=0000000082ed2a30]
[c=11470000000 pc=0000000082ed2a30]
[c=11471000000 pc=0000000082ed2a30]
[c=11472000000 pc=0000000082ed2a34]
[c=11473000000 pc=0000000082ed2a30]
[c=11474000000 pc=0000000082ed2a30]
[c=11475000000 pc=0000000082ed2a30]
[c=11476000000 pc=0000000082ed2a30]
[c=11477000000 pc=0000000082ed2a30]
[c=11478000000 pc=0000000082f15a4e]
[c=11479000000 pc=0000000082f15a4e]
[c=11480000000 pc=0000000082f15a5e]
[c=11481000000 pc=0000000082f15a5e]
[c=11482000000 pc=0000000082f15a66]
[c=11483000000 pc=0000000082f15a66]
[c=11484000000 pc=0000000082f15a66]
[c=11485000000 pc=0000000082f15a6a]
[c=11486000000 pc=0000000082f15a6a]
[c=11487000000 pc=0000000082f15a6a]
[c=11488000000 pc=0000000082f15a4a]
[c=11489000000 pc=0000000082ed2a34]
[c=11490000000 pc=0000000082ed2a30]
[c=11491000000 pc=0000000082ed2a30]
[c=11492000000 pc=0000000082ed2a30]
[c=11493000000 pc=0000000082ed2a30]
[c=11494000000 pc=0000000082ed2a30]
[c=11495000000 pc=0000000082ed2a30]
[c=11496000000 pc=0000000082ed2a30]
[c=11497000000 pc=0000000082ed2a30]
[c=11498000000 pc=0000000082ed2a30]
[c=11499000000 pc=0000000082ed2a30]
[c=11500000000 pc=0000000082f15a66]
[c=11501000000 pc=0000000082f15a66]
[c=11502000000 pc=0000000082f15a52]
[c=11503000000 pc=0000000082f15a52]
[c=11504000000 pc=0000000082f15a58]
[c=11505000000 pc=0000000082f15a58]
[c=11506000000 pc=0000000082f15a58]
[c=11507000000 pc=0000000082f15a5e]
[c=11508000000 pc=0000000082f15a5e]
[c=11509000000 pc=0000000082f15a5e]
[c=11510000000 pc=0000000082ed2a34]
[c=11511000000 pc=0000000082ed2a30]
[c=11512000000 pc=0000000082ed2a30]
[c=11513000000 pc=0000000082ed2a30]
[c=11514000000 pc=0000000082ed2a30]
[c=11515000000 pc=0000000082ed2a30]
[c=11516000000 pc=0000000082ed2a30]
[c=11517000000 pc=0000000082ed2a34]
[c=11518000000 pc=0000000082ed2a30]
[c=11519000000 pc=0000000082ed2a30]
[c=11520000000 pc=0000000082ed2a30]
[c=11521000000 pc=0000000082f15a66]
[c=11522000000 pc=0000000082f15a6a]
[c=11523000000 pc=0000000082f15a4a]
[c=11524000000 pc=0000000082f15a4a]
[c=11525000000 pc=0000000082f15a4e]
[c=11526000000 pc=0000000082f15a4e]
[c=11527000000 pc=0000000082f15a4e]
[c=11528000000 pc=0000000082f15a52]
[c=11529000000 pc=0000000082f15a52]
[c=11530000000 pc=0000000082f15a52]
[c=11531000000 pc=0000000082f15a58]
[c=11532000000 pc=0000000082ed2a30]
[c=11533000000 pc=0000000082ed2a30]
[c=11534000000 pc=0000000082ed2a30]
[c=11535000000 pc=0000000082ed2a30]
[c=11536000000 pc=0000000082ed2a30]
[c=11537000000 pc=0000000082ed2a30]
[c=11538000000 pc=0000000082ed2a30]
[c=11539000000 pc=0000000082ed2a30]
[c=11540000000 pc=0000000082ed2a30]
[c=11541000000 pc=0000000082ed2a30]
[c=11542000000 pc=0000000082f15a58]
[c=11543000000 pc=0000000082f15a58]
[c=11544000000 pc=0000000082f15a52]
[c=11545000000 pc=0000000082f15a52]
[c=11546000000 pc=0000000082f15a58]
[c=11547000000 pc=0000000082f15a58]
[c=11548000000 pc=0000000082f15a58]
[c=11549000000 pc=0000000082f15a5e]
[c=11550000000 pc=0000000082f15a5e]
[c=11551000000 pc=0000000082f15a5e]
[c=11552000000 pc=0000000082f15a66]
[c=11553000000 pc=0000000082ed2a30]
[c=11554000000 pc=0000000082ed2a30]
[c=11555000000 pc=0000000082ed2a30]
[c=11556000000 pc=0000000082ed2a30]
[c=11557000000 pc=0000000082ed2a30]
[c=11558000000 pc=0000000082ed2a30]
[c=11559000000 pc=0000000082ed2a34]
[c=11560000000 pc=0000000082ed2a30]
[c=11561000000 pc=0000000082ed2a30]
[c=11562000000 pc=0000000082ed2a30]
[c=11563000000 pc=0000000082ed2a30]
[c=11564000000 pc=0000000082f15a52]
[c=11565000000 pc=0000000082f15a52]
[c=11566000000 pc=0000000082f15a6a]
[c=11567000000 pc=0000000082f15a4a]
[c=11568000000 pc=0000000082f15a4a]
[c=11569000000 pc=0000000082f15a4a]
[c=11570000000 pc=0000000082f15a4e]
[c=11571000000 pc=0000000082f15a4e]
[c=11572000000 pc=0000000082f15a4e]
[c=11573000000 pc=0000000082f15a52]
[c=11574000000 pc=0000000082ed2a30]
[c=11575000000 pc=0000000082ed2a30]
[c=11576000000 pc=0000000082ed2a30]
[c=11577000000 pc=0000000082ed2a2a]
[c=11578000000 pc=0000000082ed2a30]
[c=11579000000 pc=0000000082ed2a34]
[c=11580000000 pc=0000000082ed2a30]
[c=11581000000 pc=0000000082ed2a30]
[c=11582000000 pc=0000000082ed2a30]
[c=11583000000 pc=0000000082ed2a30]
[c=11584000000 pc=0000000082ed2a2a]
[c=11585000000 pc=0000000082f15a66]
[c=11586000000 pc=0000000082f15a6a]
[c=11587000000 pc=0000000082f15a52]
[c=11588000000 pc=0000000082f15a52]
[c=11589000000 pc=0000000082f15a52]
[c=11590000000 pc=0000000082f15a58]
[c=11591000000 pc=0000000082f15a58]
[c=11592000000 pc=0000000082f15a58]
[c=11593000000 pc=0000000082f15a5e]
[c=11594000000 pc=0000000082f15a5e]
[c=11595000000 pc=0000000082f15a5e]
[c=11596000000 pc=0000000082ed2a30]
[c=11597000000 pc=0000000082ed2a30]
[c=11598000000 pc=0000000082ed2a30]
[c=11599000000 pc=0000000082ed2a30]
[c=11600000000 pc=0000000082ed2a30]
[c=11601000000 pc=0000000082ed2a30]
[c=11602000000 pc=0000000082ed2a30]
[c=11603000000 pc=0000000082ed2a30]
[c=11604000000 pc=0000000082ed2a34]
[c=11605000000 pc=0000000082ed2a30]
[c=11606000000 pc=0000000082f15a66]
[c=11607000000 pc=0000000082f15a6a]
[c=11608000000 pc=0000000082f15a5e]
[c=11609000000 pc=0000000082f15a5e]
[c=11610000000 pc=0000000082f15a66]
[c=11611000000 pc=0000000082f15a66]
[c=11612000000 pc=0000000082f15a66]
[c=11613000000 pc=0000000082f15a6a]
[c=11614000000 pc=0000000082f15a6a]
[c=11615000000 pc=0000000082f15a6a]
[c=11616000000 pc=0000000082f15a4a]
[c=11617000000 pc=0000000082ed2a34]
[c=11618000000 pc=0000000082ed2a30]
[c=11619000000 pc=0000000082ed2a2a]
[c=11620000000 pc=0000000082ed2a30]
[c=11621000000 pc=0000000082ed2a30]
[c=11622000000 pc=0000000082ed2a30]
[c=11623000000 pc=0000000082ed2a30]
[c=11624000000 pc=0000000082ed2a30]
[c=11625000000 pc=0000000082ed2a30]
[c=11626000000 pc=0000000082ed2a2a]
[c=11627000000 pc=0000000082ed2a30]
[c=11628000000 pc=0000000082f15a4a]
[c=11629000000 pc=0000000082f15a4a]
[c=11630000000 pc=0000000082f15a5e]
[c=11631000000 pc=0000000082f15a66]
[c=11632000000 pc=0000000082f15a66]
[c=11633000000 pc=0000000082f15a66]
[c=11634000000 pc=0000000082f15a6a]
[c=11635000000 pc=0000000082f15a6a]
[c=11636000000 pc=0000000082f15a6a]
[c=11637000000 pc=0000000082f15a4a]
[c=11638000000 pc=0000000082ed2a30]
[c=11639000000 pc=0000000082ed2a30]
[c=11640000000 pc=0000000082ed2a30]
[c=11641000000 pc=0000000082ed2a34]
[c=11642000000 pc=0000000082ed2a30]
[c=11643000000 pc=0000000082ed2a30]
[c=11644000000 pc=0000000082ed2a2a]
[c=11645000000 pc=0000000082ed2a30]
[c=11646000000 pc=0000000082ed2a30]
[c=11647000000 pc=0000000082ed2a30]
[c=11648000000 pc=0000000082ed2a34]
[c=11649000000 pc=0000000082f15a4e]
[c=11650000000 pc=0000000082f15a4e]
[c=11651000000 pc=0000000082f15a58]
[c=11652000000 pc=0000000082f15a58]
[c=11653000000 pc=0000000082f15a58]
[c=11654000000 pc=0000000082f15a5e]
[c=11655000000 pc=0000000082f15a5e]
[c=11656000000 pc=0000000082f15a5e]
[c=11657000000 pc=0000000082f15a66]
[c=11658000000 pc=0000000082f15a66]
[c=11659000000 pc=0000000082f15a66]
[c=11660000000 pc=0000000082ed2a30]
[c=11661000000 pc=0000000082ed2a30]
[c=11662000000 pc=0000000082ed2a34]
[c=11663000000 pc=0000000082ed2a30]
[c=11664000000 pc=0000000082ed2a30]
[c=11665000000 pc=0000000082ed2a30]
[c=11666000000 pc=0000000082ed2a2a]
[c=11667000000 pc=0000000082ed2a30]
[c=11668000000 pc=0000000082ed2a30]
[c=11669000000 pc=0000000082ed2a34]
[c=11670000000 pc=0000000082f15a4a]
[c=11671000000 pc=0000000082f15a4e]
[c=11672000000 pc=0000000082f15a58]
[c=11673000000 pc=0000000082f15a5e]
[c=11674000000 pc=0000000082f15a5e]
[c=11675000000 pc=0000000082f15a5e]
[c=11676000000 pc=0000000082f15a66]
[c=11677000000 pc=0000000082f15a66]
[c=11678000000 pc=0000000082f15a66]
[c=11679000000 pc=0000000082f15a6a]
[c=11680000000 pc=0000000082f15a6a]
[c=11681000000 pc=0000000082ed2a30]
[c=11682000000 pc=0000000082ed2a30]
[c=11683000000 pc=0000000082ed2a30]
[c=11684000000 pc=0000000082ed2a2a]
[c=11685000000 pc=0000000082ed2a30]
[c=11686000000 pc=0000000082ed2a30]
[c=11687000000 pc=0000000082ed2a30]
[c=11688000000 pc=0000000082ed2a30]
[c=11689000000 pc=0000000082ed2a34]
[c=11690000000 pc=0000000082ed2a30]
[c=11691000000 pc=0000000082ed2a2a]
[c=11692000000 pc=0000000082f15a6a]
[c=11693000000 pc=0000000082f15a6a]
[c=11694000000 pc=0000000082f15a4a]
[c=11695000000 pc=0000000082f15a4a]
[c=11696000000 pc=0000000082f15a4a]
[c=11697000000 pc=0000000082f15a4e]
[c=11698000000 pc=0000000082f15a4e]
[c=11699000000 pc=0000000082f15a4e]
[c=11700000000 pc=0000000082f15a52]
[c=11701000000 pc=0000000082f15a52]
[c=11702000000 pc=0000000082ed2a30]
[c=11703000000 pc=0000000082ed2a30]
[c=11704000000 pc=0000000082ed2a30]
[c=11705000000 pc=0000000082ed2a30]
[c=11706000000 pc=0000000082ed2a30]
[c=11707000000 pc=0000000082ed2a30]
[c=11708000000 pc=0000000082ed2a2a]
[c=11709000000 pc=0000000082ed2a34]
[c=11710000000 pc=0000000082ed2a30]
[c=11711000000 pc=0000000082ed2a30]
[c=11712000000 pc=0000000082ed2a30]
[c=11713000000 pc=0000000082f15a66]
[c=11714000000 pc=0000000082f15a66]
[c=11715000000 pc=0000000082f15a66]
[c=11716000000 pc=0000000082f15a66]
[c=11717000000 pc=0000000082f15a66]
[c=11718000000 pc=0000000082f15a6a]
[c=11719000000 pc=0000000082f15a6a]
[c=11720000000 pc=0000000082f15a6a]
[c=11721000000 pc=0000000082f15a4a]
[c=11722000000 pc=0000000082f15a4a]
[c=11723000000 pc=0000000082f15a4a]
[c=11724000000 pc=0000000082ed2a30]
[c=11725000000 pc=0000000082ed2a30]
[c=11726000000 pc=0000000082ed2a30]
[c=11727000000 pc=0000000082ed2a30]
[c=11728000000 pc=0000000082ed2a2a]
[c=11729000000 pc=0000000082ed2a30]
[c=11730000000 pc=0000000082ed2a30]
[c=11731000000 pc=0000000082ed2a34]
[c=11732000000 pc=0000000082ed2a2a]
[c=11733000000 pc=0000000082ed2a30]
[c=11734000000 pc=0000000082f15a66]
[c=11735000000 pc=0000000082f15a66]
[c=11736000000 pc=0000000082f15a66]
[c=11737000000 pc=0000000082f15a66]
[c=11738000000 pc=0000000082f15a66]
[c=11739000000 pc=0000000082f15a6a]
[c=11740000000 pc=0000000082f15a6a]
[c=11741000000 pc=0000000082f15a6a]
[c=11742000000 pc=0000000082f15a4a]
[c=11743000000 pc=0000000082f15a4a]
[c=11744000000 pc=0000000082f15a4a]
[c=11745000000 pc=0000000082ed2a30]
[c=11746000000 pc=0000000082ed2a30]
[c=11747000000 pc=0000000082ed2a34]
[c=11748000000 pc=0000000082ed2a30]
[c=11749000000 pc=0000000082ed2a30]
[c=11750000000 pc=0000000082ed2a30]
[c=11751000000 pc=0000000082ed2a34]
[c=11752000000 pc=0000000082ed2a30]
[c=11753000000 pc=0000000082ed2a30]
[c=11754000000 pc=0000000082ed2a34]
[c=11755000000 pc=0000000082ed2a30]
[c=11756000000 pc=0000000082f15a58]
[c=11757000000 pc=0000000082f15a58]
[c=11758000000 pc=0000000082f15a4e]
[c=11759000000 pc=0000000082f15a4e]
[c=11760000000 pc=0000000082f15a52]
[c=11761000000 pc=0000000082f15a52]
[c=11762000000 pc=0000000082f15a52]
[c=11763000000 pc=0000000082f15a58]
[c=11764000000 pc=0000000082f15a58]
[c=11765000000 pc=0000000082f15a58]
[c=11766000000 pc=0000000082ed2a30]
[c=11767000000 pc=0000000082ed2a34]
[c=11768000000 pc=0000000082ed2a30]
[c=11769000000 pc=0000000082ed2a30]
[c=11770000000 pc=0000000082ed2a30]
[c=11771000000 pc=0000000082ed2a30]
[c=11772000000 pc=0000000082ed2a30]
[c=11773000000 pc=0000000082ed2a34]
[c=11774000000 pc=0000000082ed2a30]
[c=11775000000 pc=0000000082ed2a30]
[c=11776000000 pc=0000000082ed2a30]
[c=11777000000 pc=0000000082f15a5e]
[c=11778000000 pc=0000000082f15a5e]
[c=11779000000 pc=0000000082f15a6a]
[c=11780000000 pc=0000000082f15a6a]
[c=11781000000 pc=0000000082f15a6a]
[c=11782000000 pc=0000000082f15a4a]
[c=11783000000 pc=0000000082f15a4a]
[c=11784000000 pc=0000000082f15a4a]
[c=11785000000 pc=0000000082f15a4e]
[c=11786000000 pc=0000000082f15a4e]
[c=11787000000 pc=0000000082f15a4e]
[c=11788000000 pc=0000000082ed2a34]
[c=11789000000 pc=0000000082ed2a30]
[c=11790000000 pc=0000000082ed2a30]
[c=11791000000 pc=0000000082ed2a30]
[c=11792000000 pc=0000000082ed2a34]
[c=11793000000 pc=0000000082ed2a30]
[c=11794000000 pc=0000000082ed2a2a]
[c=11795000000 pc=0000000082ed2a30]
[c=11796000000 pc=0000000082ed2a30]
[c=11797000000 pc=0000000082ed2a30]
[c=11798000000 pc=0000000082f15a4a]
[c=11799000000 pc=0000000082f15a4e]
[c=11800000000 pc=0000000082f15a4e]
[c=11801000000 pc=0000000082f15a4e]
[c=11802000000 pc=0000000082f15a4e]
[c=11803000000 pc=0000000082f15a52]
[c=11804000000 pc=0000000082f15a52]
[c=11805000000 pc=0000000082f15a52]
[c=11806000000 pc=0000000082f15a58]
[c=11807000000 pc=0000000082f15a58]
[c=11808000000 pc=0000000082f15a58]
[c=11809000000 pc=0000000082ed2a34]
[c=11810000000 pc=0000000082ed2a30]
[c=11811000000 pc=0000000082ed2a30]
[c=11812000000 pc=0000000082ed2a30]
[c=11813000000 pc=0000000082ed2a30]
[c=11814000000 pc=0000000082ed2a30]
[c=11815000000 pc=0000000082ed2a30]
[c=11816000000 pc=0000000082ed2a34]
[c=11817000000 pc=0000000082ed2a30]
[c=11818000000 pc=0000000082ed2a30]
[c=11819000000 pc=0000000082ed2a30]
[c=11820000000 pc=0000000082f15a58]
[c=11821000000 pc=0000000082f15a58]
[c=11822000000 pc=0000000082f15a58]
[c=11823000000 pc=0000000082f15a58]
[c=11824000000 pc=0000000082f15a5e]
[c=11825000000 pc=0000000082f15a5e]
[c=11826000000 pc=0000000082f15a5e]
[c=11827000000 pc=0000000082f15a66]
[c=11828000000 pc=0000000082f15a66]
[c=11829000000 pc=0000000082f15a66]
[c=11830000000 pc=0000000082ed2a30]
[c=11831000000 pc=0000000082ed2a30]
[c=11832000000 pc=0000000082ed2a30]
[c=11833000000 pc=0000000082ed2a30]
[c=11834000000 pc=0000000082ed2a34]
[c=11835000000 pc=0000000082ed2a30]
[c=11836000000 pc=0000000082ed2a30]
[c=11837000000 pc=0000000082ed2a30]
[c=11838000000 pc=0000000082ed2a30]
[c=11839000000 pc=0000000082ed2a30]
[c=11840000000 pc=0000000082ed2a30]
[c=11841000000 pc=0000000082f15a52]
[c=11842000000 pc=0000000082f15a52]
[c=11843000000 pc=0000000082f15a4a]
[c=11844000000 pc=0000000082f15a4e]
[c=11845000000 pc=0000000082f15a4e]
[c=11846000000 pc=0000000082f15a4e]
[c=11847000000 pc=0000000082f15a52]
[c=11848000000 pc=0000000082f15a52]
[c=11849000000 pc=0000000082f15a52]
[c=11850000000 pc=0000000082f15a58]
[c=11851000000 pc=0000000082f15a58]
[c=11852000000 pc=0000000082ed2a30]
[c=11853000000 pc=0000000082ed2a30]
[c=11854000000 pc=0000000082ed2a30]
[c=11855000000 pc=0000000082ed2a30]
[c=11856000000 pc=0000000082ed2a34]
[c=11857000000 pc=0000000082ed2a30]
[c=11858000000 pc=0000000082ed2a30]
[c=11859000000 pc=0000000082ed2a30]
[c=11860000000 pc=0000000082ed2a30]
[c=11861000000 pc=0000000082ed2a30]
[c=11862000000 pc=0000000082f15a58]
[c=11863000000 pc=0000000082f15a58]
[c=11864000000 pc=0000000082f15a58]
[c=11865000000 pc=0000000082f15a58]
[c=11866000000 pc=0000000082f15a5e]
[c=11867000000 pc=0000000082f15a5e]
[c=11868000000 pc=0000000082f15a5e]
[c=11869000000 pc=0000000082f15a66]
[c=11870000000 pc=0000000082f15a66]
[c=11871000000 pc=0000000082f15a66]
[c=11872000000 pc=0000000082f15a6a]
[c=11873000000 pc=0000000082ed2a30]
[c=11874000000 pc=0000000082ed2a34]
[c=11875000000 pc=0000000082ed2a34]
[c=11876000000 pc=0000000082ed2a30]
[c=11877000000 pc=0000000082ed2a30]
[c=11878000000 pc=0000000082ed2a30]
[c=11879000000 pc=0000000082ed2a30]
[c=11880000000 pc=0000000082ed2a30]
[c=11881000000 pc=0000000082ed2a30]
[c=11882000000 pc=0000000082ed2a34]
[c=11883000000 pc=0000000082ed2a30]
[c=11884000000 pc=0000000082f15a66]
[c=11885000000 pc=0000000082f15a6a]
[c=11886000000 pc=0000000082f15a4e]
[c=11887000000 pc=0000000082f15a52]
[c=11888000000 pc=0000000082f15a52]
[c=11889000000 pc=0000000082f15a52]
[c=11890000000 pc=0000000082f15a58]
[c=11891000000 pc=0000000082f15a58]
[c=11892000000 pc=0000000082f15a58]
[c=11893000000 pc=0000000082f15a5e]
[c=11894000000 pc=0000000082ed2a34]
[c=11895000000 pc=0000000082ed2a30]
[c=11896000000 pc=0000000082ed2a30]
[c=11897000000 pc=0000000082ed2a30]
[c=11898000000 pc=0000000082ed2a34]
[c=11899000000 pc=0000000082ed2a30]
[c=11900000000 pc=0000000082ed2a30]
[c=11901000000 pc=0000000082ed2a30]
[c=11902000000 pc=0000000082ed2a34]
[c=11903000000 pc=0000000082ed2a30]
[c=11904000000 pc=0000000082ed2a30]
[c=11905000000 pc=0000000082f15a66]
[c=11906000000 pc=0000000082f15a66]
[c=11907000000 pc=0000000082f15a66]
[c=11908000000 pc=0000000082f15a66]
[c=11909000000 pc=0000000082f15a66]
[c=11910000000 pc=0000000082f15a6a]
[c=11911000000 pc=0000000082f15a6a]
[c=11912000000 pc=0000000082f15a6a]
[c=11913000000 pc=0000000082f15a4a]
[c=11914000000 pc=0000000082f15a4a]
[c=11915000000 pc=0000000082f15a4a]
[c=11916000000 pc=0000000082ed2a34]
[c=11917000000 pc=0000000082ed2a30]
[c=11918000000 pc=0000000082ed2a30]
[c=11919000000 pc=0000000082ed2a34]
[c=11920000000 pc=0000000082ed2a34]
[c=11921000000 pc=0000000082ed2a30]
[c=11922000000 pc=0000000082ed2a34]
[c=11923000000 pc=0000000082ed2a30]
[c=11924000000 pc=0000000082ed2a30]
[c=11925000000 pc=0000000082ed2a30]
[c=11926000000 pc=0000000082f15a6a]
[c=11927000000 pc=0000000082f15a6a]
[c=11928000000 pc=0000000082f15a6a]
[c=11929000000 pc=0000000082f15a6a]
[c=11930000000 pc=0000000082f15a6a]
[c=11931000000 pc=0000000082f15a4a]
[c=11932000000 pc=0000000082f15a4a]
[c=11933000000 pc=0000000082f15a4a]
[c=11934000000 pc=0000000082f15a4e]
[c=11935000000 pc=0000000082f15a4e]
[c=11936000000 pc=0000000082f15a4e]
[c=11937000000 pc=0000000082ed2a2a]
[c=11938000000 pc=0000000082ed2a30]
[c=11939000000 pc=0000000082ed2a30]
[c=11940000000 pc=0000000082ed2a30]
[c=11941000000 pc=0000000082ed2a34]
[c=11942000000 pc=0000000082ed2a30]
[c=11943000000 pc=0000000082ed2a30]
[c=11944000000 pc=0000000082ed2a34]
[c=11945000000 pc=0000000082ed2a30]
[c=11946000000 pc=0000000082ed2a30]
[c=11947000000 pc=0000000082ed2a30]
[c=11948000000 pc=0000000082f15a4e]
[c=11949000000 pc=0000000082f15a4e]
[c=11950000000 pc=0000000082f15a58]
[c=11951000000 pc=0000000082f15a58]
[c=11952000000 pc=0000000082f15a5e]
[c=11953000000 pc=0000000082f15a5e]
[c=11954000000 pc=0000000082f15a5e]
[c=11955000000 pc=0000000082f15a66]
[c=11956000000 pc=0000000082f15a66]
[c=11957000000 pc=0000000082f15a66]
[c=11958000000 pc=0000000082ed2a30]
[c=11959000000 pc=0000000082ed2a30]
[c=11960000000 pc=0000000082ed2a30]
[c=11961000000 pc=0000000082ed2a30]
[c=11962000000 pc=0000000082ed2a30]
[c=11963000000 pc=0000000082ed2a30]
[c=11964000000 pc=0000000082ed2a34]
[c=11965000000 pc=0000000082ed2a30]
[c=11966000000 pc=0000000082ed2a30]
[c=11967000000 pc=0000000082ed2a30]
[c=11968000000 pc=0000000082ed2a30]
[c=11969000000 pc=0000000082f15a4a]
[c=11970000000 pc=0000000082f15a4e]
[c=11971000000 pc=0000000082f15a6a]
[c=11972000000 pc=0000000082f15a6a]
[c=11973000000 pc=0000000082f15a4a]
[c=11974000000 pc=0000000082f15a4a]
[c=11975000000 pc=0000000082f15a4a]
[c=11976000000 pc=0000000082f15a4e]
[c=11977000000 pc=0000000082f15a4e]
[c=11978000000 pc=0000000082f15a4e]
[c=11979000000 pc=0000000082f15a52]
[c=11980000000 pc=0000000082ed2a30]
[c=11981000000 pc=0000000082ed2a30]
[c=11982000000 pc=0000000082ed2a30]
[c=11983000000 pc=0000000082ed2a30]
[c=11984000000 pc=0000000082ed2a30]
[c=11985000000 pc=0000000082ed2a30]
[c=11986000000 pc=0000000082ed2a30]
[c=11987000000 pc=0000000082ed2a30]
[c=11988000000 pc=0000000082ed2a34]
[c=11989000000 pc=0000000082ed2a30]
[c=11990000000 pc=0000000082f15a5e]
[c=11991000000 pc=0000000082f15a66]
[c=11992000000 pc=0000000082f15a58]
[c=11993000000 pc=0000000082f15a58]
[c=11994000000 pc=0000000082f15a5e]
[c=11995000000 pc=0000000082f15a5e]
[c=11996000000 pc=0000000082f15a5e]
[c=11997000000 pc=0000000082f15a66]
[c=11998000000 pc=0000000082f15a66]
[c=11999000000 pc=0000000082f15a66]
[c=12000000000 pc=0000000082f15a6a]
[c=12001000000 pc=0000000082ed2a30]
[c=12002000000 pc=0000000082ed2a30]
[c=12003000000 pc=0000000082ed2a30]
[c=12004000000 pc=0000000082ed2a30]
[c=12005000000 pc=0000000082ed2a34]
[c=12006000000 pc=0000000082ed2a30]
[c=12007000000 pc=0000000082ed2a30]
[c=12008000000 pc=0000000082ed2a30]
[c=12009000000 pc=0000000082ed2a30]
[c=12010000000 pc=0000000082ed2a30]
[c=12011000000 pc=0000000082ed2a30]
[c=12012000000 pc=0000000082f15a66]
[c=12013000000 pc=0000000082f15a66]
[c=12014000000 pc=0000000082f15a4a]
[c=12015000000 pc=0000000082f15a4e]
[c=12016000000 pc=0000000082f15a4e]
[c=12017000000 pc=0000000082f15a4e]
[c=12018000000 pc=0000000082f15a52]
[c=12019000000 pc=0000000082f15a52]
[c=12020000000 pc=0000000082f15a52]
[c=12021000000 pc=0000000082f15a58]
[c=12022000000 pc=0000000082ed2a30]
[c=12023000000 pc=0000000082ed2a30]
[c=12024000000 pc=0000000082ed2a30]
[c=12025000000 pc=0000000082ed2a30]
[c=12026000000 pc=0000000082ed2a30]
[c=12027000000 pc=0000000082ed2a30]
[c=12028000000 pc=0000000082ed2a2a]
[c=12029000000 pc=0000000082ed2a30]
[c=12030000000 pc=0000000082ed2a30]
[c=12031000000 pc=0000000082ed2a30]
[c=12032000000 pc=0000000082ed2a30]
[c=12033000000 pc=0000000082f15a4a]
[c=12034000000 pc=0000000082f15a4a]
[c=12035000000 pc=0000000082f15a4a]
[c=12036000000 pc=0000000082f15a4a]
[c=12037000000 pc=0000000082f15a4e]
[c=12038000000 pc=0000000082f15a4e]
[c=12039000000 pc=0000000082f15a4e]
[c=12040000000 pc=0000000082f15a52]
[c=12041000000 pc=0000000082f15a52]
[c=12042000000 pc=0000000082f15a52]
[c=12043000000 pc=0000000082f15a58]
[c=12044000000 pc=0000000082ed2a30]
[c=12045000000 pc=0000000082ed2a30]
[c=12046000000 pc=0000000082ed2a30]
[c=12047000000 pc=0000000082ed2a30]
[c=12048000000 pc=0000000082ed2a30]
[c=12049000000 pc=0000000082ed2a30]
[c=12050000000 pc=0000000082ed2a30]
[c=12051000000 pc=0000000082ed2a30]
[c=12052000000 pc=0000000082ed2a34]
[c=12053000000 pc=0000000082ed2a30]
[c=12054000000 pc=0000000082f15a6a]
[c=12055000000 pc=0000000082f15a6a]
[c=12056000000 pc=0000000082f15a52]
[c=12057000000 pc=0000000082f15a52]
[c=12058000000 pc=0000000082f15a52]
[c=12059000000 pc=0000000082f15a58]
[c=12060000000 pc=0000000082f15a58]
[c=12061000000 pc=0000000082f15a58]
[c=12062000000 pc=0000000082f15a5e]
[c=12063000000 pc=0000000082f15a5e]
[c=12064000000 pc=0000000082f15a5e]
[c=12065000000 pc=0000000082ed2a30]
[c=12066000000 pc=0000000082ed2a30]
[c=12067000000 pc=0000000082ed2a30]
[c=12068000000 pc=0000000082ed2a34]
[c=12069000000 pc=0000000082ed2a30]
[c=12070000000 pc=0000000082ed2a30]
[c=12071000000 pc=0000000082ed2a30]
[c=12072000000 pc=0000000082ed2a34]
[c=12073000000 pc=0000000082ed2a30]
[c=12074000000 pc=0000000082ed2a30]
[c=12075000000 pc=0000000082ed2a34]
[c=12076000000 pc=0000000082f15a58]
[c=12077000000 pc=0000000082f15a5e]
[c=12078000000 pc=0000000082f15a6a]
[c=12079000000 pc=0000000082f15a4a]
[c=12080000000 pc=0000000082f15a4a]
[c=12081000000 pc=0000000082f15a4a]
[c=12082000000 pc=0000000082f15a4e]
[c=12083000000 pc=0000000082f15a4e]
[c=12084000000 pc=0000000082f15a4e]
[c=12085000000 pc=0000000082f15a52]
[c=12086000000 pc=0000000082ed2a2a]
[c=12087000000 pc=0000000082ed2a30]
[c=12088000000 pc=0000000082ed2a30]
[c=12089000000 pc=0000000082ed2a30]
[c=12090000000 pc=0000000082ed2a34]
[c=12091000000 pc=0000000082ed2a30]
[c=12092000000 pc=0000000082ed2a30]
[c=12093000000 pc=0000000082ed2a30]
[c=12094000000 pc=0000000082ed2a30]
[c=12095000000 pc=0000000082ed2a30]
[c=12096000000 pc=0000000082ed2a30]
[c=12097000000 pc=0000000082f15a66]
[c=12098000000 pc=0000000082f15a66]
[c=12099000000 pc=0000000082f15a4e]
[c=12100000000 pc=0000000082f15a4e]
[c=12101000000 pc=0000000082f15a4e]
[c=12102000000 pc=0000000082f15a52]
[c=12103000000 pc=0000000082f15a52]
[c=12104000000 pc=0000000082f15a52]
[c=12105000000 pc=0000000082f15a58]
[c=12106000000 pc=0000000082f15a58]
[c=12107000000 pc=0000000082f15a58]
[c=12108000000 pc=0000000082ed2a30]
[c=12109000000 pc=0000000082ed2a30]
[c=12110000000 pc=0000000082ed2a30]
[c=12111000000 pc=0000000082ed2a30]
[c=12112000000 pc=0000000082ed2a30]
[c=12113000000 pc=0000000082ed2a30]
[c=12114000000 pc=0000000082ed2a34]
[c=12115000000 pc=0000000082ed2a30]
[c=12116000000 pc=0000000082ed2a34]
[c=12117000000 pc=0000000082ed2a30]
[c=12118000000 pc=0000000082f15a6a]
[c=12119000000 pc=0000000082f15a6a]
[c=12120000000 pc=0000000082f15a4e]
[c=12121000000 pc=0000000082f15a52]
[c=12122000000 pc=0000000082f15a52]
[c=12123000000 pc=0000000082f15a52]
[c=12124000000 pc=0000000082f15a58]
[c=12125000000 pc=0000000082f15a58]
[c=12126000000 pc=0000000082f15a58]
[c=12127000000 pc=0000000082f15a5e]
[c=12128000000 pc=0000000082f15a5e]
[c=12129000000 pc=0000000082ed2a30]
[c=12130000000 pc=0000000082ed2a30]
[c=12131000000 pc=0000000082ed2a30]
[c=12132000000 pc=0000000082ed2a30]
[c=12133000000 pc=0000000082ed2a30]
[c=12134000000 pc=0000000082ed2a30]
[c=12135000000 pc=0000000082ed2a30]
[c=12136000000 pc=0000000082ed2a30]
[c=12137000000 pc=0000000082ed2a30]
[c=12138000000 pc=0000000082ed2a30]
[c=12139000000 pc=0000000082ed2a30]
[c=12140000000 pc=0000000082f15a6a]
[c=12141000000 pc=0000000082f15a6a]
[c=12142000000 pc=0000000082f15a4a]
[c=12143000000 pc=0000000082f15a4a]
[c=12144000000 pc=0000000082f15a4e]
[c=12145000000 pc=0000000082f15a4e]
[c=12146000000 pc=0000000082f15a4e]
[c=12147000000 pc=0000000082f15a52]
[c=12148000000 pc=0000000082f15a52]
[c=12149000000 pc=0000000082f15a52]
[c=12150000000 pc=0000000082ed2a2a]
[c=12151000000 pc=0000000082ed2a30]
[c=12152000000 pc=0000000082ed2a30]
[c=12153000000 pc=0000000082ed2a30]
[c=12154000000 pc=0000000082ed2a34]
[c=12155000000 pc=0000000082ed2a30]
[c=12156000000 pc=0000000082ed2a2a]
[c=12157000000 pc=0000000082ed2a30]
[c=12158000000 pc=0000000082ed2a30]
[c=12159000000 pc=0000000082ed2a30]
[c=12160000000 pc=0000000082ed2a30]
[c=12161000000 pc=0000000082f15a5e]
[c=12162000000 pc=0000000082f15a66]
[c=12163000000 pc=0000000082f15a4a]
[c=12164000000 pc=0000000082f15a4a]
[c=12165000000 pc=0000000082f15a4e]
[c=12166000000 pc=0000000082f15a4e]
[c=12167000000 pc=0000000082f15a4e]
[c=12168000000 pc=0000000082f15a52]
[c=12169000000 pc=0000000082f15a52]
[c=12170000000 pc=0000000082f15a52]
[c=12171000000 pc=0000000082f15a58]
[c=12172000000 pc=0000000082ed2a30]
[c=12173000000 pc=0000000082ed2a30]
[c=12174000000 pc=0000000082ed2a30]
[c=12175000000 pc=0000000082ed2a30]
[c=12176000000 pc=0000000082ed2a30]
[c=12177000000 pc=0000000082ed2a30]
[c=12178000000 pc=0000000082ed2a30]
[c=12179000000 pc=0000000082ed2a30]
[c=12180000000 pc=0000000082ed2a30]
[c=12181000000 pc=0000000082ed2a30]
[c=12182000000 pc=0000000082f15a5e]
[c=12183000000 pc=0000000082f15a5e]
[c=12184000000 pc=0000000082f15a58]
[c=12185000000 pc=0000000082f15a58]
[c=12186000000 pc=0000000082f15a5e]
[c=12187000000 pc=0000000082f15a5e]
[c=12188000000 pc=0000000082f15a5e]
[c=12189000000 pc=0000000082f15a66]
[c=12190000000 pc=0000000082f15a66]
[c=12191000000 pc=0000000082f15a66]
[c=12192000000 pc=0000000082f15a6a]
[c=12193000000 pc=0000000082ed2a34]
[c=12194000000 pc=0000000082ed2a30]
[c=12195000000 pc=0000000082ed2a2a]
[c=12196000000 pc=0000000082ed2a30]
[c=12197000000 pc=0000000082ed2a30]
[c=12198000000 pc=0000000082ed2a30]
[c=12199000000 pc=0000000082ed2a30]
[c=12200000000 pc=0000000082ed2a30]
[c=12201000000 pc=0000000082ed2a30]
[c=12202000000 pc=0000000082ed2a2a]
[c=12203000000 pc=0000000082ed2a30]
[c=12204000000 pc=0000000082f15a66]
[c=12205000000 pc=0000000082f15a66]
[c=12206000000 pc=0000000082f15a66]
[c=12207000000 pc=0000000082f15a66]
[c=12208000000 pc=0000000082f15a66]
[c=12209000000 pc=0000000082f15a6a]
[c=12210000000 pc=0000000082f15a6a]
[c=12211000000 pc=0000000082f15a6a]
[c=12212000000 pc=0000000082f15a4a]
[c=12213000000 pc=0000000082f15a4a]
[c=12214000000 pc=0000000082ed2a34]
[c=12215000000 pc=0000000082ed2a30]
[c=12216000000 pc=0000000082ed2a30]
[c=12217000000 pc=0000000082ed2a30]
[c=12218000000 pc=0000000082ed2a34]
[c=12219000000 pc=0000000082ed2a30]
[c=12220000000 pc=0000000082ed2a30]
[c=12221000000 pc=0000000082ed2a30]
[c=12222000000 pc=0000000082ed2a30]
[c=12223000000 pc=0000000082ed2a30]
[c=12224000000 pc=0000000082ed2a30]
[c=12225000000 pc=0000000082f15a4a]
[c=12226000000 pc=0000000082f15a4a]
[c=12227000000 pc=0000000082f15a4e]
[c=12228000000 pc=0000000082f15a4e]
[c=12229000000 pc=0000000082f15a52]
[c=12230000000 pc=0000000082f15a52]
[c=12231000000 pc=0000000082f15a52]
[c=12232000000 pc=0000000082f15a58]
[c=12233000000 pc=0000000082f15a58]
[c=12234000000 pc=0000000082f15a58]
[c=12235000000 pc=0000000082f15a5e]
[c=12236000000 pc=0000000082ed2a30]
[c=12237000000 pc=0000000082ed2a2a]
[c=12238000000 pc=0000000082ed2a30]
[c=12239000000 pc=0000000082ed2a30]
[c=12240000000 pc=0000000082ed2a30]
[c=12241000000 pc=0000000082ed2a34]
[c=12242000000 pc=0000000082ed2a30]
[c=12243000000 pc=0000000082ed2a30]
[c=12244000000 pc=0000000082ed2a34]
[c=12245000000 pc=0000000082ed2a30]
[c=12246000000 pc=0000000082f15a5e]
[c=12247000000 pc=0000000082f15a66]
[c=12248000000 pc=0000000082f15a58]
[c=12249000000 pc=0000000082f15a5e]
[c=12250000000 pc=0000000082f15a5e]
[c=12251000000 pc=0000000082f15a5e]
[c=12252000000 pc=0000000082f15a66]
[c=12253000000 pc=0000000082f15a66]
[c=12254000000 pc=0000000082f15a66]
[c=12255000000 pc=0000000082f15a6a]
[c=12256000000 pc=0000000082f15a6a]
[c=12257000000 pc=0000000082ed2a30]
[c=12258000000 pc=0000000082ed2a30]
[c=12259000000 pc=0000000082ed2a34]
[c=12260000000 pc=0000000082ed2a30]
[c=12261000000 pc=0000000082ed2a30]
[c=12262000000 pc=0000000082ed2a30]
[c=12263000000 pc=0000000082ed2a30]
[c=12264000000 pc=0000000082ed2a30]
[c=12265000000 pc=0000000082ed2a34]
[c=12266000000 pc=0000000082ed2a34]
[c=12267000000 pc=0000000082ed2a30]
[c=12268000000 pc=0000000082f15a4a]
[c=12269000000 pc=0000000082f15a4a]
[c=12270000000 pc=0000000082f15a6a]
[c=12271000000 pc=0000000082f15a4a]
[c=12272000000 pc=0000000082f15a4a]
[c=12273000000 pc=0000000082f15a4a]
[c=12274000000 pc=0000000082f15a4e]
[c=12275000000 pc=0000000082f15a4e]
[c=12276000000 pc=0000000082f15a4e]
[c=12277000000 pc=0000000082f15a52]
[c=12278000000 pc=0000000082ed2a30]
[c=12279000000 pc=0000000082ed2a30]
[c=12280000000 pc=0000000082ed2a30]
[c=12281000000 pc=0000000082ed2a30]
[c=12282000000 pc=0000000082ed2a34]
[c=12283000000 pc=0000000082ed2a30]
[c=12284000000 pc=0000000082ed2a30]
[c=12285000000 pc=0000000082ed2a30]
[c=12286000000 pc=0000000082ed2a30]
[c=12287000000 pc=0000000082ed2a30]
[c=12288000000 pc=0000000082ed2a30]
[c=12289000000 pc=0000000082f15a6a]
[c=12290000000 pc=0000000082f15a4a]
[c=12291000000 pc=0000000082f15a4e]
[c=12292000000 pc=0000000082f15a52]
[c=12293000000 pc=0000000082f15a52]
[c=12294000000 pc=0000000082f15a52]
[c=12295000000 pc=0000000082f15a58]
[c=12296000000 pc=0000000082f15a58]
[c=12297000000 pc=0000000082f15a58]
[c=12298000000 pc=0000000082f15a5e]
[c=12299000000 pc=0000000082f15a5e]
[c=12300000000 pc=0000000082ed2a30]
[c=12301000000 pc=0000000082ed2a2a]
[c=12302000000 pc=0000000082ed2a30]
[c=12303000000 pc=0000000082ed2a30]
[c=12304000000 pc=0000000082ed2a34]
[c=12305000000 pc=0000000082ed2a30]
[c=12306000000 pc=0000000082ed2a30]
[c=12307000000 pc=0000000082ed2a34]
[c=12308000000 pc=0000000082ed2a30]
[c=12309000000 pc=0000000082ed2a30]
