building obj_dir_virtio/tb_virtio ...
%Warning-UNSIGNED: mmu.v:78:22: Comparison is constant due to unsigned arithmetic
                              : ... note: In instance 'tb.dut.core.u_lsu.u_stmmu'
   78 |       pa_valid = (pa >= DRAM_BASE && pa < DRAM_TOP)
      |                      ^~
                   ... For warning description see https://verilator.org/warn/UNSIGNED?v=5.050
                   ... Use "/* verilator lint_off UNSIGNED */" and lint_on around source to disable this message.
c++  -I.  -MMD -I/opt/homebrew/Cellar/verilator/5.050/share/verilator/include -I/opt/homebrew/Cellar/verilator/5.050/share/verilator/include/vltstd -DVERILATOR=1 -DVM_COVERAGE=0 -DVM_SC=0 -DVM_TIMING=1 -DVM_TRACE=0 -DVM_TRACE_FST=0 -DVM_TRACE_VCD=0 -DVM_TRACE_SAIF=0 -DVM_VPI=0 -faligned-new -fbracket-depth=4096 -fcf-protection=none -Xclang -fno-pch-timestamp -Qunused-arguments -Wno-bool-operation -Wno-c++11-narrowing -Wno-constant-logical-operand -Wno-int-in-bool-context -Wno-non-pod-varargs -Wno-parentheses-equality -Wno-shadow -Wno-sign-compare -Wno-tautological-bitwise-compare -Wno-tautological-compare -Wno-uninitialized -Wno-unnecessary-virtual-specifier -Wno-unused-but-set-parameter -Wno-unused-but-set-variable -Wno-unused-parameter -Wno-unused-variable -Wno-vla-cxx-extension    -I/Users/tommy/smolrv64/src -DVL_TIME_CONTEXT   -std=gnu++20 -Os  -c -o sd_dpi.o ../sd_dpi.cpp
c++ -Os  -I.  -MMD -I/opt/homebrew/Cellar/verilator/5.050/share/verilator/include -I/opt/homebrew/Cellar/verilator/5.050/share/verilator/include/vltstd -DVERILATOR=1 -DVM_COVERAGE=0 -DVM_SC=0 -DVM_TIMING=1 -DVM_TRACE=0 -DVM_TRACE_FST=0 -DVM_TRACE_VCD=0 -DVM_TRACE_SAIF=0 -DVM_VPI=0 -faligned-new -fbracket-depth=4096 -fcf-protection=none -Xclang -fno-pch-timestamp -Qunused-arguments -Wno-bool-operation -Wno-c++11-narrowing -Wno-constant-logical-operand -Wno-int-in-bool-context -Wno-non-pod-varargs -Wno-parentheses-equality -Wno-shadow -Wno-sign-compare -Wno-tautological-bitwise-compare -Wno-tautological-compare -Wno-uninitialized -Wno-unnecessary-virtual-specifier -Wno-unused-but-set-parameter -Wno-unused-but-set-variable -Wno-unused-parameter -Wno-unused-variable -Wno-vla-cxx-extension    -I/Users/tommy/smolrv64/src -DVL_TIME_CONTEXT   -std=gnu++20 -c -o verilated.o /opt/homebrew/Cellar/verilator/5.050/share/verilator/include/verilated.cpp
c++ -Os  -I.  -MMD -I/opt/homebrew/Cellar/verilator/5.050/share/verilator/include -I/opt/homebrew/Cellar/verilator/5.050/share/verilator/include/vltstd -DVERILATOR=1 -DVM_COVERAGE=0 -DVM_SC=0 -DVM_TIMING=1 -DVM_TRACE=0 -DVM_TRACE_FST=0 -DVM_TRACE_VCD=0 -DVM_TRACE_SAIF=0 -DVM_VPI=0 -faligned-new -fbracket-depth=4096 -fcf-protection=none -Xclang -fno-pch-timestamp -Qunused-arguments -Wno-bool-operation -Wno-c++11-narrowing -Wno-constant-logical-operand -Wno-int-in-bool-context -Wno-non-pod-varargs -Wno-parentheses-equality -Wno-shadow -Wno-sign-compare -Wno-tautological-bitwise-compare -Wno-tautological-compare -Wno-uninitialized -Wno-unnecessary-virtual-specifier -Wno-unused-but-set-parameter -Wno-unused-but-set-variable -Wno-unused-parameter -Wno-unused-variable -Wno-vla-cxx-extension    -I/Users/tommy/smolrv64/src -DVL_TIME_CONTEXT   -std=gnu++20 -c -o verilated_dpi.o /opt/homebrew/Cellar/verilator/5.050/share/verilator/include/verilated_dpi.cpp
c++ -Os  -I.  -MMD -I/opt/homebrew/Cellar/verilator/5.050/share/verilator/include -I/opt/homebrew/Cellar/verilator/5.050/share/verilator/include/vltstd -DVERILATOR=1 -DVM_COVERAGE=0 -DVM_SC=0 -DVM_TIMING=1 -DVM_TRACE=0 -DVM_TRACE_FST=0 -DVM_TRACE_VCD=0 -DVM_TRACE_SAIF=0 -DVM_VPI=0 -faligned-new -fbracket-depth=4096 -fcf-protection=none -Xclang -fno-pch-timestamp -Qunused-arguments -Wno-bool-operation -Wno-c++11-narrowing -Wno-constant-logical-operand -Wno-int-in-bool-context -Wno-non-pod-varargs -Wno-parentheses-equality -Wno-shadow -Wno-sign-compare -Wno-tautological-bitwise-compare -Wno-tautological-compare -Wno-uninitialized -Wno-unnecessary-virtual-specifier -Wno-unused-but-set-parameter -Wno-unused-but-set-variable -Wno-unused-parameter -Wno-unused-variable -Wno-vla-cxx-extension    -I/Users/tommy/smolrv64/src -DVL_TIME_CONTEXT   -std=gnu++20 -c -o verilated_timing.o /opt/homebrew/Cellar/verilator/5.050/share/verilator/include/verilated_timing.cpp
c++ -Os  -I.  -MMD -I/opt/homebrew/Cellar/verilator/5.050/share/verilator/include -I/opt/homebrew/Cellar/verilator/5.050/share/verilator/include/vltstd -DVERILATOR=1 -DVM_COVERAGE=0 -DVM_SC=0 -DVM_TIMING=1 -DVM_TRACE=0 -DVM_TRACE_FST=0 -DVM_TRACE_VCD=0 -DVM_TRACE_SAIF=0 -DVM_VPI=0 -faligned-new -fbracket-depth=4096 -fcf-protection=none -Xclang -fno-pch-timestamp -Qunused-arguments -Wno-bool-operation -Wno-c++11-narrowing -Wno-constant-logical-operand -Wno-int-in-bool-context -Wno-non-pod-varargs -Wno-parentheses-equality -Wno-shadow -Wno-sign-compare -Wno-tautological-bitwise-compare -Wno-tautological-compare -Wno-uninitialized -Wno-unnecessary-virtual-specifier -Wno-unused-but-set-parameter -Wno-unused-but-set-variable -Wno-unused-parameter -Wno-unused-variable -Wno-vla-cxx-extension    -I/Users/tommy/smolrv64/src -DVL_TIME_CONTEXT   -std=gnu++20 -c -o verilated_threads.o /opt/homebrew/Cellar/verilator/5.050/share/verilator/include/verilated_threads.cpp
c++ -Os  -I.  -MMD -I/opt/homebrew/Cellar/verilator/5.050/share/verilator/include -I/opt/homebrew/Cellar/verilator/5.050/share/verilator/include/vltstd -DVERILATOR=1 -DVM_COVERAGE=0 -DVM_SC=0 -DVM_TIMING=1 -DVM_TRACE=0 -DVM_TRACE_FST=0 -DVM_TRACE_VCD=0 -DVM_TRACE_SAIF=0 -DVM_VPI=0 -faligned-new -fbracket-depth=4096 -fcf-protection=none -Xclang -fno-pch-timestamp -Qunused-arguments -Wno-bool-operation -Wno-c++11-narrowing -Wno-constant-logical-operand -Wno-int-in-bool-context -Wno-non-pod-varargs -Wno-parentheses-equality -Wno-shadow -Wno-sign-compare -Wno-tautological-bitwise-compare -Wno-tautological-compare -Wno-uninitialized -Wno-unnecessary-virtual-specifier -Wno-unused-but-set-parameter -Wno-unused-but-set-variable -Wno-unused-parameter -Wno-unused-variable -Wno-vla-cxx-extension    -I/Users/tommy/smolrv64/src -DVL_TIME_CONTEXT   -std=gnu++20 -x c++-header Vtb__pch.h -o Vtb__pch.h.fast.gch
c++   -I.  -MMD -I/opt/homebrew/Cellar/verilator/5.050/share/verilator/include -I/opt/homebrew/Cellar/verilator/5.050/share/verilator/include/vltstd -DVERILATOR=1 -DVM_COVERAGE=0 -DVM_SC=0 -DVM_TIMING=1 -DVM_TRACE=0 -DVM_TRACE_FST=0 -DVM_TRACE_VCD=0 -DVM_TRACE_SAIF=0 -DVM_VPI=0 -faligned-new -fbracket-depth=4096 -fcf-protection=none -Xclang -fno-pch-timestamp -Qunused-arguments -Wno-bool-operation -Wno-c++11-narrowing -Wno-constant-logical-operand -Wno-int-in-bool-context -Wno-non-pod-varargs -Wno-parentheses-equality -Wno-shadow -Wno-sign-compare -Wno-tautological-bitwise-compare -Wno-tautological-compare -Wno-uninitialized -Wno-unnecessary-virtual-specifier -Wno-unused-but-set-parameter -Wno-unused-but-set-variable -Wno-unused-parameter -Wno-unused-variable -Wno-vla-cxx-extension    -I/Users/tommy/smolrv64/src -DVL_TIME_CONTEXT   -std=gnu++20 -x c++-header Vtb__pch.h -o Vtb__pch.h.slow.gch
c++   -I.  -MMD -I/opt/homebrew/Cellar/verilator/5.050/share/verilator/include -I/opt/homebrew/Cellar/verilator/5.050/share/verilator/include/vltstd -DVERILATOR=1 -DVM_COVERAGE=0 -DVM_SC=0 -DVM_TIMING=1 -DVM_TRACE=0 -DVM_TRACE_FST=0 -DVM_TRACE_VCD=0 -DVM_TRACE_SAIF=0 -DVM_VPI=0 -faligned-new -fbracket-depth=4096 -fcf-protection=none -Xclang -fno-pch-timestamp -Qunused-arguments -Wno-bool-operation -Wno-c++11-narrowing -Wno-constant-logical-operand -Wno-int-in-bool-context -Wno-non-pod-varargs -Wno-parentheses-equality -Wno-shadow -Wno-sign-compare -Wno-tautological-bitwise-compare -Wno-tautological-compare -Wno-uninitialized -Wno-unnecessary-virtual-specifier -Wno-unused-but-set-parameter -Wno-unused-but-set-variable -Wno-unused-parameter -Wno-unused-variable -Wno-vla-cxx-extension    -I/Users/tommy/smolrv64/src -DVL_TIME_CONTEXT   -std=gnu++20 -include-pch Vtb__pch.h.slow.gch -c Vtb__ConstPool__0__Slow.cpp
c++   -I.  -MMD -I/opt/homebrew/Cellar/verilator/5.050/share/verilator/include -I/opt/homebrew/Cellar/verilator/5.050/share/verilator/include/vltstd -DVERILATOR=1 -DVM_COVERAGE=0 -DVM_SC=0 -DVM_TIMING=1 -DVM_TRACE=0 -DVM_TRACE_FST=0 -DVM_TRACE_VCD=0 -DVM_TRACE_SAIF=0 -DVM_VPI=0 -faligned-new -fbracket-depth=4096 -fcf-protection=none -Xclang -fno-pch-timestamp -Qunused-arguments -Wno-bool-operation -Wno-c++11-narrowing -Wno-constant-logical-operand -Wno-int-in-bool-context -Wno-non-pod-varargs -Wno-parentheses-equality -Wno-shadow -Wno-sign-compare -Wno-tautological-bitwise-compare -Wno-tautological-compare -Wno-uninitialized -Wno-unnecessary-virtual-specifier -Wno-unused-but-set-parameter -Wno-unused-but-set-variable -Wno-unused-parameter -Wno-unused-variable -Wno-vla-cxx-extension    -I/Users/tommy/smolrv64/src -DVL_TIME_CONTEXT   -std=gnu++20 -include-pch Vtb__pch.h.slow.gch -c Vtb___024root__Slow.cpp
c++   -I.  -MMD -I/opt/homebrew/Cellar/verilator/5.050/share/verilator/include -I/opt/homebrew/Cellar/verilator/5.050/share/verilator/include/vltstd -DVERILATOR=1 -DVM_COVERAGE=0 -DVM_SC=0 -DVM_TIMING=1 -DVM_TRACE=0 -DVM_TRACE_FST=0 -DVM_TRACE_VCD=0 -DVM_TRACE_SAIF=0 -DVM_VPI=0 -faligned-new -fbracket-depth=4096 -fcf-protection=none -Xclang -fno-pch-timestamp -Qunused-arguments -Wno-bool-operation -Wno-c++11-narrowing -Wno-constant-logical-operand -Wno-int-in-bool-context -Wno-non-pod-varargs -Wno-parentheses-equality -Wno-shadow -Wno-sign-compare -Wno-tautological-bitwise-compare -Wno-tautological-compare -Wno-uninitialized -Wno-unnecessary-virtual-specifier -Wno-unused-but-set-parameter -Wno-unused-but-set-variable -Wno-unused-parameter -Wno-unused-variable -Wno-vla-cxx-extension    -I/Users/tommy/smolrv64/src -DVL_TIME_CONTEXT   -std=gnu++20 -include-pch Vtb__pch.h.slow.gch -c Vtb___024root__0__Slow.cpp
c++   -I.  -MMD -I/opt/homebrew/Cellar/verilator/5.050/share/verilator/include -I/opt/homebrew/Cellar/verilator/5.050/share/verilator/include/vltstd -DVERILATOR=1 -DVM_COVERAGE=0 -DVM_SC=0 -DVM_TIMING=1 -DVM_TRACE=0 -DVM_TRACE_FST=0 -DVM_TRACE_VCD=0 -DVM_TRACE_SAIF=0 -DVM_VPI=0 -faligned-new -fbracket-depth=4096 -fcf-protection=none -Xclang -fno-pch-timestamp -Qunused-arguments -Wno-bool-operation -Wno-c++11-narrowing -Wno-constant-logical-operand -Wno-int-in-bool-context -Wno-non-pod-varargs -Wno-parentheses-equality -Wno-shadow -Wno-sign-compare -Wno-tautological-bitwise-compare -Wno-tautological-compare -Wno-uninitialized -Wno-unnecessary-virtual-specifier -Wno-unused-but-set-parameter -Wno-unused-but-set-variable -Wno-unused-parameter -Wno-unused-variable -Wno-vla-cxx-extension    -I/Users/tommy/smolrv64/src -DVL_TIME_CONTEXT   -std=gnu++20 -include-pch Vtb__pch.h.slow.gch -c Vtb___024root__1__Slow.cpp
c++   -I.  -MMD -I/opt/homebrew/Cellar/verilator/5.050/share/verilator/include -I/opt/homebrew/Cellar/verilator/5.050/share/verilator/include/vltstd -DVERILATOR=1 -DVM_COVERAGE=0 -DVM_SC=0 -DVM_TIMING=1 -DVM_TRACE=0 -DVM_TRACE_FST=0 -DVM_TRACE_VCD=0 -DVM_TRACE_SAIF=0 -DVM_VPI=0 -faligned-new -fbracket-depth=4096 -fcf-protection=none -Xclang -fno-pch-timestamp -Qunused-arguments -Wno-bool-operation -Wno-c++11-narrowing -Wno-constant-logical-operand -Wno-int-in-bool-context -Wno-non-pod-varargs -Wno-parentheses-equality -Wno-shadow -Wno-sign-compare -Wno-tautological-bitwise-compare -Wno-tautological-compare -Wno-uninitialized -Wno-unnecessary-virtual-specifier -Wno-unused-but-set-parameter -Wno-unused-but-set-variable -Wno-unused-parameter -Wno-unused-variable -Wno-vla-cxx-extension    -I/Users/tommy/smolrv64/src -DVL_TIME_CONTEXT   -std=gnu++20 -include-pch Vtb__pch.h.slow.gch -c Vtb___024root__2__Slow.cpp
c++   -I.  -MMD -I/opt/homebrew/Cellar/verilator/5.050/share/verilator/include -I/opt/homebrew/Cellar/verilator/5.050/share/verilator/include/vltstd -DVERILATOR=1 -DVM_COVERAGE=0 -DVM_SC=0 -DVM_TIMING=1 -DVM_TRACE=0 -DVM_TRACE_FST=0 -DVM_TRACE_VCD=0 -DVM_TRACE_SAIF=0 -DVM_VPI=0 -faligned-new -fbracket-depth=4096 -fcf-protection=none -Xclang -fno-pch-timestamp -Qunused-arguments -Wno-bool-operation -Wno-c++11-narrowing -Wno-constant-logical-operand -Wno-int-in-bool-context -Wno-non-pod-varargs -Wno-parentheses-equality -Wno-shadow -Wno-sign-compare -Wno-tautological-bitwise-compare -Wno-tautological-compare -Wno-uninitialized -Wno-unnecessary-virtual-specifier -Wno-unused-but-set-parameter -Wno-unused-but-set-variable -Wno-unused-parameter -Wno-unused-variable -Wno-vla-cxx-extension    -I/Users/tommy/smolrv64/src -DVL_TIME_CONTEXT   -std=gnu++20 -include-pch Vtb__pch.h.slow.gch -c Vtb_exec_shard__pi9__Slow.cpp
c++   -I.  -MMD -I/opt/homebrew/Cellar/verilator/5.050/share/verilator/include -I/opt/homebrew/Cellar/verilator/5.050/share/verilator/include/vltstd -DVERILATOR=1 -DVM_COVERAGE=0 -DVM_SC=0 -DVM_TIMING=1 -DVM_TRACE=0 -DVM_TRACE_FST=0 -DVM_TRACE_VCD=0 -DVM_TRACE_SAIF=0 -DVM_VPI=0 -faligned-new -fbracket-depth=4096 -fcf-protection=none -Xclang -fno-pch-timestamp -Qunused-arguments -Wno-bool-operation -Wno-c++11-narrowing -Wno-constant-logical-operand -Wno-int-in-bool-context -Wno-non-pod-varargs -Wno-parentheses-equality -Wno-shadow -Wno-sign-compare -Wno-tautological-bitwise-compare -Wno-tautological-compare -Wno-uninitialized -Wno-unnecessary-virtual-specifier -Wno-unused-but-set-parameter -Wno-unused-but-set-variable -Wno-unused-parameter -Wno-unused-variable -Wno-vla-cxx-extension    -I/Users/tommy/smolrv64/src -DVL_TIME_CONTEXT   -std=gnu++20 -include-pch Vtb__pch.h.slow.gch -c Vtb_exec_shard__pi9__0__Slow.cpp
c++   -I.  -MMD -I/opt/homebrew/Cellar/verilator/5.050/share/verilator/include -I/opt/homebrew/Cellar/verilator/5.050/share/verilator/include/vltstd -DVERILATOR=1 -DVM_COVERAGE=0 -DVM_SC=0 -DVM_TIMING=1 -DVM_TRACE=0 -DVM_TRACE_FST=0 -DVM_TRACE_VCD=0 -DVM_TRACE_SAIF=0 -DVM_VPI=0 -faligned-new -fbracket-depth=4096 -fcf-protection=none -Xclang -fno-pch-timestamp -Qunused-arguments -Wno-bool-operation -Wno-c++11-narrowing -Wno-constant-logical-operand -Wno-int-in-bool-context -Wno-non-pod-varargs -Wno-parentheses-equality -Wno-shadow -Wno-sign-compare -Wno-tautological-bitwise-compare -Wno-tautological-compare -Wno-uninitialized -Wno-unnecessary-virtual-specifier -Wno-unused-but-set-parameter -Wno-unused-but-set-variable -Wno-unused-parameter -Wno-unused-variable -Wno-vla-cxx-extension    -I/Users/tommy/smolrv64/src -DVL_TIME_CONTEXT   -std=gnu++20 -include-pch Vtb__pch.h.slow.gch -c Vtb_exec_shard__pi9__1__Slow.cpp
c++   -I.  -MMD -I/opt/homebrew/Cellar/verilator/5.050/share/verilator/include -I/opt/homebrew/Cellar/verilator/5.050/share/verilator/include/vltstd -DVERILATOR=1 -DVM_COVERAGE=0 -DVM_SC=0 -DVM_TIMING=1 -DVM_TRACE=0 -DVM_TRACE_FST=0 -DVM_TRACE_VCD=0 -DVM_TRACE_SAIF=0 -DVM_VPI=0 -faligned-new -fbracket-depth=4096 -fcf-protection=none -Xclang -fno-pch-timestamp -Qunused-arguments -Wno-bool-operation -Wno-c++11-narrowing -Wno-constant-logical-operand -Wno-int-in-bool-context -Wno-non-pod-varargs -Wno-parentheses-equality -Wno-shadow -Wno-sign-compare -Wno-tautological-bitwise-compare -Wno-tautological-compare -Wno-uninitialized -Wno-unnecessary-virtual-specifier -Wno-unused-but-set-parameter -Wno-unused-but-set-variable -Wno-unused-parameter -Wno-unused-variable -Wno-vla-cxx-extension    -I/Users/tommy/smolrv64/src -DVL_TIME_CONTEXT   -std=gnu++20 -include-pch Vtb__pch.h.slow.gch -c Vtb_exec_shard__pi9__2__Slow.cpp
c++   -I.  -MMD -I/opt/homebrew/Cellar/verilator/5.050/share/verilator/include -I/opt/homebrew/Cellar/verilator/5.050/share/verilator/include/vltstd -DVERILATOR=1 -DVM_COVERAGE=0 -DVM_SC=0 -DVM_TIMING=1 -DVM_TRACE=0 -DVM_TRACE_FST=0 -DVM_TRACE_VCD=0 -DVM_TRACE_SAIF=0 -DVM_VPI=0 -faligned-new -fbracket-depth=4096 -fcf-protection=none -Xclang -fno-pch-timestamp -Qunused-arguments -Wno-bool-operation -Wno-c++11-narrowing -Wno-constant-logical-operand -Wno-int-in-bool-context -Wno-non-pod-varargs -Wno-parentheses-equality -Wno-shadow -Wno-sign-compare -Wno-tautological-bitwise-compare -Wno-tautological-compare -Wno-uninitialized -Wno-unnecessary-virtual-specifier -Wno-unused-but-set-parameter -Wno-unused-but-set-variable -Wno-unused-parameter -Wno-unused-variable -Wno-vla-cxx-extension    -I/Users/tommy/smolrv64/src -DVL_TIME_CONTEXT   -std=gnu++20 -include-pch Vtb__pch.h.slow.gch -c Vtb__Syms__Slow.cpp
c++ -Os  -I.  -MMD -I/opt/homebrew/Cellar/verilator/5.050/share/verilator/include -I/opt/homebrew/Cellar/verilator/5.050/share/verilator/include/vltstd -DVERILATOR=1 -DVM_COVERAGE=0 -DVM_SC=0 -DVM_TIMING=1 -DVM_TRACE=0 -DVM_TRACE_FST=0 -DVM_TRACE_VCD=0 -DVM_TRACE_SAIF=0 -DVM_VPI=0 -faligned-new -fbracket-depth=4096 -fcf-protection=none -Xclang -fno-pch-timestamp -Qunused-arguments -Wno-bool-operation -Wno-c++11-narrowing -Wno-constant-logical-operand -Wno-int-in-bool-context -Wno-non-pod-varargs -Wno-parentheses-equality -Wno-shadow -Wno-sign-compare -Wno-tautological-bitwise-compare -Wno-tautological-compare -Wno-uninitialized -Wno-unnecessary-virtual-specifier -Wno-unused-but-set-parameter -Wno-unused-but-set-variable -Wno-unused-parameter -Wno-unused-variable -Wno-vla-cxx-extension    -I/Users/tommy/smolrv64/src -DVL_TIME_CONTEXT   -std=gnu++20 -include-pch Vtb__pch.h.fast.gch -c Vtb.cpp
c++ -Os  -I.  -MMD -I/opt/homebrew/Cellar/verilator/5.050/share/verilator/include -I/opt/homebrew/Cellar/verilator/5.050/share/verilator/include/vltstd -DVERILATOR=1 -DVM_COVERAGE=0 -DVM_SC=0 -DVM_TIMING=1 -DVM_TRACE=0 -DVM_TRACE_FST=0 -DVM_TRACE_VCD=0 -DVM_TRACE_SAIF=0 -DVM_VPI=0 -faligned-new -fbracket-depth=4096 -fcf-protection=none -Xclang -fno-pch-timestamp -Qunused-arguments -Wno-bool-operation -Wno-c++11-narrowing -Wno-constant-logical-operand -Wno-int-in-bool-context -Wno-non-pod-varargs -Wno-parentheses-equality -Wno-shadow -Wno-sign-compare -Wno-tautological-bitwise-compare -Wno-tautological-compare -Wno-uninitialized -Wno-unnecessary-virtual-specifier -Wno-unused-but-set-parameter -Wno-unused-but-set-variable -Wno-unused-parameter -Wno-unused-variable -Wno-vla-cxx-extension    -I/Users/tommy/smolrv64/src -DVL_TIME_CONTEXT   -std=gnu++20 -include-pch Vtb__pch.h.fast.gch -c Vtb___024root__0.cpp
c++ -Os  -I.  -MMD -I/opt/homebrew/Cellar/verilator/5.050/share/verilator/include -I/opt/homebrew/Cellar/verilator/5.050/share/verilator/include/vltstd -DVERILATOR=1 -DVM_COVERAGE=0 -DVM_SC=0 -DVM_TIMING=1 -DVM_TRACE=0 -DVM_TRACE_FST=0 -DVM_TRACE_VCD=0 -DVM_TRACE_SAIF=0 -DVM_VPI=0 -faligned-new -fbracket-depth=4096 -fcf-protection=none -Xclang -fno-pch-timestamp -Qunused-arguments -Wno-bool-operation -Wno-c++11-narrowing -Wno-constant-logical-operand -Wno-int-in-bool-context -Wno-non-pod-varargs -Wno-parentheses-equality -Wno-shadow -Wno-sign-compare -Wno-tautological-bitwise-compare -Wno-tautological-compare -Wno-uninitialized -Wno-unnecessary-virtual-specifier -Wno-unused-but-set-parameter -Wno-unused-but-set-variable -Wno-unused-parameter -Wno-unused-variable -Wno-vla-cxx-extension    -I/Users/tommy/smolrv64/src -DVL_TIME_CONTEXT   -std=gnu++20 -include-pch Vtb__pch.h.fast.gch -c Vtb___024root__1.cpp
c++ -Os  -I.  -MMD -I/opt/homebrew/Cellar/verilator/5.050/share/verilator/include -I/opt/homebrew/Cellar/verilator/5.050/share/verilator/include/vltstd -DVERILATOR=1 -DVM_COVERAGE=0 -DVM_SC=0 -DVM_TIMING=1 -DVM_TRACE=0 -DVM_TRACE_FST=0 -DVM_TRACE_VCD=0 -DVM_TRACE_SAIF=0 -DVM_VPI=0 -faligned-new -fbracket-depth=4096 -fcf-protection=none -Xclang -fno-pch-timestamp -Qunused-arguments -Wno-bool-operation -Wno-c++11-narrowing -Wno-constant-logical-operand -Wno-int-in-bool-context -Wno-non-pod-varargs -Wno-parentheses-equality -Wno-shadow -Wno-sign-compare -Wno-tautological-bitwise-compare -Wno-tautological-compare -Wno-uninitialized -Wno-unnecessary-virtual-specifier -Wno-unused-but-set-parameter -Wno-unused-but-set-variable -Wno-unused-parameter -Wno-unused-variable -Wno-vla-cxx-extension    -I/Users/tommy/smolrv64/src -DVL_TIME_CONTEXT   -std=gnu++20 -include-pch Vtb__pch.h.fast.gch -c Vtb___024root__2.cpp
c++ -Os  -I.  -MMD -I/opt/homebrew/Cellar/verilator/5.050/share/verilator/include -I/opt/homebrew/Cellar/verilator/5.050/share/verilator/include/vltstd -DVERILATOR=1 -DVM_COVERAGE=0 -DVM_SC=0 -DVM_TIMING=1 -DVM_TRACE=0 -DVM_TRACE_FST=0 -DVM_TRACE_VCD=0 -DVM_TRACE_SAIF=0 -DVM_VPI=0 -faligned-new -fbracket-depth=4096 -fcf-protection=none -Xclang -fno-pch-timestamp -Qunused-arguments -Wno-bool-operation -Wno-c++11-narrowing -Wno-constant-logical-operand -Wno-int-in-bool-context -Wno-non-pod-varargs -Wno-parentheses-equality -Wno-shadow -Wno-sign-compare -Wno-tautological-bitwise-compare -Wno-tautological-compare -Wno-uninitialized -Wno-unnecessary-virtual-specifier -Wno-unused-but-set-parameter -Wno-unused-but-set-variable -Wno-unused-parameter -Wno-unused-variable -Wno-vla-cxx-extension    -I/Users/tommy/smolrv64/src -DVL_TIME_CONTEXT   -std=gnu++20 -include-pch Vtb__pch.h.fast.gch -c Vtb___024root__3.cpp
c++ -Os  -I.  -MMD -I/opt/homebrew/Cellar/verilator/5.050/share/verilator/include -I/opt/homebrew/Cellar/verilator/5.050/share/verilator/include/vltstd -DVERILATOR=1 -DVM_COVERAGE=0 -DVM_SC=0 -DVM_TIMING=1 -DVM_TRACE=0 -DVM_TRACE_FST=0 -DVM_TRACE_VCD=0 -DVM_TRACE_SAIF=0 -DVM_VPI=0 -faligned-new -fbracket-depth=4096 -fcf-protection=none -Xclang -fno-pch-timestamp -Qunused-arguments -Wno-bool-operation -Wno-c++11-narrowing -Wno-constant-logical-operand -Wno-int-in-bool-context -Wno-non-pod-varargs -Wno-parentheses-equality -Wno-shadow -Wno-sign-compare -Wno-tautological-bitwise-compare -Wno-tautological-compare -Wno-uninitialized -Wno-unnecessary-virtual-specifier -Wno-unused-but-set-parameter -Wno-unused-but-set-variable -Wno-unused-parameter -Wno-unused-variable -Wno-vla-cxx-extension    -I/Users/tommy/smolrv64/src -DVL_TIME_CONTEXT   -std=gnu++20 -include-pch Vtb__pch.h.fast.gch -c Vtb___024root__4.cpp
c++ -Os  -I.  -MMD -I/opt/homebrew/Cellar/verilator/5.050/share/verilator/include -I/opt/homebrew/Cellar/verilator/5.050/share/verilator/include/vltstd -DVERILATOR=1 -DVM_COVERAGE=0 -DVM_SC=0 -DVM_TIMING=1 -DVM_TRACE=0 -DVM_TRACE_FST=0 -DVM_TRACE_VCD=0 -DVM_TRACE_SAIF=0 -DVM_VPI=0 -faligned-new -fbracket-depth=4096 -fcf-protection=none -Xclang -fno-pch-timestamp -Qunused-arguments -Wno-bool-operation -Wno-c++11-narrowing -Wno-constant-logical-operand -Wno-int-in-bool-context -Wno-non-pod-varargs -Wno-parentheses-equality -Wno-shadow -Wno-sign-compare -Wno-tautological-bitwise-compare -Wno-tautological-compare -Wno-uninitialized -Wno-unnecessary-virtual-specifier -Wno-unused-but-set-parameter -Wno-unused-but-set-variable -Wno-unused-parameter -Wno-unused-variable -Wno-vla-cxx-extension    -I/Users/tommy/smolrv64/src -DVL_TIME_CONTEXT   -std=gnu++20 -include-pch Vtb__pch.h.fast.gch -c Vtb___024root__5.cpp
c++ -Os  -I.  -MMD -I/opt/homebrew/Cellar/verilator/5.050/share/verilator/include -I/opt/homebrew/Cellar/verilator/5.050/share/verilator/include/vltstd -DVERILATOR=1 -DVM_COVERAGE=0 -DVM_SC=0 -DVM_TIMING=1 -DVM_TRACE=0 -DVM_TRACE_FST=0 -DVM_TRACE_VCD=0 -DVM_TRACE_SAIF=0 -DVM_VPI=0 -faligned-new -fbracket-depth=4096 -fcf-protection=none -Xclang -fno-pch-timestamp -Qunused-arguments -Wno-bool-operation -Wno-c++11-narrowing -Wno-constant-logical-operand -Wno-int-in-bool-context -Wno-non-pod-varargs -Wno-parentheses-equality -Wno-shadow -Wno-sign-compare -Wno-tautological-bitwise-compare -Wno-tautological-compare -Wno-uninitialized -Wno-unnecessary-virtual-specifier -Wno-unused-but-set-parameter -Wno-unused-but-set-variable -Wno-unused-parameter -Wno-unused-variable -Wno-vla-cxx-extension    -I/Users/tommy/smolrv64/src -DVL_TIME_CONTEXT   -std=gnu++20 -include-pch Vtb__pch.h.fast.gch -c Vtb_exec_shard__pi9__0.cpp
c++ -Os  -I.  -MMD -I/opt/homebrew/Cellar/verilator/5.050/share/verilator/include -I/opt/homebrew/Cellar/verilator/5.050/share/verilator/include/vltstd -DVERILATOR=1 -DVM_COVERAGE=0 -DVM_SC=0 -DVM_TIMING=1 -DVM_TRACE=0 -DVM_TRACE_FST=0 -DVM_TRACE_VCD=0 -DVM_TRACE_SAIF=0 -DVM_VPI=0 -faligned-new -fbracket-depth=4096 -fcf-protection=none -Xclang -fno-pch-timestamp -Qunused-arguments -Wno-bool-operation -Wno-c++11-narrowing -Wno-constant-logical-operand -Wno-int-in-bool-context -Wno-non-pod-varargs -Wno-parentheses-equality -Wno-shadow -Wno-sign-compare -Wno-tautological-bitwise-compare -Wno-tautological-compare -Wno-uninitialized -Wno-unnecessary-virtual-specifier -Wno-unused-but-set-parameter -Wno-unused-but-set-variable -Wno-unused-parameter -Wno-unused-variable -Wno-vla-cxx-extension    -I/Users/tommy/smolrv64/src -DVL_TIME_CONTEXT   -std=gnu++20 -include-pch Vtb__pch.h.fast.gch -c Vtb_exec_shard__pi9__1.cpp
c++ -Os  -I.  -MMD -I/opt/homebrew/Cellar/verilator/5.050/share/verilator/include -I/opt/homebrew/Cellar/verilator/5.050/share/verilator/include/vltstd -DVERILATOR=1 -DVM_COVERAGE=0 -DVM_SC=0 -DVM_TIMING=1 -DVM_TRACE=0 -DVM_TRACE_FST=0 -DVM_TRACE_VCD=0 -DVM_TRACE_SAIF=0 -DVM_VPI=0 -faligned-new -fbracket-depth=4096 -fcf-protection=none -Xclang -fno-pch-timestamp -Qunused-arguments -Wno-bool-operation -Wno-c++11-narrowing -Wno-constant-logical-operand -Wno-int-in-bool-context -Wno-non-pod-varargs -Wno-parentheses-equality -Wno-shadow -Wno-sign-compare -Wno-tautological-bitwise-compare -Wno-tautological-compare -Wno-uninitialized -Wno-unnecessary-virtual-specifier -Wno-unused-but-set-parameter -Wno-unused-but-set-variable -Wno-unused-parameter -Wno-unused-variable -Wno-vla-cxx-extension    -I/Users/tommy/smolrv64/src -DVL_TIME_CONTEXT   -std=gnu++20 -include-pch Vtb__pch.h.fast.gch -c Vtb_exec_shard__pi9__2.cpp
c++ -Os  -I.  -MMD -I/opt/homebrew/Cellar/verilator/5.050/share/verilator/include -I/opt/homebrew/Cellar/verilator/5.050/share/verilator/include/vltstd -DVERILATOR=1 -DVM_COVERAGE=0 -DVM_SC=0 -DVM_TIMING=1 -DVM_TRACE=0 -DVM_TRACE_FST=0 -DVM_TRACE_VCD=0 -DVM_TRACE_SAIF=0 -DVM_VPI=0 -faligned-new -fbracket-depth=4096 -fcf-protection=none -Xclang -fno-pch-timestamp -Qunused-arguments -Wno-bool-operation -Wno-c++11-narrowing -Wno-constant-logical-operand -Wno-int-in-bool-context -Wno-non-pod-varargs -Wno-parentheses-equality -Wno-shadow -Wno-sign-compare -Wno-tautological-bitwise-compare -Wno-tautological-compare -Wno-uninitialized -Wno-unnecessary-virtual-specifier -Wno-unused-but-set-parameter -Wno-unused-but-set-variable -Wno-unused-parameter -Wno-unused-variable -Wno-vla-cxx-extension    -I/Users/tommy/smolrv64/src -DVL_TIME_CONTEXT   -std=gnu++20 -include-pch Vtb__pch.h.fast.gch -c Vtb__main.cpp
c++ -Os  -I.  -MMD -I/opt/homebrew/Cellar/verilator/5.050/share/verilator/include -I/opt/homebrew/Cellar/verilator/5.050/share/verilator/include/vltstd -DVERILATOR=1 -DVM_COVERAGE=0 -DVM_SC=0 -DVM_TIMING=1 -DVM_TRACE=0 -DVM_TRACE_FST=0 -DVM_TRACE_VCD=0 -DVM_TRACE_SAIF=0 -DVM_VPI=0 -faligned-new -fbracket-depth=4096 -fcf-protection=none -Xclang -fno-pch-timestamp -Qunused-arguments -Wno-bool-operation -Wno-c++11-narrowing -Wno-constant-logical-operand -Wno-int-in-bool-context -Wno-non-pod-varargs -Wno-parentheses-equality -Wno-shadow -Wno-sign-compare -Wno-tautological-bitwise-compare -Wno-tautological-compare -Wno-uninitialized -Wno-unnecessary-virtual-specifier -Wno-unused-but-set-parameter -Wno-unused-but-set-variable -Wno-unused-parameter -Wno-unused-variable -Wno-vla-cxx-extension    -I/Users/tommy/smolrv64/src -DVL_TIME_CONTEXT   -std=gnu++20 -include-pch Vtb__pch.h.fast.gch -c Vtb__Dpi.cpp
c++  -Wl,-U,__Z15vl_time_stamp64v,-U,__Z13sc_time_stampv,-U,_vlog_startup_routines   sd_dpi.o verilated.o verilated_dpi.o verilated_timing.o verilated_threads.o Vtb__ALL.a    -pthread -lpthread   -o tb_virtio
rm Vtb__ALL.verilator_deplist.tmp
- V e r i l a t i o n   R e p o r t: Verilator 5.050 2026-07-01 rev vUNKNOWN-built20260701
- Verilator: Built from 11.430 MB sources in 51 modules, into 11.102 MB in 22 C++ files needing 0.014 MB
- Verilator: Walltime 3.955 s (elab=0.045, cvt=0.564, bld=3.250); cpu 0.740 s on 10 threads; allocated 166.453 MB
=== virtio boot (fw=../workloads/ubuntu/fw_payload.bin dtb=../workloads/ubuntu/ubuntu.dtb disk=../workloads/ubuntu/ubuntu-25.04-preinstalled-server-riscv64.img a1=82000000 cycles=2000000000000) ===
[sd_dpi] attached ../workloads/ubuntu/ubuntu-25.04-preinstalled-server-riscv64.img (10200547328 bytes, capacity 19922944 sectors)
[tb_virtio: loaded 25064456 bytes @ DDR+0000000000000000 (391633 lines)]
[tb_virtio: loaded 2834 bytes @ DDR+0000000002000000 (45 lines)]
[c=0 pc=0000000080000000]
[c=1000000 pc=00000000800194da]
[c=2000000 pc=000000008000b9a8]

OpenSBI v1.8.1
   ____                    _____ ____ _____
  / __ \                  / ____|  _ \_   _|
 | |  | |_ __   ___ _ __ | (___ | |_) || |
 | |  | | '_ \ / _ \ '_ \ \___ \|  _ < | |
 | |__| | |_) |  __/ | | |____) | |_) || |_
  \____/| .__/ \___|_| |_|_____/|____/_____|
        | |
        |_|

[c=3000000 pc=000000008001a342]
[c=4000000 pc=00000000800194fe]
[c=5000000 pc=00000000800152c0]
[c=6000000 pc=0000000080019560]
[c=7000000 pc=00000000800196a8]
[c=8000000 pc=00000000800197bc]
[c=9000000 pc=000000008000b8f6]
[c=10000000 pc=0000000080019626]
[c=11000000 pc=00000000800194fe]
[c=12000000 pc=0000000080019530]
[c=13000000 pc=0000000080019532]
[c=14000000 pc=000000008000b944]
[c=15000000 pc=00000000800194de]
[c=16000000 pc=0000000080019506]
Platform Name               : SmooolRV64 w/2048 MiB
Platform Features           : medeleg
Platform HART Count         : 1
Platform HART Protection    : ---
Platform IPI Device         : aclint-mswi
Platform Timer Device       : aclint-mtimer @ 501253Hz
Platform Console Device     : uart8250
Platform HSM Device         : ---
Platform PMU Device         : ---
Platform Reboot Device      : ---
Platform Shutdown Device    : ---
Platform Suspend Device     : ---
Platform CPPC Device        : ---
Firmware Base               : 0x80000000
Firmware Size               : 321 KB
Firmware RW Offset          : 0x40000
Firmware RW Size            : 65 KB
Firmware Heap Offset        : 0x47000
Firmware Heap Size          : 37 KB (total), 0 KB (reserved), 12 KB (used), 23 KB (free)
Firmware Scratch Size       : 4096 B (total), 1464 B (used), 2632 B (free)
Runtime SBI Version         : 3.0
Standard SBI Extensions     : ipi,pmu,sse,hsm,rfnc,fwft,time,base,legacy,dbcn,dbtr
Experimental SBI Extensions : none

Domain0 Name                : root
Domain0 Boot HART           : 0
Domain0 HARTs               : 0*
Domain0 Region00            : 0x0000000080040000-0x000000008005ffff M: (F,R,W) S/U: ()
Domain0 Region01            : 0x0000000080000000-0x000000008003ffff M: (F,R,X) S/U: ()
Domain0 Region02            : 0x0000000010000000-0x0000000010000fff M: (I,R,W) S/U: (R,W)
Domain0 Region03            : 0x0000000002000000-0x000000000200ffff M: (I,R,W) S/U: ()
Domain0 Region04            : 0x000000000c000000-0x000000000fffffff M: (I,R,W) S/U: (R,W)
Domain0 Region05            : 0x0000000000000000-0xffffffffffffffff M: () S/U: (R,W,X)
Domain0 Next Address        : 0x0000000080200000
Domain0 Next Arg1           : 0x0000000082200000
Domain0 Next Mode           : S-mode
Domain0 SysReset            : yes
Domain0 SysSuspend          : yes

Boot HART ID                : 0
Boot HART Domain            : root
Boot HART Priv Version      : v1.12
Boot HART Base ISA          : rv64imafdc
Boot HART ISA Extensions    : sscofpmf,sstc,zicntr,zihpm,smcntrpmf,zicboz,zicbom,svpbmt,sdtrig
Boot HART PMP Count         : 0
Boot HART PMP Granularity   : 0 bits
Boot HART PMP Address Bits  : 0
Boot HART MHPM Info         : 13 (0x0000fff8)
Boot HART Debug Triggers    : 1 triggers
Boot HART MIDELEG           : 0x0000000000002222
Boot HART MEDELEG           : 0x000000000004b109
[c=17000000 pc=00000000802010b8]
[c=18000000 pc=0000000080abdbf6]
[c=19000000 pc=000000008069ae8e]
[c=20000000 pc=000000008069af3e]
[c=21000000 pc=000000008069af3e]
[c=22000000 pc=000000008069ae88]
[c=23000000 pc=000000008069af48]
[c=24000000 pc=000000008039e874]
[c=25000000 pc=000000008039e584]
[c=26000000 pc=000000008069ad12]
[c=27000000 pc=000000008039e562]
[c=28000000 pc=000000008039e574]
[c=29000000 pc=000000008069ae84]
[c=30000000 pc=000000008069af38]
[c=31000000 pc=000000008039e588]
[c=32000000 pc=000000008039e896]
[c=33000000 pc=000000008069af48]
[c=34000000 pc=000000008039e876]
[c=35000000 pc=000000008039e86a]
[c=36000000 pc=000000008069af42]
[    0.000000] Linux version 7.1.0 (tommy@coffee) (riscv64-linux-gnu-gcc (Ubuntu 15.2.0-16ubuntu1) 15.2.0, GNU ld (GNU Binutils for Ubuntu) 2.46) #31 PREEMPT Sun Jun 28 15:03:59 PDT 2026
[    0.000000] random: crng init done
[    0.000000] Machine model: SmooolRV64 w/2048 MiB
[    0.000000] SBI specification v3.0 detected
[    0.000000] SBI implementation ID=0x1 Version=0x10008
[    0.000000] SBI TIME extension detected
[    0.000000] SBI IPI extension detected
[    0.000000] SBI RFENCE extension detected
[    0.000000] SBI DBCN extension detected
[    0.000000] SBI FWFT extension detected
[    0.000000] earlycon: sbi0 at I/O port 0x0 (options '')
[    0.000000] printk: legacy bootconsole [sbi0] enabled
[    0.000000] printk: debug: ignoring loglevel setting.
[c=37000000 pc=0000000080abd920]
[    0.000000] efi: UEFI not found.
[c=38000000 pc=0000000080217086]
[c=39000000 pc=0000000080c0513a]
[c=40000000 pc=0000000080c051e2]
[    0.000000] OF: reserved mem: 0x0000000080000000..0x000000008003ffff (256 KiB) nomap non-reusable mmode_resv1@80000000
[    0.000000] OF: reserved mem: 0x0000000080040000..0x000000008005ffff (128 KiB) nomap non-reusable mmode_resv0@80040000
[c=41000000 pc=0000000080abd97c]
[c=42000000 pc=0000000080abd8ec]
[c=43000000 pc=0000000080ae2bfc]
[    0.000000] riscv: base ISA extensions acdfim
[    0.000000] riscv: ELF capabilities acdfim
[c=44000000 pc=0000000080212e82]
[c=45000000 pc=0000000080212e82]
[c=46000000 pc=000000008021291c]
[c=47000000 pc=000000008021291c]
[c=48000000 pc=0000000080212e82]
[c=49000000 pc=000000008020eb7e]
[c=50000000 pc=0000000080212e82]
[c=51000000 pc=000000008021291c]
[c=52000000 pc=000000008021291c]
[c=53000000 pc=0000000080212e82]
[c=54000000 pc=0000000080212e82]
[c=55000000 pc=0000000080212e82]
[c=56000000 pc=0000000080212e82]
[c=57000000 pc=000000008021291c]
[c=58000000 pc=000000008021291c]
[c=59000000 pc=0000000080212e82]
[c=60000000 pc=0000000080212e82]
[c=61000000 pc=0000000080212e82]
[c=62000000 pc=000000008021291c]
[c=63000000 pc=000000008020e03a]
[c=64000000 pc=000000008021291c]
[c=65000000 pc=0000000080212972]
[c=66000000 pc=0000000080212e82]
[c=67000000 pc=000000008021291c]
[c=68000000 pc=0000000080212e82]
[c=69000000 pc=000000008021291c]
[c=70000000 pc=00000000803ae08c]
[c=71000000 pc=0000000080212e82]
[    0.000000] Ticket spinlock: enabled
[c=72000000 pc=0000000080ae2bb8]
[c=73000000 pc=0000000080ae2b60]
[c=74000000 pc=0000000080ae2b94]
[c=75000000 pc=0000000080ae2bb8]
[c=76000000 pc=0000000080ae2bb4]
[c=77000000 pc=0000000080ae2b64]
[c=78000000 pc=0000000080ae2bb4]
[c=79000000 pc=0000000080ae2b54]
[c=80000000 pc=0000000080ae2b98]
[c=81000000 pc=0000000080ae2ba8]
[c=82000000 pc=0000000080ae2b5c]
[c=83000000 pc=0000000080ae2b6c]
[c=84000000 pc=0000000080ae2bb4]
[c=85000000 pc=0000000080ae2b94]
[c=86000000 pc=0000000080ae2b64]
[c=87000000 pc=0000000080ae2b54]
[c=88000000 pc=0000000080ae2b74]
[c=89000000 pc=0000000080ae2b74]
[c=90000000 pc=0000000080ae2b94]
[    0.000000] Zone ranges:
[    0.000000]   DMA32    [mem 0x0000000080000000-0x00000000ffffefff]
[    0.000000]   Normal   empty
[    0.000000] Movable zone start for each node
[    0.000000] Early memory node ranges
[    0.000000]   node   0: [mem 0x0000000080000000-0x000000008005ffff]
[    0.000000]   node   0: [mem 0x0000000080060000-0x00000000ffffefff]
[    0.000000] Initmem setup node 0 [mem 0x0000000080000000-0x00000000ffffefff]
[c=91000000 pc=0000000080c11b12]
[c=92000000 pc=0000000080c11b28]
[c=93000000 pc=0000000080c11b3a]
[c=94000000 pc=0000000080c11b30]
[c=95000000 pc=0000000080c115d0]
[c=96000000 pc=0000000080c11ae8]
[c=97000000 pc=0000000080c11af6]
[c=98000000 pc=0000000080c11b1e]
[c=99000000 pc=0000000080c11b28]
[c=100000000 pc=0000000080c11afc]
[c=101000000 pc=0000000080c11af6]
[c=102000000 pc=0000000080c115d0]
[c=103000000 pc=0000000080c11b1e]
[c=104000000 pc=0000000080c11b26]
[c=105000000 pc=0000000080c11b26]
[c=106000000 pc=0000000080c115ba]
[c=107000000 pc=0000000080c115ba]
[c=108000000 pc=0000000080c115da]
[c=109000000 pc=0000000080c11b28]
[c=110000000 pc=0000000080c115d4]
[c=111000000 pc=0000000080c11b28]
[c=112000000 pc=0000000080c11b1e]
[c=113000000 pc=0000000080c11a4a]
[c=114000000 pc=0000000080c115d0]
[c=115000000 pc=0000000080c11b70]
[c=116000000 pc=0000000080c11af8]
[c=117000000 pc=0000000080c115bc]
[c=118000000 pc=0000000080c115ae]
[c=119000000 pc=0000000080c115b2]
[c=120000000 pc=0000000080c11a4a]
[c=121000000 pc=0000000080c11b1c]
[c=122000000 pc=0000000080c11b58]
[c=123000000 pc=0000000080c115b6]
[c=124000000 pc=0000000080c115ac]
[c=125000000 pc=0000000080c115be]
[c=126000000 pc=0000000080c11af4]
[c=127000000 pc=0000000080c11b30]
[c=128000000 pc=0000000080c11ae4]
[c=129000000 pc=0000000080c115b6]
[c=130000000 pc=0000000080c115b8]
[c=131000000 pc=0000000080c115b6]
[c=132000000 pc=0000000080c11b68]
[c=133000000 pc=0000000080c11b3e]
[c=134000000 pc=0000000080c11b70]
[c=135000000 pc=0000000080c115b4]
[c=136000000 pc=0000000080c11b38]
[c=137000000 pc=0000000080c11b34]
[c=138000000 pc=0000000080c115d0]
[c=139000000 pc=0000000080c115bc]
[c=140000000 pc=0000000080c11a5a]
[c=141000000 pc=0000000080c115d4]
[c=142000000 pc=0000000080c11af8]
[c=143000000 pc=0000000080c11af6]
[c=144000000 pc=0000000080c11b6c]
[c=145000000 pc=0000000080c11b1e]
[c=146000000 pc=0000000080c11b12]
[c=147000000 pc=0000000080c115b6]
[c=148000000 pc=0000000080c11af4]
[c=149000000 pc=0000000080c11b3a]
[c=150000000 pc=0000000080c11af8]
[c=151000000 pc=0000000080c11af8]
[c=152000000 pc=0000000080c11b1c]
[c=153000000 pc=0000000080c11a4e]
[c=154000000 pc=0000000080c11b3e]
[c=155000000 pc=0000000080c115ae]
[c=156000000 pc=0000000080c115b2]
[c=157000000 pc=0000000080c11a5a]
[c=158000000 pc=0000000080c115de]
[c=159000000 pc=0000000080c115b4]
[c=160000000 pc=0000000080c115c6]
[c=161000000 pc=0000000080c115bc]
[c=162000000 pc=0000000080c115da]
[c=163000000 pc=0000000080c11a5a]
[c=164000000 pc=0000000080c11af0]
[c=165000000 pc=0000000080c115b6]
[c=166000000 pc=0000000080c115ae]
[c=167000000 pc=0000000080c11b1c]
[c=168000000 pc=0000000080c115bc]
[c=169000000 pc=0000000080c115bc]
[c=170000000 pc=0000000080c11b2a]
[c=171000000 pc=0000000080c11b3e]
[c=172000000 pc=0000000080c11af8]
[c=173000000 pc=0000000080c115d0]
[c=174000000 pc=0000000080c11af4]
[c=175000000 pc=0000000080c11b6a]
[c=176000000 pc=0000000080c11b28]
[c=177000000 pc=0000000080c11b30]
[c=178000000 pc=0000000080c11a4e]
[c=179000000 pc=0000000080c11b6c]
[c=180000000 pc=0000000080c115ae]
[c=181000000 pc=0000000080c11af4]
[c=182000000 pc=0000000080c115d8]
[c=183000000 pc=0000000080c11b2a]
[c=184000000 pc=0000000080c11b6a]
[c=185000000 pc=0000000080c11b04]
[c=186000000 pc=0000000080c11b1a]
[c=187000000 pc=0000000080c11a5a]
[c=188000000 pc=0000000080c115be]
[c=189000000 pc=0000000080c11b16]
[c=190000000 pc=0000000080c11b38]
[c=191000000 pc=0000000080c11b38]
[c=192000000 pc=0000000080c11b00]
[c=193000000 pc=0000000080c115c4]
[c=194000000 pc=0000000080c11aec]
[c=195000000 pc=0000000080c115be]
[c=196000000 pc=0000000080c115b2]
[c=197000000 pc=0000000080c115bc]
[c=198000000 pc=0000000080c11aec]
[c=199000000 pc=0000000080c115ae]
[c=200000000 pc=0000000080c11b3e]
[c=201000000 pc=0000000080c11b66]
[c=202000000 pc=0000000080c11b26]
[c=203000000 pc=0000000080c115c4]
[c=204000000 pc=0000000080c11aec]
[c=205000000 pc=0000000080c115b0]
[c=206000000 pc=0000000080c11b68]
[c=207000000 pc=0000000080c11af4]
[c=208000000 pc=0000000080c115d0]
[c=209000000 pc=0000000080c11b22]
[c=210000000 pc=0000000080c11b1c]
[c=211000000 pc=0000000080c115be]
[c=212000000 pc=0000000080c115b6]
[c=213000000 pc=0000000080c11ae8]
[c=214000000 pc=0000000080c115d8]
[c=215000000 pc=0000000080c115c8]
[c=216000000 pc=0000000080c11b66]
[c=217000000 pc=0000000080c115d4]
[c=218000000 pc=0000000080c115de]
[c=219000000 pc=0000000080c115d0]
[c=220000000 pc=0000000080c11b1a]
[c=221000000 pc=0000000080c115d8]
[c=222000000 pc=0000000080c11b1a]
[c=223000000 pc=0000000080c116e2]
[    0.000000] On node 0, zone DMA32: 1 pages in unavailable ranges
[    0.000000] pcpu-alloc: s0 r0 d32768 u32768 alloc=1*32768
[    0.000000] pcpu-alloc: [0] 0 
[    0.000000] Kernel command line: console=ttyS0 earlycon=sbi root=/dev/vda1 rw ignore_loglevel random.trust_bootloader=on
[    0.000000] printk: log buffer data + meta data: 131072 + 458752 = 589824 bytes
[c=224000000 pc=0000000080ae2b94]
[c=225000000 pc=0000000080ae2b74]
[c=226000000 pc=0000000080ae2b88]
[    0.000000] Dentry cache hash table entries: 262144 (order: 9, 2097152 bytes, linear)
[c=227000000 pc=0000000080ae2b40]
[    0.000000] Inode-cache hash table entries: 131072 (order: 8, 1048576 bytes, linear)
[    0.000000] software IO TLB: SWIOTLB bounce buffer size adjusted to 2MB
[    0.000000] software IO TLB: area num 1.
[c=228000000 pc=0000000080ae2bb4]
[c=229000000 pc=0000000080ae2b48]
[c=230000000 pc=0000000080ae2bb4]
[c=231000000 pc=0000000080ae2b7c]
[c=232000000 pc=0000000080ae2b74]
[    0.000000] software IO TLB: mapped [mem 0x00000000fca00000-0x00000000fcc00000] (2MB)
[    0.000000] Built 1 zonelists, mobility grouping on.  Total pages: 524287
[    0.000000] mem auto-init: stack:all(zero), heap alloc:off, heap free:off
[c=233000000 pc=0000000080c152a8]
[c=234000000 pc=0000000080c11a06]
[c=235000000 pc=0000000080c119f8]
[c=236000000 pc=0000000080c14a54]
[c=237000000 pc=0000000080c14a4a]
[c=238000000 pc=000000008040b6b4]
[c=239000000 pc=000000008040b6b0]
[c=240000000 pc=0000000080c14a4a]
[c=241000000 pc=0000000080c14a4a]
[c=242000000 pc=000000008040b6c0]
[c=243000000 pc=0000000080c14a4a]
[c=244000000 pc=0000000080c14a4a]
[c=245000000 pc=000000008040b6be]
[c=246000000 pc=0000000080c14a4a]
[c=247000000 pc=0000000080c14a5c]
[c=248000000 pc=000000008040b6b8]
[c=249000000 pc=0000000080c14a4a]
[c=250000000 pc=0000000080c14a4a]
[c=251000000 pc=000000008040b6be]
[c=252000000 pc=000000008040b6ba]
[c=253000000 pc=0000000080c14a52]
[c=254000000 pc=0000000080c14a4a]
[c=255000000 pc=000000008040b6c4]
[c=256000000 pc=0000000080c14a4a]
[c=257000000 pc=0000000080c14a5c]
[c=258000000 pc=000000008040b6ba]
[c=259000000 pc=0000000080c14a52]
[c=260000000 pc=0000000080c14a4a]
[c=261000000 pc=000000008040b6be]
[c=262000000 pc=0000000080c14a4e]
[c=263000000 pc=0000000080c14a4a]
[c=264000000 pc=000000008040b6b8]
[c=265000000 pc=000000008040b6c0]
[c=266000000 pc=0000000080c14a4a]
[c=267000000 pc=0000000080c14a4a]
[c=268000000 pc=000000008040b6c4]
[c=269000000 pc=0000000080c14a52]
[c=270000000 pc=0000000080c14a4a]
[c=271000000 pc=000000008040b6be]
[c=272000000 pc=0000000080c14a54]
[c=273000000 pc=0000000080c14a54]
[c=274000000 pc=000000008040b6b8]
[c=275000000 pc=0000000080c14a4e]
[c=276000000 pc=0000000080c14a4a]
[c=277000000 pc=000000008040b6be]
[c=278000000 pc=000000008040b6b4]
[c=279000000 pc=0000000080c14a4a]
[c=280000000 pc=0000000080c17672]
[    0.000000] SLUB: HWalign=64, Order=0-3, MinObjects=0, CPUs=1, Nodes=1
[c=281000000 pc=000000008041ab74]
[    0.000000] RCU Tasks: Setting shift to 0 and lim to 1 rcu_task_cb_adjust=1 rcu_task_cpu_ids=1.
[c=282000000 pc=00000000802f6504]
[c=283000000 pc=00000000802f654c]
[c=284000000 pc=00000000802f655c]
[c=285000000 pc=00000000802f655c]
[c=286000000 pc=00000000802f6536]
[c=287000000 pc=00000000802f655c]
[c=288000000 pc=00000000802f6554]
[c=289000000 pc=00000000802f66d4]
[c=290000000 pc=00000000802f653a]
[c=291000000 pc=00000000802f6546]
[c=292000000 pc=00000000802f652e]
[c=293000000 pc=00000000802f655c]
[c=294000000 pc=00000000802f6552]
[c=295000000 pc=00000000802f655c]
[c=296000000 pc=00000000802f652a]
[c=297000000 pc=00000000802f655c]
[c=298000000 pc=00000000802f655c]
[c=299000000 pc=00000000802f66d4]
[c=300000000 pc=00000000802f6554]
[c=301000000 pc=00000000802f66d4]
[c=302000000 pc=00000000802f6554]
[c=303000000 pc=00000000802f6554]
[c=304000000 pc=00000000802f6558]
[c=305000000 pc=00000000802f652a]
[c=306000000 pc=00000000802f65aa]
[c=307000000 pc=00000000802f6554]
[c=308000000 pc=0000000080ad89f2]
[c=309000000 pc=00000000802f66d4]
[c=310000000 pc=00000000802f6554]
[c=311000000 pc=00000000802f655c]
[c=312000000 pc=00000000802f653a]
[c=313000000 pc=0000000080ad89f0]
[c=314000000 pc=0000000080ad89d2]
[c=315000000 pc=0000000080ad89d0]
[c=316000000 pc=0000000080ad89f0]
[c=317000000 pc=0000000080ad89da]
[c=318000000 pc=00000000802f6552]
[c=319000000 pc=0000000080ae2be8]
[c=320000000 pc=0000000080ae2b3a]
[c=321000000 pc=00000000802f5c36]
[c=322000000 pc=0000000080ae2bf2]
[c=323000000 pc=00000000802f2e92]
[c=324000000 pc=0000000080419ef2]
[c=325000000 pc=0000000080ae2bee]
[c=326000000 pc=0000000080ae2cb4]
[c=327000000 pc=0000000080ae2cb4]
[c=328000000 pc=0000000080ae2c20]
[    0.000000] NR_IRQS: 64, nr_irqs: 64, preallocated irqs: 0
[    0.000000] riscv-intc: 64 local interrupts mapped
[    0.000000] clocksource: riscv_clocksource: mask: 0xffffffffffffffff max_cycles: 0x1d983e3c8, max_idle_ns: 7052723234342 ns
[    0.000025] sched_clock: 64 bits at 501kHz, resolut[c=329000000 pc=000000008001851c]
ion 1995ns, wraps every 4398046510747ns
[    0.009879] Console: colour dummy device 80x25
[    0.011383] Calibrating delay loop (skipped), value calculated using timer frequency.. 1.00 BogoMIPS (lpj=5012)
[    0.012402] pid_max: default: 32768 minimum: 301
[c=330000000 pc=000000008021291c]
[c=331000000 pc=00000000802786ba]
[    0.030254] Mount-cache hash table entries: 4096 (order: 3, 32768 bytes, linear)
[    0.031241] Mountpoint-cache hash table entries: 4096 (order: 3, 32768 bytes, linear)
[    0.038740] VFS: Finished mounting rootfs on nullfs
[c=332000000 pc=0000000080ae9d3e]
[c=333000000 pc=0000000080ae2bb4]
[c=334000000 pc=0000000080ae2bda]
[    0.077942] ASID allocator using 10 bits (1024 entries)
[    0.088079] EFI services will not be available.
[c=335000000 pc=0000000080ad96be]
[    0.090640] Memory: 2016016K/2097148K available (9136K kernel code, 5791K rwdata, 4096K rodata, 2301K init, 360K bss, 79344K reserved, 0K cma-reserved)
[c=336000000 pc=0000000080257278]
[    0.108172] devtmpfs: initialized
[c=337000000 pc=00000000804e05d0]
[c=338000000 pc=0000000080ada702]
[    0.148661] clocksource: jiffies: mask: 0xffffffff max_cycles: 0xffffffff, max_idle_ns: 19112604462750000 ns
[    0.149980] posixtimers hash table entries: 512 (order: 0, 4096 bytes, linea[c=339000000 pc=0000000080018592]
r)
[    0.151015] futex hash table entries: 256 (8192 bytes on 1 NUMA nodes, total 8 KiB, linear).
[    0.162656] DMI: not present or invalid.
[c=340000000 pc=000000008063a5e2]
[    0.170025] NET: Registered PF_NETLINK/PF_ROUTE protocol family
[    0.175709] DMA: preallocated 256 KiB GFP_KERNEL|GFP_DMA32 pool for atomic allocations
[    0.177144] audit: initializing netlink subsys (disabled)
[c=341000000 pc=0000000080ad4890]
[    0.187787] cpuidle: using governor menu
[c=342000000 pc=00000000804e08f0]
[c=343000000 pc=0000000080890b50]
[c=344000000 pc=0000000080786924]
[c=345000000 pc=000000008023fede]
[    0.245377] audit: type=2000 audit(0.000:1): state=initialized audit_enabled=0 res=1
[c=346000000 pc=00000000802f777e]
[c=347000000 pc=0000000080ad8998]
[c=348000000 pc=00000000802f77fa]
[c=349000000 pc=00000000802f76aa]
[c=350000000 pc=0000000080ad9620]
[c=351000000 pc=00000000802f76b8]
[c=352000000 pc=00000000802f3840]
[c=353000000 pc=00000000802f77f4]
[c=354000000 pc=00000000802f771a]
[c=355000000 pc=00000000802f77f8]
[c=356000000 pc=00000000802f2d88]
[c=357000000 pc=00000000802f76c6]
[c=358000000 pc=00000000802f7758]
[c=359000000 pc=00000000802f77fa]
[c=360000000 pc=00000000802f7762]
[c=361000000 pc=0000000080ae2d38]
[c=362000000 pc=00000000802f76c2]
[c=363000000 pc=0000000080ae2abc]
[c=364000000 pc=0000000080ae2d38]
[c=365000000 pc=00000000802f7800]
[c=366000000 pc=00000000802f77dc]
[c=367000000 pc=00000000802f775a]
[c=368000000 pc=00000000802f7752]
[c=369000000 pc=00000000802f775e]
[c=370000000 pc=0000000080ae2cbc]
[c=371000000 pc=00000000802f3990]
[c=372000000 pc=00000000802f383a]
[c=373000000 pc=0000000080ae2cf8]
[c=374000000 pc=00000000802f76bc]
[c=375000000 pc=00000000802f7758]
[c=376000000 pc=00000000802f76b4]
[c=377000000 pc=0000000080ae2cc0]
[c=378000000 pc=00000000802f7800]
[c=379000000 pc=0000000080ae2cc4]
[c=380000000 pc=00000000802f77fa]
[c=381000000 pc=00000000802f76b0]
[c=382000000 pc=00000000802f39e8]
[c=383000000 pc=00000000802f77f0]
[c=384000000 pc=00000000802f76bc]
[c=385000000 pc=0000000080ae2ce2]
[c=386000000 pc=00000000802f76b8]
[c=387000000 pc=00000000802f7758]
[c=388000000 pc=0000000080ae2da8]
[c=389000000 pc=00000000802f7728]
[c=390000000 pc=0000000080ae2bf4]
[c=391000000 pc=00000000802f769e]
[c=392000000 pc=00000000802f76c0]
[c=393000000 pc=0000000080ae2cc8]
[c=394000000 pc=00000000802f76a6]
[c=395000000 pc=00000000802f76bc]
[c=396000000 pc=00000000802f77ec]
[c=397000000 pc=00000000802f77f8]
[c=398000000 pc=00000000802f7728]
[c=399000000 pc=00000000802f77f4]
[c=400000000 pc=00000000802f76b8]
[c=401000000 pc=00000000802f776a]
[c=402000000 pc=00000000802f77fa]
[c=403000000 pc=00000000802f3934]
[c=404000000 pc=00000000802f76c2]
[c=405000000 pc=0000000080ae2ca8]
[c=406000000 pc=00000000802f781c]
[c=407000000 pc=00000000802f77e0]
[c=408000000 pc=00000000802f38a0]
[c=409000000 pc=00000000802f77e8]
[c=410000000 pc=00000000802f77ec]
[c=411000000 pc=0000000080ae2cf6]
[c=412000000 pc=00000000802f76ae]
[c=413000000 pc=00000000802f77e6]
[c=414000000 pc=0000000080ae2cb8]
[c=415000000 pc=00000000802f77e2]
[c=416000000 pc=0000000080ad89e4]
[c=417000000 pc=00000000802f77e6]
[c=418000000 pc=00000000802f76c6]
[c=419000000 pc=0000000080ae2bf2]
[c=420000000 pc=0000000080ad89ba]
[c=421000000 pc=0000000080ae2bec]
[c=422000000 pc=0000000080ae2caa]
[c=423000000 pc=00000000802f76ac]
[c=424000000 pc=00000000802f76ae]
[c=425000000 pc=00000000802f76bc]
[c=426000000 pc=0000000080ae2d38]
[c=427000000 pc=0000000080ad89d2]
[c=428000000 pc=00000000802f7810]
[c=429000000 pc=00000000802f77f8]
[c=430000000 pc=00000000802f775e]
[c=431000000 pc=0000000080ad89e6]
[c=432000000 pc=00000000802f7698]
[c=433000000 pc=00000000802f76b4]
[c=434000000 pc=00000000802f7752]
[c=435000000 pc=00000000802f76ca]
[c=436000000 pc=0000000080ae2bec]
[c=437000000 pc=00000000802f769c]
[c=438000000 pc=00000000802f76c2]
[c=439000000 pc=00000000802f76ae]
[c=440000000 pc=00000000802f76ac]
[c=441000000 pc=00000000802f76ac]
[c=442000000 pc=00000000802f76b8]
[c=443000000 pc=00000000802f775a]
[c=444000000 pc=00000000802f76b4]
[c=445000000 pc=00000000802f7756]
[c=446000000 pc=0000000080ad89e2]
[c=447000000 pc=00000000802f77f4]
[c=448000000 pc=00000000802f38b6]
[c=449000000 pc=0000000080ae2cf8]
[c=450000000 pc=0000000080ad89ba]
[c=451000000 pc=00000000802f77f0]
[c=452000000 pc=0000000080ae2dac]
[c=453000000 pc=00000000802f7826]
[c=454000000 pc=00000000802f7808]
[c=455000000 pc=00000000802f77ec]
[c=456000000 pc=00000000802f76bc]
[c=457000000 pc=00000000802f77f4]
[c=458000000 pc=00000000802f76a2]
[c=459000000 pc=00000000802f7752]
[c=460000000 pc=00000000802f77e0]
[c=461000000 pc=00000000802f39e8]
[c=462000000 pc=0000000080ae2d38]
[c=463000000 pc=00000000802f76a6]
[c=464000000 pc=00000000802f77f8]
[c=465000000 pc=0000000080ae2cb4]
[c=466000000 pc=0000000080ae2cf6]
[c=467000000 pc=00000000802f773a]
[c=468000000 pc=00000000802f76ac]
[c=469000000 pc=00000000802f7756]
[c=470000000 pc=00000000802f7736]
[c=471000000 pc=00000000802f769c]
[c=472000000 pc=00000000802f775e]
[c=473000000 pc=00000000802f76b8]
[c=474000000 pc=00000000802f77f0]
[c=475000000 pc=00000000802f76c6]
[c=476000000 pc=00000000802f76b4]
[c=477000000 pc=00000000802f7752]
[c=478000000 pc=00000000802f76a2]
[c=479000000 pc=00000000802f76c0]
[c=480000000 pc=00000000802f769c]
[c=481000000 pc=00000000802f769c]
[c=482000000 pc=00000000802f76bc]
[c=483000000 pc=00000000802f76b4]
[c=484000000 pc=00000000802f76b4]
[c=485000000 pc=00000000802f7752]
[c=486000000 pc=00000000802f76a6]
[c=487000000 pc=0000000080ae2cd4]
[c=488000000 pc=00000000802f777e]
[c=489000000 pc=00000000802f773a]
[c=490000000 pc=00000000802f76bc]
[c=491000000 pc=00000000802f76c0]
[c=492000000 pc=00000000802f76b4]
[c=493000000 pc=00000000802f76ae]
[c=494000000 pc=00000000802f76b8]
[c=495000000 pc=00000000802f76c6]
[c=496000000 pc=00000000802f76ae]
[c=497000000 pc=00000000802f77e8]
[c=498000000 pc=00000000802f76bc]
[c=499000000 pc=00000000802f77f4]
[c=500000000 pc=0000000080ad8a00]
[c=501000000 pc=00000000802f77fa]
[c=502000000 pc=00000000802f77fa]
[c=503000000 pc=00000000802f76c0]
[c=504000000 pc=00000000802f76a2]
[c=505000000 pc=00000000802f76bc]
[c=506000000 pc=0000000080ad89ea]
[c=507000000 pc=00000000802f76b8]
[c=508000000 pc=00000000802f769c]
[c=509000000 pc=00000000802f769e]
[c=510000000 pc=00000000802f7758]
[c=511000000 pc=00000000802f77fc]
[c=512000000 pc=00000000802f76c2]
[c=513000000 pc=00000000802f76c0]
[c=514000000 pc=00000000802f76c0]
[c=515000000 pc=00000000802f76bc]
[c=516000000 pc=00000000802f76bc]
[c=517000000 pc=00000000802f76bc]
[c=518000000 pc=00000000802f775e]
[c=519000000 pc=00000000802f7772]
[c=520000000 pc=00000000802f7698]
[c=521000000 pc=00000000802f7752]
[c=522000000 pc=0000000080ae2cb8]
[c=523000000 pc=00000000802f76bc]
[c=524000000 pc=00000000802f769e]
[c=525000000 pc=00000000802f7694]
[c=526000000 pc=0000000080ae2be4]
[c=527000000 pc=00000000802f7698]
[c=528000000 pc=00000000802f773a]
[c=529000000 pc=00000000802f77f4]
[c=530000000 pc=00000000802f76c6]
[c=531000000 pc=00000000802f76b4]
[c=532000000 pc=0000000080ae2cf2]
[c=533000000 pc=00000000802f7752]
[c=534000000 pc=0000000080ad89f0]
[c=535000000 pc=00000000802f76a2]
[c=536000000 pc=0000000080ad8a02]
[c=537000000 pc=0000000080ae2cfa]
[c=538000000 pc=00000000802f77e2]
[c=539000000 pc=0000000080ae2d98]
[c=540000000 pc=00000000802f77fa]
[c=541000000 pc=0000000080ae29c4]
[c=542000000 pc=00000000802f77ec]
[c=543000000 pc=00000000802f77e6]
[c=544000000 pc=0000000080ae2da0]
[c=545000000 pc=00000000802f77fa]
[c=546000000 pc=00000000802f77e2]
[c=547000000 pc=00000000802f77f4]
[c=548000000 pc=0000000080ae2d9e]
[c=549000000 pc=0000000080ae2d9e]
[c=550000000 pc=00000000802f76b8]
[c=551000000 pc=0000000080ae2cf8]
[c=552000000 pc=0000000080ae2d98]
[c=553000000 pc=0000000080ae2caa]
[c=554000000 pc=0000000080ade1ba]
[c=555000000 pc=00000000802f7690]
[c=556000000 pc=00000000802f77e2]
[c=557000000 pc=00000000802f775a]
[c=558000000 pc=00000000802f77e0]
[c=559000000 pc=00000000802f76b8]
[c=560000000 pc=00000000802f7752]
[c=561000000 pc=00000000802f76bc]
[c=562000000 pc=00000000802f772a]
[c=563000000 pc=0000000080ae2cd8]
[c=564000000 pc=0000000080ad89b6]
[c=565000000 pc=00000000802f7662]
[c=566000000 pc=00000000802f38b4]
[c=567000000 pc=00000000802f77e0]
[c=568000000 pc=00000000802f389e]
[c=569000000 pc=00000000802f77e0]
[c=570000000 pc=00000000802f77e6]
[c=571000000 pc=00000000802f7758]
[c=572000000 pc=0000000080ae2cfa]
[c=573000000 pc=00000000802f77f4]
[c=574000000 pc=0000000080ad89b6]
[c=575000000 pc=00000000802f77f4]
[c=576000000 pc=0000000080ad89b6]
[c=577000000 pc=00000000802f77ec]
[c=578000000 pc=00000000802f775e]
[c=579000000 pc=00000000802f7786]
[c=580000000 pc=00000000802f76bc]
[c=581000000 pc=00000000802f77ec]
[c=582000000 pc=00000000802f7660]
[c=583000000 pc=00000000802f768a]
[c=584000000 pc=00000000802f7662]
[c=585000000 pc=00000000802f7662]
[c=586000000 pc=00000000802f7662]
[c=587000000 pc=00000000802f7662]
[c=588000000 pc=00000000802f7662]
[c=589000000 pc=00000000802f765c]
[c=590000000 pc=00000000802f38b4]
[c=591000000 pc=00000000802f77fa]
[c=592000000 pc=00000000802f77f8]
[c=593000000 pc=00000000802f77f4]
[c=594000000 pc=00000000802f76c0]
[c=595000000 pc=00000000802f77f0]
[c=596000000 pc=00000000802f77fa]
[c=597000000 pc=00000000802f77e2]
[c=598000000 pc=00000000802f7758]
[c=599000000 pc=00000000802f77e2]
[c=600000000 pc=00000000802f7698]
[c=601000000 pc=00000000802f76c0]
[c=602000000 pc=00000000802f76b4]
[c=603000000 pc=00000000802f7752]
[c=604000000 pc=00000000802f76c6]
[c=605000000 pc=00000000802f7756]
[c=606000000 pc=00000000802f7756]
[c=607000000 pc=00000000802f77fa]
[c=608000000 pc=00000000802f76a2]
[c=609000000 pc=00000000802f77f8]
[c=610000000 pc=00000000802f76ce]
[c=611000000 pc=00000000802f77f8]
[c=612000000 pc=00000000802f76a6]
[c=613000000 pc=0000000080ade236]
[c=614000000 pc=00000000802f7752]
[c=615000000 pc=0000000080ade5e6]
[c=616000000 pc=00000000802f76c0]
[c=617000000 pc=00000000802f77f8]
[c=618000000 pc=00000000802f76aa]
[c=619000000 pc=00000000802f76a6]
[c=620000000 pc=00000000802f76aa]
[c=621000000 pc=00000000802f76bc]
[c=622000000 pc=00000000802f76a6]
[c=623000000 pc=00000000802f7758]
[c=624000000 pc=00000000802f771a]
[c=625000000 pc=00000000802f76a6]
[c=626000000 pc=00000000802f77e6]
[c=627000000 pc=00000000802f76a2]
[c=628000000 pc=00000000802f7718]
[c=629000000 pc=00000000802f76aa]
[c=630000000 pc=00000000802f76c2]
[c=631000000 pc=00000000802f769c]
[c=632000000 pc=00000000802f76b4]
[c=633000000 pc=00000000802f772e]
[c=634000000 pc=00000000802f76a2]
[c=635000000 pc=00000000802f76a6]
[c=636000000 pc=00000000802f7752]
[c=637000000 pc=00000000802f769c]
[c=638000000 pc=00000000802f775a]
[c=639000000 pc=00000000802f76a2]
[c=640000000 pc=00000000802f76c0]
[c=641000000 pc=00000000802f76bc]
[c=642000000 pc=00000000802f76c6]
[c=643000000 pc=00000000802f772a]
[c=644000000 pc=0000000080ae2be4]
[c=645000000 pc=00000000802f76bc]
[c=646000000 pc=00000000802f76ae]
[c=647000000 pc=00000000802f7758]
[c=648000000 pc=00000000802f76b4]
[c=649000000 pc=00000000802f7724]
[c=650000000 pc=00000000802f7758]
[c=651000000 pc=00000000802f76c2]
[c=652000000 pc=00000000802f76bc]
[c=653000000 pc=00000000802f76a6]
[c=654000000 pc=00000000802f775a]
[c=655000000 pc=00000000802f7732]
[c=656000000 pc=00000000802f76a2]
[c=657000000 pc=00000000802f7756]
[c=658000000 pc=00000000802f775a]
[c=659000000 pc=00000000802f769e]
[c=660000000 pc=00000000802f76a2]
[c=661000000 pc=00000000802f76b0]
[c=662000000 pc=00000000802f7718]
[c=663000000 pc=00000000802f775e]
[c=664000000 pc=0000000080ae2cf8]
[c=665000000 pc=00000000802f7698]
[c=666000000 pc=00000000802f775a]
[c=667000000 pc=00000000802f7724]
[c=668000000 pc=00000000802f775a]
[c=669000000 pc=00000000802f76d2]
[c=670000000 pc=00000000802f76b8]
[c=671000000 pc=00000000802f7728]
[c=672000000 pc=00000000802f771e]
[c=673000000 pc=00000000802f773a]
[c=674000000 pc=00000000802f7756]
[c=675000000 pc=00000000802f76b4]
[c=676000000 pc=00000000802f771a]
[c=677000000 pc=00000000802f76bc]
[c=678000000 pc=00000000802f7718]
[c=679000000 pc=00000000802f76b4]
[c=680000000 pc=00000000802f76ae]
[c=681000000 pc=00000000802f775a]
[c=682000000 pc=00000000802f7766]
[c=683000000 pc=00000000802f76b4]
[c=684000000 pc=0000000080ae2be4]
[c=685000000 pc=00000000802f76a2]
[c=686000000 pc=00000000802f775e]
[c=687000000 pc=00000000802f76b8]
[c=688000000 pc=00000000802f7720]
[c=689000000 pc=00000000802f7756]
[c=690000000 pc=00000000802f76a2]
[c=691000000 pc=00000000802f771a]
[c=692000000 pc=00000000802f76c6]
[c=693000000 pc=00000000802f7758]
[c=694000000 pc=00000000802f76ac]
[c=695000000 pc=00000000802f775a]
[c=696000000 pc=00000000802f76bc]
[c=697000000 pc=00000000802f7756]
[c=698000000 pc=00000000802f769e]
[c=699000000 pc=00000000802f76ac]
[c=700000000 pc=00000000802f7758]
[c=701000000 pc=00000000802f76ae]
[c=702000000 pc=00000000802f772a]
[c=703000000 pc=00000000802f7752]
[c=704000000 pc=0000000080ae2cd2]
[c=705000000 pc=00000000802f76a2]
[c=706000000 pc=00000000802f76c0]
[c=707000000 pc=00000000802f768c]
[c=708000000 pc=00000000802f7758]
[c=709000000 pc=00000000802f76d2]
[c=710000000 pc=00000000802f7736]
[c=711000000 pc=00000000802f76a2]
[c=712000000 pc=00000000802f76c2]
[c=713000000 pc=00000000802f7752]
[c=714000000 pc=00000000802f775a]
[c=715000000 pc=00000000802f769c]
[c=716000000 pc=00000000802f76a2]
[c=717000000 pc=00000000802f76b4]
[c=718000000 pc=00000000802f76a6]
[c=719000000 pc=00000000802f76c0]
[c=720000000 pc=00000000802f773a]
[c=721000000 pc=00000000802f768c]
[c=722000000 pc=00000000802f7758]
[c=723000000 pc=00000000802f771a]
[c=724000000 pc=00000000802f3948]
[c=725000000 pc=00000000802f76b8]
[c=726000000 pc=00000000802f7756]
[c=727000000 pc=00000000802f772e]
[c=728000000 pc=00000000802f7736]
[c=729000000 pc=00000000802f7728]
[c=730000000 pc=00000000802f769e]
[c=731000000 pc=00000000802f76ce]
[c=732000000 pc=00000000802f76c6]
[c=733000000 pc=00000000802f775a]
[c=734000000 pc=00000000802f76a6]
[c=735000000 pc=00000000802f76bc]
[c=736000000 pc=00000000802f7698]
[c=737000000 pc=00000000802f76ae]
[c=738000000 pc=00000000802f76ae]
[c=739000000 pc=00000000802f7732]
[c=740000000 pc=00000000802f76b8]
[c=741000000 pc=00000000802f7718]
[c=742000000 pc=00000000802f76bc]
[c=743000000 pc=00000000802f772e]
[c=744000000 pc=00000000802f76bc]
[c=745000000 pc=00000000802f772c]
[c=746000000 pc=00000000802f7728]
[c=747000000 pc=00000000802f769e]
[c=748000000 pc=00000000802f76bc]
[c=749000000 pc=00000000802f76d4]
[c=750000000 pc=00000000802f7724]
[c=751000000 pc=00000000802f773a]
[c=752000000 pc=00000000802f7758]
[c=753000000 pc=00000000802f76b4]
[c=754000000 pc=00000000802f76ac]
[c=755000000 pc=00000000802f76d4]
[c=756000000 pc=00000000802f775e]
[c=757000000 pc=00000000802f7758]
[c=758000000 pc=00000000802f773a]
[c=759000000 pc=00000000802f76ae]
[c=760000000 pc=00000000802f775a]
[c=761000000 pc=00000000802f7756]
[c=762000000 pc=00000000802f772e]
[c=763000000 pc=00000000802f775e]
[c=764000000 pc=00000000802f768c]
[c=765000000 pc=00000000802f76b4]
[c=766000000 pc=00000000802f76ca]
[c=767000000 pc=00000000802f76bc]
[c=768000000 pc=00000000802f76ae]
[c=769000000 pc=00000000802f7752]
[c=770000000 pc=00000000802f775a]
[c=771000000 pc=00000000802f76b8]
[c=772000000 pc=00000000802f7718]
[c=773000000 pc=00000000802f76b8]
[c=774000000 pc=00000000802f76bc]
[c=775000000 pc=00000000802f76c6]
[c=776000000 pc=00000000802f76c6]
[c=777000000 pc=00000000802f76b0]
[c=778000000 pc=00000000802f7698]
[c=779000000 pc=00000000802f76ac]
[c=780000000 pc=00000000802f7752]
[c=781000000 pc=00000000802f76b0]
[c=782000000 pc=00000000802f76b8]
[c=783000000 pc=00000000802f76ac]
[c=784000000 pc=00000000802f769c]
[c=785000000 pc=00000000802f769e]
[c=786000000 pc=00000000802f76c6]
[c=787000000 pc=00000000802f769c]
[c=788000000 pc=00000000802f76b8]
[c=789000000 pc=00000000802f7720]
[c=790000000 pc=00000000802f76c2]
[c=791000000 pc=00000000802f7736]
[c=792000000 pc=00000000802f76b4]
[c=793000000 pc=00000000802f771a]
[c=794000000 pc=00000000802f76c6]
[c=795000000 pc=00000000802f76c6]
[c=796000000 pc=00000000802f76b4]
[c=797000000 pc=00000000802f775e]
[c=798000000 pc=00000000802f76a2]
[c=799000000 pc=00000000802f76b8]
[c=800000000 pc=00000000802f76c6]
[c=801000000 pc=00000000802f77ec]
[c=802000000 pc=00000000802f7690]
[c=803000000 pc=00000000802f76b8]
[c=804000000 pc=00000000802f7758]
[c=805000000 pc=00000000802f76b8]
[c=806000000 pc=00000000802f76b4]
[c=807000000 pc=00000000802f76a2]
[c=808000000 pc=00000000802f775a]
[c=809000000 pc=00000000802f775e]
[c=810000000 pc=00000000802f773a]
[c=811000000 pc=00000000802f775a]
[c=812000000 pc=00000000802f7756]
[c=813000000 pc=00000000802f76b4]
[c=814000000 pc=00000000802f7758]
[c=815000000 pc=00000000802f775a]
[c=816000000 pc=00000000802f76c6]
[c=817000000 pc=00000000802f769c]
[c=818000000 pc=00000000802f76a2]
[c=819000000 pc=00000000802f7752]
[c=820000000 pc=00000000802f7762]
[c=821000000 pc=00000000802f77fa]
[c=822000000 pc=00000000802f7698]
[c=823000000 pc=00000000802f76b0]
[c=824000000 pc=00000000802f76b4]
[c=825000000 pc=00000000802f775e]
[c=826000000 pc=00000000802f7756]
[c=827000000 pc=00000000802f76ae]
[c=828000000 pc=00000000802f76b0]
[c=829000000 pc=00000000802f76c0]
[c=830000000 pc=00000000802f76a6]
[c=831000000 pc=00000000802f76c2]
[c=832000000 pc=00000000802f775e]
[c=833000000 pc=00000000802f76b0]
[c=834000000 pc=00000000802f7694]
[c=835000000 pc=00000000802f7752]
[c=836000000 pc=00000000802f769e]
[c=837000000 pc=00000000802f776a]
[c=838000000 pc=00000000802f76b0]
[c=839000000 pc=00000000802f76c2]
[c=840000000 pc=00000000802f769c]
[c=841000000 pc=00000000802f77fa]
[c=842000000 pc=00000000802f76ac]
[c=843000000 pc=00000000802f769c]
[c=844000000 pc=00000000802f7724]
[c=845000000 pc=00000000802f7728]
[c=846000000 pc=00000000802f76c6]
[c=847000000 pc=00000000802f771e]
[c=848000000 pc=00000000802f76b8]
[c=849000000 pc=00000000802f76ac]
[c=850000000 pc=00000000802f76ae]
[c=851000000 pc=00000000802f76a6]
[c=852000000 pc=00000000802f76c6]
[c=853000000 pc=00000000802f76a2]
[c=854000000 pc=00000000802f76aa]
[c=855000000 pc=00000000802f76a2]
[c=856000000 pc=00000000802f76a2]
[c=857000000 pc=00000000802f771a]
[c=858000000 pc=00000000802f769e]
[c=859000000 pc=00000000802f77e8]
[c=860000000 pc=00000000802f7718]
[c=861000000 pc=00000000802f7660]
[c=862000000 pc=00000000802f77fa]
[c=863000000 pc=00000000802f775e]
[c=864000000 pc=00000000802f7772]
[c=865000000 pc=00000000802f76c6]
[c=866000000 pc=00000000802f77f8]
[c=867000000 pc=00000000802f77e2]
[c=868000000 pc=00000000802f76b0]
[c=869000000 pc=00000000802f77e0]
[c=870000000 pc=00000000802f77f8]
[c=871000000 pc=00000000802f77e2]
[c=872000000 pc=00000000802f76b4]
[c=873000000 pc=00000000802f76ac]
[c=874000000 pc=00000000802f7752]
[c=875000000 pc=00000000802f76b8]
[c=876000000 pc=0000000080ae2ccc]
[c=877000000 pc=0000000080ae2d90]
[c=878000000 pc=0000000080ae2da4]
[c=879000000 pc=00000000802f77fc]
[c=880000000 pc=0000000080ae2da0]
[c=881000000 pc=00000000802f7690]
[c=882000000 pc=00000000802f7736]
[c=883000000 pc=00000000802f77f8]
[c=884000000 pc=00000000802f7758]
[c=885000000 pc=00000000802f7752]
[c=886000000 pc=00000000802f76bc]
[c=887000000 pc=00000000802f76b4]
[c=888000000 pc=0000000080ad89d4]
[c=889000000 pc=00000000802f76a6]
[c=890000000 pc=00000000802f76bc]
[c=891000000 pc=00000000802f7690]
[c=892000000 pc=0000000080ad9370]
[c=893000000 pc=00000000802f76b8]
[c=894000000 pc=00000000802f76b0]
[c=895000000 pc=00000000802f76b4]
[c=896000000 pc=00000000802f7756]
[c=897000000 pc=00000000802f76bc]
[c=898000000 pc=00000000802f77e8]
[c=899000000 pc=00000000802f76bc]
[c=900000000 pc=0000000080ae2cc4]
[c=901000000 pc=00000000802f76a2]
[c=902000000 pc=00000000802f77f0]
[c=903000000 pc=00000000802f76ac]
[c=904000000 pc=00000000802f76b0]
[c=905000000 pc=0000000080ae2d90]
[c=906000000 pc=00000000802f77e6]
[c=907000000 pc=0000000080ae2d9c]
[c=908000000 pc=00000000802f76ac]
[c=909000000 pc=00000000802f7776]
[c=910000000 pc=00000000802f76b0]
[c=911000000 pc=00000000802f7758]
[c=912000000 pc=00000000802f76b0]
[c=913000000 pc=00000000802f77f4]
[c=914000000 pc=00000000802f77f4]
[c=915000000 pc=00000000802f76b4]
[c=916000000 pc=00000000802f77e2]
[c=917000000 pc=0000000080ad91d6]
[c=918000000 pc=00000000802f7786]
[c=919000000 pc=00000000802f77fa]
[c=920000000 pc=00000000802f7698]
[c=921000000 pc=00000000802f7698]
[c=922000000 pc=00000000802f76a2]
[c=923000000 pc=00000000802f77e8]
[c=924000000 pc=00000000802f775a]
[c=925000000 pc=00000000802f76bc]
[c=926000000 pc=0000000080ae2d9e]
[c=927000000 pc=00000000802f76ae]
[c=928000000 pc=00000000802f7690]
[c=929000000 pc=00000000802f7724]
[c=930000000 pc=00000000802f771a]
[c=931000000 pc=00000000802f769c]
[c=932000000 pc=00000000802f769e]
[c=933000000 pc=00000000802f76aa]
[c=934000000 pc=00000000802f775e]
[c=935000000 pc=00000000802f7772]
[c=936000000 pc=00000000802f7736]
[c=937000000 pc=00000000802f77e2]
[c=938000000 pc=00000000802f76b4]
[c=939000000 pc=00000000802f76b8]
[c=940000000 pc=00000000802f77e6]
[c=941000000 pc=00000000802f7776]
[c=942000000 pc=00000000802f77ec]
[c=943000000 pc=00000000802f7756]
[c=944000000 pc=00000000802f7758]
[c=945000000 pc=00000000802f7766]
[c=946000000 pc=00000000802f76ac]
[c=947000000 pc=00000000802f771e]
[c=948000000 pc=00000000802f76b8]
[c=949000000 pc=00000000802f7698]
[c=950000000 pc=00000000802f77f4]
[c=951000000 pc=00000000802f76a2]
[c=952000000 pc=00000000802f77f8]
[c=953000000 pc=0000000080ae2d9c]
[c=954000000 pc=00000000802f76c6]
[c=955000000 pc=00000000802f7808]
[c=956000000 pc=00000000802f76b0]
[c=957000000 pc=0000000080ae2cde]
[c=958000000 pc=00000000802f7752]
[c=959000000 pc=00000000802f7756]
[c=960000000 pc=0000000080ae29c0]
[c=961000000 pc=00000000802f76c0]
[c=962000000 pc=00000000802f76b8]
[c=963000000 pc=00000000802f76ae]
[c=964000000 pc=00000000802f7698]
[c=965000000 pc=00000000802f76b0]
[c=966000000 pc=0000000080ae2d9c]
[c=967000000 pc=0000000080ae2be4]
[c=968000000 pc=00000000802f76ae]
[c=969000000 pc=00000000802f77f8]
[c=970000000 pc=00000000802f76b0]
[c=971000000 pc=00000000802f76c2]
[c=972000000 pc=00000000802f7752]
[c=973000000 pc=00000000802f76aa]
[c=974000000 pc=00000000802f76bc]
[c=975000000 pc=00000000802f7756]
[c=976000000 pc=0000000080ae2bee]
[c=977000000 pc=00000000802f76c6]
[c=978000000 pc=00000000802f7752]
[c=979000000 pc=00000000802f775e]
[c=980000000 pc=00000000802f76ac]
[c=981000000 pc=00000000802f77f0]
[c=982000000 pc=00000000802f77e8]
[c=983000000 pc=00000000802f77f4]
[c=984000000 pc=0000000080ae2d9c]
[c=985000000 pc=00000000802f76b4]
[c=986000000 pc=00000000802f76c2]
[c=987000000 pc=00000000802f7758]
[c=988000000 pc=00000000802f76a6]
[c=989000000 pc=00000000802f77f8]
[c=990000000 pc=00000000802f76b8]
[c=991000000 pc=00000000802f76a2]
[c=992000000 pc=00000000802f77fa]
[c=993000000 pc=00000000802f77e0]
[c=994000000 pc=00000000802f77ec]
[c=995000000 pc=00000000802f7762]
[c=996000000 pc=00000000802f77fa]
[c=997000000 pc=0000000080ae2da0]
[c=998000000 pc=00000000802f769e]
[c=999000000 pc=00000000802f77f0]
[c=1000000000 pc=00000000802f76bc]
[c=1001000000 pc=00000000802f775a]
[c=1002000000 pc=0000000080ae2d9e]
[c=1003000000 pc=00000000802f76aa]
[c=1004000000 pc=00000000802f77f4]
[c=1005000000 pc=00000000802f771e]
[c=1006000000 pc=00000000802f77e6]
[c=1007000000 pc=00000000802f77f4]
[c=1008000000 pc=00000000802f7720]
[c=1009000000 pc=00000000802f76b4]
[c=1010000000 pc=00000000802f7718]
[c=1011000000 pc=00000000802f76c2]
[c=1012000000 pc=00000000802f76b4]
[c=1013000000 pc=00000000802f77f8]
[c=1014000000 pc=00000000802f775e]
[c=1015000000 pc=00000000802f77f8]
[c=1016000000 pc=00000000802f77ec]
[c=1017000000 pc=00000000802f76c2]
[c=1018000000 pc=00000000802f76c6]
[c=1019000000 pc=00000000802f7758]
[c=1020000000 pc=00000000802f77e0]
[c=1021000000 pc=00000000802f76c2]
[c=1022000000 pc=0000000080ae2da0]
[c=1023000000 pc=00000000802f77f4]
[c=1024000000 pc=00000000802f76b4]
[c=1025000000 pc=00000000802f77fa]
[c=1026000000 pc=00000000802f76c2]
[c=1027000000 pc=0000000080ae2d9c]
[c=1028000000 pc=00000000802f77ec]
[c=1029000000 pc=00000000802f775e]
[c=1030000000 pc=00000000802f2d62]
[c=1031000000 pc=00000000802f7758]
[c=1032000000 pc=00000000802f77f4]
[c=1033000000 pc=0000000080ad9758]
[c=1034000000 pc=00000000802f775a]
[c=1035000000 pc=00000000802f77e2]
[c=1036000000 pc=0000000080ae2cd8]
[c=1037000000 pc=00000000802f77e8]
[c=1038000000 pc=0000000080ae2d38]
[c=1039000000 pc=00000000802f76ae]
[c=1040000000 pc=00000000802f771a]
[c=1041000000 pc=00000000802f76ac]
[c=1042000000 pc=0000000080ae2da4]
[c=1043000000 pc=00000000802f77fa]
[c=1044000000 pc=00000000802f76bc]
[c=1045000000 pc=00000000802f76a6]
[c=1046000000 pc=00000000802f7752]
[c=1047000000 pc=0000000080ad89a0]
[c=1048000000 pc=00000000802f76ae]
[c=1049000000 pc=0000000080ae2d32]
[c=1050000000 pc=0000000080ae2d3c]
[c=1051000000 pc=0000000080ae2be4]
[c=1052000000 pc=00000000802f77ec]
[c=1053000000 pc=00000000802f76aa]
[c=1054000000 pc=00000000802f76d2]
[c=1055000000 pc=00000000802f7758]
[c=1056000000 pc=00000000802f76ac]
[c=1057000000 pc=00000000802f769e]
[c=1058000000 pc=00000000802f76bc]
[c=1059000000 pc=00000000802f76c2]
[c=1060000000 pc=00000000802f76b8]
[c=1061000000 pc=00000000802f77f8]
[c=1062000000 pc=00000000802f77e0]
[c=1063000000 pc=00000000802f76ac]
[c=1064000000 pc=00000000802f7728]
[c=1065000000 pc=00000000802f77f4]
[c=1066000000 pc=00000000802f77fa]
[c=1067000000 pc=00000000802f77f4]
[c=1068000000 pc=00000000802f76b0]
[c=1069000000 pc=00000000802f77f8]
[c=1070000000 pc=00000000802f76ae]
[c=1071000000 pc=00000000802f76a6]
[c=1072000000 pc=00000000802f77f4]
[c=1073000000 pc=00000000802f76c0]
[c=1074000000 pc=0000000080ae2cde]
[c=1075000000 pc=00000000802f77fa]
[c=1076000000 pc=00000000802f780c]
[c=1077000000 pc=0000000080ae2d40]
[c=1078000000 pc=00000000802f7758]
[c=1079000000 pc=00000000802f77e0]
[c=1080000000 pc=00000000802f76b8]
[c=1081000000 pc=00000000802f775e]
[c=1082000000 pc=00000000802f76b0]
[c=1083000000 pc=00000000802f769e]
[c=1084000000 pc=00000000802f775a]
[c=1085000000 pc=00000000802f77f8]
[c=1086000000 pc=00000000802f76bc]
[c=1087000000 pc=00000000802f76c6]
[c=1088000000 pc=00000000802f77e2]
[c=1089000000 pc=00000000802f7756]
[c=1090000000 pc=00000000802f769e]
[c=1091000000 pc=00000000802f769c]
[c=1092000000 pc=00000000802f76c6]
[c=1093000000 pc=0000000080ad89f2]
[c=1094000000 pc=00000000802f76bc]
[c=1095000000 pc=00000000802f77fa]
[c=1096000000 pc=0000000080ad899c]
[c=1097000000 pc=0000000080ae29b6]
[c=1098000000 pc=00000000802f775a]
[c=1099000000 pc=00000000802f76b8]
[c=1100000000 pc=00000000802f7698]
[c=1101000000 pc=00000000802f76c2]
[c=1102000000 pc=00000000802f7694]
[c=1103000000 pc=00000000802f76bc]
[c=1104000000 pc=00000000802f76b0]
[c=1105000000 pc=00000000802f76ac]
[c=1106000000 pc=00000000802f77f0]
[c=1107000000 pc=00000000802f77e8]
[c=1108000000 pc=00000000802f76b0]
[c=1109000000 pc=0000000080ae2da0]
[c=1110000000 pc=00000000802f775e]
[c=1111000000 pc=00000000802f7752]
[c=1112000000 pc=00000000802f77e6]
[c=1113000000 pc=00000000802f77fa]
[c=1114000000 pc=00000000802f77f8]
[c=1115000000 pc=00000000802f77e6]
[c=1116000000 pc=00000000802f77f4]
[c=1117000000 pc=00000000802f7752]
[c=1118000000 pc=00000000802f768c]
[c=1119000000 pc=00000000802f77f8]
[c=1120000000 pc=00000000802f77f8]
[c=1121000000 pc=00000000802f77e8]
[c=1122000000 pc=00000000802f77fc]
[c=1123000000 pc=00000000802f775e]
[c=1124000000 pc=00000000802f7698]
[c=1125000000 pc=00000000802f775e]
[c=1126000000 pc=00000000802f7698]
[c=1127000000 pc=00000000802f76ce]
[c=1128000000 pc=00000000802f76c0]
[c=1129000000 pc=00000000802f778a]
[c=1130000000 pc=00000000802f76c2]
[c=1131000000 pc=00000000802f7758]
[c=1132000000 pc=00000000802f772c]
[c=1133000000 pc=0000000080ae2d36]
[c=1134000000 pc=00000000802f7758]
[c=1135000000 pc=00000000802f7690]
[c=1136000000 pc=00000000802f76aa]
[c=1137000000 pc=00000000802f76b8]
[c=1138000000 pc=0000000080ae2cf8]
[c=1139000000 pc=00000000802f76bc]
[c=1140000000 pc=00000000802f771a]
[c=1141000000 pc=00000000802f76b0]
[c=1142000000 pc=00000000802f76b8]
[c=1143000000 pc=00000000802f7752]
[c=1144000000 pc=00000000802f76bc]
[c=1145000000 pc=00000000802f7690]
[c=1146000000 pc=00000000802f772a]
[c=1147000000 pc=00000000802f76bc]
[c=1148000000 pc=00000000802f769e]
[c=1149000000 pc=0000000080ae2bee]
[c=1150000000 pc=00000000802f76aa]
[c=1151000000 pc=00000000802f7718]
[c=1152000000 pc=00000000802f775e]
[c=1153000000 pc=00000000802f7758]
[c=1154000000 pc=00000000802f7758]
[c=1155000000 pc=00000000802f76a2]
[c=1156000000 pc=00000000802f769c]
[c=1157000000 pc=00000000802f775a]
[c=1158000000 pc=00000000802f76c0]
[c=1159000000 pc=00000000802f76a6]
[c=1160000000 pc=00000000802f76ac]
[c=1161000000 pc=00000000802f76bc]
[c=1162000000 pc=00000000802f7756]
[c=1163000000 pc=00000000802f772a]
[c=1164000000 pc=00000000802f7752]
[c=1165000000 pc=00000000802f7752]
[c=1166000000 pc=00000000802f7826]
[c=1167000000 pc=00000000802f7752]
[c=1168000000 pc=00000000802f77fa]
[c=1169000000 pc=00000000802f76b8]
[c=1170000000 pc=00000000802f7772]
[c=1171000000 pc=00000000802f769c]
[c=1172000000 pc=00000000802f76b4]
[c=1173000000 pc=00000000802f77f8]
[c=1174000000 pc=00000000802f77e8]
[c=1175000000 pc=00000000802f769e]
[c=1176000000 pc=00000000802f76ce]
[c=1177000000 pc=0000000080ae2da4]
[c=1178000000 pc=00000000802f77fa]
[c=1179000000 pc=00000000802f77fa]
[c=1180000000 pc=00000000802f76c6]
[c=1181000000 pc=00000000802f775e]
[c=1182000000 pc=00000000802f7756]
[c=1183000000 pc=00000000802f77ec]
[c=1184000000 pc=00000000802f77fa]
[c=1185000000 pc=00000000802f76ae]
[c=1186000000 pc=00000000802f77fa]
[c=1187000000 pc=00000000802f775a]
[c=1188000000 pc=00000000802f77fa]
[c=1189000000 pc=00000000802f77fa]
[c=1190000000 pc=0000000080ae2da0]
[c=1191000000 pc=00000000802f77e0]
[c=1192000000 pc=00000000802f77e0]
[c=1193000000 pc=00000000802f771a]
[c=1194000000 pc=00000000802f76a2]
[c=1195000000 pc=0000000080ae2d08]
[c=1196000000 pc=00000000802f772a]
[c=1197000000 pc=00000000802f769c]
[c=1198000000 pc=00000000802f389a]
[c=1199000000 pc=00000000802f7736]
[c=1200000000 pc=00000000802f7758]
[c=1201000000 pc=00000000802f76b0]
[c=1202000000 pc=00000000802f775a]
[c=1203000000 pc=0000000080ae2cf2]
[c=1204000000 pc=00000000802f76c6]
[c=1205000000 pc=00000000802f77e8]
[c=1206000000 pc=00000000802f76ae]
[c=1207000000 pc=00000000802f7736]
[c=1208000000 pc=00000000802f76bc]
[c=1209000000 pc=00000000802f76bc]
[c=1210000000 pc=00000000802f769c]
[c=1211000000 pc=00000000802f76bc]
[c=1212000000 pc=00000000802f775e]
[c=1213000000 pc=00000000802f76ac]
[c=1214000000 pc=00000000802f76c0]
[c=1215000000 pc=00000000802f7756]
[c=1216000000 pc=00000000802f7756]
[c=1217000000 pc=00000000802f76bc]
[c=1218000000 pc=0000000080ad899e]
[c=1219000000 pc=00000000802f76c6]
[c=1220000000 pc=00000000802f769e]
[c=1221000000 pc=00000000802f7758]
[c=1222000000 pc=00000000802f775e]
[c=1223000000 pc=0000000080ae2bf4]
[c=1224000000 pc=00000000802f76bc]
[c=1225000000 pc=00000000802f77f4]
[c=1226000000 pc=00000000802f769e]
[c=1227000000 pc=00000000802f76aa]
[c=1228000000 pc=0000000080ae2cbc]
[c=1229000000 pc=00000000802f7698]
[c=1230000000 pc=00000000802f76b8]
[c=1231000000 pc=00000000802f76b8]
[c=1232000000 pc=00000000802f76bc]
[c=1233000000 pc=00000000802f76c6]
[c=1234000000 pc=00000000802f76c2]
[c=1235000000 pc=00000000802f76a2]
[c=1236000000 pc=00000000802f76b4]
[c=1237000000 pc=00000000802f76c6]
[c=1238000000 pc=00000000802f76a2]
[c=1239000000 pc=00000000802f7724]
[c=1240000000 pc=00000000802f7756]
[c=1241000000 pc=00000000802f7736]
[c=1242000000 pc=00000000802f76d2]
[c=1243000000 pc=0000000080ae2d98]
[c=1244000000 pc=00000000802f76ac]
[c=1245000000 pc=00000000802f76c6]
[c=1246000000 pc=00000000802f77f4]
[c=1247000000 pc=00000000802f775e]
[c=1248000000 pc=00000000802f7724]
[c=1249000000 pc=00000000802f7758]
[c=1250000000 pc=00000000802f7758]
[c=1251000000 pc=00000000802f77f8]
[c=1252000000 pc=00000000802f7756]
[c=1253000000 pc=00000000802f7756]
[c=1254000000 pc=00000000802f76a2]
[c=1255000000 pc=00000000802f7732]
[c=1256000000 pc=0000000080ae2cb8]
[c=1257000000 pc=00000000802f76a6]
[c=1258000000 pc=00000000802f769e]
[c=1259000000 pc=00000000802f76aa]
[c=1260000000 pc=00000000802f76b8]
[c=1261000000 pc=00000000802f77f4]
[c=1262000000 pc=00000000802f772a]
[c=1263000000 pc=00000000802f7724]
[c=1264000000 pc=00000000802f7752]
[c=1265000000 pc=00000000802f7736]
[c=1266000000 pc=00000000802f7804]
[c=1267000000 pc=00000000802f7758]
[c=1268000000 pc=00000000802f7728]
[c=1269000000 pc=00000000802f76aa]
[c=1270000000 pc=00000000802f76ac]
[c=1271000000 pc=00000000802f76c6]
[c=1272000000 pc=00000000802f7690]
[c=1273000000 pc=00000000802f7724]
[c=1274000000 pc=00000000802f76b4]
[c=1275000000 pc=00000000802f76b8]
[c=1276000000 pc=00000000802f76d2]
[c=1277000000 pc=00000000802f76c2]
[c=1278000000 pc=00000000802f7720]
[c=1279000000 pc=00000000802f775a]
[c=1280000000 pc=00000000802f775e]
[c=1281000000 pc=00000000802f7828]
[c=1282000000 pc=00000000802f77f4]
[c=1283000000 pc=00000000802f7698]
[c=1284000000 pc=0000000080ae2d3c]
[c=1285000000 pc=00000000802f77fa]
[c=1286000000 pc=00000000802f77fa]
[c=1287000000 pc=00000000802f7772]
[c=1288000000 pc=00000000802f76a6]
[c=1289000000 pc=00000000802f77f4]
[c=1290000000 pc=00000000802f77e2]
[c=1291000000 pc=00000000802f76ac]
[c=1292000000 pc=00000000802f77f8]
[c=1293000000 pc=00000000802f77f4]
[c=1294000000 pc=00000000802f76a6]
[c=1295000000 pc=0000000080ae2d9e]
[c=1296000000 pc=00000000802f77f0]
[c=1297000000 pc=00000000802f77f0]
[c=1298000000 pc=00000000802f775e]
[c=1299000000 pc=0000000080ae2cb4]
[c=1300000000 pc=00000000802f76b4]
[c=1301000000 pc=00000000802f76ac]
[c=1302000000 pc=00000000802f3948]
[c=1303000000 pc=00000000802f769e]
[c=1304000000 pc=00000000802f7814]
[c=1305000000 pc=0000000080ae2d98]
[c=1306000000 pc=0000000080ae2da0]
[c=1307000000 pc=00000000802f7756]
[c=1308000000 pc=00000000802f7758]
[c=1309000000 pc=00000000802f7752]
[c=1310000000 pc=00000000802f771e]
[c=1311000000 pc=00000000802f777a]
[c=1312000000 pc=00000000802f76a2]
[c=1313000000 pc=00000000802f76c2]
[c=1314000000 pc=00000000802f77f8]
[c=1315000000 pc=00000000802f772a]
[c=1316000000 pc=00000000802f76bc]
[c=1317000000 pc=00000000802f76b4]
[c=1318000000 pc=00000000802f771a]
[c=1319000000 pc=00000000802f77e0]
[c=1320000000 pc=0000000080ae29e2]
[c=1321000000 pc=00000000802f76b8]
[c=1322000000 pc=00000000802f7786]
[c=1323000000 pc=00000000802f7758]
[c=1324000000 pc=00000000802f76b4]
[c=1325000000 pc=00000000802f77fc]
[c=1326000000 pc=00000000802f7758]
[c=1327000000 pc=00000000802f7758]
[c=1328000000 pc=00000000802f77e6]
[c=1329000000 pc=00000000802f76a6]
[c=1330000000 pc=00000000802f77f8]
[c=1331000000 pc=00000000802f76aa]
[c=1332000000 pc=0000000080ae2cb0]
[c=1333000000 pc=00000000802f77f0]
[c=1334000000 pc=00000000802f7698]
[c=1335000000 pc=00000000802f7698]
[c=1336000000 pc=00000000802f77d8]
[c=1337000000 pc=00000000802f76ae]
[c=1338000000 pc=0000000080ae2cae]
[c=1339000000 pc=00000000802f77f4]
[c=1340000000 pc=00000000802f77fa]
[c=1341000000 pc=00000000802f775e]
[c=1342000000 pc=00000000802f76b8]
[c=1343000000 pc=00000000802f77fa]
[c=1344000000 pc=0000000080ae2d9e]
[c=1345000000 pc=00000000802f76b4]
[c=1346000000 pc=00000000802f77e0]
[c=1347000000 pc=00000000802f7762]
[c=1348000000 pc=00000000802f76a6]
[c=1349000000 pc=00000000802f769c]
[c=1350000000 pc=00000000802f775a]
[c=1351000000 pc=00000000802f76c6]
[c=1352000000 pc=0000000080ae2d9c]
[c=1353000000 pc=00000000802f7690]
[c=1354000000 pc=00000000802f76aa]
[c=1355000000 pc=0000000080ae29b6]
[c=1356000000 pc=00000000802f7766]
[c=1357000000 pc=0000000080ae2d94]
[c=1358000000 pc=00000000802f76b4]
[c=1359000000 pc=00000000802f7758]
[c=1360000000 pc=00000000802f76ae]
[c=1361000000 pc=00000000802f393e]
[c=1362000000 pc=00000000802f7698]
[c=1363000000 pc=00000000802f7758]
[c=1364000000 pc=00000000802f76d2]
[c=1365000000 pc=00000000802f77f8]
[c=1366000000 pc=00000000802f76b0]
[c=1367000000 pc=00000000802f7698]
[c=1368000000 pc=00000000802f76ac]
[c=1369000000 pc=00000000802f7758]
[c=1370000000 pc=00000000802f7698]
[c=1371000000 pc=00000000802f76b0]
[c=1372000000 pc=00000000802f775a]
[c=1373000000 pc=00000000802f769c]
[c=1374000000 pc=00000000802f775e]
[c=1375000000 pc=0000000080ae2cb8]
[c=1376000000 pc=00000000802f76a2]
[c=1377000000 pc=00000000802f769e]
[c=1378000000 pc=00000000802f76c0]
[c=1379000000 pc=00000000802f7718]
[c=1380000000 pc=00000000802f76d4]
[c=1381000000 pc=00000000802f76b0]
[c=1382000000 pc=00000000802f7758]
[c=1383000000 pc=00000000802f7698]
[c=1384000000 pc=00000000802f77f4]
[c=1385000000 pc=0000000080ad8994]
[c=1386000000 pc=00000000802f76ca]
[c=1387000000 pc=00000000802f76ac]
[c=1388000000 pc=00000000802f76c6]
[c=1389000000 pc=00000000802f768c]
[c=1390000000 pc=00000000802f771a]
[c=1391000000 pc=00000000802f7758]
[c=1392000000 pc=00000000802f76b8]
[c=1393000000 pc=00000000802f769c]
[c=1394000000 pc=0000000080ae2d98]
[c=1395000000 pc=00000000802f77f0]
[c=1396000000 pc=00000000802f7698]
[c=1397000000 pc=00000000802f771a]
[c=1398000000 pc=00000000802f76a2]
[c=1399000000 pc=00000000802f77f8]
[c=1400000000 pc=00000000802f76bc]
[c=1401000000 pc=00000000802f76bc]
[c=1402000000 pc=00000000802f77e0]
[c=1403000000 pc=00000000802f77fa]
[c=1404000000 pc=00000000802f7690]
[c=1405000000 pc=00000000802f77fa]
[c=1406000000 pc=00000000802f76ac]
[c=1407000000 pc=00000000802f77e2]
[c=1408000000 pc=00000000802f7728]
[c=1409000000 pc=00000000802f7758]
[c=1410000000 pc=00000000802f76b8]
[c=1411000000 pc=00000000802f77ec]
[c=1412000000 pc=00000000802f76b4]
[c=1413000000 pc=00000000802f77e6]
[c=1414000000 pc=00000000802f76a2]
[c=1415000000 pc=00000000802f76c6]
[c=1416000000 pc=00000000802f775a]
[c=1417000000 pc=00000000802f76a2]
[c=1418000000 pc=00000000802f76bc]
[c=1419000000 pc=00000000802f77e6]
[c=1420000000 pc=0000000080ad95d4]
[c=1421000000 pc=00000000802f77e6]
[c=1422000000 pc=00000000802f76d2]
[c=1423000000 pc=00000000802f77f8]
[c=1424000000 pc=00000000802f77fc]
[c=1425000000 pc=00000000802f7758]
[c=1426000000 pc=00000000802f7728]
[c=1427000000 pc=00000000802f7728]
[c=1428000000 pc=00000000802f77f0]
[c=1429000000 pc=00000000802f76b8]
[c=1430000000 pc=00000000802f76b4]
[c=1431000000 pc=00000000802f76aa]
[c=1432000000 pc=00000000802f76c0]
[c=1433000000 pc=00000000802f7752]
[c=1434000000 pc=00000000802f769e]
[c=1435000000 pc=00000000802f7736]
[c=1436000000 pc=00000000802f7758]
[c=1437000000 pc=00000000802f76bc]
[c=1438000000 pc=00000000802f76b8]
[c=1439000000 pc=00000000802f769c]
[c=1440000000 pc=00000000802f769c]
[c=1441000000 pc=0000000080ae2d94]
[c=1442000000 pc=00000000802f76bc]
[c=1443000000 pc=0000000080ae2cb4]
[c=1444000000 pc=00000000802f76b4]
[c=1445000000 pc=00000000802f76bc]
[c=1446000000 pc=00000000802f7814]
[c=1447000000 pc=00000000802f77e2]
[c=1448000000 pc=00000000802f77f4]
[c=1449000000 pc=00000000802f76bc]
[c=1450000000 pc=00000000802f77e8]
[c=1451000000 pc=00000000802f77ec]
[c=1452000000 pc=00000000802f76c6]
[c=1453000000 pc=00000000802f769e]
[c=1454000000 pc=00000000802f7698]
[c=1455000000 pc=00000000802f7808]
[c=1456000000 pc=00000000802f76c2]
[c=1457000000 pc=00000000802f77f0]
[c=1458000000 pc=00000000802f769e]
[c=1459000000 pc=00000000802f77f0]
[c=1460000000 pc=00000000802f7736]
[c=1461000000 pc=00000000802f772c]
[c=1462000000 pc=00000000802f77f4]
[c=1463000000 pc=00000000802f76bc]
[c=1464000000 pc=00000000802f7736]
[c=1465000000 pc=0000000080ae2c88]
[c=1466000000 pc=00000000802f77f0]
[c=1467000000 pc=00000000802f7694]
[c=1468000000 pc=00000000802f77f0]
[c=1469000000 pc=0000000080ae2da0]
[c=1470000000 pc=00000000802f77ec]
[c=1471000000 pc=00000000802f76b4]
[c=1472000000 pc=00000000802f76b0]
[c=1473000000 pc=00000000802f773a]
[c=1474000000 pc=00000000802f776c]
[c=1475000000 pc=00000000802f77ec]
[c=1476000000 pc=00000000802f775a]
[c=1477000000 pc=00000000802f77e2]
[c=1478000000 pc=00000000802f77e0]
[c=1479000000 pc=0000000080ae2d38]
[c=1480000000 pc=00000000802f76a6]
[c=1481000000 pc=00000000802f76c0]
[c=1482000000 pc=00000000802f7698]
[c=1483000000 pc=00000000802f77f8]
[c=1484000000 pc=00000000802f77e2]
[c=1485000000 pc=00000000802f769c]
[c=1486000000 pc=00000000802f76aa]
[c=1487000000 pc=00000000802f7752]
[c=1488000000 pc=00000000802f76b4]
[c=1489000000 pc=00000000802f77ec]
[c=1490000000 pc=00000000802f76c2]
[c=1491000000 pc=00000000802f76b4]
[c=1492000000 pc=00000000802f76a2]
[c=1493000000 pc=00000000802f76bc]
[c=1494000000 pc=00000000802f76bc]
[c=1495000000 pc=0000000080ae29bc]
[c=1496000000 pc=00000000802f772a]
[c=1497000000 pc=0000000080ae2cd4]
[c=1498000000 pc=00000000802f76c2]
[c=1499000000 pc=00000000802f7718]
[c=1500000000 pc=00000000802f7758]
[c=1501000000 pc=00000000802f76b8]
[c=1502000000 pc=00000000802f7728]
[c=1503000000 pc=00000000802f76bc]
[c=1504000000 pc=00000000802f77e6]
[c=1505000000 pc=00000000802f77f0]
[c=1506000000 pc=00000000802f775a]
[c=1507000000 pc=00000000802f77f8]
[c=1508000000 pc=00000000802f76bc]
[c=1509000000 pc=00000000802f7752]
[c=1510000000 pc=00000000802f76d2]
[c=1511000000 pc=00000000802f76a6]
[c=1512000000 pc=00000000802f7752]
[c=1513000000 pc=00000000802f775a]
[c=1514000000 pc=00000000802f77f8]
[c=1515000000 pc=00000000802f77fc]
[c=1516000000 pc=00000000802f77f8]
[c=1517000000 pc=00000000802f76a6]
[c=1518000000 pc=00000000802f76b8]
[c=1519000000 pc=00000000802f77f0]
[c=1520000000 pc=00000000802f769c]
[c=1521000000 pc=00000000802f7698]
[c=1522000000 pc=00000000802f76b4]
[c=1523000000 pc=00000000802f7718]
[c=1524000000 pc=00000000802f76c6]
[c=1525000000 pc=00000000802f76b4]
[c=1526000000 pc=0000000080ae29c4]
[c=1527000000 pc=00000000802f77fc]
[c=1528000000 pc=00000000802f7752]
[c=1529000000 pc=0000000080ae29d2]
[c=1530000000 pc=0000000080ade25a]
[c=1531000000 pc=00000000802f7718]
[c=1532000000 pc=00000000802f769c]
[c=1533000000 pc=00000000802f77f8]
[c=1534000000 pc=0000000080ae2bf2]
[c=1535000000 pc=00000000802f7718]
[c=1536000000 pc=00000000802f77fa]
[c=1537000000 pc=00000000802f76ae]
[c=1538000000 pc=00000000802f76bc]
[c=1539000000 pc=00000000802f76ce]
[c=1540000000 pc=00000000802f76d4]
[c=1541000000 pc=00000000802f76b4]
[c=1542000000 pc=00000000802f77f4]
[c=1543000000 pc=00000000802f76c0]
[c=1544000000 pc=00000000802f7698]
[c=1545000000 pc=00000000802f76d8]
[c=1546000000 pc=00000000802f76b8]
[c=1547000000 pc=00000000802f76a6]
[c=1548000000 pc=00000000802f38b6]
[c=1549000000 pc=00000000802f7718]
[c=1550000000 pc=00000000802f76a6]
[c=1551000000 pc=0000000080ae2ca8]
[c=1552000000 pc=00000000802f771a]
[c=1553000000 pc=00000000802f76bc]
[c=1554000000 pc=00000000802f3a06]
[c=1555000000 pc=00000000802f7736]
[c=1556000000 pc=00000000802f769c]
[c=1557000000 pc=00000000802f7756]
[c=1558000000 pc=00000000802f7698]
[c=1559000000 pc=00000000802f76ae]
[c=1560000000 pc=00000000802f7756]
[c=1561000000 pc=00000000802f76c2]
[c=1562000000 pc=00000000802f76bc]
[c=1563000000 pc=00000000802f76b0]
[c=1564000000 pc=00000000802f769c]
[c=1565000000 pc=00000000802f76ac]
[c=1566000000 pc=00000000802f76c6]
[c=1567000000 pc=00000000802f775a]
[c=1568000000 pc=00000000802f76b4]
[c=1569000000 pc=00000000802f77fc]
[c=1570000000 pc=00000000802f76b4]
[c=1571000000 pc=00000000802f76bc]
[c=1572000000 pc=00000000802f77e2]
[c=1573000000 pc=00000000802f7752]
[c=1574000000 pc=00000000802f772e]
[c=1575000000 pc=0000000080ad89ba]
[c=1576000000 pc=00000000802f772c]
[c=1577000000 pc=00000000802f771a]
[c=1578000000 pc=0000000080ae2cbc]
[c=1579000000 pc=00000000802f772a]
[c=1580000000 pc=00000000802f7720]
[c=1581000000 pc=0000000080ae2ccc]
[c=1582000000 pc=00000000802f7758]
[c=1583000000 pc=00000000802f7756]
[c=1584000000 pc=0000000080ad89a2]
[c=1585000000 pc=00000000802f776a]
[c=1586000000 pc=00000000802f76ae]
[c=1587000000 pc=0000000080ae2be8]
[c=1588000000 pc=00000000802f76b4]
[c=1589000000 pc=00000000802f772a]
[c=1590000000 pc=00000000802f7752]
[c=1591000000 pc=00000000802f76c6]
[c=1592000000 pc=00000000802f7814]
[c=1593000000 pc=00000000802f77f0]
[c=1594000000 pc=00000000802f76ac]
[c=1595000000 pc=00000000802f77ec]
[c=1596000000 pc=0000000080ae2da8]
[c=1597000000 pc=00000000802f775e]
[c=1598000000 pc=00000000802f76c0]
[c=1599000000 pc=00000000802f76b8]
[c=1600000000 pc=00000000802f76ac]
[c=1601000000 pc=00000000802f77f0]
[c=1602000000 pc=00000000802f76ca]
[c=1603000000 pc=00000000802f77fa]
[c=1604000000 pc=00000000802f77e6]
[c=1605000000 pc=00000000802f76bc]
[c=1606000000 pc=0000000080ae2d9e]
[c=1607000000 pc=00000000802f76aa]
[c=1608000000 pc=00000000802f76c6]
[c=1609000000 pc=00000000802f76b8]
[c=1610000000 pc=00000000802f76c6]
[c=1611000000 pc=00000000802f77e6]
[c=1612000000 pc=00000000802f769e]
[c=1613000000 pc=00000000802f7752]
[c=1614000000 pc=00000000802f76bc]
[c=1615000000 pc=00000000802f77fa]
[c=1616000000 pc=00000000802f76b8]
[c=1617000000 pc=00000000802f76b8]
[c=1618000000 pc=00000000802f76c6]
[c=1619000000 pc=00000000802f769e]
[c=1620000000 pc=0000000080ad89d2]
[c=1621000000 pc=00000000802f76b4]
[c=1622000000 pc=00000000802f76ca]
[c=1623000000 pc=00000000802f76b8]
[c=1624000000 pc=00000000802f76c0]
[c=1625000000 pc=00000000802f76b4]
[c=1626000000 pc=00000000802f76b4]
[c=1627000000 pc=00000000802f76bc]
[c=1628000000 pc=00000000802f775e]
[c=1629000000 pc=00000000802f76ac]
[c=1630000000 pc=00000000802f775e]
[c=1631000000 pc=00000000802f76c2]
[c=1632000000 pc=00000000802f76bc]
[c=1633000000 pc=00000000802f76b0]
[c=1634000000 pc=00000000802f76b4]
[c=1635000000 pc=00000000802f775e]
[c=1636000000 pc=00000000802f76bc]
[c=1637000000 pc=00000000802f76bc]
[c=1638000000 pc=00000000802f775a]
[c=1639000000 pc=00000000802f7752]
[c=1640000000 pc=00000000802f76c2]
[c=1641000000 pc=00000000802f775a]
[c=1642000000 pc=00000000802f7720]
[c=1643000000 pc=00000000802f7720]
[c=1644000000 pc=00000000802f76c0]
[c=1645000000 pc=00000000802f76c2]
[c=1646000000 pc=00000000802f7756]
[c=1647000000 pc=00000000802f76b4]
[c=1648000000 pc=00000000802f7758]
[c=1649000000 pc=00000000802f7718]
[c=1650000000 pc=00000000802f773a]
[c=1651000000 pc=00000000802f7724]
[c=1652000000 pc=00000000802f7720]
[c=1653000000 pc=00000000802f773a]
[c=1654000000 pc=00000000802f769e]
[c=1655000000 pc=00000000802f7698]
[c=1656000000 pc=00000000802f76ce]
[c=1657000000 pc=00000000802f76b8]
[c=1658000000 pc=00000000802f7698]
[c=1659000000 pc=00000000802f76b0]
[c=1660000000 pc=00000000802f76b8]
[c=1661000000 pc=00000000802f76ac]
[c=1662000000 pc=00000000802f7756]
[c=1663000000 pc=00000000802f769e]
[c=1664000000 pc=00000000802f769c]
[c=1665000000 pc=00000000802f7752]
[c=1666000000 pc=00000000802f7698]
[c=1667000000 pc=00000000802f76b4]
[c=1668000000 pc=00000000802f772a]
[c=1669000000 pc=00000000802f769e]
[c=1670000000 pc=00000000802f76b8]
[c=1671000000 pc=00000000802f769e]
[c=1672000000 pc=00000000802f76ae]
[c=1673000000 pc=00000000802f76bc]
[c=1674000000 pc=00000000802f769e]
[c=1675000000 pc=00000000802f76a2]
[c=1676000000 pc=00000000802f76ca]
[c=1677000000 pc=00000000802f76c6]
[c=1678000000 pc=00000000802f7752]
[c=1679000000 pc=00000000802f76ac]
[c=1680000000 pc=00000000802f76a2]
[c=1681000000 pc=00000000802f7762]
[c=1682000000 pc=00000000802f76c0]
[c=1683000000 pc=00000000802f76c6]
[c=1684000000 pc=00000000802f775a]
[c=1685000000 pc=00000000802f76b0]
[c=1686000000 pc=00000000802f76ac]
[c=1687000000 pc=00000000802f7758]
[c=1688000000 pc=00000000802f775e]
[c=1689000000 pc=00000000802f769e]
[c=1690000000 pc=00000000802f7698]
[c=1691000000 pc=00000000802f76b8]
[c=1692000000 pc=00000000802f76a2]
[c=1693000000 pc=00000000802f772a]
[c=1694000000 pc=00000000802f7698]
[c=1695000000 pc=00000000802f769c]
[c=1696000000 pc=00000000802f7756]
[c=1697000000 pc=00000000802f76b0]
[c=1698000000 pc=00000000802f7756]
[c=1699000000 pc=00000000802f76ae]
[c=1700000000 pc=00000000802f775a]
[c=1701000000 pc=00000000802f76ac]
[c=1702000000 pc=00000000802f7756]
[c=1703000000 pc=00000000802f76aa]
[c=1704000000 pc=00000000802f771a]
[c=1705000000 pc=00000000802f77d8]
[c=1706000000 pc=00000000802f7752]
[c=1707000000 pc=00000000802f77fc]
[c=1708000000 pc=00000000802f76ac]
[c=1709000000 pc=0000000080ae2be8]
[c=1710000000 pc=00000000802f76bc]
[c=1711000000 pc=0000000080ae2bec]
[c=1712000000 pc=00000000802f76d4]
[c=1713000000 pc=0000000080ad89fc]
[c=1714000000 pc=00000000802f7720]
[c=1715000000 pc=0000000080ae2bec]
[c=1716000000 pc=00000000802f769c]
[c=1717000000 pc=0000000080ae2cb4]
[c=1718000000 pc=00000000802f775e]
[c=1719000000 pc=0000000080ae2be8]
[c=1720000000 pc=00000000802f772a]
[c=1721000000 pc=0000000080ad89d0]
[c=1722000000 pc=00000000802f76c0]
[c=1723000000 pc=00000000802f3866]
[c=1724000000 pc=00000000802f7758]
[c=1725000000 pc=00000000802f76e6]
[c=1726000000 pc=00000000802f7758]
[c=1727000000 pc=00000000802f7800]
[c=1728000000 pc=00000000802f769e]
[c=1729000000 pc=00000000802f7728]
[c=1730000000 pc=00000000802f76ac]
[c=1731000000 pc=00000000802f7698]
[c=1732000000 pc=00000000802f76a6]
[c=1733000000 pc=00000000802f76a6]
[c=1734000000 pc=00000000802f775e]
[c=1735000000 pc=0000000080ae2d32]
[c=1736000000 pc=00000000802f76c6]
[c=1737000000 pc=00000000802f772a]
[c=1738000000 pc=00000000802f775a]
[c=1739000000 pc=00000000802f76a6]
[c=1740000000 pc=00000000802f7698]
[c=1741000000 pc=00000000802f76b0]
[c=1742000000 pc=00000000802f76aa]
[c=1743000000 pc=00000000802f77ec]
[c=1744000000 pc=00000000802f7758]
[c=1745000000 pc=00000000802f77e8]
[c=1746000000 pc=00000000802f7756]
[c=1747000000 pc=00000000802f76c6]
[c=1748000000 pc=00000000802f76ae]
[c=1749000000 pc=00000000802f76b4]
[c=1750000000 pc=00000000802f7758]
[c=1751000000 pc=00000000802f769e]
[c=1752000000 pc=00000000802f775a]
[c=1753000000 pc=00000000802f771a]
[c=1754000000 pc=00000000802f76b4]
[c=1755000000 pc=00000000802f76d2]
[c=1756000000 pc=00000000802f76bc]
[c=1757000000 pc=00000000802f769c]
[c=1758000000 pc=00000000802f76ce]
[c=1759000000 pc=00000000802f7690]
[c=1760000000 pc=00000000802f769c]
[c=1761000000 pc=00000000802f76a2]
[c=1762000000 pc=00000000802f7758]
[c=1763000000 pc=00000000802f76c0]
[c=1764000000 pc=00000000802f7720]
[c=1765000000 pc=00000000802f7724]
[c=1766000000 pc=00000000802f76bc]
[c=1767000000 pc=00000000802f76ae]
[c=1768000000 pc=00000000802f76b0]
[c=1769000000 pc=00000000802f76b8]
[c=1770000000 pc=00000000802f775e]
[c=1771000000 pc=00000000802f7752]
[c=1772000000 pc=00000000802f76b4]
[c=1773000000 pc=00000000802f7766]
[c=1774000000 pc=00000000802f76c2]
[c=1775000000 pc=00000000802f7758]
[c=1776000000 pc=00000000802f76b4]
[c=1777000000 pc=00000000802f7698]
[c=1778000000 pc=00000000802f7728]
[c=1779000000 pc=00000000802f7752]
[c=1780000000 pc=00000000802f77f8]
[c=1781000000 pc=00000000802f77f4]
[c=1782000000 pc=00000000802f76a2]
[c=1783000000 pc=00000000802f76ae]
[c=1784000000 pc=0000000080ae2da8]
[c=1785000000 pc=0000000080ae2d90]
[c=1786000000 pc=00000000802f76aa]
[c=1787000000 pc=00000000802f77fa]
[c=1788000000 pc=0000000080ae2da0]
[c=1789000000 pc=00000000802f76aa]
[c=1790000000 pc=00000000802f7694]
[c=1791000000 pc=00000000802f76c2]
[c=1792000000 pc=00000000802f7756]
[c=1793000000 pc=00000000802f76b0]
[c=1794000000 pc=00000000802f77e8]
[c=1795000000 pc=00000000802f77f8]
[c=1796000000 pc=00000000802f77e0]
[c=1797000000 pc=00000000802f76ae]
[c=1798000000 pc=00000000802f77f4]
[c=1799000000 pc=00000000802f7756]
[c=1800000000 pc=00000000802f76b4]
[c=1801000000 pc=00000000802f76c0]
[c=1802000000 pc=00000000802f7720]
[c=1803000000 pc=00000000802f77e8]
[c=1804000000 pc=00000000802f7732]
[c=1805000000 pc=0000000080ae29c0]
[c=1806000000 pc=00000000802f77e8]
[c=1807000000 pc=00000000802f76ae]
[c=1808000000 pc=00000000802f76ac]
[c=1809000000 pc=00000000802f769e]
[c=1810000000 pc=0000000080ae29c4]
[c=1811000000 pc=00000000802f769c]
[c=1812000000 pc=00000000802f7728]
[c=1813000000 pc=00000000802f7762]
[c=1814000000 pc=00000000802f771a]
[c=1815000000 pc=00000000802f7762]
[c=1816000000 pc=00000000802f7698]
[c=1817000000 pc=00000000802f769e]
[c=1818000000 pc=00000000802f77e0]
[c=1819000000 pc=00000000802f76c2]
[c=1820000000 pc=00000000802f77e6]
[c=1821000000 pc=00000000802f771a]
[c=1822000000 pc=00000000802f7758]
[c=1823000000 pc=00000000802f77fc]
[c=1824000000 pc=00000000802f777e]
[c=1825000000 pc=00000000802f7728]
[c=1826000000 pc=00000000802f76a6]
[c=1827000000 pc=00000000802f77f8]
[c=1828000000 pc=00000000802f77f8]
[c=1829000000 pc=00000000802f76b8]
[c=1830000000 pc=00000000802f76b4]
[c=1831000000 pc=00000000802f76b4]
[c=1832000000 pc=00000000802f76c0]
[c=1833000000 pc=0000000080ae2d90]
[c=1834000000 pc=00000000802f76b8]
[c=1835000000 pc=00000000802f77e2]
[c=1836000000 pc=00000000802f769c]
[c=1837000000 pc=00000000802f76c6]
[c=1838000000 pc=00000000802f769e]
[c=1839000000 pc=00000000802f77ec]
[c=1840000000 pc=00000000802f76b8]
[c=1841000000 pc=00000000802f77f8]
[c=1842000000 pc=00000000802f77e2]
[c=1843000000 pc=00000000802f7720]
[c=1844000000 pc=00000000802f77f0]
[c=1845000000 pc=00000000802f76ae]
[c=1846000000 pc=00000000802f76c2]
[c=1847000000 pc=00000000802f76ca]
[c=1848000000 pc=00000000802f76aa]
[c=1849000000 pc=00000000802f77f4]
[c=1850000000 pc=00000000802f771e]
[c=1851000000 pc=00000000802f7758]
[c=1852000000 pc=00000000802f7756]
[c=1853000000 pc=00000000802f77e0]
[c=1854000000 pc=00000000802f7720]
[c=1855000000 pc=00000000802f769c]
[c=1856000000 pc=00000000802f7724]
[c=1857000000 pc=00000000802f777e]
[c=1858000000 pc=00000000802f77ec]
[c=1859000000 pc=00000000802f76ac]
[c=1860000000 pc=00000000802f77f8]
[c=1861000000 pc=00000000802f777a]
[c=1862000000 pc=00000000802f77e0]
[c=1863000000 pc=00000000802f775e]
[c=1864000000 pc=00000000802f76a6]
[c=1865000000 pc=00000000802f76bc]
[c=1866000000 pc=00000000802f777a]
[c=1867000000 pc=00000000802f77fa]
[c=1868000000 pc=00000000802f77f4]
[c=1869000000 pc=00000000802f77e2]
[c=1870000000 pc=00000000802f76aa]
[c=1871000000 pc=00000000802f7718]
[c=1872000000 pc=00000000802f7698]
[c=1873000000 pc=00000000802f77f8]
[c=1874000000 pc=00000000802f76c2]
[c=1875000000 pc=00000000802f77f8]
[c=1876000000 pc=00000000802f76b0]
[c=1877000000 pc=00000000802f76b4]
[c=1878000000 pc=00000000802f77fa]
[c=1879000000 pc=00000000802f7758]
[c=1880000000 pc=00000000802f77e2]
[c=1881000000 pc=00000000802f768c]
[c=1882000000 pc=00000000802f775e]
[c=1883000000 pc=00000000802f76a2]
[c=1884000000 pc=00000000802f768c]
[c=1885000000 pc=00000000802f77fa]
[c=1886000000 pc=00000000802f7718]
[c=1887000000 pc=00000000802f76a2]
[c=1888000000 pc=00000000802f771e]
[c=1889000000 pc=00000000802f7752]
[c=1890000000 pc=00000000802f772a]
[c=1891000000 pc=00000000802f769c]
[c=1892000000 pc=00000000802f76b4]
[c=1893000000 pc=00000000802f769e]
[c=1894000000 pc=00000000802f768c]
[c=1895000000 pc=00000000802f77f4]
[c=1896000000 pc=00000000802f76c2]
[c=1897000000 pc=00000000802f7718]
[c=1898000000 pc=00000000802f76b4]
[c=1899000000 pc=00000000802f76b4]
[c=1900000000 pc=00000000802f769e]
[c=1901000000 pc=00000000802f776a]
[c=1902000000 pc=00000000802f76ac]
[c=1903000000 pc=00000000802f7752]
[c=1904000000 pc=00000000802f768c]
[c=1905000000 pc=00000000802f76b4]
[c=1906000000 pc=00000000802f7698]
[c=1907000000 pc=00000000802f775e]
[c=1908000000 pc=00000000802f76a6]
[c=1909000000 pc=00000000802f76bc]
[c=1910000000 pc=0000000080ae2d32]
[c=1911000000 pc=00000000802f76ac]
[c=1912000000 pc=00000000802f7762]
[c=1913000000 pc=00000000802f772a]
[c=1914000000 pc=00000000802f769e]
[c=1915000000 pc=00000000802f771e]
[c=1916000000 pc=00000000802f7698]
[c=1917000000 pc=00000000802f76a6]
[c=1918000000 pc=00000000802f76aa]
[c=1919000000 pc=00000000802f76bc]
[c=1920000000 pc=00000000802f7718]
[c=1921000000 pc=00000000802f7728]
[c=1922000000 pc=00000000802f76c6]
[c=1923000000 pc=00000000802f76b0]
[c=1924000000 pc=00000000802f7752]
[c=1925000000 pc=00000000802f77f4]
[c=1926000000 pc=00000000802f772e]
[c=1927000000 pc=00000000802f7720]
[c=1928000000 pc=00000000802f769c]
[c=1929000000 pc=00000000802f775a]
[c=1930000000 pc=00000000802f771a]
[c=1931000000 pc=00000000802f76a6]
[c=1932000000 pc=00000000802f76b4]
[c=1933000000 pc=00000000802f76d4]
[c=1934000000 pc=00000000802f76c0]
[c=1935000000 pc=00000000802f76b0]
[c=1936000000 pc=00000000802f7698]
[c=1937000000 pc=00000000802f76a6]
[c=1938000000 pc=00000000802f7698]
[c=1939000000 pc=00000000802f7718]
[c=1940000000 pc=00000000802f3936]
[c=1941000000 pc=00000000802f76bc]
[c=1942000000 pc=00000000802f76c6]
[c=1943000000 pc=00000000802f769e]
[c=1944000000 pc=00000000802f7690]
[c=1945000000 pc=00000000802f7698]
[c=1946000000 pc=00000000802f76ae]
[c=1947000000 pc=00000000802f7694]
[c=1948000000 pc=00000000802f76b0]
[c=1949000000 pc=00000000802f7728]
[c=1950000000 pc=00000000802f7752]
[c=1951000000 pc=00000000802f7724]
[c=1952000000 pc=00000000802f7690]
[c=1953000000 pc=00000000802f773a]
[c=1954000000 pc=00000000802f772a]
[c=1955000000 pc=00000000802f76c2]
[c=1956000000 pc=00000000802f775e]
[c=1957000000 pc=00000000802f77f8]
[c=1958000000 pc=00000000802f76bc]
[c=1959000000 pc=00000000802f76ac]
[c=1960000000 pc=00000000802f76c2]
[c=1961000000 pc=00000000802f76bc]
[c=1962000000 pc=00000000802f76b8]
[c=1963000000 pc=00000000802f76b4]
[c=1964000000 pc=00000000802f775e]
[c=1965000000 pc=00000000802f76ac]
[c=1966000000 pc=00000000802f76a6]
[c=1967000000 pc=00000000802f775a]
[c=1968000000 pc=00000000802f76ca]
[c=1969000000 pc=00000000802f7758]
[c=1970000000 pc=00000000802f769c]
[c=1971000000 pc=00000000802f773a]
[c=1972000000 pc=00000000802f7786]
[c=1973000000 pc=00000000802f7762]
[c=1974000000 pc=00000000802f7736]
[c=1975000000 pc=00000000802f76bc]
[c=1976000000 pc=00000000802f7698]
[c=1977000000 pc=00000000802f7758]
[c=1978000000 pc=00000000802f771a]
[c=1979000000 pc=00000000802f76aa]
[c=1980000000 pc=00000000802f772c]
[c=1981000000 pc=00000000802f769c]
[c=1982000000 pc=00000000802f7698]
[c=1983000000 pc=00000000802f775e]
[c=1984000000 pc=00000000802f775e]
[c=1985000000 pc=00000000802f7810]
[c=1986000000 pc=00000000802f775a]
[c=1987000000 pc=00000000802f766a]
[c=1988000000 pc=00000000802f7718]
[c=1989000000 pc=00000000802f76bc]
[c=1990000000 pc=00000000802f76c6]
[c=1991000000 pc=00000000802f7752]
[c=1992000000 pc=00000000802f76ae]
[c=1993000000 pc=00000000802f76a6]
[c=1994000000 pc=00000000802f76b4]
[c=1995000000 pc=00000000802f76b4]
[c=1996000000 pc=00000000802f76b4]
[c=1997000000 pc=00000000802f7752]
[c=1998000000 pc=00000000802f76d4]
[c=1999000000 pc=00000000802f7698]
[c=2000000000 pc=00000000802f7752]
[c=2001000000 pc=00000000802f775a]
[c=2002000000 pc=00000000802f77d8]
[c=2003000000 pc=00000000802f76a2]
[c=2004000000 pc=00000000802f769e]
[c=2005000000 pc=00000000802f76b4]
[c=2006000000 pc=00000000802f769e]
[c=2007000000 pc=00000000802f769e]
[c=2008000000 pc=00000000802f7758]
[c=2009000000 pc=00000000802f76b4]
[c=2010000000 pc=00000000802f772c]
[c=2011000000 pc=00000000802f76b4]
[c=2012000000 pc=00000000802f7698]
[c=2013000000 pc=00000000802f7752]
[c=2014000000 pc=00000000802f772c]
[c=2015000000 pc=00000000802f76b0]
[c=2016000000 pc=00000000802f76b8]
[c=2017000000 pc=0000000080ad89fe]
[c=2018000000 pc=00000000802f7756]
[c=2019000000 pc=00000000802f7826]
[c=2020000000 pc=00000000802f775e]
[c=2021000000 pc=00000000802f76bc]
[c=2022000000 pc=00000000802f76ac]
[c=2023000000 pc=00000000802f76b8]
[c=2024000000 pc=00000000802f7752]
[c=2025000000 pc=00000000802f7752]
[c=2026000000 pc=00000000802f76ac]
[c=2027000000 pc=00000000802f772e]
[c=2028000000 pc=00000000802f76a6]
[c=2029000000 pc=00000000802f76b4]
[c=2030000000 pc=00000000802f76b4]
[c=2031000000 pc=00000000802f7718]
[c=2032000000 pc=00000000802f777a]
[c=2033000000 pc=00000000802f76b0]
[c=2034000000 pc=00000000802f77f4]
[c=2035000000 pc=00000000802f76aa]
[c=2036000000 pc=00000000802f769c]
[c=2037000000 pc=00000000802f775a]
[c=2038000000 pc=00000000802f76b8]
[c=2039000000 pc=00000000802f7752]
[c=2040000000 pc=00000000802f7752]
[c=2041000000 pc=00000000802f7720]
[c=2042000000 pc=00000000802f775a]
[c=2043000000 pc=00000000802f7756]
[c=2044000000 pc=00000000802f77f4]
[c=2045000000 pc=00000000802f76aa]
[c=2046000000 pc=00000000802f76c0]
[c=2047000000 pc=00000000802f7736]
[c=2048000000 pc=00000000802f76a6]
[c=2049000000 pc=00000000802f769c]
[c=2050000000 pc=00000000802f76ae]
[c=2051000000 pc=0000000080ad89b6]
[c=2052000000 pc=00000000802f76aa]
[c=2053000000 pc=00000000802f775e]
[c=2054000000 pc=0000000080ae2da0]
[c=2055000000 pc=00000000802f77f4]
[c=2056000000 pc=00000000802f76b8]
[c=2057000000 pc=00000000802f775e]
[c=2058000000 pc=00000000802f76a2]
[c=2059000000 pc=00000000802f77f4]
[c=2060000000 pc=00000000802f77e0]
[c=2061000000 pc=00000000802f775a]
[c=2062000000 pc=00000000802f77e0]
[c=2063000000 pc=00000000802f76bc]
[c=2064000000 pc=00000000802f7770]
[c=2065000000 pc=0000000080ade1c6]
[c=2066000000 pc=00000000802f76b4]
[c=2067000000 pc=00000000802f769c]
[c=2068000000 pc=00000000802f77e8]
[c=2069000000 pc=00000000802f773a]
[c=2070000000 pc=00000000802f76b0]
[c=2071000000 pc=00000000802f76c2]
[c=2072000000 pc=00000000802f76d2]
[c=2073000000 pc=00000000802f775e]
[c=2074000000 pc=00000000802f77f4]
[c=2075000000 pc=00000000802f7732]
[c=2076000000 pc=00000000802f76b8]
[c=2077000000 pc=00000000802f76c6]
[c=2078000000 pc=00000000802f7724]
[c=2079000000 pc=00000000802f76aa]
[c=2080000000 pc=00000000802f76c0]
[c=2081000000 pc=00000000802f7724]
[c=2082000000 pc=0000000080ae2d3c]
[c=2083000000 pc=00000000802f772a]
[c=2084000000 pc=00000000802f7752]
[c=2085000000 pc=00000000802f7698]
[c=2086000000 pc=00000000802f769c]
[c=2087000000 pc=00000000802f7756]
[c=2088000000 pc=00000000802f768c]
[c=2089000000 pc=00000000802f76b8]
[c=2090000000 pc=00000000802f775a]
[c=2091000000 pc=00000000802f76b4]
[c=2092000000 pc=00000000802f775a]
[c=2093000000 pc=00000000802f76ae]
[c=2094000000 pc=00000000802f76c2]
[c=2095000000 pc=00000000802f7698]
[c=2096000000 pc=00000000802f76b0]
[c=2097000000 pc=00000000802f769c]
[c=2098000000 pc=00000000802f76b8]
[c=2099000000 pc=00000000802f76a6]
[c=2100000000 pc=00000000802f76a2]
[c=2101000000 pc=00000000802f775a]
[c=2102000000 pc=00000000802f771a]
[c=2103000000 pc=00000000802f76ac]
[c=2104000000 pc=00000000802f7766]
[c=2105000000 pc=00000000802f76b8]
[c=2106000000 pc=0000000080ae2d36]
[c=2107000000 pc=00000000802f76b8]
[c=2108000000 pc=00000000802f7752]
[c=2109000000 pc=00000000802f76ac]
[c=2110000000 pc=00000000802f7758]
[c=2111000000 pc=00000000802f76bc]
[c=2112000000 pc=00000000802f76aa]
[c=2113000000 pc=00000000802f775e]
[c=2114000000 pc=00000000802f769e]
[c=2115000000 pc=00000000802f7718]
[c=2116000000 pc=00000000802f76b0]
[c=2117000000 pc=00000000802f76a6]
[c=2118000000 pc=00000000802f76b4]
[c=2119000000 pc=00000000802f7758]
[c=2120000000 pc=00000000802f7758]
[c=2121000000 pc=00000000802f76b4]
[c=2122000000 pc=00000000802f76ca]
[c=2123000000 pc=00000000802f76c2]
[c=2124000000 pc=00000000802f7724]
[c=2125000000 pc=00000000802f771e]
[c=2126000000 pc=00000000802f7756]
[c=2127000000 pc=00000000802f76a6]
[c=2128000000 pc=00000000802f76b0]
[c=2129000000 pc=00000000802f7720]
[c=2130000000 pc=00000000802f76ac]
[c=2131000000 pc=00000000802f76ac]
[c=2132000000 pc=00000000802f7694]
[c=2133000000 pc=00000000802f7756]
[c=2134000000 pc=00000000802f76aa]
[c=2135000000 pc=00000000802f76ae]
[c=2136000000 pc=00000000802f769c]
[c=2137000000 pc=00000000802f7728]
[c=2138000000 pc=00000000802f775e]
[c=2139000000 pc=00000000802f76bc]
[c=2140000000 pc=00000000802f76b8]
[c=2141000000 pc=00000000802f76bc]
[c=2142000000 pc=00000000802f76d4]
[c=2143000000 pc=00000000802f76d2]
[c=2144000000 pc=00000000802f7756]
[c=2145000000 pc=00000000802f76b8]
[c=2146000000 pc=00000000802f76bc]
[c=2147000000 pc=00000000802f7752]
[c=2148000000 pc=00000000802f775a]
[c=2149000000 pc=00000000802f775e]
[c=2150000000 pc=00000000802f76ca]
[c=2151000000 pc=00000000802f7758]
[c=2152000000 pc=00000000802f772e]
[c=2153000000 pc=00000000802f769c]
[c=2154000000 pc=00000000802f776a]
[c=2155000000 pc=00000000802f76d4]
[c=2156000000 pc=00000000802f769e]
[c=2157000000 pc=00000000802f76b8]
[c=2158000000 pc=00000000802f76c6]
[c=2159000000 pc=00000000802f76a6]
[c=2160000000 pc=00000000802f76c2]
[c=2161000000 pc=00000000802f7724]
[c=2162000000 pc=00000000802f7752]
[c=2163000000 pc=00000000802f76c0]
[c=2164000000 pc=00000000802f76a2]
[c=2165000000 pc=00000000802f76ae]
[c=2166000000 pc=00000000802f76aa]
[c=2167000000 pc=00000000802f7756]
[c=2168000000 pc=00000000802f76aa]
[c=2169000000 pc=00000000802f76b4]
[c=2170000000 pc=00000000802f7718]
[c=2171000000 pc=00000000802f76b8]
[c=2172000000 pc=00000000802f7752]
[c=2173000000 pc=00000000802f76c2]
[c=2174000000 pc=00000000802f7756]
[c=2175000000 pc=00000000802f76b0]
[c=2176000000 pc=00000000802f76ac]
[c=2177000000 pc=00000000802f76c6]
[c=2178000000 pc=00000000802f7758]
[c=2179000000 pc=00000000802f7756]
[c=2180000000 pc=00000000802f76b4]
[c=2181000000 pc=00000000802f769e]
[c=2182000000 pc=00000000802f769e]
[c=2183000000 pc=00000000802f7698]
[c=2184000000 pc=00000000802f771e]
[c=2185000000 pc=00000000802f76a2]
[c=2186000000 pc=00000000802f769e]
[c=2187000000 pc=00000000802f76ac]
[c=2188000000 pc=00000000802f7736]
[c=2189000000 pc=00000000802f76b8]
[c=2190000000 pc=00000000802f76ae]
[c=2191000000 pc=00000000802f76ac]
[c=2192000000 pc=00000000802f7758]
[c=2193000000 pc=00000000802f7690]
[c=2194000000 pc=00000000802f76c2]
[c=2195000000 pc=00000000802f76b8]
[c=2196000000 pc=00000000802f771e]
[c=2197000000 pc=00000000802f7758]
[c=2198000000 pc=00000000802f769c]
[c=2199000000 pc=00000000802f76c0]
[c=2200000000 pc=00000000802f76a2]
[c=2201000000 pc=00000000802f76b4]
[c=2202000000 pc=00000000802f76ae]
[c=2203000000 pc=00000000802f7752]
[c=2204000000 pc=00000000802f76b4]
[c=2205000000 pc=00000000802f76bc]
[c=2206000000 pc=00000000802f76bc]
[c=2207000000 pc=00000000802f7718]
[c=2208000000 pc=0000000080ae2d98]
[c=2209000000 pc=00000000802f7690]
[c=2210000000 pc=00000000802f77f8]
[c=2211000000 pc=00000000802f76ae]
[c=2212000000 pc=00000000802f77e8]
[c=2213000000 pc=00000000802f7770]
[c=2214000000 pc=0000000080ae2d32]
[c=2215000000 pc=00000000802f77ec]
[c=2216000000 pc=00000000802f7804]
[c=2217000000 pc=00000000802f77f4]
[c=2218000000 pc=00000000802f76c2]
[c=2219000000 pc=00000000802f76bc]
[c=2220000000 pc=00000000802f77f0]
[c=2221000000 pc=00000000802f771a]
[c=2222000000 pc=0000000080ae2d98]
[c=2223000000 pc=00000000802f76ae]
[c=2224000000 pc=00000000802f77fa]
[c=2225000000 pc=00000000802f771e]
[c=2226000000 pc=00000000802f77ec]
[c=2227000000 pc=00000000802f77f4]
[c=2228000000 pc=00000000802f77f0]
[c=2229000000 pc=00000000802f76a2]
[c=2230000000 pc=0000000080ae2d90]
[c=2231000000 pc=00000000802f76b8]
[c=2232000000 pc=00000000802f76c6]
[c=2233000000 pc=00000000802f76ac]
[c=2234000000 pc=0000000080ade154]
[c=2235000000 pc=00000000802f76ae]
[c=2236000000 pc=00000000802f77fa]
[c=2237000000 pc=00000000802f777a]
[c=2238000000 pc=00000000802f769c]
[c=2239000000 pc=00000000802f77ec]
[c=2240000000 pc=00000000802f775e]
[c=2241000000 pc=00000000802f77e0]
[c=2242000000 pc=00000000802f76a6]
[c=2243000000 pc=00000000802f76c0]
[c=2244000000 pc=00000000802f76a2]
[c=2245000000 pc=00000000802f769e]
[c=2246000000 pc=00000000802f769c]
[c=2247000000 pc=00000000802f76a2]
[c=2248000000 pc=00000000802f772a]
[c=2249000000 pc=00000000802f769e]
[c=2250000000 pc=00000000802f771a]
[c=2251000000 pc=00000000802f7724]
[c=2252000000 pc=00000000802f7800]
[c=2253000000 pc=00000000802f76b4]
[c=2254000000 pc=00000000802f76b8]
[c=2255000000 pc=00000000802f76c6]
[c=2256000000 pc=00000000802f769e]
[c=2257000000 pc=00000000802f772c]
[c=2258000000 pc=00000000802f7698]
[c=2259000000 pc=00000000802f7758]
[c=2260000000 pc=00000000802f76ae]
[c=2261000000 pc=00000000802f76d4]
[c=2262000000 pc=00000000802f76b0]
[c=2263000000 pc=00000000802f76ae]
[c=2264000000 pc=00000000802f775e]
[c=2265000000 pc=00000000802f7718]
[c=2266000000 pc=00000000802f7724]
[c=2267000000 pc=00000000802f76aa]
[c=2268000000 pc=00000000802f7690]
[c=2269000000 pc=00000000802f775e]
[c=2270000000 pc=00000000802f769c]
[c=2271000000 pc=00000000802f7756]
[c=2272000000 pc=00000000802f76c6]
[c=2273000000 pc=00000000802f769e]
[c=2274000000 pc=00000000802f7752]
[c=2275000000 pc=00000000802f76aa]
[c=2276000000 pc=00000000802f769e]
[c=2277000000 pc=00000000802f76c6]
[c=2278000000 pc=00000000802f772a]
[c=2279000000 pc=00000000802f76a6]
[c=2280000000 pc=00000000802f7720]
[c=2281000000 pc=00000000802f76ae]
[c=2282000000 pc=0000000080ae2bee]
[c=2283000000 pc=00000000802f76a2]
[c=2284000000 pc=00000000802f76bc]
[c=2285000000 pc=00000000802f7728]
[c=2286000000 pc=00000000802f76c2]
[c=2287000000 pc=00000000802f76bc]
[c=2288000000 pc=00000000802f76bc]
[c=2289000000 pc=00000000802f76b8]
[c=2290000000 pc=00000000802f769e]
[c=2291000000 pc=00000000802f77e0]
[c=2292000000 pc=00000000802f76c6]
[c=2293000000 pc=00000000802f777a]
[c=2294000000 pc=00000000802f772e]
[c=2295000000 pc=00000000802f7766]
[c=2296000000 pc=00000000802f7752]
[c=2297000000 pc=00000000802f769c]
[c=2298000000 pc=00000000802f7690]
[c=2299000000 pc=00000000802f76c0]
[c=2300000000 pc=00000000802f7752]
[c=2301000000 pc=00000000802f7758]
[c=2302000000 pc=00000000802f7758]
[c=2303000000 pc=00000000802f76ac]
[c=2304000000 pc=00000000802f76b8]
[c=2305000000 pc=00000000802f771a]
[c=2306000000 pc=00000000802f769e]
[c=2307000000 pc=00000000802f769c]
[c=2308000000 pc=00000000802f773a]
[c=2309000000 pc=00000000802f76b8]
[c=2310000000 pc=00000000802f76c0]
[c=2311000000 pc=00000000802f76d4]
[c=2312000000 pc=00000000802f76b4]
[c=2313000000 pc=00000000802f77f4]
[c=2314000000 pc=00000000802f775e]
[c=2315000000 pc=00000000802f76c6]
[c=2316000000 pc=00000000802f7690]
[c=2317000000 pc=00000000802f77e8]
[c=2318000000 pc=00000000802f77f4]
[c=2319000000 pc=00000000802f77f8]
[c=2320000000 pc=00000000802f76b4]
[c=2321000000 pc=00000000802f76b8]
[c=2322000000 pc=00000000802f7756]
[c=2323000000 pc=00000000802f7756]
[c=2324000000 pc=00000000802f76ce]
[c=2325000000 pc=00000000802f76aa]
[c=2326000000 pc=0000000080ae2d3c]
[c=2327000000 pc=00000000802f7770]
[c=2328000000 pc=00000000802f775e]
[c=2329000000 pc=00000000802f7770]
[c=2330000000 pc=0000000080ae2da4]
[c=2331000000 pc=00000000802f76bc]
[c=2332000000 pc=00000000802f77f8]
[c=2333000000 pc=00000000802f77e6]
[c=2334000000 pc=00000000802f7756]
[c=2335000000 pc=00000000802f77e2]
[c=2336000000 pc=00000000802f76a6]
[c=2337000000 pc=00000000802f76b8]
[c=2338000000 pc=00000000802f77ec]
[c=2339000000 pc=00000000802f7756]
[c=2340000000 pc=00000000802f77ec]
[c=2341000000 pc=0000000080ae29c0]
[c=2342000000 pc=00000000802f76c6]
[c=2343000000 pc=00000000802f7728]
[c=2344000000 pc=00000000802f7752]
[c=2345000000 pc=00000000802f76aa]
[c=2346000000 pc=00000000802f768c]
[c=2347000000 pc=00000000802f76b8]
[c=2348000000 pc=00000000802f77f0]
[c=2349000000 pc=00000000802f77f8]
[c=2350000000 pc=00000000802f7736]
[c=2351000000 pc=00000000802f77e0]
[c=2352000000 pc=00000000802f775e]
[c=2353000000 pc=00000000802f76bc]
[c=2354000000 pc=00000000802f77e8]
[c=2355000000 pc=00000000802f77f8]
[c=2356000000 pc=00000000802f77e2]
[c=2357000000 pc=00000000802f77fa]
[c=2358000000 pc=00000000802f7728]
[c=2359000000 pc=00000000802f76a6]
[c=2360000000 pc=00000000802f77fa]
[c=2361000000 pc=00000000802f777a]
[c=2362000000 pc=00000000802f76b8]
[c=2363000000 pc=00000000802f76ac]
[c=2364000000 pc=00000000802f77d8]
[c=2365000000 pc=00000000802f77e6]
[c=2366000000 pc=00000000802f7758]
[c=2367000000 pc=00000000802f771a]
[c=2368000000 pc=00000000802f76c2]
[c=2369000000 pc=00000000802f77fa]
[c=2370000000 pc=00000000802f77f0]
[c=2371000000 pc=00000000802f76aa]
[c=2372000000 pc=00000000802f76ac]
[c=2373000000 pc=00000000802f77fa]
[c=2374000000 pc=00000000802f7732]
[c=2375000000 pc=0000000080ae2da4]
[c=2376000000 pc=00000000802f77f8]
[c=2377000000 pc=00000000802f76b8]
[c=2378000000 pc=00000000802f77e6]
[c=2379000000 pc=0000000080ae29bc]
[c=2380000000 pc=00000000802f77fc]
[c=2381000000 pc=00000000802f76b4]
[c=2382000000 pc=00000000802f7736]
[c=2383000000 pc=00000000802f7698]
[c=2384000000 pc=00000000802f77f4]
[c=2385000000 pc=00000000802f76ae]
[c=2386000000 pc=00000000802f772c]
[c=2387000000 pc=00000000802f7720]
[c=2388000000 pc=00000000802f76b4]
[c=2389000000 pc=00000000802f775a]
[c=2390000000 pc=00000000802f7698]
[c=2391000000 pc=00000000802f772a]
[c=2392000000 pc=00000000802f76bc]
[c=2393000000 pc=00000000802f76b4]
[c=2394000000 pc=00000000802f7698]
[c=2395000000 pc=00000000802f7724]
[c=2396000000 pc=00000000802f771e]
[c=2397000000 pc=00000000802f7756]
[c=2398000000 pc=00000000802f7720]
[c=2399000000 pc=00000000802f775e]
[c=2400000000 pc=00000000802f7698]
[c=2401000000 pc=00000000802f771a]
[c=2402000000 pc=00000000802f7718]
[c=2403000000 pc=00000000802f7756]
[c=2404000000 pc=00000000802f772c]
[c=2405000000 pc=00000000802f7756]
[c=2406000000 pc=00000000802f76c2]
[c=2407000000 pc=00000000802f7758]
[c=2408000000 pc=00000000802f771a]
[c=2409000000 pc=00000000802f76aa]
[c=2410000000 pc=00000000802f77f4]
[c=2411000000 pc=00000000802f76b4]
[c=2412000000 pc=00000000802f76b8]
[c=2413000000 pc=0000000080ae2d98]
[c=2414000000 pc=00000000802f77f8]
[c=2415000000 pc=00000000802f7826]
[c=2416000000 pc=00000000802f7776]
[c=2417000000 pc=00000000802f7758]
[c=2418000000 pc=00000000802f7736]
[c=2419000000 pc=00000000802f77e8]
[c=2420000000 pc=00000000802f77f0]
[c=2421000000 pc=00000000802f7690]
[c=2422000000 pc=00000000802f77e8]
[c=2423000000 pc=00000000802f77f8]
[c=2424000000 pc=00000000802f77e2]
[c=2425000000 pc=00000000802f777a]
[c=2426000000 pc=00000000802f77f4]
[c=2427000000 pc=00000000802f76f2]
[c=2428000000 pc=00000000802f77e2]
[c=2429000000 pc=0000000080ae2d9c]
[c=2430000000 pc=00000000802f76ae]
[c=2431000000 pc=00000000802f77e8]
[c=2432000000 pc=00000000802f769c]
[c=2433000000 pc=00000000802f775a]
[c=2434000000 pc=00000000802f77fa]
[c=2435000000 pc=00000000802f76bc]
[c=2436000000 pc=00000000802f77ec]
[c=2437000000 pc=00000000802f77f8]
[c=2438000000 pc=0000000080ae2dac]
[c=2439000000 pc=00000000802f77e2]
[c=2440000000 pc=0000000080ae2bec]
[c=2441000000 pc=00000000802f7756]
[c=2442000000 pc=00000000802f77e6]
[c=2443000000 pc=00000000802f77f8]
[c=2444000000 pc=0000000080ae2d44]
[c=2445000000 pc=00000000802f7690]
[c=2446000000 pc=0000000080ae2be8]
[c=2447000000 pc=00000000802f77f4]
[c=2448000000 pc=00000000802f76ac]
[c=2449000000 pc=00000000802f7762]
[c=2450000000 pc=00000000802f76aa]
[c=2451000000 pc=00000000802f7698]
[c=2452000000 pc=0000000080ae2d9c]
[c=2453000000 pc=0000000080ae2d98]
[c=2454000000 pc=00000000802f77fa]
[c=2455000000 pc=00000000802f77e0]
[c=2456000000 pc=00000000802f77f8]
[c=2457000000 pc=00000000802f769c]
[c=2458000000 pc=0000000080ae29d6]
[c=2459000000 pc=0000000080ae2d9c]
[c=2460000000 pc=00000000802f76bc]
[c=2461000000 pc=00000000802f76a2]
[c=2462000000 pc=00000000802f775a]
[c=2463000000 pc=00000000802f775e]
[c=2464000000 pc=00000000802f76c0]
[c=2465000000 pc=00000000802f7698]
[c=2466000000 pc=00000000802f76a6]
[c=2467000000 pc=00000000802f771a]
[c=2468000000 pc=00000000802f76c2]
[c=2469000000 pc=00000000802f76bc]
[c=2470000000 pc=00000000802f772c]
[c=2471000000 pc=00000000802f771e]
[c=2472000000 pc=00000000802f76b4]
[c=2473000000 pc=00000000802f769e]
[c=2474000000 pc=00000000802f76a6]
[c=2475000000 pc=00000000802f76c0]
[c=2476000000 pc=00000000802f775e]
[c=2477000000 pc=00000000802f76ae]
[c=2478000000 pc=00000000802f771e]
[c=2479000000 pc=00000000802f76a2]
[c=2480000000 pc=00000000802f76a6]
[c=2481000000 pc=00000000802f775e]
[c=2482000000 pc=00000000802f76b4]
[c=2483000000 pc=00000000802f76b4]
[c=2484000000 pc=00000000802f7766]
[c=2485000000 pc=00000000802f7758]
[c=2486000000 pc=00000000802f7698]
[c=2487000000 pc=00000000802f76aa]
[c=2488000000 pc=00000000802f76b4]
[c=2489000000 pc=00000000802f7756]
[c=2490000000 pc=00000000802f76b4]
[c=2491000000 pc=00000000802f7698]
[c=2492000000 pc=00000000802f76aa]
[c=2493000000 pc=00000000802f76b8]
[c=2494000000 pc=00000000802f7698]
[c=2495000000 pc=00000000802f76b4]
[c=2496000000 pc=00000000802f76bc]
[c=2497000000 pc=00000000802f76b0]
[c=2498000000 pc=00000000802f775a]
[c=2499000000 pc=00000000802f769c]
[c=2500000000 pc=00000000802f76b4]
[c=2501000000 pc=00000000802f775e]
[c=2502000000 pc=00000000802f76b8]
[c=2503000000 pc=00000000802f7718]
[c=2504000000 pc=00000000802f76ca]
[c=2505000000 pc=00000000802f76a2]
[c=2506000000 pc=00000000802f7698]
[c=2507000000 pc=00000000802f7756]
[c=2508000000 pc=00000000802f76bc]
[c=2509000000 pc=00000000802f77f4]
[c=2510000000 pc=00000000802f76b8]
[c=2511000000 pc=00000000802f39fa]
[c=2512000000 pc=0000000080ad89fc]
[c=2513000000 pc=00000000802f7758]
[c=2514000000 pc=00000000802f76bc]
[c=2515000000 pc=00000000802f76d4]
[c=2516000000 pc=00000000802f76c0]
[c=2517000000 pc=00000000802f76b4]
[c=2518000000 pc=00000000802f76aa]
[c=2519000000 pc=00000000802f7724]
[c=2520000000 pc=00000000802f76c2]
[c=2521000000 pc=00000000802f76b8]
[c=2522000000 pc=00000000802f7752]
[c=2523000000 pc=00000000802f76b8]
[c=2524000000 pc=00000000802f7752]
[c=2525000000 pc=00000000802f769c]
[c=2526000000 pc=00000000802f76bc]
[c=2527000000 pc=00000000802f775a]
[c=2528000000 pc=00000000802f76b8]
[c=2529000000 pc=00000000802f771a]
[c=2530000000 pc=00000000802f775e]
[c=2531000000 pc=00000000802f7752]
[c=2532000000 pc=00000000802f7690]
[c=2533000000 pc=00000000802f775a]
[c=2534000000 pc=00000000802f76c0]
[c=2535000000 pc=00000000802f76c6]
[c=2536000000 pc=00000000802f7752]
[c=2537000000 pc=00000000802f77f4]
[c=2538000000 pc=00000000802f77e2]
[c=2539000000 pc=00000000802f76a6]
[c=2540000000 pc=00000000802f77f8]
[c=2541000000 pc=00000000802f77f8]
[c=2542000000 pc=00000000802f7758]
[c=2543000000 pc=0000000080ae2dac]
[c=2544000000 pc=00000000802f77f4]
[c=2545000000 pc=00000000802f77e0]
[c=2546000000 pc=00000000802f775a]
[c=2547000000 pc=0000000080ae2d9e]
[c=2548000000 pc=00000000802f77e6]
[c=2549000000 pc=00000000802f77e0]
[c=2550000000 pc=00000000802f76b8]
[c=2551000000 pc=00000000802f7752]
[c=2552000000 pc=00000000802f77f4]
[c=2553000000 pc=00000000802f76c2]
[c=2554000000 pc=0000000080ae2d94]
[c=2555000000 pc=00000000802f77f4]
[c=2556000000 pc=00000000802f77e2]
[c=2557000000 pc=00000000802f769c]
[c=2558000000 pc=00000000802f76bc]
[c=2559000000 pc=00000000802f77fa]
[c=2560000000 pc=0000000080ae2d98]
[c=2561000000 pc=0000000080ae29b6]
[c=2562000000 pc=00000000802f77fa]
[c=2563000000 pc=00000000802f76ae]
[c=2564000000 pc=00000000802f76a6]
[c=2565000000 pc=0000000080ae2d9c]
[c=2566000000 pc=00000000802f77e8]
[c=2567000000 pc=00000000802f76b8]
[c=2568000000 pc=00000000802f76aa]
[c=2569000000 pc=0000000080ae29e2]
[c=2570000000 pc=00000000802f7762]
[c=2571000000 pc=00000000802f76b0]
[c=2572000000 pc=00000000802f775a]
[c=2573000000 pc=00000000802f76b8]
[c=2574000000 pc=00000000802f7724]
[c=2575000000 pc=00000000802f76ae]
[c=2576000000 pc=00000000802f76b0]
[c=2577000000 pc=00000000802f76c6]
[c=2578000000 pc=00000000802f773a]
[c=2579000000 pc=00000000802f775a]
[c=2580000000 pc=00000000802f7752]
[c=2581000000 pc=00000000802f775a]
[c=2582000000 pc=00000000802f76ae]
[c=2583000000 pc=00000000802f77e0]
[c=2584000000 pc=00000000802f7752]
[c=2585000000 pc=00000000802f769e]
[c=2586000000 pc=00000000802f76c6]
[c=2587000000 pc=00000000802f769c]
[c=2588000000 pc=00000000802f76d2]
[c=2589000000 pc=0000000080ad89fc]
[c=2590000000 pc=00000000802f769c]
[c=2591000000 pc=00000000802f7752]
[c=2592000000 pc=00000000802f76b0]
[c=2593000000 pc=00000000802f76c6]
[c=2594000000 pc=00000000802f7690]
[c=2595000000 pc=00000000802f3942]
[c=2596000000 pc=00000000802f775a]
[c=2597000000 pc=00000000802f7718]
[c=2598000000 pc=00000000802f76a6]
[c=2599000000 pc=00000000802f76c6]
[c=2600000000 pc=00000000802f76ae]
[c=2601000000 pc=00000000802f775e]
[c=2602000000 pc=00000000802f775e]
[c=2603000000 pc=00000000802f777e]
[c=2604000000 pc=00000000802f7694]
[c=2605000000 pc=00000000802f77dc]
[c=2606000000 pc=00000000802f76b4]
[c=2607000000 pc=00000000802f7758]
[c=2608000000 pc=00000000802f77e0]
[c=2609000000 pc=00000000802f76b0]
[c=2610000000 pc=00000000802f77e2]
[c=2611000000 pc=00000000802f76c6]
[c=2612000000 pc=00000000802f77e6]
[c=2613000000 pc=00000000802f76c0]
[c=2614000000 pc=00000000802f77f8]
[c=2615000000 pc=00000000802f77f4]
[c=2616000000 pc=00000000802f76aa]
[c=2617000000 pc=00000000802f77ec]
[c=2618000000 pc=00000000802f77e0]
[c=2619000000 pc=00000000802f775a]
[c=2620000000 pc=00000000802f76b4]
[c=2621000000 pc=00000000802f768c]
[c=2622000000 pc=00000000802f77e6]
[c=2623000000 pc=00000000802f77e8]
[c=2624000000 pc=00000000802f7756]
[c=2625000000 pc=00000000802f76ac]
[c=2626000000 pc=00000000802f76b0]
[c=2627000000 pc=0000000080ae2d9c]
[c=2628000000 pc=0000000080ae2d98]
[c=2629000000 pc=00000000802f76bc]
[c=2630000000 pc=00000000802f77e2]
[c=2631000000 pc=00000000802f76ae]
[c=2632000000 pc=00000000802f7752]
[c=2633000000 pc=00000000802f76b0]
[c=2634000000 pc=00000000802f76ac]
[c=2635000000 pc=00000000802f76a6]
[c=2636000000 pc=00000000802f76c6]
[c=2637000000 pc=00000000802f77e6]
[c=2638000000 pc=00000000802f7752]
[c=2639000000 pc=00000000802f769e]
[c=2640000000 pc=00000000802f7720]
[c=2641000000 pc=00000000802f7756]
[c=2642000000 pc=00000000802f773a]
[c=2643000000 pc=00000000802f76ac]
[c=2644000000 pc=00000000802f77f8]
[c=2645000000 pc=00000000802f76b8]
[c=2646000000 pc=00000000802f76b0]
[c=2647000000 pc=00000000802f775e]
[c=2648000000 pc=00000000802f76b4]
[c=2649000000 pc=00000000802f76b8]
[c=2650000000 pc=00000000802f76ac]
[c=2651000000 pc=00000000802f76b8]
[c=2652000000 pc=00000000802f7756]
[c=2653000000 pc=00000000802f76c0]
[c=2654000000 pc=00000000802f76b4]
[c=2655000000 pc=00000000802f769c]
[c=2656000000 pc=00000000802f7804]
[c=2657000000 pc=00000000802f76a6]
[c=2658000000 pc=00000000802f76c6]
[c=2659000000 pc=00000000802f76b4]
[c=2660000000 pc=00000000802f771e]
[c=2661000000 pc=00000000802f76c6]
[c=2662000000 pc=00000000802f39e8]
[c=2663000000 pc=00000000802f7690]
[c=2664000000 pc=00000000802f7698]
[c=2665000000 pc=00000000802f771a]
[c=2666000000 pc=00000000802f775e]
[c=2667000000 pc=00000000802f7752]
[c=2668000000 pc=0000000080ae2cb8]
[c=2669000000 pc=00000000802f76b8]
[c=2670000000 pc=00000000802f775a]
[c=2671000000 pc=00000000802f76b4]
[c=2672000000 pc=00000000802f76b8]
[c=2673000000 pc=00000000802f77fa]
[c=2674000000 pc=00000000802f7808]
[c=2675000000 pc=00000000802f77fa]
[c=2676000000 pc=00000000802f77fa]
[c=2677000000 pc=00000000802f77e6]
[c=2678000000 pc=00000000802f76b4]
[c=2679000000 pc=00000000802f77e0]
[c=2680000000 pc=00000000802f7698]
[c=2681000000 pc=0000000080ae2cbc]
[c=2682000000 pc=00000000802f769c]
[c=2683000000 pc=00000000802f769c]
[c=2684000000 pc=00000000802f76c0]
[c=2685000000 pc=0000000080ae2da0]
[c=2686000000 pc=00000000802f77ec]
[c=2687000000 pc=00000000802f76bc]
[c=2688000000 pc=00000000802f76c0]
[c=2689000000 pc=00000000802f775a]
[c=2690000000 pc=0000000080ae2d9c]
[c=2691000000 pc=0000000080ae2d90]
[c=2692000000 pc=00000000802f76b0]
[c=2693000000 pc=00000000802f77ec]
[c=2694000000 pc=00000000802f7752]
[c=2695000000 pc=00000000802f7752]
[c=2696000000 pc=0000000080ae2d38]
[c=2697000000 pc=00000000802f76d4]
[c=2698000000 pc=00000000802f76b4]
[c=2699000000 pc=00000000802f76b4]
[c=2700000000 pc=0000000080ae2cde]
[c=2701000000 pc=0000000080ae2d90]
[c=2702000000 pc=00000000802f76b0]
[c=2703000000 pc=00000000802f76b4]
[c=2704000000 pc=00000000802f777e]
[c=2705000000 pc=00000000802f77ec]
[c=2706000000 pc=00000000802f76ae]
[c=2707000000 pc=00000000802f769e]
[c=2708000000 pc=00000000802f7758]
[c=2709000000 pc=00000000802f76bc]
[c=2710000000 pc=00000000802f76b4]
[c=2711000000 pc=00000000802f769e]
[c=2712000000 pc=00000000802f76ae]
[c=2713000000 pc=00000000802f76ae]
[c=2714000000 pc=00000000802f77fa]
[c=2715000000 pc=00000000802f394c]
[c=2716000000 pc=00000000802f76b4]
[c=2717000000 pc=00000000802f769c]
[c=2718000000 pc=00000000802f7718]
[c=2719000000 pc=00000000802f76c0]
[c=2720000000 pc=00000000802f76b4]
[c=2721000000 pc=00000000802f76c2]
[c=2722000000 pc=00000000802f7756]
[c=2723000000 pc=00000000802f773a]
[c=2724000000 pc=0000000080ae2d38]
[c=2725000000 pc=00000000802f77e2]
[c=2726000000 pc=00000000802f76aa]
[c=2727000000 pc=00000000802f76b8]
[c=2728000000 pc=00000000802f76c2]
[c=2729000000 pc=00000000802f7758]
[c=2730000000 pc=00000000802f771a]
[c=2731000000 pc=00000000802f76ae]
[c=2732000000 pc=00000000802f76ae]
[c=2733000000 pc=00000000802f7752]
[c=2734000000 pc=00000000802f77f8]
[c=2735000000 pc=00000000802f77f8]
[c=2736000000 pc=00000000802f7690]
[c=2737000000 pc=00000000802f77e2]
[c=2738000000 pc=00000000802f77ec]
[c=2739000000 pc=00000000802f77ec]
[c=2740000000 pc=00000000802f775a]
[c=2741000000 pc=00000000802f77ec]
[c=2742000000 pc=00000000802f76b4]
[c=2743000000 pc=00000000802f771a]
[c=2744000000 pc=00000000802f77e8]
[c=2745000000 pc=00000000802f77fa]
[c=2746000000 pc=0000000080ad89ba]
[c=2747000000 pc=00000000802f76ae]
[c=2748000000 pc=00000000802f76b8]
[c=2749000000 pc=0000000080ae2d36]
[c=2750000000 pc=00000000802f772a]
[c=2751000000 pc=00000000802f77f4]
[c=2752000000 pc=00000000802f771e]
[c=2753000000 pc=00000000802f76ac]
[c=2754000000 pc=0000000080ad89f6]
[c=2755000000 pc=00000000802f77f4]
[c=2756000000 pc=00000000802f77e8]
[c=2757000000 pc=0000000080ae2d32]
[c=2758000000 pc=00000000802f77fa]
[c=2759000000 pc=00000000802f7752]
[c=2760000000 pc=00000000802f76ae]
[c=2761000000 pc=0000000080ae29bc]
[c=2762000000 pc=00000000802f7800]
[c=2763000000 pc=0000000080ae2d9e]
[c=2764000000 pc=00000000802f7762]
[c=2765000000 pc=00000000802f77e8]
[c=2766000000 pc=00000000802f76bc]
[c=2767000000 pc=00000000802f77f0]
[c=2768000000 pc=00000000802f7756]
[c=2769000000 pc=00000000802f773a]
[c=2770000000 pc=00000000802f76aa]
[c=2771000000 pc=00000000802f76bc]
[c=2772000000 pc=00000000802f7718]
[c=2773000000 pc=00000000802f769e]
[c=2774000000 pc=00000000802f76ac]
[c=2775000000 pc=00000000802f76b4]
[c=2776000000 pc=00000000802f769e]
[c=2777000000 pc=00000000802f76b4]
[c=2778000000 pc=00000000802f76ac]
[c=2779000000 pc=00000000802f76aa]
[c=2780000000 pc=00000000802f7728]
[c=2781000000 pc=00000000802f7756]
[c=2782000000 pc=00000000802f775e]
[c=2783000000 pc=00000000802f7772]
[c=2784000000 pc=00000000802f7752]
[c=2785000000 pc=00000000802f76aa]
[c=2786000000 pc=00000000802f77f0]
[c=2787000000 pc=00000000802f7724]
[c=2788000000 pc=00000000802f775e]
[c=2789000000 pc=00000000802f77fa]
[c=2790000000 pc=00000000802f76b0]
[c=2791000000 pc=00000000802f769e]
[c=2792000000 pc=00000000802f77f4]
[c=2793000000 pc=00000000802f7736]
[c=2794000000 pc=00000000802f76b4]
[c=2795000000 pc=00000000802f77e0]
[c=2796000000 pc=00000000802f76b4]
[c=2797000000 pc=00000000802f76a2]
[c=2798000000 pc=00000000802f76b8]
[c=2799000000 pc=00000000802f76b8]
[c=2800000000 pc=00000000802f7698]
[c=2801000000 pc=00000000802f76ac]
[c=2802000000 pc=00000000802f76b4]
[c=2803000000 pc=00000000802f7690]
[c=2804000000 pc=00000000802f76aa]
[c=2805000000 pc=00000000802f76a2]
[c=2806000000 pc=00000000802f7698]
[c=2807000000 pc=00000000802f77e8]
[c=2808000000 pc=00000000802f7718]
[c=2809000000 pc=00000000802f775a]
[c=2810000000 pc=00000000802f76a2]
[c=2811000000 pc=00000000802f7698]
[c=2812000000 pc=00000000802f76c2]
[c=2813000000 pc=00000000802f777e]
[c=2814000000 pc=00000000802f7752]
[c=2815000000 pc=00000000802f7756]
[c=2816000000 pc=00000000802f77f8]
[c=2817000000 pc=00000000802f76ac]
[c=2818000000 pc=00000000802f7698]
[c=2819000000 pc=00000000802f77f4]
[c=2820000000 pc=00000000802f76bc]
[c=2821000000 pc=00000000802f76a6]
[c=2822000000 pc=00000000802f77f4]
[c=2823000000 pc=00000000802f76b0]
[c=2824000000 pc=00000000802f771a]
[c=2825000000 pc=0000000080ae2be4]
[c=2826000000 pc=00000000802f775e]
[c=2827000000 pc=00000000802f76c6]
[c=2828000000 pc=0000000080ae2dac]
[c=2829000000 pc=00000000802f7756]
[c=2830000000 pc=00000000802f7720]
[c=2831000000 pc=00000000802f77ec]
[c=2832000000 pc=00000000802f76a6]
[c=2833000000 pc=00000000802f7728]
[c=2834000000 pc=0000000080ad89b6]
[c=2835000000 pc=00000000802f76a2]
[c=2836000000 pc=00000000802f76ac]
[c=2837000000 pc=0000000080ad8998]
[c=2838000000 pc=00000000802f76b8]
[c=2839000000 pc=00000000802f76bc]
[c=2840000000 pc=0000000080ae2cf8]
[c=2841000000 pc=00000000802f76b4]
[c=2842000000 pc=00000000802f771e]
[c=2843000000 pc=0000000080ae2bee]
[c=2844000000 pc=00000000802f76ac]
[c=2845000000 pc=00000000802f7720]
[c=2846000000 pc=00000000802f7752]
[c=2847000000 pc=00000000802f76bc]
[c=2848000000 pc=00000000802f76ae]
[c=2849000000 pc=0000000080ae2d08]
[c=2850000000 pc=00000000802f7698]
[c=2851000000 pc=00000000802f769c]
[c=2852000000 pc=00000000802f77f0]
[c=2853000000 pc=00000000802f7720]
[c=2854000000 pc=00000000802f771e]
[c=2855000000 pc=0000000080ae2c88]
[c=2856000000 pc=00000000802f76c2]
[c=2857000000 pc=00000000802f7758]
[c=2858000000 pc=00000000802f775e]
[c=2859000000 pc=00000000802f7728]
[c=2860000000 pc=00000000802f773a]
[c=2861000000 pc=00000000802f77f4]
[c=2862000000 pc=00000000802f7718]
[c=2863000000 pc=00000000802f76c6]
[c=2864000000 pc=00000000802f7826]
[c=2865000000 pc=00000000802f76bc]
[c=2866000000 pc=00000000802f76b0]
[c=2867000000 pc=00000000802f76c0]
[c=2868000000 pc=00000000802f771e]
[c=2869000000 pc=00000000802f76aa]
[c=2870000000 pc=00000000802f771e]
[c=2871000000 pc=00000000802f769e]
[c=2872000000 pc=00000000802f76aa]
[c=2873000000 pc=00000000802f7766]
[c=2874000000 pc=00000000802f769e]
[c=2875000000 pc=00000000802f76bc]
[c=2876000000 pc=00000000802f76ae]
[c=2877000000 pc=00000000802f7698]
[c=2878000000 pc=00000000802f76bc]
[c=2879000000 pc=0000000080ae2cb4]
[c=2880000000 pc=00000000802f7756]
[c=2881000000 pc=00000000802f76bc]
[c=2882000000 pc=00000000802f7826]
[c=2883000000 pc=00000000802f769c]
[c=2884000000 pc=00000000802f76bc]
[c=2885000000 pc=00000000802f76ae]
[c=2886000000 pc=00000000802f7762]
[c=2887000000 pc=00000000802f7756]
[c=2888000000 pc=00000000802f76b0]
[c=2889000000 pc=00000000802f76d2]
[c=2890000000 pc=00000000802f7728]
[c=2891000000 pc=00000000802f769e]
[c=2892000000 pc=00000000802f76ce]
[c=2893000000 pc=00000000802f772a]
[c=2894000000 pc=00000000802f7698]
[c=2895000000 pc=00000000802f76aa]
[c=2896000000 pc=00000000802f76a2]
[c=2897000000 pc=00000000802f776a]
[c=2898000000 pc=00000000802f775a]
[c=2899000000 pc=00000000802f76bc]
[c=2900000000 pc=00000000802f76ac]
[c=2901000000 pc=00000000802f7752]
[c=2902000000 pc=00000000802f77f8]
[c=2903000000 pc=00000000802f775a]
[c=2904000000 pc=0000000080ae2cf6]
[c=2905000000 pc=00000000802f775a]
[c=2906000000 pc=00000000802f77f8]
[c=2907000000 pc=00000000802f76c2]
[c=2908000000 pc=00000000802f76b4]
[c=2909000000 pc=00000000802f76d4]
[c=2910000000 pc=00000000802f77e8]
[c=2911000000 pc=0000000080ae2be4]
[c=2912000000 pc=00000000802f77fa]
[c=2913000000 pc=00000000802f76a2]
[c=2914000000 pc=0000000080ae2d78]
[c=2915000000 pc=00000000802f77fa]
[c=2916000000 pc=00000000802f77fa]
[c=2917000000 pc=00000000802f7786]
[c=2918000000 pc=00000000802f76b8]
[c=2919000000 pc=0000000080ad89f8]
[c=2920000000 pc=00000000802f77f0]
[c=2921000000 pc=00000000802f77f4]
[c=2922000000 pc=0000000080ae2d08]
[c=2923000000 pc=0000000080ae2cb4]
[c=2924000000 pc=00000000802f77f8]
[c=2925000000 pc=00000000802f76c2]
[c=2926000000 pc=00000000802f76a2]
[c=2927000000 pc=0000000080ae2bee]
[c=2928000000 pc=00000000802f77ec]
[c=2929000000 pc=00000000802f76ae]
[c=2930000000 pc=0000000080ae2cc4]
[c=2931000000 pc=00000000802f3858]
[c=2932000000 pc=00000000802f76b8]
[c=2933000000 pc=00000000802f76ac]
[c=2934000000 pc=00000000802f7758]
[c=2935000000 pc=00000000802f776c]
[c=2936000000 pc=00000000802f769e]
[c=2937000000 pc=00000000802f77f0]
[c=2938000000 pc=00000000802f3944]
[c=2939000000 pc=00000000802f77f4]
[c=2940000000 pc=00000000802f77e2]
[c=2941000000 pc=0000000080ae2dac]
[c=2942000000 pc=0000000080ad89bc]
[c=2943000000 pc=00000000802f77e2]
[c=2944000000 pc=0000000080ae2d36]
[c=2945000000 pc=0000000080ad8992]
[c=2946000000 pc=00000000802f76b4]
[c=2947000000 pc=00000000802f77e6]
[c=2948000000 pc=00000000802f7814]
[c=2949000000 pc=00000000802f777e]
[c=2950000000 pc=0000000080ae2bec]
[c=2951000000 pc=00000000802f7672]
[c=2952000000 pc=00000000802f77e0]
[c=2953000000 pc=00000000802f777e]
[c=2954000000 pc=00000000802f775a]
[c=2955000000 pc=0000000080ae2bec]
[c=2956000000 pc=00000000802f7724]
[c=2957000000 pc=0000000080ae2d90]
[c=2958000000 pc=00000000802f775e]
[c=2959000000 pc=00000000802f77d8]
[c=2960000000 pc=00000000802f7698]
[c=2961000000 pc=00000000802f769c]
[c=2962000000 pc=00000000802f7758]
[c=2963000000 pc=00000000802f76b4]
[c=2964000000 pc=00000000802f77f8]
[c=2965000000 pc=00000000802f77f8]
[c=2966000000 pc=00000000802f77e8]
[c=2967000000 pc=00000000802f77e0]
[c=2968000000 pc=0000000080ae2d9c]
[c=2969000000 pc=00000000802f7756]
[c=2970000000 pc=00000000802f76b0]
[c=2971000000 pc=00000000802f77e8]
[c=2972000000 pc=00000000802f77e6]
[c=2973000000 pc=0000000080ae2da4]
[c=2974000000 pc=00000000802f77e8]
[c=2975000000 pc=00000000802f77f4]
[c=2976000000 pc=00000000802f77fa]
[c=2977000000 pc=00000000802f77fa]
[c=2978000000 pc=00000000802f7698]
[c=2979000000 pc=00000000802f7756]
[c=2980000000 pc=00000000802f775a]
[c=2981000000 pc=00000000802f77f0]
[c=2982000000 pc=00000000802f77e6]
[c=2983000000 pc=0000000080ae2d90]
[c=2984000000 pc=00000000802f77e8]
[c=2985000000 pc=00000000802f7752]
[c=2986000000 pc=00000000802f77fa]
[c=2987000000 pc=0000000080ae2d9e]
[c=2988000000 pc=00000000802f77fa]
[c=2989000000 pc=00000000802f76a2]
[c=2990000000 pc=00000000802f77ec]
[c=2991000000 pc=00000000802f7756]
[c=2992000000 pc=00000000802f7758]
[c=2993000000 pc=00000000802f77f0]
[c=2994000000 pc=00000000802f76ac]
[c=2995000000 pc=00000000802f77f4]
[c=2996000000 pc=00000000802f769e]
[c=2997000000 pc=0000000080ae2bee]
[c=2998000000 pc=00000000802f7752]
[c=2999000000 pc=0000000080ae2cfa]
[c=3000000000 pc=00000000802f77f8]
[c=3001000000 pc=00000000802f7758]
[c=3002000000 pc=00000000802f77ec]
[c=3003000000 pc=0000000080ade5ac]
[c=3004000000 pc=00000000802f3956]
[c=3005000000 pc=0000000080ae2dac]
[c=3006000000 pc=00000000802f7698]
[c=3007000000 pc=00000000802f77f4]
[c=3008000000 pc=00000000802f76bc]
[c=3009000000 pc=0000000080ae2d9e]
[c=3010000000 pc=00000000802f7720]
[c=3011000000 pc=00000000802f76c0]
[c=3012000000 pc=00000000802f772a]
[c=3013000000 pc=00000000802f7756]
[c=3014000000 pc=00000000802f7728]
[c=3015000000 pc=00000000802f77e8]
[c=3016000000 pc=00000000802f77f8]
[c=3017000000 pc=00000000802f76a6]
[c=3018000000 pc=00000000802f76ac]
[c=3019000000 pc=0000000080ae29bc]
[c=3020000000 pc=00000000802f77f8]
[c=3021000000 pc=00000000802f76b8]
[c=3022000000 pc=00000000802f76b4]
[c=3023000000 pc=00000000802f76ae]
[c=3024000000 pc=00000000802f7698]
[c=3025000000 pc=00000000802f76ae]
[c=3026000000 pc=00000000802f776a]
[c=3027000000 pc=00000000802f775a]
[c=3028000000 pc=00000000802f76a6]
[c=3029000000 pc=00000000802f772a]
[c=3030000000 pc=00000000802f76ae]
[c=3031000000 pc=00000000802f7728]
[c=3032000000 pc=0000000080ae2cd4]
[c=3033000000 pc=00000000802f76ac]
[c=3034000000 pc=00000000802f76b8]
[c=3035000000 pc=00000000802f7698]
[c=3036000000 pc=00000000802f77e8]
[c=3037000000 pc=00000000802f76aa]
[c=3038000000 pc=00000000802f76c2]
[c=3039000000 pc=00000000802f775a]
[c=3040000000 pc=00000000802f7752]
[c=3041000000 pc=00000000802f7752]
[c=3042000000 pc=00000000802f7698]
[c=3043000000 pc=00000000802f7694]
[c=3044000000 pc=00000000802f7694]
[c=3045000000 pc=00000000802f76b0]
[c=3046000000 pc=00000000802f76a2]
[c=3047000000 pc=00000000802f76b8]
[c=3048000000 pc=00000000802f77e6]
[c=3049000000 pc=00000000802f76c2]
[c=3050000000 pc=00000000802f76bc]
[c=3051000000 pc=00000000802f7694]
[c=3052000000 pc=00000000802f7800]
[c=3053000000 pc=00000000802f7756]
[c=3054000000 pc=00000000802f7698]
[c=3055000000 pc=00000000802f775e]
[c=3056000000 pc=00000000802f76f4]
[c=3057000000 pc=00000000802f76b0]
[c=3058000000 pc=00000000802f7756]
[c=3059000000 pc=00000000802f775a]
[c=3060000000 pc=0000000080ae2d94]
[c=3061000000 pc=00000000802f7720]
[c=3062000000 pc=00000000802f76d2]
[c=3063000000 pc=00000000802f7724]
[c=3064000000 pc=0000000080ae2cd0]
[c=3065000000 pc=00000000802f76b8]
[c=3066000000 pc=00000000802f775e]
[c=3067000000 pc=00000000802f76b0]
[c=3068000000 pc=00000000802f77e8]
[c=3069000000 pc=00000000802f76c0]
[c=3070000000 pc=00000000802f76b8]
[c=3071000000 pc=00000000802f7756]
[c=3072000000 pc=00000000802f7756]
[c=3073000000 pc=00000000802f771e]
[c=3074000000 pc=00000000802f76b4]
[c=3075000000 pc=00000000802f76b8]
[c=3076000000 pc=00000000802f77e0]
[c=3077000000 pc=00000000802f772c]
[c=3078000000 pc=00000000802f768c]
[c=3079000000 pc=00000000802f7728]
[c=3080000000 pc=00000000802f76bc]
[c=3081000000 pc=00000000802f76a6]
[c=3082000000 pc=00000000802f76aa]
[c=3083000000 pc=00000000802f76b4]
[c=3084000000 pc=00000000802f77e0]
[c=3085000000 pc=00000000802f773a]
[c=3086000000 pc=00000000802f77f8]
[c=3087000000 pc=00000000802f7786]
[c=3088000000 pc=00000000802f77e0]
[c=3089000000 pc=00000000802f7736]
[c=3090000000 pc=0000000080ae2d94]
[c=3091000000 pc=00000000802f76b0]
[c=3092000000 pc=00000000802f77fc]
[c=3093000000 pc=00000000802f77ec]
[c=3094000000 pc=00000000802f76b4]
[c=3095000000 pc=00000000802f76c0]
[c=3096000000 pc=00000000802f76ae]
[c=3097000000 pc=00000000802f76b8]
[c=3098000000 pc=00000000802f775e]
[c=3099000000 pc=00000000802f769e]
[c=3100000000 pc=00000000802f76a6]
[c=3101000000 pc=00000000802f77e8]
[c=3102000000 pc=00000000802f76b0]
[c=3103000000 pc=00000000802f76b4]
[c=3104000000 pc=00000000802f77e0]
[c=3105000000 pc=00000000802f77f4]
[c=3106000000 pc=00000000802f76ce]
[c=3107000000 pc=0000000080ae2d3c]
[c=3108000000 pc=00000000802f7756]
[c=3109000000 pc=00000000802f76b4]
[c=3110000000 pc=00000000802f7690]
[c=3111000000 pc=00000000802f77fa]
[c=3112000000 pc=00000000802f769c]
[c=3113000000 pc=00000000802f76aa]
[c=3114000000 pc=00000000802f775a]
[c=3115000000 pc=00000000802f76b0]
[c=3116000000 pc=00000000802f7752]
[c=3117000000 pc=00000000802f77ec]
[c=3118000000 pc=00000000802f7756]
[c=3119000000 pc=00000000802f76ae]
[c=3120000000 pc=0000000080ae2cde]
[c=3121000000 pc=00000000802f76b0]
[c=3122000000 pc=00000000802f76b8]
[c=3123000000 pc=00000000802f76b4]
[c=3124000000 pc=00000000802f768c]
[c=3125000000 pc=00000000802f76aa]
[c=3126000000 pc=00000000802f77fa]
[c=3127000000 pc=00000000802f77dc]
[c=3128000000 pc=00000000802f77e6]
[c=3129000000 pc=00000000802f76c2]
[c=3130000000 pc=0000000080ae2d98]
[c=3131000000 pc=00000000802f76b4]
[c=3132000000 pc=00000000802f77f8]
[c=3133000000 pc=00000000802f771e]
[c=3134000000 pc=0000000080ae2cde]
[c=3135000000 pc=00000000802f775a]
[c=3136000000 pc=00000000802f77ec]
[c=3137000000 pc=00000000802f76b0]
[c=3138000000 pc=00000000802f76c6]
[c=3139000000 pc=00000000802f76ae]
[c=3140000000 pc=0000000080ade346]
[c=3141000000 pc=00000000802f771a]
[c=3142000000 pc=00000000802f7758]
[c=3143000000 pc=00000000802f775e]
[c=3144000000 pc=00000000802f7782]
[c=3145000000 pc=00000000802f7766]
[c=3146000000 pc=00000000802f76bc]
[c=3147000000 pc=00000000802f776a]
[c=3148000000 pc=00000000802f775a]
[c=3149000000 pc=00000000802f76c0]
[c=3150000000 pc=00000000802f7698]
[c=3151000000 pc=00000000802f7698]
[c=3152000000 pc=00000000802f7756]
[c=3153000000 pc=00000000802f771a]
[c=3154000000 pc=0000000080ae2be8]
[c=3155000000 pc=00000000802f76a6]
[c=3156000000 pc=0000000080ae2d44]
[c=3157000000 pc=00000000802f76ac]
[c=3158000000 pc=00000000802f76b0]
[c=3159000000 pc=00000000802f76ae]
[c=3160000000 pc=0000000080ad89a0]
[c=3161000000 pc=00000000802f77fa]
[c=3162000000 pc=00000000802f76a6]
[c=3163000000 pc=00000000802f7756]
[c=3164000000 pc=00000000802f7810]
[c=3165000000 pc=00000000802f76bc]
[c=3166000000 pc=0000000080ae2d38]
[c=3167000000 pc=00000000802f77e8]
[c=3168000000 pc=0000000080ae2cbc]
[c=3169000000 pc=00000000802f77fa]
[c=3170000000 pc=00000000802f77e2]
[c=3171000000 pc=00000000802f76bc]
[c=3172000000 pc=00000000802f76ac]
[c=3173000000 pc=0000000080ae2d08]
[c=3174000000 pc=00000000802f77ec]
[c=3175000000 pc=00000000802f76ac]
[c=3176000000 pc=00000000802f7752]
[c=3177000000 pc=00000000802f77f0]
[c=3178000000 pc=00000000802f76b4]
[c=3179000000 pc=00000000802f77f8]
[c=3180000000 pc=00000000802f7758]
[c=3181000000 pc=00000000802f77fa]
[c=3182000000 pc=00000000802f77e6]
[c=3183000000 pc=00000000802f775a]
[c=3184000000 pc=00000000802f77fa]
[c=3185000000 pc=00000000802f77fa]
[c=3186000000 pc=00000000802f77f8]
[c=3187000000 pc=00000000802f7756]
[c=3188000000 pc=00000000802f7752]
[c=3189000000 pc=00000000802f77e2]
[c=3190000000 pc=00000000802f77e2]
[c=3191000000 pc=0000000080ae2da8]
[c=3192000000 pc=00000000802f769e]
[c=3193000000 pc=00000000802f7698]
[c=3194000000 pc=00000000802f7758]
[c=3195000000 pc=00000000802f76ae]
[c=3196000000 pc=00000000802f77ec]
[c=3197000000 pc=00000000802f7752]
[c=3198000000 pc=0000000080ae2d98]
[c=3199000000 pc=00000000802f771e]
[c=3200000000 pc=00000000802f7826]
[c=3201000000 pc=00000000802f775e]
[c=3202000000 pc=00000000802f7758]
[c=3203000000 pc=00000000802f775e]
[c=3204000000 pc=00000000802f7720]
[c=3205000000 pc=00000000802f7736]
[c=3206000000 pc=00000000802f769e]
[c=3207000000 pc=00000000802f76a2]
[c=3208000000 pc=00000000802f775a]
[c=3209000000 pc=00000000802f77fa]
[c=3210000000 pc=00000000802f7694]
[c=3211000000 pc=00000000802f76bc]
[c=3212000000 pc=00000000802f77e8]
[c=3213000000 pc=00000000802f77fa]
[c=3214000000 pc=00000000802f77f4]
[c=3215000000 pc=00000000802f77fa]
[c=3216000000 pc=00000000802f76c2]
[c=3217000000 pc=00000000802f76bc]
[c=3218000000 pc=00000000802f77d8]
[c=3219000000 pc=00000000802f76ac]
[c=3220000000 pc=0000000080ae2cc0]
[c=3221000000 pc=00000000802f775e]
[c=3222000000 pc=00000000802f77fa]
[c=3223000000 pc=00000000802f76ac]
[c=3224000000 pc=00000000802f76c6]
[c=3225000000 pc=00000000802f77f8]
[c=3226000000 pc=00000000802f77ec]
[c=3227000000 pc=0000000080ae2d9e]
[c=3228000000 pc=00000000802f769e]
[c=3229000000 pc=00000000802f76d2]
[c=3230000000 pc=00000000802f76b4]
[c=3231000000 pc=00000000802f769e]
[c=3232000000 pc=00000000802f77fc]
[c=3233000000 pc=00000000802f775a]
[c=3234000000 pc=00000000802f7736]
[c=3235000000 pc=00000000802f76a2]
[c=3236000000 pc=00000000802f7728]
[c=3237000000 pc=0000000080ae2cbc]
[c=3238000000 pc=00000000802f76c0]
[c=3239000000 pc=00000000802f3894]
[c=3240000000 pc=00000000802f775a]
[c=3241000000 pc=00000000802f772a]
[c=3242000000 pc=00000000802f7728]
[c=3243000000 pc=00000000802f769e]
[c=3244000000 pc=00000000802f7728]
[c=3245000000 pc=00000000802f76ae]
[c=3246000000 pc=00000000802f76bc]
[c=3247000000 pc=00000000802f7718]
[c=3248000000 pc=00000000802f769c]
[c=3249000000 pc=00000000802f7718]
[c=3250000000 pc=00000000802f77fa]
[c=3251000000 pc=00000000802f772e]
[c=3252000000 pc=00000000802f7690]
[c=3253000000 pc=00000000802f76ac]
[c=3254000000 pc=00000000802f76a6]
[c=3255000000 pc=00000000802f775e]
[c=3256000000 pc=00000000802f76bc]
[c=3257000000 pc=00000000802f76ac]
[c=3258000000 pc=00000000802f771e]
[c=3259000000 pc=00000000802f769c]
[c=3260000000 pc=00000000802f775e]
[c=3261000000 pc=00000000802f77e6]
[c=3262000000 pc=00000000802f7752]
[c=3263000000 pc=00000000802f7756]
[c=3264000000 pc=00000000802f76a6]
[c=3265000000 pc=00000000802f76bc]
[c=3266000000 pc=00000000802f771a]
[c=3267000000 pc=00000000802f76ca]
[c=3268000000 pc=00000000802f76d2]
[c=3269000000 pc=00000000802f76ac]
[c=3270000000 pc=00000000802f76b8]
[c=3271000000 pc=00000000802f7694]
[c=3272000000 pc=00000000802f7752]
[c=3273000000 pc=00000000802f77fa]
[c=3274000000 pc=00000000802f77e8]
[c=3275000000 pc=00000000802f776a]
[c=3276000000 pc=00000000802f76b8]
[c=3277000000 pc=00000000802f775e]
[c=3278000000 pc=00000000802f7758]
[c=3279000000 pc=00000000802f7758]
[c=3280000000 pc=00000000802f769c]
[c=3281000000 pc=00000000802f769e]
[c=3282000000 pc=00000000802f77f8]
[c=3283000000 pc=00000000802f7804]
[c=3284000000 pc=00000000802f77f8]
[c=3285000000 pc=00000000802f77f4]
[c=3286000000 pc=00000000802f76ac]
[c=3287000000 pc=00000000802f76ce]
[c=3288000000 pc=00000000802f775a]
[c=3289000000 pc=00000000802f7762]
[c=3290000000 pc=00000000802f768c]
[c=3291000000 pc=00000000802f7756]
[c=3292000000 pc=0000000080ad9428]
[c=3293000000 pc=00000000802f76b0]
[c=3294000000 pc=00000000802f775a]
[c=3295000000 pc=00000000802f76bc]
[c=3296000000 pc=00000000802f76aa]
[c=3297000000 pc=00000000802f77fa]
[c=3298000000 pc=00000000802f77e0]
[c=3299000000 pc=00000000802f77f0]
[c=3300000000 pc=00000000802f76b4]
[c=3301000000 pc=00000000802f7776]
[c=3302000000 pc=00000000802f7736]
[c=3303000000 pc=00000000802f76b8]
[c=3304000000 pc=00000000802f76c2]
[c=3305000000 pc=00000000802f76b8]
[c=3306000000 pc=00000000802f76b4]
[c=3307000000 pc=00000000802f76c0]
[c=3308000000 pc=0000000080ae29d0]
[c=3309000000 pc=00000000802f776a]
[c=3310000000 pc=00000000802f7762]
[c=3311000000 pc=00000000802f7762]
[c=3312000000 pc=00000000802f775e]
[c=3313000000 pc=00000000802f76c0]
[c=3314000000 pc=00000000802f76c0]
[c=3315000000 pc=00000000802f769e]
[c=3316000000 pc=00000000802f7728]
[c=3317000000 pc=00000000802f77ec]
[c=3318000000 pc=00000000802f76bc]
[c=3319000000 pc=0000000080ae2cf2]
[c=3320000000 pc=00000000802f7810]
[c=3321000000 pc=00000000802f7758]
[c=3322000000 pc=00000000802f77e2]
[c=3323000000 pc=00000000802f769c]
[c=3324000000 pc=00000000802f7762]
[c=3325000000 pc=00000000802f77ec]
[c=3326000000 pc=0000000080ae2d70]
[c=3327000000 pc=00000000802f77f4]
[c=3328000000 pc=00000000802f77e2]
[c=3329000000 pc=00000000802f76ac]
[c=3330000000 pc=00000000802f769c]
[c=3331000000 pc=00000000802f76b8]
[c=3332000000 pc=00000000802f76b4]
[c=3333000000 pc=00000000802f77e2]
[c=3334000000 pc=00000000802f76c0]
[c=3335000000 pc=00000000802f76bc]
[c=3336000000 pc=00000000802f769c]
[c=3337000000 pc=00000000802f77f4]
[c=3338000000 pc=0000000080ae2d3c]
[c=3339000000 pc=00000000802f76b8]
[c=3340000000 pc=00000000802f7758]
[c=3341000000 pc=00000000802f77e2]
[c=3342000000 pc=00000000802f7752]
[c=3343000000 pc=00000000802f76ac]
[c=3344000000 pc=00000000802f77e8]
[c=3345000000 pc=00000000802f76b4]
[c=3346000000 pc=00000000802f7752]
[c=3347000000 pc=00000000802f77f8]
[c=3348000000 pc=00000000802f7690]
[c=3349000000 pc=00000000802f76c6]
[c=3350000000 pc=00000000802f7736]
[c=3351000000 pc=00000000802f7758]
[c=3352000000 pc=00000000802f775e]
[c=3353000000 pc=0000000080ae2bec]
[c=3354000000 pc=00000000802f76b4]
[c=3355000000 pc=00000000802f76ac]
[c=3356000000 pc=0000000080ae2da0]
[c=3357000000 pc=00000000802f777e]
[c=3358000000 pc=00000000802f77e8]
[c=3359000000 pc=00000000802f775a]
[c=3360000000 pc=00000000802f76b0]
[c=3361000000 pc=00000000802f77f0]
[c=3362000000 pc=00000000802f77e6]
[c=3363000000 pc=00000000802f77fa]
[c=3364000000 pc=00000000802f76b4]
[c=3365000000 pc=00000000802f771a]
[c=3366000000 pc=00000000802f77e0]
[c=3367000000 pc=00000000802f77f0]
[c=3368000000 pc=00000000802f77e8]
[c=3369000000 pc=00000000802f77e8]
[c=3370000000 pc=00000000802f77e0]
[c=3371000000 pc=00000000802f77e0]
[c=3372000000 pc=00000000802f77f8]
[c=3373000000 pc=00000000802f77e8]
[c=3374000000 pc=00000000802f769e]
[c=3375000000 pc=00000000802f775a]
[c=3376000000 pc=00000000802f77f0]
[c=3377000000 pc=00000000802f77f8]
[c=3378000000 pc=00000000802f76ac]
[c=3379000000 pc=00000000802f7698]
[c=3380000000 pc=00000000802f76c6]
[c=3381000000 pc=00000000802f77f8]
[c=3382000000 pc=00000000802f77f4]
[c=3383000000 pc=00000000802f775e]
[c=3384000000 pc=00000000802f76aa]
[c=3385000000 pc=00000000802f7718]
[c=3386000000 pc=00000000802f7718]
[c=3387000000 pc=00000000802f772a]
[c=3388000000 pc=00000000802f772e]
[c=3389000000 pc=00000000802f76a2]
[c=3390000000 pc=00000000802f76a2]
[c=3391000000 pc=00000000802f7698]
[c=3392000000 pc=00000000802f76c0]
[c=3393000000 pc=00000000802f77f8]
[c=3394000000 pc=00000000802f7652]
[c=3395000000 pc=00000000802f77e8]
[c=3396000000 pc=00000000802f77fa]
[c=3397000000 pc=00000000802f77f4]
[c=3398000000 pc=00000000802f77f4]
[c=3399000000 pc=00000000802f77f8]
[c=3400000000 pc=00000000802f77f4]
[c=3401000000 pc=00000000802f77ec]
[c=3402000000 pc=00000000802f77e0]
[c=3403000000 pc=00000000802f7698]
[c=3404000000 pc=00000000802f7808]
[c=3405000000 pc=00000000802f76ae]
[c=3406000000 pc=00000000802f77e2]
[c=3407000000 pc=00000000802f7756]
[c=3408000000 pc=00000000802f77e0]
[c=3409000000 pc=00000000802f77f4]
[c=3410000000 pc=00000000802f77e0]
[c=3411000000 pc=00000000802f7690]
[c=3412000000 pc=00000000802f76b8]
[c=3413000000 pc=00000000802f76a2]
[c=3414000000 pc=00000000802f7752]
[c=3415000000 pc=00000000802f7752]
[c=3416000000 pc=00000000802f76aa]
[c=3417000000 pc=00000000802f775a]
[c=3418000000 pc=00000000802f77e8]
[c=3419000000 pc=00000000802f768c]
[c=3420000000 pc=00000000802f77f4]
[c=3421000000 pc=0000000080ae29b2]
[c=3422000000 pc=00000000802f772a]
[c=3423000000 pc=00000000802f76b8]
[c=3424000000 pc=00000000802f76b8]
[c=3425000000 pc=0000000080ad89f6]
[c=3426000000 pc=00000000802f7724]
[c=3427000000 pc=00000000802f76c6]
[c=3428000000 pc=00000000802f76b8]
[c=3429000000 pc=00000000802f77e6]
[c=3430000000 pc=00000000802f76a2]
[c=3431000000 pc=00000000802f7720]
[c=3432000000 pc=00000000802f7718]
[c=3433000000 pc=00000000802f76ce]
[c=3434000000 pc=00000000802f771e]
[c=3435000000 pc=00000000802f76b8]
[c=3436000000 pc=00000000802f775e]
[c=3437000000 pc=00000000802f76c0]
[c=3438000000 pc=00000000802f771a]
[c=3439000000 pc=00000000802f76ac]
[c=3440000000 pc=00000000802f76b4]
[c=3441000000 pc=00000000802f76b4]
[c=3442000000 pc=00000000802f7718]
[c=3443000000 pc=00000000802f7752]
[c=3444000000 pc=00000000802f772e]
[c=3445000000 pc=00000000802f76b4]
[c=3446000000 pc=00000000802f769c]
[c=3447000000 pc=00000000802f77e0]
[c=3448000000 pc=00000000802f771a]
[c=3449000000 pc=00000000802f76ae]
[c=3450000000 pc=00000000802f76aa]
[c=3451000000 pc=00000000802f7698]
[c=3452000000 pc=00000000802f769c]
[c=3453000000 pc=00000000802f7756]
[c=3454000000 pc=00000000802f77f8]
[c=3455000000 pc=00000000802f775a]
[c=3456000000 pc=00000000802f77f8]
[c=3457000000 pc=0000000080ae2cb4]
[c=3458000000 pc=00000000802f7756]
[c=3459000000 pc=00000000802f76a2]
[c=3460000000 pc=00000000802f77f8]
[c=3461000000 pc=00000000802f769e]
[c=3462000000 pc=00000000802f77f4]
[c=3463000000 pc=00000000802f7758]
[c=3464000000 pc=00000000802f7694]
[c=3465000000 pc=00000000802f7756]
[c=3466000000 pc=00000000802f77e0]
[c=3467000000 pc=00000000802f76b8]
[c=3468000000 pc=00000000802f769c]
[c=3469000000 pc=00000000802f769c]
[c=3470000000 pc=00000000802f76ac]
[c=3471000000 pc=0000000080ade5d2]
[c=3472000000 pc=00000000802f77e6]
[c=3473000000 pc=00000000802f77fa]
[c=3474000000 pc=0000000080ae2d40]
[c=3475000000 pc=00000000802f7752]
[c=3476000000 pc=00000000802f76ac]
[c=3477000000 pc=00000000802f77e2]
[c=3478000000 pc=00000000802f7758]
[c=3479000000 pc=0000000080ada652]
[c=3480000000 pc=00000000802f77f0]
[c=3481000000 pc=00000000802f77e6]
[c=3482000000 pc=00000000802f77e6]
[c=3483000000 pc=00000000802f76ca]
[c=3484000000 pc=00000000802f7758]
[c=3485000000 pc=00000000802f76b4]
[c=3486000000 pc=00000000802f76ae]
[c=3487000000 pc=00000000802f7724]
[c=3488000000 pc=00000000802f773a]
[c=3489000000 pc=00000000802f76b4]
[c=3490000000 pc=00000000802f7698]
[c=3491000000 pc=00000000802f76ac]
[c=3492000000 pc=00000000802f775e]
[c=3493000000 pc=00000000802f7724]
[c=3494000000 pc=00000000802f76a2]
[c=3495000000 pc=00000000802f7690]
[c=3496000000 pc=00000000802f38b6]
[c=3497000000 pc=00000000802f76bc]
[c=3498000000 pc=00000000802f76c0]
[c=3499000000 pc=00000000802f76d4]
[c=3500000000 pc=00000000802f7736]
[c=3501000000 pc=00000000802f7776]
[c=3502000000 pc=00000000802f775a]
[c=3503000000 pc=00000000802f7698]
[c=3504000000 pc=00000000802f76b8]
[c=3505000000 pc=00000000802f7720]
[c=3506000000 pc=00000000802f76b8]
[c=3507000000 pc=00000000802f775e]
[c=3508000000 pc=00000000802f76b8]
[c=3509000000 pc=00000000802f76a2]
[c=3510000000 pc=00000000802f7690]
[c=3511000000 pc=00000000802f76bc]
[c=3512000000 pc=00000000802f769c]
[c=3513000000 pc=00000000802f76bc]
[c=3514000000 pc=00000000802f77e6]
[c=3515000000 pc=00000000802f76d4]
[c=3516000000 pc=00000000802f76b8]
[c=3517000000 pc=00000000802f7736]
[c=3518000000 pc=00000000802f76b8]
[c=3519000000 pc=00000000802f76bc]
[c=3520000000 pc=00000000802f76bc]
[c=3521000000 pc=00000000802f7762]
[c=3522000000 pc=00000000802f76bc]
[c=3523000000 pc=00000000802f775e]
[c=3524000000 pc=00000000802f7698]
[c=3525000000 pc=00000000802f76b8]
[c=3526000000 pc=00000000802f76c2]
[c=3527000000 pc=00000000802f76c6]
[c=3528000000 pc=00000000802f7752]
[c=3529000000 pc=00000000802f7690]
[c=3530000000 pc=00000000802f771a]
[c=3531000000 pc=00000000802f76bc]
[c=3532000000 pc=00000000802f77e8]
[c=3533000000 pc=00000000802f7752]
[c=3534000000 pc=00000000802f7698]
[c=3535000000 pc=00000000802f76b8]
[c=3536000000 pc=00000000802f76b8]
[c=3537000000 pc=00000000802f7698]
[c=3538000000 pc=00000000802f7698]
[c=3539000000 pc=00000000802f76c2]
[c=3540000000 pc=00000000802f775a]
[c=3541000000 pc=00000000802f76aa]
[c=3542000000 pc=00000000802f76bc]
[c=3543000000 pc=00000000802f76b8]
[c=3544000000 pc=00000000802f76ae]
[c=3545000000 pc=00000000802f7752]
[c=3546000000 pc=00000000802f76a2]
[c=3547000000 pc=00000000802f76ae]
[c=3548000000 pc=00000000802f76c0]
[c=3549000000 pc=00000000802f76c0]
[c=3550000000 pc=00000000802f76aa]
[c=3551000000 pc=00000000802f7698]
[c=3552000000 pc=00000000802f776a]
[c=3553000000 pc=00000000802f7756]
[c=3554000000 pc=00000000802f76ac]
[c=3555000000 pc=00000000802f76b8]
[c=3556000000 pc=00000000802f7694]
[c=3557000000 pc=00000000802f7718]
[c=3558000000 pc=00000000802f775a]
[c=3559000000 pc=00000000802f76ac]
[c=3560000000 pc=00000000802f769c]
[c=3561000000 pc=00000000802f3936]
[c=3562000000 pc=00000000802f7758]
[c=3563000000 pc=00000000802f76a2]
[c=3564000000 pc=00000000802f7718]
[c=3565000000 pc=00000000802f76ae]
[c=3566000000 pc=00000000802f7752]
[c=3567000000 pc=00000000802f769c]
[c=3568000000 pc=00000000802f76b4]
[c=3569000000 pc=00000000802f76b0]
[c=3570000000 pc=00000000802f7772]
[c=3571000000 pc=00000000802f77fa]
[c=3572000000 pc=00000000802f393e]
[c=3573000000 pc=00000000802f76c2]
[c=3574000000 pc=00000000802f76ae]
[c=3575000000 pc=00000000802f77e2]
[c=3576000000 pc=00000000802f77e6]
[c=3577000000 pc=0000000080ae2ca8]
[c=3578000000 pc=00000000802f76b8]
[c=3579000000 pc=00000000802f76b0]
[c=3580000000 pc=00000000802f771e]
[c=3581000000 pc=00000000802f76a2]
[c=3582000000 pc=00000000802f76ae]
[c=3583000000 pc=00000000802f76c2]
[c=3584000000 pc=00000000802f780c]
[c=3585000000 pc=00000000802f77ec]
[c=3586000000 pc=00000000802f775e]
[c=3587000000 pc=00000000802f77dc]
[c=3588000000 pc=00000000802f7782]
[c=3589000000 pc=00000000802f768c]
[c=3590000000 pc=00000000802f7698]
[c=3591000000 pc=0000000080ae2bf4]
[c=3592000000 pc=00000000802f7698]
[c=3593000000 pc=00000000802f77e2]
[c=3594000000 pc=00000000802f76a6]
[c=3595000000 pc=00000000802f76ae]
[c=3596000000 pc=00000000802f771a]
[c=3597000000 pc=00000000802f76c0]
[c=3598000000 pc=00000000802f76c2]
[c=3599000000 pc=00000000802f7698]
[c=3600000000 pc=00000000802f77e6]
[c=3601000000 pc=00000000802f76c2]
[c=3602000000 pc=00000000802f775e]
[c=3603000000 pc=00000000802f76b8]
[c=3604000000 pc=00000000802f76c6]
[c=3605000000 pc=00000000802f77e8]
[c=3606000000 pc=00000000802f76ac]
[c=3607000000 pc=00000000802f769e]
[c=3608000000 pc=00000000802f76c6]
[c=3609000000 pc=0000000080ae2cb8]
[c=3610000000 pc=00000000802f769e]
[c=3611000000 pc=00000000802f7756]
[c=3612000000 pc=00000000802f775a]
[c=3613000000 pc=00000000802f772c]
[c=3614000000 pc=00000000802f7752]
[c=3615000000 pc=00000000802f76b8]
[c=3616000000 pc=00000000802f76b4]
[c=3617000000 pc=00000000802f7752]
[c=3618000000 pc=00000000802f76a2]
[c=3619000000 pc=00000000802f773a]
[c=3620000000 pc=00000000802f7736]
[c=3621000000 pc=00000000802f769c]
[c=3622000000 pc=00000000802f77ec]
[c=3623000000 pc=00000000802f7720]
[c=3624000000 pc=00000000802f76aa]
[c=3625000000 pc=0000000080ae2d3c]
[c=3626000000 pc=00000000802f7698]
[c=3627000000 pc=00000000802f76b8]
[c=3628000000 pc=00000000802f777a]
[c=3629000000 pc=00000000802f76a6]
[c=3630000000 pc=00000000802f76b4]
[c=3631000000 pc=00000000802f76b8]
[c=3632000000 pc=0000000080ad89ba]
[c=3633000000 pc=00000000802f775e]
[c=3634000000 pc=00000000802f76a2]
[c=3635000000 pc=00000000802f7698]
[c=3636000000 pc=0000000080ae2d4c]
[c=3637000000 pc=00000000802f76a6]
[c=3638000000 pc=00000000802f76ac]
[c=3639000000 pc=00000000802f769e]
[c=3640000000 pc=00000000802f7718]
[c=3641000000 pc=00000000802f76b8]
[c=3642000000 pc=00000000802f769e]
[c=3643000000 pc=00000000802f775a]
[c=3644000000 pc=00000000802f780c]
[c=3645000000 pc=00000000802f7698]
[c=3646000000 pc=00000000802f76b8]
[c=3647000000 pc=00000000802f76b0]
[c=3648000000 pc=00000000802f7758]
[c=3649000000 pc=00000000802f769c]
[c=3650000000 pc=00000000802f76b0]
[c=3651000000 pc=00000000802f7756]
[c=3652000000 pc=00000000802f76b8]
[c=3653000000 pc=00000000802f76bc]
[c=3654000000 pc=00000000802f775e]
[c=3655000000 pc=00000000802f773a]
[c=3656000000 pc=00000000802f77e2]
[c=3657000000 pc=00000000802f76a2]
[c=3658000000 pc=00000000802f776c]
[c=3659000000 pc=00000000802f389e]
[c=3660000000 pc=00000000802f76b0]
[c=3661000000 pc=00000000802f775e]
[c=3662000000 pc=00000000802f775e]
[c=3663000000 pc=00000000802f772e]
[c=3664000000 pc=00000000802f769e]
[c=3665000000 pc=00000000802f7698]
[c=3666000000 pc=00000000802f76b8]
[c=3667000000 pc=00000000802f77f8]
[c=3668000000 pc=00000000802f76b8]
[c=3669000000 pc=00000000802f7718]
[c=3670000000 pc=00000000802f76b0]
[c=3671000000 pc=00000000802f3990]
[c=3672000000 pc=00000000802f772e]
[c=3673000000 pc=00000000802f7724]
[c=3674000000 pc=00000000802f77f8]
[c=3675000000 pc=00000000802f77e0]
[c=3676000000 pc=00000000802f76a2]
[c=3677000000 pc=00000000802f76bc]
[c=3678000000 pc=00000000802f7698]
[c=3679000000 pc=00000000802f775a]
[c=3680000000 pc=00000000802f76a2]
[c=3681000000 pc=0000000080ae2cdc]
[c=3682000000 pc=00000000802f76b8]
[c=3683000000 pc=00000000802f76b8]
[c=3684000000 pc=00000000802f7736]
[c=3685000000 pc=00000000802f76a2]
[c=3686000000 pc=00000000802f772a]
[c=3687000000 pc=00000000802f77e8]
[c=3688000000 pc=00000000802f76c6]
[c=3689000000 pc=00000000802f77e2]
[c=3690000000 pc=00000000802f76bc]
[c=3691000000 pc=00000000802f7698]
[c=3692000000 pc=00000000802f769e]
[c=3693000000 pc=00000000802f77f8]
[c=3694000000 pc=00000000802f76b4]
[c=3695000000 pc=00000000802f7752]
[c=3696000000 pc=00000000802f76bc]
[c=3697000000 pc=00000000802f76a2]
[c=3698000000 pc=00000000802f77fc]
[c=3699000000 pc=00000000802f772c]
[c=3700000000 pc=00000000802f77fc]
[c=3701000000 pc=0000000080ae2d40]
[c=3702000000 pc=00000000802f7772]
[c=3703000000 pc=0000000080ae2cc0]
[c=3704000000 pc=00000000802f769c]
[c=3705000000 pc=00000000802f76b4]
[c=3706000000 pc=00000000802f76b8]
[c=3707000000 pc=00000000802f76ae]
[c=3708000000 pc=00000000802f776a]
[c=3709000000 pc=00000000802f7698]
[c=3710000000 pc=00000000802f7752]
[c=3711000000 pc=00000000802f76b8]
[c=3712000000 pc=00000000802f771a]
[c=3713000000 pc=00000000802f775e]
[c=3714000000 pc=00000000802f7718]
[c=3715000000 pc=00000000802f7758]
[c=3716000000 pc=00000000802f7698]
[c=3717000000 pc=00000000802f76b0]
[c=3718000000 pc=00000000802f77ec]
[c=3719000000 pc=00000000802f76b0]
[c=3720000000 pc=00000000802f76ac]
[c=3721000000 pc=00000000802f76c6]
[c=3722000000 pc=00000000802f76aa]
[c=3723000000 pc=00000000802f77f8]
[c=3724000000 pc=00000000802f76a2]
[c=3725000000 pc=00000000802f3934]
[c=3726000000 pc=00000000802f7756]
[c=3727000000 pc=00000000802f7762]
[c=3728000000 pc=00000000802f7800]
[c=3729000000 pc=0000000080ae2d3c]
[c=3730000000 pc=00000000802f76aa]
[c=3731000000 pc=00000000802f76ae]
[c=3732000000 pc=00000000802f76b0]
[c=3733000000 pc=0000000080ae2c88]
[c=3734000000 pc=00000000802f76c6]
[c=3735000000 pc=00000000802f7758]
[c=3736000000 pc=00000000802f77f0]
[c=3737000000 pc=00000000802f777a]
[c=3738000000 pc=00000000802f76ac]
[c=3739000000 pc=00000000802f76b8]
[c=3740000000 pc=00000000802f7752]
[c=3741000000 pc=00000000802f7666]
[c=3742000000 pc=00000000802f76ae]
[c=3743000000 pc=00000000802f769c]
[c=3744000000 pc=00000000802f77fa]
[c=3745000000 pc=00000000802f77f4]
[c=3746000000 pc=0000000080ae2d98]
[c=3747000000 pc=0000000080ad89fc]
[c=3748000000 pc=00000000802f771e]
[c=3749000000 pc=00000000802f7786]
[c=3750000000 pc=00000000802f76ac]
[c=3751000000 pc=00000000802f7822]
[c=3752000000 pc=00000000802f769e]
[c=3753000000 pc=00000000802f76b4]
[c=3754000000 pc=00000000802f769c]
[c=3755000000 pc=0000000080ae2dac]
[c=3756000000 pc=00000000802f7698]
[c=3757000000 pc=00000000802f76a6]
[c=3758000000 pc=00000000802f769c]
[c=3759000000 pc=00000000802f76c6]
[c=3760000000 pc=00000000802f77f0]
[c=3761000000 pc=00000000802f76ac]
[c=3762000000 pc=00000000802f76b0]
[c=3763000000 pc=00000000802f76c0]
[c=3764000000 pc=00000000802f77e8]
[c=3765000000 pc=00000000802f76c0]
[c=3766000000 pc=00000000802f76b8]
[c=3767000000 pc=00000000802f7718]
[c=3768000000 pc=00000000802f7728]
[c=3769000000 pc=00000000802f77e6]
[c=3770000000 pc=00000000802f76d4]
[c=3771000000 pc=00000000802f76b4]
[c=3772000000 pc=00000000802f7698]
[c=3773000000 pc=0000000080ad89c4]
[c=3774000000 pc=00000000802f76a2]
[c=3775000000 pc=00000000802f772c]
[c=3776000000 pc=00000000802f769c]
[c=3777000000 pc=00000000802f76b8]
[c=3778000000 pc=00000000802f775a]
[c=3779000000 pc=00000000802f76b4]
[c=3780000000 pc=00000000802f76bc]
[c=3781000000 pc=00000000802f76c0]
[c=3782000000 pc=00000000802f769e]
[c=3783000000 pc=00000000802f76c6]
[c=3784000000 pc=00000000802f77f8]
[c=3785000000 pc=0000000080ae2d08]
[c=3786000000 pc=00000000802f76bc]
[c=3787000000 pc=00000000802f7724]
[c=3788000000 pc=00000000802f776a]
[c=3789000000 pc=00000000802f77e8]
[c=3790000000 pc=00000000802f76a6]
[c=3791000000 pc=00000000802f7756]
[c=3792000000 pc=00000000802f2d7a]
[c=3793000000 pc=0000000080ae2d32]
[c=3794000000 pc=00000000802f76b8]
[c=3795000000 pc=00000000802f384e]
[c=3796000000 pc=00000000802f76d4]
[c=3797000000 pc=00000000802f77ec]
[c=3798000000 pc=00000000802f38b4]
[c=3799000000 pc=00000000802f76bc]
[c=3800000000 pc=0000000080ad8992]
[c=3801000000 pc=00000000802f776c]
[c=3802000000 pc=00000000802f77e6]
[c=3803000000 pc=00000000802f76a2]
[c=3804000000 pc=00000000802f7732]
[c=3805000000 pc=00000000802f7756]
[c=3806000000 pc=00000000802f76b4]
[c=3807000000 pc=00000000802f77fa]
[c=3808000000 pc=00000000802f76b8]
[c=3809000000 pc=00000000802f76a2]
[c=3810000000 pc=00000000802f77e6]
[c=3811000000 pc=00000000802f77e0]
[c=3812000000 pc=00000000802f77f4]
[c=3813000000 pc=00000000802f77e8]
[c=3814000000 pc=00000000802f76b0]
[c=3815000000 pc=00000000802f769c]
[c=3816000000 pc=00000000802f76b0]
[c=3817000000 pc=00000000802f76b8]
[c=3818000000 pc=00000000802f7652]
[c=3819000000 pc=00000000802f77f0]
[c=3820000000 pc=00000000802f76b0]
[c=3821000000 pc=00000000802f7804]
[c=3822000000 pc=00000000802f7814]
[c=3823000000 pc=0000000080ae2d3c]
[c=3824000000 pc=00000000802f775a]
[c=3825000000 pc=00000000802f776a]
[c=3826000000 pc=00000000802f775a]
[c=3827000000 pc=00000000802f76b4]
[c=3828000000 pc=00000000802f77fc]
[c=3829000000 pc=00000000802f7814]
[c=3830000000 pc=00000000802f76bc]
[c=3831000000 pc=00000000802f77fa]
[c=3832000000 pc=00000000802f7758]
[c=3833000000 pc=00000000802f76b8]
[c=3834000000 pc=00000000802f76a2]
[c=3835000000 pc=00000000802f7732]
[c=3836000000 pc=0000000080ae2cb4]
[c=3837000000 pc=00000000802f7718]
[c=3838000000 pc=00000000802f7752]
[c=3839000000 pc=00000000802f76ac]
[c=3840000000 pc=00000000802f76b8]
[c=3841000000 pc=00000000802f7728]
[c=3842000000 pc=00000000802f76ae]
[c=3843000000 pc=00000000802f76ae]
[c=3844000000 pc=00000000802f7690]
[c=3845000000 pc=00000000802f76bc]
[c=3846000000 pc=00000000802f775e]
[c=3847000000 pc=00000000802f7698]
[c=3848000000 pc=00000000802f76bc]
[c=3849000000 pc=00000000802f76b8]
[c=3850000000 pc=00000000802f775a]
[c=3851000000 pc=00000000802f76c2]
[c=3852000000 pc=00000000802f769e]
[c=3853000000 pc=00000000802f77f8]
[c=3854000000 pc=0000000080ae2cf8]
[c=3855000000 pc=00000000802f76c0]
[c=3856000000 pc=00000000802f76c6]
[c=3857000000 pc=00000000802f76aa]
[c=3858000000 pc=0000000080ae2ca4]
[c=3859000000 pc=00000000802f7804]
[c=3860000000 pc=00000000802f7698]
[c=3861000000 pc=00000000802f76b8]
[c=3862000000 pc=00000000802f7826]
[c=3863000000 pc=00000000802f76b0]
[c=3864000000 pc=00000000802f771a]
[c=3865000000 pc=00000000802f77fa]
[c=3866000000 pc=00000000802f7762]
[c=3867000000 pc=00000000802f7758]
[c=3868000000 pc=00000000802f7756]
[c=3869000000 pc=00000000802f7718]
[c=3870000000 pc=00000000802f7728]
[c=3871000000 pc=00000000802f7752]
[c=3872000000 pc=00000000802f76c6]
[c=3873000000 pc=00000000802f7724]
[c=3874000000 pc=00000000802f775a]
[c=3875000000 pc=00000000802f76b4]
[c=3876000000 pc=00000000802f77e8]
[c=3877000000 pc=00000000802f7800]
[c=3878000000 pc=00000000802f77e8]
[c=3879000000 pc=00000000802f76b4]
[c=3880000000 pc=00000000802f7772]
[c=3881000000 pc=00000000802f76bc]
[c=3882000000 pc=00000000802f7724]
[c=3883000000 pc=00000000802f76a6]
[c=3884000000 pc=00000000802f778a]
[c=3885000000 pc=00000000802f76c2]
[c=3886000000 pc=00000000802f769c]
[c=3887000000 pc=00000000802f77fc]
[c=3888000000 pc=00000000802f76a2]
[c=3889000000 pc=00000000802f77f0]
[c=3890000000 pc=00000000802f76aa]
[c=3891000000 pc=0000000080ae2dac]
[c=3892000000 pc=00000000802f775e]
[c=3893000000 pc=0000000080ae2d90]
[c=3894000000 pc=00000000802f76b8]
[c=3895000000 pc=00000000802f76b8]
[c=3896000000 pc=0000000080ae2d66]
[c=3897000000 pc=00000000802f7758]
[c=3898000000 pc=00000000802f77f0]
[c=3899000000 pc=00000000802f769e]
[c=3900000000 pc=00000000802f76ac]
[c=3901000000 pc=00000000802f76ac]
[c=3902000000 pc=0000000080ae29b2]
[c=3903000000 pc=00000000802f77f4]
[c=3904000000 pc=00000000802f76a2]
[c=3905000000 pc=00000000802f76b0]
[c=3906000000 pc=00000000802f76a6]
[c=3907000000 pc=00000000802f7698]
[c=3908000000 pc=0000000080ad89fe]
[c=3909000000 pc=00000000802f77fa]
[c=3910000000 pc=00000000802f77f0]
[c=3911000000 pc=00000000802f76ac]
[c=3912000000 pc=00000000802f7720]
[c=3913000000 pc=00000000802f3944]
[c=3914000000 pc=00000000802f76b8]
[c=3915000000 pc=00000000802f769c]
[c=3916000000 pc=00000000802f76ae]
[c=3917000000 pc=00000000802f7758]
[c=3918000000 pc=00000000802f76b4]
[c=3919000000 pc=00000000802f76bc]
[c=3920000000 pc=0000000080ae2d3c]
[c=3921000000 pc=00000000802f769e]
[c=3922000000 pc=00000000802f7758]
[c=3923000000 pc=00000000802f7756]
[c=3924000000 pc=00000000802f76c6]
[c=3925000000 pc=00000000802f76c6]
[c=3926000000 pc=00000000802f777a]
[c=3927000000 pc=00000000802f76b8]
[c=3928000000 pc=00000000802f775e]
[c=3929000000 pc=00000000802f76ac]
[c=3930000000 pc=00000000802f7752]
[c=3931000000 pc=00000000802f772c]
[c=3932000000 pc=00000000802f76b4]
[c=3933000000 pc=00000000802f7698]
[c=3934000000 pc=00000000802f76b8]
[c=3935000000 pc=00000000802f76b8]
[c=3936000000 pc=00000000802f769e]
[c=3937000000 pc=00000000802f776a]
[c=3938000000 pc=00000000802f772a]
[c=3939000000 pc=00000000802f7718]
[c=3940000000 pc=00000000802f77e8]
[c=3941000000 pc=00000000802f76a2]
[c=3942000000 pc=00000000802f76c2]
[c=3943000000 pc=00000000802f76ce]
[c=3944000000 pc=00000000802f76a6]
[c=3945000000 pc=00000000802f76ae]
[c=3946000000 pc=00000000802f7752]
[c=3947000000 pc=00000000802f77e2]
[c=3948000000 pc=00000000802f76c6]
[c=3949000000 pc=00000000802f77e8]
[c=3950000000 pc=00000000802f77f8]
[c=3951000000 pc=00000000802f76c6]
[c=3952000000 pc=00000000802f76d2]
[c=3953000000 pc=0000000080ad89c0]
[c=3954000000 pc=00000000802f76b8]
[c=3955000000 pc=00000000802f76bc]
[c=3956000000 pc=00000000802f77f8]
[c=3957000000 pc=00000000802f77f0]
[c=3958000000 pc=0000000080ae2bee]
[c=3959000000 pc=0000000080ae2da0]
[c=3960000000 pc=0000000080ad899e]
[c=3961000000 pc=00000000802f776c]
[c=3962000000 pc=0000000080ad8992]
[c=3963000000 pc=00000000802f76c6]
[c=3964000000 pc=00000000802f77e8]
[c=3965000000 pc=00000000802f76c6]
[c=3966000000 pc=00000000802f76c6]
[c=3967000000 pc=00000000802f3990]
[c=3968000000 pc=00000000802f76c6]
[c=3969000000 pc=00000000802f780c]
[c=3970000000 pc=00000000802f76bc]
[c=3971000000 pc=00000000802f77f0]
[c=3972000000 pc=00000000802f7772]
[c=3973000000 pc=00000000802f77fc]
[c=3974000000 pc=0000000080ae2d40]
[c=3975000000 pc=00000000802f772a]
[c=3976000000 pc=00000000802f772c]
[c=3977000000 pc=00000000802f7690]
[c=3978000000 pc=00000000802f76b4]
[c=3979000000 pc=00000000802f77e0]
[c=3980000000 pc=00000000802f7698]
[c=3981000000 pc=00000000802f77e8]
[c=3982000000 pc=00000000802f76a2]
[c=3983000000 pc=00000000802f7736]
[c=3984000000 pc=00000000802f77e0]
[c=3985000000 pc=00000000802f77f8]
[c=3986000000 pc=0000000080ae2be8]
[c=3987000000 pc=00000000802f775e]
[c=3988000000 pc=00000000802f77f4]
[c=3989000000 pc=00000000802f7786]
[c=3990000000 pc=0000000080ae2cf6]
[c=3991000000 pc=0000000080ae2cf8]
[c=3992000000 pc=0000000080ae2d38]
[c=3993000000 pc=00000000802f77e6]
[c=3994000000 pc=00000000802f77f4]
[c=3995000000 pc=0000000080ae2cd8]
[c=3996000000 pc=00000000802f3994]
[c=3997000000 pc=00000000802f7698]
[c=3998000000 pc=00000000802f77f0]
[c=3999000000 pc=00000000802f38a0]
[c=4000000000 pc=0000000080ae2cb0]
[c=4001000000 pc=0000000080ad8a04]
[c=4002000000 pc=00000000802f775a]
[c=4003000000 pc=00000000802f77f0]
[c=4004000000 pc=0000000080ad8992]
[c=4005000000 pc=00000000802f769e]
[c=4006000000 pc=00000000802f38b6]
[c=4007000000 pc=00000000802f778a]
[c=4008000000 pc=0000000080ae2cc0]
[c=4009000000 pc=00000000802f7814]
[c=4010000000 pc=0000000080ae2d58]
[c=4011000000 pc=00000000802f776c]
[c=4012000000 pc=0000000080ae2ce6]
[c=4013000000 pc=0000000080ae2cb0]
[c=4014000000 pc=00000000802f769e]
[c=4015000000 pc=0000000080ae2d9e]
[c=4016000000 pc=0000000080ad89ba]
[c=4017000000 pc=00000000802f7758]
[c=4018000000 pc=00000000802f77f0]
[c=4019000000 pc=00000000802f77e0]
[c=4020000000 pc=0000000080ae2cd2]
[c=4021000000 pc=0000000080ae2d9c]
[c=4022000000 pc=00000000802f7672]
[c=4023000000 pc=00000000802f77f0]
[c=4024000000 pc=00000000802f769e]
[c=4025000000 pc=00000000802f76aa]
[c=4026000000 pc=00000000802f77e6]
[c=4027000000 pc=00000000802f776c]
[c=4028000000 pc=00000000802f77e2]
[c=4029000000 pc=0000000080ad89b6]
[c=4030000000 pc=00000000802f77f8]
[c=4031000000 pc=0000000080ae2dac]
[c=4032000000 pc=00000000802f76a2]
[c=4033000000 pc=00000000802f7752]
[c=4034000000 pc=00000000802f775e]
[c=4035000000 pc=00000000802f7800]
[c=4036000000 pc=00000000802f7626]
[c=4037000000 pc=00000000802f773a]
[c=4038000000 pc=00000000802f76a2]
[c=4039000000 pc=0000000080ae2cdc]
[c=4040000000 pc=0000000080ae2d9c]
[c=4041000000 pc=00000000802f76c2]
[c=4042000000 pc=00000000802f77f0]
[c=4043000000 pc=00000000802f7782]
[c=4044000000 pc=00000000802f7698]
[c=4045000000 pc=00000000802f76a2]
[c=4046000000 pc=0000000080ae2be8]
[c=4047000000 pc=00000000802f76c2]
[c=4048000000 pc=00000000802f76c0]
[c=4049000000 pc=00000000802f77f8]
[c=4050000000 pc=00000000802f77f4]
[c=4051000000 pc=00000000802f39ec]
[c=4052000000 pc=00000000802f7776]
[c=4053000000 pc=00000000802f769e]
[c=4054000000 pc=00000000802f77e2]
[c=4055000000 pc=00000000802f77fa]
[c=4056000000 pc=0000000080ae2cc4]
[c=4057000000 pc=00000000802f77f0]
[c=4058000000 pc=0000000080ae2bee]
[c=4059000000 pc=00000000802f76bc]
[c=4060000000 pc=00000000802f769e]
[c=4061000000 pc=00000000802f778a]
[c=4062000000 pc=00000000802f76c6]
[c=4063000000 pc=00000000802f76c2]
[c=4064000000 pc=0000000080ae2be4]
[c=4065000000 pc=00000000802f77e0]
[c=4066000000 pc=0000000080ae2d60]
[c=4067000000 pc=00000000802f77fa]
[c=4068000000 pc=00000000802f77f0]
[c=4069000000 pc=00000000802f76b8]
[c=4070000000 pc=00000000802f76c2]
[c=4071000000 pc=00000000802f76a2]
[c=4072000000 pc=0000000080ae2cb8]
[c=4073000000 pc=0000000080ae2cea]
[c=4074000000 pc=00000000802f76a2]
[c=4075000000 pc=00000000802f77f8]
[c=4076000000 pc=00000000802f775a]
[c=4077000000 pc=00000000802f775a]
[c=4078000000 pc=00000000802f38b0]
[c=4079000000 pc=00000000802f77f8]
[c=4080000000 pc=00000000802f76a6]
[c=4081000000 pc=00000000802f769e]
[c=4082000000 pc=00000000802f77f4]
[c=4083000000 pc=00000000802f769c]
[c=4084000000 pc=00000000802f76bc]
[c=4085000000 pc=00000000802f76c6]
[c=4086000000 pc=0000000080ae2cd8]
[c=4087000000 pc=00000000802f7752]
[c=4088000000 pc=00000000802f77ec]
[c=4089000000 pc=00000000802f77ec]
[c=4090000000 pc=00000000802f7690]
[c=4091000000 pc=00000000802f77e8]
[c=4092000000 pc=00000000802f76c6]
[c=4093000000 pc=00000000802f77e8]
[c=4094000000 pc=00000000802f76c2]
[c=4095000000 pc=0000000080ad899e]
[c=4096000000 pc=00000000802f775a]
[c=4097000000 pc=0000000080ae2d08]
[c=4098000000 pc=00000000802f77e8]
[c=4099000000 pc=00000000802f76b4]
[c=4100000000 pc=00000000802f77f8]
[c=4101000000 pc=00000000802f769c]
[c=4102000000 pc=0000000080ae2cde]
[c=4103000000 pc=00000000802f77fa]
[c=4104000000 pc=00000000802f7736]
[c=4105000000 pc=00000000802f77e2]
[c=4106000000 pc=00000000802f77e6]
[c=4107000000 pc=00000000802f76a2]
[c=4108000000 pc=00000000802f76bc]
[c=4109000000 pc=00000000802f76d4]
[c=4110000000 pc=00000000802f77e2]
[c=4111000000 pc=00000000802f77f4]
[c=4112000000 pc=0000000080ae2cbc]
[c=4113000000 pc=00000000802f77f4]
[c=4114000000 pc=00000000802f7752]
[c=4115000000 pc=00000000802f7828]
[c=4116000000 pc=00000000802f778a]
[c=4117000000 pc=00000000802f7718]
[c=4118000000 pc=00000000802f769c]
[c=4119000000 pc=00000000802f7652]
[c=4120000000 pc=0000000080ae2cdc]
[c=4121000000 pc=00000000802f775e]
[c=4122000000 pc=00000000802f76bc]
[c=4123000000 pc=00000000802f77fa]
[c=4124000000 pc=00000000802f7650]
[c=4125000000 pc=00000000802f77f8]
[c=4126000000 pc=00000000802f765c]
[c=4127000000 pc=0000000080ad8a00]
[c=4128000000 pc=00000000802f767e]
[c=4129000000 pc=0000000080ae2cfa]
[c=4130000000 pc=00000000802f76aa]
[c=4131000000 pc=00000000802f76bc]
[c=4132000000 pc=00000000802f77fc]
[c=4133000000 pc=0000000080ae2cae]
[c=4134000000 pc=00000000802f7776]
[c=4135000000 pc=00000000802f77e6]
[c=4136000000 pc=00000000802f77f0]
[c=4137000000 pc=00000000802f38b0]
[c=4138000000 pc=00000000802f769e]
[c=4139000000 pc=00000000802f76b8]
[c=4140000000 pc=00000000802f777a]
[c=4141000000 pc=00000000802f769e]
[c=4142000000 pc=00000000802f77fc]
[c=4143000000 pc=00000000802f39fa]
[c=4144000000 pc=00000000802f772a]
[c=4145000000 pc=00000000802f7732]
[c=4146000000 pc=00000000802f76c2]
[c=4147000000 pc=00000000802f7660]
[c=4148000000 pc=00000000802f76bc]
[c=4149000000 pc=00000000802f77f0]
[c=4150000000 pc=00000000802f385e]
[c=4151000000 pc=00000000802f771e]
[c=4152000000 pc=00000000802f76e8]
[c=4153000000 pc=00000000802f76a2]
[c=4154000000 pc=0000000080ae2cae]
[c=4155000000 pc=00000000802f76bc]
[c=4156000000 pc=00000000802f77e0]
[c=4157000000 pc=00000000802f77f4]
[c=4158000000 pc=00000000802f7776]
[c=4159000000 pc=0000000080ae2be0]
[c=4160000000 pc=00000000802f7770]
[c=4161000000 pc=00000000802f77f0]
[c=4162000000 pc=00000000802f77e8]
[c=4163000000 pc=0000000080ad91e4]
[c=4164000000 pc=0000000080ae2d94]
[c=4165000000 pc=0000000080ae2a58]
[c=4166000000 pc=00000000802f76b0]
[c=4167000000 pc=00000000802f775e]
[c=4168000000 pc=00000000802f76c6]
[c=4169000000 pc=00000000802f76b8]
[c=4170000000 pc=00000000802f77e2]
[c=4171000000 pc=00000000802f7650]
[c=4172000000 pc=0000000080ae2d90]
[c=4173000000 pc=00000000802f77f4]
[c=4174000000 pc=00000000802f77fa]
[c=4175000000 pc=00000000802f77f8]
[c=4176000000 pc=00000000802f77ec]
[c=4177000000 pc=00000000802f76b4]
[c=4178000000 pc=00000000802f76bc]
[c=4179000000 pc=00000000802f77f8]
[c=4180000000 pc=0000000080ae2da8]
[c=4181000000 pc=00000000802f77e2]
[c=4182000000 pc=00000000802f77fa]
[c=4183000000 pc=00000000802f76b4]
[c=4184000000 pc=0000000080ae2d90]
[c=4185000000 pc=00000000802f77fa]
[c=4186000000 pc=00000000802f77f8]
[c=4187000000 pc=00000000802f77ec]
[c=4188000000 pc=00000000802f769c]
[c=4189000000 pc=00000000802f76a2]
[c=4190000000 pc=0000000080ae2d38]
[c=4191000000 pc=00000000802f775e]
[c=4192000000 pc=00000000802f76b0]
[c=4193000000 pc=00000000802f77f8]
[c=4194000000 pc=00000000802f77e6]
[c=4195000000 pc=00000000802f77fa]
[c=4196000000 pc=00000000802f77f4]
[c=4197000000 pc=00000000802f77e8]
[c=4198000000 pc=0000000080ae2ca4]
[c=4199000000 pc=0000000080ae2d6c]
[c=4200000000 pc=00000000802f77e8]
[c=4201000000 pc=00000000802f769e]
[c=4202000000 pc=00000000802f76b4]
[c=4203000000 pc=00000000802f77f8]
[c=4204000000 pc=00000000802f76a6]
[c=4205000000 pc=0000000080ad89d2]
[c=4206000000 pc=00000000802f7756]
[c=4207000000 pc=00000000802f76c0]
[c=4208000000 pc=00000000802f77fc]
[c=4209000000 pc=00000000802f77ec]
[c=4210000000 pc=00000000802f7810]
[c=4211000000 pc=00000000802f77fa]
[c=4212000000 pc=00000000802f76a6]
[c=4213000000 pc=00000000802f77fa]
[c=4214000000 pc=00000000802f77f4]
[c=4215000000 pc=00000000802f77e6]
[c=4216000000 pc=00000000802f76b4]
[c=4217000000 pc=00000000802f76b4]
[c=4218000000 pc=00000000802f77fa]
[c=4219000000 pc=00000000802f77ec]
[c=4220000000 pc=00000000802f76a2]
[c=4221000000 pc=00000000802f77e2]
[c=4222000000 pc=00000000802f7756]
[c=4223000000 pc=00000000802f77e6]
[c=4224000000 pc=00000000802f77f4]
[c=4225000000 pc=00000000802f777e]
[c=4226000000 pc=00000000802f77e2]
[c=4227000000 pc=00000000802f77f0]
[c=4228000000 pc=00000000802f7728]
[c=4229000000 pc=00000000802f769e]
[c=4230000000 pc=00000000802f7694]
[c=4231000000 pc=00000000802f76ac]
[c=4232000000 pc=00000000802f76a2]
[c=4233000000 pc=00000000802f76c6]
[c=4234000000 pc=0000000080ad89b6]
[c=4235000000 pc=0000000080ae2cd0]
[c=4236000000 pc=00000000802f77fa]
[c=4237000000 pc=00000000802f77f8]
[c=4238000000 pc=00000000802f7762]
[c=4239000000 pc=00000000802f7660]
[c=4240000000 pc=00000000802f76a6]
[c=4241000000 pc=00000000802f77e0]
[c=4242000000 pc=00000000802f38aa]
[c=4243000000 pc=00000000802f7752]
[c=4244000000 pc=00000000802f77f8]
[c=4245000000 pc=00000000802f76b8]
[c=4246000000 pc=00000000802f76e6]
[c=4247000000 pc=00000000802f38ac]
[c=4248000000 pc=00000000802f77f4]
[c=4249000000 pc=00000000802f775e]
[c=4250000000 pc=00000000802f77f0]
[c=4251000000 pc=0000000080ae2bee]
[c=4252000000 pc=00000000802f7666]
[c=4253000000 pc=00000000802f7658]
[c=4254000000 pc=00000000802f77fc]
[c=4255000000 pc=0000000080ae2d36]
[c=4256000000 pc=0000000080ad9642]
[c=4257000000 pc=00000000802f7756]
[c=4258000000 pc=00000000802f76aa]
[c=4259000000 pc=0000000080ade5e2]
[c=4260000000 pc=00000000802f7758]
[c=4261000000 pc=00000000802f76b0]
[c=4262000000 pc=00000000802f771a]
[c=4263000000 pc=00000000802f7752]
[c=4264000000 pc=00000000802f77e0]
[c=4265000000 pc=0000000080ae29c4]
[c=4266000000 pc=00000000802f77f4]
[c=4267000000 pc=00000000802f7758]
[c=4268000000 pc=00000000802f7756]
[c=4269000000 pc=00000000802f77fa]
[c=4270000000 pc=0000000080ae2cc8]
[c=4271000000 pc=00000000802f7658]
[c=4272000000 pc=00000000802f77f4]
[c=4273000000 pc=00000000802f77fc]
[c=4274000000 pc=00000000802f76b0]
[c=4275000000 pc=0000000080ae2d48]
[c=4276000000 pc=00000000802f77f4]
[c=4277000000 pc=00000000802f769c]
[c=4278000000 pc=00000000802f77f4]
[c=4279000000 pc=00000000802f772c]
[c=4280000000 pc=00000000802f769c]
[c=4281000000 pc=00000000802f7782]
[c=4282000000 pc=0000000080ae2cdc]
[c=4283000000 pc=0000000080ae29de]
[c=4284000000 pc=0000000080ae2dac]
[c=4285000000 pc=00000000802f77f8]
[c=4286000000 pc=00000000802f77fa]
[c=4287000000 pc=00000000802f773a]
[c=4288000000 pc=0000000080ad96b6]
[c=4289000000 pc=0000000080ae2d36]
[c=4290000000 pc=0000000080ae2d90]
[c=4291000000 pc=00000000802f76aa]
[c=4292000000 pc=00000000802f77f8]
[c=4293000000 pc=00000000802f76bc]
[c=4294000000 pc=00000000802f769c]
[c=4295000000 pc=00000000802f76bc]
[c=4296000000 pc=00000000802f76b8]
[c=4297000000 pc=00000000802f76c0]
[c=4298000000 pc=00000000802f76c2]
[c=4299000000 pc=00000000802f76bc]
[c=4300000000 pc=00000000802f77ec]
[c=4301000000 pc=00000000802f77d8]
[c=4302000000 pc=0000000080ae29da]
[c=4303000000 pc=00000000802f778a]
[c=4304000000 pc=00000000802f77e0]
[c=4305000000 pc=00000000802f77e2]
[c=4306000000 pc=0000000080ae2d08]
[c=4307000000 pc=00000000802f76c0]
[c=4308000000 pc=00000000802f7698]
[c=4309000000 pc=00000000802f7736]
[c=4310000000 pc=00000000802f7698]
[c=4311000000 pc=00000000802f77fc]
[c=4312000000 pc=00000000802f77f8]
[c=4313000000 pc=00000000802f76b8]
[c=4314000000 pc=00000000802f777e]
[c=4315000000 pc=00000000802f77f4]
[c=4316000000 pc=00000000802f76c2]
[c=4317000000 pc=00000000802f7718]
[c=4318000000 pc=0000000080ae2d38]
[c=4319000000 pc=00000000802f7736]
[c=4320000000 pc=00000000802f77ec]
[c=4321000000 pc=00000000802f77f4]
[c=4322000000 pc=00000000802f76ac]
[c=4323000000 pc=00000000802f76a6]
[c=4324000000 pc=00000000802f76ac]
[c=4325000000 pc=00000000802f77fa]
[c=4326000000 pc=00000000802f7690]
[c=4327000000 pc=00000000802f7698]
[c=4328000000 pc=00000000802f76bc]
[c=4329000000 pc=00000000802f77ec]
[c=4330000000 pc=00000000802f773a]
[c=4331000000 pc=00000000802f7772]
[c=4332000000 pc=00000000802f7736]
[c=4333000000 pc=00000000802f7698]
[c=4334000000 pc=00000000802f77e8]
[c=4335000000 pc=00000000802f76b4]
[c=4336000000 pc=00000000802f77f4]
[c=4337000000 pc=00000000802f77f8]
[c=4338000000 pc=00000000802f76bc]
[c=4339000000 pc=00000000802f77f0]
[c=4340000000 pc=00000000802f77e0]
[c=4341000000 pc=00000000802f77fa]
[c=4342000000 pc=00000000802f76a2]
[c=4343000000 pc=00000000802f76bc]
[c=4344000000 pc=00000000802f77f8]
[c=4345000000 pc=00000000802f76b8]
[c=4346000000 pc=00000000802f7800]
[c=4347000000 pc=00000000802f7826]
[c=4348000000 pc=00000000802f772c]
[c=4349000000 pc=00000000802f7652]
[c=4350000000 pc=00000000802f76a6]
[c=4351000000 pc=00000000802f7752]
[c=4352000000 pc=00000000802f77ec]
[c=4353000000 pc=00000000802f76bc]
[c=4354000000 pc=00000000802f77fa]
[c=4355000000 pc=00000000802f77d8]
[c=4356000000 pc=00000000802f77fa]
[c=4357000000 pc=0000000080ae2d36]
[c=4358000000 pc=00000000802f76ae]
[c=4359000000 pc=00000000802f76c0]
[c=4360000000 pc=00000000802f7800]
[c=4361000000 pc=00000000802f76b4]
[c=4362000000 pc=00000000802f769c]
[c=4363000000 pc=00000000802f77e8]
[c=4364000000 pc=00000000802f76b8]
[c=4365000000 pc=0000000080ad89a2]
[c=4366000000 pc=00000000802f389a]
[c=4367000000 pc=00000000802f77fa]
[c=4368000000 pc=00000000802f7758]
[c=4369000000 pc=00000000802f76b8]
[c=4370000000 pc=00000000802f769c]
[c=4371000000 pc=00000000802f769c]
[c=4372000000 pc=00000000802f7752]
[c=4373000000 pc=00000000802f7732]
[c=4374000000 pc=00000000802f76b8]
[c=4375000000 pc=0000000080ae2d64]
[c=4376000000 pc=00000000802f776c]
[c=4377000000 pc=00000000802f77f4]
[c=4378000000 pc=0000000080ae29b6]
[c=4379000000 pc=00000000802f77f0]
[c=4380000000 pc=00000000802f76c6]
[c=4381000000 pc=00000000802f76b4]
[c=4382000000 pc=00000000802f76a6]
[c=4383000000 pc=00000000802f77e0]
[c=4384000000 pc=00000000802f76a2]
[c=4385000000 pc=00000000802f7772]
[c=4386000000 pc=00000000802f77f4]
[c=4387000000 pc=00000000802f7698]
[c=4388000000 pc=0000000080ae2dac]
[c=4389000000 pc=00000000802f76c0]
[c=4390000000 pc=00000000802f76ae]
[c=4391000000 pc=00000000802f77f0]
[c=4392000000 pc=00000000802f76b4]
[c=4393000000 pc=0000000080ae29da]
[c=4394000000 pc=0000000080ae29c8]
[c=4395000000 pc=00000000802f76c6]
[c=4396000000 pc=00000000802f76b0]
[c=4397000000 pc=00000000802f77f4]
[c=4398000000 pc=00000000802f76bc]
[c=4399000000 pc=00000000802f77fa]
[c=4400000000 pc=00000000802f7728]
[c=4401000000 pc=00000000802f76b4]
[c=4402000000 pc=00000000802f76b0]
[c=4403000000 pc=00000000802f769e]
[c=4404000000 pc=00000000802f76b0]
[c=4405000000 pc=00000000802f76c2]
[c=4406000000 pc=00000000802f771a]
[c=4407000000 pc=0000000080ae2d32]
[c=4408000000 pc=00000000802f77e6]
[c=4409000000 pc=00000000802f76aa]
[c=4410000000 pc=00000000802f769c]
[c=4411000000 pc=0000000080ae2d7c]
[c=4412000000 pc=00000000802f77ec]
[c=4413000000 pc=00000000802f76b4]
[c=4414000000 pc=00000000802f76b0]
[c=4415000000 pc=0000000080ae2d36]
[c=4416000000 pc=00000000802f77e2]
[c=4417000000 pc=00000000802f76c0]
[c=4418000000 pc=00000000802f76a6]
[c=4419000000 pc=00000000802f77e6]
[c=4420000000 pc=00000000802f7814]
[c=4421000000 pc=00000000802f77ec]
[c=4422000000 pc=00000000802f776c]
[c=4423000000 pc=00000000802f77e0]
[c=4424000000 pc=00000000802f76b8]
[c=4425000000 pc=00000000802f76b8]
[c=4426000000 pc=0000000080ae2cde]
[c=4427000000 pc=00000000802f7698]
[c=4428000000 pc=00000000802f76c6]
[c=4429000000 pc=00000000802f77dc]
[c=4430000000 pc=00000000802f76b0]
[c=4431000000 pc=00000000802f776c]
[c=4432000000 pc=00000000802f77e0]
[c=4433000000 pc=00000000802f76ac]
[c=4434000000 pc=00000000802f77fa]
[c=4435000000 pc=00000000802f7814]
[c=4436000000 pc=00000000802f77ec]
[c=4437000000 pc=00000000802f77fa]
[c=4438000000 pc=00000000802f76aa]
[c=4439000000 pc=00000000802f7756]
[c=4440000000 pc=00000000802f77fa]
[c=4441000000 pc=00000000802f76b4]
[c=4442000000 pc=00000000802f77e8]
[c=4443000000 pc=00000000802f76ac]
[c=4444000000 pc=00000000802f77e0]
[c=4445000000 pc=00000000802f77e8]
[c=4446000000 pc=00000000802f77e0]
[c=4447000000 pc=00000000802f76a2]
[c=4448000000 pc=0000000080ae29b6]
[c=4449000000 pc=00000000802f77f0]
[c=4450000000 pc=00000000802f77f0]
[c=4451000000 pc=00000000802f77e6]
[c=4452000000 pc=00000000802f76b4]
[c=4453000000 pc=00000000802f77e2]
[c=4454000000 pc=00000000802f7724]
[c=4455000000 pc=00000000802f778a]
[c=4456000000 pc=00000000802f76c0]
[c=4457000000 pc=00000000802f7756]
[c=4458000000 pc=0000000080ad8998]
[c=4459000000 pc=00000000802f7752]
[c=4460000000 pc=00000000802f77fa]
[c=4461000000 pc=00000000802f7698]
[c=4462000000 pc=00000000802f7660]
[c=4463000000 pc=00000000802f7660]
[c=4464000000 pc=00000000802f765c]
[c=4465000000 pc=00000000802f76ac]
[c=4466000000 pc=00000000802f77f4]
[c=4467000000 pc=0000000080ad89da]
[c=4468000000 pc=00000000802f769e]
[c=4469000000 pc=00000000802f775e]
[c=4470000000 pc=00000000802f76b4]
[c=4471000000 pc=00000000802f77ec]
[c=4472000000 pc=00000000802f77f4]
[c=4473000000 pc=00000000802f77e0]
[c=4474000000 pc=00000000802f76bc]
[c=4475000000 pc=00000000802f76aa]
[c=4476000000 pc=00000000802f77fa]
[c=4477000000 pc=00000000802f76ac]
[c=4478000000 pc=00000000802f77f4]
[c=4479000000 pc=00000000802f76b4]
[c=4480000000 pc=00000000802f76b4]
[c=4481000000 pc=00000000802f77f8]
[c=4482000000 pc=0000000080ae2ce2]
[c=4483000000 pc=00000000802f77fa]
[c=4484000000 pc=0000000080ae29c4]
[c=4485000000 pc=00000000802f76c2]
[c=4486000000 pc=00000000802f775e]
[c=4487000000 pc=0000000080ae2d4c]
[c=4488000000 pc=00000000802f76b4]
[c=4489000000 pc=00000000802f7772]
[c=4490000000 pc=0000000080ae2d7c]
[c=4491000000 pc=00000000802f7698]
[c=4492000000 pc=0000000080ae2d38]
[c=4493000000 pc=00000000802f76a2]
[c=4494000000 pc=00000000802f773a]
[c=4495000000 pc=00000000802f769c]
[c=4496000000 pc=00000000802f77ec]
[c=4497000000 pc=00000000802f76b8]
[c=4498000000 pc=00000000802f7690]
[c=4499000000 pc=00000000802f76ac]
[c=4500000000 pc=00000000802f76b8]
[c=4501000000 pc=00000000802f76c0]
[c=4502000000 pc=00000000802f76b4]
[c=4503000000 pc=00000000802f76b4]
[c=4504000000 pc=00000000802f76ae]
[c=4505000000 pc=00000000802f77e6]
[c=4506000000 pc=00000000802f769c]
[c=4507000000 pc=00000000802f76b0]
[c=4508000000 pc=00000000802f76a6]
[c=4509000000 pc=00000000802f77e8]
[c=4510000000 pc=00000000802f76ae]
[c=4511000000 pc=00000000802f76b4]
[c=4512000000 pc=00000000802f76bc]
[c=4513000000 pc=0000000080ae2cf2]
[c=4514000000 pc=00000000802f76b8]
[c=4515000000 pc=00000000802f77fa]
[c=4516000000 pc=00000000802f7814]
[c=4517000000 pc=00000000802f7758]
[c=4518000000 pc=0000000080ae2cae]
[c=4519000000 pc=00000000802f77f8]
[c=4520000000 pc=00000000802f7720]
[c=4521000000 pc=00000000802f77e0]
[c=4522000000 pc=0000000080ae2ce2]
[c=4523000000 pc=0000000080ae29c0]
[c=4524000000 pc=00000000802f76c2]
[c=4525000000 pc=00000000802f772a]
[c=4526000000 pc=00000000802f76aa]
[c=4527000000 pc=0000000080ad8996]
[c=4528000000 pc=0000000080ae29b6]
[c=4529000000 pc=00000000802f77f4]
[c=4530000000 pc=00000000802f77f0]
[c=4531000000 pc=0000000080ae2be4]
[c=4532000000 pc=00000000802f77e0]
[c=4533000000 pc=00000000802f77f0]
[c=4534000000 pc=00000000802f7772]
[c=4535000000 pc=00000000802f76aa]
[c=4536000000 pc=00000000802f77fc]
[c=4537000000 pc=00000000802f76c6]
[c=4538000000 pc=00000000802f7758]
[c=4539000000 pc=00000000802f77dc]
[c=4540000000 pc=00000000802f765c]
[c=4541000000 pc=00000000802f765c]
[c=4542000000 pc=00000000802f76b4]
[c=4543000000 pc=000000008025539c]
[   63.216427] HugeTLB: registered 2.00 MiB page size, pre-allocated 0 pages
[   63.217129] HugeTLB: 28 KiB vmemmap can be freed for a 2.00 MiB page
[c=4544000000 pc=0000000080ad49b2]
[c=4545000000 pc=0000000080ae2bec]
[c=4546000000 pc=0000000080ac3e28]
[   63.264916] SCSI subsystem initialized
[c=4547000000 pc=00000000804d6386]
[   63.276377] Advanced Linux Sound Architecture Driver Initialized.
[c=4548000000 pc=0000000080ae2b24]
[c=4549000000 pc=00000000806bcef6]
[c=4550000000 pc=00000000808e2ae0]
[   63.318613] clocksource: Switched to clocksource riscv_clocksource
[c=4551000000 pc=0000000080ae2b20]
[c=4552000000 pc=00000000802f5d32]
[c=4553000000 pc=0000000080416b82]
[c=4554000000 pc=00000000802f5bdc]
[c=4555000000 pc=0000000080ae2ba8]
[c=4556000000 pc=00000000802591e0]
[c=4557000000 pc=00000000804e064e]
[c=4558000000 pc=0000000080ac6838]
[c=4559000000 pc=0000000080ae2b3a]
[c=4560000000 pc=000000008024f1a0]
[c=4561000000 pc=00000000802c90da]
[c=4562000000 pc=0000000080ada7b8]
[c=4563000000 pc=0000000080ac2474]
[c=4564000000 pc=0000000080463166]
[c=4565000000 pc=0000000080419f4e]
[c=4566000000 pc=0000000080463176]
[c=4567000000 pc=0000000080adb6e6]
[c=4568000000 pc=00000000803c853a]
[c=4569000000 pc=00000000804dd4b6]
[   63.602559] NET: Registered PF_INET protocol family
[   63.607136] IP idents hash table entries: 32768 (order: 6, 262144 bytes, linear)
[c=4570000000 pc=00000000806ae5ce]
[c=4571000000 pc=00000000806ae5a0]
[c=4572000000 pc=00000000806ae5a0]
[c=4573000000 pc=00000000806ae840]
[c=4574000000 pc=00000000806ae584]
[c=4575000000 pc=00000000806ae6b2]
[c=4576000000 pc=00000000806ae634]
[c=4577000000 pc=00000000806ae84c]
[c=4578000000 pc=00000000806ae686]
[c=4579000000 pc=00000000806ae692]
[c=4580000000 pc=00000000806ae6d2]
[c=4581000000 pc=00000000806ae6ce]
[c=4582000000 pc=0000000080ae293e]
[c=4583000000 pc=00000000806ae534]
[c=4584000000 pc=00000000806ae848]
[c=4585000000 pc=00000000806ae5e2]
[c=4586000000 pc=0000000080a00670]
[   63.857692] tcp_listen_portaddr_hash hash table entries: 1024 (order: 1, 8192 bytes, linear)
[   63.859436] Table-perturb hash table entries: 65536 (order: 6, 262144 bytes, linear)
[   63.860415] TCP established hash table entries: 16384 (order: 5, 131072 bytes, linear)
[c=4587000000 pc=0000000080c33122]
[   63.871436] TCP bind hash table entries: 16384 (order: 6, 262144 bytes, linear)
[c=4588000000 pc=0000000080c331ae]
[   63.886887] TCP: Hash tables configured (established 16384 bind 16384)
[   63.889311] UDP hash table entries: 1024 (order: 4, 65536 bytes, linear)
[   63.895051] NET: Registered PF_UNIX/PF_LOCAL protocol family
[c=4589000000 pc=00000000802a0a00]
[   63.905121] RPC: Registered named UNIX socket transport module.
[   63.905774] RPC: Registered udp transport module.
[   63.906332] RPC: Registered tcp transport module.
[   63.906887] RPC: Registered tcp-with-tls transport module.
[   63.907471] RPC: Registered tcp NFSv4.1 backchannel transport module.
[c=4590000000 pc=00000000807876a8]
[c=4591000000 pc=0000000080264208]
[   63.931725] workingset: timestamp_bits=46 (anon: 42) max_order=19 bucket_order=0 (anon: 0)
[c=4592000000 pc=00000000802567fa]
[   63.950366] NFS: Registering the id_resolver key type
[   63.951262] Key type id_resolver registered
[   63.951826] Key type id_legacy registered
[   63.952921] nfs4filelayout_init: NFSv4 File Layout Driver Registering...
[   63.953576] nfs4flexfilelayout_init: NFSv4 Flexfile Layout Driver Registering...
[   63.958160] 9p: Installing v9fs 9p2000 file system support
[c=4593000000 pc=0000000080ae2cc0]
[   63.965057] Block layer SCSI generic (bsg) driver version 0.4 loaded (major 251)
[   63.968670] io scheduler mq-deadline registered
[   63.969296] io scheduler kyber registered
[   63.970863] io scheduler bfq registered
[c=4594000000 pc=0000000080aeb3ce]
[   63.984010] riscv-plic: interrupt-controller@c000000: mapped 54 interrupts with 1 handlers for 2 contexts.
[c=4595000000 pc=0000000080ae2c64]
[c=4596000000 pc=0000000080ae2b58]
[c=4597000000 pc=0000000080ae2b0c]
[c=4598000000 pc=00000000802c9cf8]
[c=4599000000 pc=000000008041980e]
[c=4600000000 pc=00000000804e4904]
[c=4601000000 pc=00000000802a5710]
[c=4602000000 pc=0000000080258c4c]
[c=4603000000 pc=000000008024bf32]
[c=4604000000 pc=00000000804e0ee4]
[c=4605000000 pc=0000000080ad4958]
[c=4606000000 pc=0000000080258396]
[c=4607000000 pc=0000000080259d64]
[c=4608000000 pc=0000000080ac47e0]
[c=4609000000 pc=000000008024bf76]
[c=4610000000 pc=0000000080ae68f2]
[c=4611000000 pc=0000000080ac83f4]
[c=4612000000 pc=00000000804623b8]
[c=4613000000 pc=0000000080416c3e]
[c=4614000000 pc=0000000080ad4938]
[c=4615000000 pc=0000000080ade3ac]
[c=4616000000 pc=0000000080257c68]
[c=4617000000 pc=0000000080ac6d18]
[c=4618000000 pc=0000000080ada6fe]
[c=4619000000 pc=00000000804e05f8]
[c=4620000000 pc=000000008041b2b6]
[c=4621000000 pc=00000000802538da]
[c=4622000000 pc=00000000804e5c2a]
[c=4623000000 pc=0000000080ade35a]
[c=4624000000 pc=0000000080249a5c]
[c=4625000000 pc=0000000080ade24c]
[c=4626000000 pc=0000000080aeb3de]
[c=4627000000 pc=0000000080ad972c]
[c=4628000000 pc=0000000080ac4bc0]
[c=4629000000 pc=0000000080474002]
[c=4630000000 pc=0000000080ada7b4]
[c=4631000000 pc=00000000804e0edc]
[c=4632000000 pc=00000000804e05f4]
[c=4633000000 pc=000000008025cfa2]
[c=4634000000 pc=0000000080416bb8]
[c=4635000000 pc=00000000802c9d78]
[c=4636000000 pc=0000000080258aca]
[c=4637000000 pc=0000000080ae2948]
[c=4638000000 pc=0000000080ae6938]
[c=4639000000 pc=000000008024f032]
[c=4640000000 pc=00000000804160fe]
[c=4641000000 pc=0000000080472770]
[c=4642000000 pc=0000000080ada70a]
[c=4643000000 pc=0000000080acc47a]
[c=4644000000 pc=00000000802c9d72]
[c=4645000000 pc=00000000804d4944]
[c=4646000000 pc=00000000804e095c]
[c=4647000000 pc=00000000802558a4]
[c=4648000000 pc=000000008024bf72]
[c=4649000000 pc=0000000080731890]
[c=4650000000 pc=0000000080ad4902]
[c=4651000000 pc=0000000080ada7a2]
[c=4652000000 pc=00000000804e2aa0]
[c=4653000000 pc=0000000080253dc6]
[c=4654000000 pc=0000000080461612]
[c=4655000000 pc=000000008024bf9c]
[c=4656000000 pc=00000000802568b8]
[c=4657000000 pc=0000000080416bc6]
[c=4658000000 pc=00000000804e03a0]
[c=4659000000 pc=00000000802643b2]
[c=4660000000 pc=00000000802c9dac]
[c=4661000000 pc=00000000804e2c18]
[c=4662000000 pc=0000000080ac4f22]
[c=4663000000 pc=0000000080ae9dd8]
[c=4664000000 pc=0000000080ae2944]
[c=4665000000 pc=00000000802710fe]
[c=4666000000 pc=00000000804e2c28]
[c=4667000000 pc=0000000080416b78]
[c=4668000000 pc=000000008024bf22]
[c=4669000000 pc=00000000804e0eaa]
[c=4670000000 pc=0000000080ae2932]
[c=4671000000 pc=0000000080ada65a]
[c=4672000000 pc=0000000080ae2944]
[c=4673000000 pc=0000000080471a32]
[c=4674000000 pc=0000000080ad17f6]
[c=4675000000 pc=00000000804bf240]
[c=4676000000 pc=0000000080acc32c]
[c=4677000000 pc=0000000080ac52a0]
[c=4678000000 pc=0000000080ae2b98]
[c=4679000000 pc=0000000080419890]
[   65.261638] Serial: 8250/16550 driver, 4 ports, IRQ sharing disabled
[c=4680000000 pc=0000000080adb6fa]
[c=4681000000 pc=00000000804e5d8c]
[c=4682000000 pc=000000008088c15c]
[   65.307589] printk: legacy console [ttyS0] disabled
[c=4683000000 pc=0000000080ade248]
[   65.317835] 10000000.uart: ttyS0 at MMIO 0x10000000 (irq = 1, base_baud = 230400) is a 16550A
[   65.319333] printk: legacy console [ttyS0] enabled
[   65.319333] printk: legacy console [ttyS0] enabled
[   65.323469] printk: legacy bootconsole [sbi0] disabled
[   65.323469] printk: legacy bootconsole [sbi0] disabled
[c=4684000000 pc=000000008086014c]
[c=4685000000 pc=00000000802afe70]
[c=4686000000 pc=0000000080ae5330]
[c=4687000000 pc=0000000080261df2]
[c=4688000000 pc=0000000080860402]
[c=4689000000 pc=0000000080860150]
[c=4690000000 pc=00000000802afe74]
[c=4691000000 pc=0000000080ae5332]
[c=4692000000 pc=0000000080261df4]
[c=4693000000 pc=0000000080860404]
[c=4694000000 pc=0000000080860154]
[c=4695000000 pc=00000000802afe76]
[c=4696000000 pc=0000000080261fc4]
[c=4697000000 pc=0000000080261df6]
[c=4698000000 pc=0000000080860408]
[c=4699000000 pc=0000000080860156]
[c=4700000000 pc=0000000080261fdc]
[c=4701000000 pc=0000000080261f18]
[c=4702000000 pc=0000000080261df8]
[c=4703000000 pc=0000000080860414]
[c=4704000000 pc=0000000080261eb8]
[c=4705000000 pc=0000000080261fbc]
[c=4706000000 pc=0000000080261e6e]
[c=4707000000 pc=0000000080261dfa]
[c=4708000000 pc=0000000080860416]
[c=4709000000 pc=0000000080261fb2]
[c=4710000000 pc=0000000080261fc0]
[c=4711000000 pc=00000000802aff2c]
[c=4712000000 pc=0000000080261e78]
[c=4713000000 pc=0000000080261ea4]
[c=4714000000 pc=0000000080261fb6]
[c=4715000000 pc=0000000080ae530c]
[c=4716000000 pc=00000000802aff30]
[c=4717000000 pc=0000000080261e78]
[c=4718000000 pc=0000000080261eaa]
[c=4719000000 pc=0000000080261fd2]
[c=4720000000 pc=0000000080ae530e]
[c=4721000000 pc=00000000802aff32]
[c=4722000000 pc=0000000080261e7c]
[c=4723000000 pc=0000000080261eac]
[c=4724000000 pc=00000000802afaca]
[c=4725000000 pc=0000000080ae5314]
[c=4726000000 pc=00000000802aff34]
[c=4727000000 pc=0000000080261e7e]
[c=4728000000 pc=0000000080261eb0]
[c=4729000000 pc=00000000802afacc]
[c=4730000000 pc=0000000080ae5318]
[c=4731000000 pc=00000000802aff38]
[c=4732000000 pc=0000000080261e80]
[c=4733000000 pc=0000000080261eb4]
[c=4734000000 pc=00000000802afad0]
[c=4735000000 pc=0000000080ae531a]
[c=4736000000 pc=00000000802aff3c]
[c=4737000000 pc=0000000080261ddc]
[c=4738000000 pc=0000000080860130]
[c=4739000000 pc=00000000802afad8]
[c=4740000000 pc=0000000080ae5320]
[c=4741000000 pc=00000000802aff3c]
[c=4742000000 pc=0000000080261de0]
[c=4743000000 pc=0000000080860132]
[c=4744000000 pc=00000000802afada]
[c=4745000000 pc=0000000080ae304e]
[c=4746000000 pc=00000000802aff3e]
[c=4747000000 pc=0000000080261de2]
[c=4748000000 pc=0000000080860134]
[c=4749000000 pc=00000000802afade]
[c=4750000000 pc=0000000080ae3050]
[c=4751000000 pc=00000000802aff4c]
[c=4752000000 pc=0000000080261de6]
[c=4753000000 pc=0000000080860136]
[c=4754000000 pc=00000000802afae2]
[c=4755000000 pc=0000000080ae3054]
[c=4756000000 pc=00000000802aff4e]
[c=4757000000 pc=0000000080261dea]
[c=4758000000 pc=0000000080860138]
[c=4759000000 pc=0000000080261fd6]
[c=4760000000 pc=0000000080ae305c]
[c=4761000000 pc=0000000080261e72]
[c=4762000000 pc=0000000080261e88]
[c=4763000000 pc=000000008086013c]
[c=4764000000 pc=00000000802afe60]
[c=4765000000 pc=0000000080ae305e]
[c=4766000000 pc=0000000080261e74]
[c=4767000000 pc=0000000080261e90]
[c=4768000000 pc=000000008086013c]
[c=4769000000 pc=00000000802afe64]
[c=4770000000 pc=0000000080ae3062]
[c=4771000000 pc=0000000080261e74]
[c=4772000000 pc=0000000080261e96]
[c=4773000000 pc=0000000080860142]
[c=4774000000 pc=00000000802afe66]
[c=4775000000 pc=0000000080ae5328]
[c=4776000000 pc=0000000080261dee]
[c=4777000000 pc=0000000080261e9a]
[c=4778000000 pc=000000008086014a]
[c=4779000000 pc=00000000802afe6a]
[c=4780000000 pc=0000000080ae532c]
[c=4781000000 pc=0000000080261df2]
[c=4782000000 pc=0000000080261ea0]
[c=4783000000 pc=000000008086014c]
[c=4784000000 pc=00000000802afe70]
[c=4785000000 pc=0000000080ae5330]
[c=4786000000 pc=0000000080261df2]
[c=4787000000 pc=0000000080860402]
[c=4788000000 pc=0000000080860150]
[c=4789000000 pc=00000000802afe74]
[c=4790000000 pc=0000000080ae5332]
[c=4791000000 pc=0000000080261df4]
[c=4792000000 pc=0000000080860404]
[c=4793000000 pc=0000000080860154]
[c=4794000000 pc=00000000802afe76]
[c=4795000000 pc=0000000080261fc4]
[c=4796000000 pc=0000000080261df6]
[c=4797000000 pc=0000000080860408]
[c=4798000000 pc=0000000080860156]
[c=4799000000 pc=0000000080261fdc]
[c=4800000000 pc=0000000080261f18]
[c=4801000000 pc=0000000080261df8]
[c=4802000000 pc=0000000080860414]
[c=4803000000 pc=0000000080261eb8]
[c=4804000000 pc=0000000080261fbc]
[c=4805000000 pc=0000000080261e6e]
[c=4806000000 pc=0000000080261dfa]
[c=4807000000 pc=0000000080860416]
[c=4808000000 pc=0000000080261fb2]
[c=4809000000 pc=0000000080261fc0]
[c=4810000000 pc=00000000802aff2c]
[c=4811000000 pc=0000000080261e78]
[c=4812000000 pc=0000000080261ea4]
[c=4813000000 pc=0000000080261fb6]
[c=4814000000 pc=0000000080ae530c]
[c=4815000000 pc=00000000802aff30]
[c=4816000000 pc=0000000080261e78]
[c=4817000000 pc=0000000080261eaa]
[c=4818000000 pc=0000000080261fd2]
[c=4819000000 pc=0000000080ae530e]
[c=4820000000 pc=00000000802aff32]
[c=4821000000 pc=0000000080261e7c]
[c=4822000000 pc=0000000080261eac]
[c=4823000000 pc=00000000802afaca]
[c=4824000000 pc=0000000080ae5314]
[c=4825000000 pc=00000000802aff34]
[c=4826000000 pc=0000000080261e7e]
[c=4827000000 pc=0000000080261eb0]
[c=4828000000 pc=00000000802afacc]
[c=4829000000 pc=0000000080ae5318]
[c=4830000000 pc=00000000802aff38]
[c=4831000000 pc=0000000080261e80]
[c=4832000000 pc=0000000080261eb4]
[c=4833000000 pc=00000000802afad0]
[c=4834000000 pc=0000000080ae531a]
[c=4835000000 pc=00000000802aff3c]
[c=4836000000 pc=0000000080261ddc]
[c=4837000000 pc=0000000080860130]
[c=4838000000 pc=00000000802afad8]
[c=4839000000 pc=0000000080ae5320]
[c=4840000000 pc=00000000802aff3c]
[c=4841000000 pc=0000000080261de0]
[c=4842000000 pc=0000000080860132]
[c=4843000000 pc=00000000802afada]
[c=4844000000 pc=0000000080ae304e]
[c=4845000000 pc=00000000802aff3e]
[c=4846000000 pc=0000000080261de2]
[c=4847000000 pc=0000000080860134]
[c=4848000000 pc=00000000802afade]
[c=4849000000 pc=0000000080ae3050]
[c=4850000000 pc=00000000802aff4c]
[c=4851000000 pc=0000000080261de6]
[c=4852000000 pc=0000000080860136]
[c=4853000000 pc=00000000802afae2]
[c=4854000000 pc=0000000080ae3054]
[c=4855000000 pc=00000000802aff4e]
[c=4856000000 pc=0000000080261dea]
[c=4857000000 pc=0000000080860138]
[c=4858000000 pc=0000000080261fd6]
[c=4859000000 pc=0000000080ae305c]
[c=4860000000 pc=0000000080261e72]
[c=4861000000 pc=0000000080261e88]
[c=4862000000 pc=000000008086013c]
[c=4863000000 pc=00000000802afe60]
[c=4864000000 pc=0000000080ae305e]
[c=4865000000 pc=0000000080261e74]
[c=4866000000 pc=0000000080261e90]
[c=4867000000 pc=000000008086013c]
[c=4868000000 pc=00000000802afe64]
[c=4869000000 pc=0000000080ae3062]
[c=4870000000 pc=0000000080261e74]
[c=4871000000 pc=0000000080261e96]
[c=4872000000 pc=0000000080860142]
[c=4873000000 pc=00000000802afe66]
[c=4874000000 pc=0000000080ae5328]
[c=4875000000 pc=0000000080261dee]
[c=4876000000 pc=0000000080261e9a]
[c=4877000000 pc=000000008086014a]
[c=4878000000 pc=00000000802afe6a]
[c=4879000000 pc=0000000080ae532c]
[c=4880000000 pc=0000000080261df2]
[c=4881000000 pc=0000000080261ea0]
[c=4882000000 pc=000000008086014c]
[c=4883000000 pc=00000000802afe70]
[c=4884000000 pc=0000000080ae5330]
[c=4885000000 pc=0000000080261df2]
[c=4886000000 pc=0000000080860402]
[c=4887000000 pc=0000000080860150]
[c=4888000000 pc=00000000802afe74]
[c=4889000000 pc=0000000080ae5332]
[c=4890000000 pc=0000000080261df4]
[c=4891000000 pc=0000000080860404]
[c=4892000000 pc=0000000080860154]
[c=4893000000 pc=00000000802afe76]
[c=4894000000 pc=0000000080261fc4]
[c=4895000000 pc=0000000080261df6]
[c=4896000000 pc=0000000080860408]
[c=4897000000 pc=0000000080860156]
[c=4898000000 pc=0000000080261fdc]
[c=4899000000 pc=0000000080261f18]
[c=4900000000 pc=0000000080261df8]
[c=4901000000 pc=0000000080860414]
[c=4902000000 pc=0000000080261eb8]
[c=4903000000 pc=0000000080261fbc]
[c=4904000000 pc=0000000080261e6e]
[c=4905000000 pc=0000000080261dfa]
[c=4906000000 pc=0000000080860416]
[c=4907000000 pc=0000000080261fb2]
[c=4908000000 pc=0000000080261fc0]
[c=4909000000 pc=00000000802aff2c]
[c=4910000000 pc=0000000080261e78]
[c=4911000000 pc=0000000080261ea4]
[c=4912000000 pc=0000000080261fb6]
[c=4913000000 pc=0000000080ae530c]
[c=4914000000 pc=00000000802aff30]
[c=4915000000 pc=0000000080261e78]
[c=4916000000 pc=0000000080261eaa]
[c=4917000000 pc=0000000080261fd2]
[c=4918000000 pc=0000000080ae530e]
[c=4919000000 pc=00000000802aff32]
[c=4920000000 pc=0000000080261e7c]
[c=4921000000 pc=0000000080261eac]
[c=4922000000 pc=00000000802afaca]
[c=4923000000 pc=0000000080ae5314]
[c=4924000000 pc=00000000802aff34]
[c=4925000000 pc=0000000080261e7e]
[c=4926000000 pc=0000000080261eb0]
[c=4927000000 pc=00000000802afacc]
[c=4928000000 pc=0000000080ae5318]
[c=4929000000 pc=00000000802aff38]
[c=4930000000 pc=0000000080261e80]
[c=4931000000 pc=0000000080261eb4]
[c=4932000000 pc=00000000802afad0]
[c=4933000000 pc=0000000080ae531a]
[c=4934000000 pc=00000000802aff3c]
[c=4935000000 pc=0000000080261ddc]
[c=4936000000 pc=0000000080860130]
[c=4937000000 pc=00000000802afad8]
[c=4938000000 pc=0000000080ae5320]
[c=4939000000 pc=00000000802aff3c]
[c=4940000000 pc=0000000080261de0]
[c=4941000000 pc=0000000080860132]
[c=4942000000 pc=00000000802afada]
[c=4943000000 pc=0000000080ae304e]
[c=4944000000 pc=00000000802aff3e]
[c=4945000000 pc=0000000080261de2]
[c=4946000000 pc=0000000080860134]
[c=4947000000 pc=00000000802afade]
[c=4948000000 pc=0000000080ae3050]
[c=4949000000 pc=00000000802aff4c]
[c=4950000000 pc=0000000080261de6]
[c=4951000000 pc=0000000080860136]
[c=4952000000 pc=00000000802afae2]
[c=4953000000 pc=0000000080ae3054]
[c=4954000000 pc=00000000802aff4e]
[c=4955000000 pc=0000000080261dea]
[c=4956000000 pc=0000000080860138]
[c=4957000000 pc=0000000080261fd6]
[c=4958000000 pc=0000000080ae305c]
[c=4959000000 pc=0000000080261e72]
[c=4960000000 pc=0000000080261e88]
[c=4961000000 pc=000000008086013c]
[c=4962000000 pc=00000000802afe60]
[c=4963000000 pc=0000000080ae305e]
[c=4964000000 pc=0000000080261e74]
[c=4965000000 pc=0000000080261e90]
[c=4966000000 pc=000000008086013c]
[c=4967000000 pc=00000000802afe64]
[c=4968000000 pc=0000000080ae3062]
[c=4969000000 pc=0000000080261e74]
[c=4970000000 pc=0000000080261e96]
[c=4971000000 pc=0000000080860142]
[c=4972000000 pc=00000000802afe66]
[c=4973000000 pc=0000000080ae5328]
[c=4974000000 pc=0000000080261dee]
[c=4975000000 pc=0000000080261e9a]
[c=4976000000 pc=000000008086014a]
[c=4977000000 pc=00000000802afe6a]
[c=4978000000 pc=0000000080ae532c]
[c=4979000000 pc=0000000080261df2]
[c=4980000000 pc=0000000080261ea0]
[c=4981000000 pc=000000008086014c]
[c=4982000000 pc=00000000802afe70]
[c=4983000000 pc=0000000080ae5330]
[c=4984000000 pc=0000000080261df2]
[c=4985000000 pc=0000000080860402]
[c=4986000000 pc=0000000080860150]
[c=4987000000 pc=00000000802afe74]
[c=4988000000 pc=0000000080ae5332]
[c=4989000000 pc=0000000080261df4]
[c=4990000000 pc=0000000080860404]
[c=4991000000 pc=0000000080860154]
[c=4992000000 pc=00000000802afe76]
[c=4993000000 pc=0000000080261fc4]
[c=4994000000 pc=0000000080261df6]
[c=4995000000 pc=0000000080860408]
[c=4996000000 pc=0000000080860156]
[c=4997000000 pc=0000000080261fdc]
[c=4998000000 pc=0000000080261f18]
[c=4999000000 pc=0000000080261df8]
[c=5000000000 pc=0000000080860414]
[c=5001000000 pc=0000000080261eb8]
[c=5002000000 pc=0000000080261fbc]
[c=5003000000 pc=0000000080261e6e]
[c=5004000000 pc=0000000080261dfa]
[c=5005000000 pc=0000000080860416]
[c=5006000000 pc=0000000080261fb2]
[c=5007000000 pc=0000000080261fc0]
[c=5008000000 pc=00000000802aff2c]
[c=5009000000 pc=0000000080261e78]
[c=5010000000 pc=0000000080261ea4]
[c=5011000000 pc=0000000080261fb6]
[c=5012000000 pc=0000000080ae530c]
[c=5013000000 pc=00000000802aff30]
[c=5014000000 pc=0000000080261e78]
[c=5015000000 pc=0000000080261eaa]
[c=5016000000 pc=0000000080261fd2]
[c=5017000000 pc=0000000080ae530e]
[c=5018000000 pc=00000000802aff32]
[c=5019000000 pc=0000000080261e7c]
[c=5020000000 pc=0000000080261eac]
[c=5021000000 pc=00000000802afaca]
[c=5022000000 pc=0000000080ae5314]
[c=5023000000 pc=00000000802aff34]
[c=5024000000 pc=0000000080261e7e]
[c=5025000000 pc=0000000080261eb0]
[c=5026000000 pc=00000000802afacc]
[c=5027000000 pc=0000000080ae5318]
[c=5028000000 pc=00000000802aff38]
[c=5029000000 pc=0000000080261e80]
[c=5030000000 pc=0000000080261eb4]
[c=5031000000 pc=00000000802afad0]
[c=5032000000 pc=0000000080ae531a]
[c=5033000000 pc=00000000802aff3c]
[c=5034000000 pc=0000000080261ddc]
[c=5035000000 pc=0000000080860130]
[c=5036000000 pc=00000000802afad8]
[c=5037000000 pc=0000000080ae5320]
[c=5038000000 pc=00000000802aff3c]
[c=5039000000 pc=0000000080261de0]
[c=5040000000 pc=0000000080860132]
[c=5041000000 pc=00000000802afada]
[c=5042000000 pc=0000000080ae304e]
[c=5043000000 pc=00000000802aff3e]
[c=5044000000 pc=0000000080261de2]
[c=5045000000 pc=0000000080860134]
[c=5046000000 pc=00000000802afade]
[c=5047000000 pc=0000000080ae3050]
[c=5048000000 pc=00000000802aff4c]
[c=5049000000 pc=0000000080261de6]
[c=5050000000 pc=0000000080860136]
[c=5051000000 pc=00000000802afae2]
[c=5052000000 pc=0000000080ae3054]
[c=5053000000 pc=00000000802aff4e]
[c=5054000000 pc=0000000080261dea]
[c=5055000000 pc=0000000080860138]
[c=5056000000 pc=0000000080261fd6]
[c=5057000000 pc=0000000080ae305c]
[c=5058000000 pc=0000000080261e72]
[c=5059000000 pc=0000000080261e88]
[c=5060000000 pc=000000008086013c]
[c=5061000000 pc=00000000802afe60]
[c=5062000000 pc=0000000080ae305e]
[c=5063000000 pc=0000000080261e74]
[c=5064000000 pc=0000000080261e90]
[c=5065000000 pc=000000008086013c]
[c=5066000000 pc=00000000802afe64]
[c=5067000000 pc=0000000080ae3062]
[c=5068000000 pc=0000000080261e74]
[c=5069000000 pc=0000000080261e96]
[c=5070000000 pc=0000000080860142]
[c=5071000000 pc=00000000802afe66]
[c=5072000000 pc=0000000080ae5328]
[c=5073000000 pc=0000000080261dee]
[c=5074000000 pc=0000000080261e9a]
[c=5075000000 pc=000000008086014a]
[c=5076000000 pc=00000000802afe6a]
[c=5077000000 pc=0000000080ae532c]
[c=5078000000 pc=0000000080261df2]
[c=5079000000 pc=0000000080261ea0]
[c=5080000000 pc=000000008086014c]
[c=5081000000 pc=00000000802afe70]
[c=5082000000 pc=0000000080ae5330]
[c=5083000000 pc=0000000080261df2]
[c=5084000000 pc=0000000080860402]
[c=5085000000 pc=0000000080860150]
[c=5086000000 pc=00000000802afe74]
[c=5087000000 pc=0000000080ae5332]
[c=5088000000 pc=0000000080261df4]
[c=5089000000 pc=0000000080860404]
[c=5090000000 pc=0000000080860154]
[c=5091000000 pc=00000000802afe76]
[c=5092000000 pc=0000000080261fc4]
[c=5093000000 pc=0000000080261df6]
[c=5094000000 pc=0000000080860408]
[c=5095000000 pc=0000000080860156]
[c=5096000000 pc=0000000080261fdc]
[c=5097000000 pc=0000000080261f18]
[c=5098000000 pc=0000000080261df8]
[c=5099000000 pc=0000000080860414]
[c=5100000000 pc=0000000080261eb8]
[c=5101000000 pc=0000000080261fbc]
[c=5102000000 pc=0000000080261e6e]
[c=5103000000 pc=0000000080261dfa]
[c=5104000000 pc=0000000080860416]
[c=5105000000 pc=0000000080261fb2]
[c=5106000000 pc=0000000080261fc0]
[c=5107000000 pc=00000000802aff2c]
[c=5108000000 pc=0000000080261e78]
[c=5109000000 pc=0000000080261ea4]
[c=5110000000 pc=0000000080261fb6]
[c=5111000000 pc=0000000080ae530c]
[c=5112000000 pc=00000000802aff30]
[c=5113000000 pc=0000000080261e78]
[c=5114000000 pc=0000000080261eaa]
[c=5115000000 pc=0000000080261fd2]
[c=5116000000 pc=0000000080ae530e]
[c=5117000000 pc=00000000802aff32]
[c=5118000000 pc=0000000080261e7c]
[c=5119000000 pc=0000000080261eac]
[c=5120000000 pc=00000000802afaca]
[c=5121000000 pc=0000000080ae5314]
[c=5122000000 pc=00000000802aff34]
[c=5123000000 pc=0000000080261e7e]
[c=5124000000 pc=0000000080261eb0]
[c=5125000000 pc=00000000802afacc]
[c=5126000000 pc=0000000080ae5318]
[c=5127000000 pc=00000000802aff38]
[c=5128000000 pc=0000000080261e80]
[c=5129000000 pc=0000000080261eb4]
[c=5130000000 pc=00000000802afad0]
[c=5131000000 pc=0000000080ae531a]
[c=5132000000 pc=00000000802aff3c]
[c=5133000000 pc=0000000080261ddc]
[c=5134000000 pc=0000000080860130]
[c=5135000000 pc=00000000802afad8]
[c=5136000000 pc=0000000080ae5320]
[c=5137000000 pc=00000000802aff3c]
[c=5138000000 pc=0000000080261de0]
[c=5139000000 pc=0000000080860132]
[c=5140000000 pc=00000000802afada]
[c=5141000000 pc=0000000080ae304e]
[c=5142000000 pc=00000000802aff3e]
[c=5143000000 pc=0000000080261de2]
[c=5144000000 pc=0000000080860134]
[c=5145000000 pc=00000000802afade]
[c=5146000000 pc=0000000080ae3050]
[c=5147000000 pc=00000000802aff4c]
[c=5148000000 pc=0000000080261de6]
[c=5149000000 pc=0000000080860136]
[c=5150000000 pc=00000000802afae2]
[c=5151000000 pc=0000000080ae3054]
[c=5152000000 pc=00000000802aff4e]
[c=5153000000 pc=0000000080261dea]
[c=5154000000 pc=0000000080860138]
[c=5155000000 pc=0000000080261fd6]
[c=5156000000 pc=0000000080ae305c]
[c=5157000000 pc=0000000080261e72]
[c=5158000000 pc=0000000080261e88]
[c=5159000000 pc=000000008086013c]
[c=5160000000 pc=00000000802afe60]
[c=5161000000 pc=0000000080ae305e]
[c=5162000000 pc=0000000080261e74]
[c=5163000000 pc=0000000080261e90]
[c=5164000000 pc=000000008086013c]
[c=5165000000 pc=00000000802afe64]
[c=5166000000 pc=0000000080ae3062]
[c=5167000000 pc=0000000080261e74]
[c=5168000000 pc=0000000080261e96]
[c=5169000000 pc=0000000080860142]
[c=5170000000 pc=00000000802afe66]
[c=5171000000 pc=0000000080ae5328]
[c=5172000000 pc=0000000080261dee]
[c=5173000000 pc=0000000080261e9a]
[c=5174000000 pc=000000008086014a]
[c=5175000000 pc=00000000802afe6a]
[c=5176000000 pc=0000000080ae532c]
[c=5177000000 pc=0000000080261df2]
[c=5178000000 pc=0000000080261ea0]
[c=5179000000 pc=000000008086014c]
[c=5180000000 pc=00000000802afe70]
[c=5181000000 pc=0000000080ae5330]
[c=5182000000 pc=0000000080261df2]
[c=5183000000 pc=0000000080860402]
[c=5184000000 pc=0000000080860150]
[c=5185000000 pc=00000000802afe74]
[c=5186000000 pc=0000000080ae5332]
[c=5187000000 pc=0000000080261df4]
[c=5188000000 pc=0000000080860404]
[c=5189000000 pc=0000000080860154]
[c=5190000000 pc=00000000802afe76]
[c=5191000000 pc=0000000080261fc4]
[c=5192000000 pc=0000000080261df6]
[c=5193000000 pc=0000000080860408]
[c=5194000000 pc=0000000080860156]
[c=5195000000 pc=0000000080261fdc]
[c=5196000000 pc=0000000080261f18]
[c=5197000000 pc=0000000080261df8]
[c=5198000000 pc=0000000080860414]
[c=5199000000 pc=0000000080261eb8]
[c=5200000000 pc=0000000080261fbc]
[c=5201000000 pc=0000000080261e6e]
[c=5202000000 pc=0000000080261dfa]
[c=5203000000 pc=0000000080860416]
[c=5204000000 pc=0000000080261fb2]
[c=5205000000 pc=0000000080261fc0]
[c=5206000000 pc=00000000802aff2c]
[c=5207000000 pc=0000000080261e78]
[c=5208000000 pc=0000000080261ea4]
[c=5209000000 pc=0000000080261fb6]
[c=5210000000 pc=0000000080ae530c]
[c=5211000000 pc=00000000802aff30]
[c=5212000000 pc=0000000080261e78]
[c=5213000000 pc=0000000080261eaa]
[c=5214000000 pc=0000000080261fd2]
[c=5215000000 pc=0000000080ae530e]
[c=5216000000 pc=00000000802aff32]
[c=5217000000 pc=0000000080261e7c]
[c=5218000000 pc=0000000080261eac]
[c=5219000000 pc=00000000802afaca]
[c=5220000000 pc=0000000080ae5314]
[c=5221000000 pc=00000000802aff34]
[c=5222000000 pc=0000000080261e7e]
[c=5223000000 pc=0000000080261eb0]
[c=5224000000 pc=00000000802afacc]
[c=5225000000 pc=0000000080ae5318]
[c=5226000000 pc=00000000802aff38]
[c=5227000000 pc=0000000080261e80]
[c=5228000000 pc=0000000080261eb4]
[c=5229000000 pc=00000000802afad0]
[c=5230000000 pc=0000000080ae531a]
[c=5231000000 pc=00000000802aff3c]
[c=5232000000 pc=0000000080261ddc]
[c=5233000000 pc=0000000080860130]
[c=5234000000 pc=00000000802afad8]
[c=5235000000 pc=0000000080ae5320]
[c=5236000000 pc=00000000802aff3c]
[c=5237000000 pc=0000000080261de0]
[c=5238000000 pc=0000000080860132]
[c=5239000000 pc=00000000802afada]
[c=5240000000 pc=0000000080ae304e]
[c=5241000000 pc=00000000802aff3e]
[c=5242000000 pc=0000000080261de2]
[c=5243000000 pc=0000000080860134]
[c=5244000000 pc=00000000802afade]
[c=5245000000 pc=0000000080ae3050]
[c=5246000000 pc=00000000802aff4c]
[c=5247000000 pc=0000000080261de6]
[c=5248000000 pc=0000000080860136]
[c=5249000000 pc=00000000802afae2]
[c=5250000000 pc=0000000080ae3054]
[c=5251000000 pc=00000000802aff4e]
[c=5252000000 pc=0000000080261dea]
[c=5253000000 pc=0000000080860138]
[c=5254000000 pc=0000000080261fd6]
[c=5255000000 pc=0000000080ae305c]
[c=5256000000 pc=0000000080261e72]
[c=5257000000 pc=0000000080261e88]
[c=5258000000 pc=000000008086013c]
[c=5259000000 pc=00000000802afe60]
[c=5260000000 pc=0000000080ae305e]
[c=5261000000 pc=0000000080261e74]
[c=5262000000 pc=0000000080261e90]
[c=5263000000 pc=000000008086013c]
[c=5264000000 pc=00000000802afe64]
[c=5265000000 pc=0000000080ae3062]
[c=5266000000 pc=0000000080261e74]
[c=5267000000 pc=0000000080261e96]
[c=5268000000 pc=0000000080860142]
[c=5269000000 pc=00000000802afe66]
[c=5270000000 pc=0000000080ae5328]
[c=5271000000 pc=0000000080261dee]
[c=5272000000 pc=0000000080261e9a]
[c=5273000000 pc=000000008086014a]
[c=5274000000 pc=00000000802afe6a]
[c=5275000000 pc=0000000080ae532c]
[c=5276000000 pc=0000000080261df2]
[c=5277000000 pc=0000000080261ea0]
[c=5278000000 pc=000000008086014c]
[c=5279000000 pc=00000000802afe70]
[c=5280000000 pc=0000000080ae5330]
[c=5281000000 pc=0000000080261df2]
[c=5282000000 pc=0000000080860402]
[c=5283000000 pc=0000000080860150]
[c=5284000000 pc=00000000802afe74]
[c=5285000000 pc=0000000080ae5332]
[c=5286000000 pc=0000000080261df4]
[c=5287000000 pc=0000000080860404]
[c=5288000000 pc=0000000080860154]
[c=5289000000 pc=00000000802afe76]
[c=5290000000 pc=0000000080261fc4]
[c=5291000000 pc=0000000080261df6]
[c=5292000000 pc=0000000080860408]
[c=5293000000 pc=0000000080860156]
[c=5294000000 pc=0000000080261fdc]
[c=5295000000 pc=0000000080261f18]
[c=5296000000 pc=0000000080261df8]
[c=5297000000 pc=0000000080860414]
[c=5298000000 pc=0000000080261eb8]
[c=5299000000 pc=0000000080261fbc]
[c=5300000000 pc=0000000080261e6e]
[c=5301000000 pc=0000000080261dfa]
[c=5302000000 pc=0000000080860416]
[c=5303000000 pc=0000000080261fb2]
[c=5304000000 pc=0000000080261fc0]
[c=5305000000 pc=00000000802aff2c]
[c=5306000000 pc=0000000080261e78]
[c=5307000000 pc=0000000080261ea4]
[c=5308000000 pc=0000000080261fb6]
[c=5309000000 pc=0000000080ae530c]
[c=5310000000 pc=00000000802aff30]
[c=5311000000 pc=0000000080261e78]
[c=5312000000 pc=0000000080261eaa]
[c=5313000000 pc=0000000080261fd2]
[c=5314000000 pc=0000000080ae530e]
[c=5315000000 pc=00000000802aff32]
[c=5316000000 pc=0000000080261e7c]
[c=5317000000 pc=0000000080261eac]
[c=5318000000 pc=00000000802afaca]
[c=5319000000 pc=0000000080ae5314]
[c=5320000000 pc=00000000802aff34]
[c=5321000000 pc=0000000080261e7e]
[c=5322000000 pc=0000000080261eb0]
[c=5323000000 pc=00000000802afacc]
[c=5324000000 pc=0000000080ae5318]
[c=5325000000 pc=00000000802aff38]
[c=5326000000 pc=0000000080261e80]
[c=5327000000 pc=0000000080261eb4]
[c=5328000000 pc=00000000802afad0]
[c=5329000000 pc=0000000080ae531a]
[c=5330000000 pc=00000000802aff3c]
[c=5331000000 pc=0000000080261ddc]
[c=5332000000 pc=0000000080860130]
[c=5333000000 pc=00000000802afad8]
[c=5334000000 pc=0000000080ae5320]
[c=5335000000 pc=00000000802aff3c]
[c=5336000000 pc=0000000080261de0]
[c=5337000000 pc=0000000080860132]
[c=5338000000 pc=00000000802afada]
[c=5339000000 pc=0000000080ae304e]
[c=5340000000 pc=00000000802aff3e]
[c=5341000000 pc=0000000080261de2]
[c=5342000000 pc=0000000080860134]
[c=5343000000 pc=00000000802afade]
[c=5344000000 pc=0000000080ae3050]
[c=5345000000 pc=00000000802aff4c]
[c=5346000000 pc=0000000080261de6]
[c=5347000000 pc=0000000080860136]
[c=5348000000 pc=00000000802afae2]
[c=5349000000 pc=0000000080ae3054]
[c=5350000000 pc=00000000802aff4e]
[c=5351000000 pc=0000000080261dea]
[c=5352000000 pc=0000000080860138]
[c=5353000000 pc=0000000080261fd6]
[c=5354000000 pc=0000000080ae305c]
[c=5355000000 pc=0000000080261e72]
[c=5356000000 pc=0000000080261e88]
[c=5357000000 pc=000000008086013c]
[c=5358000000 pc=00000000802afe60]
[c=5359000000 pc=0000000080ae305e]
[c=5360000000 pc=0000000080261e74]
[c=5361000000 pc=0000000080261e90]
[c=5362000000 pc=000000008086013c]
[c=5363000000 pc=00000000802afe64]
[c=5364000000 pc=0000000080ae3062]
[c=5365000000 pc=0000000080261e74]
[c=5366000000 pc=0000000080261e96]
[c=5367000000 pc=0000000080860142]
[c=5368000000 pc=00000000802afe66]
[c=5369000000 pc=0000000080ae5328]
[c=5370000000 pc=0000000080261dee]
[c=5371000000 pc=0000000080261e9a]
[c=5372000000 pc=000000008086014a]
[c=5373000000 pc=00000000802afe6a]
[c=5374000000 pc=0000000080ae532c]
[c=5375000000 pc=0000000080261df2]
[c=5376000000 pc=0000000080261ea0]
[c=5377000000 pc=000000008086014c]
[c=5378000000 pc=00000000802afe70]
[c=5379000000 pc=0000000080ae5330]
[c=5380000000 pc=0000000080261df2]
[c=5381000000 pc=0000000080860402]
[c=5382000000 pc=0000000080860150]
[c=5383000000 pc=00000000802afe74]
[c=5384000000 pc=0000000080ae5332]
[c=5385000000 pc=0000000080261df4]
[c=5386000000 pc=0000000080860404]
[c=5387000000 pc=0000000080860154]
[c=5388000000 pc=00000000802afe76]
[c=5389000000 pc=0000000080261fc4]
[c=5390000000 pc=0000000080261df6]
[c=5391000000 pc=0000000080860408]
[c=5392000000 pc=0000000080860156]
[c=5393000000 pc=0000000080261fdc]
[c=5394000000 pc=0000000080261f18]
[c=5395000000 pc=0000000080261df8]
[c=5396000000 pc=0000000080860414]
[c=5397000000 pc=0000000080261eb8]
[c=5398000000 pc=0000000080261fbc]
[c=5399000000 pc=0000000080261e6e]
[c=5400000000 pc=0000000080261dfa]
[c=5401000000 pc=0000000080860416]
[c=5402000000 pc=0000000080261fb2]
[c=5403000000 pc=0000000080261fc0]
[c=5404000000 pc=00000000802aff2c]
[c=5405000000 pc=0000000080261e78]
[c=5406000000 pc=0000000080261ea4]
[c=5407000000 pc=0000000080261fb6]
[c=5408000000 pc=0000000080ae530c]
[c=5409000000 pc=00000000802aff30]
[c=5410000000 pc=0000000080261e78]
[c=5411000000 pc=0000000080261eaa]
[c=5412000000 pc=0000000080261fd2]
[c=5413000000 pc=0000000080ae530e]
[c=5414000000 pc=00000000802aff32]
[c=5415000000 pc=0000000080261e7c]
[c=5416000000 pc=0000000080261eac]
[c=5417000000 pc=00000000802afaca]
[c=5418000000 pc=0000000080ae5314]
[c=5419000000 pc=00000000802aff34]
[c=5420000000 pc=0000000080261e7e]
[c=5421000000 pc=0000000080261eb0]
[c=5422000000 pc=00000000802afacc]
[c=5423000000 pc=0000000080ae5318]
[c=5424000000 pc=00000000802aff38]
[c=5425000000 pc=0000000080261e80]
[c=5426000000 pc=0000000080261eb4]
[c=5427000000 pc=00000000802afad0]
[c=5428000000 pc=0000000080ae531a]
[c=5429000000 pc=00000000802aff3c]
[c=5430000000 pc=0000000080261ddc]
[c=5431000000 pc=0000000080860130]
[c=5432000000 pc=00000000802afad8]
[c=5433000000 pc=0000000080ae5320]
[c=5434000000 pc=00000000802aff3c]
[c=5435000000 pc=0000000080261de0]
[c=5436000000 pc=0000000080860132]
[c=5437000000 pc=00000000802afada]
[c=5438000000 pc=0000000080ae304e]
[c=5439000000 pc=00000000802aff3e]
[c=5440000000 pc=0000000080261de2]
[c=5441000000 pc=0000000080860134]
[c=5442000000 pc=00000000802afade]
[c=5443000000 pc=0000000080ae3050]
[c=5444000000 pc=00000000802aff4c]
[c=5445000000 pc=0000000080261de6]
[c=5446000000 pc=0000000080860136]
[c=5447000000 pc=00000000802afae2]
[c=5448000000 pc=0000000080ae3054]
[c=5449000000 pc=00000000802aff4e]
[c=5450000000 pc=0000000080261dea]
[c=5451000000 pc=0000000080860138]
[c=5452000000 pc=0000000080261fd6]
[c=5453000000 pc=0000000080ae305c]
[c=5454000000 pc=0000000080261e72]
[c=5455000000 pc=0000000080261e88]
[c=5456000000 pc=000000008086013c]
[c=5457000000 pc=00000000802afe60]
[c=5458000000 pc=0000000080ae305e]
[c=5459000000 pc=0000000080261e74]
[c=5460000000 pc=0000000080261e90]
[c=5461000000 pc=000000008086013c]
[c=5462000000 pc=00000000802afe64]
[c=5463000000 pc=0000000080ae3062]
[c=5464000000 pc=0000000080261e74]
[c=5465000000 pc=0000000080261e96]
[c=5466000000 pc=0000000080860142]
[c=5467000000 pc=00000000802afe66]
[c=5468000000 pc=0000000080ae5328]
[c=5469000000 pc=0000000080261dee]
[c=5470000000 pc=0000000080261e9a]
[c=5471000000 pc=000000008086014a]
[c=5472000000 pc=00000000802afe6a]
[c=5473000000 pc=0000000080ae532c]
[c=5474000000 pc=0000000080261df2]
[c=5475000000 pc=0000000080261ea0]
[c=5476000000 pc=000000008086014c]
[c=5477000000 pc=00000000802afe70]
[c=5478000000 pc=0000000080ae5330]
[c=5479000000 pc=0000000080261df2]
[c=5480000000 pc=0000000080860402]
[c=5481000000 pc=0000000080860150]
[c=5482000000 pc=00000000802afe74]
[c=5483000000 pc=0000000080ae5332]
[c=5484000000 pc=0000000080261df4]
[c=5485000000 pc=0000000080860404]
[c=5486000000 pc=0000000080860154]
[c=5487000000 pc=00000000802afe76]
[c=5488000000 pc=0000000080261fc4]
[c=5489000000 pc=0000000080261df6]
[c=5490000000 pc=0000000080860408]
[c=5491000000 pc=0000000080860156]
[c=5492000000 pc=0000000080261fdc]
[c=5493000000 pc=0000000080261f18]
[c=5494000000 pc=0000000080261df8]
[c=5495000000 pc=0000000080860414]
[c=5496000000 pc=0000000080261eb8]
[c=5497000000 pc=0000000080261fbc]
[c=5498000000 pc=0000000080261e6e]
[c=5499000000 pc=0000000080261dfa]
[c=5500000000 pc=0000000080860416]
[c=5501000000 pc=0000000080261fb2]
[c=5502000000 pc=0000000080261fc0]
[c=5503000000 pc=00000000802aff2c]
[c=5504000000 pc=0000000080261e78]
[c=5505000000 pc=0000000080261ea4]
[c=5506000000 pc=0000000080261fb6]
[c=5507000000 pc=0000000080ae530c]
[c=5508000000 pc=00000000802aff30]
[c=5509000000 pc=0000000080261e78]
[c=5510000000 pc=0000000080261eaa]
[c=5511000000 pc=0000000080261fd2]
[c=5512000000 pc=0000000080ae530e]
[c=5513000000 pc=00000000802aff32]
[c=5514000000 pc=0000000080261e7c]
[c=5515000000 pc=0000000080261eac]
[c=5516000000 pc=00000000802afaca]
[c=5517000000 pc=0000000080ae5314]
[c=5518000000 pc=00000000802aff34]
[c=5519000000 pc=0000000080261e7e]
[c=5520000000 pc=0000000080261eb0]
[c=5521000000 pc=00000000802afacc]
[c=5522000000 pc=0000000080ae5318]
[c=5523000000 pc=00000000802aff38]
[c=5524000000 pc=0000000080261e80]
[c=5525000000 pc=0000000080261eb4]
[c=5526000000 pc=00000000802afad0]
[c=5527000000 pc=0000000080ae531a]
[c=5528000000 pc=00000000802aff3c]
[c=5529000000 pc=0000000080261ddc]
[c=5530000000 pc=0000000080860130]
[c=5531000000 pc=00000000802afad8]
[c=5532000000 pc=0000000080ae5320]
[c=5533000000 pc=00000000802aff3c]
[c=5534000000 pc=0000000080261de0]
[c=5535000000 pc=0000000080860132]
[c=5536000000 pc=00000000802afada]
[c=5537000000 pc=0000000080ae304e]
[c=5538000000 pc=00000000802aff3e]
[c=5539000000 pc=0000000080261de2]
[c=5540000000 pc=0000000080860134]
[c=5541000000 pc=00000000802afade]
[c=5542000000 pc=0000000080ae3050]
[c=5543000000 pc=00000000802aff4c]
[c=5544000000 pc=0000000080261de6]
[c=5545000000 pc=0000000080860136]
[c=5546000000 pc=00000000802afae2]
[c=5547000000 pc=0000000080ae3054]
[c=5548000000 pc=00000000802aff4e]
[c=5549000000 pc=0000000080261dea]
[c=5550000000 pc=0000000080860138]
[c=5551000000 pc=0000000080261fd6]
[c=5552000000 pc=0000000080ae305c]
[c=5553000000 pc=0000000080261e72]
[c=5554000000 pc=0000000080261e88]
[c=5555000000 pc=000000008086013c]
[c=5556000000 pc=00000000802afe60]
[c=5557000000 pc=0000000080ae305e]
[c=5558000000 pc=0000000080261e74]
[c=5559000000 pc=0000000080261e90]
[c=5560000000 pc=000000008086013c]
[c=5561000000 pc=00000000802afe64]
[c=5562000000 pc=0000000080ae3062]
[c=5563000000 pc=0000000080261e74]
[c=5564000000 pc=0000000080261e96]
[c=5565000000 pc=0000000080860142]
[c=5566000000 pc=00000000802afe66]
[c=5567000000 pc=0000000080ae5328]
[c=5568000000 pc=0000000080261dee]
[c=5569000000 pc=0000000080261e9a]
[c=5570000000 pc=000000008086014a]
[c=5571000000 pc=00000000802afe6a]
[c=5572000000 pc=0000000080ae532c]
[c=5573000000 pc=0000000080261df2]
[c=5574000000 pc=0000000080261ea0]
[c=5575000000 pc=000000008086014c]
[c=5576000000 pc=00000000802afe70]
[c=5577000000 pc=0000000080ae5330]
[c=5578000000 pc=0000000080261df2]
[c=5579000000 pc=0000000080860402]
[c=5580000000 pc=0000000080860150]
[c=5581000000 pc=00000000802afe74]
[c=5582000000 pc=0000000080ae5332]
[c=5583000000 pc=0000000080261df4]
[c=5584000000 pc=0000000080860404]
[c=5585000000 pc=0000000080860154]
[c=5586000000 pc=00000000802afe76]
[c=5587000000 pc=0000000080261fc4]
[c=5588000000 pc=0000000080261df6]
[c=5589000000 pc=0000000080860408]
[c=5590000000 pc=0000000080860156]
[c=5591000000 pc=0000000080261fdc]
[c=5592000000 pc=0000000080261f18]
[c=5593000000 pc=0000000080261df8]
[c=5594000000 pc=0000000080860414]
[c=5595000000 pc=0000000080261eb8]
[c=5596000000 pc=0000000080261fbc]
[c=5597000000 pc=0000000080261e6e]
[c=5598000000 pc=0000000080261dfa]
[c=5599000000 pc=0000000080860416]
[c=5600000000 pc=0000000080261fb2]
[c=5601000000 pc=0000000080261fc0]
[c=5602000000 pc=00000000802aff2c]
[c=5603000000 pc=0000000080261e78]
[c=5604000000 pc=0000000080261ea4]
[c=5605000000 pc=0000000080261fb6]
[c=5606000000 pc=0000000080ae530c]
[c=5607000000 pc=00000000802aff30]
[c=5608000000 pc=0000000080261e78]
[c=5609000000 pc=0000000080261eaa]
[c=5610000000 pc=0000000080261fd2]
[c=5611000000 pc=0000000080ae530e]
[c=5612000000 pc=00000000802aff32]
[c=5613000000 pc=0000000080261e7c]
[c=5614000000 pc=0000000080261eac]
[c=5615000000 pc=00000000802afaca]
[c=5616000000 pc=0000000080ae5314]
[c=5617000000 pc=00000000802aff34]
[c=5618000000 pc=0000000080261e7e]
[c=5619000000 pc=0000000080261eb0]
[c=5620000000 pc=00000000802afacc]
[c=5621000000 pc=0000000080ae5318]
[c=5622000000 pc=00000000802aff38]
[c=5623000000 pc=0000000080261e80]
[c=5624000000 pc=0000000080261eb4]
[c=5625000000 pc=00000000802afad0]
[c=5626000000 pc=0000000080ae531a]
[c=5627000000 pc=00000000802aff3c]
[c=5628000000 pc=0000000080261ddc]
[c=5629000000 pc=0000000080860130]
[c=5630000000 pc=00000000802afad8]
[c=5631000000 pc=0000000080ae5320]
[c=5632000000 pc=00000000802aff3c]
[c=5633000000 pc=0000000080261de0]
[c=5634000000 pc=0000000080860132]
[c=5635000000 pc=00000000802afada]
[c=5636000000 pc=0000000080ae304e]
[c=5637000000 pc=00000000802aff3e]
[c=5638000000 pc=0000000080261de2]
[c=5639000000 pc=0000000080860134]
[c=5640000000 pc=00000000802afade]
[c=5641000000 pc=0000000080ae3050]
[c=5642000000 pc=00000000802aff4c]
[c=5643000000 pc=0000000080261de6]
[c=5644000000 pc=0000000080860136]
[c=5645000000 pc=00000000802afae2]
[c=5646000000 pc=0000000080ae3054]
[c=5647000000 pc=00000000802aff4e]
[c=5648000000 pc=0000000080261dea]
[c=5649000000 pc=0000000080860138]
[c=5650000000 pc=0000000080261fd6]
[c=5651000000 pc=0000000080ae305c]
[c=5652000000 pc=0000000080261e72]
[c=5653000000 pc=0000000080261e88]
[c=5654000000 pc=000000008086013c]
[c=5655000000 pc=00000000802afe60]
[c=5656000000 pc=0000000080ae305e]
[c=5657000000 pc=0000000080261e74]
[c=5658000000 pc=0000000080261e90]
[c=5659000000 pc=000000008086013c]
[c=5660000000 pc=00000000802afe64]
[c=5661000000 pc=0000000080ae3062]
[c=5662000000 pc=0000000080261e74]
[c=5663000000 pc=0000000080261e96]
[c=5664000000 pc=0000000080860142]
[c=5665000000 pc=00000000802afe66]
[c=5666000000 pc=0000000080ae5328]
[c=5667000000 pc=0000000080261dee]
[c=5668000000 pc=0000000080261e9a]
[c=5669000000 pc=000000008086014a]
[c=5670000000 pc=00000000802afe6a]
[c=5671000000 pc=0000000080ae532c]
[c=5672000000 pc=0000000080261df2]
[c=5673000000 pc=0000000080261ea0]
[c=5674000000 pc=000000008086014c]
[c=5675000000 pc=00000000802afe70]
[c=5676000000 pc=0000000080ae5330]
[c=5677000000 pc=0000000080261df2]
[c=5678000000 pc=0000000080860402]
[c=5679000000 pc=0000000080860150]
[c=5680000000 pc=00000000802afe74]
[c=5681000000 pc=0000000080ae5332]
[c=5682000000 pc=0000000080261df4]
[c=5683000000 pc=0000000080860404]
[c=5684000000 pc=0000000080860154]
[c=5685000000 pc=00000000802afe76]
[c=5686000000 pc=0000000080261fc4]
[c=5687000000 pc=0000000080261df6]
[c=5688000000 pc=0000000080860408]
[c=5689000000 pc=0000000080860156]
[c=5690000000 pc=0000000080261fdc]
[c=5691000000 pc=0000000080261f18]
[c=5692000000 pc=0000000080261df8]
[c=5693000000 pc=0000000080860414]
[c=5694000000 pc=0000000080261eb8]
[c=5695000000 pc=0000000080261fbc]
[c=5696000000 pc=0000000080261e6e]
[c=5697000000 pc=0000000080261dfa]
[c=5698000000 pc=0000000080860416]
[c=5699000000 pc=0000000080261fb2]
[c=5700000000 pc=0000000080261fc0]
[c=5701000000 pc=00000000802aff2c]
[c=5702000000 pc=0000000080261e78]
[c=5703000000 pc=0000000080261ea4]
[c=5704000000 pc=0000000080261fb6]
[c=5705000000 pc=0000000080ae530c]
[c=5706000000 pc=00000000802aff30]
[c=5707000000 pc=0000000080261e78]
[c=5708000000 pc=0000000080261eaa]
[c=5709000000 pc=0000000080261fd2]
[c=5710000000 pc=0000000080ae530e]
[c=5711000000 pc=00000000802aff32]
[c=5712000000 pc=0000000080261e7c]
[c=5713000000 pc=0000000080261eac]
[c=5714000000 pc=00000000802afaca]
[c=5715000000 pc=0000000080ae5314]
[c=5716000000 pc=00000000802aff34]
[c=5717000000 pc=0000000080261e7e]
[c=5718000000 pc=0000000080261eb0]
[c=5719000000 pc=00000000802afacc]
[c=5720000000 pc=0000000080ae5318]
[c=5721000000 pc=00000000802aff38]
[c=5722000000 pc=0000000080261e80]
[c=5723000000 pc=0000000080261eb4]
[c=5724000000 pc=00000000802afad0]
[c=5725000000 pc=0000000080ae531a]
[c=5726000000 pc=00000000802aff3c]
[c=5727000000 pc=0000000080261ddc]
[c=5728000000 pc=0000000080860130]
[c=5729000000 pc=00000000802afad8]
[c=5730000000 pc=0000000080ae5320]
[c=5731000000 pc=00000000802aff3c]
[c=5732000000 pc=0000000080261de0]
[c=5733000000 pc=0000000080860132]
[c=5734000000 pc=00000000802afada]
[c=5735000000 pc=0000000080ae304e]
[c=5736000000 pc=00000000802aff3e]
[c=5737000000 pc=0000000080261de2]
[c=5738000000 pc=0000000080860134]
[c=5739000000 pc=00000000802afade]
[c=5740000000 pc=0000000080ae3050]
[c=5741000000 pc=00000000802aff4c]
[c=5742000000 pc=0000000080261de6]
[c=5743000000 pc=0000000080860136]
[c=5744000000 pc=00000000802afae2]
[c=5745000000 pc=0000000080ae3054]
[c=5746000000 pc=00000000802aff4e]
[c=5747000000 pc=0000000080261dea]
[c=5748000000 pc=0000000080860138]
[c=5749000000 pc=0000000080261fd6]
[c=5750000000 pc=0000000080ae305c]
[c=5751000000 pc=0000000080261e72]
[c=5752000000 pc=0000000080261e88]
[c=5753000000 pc=000000008086013c]
[c=5754000000 pc=00000000802afe60]
[c=5755000000 pc=0000000080ae305e]
[c=5756000000 pc=0000000080261e74]
[c=5757000000 pc=0000000080261e90]
[c=5758000000 pc=000000008086013c]
[c=5759000000 pc=00000000802afe64]
[c=5760000000 pc=0000000080ae3062]
[c=5761000000 pc=0000000080261e74]
[c=5762000000 pc=0000000080261e96]
[c=5763000000 pc=0000000080860142]
[c=5764000000 pc=00000000802afe66]
[c=5765000000 pc=0000000080ae5328]
[c=5766000000 pc=0000000080261dee]
[c=5767000000 pc=0000000080261e9a]
[c=5768000000 pc=000000008086014a]
[c=5769000000 pc=00000000802afe6a]
[c=5770000000 pc=0000000080ae532c]
[c=5771000000 pc=0000000080261df2]
[c=5772000000 pc=0000000080261ea0]
[c=5773000000 pc=000000008086014c]
[c=5774000000 pc=00000000802afe70]
[c=5775000000 pc=0000000080ae5330]
[c=5776000000 pc=0000000080261df2]
[c=5777000000 pc=0000000080860402]
[c=5778000000 pc=0000000080860150]
[c=5779000000 pc=00000000802afe74]
[c=5780000000 pc=0000000080ae5332]
[c=5781000000 pc=0000000080261df4]
[c=5782000000 pc=0000000080860404]
[c=5783000000 pc=0000000080860154]
[c=5784000000 pc=00000000802afe76]
[c=5785000000 pc=0000000080261fc4]
[c=5786000000 pc=0000000080261df6]
[c=5787000000 pc=0000000080860408]
[c=5788000000 pc=0000000080860156]
[c=5789000000 pc=0000000080261fdc]
[c=5790000000 pc=0000000080261f18]
[c=5791000000 pc=0000000080261df8]
[c=5792000000 pc=0000000080860414]
[c=5793000000 pc=0000000080261eb8]
[c=5794000000 pc=0000000080261fbc]
[c=5795000000 pc=0000000080261e6e]
[c=5796000000 pc=0000000080261dfa]
[c=5797000000 pc=0000000080860416]
[c=5798000000 pc=0000000080261fb2]
[c=5799000000 pc=0000000080261fc0]
[c=5800000000 pc=00000000802aff2c]
[c=5801000000 pc=0000000080261e78]
[c=5802000000 pc=0000000080261ea4]
[c=5803000000 pc=0000000080261fb6]
[c=5804000000 pc=0000000080ae530c]
[c=5805000000 pc=00000000802aff30]
[c=5806000000 pc=0000000080261e78]
[c=5807000000 pc=0000000080261eaa]
[c=5808000000 pc=0000000080261fd2]
[c=5809000000 pc=0000000080ae530e]
[c=5810000000 pc=00000000802aff32]
[c=5811000000 pc=0000000080261e7c]
[c=5812000000 pc=0000000080261eac]
[c=5813000000 pc=00000000802afaca]
[c=5814000000 pc=0000000080ae5314]
[c=5815000000 pc=00000000802aff34]
[c=5816000000 pc=0000000080261e7e]
[c=5817000000 pc=0000000080261eb0]
[c=5818000000 pc=00000000802afacc]
[c=5819000000 pc=0000000080ae5318]
[c=5820000000 pc=00000000802aff38]
[c=5821000000 pc=0000000080261e80]
[c=5822000000 pc=0000000080261eb4]
[c=5823000000 pc=00000000802afad0]
[c=5824000000 pc=0000000080ae531a]
[c=5825000000 pc=00000000802aff3c]
[c=5826000000 pc=0000000080261ddc]
[c=5827000000 pc=0000000080860130]
[c=5828000000 pc=00000000802afad8]
[c=5829000000 pc=0000000080ae5320]
[c=5830000000 pc=00000000802aff3c]
[c=5831000000 pc=0000000080261de0]
[c=5832000000 pc=0000000080860132]
[c=5833000000 pc=00000000802afada]
[c=5834000000 pc=0000000080ae304e]
[c=5835000000 pc=00000000802aff3e]
[c=5836000000 pc=0000000080261de2]
[c=5837000000 pc=0000000080860134]
[c=5838000000 pc=00000000802afade]
[c=5839000000 pc=0000000080ae3050]
[c=5840000000 pc=00000000802aff4c]
[c=5841000000 pc=0000000080261de6]
[c=5842000000 pc=0000000080860136]
[c=5843000000 pc=00000000802afae2]
[c=5844000000 pc=0000000080ae3054]
[c=5845000000 pc=00000000802aff4e]
[c=5846000000 pc=0000000080261dea]
[c=5847000000 pc=0000000080860138]
[c=5848000000 pc=0000000080261fd6]
[c=5849000000 pc=0000000080ae305c]
[c=5850000000 pc=0000000080261e72]
[c=5851000000 pc=0000000080261e88]
[c=5852000000 pc=000000008086013c]
[c=5853000000 pc=00000000802afe60]
[c=5854000000 pc=0000000080ae305e]
[c=5855000000 pc=0000000080261e74]
[c=5856000000 pc=0000000080261e90]
[c=5857000000 pc=000000008086013c]
[c=5858000000 pc=00000000802afe64]
[c=5859000000 pc=0000000080ae3062]
[c=5860000000 pc=0000000080261e74]
[c=5861000000 pc=0000000080261e96]
[c=5862000000 pc=0000000080860142]
[c=5863000000 pc=00000000802afe66]
[c=5864000000 pc=0000000080ae5328]
[c=5865000000 pc=0000000080261dee]
[c=5866000000 pc=0000000080261e9a]
[c=5867000000 pc=000000008086014a]
[c=5868000000 pc=00000000802afe6a]
[c=5869000000 pc=0000000080ae532c]
[c=5870000000 pc=0000000080261df2]
[c=5871000000 pc=0000000080261ea0]
[c=5872000000 pc=000000008086014c]
[c=5873000000 pc=00000000802afe70]
[c=5874000000 pc=0000000080ae5330]
[c=5875000000 pc=0000000080261df2]
[c=5876000000 pc=0000000080860402]
[c=5877000000 pc=0000000080860150]
[c=5878000000 pc=00000000802afe74]
[c=5879000000 pc=0000000080ae5332]
[c=5880000000 pc=0000000080261df4]
[c=5881000000 pc=0000000080860404]
[c=5882000000 pc=0000000080860154]
[c=5883000000 pc=00000000802afe76]
[c=5884000000 pc=0000000080261fc4]
[c=5885000000 pc=0000000080261df6]
[c=5886000000 pc=0000000080860408]
[c=5887000000 pc=0000000080860156]
[c=5888000000 pc=0000000080261fdc]
[c=5889000000 pc=0000000080261f18]
[c=5890000000 pc=0000000080261df8]
[c=5891000000 pc=0000000080860414]
[c=5892000000 pc=0000000080261eb8]
[c=5893000000 pc=0000000080261fbc]
[c=5894000000 pc=0000000080261e6e]
[c=5895000000 pc=0000000080261dfa]
[c=5896000000 pc=0000000080860416]
[c=5897000000 pc=0000000080261fb2]
[c=5898000000 pc=0000000080261fc0]
[c=5899000000 pc=00000000802aff2c]
[c=5900000000 pc=0000000080261e78]
[c=5901000000 pc=0000000080261ea4]
[c=5902000000 pc=0000000080261fb6]
[c=5903000000 pc=0000000080ae530c]
[c=5904000000 pc=00000000802aff30]
[c=5905000000 pc=0000000080261e78]
[c=5906000000 pc=0000000080261eaa]
[c=5907000000 pc=0000000080261fd2]
[c=5908000000 pc=0000000080ae530e]
[c=5909000000 pc=00000000802aff32]
[c=5910000000 pc=0000000080261e7c]
[c=5911000000 pc=0000000080261eac]
[c=5912000000 pc=00000000802afaca]
[c=5913000000 pc=0000000080ae5314]
[c=5914000000 pc=00000000802aff34]
[c=5915000000 pc=0000000080261e7e]
[c=5916000000 pc=0000000080261eb0]
[c=5917000000 pc=00000000802afacc]
[c=5918000000 pc=0000000080ae5318]
[c=5919000000 pc=00000000802aff38]
[c=5920000000 pc=0000000080261e80]
[c=5921000000 pc=0000000080261eb4]
[c=5922000000 pc=00000000802afad0]
[c=5923000000 pc=0000000080ae531a]
[c=5924000000 pc=00000000802aff3c]
[c=5925000000 pc=0000000080261ddc]
[c=5926000000 pc=0000000080860130]
[c=5927000000 pc=00000000802afad8]
[c=5928000000 pc=0000000080ae5320]
[c=5929000000 pc=00000000802aff3c]
[c=5930000000 pc=0000000080261de0]
[c=5931000000 pc=0000000080860132]
[c=5932000000 pc=00000000802afada]
[c=5933000000 pc=0000000080ae304e]
[c=5934000000 pc=00000000802aff3e]
[c=5935000000 pc=0000000080261de2]
[c=5936000000 pc=0000000080860134]
[c=5937000000 pc=00000000802afade]
[c=5938000000 pc=0000000080ae3050]
[c=5939000000 pc=00000000802aff4c]
[c=5940000000 pc=0000000080261de6]
[c=5941000000 pc=0000000080860136]
[c=5942000000 pc=00000000802afae2]
[c=5943000000 pc=0000000080ae3054]
[c=5944000000 pc=00000000802aff4e]
[c=5945000000 pc=0000000080261dea]
[c=5946000000 pc=0000000080860138]
[c=5947000000 pc=0000000080261fd6]
[c=5948000000 pc=0000000080ae305c]
[c=5949000000 pc=0000000080261e72]
[c=5950000000 pc=0000000080261e88]
[c=5951000000 pc=000000008086013c]
[c=5952000000 pc=00000000802afe60]
[c=5953000000 pc=0000000080ae305e]
[c=5954000000 pc=0000000080261e74]
[c=5955000000 pc=0000000080261e90]
[c=5956000000 pc=000000008086013c]
[c=5957000000 pc=00000000802afe64]
[c=5958000000 pc=0000000080ae3062]
[c=5959000000 pc=0000000080261e74]
[c=5960000000 pc=0000000080261e96]
[c=5961000000 pc=0000000080860142]
[c=5962000000 pc=00000000802afe66]
[c=5963000000 pc=0000000080ae5328]
[c=5964000000 pc=0000000080261dee]
[c=5965000000 pc=0000000080261e9a]
[c=5966000000 pc=000000008086014a]
[c=5967000000 pc=00000000802afe6a]
[c=5968000000 pc=0000000080ae532c]
[c=5969000000 pc=0000000080261df2]
[c=5970000000 pc=0000000080261ea0]
[c=5971000000 pc=000000008086014c]
[c=5972000000 pc=00000000802afe70]
[c=5973000000 pc=0000000080ae5330]
[c=5974000000 pc=0000000080261df2]
[c=5975000000 pc=0000000080860402]
[c=5976000000 pc=0000000080860150]
[c=5977000000 pc=00000000802afe74]
[c=5978000000 pc=0000000080ae5332]
[c=5979000000 pc=0000000080261df4]
[c=5980000000 pc=0000000080860404]
[c=5981000000 pc=0000000080860154]
[c=5982000000 pc=00000000802afe76]
[c=5983000000 pc=0000000080261fc4]
[c=5984000000 pc=0000000080261df6]
[c=5985000000 pc=0000000080860408]
[c=5986000000 pc=0000000080860156]
[c=5987000000 pc=0000000080261fdc]
[c=5988000000 pc=0000000080261f18]
[c=5989000000 pc=0000000080261df8]
[c=5990000000 pc=0000000080860414]
[c=5991000000 pc=0000000080261eb8]
[c=5992000000 pc=0000000080261fbc]
[c=5993000000 pc=0000000080261e6e]
[c=5994000000 pc=0000000080261dfa]
[c=5995000000 pc=0000000080860416]
[c=5996000000 pc=0000000080261fb2]
[c=5997000000 pc=0000000080261fc0]
[c=5998000000 pc=00000000802aff2c]
[c=5999000000 pc=0000000080261e78]
[c=6000000000 pc=0000000080261ea4]
[c=6001000000 pc=0000000080261fb6]
[c=6002000000 pc=0000000080ae530c]
[c=6003000000 pc=00000000802aff30]
[c=6004000000 pc=0000000080261e78]
[c=6005000000 pc=0000000080261eaa]
[c=6006000000 pc=0000000080261fd2]
[c=6007000000 pc=0000000080ae530e]
[c=6008000000 pc=00000000802aff32]
[c=6009000000 pc=0000000080261e7c]
[c=6010000000 pc=0000000080261eac]
[c=6011000000 pc=00000000802afaca]
[c=6012000000 pc=0000000080ae5314]
[c=6013000000 pc=00000000802aff34]
[c=6014000000 pc=0000000080261e7e]
[c=6015000000 pc=0000000080261eb0]
[c=6016000000 pc=00000000802afacc]
[c=6017000000 pc=0000000080ae5318]
[c=6018000000 pc=00000000802aff38]
[c=6019000000 pc=0000000080261e80]
[c=6020000000 pc=0000000080261eb4]
[c=6021000000 pc=00000000802afad0]
[c=6022000000 pc=0000000080ae531a]
[c=6023000000 pc=00000000802aff3c]
[c=6024000000 pc=0000000080261ddc]
[c=6025000000 pc=0000000080860130]
[c=6026000000 pc=00000000802afad8]
[c=6027000000 pc=0000000080ae5320]
[c=6028000000 pc=00000000802aff3c]
[c=6029000000 pc=0000000080261de0]
[c=6030000000 pc=0000000080860132]
[c=6031000000 pc=00000000802afada]
[c=6032000000 pc=0000000080ae304e]
[c=6033000000 pc=00000000802aff3e]
[c=6034000000 pc=0000000080261de2]
[c=6035000000 pc=0000000080860134]
[c=6036000000 pc=00000000802afade]
[c=6037000000 pc=0000000080ae3050]
[c=6038000000 pc=00000000802aff4c]
[c=6039000000 pc=0000000080261de6]
[c=6040000000 pc=0000000080860136]
[c=6041000000 pc=00000000802afae2]
[c=6042000000 pc=0000000080ae3054]
[c=6043000000 pc=00000000802aff4e]
[c=6044000000 pc=0000000080261dea]
[c=6045000000 pc=0000000080860138]
[c=6046000000 pc=0000000080261fd6]
[c=6047000000 pc=0000000080ae305c]
[c=6048000000 pc=0000000080261e72]
[c=6049000000 pc=0000000080261e88]
[c=6050000000 pc=000000008086013c]
[c=6051000000 pc=00000000802afe60]
[c=6052000000 pc=0000000080ae305e]
[c=6053000000 pc=0000000080261e74]
[c=6054000000 pc=0000000080261e90]
[c=6055000000 pc=000000008086013c]
[c=6056000000 pc=00000000802afe64]
[c=6057000000 pc=0000000080ae3062]
[c=6058000000 pc=0000000080261e74]
[c=6059000000 pc=0000000080261e96]
[c=6060000000 pc=0000000080860142]
[c=6061000000 pc=00000000802afe66]
[c=6062000000 pc=0000000080ae5328]
[c=6063000000 pc=0000000080261dee]
[c=6064000000 pc=0000000080261e9a]
[c=6065000000 pc=000000008086014a]
[c=6066000000 pc=00000000802afe6a]
[c=6067000000 pc=0000000080ae532c]
[c=6068000000 pc=0000000080261df2]
[c=6069000000 pc=0000000080261ea0]
[c=6070000000 pc=000000008086014c]
[c=6071000000 pc=00000000802afe70]
[c=6072000000 pc=0000000080ae5330]
[c=6073000000 pc=0000000080261df2]
[c=6074000000 pc=0000000080860402]
[c=6075000000 pc=0000000080860150]
[c=6076000000 pc=00000000802afe74]
[c=6077000000 pc=0000000080ae5332]
[c=6078000000 pc=0000000080261df4]
[c=6079000000 pc=0000000080860404]
[c=6080000000 pc=0000000080860154]
[c=6081000000 pc=00000000802afe76]
[c=6082000000 pc=0000000080261fc4]
[c=6083000000 pc=0000000080261df6]
[c=6084000000 pc=0000000080860408]
[c=6085000000 pc=0000000080860156]
[c=6086000000 pc=0000000080261fdc]
[c=6087000000 pc=0000000080261f18]
[c=6088000000 pc=0000000080261df8]
[c=6089000000 pc=0000000080860414]
[c=6090000000 pc=0000000080261eb8]
[c=6091000000 pc=0000000080261fbc]
[c=6092000000 pc=0000000080261e6e]
[c=6093000000 pc=0000000080261dfa]
[c=6094000000 pc=0000000080860416]
[c=6095000000 pc=0000000080261fb2]
[c=6096000000 pc=0000000080261fc0]
[c=6097000000 pc=00000000802aff2c]
[c=6098000000 pc=0000000080261e78]
[c=6099000000 pc=0000000080261ea4]
[c=6100000000 pc=0000000080261fb6]
[c=6101000000 pc=0000000080ae530c]
[c=6102000000 pc=00000000802aff30]
[c=6103000000 pc=0000000080261e78]
[c=6104000000 pc=0000000080261eaa]
[c=6105000000 pc=0000000080261fd2]
[c=6106000000 pc=0000000080ae530e]
[c=6107000000 pc=00000000802aff32]
[c=6108000000 pc=0000000080261e7c]
[c=6109000000 pc=0000000080261eac]
[c=6110000000 pc=00000000802afaca]
[c=6111000000 pc=0000000080ae5314]
[c=6112000000 pc=00000000802aff34]
[c=6113000000 pc=0000000080261e7e]
[c=6114000000 pc=0000000080261eb0]
[c=6115000000 pc=00000000802afacc]
[c=6116000000 pc=0000000080ae5318]
[c=6117000000 pc=00000000802aff38]
[c=6118000000 pc=0000000080261e80]
[c=6119000000 pc=0000000080261eb4]
[c=6120000000 pc=00000000802afad0]
[c=6121000000 pc=0000000080ae531a]
[c=6122000000 pc=00000000802aff3c]
[c=6123000000 pc=0000000080261ddc]
[c=6124000000 pc=0000000080860130]
[c=6125000000 pc=00000000802afad8]
[c=6126000000 pc=0000000080ae5320]
[c=6127000000 pc=00000000802aff3c]
[c=6128000000 pc=0000000080261de0]
[c=6129000000 pc=0000000080860132]
[c=6130000000 pc=00000000802afada]
[c=6131000000 pc=0000000080ae304e]
[c=6132000000 pc=00000000802aff3e]
[c=6133000000 pc=0000000080261de2]
[c=6134000000 pc=0000000080860134]
[c=6135000000 pc=00000000802afade]
[c=6136000000 pc=0000000080ae3050]
[c=6137000000 pc=00000000802aff4c]
[c=6138000000 pc=0000000080261de6]
[c=6139000000 pc=0000000080860136]
[c=6140000000 pc=00000000802afae2]
[c=6141000000 pc=0000000080ae3054]
[c=6142000000 pc=00000000802aff4e]
[c=6143000000 pc=0000000080261dea]
[c=6144000000 pc=0000000080860138]
[c=6145000000 pc=0000000080261fd6]
[c=6146000000 pc=0000000080ae305c]
[c=6147000000 pc=0000000080261e72]
[c=6148000000 pc=0000000080261e88]
[c=6149000000 pc=000000008086013c]
[c=6150000000 pc=00000000802afe60]
[c=6151000000 pc=0000000080ae305e]
[c=6152000000 pc=0000000080261e74]
[c=6153000000 pc=0000000080261e90]
[c=6154000000 pc=000000008086013c]
[c=6155000000 pc=00000000802afe64]
[c=6156000000 pc=0000000080ae3062]
[c=6157000000 pc=0000000080261e74]
[c=6158000000 pc=0000000080261e96]
[c=6159000000 pc=0000000080860142]
[c=6160000000 pc=00000000802afe66]
[c=6161000000 pc=0000000080ae5328]
[c=6162000000 pc=0000000080261dee]
[c=6163000000 pc=0000000080261e9a]
[c=6164000000 pc=000000008086014a]
[c=6165000000 pc=00000000802afe6a]
[c=6166000000 pc=0000000080ae532c]
[c=6167000000 pc=0000000080261df2]
[c=6168000000 pc=0000000080261ea0]
[c=6169000000 pc=000000008086014c]
[c=6170000000 pc=00000000802afe70]
[c=6171000000 pc=0000000080ae5330]
[c=6172000000 pc=0000000080261df2]
[c=6173000000 pc=0000000080860402]
[c=6174000000 pc=0000000080860150]
[c=6175000000 pc=00000000802afe74]
[c=6176000000 pc=0000000080ae5332]
[c=6177000000 pc=0000000080261df4]
[c=6178000000 pc=0000000080860404]
[c=6179000000 pc=0000000080860154]
[c=6180000000 pc=00000000802afe76]
[c=6181000000 pc=0000000080261fc4]
[c=6182000000 pc=0000000080261df6]
[c=6183000000 pc=0000000080860408]
[c=6184000000 pc=0000000080860156]
[c=6185000000 pc=0000000080261fdc]
[c=6186000000 pc=0000000080261f18]
[c=6187000000 pc=0000000080261df8]
[c=6188000000 pc=0000000080860414]
[c=6189000000 pc=0000000080261eb8]
[c=6190000000 pc=0000000080261fbc]
[c=6191000000 pc=0000000080261e6e]
[c=6192000000 pc=0000000080261dfa]
[c=6193000000 pc=0000000080860416]
[c=6194000000 pc=0000000080261fb2]
[c=6195000000 pc=0000000080261fc0]
[c=6196000000 pc=00000000802aff2c]
[c=6197000000 pc=0000000080261e78]
[c=6198000000 pc=0000000080261ea4]
[c=6199000000 pc=0000000080261fb6]
[c=6200000000 pc=0000000080ae530c]
[c=6201000000 pc=00000000802aff30]
[c=6202000000 pc=0000000080261e78]
[c=6203000000 pc=0000000080261eaa]
[c=6204000000 pc=0000000080261fd2]
[c=6205000000 pc=0000000080ae530e]
[c=6206000000 pc=00000000802aff32]
[c=6207000000 pc=0000000080261e7c]
[c=6208000000 pc=0000000080261eac]
[c=6209000000 pc=00000000802afaca]
[c=6210000000 pc=0000000080ae5314]
[c=6211000000 pc=00000000802aff34]
[c=6212000000 pc=0000000080261e7e]
[c=6213000000 pc=0000000080261eb0]
[c=6214000000 pc=00000000802afacc]
[c=6215000000 pc=0000000080ae5318]
[c=6216000000 pc=00000000802aff38]
[c=6217000000 pc=0000000080261e80]
[c=6218000000 pc=0000000080261eb4]
[c=6219000000 pc=00000000802afad0]
[c=6220000000 pc=0000000080ae531a]
[c=6221000000 pc=00000000802aff3c]
[c=6222000000 pc=0000000080261ddc]
[c=6223000000 pc=0000000080860130]
[c=6224000000 pc=00000000802afad8]
[c=6225000000 pc=0000000080ae5320]
[c=6226000000 pc=00000000802aff3c]
[c=6227000000 pc=0000000080261de0]
[c=6228000000 pc=0000000080860132]
[c=6229000000 pc=00000000802afada]
[c=6230000000 pc=0000000080ae304e]
[c=6231000000 pc=00000000802aff3e]
[c=6232000000 pc=0000000080261de2]
[c=6233000000 pc=0000000080860134]
[c=6234000000 pc=00000000802afade]
[c=6235000000 pc=0000000080ae3050]
[c=6236000000 pc=00000000802aff4c]
[c=6237000000 pc=0000000080261de6]
[c=6238000000 pc=0000000080860136]
[c=6239000000 pc=00000000802afae2]
[c=6240000000 pc=0000000080ae3054]
[c=6241000000 pc=00000000802aff4e]
[c=6242000000 pc=0000000080261dea]
[c=6243000000 pc=0000000080860138]
[c=6244000000 pc=0000000080261fd6]
[c=6245000000 pc=0000000080ae305c]
[c=6246000000 pc=0000000080261e72]
[c=6247000000 pc=0000000080261e88]
[c=6248000000 pc=000000008086013c]
[c=6249000000 pc=00000000802afe60]
[c=6250000000 pc=0000000080ae305e]
[c=6251000000 pc=0000000080261e74]
[c=6252000000 pc=0000000080261e90]
[c=6253000000 pc=000000008086013c]
[c=6254000000 pc=00000000802afe64]
[c=6255000000 pc=0000000080ae3062]
[c=6256000000 pc=0000000080261e74]
[c=6257000000 pc=0000000080261e96]
[c=6258000000 pc=0000000080860142]
[c=6259000000 pc=00000000802afe66]
[c=6260000000 pc=0000000080ae5328]
[c=6261000000 pc=0000000080261dee]
[c=6262000000 pc=0000000080261e9a]
[c=6263000000 pc=000000008086014a]
[c=6264000000 pc=00000000802afe6a]
[c=6265000000 pc=0000000080ae532c]
[c=6266000000 pc=0000000080261df2]
[c=6267000000 pc=0000000080261ea0]
[c=6268000000 pc=000000008086014c]
[c=6269000000 pc=00000000802afe70]
[c=6270000000 pc=0000000080ae5330]
[c=6271000000 pc=0000000080261df2]
[c=6272000000 pc=0000000080860402]
[c=6273000000 pc=0000000080860150]
[c=6274000000 pc=00000000802afe74]
[c=6275000000 pc=0000000080ae5332]
[c=6276000000 pc=0000000080261df4]
[c=6277000000 pc=0000000080860404]
[c=6278000000 pc=0000000080860154]
[c=6279000000 pc=00000000802afe76]
[c=6280000000 pc=0000000080261fc4]
[c=6281000000 pc=0000000080261df6]
[c=6282000000 pc=0000000080860408]
[c=6283000000 pc=0000000080860156]
[c=6284000000 pc=0000000080261fdc]
[c=6285000000 pc=0000000080261f18]
[c=6286000000 pc=0000000080261df8]
[c=6287000000 pc=0000000080860414]
[c=6288000000 pc=0000000080261eb8]
[c=6289000000 pc=0000000080261fbc]
[c=6290000000 pc=0000000080261e6e]
[c=6291000000 pc=0000000080261dfa]
[c=6292000000 pc=0000000080860416]
[c=6293000000 pc=0000000080261fb2]
[c=6294000000 pc=0000000080261fc0]
[c=6295000000 pc=00000000802aff2c]
[c=6296000000 pc=0000000080261e78]
[c=6297000000 pc=0000000080261ea4]
[c=6298000000 pc=0000000080261fb6]
[c=6299000000 pc=0000000080ae530c]
[c=6300000000 pc=00000000802aff30]
[c=6301000000 pc=0000000080261e78]
[c=6302000000 pc=0000000080261eaa]
[c=6303000000 pc=0000000080261fd2]
[c=6304000000 pc=0000000080ae530e]
[c=6305000000 pc=00000000802aff32]
[c=6306000000 pc=0000000080261e7c]
[c=6307000000 pc=0000000080261eac]
[c=6308000000 pc=00000000802afaca]
[c=6309000000 pc=0000000080ae5314]
[c=6310000000 pc=00000000802aff34]
[c=6311000000 pc=0000000080261e7e]
[c=6312000000 pc=0000000080261eb0]
[c=6313000000 pc=00000000802afacc]
[c=6314000000 pc=0000000080ae5318]
[c=6315000000 pc=00000000802aff38]
[c=6316000000 pc=0000000080261e80]
[c=6317000000 pc=0000000080261eb4]
[c=6318000000 pc=00000000802afad0]
[c=6319000000 pc=0000000080ae531a]
[c=6320000000 pc=00000000802aff3c]
[c=6321000000 pc=0000000080261ddc]
[c=6322000000 pc=0000000080860130]
[c=6323000000 pc=00000000802afad8]
[c=6324000000 pc=0000000080ae5320]
[c=6325000000 pc=00000000802aff3c]
[c=6326000000 pc=0000000080261de0]
[c=6327000000 pc=0000000080860132]
[c=6328000000 pc=00000000802afada]
[c=6329000000 pc=0000000080ae304e]
[c=6330000000 pc=00000000802aff3e]
[c=6331000000 pc=0000000080261de2]
[c=6332000000 pc=0000000080860134]
[c=6333000000 pc=00000000802afade]
[c=6334000000 pc=0000000080ae3050]
[c=6335000000 pc=00000000802aff4c]
[c=6336000000 pc=0000000080261de6]
[c=6337000000 pc=0000000080860136]
[c=6338000000 pc=00000000802afae2]
[c=6339000000 pc=0000000080ae3054]
[c=6340000000 pc=00000000802aff4e]
[c=6341000000 pc=0000000080261dea]
[c=6342000000 pc=0000000080860138]
[c=6343000000 pc=0000000080261fd6]
[c=6344000000 pc=0000000080ae305c]
[c=6345000000 pc=0000000080261e72]
[c=6346000000 pc=0000000080261e88]
[c=6347000000 pc=000000008086013c]
[c=6348000000 pc=00000000802afe60]
[c=6349000000 pc=0000000080ae305e]
[c=6350000000 pc=0000000080261e74]
[c=6351000000 pc=0000000080261e90]
[c=6352000000 pc=000000008086013c]
[c=6353000000 pc=00000000802afe64]
[c=6354000000 pc=0000000080ae3062]
[c=6355000000 pc=0000000080261e74]
[c=6356000000 pc=0000000080261e96]
[c=6357000000 pc=0000000080860142]
[c=6358000000 pc=00000000802afe66]
[c=6359000000 pc=0000000080ae5328]
[c=6360000000 pc=0000000080261dee]
[c=6361000000 pc=0000000080261e9a]
[c=6362000000 pc=000000008086014a]
[c=6363000000 pc=00000000802afe6a]
[c=6364000000 pc=0000000080ae532c]
[c=6365000000 pc=0000000080261df2]
[c=6366000000 pc=0000000080261ea0]
[c=6367000000 pc=000000008086014c]
[c=6368000000 pc=00000000802afe70]
[c=6369000000 pc=0000000080ae5330]
[c=6370000000 pc=0000000080261df2]
[c=6371000000 pc=0000000080860402]
[c=6372000000 pc=0000000080860150]
[c=6373000000 pc=00000000802afe74]
[c=6374000000 pc=0000000080ae5332]
[c=6375000000 pc=0000000080261df4]
[c=6376000000 pc=0000000080860404]
[c=6377000000 pc=0000000080860154]
[c=6378000000 pc=00000000802afe76]
[c=6379000000 pc=0000000080261fc4]
[c=6380000000 pc=0000000080261df6]
[c=6381000000 pc=0000000080860408]
[c=6382000000 pc=0000000080860156]
[c=6383000000 pc=0000000080261fdc]
[c=6384000000 pc=0000000080261f18]
[c=6385000000 pc=0000000080261df8]
[c=6386000000 pc=0000000080860414]
[c=6387000000 pc=0000000080261eb8]
[c=6388000000 pc=0000000080261fbc]
[c=6389000000 pc=0000000080261e6e]
[c=6390000000 pc=0000000080261dfa]
[c=6391000000 pc=0000000080860416]
[c=6392000000 pc=0000000080261fb2]
[c=6393000000 pc=0000000080261fc0]
[c=6394000000 pc=00000000802aff2c]
[c=6395000000 pc=0000000080261e78]
[c=6396000000 pc=0000000080261ea4]
[c=6397000000 pc=0000000080261fb6]
[c=6398000000 pc=0000000080ae530c]
[c=6399000000 pc=00000000802aff30]
[c=6400000000 pc=0000000080261e78]
[c=6401000000 pc=0000000080261eaa]
[c=6402000000 pc=0000000080261fd2]
[c=6403000000 pc=0000000080ae530e]
[c=6404000000 pc=00000000802aff32]
[c=6405000000 pc=0000000080261e7c]
[c=6406000000 pc=0000000080261eac]
[c=6407000000 pc=00000000802afaca]
[c=6408000000 pc=0000000080ae5314]
[c=6409000000 pc=00000000802aff34]
[c=6410000000 pc=0000000080261e7e]
[c=6411000000 pc=0000000080261eb0]
[c=6412000000 pc=00000000802afacc]
[c=6413000000 pc=0000000080ae5318]
[c=6414000000 pc=00000000802aff38]
[c=6415000000 pc=0000000080261e80]
[c=6416000000 pc=0000000080261eb4]
[c=6417000000 pc=00000000802afad0]
[c=6418000000 pc=0000000080ae531a]
[c=6419000000 pc=00000000802aff3c]
[c=6420000000 pc=0000000080261ddc]
[c=6421000000 pc=0000000080860130]
[c=6422000000 pc=00000000802afad8]
[c=6423000000 pc=0000000080ae5320]
[c=6424000000 pc=00000000802aff3c]
[c=6425000000 pc=0000000080261de0]
[c=6426000000 pc=0000000080860132]
[c=6427000000 pc=00000000802afada]
[c=6428000000 pc=0000000080ae304e]
[c=6429000000 pc=00000000802aff3e]
[c=6430000000 pc=0000000080261de2]
[c=6431000000 pc=0000000080860134]
[c=6432000000 pc=00000000802afade]
[c=6433000000 pc=0000000080ae3050]
[c=6434000000 pc=00000000802aff4c]
[c=6435000000 pc=0000000080261de6]
[c=6436000000 pc=0000000080860136]
[c=6437000000 pc=00000000802afae2]
[c=6438000000 pc=0000000080ae3054]
[c=6439000000 pc=00000000802aff4e]
[c=6440000000 pc=0000000080261dea]
[c=6441000000 pc=0000000080860138]
[c=6442000000 pc=0000000080261fd6]
[c=6443000000 pc=0000000080ae305c]
[c=6444000000 pc=0000000080261e72]
[c=6445000000 pc=0000000080261e88]
[c=6446000000 pc=000000008086013c]
[c=6447000000 pc=00000000802afe60]
[c=6448000000 pc=0000000080ae305e]
[c=6449000000 pc=0000000080261e74]
[c=6450000000 pc=0000000080261e90]
[c=6451000000 pc=000000008086013c]
[c=6452000000 pc=00000000802afe64]
[c=6453000000 pc=0000000080ae3062]
[c=6454000000 pc=0000000080261e74]
[c=6455000000 pc=0000000080261e96]
[c=6456000000 pc=0000000080860142]
[c=6457000000 pc=00000000802afe66]
[c=6458000000 pc=0000000080ae5328]
[c=6459000000 pc=0000000080261dee]
[c=6460000000 pc=0000000080261e9a]
[c=6461000000 pc=000000008086014a]
[c=6462000000 pc=00000000802afe6a]
[c=6463000000 pc=0000000080ae532c]
[c=6464000000 pc=0000000080261df2]
[c=6465000000 pc=0000000080261ea0]
[c=6466000000 pc=000000008086014c]
[c=6467000000 pc=00000000802afe70]
[c=6468000000 pc=0000000080ae5330]
[c=6469000000 pc=0000000080261df2]
[c=6470000000 pc=0000000080860402]
[c=6471000000 pc=0000000080860150]
[c=6472000000 pc=00000000802afe74]
[c=6473000000 pc=0000000080ae5332]
[c=6474000000 pc=0000000080261df4]
[c=6475000000 pc=0000000080860404]
[c=6476000000 pc=0000000080860154]
[c=6477000000 pc=00000000802afe76]
[c=6478000000 pc=0000000080261fc4]
[c=6479000000 pc=0000000080261df6]
[c=6480000000 pc=0000000080860408]
[c=6481000000 pc=0000000080860156]
[c=6482000000 pc=0000000080261fdc]
[c=6483000000 pc=0000000080261f18]
[c=6484000000 pc=0000000080261df8]
[c=6485000000 pc=0000000080860414]
[c=6486000000 pc=0000000080261eb8]
[c=6487000000 pc=0000000080261fbc]
[c=6488000000 pc=0000000080261e6e]
[c=6489000000 pc=0000000080261dfa]
[c=6490000000 pc=0000000080860416]
[c=6491000000 pc=0000000080261fb2]
[c=6492000000 pc=0000000080261fc0]
[c=6493000000 pc=00000000802aff2c]
[c=6494000000 pc=0000000080261e78]
[c=6495000000 pc=0000000080261ea4]
[c=6496000000 pc=0000000080261fb6]
[c=6497000000 pc=0000000080ae530c]
[c=6498000000 pc=00000000802aff30]
[c=6499000000 pc=0000000080261e78]
[c=6500000000 pc=0000000080261eaa]
[c=6501000000 pc=0000000080261fd2]
[c=6502000000 pc=0000000080ae530e]
[c=6503000000 pc=00000000802aff32]
[c=6504000000 pc=0000000080261e7c]
[c=6505000000 pc=0000000080261eac]
[c=6506000000 pc=00000000802afaca]
[c=6507000000 pc=0000000080ae5314]
[c=6508000000 pc=00000000802aff34]
[c=6509000000 pc=0000000080261e7e]
[c=6510000000 pc=0000000080261eb0]
[c=6511000000 pc=00000000802afacc]
[c=6512000000 pc=0000000080ae5318]
[c=6513000000 pc=00000000802aff38]
[c=6514000000 pc=0000000080261e80]
[c=6515000000 pc=0000000080261eb4]
[c=6516000000 pc=00000000802afad0]
[c=6517000000 pc=0000000080ae531a]
[c=6518000000 pc=00000000802aff3c]
[c=6519000000 pc=0000000080261ddc]
[c=6520000000 pc=0000000080860130]
[c=6521000000 pc=00000000802afad8]
[c=6522000000 pc=0000000080ae5320]
[c=6523000000 pc=00000000802aff3c]
[c=6524000000 pc=0000000080261de0]
[c=6525000000 pc=0000000080860132]
[c=6526000000 pc=00000000802afada]
[c=6527000000 pc=0000000080ae304e]
[c=6528000000 pc=00000000802aff3e]
[c=6529000000 pc=0000000080261de2]
[c=6530000000 pc=0000000080860134]
[c=6531000000 pc=00000000802afade]
[c=6532000000 pc=0000000080ae3050]
[c=6533000000 pc=00000000802aff4c]
[c=6534000000 pc=0000000080261de6]
[c=6535000000 pc=0000000080860136]
[c=6536000000 pc=00000000802afae2]
[c=6537000000 pc=0000000080ae3054]
[c=6538000000 pc=00000000802aff4e]
[c=6539000000 pc=0000000080261dea]
[c=6540000000 pc=0000000080860138]
[c=6541000000 pc=0000000080261fd6]
[c=6542000000 pc=0000000080ae305c]
[c=6543000000 pc=0000000080261e72]
[c=6544000000 pc=0000000080261e88]
[c=6545000000 pc=000000008086013c]
[c=6546000000 pc=00000000802afe60]
[c=6547000000 pc=0000000080ae305e]
[c=6548000000 pc=0000000080261e74]
[c=6549000000 pc=0000000080261e90]
[c=6550000000 pc=000000008086013c]
[c=6551000000 pc=00000000802afe64]
[c=6552000000 pc=0000000080ae3062]
[c=6553000000 pc=0000000080261e74]
[c=6554000000 pc=0000000080261e96]
[c=6555000000 pc=0000000080860142]
[c=6556000000 pc=00000000802afe66]
[c=6557000000 pc=0000000080ae5328]
[c=6558000000 pc=0000000080261dee]
[c=6559000000 pc=0000000080261e9a]
[c=6560000000 pc=000000008086014a]
[c=6561000000 pc=00000000802afe6a]
[c=6562000000 pc=0000000080ae532c]
[c=6563000000 pc=0000000080261df2]
[c=6564000000 pc=0000000080261ea0]
[c=6565000000 pc=000000008086014c]
[c=6566000000 pc=00000000802afe70]
[c=6567000000 pc=0000000080ae5330]
[c=6568000000 pc=0000000080261df2]
[c=6569000000 pc=0000000080860402]
[c=6570000000 pc=0000000080860150]
[c=6571000000 pc=00000000802afe74]
[c=6572000000 pc=0000000080ae5332]
[c=6573000000 pc=0000000080261df4]
[c=6574000000 pc=0000000080860404]
[c=6575000000 pc=0000000080860154]
[c=6576000000 pc=00000000802afe76]
[c=6577000000 pc=0000000080261fc4]
[c=6578000000 pc=0000000080261df6]
[c=6579000000 pc=0000000080860408]
[c=6580000000 pc=0000000080860156]
[c=6581000000 pc=0000000080261fdc]
[c=6582000000 pc=0000000080261f18]
[c=6583000000 pc=0000000080261df8]
[c=6584000000 pc=0000000080860414]
[c=6585000000 pc=0000000080261eb8]
[c=6586000000 pc=0000000080261fbc]
[c=6587000000 pc=0000000080261e6e]
[c=6588000000 pc=0000000080261dfa]
[c=6589000000 pc=0000000080860416]
[c=6590000000 pc=0000000080261fb2]
[c=6591000000 pc=0000000080261fc0]
[c=6592000000 pc=00000000802aff2c]
[c=6593000000 pc=0000000080261e78]
[c=6594000000 pc=0000000080261ea4]
[c=6595000000 pc=0000000080261fb6]
[c=6596000000 pc=0000000080ae530c]
[c=6597000000 pc=00000000802aff30]
[c=6598000000 pc=0000000080261e78]
[c=6599000000 pc=0000000080261eaa]
[c=6600000000 pc=0000000080261fd2]
[c=6601000000 pc=0000000080ae530e]
[c=6602000000 pc=00000000802aff32]
[c=6603000000 pc=0000000080261e7c]
[c=6604000000 pc=0000000080261eac]
[c=6605000000 pc=00000000802afaca]
[c=6606000000 pc=0000000080ae5314]
[c=6607000000 pc=00000000802aff34]
[c=6608000000 pc=0000000080261e7e]
[c=6609000000 pc=0000000080261eb0]
[c=6610000000 pc=00000000802afacc]
[c=6611000000 pc=0000000080ae5318]
[c=6612000000 pc=00000000802aff38]
[c=6613000000 pc=0000000080261e80]
[c=6614000000 pc=0000000080261eb4]
[c=6615000000 pc=00000000802afad0]
[c=6616000000 pc=0000000080ae531a]
[c=6617000000 pc=00000000802aff3c]
[c=6618000000 pc=0000000080261ddc]
[c=6619000000 pc=0000000080860130]
[c=6620000000 pc=00000000802afad8]
[c=6621000000 pc=0000000080ae5320]
[c=6622000000 pc=00000000802aff3c]
[c=6623000000 pc=0000000080261de0]
[c=6624000000 pc=0000000080860132]
[c=6625000000 pc=00000000802afada]
[c=6626000000 pc=0000000080ae304e]
[c=6627000000 pc=00000000802aff3e]
[c=6628000000 pc=0000000080261de2]
[c=6629000000 pc=0000000080860134]
[c=6630000000 pc=00000000802afade]
[c=6631000000 pc=0000000080ae3050]
[c=6632000000 pc=00000000802aff4c]
[c=6633000000 pc=0000000080261de6]
[c=6634000000 pc=0000000080860136]
[c=6635000000 pc=00000000802afae2]
[c=6636000000 pc=0000000080ae3054]
[c=6637000000 pc=00000000802aff4e]
[c=6638000000 pc=0000000080261dea]
[c=6639000000 pc=0000000080860138]
[c=6640000000 pc=0000000080261fd6]
[c=6641000000 pc=0000000080ae305c]
[c=6642000000 pc=0000000080261e72]
[c=6643000000 pc=0000000080261e88]
[c=6644000000 pc=000000008086013c]
[c=6645000000 pc=00000000802afe60]
[c=6646000000 pc=0000000080ae305e]
[c=6647000000 pc=0000000080261e74]
[c=6648000000 pc=0000000080261e90]
[c=6649000000 pc=000000008086013c]
[c=6650000000 pc=00000000802afe64]
[c=6651000000 pc=0000000080ae3062]
[c=6652000000 pc=0000000080261e74]
[c=6653000000 pc=0000000080261e96]
[c=6654000000 pc=0000000080860142]
[c=6655000000 pc=00000000802afe66]
[c=6656000000 pc=0000000080ae5328]
[c=6657000000 pc=0000000080261dee]
[c=6658000000 pc=0000000080261e9a]
[c=6659000000 pc=000000008086014a]
[c=6660000000 pc=00000000802afe6a]
[c=6661000000 pc=0000000080ae532c]
[c=6662000000 pc=0000000080261df2]
[c=6663000000 pc=0000000080261ea0]
[c=6664000000 pc=000000008086014c]
[c=6665000000 pc=00000000802afe70]
[c=6666000000 pc=0000000080ae5330]
[c=6667000000 pc=0000000080261df2]
[c=6668000000 pc=0000000080860402]
[c=6669000000 pc=0000000080860150]
[c=6670000000 pc=00000000802afe74]
[c=6671000000 pc=0000000080ae5332]
[c=6672000000 pc=0000000080261df4]
[c=6673000000 pc=0000000080860404]
[c=6674000000 pc=0000000080860154]
[c=6675000000 pc=00000000802afe76]
[c=6676000000 pc=0000000080261fc4]
[c=6677000000 pc=0000000080261df6]
[c=6678000000 pc=0000000080860408]
[c=6679000000 pc=0000000080860156]
[c=6680000000 pc=0000000080261fdc]
[c=6681000000 pc=0000000080261f18]
[c=6682000000 pc=0000000080261df8]
[c=6683000000 pc=0000000080860414]
[c=6684000000 pc=0000000080261eb8]
[c=6685000000 pc=0000000080261fbc]
[c=6686000000 pc=0000000080261e6e]
[c=6687000000 pc=0000000080261dfa]
[c=6688000000 pc=0000000080860416]
[c=6689000000 pc=0000000080261fb2]
[c=6690000000 pc=0000000080261fc0]
[c=6691000000 pc=00000000802aff2c]
[c=6692000000 pc=0000000080261e78]
[c=6693000000 pc=0000000080261ea4]
[c=6694000000 pc=0000000080261fb6]
[c=6695000000 pc=0000000080ae530c]
[c=6696000000 pc=00000000802aff30]
[c=6697000000 pc=0000000080261e78]
[c=6698000000 pc=0000000080261eaa]
[c=6699000000 pc=0000000080261fd2]
[c=6700000000 pc=0000000080ae530e]
[c=6701000000 pc=00000000802aff32]
[c=6702000000 pc=0000000080261e7c]
[c=6703000000 pc=0000000080261eac]
[c=6704000000 pc=00000000802afaca]
[c=6705000000 pc=0000000080ae5314]
[c=6706000000 pc=00000000802aff34]
[c=6707000000 pc=0000000080261e7e]
[c=6708000000 pc=0000000080261eb0]
[c=6709000000 pc=00000000802afacc]
[c=6710000000 pc=0000000080ae5318]
[c=6711000000 pc=00000000802aff38]
[c=6712000000 pc=0000000080261e80]
[c=6713000000 pc=0000000080261eb4]
[c=6714000000 pc=00000000802afad0]
[c=6715000000 pc=0000000080ae531a]
[c=6716000000 pc=00000000802aff3c]
[c=6717000000 pc=0000000080261ddc]
[c=6718000000 pc=0000000080860130]
[c=6719000000 pc=00000000802afad8]
[c=6720000000 pc=0000000080ae5320]
[c=6721000000 pc=00000000802aff3c]
[c=6722000000 pc=0000000080261de0]
[c=6723000000 pc=0000000080860132]
[c=6724000000 pc=00000000802afada]
[c=6725000000 pc=0000000080ae304e]
[c=6726000000 pc=00000000802aff3e]
[c=6727000000 pc=0000000080261de2]
[c=6728000000 pc=0000000080860134]
[c=6729000000 pc=00000000802afade]
[c=6730000000 pc=0000000080ae3050]
[c=6731000000 pc=00000000802aff4c]
[c=6732000000 pc=0000000080261de6]
[c=6733000000 pc=0000000080860136]
[c=6734000000 pc=00000000802afae2]
[c=6735000000 pc=0000000080ae3054]
[c=6736000000 pc=00000000802aff4e]
[c=6737000000 pc=0000000080261dea]
[c=6738000000 pc=0000000080860138]
[c=6739000000 pc=0000000080261fd6]
[c=6740000000 pc=0000000080ae305c]
[c=6741000000 pc=0000000080261e72]
[c=6742000000 pc=0000000080261e88]
[c=6743000000 pc=000000008086013c]
[c=6744000000 pc=00000000802afe60]
[c=6745000000 pc=0000000080ae305e]
[c=6746000000 pc=0000000080261e74]
[c=6747000000 pc=0000000080261e90]
[c=6748000000 pc=000000008086013c]
[c=6749000000 pc=00000000802afe64]
[c=6750000000 pc=0000000080ae3062]
[c=6751000000 pc=0000000080261e74]
[c=6752000000 pc=0000000080261e96]
[c=6753000000 pc=0000000080860142]
[c=6754000000 pc=00000000802afe66]
[c=6755000000 pc=0000000080ae5328]
[c=6756000000 pc=0000000080261dee]
[c=6757000000 pc=0000000080261e9a]
[c=6758000000 pc=000000008086014a]
[c=6759000000 pc=00000000802afe6a]
[c=6760000000 pc=0000000080ae532c]
[c=6761000000 pc=0000000080261df2]
[c=6762000000 pc=0000000080261ea0]
[c=6763000000 pc=000000008086014c]
[c=6764000000 pc=00000000802afe70]
[c=6765000000 pc=0000000080ae5330]
[c=6766000000 pc=0000000080261df2]
[c=6767000000 pc=0000000080860402]
[c=6768000000 pc=0000000080860150]
[c=6769000000 pc=00000000802afe74]
[c=6770000000 pc=0000000080ae5332]
[c=6771000000 pc=0000000080261df4]
[c=6772000000 pc=0000000080860404]
[c=6773000000 pc=0000000080860154]
[c=6774000000 pc=00000000802afe76]
[c=6775000000 pc=0000000080261fc4]
[c=6776000000 pc=0000000080261df6]
[c=6777000000 pc=0000000080860408]
[c=6778000000 pc=0000000080860156]
[c=6779000000 pc=0000000080261fdc]
[c=6780000000 pc=0000000080261f18]
[c=6781000000 pc=0000000080261df8]
[c=6782000000 pc=0000000080860414]
[c=6783000000 pc=0000000080261eb8]
[c=6784000000 pc=0000000080261fbc]
[c=6785000000 pc=0000000080261e6e]
[c=6786000000 pc=0000000080261dfa]
[c=6787000000 pc=0000000080860416]
[c=6788000000 pc=0000000080261fb2]
[c=6789000000 pc=0000000080261fc0]
[c=6790000000 pc=00000000802aff2c]
[c=6791000000 pc=0000000080261e78]
[c=6792000000 pc=0000000080261ea4]
[c=6793000000 pc=0000000080261fb6]
[c=6794000000 pc=0000000080ae530c]
[c=6795000000 pc=00000000802aff30]
[c=6796000000 pc=0000000080261e78]
[c=6797000000 pc=0000000080261eaa]
[c=6798000000 pc=0000000080261fd2]
[c=6799000000 pc=0000000080ae530e]
[c=6800000000 pc=00000000802aff32]
[c=6801000000 pc=0000000080261e7c]
[c=6802000000 pc=0000000080261eac]
[c=6803000000 pc=00000000802afaca]
[c=6804000000 pc=0000000080ae5314]
[c=6805000000 pc=00000000802aff34]
[c=6806000000 pc=0000000080261e7e]
[c=6807000000 pc=0000000080261eb0]
[c=6808000000 pc=00000000802afacc]
[c=6809000000 pc=0000000080ae5318]
[c=6810000000 pc=00000000802aff38]
[c=6811000000 pc=0000000080261e80]
[c=6812000000 pc=0000000080261eb4]
[c=6813000000 pc=00000000802afad0]
[c=6814000000 pc=0000000080ae531a]
[c=6815000000 pc=00000000802aff3c]
[c=6816000000 pc=0000000080261ddc]
[c=6817000000 pc=0000000080860130]
[c=6818000000 pc=00000000802afad8]
[c=6819000000 pc=0000000080ae5320]
[c=6820000000 pc=00000000802aff3c]
[c=6821000000 pc=0000000080261de0]
[c=6822000000 pc=0000000080860132]
[c=6823000000 pc=00000000802afada]
[c=6824000000 pc=0000000080ae304e]
[c=6825000000 pc=00000000802aff3e]
[c=6826000000 pc=0000000080261de2]
[c=6827000000 pc=0000000080860134]
[c=6828000000 pc=00000000802afade]
[c=6829000000 pc=0000000080ae3050]
[c=6830000000 pc=00000000802aff4c]
[c=6831000000 pc=0000000080261de6]
[c=6832000000 pc=0000000080860136]
[c=6833000000 pc=00000000802afae2]
[c=6834000000 pc=0000000080ae3054]
[c=6835000000 pc=00000000802aff4e]
[c=6836000000 pc=0000000080261dea]
[c=6837000000 pc=0000000080860138]
[c=6838000000 pc=0000000080261fd6]
[c=6839000000 pc=0000000080ae305c]
[c=6840000000 pc=0000000080261e72]
[c=6841000000 pc=0000000080261e88]
[c=6842000000 pc=000000008086013c]
[c=6843000000 pc=00000000802afe60]
[c=6844000000 pc=0000000080ae305e]
[c=6845000000 pc=0000000080261e74]
[c=6846000000 pc=0000000080261e90]
[c=6847000000 pc=000000008086013c]
[c=6848000000 pc=00000000802afe64]
[c=6849000000 pc=0000000080ae3062]
[c=6850000000 pc=0000000080261e74]
[c=6851000000 pc=0000000080261e96]
[c=6852000000 pc=0000000080860142]
[c=6853000000 pc=00000000802afe66]
[c=6854000000 pc=0000000080ae5328]
[c=6855000000 pc=0000000080261dee]
[c=6856000000 pc=0000000080261e9a]
[c=6857000000 pc=000000008086014a]
[c=6858000000 pc=00000000802afe6a]
[c=6859000000 pc=0000000080ae532c]
[c=6860000000 pc=0000000080261df2]
[c=6861000000 pc=0000000080261ea0]
[c=6862000000 pc=000000008086014c]
[c=6863000000 pc=00000000802afe70]
[c=6864000000 pc=0000000080ae5330]
[c=6865000000 pc=0000000080261df2]
[c=6866000000 pc=0000000080860402]
[c=6867000000 pc=0000000080860150]
[c=6868000000 pc=00000000802afe74]
[c=6869000000 pc=0000000080ae5332]
[c=6870000000 pc=0000000080261df4]
[c=6871000000 pc=0000000080860404]
[c=6872000000 pc=0000000080860154]
[c=6873000000 pc=00000000802afe76]
[c=6874000000 pc=0000000080261fc4]
[c=6875000000 pc=0000000080261df6]
[c=6876000000 pc=0000000080860408]
[c=6877000000 pc=0000000080860156]
[c=6878000000 pc=0000000080261fdc]
[c=6879000000 pc=0000000080261f18]
[c=6880000000 pc=0000000080261df8]
[c=6881000000 pc=0000000080860414]
[c=6882000000 pc=0000000080261eb8]
[c=6883000000 pc=0000000080261fbc]
[c=6884000000 pc=0000000080261e6e]
[c=6885000000 pc=0000000080261dfa]
[c=6886000000 pc=0000000080860416]
[c=6887000000 pc=0000000080261fb2]
[c=6888000000 pc=0000000080261fc0]
[c=6889000000 pc=00000000802aff2c]
[c=6890000000 pc=0000000080261e78]
[c=6891000000 pc=0000000080261ea4]
[c=6892000000 pc=0000000080261fb6]
[c=6893000000 pc=0000000080ae530c]
[c=6894000000 pc=00000000802aff30]
[c=6895000000 pc=0000000080261e78]
[c=6896000000 pc=0000000080261eaa]
[c=6897000000 pc=0000000080261fd2]
[c=6898000000 pc=0000000080ae530e]
[c=6899000000 pc=00000000802aff32]
[c=6900000000 pc=0000000080261e7c]
[c=6901000000 pc=0000000080261eac]
[c=6902000000 pc=00000000802afaca]
[c=6903000000 pc=0000000080ae5314]
[c=6904000000 pc=00000000802aff34]
[c=6905000000 pc=0000000080261e7e]
[c=6906000000 pc=0000000080261eb0]
[c=6907000000 pc=00000000802afacc]
[c=6908000000 pc=0000000080ae5318]
[c=6909000000 pc=00000000802aff38]
[c=6910000000 pc=0000000080261e80]
[c=6911000000 pc=0000000080261eb4]
[c=6912000000 pc=00000000802afad0]
[c=6913000000 pc=0000000080ae531a]
[c=6914000000 pc=00000000802aff3c]
[c=6915000000 pc=0000000080261ddc]
[c=6916000000 pc=0000000080860130]
[c=6917000000 pc=00000000802afad8]
[c=6918000000 pc=0000000080ae5320]
[c=6919000000 pc=00000000802aff3c]
[c=6920000000 pc=0000000080261de0]
[c=6921000000 pc=0000000080860132]
[c=6922000000 pc=00000000802afada]
[c=6923000000 pc=0000000080ae304e]
[c=6924000000 pc=00000000802aff3e]
[c=6925000000 pc=0000000080261de2]
[c=6926000000 pc=0000000080860134]
[c=6927000000 pc=00000000802afade]
[c=6928000000 pc=0000000080ae3050]
[c=6929000000 pc=00000000802aff4c]
[c=6930000000 pc=0000000080261de6]
[c=6931000000 pc=0000000080860136]
[c=6932000000 pc=00000000802afae2]
[c=6933000000 pc=0000000080ae3054]
[c=6934000000 pc=00000000802aff4e]
[c=6935000000 pc=0000000080261dea]
[c=6936000000 pc=0000000080860138]
[c=6937000000 pc=0000000080261fd6]
[c=6938000000 pc=0000000080ae305c]
[c=6939000000 pc=0000000080261e72]
[c=6940000000 pc=0000000080261e88]
[c=6941000000 pc=000000008086013c]
[c=6942000000 pc=00000000802afe60]
[c=6943000000 pc=0000000080ae305e]
[c=6944000000 pc=0000000080261e74]
[c=6945000000 pc=0000000080261e90]
[c=6946000000 pc=000000008086013c]
[c=6947000000 pc=00000000802afe64]
[c=6948000000 pc=0000000080ae3062]
[c=6949000000 pc=0000000080261e74]
[c=6950000000 pc=0000000080261e96]
[c=6951000000 pc=0000000080860142]
[c=6952000000 pc=00000000802afe66]
[c=6953000000 pc=0000000080ae5328]
[c=6954000000 pc=0000000080261dee]
[c=6955000000 pc=0000000080261e9a]
[c=6956000000 pc=000000008086014a]
[c=6957000000 pc=00000000802afe6a]
[c=6958000000 pc=0000000080ae532c]
[c=6959000000 pc=0000000080261df2]
[c=6960000000 pc=0000000080261ea0]
[c=6961000000 pc=000000008086014c]
[c=6962000000 pc=00000000802afe70]
[c=6963000000 pc=0000000080ae5330]
[c=6964000000 pc=0000000080261df2]
[c=6965000000 pc=0000000080860402]
[c=6966000000 pc=0000000080860150]
[c=6967000000 pc=00000000802afe74]
[c=6968000000 pc=0000000080ae5332]
[c=6969000000 pc=0000000080261df4]
[c=6970000000 pc=0000000080860404]
[c=6971000000 pc=0000000080860154]
[c=6972000000 pc=00000000802afe76]
[c=6973000000 pc=0000000080261fc4]
[c=6974000000 pc=0000000080261df6]
[c=6975000000 pc=0000000080860408]
[c=6976000000 pc=0000000080860156]
[c=6977000000 pc=0000000080261fdc]
[c=6978000000 pc=0000000080261f18]
[c=6979000000 pc=0000000080261df8]
[c=6980000000 pc=0000000080860414]
[c=6981000000 pc=0000000080261eb8]
[c=6982000000 pc=0000000080261fbc]
[c=6983000000 pc=0000000080261e6e]
[c=6984000000 pc=0000000080261dfa]
[c=6985000000 pc=0000000080860416]
[c=6986000000 pc=0000000080261fb2]
[c=6987000000 pc=0000000080261fc0]
[c=6988000000 pc=00000000802aff2c]
[c=6989000000 pc=0000000080261e78]
[c=6990000000 pc=0000000080261ea4]
[c=6991000000 pc=0000000080261fb6]
[c=6992000000 pc=0000000080ae530c]
[c=6993000000 pc=00000000802aff30]
[c=6994000000 pc=0000000080261e78]
[c=6995000000 pc=0000000080261eaa]
[c=6996000000 pc=0000000080261fd2]
[c=6997000000 pc=0000000080ae530e]
[c=6998000000 pc=00000000802aff32]
[c=6999000000 pc=0000000080261e7c]
[c=7000000000 pc=0000000080261eac]
[c=7001000000 pc=00000000802afaca]
[c=7002000000 pc=0000000080ae5314]
[c=7003000000 pc=00000000802aff34]
[c=7004000000 pc=0000000080261e7e]
[c=7005000000 pc=0000000080261eb0]
[c=7006000000 pc=00000000802afacc]
[c=7007000000 pc=0000000080ae5318]
[c=7008000000 pc=00000000802aff38]
[c=7009000000 pc=0000000080261e80]
[c=7010000000 pc=0000000080261eb4]
[c=7011000000 pc=00000000802afad0]
[c=7012000000 pc=0000000080ae531a]
[c=7013000000 pc=00000000802aff3c]
[c=7014000000 pc=0000000080261ddc]
[c=7015000000 pc=0000000080860130]
[c=7016000000 pc=00000000802afad8]
[c=7017000000 pc=0000000080ae5320]
[c=7018000000 pc=00000000802aff3c]
[c=7019000000 pc=0000000080261de0]
[c=7020000000 pc=0000000080860132]
[c=7021000000 pc=00000000802afada]
[c=7022000000 pc=0000000080ae304e]
[c=7023000000 pc=00000000802aff3e]
[c=7024000000 pc=0000000080261de2]
[c=7025000000 pc=0000000080860134]
[c=7026000000 pc=00000000802afade]
[c=7027000000 pc=0000000080ae3050]
[c=7028000000 pc=00000000802aff4c]
[c=7029000000 pc=0000000080261de6]
[c=7030000000 pc=0000000080860136]
[c=7031000000 pc=00000000802afae2]
[c=7032000000 pc=0000000080ae3054]
[c=7033000000 pc=00000000802aff4e]
[c=7034000000 pc=0000000080261dea]
[c=7035000000 pc=0000000080860138]
[c=7036000000 pc=0000000080261fd6]
[c=7037000000 pc=0000000080ae305c]
[c=7038000000 pc=0000000080261e72]
[c=7039000000 pc=0000000080261e88]
[c=7040000000 pc=000000008086013c]
[c=7041000000 pc=00000000802afe60]
[c=7042000000 pc=0000000080ae305e]
[c=7043000000 pc=0000000080261e74]
[c=7044000000 pc=0000000080261e90]
[c=7045000000 pc=000000008086013c]
[c=7046000000 pc=00000000802afe64]
[c=7047000000 pc=0000000080ae3062]
[c=7048000000 pc=0000000080261e74]
[c=7049000000 pc=0000000080261e96]
[c=7050000000 pc=0000000080860142]
[c=7051000000 pc=00000000802afe66]
[c=7052000000 pc=0000000080ae5328]
[c=7053000000 pc=0000000080261dee]
[c=7054000000 pc=0000000080261e9a]
[c=7055000000 pc=000000008086014a]
[c=7056000000 pc=00000000802afe6a]
[c=7057000000 pc=0000000080ae532c]
[c=7058000000 pc=0000000080261df2]
[c=7059000000 pc=0000000080261ea0]
[c=7060000000 pc=000000008086014c]
[c=7061000000 pc=00000000802afe70]
[c=7062000000 pc=0000000080ae5330]
[c=7063000000 pc=0000000080261df2]
[c=7064000000 pc=0000000080860402]
[c=7065000000 pc=0000000080860150]
[c=7066000000 pc=00000000802afe74]
[c=7067000000 pc=0000000080ae5332]
[c=7068000000 pc=0000000080261df4]
[c=7069000000 pc=0000000080860404]
[c=7070000000 pc=0000000080860154]
[c=7071000000 pc=00000000802afe76]
[c=7072000000 pc=0000000080261fc4]
[c=7073000000 pc=0000000080261df6]
[c=7074000000 pc=0000000080860408]
[c=7075000000 pc=0000000080860156]
[c=7076000000 pc=0000000080261fdc]
[c=7077000000 pc=0000000080261f18]
[c=7078000000 pc=0000000080261df8]
[c=7079000000 pc=0000000080860414]
[c=7080000000 pc=0000000080261eb8]
[c=7081000000 pc=0000000080261fbc]
[c=7082000000 pc=0000000080261e6e]
[c=7083000000 pc=0000000080261dfa]
[c=7084000000 pc=0000000080860416]
[c=7085000000 pc=0000000080261fb2]
[c=7086000000 pc=0000000080261fc0]
[c=7087000000 pc=00000000802aff2c]
[c=7088000000 pc=0000000080261e78]
[c=7089000000 pc=0000000080261ea4]
[c=7090000000 pc=0000000080261fb6]
[c=7091000000 pc=0000000080ae530c]
[c=7092000000 pc=00000000802aff30]
[c=7093000000 pc=0000000080261e78]
[c=7094000000 pc=0000000080261eaa]
[c=7095000000 pc=0000000080261fd2]
[c=7096000000 pc=0000000080ae530e]
[c=7097000000 pc=00000000802aff32]
[c=7098000000 pc=0000000080261e7c]
[c=7099000000 pc=0000000080261eac]
[c=7100000000 pc=00000000802afaca]
[c=7101000000 pc=0000000080ae5314]
[c=7102000000 pc=00000000802aff34]
[c=7103000000 pc=0000000080261e7e]
[c=7104000000 pc=0000000080261eb0]
[c=7105000000 pc=00000000802afacc]
[c=7106000000 pc=0000000080ae5318]
[c=7107000000 pc=00000000802aff38]
[c=7108000000 pc=0000000080261e80]
[c=7109000000 pc=0000000080261eb4]
[c=7110000000 pc=00000000802afad0]
[c=7111000000 pc=0000000080ae531a]
[c=7112000000 pc=00000000802aff3c]
[c=7113000000 pc=0000000080261ddc]
[c=7114000000 pc=0000000080860130]
[c=7115000000 pc=00000000802afad8]
[c=7116000000 pc=0000000080ae5320]
[c=7117000000 pc=00000000802aff3c]
[c=7118000000 pc=0000000080261de0]
[c=7119000000 pc=0000000080860132]
[c=7120000000 pc=00000000802afada]
[c=7121000000 pc=0000000080ae304e]
[c=7122000000 pc=00000000802aff3e]
[c=7123000000 pc=0000000080261de2]
[c=7124000000 pc=0000000080860134]
[c=7125000000 pc=00000000802afade]
[c=7126000000 pc=0000000080ae3050]
[c=7127000000 pc=00000000802aff4c]
[c=7128000000 pc=0000000080261de6]
[c=7129000000 pc=0000000080860136]
[c=7130000000 pc=00000000802afae2]
[c=7131000000 pc=0000000080ae3054]
[c=7132000000 pc=00000000802aff4e]
[c=7133000000 pc=0000000080261dea]
[c=7134000000 pc=0000000080860138]
[c=7135000000 pc=0000000080261fd6]
[c=7136000000 pc=0000000080ae305c]
[c=7137000000 pc=0000000080261e72]
[c=7138000000 pc=0000000080261e88]
[c=7139000000 pc=000000008086013c]
[c=7140000000 pc=00000000802afe60]
[c=7141000000 pc=0000000080ae305e]
[c=7142000000 pc=0000000080261e74]
[c=7143000000 pc=0000000080261e90]
[c=7144000000 pc=000000008086013c]
[c=7145000000 pc=00000000802afe64]
[c=7146000000 pc=0000000080ae3062]
[c=7147000000 pc=0000000080261e74]
[c=7148000000 pc=0000000080261e96]
[c=7149000000 pc=0000000080860142]
[c=7150000000 pc=00000000802afe66]
[c=7151000000 pc=0000000080ae5328]
[c=7152000000 pc=0000000080261dee]
[c=7153000000 pc=0000000080261e9a]
[c=7154000000 pc=000000008086014a]
[c=7155000000 pc=00000000802afe6a]
[c=7156000000 pc=0000000080ae532c]
[c=7157000000 pc=0000000080261df2]
[c=7158000000 pc=0000000080261ea0]
[c=7159000000 pc=000000008086014c]
[c=7160000000 pc=00000000802afe70]
[c=7161000000 pc=0000000080ae5330]
[c=7162000000 pc=0000000080261df2]
[c=7163000000 pc=0000000080860402]
[c=7164000000 pc=0000000080860150]
[c=7165000000 pc=00000000802afe74]
[c=7166000000 pc=0000000080ae5332]
[c=7167000000 pc=0000000080261df4]
[c=7168000000 pc=0000000080860404]
[c=7169000000 pc=0000000080860154]
[c=7170000000 pc=00000000802afe76]
[c=7171000000 pc=0000000080261fc4]
[c=7172000000 pc=0000000080261df6]
[c=7173000000 pc=0000000080860408]
[c=7174000000 pc=0000000080860156]
[c=7175000000 pc=0000000080261fdc]
[c=7176000000 pc=0000000080261f18]
[c=7177000000 pc=0000000080261df8]
[c=7178000000 pc=0000000080860414]
[c=7179000000 pc=0000000080261eb8]
[c=7180000000 pc=0000000080261fbc]
[c=7181000000 pc=0000000080261e6e]
[c=7182000000 pc=0000000080261dfa]
[c=7183000000 pc=0000000080860416]
[c=7184000000 pc=0000000080261fb2]
[c=7185000000 pc=0000000080261fc0]
[c=7186000000 pc=00000000802aff2c]
[c=7187000000 pc=0000000080261e78]
[c=7188000000 pc=0000000080261ea4]
[c=7189000000 pc=0000000080261fb6]
[c=7190000000 pc=0000000080ae530c]
[c=7191000000 pc=00000000802aff30]
[c=7192000000 pc=0000000080261e78]
[c=7193000000 pc=0000000080261eaa]
[c=7194000000 pc=0000000080261fd2]
[c=7195000000 pc=0000000080ae530e]
[c=7196000000 pc=00000000802aff32]
[c=7197000000 pc=0000000080261e7c]
[c=7198000000 pc=0000000080261eac]
[c=7199000000 pc=00000000802afaca]
[c=7200000000 pc=0000000080ae5314]
[c=7201000000 pc=00000000802aff34]
[c=7202000000 pc=0000000080261e7e]
[c=7203000000 pc=0000000080261eb0]
[c=7204000000 pc=00000000802afacc]
[c=7205000000 pc=0000000080ae5318]
[c=7206000000 pc=00000000802aff38]
[c=7207000000 pc=0000000080261e80]
[c=7208000000 pc=0000000080261eb4]
[c=7209000000 pc=00000000802afad0]
[c=7210000000 pc=0000000080ae531a]
[c=7211000000 pc=00000000802aff3c]
[c=7212000000 pc=0000000080261ddc]
[c=7213000000 pc=0000000080860130]
[c=7214000000 pc=00000000802afad8]
[c=7215000000 pc=0000000080ae5320]
[c=7216000000 pc=00000000802aff3c]
[c=7217000000 pc=0000000080261de0]
[c=7218000000 pc=0000000080860132]
[c=7219000000 pc=00000000802afada]
[c=7220000000 pc=0000000080ae304e]
[c=7221000000 pc=00000000802aff3e]
[c=7222000000 pc=0000000080261de2]
[c=7223000000 pc=0000000080860134]
[c=7224000000 pc=00000000802afade]
[c=7225000000 pc=0000000080ae3050]
[c=7226000000 pc=00000000802aff4c]
[c=7227000000 pc=0000000080261de6]
[c=7228000000 pc=0000000080860136]
[c=7229000000 pc=00000000802afae2]
[c=7230000000 pc=0000000080ae3054]
[c=7231000000 pc=00000000802aff4e]
[c=7232000000 pc=0000000080261dea]
[c=7233000000 pc=0000000080860138]
[c=7234000000 pc=0000000080261fd6]
[c=7235000000 pc=0000000080ae305c]
[c=7236000000 pc=0000000080261e72]
[c=7237000000 pc=0000000080261e88]
[c=7238000000 pc=000000008086013c]
[c=7239000000 pc=00000000802afe60]
[c=7240000000 pc=0000000080ae305e]
[c=7241000000 pc=0000000080261e74]
[c=7242000000 pc=0000000080261e90]
[c=7243000000 pc=000000008086013c]
[c=7244000000 pc=00000000802afe64]
[c=7245000000 pc=0000000080ae3062]
[c=7246000000 pc=0000000080261e74]
[c=7247000000 pc=0000000080261e96]
[c=7248000000 pc=0000000080860142]
[c=7249000000 pc=00000000802afe66]
[c=7250000000 pc=0000000080ae5328]
[c=7251000000 pc=0000000080261dee]
[c=7252000000 pc=0000000080261e9a]
[c=7253000000 pc=000000008086014a]
[c=7254000000 pc=00000000802afe6a]
[c=7255000000 pc=0000000080ae532c]
[c=7256000000 pc=0000000080261df2]
[c=7257000000 pc=0000000080261ea0]
[c=7258000000 pc=000000008086014c]
[c=7259000000 pc=00000000802afe70]
[c=7260000000 pc=0000000080ae5330]
[c=7261000000 pc=0000000080261df2]
[c=7262000000 pc=0000000080860402]
[c=7263000000 pc=0000000080860150]
[c=7264000000 pc=00000000802afe74]
[c=7265000000 pc=0000000080ae5332]
[c=7266000000 pc=0000000080261df4]
[c=7267000000 pc=0000000080860404]
[c=7268000000 pc=0000000080860154]
[c=7269000000 pc=00000000802afe76]
[c=7270000000 pc=0000000080261fc4]
[c=7271000000 pc=0000000080261df6]
[c=7272000000 pc=0000000080860408]
[c=7273000000 pc=0000000080860156]
[c=7274000000 pc=0000000080261fdc]
[c=7275000000 pc=0000000080261f18]
[c=7276000000 pc=0000000080261df8]
[c=7277000000 pc=0000000080860414]
[c=7278000000 pc=0000000080261eb8]
[c=7279000000 pc=0000000080261fbc]
[c=7280000000 pc=0000000080261e6e]
[c=7281000000 pc=0000000080261dfa]
[c=7282000000 pc=0000000080860416]
[c=7283000000 pc=0000000080261fb2]
[c=7284000000 pc=0000000080261fc0]
[c=7285000000 pc=00000000802aff2c]
[c=7286000000 pc=0000000080261e78]
[c=7287000000 pc=0000000080261ea4]
[c=7288000000 pc=0000000080261fb6]
[c=7289000000 pc=0000000080ae530c]
[c=7290000000 pc=00000000802aff30]
[c=7291000000 pc=0000000080261e78]
[c=7292000000 pc=0000000080261eaa]
[c=7293000000 pc=0000000080261fd2]
[c=7294000000 pc=0000000080ae530e]
[c=7295000000 pc=00000000802aff32]
[c=7296000000 pc=0000000080261e7c]
[c=7297000000 pc=0000000080261eac]
[c=7298000000 pc=00000000802afaca]
[c=7299000000 pc=0000000080ae5314]
[c=7300000000 pc=00000000802aff34]
[c=7301000000 pc=0000000080261e7e]
[c=7302000000 pc=0000000080261eb0]
[c=7303000000 pc=00000000802afacc]
[c=7304000000 pc=0000000080ae5318]
[c=7305000000 pc=00000000802aff38]
[c=7306000000 pc=0000000080261e80]
[c=7307000000 pc=0000000080261eb4]
[c=7308000000 pc=00000000802afad0]
[c=7309000000 pc=0000000080ae531a]
[c=7310000000 pc=00000000802aff3c]
[c=7311000000 pc=0000000080261ddc]
[c=7312000000 pc=0000000080860130]
[c=7313000000 pc=00000000802afad8]
[c=7314000000 pc=0000000080ae5320]
[c=7315000000 pc=00000000802aff3c]
[c=7316000000 pc=0000000080261de0]
[c=7317000000 pc=0000000080860132]
[c=7318000000 pc=00000000802afada]
[c=7319000000 pc=0000000080ae304e]
[c=7320000000 pc=00000000802aff3e]
[c=7321000000 pc=0000000080261de2]
[c=7322000000 pc=0000000080860134]
[c=7323000000 pc=00000000802afade]
[c=7324000000 pc=0000000080ae3050]
[c=7325000000 pc=00000000802aff4c]
[c=7326000000 pc=0000000080261de6]
[c=7327000000 pc=0000000080860136]
[c=7328000000 pc=00000000802afae2]
[c=7329000000 pc=0000000080ae3054]
[c=7330000000 pc=00000000802aff4e]
[c=7331000000 pc=0000000080261dea]
[c=7332000000 pc=0000000080860138]
[c=7333000000 pc=0000000080261fd6]
[c=7334000000 pc=0000000080ae305c]
[c=7335000000 pc=0000000080261e72]
[c=7336000000 pc=0000000080261e88]
[c=7337000000 pc=000000008086013c]
[c=7338000000 pc=00000000802afe60]
[c=7339000000 pc=0000000080ae305e]
[c=7340000000 pc=0000000080261e74]
[c=7341000000 pc=0000000080261e90]
[c=7342000000 pc=000000008086013c]
[c=7343000000 pc=00000000802afe64]
[c=7344000000 pc=0000000080ae3062]
[c=7345000000 pc=0000000080261e74]
[c=7346000000 pc=0000000080261e96]
[c=7347000000 pc=0000000080860142]
[c=7348000000 pc=00000000802afe66]
[c=7349000000 pc=0000000080ae5328]
[c=7350000000 pc=0000000080261dee]
[c=7351000000 pc=0000000080261e9a]
[c=7352000000 pc=000000008086014a]
[c=7353000000 pc=00000000802afe6a]
[c=7354000000 pc=0000000080ae532c]
[c=7355000000 pc=0000000080261df2]
[c=7356000000 pc=0000000080261ea0]
[c=7357000000 pc=000000008086014c]
[c=7358000000 pc=00000000802afe70]
[c=7359000000 pc=0000000080ae5330]
[c=7360000000 pc=0000000080261df2]
[c=7361000000 pc=0000000080860402]
[c=7362000000 pc=0000000080860150]
[c=7363000000 pc=00000000802afe74]
[c=7364000000 pc=0000000080ae5332]
[c=7365000000 pc=0000000080261df4]
[c=7366000000 pc=0000000080860404]
[c=7367000000 pc=0000000080860154]
[c=7368000000 pc=00000000802afe76]
[c=7369000000 pc=0000000080261fc4]
[c=7370000000 pc=0000000080261df6]
[c=7371000000 pc=0000000080860408]
[c=7372000000 pc=0000000080860156]
[c=7373000000 pc=0000000080261fdc]
[c=7374000000 pc=0000000080261f18]
[c=7375000000 pc=0000000080261df8]
[c=7376000000 pc=0000000080860414]
[c=7377000000 pc=0000000080261eb8]
[c=7378000000 pc=0000000080261fbc]
[c=7379000000 pc=0000000080261e6e]
[c=7380000000 pc=0000000080261dfa]
[c=7381000000 pc=0000000080860416]
[c=7382000000 pc=0000000080261fb2]
[c=7383000000 pc=0000000080261fc0]
[c=7384000000 pc=00000000802aff2c]
[c=7385000000 pc=0000000080261e78]
[c=7386000000 pc=0000000080261ea4]
[c=7387000000 pc=0000000080261fb6]
[c=7388000000 pc=0000000080ae530c]
[c=7389000000 pc=00000000802aff30]
[c=7390000000 pc=0000000080261e78]
[c=7391000000 pc=0000000080261eaa]
[c=7392000000 pc=0000000080261fd2]
[c=7393000000 pc=0000000080ae530e]
[c=7394000000 pc=00000000802aff32]
[c=7395000000 pc=0000000080261e7c]
[c=7396000000 pc=0000000080261eac]
[c=7397000000 pc=00000000802afaca]
[c=7398000000 pc=0000000080ae5314]
[c=7399000000 pc=00000000802aff34]
[c=7400000000 pc=0000000080261e7e]
[c=7401000000 pc=0000000080261eb0]
[c=7402000000 pc=00000000802afacc]
[c=7403000000 pc=0000000080ae5318]
[c=7404000000 pc=00000000802aff38]
[c=7405000000 pc=0000000080261e80]
[c=7406000000 pc=0000000080261eb4]
[c=7407000000 pc=00000000802afad0]
[c=7408000000 pc=0000000080ae531a]
[c=7409000000 pc=00000000802aff3c]
[c=7410000000 pc=0000000080261ddc]
[c=7411000000 pc=0000000080860130]
[c=7412000000 pc=00000000802afad8]
[c=7413000000 pc=0000000080ae5320]
[c=7414000000 pc=00000000802aff3c]
[c=7415000000 pc=0000000080261de0]
[c=7416000000 pc=0000000080860132]
[c=7417000000 pc=00000000802afada]
[c=7418000000 pc=0000000080ae304e]
[c=7419000000 pc=00000000802aff3e]
[c=7420000000 pc=0000000080261de2]
[c=7421000000 pc=0000000080860134]
[c=7422000000 pc=00000000802afade]
[c=7423000000 pc=0000000080ae3050]
[c=7424000000 pc=00000000802aff4c]
[c=7425000000 pc=0000000080261de6]
[c=7426000000 pc=0000000080860136]
[c=7427000000 pc=00000000802afae2]
[c=7428000000 pc=0000000080ae3054]
[c=7429000000 pc=00000000802aff4e]
[c=7430000000 pc=0000000080261dea]
[c=7431000000 pc=0000000080860138]
[c=7432000000 pc=0000000080261fd6]
[c=7433000000 pc=0000000080ae305c]
[c=7434000000 pc=0000000080261e72]
[c=7435000000 pc=0000000080261e88]
[c=7436000000 pc=000000008086013c]
[c=7437000000 pc=00000000802afe60]
[c=7438000000 pc=0000000080ae305e]
[c=7439000000 pc=0000000080261e74]
[c=7440000000 pc=0000000080261e90]
[c=7441000000 pc=000000008086013c]
[c=7442000000 pc=00000000802afe64]
[c=7443000000 pc=0000000080ae3062]
[c=7444000000 pc=0000000080261e74]
[c=7445000000 pc=0000000080261e96]
[c=7446000000 pc=0000000080860142]
[c=7447000000 pc=00000000802afe66]
[c=7448000000 pc=0000000080ae5328]
[c=7449000000 pc=0000000080261dee]
[c=7450000000 pc=0000000080261e9a]
[c=7451000000 pc=000000008086014a]
[c=7452000000 pc=00000000802afe6a]
[c=7453000000 pc=0000000080ae532c]
[c=7454000000 pc=0000000080261df2]
[c=7455000000 pc=0000000080261ea0]
[c=7456000000 pc=000000008086014c]
[c=7457000000 pc=00000000802afe70]
[c=7458000000 pc=0000000080ae5330]
[c=7459000000 pc=0000000080261df2]
[c=7460000000 pc=0000000080860402]
[c=7461000000 pc=0000000080860150]
[c=7462000000 pc=00000000802afe74]
[c=7463000000 pc=0000000080ae5332]
[c=7464000000 pc=0000000080261df4]
[c=7465000000 pc=0000000080860404]
[c=7466000000 pc=0000000080860154]
[c=7467000000 pc=00000000802afe76]
[c=7468000000 pc=0000000080261fc4]
[c=7469000000 pc=0000000080261df6]
[c=7470000000 pc=0000000080860408]
[c=7471000000 pc=0000000080860156]
[c=7472000000 pc=0000000080261fdc]
[c=7473000000 pc=0000000080261f18]
[c=7474000000 pc=0000000080261df8]
[c=7475000000 pc=0000000080860414]
[c=7476000000 pc=0000000080261eb8]
[c=7477000000 pc=0000000080261fbc]
[c=7478000000 pc=0000000080261e6e]
[c=7479000000 pc=0000000080261dfa]
[c=7480000000 pc=0000000080860416]
[c=7481000000 pc=0000000080261fb2]
[c=7482000000 pc=0000000080261fc0]
[c=7483000000 pc=00000000802aff2c]
[c=7484000000 pc=0000000080261e78]
[c=7485000000 pc=0000000080261ea4]
[c=7486000000 pc=0000000080261fb6]
[c=7487000000 pc=0000000080ae530c]
[c=7488000000 pc=00000000802aff30]
[c=7489000000 pc=0000000080261e78]
[c=7490000000 pc=0000000080261eaa]
[c=7491000000 pc=0000000080261fd2]
[c=7492000000 pc=0000000080ae530e]
[c=7493000000 pc=00000000802aff32]
[c=7494000000 pc=0000000080261e7c]
[c=7495000000 pc=0000000080261eac]
[c=7496000000 pc=00000000802afaca]
[c=7497000000 pc=0000000080ae5314]
[c=7498000000 pc=00000000802aff34]
[c=7499000000 pc=0000000080261e7e]
[c=7500000000 pc=0000000080261eb0]
[c=7501000000 pc=00000000802afacc]
[c=7502000000 pc=0000000080ae5318]
[c=7503000000 pc=00000000802aff38]
[c=7504000000 pc=0000000080261e80]
[c=7505000000 pc=0000000080261eb4]
[c=7506000000 pc=00000000802afad0]
[c=7507000000 pc=0000000080ae531a]
[c=7508000000 pc=00000000802aff3c]
[c=7509000000 pc=0000000080261ddc]
[c=7510000000 pc=0000000080860130]
[c=7511000000 pc=00000000802afad8]
[c=7512000000 pc=0000000080ae5320]
[c=7513000000 pc=00000000802aff3c]
[c=7514000000 pc=0000000080261de0]
[c=7515000000 pc=0000000080860132]
[c=7516000000 pc=00000000802afada]
[c=7517000000 pc=0000000080ae304e]
[c=7518000000 pc=00000000802aff3e]
[c=7519000000 pc=0000000080261de2]
[c=7520000000 pc=0000000080860134]
[c=7521000000 pc=00000000802afade]
[c=7522000000 pc=0000000080ae3050]
[c=7523000000 pc=00000000802aff4c]
[c=7524000000 pc=0000000080261de6]
[c=7525000000 pc=0000000080860136]
[c=7526000000 pc=00000000802afae2]
[c=7527000000 pc=0000000080ae3054]
[c=7528000000 pc=00000000802aff4e]
[c=7529000000 pc=0000000080261dea]
[c=7530000000 pc=0000000080860138]
[c=7531000000 pc=0000000080261fd6]
[c=7532000000 pc=0000000080ae305c]
[c=7533000000 pc=0000000080261e72]
[c=7534000000 pc=0000000080261e88]
[c=7535000000 pc=000000008086013c]
[c=7536000000 pc=00000000802afe60]
[c=7537000000 pc=0000000080ae305e]
[c=7538000000 pc=0000000080261e74]
[c=7539000000 pc=0000000080261e90]
[c=7540000000 pc=000000008086013c]
[c=7541000000 pc=00000000802afe64]
[c=7542000000 pc=0000000080ae3062]
[c=7543000000 pc=0000000080261e74]
[c=7544000000 pc=0000000080261e96]
[c=7545000000 pc=0000000080860142]
[c=7546000000 pc=00000000802afe66]
[c=7547000000 pc=0000000080ae5328]
[c=7548000000 pc=0000000080261dee]
[c=7549000000 pc=0000000080261e9a]
[c=7550000000 pc=000000008086014a]
[c=7551000000 pc=00000000802afe6a]
[c=7552000000 pc=0000000080ae532c]
[c=7553000000 pc=0000000080261df2]
[c=7554000000 pc=0000000080261ea0]
[c=7555000000 pc=000000008086014c]
[c=7556000000 pc=00000000802afe70]
[c=7557000000 pc=0000000080ae5330]
[c=7558000000 pc=0000000080261df2]
[c=7559000000 pc=0000000080860402]
[c=7560000000 pc=0000000080860150]
[c=7561000000 pc=00000000802afe74]
[c=7562000000 pc=0000000080ae5332]
[c=7563000000 pc=0000000080261df4]
[c=7564000000 pc=0000000080860404]
[c=7565000000 pc=0000000080860154]
[c=7566000000 pc=00000000802afe76]
[c=7567000000 pc=0000000080261fc4]
[c=7568000000 pc=0000000080261df6]
[c=7569000000 pc=0000000080860408]
[c=7570000000 pc=0000000080860156]
[c=7571000000 pc=0000000080261fdc]
[c=7572000000 pc=0000000080261f18]
[c=7573000000 pc=0000000080261df8]
[c=7574000000 pc=0000000080860414]
[c=7575000000 pc=0000000080261eb8]
[c=7576000000 pc=0000000080261fbc]
[c=7577000000 pc=0000000080261e6e]
[c=7578000000 pc=0000000080261dfa]
[c=7579000000 pc=0000000080860416]
[c=7580000000 pc=0000000080261fb2]
[c=7581000000 pc=0000000080261fc0]
[c=7582000000 pc=00000000802aff2c]
[c=7583000000 pc=0000000080261e78]
[c=7584000000 pc=0000000080261ea4]
[c=7585000000 pc=0000000080261fb6]
[c=7586000000 pc=0000000080ae530c]
[c=7587000000 pc=00000000802aff30]
[c=7588000000 pc=0000000080261e78]
[c=7589000000 pc=0000000080261eaa]
[c=7590000000 pc=0000000080261fd2]
[c=7591000000 pc=0000000080ae530e]
[c=7592000000 pc=00000000802aff32]
[c=7593000000 pc=0000000080261e7c]
[c=7594000000 pc=0000000080261eac]
[c=7595000000 pc=00000000802afaca]
[c=7596000000 pc=0000000080ae5314]
[c=7597000000 pc=00000000802aff34]
[c=7598000000 pc=0000000080261e7e]
[c=7599000000 pc=0000000080261eb0]
[c=7600000000 pc=00000000802afacc]
[c=7601000000 pc=0000000080ae5318]
[c=7602000000 pc=00000000802aff38]
[c=7603000000 pc=0000000080261e80]
[c=7604000000 pc=0000000080261eb4]
[c=7605000000 pc=00000000802afad0]
[c=7606000000 pc=0000000080ae531a]
[c=7607000000 pc=00000000802aff3c]
[c=7608000000 pc=0000000080261ddc]
[c=7609000000 pc=0000000080860130]
[c=7610000000 pc=00000000802afad8]
[c=7611000000 pc=0000000080ae5320]
[c=7612000000 pc=00000000802aff3c]
[c=7613000000 pc=0000000080261de0]
[c=7614000000 pc=0000000080860132]
[c=7615000000 pc=00000000802afada]
[c=7616000000 pc=0000000080ae304e]
[c=7617000000 pc=00000000802aff3e]
[c=7618000000 pc=0000000080261de2]
[c=7619000000 pc=0000000080860134]
[c=7620000000 pc=00000000802afade]
[c=7621000000 pc=0000000080ae3050]
[c=7622000000 pc=00000000802aff4c]
[c=7623000000 pc=0000000080261de6]
[c=7624000000 pc=0000000080860136]
[c=7625000000 pc=00000000802afae2]
[c=7626000000 pc=0000000080ae3054]
[c=7627000000 pc=00000000802aff4e]
[c=7628000000 pc=0000000080261dea]
[c=7629000000 pc=0000000080860138]
[c=7630000000 pc=0000000080261fd6]
[c=7631000000 pc=0000000080ae305c]
[c=7632000000 pc=0000000080261e72]
[c=7633000000 pc=0000000080261e88]
[c=7634000000 pc=000000008086013c]
[c=7635000000 pc=00000000802afe60]
[c=7636000000 pc=0000000080ae305e]
[c=7637000000 pc=0000000080261e74]
[c=7638000000 pc=0000000080261e90]
[c=7639000000 pc=000000008086013c]
[c=7640000000 pc=00000000802afe64]
[c=7641000000 pc=0000000080ae3062]
[c=7642000000 pc=0000000080261e74]
[c=7643000000 pc=0000000080261e96]
[c=7644000000 pc=0000000080860142]
[c=7645000000 pc=00000000802afe66]
[c=7646000000 pc=0000000080ae5328]
[c=7647000000 pc=0000000080261dee]
[c=7648000000 pc=0000000080261e9a]
[c=7649000000 pc=000000008086014a]
[c=7650000000 pc=00000000802afe6a]
[c=7651000000 pc=0000000080ae532c]
[c=7652000000 pc=0000000080261df2]
[c=7653000000 pc=0000000080261ea0]
[c=7654000000 pc=000000008086014c]
[c=7655000000 pc=00000000802afe70]
[c=7656000000 pc=0000000080ae5330]
[c=7657000000 pc=0000000080261df2]
[c=7658000000 pc=0000000080860402]
[c=7659000000 pc=0000000080860150]
[c=7660000000 pc=00000000802afe74]
[c=7661000000 pc=0000000080ae5332]
[c=7662000000 pc=0000000080261df4]
[c=7663000000 pc=0000000080860404]
[c=7664000000 pc=0000000080860154]
[c=7665000000 pc=00000000802afe76]
[c=7666000000 pc=0000000080261fc4]
[c=7667000000 pc=0000000080261df6]
[c=7668000000 pc=0000000080860408]
[c=7669000000 pc=0000000080860156]
[c=7670000000 pc=0000000080261fdc]
[c=7671000000 pc=0000000080261f18]
[c=7672000000 pc=0000000080261df8]
[c=7673000000 pc=0000000080860414]
[c=7674000000 pc=0000000080261eb8]
[c=7675000000 pc=0000000080261fbc]
[c=7676000000 pc=0000000080261e6e]
[c=7677000000 pc=0000000080261dfa]
[c=7678000000 pc=0000000080860416]
[c=7679000000 pc=0000000080261fb2]
[c=7680000000 pc=0000000080261fc0]
[c=7681000000 pc=00000000802aff2c]
[c=7682000000 pc=0000000080261e78]
[c=7683000000 pc=0000000080261ea4]
[c=7684000000 pc=0000000080261fb6]
[c=7685000000 pc=0000000080ae530c]
[c=7686000000 pc=00000000802aff30]
[c=7687000000 pc=0000000080261e78]
[c=7688000000 pc=0000000080261eaa]
[c=7689000000 pc=0000000080261fd2]
[c=7690000000 pc=0000000080ae530e]
[c=7691000000 pc=00000000802aff32]
[c=7692000000 pc=0000000080261e7c]
[c=7693000000 pc=0000000080261eac]
[c=7694000000 pc=00000000802afaca]
[c=7695000000 pc=0000000080ae5314]
[c=7696000000 pc=00000000802aff34]
[c=7697000000 pc=0000000080261e7e]
[c=7698000000 pc=0000000080261eb0]
[c=7699000000 pc=00000000802afacc]
[c=7700000000 pc=0000000080ae5318]
[c=7701000000 pc=00000000802aff38]
[c=7702000000 pc=0000000080261e80]
[c=7703000000 pc=0000000080261eb4]
[c=7704000000 pc=00000000802afad0]
[c=7705000000 pc=0000000080ae531a]
[c=7706000000 pc=00000000802aff3c]
[c=7707000000 pc=0000000080261ddc]
[c=7708000000 pc=0000000080860130]
[c=7709000000 pc=00000000802afad8]
[c=7710000000 pc=0000000080ae5320]
[c=7711000000 pc=00000000802aff3c]
[c=7712000000 pc=0000000080261de0]
[c=7713000000 pc=0000000080860132]
[c=7714000000 pc=00000000802afada]
[c=7715000000 pc=0000000080ae304e]
[c=7716000000 pc=00000000802aff3e]
[c=7717000000 pc=0000000080261de2]
[c=7718000000 pc=0000000080860134]
[c=7719000000 pc=00000000802afade]
[c=7720000000 pc=0000000080ae3050]
[c=7721000000 pc=00000000802aff4c]
[c=7722000000 pc=0000000080261de6]
[c=7723000000 pc=0000000080860136]
[c=7724000000 pc=00000000802afae2]
[c=7725000000 pc=0000000080ae3054]
[c=7726000000 pc=00000000802aff4e]
[c=7727000000 pc=0000000080261dea]
[c=7728000000 pc=0000000080860138]
[c=7729000000 pc=0000000080261fd6]
[c=7730000000 pc=0000000080ae305c]
[c=7731000000 pc=0000000080261e72]
[c=7732000000 pc=0000000080261e88]
[c=7733000000 pc=000000008086013c]
[c=7734000000 pc=00000000802afe60]
[c=7735000000 pc=0000000080ae305e]
[c=7736000000 pc=0000000080261e74]
[c=7737000000 pc=0000000080261e90]
[c=7738000000 pc=000000008086013c]
[c=7739000000 pc=00000000802afe64]
[c=7740000000 pc=0000000080ae3062]
[c=7741000000 pc=0000000080261e74]
[c=7742000000 pc=0000000080261e96]
[c=7743000000 pc=0000000080860142]
[c=7744000000 pc=00000000802afe66]
[c=7745000000 pc=0000000080ae5328]
[c=7746000000 pc=0000000080261dee]
[c=7747000000 pc=0000000080261e9a]
[c=7748000000 pc=000000008086014a]
[c=7749000000 pc=00000000802afe6a]
[c=7750000000 pc=0000000080ae532c]
[c=7751000000 pc=0000000080261df2]
[c=7752000000 pc=0000000080261ea0]
[c=7753000000 pc=000000008086014c]
[c=7754000000 pc=00000000802afe70]
[c=7755000000 pc=0000000080ae5330]
[c=7756000000 pc=0000000080261df2]
[c=7757000000 pc=0000000080860402]
[c=7758000000 pc=0000000080860150]
[c=7759000000 pc=00000000802afe74]
[c=7760000000 pc=0000000080ae5332]
[c=7761000000 pc=0000000080261df4]
[c=7762000000 pc=0000000080860404]
[c=7763000000 pc=0000000080860154]
[c=7764000000 pc=00000000802afe76]
[c=7765000000 pc=0000000080261fc4]
[c=7766000000 pc=0000000080261df6]
[c=7767000000 pc=0000000080860408]
[c=7768000000 pc=0000000080860156]
[c=7769000000 pc=0000000080261fdc]
[c=7770000000 pc=0000000080261f18]
[c=7771000000 pc=0000000080261df8]
[c=7772000000 pc=0000000080860414]
[c=7773000000 pc=0000000080261eb8]
[c=7774000000 pc=0000000080261fbc]
[c=7775000000 pc=0000000080261e6e]
[c=7776000000 pc=0000000080261dfa]
[c=7777000000 pc=0000000080860416]
[c=7778000000 pc=0000000080261fb2]
[c=7779000000 pc=0000000080261fc0]
[c=7780000000 pc=00000000802aff2c]
[c=7781000000 pc=0000000080261e78]
[c=7782000000 pc=0000000080261ea4]
[c=7783000000 pc=0000000080261fb6]
[c=7784000000 pc=0000000080ae530c]
[c=7785000000 pc=00000000802aff30]
[c=7786000000 pc=0000000080261e78]
[c=7787000000 pc=0000000080261eaa]
[c=7788000000 pc=0000000080261fd2]
[c=7789000000 pc=0000000080ae530e]
[c=7790000000 pc=00000000802aff32]
[c=7791000000 pc=0000000080261e7c]
[c=7792000000 pc=0000000080261eac]
[c=7793000000 pc=00000000802afaca]
[c=7794000000 pc=0000000080ae5314]
[c=7795000000 pc=00000000802aff34]
[c=7796000000 pc=0000000080261e7e]
[c=7797000000 pc=0000000080261eb0]
[c=7798000000 pc=00000000802afacc]
[c=7799000000 pc=0000000080ae5318]
[c=7800000000 pc=00000000802aff38]
[c=7801000000 pc=0000000080261e80]
[c=7802000000 pc=0000000080261eb4]
[c=7803000000 pc=00000000802afad0]
[c=7804000000 pc=0000000080ae531a]
[c=7805000000 pc=00000000802aff3c]
[c=7806000000 pc=0000000080261ddc]
[c=7807000000 pc=0000000080860130]
[c=7808000000 pc=00000000802afad8]
[c=7809000000 pc=0000000080ae5320]
[c=7810000000 pc=00000000802aff3c]
[c=7811000000 pc=0000000080261de0]
[c=7812000000 pc=0000000080860132]
[c=7813000000 pc=00000000802afada]
[c=7814000000 pc=0000000080ae304e]
[c=7815000000 pc=00000000802aff3e]
[c=7816000000 pc=0000000080261de2]
[c=7817000000 pc=0000000080860134]
[c=7818000000 pc=00000000802afade]
[c=7819000000 pc=0000000080ae3050]
[c=7820000000 pc=00000000802aff4c]
[c=7821000000 pc=0000000080261de6]
[c=7822000000 pc=0000000080860136]
[c=7823000000 pc=00000000802afae2]
[c=7824000000 pc=0000000080ae3054]
[c=7825000000 pc=00000000802aff4e]
[c=7826000000 pc=0000000080261dea]
[c=7827000000 pc=0000000080860138]
[c=7828000000 pc=0000000080261fd6]
[c=7829000000 pc=0000000080ae305c]
[c=7830000000 pc=0000000080261e72]
[c=7831000000 pc=0000000080261e88]
[c=7832000000 pc=000000008086013c]
[c=7833000000 pc=00000000802afe60]
[c=7834000000 pc=0000000080ae305e]
[c=7835000000 pc=0000000080261e74]
[c=7836000000 pc=0000000080261e90]
[c=7837000000 pc=000000008086013c]
[c=7838000000 pc=00000000802afe64]
[c=7839000000 pc=0000000080ae3062]
[c=7840000000 pc=0000000080261e74]
[c=7841000000 pc=0000000080261e96]
[c=7842000000 pc=0000000080860142]
[c=7843000000 pc=00000000802afe66]
[c=7844000000 pc=0000000080ae5328]
[c=7845000000 pc=0000000080261dee]
[c=7846000000 pc=0000000080261e9a]
[c=7847000000 pc=000000008086014a]
[c=7848000000 pc=00000000802afe6a]
[c=7849000000 pc=0000000080ae532c]
[c=7850000000 pc=0000000080261df2]
[c=7851000000 pc=0000000080261ea0]
[c=7852000000 pc=000000008086014c]
[c=7853000000 pc=00000000802afe70]
[c=7854000000 pc=0000000080ae5330]
[c=7855000000 pc=0000000080261df2]
[c=7856000000 pc=0000000080860402]
[c=7857000000 pc=0000000080860150]
[c=7858000000 pc=00000000802afe74]
[c=7859000000 pc=0000000080ae5332]
[c=7860000000 pc=0000000080261df4]
[c=7861000000 pc=0000000080860404]
[c=7862000000 pc=0000000080860154]
[c=7863000000 pc=00000000802afe76]
[c=7864000000 pc=0000000080261fc4]
[c=7865000000 pc=0000000080261df6]
[c=7866000000 pc=0000000080860408]
[c=7867000000 pc=0000000080860156]
[c=7868000000 pc=0000000080261fdc]
[c=7869000000 pc=0000000080261f18]
[c=7870000000 pc=0000000080261df8]
[c=7871000000 pc=0000000080860414]
[c=7872000000 pc=0000000080261eb8]
[c=7873000000 pc=0000000080261fbc]
[c=7874000000 pc=0000000080261e6e]
[c=7875000000 pc=0000000080261dfa]
[c=7876000000 pc=0000000080860416]
[c=7877000000 pc=0000000080261fb2]
[c=7878000000 pc=0000000080261fc0]
[c=7879000000 pc=00000000802aff2c]
[c=7880000000 pc=0000000080261e78]
[c=7881000000 pc=0000000080261ea4]
[c=7882000000 pc=0000000080261fb6]
[c=7883000000 pc=0000000080ae530c]
[c=7884000000 pc=00000000802aff30]
[c=7885000000 pc=0000000080261e78]
[c=7886000000 pc=0000000080261eaa]
[c=7887000000 pc=0000000080261fd2]
[c=7888000000 pc=0000000080ae530e]
[c=7889000000 pc=00000000802aff32]
[c=7890000000 pc=0000000080261e7c]
[c=7891000000 pc=0000000080261eac]
[c=7892000000 pc=00000000802afaca]
[c=7893000000 pc=0000000080ae5314]
[c=7894000000 pc=00000000802aff34]
[c=7895000000 pc=0000000080261e7e]
[c=7896000000 pc=0000000080261eb0]
[c=7897000000 pc=00000000802afacc]
[c=7898000000 pc=0000000080ae5318]
[c=7899000000 pc=00000000802aff38]
[c=7900000000 pc=0000000080261e80]
[c=7901000000 pc=0000000080261eb4]
[c=7902000000 pc=00000000802afad0]
[c=7903000000 pc=0000000080ae531a]
[c=7904000000 pc=00000000802aff3c]
[c=7905000000 pc=0000000080261ddc]
[c=7906000000 pc=0000000080860130]
[c=7907000000 pc=00000000802afad8]
[c=7908000000 pc=0000000080ae5320]
[c=7909000000 pc=00000000802aff3c]
[c=7910000000 pc=0000000080261de0]
[c=7911000000 pc=0000000080860132]
[c=7912000000 pc=00000000802afada]
[c=7913000000 pc=0000000080ae304e]
[c=7914000000 pc=00000000802aff3e]
[c=7915000000 pc=0000000080261de2]
[c=7916000000 pc=0000000080860134]
[c=7917000000 pc=00000000802afade]
[c=7918000000 pc=0000000080ae3050]
[c=7919000000 pc=00000000802aff4c]
[c=7920000000 pc=0000000080261de6]
[c=7921000000 pc=0000000080860136]
[c=7922000000 pc=00000000802afae2]
[c=7923000000 pc=0000000080ae3054]
[c=7924000000 pc=00000000802aff4e]
[c=7925000000 pc=0000000080261dea]
[c=7926000000 pc=0000000080860138]
[c=7927000000 pc=0000000080261fd6]
[c=7928000000 pc=0000000080ae305c]
[c=7929000000 pc=0000000080261e72]
[c=7930000000 pc=0000000080261e88]
[c=7931000000 pc=000000008086013c]
[c=7932000000 pc=00000000802afe60]
[c=7933000000 pc=0000000080ae305e]
[c=7934000000 pc=0000000080261e74]
[c=7935000000 pc=0000000080261e90]
[c=7936000000 pc=000000008086013c]
[c=7937000000 pc=00000000802afe64]
[c=7938000000 pc=0000000080ae3062]
[c=7939000000 pc=0000000080261e74]
[c=7940000000 pc=0000000080261e96]
[c=7941000000 pc=0000000080860142]
[c=7942000000 pc=00000000802afe66]
[c=7943000000 pc=0000000080ae5328]
[c=7944000000 pc=0000000080261dee]
[c=7945000000 pc=0000000080261e9a]
[c=7946000000 pc=000000008086014a]
[c=7947000000 pc=00000000802afe6a]
[c=7948000000 pc=0000000080ae532c]
[c=7949000000 pc=0000000080261df2]
[c=7950000000 pc=0000000080261ea0]
[c=7951000000 pc=000000008086014c]
[c=7952000000 pc=00000000802afe70]
[c=7953000000 pc=0000000080ae5330]
[c=7954000000 pc=0000000080261df2]
[c=7955000000 pc=0000000080860402]
[c=7956000000 pc=0000000080860150]
[c=7957000000 pc=00000000802afe74]
[c=7958000000 pc=0000000080ae5332]
[c=7959000000 pc=0000000080261df4]
[c=7960000000 pc=0000000080860404]
[c=7961000000 pc=0000000080860154]
[c=7962000000 pc=00000000802afe76]
[c=7963000000 pc=0000000080261fc4]
[c=7964000000 pc=0000000080261df6]
[c=7965000000 pc=0000000080860408]
[c=7966000000 pc=0000000080860156]
[c=7967000000 pc=0000000080261fdc]
[c=7968000000 pc=0000000080261f18]
[c=7969000000 pc=0000000080261df8]
[c=7970000000 pc=0000000080860414]
[c=7971000000 pc=0000000080261eb8]
[c=7972000000 pc=0000000080261fbc]
[c=7973000000 pc=0000000080261e6e]
[c=7974000000 pc=0000000080261dfa]
[c=7975000000 pc=0000000080860416]
[c=7976000000 pc=0000000080261fb2]
[c=7977000000 pc=0000000080261fc0]
[c=7978000000 pc=00000000802aff2c]
[c=7979000000 pc=0000000080261e78]
[c=7980000000 pc=0000000080261ea4]
[c=7981000000 pc=0000000080261fb6]
[c=7982000000 pc=0000000080ae530c]
[c=7983000000 pc=00000000802aff30]
[c=7984000000 pc=0000000080261e78]
[c=7985000000 pc=0000000080261eaa]
[c=7986000000 pc=0000000080261fd2]
[c=7987000000 pc=0000000080ae530e]
[c=7988000000 pc=00000000802aff32]
[c=7989000000 pc=0000000080261e7c]
[c=7990000000 pc=0000000080261eac]
[c=7991000000 pc=00000000802afaca]
[c=7992000000 pc=0000000080ae5314]
[c=7993000000 pc=00000000802aff34]
[c=7994000000 pc=0000000080261e7e]
[c=7995000000 pc=0000000080261eb0]
[c=7996000000 pc=00000000802afacc]
[c=7997000000 pc=0000000080ae5318]
[c=7998000000 pc=00000000802aff38]
[c=7999000000 pc=0000000080261e80]
[c=8000000000 pc=0000000080261eb4]
[c=8001000000 pc=00000000802afad0]
[c=8002000000 pc=0000000080ae531a]
[c=8003000000 pc=00000000802aff3c]
[c=8004000000 pc=0000000080261ddc]
[c=8005000000 pc=0000000080860130]
[c=8006000000 pc=00000000802afad8]
[c=8007000000 pc=0000000080ae5320]
[c=8008000000 pc=00000000802aff3c]
[c=8009000000 pc=0000000080261de0]
[c=8010000000 pc=0000000080860132]
[c=8011000000 pc=00000000802afada]
[c=8012000000 pc=0000000080ae304e]
[c=8013000000 pc=00000000802aff3e]
[c=8014000000 pc=0000000080261de2]
[c=8015000000 pc=0000000080860134]
[c=8016000000 pc=00000000802afade]
[c=8017000000 pc=0000000080ae3050]
[c=8018000000 pc=00000000802aff4c]
[c=8019000000 pc=0000000080261de6]
[c=8020000000 pc=0000000080860136]
[c=8021000000 pc=00000000802afae2]
[c=8022000000 pc=0000000080ae3054]
[c=8023000000 pc=00000000802aff4e]
[c=8024000000 pc=0000000080261dea]
[c=8025000000 pc=0000000080860138]
[c=8026000000 pc=0000000080261fd6]
[c=8027000000 pc=0000000080ae305c]
[c=8028000000 pc=0000000080261e72]
[c=8029000000 pc=0000000080261e88]
[c=8030000000 pc=000000008086013c]
[c=8031000000 pc=00000000802afe60]
[c=8032000000 pc=0000000080ae305e]
[c=8033000000 pc=0000000080261e74]
[c=8034000000 pc=0000000080261e90]
[c=8035000000 pc=000000008086013c]
[c=8036000000 pc=00000000802afe64]
[c=8037000000 pc=0000000080ae3062]
[c=8038000000 pc=0000000080261e74]
[c=8039000000 pc=0000000080261e96]
[c=8040000000 pc=0000000080860142]
[c=8041000000 pc=00000000802afe66]
[c=8042000000 pc=0000000080ae5328]
[c=8043000000 pc=0000000080261dee]
[c=8044000000 pc=0000000080261e9a]
[c=8045000000 pc=000000008086014a]
[c=8046000000 pc=00000000802afe6a]
[c=8047000000 pc=0000000080ae532c]
[c=8048000000 pc=0000000080261df2]
[c=8049000000 pc=0000000080261ea0]
[c=8050000000 pc=000000008086014c]
[c=8051000000 pc=00000000802afe70]
[c=8052000000 pc=0000000080ae5330]
[c=8053000000 pc=0000000080261df2]
[c=8054000000 pc=0000000080860402]
[c=8055000000 pc=0000000080860150]
[c=8056000000 pc=00000000802afe74]
[c=8057000000 pc=0000000080ae5332]
[c=8058000000 pc=0000000080261df4]
[c=8059000000 pc=0000000080860404]
[c=8060000000 pc=0000000080860154]
[c=8061000000 pc=00000000802afe76]
[c=8062000000 pc=0000000080261fc4]
[c=8063000000 pc=0000000080261df6]
[c=8064000000 pc=0000000080860408]
[c=8065000000 pc=0000000080860156]
[c=8066000000 pc=0000000080261fdc]
[c=8067000000 pc=0000000080261f18]
[c=8068000000 pc=0000000080261df8]
[c=8069000000 pc=0000000080860414]
[c=8070000000 pc=0000000080261eb8]
[c=8071000000 pc=0000000080261fbc]
[c=8072000000 pc=0000000080261e6e]
[c=8073000000 pc=0000000080261dfa]
[c=8074000000 pc=0000000080860416]
[c=8075000000 pc=0000000080261fb2]
[c=8076000000 pc=0000000080261fc0]
[c=8077000000 pc=00000000802aff2c]
[c=8078000000 pc=0000000080261e78]
[c=8079000000 pc=0000000080261ea4]
[c=8080000000 pc=0000000080261fb6]
[c=8081000000 pc=0000000080ae530c]
[c=8082000000 pc=00000000802aff30]
[c=8083000000 pc=0000000080261e78]
[c=8084000000 pc=0000000080261eaa]
[c=8085000000 pc=0000000080261fd2]
[c=8086000000 pc=0000000080ae530e]
[c=8087000000 pc=00000000802aff32]
[c=8088000000 pc=0000000080261e7c]
[c=8089000000 pc=0000000080261eac]
[c=8090000000 pc=00000000802afaca]
[c=8091000000 pc=0000000080ae5314]
[c=8092000000 pc=00000000802aff34]
[c=8093000000 pc=0000000080261e7e]
[c=8094000000 pc=0000000080261eb0]
[c=8095000000 pc=00000000802afacc]
[c=8096000000 pc=0000000080ae5318]
[c=8097000000 pc=00000000802aff38]
[c=8098000000 pc=0000000080261e80]
[c=8099000000 pc=0000000080261eb4]
[c=8100000000 pc=00000000802afad0]
[c=8101000000 pc=0000000080ae531a]
[c=8102000000 pc=00000000802aff3c]
[c=8103000000 pc=0000000080261ddc]
[c=8104000000 pc=0000000080860130]
[c=8105000000 pc=00000000802afad8]
[c=8106000000 pc=0000000080ae5320]
[c=8107000000 pc=00000000802aff3c]
[c=8108000000 pc=0000000080261de0]
[c=8109000000 pc=0000000080860132]
[c=8110000000 pc=00000000802afada]
[c=8111000000 pc=0000000080ae304e]
[c=8112000000 pc=00000000802aff3e]
[c=8113000000 pc=0000000080261de2]
[c=8114000000 pc=0000000080860134]
[c=8115000000 pc=00000000802afade]
[c=8116000000 pc=0000000080ae3050]
[c=8117000000 pc=00000000802aff4c]
[c=8118000000 pc=0000000080261de6]
[c=8119000000 pc=0000000080860136]
[c=8120000000 pc=00000000802afae2]
[c=8121000000 pc=0000000080ae3054]
[c=8122000000 pc=00000000802aff4e]
[c=8123000000 pc=0000000080261dea]
[c=8124000000 pc=0000000080860138]
[c=8125000000 pc=0000000080261fd6]
[c=8126000000 pc=0000000080ae305c]
[c=8127000000 pc=0000000080261e72]
[c=8128000000 pc=0000000080261e88]
[c=8129000000 pc=000000008086013c]
[c=8130000000 pc=00000000802afe60]
[c=8131000000 pc=0000000080ae305e]
[c=8132000000 pc=0000000080261e74]
[c=8133000000 pc=0000000080261e90]
[c=8134000000 pc=000000008086013c]
[c=8135000000 pc=00000000802afe64]
[c=8136000000 pc=0000000080ae3062]
[c=8137000000 pc=0000000080261e74]
[c=8138000000 pc=0000000080261e96]
[c=8139000000 pc=0000000080860142]
[c=8140000000 pc=00000000802afe66]
[c=8141000000 pc=0000000080ae5328]
[c=8142000000 pc=0000000080261dee]
[c=8143000000 pc=0000000080261e9a]
[c=8144000000 pc=000000008086014a]
[c=8145000000 pc=00000000802afe6a]
[c=8146000000 pc=0000000080ae532c]
[c=8147000000 pc=0000000080261df2]
[c=8148000000 pc=0000000080261ea0]
[c=8149000000 pc=000000008086014c]
[c=8150000000 pc=00000000802afe70]
[c=8151000000 pc=0000000080ae5330]
[c=8152000000 pc=0000000080261df2]
[c=8153000000 pc=0000000080860402]
[c=8154000000 pc=0000000080860150]
[c=8155000000 pc=00000000802afe74]
[c=8156000000 pc=0000000080ae5332]
[c=8157000000 pc=0000000080261df4]
[c=8158000000 pc=0000000080860404]
[c=8159000000 pc=0000000080860154]
[c=8160000000 pc=00000000802afe76]
[c=8161000000 pc=0000000080261fc4]
[c=8162000000 pc=0000000080261df6]
[c=8163000000 pc=0000000080860408]
[c=8164000000 pc=0000000080860156]
[c=8165000000 pc=0000000080261fdc]
[c=8166000000 pc=0000000080261f18]
[c=8167000000 pc=0000000080261df8]
[c=8168000000 pc=0000000080860414]
[c=8169000000 pc=0000000080261eb8]
[c=8170000000 pc=0000000080261fbc]
[c=8171000000 pc=0000000080261e6e]
[c=8172000000 pc=0000000080261dfa]
[c=8173000000 pc=0000000080860416]
[c=8174000000 pc=0000000080261fb2]
[c=8175000000 pc=0000000080261fc0]
[c=8176000000 pc=00000000802aff2c]
[c=8177000000 pc=0000000080261e78]
[c=8178000000 pc=0000000080261ea4]
[c=8179000000 pc=0000000080261fb6]
[c=8180000000 pc=0000000080ae530c]
[c=8181000000 pc=00000000802aff30]
[c=8182000000 pc=0000000080261e78]
[c=8183000000 pc=0000000080261eaa]
[c=8184000000 pc=0000000080261fd2]
[c=8185000000 pc=0000000080ae530e]
[c=8186000000 pc=00000000802aff32]
[c=8187000000 pc=0000000080261e7c]
[c=8188000000 pc=0000000080261eac]
[c=8189000000 pc=00000000802afaca]
[c=8190000000 pc=0000000080ae5314]
[c=8191000000 pc=00000000802aff34]
[c=8192000000 pc=0000000080261e7e]
[c=8193000000 pc=0000000080261eb0]
[c=8194000000 pc=00000000802afacc]
[c=8195000000 pc=0000000080ae5318]
[c=8196000000 pc=00000000802aff38]
[c=8197000000 pc=0000000080261e80]
[c=8198000000 pc=0000000080261eb4]
[c=8199000000 pc=00000000802afad0]
[c=8200000000 pc=0000000080ae531a]
[c=8201000000 pc=00000000802aff3c]
[c=8202000000 pc=0000000080261ddc]
[c=8203000000 pc=0000000080860130]
[c=8204000000 pc=00000000802afad8]
[c=8205000000 pc=0000000080ae5320]
[c=8206000000 pc=00000000802aff3c]
[c=8207000000 pc=0000000080261de0]
[c=8208000000 pc=0000000080860132]
[c=8209000000 pc=00000000802afada]
[c=8210000000 pc=0000000080ae304e]
[c=8211000000 pc=00000000802aff3e]
[c=8212000000 pc=0000000080261de2]
[c=8213000000 pc=0000000080860134]
[c=8214000000 pc=00000000802afade]
[c=8215000000 pc=0000000080ae3050]
[c=8216000000 pc=00000000802aff4c]
[c=8217000000 pc=0000000080261de6]
[c=8218000000 pc=0000000080860136]
[c=8219000000 pc=00000000802afae2]
[c=8220000000 pc=0000000080ae3054]
[c=8221000000 pc=00000000802aff4e]
[c=8222000000 pc=0000000080261dea]
[c=8223000000 pc=0000000080860138]
[c=8224000000 pc=0000000080261fd6]
[c=8225000000 pc=0000000080ae305c]
[c=8226000000 pc=0000000080261e72]
[c=8227000000 pc=0000000080261e88]
[c=8228000000 pc=000000008086013c]
[c=8229000000 pc=00000000802afe60]
[c=8230000000 pc=0000000080ae305e]
[c=8231000000 pc=0000000080261e74]
[c=8232000000 pc=0000000080261e90]
[c=8233000000 pc=000000008086013c]
[c=8234000000 pc=00000000802afe64]
[c=8235000000 pc=0000000080ae3062]
[c=8236000000 pc=0000000080261e74]
[c=8237000000 pc=0000000080261e96]
[c=8238000000 pc=0000000080860142]
[c=8239000000 pc=00000000802afe66]
[c=8240000000 pc=0000000080ae5328]
[c=8241000000 pc=0000000080261dee]
[c=8242000000 pc=0000000080261e9a]
[c=8243000000 pc=000000008086014a]
[c=8244000000 pc=00000000802afe6a]
[c=8245000000 pc=0000000080ae532c]
[c=8246000000 pc=0000000080261df2]
[c=8247000000 pc=0000000080261ea0]
[c=8248000000 pc=000000008086014c]
[c=8249000000 pc=00000000802afe70]
[c=8250000000 pc=0000000080ae5330]
[c=8251000000 pc=0000000080261df2]
[c=8252000000 pc=0000000080860402]
[c=8253000000 pc=0000000080860150]
[c=8254000000 pc=00000000802afe74]
[c=8255000000 pc=0000000080ae5332]
[c=8256000000 pc=0000000080261df4]
[c=8257000000 pc=0000000080860404]
[c=8258000000 pc=0000000080860154]
[c=8259000000 pc=00000000802afe76]
[c=8260000000 pc=0000000080261fc4]
[c=8261000000 pc=0000000080261df6]
[c=8262000000 pc=0000000080860408]
[c=8263000000 pc=0000000080860156]
[c=8264000000 pc=0000000080261fdc]
[c=8265000000 pc=0000000080261f18]
[c=8266000000 pc=0000000080261df8]
[c=8267000000 pc=0000000080860414]
[c=8268000000 pc=0000000080261eb8]
[c=8269000000 pc=0000000080261fbc]
[c=8270000000 pc=0000000080261e6e]
[c=8271000000 pc=0000000080261dfa]
[c=8272000000 pc=0000000080860416]
[c=8273000000 pc=0000000080261fb2]
[c=8274000000 pc=0000000080261fc0]
[c=8275000000 pc=00000000802aff2c]
[c=8276000000 pc=0000000080261e78]
[c=8277000000 pc=0000000080261ea4]
[c=8278000000 pc=0000000080261fb6]
[c=8279000000 pc=0000000080ae530c]
[c=8280000000 pc=00000000802aff30]
[c=8281000000 pc=0000000080261e78]
[c=8282000000 pc=0000000080261eaa]
[c=8283000000 pc=0000000080261fd2]
[c=8284000000 pc=0000000080ae530e]
[c=8285000000 pc=00000000802aff32]
[c=8286000000 pc=0000000080261e7c]
[c=8287000000 pc=0000000080261eac]
[c=8288000000 pc=00000000802afaca]
[c=8289000000 pc=0000000080ae5314]
[c=8290000000 pc=00000000802aff34]
[c=8291000000 pc=0000000080261e7e]
[c=8292000000 pc=0000000080261eb0]
[c=8293000000 pc=00000000802afacc]
[c=8294000000 pc=0000000080ae5318]
[c=8295000000 pc=00000000802aff38]
[c=8296000000 pc=0000000080261e80]
[c=8297000000 pc=0000000080261eb4]
[c=8298000000 pc=00000000802afad0]
[c=8299000000 pc=0000000080ae531a]
[c=8300000000 pc=00000000802aff3c]
[c=8301000000 pc=0000000080261ddc]
[c=8302000000 pc=0000000080860130]
[c=8303000000 pc=00000000802afad8]
[c=8304000000 pc=0000000080ae5320]
[c=8305000000 pc=00000000802aff3c]
[c=8306000000 pc=0000000080261de0]
[c=8307000000 pc=0000000080860132]
[c=8308000000 pc=00000000802afada]
[c=8309000000 pc=0000000080ae304e]
[c=8310000000 pc=00000000802aff3e]
[c=8311000000 pc=0000000080261de2]
[c=8312000000 pc=0000000080860134]
[c=8313000000 pc=00000000802afade]
[c=8314000000 pc=0000000080ae3050]
[c=8315000000 pc=00000000802aff4c]
[c=8316000000 pc=0000000080261de6]
[c=8317000000 pc=0000000080860136]
[c=8318000000 pc=00000000802afae2]
[c=8319000000 pc=0000000080ae3054]
[c=8320000000 pc=00000000802aff4e]
[c=8321000000 pc=0000000080261dea]
[c=8322000000 pc=0000000080860138]
[c=8323000000 pc=0000000080261fd6]
[c=8324000000 pc=0000000080ae305c]
[c=8325000000 pc=0000000080261e72]
[c=8326000000 pc=0000000080261e88]
[c=8327000000 pc=000000008086013c]
[c=8328000000 pc=00000000802afe60]
[c=8329000000 pc=0000000080ae305e]
[c=8330000000 pc=0000000080261e74]
[c=8331000000 pc=0000000080261e90]
[c=8332000000 pc=000000008086013c]
[c=8333000000 pc=00000000802afe64]
[c=8334000000 pc=0000000080ae3062]
[c=8335000000 pc=0000000080261e74]
[c=8336000000 pc=0000000080261e96]
[c=8337000000 pc=0000000080860142]
[c=8338000000 pc=00000000802afe66]
[c=8339000000 pc=0000000080ae5328]
[c=8340000000 pc=0000000080261dee]
[c=8341000000 pc=0000000080261e9a]
[c=8342000000 pc=000000008086014a]
[c=8343000000 pc=00000000802afe6a]
[c=8344000000 pc=0000000080ae532c]
[c=8345000000 pc=0000000080261df2]
[c=8346000000 pc=0000000080261ea0]
[c=8347000000 pc=000000008086014c]
[c=8348000000 pc=00000000802afe70]
[c=8349000000 pc=0000000080ae5330]
[c=8350000000 pc=0000000080261df2]
[c=8351000000 pc=0000000080860402]
[c=8352000000 pc=0000000080860150]
[c=8353000000 pc=00000000802afe74]
[c=8354000000 pc=0000000080ae5332]
[c=8355000000 pc=0000000080261df4]
[c=8356000000 pc=0000000080860404]
[c=8357000000 pc=0000000080860154]
[c=8358000000 pc=00000000802afe76]
[c=8359000000 pc=0000000080261fc4]
[c=8360000000 pc=0000000080261df6]
[c=8361000000 pc=0000000080860408]
[c=8362000000 pc=0000000080860156]
[c=8363000000 pc=0000000080261fdc]
[c=8364000000 pc=0000000080261f18]
[c=8365000000 pc=0000000080261df8]
[c=8366000000 pc=0000000080860414]
[c=8367000000 pc=0000000080261eb8]
[c=8368000000 pc=0000000080261fbc]
[c=8369000000 pc=0000000080261e6e]
[c=8370000000 pc=0000000080261dfa]
[c=8371000000 pc=0000000080860416]
[c=8372000000 pc=0000000080261fb2]
[c=8373000000 pc=0000000080261fc0]
[c=8374000000 pc=00000000802aff2c]
[c=8375000000 pc=0000000080261e78]
[c=8376000000 pc=0000000080261ea4]
[c=8377000000 pc=0000000080261fb6]
[c=8378000000 pc=0000000080ae530c]
[c=8379000000 pc=00000000802aff30]
[c=8380000000 pc=0000000080261e78]
[c=8381000000 pc=0000000080261eaa]
[c=8382000000 pc=0000000080261fd2]
[c=8383000000 pc=0000000080ae530e]
[c=8384000000 pc=00000000802aff32]
[c=8385000000 pc=0000000080261e7c]
[c=8386000000 pc=0000000080261eac]
[c=8387000000 pc=00000000802afaca]
[c=8388000000 pc=0000000080ae5314]
[c=8389000000 pc=00000000802aff34]
[c=8390000000 pc=0000000080261e7e]
[c=8391000000 pc=0000000080261eb0]
[c=8392000000 pc=00000000802afacc]
[c=8393000000 pc=0000000080ae5318]
[c=8394000000 pc=00000000802aff38]
[c=8395000000 pc=0000000080261e80]
[c=8396000000 pc=0000000080261eb4]
[c=8397000000 pc=00000000802afad0]
[c=8398000000 pc=0000000080ae531a]
[c=8399000000 pc=00000000802aff3c]
[c=8400000000 pc=0000000080261ddc]
[c=8401000000 pc=0000000080860130]
[c=8402000000 pc=00000000802afad8]
[c=8403000000 pc=0000000080ae5320]
[c=8404000000 pc=00000000802aff3c]
[c=8405000000 pc=0000000080261de0]
[c=8406000000 pc=0000000080860132]
[c=8407000000 pc=00000000802afada]
[c=8408000000 pc=0000000080ae304e]
[c=8409000000 pc=00000000802aff3e]
[c=8410000000 pc=0000000080261de2]
[c=8411000000 pc=0000000080860134]
[c=8412000000 pc=00000000802afade]
[c=8413000000 pc=0000000080ae3050]
[c=8414000000 pc=00000000802aff4c]
[c=8415000000 pc=0000000080261de6]
[c=8416000000 pc=0000000080860136]
[c=8417000000 pc=00000000802afae2]
[c=8418000000 pc=0000000080ae3054]
[c=8419000000 pc=00000000802aff4e]
[c=8420000000 pc=0000000080261dea]
[c=8421000000 pc=0000000080860138]
[c=8422000000 pc=0000000080261fd6]
[c=8423000000 pc=0000000080ae305c]
[c=8424000000 pc=0000000080261e72]
[c=8425000000 pc=0000000080261e88]
[c=8426000000 pc=000000008086013c]
[c=8427000000 pc=00000000802afe60]
[c=8428000000 pc=0000000080ae305e]
[c=8429000000 pc=0000000080261e74]
[c=8430000000 pc=0000000080261e90]
[c=8431000000 pc=000000008086013c]
[c=8432000000 pc=00000000802afe64]
[c=8433000000 pc=0000000080ae3062]
[c=8434000000 pc=0000000080261e74]
[c=8435000000 pc=0000000080261e96]
[c=8436000000 pc=0000000080860142]
[c=8437000000 pc=00000000802afe66]
[c=8438000000 pc=0000000080ae5328]
[c=8439000000 pc=0000000080261dee]
[c=8440000000 pc=0000000080261e9a]
[c=8441000000 pc=000000008086014a]
[c=8442000000 pc=00000000802afe6a]
[c=8443000000 pc=0000000080ae532c]
[c=8444000000 pc=0000000080261df2]
[c=8445000000 pc=0000000080261ea0]
[c=8446000000 pc=000000008086014c]
[c=8447000000 pc=00000000802afe70]
[c=8448000000 pc=0000000080ae5330]
[c=8449000000 pc=0000000080261df2]
[c=8450000000 pc=0000000080860402]
[c=8451000000 pc=0000000080860150]
[c=8452000000 pc=00000000802afe74]
[c=8453000000 pc=0000000080ae5332]
[c=8454000000 pc=0000000080261df4]
[c=8455000000 pc=0000000080860404]
[c=8456000000 pc=0000000080860154]
[c=8457000000 pc=00000000802afe76]
[c=8458000000 pc=0000000080261fc4]
[c=8459000000 pc=0000000080261df6]
[c=8460000000 pc=0000000080860408]
[c=8461000000 pc=0000000080860156]
[c=8462000000 pc=0000000080261fdc]
[c=8463000000 pc=0000000080261f18]
[c=8464000000 pc=0000000080261df8]
[c=8465000000 pc=0000000080860414]
[c=8466000000 pc=0000000080261eb8]
[c=8467000000 pc=0000000080261fbc]
[c=8468000000 pc=0000000080261e6e]
[c=8469000000 pc=0000000080261dfa]
[c=8470000000 pc=0000000080860416]
[c=8471000000 pc=0000000080261fb2]
[c=8472000000 pc=0000000080261fc0]
[c=8473000000 pc=00000000802aff2c]
[c=8474000000 pc=0000000080261e78]
[c=8475000000 pc=0000000080261ea4]
[c=8476000000 pc=0000000080261fb6]
[c=8477000000 pc=0000000080ae530c]
[c=8478000000 pc=00000000802aff30]
[c=8479000000 pc=0000000080261e78]
[c=8480000000 pc=0000000080261eaa]
[c=8481000000 pc=0000000080261fd2]
[c=8482000000 pc=0000000080ae530e]
[c=8483000000 pc=00000000802aff32]
[c=8484000000 pc=0000000080261e7c]
[c=8485000000 pc=0000000080261eac]
[c=8486000000 pc=00000000802afaca]
[c=8487000000 pc=0000000080ae5314]
[c=8488000000 pc=00000000802aff34]
[c=8489000000 pc=0000000080261e7e]
[c=8490000000 pc=0000000080261eb0]
[c=8491000000 pc=00000000802afacc]
[c=8492000000 pc=0000000080ae5318]
[c=8493000000 pc=00000000802aff38]
[c=8494000000 pc=0000000080261e80]
[c=8495000000 pc=0000000080261eb4]
[c=8496000000 pc=00000000802afad0]
[c=8497000000 pc=0000000080ae531a]
[c=8498000000 pc=00000000802aff3c]
[c=8499000000 pc=0000000080261ddc]
[c=8500000000 pc=0000000080860130]
[c=8501000000 pc=00000000802afad8]
[c=8502000000 pc=0000000080ae5320]
[c=8503000000 pc=00000000802aff3c]
[c=8504000000 pc=0000000080261de0]
[c=8505000000 pc=0000000080860132]
[c=8506000000 pc=00000000802afada]
[c=8507000000 pc=0000000080ae304e]
[c=8508000000 pc=00000000802aff3e]
[c=8509000000 pc=0000000080261de2]
[c=8510000000 pc=0000000080860134]
[c=8511000000 pc=00000000802afade]
[c=8512000000 pc=0000000080ae3050]
[c=8513000000 pc=00000000802aff4c]
[c=8514000000 pc=0000000080261de6]
[c=8515000000 pc=0000000080860136]
[c=8516000000 pc=00000000802afae2]
[c=8517000000 pc=0000000080ae3054]
[c=8518000000 pc=00000000802aff4e]
[c=8519000000 pc=0000000080261dea]
[c=8520000000 pc=0000000080860138]
[c=8521000000 pc=0000000080261fd6]
[c=8522000000 pc=0000000080ae305c]
[c=8523000000 pc=0000000080261e72]
[c=8524000000 pc=0000000080261e88]
[c=8525000000 pc=000000008086013c]
[c=8526000000 pc=00000000802afe60]
[c=8527000000 pc=0000000080ae305e]
[c=8528000000 pc=0000000080261e74]
[c=8529000000 pc=0000000080261e90]
[c=8530000000 pc=000000008086013c]
[c=8531000000 pc=00000000802afe64]
[c=8532000000 pc=0000000080ae3062]
[c=8533000000 pc=0000000080261e74]
[c=8534000000 pc=0000000080261e96]
[c=8535000000 pc=0000000080860142]
[c=8536000000 pc=00000000802afe66]
[c=8537000000 pc=0000000080ae5328]
[c=8538000000 pc=0000000080261dee]
[c=8539000000 pc=0000000080261e9a]
[c=8540000000 pc=000000008086014a]
[c=8541000000 pc=00000000802afe6a]
[c=8542000000 pc=0000000080ae532c]
[c=8543000000 pc=0000000080261df2]
[c=8544000000 pc=0000000080261ea0]
[c=8545000000 pc=000000008086014c]
[c=8546000000 pc=00000000802afe70]
[c=8547000000 pc=0000000080ae5330]
[c=8548000000 pc=0000000080261df2]
[c=8549000000 pc=0000000080860402]
[c=8550000000 pc=0000000080860150]
[c=8551000000 pc=00000000802afe74]
[c=8552000000 pc=0000000080ae5332]
[c=8553000000 pc=0000000080261df4]
[c=8554000000 pc=0000000080860404]
[c=8555000000 pc=0000000080860154]
[c=8556000000 pc=00000000802afe76]
[c=8557000000 pc=0000000080261fc4]
[c=8558000000 pc=0000000080261df6]
[c=8559000000 pc=0000000080860408]
[c=8560000000 pc=0000000080860156]
[c=8561000000 pc=0000000080261fdc]
[c=8562000000 pc=0000000080261f18]
[c=8563000000 pc=0000000080261df8]
[c=8564000000 pc=0000000080860414]
[c=8565000000 pc=0000000080261eb8]
[c=8566000000 pc=0000000080261fbc]
[c=8567000000 pc=0000000080261e6e]
[c=8568000000 pc=0000000080261dfa]
[c=8569000000 pc=0000000080860416]
[c=8570000000 pc=0000000080261fb2]
[c=8571000000 pc=0000000080261fc0]
[c=8572000000 pc=00000000802aff2c]
[c=8573000000 pc=0000000080261e78]
[c=8574000000 pc=0000000080261ea4]
[c=8575000000 pc=0000000080261fb6]
[c=8576000000 pc=0000000080ae530c]
[c=8577000000 pc=00000000802aff30]
[c=8578000000 pc=0000000080261e78]
[c=8579000000 pc=0000000080261eaa]
[c=8580000000 pc=0000000080261fd2]
[c=8581000000 pc=0000000080ae530e]
[c=8582000000 pc=00000000802aff32]
[c=8583000000 pc=0000000080261e7c]
[c=8584000000 pc=0000000080261eac]
[c=8585000000 pc=00000000802afaca]
[c=8586000000 pc=0000000080ae5314]
[c=8587000000 pc=00000000802aff34]
[c=8588000000 pc=0000000080261e7e]
[c=8589000000 pc=0000000080261eb0]
[c=8590000000 pc=00000000802afacc]
[c=8591000000 pc=0000000080ae5318]
[c=8592000000 pc=00000000802aff38]
[c=8593000000 pc=0000000080261e80]
[c=8594000000 pc=0000000080261eb4]
[c=8595000000 pc=00000000802afad0]
[c=8596000000 pc=0000000080ae531a]
[c=8597000000 pc=00000000802aff3c]
[c=8598000000 pc=0000000080261ddc]
[c=8599000000 pc=0000000080860130]
[c=8600000000 pc=00000000802afad8]
[c=8601000000 pc=0000000080ae5320]
[c=8602000000 pc=00000000802aff3c]
[c=8603000000 pc=0000000080261de0]
[c=8604000000 pc=0000000080860132]
[c=8605000000 pc=00000000802afada]
[c=8606000000 pc=0000000080ae304e]
[c=8607000000 pc=00000000802aff3e]
[c=8608000000 pc=0000000080261de2]
[c=8609000000 pc=0000000080860134]
[c=8610000000 pc=00000000802afade]
[c=8611000000 pc=0000000080ae3050]
[c=8612000000 pc=00000000802aff4c]
[c=8613000000 pc=0000000080261de6]
[c=8614000000 pc=0000000080860136]
[c=8615000000 pc=00000000802afae2]
[c=8616000000 pc=0000000080ae3054]
[c=8617000000 pc=00000000802aff4e]
[c=8618000000 pc=0000000080261dea]
[c=8619000000 pc=0000000080860138]
[c=8620000000 pc=0000000080261fd6]
[c=8621000000 pc=0000000080ae305c]
[c=8622000000 pc=0000000080261e72]
[c=8623000000 pc=0000000080261e88]
[c=8624000000 pc=000000008086013c]
[c=8625000000 pc=00000000802afe60]
[c=8626000000 pc=0000000080ae305e]
[c=8627000000 pc=0000000080261e74]
[c=8628000000 pc=0000000080261e90]
[c=8629000000 pc=000000008086013c]
[c=8630000000 pc=00000000802afe64]
[c=8631000000 pc=0000000080ae3062]
[c=8632000000 pc=0000000080261e74]
[c=8633000000 pc=0000000080261e96]
[c=8634000000 pc=0000000080860142]
[c=8635000000 pc=00000000802afe66]
[c=8636000000 pc=0000000080ae5328]
[c=8637000000 pc=0000000080261dee]
[c=8638000000 pc=0000000080261e9a]
[c=8639000000 pc=000000008086014a]
[c=8640000000 pc=00000000802afe6a]
[c=8641000000 pc=0000000080ae532c]
[c=8642000000 pc=0000000080261df2]
[c=8643000000 pc=0000000080261ea0]
[c=8644000000 pc=000000008086014c]
[c=8645000000 pc=00000000802afe70]
[c=8646000000 pc=0000000080ae5330]
[c=8647000000 pc=0000000080261df2]
[c=8648000000 pc=0000000080860402]
[c=8649000000 pc=0000000080860150]
[c=8650000000 pc=00000000802afe74]
[c=8651000000 pc=0000000080ae5332]
[c=8652000000 pc=0000000080261df4]
[c=8653000000 pc=0000000080860404]
[c=8654000000 pc=0000000080860154]
[c=8655000000 pc=00000000802afe76]
[c=8656000000 pc=0000000080261fc4]
[c=8657000000 pc=0000000080261df6]
[c=8658000000 pc=0000000080860408]
[c=8659000000 pc=0000000080860156]
[c=8660000000 pc=0000000080261fdc]
[c=8661000000 pc=0000000080261f18]
[c=8662000000 pc=0000000080261df8]
[c=8663000000 pc=0000000080860414]
[c=8664000000 pc=0000000080261eb8]
[c=8665000000 pc=0000000080261fbc]
[c=8666000000 pc=0000000080261e6e]
[c=8667000000 pc=0000000080261dfa]
[c=8668000000 pc=0000000080860416]
[c=8669000000 pc=0000000080261fb2]
[c=8670000000 pc=0000000080261fc0]
[c=8671000000 pc=00000000802aff2c]
[c=8672000000 pc=0000000080261e78]
[c=8673000000 pc=0000000080261ea4]
[c=8674000000 pc=0000000080261fb6]
[c=8675000000 pc=0000000080ae530c]
[c=8676000000 pc=00000000802aff30]
[c=8677000000 pc=0000000080261e78]
[c=8678000000 pc=0000000080261eaa]
[c=8679000000 pc=0000000080261fd2]
[c=8680000000 pc=0000000080ae530e]
[c=8681000000 pc=00000000802aff32]
[c=8682000000 pc=0000000080261e7c]
[c=8683000000 pc=0000000080261eac]
[c=8684000000 pc=00000000802afaca]
[c=8685000000 pc=0000000080ae5314]
[c=8686000000 pc=00000000802aff34]
[c=8687000000 pc=0000000080261e7e]
[c=8688000000 pc=0000000080261eb0]
[c=8689000000 pc=00000000802afacc]
[c=8690000000 pc=0000000080ae5318]
[c=8691000000 pc=00000000802aff38]
[c=8692000000 pc=0000000080261e80]
[c=8693000000 pc=0000000080261eb4]
[c=8694000000 pc=00000000802afad0]
[c=8695000000 pc=0000000080ae531a]
[c=8696000000 pc=00000000802aff3c]
[c=8697000000 pc=0000000080261ddc]
[c=8698000000 pc=0000000080860130]
[c=8699000000 pc=00000000802afad8]
[c=8700000000 pc=0000000080ae5320]
[c=8701000000 pc=00000000802aff3c]
[c=8702000000 pc=0000000080261de0]
[c=8703000000 pc=0000000080860132]
[c=8704000000 pc=00000000802afada]
[c=8705000000 pc=0000000080ae304e]
[c=8706000000 pc=00000000802aff3e]
[c=8707000000 pc=0000000080261de2]
[c=8708000000 pc=0000000080860134]
[c=8709000000 pc=00000000802afade]
[c=8710000000 pc=0000000080ae3050]
[c=8711000000 pc=00000000802aff4c]
[c=8712000000 pc=0000000080261de6]
[c=8713000000 pc=0000000080860136]
[c=8714000000 pc=00000000802afae2]
[c=8715000000 pc=0000000080ae3054]
[c=8716000000 pc=00000000802aff4e]
[c=8717000000 pc=0000000080261dea]
[c=8718000000 pc=0000000080860138]
[c=8719000000 pc=0000000080261fd6]
[c=8720000000 pc=0000000080ae305c]
[c=8721000000 pc=0000000080261e72]
[c=8722000000 pc=0000000080261e88]
[c=8723000000 pc=000000008086013c]
[c=8724000000 pc=00000000802afe60]
[c=8725000000 pc=0000000080ae305e]
[c=8726000000 pc=0000000080261e74]
[c=8727000000 pc=0000000080261e90]
[c=8728000000 pc=000000008086013c]
[c=8729000000 pc=00000000802afe64]
[c=8730000000 pc=0000000080ae3062]
[c=8731000000 pc=0000000080261e74]
[c=8732000000 pc=0000000080261e96]
[c=8733000000 pc=0000000080860142]
[c=8734000000 pc=00000000802afe66]
[c=8735000000 pc=0000000080ae5328]
[c=8736000000 pc=0000000080261dee]
[c=8737000000 pc=0000000080261e9a]
[c=8738000000 pc=000000008086014a]
[c=8739000000 pc=00000000802afe6a]
[c=8740000000 pc=0000000080ae532c]
[c=8741000000 pc=0000000080261df2]
[c=8742000000 pc=0000000080261ea0]
[c=8743000000 pc=000000008086014c]
[c=8744000000 pc=00000000802afe70]
[c=8745000000 pc=0000000080ae5330]
[c=8746000000 pc=0000000080261df2]
[c=8747000000 pc=0000000080860402]
[c=8748000000 pc=0000000080860150]
[c=8749000000 pc=00000000802afe74]
[c=8750000000 pc=0000000080ae5332]
[c=8751000000 pc=0000000080261df4]
[c=8752000000 pc=0000000080860404]
[c=8753000000 pc=0000000080860154]
[c=8754000000 pc=00000000802afe76]
[c=8755000000 pc=0000000080261fc4]
[c=8756000000 pc=0000000080261df6]
[c=8757000000 pc=0000000080860408]
[c=8758000000 pc=0000000080860156]
[c=8759000000 pc=0000000080261fdc]
[c=8760000000 pc=0000000080261f18]
[c=8761000000 pc=0000000080261df8]
[c=8762000000 pc=0000000080860414]
[c=8763000000 pc=0000000080261eb8]
[c=8764000000 pc=0000000080261fbc]
[c=8765000000 pc=0000000080261e6e]
[c=8766000000 pc=0000000080261dfa]
[c=8767000000 pc=0000000080860416]
[c=8768000000 pc=0000000080261fb2]
[c=8769000000 pc=0000000080261fc0]
[c=8770000000 pc=00000000802aff2c]
[c=8771000000 pc=0000000080261e78]
[c=8772000000 pc=0000000080261ea4]
[c=8773000000 pc=0000000080261fb6]
[c=8774000000 pc=0000000080ae530c]
[c=8775000000 pc=00000000802aff30]
[c=8776000000 pc=0000000080261e78]
[c=8777000000 pc=0000000080261eaa]
[c=8778000000 pc=0000000080261fd2]
[c=8779000000 pc=0000000080ae530e]
[c=8780000000 pc=00000000802aff32]
[c=8781000000 pc=0000000080261e7c]
[c=8782000000 pc=0000000080261eac]
[c=8783000000 pc=00000000802afaca]
[c=8784000000 pc=0000000080ae5314]
[c=8785000000 pc=00000000802aff34]
[c=8786000000 pc=0000000080261e7e]
[c=8787000000 pc=0000000080261eb0]
[c=8788000000 pc=00000000802afacc]
[c=8789000000 pc=0000000080ae5318]
[c=8790000000 pc=00000000802aff38]
[c=8791000000 pc=0000000080261e80]
[c=8792000000 pc=0000000080261eb4]
[c=8793000000 pc=00000000802afad0]
[c=8794000000 pc=0000000080ae531a]
[c=8795000000 pc=00000000802aff3c]
[c=8796000000 pc=0000000080261ddc]
[c=8797000000 pc=0000000080860130]
[c=8798000000 pc=00000000802afad8]
[c=8799000000 pc=0000000080ae5320]
[c=8800000000 pc=00000000802aff3c]
[c=8801000000 pc=0000000080261de0]
[c=8802000000 pc=0000000080860132]
[c=8803000000 pc=00000000802afada]
[c=8804000000 pc=0000000080ae304e]
[c=8805000000 pc=00000000802aff3e]
[c=8806000000 pc=0000000080261de2]
[c=8807000000 pc=0000000080860134]
[c=8808000000 pc=00000000802afade]
[c=8809000000 pc=0000000080ae3050]
[c=8810000000 pc=00000000802aff4c]
[c=8811000000 pc=0000000080261de6]
[c=8812000000 pc=0000000080860136]
[c=8813000000 pc=00000000802afae2]
[c=8814000000 pc=0000000080ae3054]
[c=8815000000 pc=00000000802aff4e]
[c=8816000000 pc=0000000080261dea]
[c=8817000000 pc=0000000080860138]
[c=8818000000 pc=0000000080261fd6]
[c=8819000000 pc=0000000080ae305c]
[c=8820000000 pc=0000000080261e72]
[c=8821000000 pc=0000000080261e88]
[c=8822000000 pc=000000008086013c]
[c=8823000000 pc=00000000802afe60]
[c=8824000000 pc=0000000080ae305e]
[c=8825000000 pc=0000000080261e74]
[c=8826000000 pc=0000000080261e90]
[c=8827000000 pc=000000008086013c]
[c=8828000000 pc=00000000802afe64]
[c=8829000000 pc=0000000080ae3062]
[c=8830000000 pc=0000000080261e74]
[c=8831000000 pc=0000000080261e96]
[c=8832000000 pc=0000000080860142]
[c=8833000000 pc=00000000802afe66]
[c=8834000000 pc=0000000080ae5328]
[c=8835000000 pc=0000000080261dee]
[c=8836000000 pc=0000000080261e9a]
[c=8837000000 pc=000000008086014a]
[c=8838000000 pc=00000000802afe6a]
[c=8839000000 pc=0000000080ae532c]
[c=8840000000 pc=0000000080261df2]
[c=8841000000 pc=0000000080261ea0]
[c=8842000000 pc=000000008086014c]
[c=8843000000 pc=00000000802afe70]
[c=8844000000 pc=0000000080ae5330]
[c=8845000000 pc=0000000080261df2]
[c=8846000000 pc=0000000080860402]
[c=8847000000 pc=0000000080860150]
[c=8848000000 pc=00000000802afe74]
[c=8849000000 pc=0000000080ae5332]
[c=8850000000 pc=0000000080261df4]
[c=8851000000 pc=0000000080860404]
[c=8852000000 pc=0000000080860154]
[c=8853000000 pc=00000000802afe76]
[c=8854000000 pc=0000000080261fc4]
[c=8855000000 pc=0000000080261df6]
[c=8856000000 pc=0000000080860408]
[c=8857000000 pc=0000000080860156]
[c=8858000000 pc=0000000080261fdc]
[c=8859000000 pc=0000000080261f18]
[c=8860000000 pc=0000000080261df8]
[c=8861000000 pc=0000000080860414]
[c=8862000000 pc=0000000080261eb8]
[c=8863000000 pc=0000000080261fbc]
[c=8864000000 pc=0000000080261e6e]
[c=8865000000 pc=0000000080261dfa]
[c=8866000000 pc=0000000080860416]
[c=8867000000 pc=0000000080261fb2]
[c=8868000000 pc=0000000080261fc0]
[c=8869000000 pc=00000000802aff2c]
[c=8870000000 pc=0000000080261e78]
[c=8871000000 pc=0000000080261ea4]
[c=8872000000 pc=0000000080261fb6]
[c=8873000000 pc=0000000080ae530c]
[c=8874000000 pc=00000000802aff30]
[c=8875000000 pc=0000000080261e78]
[c=8876000000 pc=0000000080261eaa]
[c=8877000000 pc=0000000080261fd2]
[c=8878000000 pc=0000000080ae530e]
[c=8879000000 pc=00000000802aff32]
[c=8880000000 pc=0000000080261e7c]
[c=8881000000 pc=0000000080261eac]
[c=8882000000 pc=00000000802afaca]
[c=8883000000 pc=0000000080ae5314]
[c=8884000000 pc=00000000802aff34]
[c=8885000000 pc=0000000080261e7e]
[c=8886000000 pc=0000000080261eb0]
[c=8887000000 pc=00000000802afacc]
[c=8888000000 pc=0000000080ae5318]
[c=8889000000 pc=00000000802aff38]
[c=8890000000 pc=0000000080261e80]
[c=8891000000 pc=0000000080261eb4]
[c=8892000000 pc=00000000802afad0]
[c=8893000000 pc=0000000080ae531a]
[c=8894000000 pc=00000000802aff3c]
[c=8895000000 pc=0000000080261ddc]
[c=8896000000 pc=0000000080860130]
[c=8897000000 pc=00000000802afad8]
[c=8898000000 pc=0000000080ae5320]
[c=8899000000 pc=00000000802aff3c]
[c=8900000000 pc=0000000080261de0]
[c=8901000000 pc=0000000080860132]
[c=8902000000 pc=00000000802afada]
[c=8903000000 pc=0000000080ae304e]
[c=8904000000 pc=00000000802aff3e]
[c=8905000000 pc=0000000080261de2]
[c=8906000000 pc=0000000080860134]
[c=8907000000 pc=00000000802afade]
[c=8908000000 pc=0000000080ae3050]
[c=8909000000 pc=00000000802aff4c]
[c=8910000000 pc=0000000080261de6]
[c=8911000000 pc=0000000080860136]
[c=8912000000 pc=00000000802afae2]
[c=8913000000 pc=0000000080ae3054]
[c=8914000000 pc=00000000802aff4e]
[c=8915000000 pc=0000000080261dea]
[c=8916000000 pc=0000000080860138]
[c=8917000000 pc=0000000080261fd6]
[c=8918000000 pc=0000000080ae305c]
[c=8919000000 pc=0000000080261e72]
[c=8920000000 pc=0000000080261e88]
[c=8921000000 pc=000000008086013c]
[c=8922000000 pc=00000000802afe60]
[c=8923000000 pc=0000000080ae305e]
[c=8924000000 pc=0000000080261e74]
[c=8925000000 pc=0000000080261e90]
[c=8926000000 pc=000000008086013c]
[c=8927000000 pc=00000000802afe64]
[c=8928000000 pc=0000000080ae3062]
[c=8929000000 pc=0000000080261e74]
[c=8930000000 pc=0000000080261e96]
[c=8931000000 pc=0000000080860142]
[c=8932000000 pc=00000000802afe66]
[c=8933000000 pc=0000000080ae5328]
[c=8934000000 pc=0000000080261dee]
[c=8935000000 pc=0000000080261e9a]
[c=8936000000 pc=000000008086014a]
[c=8937000000 pc=00000000802afe6a]
[c=8938000000 pc=0000000080ae532c]
[c=8939000000 pc=0000000080261df2]
[c=8940000000 pc=0000000080261ea0]
[c=8941000000 pc=000000008086014c]
[c=8942000000 pc=00000000802afe70]
[c=8943000000 pc=0000000080ae5330]
[c=8944000000 pc=0000000080261df2]
[c=8945000000 pc=0000000080860402]
[c=8946000000 pc=0000000080860150]
[c=8947000000 pc=00000000802afe74]
[c=8948000000 pc=0000000080ae5332]
[c=8949000000 pc=0000000080261df4]
[c=8950000000 pc=0000000080860404]
[c=8951000000 pc=0000000080860154]
[c=8952000000 pc=00000000802afe76]
[c=8953000000 pc=0000000080261fc4]
[c=8954000000 pc=0000000080261df6]
[c=8955000000 pc=0000000080860408]
[c=8956000000 pc=0000000080860156]
[c=8957000000 pc=0000000080261fdc]
[c=8958000000 pc=0000000080261f18]
[c=8959000000 pc=0000000080261df8]
[c=8960000000 pc=0000000080860414]
[c=8961000000 pc=0000000080261eb8]
[c=8962000000 pc=0000000080261fbc]
[c=8963000000 pc=0000000080261e6e]
[c=8964000000 pc=0000000080261dfa]
[c=8965000000 pc=0000000080860416]
[c=8966000000 pc=0000000080261fb2]
[c=8967000000 pc=0000000080261fc0]
[c=8968000000 pc=00000000802aff2c]
[c=8969000000 pc=0000000080261e78]
[c=8970000000 pc=0000000080261ea4]
[c=8971000000 pc=0000000080261fb6]
[c=8972000000 pc=0000000080ae530c]
[c=8973000000 pc=00000000802aff30]
[c=8974000000 pc=0000000080261e78]
[c=8975000000 pc=0000000080261eaa]
[c=8976000000 pc=0000000080261fd2]
[c=8977000000 pc=0000000080ae530e]
[c=8978000000 pc=00000000802aff32]
[c=8979000000 pc=0000000080261e7c]
[c=8980000000 pc=0000000080261eac]
[c=8981000000 pc=00000000802afaca]
[c=8982000000 pc=0000000080ae5314]
[c=8983000000 pc=00000000802aff34]
[c=8984000000 pc=0000000080261e7e]
[c=8985000000 pc=0000000080261eb0]
[c=8986000000 pc=00000000802afacc]
[c=8987000000 pc=0000000080ae5318]
[c=8988000000 pc=00000000802aff38]
[c=8989000000 pc=0000000080261e80]
[c=8990000000 pc=0000000080261eb4]
[c=8991000000 pc=00000000802afad0]
[c=8992000000 pc=0000000080ae531a]
[c=8993000000 pc=00000000802aff3c]
[c=8994000000 pc=0000000080261ddc]
[c=8995000000 pc=0000000080860130]
[c=8996000000 pc=00000000802afad8]
[c=8997000000 pc=0000000080ae5320]
[c=8998000000 pc=00000000802aff3c]
[c=8999000000 pc=0000000080261de0]
[c=9000000000 pc=0000000080860132]
[c=9001000000 pc=00000000802afada]
[c=9002000000 pc=0000000080ae304e]
[c=9003000000 pc=00000000802aff3e]
[c=9004000000 pc=0000000080261de2]
[c=9005000000 pc=0000000080860134]
[c=9006000000 pc=00000000802afade]
[c=9007000000 pc=0000000080ae3050]
[c=9008000000 pc=00000000802aff4c]
[c=9009000000 pc=0000000080261de6]
[c=9010000000 pc=0000000080860136]
[c=9011000000 pc=00000000802afae2]
[c=9012000000 pc=0000000080ae3054]
[c=9013000000 pc=00000000802aff4e]
[c=9014000000 pc=0000000080261dea]
[c=9015000000 pc=0000000080860138]
[c=9016000000 pc=0000000080261fd6]
[c=9017000000 pc=0000000080ae305c]
[c=9018000000 pc=0000000080261e72]
[c=9019000000 pc=0000000080261e88]
[c=9020000000 pc=000000008086013c]
[c=9021000000 pc=00000000802afe60]
[c=9022000000 pc=0000000080ae305e]
[c=9023000000 pc=0000000080261e74]
[c=9024000000 pc=0000000080261e90]
[c=9025000000 pc=000000008086013c]
[c=9026000000 pc=00000000802afe64]
[c=9027000000 pc=0000000080ae3062]
[c=9028000000 pc=0000000080261e74]
[c=9029000000 pc=0000000080261e96]
[c=9030000000 pc=0000000080860142]
[c=9031000000 pc=00000000802afe66]
[c=9032000000 pc=0000000080ae5328]
[c=9033000000 pc=0000000080261dee]
[c=9034000000 pc=0000000080261e9a]
[c=9035000000 pc=000000008086014a]
[c=9036000000 pc=00000000802afe6a]
[c=9037000000 pc=0000000080ae532c]
[c=9038000000 pc=0000000080261df2]
[c=9039000000 pc=0000000080261ea0]
[c=9040000000 pc=000000008086014c]
[c=9041000000 pc=00000000802afe70]
[c=9042000000 pc=0000000080ae5330]
[c=9043000000 pc=0000000080261df2]
[c=9044000000 pc=0000000080860402]
[c=9045000000 pc=0000000080860150]
[c=9046000000 pc=00000000802afe74]
[c=9047000000 pc=0000000080ae5332]
[c=9048000000 pc=0000000080261df4]
[c=9049000000 pc=0000000080860404]
[c=9050000000 pc=0000000080860154]
[c=9051000000 pc=00000000802afe76]
[c=9052000000 pc=0000000080261fc4]
[c=9053000000 pc=0000000080261df6]
[c=9054000000 pc=0000000080860408]
[c=9055000000 pc=0000000080860156]
[c=9056000000 pc=0000000080261fdc]
[c=9057000000 pc=0000000080261f18]
[c=9058000000 pc=0000000080261df8]
[c=9059000000 pc=0000000080860414]
[c=9060000000 pc=0000000080261eb8]
[c=9061000000 pc=0000000080261fbc]
[c=9062000000 pc=0000000080261e6e]
[c=9063000000 pc=0000000080261dfa]
[c=9064000000 pc=0000000080860416]
[c=9065000000 pc=0000000080261fb2]
[c=9066000000 pc=0000000080261fc0]
[c=9067000000 pc=00000000802aff2c]
[c=9068000000 pc=0000000080261e78]
[c=9069000000 pc=0000000080261ea4]
[c=9070000000 pc=0000000080261fb6]
[c=9071000000 pc=0000000080ae530c]
[c=9072000000 pc=00000000802aff30]
[c=9073000000 pc=0000000080261e78]
[c=9074000000 pc=0000000080261eaa]
[c=9075000000 pc=0000000080261fd2]
[c=9076000000 pc=0000000080ae530e]
[c=9077000000 pc=00000000802aff32]
[c=9078000000 pc=0000000080261e7c]
[c=9079000000 pc=0000000080261eac]
[c=9080000000 pc=00000000802afaca]
[c=9081000000 pc=0000000080ae5314]
[c=9082000000 pc=00000000802aff34]
[c=9083000000 pc=0000000080261e7e]
[c=9084000000 pc=0000000080261eb0]
[c=9085000000 pc=00000000802afacc]
[c=9086000000 pc=0000000080ae5318]
[c=9087000000 pc=00000000802aff38]
[c=9088000000 pc=0000000080261e80]
[c=9089000000 pc=0000000080261eb4]
[c=9090000000 pc=00000000802afad0]
[c=9091000000 pc=0000000080ae531a]
[c=9092000000 pc=00000000802aff3c]
[c=9093000000 pc=0000000080261ddc]
[c=9094000000 pc=0000000080860130]
[c=9095000000 pc=00000000802afad8]
[c=9096000000 pc=0000000080ae5320]
[c=9097000000 pc=00000000802aff3c]
[c=9098000000 pc=0000000080261de0]
[c=9099000000 pc=0000000080860132]
[c=9100000000 pc=00000000802afada]
[c=9101000000 pc=0000000080ae304e]
[c=9102000000 pc=00000000802aff3e]
[c=9103000000 pc=0000000080261de2]
[c=9104000000 pc=0000000080860134]
[c=9105000000 pc=00000000802afade]
[c=9106000000 pc=0000000080ae3050]
[c=9107000000 pc=00000000802aff4c]
[c=9108000000 pc=0000000080261de6]
[c=9109000000 pc=0000000080860136]
[c=9110000000 pc=00000000802afae2]
[c=9111000000 pc=0000000080ae3054]
[c=9112000000 pc=00000000802aff4e]
[c=9113000000 pc=0000000080261dea]
[c=9114000000 pc=0000000080860138]
[c=9115000000 pc=0000000080261fd6]
[c=9116000000 pc=0000000080ae305c]
[c=9117000000 pc=0000000080261e72]
[c=9118000000 pc=0000000080261e88]
[c=9119000000 pc=000000008086013c]
[c=9120000000 pc=00000000802afe60]
[c=9121000000 pc=0000000080ae305e]
[c=9122000000 pc=0000000080261e74]
[c=9123000000 pc=0000000080261e90]
[c=9124000000 pc=000000008086013c]
[c=9125000000 pc=00000000802afe64]
[c=9126000000 pc=0000000080ae3062]
[c=9127000000 pc=0000000080261e74]
[c=9128000000 pc=0000000080261e96]
[c=9129000000 pc=0000000080860142]
[c=9130000000 pc=00000000802afe66]
[c=9131000000 pc=0000000080ae5328]
[c=9132000000 pc=0000000080261dee]
[c=9133000000 pc=0000000080261e9a]
[c=9134000000 pc=000000008086014a]
[c=9135000000 pc=00000000802afe6a]
[c=9136000000 pc=0000000080ae532c]
[c=9137000000 pc=0000000080261df2]
[c=9138000000 pc=0000000080261ea0]
[c=9139000000 pc=000000008086014c]
[c=9140000000 pc=00000000802afe70]
[c=9141000000 pc=0000000080ae5330]
[c=9142000000 pc=0000000080261df2]
[c=9143000000 pc=0000000080860402]
[c=9144000000 pc=0000000080860150]
[c=9145000000 pc=00000000802afe74]
[c=9146000000 pc=0000000080ae5332]
[c=9147000000 pc=0000000080261df4]
[c=9148000000 pc=0000000080860404]
[c=9149000000 pc=0000000080860154]
[c=9150000000 pc=00000000802afe76]
[c=9151000000 pc=0000000080261fc4]
[c=9152000000 pc=0000000080261df6]
[c=9153000000 pc=0000000080860408]
[c=9154000000 pc=0000000080860156]
[c=9155000000 pc=0000000080261fdc]
[c=9156000000 pc=0000000080261f18]
[c=9157000000 pc=0000000080261df8]
[c=9158000000 pc=0000000080860414]
[c=9159000000 pc=0000000080261eb8]
[c=9160000000 pc=0000000080261fbc]
[c=9161000000 pc=0000000080261e6e]
[c=9162000000 pc=0000000080261dfa]
[c=9163000000 pc=0000000080860416]
[c=9164000000 pc=0000000080261fb2]
[c=9165000000 pc=0000000080261fc0]
[c=9166000000 pc=00000000802aff2c]
[c=9167000000 pc=0000000080261e78]
[c=9168000000 pc=0000000080261ea4]
[c=9169000000 pc=0000000080261fb6]
[c=9170000000 pc=0000000080ae530c]
[c=9171000000 pc=00000000802aff30]
[c=9172000000 pc=0000000080261e78]
[c=9173000000 pc=0000000080261eaa]
[c=9174000000 pc=0000000080261fd2]
[c=9175000000 pc=0000000080ae530e]
[c=9176000000 pc=00000000802aff32]
[c=9177000000 pc=0000000080261e7c]
[c=9178000000 pc=0000000080261eac]
[c=9179000000 pc=00000000802afaca]
[c=9180000000 pc=0000000080ae5314]
[c=9181000000 pc=00000000802aff34]
[c=9182000000 pc=0000000080261e7e]
[c=9183000000 pc=0000000080261eb0]
[c=9184000000 pc=00000000802afacc]
[c=9185000000 pc=0000000080ae5318]
[c=9186000000 pc=00000000802aff38]
[c=9187000000 pc=0000000080261e80]
[c=9188000000 pc=0000000080261eb4]
[c=9189000000 pc=00000000802afad0]
[c=9190000000 pc=0000000080ae531a]
[c=9191000000 pc=00000000802aff3c]
[c=9192000000 pc=0000000080261ddc]
[c=9193000000 pc=0000000080860130]
[c=9194000000 pc=00000000802afad8]
[c=9195000000 pc=0000000080ae5320]
[c=9196000000 pc=00000000802aff3c]
[c=9197000000 pc=0000000080261de0]
[c=9198000000 pc=0000000080860132]
[c=9199000000 pc=00000000802afada]
[c=9200000000 pc=0000000080ae304e]
[c=9201000000 pc=00000000802aff3e]
[c=9202000000 pc=0000000080261de2]
[c=9203000000 pc=0000000080860134]
[c=9204000000 pc=00000000802afade]
[c=9205000000 pc=0000000080ae3050]
[c=9206000000 pc=00000000802aff4c]
[c=9207000000 pc=0000000080261de6]
[c=9208000000 pc=0000000080860136]
[c=9209000000 pc=00000000802afae2]
[c=9210000000 pc=0000000080ae3054]
[c=9211000000 pc=00000000802aff4e]
[c=9212000000 pc=0000000080261dea]
[c=9213000000 pc=0000000080860138]
[c=9214000000 pc=0000000080261fd6]
[c=9215000000 pc=0000000080ae305c]
[c=9216000000 pc=0000000080261e72]
[c=9217000000 pc=0000000080261e88]
[c=9218000000 pc=000000008086013c]
[c=9219000000 pc=00000000802afe60]
[c=9220000000 pc=0000000080ae305e]
[c=9221000000 pc=0000000080261e74]
[c=9222000000 pc=0000000080261e90]
[c=9223000000 pc=000000008086013c]
[c=9224000000 pc=00000000802afe64]
[c=9225000000 pc=0000000080ae3062]
[c=9226000000 pc=0000000080261e74]
[c=9227000000 pc=0000000080261e96]
[c=9228000000 pc=0000000080860142]
[c=9229000000 pc=00000000802afe66]
[c=9230000000 pc=0000000080ae5328]
[c=9231000000 pc=0000000080261dee]
[c=9232000000 pc=0000000080261e9a]
[c=9233000000 pc=000000008086014a]
[c=9234000000 pc=00000000802afe6a]
[c=9235000000 pc=0000000080ae532c]
[c=9236000000 pc=0000000080261df2]
[c=9237000000 pc=0000000080261ea0]
[c=9238000000 pc=000000008086014c]
[c=9239000000 pc=00000000802afe70]
[c=9240000000 pc=0000000080ae5330]
[c=9241000000 pc=0000000080261df2]
[c=9242000000 pc=0000000080860402]
[c=9243000000 pc=0000000080860150]
[c=9244000000 pc=00000000802afe74]
[c=9245000000 pc=0000000080ae5332]
[c=9246000000 pc=0000000080261df4]
[c=9247000000 pc=0000000080860404]
[c=9248000000 pc=0000000080860154]
[c=9249000000 pc=00000000802afe76]
[c=9250000000 pc=0000000080261fc4]
[c=9251000000 pc=0000000080261df6]
[c=9252000000 pc=0000000080860408]
[c=9253000000 pc=0000000080860156]
[c=9254000000 pc=0000000080261fdc]
[c=9255000000 pc=0000000080261f18]
[c=9256000000 pc=0000000080261df8]
[c=9257000000 pc=0000000080860414]
[c=9258000000 pc=0000000080261eb8]
[c=9259000000 pc=0000000080261fbc]
[c=9260000000 pc=0000000080261e6e]
[c=9261000000 pc=0000000080261dfa]
[c=9262000000 pc=0000000080860416]
[c=9263000000 pc=0000000080261fb2]
[c=9264000000 pc=0000000080261fc0]
[c=9265000000 pc=00000000802aff2c]
[c=9266000000 pc=0000000080261e78]
[c=9267000000 pc=0000000080261ea4]
[c=9268000000 pc=0000000080261fb6]
[c=9269000000 pc=0000000080ae530c]
[c=9270000000 pc=00000000802aff30]
[c=9271000000 pc=0000000080261e78]
[c=9272000000 pc=0000000080261eaa]
[c=9273000000 pc=0000000080261fd2]
[c=9274000000 pc=0000000080ae530e]
[c=9275000000 pc=00000000802aff32]
[c=9276000000 pc=0000000080261e7c]
[c=9277000000 pc=0000000080261eac]
[c=9278000000 pc=00000000802afaca]
[c=9279000000 pc=0000000080ae5314]
[c=9280000000 pc=00000000802aff34]
[c=9281000000 pc=0000000080261e7e]
[c=9282000000 pc=0000000080261eb0]
[c=9283000000 pc=00000000802afacc]
[c=9284000000 pc=0000000080ae5318]
[c=9285000000 pc=00000000802aff38]
[c=9286000000 pc=0000000080261e80]
[c=9287000000 pc=0000000080261eb4]
[c=9288000000 pc=00000000802afad0]
[c=9289000000 pc=0000000080ae531a]
[c=9290000000 pc=00000000802aff3c]
[c=9291000000 pc=0000000080261ddc]
[c=9292000000 pc=0000000080860130]
[c=9293000000 pc=00000000802afad8]
[c=9294000000 pc=0000000080ae5320]
[c=9295000000 pc=00000000802aff3c]
[c=9296000000 pc=0000000080261de0]
[c=9297000000 pc=0000000080860132]
[c=9298000000 pc=00000000802afada]
[c=9299000000 pc=0000000080ae304e]
[c=9300000000 pc=00000000802aff3e]
[c=9301000000 pc=0000000080261de2]
[c=9302000000 pc=0000000080860134]
[c=9303000000 pc=00000000802afade]
[c=9304000000 pc=0000000080ae3050]
[c=9305000000 pc=00000000802aff4c]
[c=9306000000 pc=0000000080261de6]
[c=9307000000 pc=0000000080860136]
[c=9308000000 pc=00000000802afae2]
[c=9309000000 pc=0000000080ae3054]
[c=9310000000 pc=00000000802aff4e]
[c=9311000000 pc=0000000080261dea]
[c=9312000000 pc=0000000080860138]
[c=9313000000 pc=0000000080261fd6]
[c=9314000000 pc=0000000080ae305c]
[c=9315000000 pc=0000000080261e72]
[c=9316000000 pc=0000000080261e88]
[c=9317000000 pc=000000008086013c]
[c=9318000000 pc=00000000802afe60]
[c=9319000000 pc=0000000080ae305e]
[c=9320000000 pc=0000000080261e74]
[c=9321000000 pc=0000000080261e90]
[c=9322000000 pc=000000008086013c]
[c=9323000000 pc=00000000802afe64]
[c=9324000000 pc=0000000080ae3062]
[c=9325000000 pc=0000000080261e74]
[c=9326000000 pc=0000000080261e96]
[c=9327000000 pc=0000000080860142]
[c=9328000000 pc=00000000802afe66]
[c=9329000000 pc=0000000080ae5328]
[c=9330000000 pc=0000000080261dee]
[c=9331000000 pc=0000000080261e9a]
[c=9332000000 pc=000000008086014a]
[c=9333000000 pc=00000000802afe6a]
[c=9334000000 pc=0000000080ae532c]
[c=9335000000 pc=0000000080261df2]
[c=9336000000 pc=0000000080261ea0]
[c=9337000000 pc=000000008086014c]
[c=9338000000 pc=00000000802afe70]
[c=9339000000 pc=0000000080ae5330]
[c=9340000000 pc=0000000080261df2]
[c=9341000000 pc=0000000080860402]
[c=9342000000 pc=0000000080860150]
[c=9343000000 pc=00000000802afe74]
[c=9344000000 pc=0000000080ae5332]
[c=9345000000 pc=0000000080261df4]
[c=9346000000 pc=0000000080860404]
[c=9347000000 pc=0000000080860154]
[c=9348000000 pc=00000000802afe76]
[c=9349000000 pc=0000000080261fc4]
[c=9350000000 pc=0000000080261df6]
[c=9351000000 pc=0000000080860408]
[c=9352000000 pc=0000000080860156]
[c=9353000000 pc=0000000080261fdc]
[c=9354000000 pc=0000000080261f18]
[c=9355000000 pc=0000000080261df8]
[c=9356000000 pc=0000000080860414]
[c=9357000000 pc=0000000080261eb8]
[c=9358000000 pc=0000000080261fbc]
[c=9359000000 pc=0000000080261e6e]
[c=9360000000 pc=0000000080261dfa]
[c=9361000000 pc=0000000080860416]
[c=9362000000 pc=0000000080261fb2]
[c=9363000000 pc=0000000080261fc0]
[c=9364000000 pc=00000000802aff2c]
[c=9365000000 pc=0000000080261e78]
[c=9366000000 pc=0000000080261ea4]
[c=9367000000 pc=0000000080261fb6]
[c=9368000000 pc=0000000080ae530c]
[c=9369000000 pc=00000000802aff30]
[c=9370000000 pc=0000000080261e78]
[c=9371000000 pc=0000000080261eaa]
[c=9372000000 pc=0000000080261fd2]
[c=9373000000 pc=0000000080ae530e]
[c=9374000000 pc=00000000802aff32]
[c=9375000000 pc=0000000080261e7c]
[c=9376000000 pc=0000000080261eac]
[c=9377000000 pc=00000000802afaca]
[c=9378000000 pc=0000000080ae5314]
[c=9379000000 pc=00000000802aff34]
[c=9380000000 pc=0000000080261e7e]
[c=9381000000 pc=0000000080261eb0]
[c=9382000000 pc=00000000802afacc]
[c=9383000000 pc=0000000080ae5318]
[c=9384000000 pc=00000000802aff38]
[c=9385000000 pc=0000000080261e80]
[c=9386000000 pc=0000000080261eb4]
[c=9387000000 pc=00000000802afad0]
[c=9388000000 pc=0000000080ae531a]
[c=9389000000 pc=00000000802aff3c]
[c=9390000000 pc=0000000080261ddc]
[c=9391000000 pc=0000000080860130]
[c=9392000000 pc=00000000802afad8]
[c=9393000000 pc=0000000080ae5320]
[c=9394000000 pc=00000000802aff3c]
[c=9395000000 pc=0000000080261de0]
[c=9396000000 pc=0000000080860132]
[c=9397000000 pc=00000000802afada]
[c=9398000000 pc=0000000080ae304e]
[c=9399000000 pc=00000000802aff3e]
[c=9400000000 pc=0000000080261de2]
[c=9401000000 pc=0000000080860134]
[c=9402000000 pc=00000000802afade]
[c=9403000000 pc=0000000080ae3050]
[c=9404000000 pc=00000000802aff4c]
[c=9405000000 pc=0000000080261de6]
[c=9406000000 pc=0000000080860136]
[c=9407000000 pc=00000000802afae2]
[c=9408000000 pc=0000000080ae3054]
[c=9409000000 pc=00000000802aff4e]
[c=9410000000 pc=0000000080261dea]
[c=9411000000 pc=0000000080860138]
[c=9412000000 pc=0000000080261fd6]
[c=9413000000 pc=0000000080ae305c]
[c=9414000000 pc=0000000080261e72]
[c=9415000000 pc=0000000080261e88]
[c=9416000000 pc=000000008086013c]
[c=9417000000 pc=00000000802afe60]
[c=9418000000 pc=0000000080ae305e]
[c=9419000000 pc=0000000080261e74]
[c=9420000000 pc=0000000080261e90]
[c=9421000000 pc=000000008086013c]
[c=9422000000 pc=00000000802afe64]
[c=9423000000 pc=0000000080ae3062]
[c=9424000000 pc=0000000080261e74]
[c=9425000000 pc=0000000080261e96]
[c=9426000000 pc=0000000080860142]
[c=9427000000 pc=00000000802afe66]
[c=9428000000 pc=0000000080ae5328]
[c=9429000000 pc=0000000080261dee]
[c=9430000000 pc=0000000080261e9a]
[c=9431000000 pc=000000008086014a]
[c=9432000000 pc=00000000802afe6a]
[c=9433000000 pc=0000000080ae532c]
[c=9434000000 pc=0000000080261df2]
[c=9435000000 pc=0000000080261ea0]
[c=9436000000 pc=000000008086014c]
[c=9437000000 pc=00000000802afe70]
[c=9438000000 pc=0000000080ae5330]
[c=9439000000 pc=0000000080261df2]
[c=9440000000 pc=0000000080860402]
[c=9441000000 pc=0000000080860150]
[c=9442000000 pc=00000000802afe74]
[c=9443000000 pc=0000000080ae5332]
[c=9444000000 pc=0000000080261df4]
[c=9445000000 pc=0000000080860404]
[c=9446000000 pc=0000000080860154]
[c=9447000000 pc=00000000802afe76]
[c=9448000000 pc=0000000080261fc4]
[c=9449000000 pc=0000000080261df6]
[c=9450000000 pc=0000000080860408]
[c=9451000000 pc=0000000080860156]
[c=9452000000 pc=0000000080261fdc]
[c=9453000000 pc=0000000080261f18]
[c=9454000000 pc=0000000080261df8]
[c=9455000000 pc=0000000080860414]
[c=9456000000 pc=0000000080261eb8]
[c=9457000000 pc=0000000080261fbc]
[c=9458000000 pc=0000000080261e6e]
[c=9459000000 pc=0000000080261dfa]
[c=9460000000 pc=0000000080860416]
[c=9461000000 pc=0000000080261fb2]
[c=9462000000 pc=0000000080261fc0]
[c=9463000000 pc=00000000802aff2c]
[c=9464000000 pc=0000000080261e78]
[c=9465000000 pc=0000000080261ea4]
[c=9466000000 pc=0000000080261fb6]
[c=9467000000 pc=0000000080ae530c]
[c=9468000000 pc=00000000802aff30]
[c=9469000000 pc=0000000080261e78]
[c=9470000000 pc=0000000080261eaa]
[c=9471000000 pc=0000000080261fd2]
[c=9472000000 pc=0000000080ae530e]
[c=9473000000 pc=00000000802aff32]
[c=9474000000 pc=0000000080261e7c]
[c=9475000000 pc=0000000080261eac]
[c=9476000000 pc=00000000802afaca]
[c=9477000000 pc=0000000080ae5314]
[c=9478000000 pc=00000000802aff34]
[c=9479000000 pc=0000000080261e7e]
[c=9480000000 pc=0000000080261eb0]
[c=9481000000 pc=00000000802afacc]
[c=9482000000 pc=0000000080ae5318]
[c=9483000000 pc=00000000802aff38]
[c=9484000000 pc=0000000080261e80]
[c=9485000000 pc=0000000080261eb4]
[c=9486000000 pc=00000000802afad0]
[c=9487000000 pc=0000000080ae531a]
[c=9488000000 pc=00000000802aff3c]
[c=9489000000 pc=0000000080261ddc]
[c=9490000000 pc=0000000080860130]
[c=9491000000 pc=00000000802afad8]
[c=9492000000 pc=0000000080ae5320]
[c=9493000000 pc=00000000802aff3c]
[c=9494000000 pc=0000000080261de0]
[c=9495000000 pc=0000000080860132]
[c=9496000000 pc=00000000802afada]
[c=9497000000 pc=0000000080ae304e]
[c=9498000000 pc=00000000802aff3e]
[c=9499000000 pc=0000000080261de2]
[c=9500000000 pc=0000000080860134]
[c=9501000000 pc=00000000802afade]
[c=9502000000 pc=0000000080ae3050]
[c=9503000000 pc=00000000802aff4c]
[c=9504000000 pc=0000000080261de6]
[c=9505000000 pc=0000000080860136]
[c=9506000000 pc=00000000802afae2]
[c=9507000000 pc=0000000080ae3054]
[c=9508000000 pc=00000000802aff4e]
[c=9509000000 pc=0000000080261dea]
[c=9510000000 pc=0000000080860138]
[c=9511000000 pc=0000000080261fd6]
[c=9512000000 pc=0000000080ae305c]
[c=9513000000 pc=0000000080261e72]
[c=9514000000 pc=0000000080261e88]
[c=9515000000 pc=000000008086013c]
[c=9516000000 pc=00000000802afe60]
[c=9517000000 pc=0000000080ae305e]
[c=9518000000 pc=0000000080261e74]
[c=9519000000 pc=0000000080261e90]
[c=9520000000 pc=000000008086013c]
[c=9521000000 pc=00000000802afe64]
[c=9522000000 pc=0000000080ae3062]
[c=9523000000 pc=0000000080261e74]
[c=9524000000 pc=0000000080261e96]
[c=9525000000 pc=0000000080860142]
[c=9526000000 pc=00000000802afe66]
[c=9527000000 pc=0000000080ae5328]
[c=9528000000 pc=0000000080261dee]
[c=9529000000 pc=0000000080261e9a]
[c=9530000000 pc=000000008086014a]
[c=9531000000 pc=00000000802afe6a]
[c=9532000000 pc=0000000080ae532c]
[c=9533000000 pc=0000000080261df2]
[c=9534000000 pc=0000000080261ea0]
[c=9535000000 pc=000000008086014c]
[c=9536000000 pc=00000000802afe70]
[c=9537000000 pc=0000000080ae5330]
[c=9538000000 pc=0000000080261df2]
[c=9539000000 pc=0000000080860402]
[c=9540000000 pc=0000000080860150]
[c=9541000000 pc=00000000802afe74]
[c=9542000000 pc=0000000080ae5332]
[c=9543000000 pc=0000000080261df4]
[c=9544000000 pc=0000000080860404]
[c=9545000000 pc=0000000080860154]
[c=9546000000 pc=00000000802afe76]
[c=9547000000 pc=0000000080261fc4]
[c=9548000000 pc=0000000080261df6]
[c=9549000000 pc=0000000080860408]
[c=9550000000 pc=0000000080860156]
[c=9551000000 pc=0000000080261fdc]
[c=9552000000 pc=0000000080261f18]
[c=9553000000 pc=0000000080261df8]
[c=9554000000 pc=0000000080860414]
[c=9555000000 pc=0000000080261eb8]
[c=9556000000 pc=0000000080261fbc]
[c=9557000000 pc=0000000080261e6e]
[c=9558000000 pc=0000000080261dfa]
[c=9559000000 pc=0000000080860416]
[c=9560000000 pc=0000000080261fb2]
[c=9561000000 pc=0000000080261fc0]
[c=9562000000 pc=00000000802aff2c]
[c=9563000000 pc=0000000080261e78]
[c=9564000000 pc=0000000080261ea4]
[c=9565000000 pc=0000000080261fb6]
[c=9566000000 pc=0000000080ae530c]
[c=9567000000 pc=00000000802aff30]
[c=9568000000 pc=0000000080261e78]
[c=9569000000 pc=0000000080261eaa]
[c=9570000000 pc=0000000080261fd2]
[c=9571000000 pc=0000000080ae530e]
[c=9572000000 pc=00000000802aff32]
[c=9573000000 pc=0000000080261e7c]
[c=9574000000 pc=0000000080261eac]
[c=9575000000 pc=00000000802afaca]
[c=9576000000 pc=0000000080ae5314]
[c=9577000000 pc=00000000802aff34]
[c=9578000000 pc=0000000080261e7e]
[c=9579000000 pc=0000000080261eb0]
[c=9580000000 pc=00000000802afacc]
[c=9581000000 pc=0000000080ae5318]
[c=9582000000 pc=00000000802aff38]
[c=9583000000 pc=0000000080261e80]
[c=9584000000 pc=0000000080261eb4]
[c=9585000000 pc=00000000802afad0]
[c=9586000000 pc=0000000080ae531a]
[c=9587000000 pc=00000000802aff3c]
[c=9588000000 pc=0000000080261ddc]
[c=9589000000 pc=0000000080860130]
[c=9590000000 pc=00000000802afad8]
[c=9591000000 pc=0000000080ae5320]
[c=9592000000 pc=00000000802aff3c]
[c=9593000000 pc=0000000080261de0]
[c=9594000000 pc=0000000080860132]
[c=9595000000 pc=00000000802afada]
[c=9596000000 pc=0000000080ae304e]
[c=9597000000 pc=00000000802aff3e]
[c=9598000000 pc=0000000080261de2]
[c=9599000000 pc=0000000080860134]
[c=9600000000 pc=00000000802afade]
[c=9601000000 pc=0000000080ae3050]
[c=9602000000 pc=00000000802aff4c]
[c=9603000000 pc=0000000080261de6]
[c=9604000000 pc=0000000080860136]
[c=9605000000 pc=00000000802afae2]
[c=9606000000 pc=0000000080ae3054]
[c=9607000000 pc=00000000802aff4e]
[c=9608000000 pc=0000000080261dea]
[c=9609000000 pc=0000000080860138]
[c=9610000000 pc=0000000080261fd6]
[c=9611000000 pc=0000000080ae305c]
[c=9612000000 pc=0000000080261e72]
[c=9613000000 pc=0000000080261e88]
[c=9614000000 pc=000000008086013c]
[c=9615000000 pc=00000000802afe60]
[c=9616000000 pc=0000000080ae305e]
[c=9617000000 pc=0000000080261e74]
[c=9618000000 pc=0000000080261e90]
[c=9619000000 pc=000000008086013c]
[c=9620000000 pc=00000000802afe64]
[c=9621000000 pc=0000000080ae3062]
[c=9622000000 pc=0000000080261e74]
[c=9623000000 pc=0000000080261e96]
[c=9624000000 pc=0000000080860142]
[c=9625000000 pc=00000000802afe66]
[c=9626000000 pc=0000000080ae5328]
[c=9627000000 pc=0000000080261dee]
[c=9628000000 pc=0000000080261e9a]
[c=9629000000 pc=000000008086014a]
[c=9630000000 pc=00000000802afe6a]
[c=9631000000 pc=0000000080ae532c]
[c=9632000000 pc=0000000080261df2]
[c=9633000000 pc=0000000080261ea0]
[c=9634000000 pc=000000008086014c]
[c=9635000000 pc=00000000802afe70]
[c=9636000000 pc=0000000080ae5330]
[c=9637000000 pc=0000000080261df2]
[c=9638000000 pc=0000000080860402]
[c=9639000000 pc=0000000080860150]
[c=9640000000 pc=00000000802afe74]
[c=9641000000 pc=0000000080ae5332]
[c=9642000000 pc=0000000080261df4]
[c=9643000000 pc=0000000080860404]
[c=9644000000 pc=0000000080860154]
[c=9645000000 pc=00000000802afe76]
[c=9646000000 pc=0000000080261fc4]
[c=9647000000 pc=0000000080261df6]
[c=9648000000 pc=0000000080860408]
[c=9649000000 pc=0000000080860156]
[c=9650000000 pc=0000000080261fdc]
[c=9651000000 pc=0000000080261f18]
[c=9652000000 pc=0000000080261df8]
[c=9653000000 pc=0000000080860414]
[c=9654000000 pc=0000000080261eb8]
[c=9655000000 pc=0000000080261fbc]
[c=9656000000 pc=0000000080261e6e]
[c=9657000000 pc=0000000080261dfa]
[c=9658000000 pc=0000000080860416]
[c=9659000000 pc=0000000080261fb2]
[c=9660000000 pc=0000000080261fc0]
[c=9661000000 pc=00000000802aff2c]
[c=9662000000 pc=0000000080261e78]
[c=9663000000 pc=0000000080261ea4]
[c=9664000000 pc=0000000080261fb6]
[c=9665000000 pc=0000000080ae530c]
[c=9666000000 pc=00000000802aff30]
[c=9667000000 pc=0000000080261e78]
[c=9668000000 pc=0000000080261eaa]
[c=9669000000 pc=0000000080261fd2]
[c=9670000000 pc=0000000080ae530e]
[c=9671000000 pc=00000000802aff32]
[c=9672000000 pc=0000000080261e7c]
[c=9673000000 pc=0000000080261eac]
[c=9674000000 pc=00000000802afaca]
[c=9675000000 pc=0000000080ae5314]
[c=9676000000 pc=00000000802aff34]
[c=9677000000 pc=0000000080261e7e]
[c=9678000000 pc=0000000080261eb0]
[c=9679000000 pc=00000000802afacc]
[c=9680000000 pc=0000000080ae5318]
[c=9681000000 pc=00000000802aff38]
[c=9682000000 pc=0000000080261e80]
[c=9683000000 pc=0000000080261eb4]
[c=9684000000 pc=00000000802afad0]
[c=9685000000 pc=0000000080ae531a]
[c=9686000000 pc=00000000802aff3c]
[c=9687000000 pc=0000000080261ddc]
[c=9688000000 pc=0000000080860130]
[c=9689000000 pc=00000000802afad8]
[c=9690000000 pc=0000000080ae5320]
[c=9691000000 pc=00000000802aff3c]
[c=9692000000 pc=0000000080261de0]
[c=9693000000 pc=0000000080860132]
[c=9694000000 pc=00000000802afada]
[c=9695000000 pc=0000000080ae304e]
[c=9696000000 pc=00000000802aff3e]
[c=9697000000 pc=0000000080261de2]
[c=9698000000 pc=0000000080860134]
[c=9699000000 pc=00000000802afade]
[c=9700000000 pc=0000000080ae3050]
[c=9701000000 pc=00000000802aff4c]
[c=9702000000 pc=0000000080261de6]
[c=9703000000 pc=0000000080860136]
[c=9704000000 pc=00000000802afae2]
[c=9705000000 pc=0000000080ae3054]
[c=9706000000 pc=00000000802aff4e]
[c=9707000000 pc=0000000080261dea]
[c=9708000000 pc=0000000080860138]
[c=9709000000 pc=0000000080261fd6]
[c=9710000000 pc=0000000080ae305c]
[c=9711000000 pc=0000000080261e72]
[c=9712000000 pc=0000000080261e88]
[c=9713000000 pc=000000008086013c]
[c=9714000000 pc=00000000802afe60]
[c=9715000000 pc=0000000080ae305e]
[c=9716000000 pc=0000000080261e74]
[c=9717000000 pc=0000000080261e90]
[c=9718000000 pc=000000008086013c]
[c=9719000000 pc=00000000802afe64]
[c=9720000000 pc=0000000080ae3062]
[c=9721000000 pc=0000000080261e74]
[c=9722000000 pc=0000000080261e96]
[c=9723000000 pc=0000000080860142]
[c=9724000000 pc=00000000802afe66]
[c=9725000000 pc=0000000080ae5328]
[c=9726000000 pc=0000000080261dee]
[c=9727000000 pc=0000000080261e9a]
[c=9728000000 pc=000000008086014a]
[c=9729000000 pc=00000000802afe6a]
[c=9730000000 pc=0000000080ae532c]
[c=9731000000 pc=0000000080261df2]
[c=9732000000 pc=0000000080261ea0]
[c=9733000000 pc=000000008086014c]
[c=9734000000 pc=00000000802afe70]
[c=9735000000 pc=0000000080ae5330]
[c=9736000000 pc=0000000080261df2]
[c=9737000000 pc=0000000080860402]
[c=9738000000 pc=0000000080860150]
[c=9739000000 pc=00000000802afe74]
[c=9740000000 pc=0000000080ae5332]
[c=9741000000 pc=0000000080261df4]
[c=9742000000 pc=0000000080860404]
[c=9743000000 pc=0000000080860154]
[c=9744000000 pc=00000000802afe76]
[c=9745000000 pc=0000000080261fc4]
[c=9746000000 pc=0000000080261df6]
[c=9747000000 pc=0000000080860408]
[c=9748000000 pc=0000000080860156]
[c=9749000000 pc=0000000080261fdc]
[c=9750000000 pc=0000000080261f18]
[c=9751000000 pc=0000000080261df8]
[c=9752000000 pc=0000000080860414]
[c=9753000000 pc=0000000080261eb8]
[c=9754000000 pc=0000000080261fbc]
[c=9755000000 pc=0000000080261e6e]
[c=9756000000 pc=0000000080261dfa]
[c=9757000000 pc=0000000080860416]
[c=9758000000 pc=0000000080261fb2]
[c=9759000000 pc=0000000080261fc0]
[c=9760000000 pc=00000000802aff2c]
[c=9761000000 pc=0000000080261e78]
[c=9762000000 pc=0000000080261ea4]
[c=9763000000 pc=0000000080261fb6]
[c=9764000000 pc=0000000080ae530c]
[c=9765000000 pc=00000000802aff30]
[c=9766000000 pc=0000000080261e78]
[c=9767000000 pc=0000000080261eaa]
[c=9768000000 pc=0000000080261fd2]
[c=9769000000 pc=0000000080ae530e]
[c=9770000000 pc=00000000802aff32]
[c=9771000000 pc=0000000080261e7c]
[c=9772000000 pc=0000000080261eac]
[c=9773000000 pc=00000000802afaca]
[c=9774000000 pc=0000000080ae5314]
[c=9775000000 pc=00000000802aff34]
[c=9776000000 pc=0000000080261e7e]
[c=9777000000 pc=0000000080261eb0]
[c=9778000000 pc=00000000802afacc]
[c=9779000000 pc=0000000080ae5318]
[c=9780000000 pc=00000000802aff38]
[c=9781000000 pc=0000000080261e80]
[c=9782000000 pc=0000000080261eb4]
[c=9783000000 pc=00000000802afad0]
[c=9784000000 pc=0000000080ae531a]
[c=9785000000 pc=00000000802aff3c]
[c=9786000000 pc=0000000080261ddc]
[c=9787000000 pc=0000000080860130]
[c=9788000000 pc=00000000802afad8]
[c=9789000000 pc=0000000080ae5320]
[c=9790000000 pc=00000000802aff3c]
[c=9791000000 pc=0000000080261de0]
[c=9792000000 pc=0000000080860132]
[c=9793000000 pc=00000000802afada]
[c=9794000000 pc=0000000080ae304e]
[c=9795000000 pc=00000000802aff3e]
[c=9796000000 pc=0000000080261de2]
[c=9797000000 pc=0000000080860134]
[c=9798000000 pc=00000000802afade]
[c=9799000000 pc=0000000080ae3050]
[c=9800000000 pc=00000000802aff4c]
[c=9801000000 pc=0000000080261de6]
[c=9802000000 pc=0000000080860136]
[c=9803000000 pc=00000000802afae2]
[c=9804000000 pc=0000000080ae3054]
[c=9805000000 pc=00000000802aff4e]
[c=9806000000 pc=0000000080261dea]
[c=9807000000 pc=0000000080860138]
[c=9808000000 pc=0000000080261fd6]
[c=9809000000 pc=0000000080ae305c]
[c=9810000000 pc=0000000080261e72]
[c=9811000000 pc=0000000080261e88]
[c=9812000000 pc=000000008086013c]
[c=9813000000 pc=00000000802afe60]
[c=9814000000 pc=0000000080ae305e]
[c=9815000000 pc=0000000080261e74]
[c=9816000000 pc=0000000080261e90]
[c=9817000000 pc=000000008086013c]
[c=9818000000 pc=00000000802afe64]
[c=9819000000 pc=0000000080ae3062]
[c=9820000000 pc=0000000080261e74]
[c=9821000000 pc=0000000080261e96]
[c=9822000000 pc=0000000080860142]
[c=9823000000 pc=00000000802afe66]
[c=9824000000 pc=0000000080ae5328]
[c=9825000000 pc=0000000080261dee]
[c=9826000000 pc=0000000080261e9a]
[c=9827000000 pc=000000008086014a]
[c=9828000000 pc=00000000802afe6a]
[c=9829000000 pc=0000000080ae532c]
[c=9830000000 pc=0000000080261df2]
[c=9831000000 pc=0000000080261ea0]
[c=9832000000 pc=000000008086014c]
[c=9833000000 pc=00000000802afe70]
[c=9834000000 pc=0000000080ae5330]
[c=9835000000 pc=0000000080261df2]
[c=9836000000 pc=0000000080860402]
[c=9837000000 pc=0000000080860150]
[c=9838000000 pc=00000000802afe74]
[c=9839000000 pc=0000000080ae5332]
[c=9840000000 pc=0000000080261df4]
[c=9841000000 pc=0000000080860404]
[c=9842000000 pc=0000000080860154]
[c=9843000000 pc=00000000802afe76]
[c=9844000000 pc=0000000080261fc4]
[c=9845000000 pc=0000000080261df6]
[c=9846000000 pc=0000000080860408]
[c=9847000000 pc=0000000080860156]
[c=9848000000 pc=0000000080261fdc]
[c=9849000000 pc=0000000080261f18]
[c=9850000000 pc=0000000080261df8]
[c=9851000000 pc=0000000080860414]
[c=9852000000 pc=0000000080261eb8]
[c=9853000000 pc=0000000080261fbc]
[c=9854000000 pc=0000000080261e6e]
[c=9855000000 pc=0000000080261dfa]
[c=9856000000 pc=0000000080860416]
[c=9857000000 pc=0000000080261fb2]
[c=9858000000 pc=0000000080261fc0]
[c=9859000000 pc=00000000802aff2c]
[c=9860000000 pc=0000000080261e78]
[c=9861000000 pc=0000000080261ea4]
[c=9862000000 pc=0000000080261fb6]
[c=9863000000 pc=0000000080ae530c]
[c=9864000000 pc=00000000802aff30]
[c=9865000000 pc=0000000080261e78]
[c=9866000000 pc=0000000080261eaa]
[c=9867000000 pc=0000000080261fd2]
[c=9868000000 pc=0000000080ae530e]
[c=9869000000 pc=00000000802aff32]
[c=9870000000 pc=0000000080261e7c]
[c=9871000000 pc=0000000080261eac]
[c=9872000000 pc=00000000802afaca]
[c=9873000000 pc=0000000080ae5314]
[c=9874000000 pc=00000000802aff34]
[c=9875000000 pc=0000000080261e7e]
[c=9876000000 pc=0000000080261eb0]
[c=9877000000 pc=00000000802afacc]
[c=9878000000 pc=0000000080ae5318]
[c=9879000000 pc=00000000802aff38]
[c=9880000000 pc=0000000080261e80]
[c=9881000000 pc=0000000080261eb4]
[c=9882000000 pc=00000000802afad0]
[c=9883000000 pc=0000000080ae531a]
[c=9884000000 pc=00000000802aff3c]
[c=9885000000 pc=0000000080261ddc]
[c=9886000000 pc=0000000080860130]
[c=9887000000 pc=00000000802afad8]
[c=9888000000 pc=0000000080ae5320]
[c=9889000000 pc=00000000802aff3c]
[c=9890000000 pc=0000000080261de0]
[c=9891000000 pc=0000000080860132]
[c=9892000000 pc=00000000802afada]
[c=9893000000 pc=0000000080ae304e]
[c=9894000000 pc=00000000802aff3e]
[c=9895000000 pc=0000000080261de2]
[c=9896000000 pc=0000000080860134]
[c=9897000000 pc=00000000802afade]
[c=9898000000 pc=0000000080ae3050]
[c=9899000000 pc=00000000802aff4c]
[c=9900000000 pc=0000000080261de6]
[c=9901000000 pc=0000000080860136]
[c=9902000000 pc=00000000802afae2]
[c=9903000000 pc=0000000080ae3054]
[c=9904000000 pc=00000000802aff4e]
[c=9905000000 pc=0000000080261dea]
[c=9906000000 pc=0000000080860138]
[c=9907000000 pc=0000000080261fd6]
[c=9908000000 pc=0000000080ae305c]
[c=9909000000 pc=0000000080261e72]
[c=9910000000 pc=0000000080261e88]
[c=9911000000 pc=000000008086013c]
[c=9912000000 pc=00000000802afe60]
[c=9913000000 pc=0000000080ae305e]
[c=9914000000 pc=0000000080261e74]
[c=9915000000 pc=0000000080261e90]
[c=9916000000 pc=000000008086013c]
[c=9917000000 pc=00000000802afe64]
[c=9918000000 pc=0000000080ae3062]
[c=9919000000 pc=0000000080261e74]
[c=9920000000 pc=0000000080261e96]
[c=9921000000 pc=0000000080860142]
[c=9922000000 pc=00000000802afe66]
[c=9923000000 pc=0000000080ae5328]
[c=9924000000 pc=0000000080261dee]
[c=9925000000 pc=0000000080261e9a]
[c=9926000000 pc=000000008086014a]
[c=9927000000 pc=00000000802afe6a]
[c=9928000000 pc=0000000080ae532c]
[c=9929000000 pc=0000000080261df2]
[c=9930000000 pc=0000000080261ea0]
[c=9931000000 pc=000000008086014c]
[c=9932000000 pc=00000000802afe70]
[c=9933000000 pc=0000000080ae5330]
[c=9934000000 pc=0000000080261df2]
[c=9935000000 pc=0000000080860402]
[c=9936000000 pc=0000000080860150]
[c=9937000000 pc=00000000802afe74]
[c=9938000000 pc=0000000080ae5332]
[c=9939000000 pc=0000000080261df4]
[c=9940000000 pc=0000000080860404]
[c=9941000000 pc=0000000080860154]
[c=9942000000 pc=00000000802afe76]
[c=9943000000 pc=0000000080261fc4]
[c=9944000000 pc=0000000080261df6]
[c=9945000000 pc=0000000080860408]
[c=9946000000 pc=0000000080860156]
[c=9947000000 pc=0000000080261fdc]
[c=9948000000 pc=0000000080261f18]
[c=9949000000 pc=0000000080261df8]
[c=9950000000 pc=0000000080860414]
[c=9951000000 pc=0000000080261eb8]
[c=9952000000 pc=0000000080261fbc]
[c=9953000000 pc=0000000080261e6e]
[c=9954000000 pc=0000000080261dfa]
[c=9955000000 pc=0000000080860416]
[c=9956000000 pc=0000000080261fb2]
[c=9957000000 pc=0000000080261fc0]
[c=9958000000 pc=00000000802aff2c]
[c=9959000000 pc=0000000080261e78]
[c=9960000000 pc=0000000080261ea4]
[c=9961000000 pc=0000000080261fb6]
[c=9962000000 pc=0000000080ae530c]
[c=9963000000 pc=00000000802aff30]
[c=9964000000 pc=0000000080261e78]
[c=9965000000 pc=0000000080261eaa]
[c=9966000000 pc=0000000080261fd2]
[c=9967000000 pc=0000000080ae530e]
[c=9968000000 pc=00000000802aff32]
[c=9969000000 pc=0000000080261e7c]
[c=9970000000 pc=0000000080261eac]
[c=9971000000 pc=00000000802afaca]
[c=9972000000 pc=0000000080ae5314]
[c=9973000000 pc=00000000802aff34]
[c=9974000000 pc=0000000080261e7e]
[c=9975000000 pc=0000000080261eb0]
[c=9976000000 pc=00000000802afacc]
[c=9977000000 pc=0000000080ae5318]
[c=9978000000 pc=00000000802aff38]
[c=9979000000 pc=0000000080261e80]
[c=9980000000 pc=0000000080261eb4]
[c=9981000000 pc=00000000802afad0]
[c=9982000000 pc=0000000080ae531a]
[c=9983000000 pc=00000000802aff3c]
[c=9984000000 pc=0000000080261ddc]
[c=9985000000 pc=0000000080860130]
[c=9986000000 pc=00000000802afad8]
[c=9987000000 pc=0000000080ae5320]
[c=9988000000 pc=00000000802aff3c]
[c=9989000000 pc=0000000080261de0]
[c=9990000000 pc=0000000080860132]
[c=9991000000 pc=00000000802afada]
[c=9992000000 pc=0000000080ae304e]
[c=9993000000 pc=00000000802aff3e]
[c=9994000000 pc=0000000080261de2]
[c=9995000000 pc=0000000080860134]
[c=9996000000 pc=00000000802afade]
[c=9997000000 pc=0000000080ae3050]
[c=9998000000 pc=00000000802aff4c]
[c=9999000000 pc=0000000080261de6]
[c=10000000000 pc=0000000080860136]
[c=10001000000 pc=00000000802afae2]
[c=10002000000 pc=0000000080ae3054]
[c=10003000000 pc=00000000802aff4e]
[c=10004000000 pc=0000000080261dea]
[c=10005000000 pc=0000000080860138]
[c=10006000000 pc=0000000080261fd6]
[c=10007000000 pc=0000000080ae305c]
[c=10008000000 pc=0000000080261e72]
[c=10009000000 pc=0000000080261e88]
[c=10010000000 pc=000000008086013c]
[c=10011000000 pc=00000000802afe60]
[c=10012000000 pc=0000000080ae305e]
[c=10013000000 pc=0000000080261e74]
[c=10014000000 pc=0000000080261e90]
[c=10015000000 pc=000000008086013c]
[c=10016000000 pc=00000000802afe64]
[c=10017000000 pc=0000000080ae3062]
[c=10018000000 pc=0000000080261e74]
[c=10019000000 pc=0000000080261e96]
[c=10020000000 pc=0000000080860142]
[c=10021000000 pc=00000000802afe66]
[c=10022000000 pc=0000000080ae5328]
[c=10023000000 pc=0000000080261dee]
[c=10024000000 pc=0000000080261e9a]
[c=10025000000 pc=000000008086014a]
[c=10026000000 pc=00000000802afe6a]
[c=10027000000 pc=0000000080ae532c]
[c=10028000000 pc=0000000080261df2]
[c=10029000000 pc=0000000080261ea0]
[c=10030000000 pc=000000008086014c]
[c=10031000000 pc=00000000802afe70]
[c=10032000000 pc=0000000080ae5330]
[c=10033000000 pc=0000000080261df2]
[c=10034000000 pc=0000000080860402]
[c=10035000000 pc=0000000080860150]
[c=10036000000 pc=00000000802afe74]
[c=10037000000 pc=0000000080ae5332]
[c=10038000000 pc=0000000080261df4]
[c=10039000000 pc=0000000080860404]
[c=10040000000 pc=0000000080860154]
[c=10041000000 pc=00000000802afe76]
[c=10042000000 pc=0000000080261fc4]
[c=10043000000 pc=0000000080261df6]
[c=10044000000 pc=0000000080860408]
[c=10045000000 pc=0000000080860156]
[c=10046000000 pc=0000000080261fdc]
[c=10047000000 pc=0000000080261f18]
[c=10048000000 pc=0000000080261df8]
[c=10049000000 pc=0000000080860414]
[c=10050000000 pc=0000000080261eb8]
[c=10051000000 pc=0000000080261fbc]
[c=10052000000 pc=0000000080261e6e]
[c=10053000000 pc=0000000080261dfa]
[c=10054000000 pc=0000000080860416]
[c=10055000000 pc=0000000080261fb2]
[c=10056000000 pc=0000000080261fc0]
[c=10057000000 pc=00000000802aff2c]
[c=10058000000 pc=0000000080261e78]
[c=10059000000 pc=0000000080261ea4]
[c=10060000000 pc=0000000080261fb6]
[c=10061000000 pc=0000000080ae530c]
[c=10062000000 pc=00000000802aff30]
[c=10063000000 pc=0000000080261e78]
[c=10064000000 pc=0000000080261eaa]
[c=10065000000 pc=0000000080261fd2]
[c=10066000000 pc=0000000080ae530e]
[c=10067000000 pc=00000000802aff32]
[c=10068000000 pc=0000000080261e7c]
[c=10069000000 pc=0000000080261eac]
[c=10070000000 pc=00000000802afaca]
[c=10071000000 pc=0000000080ae5314]
[c=10072000000 pc=00000000802aff34]
[c=10073000000 pc=0000000080261e7e]
[c=10074000000 pc=0000000080261eb0]
[c=10075000000 pc=00000000802afacc]
[c=10076000000 pc=0000000080ae5318]
[c=10077000000 pc=00000000802aff38]
[c=10078000000 pc=0000000080261e80]
[c=10079000000 pc=0000000080261eb4]
[c=10080000000 pc=00000000802afad0]
[c=10081000000 pc=0000000080ae531a]
[c=10082000000 pc=00000000802aff3c]
[c=10083000000 pc=0000000080261ddc]
[c=10084000000 pc=0000000080860130]
[c=10085000000 pc=00000000802afad8]
[c=10086000000 pc=0000000080ae5320]
[c=10087000000 pc=00000000802aff3c]
[c=10088000000 pc=0000000080261de0]
[c=10089000000 pc=0000000080860132]
[c=10090000000 pc=00000000802afada]
[c=10091000000 pc=0000000080ae304e]
[c=10092000000 pc=00000000802aff3e]
[c=10093000000 pc=0000000080261de2]
[c=10094000000 pc=0000000080860134]
[c=10095000000 pc=00000000802afade]
[c=10096000000 pc=0000000080ae3050]
[c=10097000000 pc=00000000802aff4c]
[c=10098000000 pc=0000000080261de6]
[c=10099000000 pc=0000000080860136]
[c=10100000000 pc=00000000802afae2]
[c=10101000000 pc=0000000080ae3054]
[c=10102000000 pc=00000000802aff4e]
[c=10103000000 pc=0000000080261dea]
[c=10104000000 pc=0000000080860138]
[c=10105000000 pc=0000000080261fd6]
[c=10106000000 pc=0000000080ae305c]
[c=10107000000 pc=0000000080261e72]
[c=10108000000 pc=0000000080261e88]
[c=10109000000 pc=000000008086013c]
[c=10110000000 pc=00000000802afe60]
[c=10111000000 pc=0000000080ae305e]
[c=10112000000 pc=0000000080261e74]
[c=10113000000 pc=0000000080261e90]
[c=10114000000 pc=000000008086013c]
[c=10115000000 pc=00000000802afe64]
[c=10116000000 pc=0000000080ae3062]
[c=10117000000 pc=0000000080261e74]
[c=10118000000 pc=0000000080261e96]
[c=10119000000 pc=0000000080860142]
[c=10120000000 pc=00000000802afe66]
[c=10121000000 pc=0000000080ae5328]
[c=10122000000 pc=0000000080261dee]
[c=10123000000 pc=0000000080261e9a]
[c=10124000000 pc=000000008086014a]
[c=10125000000 pc=00000000802afe6a]
[c=10126000000 pc=0000000080ae532c]
[c=10127000000 pc=0000000080261df2]
[c=10128000000 pc=0000000080261ea0]
[c=10129000000 pc=000000008086014c]
[c=10130000000 pc=00000000802afe70]
[c=10131000000 pc=0000000080ae5330]
[c=10132000000 pc=0000000080261df2]
[c=10133000000 pc=0000000080860402]
[c=10134000000 pc=0000000080860150]
[c=10135000000 pc=00000000802afe74]
[c=10136000000 pc=0000000080ae5332]
[c=10137000000 pc=0000000080261df4]
[c=10138000000 pc=0000000080860404]
[c=10139000000 pc=0000000080860154]
[c=10140000000 pc=00000000802afe76]
[c=10141000000 pc=0000000080261fc4]
[c=10142000000 pc=0000000080261df6]
[c=10143000000 pc=0000000080860408]
[c=10144000000 pc=0000000080860156]
[c=10145000000 pc=0000000080261fdc]
[c=10146000000 pc=0000000080261f18]
[c=10147000000 pc=0000000080261df8]
[c=10148000000 pc=0000000080860414]
[c=10149000000 pc=0000000080261eb8]
[c=10150000000 pc=0000000080261fbc]
[c=10151000000 pc=0000000080261e6e]
[c=10152000000 pc=0000000080261dfa]
[c=10153000000 pc=0000000080860416]
[c=10154000000 pc=0000000080261fb2]
[c=10155000000 pc=0000000080261fc0]
[c=10156000000 pc=00000000802aff2c]
[c=10157000000 pc=0000000080261e78]
[c=10158000000 pc=0000000080261ea4]
[c=10159000000 pc=0000000080261fb6]
[c=10160000000 pc=0000000080ae530c]
[c=10161000000 pc=00000000802aff30]
[c=10162000000 pc=0000000080261e78]
[c=10163000000 pc=0000000080261eaa]
[c=10164000000 pc=0000000080261fd2]
[c=10165000000 pc=0000000080ae530e]
[c=10166000000 pc=00000000802aff32]
[c=10167000000 pc=0000000080261e7c]
[c=10168000000 pc=0000000080261eac]
[c=10169000000 pc=00000000802afaca]
[c=10170000000 pc=0000000080ae5314]
[c=10171000000 pc=00000000802aff34]
[c=10172000000 pc=0000000080261e7e]
[c=10173000000 pc=0000000080261eb0]
[c=10174000000 pc=00000000802afacc]
[c=10175000000 pc=0000000080ae5318]
[c=10176000000 pc=00000000802aff38]
[c=10177000000 pc=0000000080261e80]
[c=10178000000 pc=0000000080261eb4]
[c=10179000000 pc=00000000802afad0]
[c=10180000000 pc=0000000080ae531a]
[c=10181000000 pc=00000000802aff3c]
[c=10182000000 pc=0000000080261ddc]
[c=10183000000 pc=0000000080860130]
[c=10184000000 pc=00000000802afad8]
[c=10185000000 pc=0000000080ae5320]
[c=10186000000 pc=00000000802aff3c]
[c=10187000000 pc=0000000080261de0]
[c=10188000000 pc=0000000080860132]
[c=10189000000 pc=00000000802afada]
[c=10190000000 pc=0000000080ae304e]
[c=10191000000 pc=00000000802aff3e]
[c=10192000000 pc=0000000080261de2]
[c=10193000000 pc=0000000080860134]
[c=10194000000 pc=00000000802afade]
[c=10195000000 pc=0000000080ae3050]
[c=10196000000 pc=00000000802aff4c]
[c=10197000000 pc=0000000080261de6]
[c=10198000000 pc=0000000080860136]
[c=10199000000 pc=00000000802afae2]
[c=10200000000 pc=0000000080ae3054]
[c=10201000000 pc=00000000802aff4e]
[c=10202000000 pc=0000000080261dea]
[c=10203000000 pc=0000000080860138]
[c=10204000000 pc=0000000080261fd6]
[c=10205000000 pc=0000000080ae305c]
[c=10206000000 pc=0000000080261e72]
[c=10207000000 pc=0000000080261e88]
[c=10208000000 pc=000000008086013c]
[c=10209000000 pc=00000000802afe60]
[c=10210000000 pc=0000000080ae305e]
[c=10211000000 pc=0000000080261e74]
[c=10212000000 pc=0000000080261e90]
[c=10213000000 pc=000000008086013c]
[c=10214000000 pc=00000000802afe64]
[c=10215000000 pc=0000000080ae3062]
[c=10216000000 pc=0000000080261e74]
[c=10217000000 pc=0000000080261e96]
[c=10218000000 pc=0000000080860142]
[c=10219000000 pc=00000000802afe66]
[c=10220000000 pc=0000000080ae5328]
[c=10221000000 pc=0000000080261dee]
[c=10222000000 pc=0000000080261e9a]
[c=10223000000 pc=000000008086014a]
[c=10224000000 pc=00000000802afe6a]
[c=10225000000 pc=0000000080ae532c]
[c=10226000000 pc=0000000080261df2]
[c=10227000000 pc=0000000080261ea0]
[c=10228000000 pc=000000008086014c]
[c=10229000000 pc=00000000802afe70]
[c=10230000000 pc=0000000080ae5330]
[c=10231000000 pc=0000000080261df2]
[c=10232000000 pc=0000000080860402]
[c=10233000000 pc=0000000080860150]
[c=10234000000 pc=00000000802afe74]
[c=10235000000 pc=0000000080ae5332]
[c=10236000000 pc=0000000080261df4]
[c=10237000000 pc=0000000080860404]
[c=10238000000 pc=0000000080860154]
[c=10239000000 pc=00000000802afe76]
[c=10240000000 pc=0000000080261fc4]
[c=10241000000 pc=0000000080261df6]
[c=10242000000 pc=0000000080860408]
[c=10243000000 pc=0000000080860156]
[c=10244000000 pc=0000000080261fdc]
[c=10245000000 pc=0000000080261f18]
[c=10246000000 pc=0000000080261df8]
[c=10247000000 pc=0000000080860414]
[c=10248000000 pc=0000000080261eb8]
[c=10249000000 pc=0000000080261fbc]
[c=10250000000 pc=0000000080261e6e]
[c=10251000000 pc=0000000080261dfa]
[c=10252000000 pc=0000000080860416]
[c=10253000000 pc=0000000080261fb2]
[c=10254000000 pc=0000000080261fc0]
[c=10255000000 pc=00000000802aff2c]
[c=10256000000 pc=0000000080261e78]
[c=10257000000 pc=0000000080261ea4]
[c=10258000000 pc=0000000080261fb6]
[c=10259000000 pc=0000000080ae530c]
[c=10260000000 pc=00000000802aff30]
[c=10261000000 pc=0000000080261e78]
[c=10262000000 pc=0000000080261eaa]
[c=10263000000 pc=0000000080261fd2]
[c=10264000000 pc=0000000080ae530e]
[c=10265000000 pc=00000000802aff32]
[c=10266000000 pc=0000000080261e7c]
[c=10267000000 pc=0000000080261eac]
[c=10268000000 pc=00000000802afaca]
[c=10269000000 pc=0000000080ae5314]
[c=10270000000 pc=00000000802aff34]
[c=10271000000 pc=0000000080261e7e]
[c=10272000000 pc=0000000080261eb0]
[c=10273000000 pc=00000000802afacc]
[c=10274000000 pc=0000000080ae5318]
[c=10275000000 pc=00000000802aff38]
[c=10276000000 pc=0000000080261e80]
[c=10277000000 pc=0000000080261eb4]
[c=10278000000 pc=00000000802afad0]
[c=10279000000 pc=0000000080ae531a]
[c=10280000000 pc=00000000802aff3c]
[c=10281000000 pc=0000000080261ddc]
[c=10282000000 pc=0000000080860130]
[c=10283000000 pc=00000000802afad8]
[c=10284000000 pc=0000000080ae5320]
[c=10285000000 pc=00000000802aff3c]
[c=10286000000 pc=0000000080261de0]
[c=10287000000 pc=0000000080860132]
[c=10288000000 pc=00000000802afada]
[c=10289000000 pc=0000000080ae304e]
[c=10290000000 pc=00000000802aff3e]
[c=10291000000 pc=0000000080261de2]
[c=10292000000 pc=0000000080860134]
[c=10293000000 pc=00000000802afade]
[c=10294000000 pc=0000000080ae3050]
[c=10295000000 pc=00000000802aff4c]
[c=10296000000 pc=0000000080261de6]
[c=10297000000 pc=0000000080860136]
[c=10298000000 pc=00000000802afae2]
[c=10299000000 pc=0000000080ae3054]
[c=10300000000 pc=00000000802aff4e]
[c=10301000000 pc=0000000080261dea]
[c=10302000000 pc=0000000080860138]
[c=10303000000 pc=0000000080261fd6]
[c=10304000000 pc=0000000080ae305c]
[c=10305000000 pc=0000000080261e72]
[c=10306000000 pc=0000000080261e88]
[c=10307000000 pc=000000008086013c]
[c=10308000000 pc=00000000802afe60]
[c=10309000000 pc=0000000080ae305e]
[c=10310000000 pc=0000000080261e74]
[c=10311000000 pc=0000000080261e90]
[c=10312000000 pc=000000008086013c]
[c=10313000000 pc=00000000802afe64]
[c=10314000000 pc=0000000080ae3062]
[c=10315000000 pc=0000000080261e74]
[c=10316000000 pc=0000000080261e96]
[c=10317000000 pc=0000000080860142]
[c=10318000000 pc=00000000802afe66]
[c=10319000000 pc=0000000080ae5328]
[c=10320000000 pc=0000000080261dee]
[c=10321000000 pc=0000000080261e9a]
[c=10322000000 pc=000000008086014a]
[c=10323000000 pc=00000000802afe6a]
[c=10324000000 pc=0000000080ae532c]
[c=10325000000 pc=0000000080261df2]
[c=10326000000 pc=0000000080261ea0]
[c=10327000000 pc=000000008086014c]
[c=10328000000 pc=00000000802afe70]
[c=10329000000 pc=0000000080ae5330]
[c=10330000000 pc=0000000080261df2]
[c=10331000000 pc=0000000080860402]
[c=10332000000 pc=0000000080860150]
[c=10333000000 pc=00000000802afe74]
[c=10334000000 pc=0000000080ae5332]
[c=10335000000 pc=0000000080261df4]
[c=10336000000 pc=0000000080860404]
[c=10337000000 pc=0000000080860154]
[c=10338000000 pc=00000000802afe76]
[c=10339000000 pc=0000000080261fc4]
[c=10340000000 pc=0000000080261df6]
[c=10341000000 pc=0000000080860408]
[c=10342000000 pc=0000000080860156]
[c=10343000000 pc=0000000080261fdc]
[c=10344000000 pc=0000000080261f18]
[c=10345000000 pc=0000000080261df8]
[c=10346000000 pc=0000000080860414]
[c=10347000000 pc=0000000080261eb8]
[c=10348000000 pc=0000000080261fbc]
[c=10349000000 pc=0000000080261e6e]
[c=10350000000 pc=0000000080261dfa]
[c=10351000000 pc=0000000080860416]
[c=10352000000 pc=0000000080261fb2]
[c=10353000000 pc=0000000080261fc0]
[c=10354000000 pc=00000000802aff2c]
[c=10355000000 pc=0000000080261e78]
[c=10356000000 pc=0000000080261ea4]
[c=10357000000 pc=0000000080261fb6]
[c=10358000000 pc=0000000080ae530c]
[c=10359000000 pc=00000000802aff30]
[c=10360000000 pc=0000000080261e78]
[c=10361000000 pc=0000000080261eaa]
[c=10362000000 pc=0000000080261fd2]
[c=10363000000 pc=0000000080ae530e]
[c=10364000000 pc=00000000802aff32]
[c=10365000000 pc=0000000080261e7c]
[c=10366000000 pc=0000000080261eac]
[c=10367000000 pc=00000000802afaca]
[c=10368000000 pc=0000000080ae5314]
[c=10369000000 pc=00000000802aff34]
[c=10370000000 pc=0000000080261e7e]
[c=10371000000 pc=0000000080261eb0]
[c=10372000000 pc=00000000802afacc]
[c=10373000000 pc=0000000080ae5318]
[c=10374000000 pc=00000000802aff38]
[c=10375000000 pc=0000000080261e80]
[c=10376000000 pc=0000000080261eb4]
[c=10377000000 pc=00000000802afad0]
[c=10378000000 pc=0000000080ae531a]
[c=10379000000 pc=00000000802aff3c]
[c=10380000000 pc=0000000080261ddc]
[c=10381000000 pc=0000000080860130]
[c=10382000000 pc=00000000802afad8]
[c=10383000000 pc=0000000080ae5320]
[c=10384000000 pc=00000000802aff3c]
[c=10385000000 pc=0000000080261de0]
[c=10386000000 pc=0000000080860132]
[c=10387000000 pc=00000000802afada]
[c=10388000000 pc=0000000080ae304e]
[c=10389000000 pc=00000000802aff3e]
[c=10390000000 pc=0000000080261de2]
[c=10391000000 pc=0000000080860134]
[c=10392000000 pc=00000000802afade]
[c=10393000000 pc=0000000080ae3050]
[c=10394000000 pc=00000000802aff4c]
[c=10395000000 pc=0000000080261de6]
[c=10396000000 pc=0000000080860136]
[c=10397000000 pc=00000000802afae2]
[c=10398000000 pc=0000000080ae3054]
[c=10399000000 pc=00000000802aff4e]
[c=10400000000 pc=0000000080261dea]
[c=10401000000 pc=0000000080860138]
[c=10402000000 pc=0000000080261fd6]
[c=10403000000 pc=0000000080ae305c]
[c=10404000000 pc=0000000080261e72]
[c=10405000000 pc=0000000080261e88]
[c=10406000000 pc=000000008086013c]
[c=10407000000 pc=00000000802afe60]
[c=10408000000 pc=0000000080ae305e]
[c=10409000000 pc=0000000080261e74]
[c=10410000000 pc=0000000080261e90]
[c=10411000000 pc=000000008086013c]
[c=10412000000 pc=00000000802afe64]
[c=10413000000 pc=0000000080ae3062]
[c=10414000000 pc=0000000080261e74]
[c=10415000000 pc=0000000080261e96]
[c=10416000000 pc=0000000080860142]
[c=10417000000 pc=00000000802afe66]
[c=10418000000 pc=0000000080ae5328]
[c=10419000000 pc=0000000080261dee]
[c=10420000000 pc=0000000080261e9a]
[c=10421000000 pc=000000008086014a]
[c=10422000000 pc=00000000802afe6a]
[c=10423000000 pc=0000000080ae532c]
[c=10424000000 pc=0000000080261df2]
[c=10425000000 pc=0000000080261ea0]
[c=10426000000 pc=000000008086014c]
[c=10427000000 pc=00000000802afe70]
[c=10428000000 pc=0000000080ae5330]
[c=10429000000 pc=0000000080261df2]
[c=10430000000 pc=0000000080860402]
[c=10431000000 pc=0000000080860150]
[c=10432000000 pc=00000000802afe74]
[c=10433000000 pc=0000000080ae5332]
[c=10434000000 pc=0000000080261df4]
[c=10435000000 pc=0000000080860404]
[c=10436000000 pc=0000000080860154]
[c=10437000000 pc=00000000802afe76]
[c=10438000000 pc=0000000080261fc4]
[c=10439000000 pc=0000000080261df6]
[c=10440000000 pc=0000000080860408]
[c=10441000000 pc=0000000080860156]
[c=10442000000 pc=0000000080261fdc]
[c=10443000000 pc=0000000080261f18]
[c=10444000000 pc=0000000080261df8]
[c=10445000000 pc=0000000080860414]
[c=10446000000 pc=0000000080261eb8]
[c=10447000000 pc=0000000080261fbc]
[c=10448000000 pc=0000000080261e6e]
[c=10449000000 pc=0000000080261dfa]
[c=10450000000 pc=0000000080860416]
[c=10451000000 pc=0000000080261fb2]
[c=10452000000 pc=0000000080261fc0]
[c=10453000000 pc=00000000802aff2c]
[c=10454000000 pc=0000000080261e78]
[c=10455000000 pc=0000000080261ea4]
[c=10456000000 pc=0000000080261fb6]
[c=10457000000 pc=0000000080ae530c]
[c=10458000000 pc=00000000802aff30]
[c=10459000000 pc=0000000080261e78]
[c=10460000000 pc=0000000080261eaa]
[c=10461000000 pc=0000000080261fd2]
[c=10462000000 pc=0000000080ae530e]
[c=10463000000 pc=00000000802aff32]
[c=10464000000 pc=0000000080261e7c]
[c=10465000000 pc=0000000080261eac]
[c=10466000000 pc=00000000802afaca]
[c=10467000000 pc=0000000080ae5314]
[c=10468000000 pc=00000000802aff34]
[c=10469000000 pc=0000000080261e7e]
[c=10470000000 pc=0000000080261eb0]
[c=10471000000 pc=00000000802afacc]
[c=10472000000 pc=0000000080ae5318]
[c=10473000000 pc=00000000802aff38]
[c=10474000000 pc=0000000080261e80]
[c=10475000000 pc=0000000080261eb4]
[c=10476000000 pc=00000000802afad0]
[c=10477000000 pc=0000000080ae531a]
[c=10478000000 pc=00000000802aff3c]
[c=10479000000 pc=0000000080261ddc]
[c=10480000000 pc=0000000080860130]
[c=10481000000 pc=00000000802afad8]
[c=10482000000 pc=0000000080ae5320]
[c=10483000000 pc=00000000802aff3c]
[c=10484000000 pc=0000000080261de0]
[c=10485000000 pc=0000000080860132]
[c=10486000000 pc=00000000802afada]
[c=10487000000 pc=0000000080ae304e]
[c=10488000000 pc=00000000802aff3e]
[c=10489000000 pc=0000000080261de2]
[c=10490000000 pc=0000000080860134]
[c=10491000000 pc=00000000802afade]
[c=10492000000 pc=0000000080ae3050]
[c=10493000000 pc=00000000802aff4c]
[c=10494000000 pc=0000000080261de6]
[c=10495000000 pc=0000000080860136]
[c=10496000000 pc=00000000802afae2]
[c=10497000000 pc=0000000080ae3054]
[c=10498000000 pc=00000000802aff4e]
[c=10499000000 pc=0000000080261dea]
[c=10500000000 pc=0000000080860138]
[c=10501000000 pc=0000000080261fd6]
[c=10502000000 pc=0000000080ae305c]
[c=10503000000 pc=0000000080261e72]
[c=10504000000 pc=0000000080261e88]
[c=10505000000 pc=000000008086013c]
[c=10506000000 pc=00000000802afe60]
[c=10507000000 pc=0000000080ae305e]
[c=10508000000 pc=0000000080261e74]
[c=10509000000 pc=0000000080261e90]
[c=10510000000 pc=000000008086013c]
[c=10511000000 pc=00000000802afe64]
[c=10512000000 pc=0000000080ae3062]
[c=10513000000 pc=0000000080261e74]
[c=10514000000 pc=0000000080261e96]
[c=10515000000 pc=0000000080860142]
[c=10516000000 pc=00000000802afe66]
[c=10517000000 pc=0000000080ae5328]
[c=10518000000 pc=0000000080261dee]
[c=10519000000 pc=0000000080261e9a]
[c=10520000000 pc=000000008086014a]
[c=10521000000 pc=00000000802afe6a]
[c=10522000000 pc=0000000080ae532c]
[c=10523000000 pc=0000000080261df2]
[c=10524000000 pc=0000000080261ea0]
[c=10525000000 pc=000000008086014c]
[c=10526000000 pc=00000000802afe70]
[c=10527000000 pc=0000000080ae5330]
[c=10528000000 pc=0000000080261df2]
[c=10529000000 pc=0000000080860402]
[c=10530000000 pc=0000000080860150]
[c=10531000000 pc=00000000802afe74]
[c=10532000000 pc=0000000080ae5332]
[c=10533000000 pc=0000000080261df4]
[c=10534000000 pc=0000000080860404]
[c=10535000000 pc=0000000080860154]
[c=10536000000 pc=00000000802afe76]
[c=10537000000 pc=0000000080261fc4]
[c=10538000000 pc=0000000080261df6]
[c=10539000000 pc=0000000080860408]
[c=10540000000 pc=0000000080860156]
[c=10541000000 pc=0000000080261fdc]
[c=10542000000 pc=0000000080261f18]
[c=10543000000 pc=0000000080261df8]
[c=10544000000 pc=0000000080860414]
[c=10545000000 pc=0000000080261eb8]
[c=10546000000 pc=0000000080261fbc]
[c=10547000000 pc=0000000080261e6e]
[c=10548000000 pc=0000000080261dfa]
[c=10549000000 pc=0000000080860416]
[c=10550000000 pc=0000000080261fb2]
[c=10551000000 pc=0000000080261fc0]
[c=10552000000 pc=00000000802aff2c]
[c=10553000000 pc=0000000080261e78]
[c=10554000000 pc=0000000080261ea4]
[c=10555000000 pc=0000000080261fb6]
[c=10556000000 pc=0000000080ae530c]
[c=10557000000 pc=00000000802aff30]
[c=10558000000 pc=0000000080261e78]
[c=10559000000 pc=0000000080261eaa]
[c=10560000000 pc=0000000080261fd2]
[c=10561000000 pc=0000000080ae530e]
[c=10562000000 pc=00000000802aff32]
[c=10563000000 pc=0000000080261e7c]
[c=10564000000 pc=0000000080261eac]
[c=10565000000 pc=00000000802afaca]
[c=10566000000 pc=0000000080ae5314]
[c=10567000000 pc=00000000802aff34]
[c=10568000000 pc=0000000080261e7e]
[c=10569000000 pc=0000000080261eb0]
[c=10570000000 pc=00000000802afacc]
[c=10571000000 pc=0000000080ae5318]
[c=10572000000 pc=00000000802aff38]
[c=10573000000 pc=0000000080261e80]
[c=10574000000 pc=0000000080261eb4]
[c=10575000000 pc=00000000802afad0]
[c=10576000000 pc=0000000080ae531a]
[c=10577000000 pc=00000000802aff3c]
[c=10578000000 pc=0000000080261ddc]
[c=10579000000 pc=0000000080860130]
[c=10580000000 pc=00000000802afad8]
[c=10581000000 pc=0000000080ae5320]
[c=10582000000 pc=00000000802aff3c]
[c=10583000000 pc=0000000080261de0]
[c=10584000000 pc=0000000080860132]
[c=10585000000 pc=00000000802afada]
[c=10586000000 pc=0000000080ae304e]
[c=10587000000 pc=00000000802aff3e]
[c=10588000000 pc=0000000080261de2]
[c=10589000000 pc=0000000080860134]
[c=10590000000 pc=00000000802afade]
[c=10591000000 pc=0000000080ae3050]
[c=10592000000 pc=00000000802aff4c]
[c=10593000000 pc=0000000080261de6]
[c=10594000000 pc=0000000080860136]
[c=10595000000 pc=00000000802afae2]
[c=10596000000 pc=0000000080ae3054]
[c=10597000000 pc=00000000802aff4e]
[c=10598000000 pc=0000000080261dea]
[c=10599000000 pc=0000000080860138]
[c=10600000000 pc=0000000080261fd6]
[c=10601000000 pc=0000000080ae305c]
[c=10602000000 pc=0000000080261e72]
[c=10603000000 pc=0000000080261e88]
[c=10604000000 pc=000000008086013c]
[c=10605000000 pc=00000000802afe60]
[c=10606000000 pc=0000000080ae305e]
[c=10607000000 pc=0000000080261e74]
[c=10608000000 pc=0000000080261e90]
[c=10609000000 pc=000000008086013c]
[c=10610000000 pc=00000000802afe64]
[c=10611000000 pc=0000000080ae3062]
[c=10612000000 pc=0000000080261e74]
[c=10613000000 pc=0000000080261e96]
[c=10614000000 pc=0000000080860142]
[c=10615000000 pc=00000000802afe66]
[c=10616000000 pc=0000000080ae5328]
[c=10617000000 pc=0000000080261dee]
[c=10618000000 pc=0000000080261e9a]
[c=10619000000 pc=000000008086014a]
[c=10620000000 pc=00000000802afe6a]
[c=10621000000 pc=0000000080ae532c]
[c=10622000000 pc=0000000080261df2]
[c=10623000000 pc=0000000080261ea0]
[c=10624000000 pc=000000008086014c]
[c=10625000000 pc=00000000802afe70]
[c=10626000000 pc=0000000080ae5330]
[c=10627000000 pc=0000000080261df2]
[c=10628000000 pc=0000000080860402]
[c=10629000000 pc=0000000080860150]
[c=10630000000 pc=00000000802afe74]
[c=10631000000 pc=0000000080ae5332]
[c=10632000000 pc=0000000080261df4]
[c=10633000000 pc=0000000080860404]
[c=10634000000 pc=0000000080860154]
[c=10635000000 pc=00000000802afe76]
[c=10636000000 pc=0000000080261fc4]
[c=10637000000 pc=0000000080261df6]
[c=10638000000 pc=0000000080860408]
[c=10639000000 pc=0000000080860156]
[c=10640000000 pc=0000000080261fdc]
[c=10641000000 pc=0000000080261f18]
[c=10642000000 pc=0000000080261df8]
[c=10643000000 pc=0000000080860414]
[c=10644000000 pc=0000000080261eb8]
[c=10645000000 pc=0000000080261fbc]
[c=10646000000 pc=0000000080261e6e]
[c=10647000000 pc=0000000080261dfa]
[c=10648000000 pc=0000000080860416]
[c=10649000000 pc=0000000080261fb2]
[c=10650000000 pc=0000000080261fc0]
[c=10651000000 pc=00000000802aff2c]
[c=10652000000 pc=0000000080261e78]
[c=10653000000 pc=0000000080261ea4]
[c=10654000000 pc=0000000080261fb6]
[c=10655000000 pc=0000000080ae530c]
[c=10656000000 pc=00000000802aff30]
[c=10657000000 pc=0000000080261e78]
[c=10658000000 pc=0000000080261eaa]
[c=10659000000 pc=0000000080261fd2]
[c=10660000000 pc=0000000080ae530e]
[c=10661000000 pc=00000000802aff32]
[c=10662000000 pc=0000000080261e7c]
[c=10663000000 pc=0000000080261eac]
[c=10664000000 pc=00000000802afaca]
[c=10665000000 pc=0000000080ae5314]
[c=10666000000 pc=00000000802aff34]
[c=10667000000 pc=0000000080261e7e]
[c=10668000000 pc=0000000080261eb0]
[c=10669000000 pc=00000000802afacc]
[c=10670000000 pc=0000000080ae5318]
[c=10671000000 pc=00000000802aff38]
[c=10672000000 pc=0000000080261e80]
[c=10673000000 pc=0000000080261eb4]
[c=10674000000 pc=00000000802afad0]
[c=10675000000 pc=0000000080ae531a]
[c=10676000000 pc=00000000802aff3c]
[c=10677000000 pc=0000000080261ddc]
[c=10678000000 pc=0000000080860130]
[c=10679000000 pc=00000000802afad8]
[c=10680000000 pc=0000000080ae5320]
[c=10681000000 pc=00000000802aff3c]
[c=10682000000 pc=0000000080261de0]
[c=10683000000 pc=0000000080860132]
[c=10684000000 pc=00000000802afada]
[c=10685000000 pc=0000000080ae304e]
[c=10686000000 pc=00000000802aff3e]
[c=10687000000 pc=0000000080261de2]
[c=10688000000 pc=0000000080860134]
[c=10689000000 pc=00000000802afade]
[c=10690000000 pc=0000000080ae3050]
[c=10691000000 pc=00000000802aff4c]
[c=10692000000 pc=0000000080261de6]
[c=10693000000 pc=0000000080860136]
[c=10694000000 pc=00000000802afae2]
[c=10695000000 pc=0000000080ae3054]
[c=10696000000 pc=00000000802aff4e]
[c=10697000000 pc=0000000080261dea]
[c=10698000000 pc=0000000080860138]
[c=10699000000 pc=0000000080261fd6]
[c=10700000000 pc=0000000080ae305c]
[c=10701000000 pc=0000000080261e72]
[c=10702000000 pc=0000000080261e88]
[c=10703000000 pc=000000008086013c]
[c=10704000000 pc=00000000802afe60]
[c=10705000000 pc=0000000080ae305e]
[c=10706000000 pc=0000000080261e74]
[c=10707000000 pc=0000000080261e90]
[c=10708000000 pc=000000008086013c]
[c=10709000000 pc=00000000802afe64]
[c=10710000000 pc=0000000080ae3062]
[c=10711000000 pc=0000000080261e74]
[c=10712000000 pc=0000000080261e96]
[c=10713000000 pc=0000000080860142]
[c=10714000000 pc=00000000802afe66]
[c=10715000000 pc=0000000080ae5328]
[c=10716000000 pc=0000000080261dee]
[c=10717000000 pc=0000000080261e9a]
[c=10718000000 pc=000000008086014a]
[c=10719000000 pc=00000000802afe6a]
[c=10720000000 pc=0000000080ae532c]
[c=10721000000 pc=0000000080261df2]
[c=10722000000 pc=0000000080261ea0]
[c=10723000000 pc=000000008086014c]
[c=10724000000 pc=00000000802afe70]
[c=10725000000 pc=0000000080ae5330]
[c=10726000000 pc=0000000080261df2]
[c=10727000000 pc=0000000080860402]
[c=10728000000 pc=0000000080860150]
[c=10729000000 pc=00000000802afe74]
[c=10730000000 pc=0000000080ae5332]
[c=10731000000 pc=0000000080261df4]
[c=10732000000 pc=0000000080860404]
[c=10733000000 pc=0000000080860154]
[c=10734000000 pc=00000000802afe76]
[c=10735000000 pc=0000000080261fc4]
[c=10736000000 pc=0000000080261df6]
[c=10737000000 pc=0000000080860408]
[c=10738000000 pc=0000000080860156]
[c=10739000000 pc=0000000080261fdc]
[c=10740000000 pc=0000000080261f18]
[c=10741000000 pc=0000000080261df8]
[c=10742000000 pc=0000000080860414]
[c=10743000000 pc=0000000080261eb8]
[c=10744000000 pc=0000000080261fbc]
[c=10745000000 pc=0000000080261e6e]
[c=10746000000 pc=0000000080261dfa]
[c=10747000000 pc=0000000080860416]
[c=10748000000 pc=0000000080261fb2]
[c=10749000000 pc=0000000080261fc0]
[c=10750000000 pc=00000000802aff2c]
[c=10751000000 pc=0000000080261e78]
[c=10752000000 pc=0000000080261ea4]
[c=10753000000 pc=0000000080261fb6]
[c=10754000000 pc=0000000080ae530c]
[c=10755000000 pc=00000000802aff30]
[c=10756000000 pc=0000000080261e78]
[c=10757000000 pc=0000000080261eaa]
[c=10758000000 pc=0000000080261fd2]
[c=10759000000 pc=0000000080ae530e]
[c=10760000000 pc=00000000802aff32]
[c=10761000000 pc=0000000080261e7c]
[c=10762000000 pc=0000000080261eac]
[c=10763000000 pc=00000000802afaca]
[c=10764000000 pc=0000000080ae5314]
[c=10765000000 pc=00000000802aff34]
[c=10766000000 pc=0000000080261e7e]
[c=10767000000 pc=0000000080261eb0]
[c=10768000000 pc=00000000802afacc]
[c=10769000000 pc=0000000080ae5318]
[c=10770000000 pc=00000000802aff38]
[c=10771000000 pc=0000000080261e80]
[c=10772000000 pc=0000000080261eb4]
[c=10773000000 pc=00000000802afad0]
[c=10774000000 pc=0000000080ae531a]
[c=10775000000 pc=00000000802aff3c]
[c=10776000000 pc=0000000080261ddc]
[c=10777000000 pc=0000000080860130]
[c=10778000000 pc=00000000802afad8]
[c=10779000000 pc=0000000080ae5320]
[c=10780000000 pc=00000000802aff3c]
[c=10781000000 pc=0000000080261de0]
[c=10782000000 pc=0000000080860132]
[c=10783000000 pc=00000000802afada]
[c=10784000000 pc=0000000080ae304e]
[c=10785000000 pc=00000000802aff3e]
[c=10786000000 pc=0000000080261de2]
[c=10787000000 pc=0000000080860134]
[c=10788000000 pc=00000000802afade]
[c=10789000000 pc=0000000080ae3050]
[c=10790000000 pc=00000000802aff4c]
[c=10791000000 pc=0000000080261de6]
[c=10792000000 pc=0000000080860136]
[c=10793000000 pc=00000000802afae2]
[c=10794000000 pc=0000000080ae3054]
[c=10795000000 pc=00000000802aff4e]
[c=10796000000 pc=0000000080261dea]
[c=10797000000 pc=0000000080860138]
[c=10798000000 pc=0000000080261fd6]
[c=10799000000 pc=0000000080ae305c]
[c=10800000000 pc=0000000080261e72]
[c=10801000000 pc=0000000080261e88]
[c=10802000000 pc=000000008086013c]
[c=10803000000 pc=00000000802afe60]
[c=10804000000 pc=0000000080ae305e]
[c=10805000000 pc=0000000080261e74]
[c=10806000000 pc=0000000080261e90]
[c=10807000000 pc=000000008086013c]
[c=10808000000 pc=00000000802afe64]
[c=10809000000 pc=0000000080ae3062]
[c=10810000000 pc=0000000080261e74]
[c=10811000000 pc=0000000080261e96]
[c=10812000000 pc=0000000080860142]
[c=10813000000 pc=00000000802afe66]
[c=10814000000 pc=0000000080ae5328]
[c=10815000000 pc=0000000080261dee]
[c=10816000000 pc=0000000080261e9a]
[c=10817000000 pc=000000008086014a]
[c=10818000000 pc=00000000802afe6a]
[c=10819000000 pc=0000000080ae532c]
[c=10820000000 pc=0000000080261df2]
[c=10821000000 pc=0000000080261ea0]
[c=10822000000 pc=000000008086014c]
[c=10823000000 pc=00000000802afe70]
[c=10824000000 pc=0000000080ae5330]
[c=10825000000 pc=0000000080261df2]
[c=10826000000 pc=0000000080860402]
[c=10827000000 pc=0000000080860150]
[c=10828000000 pc=00000000802afe74]
[c=10829000000 pc=0000000080ae5332]
[c=10830000000 pc=0000000080261df4]
[c=10831000000 pc=0000000080860404]
[c=10832000000 pc=0000000080860154]
[c=10833000000 pc=00000000802afe76]
[c=10834000000 pc=0000000080261fc4]
[c=10835000000 pc=0000000080261df6]
[c=10836000000 pc=0000000080860408]
[c=10837000000 pc=0000000080860156]
[c=10838000000 pc=0000000080261fdc]
[c=10839000000 pc=0000000080261f18]
[c=10840000000 pc=0000000080261df8]
[c=10841000000 pc=0000000080860414]
[c=10842000000 pc=0000000080261eb8]
[c=10843000000 pc=0000000080261fbc]
[c=10844000000 pc=0000000080261e6e]
[c=10845000000 pc=0000000080261dfa]
[c=10846000000 pc=0000000080860416]
[c=10847000000 pc=0000000080261fb2]
[c=10848000000 pc=0000000080261fc0]
[c=10849000000 pc=00000000802aff2c]
[c=10850000000 pc=0000000080261e78]
[c=10851000000 pc=0000000080261ea4]
[c=10852000000 pc=0000000080261fb6]
[c=10853000000 pc=0000000080ae530c]
[c=10854000000 pc=00000000802aff30]
[c=10855000000 pc=0000000080261e78]
[c=10856000000 pc=0000000080261eaa]
[c=10857000000 pc=0000000080261fd2]
[c=10858000000 pc=0000000080ae530e]
[c=10859000000 pc=00000000802aff32]
[c=10860000000 pc=0000000080261e7c]
[c=10861000000 pc=0000000080261eac]
[c=10862000000 pc=00000000802afaca]
[c=10863000000 pc=0000000080ae5314]
[c=10864000000 pc=00000000802aff34]
[c=10865000000 pc=0000000080261e7e]
[c=10866000000 pc=0000000080261eb0]
[c=10867000000 pc=00000000802afacc]
[c=10868000000 pc=0000000080ae5318]
[c=10869000000 pc=00000000802aff38]
[c=10870000000 pc=0000000080261e80]
[c=10871000000 pc=0000000080261eb4]
[c=10872000000 pc=00000000802afad0]
[c=10873000000 pc=0000000080ae531a]
[c=10874000000 pc=00000000802aff3c]
[c=10875000000 pc=0000000080261ddc]
[c=10876000000 pc=0000000080860130]
[c=10877000000 pc=00000000802afad8]
[c=10878000000 pc=0000000080ae5320]
[c=10879000000 pc=00000000802aff3c]
[c=10880000000 pc=0000000080261de0]
[c=10881000000 pc=0000000080860132]
[c=10882000000 pc=00000000802afada]
[c=10883000000 pc=0000000080ae304e]
[c=10884000000 pc=00000000802aff3e]
[c=10885000000 pc=0000000080261de2]
[c=10886000000 pc=0000000080860134]
[c=10887000000 pc=00000000802afade]
[c=10888000000 pc=0000000080ae3050]
[c=10889000000 pc=00000000802aff4c]
[c=10890000000 pc=0000000080261de6]
[c=10891000000 pc=0000000080860136]
[c=10892000000 pc=00000000802afae2]
[c=10893000000 pc=0000000080ae3054]
[c=10894000000 pc=00000000802aff4e]
[c=10895000000 pc=0000000080261dea]
[c=10896000000 pc=0000000080860138]
[c=10897000000 pc=0000000080261fd6]
[c=10898000000 pc=0000000080ae305c]
[c=10899000000 pc=0000000080261e72]
[c=10900000000 pc=0000000080261e88]
[c=10901000000 pc=000000008086013c]
[c=10902000000 pc=00000000802afe60]
[c=10903000000 pc=0000000080ae305e]
[c=10904000000 pc=0000000080261e74]
[c=10905000000 pc=0000000080261e90]
[c=10906000000 pc=000000008086013c]
[c=10907000000 pc=00000000802afe64]
[c=10908000000 pc=0000000080ae3062]
[c=10909000000 pc=0000000080261e74]
[c=10910000000 pc=0000000080261e96]
[c=10911000000 pc=0000000080860142]
[c=10912000000 pc=00000000802afe66]
[c=10913000000 pc=0000000080ae5328]
[c=10914000000 pc=0000000080261dee]
[c=10915000000 pc=0000000080261e9a]
[c=10916000000 pc=000000008086014a]
[c=10917000000 pc=00000000802afe6a]
[c=10918000000 pc=0000000080ae532c]
[c=10919000000 pc=0000000080261df2]
[c=10920000000 pc=0000000080261ea0]
[c=10921000000 pc=000000008086014c]
[c=10922000000 pc=00000000802afe70]
[c=10923000000 pc=0000000080ae5330]
[c=10924000000 pc=0000000080261df2]
[c=10925000000 pc=0000000080860402]
[c=10926000000 pc=0000000080860150]
[c=10927000000 pc=00000000802afe74]
[c=10928000000 pc=0000000080ae5332]
[c=10929000000 pc=0000000080261df4]
[c=10930000000 pc=0000000080860404]
[c=10931000000 pc=0000000080860154]
[c=10932000000 pc=00000000802afe76]
[c=10933000000 pc=0000000080261fc4]
[c=10934000000 pc=0000000080261df6]
[c=10935000000 pc=0000000080860408]
[c=10936000000 pc=0000000080860156]
[c=10937000000 pc=0000000080261fdc]
[c=10938000000 pc=0000000080261f18]
[c=10939000000 pc=0000000080261df8]
[c=10940000000 pc=0000000080860414]
[c=10941000000 pc=0000000080261eb8]
[c=10942000000 pc=0000000080261fbc]
[c=10943000000 pc=0000000080261e6e]
[c=10944000000 pc=0000000080261dfa]
[c=10945000000 pc=0000000080860416]
[c=10946000000 pc=0000000080261fb2]
[c=10947000000 pc=0000000080261fc0]
[c=10948000000 pc=00000000802aff2c]
[c=10949000000 pc=0000000080261e78]
[c=10950000000 pc=0000000080261ea4]
[c=10951000000 pc=0000000080261fb6]
[c=10952000000 pc=0000000080ae530c]
[c=10953000000 pc=00000000802aff30]
[c=10954000000 pc=0000000080261e78]
[c=10955000000 pc=0000000080261eaa]
[c=10956000000 pc=0000000080261fd2]
[c=10957000000 pc=0000000080ae530e]
[c=10958000000 pc=00000000802aff32]
[c=10959000000 pc=0000000080261e7c]
[c=10960000000 pc=0000000080261eac]
[c=10961000000 pc=00000000802afaca]
[c=10962000000 pc=0000000080ae5314]
[c=10963000000 pc=00000000802aff34]
[c=10964000000 pc=0000000080261e7e]
[c=10965000000 pc=0000000080261eb0]
[c=10966000000 pc=00000000802afacc]
[c=10967000000 pc=0000000080ae5318]
[c=10968000000 pc=00000000802aff38]
[c=10969000000 pc=0000000080261e80]
[c=10970000000 pc=0000000080261eb4]
[c=10971000000 pc=00000000802afad0]
[c=10972000000 pc=0000000080ae531a]
[c=10973000000 pc=00000000802aff3c]
[c=10974000000 pc=0000000080261ddc]
[c=10975000000 pc=0000000080860130]
[c=10976000000 pc=00000000802afad8]
[c=10977000000 pc=0000000080ae5320]
[c=10978000000 pc=00000000802aff3c]
[c=10979000000 pc=0000000080261de0]
[c=10980000000 pc=0000000080860132]
[c=10981000000 pc=00000000802afada]
[c=10982000000 pc=0000000080ae304e]
[c=10983000000 pc=00000000802aff3e]
[c=10984000000 pc=0000000080261de2]
[c=10985000000 pc=0000000080860134]
[c=10986000000 pc=00000000802afade]
[c=10987000000 pc=0000000080ae3050]
[c=10988000000 pc=00000000802aff4c]
[c=10989000000 pc=0000000080261de6]
[c=10990000000 pc=0000000080860136]
[c=10991000000 pc=00000000802afae2]
[c=10992000000 pc=0000000080ae3054]
[c=10993000000 pc=00000000802aff4e]
[c=10994000000 pc=0000000080261dea]
[c=10995000000 pc=0000000080860138]
[c=10996000000 pc=0000000080261fd6]
[c=10997000000 pc=0000000080ae305c]
[c=10998000000 pc=0000000080261e72]
[c=10999000000 pc=0000000080261e88]
[c=11000000000 pc=000000008086013c]
[c=11001000000 pc=00000000802afe60]
[c=11002000000 pc=0000000080ae305e]
[c=11003000000 pc=0000000080261e74]
[c=11004000000 pc=0000000080261e90]
[c=11005000000 pc=000000008086013c]
[c=11006000000 pc=00000000802afe64]
[c=11007000000 pc=0000000080ae3062]
[c=11008000000 pc=0000000080261e74]
[c=11009000000 pc=0000000080261e96]
[c=11010000000 pc=0000000080860142]
[c=11011000000 pc=00000000802afe66]
[c=11012000000 pc=0000000080ae5328]
[c=11013000000 pc=0000000080261dee]
[c=11014000000 pc=0000000080261e9a]
[c=11015000000 pc=000000008086014a]
[c=11016000000 pc=00000000802afe6a]
[c=11017000000 pc=0000000080ae532c]
[c=11018000000 pc=0000000080261df2]
[c=11019000000 pc=0000000080261ea0]
[c=11020000000 pc=000000008086014c]
[c=11021000000 pc=00000000802afe70]
[c=11022000000 pc=0000000080ae5330]
[c=11023000000 pc=0000000080261df2]
[c=11024000000 pc=0000000080860402]
[c=11025000000 pc=0000000080860150]
[c=11026000000 pc=00000000802afe74]
[c=11027000000 pc=0000000080ae5332]
[c=11028000000 pc=0000000080261df4]
[c=11029000000 pc=0000000080860404]
[c=11030000000 pc=0000000080860154]
[c=11031000000 pc=00000000802afe76]
[c=11032000000 pc=0000000080261fc4]
[c=11033000000 pc=0000000080261df6]
[c=11034000000 pc=0000000080860408]
[c=11035000000 pc=0000000080860156]
[c=11036000000 pc=0000000080261fdc]
[c=11037000000 pc=0000000080261f18]
[c=11038000000 pc=0000000080261df8]
[c=11039000000 pc=0000000080860414]
[c=11040000000 pc=0000000080261eb8]
[c=11041000000 pc=0000000080261fbc]
[c=11042000000 pc=0000000080261e6e]
[c=11043000000 pc=0000000080261dfa]
[c=11044000000 pc=0000000080860416]
[c=11045000000 pc=0000000080261fb2]
[c=11046000000 pc=0000000080261fc0]
[c=11047000000 pc=00000000802aff2c]
[c=11048000000 pc=0000000080261e78]
[c=11049000000 pc=0000000080261ea4]
[c=11050000000 pc=0000000080261fb6]
[c=11051000000 pc=0000000080ae530c]
[c=11052000000 pc=00000000802aff30]
[c=11053000000 pc=0000000080261e78]
[c=11054000000 pc=0000000080261eaa]
[c=11055000000 pc=0000000080261fd2]
[c=11056000000 pc=0000000080ae530e]
[c=11057000000 pc=00000000802aff32]
[c=11058000000 pc=0000000080261e7c]
[c=11059000000 pc=0000000080261eac]
[c=11060000000 pc=00000000802afaca]
[c=11061000000 pc=0000000080ae5314]
[c=11062000000 pc=00000000802aff34]
[c=11063000000 pc=0000000080261e7e]
[c=11064000000 pc=0000000080261eb0]
[c=11065000000 pc=00000000802afacc]
[c=11066000000 pc=0000000080ae5318]
[c=11067000000 pc=00000000802aff38]
[c=11068000000 pc=0000000080261e80]
[c=11069000000 pc=0000000080261eb4]
[c=11070000000 pc=00000000802afad0]
[c=11071000000 pc=0000000080ae531a]
[c=11072000000 pc=00000000802aff3c]
[c=11073000000 pc=0000000080261ddc]
[c=11074000000 pc=0000000080860130]
[c=11075000000 pc=00000000802afad8]
[c=11076000000 pc=0000000080ae5320]
[c=11077000000 pc=00000000802aff3c]
[c=11078000000 pc=0000000080261de0]
[c=11079000000 pc=0000000080860132]
[c=11080000000 pc=00000000802afada]
[c=11081000000 pc=0000000080ae304e]
[c=11082000000 pc=00000000802aff3e]
[c=11083000000 pc=0000000080261de2]
[c=11084000000 pc=0000000080860134]
[c=11085000000 pc=00000000802afade]
[c=11086000000 pc=0000000080ae3050]
[c=11087000000 pc=00000000802aff4c]
[c=11088000000 pc=0000000080261de6]
[c=11089000000 pc=0000000080860136]
[c=11090000000 pc=00000000802afae2]
[c=11091000000 pc=0000000080ae3054]
[c=11092000000 pc=00000000802aff4e]
[c=11093000000 pc=0000000080261dea]
[c=11094000000 pc=0000000080860138]
[c=11095000000 pc=0000000080261fd6]
[c=11096000000 pc=0000000080ae305c]
[c=11097000000 pc=0000000080261e72]
[c=11098000000 pc=0000000080261e88]
[c=11099000000 pc=000000008086013c]
[c=11100000000 pc=00000000802afe60]
[c=11101000000 pc=0000000080ae305e]
[c=11102000000 pc=0000000080261e74]
[c=11103000000 pc=0000000080261e90]
[c=11104000000 pc=000000008086013c]
[c=11105000000 pc=00000000802afe64]
[c=11106000000 pc=0000000080ae3062]
[c=11107000000 pc=0000000080261e74]
[c=11108000000 pc=0000000080261e96]
[c=11109000000 pc=0000000080860142]
[c=11110000000 pc=00000000802afe66]
[c=11111000000 pc=0000000080ae5328]
[c=11112000000 pc=0000000080261dee]
[c=11113000000 pc=0000000080261e9a]
[c=11114000000 pc=000000008086014a]
[c=11115000000 pc=00000000802afe6a]
[c=11116000000 pc=0000000080ae532c]
[c=11117000000 pc=0000000080261df2]
[c=11118000000 pc=0000000080261ea0]
[c=11119000000 pc=000000008086014c]
[c=11120000000 pc=00000000802afe70]
[c=11121000000 pc=0000000080ae5330]
[c=11122000000 pc=0000000080261df2]
[c=11123000000 pc=0000000080860402]
[c=11124000000 pc=0000000080860150]
[c=11125000000 pc=00000000802afe74]
[c=11126000000 pc=0000000080ae5332]
[c=11127000000 pc=0000000080261df4]
[c=11128000000 pc=0000000080860404]
[c=11129000000 pc=0000000080860154]
[c=11130000000 pc=00000000802afe76]
[c=11131000000 pc=0000000080261fc4]
[c=11132000000 pc=0000000080261df6]
[c=11133000000 pc=0000000080860408]
[c=11134000000 pc=0000000080860156]
[c=11135000000 pc=0000000080261fdc]
[c=11136000000 pc=0000000080261f18]
[c=11137000000 pc=0000000080261df8]
[c=11138000000 pc=0000000080860414]
[c=11139000000 pc=0000000080261eb8]
[c=11140000000 pc=0000000080261fbc]
[c=11141000000 pc=0000000080261e6e]
[c=11142000000 pc=0000000080261dfa]
[c=11143000000 pc=0000000080860416]
[c=11144000000 pc=0000000080261fb2]
[c=11145000000 pc=0000000080261fc0]
[c=11146000000 pc=00000000802aff2c]
[c=11147000000 pc=0000000080261e78]
[c=11148000000 pc=0000000080261ea4]
[c=11149000000 pc=0000000080261fb6]
[c=11150000000 pc=0000000080ae530c]
[c=11151000000 pc=00000000802aff30]
[c=11152000000 pc=0000000080261e78]
[c=11153000000 pc=0000000080261eaa]
[c=11154000000 pc=0000000080261fd2]
[c=11155000000 pc=0000000080ae530e]
[c=11156000000 pc=00000000802aff32]
[c=11157000000 pc=0000000080261e7c]
[c=11158000000 pc=0000000080261eac]
[c=11159000000 pc=00000000802afaca]
[c=11160000000 pc=0000000080ae5314]
[c=11161000000 pc=00000000802aff34]
[c=11162000000 pc=0000000080261e7e]
[c=11163000000 pc=0000000080261eb0]
[c=11164000000 pc=00000000802afacc]
[c=11165000000 pc=0000000080ae5318]
[c=11166000000 pc=00000000802aff38]
[c=11167000000 pc=0000000080261e80]
[c=11168000000 pc=0000000080261eb4]
[c=11169000000 pc=00000000802afad0]
[c=11170000000 pc=0000000080ae531a]
[c=11171000000 pc=00000000802aff3c]
[c=11172000000 pc=0000000080261ddc]
[c=11173000000 pc=0000000080860130]
[c=11174000000 pc=00000000802afad8]
[c=11175000000 pc=0000000080ae5320]
[c=11176000000 pc=00000000802aff3c]
[c=11177000000 pc=0000000080261de0]
[c=11178000000 pc=0000000080860132]
[c=11179000000 pc=00000000802afada]
[c=11180000000 pc=0000000080ae304e]
[c=11181000000 pc=00000000802aff3e]
[c=11182000000 pc=0000000080261de2]
[c=11183000000 pc=0000000080860134]
[c=11184000000 pc=00000000802afade]
[c=11185000000 pc=0000000080ae3050]
[c=11186000000 pc=00000000802aff4c]
[c=11187000000 pc=0000000080261de6]
[c=11188000000 pc=0000000080860136]
[c=11189000000 pc=00000000802afae2]
[c=11190000000 pc=0000000080ae3054]
[c=11191000000 pc=00000000802aff4e]
[c=11192000000 pc=0000000080261dea]
[c=11193000000 pc=0000000080860138]
[c=11194000000 pc=0000000080261fd6]
[c=11195000000 pc=0000000080ae305c]
[c=11196000000 pc=0000000080261e72]
[c=11197000000 pc=0000000080261e88]
[c=11198000000 pc=000000008086013c]
[c=11199000000 pc=00000000802afe60]
[c=11200000000 pc=0000000080ae305e]
[c=11201000000 pc=0000000080261e74]
[c=11202000000 pc=0000000080261e90]
[c=11203000000 pc=000000008086013c]
[c=11204000000 pc=00000000802afe64]
[c=11205000000 pc=0000000080ae3062]
[c=11206000000 pc=0000000080261e74]
[c=11207000000 pc=0000000080261e96]
[c=11208000000 pc=0000000080860142]
[c=11209000000 pc=00000000802afe66]
[c=11210000000 pc=0000000080ae5328]
[c=11211000000 pc=0000000080261dee]
[c=11212000000 pc=0000000080261e9a]
[c=11213000000 pc=000000008086014a]
[c=11214000000 pc=00000000802afe6a]
[c=11215000000 pc=0000000080ae532c]
[c=11216000000 pc=0000000080261df2]
[c=11217000000 pc=0000000080261ea0]
[c=11218000000 pc=000000008086014c]
[c=11219000000 pc=00000000802afe70]
[c=11220000000 pc=0000000080ae5330]
[c=11221000000 pc=0000000080261df2]
[c=11222000000 pc=0000000080860402]
[c=11223000000 pc=0000000080860150]
[c=11224000000 pc=00000000802afe74]
[c=11225000000 pc=0000000080ae5332]
[c=11226000000 pc=0000000080261df4]
[c=11227000000 pc=0000000080860404]
[c=11228000000 pc=0000000080860154]
[c=11229000000 pc=00000000802afe76]
[c=11230000000 pc=0000000080261fc4]
[c=11231000000 pc=0000000080261df6]
[c=11232000000 pc=0000000080860408]
[c=11233000000 pc=0000000080860156]
[c=11234000000 pc=0000000080261fdc]
[c=11235000000 pc=0000000080261f18]
[c=11236000000 pc=0000000080261df8]
[c=11237000000 pc=0000000080860414]
[c=11238000000 pc=0000000080261eb8]
[c=11239000000 pc=0000000080261fbc]
[c=11240000000 pc=0000000080261e6e]
[c=11241000000 pc=0000000080261dfa]
[c=11242000000 pc=0000000080860416]
[c=11243000000 pc=0000000080261fb2]
[c=11244000000 pc=0000000080261fc0]
[c=11245000000 pc=00000000802aff2c]
[c=11246000000 pc=0000000080261e78]
[c=11247000000 pc=0000000080261ea4]
[c=11248000000 pc=0000000080261fb6]
[c=11249000000 pc=0000000080ae530c]
[c=11250000000 pc=00000000802aff30]
[c=11251000000 pc=0000000080261e78]
[c=11252000000 pc=0000000080261eaa]
[c=11253000000 pc=0000000080261fd2]
[c=11254000000 pc=0000000080ae530e]
[c=11255000000 pc=00000000802aff32]
[c=11256000000 pc=0000000080261e7c]
[c=11257000000 pc=0000000080261eac]
[c=11258000000 pc=00000000802afaca]
[c=11259000000 pc=0000000080ae5314]
[c=11260000000 pc=00000000802aff34]
[c=11261000000 pc=0000000080261e7e]
[c=11262000000 pc=0000000080261eb0]
[c=11263000000 pc=00000000802afacc]
[c=11264000000 pc=0000000080ae5318]
[c=11265000000 pc=00000000802aff38]
[c=11266000000 pc=0000000080261e80]
[c=11267000000 pc=0000000080261eb4]
[c=11268000000 pc=00000000802afad0]
[c=11269000000 pc=0000000080ae531a]
[c=11270000000 pc=00000000802aff3c]
[c=11271000000 pc=0000000080261ddc]
[c=11272000000 pc=0000000080860130]
[c=11273000000 pc=00000000802afad8]
[c=11274000000 pc=0000000080ae5320]
[c=11275000000 pc=00000000802aff3c]
[c=11276000000 pc=0000000080261de0]
[c=11277000000 pc=0000000080860132]
[c=11278000000 pc=00000000802afada]
[c=11279000000 pc=0000000080ae304e]
[c=11280000000 pc=00000000802aff3e]
[c=11281000000 pc=0000000080261de2]
[c=11282000000 pc=0000000080860134]
[c=11283000000 pc=00000000802afade]
[c=11284000000 pc=0000000080ae3050]
[c=11285000000 pc=00000000802aff4c]
[c=11286000000 pc=0000000080261de6]
[c=11287000000 pc=0000000080860136]
[c=11288000000 pc=00000000802afae2]
[c=11289000000 pc=0000000080ae3054]
[c=11290000000 pc=00000000802aff4e]
[c=11291000000 pc=0000000080261dea]
[c=11292000000 pc=0000000080860138]
[c=11293000000 pc=0000000080261fd6]
[c=11294000000 pc=0000000080ae305c]
[c=11295000000 pc=0000000080261e72]
[c=11296000000 pc=0000000080261e88]
[c=11297000000 pc=000000008086013c]
[c=11298000000 pc=00000000802afe60]
[c=11299000000 pc=0000000080ae305e]
[c=11300000000 pc=0000000080261e74]
[c=11301000000 pc=0000000080261e90]
[c=11302000000 pc=000000008086013c]
[c=11303000000 pc=00000000802afe64]
[c=11304000000 pc=0000000080ae3062]
[c=11305000000 pc=0000000080261e74]
[c=11306000000 pc=0000000080261e96]
[c=11307000000 pc=0000000080860142]
[c=11308000000 pc=00000000802afe66]
[c=11309000000 pc=0000000080ae5328]
[c=11310000000 pc=0000000080261dee]
[c=11311000000 pc=0000000080261e9a]
[c=11312000000 pc=000000008086014a]
[c=11313000000 pc=00000000802afe6a]
[c=11314000000 pc=0000000080ae532c]
[c=11315000000 pc=0000000080261df2]
[c=11316000000 pc=0000000080261ea0]
[c=11317000000 pc=000000008086014c]
[c=11318000000 pc=00000000802afe70]
[c=11319000000 pc=0000000080ae5330]
[c=11320000000 pc=0000000080261df2]
[c=11321000000 pc=0000000080860402]
[c=11322000000 pc=0000000080860150]
[c=11323000000 pc=00000000802afe74]
[c=11324000000 pc=0000000080ae5332]
[c=11325000000 pc=0000000080261df4]
[c=11326000000 pc=0000000080860404]
[c=11327000000 pc=0000000080860154]
[c=11328000000 pc=00000000802afe76]
[c=11329000000 pc=0000000080261fc4]
[c=11330000000 pc=0000000080261df6]
[c=11331000000 pc=0000000080860408]
[c=11332000000 pc=0000000080860156]
[c=11333000000 pc=0000000080261fdc]
[c=11334000000 pc=0000000080261f18]
[c=11335000000 pc=0000000080261df8]
[c=11336000000 pc=0000000080860414]
[c=11337000000 pc=0000000080261eb8]
[c=11338000000 pc=0000000080261fbc]
[c=11339000000 pc=0000000080261e6e]
[c=11340000000 pc=0000000080261dfa]
[c=11341000000 pc=0000000080860416]
[c=11342000000 pc=0000000080261fb2]
[c=11343000000 pc=0000000080261fc0]
[c=11344000000 pc=00000000802aff2c]
[c=11345000000 pc=0000000080261e78]
[c=11346000000 pc=0000000080261ea4]
[c=11347000000 pc=0000000080261fb6]
[c=11348000000 pc=0000000080ae530c]
[c=11349000000 pc=00000000802aff30]
[c=11350000000 pc=0000000080261e78]
[c=11351000000 pc=0000000080261eaa]
[c=11352000000 pc=0000000080261fd2]
[c=11353000000 pc=0000000080ae530e]
[c=11354000000 pc=00000000802aff32]
[c=11355000000 pc=0000000080261e7c]
[c=11356000000 pc=0000000080261eac]
[c=11357000000 pc=00000000802afaca]
[c=11358000000 pc=0000000080ae5314]
[c=11359000000 pc=00000000802aff34]
[c=11360000000 pc=0000000080261e7e]
[c=11361000000 pc=0000000080261eb0]
[c=11362000000 pc=00000000802afacc]
[c=11363000000 pc=0000000080ae5318]
[c=11364000000 pc=00000000802aff38]
[c=11365000000 pc=0000000080261e80]
[c=11366000000 pc=0000000080261eb4]
[c=11367000000 pc=00000000802afad0]
[c=11368000000 pc=0000000080ae531a]
[c=11369000000 pc=00000000802aff3c]
[c=11370000000 pc=0000000080261ddc]
[c=11371000000 pc=0000000080860130]
[c=11372000000 pc=00000000802afad8]
[c=11373000000 pc=0000000080ae5320]
[c=11374000000 pc=00000000802aff3c]
[c=11375000000 pc=0000000080261de0]
[c=11376000000 pc=0000000080860132]
[c=11377000000 pc=00000000802afada]
[c=11378000000 pc=0000000080ae304e]
[c=11379000000 pc=00000000802aff3e]
[c=11380000000 pc=0000000080261de2]
[c=11381000000 pc=0000000080860134]
[c=11382000000 pc=00000000802afade]
[c=11383000000 pc=0000000080ae3050]
[c=11384000000 pc=00000000802aff4c]
[c=11385000000 pc=0000000080261de6]
[c=11386000000 pc=0000000080860136]
[c=11387000000 pc=00000000802afae2]
[c=11388000000 pc=0000000080ae3054]
[c=11389000000 pc=00000000802aff4e]
[c=11390000000 pc=0000000080261dea]
[c=11391000000 pc=0000000080860138]
[c=11392000000 pc=0000000080261fd6]
[c=11393000000 pc=0000000080ae305c]
[c=11394000000 pc=0000000080261e72]
[c=11395000000 pc=0000000080261e88]
[c=11396000000 pc=000000008086013c]
[c=11397000000 pc=00000000802afe60]
[c=11398000000 pc=0000000080ae305e]
[c=11399000000 pc=0000000080261e74]
[c=11400000000 pc=0000000080261e90]
[c=11401000000 pc=000000008086013c]
[c=11402000000 pc=00000000802afe64]
[c=11403000000 pc=0000000080ae3062]
[c=11404000000 pc=0000000080261e74]
[c=11405000000 pc=0000000080261e96]
[c=11406000000 pc=0000000080860142]
[c=11407000000 pc=00000000802afe66]
[c=11408000000 pc=0000000080ae5328]
[c=11409000000 pc=0000000080261dee]
[c=11410000000 pc=0000000080261e9a]
[c=11411000000 pc=000000008086014a]
[c=11412000000 pc=00000000802afe6a]
[c=11413000000 pc=0000000080ae532c]
[c=11414000000 pc=0000000080261df2]
[c=11415000000 pc=0000000080261ea0]
[c=11416000000 pc=000000008086014c]
[c=11417000000 pc=00000000802afe70]
[c=11418000000 pc=0000000080ae5330]
[c=11419000000 pc=0000000080261df2]
[c=11420000000 pc=0000000080860402]
[c=11421000000 pc=0000000080860150]
[c=11422000000 pc=00000000802afe74]
[c=11423000000 pc=0000000080ae5332]
[c=11424000000 pc=0000000080261df4]
[c=11425000000 pc=0000000080860404]
[c=11426000000 pc=0000000080860154]
[c=11427000000 pc=00000000802afe76]
[c=11428000000 pc=0000000080261fc4]
[c=11429000000 pc=0000000080261df6]
[c=11430000000 pc=0000000080860408]
[c=11431000000 pc=0000000080860156]
[c=11432000000 pc=0000000080261fdc]
[c=11433000000 pc=0000000080261f18]
[c=11434000000 pc=0000000080261df8]
[c=11435000000 pc=0000000080860414]
[c=11436000000 pc=0000000080261eb8]
[c=11437000000 pc=0000000080261fbc]
[c=11438000000 pc=0000000080261e6e]
[c=11439000000 pc=0000000080261dfa]
[c=11440000000 pc=0000000080860416]
[c=11441000000 pc=0000000080261fb2]
[c=11442000000 pc=0000000080261fc0]
[c=11443000000 pc=00000000802aff2c]
[c=11444000000 pc=0000000080261e78]
[c=11445000000 pc=0000000080261ea4]
[c=11446000000 pc=0000000080261fb6]
[c=11447000000 pc=0000000080ae530c]
[c=11448000000 pc=00000000802aff30]
[c=11449000000 pc=0000000080261e78]
[c=11450000000 pc=0000000080261eaa]
[c=11451000000 pc=0000000080261fd2]
[c=11452000000 pc=0000000080ae530e]
[c=11453000000 pc=00000000802aff32]
[c=11454000000 pc=0000000080261e7c]
[c=11455000000 pc=0000000080261eac]
[c=11456000000 pc=00000000802afaca]
[c=11457000000 pc=0000000080ae5314]
[c=11458000000 pc=00000000802aff34]
[c=11459000000 pc=0000000080261e7e]
[c=11460000000 pc=0000000080261eb0]
[c=11461000000 pc=00000000802afacc]
[c=11462000000 pc=0000000080ae5318]
[c=11463000000 pc=00000000802aff38]
[c=11464000000 pc=0000000080261e80]
[c=11465000000 pc=0000000080261eb4]
[c=11466000000 pc=00000000802afad0]
[c=11467000000 pc=0000000080ae531a]
[c=11468000000 pc=00000000802aff3c]
[c=11469000000 pc=0000000080261ddc]
[c=11470000000 pc=0000000080860130]
[c=11471000000 pc=00000000802afad8]
[c=11472000000 pc=0000000080ae5320]
[c=11473000000 pc=00000000802aff3c]
[c=11474000000 pc=0000000080261de0]
[c=11475000000 pc=0000000080860132]
[c=11476000000 pc=00000000802afada]
[c=11477000000 pc=0000000080ae304e]
[c=11478000000 pc=00000000802aff3e]
[c=11479000000 pc=0000000080261de2]
[c=11480000000 pc=0000000080860134]
[c=11481000000 pc=00000000802afade]
[c=11482000000 pc=0000000080ae3050]
[c=11483000000 pc=00000000802aff4c]
[c=11484000000 pc=0000000080261de6]
[c=11485000000 pc=0000000080860136]
[c=11486000000 pc=00000000802afae2]
[c=11487000000 pc=0000000080ae3054]
[c=11488000000 pc=00000000802aff4e]
[c=11489000000 pc=0000000080261dea]
[c=11490000000 pc=0000000080860138]
[c=11491000000 pc=0000000080261fd6]
[c=11492000000 pc=0000000080ae305c]
[c=11493000000 pc=0000000080261e72]
[c=11494000000 pc=0000000080261e88]
[c=11495000000 pc=000000008086013c]
[c=11496000000 pc=00000000802afe60]
[c=11497000000 pc=0000000080ae305e]
[c=11498000000 pc=0000000080261e74]
[c=11499000000 pc=0000000080261e90]
[c=11500000000 pc=000000008086013c]
[c=11501000000 pc=00000000802afe64]
[c=11502000000 pc=0000000080ae3062]
[c=11503000000 pc=0000000080261e74]
[c=11504000000 pc=0000000080261e96]
[c=11505000000 pc=0000000080860142]
[c=11506000000 pc=00000000802afe66]
[c=11507000000 pc=0000000080ae5328]
[c=11508000000 pc=0000000080261dee]
[c=11509000000 pc=0000000080261e9a]
[c=11510000000 pc=000000008086014a]
[c=11511000000 pc=00000000802afe6a]
[c=11512000000 pc=0000000080ae532c]
[c=11513000000 pc=0000000080261df2]
[c=11514000000 pc=0000000080261ea0]
[c=11515000000 pc=000000008086014c]
[c=11516000000 pc=00000000802afe70]
[c=11517000000 pc=0000000080ae5330]
[c=11518000000 pc=0000000080261df2]
[c=11519000000 pc=0000000080860402]
[c=11520000000 pc=0000000080860150]
[c=11521000000 pc=00000000802afe74]
[c=11522000000 pc=0000000080ae5332]
[c=11523000000 pc=0000000080261df4]
[c=11524000000 pc=0000000080860404]
[c=11525000000 pc=0000000080860154]
[c=11526000000 pc=00000000802afe76]
[c=11527000000 pc=0000000080261fc4]
[c=11528000000 pc=0000000080261df6]
[c=11529000000 pc=0000000080860408]
[c=11530000000 pc=0000000080860156]
[c=11531000000 pc=0000000080261fdc]
[c=11532000000 pc=0000000080261f18]
[c=11533000000 pc=0000000080261df8]
[c=11534000000 pc=0000000080860414]
[c=11535000000 pc=0000000080261eb8]
[c=11536000000 pc=0000000080261fbc]
[c=11537000000 pc=0000000080261e6e]
[c=11538000000 pc=0000000080261dfa]
[c=11539000000 pc=0000000080860416]
[c=11540000000 pc=0000000080261fb2]
[c=11541000000 pc=0000000080261fc0]
[c=11542000000 pc=00000000802aff2c]
[c=11543000000 pc=0000000080261e78]
[c=11544000000 pc=0000000080261ea4]
[c=11545000000 pc=0000000080261fb6]
[c=11546000000 pc=0000000080ae530c]
[c=11547000000 pc=00000000802aff30]
[c=11548000000 pc=0000000080261e78]
[c=11549000000 pc=0000000080261eaa]
[c=11550000000 pc=0000000080261fd2]
[c=11551000000 pc=0000000080ae530e]
[c=11552000000 pc=00000000802aff32]
[c=11553000000 pc=0000000080261e7c]
[c=11554000000 pc=0000000080261eac]
[c=11555000000 pc=00000000802afaca]
[c=11556000000 pc=0000000080ae5314]
[c=11557000000 pc=00000000802aff34]
[c=11558000000 pc=0000000080261e7e]
[c=11559000000 pc=0000000080261eb0]
[c=11560000000 pc=00000000802afacc]
[c=11561000000 pc=0000000080ae5318]
[c=11562000000 pc=00000000802aff38]
[c=11563000000 pc=0000000080261e80]
[c=11564000000 pc=0000000080261eb4]
[c=11565000000 pc=00000000802afad0]
[c=11566000000 pc=0000000080ae531a]
[c=11567000000 pc=00000000802aff3c]
[c=11568000000 pc=0000000080261ddc]
[c=11569000000 pc=0000000080860130]
[c=11570000000 pc=00000000802afad8]
[c=11571000000 pc=0000000080ae5320]
[c=11572000000 pc=00000000802aff3c]
[c=11573000000 pc=0000000080261de0]
[c=11574000000 pc=0000000080860132]
[c=11575000000 pc=00000000802afada]
[c=11576000000 pc=0000000080ae304e]
[c=11577000000 pc=00000000802aff3e]
[c=11578000000 pc=0000000080261de2]
[c=11579000000 pc=0000000080860134]
[c=11580000000 pc=00000000802afade]
[c=11581000000 pc=0000000080ae3050]
[c=11582000000 pc=00000000802aff4c]
[c=11583000000 pc=0000000080261de6]
[c=11584000000 pc=0000000080860136]
[c=11585000000 pc=00000000802afae2]
[c=11586000000 pc=0000000080ae3054]
[c=11587000000 pc=00000000802aff4e]
[c=11588000000 pc=0000000080261dea]
[c=11589000000 pc=0000000080860138]
[c=11590000000 pc=0000000080261fd6]
[c=11591000000 pc=0000000080ae305c]
[c=11592000000 pc=0000000080261e72]
[c=11593000000 pc=0000000080261e88]
[c=11594000000 pc=000000008086013c]
[c=11595000000 pc=00000000802afe60]
[c=11596000000 pc=0000000080ae305e]
[c=11597000000 pc=0000000080261e74]
[c=11598000000 pc=0000000080261e90]
[c=11599000000 pc=000000008086013c]
[c=11600000000 pc=00000000802afe64]
[c=11601000000 pc=0000000080ae3062]
[c=11602000000 pc=0000000080261e74]
[c=11603000000 pc=0000000080261e96]
[c=11604000000 pc=0000000080860142]
[c=11605000000 pc=00000000802afe66]
[c=11606000000 pc=0000000080ae5328]
[c=11607000000 pc=0000000080261dee]
[c=11608000000 pc=0000000080261e9a]
[c=11609000000 pc=000000008086014a]
[c=11610000000 pc=00000000802afe6a]
[c=11611000000 pc=0000000080ae532c]
[c=11612000000 pc=0000000080261df2]
[c=11613000000 pc=0000000080261ea0]
[c=11614000000 pc=000000008086014c]
[c=11615000000 pc=00000000802afe70]
[c=11616000000 pc=0000000080ae5330]
[c=11617000000 pc=0000000080261df2]
[c=11618000000 pc=0000000080860402]
[c=11619000000 pc=0000000080860150]
[c=11620000000 pc=00000000802afe74]
[c=11621000000 pc=0000000080ae5332]
[c=11622000000 pc=0000000080261df4]
[c=11623000000 pc=0000000080860404]
[c=11624000000 pc=0000000080860154]
[c=11625000000 pc=00000000802afe76]
[c=11626000000 pc=0000000080261fc4]
[c=11627000000 pc=0000000080261df6]
[c=11628000000 pc=0000000080860408]
[c=11629000000 pc=0000000080860156]
[c=11630000000 pc=0000000080261fdc]
[c=11631000000 pc=0000000080261f18]
[c=11632000000 pc=0000000080261df8]
[c=11633000000 pc=0000000080860414]
[c=11634000000 pc=0000000080261eb8]
[c=11635000000 pc=0000000080261fbc]
[c=11636000000 pc=0000000080261e6e]
[c=11637000000 pc=0000000080261dfa]
[c=11638000000 pc=0000000080860416]
[c=11639000000 pc=0000000080261fb2]
[c=11640000000 pc=0000000080261fc0]
[c=11641000000 pc=00000000802aff2c]
[c=11642000000 pc=0000000080261e78]
[c=11643000000 pc=0000000080261ea4]
[c=11644000000 pc=0000000080261fb6]
[c=11645000000 pc=0000000080ae530c]
[c=11646000000 pc=00000000802aff30]
[c=11647000000 pc=0000000080261e78]
[c=11648000000 pc=0000000080261eaa]
[c=11649000000 pc=0000000080261fd2]
[c=11650000000 pc=0000000080ae530e]
[c=11651000000 pc=00000000802aff32]
[c=11652000000 pc=0000000080261e7c]
[c=11653000000 pc=0000000080261eac]
[c=11654000000 pc=00000000802afaca]
[c=11655000000 pc=0000000080ae5314]
[c=11656000000 pc=00000000802aff34]
[c=11657000000 pc=0000000080261e7e]
[c=11658000000 pc=0000000080261eb0]
[c=11659000000 pc=00000000802afacc]
[c=11660000000 pc=0000000080ae5318]
[c=11661000000 pc=00000000802aff38]
[c=11662000000 pc=0000000080261e80]
[c=11663000000 pc=0000000080261eb4]
[c=11664000000 pc=00000000802afad0]
[c=11665000000 pc=0000000080ae531a]
[c=11666000000 pc=00000000802aff3c]
[c=11667000000 pc=0000000080261ddc]
[c=11668000000 pc=0000000080860130]
[c=11669000000 pc=00000000802afad8]
[c=11670000000 pc=0000000080ae5320]
[c=11671000000 pc=00000000802aff3c]
[c=11672000000 pc=0000000080261de0]
[c=11673000000 pc=0000000080860132]
[c=11674000000 pc=00000000802afada]
[c=11675000000 pc=0000000080ae304e]
[c=11676000000 pc=00000000802aff3e]
[c=11677000000 pc=0000000080261de2]
[c=11678000000 pc=0000000080860134]
[c=11679000000 pc=00000000802afade]
[c=11680000000 pc=0000000080ae3050]
[c=11681000000 pc=00000000802aff4c]
[c=11682000000 pc=0000000080261de6]
[c=11683000000 pc=0000000080860136]
[c=11684000000 pc=00000000802afae2]
[c=11685000000 pc=0000000080ae3054]
[c=11686000000 pc=00000000802aff4e]
[c=11687000000 pc=0000000080261dea]
[c=11688000000 pc=0000000080860138]
[c=11689000000 pc=0000000080261fd6]
[c=11690000000 pc=0000000080ae305c]
[c=11691000000 pc=0000000080261e72]
[c=11692000000 pc=0000000080261e88]
[c=11693000000 pc=000000008086013c]
[c=11694000000 pc=00000000802afe60]
[c=11695000000 pc=0000000080ae305e]
[c=11696000000 pc=0000000080261e74]
[c=11697000000 pc=0000000080261e90]
[c=11698000000 pc=000000008086013c]
[c=11699000000 pc=00000000802afe64]
[c=11700000000 pc=0000000080ae3062]
[c=11701000000 pc=0000000080261e74]
[c=11702000000 pc=0000000080261e96]
[c=11703000000 pc=0000000080860142]
[c=11704000000 pc=00000000802afe66]
[c=11705000000 pc=0000000080ae5328]
[c=11706000000 pc=0000000080261dee]
[c=11707000000 pc=0000000080261e9a]
[c=11708000000 pc=000000008086014a]
[c=11709000000 pc=00000000802afe6a]
[c=11710000000 pc=0000000080ae532c]
[c=11711000000 pc=0000000080261df2]
[c=11712000000 pc=0000000080261ea0]
[c=11713000000 pc=000000008086014c]
[c=11714000000 pc=00000000802afe70]
[c=11715000000 pc=0000000080ae5330]
[c=11716000000 pc=0000000080261df2]
[c=11717000000 pc=0000000080860402]
[c=11718000000 pc=0000000080860150]
[c=11719000000 pc=00000000802afe74]
[c=11720000000 pc=0000000080ae5332]
[c=11721000000 pc=0000000080261df4]
[c=11722000000 pc=0000000080860404]
[c=11723000000 pc=0000000080860154]
[c=11724000000 pc=00000000802afe76]
[c=11725000000 pc=0000000080261fc4]
[c=11726000000 pc=0000000080261df6]
[c=11727000000 pc=0000000080860408]
[c=11728000000 pc=0000000080860156]
[c=11729000000 pc=0000000080261fdc]
[c=11730000000 pc=0000000080261f18]
[c=11731000000 pc=0000000080261df8]
[c=11732000000 pc=0000000080860414]
[c=11733000000 pc=0000000080261eb8]
[c=11734000000 pc=0000000080261fbc]
[c=11735000000 pc=0000000080261e6e]
[c=11736000000 pc=0000000080261dfa]
[c=11737000000 pc=0000000080860416]
[c=11738000000 pc=0000000080261fb2]
[c=11739000000 pc=0000000080261fc0]
[c=11740000000 pc=00000000802aff2c]
[c=11741000000 pc=0000000080261e78]
[c=11742000000 pc=0000000080261ea4]
[c=11743000000 pc=0000000080261fb6]
[c=11744000000 pc=0000000080ae530c]
[c=11745000000 pc=00000000802aff30]
[c=11746000000 pc=0000000080261e78]
[c=11747000000 pc=0000000080261eaa]
[c=11748000000 pc=0000000080261fd2]
[c=11749000000 pc=0000000080ae530e]
[c=11750000000 pc=00000000802aff32]
[c=11751000000 pc=0000000080261e7c]
[c=11752000000 pc=0000000080261eac]
[c=11753000000 pc=00000000802afaca]
[c=11754000000 pc=0000000080ae5314]
[c=11755000000 pc=00000000802aff34]
[c=11756000000 pc=0000000080261e7e]
[c=11757000000 pc=0000000080261eb0]
[c=11758000000 pc=00000000802afacc]
[c=11759000000 pc=0000000080ae5318]
[c=11760000000 pc=00000000802aff38]
[c=11761000000 pc=0000000080261e80]
[c=11762000000 pc=0000000080261eb4]
[c=11763000000 pc=00000000802afad0]
[c=11764000000 pc=0000000080ae531a]
[c=11765000000 pc=00000000802aff3c]
[c=11766000000 pc=0000000080261ddc]
[c=11767000000 pc=0000000080860130]
[c=11768000000 pc=00000000802afad8]
[c=11769000000 pc=0000000080ae5320]
[c=11770000000 pc=00000000802aff3c]
[c=11771000000 pc=0000000080261de0]
[c=11772000000 pc=0000000080860132]
[c=11773000000 pc=00000000802afada]
[c=11774000000 pc=0000000080ae304e]
[c=11775000000 pc=00000000802aff3e]
[c=11776000000 pc=0000000080261de2]
[c=11777000000 pc=0000000080860134]
[c=11778000000 pc=00000000802afade]
[c=11779000000 pc=0000000080ae3050]
[c=11780000000 pc=00000000802aff4c]
[c=11781000000 pc=0000000080261de6]
[c=11782000000 pc=0000000080860136]
[c=11783000000 pc=00000000802afae2]
[c=11784000000 pc=0000000080ae3054]
[c=11785000000 pc=00000000802aff4e]
[c=11786000000 pc=0000000080261dea]
[c=11787000000 pc=0000000080860138]
[c=11788000000 pc=0000000080261fd6]
[c=11789000000 pc=0000000080ae305c]
[c=11790000000 pc=0000000080261e72]
[c=11791000000 pc=0000000080261e88]
[c=11792000000 pc=000000008086013c]
[c=11793000000 pc=00000000802afe60]
[c=11794000000 pc=0000000080ae305e]
[c=11795000000 pc=0000000080261e74]
[c=11796000000 pc=0000000080261e90]
[c=11797000000 pc=000000008086013c]
[c=11798000000 pc=00000000802afe64]
[c=11799000000 pc=0000000080ae3062]
[c=11800000000 pc=0000000080261e74]
[c=11801000000 pc=0000000080261e96]
[c=11802000000 pc=0000000080860142]
[c=11803000000 pc=00000000802afe66]
[c=11804000000 pc=0000000080ae5328]
[c=11805000000 pc=0000000080261dee]
[c=11806000000 pc=0000000080261e9a]
[c=11807000000 pc=000000008086014a]
[c=11808000000 pc=00000000802afe6a]
[c=11809000000 pc=0000000080ae532c]
[c=11810000000 pc=0000000080261df2]
[c=11811000000 pc=0000000080261ea0]
[c=11812000000 pc=000000008086014c]
[c=11813000000 pc=00000000802afe70]
[c=11814000000 pc=0000000080ae5330]
[c=11815000000 pc=0000000080261df2]
[c=11816000000 pc=0000000080860402]
[c=11817000000 pc=0000000080860150]
[c=11818000000 pc=00000000802afe74]
[c=11819000000 pc=0000000080ae5332]
[c=11820000000 pc=0000000080261df4]
[c=11821000000 pc=0000000080860404]
[c=11822000000 pc=0000000080860154]
[c=11823000000 pc=00000000802afe76]
[c=11824000000 pc=0000000080261fc4]
[c=11825000000 pc=0000000080261df6]
[c=11826000000 pc=0000000080860408]
[c=11827000000 pc=0000000080860156]
[c=11828000000 pc=0000000080261fdc]
[c=11829000000 pc=0000000080261f18]
[c=11830000000 pc=0000000080261df8]
[c=11831000000 pc=0000000080860414]
[c=11832000000 pc=0000000080261eb8]
[c=11833000000 pc=0000000080261fbc]
[c=11834000000 pc=0000000080261e6e]
[c=11835000000 pc=0000000080261dfa]
[c=11836000000 pc=0000000080860416]
[c=11837000000 pc=0000000080261fb2]
[c=11838000000 pc=0000000080261fc0]
[c=11839000000 pc=00000000802aff2c]
[c=11840000000 pc=0000000080261e78]
[c=11841000000 pc=0000000080261ea4]
[c=11842000000 pc=0000000080261fb6]
[c=11843000000 pc=0000000080ae530c]
[c=11844000000 pc=00000000802aff30]
[c=11845000000 pc=0000000080261e78]
[c=11846000000 pc=0000000080261eaa]
[c=11847000000 pc=0000000080261fd2]
[c=11848000000 pc=0000000080ae530e]
[c=11849000000 pc=00000000802aff32]
[c=11850000000 pc=0000000080261e7c]
[c=11851000000 pc=0000000080261eac]
[c=11852000000 pc=00000000802afaca]
[c=11853000000 pc=0000000080ae5314]
[c=11854000000 pc=00000000802aff34]
[c=11855000000 pc=0000000080261e7e]
[c=11856000000 pc=0000000080261eb0]
[c=11857000000 pc=00000000802afacc]
[c=11858000000 pc=0000000080ae5318]
[c=11859000000 pc=00000000802aff38]
[c=11860000000 pc=0000000080261e80]
[c=11861000000 pc=0000000080261eb4]
[c=11862000000 pc=00000000802afad0]
[c=11863000000 pc=0000000080ae531a]
[c=11864000000 pc=00000000802aff3c]
[c=11865000000 pc=0000000080261ddc]
[c=11866000000 pc=0000000080860130]
[c=11867000000 pc=00000000802afad8]
[c=11868000000 pc=0000000080ae5320]
[c=11869000000 pc=00000000802aff3c]
[c=11870000000 pc=0000000080261de0]
[c=11871000000 pc=0000000080860132]
[c=11872000000 pc=00000000802afada]
[c=11873000000 pc=0000000080ae304e]
[c=11874000000 pc=00000000802aff3e]
[c=11875000000 pc=0000000080261de2]
[c=11876000000 pc=0000000080860134]
[c=11877000000 pc=00000000802afade]
[c=11878000000 pc=0000000080ae3050]
[c=11879000000 pc=00000000802aff4c]
[c=11880000000 pc=0000000080261de6]
[c=11881000000 pc=0000000080860136]
[c=11882000000 pc=00000000802afae2]
[c=11883000000 pc=0000000080ae3054]
[c=11884000000 pc=00000000802aff4e]
[c=11885000000 pc=0000000080261dea]
[c=11886000000 pc=0000000080860138]
[c=11887000000 pc=0000000080261fd6]
[c=11888000000 pc=0000000080ae305c]
[c=11889000000 pc=0000000080261e72]
[c=11890000000 pc=0000000080261e88]
[c=11891000000 pc=000000008086013c]
[c=11892000000 pc=00000000802afe60]
[c=11893000000 pc=0000000080ae305e]
[c=11894000000 pc=0000000080261e74]
[c=11895000000 pc=0000000080261e90]
[c=11896000000 pc=000000008086013c]
[c=11897000000 pc=00000000802afe64]
[c=11898000000 pc=0000000080ae3062]
[c=11899000000 pc=0000000080261e74]
[c=11900000000 pc=0000000080261e96]
[c=11901000000 pc=0000000080860142]
[c=11902000000 pc=00000000802afe66]
[c=11903000000 pc=0000000080ae5328]
[c=11904000000 pc=0000000080261dee]
[c=11905000000 pc=0000000080261e9a]
[c=11906000000 pc=000000008086014a]
[c=11907000000 pc=00000000802afe6a]
[c=11908000000 pc=0000000080ae532c]
[c=11909000000 pc=0000000080261df2]
[c=11910000000 pc=0000000080261ea0]
[c=11911000000 pc=000000008086014c]
[c=11912000000 pc=00000000802afe70]
[c=11913000000 pc=0000000080ae5330]
[c=11914000000 pc=0000000080261df2]
[c=11915000000 pc=0000000080860402]
[c=11916000000 pc=0000000080860150]
[c=11917000000 pc=00000000802afe74]
[c=11918000000 pc=0000000080ae5332]
[c=11919000000 pc=0000000080261df4]
[c=11920000000 pc=0000000080860404]
[c=11921000000 pc=0000000080860154]
[c=11922000000 pc=00000000802afe76]
[c=11923000000 pc=0000000080261fc4]
[c=11924000000 pc=0000000080261df6]
[c=11925000000 pc=0000000080860408]
[c=11926000000 pc=0000000080860156]
[c=11927000000 pc=0000000080261fdc]
[c=11928000000 pc=0000000080261f18]
[c=11929000000 pc=0000000080261df8]
[c=11930000000 pc=0000000080860414]
[c=11931000000 pc=0000000080261eb8]
[c=11932000000 pc=0000000080261fbc]
[c=11933000000 pc=0000000080261e6e]
[c=11934000000 pc=0000000080261dfa]
[c=11935000000 pc=0000000080860416]
[c=11936000000 pc=0000000080261fb2]
[c=11937000000 pc=0000000080261fc0]
[c=11938000000 pc=00000000802aff2c]
[c=11939000000 pc=0000000080261e78]
[c=11940000000 pc=0000000080261ea4]
[c=11941000000 pc=0000000080261fb6]
[c=11942000000 pc=0000000080ae530c]
[c=11943000000 pc=00000000802aff30]
[c=11944000000 pc=0000000080261e78]
[c=11945000000 pc=0000000080261eaa]
[c=11946000000 pc=0000000080261fd2]
[c=11947000000 pc=0000000080ae530e]
[c=11948000000 pc=00000000802aff32]
[c=11949000000 pc=0000000080261e7c]
[c=11950000000 pc=0000000080261eac]
[c=11951000000 pc=00000000802afaca]
[c=11952000000 pc=0000000080ae5314]
[c=11953000000 pc=00000000802aff34]
[c=11954000000 pc=0000000080261e7e]
[c=11955000000 pc=0000000080261eb0]
[c=11956000000 pc=00000000802afacc]
[c=11957000000 pc=0000000080ae5318]
[c=11958000000 pc=00000000802aff38]
[c=11959000000 pc=0000000080261e80]
[c=11960000000 pc=0000000080261eb4]
[c=11961000000 pc=00000000802afad0]
[c=11962000000 pc=0000000080ae531a]
[c=11963000000 pc=00000000802aff3c]
[c=11964000000 pc=0000000080261ddc]
[c=11965000000 pc=0000000080860130]
[c=11966000000 pc=00000000802afad8]
[c=11967000000 pc=0000000080ae5320]
[c=11968000000 pc=00000000802aff3c]
[c=11969000000 pc=0000000080261de0]
[c=11970000000 pc=0000000080860132]
[c=11971000000 pc=00000000802afada]
[c=11972000000 pc=0000000080ae304e]
[c=11973000000 pc=00000000802aff3e]
[c=11974000000 pc=0000000080261de2]
[c=11975000000 pc=0000000080860134]
[c=11976000000 pc=00000000802afade]
[c=11977000000 pc=0000000080ae3050]
[c=11978000000 pc=00000000802aff4c]
[c=11979000000 pc=0000000080261de6]
[c=11980000000 pc=0000000080860136]
[c=11981000000 pc=00000000802afae2]
[c=11982000000 pc=0000000080ae3054]
[c=11983000000 pc=00000000802aff4e]
[c=11984000000 pc=0000000080261dea]
[c=11985000000 pc=0000000080860138]
[c=11986000000 pc=0000000080261fd6]
[c=11987000000 pc=0000000080ae305c]
[c=11988000000 pc=0000000080261e72]
[c=11989000000 pc=0000000080261e88]
[c=11990000000 pc=000000008086013c]
[c=11991000000 pc=00000000802afe60]
[c=11992000000 pc=0000000080ae305e]
[c=11993000000 pc=0000000080261e74]
[c=11994000000 pc=0000000080261e90]
[c=11995000000 pc=000000008086013c]
[c=11996000000 pc=00000000802afe64]
[c=11997000000 pc=0000000080ae3062]
[c=11998000000 pc=0000000080261e74]
[c=11999000000 pc=0000000080261e96]
[c=12000000000 pc=0000000080860142]
[c=12001000000 pc=00000000802afe66]
[c=12002000000 pc=0000000080ae5328]
[c=12003000000 pc=0000000080261dee]
[c=12004000000 pc=0000000080261e9a]
[c=12005000000 pc=000000008086014a]
[c=12006000000 pc=00000000802afe6a]
[c=12007000000 pc=0000000080ae532c]
[c=12008000000 pc=0000000080261df2]
[c=12009000000 pc=0000000080261ea0]
[c=12010000000 pc=000000008086014c]
[c=12011000000 pc=00000000802afe70]
[c=12012000000 pc=0000000080ae5330]
[c=12013000000 pc=0000000080261df2]
[c=12014000000 pc=0000000080860402]
[c=12015000000 pc=0000000080860150]
[c=12016000000 pc=00000000802afe74]
[c=12017000000 pc=0000000080ae5332]
[c=12018000000 pc=0000000080261df4]
[c=12019000000 pc=0000000080860404]
[c=12020000000 pc=0000000080860154]
[c=12021000000 pc=00000000802afe76]
[c=12022000000 pc=0000000080261fc4]
[c=12023000000 pc=0000000080261df6]
[c=12024000000 pc=0000000080860408]
[c=12025000000 pc=0000000080860156]
[c=12026000000 pc=0000000080261fdc]
[c=12027000000 pc=0000000080261f18]
[c=12028000000 pc=0000000080261df8]
[c=12029000000 pc=0000000080860414]
[c=12030000000 pc=0000000080261eb8]
[c=12031000000 pc=0000000080261fbc]
[c=12032000000 pc=0000000080261e6e]
[c=12033000000 pc=0000000080261dfa]
[c=12034000000 pc=0000000080860416]
[c=12035000000 pc=0000000080261fb2]
[c=12036000000 pc=0000000080261fc0]
[c=12037000000 pc=00000000802aff2c]
[c=12038000000 pc=0000000080261e78]
[c=12039000000 pc=0000000080261ea4]
[c=12040000000 pc=0000000080261fb6]
[c=12041000000 pc=0000000080ae530c]
[c=12042000000 pc=00000000802aff30]
[c=12043000000 pc=0000000080261e78]
[c=12044000000 pc=0000000080261eaa]
[c=12045000000 pc=0000000080261fd2]
[c=12046000000 pc=0000000080ae530e]
[c=12047000000 pc=00000000802aff32]
[c=12048000000 pc=0000000080261e7c]
[c=12049000000 pc=0000000080261eac]
[c=12050000000 pc=00000000802afaca]
[c=12051000000 pc=0000000080ae5314]
[c=12052000000 pc=00000000802aff34]
[c=12053000000 pc=0000000080261e7e]
[c=12054000000 pc=0000000080261eb0]
[c=12055000000 pc=00000000802afacc]
[c=12056000000 pc=0000000080ae5318]
[c=12057000000 pc=00000000802aff38]
[c=12058000000 pc=0000000080261e80]
[c=12059000000 pc=0000000080261eb4]
[c=12060000000 pc=00000000802afad0]
[c=12061000000 pc=0000000080ae531a]
[c=12062000000 pc=00000000802aff3c]
[c=12063000000 pc=0000000080261ddc]
[c=12064000000 pc=0000000080860130]
[c=12065000000 pc=00000000802afad8]
[c=12066000000 pc=0000000080ae5320]
[c=12067000000 pc=00000000802aff3c]
[c=12068000000 pc=0000000080261de0]
[c=12069000000 pc=0000000080860132]
[c=12070000000 pc=00000000802afada]
[c=12071000000 pc=0000000080ae304e]
[c=12072000000 pc=00000000802aff3e]
[c=12073000000 pc=0000000080261de2]
[c=12074000000 pc=0000000080860134]
[c=12075000000 pc=00000000802afade]
[c=12076000000 pc=0000000080ae3050]
[c=12077000000 pc=00000000802aff4c]
[c=12078000000 pc=0000000080261de6]
[c=12079000000 pc=0000000080860136]
[c=12080000000 pc=00000000802afae2]
[c=12081000000 pc=0000000080ae3054]
[c=12082000000 pc=00000000802aff4e]
[c=12083000000 pc=0000000080261dea]
[c=12084000000 pc=0000000080860138]
[c=12085000000 pc=0000000080261fd6]
[c=12086000000 pc=0000000080ae305c]
[c=12087000000 pc=0000000080261e72]
[c=12088000000 pc=0000000080261e88]
[c=12089000000 pc=000000008086013c]
[c=12090000000 pc=00000000802afe60]
[c=12091000000 pc=0000000080ae305e]
[c=12092000000 pc=0000000080261e74]
[c=12093000000 pc=0000000080261e90]
[c=12094000000 pc=000000008086013c]
[c=12095000000 pc=00000000802afe64]
[c=12096000000 pc=0000000080ae3062]
[c=12097000000 pc=0000000080261e74]
[c=12098000000 pc=0000000080261e96]
[c=12099000000 pc=0000000080860142]
[c=12100000000 pc=00000000802afe66]
[c=12101000000 pc=0000000080ae5328]
[c=12102000000 pc=0000000080261dee]
[c=12103000000 pc=0000000080261e9a]
[c=12104000000 pc=000000008086014a]
[c=12105000000 pc=00000000802afe6a]
[c=12106000000 pc=0000000080ae532c]
[c=12107000000 pc=0000000080261df2]
[c=12108000000 pc=0000000080261ea0]
[c=12109000000 pc=000000008086014c]
[c=12110000000 pc=00000000802afe70]
[c=12111000000 pc=0000000080ae5330]
[c=12112000000 pc=0000000080261df2]
[c=12113000000 pc=0000000080860402]
[c=12114000000 pc=0000000080860150]
[c=12115000000 pc=00000000802afe74]
[c=12116000000 pc=0000000080ae5332]
[c=12117000000 pc=0000000080261df4]
[c=12118000000 pc=0000000080860404]
[c=12119000000 pc=0000000080860154]
[c=12120000000 pc=00000000802afe76]
[c=12121000000 pc=0000000080261fc4]
[c=12122000000 pc=0000000080261df6]
[c=12123000000 pc=0000000080860408]
[c=12124000000 pc=0000000080860156]
[c=12125000000 pc=0000000080261fdc]
[c=12126000000 pc=0000000080261f18]
[c=12127000000 pc=0000000080261df8]
[c=12128000000 pc=0000000080860414]
[c=12129000000 pc=0000000080261eb8]
[c=12130000000 pc=0000000080261fbc]
[c=12131000000 pc=0000000080261e6e]
[c=12132000000 pc=0000000080261dfa]
[c=12133000000 pc=0000000080860416]
[c=12134000000 pc=0000000080261fb2]
[c=12135000000 pc=0000000080261fc0]
[c=12136000000 pc=00000000802aff2c]
[c=12137000000 pc=0000000080261e78]
[c=12138000000 pc=0000000080261ea4]
[c=12139000000 pc=0000000080261fb6]
[c=12140000000 pc=0000000080ae530c]
[c=12141000000 pc=00000000802aff30]
[c=12142000000 pc=0000000080261e78]
[c=12143000000 pc=0000000080261eaa]
[c=12144000000 pc=0000000080261fd2]
[c=12145000000 pc=0000000080ae530e]
[c=12146000000 pc=00000000802aff32]
[c=12147000000 pc=0000000080261e7c]
[c=12148000000 pc=0000000080261eac]
[c=12149000000 pc=00000000802afaca]
[c=12150000000 pc=0000000080ae5314]
[c=12151000000 pc=00000000802aff34]
[c=12152000000 pc=0000000080261e7e]
[c=12153000000 pc=0000000080261eb0]
[c=12154000000 pc=00000000802afacc]
[c=12155000000 pc=0000000080ae5318]
[c=12156000000 pc=00000000802aff38]
[c=12157000000 pc=0000000080261e80]
[c=12158000000 pc=0000000080261eb4]
[c=12159000000 pc=00000000802afad0]
[c=12160000000 pc=0000000080ae531a]
[c=12161000000 pc=00000000802aff3c]
[c=12162000000 pc=0000000080261ddc]
[c=12163000000 pc=0000000080860130]
[c=12164000000 pc=00000000802afad8]
[c=12165000000 pc=0000000080ae5320]
[c=12166000000 pc=00000000802aff3c]
[c=12167000000 pc=0000000080261de0]
[c=12168000000 pc=0000000080860132]
[c=12169000000 pc=00000000802afada]
[c=12170000000 pc=0000000080ae304e]
[c=12171000000 pc=00000000802aff3e]
[c=12172000000 pc=0000000080261de2]
[c=12173000000 pc=0000000080860134]
[c=12174000000 pc=00000000802afade]
[c=12175000000 pc=0000000080ae3050]
[c=12176000000 pc=00000000802aff4c]
[c=12177000000 pc=0000000080261de6]
[c=12178000000 pc=0000000080860136]
[c=12179000000 pc=00000000802afae2]
[c=12180000000 pc=0000000080ae3054]
[c=12181000000 pc=00000000802aff4e]
[c=12182000000 pc=0000000080261dea]
[c=12183000000 pc=0000000080860138]
[c=12184000000 pc=0000000080261fd6]
[c=12185000000 pc=0000000080ae305c]
[c=12186000000 pc=0000000080261e72]
[c=12187000000 pc=0000000080261e88]
[c=12188000000 pc=000000008086013c]
[c=12189000000 pc=00000000802afe60]
[c=12190000000 pc=0000000080ae305e]
[c=12191000000 pc=0000000080261e74]
[c=12192000000 pc=0000000080261e90]
[c=12193000000 pc=000000008086013c]
[c=12194000000 pc=00000000802afe64]
[c=12195000000 pc=0000000080ae3062]
[c=12196000000 pc=0000000080261e74]
[c=12197000000 pc=0000000080261e96]
[c=12198000000 pc=0000000080860142]
[c=12199000000 pc=00000000802afe66]
[c=12200000000 pc=0000000080ae5328]
[c=12201000000 pc=0000000080261dee]
[c=12202000000 pc=0000000080261e9a]
[c=12203000000 pc=000000008086014a]
[c=12204000000 pc=00000000802afe6a]
[c=12205000000 pc=0000000080ae532c]
[c=12206000000 pc=0000000080261df2]
[c=12207000000 pc=0000000080261ea0]
[c=12208000000 pc=000000008086014c]
[c=12209000000 pc=00000000802afe70]
[c=12210000000 pc=0000000080ae5330]
[c=12211000000 pc=0000000080261df2]
[c=12212000000 pc=0000000080860402]
[c=12213000000 pc=0000000080860150]
[c=12214000000 pc=00000000802afe74]
[c=12215000000 pc=0000000080ae5332]
[c=12216000000 pc=0000000080261df4]
[c=12217000000 pc=0000000080860404]
[c=12218000000 pc=0000000080860154]
[c=12219000000 pc=00000000802afe76]
[c=12220000000 pc=0000000080261fc4]
[c=12221000000 pc=0000000080261df6]
[c=12222000000 pc=0000000080860408]
[c=12223000000 pc=0000000080860156]
[c=12224000000 pc=0000000080261fdc]
[c=12225000000 pc=0000000080261f18]
[c=12226000000 pc=0000000080261df8]
[c=12227000000 pc=0000000080860414]
[c=12228000000 pc=0000000080261eb8]
[c=12229000000 pc=0000000080261fbc]
[c=12230000000 pc=0000000080261e6e]
[c=12231000000 pc=0000000080261dfa]
[c=12232000000 pc=0000000080860416]
[c=12233000000 pc=0000000080261fb2]
[c=12234000000 pc=0000000080261fc0]
[c=12235000000 pc=00000000802aff2c]
[c=12236000000 pc=0000000080261e78]
[c=12237000000 pc=0000000080261ea4]
[c=12238000000 pc=0000000080261fb6]
[c=12239000000 pc=0000000080ae530c]
[c=12240000000 pc=00000000802aff30]
[c=12241000000 pc=0000000080261e78]
[c=12242000000 pc=0000000080261eaa]
[c=12243000000 pc=0000000080261fd2]
[c=12244000000 pc=0000000080ae530e]
[c=12245000000 pc=00000000802aff32]
[c=12246000000 pc=0000000080261e7c]
[c=12247000000 pc=0000000080261eac]
[c=12248000000 pc=00000000802afaca]
[c=12249000000 pc=0000000080ae5314]
[c=12250000000 pc=00000000802aff34]
[c=12251000000 pc=0000000080261e7e]
[c=12252000000 pc=0000000080261eb0]
[c=12253000000 pc=00000000802afacc]
[c=12254000000 pc=0000000080ae5318]
[c=12255000000 pc=00000000802aff38]
[c=12256000000 pc=0000000080261e80]
[c=12257000000 pc=0000000080261eb4]
[c=12258000000 pc=00000000802afad0]
[c=12259000000 pc=0000000080ae531a]
[c=12260000000 pc=00000000802aff3c]
[c=12261000000 pc=0000000080261ddc]
[c=12262000000 pc=0000000080860130]
[c=12263000000 pc=00000000802afad8]
[c=12264000000 pc=0000000080ae5320]
[c=12265000000 pc=00000000802aff3c]
[c=12266000000 pc=0000000080261de0]
[c=12267000000 pc=0000000080860132]
[c=12268000000 pc=00000000802afada]
[c=12269000000 pc=0000000080ae304e]
[c=12270000000 pc=00000000802aff3e]
[c=12271000000 pc=0000000080261de2]
[c=12272000000 pc=0000000080860134]
[c=12273000000 pc=00000000802afade]
[c=12274000000 pc=0000000080ae3050]
[c=12275000000 pc=00000000802aff4c]
[c=12276000000 pc=0000000080261de6]
[c=12277000000 pc=0000000080860136]
[c=12278000000 pc=00000000802afae2]
[c=12279000000 pc=0000000080ae3054]
[c=12280000000 pc=00000000802aff4e]
[c=12281000000 pc=0000000080261dea]
[c=12282000000 pc=0000000080860138]
[c=12283000000 pc=0000000080261fd6]
[c=12284000000 pc=0000000080ae305c]
[c=12285000000 pc=0000000080261e72]
[c=12286000000 pc=0000000080261e88]
[c=12287000000 pc=000000008086013c]
[c=12288000000 pc=00000000802afe60]
[c=12289000000 pc=0000000080ae305e]
[c=12290000000 pc=0000000080261e74]
[c=12291000000 pc=0000000080261e90]
[c=12292000000 pc=000000008086013c]
[c=12293000000 pc=00000000802afe64]
[c=12294000000 pc=0000000080ae3062]
[c=12295000000 pc=0000000080261e74]
[c=12296000000 pc=0000000080261e96]
[c=12297000000 pc=0000000080860142]
[c=12298000000 pc=00000000802afe66]
[c=12299000000 pc=0000000080ae5328]
[c=12300000000 pc=0000000080261dee]
[c=12301000000 pc=0000000080261e9a]
[c=12302000000 pc=000000008086014a]
[c=12303000000 pc=00000000802afe6a]
[c=12304000000 pc=0000000080ae532c]
[c=12305000000 pc=0000000080261df2]
[c=12306000000 pc=0000000080261ea0]
[c=12307000000 pc=000000008086014c]
[c=12308000000 pc=00000000802afe70]
[c=12309000000 pc=0000000080ae5330]
[c=12310000000 pc=0000000080261df2]
[c=12311000000 pc=0000000080860402]
[c=12312000000 pc=0000000080860150]
[c=12313000000 pc=00000000802afe74]
[c=12314000000 pc=0000000080ae5332]
[c=12315000000 pc=0000000080261df4]
[c=12316000000 pc=0000000080860404]
[c=12317000000 pc=0000000080860154]
[c=12318000000 pc=00000000802afe76]
[c=12319000000 pc=0000000080261fc4]
[c=12320000000 pc=0000000080261df6]
[c=12321000000 pc=0000000080860408]
[c=12322000000 pc=0000000080860156]
[c=12323000000 pc=0000000080261fdc]
[c=12324000000 pc=0000000080261f18]
[c=12325000000 pc=0000000080261df8]
[c=12326000000 pc=0000000080860414]
[c=12327000000 pc=0000000080261eb8]
[c=12328000000 pc=0000000080261fbc]
[c=12329000000 pc=0000000080261e6e]
[c=12330000000 pc=0000000080261dfa]
[c=12331000000 pc=0000000080860416]
[c=12332000000 pc=0000000080261fb2]
[c=12333000000 pc=0000000080261fc0]
[c=12334000000 pc=00000000802aff2c]
[c=12335000000 pc=0000000080261e78]
[c=12336000000 pc=0000000080261ea4]
[c=12337000000 pc=0000000080261fb6]
[c=12338000000 pc=0000000080ae530c]
[c=12339000000 pc=00000000802aff30]
[c=12340000000 pc=0000000080261e78]
[c=12341000000 pc=0000000080261eaa]
[c=12342000000 pc=0000000080261fd2]
[c=12343000000 pc=0000000080ae530e]
[c=12344000000 pc=00000000802aff32]
[c=12345000000 pc=0000000080261e7c]
[c=12346000000 pc=0000000080261eac]
[c=12347000000 pc=00000000802afaca]
[c=12348000000 pc=0000000080ae5314]
[c=12349000000 pc=00000000802aff34]
[c=12350000000 pc=0000000080261e7e]
[c=12351000000 pc=0000000080261eb0]
[c=12352000000 pc=00000000802afacc]
[c=12353000000 pc=0000000080ae5318]
[c=12354000000 pc=00000000802aff38]
[c=12355000000 pc=0000000080261e80]
[c=12356000000 pc=0000000080261eb4]
[c=12357000000 pc=00000000802afad0]
[c=12358000000 pc=0000000080ae531a]
[c=12359000000 pc=00000000802aff3c]
[c=12360000000 pc=0000000080261ddc]
[c=12361000000 pc=0000000080860130]
[c=12362000000 pc=00000000802afad8]
[c=12363000000 pc=0000000080ae5320]
[c=12364000000 pc=00000000802aff3c]
[c=12365000000 pc=0000000080261de0]
[c=12366000000 pc=0000000080860132]
[c=12367000000 pc=00000000802afada]
[c=12368000000 pc=0000000080ae304e]
[c=12369000000 pc=00000000802aff3e]
[c=12370000000 pc=0000000080261de2]
[c=12371000000 pc=0000000080860134]
[c=12372000000 pc=00000000802afade]
[c=12373000000 pc=0000000080ae3050]
[c=12374000000 pc=00000000802aff4c]
[c=12375000000 pc=0000000080261de6]
[c=12376000000 pc=0000000080860136]
[c=12377000000 pc=00000000802afae2]
[c=12378000000 pc=0000000080ae3054]
[c=12379000000 pc=00000000802aff4e]
[c=12380000000 pc=0000000080261dea]
[c=12381000000 pc=0000000080860138]
[c=12382000000 pc=0000000080261fd6]
[c=12383000000 pc=0000000080ae305c]
[c=12384000000 pc=0000000080261e72]
[c=12385000000 pc=0000000080261e88]
[c=12386000000 pc=000000008086013c]
[c=12387000000 pc=00000000802afe60]
[c=12388000000 pc=0000000080ae305e]
[c=12389000000 pc=0000000080261e74]
[c=12390000000 pc=0000000080261e90]
[c=12391000000 pc=000000008086013c]
[c=12392000000 pc=00000000802afe64]
[c=12393000000 pc=0000000080ae3062]
[c=12394000000 pc=0000000080261e74]
[c=12395000000 pc=0000000080261e96]
[c=12396000000 pc=0000000080860142]
[c=12397000000 pc=00000000802afe66]
[c=12398000000 pc=0000000080ae5328]
[c=12399000000 pc=0000000080261dee]
[c=12400000000 pc=0000000080261e9a]
[c=12401000000 pc=000000008086014a]
[c=12402000000 pc=00000000802afe6a]
[c=12403000000 pc=0000000080ae532c]
[c=12404000000 pc=0000000080261df2]
[c=12405000000 pc=0000000080261ea0]
[c=12406000000 pc=000000008086014c]
[c=12407000000 pc=00000000802afe70]
[c=12408000000 pc=0000000080ae5330]
[c=12409000000 pc=0000000080261df2]
[c=12410000000 pc=0000000080860402]
[c=12411000000 pc=0000000080860150]
[c=12412000000 pc=00000000802afe74]
[c=12413000000 pc=0000000080ae5332]
[c=12414000000 pc=0000000080261df4]
[c=12415000000 pc=0000000080860404]
[c=12416000000 pc=0000000080860154]
[c=12417000000 pc=00000000802afe76]
[c=12418000000 pc=0000000080261fc4]
[c=12419000000 pc=0000000080261df6]
[c=12420000000 pc=0000000080860408]
[c=12421000000 pc=0000000080860156]
[c=12422000000 pc=0000000080261fdc]
[c=12423000000 pc=0000000080261f18]
[c=12424000000 pc=0000000080261df8]
[c=12425000000 pc=0000000080860414]
[c=12426000000 pc=0000000080261eb8]
[c=12427000000 pc=0000000080261fbc]
[c=12428000000 pc=0000000080261e6e]
[c=12429000000 pc=0000000080261dfa]
[c=12430000000 pc=0000000080860416]
[c=12431000000 pc=0000000080261fb2]
[c=12432000000 pc=0000000080261fc0]
[c=12433000000 pc=00000000802aff2c]
[c=12434000000 pc=0000000080261e78]
[c=12435000000 pc=0000000080261ea4]
[c=12436000000 pc=0000000080261fb6]
[c=12437000000 pc=0000000080ae530c]
[c=12438000000 pc=00000000802aff30]
[c=12439000000 pc=0000000080261e78]
[c=12440000000 pc=0000000080261eaa]
[c=12441000000 pc=0000000080261fd2]
[c=12442000000 pc=0000000080ae530e]
[c=12443000000 pc=00000000802aff32]
[c=12444000000 pc=0000000080261e7c]
[c=12445000000 pc=0000000080261eac]
[c=12446000000 pc=00000000802afaca]
[c=12447000000 pc=0000000080ae5314]
[c=12448000000 pc=00000000802aff34]
[c=12449000000 pc=0000000080261e7e]
[c=12450000000 pc=0000000080261eb0]
[c=12451000000 pc=00000000802afacc]
[c=12452000000 pc=0000000080ae5318]
[c=12453000000 pc=00000000802aff38]
[c=12454000000 pc=0000000080261e80]
[c=12455000000 pc=0000000080261eb4]
[c=12456000000 pc=00000000802afad0]
[c=12457000000 pc=0000000080ae531a]
[c=12458000000 pc=00000000802aff3c]
[c=12459000000 pc=0000000080261ddc]
[c=12460000000 pc=0000000080860130]
[c=12461000000 pc=00000000802afad8]
[c=12462000000 pc=0000000080ae5320]
[c=12463000000 pc=00000000802aff3c]
[c=12464000000 pc=0000000080261de0]
[c=12465000000 pc=0000000080860132]
[c=12466000000 pc=00000000802afada]
[c=12467000000 pc=0000000080ae304e]
[c=12468000000 pc=00000000802aff3e]
[c=12469000000 pc=0000000080261de2]
[c=12470000000 pc=0000000080860134]
[c=12471000000 pc=00000000802afade]
[c=12472000000 pc=0000000080ae3050]
[c=12473000000 pc=00000000802aff4c]
[c=12474000000 pc=0000000080261de6]
[c=12475000000 pc=0000000080860136]
[c=12476000000 pc=00000000802afae2]
[c=12477000000 pc=0000000080ae3054]
[c=12478000000 pc=00000000802aff4e]
[c=12479000000 pc=0000000080261dea]
[c=12480000000 pc=0000000080860138]
[c=12481000000 pc=0000000080261fd6]
[c=12482000000 pc=0000000080ae305c]
[c=12483000000 pc=0000000080261e72]
[c=12484000000 pc=0000000080261e88]
[c=12485000000 pc=000000008086013c]
[c=12486000000 pc=00000000802afe60]
[c=12487000000 pc=0000000080ae305e]
[c=12488000000 pc=0000000080261e74]
[c=12489000000 pc=0000000080261e90]
[c=12490000000 pc=000000008086013c]
[c=12491000000 pc=00000000802afe64]
[c=12492000000 pc=0000000080ae3062]
[c=12493000000 pc=0000000080261e74]
[c=12494000000 pc=0000000080261e96]
[c=12495000000 pc=0000000080860142]
[c=12496000000 pc=00000000802afe66]
[c=12497000000 pc=0000000080ae5328]
[c=12498000000 pc=0000000080261dee]
[c=12499000000 pc=0000000080261e9a]
[c=12500000000 pc=000000008086014a]
[c=12501000000 pc=00000000802afe6a]
[c=12502000000 pc=0000000080ae532c]
[c=12503000000 pc=0000000080261df2]
[c=12504000000 pc=0000000080261ea0]
[c=12505000000 pc=000000008086014c]
[c=12506000000 pc=00000000802afe70]
[c=12507000000 pc=0000000080ae5330]
[c=12508000000 pc=0000000080261df2]
[c=12509000000 pc=0000000080860402]
[c=12510000000 pc=0000000080860150]
[c=12511000000 pc=00000000802afe74]
[c=12512000000 pc=0000000080ae5332]
[c=12513000000 pc=0000000080261df4]
[c=12514000000 pc=0000000080860404]
[c=12515000000 pc=0000000080860154]
[c=12516000000 pc=00000000802afe76]
[c=12517000000 pc=0000000080261fc4]
[c=12518000000 pc=0000000080261df6]
[c=12519000000 pc=0000000080860408]
[c=12520000000 pc=0000000080860156]
[c=12521000000 pc=0000000080261fdc]
[c=12522000000 pc=0000000080261f18]
[c=12523000000 pc=0000000080261df8]
[c=12524000000 pc=0000000080860414]
[c=12525000000 pc=0000000080261eb8]
[c=12526000000 pc=0000000080261fbc]
[c=12527000000 pc=0000000080261e6e]
[c=12528000000 pc=0000000080261dfa]
[c=12529000000 pc=0000000080860416]
[c=12530000000 pc=0000000080261fb2]
[c=12531000000 pc=0000000080261fc0]
[c=12532000000 pc=00000000802aff2c]
[c=12533000000 pc=0000000080261e78]
[c=12534000000 pc=0000000080261ea4]
[c=12535000000 pc=0000000080261fb6]
[c=12536000000 pc=0000000080ae530c]
[c=12537000000 pc=00000000802aff30]
[c=12538000000 pc=0000000080261e78]
[c=12539000000 pc=0000000080261eaa]
[c=12540000000 pc=0000000080261fd2]
[c=12541000000 pc=0000000080ae530e]
[c=12542000000 pc=00000000802aff32]
[c=12543000000 pc=0000000080261e7c]
[c=12544000000 pc=0000000080261eac]
[c=12545000000 pc=00000000802afaca]
[c=12546000000 pc=0000000080ae5314]
[c=12547000000 pc=00000000802aff34]
[c=12548000000 pc=0000000080261e7e]
[c=12549000000 pc=0000000080261eb0]
[c=12550000000 pc=00000000802afacc]
[c=12551000000 pc=0000000080ae5318]
[c=12552000000 pc=00000000802aff38]
[c=12553000000 pc=0000000080261e80]
[c=12554000000 pc=0000000080261eb4]
[c=12555000000 pc=00000000802afad0]
[c=12556000000 pc=0000000080ae531a]
[c=12557000000 pc=00000000802aff3c]
[c=12558000000 pc=0000000080261ddc]
[c=12559000000 pc=0000000080860130]
[c=12560000000 pc=00000000802afad8]
[c=12561000000 pc=0000000080ae5320]
[c=12562000000 pc=00000000802aff3c]
[c=12563000000 pc=0000000080261de0]
[c=12564000000 pc=0000000080860132]
[c=12565000000 pc=00000000802afada]
[c=12566000000 pc=0000000080ae304e]
[c=12567000000 pc=00000000802aff3e]
[c=12568000000 pc=0000000080261de2]
[c=12569000000 pc=0000000080860134]
[c=12570000000 pc=00000000802afade]
[c=12571000000 pc=0000000080ae3050]
[c=12572000000 pc=00000000802aff4c]
[c=12573000000 pc=0000000080261de6]
[c=12574000000 pc=0000000080860136]
[c=12575000000 pc=00000000802afae2]
[c=12576000000 pc=0000000080ae3054]
[c=12577000000 pc=00000000802aff4e]
[c=12578000000 pc=0000000080261dea]
[c=12579000000 pc=0000000080860138]
[c=12580000000 pc=0000000080261fd6]
[c=12581000000 pc=0000000080ae305c]
[c=12582000000 pc=0000000080261e72]
[c=12583000000 pc=0000000080261e88]
[c=12584000000 pc=000000008086013c]
[c=12585000000 pc=00000000802afe60]
[c=12586000000 pc=0000000080ae305e]
[c=12587000000 pc=0000000080261e74]
[c=12588000000 pc=0000000080261e90]
[c=12589000000 pc=000000008086013c]
[c=12590000000 pc=00000000802afe64]
[c=12591000000 pc=0000000080ae3062]
[c=12592000000 pc=0000000080261e74]
[c=12593000000 pc=0000000080261e96]
[c=12594000000 pc=0000000080860142]
[c=12595000000 pc=00000000802afe66]
[c=12596000000 pc=0000000080ae5328]
[c=12597000000 pc=0000000080261dee]
[c=12598000000 pc=0000000080261e9a]
[c=12599000000 pc=000000008086014a]
[c=12600000000 pc=00000000802afe6a]
[c=12601000000 pc=0000000080ae532c]
[c=12602000000 pc=0000000080261df2]
[c=12603000000 pc=0000000080261ea0]
[c=12604000000 pc=000000008086014c]
[c=12605000000 pc=00000000802afe70]
[c=12606000000 pc=0000000080ae5330]
[c=12607000000 pc=0000000080261df2]
[c=12608000000 pc=0000000080860402]
[c=12609000000 pc=0000000080860150]
[c=12610000000 pc=00000000802afe74]
[c=12611000000 pc=0000000080ae5332]
[c=12612000000 pc=0000000080261df4]
[c=12613000000 pc=0000000080860404]
[c=12614000000 pc=0000000080860154]
[c=12615000000 pc=00000000802afe76]
[c=12616000000 pc=0000000080261fc4]
[c=12617000000 pc=0000000080261df6]
[c=12618000000 pc=0000000080860408]
[c=12619000000 pc=0000000080860156]
[c=12620000000 pc=0000000080261fdc]
[c=12621000000 pc=0000000080261f18]
[c=12622000000 pc=0000000080261df8]
[c=12623000000 pc=0000000080860414]
[c=12624000000 pc=0000000080261eb8]
[c=12625000000 pc=0000000080261fbc]
[c=12626000000 pc=0000000080261e6e]
[c=12627000000 pc=0000000080261dfa]
[c=12628000000 pc=0000000080860416]
[c=12629000000 pc=0000000080261fb2]
[c=12630000000 pc=0000000080261fc0]
[c=12631000000 pc=00000000802aff2c]
[c=12632000000 pc=0000000080261e78]
[c=12633000000 pc=0000000080261ea4]
[c=12634000000 pc=0000000080261fb6]
[c=12635000000 pc=0000000080ae530c]
[c=12636000000 pc=00000000802aff30]
[c=12637000000 pc=0000000080261e78]
[c=12638000000 pc=0000000080261eaa]
[c=12639000000 pc=0000000080261fd2]
[c=12640000000 pc=0000000080ae530e]
[c=12641000000 pc=00000000802aff32]
[c=12642000000 pc=0000000080261e7c]
[c=12643000000 pc=0000000080261eac]
[c=12644000000 pc=00000000802afaca]
[c=12645000000 pc=0000000080ae5314]
[c=12646000000 pc=00000000802aff34]
[c=12647000000 pc=0000000080261e7e]
[c=12648000000 pc=0000000080261eb0]
[c=12649000000 pc=00000000802afacc]
[c=12650000000 pc=0000000080ae5318]
[c=12651000000 pc=00000000802aff38]
[c=12652000000 pc=0000000080261e80]
[c=12653000000 pc=0000000080261eb4]
[c=12654000000 pc=00000000802afad0]
[c=12655000000 pc=0000000080ae531a]
[c=12656000000 pc=00000000802aff3c]
[c=12657000000 pc=0000000080261ddc]
[c=12658000000 pc=0000000080860130]
[c=12659000000 pc=00000000802afad8]
[c=12660000000 pc=0000000080ae5320]
[c=12661000000 pc=00000000802aff3c]
[c=12662000000 pc=0000000080261de0]
[c=12663000000 pc=0000000080860132]
[c=12664000000 pc=00000000802afada]
[c=12665000000 pc=0000000080ae304e]
[c=12666000000 pc=00000000802aff3e]
[c=12667000000 pc=0000000080261de2]
[c=12668000000 pc=0000000080860134]
[c=12669000000 pc=00000000802afade]
[c=12670000000 pc=0000000080ae3050]
[c=12671000000 pc=00000000802aff4c]
[c=12672000000 pc=0000000080261de6]
[c=12673000000 pc=0000000080860136]
[c=12674000000 pc=00000000802afae2]
[c=12675000000 pc=0000000080ae3054]
[c=12676000000 pc=00000000802aff4e]
[c=12677000000 pc=0000000080261dea]
[c=12678000000 pc=0000000080860138]
[c=12679000000 pc=0000000080261fd6]
[c=12680000000 pc=0000000080ae305c]
[c=12681000000 pc=0000000080261e72]
[c=12682000000 pc=0000000080261e88]
[c=12683000000 pc=000000008086013c]
[c=12684000000 pc=00000000802afe60]
[c=12685000000 pc=0000000080ae305e]
[c=12686000000 pc=0000000080261e74]
[c=12687000000 pc=0000000080261e90]
[c=12688000000 pc=000000008086013c]
[c=12689000000 pc=00000000802afe64]
[c=12690000000 pc=0000000080ae3062]
[c=12691000000 pc=0000000080261e74]
[c=12692000000 pc=0000000080261e96]
[c=12693000000 pc=0000000080860142]
[c=12694000000 pc=00000000802afe66]
[c=12695000000 pc=0000000080ae5328]
[c=12696000000 pc=0000000080261dee]
[c=12697000000 pc=0000000080261e9a]
[c=12698000000 pc=000000008086014a]
[c=12699000000 pc=00000000802afe6a]
[c=12700000000 pc=0000000080ae532c]
[c=12701000000 pc=0000000080261df2]
[c=12702000000 pc=0000000080261ea0]
[c=12703000000 pc=000000008086014c]
[c=12704000000 pc=00000000802afe70]
[c=12705000000 pc=0000000080ae5330]
[c=12706000000 pc=0000000080261df2]
[c=12707000000 pc=0000000080860402]
[c=12708000000 pc=0000000080860150]
[c=12709000000 pc=00000000802afe74]
[c=12710000000 pc=0000000080ae5332]
[c=12711000000 pc=0000000080261df4]
[c=12712000000 pc=0000000080860404]
[c=12713000000 pc=0000000080860154]
[c=12714000000 pc=00000000802afe76]
[c=12715000000 pc=0000000080261fc4]
[c=12716000000 pc=0000000080261df6]
[c=12717000000 pc=0000000080860408]
[c=12718000000 pc=0000000080860156]
[c=12719000000 pc=0000000080261fdc]
[c=12720000000 pc=0000000080261f18]
[c=12721000000 pc=0000000080261df8]
[c=12722000000 pc=0000000080860414]
[c=12723000000 pc=0000000080261eb8]
[c=12724000000 pc=0000000080261fbc]
[c=12725000000 pc=0000000080261e6e]
[c=12726000000 pc=0000000080261dfa]
[c=12727000000 pc=0000000080860416]
[c=12728000000 pc=0000000080261fb2]
[c=12729000000 pc=0000000080261fc0]
[c=12730000000 pc=00000000802aff2c]
[c=12731000000 pc=0000000080261e78]
[c=12732000000 pc=0000000080261ea4]
[c=12733000000 pc=0000000080261fb6]
[c=12734000000 pc=0000000080ae530c]
[c=12735000000 pc=00000000802aff30]
[c=12736000000 pc=0000000080261e78]
[c=12737000000 pc=0000000080261eaa]
[c=12738000000 pc=0000000080261fd2]
[c=12739000000 pc=0000000080ae530e]
[c=12740000000 pc=00000000802aff32]
[c=12741000000 pc=0000000080261e7c]
[c=12742000000 pc=0000000080261eac]
[c=12743000000 pc=00000000802afaca]
[c=12744000000 pc=0000000080ae5314]
[c=12745000000 pc=00000000802aff34]
[c=12746000000 pc=0000000080261e7e]
[c=12747000000 pc=0000000080261eb0]
[c=12748000000 pc=00000000802afacc]
[c=12749000000 pc=0000000080ae5318]
[c=12750000000 pc=00000000802aff38]
[c=12751000000 pc=0000000080261e80]
[c=12752000000 pc=0000000080261eb4]
[c=12753000000 pc=00000000802afad0]
[c=12754000000 pc=0000000080ae531a]
[c=12755000000 pc=00000000802aff3c]
[c=12756000000 pc=0000000080261ddc]
[c=12757000000 pc=0000000080860130]
[c=12758000000 pc=00000000802afad8]
[c=12759000000 pc=0000000080ae5320]
[c=12760000000 pc=00000000802aff3c]
[c=12761000000 pc=0000000080261de0]
[c=12762000000 pc=0000000080860132]
[c=12763000000 pc=00000000802afada]
[c=12764000000 pc=0000000080ae304e]
[c=12765000000 pc=00000000802aff3e]
[c=12766000000 pc=0000000080261de2]
[c=12767000000 pc=0000000080860134]
[c=12768000000 pc=00000000802afade]
[c=12769000000 pc=0000000080ae3050]
[c=12770000000 pc=00000000802aff4c]
[c=12771000000 pc=0000000080261de6]
[c=12772000000 pc=0000000080860136]
[c=12773000000 pc=00000000802afae2]
[c=12774000000 pc=0000000080ae3054]
[c=12775000000 pc=00000000802aff4e]
[c=12776000000 pc=0000000080261dea]
[c=12777000000 pc=0000000080860138]
[c=12778000000 pc=0000000080261fd6]
[c=12779000000 pc=0000000080ae305c]
[c=12780000000 pc=0000000080261e72]
[c=12781000000 pc=0000000080261e88]
[c=12782000000 pc=000000008086013c]
[c=12783000000 pc=00000000802afe60]
[c=12784000000 pc=0000000080ae305e]
[c=12785000000 pc=0000000080261e74]
[c=12786000000 pc=0000000080261e90]
[c=12787000000 pc=000000008086013c]
[c=12788000000 pc=00000000802afe64]
[c=12789000000 pc=0000000080ae3062]
[c=12790000000 pc=0000000080261e74]
[c=12791000000 pc=0000000080261e96]
[c=12792000000 pc=0000000080860142]
[c=12793000000 pc=00000000802afe66]
[c=12794000000 pc=0000000080ae5328]
[c=12795000000 pc=0000000080261dee]
[c=12796000000 pc=0000000080261e9a]
[c=12797000000 pc=000000008086014a]
[c=12798000000 pc=00000000802afe6a]
[c=12799000000 pc=0000000080ae532c]
[c=12800000000 pc=0000000080261df2]
[c=12801000000 pc=0000000080261ea0]
[c=12802000000 pc=000000008086014c]
[c=12803000000 pc=00000000802afe70]
[c=12804000000 pc=0000000080ae5330]
[c=12805000000 pc=0000000080261df2]
[c=12806000000 pc=0000000080860402]
[c=12807000000 pc=0000000080860150]
[c=12808000000 pc=00000000802afe74]
[c=12809000000 pc=0000000080ae5332]
[c=12810000000 pc=0000000080261df4]
[c=12811000000 pc=0000000080860404]
[c=12812000000 pc=0000000080860154]
[c=12813000000 pc=00000000802afe76]
[c=12814000000 pc=0000000080261fc4]
[c=12815000000 pc=0000000080261df6]
[c=12816000000 pc=0000000080860408]
[c=12817000000 pc=0000000080860156]
[c=12818000000 pc=0000000080261fdc]
[c=12819000000 pc=0000000080261f18]
[c=12820000000 pc=0000000080261df8]
[c=12821000000 pc=0000000080860414]
[c=12822000000 pc=0000000080261eb8]
[c=12823000000 pc=0000000080261fbc]
[c=12824000000 pc=0000000080261e6e]
[c=12825000000 pc=0000000080261dfa]
[c=12826000000 pc=0000000080860416]
[c=12827000000 pc=0000000080261fb2]
[c=12828000000 pc=0000000080261fc0]
[c=12829000000 pc=00000000802aff2c]
[c=12830000000 pc=0000000080261e78]
[c=12831000000 pc=0000000080261ea4]
[c=12832000000 pc=0000000080261fb6]
[c=12833000000 pc=0000000080ae530c]
[c=12834000000 pc=00000000802aff30]
[c=12835000000 pc=0000000080261e78]
[c=12836000000 pc=0000000080261eaa]
[c=12837000000 pc=0000000080261fd2]
[c=12838000000 pc=0000000080ae530e]
[c=12839000000 pc=00000000802aff32]
[c=12840000000 pc=0000000080261e7c]
[c=12841000000 pc=0000000080261eac]
[c=12842000000 pc=00000000802afaca]
[c=12843000000 pc=0000000080ae5314]
[c=12844000000 pc=00000000802aff34]
[c=12845000000 pc=0000000080261e7e]
[c=12846000000 pc=0000000080261eb0]
[c=12847000000 pc=00000000802afacc]
[c=12848000000 pc=0000000080ae5318]
[c=12849000000 pc=00000000802aff38]
[c=12850000000 pc=0000000080261e80]
[c=12851000000 pc=0000000080261eb4]
[c=12852000000 pc=00000000802afad0]
[c=12853000000 pc=0000000080ae531a]
[c=12854000000 pc=00000000802aff3c]
[c=12855000000 pc=0000000080261ddc]
[c=12856000000 pc=0000000080860130]
[c=12857000000 pc=00000000802afad8]
[c=12858000000 pc=0000000080ae5320]
[c=12859000000 pc=00000000802aff3c]
[c=12860000000 pc=0000000080261de0]
[c=12861000000 pc=0000000080860132]
[c=12862000000 pc=00000000802afada]
[c=12863000000 pc=0000000080ae304e]
[c=12864000000 pc=00000000802aff3e]
[c=12865000000 pc=0000000080261de2]
[c=12866000000 pc=0000000080860134]
[c=12867000000 pc=00000000802afade]
[c=12868000000 pc=0000000080ae3050]
[c=12869000000 pc=00000000802aff4c]
[c=12870000000 pc=0000000080261de6]
[c=12871000000 pc=0000000080860136]
[c=12872000000 pc=00000000802afae2]
[c=12873000000 pc=0000000080ae3054]
[c=12874000000 pc=00000000802aff4e]
[c=12875000000 pc=0000000080261dea]
[c=12876000000 pc=0000000080860138]
[c=12877000000 pc=0000000080261fd6]
[c=12878000000 pc=0000000080ae305c]
[c=12879000000 pc=0000000080261e72]
[c=12880000000 pc=0000000080261e88]
[c=12881000000 pc=000000008086013c]
[c=12882000000 pc=00000000802afe60]
[c=12883000000 pc=0000000080ae305e]
[c=12884000000 pc=0000000080261e74]
[c=12885000000 pc=0000000080261e90]
[c=12886000000 pc=000000008086013c]
[c=12887000000 pc=00000000802afe64]
[c=12888000000 pc=0000000080ae3062]
[c=12889000000 pc=0000000080261e74]
[c=12890000000 pc=0000000080261e96]
[c=12891000000 pc=0000000080860142]
[c=12892000000 pc=00000000802afe66]
[c=12893000000 pc=0000000080ae5328]
[c=12894000000 pc=0000000080261dee]
[c=12895000000 pc=0000000080261e9a]
[c=12896000000 pc=000000008086014a]
[c=12897000000 pc=00000000802afe6a]
[c=12898000000 pc=0000000080ae532c]
[c=12899000000 pc=0000000080261df2]
[c=12900000000 pc=0000000080261ea0]
[c=12901000000 pc=000000008086014c]
[c=12902000000 pc=00000000802afe70]
[c=12903000000 pc=0000000080ae5330]
[c=12904000000 pc=0000000080261df2]
[c=12905000000 pc=0000000080860402]
[c=12906000000 pc=0000000080860150]
[c=12907000000 pc=00000000802afe74]
[c=12908000000 pc=0000000080ae5332]
[c=12909000000 pc=0000000080261df4]
[c=12910000000 pc=0000000080860404]
[c=12911000000 pc=0000000080860154]
[c=12912000000 pc=00000000802afe76]
[c=12913000000 pc=0000000080261fc4]
[c=12914000000 pc=0000000080261df6]
[c=12915000000 pc=0000000080860408]
[c=12916000000 pc=0000000080860156]
[c=12917000000 pc=0000000080261fdc]
[c=12918000000 pc=0000000080261f18]
[c=12919000000 pc=0000000080261df8]
[c=12920000000 pc=0000000080860414]
[c=12921000000 pc=0000000080261eb8]
[c=12922000000 pc=0000000080261fbc]
[c=12923000000 pc=0000000080261e6e]
[c=12924000000 pc=0000000080261dfa]
[c=12925000000 pc=0000000080860416]
[c=12926000000 pc=0000000080261fb2]
[c=12927000000 pc=0000000080261fc0]
[c=12928000000 pc=00000000802aff2c]
[c=12929000000 pc=0000000080261e78]
[c=12930000000 pc=0000000080261ea4]
[c=12931000000 pc=0000000080261fb6]
[c=12932000000 pc=0000000080ae530c]
[c=12933000000 pc=00000000802aff30]
[c=12934000000 pc=0000000080261e78]
[c=12935000000 pc=0000000080261eaa]
[c=12936000000 pc=0000000080261fd2]
[c=12937000000 pc=0000000080ae530e]
[c=12938000000 pc=00000000802aff32]
[c=12939000000 pc=0000000080261e7c]
[c=12940000000 pc=0000000080261eac]
[c=12941000000 pc=00000000802afaca]
[c=12942000000 pc=0000000080ae5314]
[c=12943000000 pc=00000000802aff34]
[c=12944000000 pc=0000000080261e7e]
[c=12945000000 pc=0000000080261eb0]
[c=12946000000 pc=00000000802afacc]
[c=12947000000 pc=0000000080ae5318]
[c=12948000000 pc=00000000802aff38]
[c=12949000000 pc=0000000080261e80]
[c=12950000000 pc=0000000080261eb4]
[c=12951000000 pc=00000000802afad0]
[c=12952000000 pc=0000000080ae531a]
[c=12953000000 pc=00000000802aff3c]
[c=12954000000 pc=0000000080261ddc]
[c=12955000000 pc=0000000080860130]
[c=12956000000 pc=00000000802afad8]
[c=12957000000 pc=0000000080ae5320]
[c=12958000000 pc=00000000802aff3c]
[c=12959000000 pc=0000000080261de0]
[c=12960000000 pc=0000000080860132]
[c=12961000000 pc=00000000802afada]
[c=12962000000 pc=0000000080ae304e]
[c=12963000000 pc=00000000802aff3e]
[c=12964000000 pc=0000000080261de2]
[c=12965000000 pc=0000000080860134]
[c=12966000000 pc=00000000802afade]
[c=12967000000 pc=0000000080ae3050]
[c=12968000000 pc=00000000802aff4c]
[c=12969000000 pc=0000000080261de6]
[c=12970000000 pc=0000000080860136]
[c=12971000000 pc=00000000802afae2]
[c=12972000000 pc=0000000080ae3054]
[c=12973000000 pc=00000000802aff4e]
[c=12974000000 pc=0000000080261dea]
[c=12975000000 pc=0000000080860138]
[c=12976000000 pc=0000000080261fd6]
[c=12977000000 pc=0000000080ae305c]
[c=12978000000 pc=0000000080261e72]
[c=12979000000 pc=0000000080261e88]
[c=12980000000 pc=000000008086013c]
[c=12981000000 pc=00000000802afe60]
[c=12982000000 pc=0000000080ae305e]
[c=12983000000 pc=0000000080261e74]
[c=12984000000 pc=0000000080261e90]
[c=12985000000 pc=000000008086013c]
[c=12986000000 pc=00000000802afe64]
[c=12987000000 pc=0000000080ae3062]
[c=12988000000 pc=0000000080261e74]
[c=12989000000 pc=0000000080261e96]
[c=12990000000 pc=0000000080860142]
[c=12991000000 pc=00000000802afe66]
[c=12992000000 pc=0000000080ae5328]
[c=12993000000 pc=0000000080261dee]
[c=12994000000 pc=0000000080261e9a]
[c=12995000000 pc=000000008086014a]
[c=12996000000 pc=00000000802afe6a]
[c=12997000000 pc=0000000080ae532c]
[c=12998000000 pc=0000000080261df2]
[c=12999000000 pc=0000000080261ea0]
[c=13000000000 pc=000000008086014c]
[c=13001000000 pc=00000000802afe70]
[c=13002000000 pc=0000000080ae5330]
[c=13003000000 pc=0000000080261df2]
[c=13004000000 pc=0000000080860402]
[c=13005000000 pc=0000000080860150]
[c=13006000000 pc=00000000802afe74]
[c=13007000000 pc=0000000080ae5332]
[c=13008000000 pc=0000000080261df4]
[c=13009000000 pc=0000000080860404]
[c=13010000000 pc=0000000080860154]
[c=13011000000 pc=00000000802afe76]
[c=13012000000 pc=0000000080261fc4]
[c=13013000000 pc=0000000080261df6]
[c=13014000000 pc=0000000080860408]
[c=13015000000 pc=0000000080860156]
[c=13016000000 pc=0000000080261fdc]
[c=13017000000 pc=0000000080261f18]
[c=13018000000 pc=0000000080261df8]
[c=13019000000 pc=0000000080860414]
[c=13020000000 pc=0000000080261eb8]
[c=13021000000 pc=0000000080261fbc]
[c=13022000000 pc=0000000080261e6e]
[c=13023000000 pc=0000000080261dfa]
[c=13024000000 pc=0000000080860416]
[c=13025000000 pc=0000000080261fb2]
[c=13026000000 pc=0000000080261fc0]
[c=13027000000 pc=00000000802aff2c]
[c=13028000000 pc=0000000080261e78]
[c=13029000000 pc=0000000080261ea4]
[c=13030000000 pc=0000000080261fb6]
[c=13031000000 pc=0000000080ae530c]
[c=13032000000 pc=00000000802aff30]
[c=13033000000 pc=0000000080261e78]
[c=13034000000 pc=0000000080261eaa]
[c=13035000000 pc=0000000080261fd2]
[c=13036000000 pc=0000000080ae530e]
[c=13037000000 pc=00000000802aff32]
[c=13038000000 pc=0000000080261e7c]
[c=13039000000 pc=0000000080261eac]
[c=13040000000 pc=00000000802afaca]
[c=13041000000 pc=0000000080ae5314]
[c=13042000000 pc=00000000802aff34]
[c=13043000000 pc=0000000080261e7e]
[c=13044000000 pc=0000000080261eb0]
[c=13045000000 pc=00000000802afacc]
[c=13046000000 pc=0000000080ae5318]
[c=13047000000 pc=00000000802aff38]
[c=13048000000 pc=0000000080261e80]
[c=13049000000 pc=0000000080261eb4]
[c=13050000000 pc=00000000802afad0]
[c=13051000000 pc=0000000080ae531a]
[c=13052000000 pc=00000000802aff3c]
[c=13053000000 pc=0000000080261ddc]
[c=13054000000 pc=0000000080860130]
[c=13055000000 pc=00000000802afad8]
[c=13056000000 pc=0000000080ae5320]
[c=13057000000 pc=00000000802aff3c]
[c=13058000000 pc=0000000080261de0]
[c=13059000000 pc=0000000080860132]
[c=13060000000 pc=00000000802afada]
[c=13061000000 pc=0000000080ae304e]
[c=13062000000 pc=00000000802aff3e]
[c=13063000000 pc=0000000080261de2]
[c=13064000000 pc=0000000080860134]
[c=13065000000 pc=00000000802afade]
[c=13066000000 pc=0000000080ae3050]
[c=13067000000 pc=00000000802aff4c]
[c=13068000000 pc=0000000080261de6]
[c=13069000000 pc=0000000080860136]
[c=13070000000 pc=00000000802afae2]
[c=13071000000 pc=0000000080ae3054]
[c=13072000000 pc=00000000802aff4e]
[c=13073000000 pc=0000000080261dea]
[c=13074000000 pc=0000000080860138]
[c=13075000000 pc=0000000080261fd6]
[c=13076000000 pc=0000000080ae305c]
[c=13077000000 pc=0000000080261e72]
[c=13078000000 pc=0000000080261e88]
[c=13079000000 pc=000000008086013c]
[c=13080000000 pc=00000000802afe60]
[c=13081000000 pc=0000000080ae305e]
[c=13082000000 pc=0000000080261e74]
[c=13083000000 pc=0000000080261e90]
[c=13084000000 pc=000000008086013c]
[c=13085000000 pc=00000000802afe64]
[c=13086000000 pc=0000000080ae3062]
[c=13087000000 pc=0000000080261e74]
[c=13088000000 pc=0000000080261e96]
[c=13089000000 pc=0000000080860142]
[c=13090000000 pc=00000000802afe66]
[c=13091000000 pc=0000000080ae5328]
[c=13092000000 pc=0000000080261dee]
[c=13093000000 pc=0000000080261e9a]
[c=13094000000 pc=000000008086014a]
[c=13095000000 pc=00000000802afe6a]
[c=13096000000 pc=0000000080ae532c]
[c=13097000000 pc=0000000080261df2]
[c=13098000000 pc=0000000080261ea0]
[c=13099000000 pc=000000008086014c]
[c=13100000000 pc=00000000802afe70]
[c=13101000000 pc=0000000080ae5330]
[c=13102000000 pc=0000000080261df2]
[c=13103000000 pc=0000000080860402]
[c=13104000000 pc=0000000080860150]
[c=13105000000 pc=00000000802afe74]
[c=13106000000 pc=0000000080ae5332]
[c=13107000000 pc=0000000080261df4]
[c=13108000000 pc=0000000080860404]
[c=13109000000 pc=0000000080860154]
[c=13110000000 pc=00000000802afe76]
[c=13111000000 pc=0000000080261fc4]
[c=13112000000 pc=0000000080261df6]
[c=13113000000 pc=0000000080860408]
[c=13114000000 pc=0000000080860156]
[c=13115000000 pc=0000000080261fdc]
[c=13116000000 pc=0000000080261f18]
[c=13117000000 pc=0000000080261df8]
[c=13118000000 pc=0000000080860414]
[c=13119000000 pc=0000000080261eb8]
[c=13120000000 pc=0000000080261fbc]
[c=13121000000 pc=0000000080261e6e]
[c=13122000000 pc=0000000080261dfa]
[c=13123000000 pc=0000000080860416]
[c=13124000000 pc=0000000080261fb2]
[c=13125000000 pc=0000000080261fc0]
[c=13126000000 pc=00000000802aff2c]
[c=13127000000 pc=0000000080261e78]
[c=13128000000 pc=0000000080261ea4]
[c=13129000000 pc=0000000080261fb6]
[c=13130000000 pc=0000000080ae530c]
[c=13131000000 pc=00000000802aff30]
[c=13132000000 pc=0000000080261e78]
[c=13133000000 pc=0000000080261eaa]
[c=13134000000 pc=0000000080261fd2]
[c=13135000000 pc=0000000080ae530e]
[c=13136000000 pc=00000000802aff32]
[c=13137000000 pc=0000000080261e7c]
[c=13138000000 pc=0000000080261eac]
[c=13139000000 pc=00000000802afaca]
[c=13140000000 pc=0000000080ae5314]
[c=13141000000 pc=00000000802aff34]
[c=13142000000 pc=0000000080261e7e]
[c=13143000000 pc=0000000080261eb0]
[c=13144000000 pc=00000000802afacc]
[c=13145000000 pc=0000000080ae5318]
[c=13146000000 pc=00000000802aff38]
[c=13147000000 pc=0000000080261e80]
[c=13148000000 pc=0000000080261eb4]
[c=13149000000 pc=00000000802afad0]
[c=13150000000 pc=0000000080ae531a]
[c=13151000000 pc=00000000802aff3c]
[c=13152000000 pc=0000000080261ddc]
[c=13153000000 pc=0000000080860130]
[c=13154000000 pc=00000000802afad8]
[c=13155000000 pc=0000000080ae5320]
[c=13156000000 pc=00000000802aff3c]
[c=13157000000 pc=0000000080261de0]
[c=13158000000 pc=0000000080860132]
[c=13159000000 pc=00000000802afada]
[c=13160000000 pc=0000000080ae304e]
[c=13161000000 pc=00000000802aff3e]
[c=13162000000 pc=0000000080261de2]
[c=13163000000 pc=0000000080860134]
[c=13164000000 pc=00000000802afade]
[c=13165000000 pc=0000000080ae3050]
[c=13166000000 pc=00000000802aff4c]
[c=13167000000 pc=0000000080261de6]
[c=13168000000 pc=0000000080860136]
[c=13169000000 pc=00000000802afae2]
[c=13170000000 pc=0000000080ae3054]
[c=13171000000 pc=00000000802aff4e]
[c=13172000000 pc=0000000080261dea]
[c=13173000000 pc=0000000080860138]
[c=13174000000 pc=0000000080261fd6]
[c=13175000000 pc=0000000080ae305c]
[c=13176000000 pc=0000000080261e72]
[c=13177000000 pc=0000000080261e88]
[c=13178000000 pc=000000008086013c]
[c=13179000000 pc=00000000802afe60]
[c=13180000000 pc=0000000080ae305e]
[c=13181000000 pc=0000000080261e74]
[c=13182000000 pc=0000000080261e90]
[c=13183000000 pc=000000008086013c]
[c=13184000000 pc=00000000802afe64]
[c=13185000000 pc=0000000080ae3062]
[c=13186000000 pc=0000000080261e74]
[c=13187000000 pc=0000000080261e96]
[c=13188000000 pc=0000000080860142]
[c=13189000000 pc=00000000802afe66]
[c=13190000000 pc=0000000080ae5328]
[c=13191000000 pc=0000000080261dee]
[c=13192000000 pc=0000000080261e9a]
[c=13193000000 pc=000000008086014a]
[c=13194000000 pc=00000000802afe6a]
[c=13195000000 pc=0000000080ae532c]
[c=13196000000 pc=0000000080261df2]
[c=13197000000 pc=0000000080261ea0]
[c=13198000000 pc=000000008086014c]
[c=13199000000 pc=00000000802afe70]
[c=13200000000 pc=0000000080ae5330]
[c=13201000000 pc=0000000080261df2]
[c=13202000000 pc=0000000080860402]
[c=13203000000 pc=0000000080860150]
[c=13204000000 pc=00000000802afe74]
[c=13205000000 pc=0000000080ae5332]
[c=13206000000 pc=0000000080261df4]
[c=13207000000 pc=0000000080860404]
[c=13208000000 pc=0000000080860154]
[c=13209000000 pc=00000000802afe76]
[c=13210000000 pc=0000000080261fc4]
[c=13211000000 pc=0000000080261df6]
[c=13212000000 pc=0000000080860408]
[c=13213000000 pc=0000000080860156]
[c=13214000000 pc=0000000080261fdc]
[c=13215000000 pc=0000000080261f18]
[c=13216000000 pc=0000000080261df8]
[c=13217000000 pc=0000000080860414]
[c=13218000000 pc=0000000080261eb8]
[c=13219000000 pc=0000000080261fbc]
[c=13220000000 pc=0000000080261e6e]
[c=13221000000 pc=0000000080261dfa]
[c=13222000000 pc=0000000080860416]
[c=13223000000 pc=0000000080261fb2]
[c=13224000000 pc=0000000080261fc0]
[c=13225000000 pc=00000000802aff2c]
[c=13226000000 pc=0000000080261e78]
[c=13227000000 pc=0000000080261ea4]
[c=13228000000 pc=0000000080261fb6]
[c=13229000000 pc=0000000080ae530c]
[c=13230000000 pc=00000000802aff30]
[c=13231000000 pc=0000000080261e78]
[c=13232000000 pc=0000000080261eaa]
[c=13233000000 pc=0000000080261fd2]
[c=13234000000 pc=0000000080ae530e]
[c=13235000000 pc=00000000802aff32]
[c=13236000000 pc=0000000080261e7c]
[c=13237000000 pc=0000000080261eac]
[c=13238000000 pc=00000000802afaca]
[c=13239000000 pc=0000000080ae5314]
[c=13240000000 pc=00000000802aff34]
[c=13241000000 pc=0000000080261e7e]
[c=13242000000 pc=0000000080261eb0]
[c=13243000000 pc=00000000802afacc]
[c=13244000000 pc=0000000080ae5318]
[c=13245000000 pc=00000000802aff38]
[c=13246000000 pc=0000000080261e80]
[c=13247000000 pc=0000000080261eb4]
[c=13248000000 pc=00000000802afad0]
[c=13249000000 pc=0000000080ae531a]
[c=13250000000 pc=00000000802aff3c]
[c=13251000000 pc=0000000080261ddc]
[c=13252000000 pc=0000000080860130]
[c=13253000000 pc=00000000802afad8]
[c=13254000000 pc=0000000080ae5320]
[c=13255000000 pc=00000000802aff3c]
[c=13256000000 pc=0000000080261de0]
[c=13257000000 pc=0000000080860132]
[c=13258000000 pc=00000000802afada]
[c=13259000000 pc=0000000080ae304e]
[c=13260000000 pc=00000000802aff3e]
[c=13261000000 pc=0000000080261de2]
[c=13262000000 pc=0000000080860134]
[c=13263000000 pc=00000000802afade]
[c=13264000000 pc=0000000080ae3050]
[c=13265000000 pc=00000000802aff4c]
[c=13266000000 pc=0000000080261de6]
[c=13267000000 pc=0000000080860136]
[c=13268000000 pc=00000000802afae2]
[c=13269000000 pc=0000000080ae3054]
[c=13270000000 pc=00000000802aff4e]
[c=13271000000 pc=0000000080261dea]
[c=13272000000 pc=0000000080860138]
[c=13273000000 pc=0000000080261fd6]
[c=13274000000 pc=0000000080ae305c]
[c=13275000000 pc=0000000080261e72]
[c=13276000000 pc=0000000080261e88]
[c=13277000000 pc=000000008086013c]
[c=13278000000 pc=00000000802afe60]
[c=13279000000 pc=0000000080ae305e]
[c=13280000000 pc=0000000080261e74]
[c=13281000000 pc=0000000080261e90]
[c=13282000000 pc=000000008086013c]
[c=13283000000 pc=00000000802afe64]
[c=13284000000 pc=0000000080ae3062]
[c=13285000000 pc=0000000080261e74]
[c=13286000000 pc=0000000080261e96]
[c=13287000000 pc=0000000080860142]
[c=13288000000 pc=00000000802afe66]
[c=13289000000 pc=0000000080ae5328]
[c=13290000000 pc=0000000080261dee]
[c=13291000000 pc=0000000080261e9a]
[c=13292000000 pc=000000008086014a]
[c=13293000000 pc=00000000802afe6a]
[c=13294000000 pc=0000000080ae532c]
[c=13295000000 pc=0000000080261df2]
[c=13296000000 pc=0000000080261ea0]
[c=13297000000 pc=000000008086014c]
[c=13298000000 pc=00000000802afe70]
[c=13299000000 pc=0000000080ae5330]
[c=13300000000 pc=0000000080261df2]
[c=13301000000 pc=0000000080860402]
[c=13302000000 pc=0000000080860150]
[c=13303000000 pc=00000000802afe74]
[c=13304000000 pc=0000000080ae5332]
[c=13305000000 pc=0000000080261df4]
[c=13306000000 pc=0000000080860404]
[c=13307000000 pc=0000000080860154]
[c=13308000000 pc=00000000802afe76]
[c=13309000000 pc=0000000080261fc4]
[c=13310000000 pc=0000000080261df6]
[c=13311000000 pc=0000000080860408]
[c=13312000000 pc=0000000080860156]
[c=13313000000 pc=0000000080261fdc]
[c=13314000000 pc=0000000080261f18]
[c=13315000000 pc=0000000080261df8]
[c=13316000000 pc=0000000080860414]
[c=13317000000 pc=0000000080261eb8]
[c=13318000000 pc=0000000080261fbc]
[c=13319000000 pc=0000000080261e6e]
[c=13320000000 pc=0000000080261dfa]
[c=13321000000 pc=0000000080860416]
[c=13322000000 pc=0000000080261fb2]
[c=13323000000 pc=0000000080261fc0]
[c=13324000000 pc=00000000802aff2c]
[c=13325000000 pc=0000000080261e78]
[c=13326000000 pc=0000000080261ea4]
[c=13327000000 pc=0000000080261fb6]
[c=13328000000 pc=0000000080ae530c]
[c=13329000000 pc=00000000802aff30]
[c=13330000000 pc=0000000080261e78]
[c=13331000000 pc=0000000080261eaa]
[c=13332000000 pc=0000000080261fd2]
[c=13333000000 pc=0000000080ae530e]
[c=13334000000 pc=00000000802aff32]
[c=13335000000 pc=0000000080261e7c]
[c=13336000000 pc=0000000080261eac]
[c=13337000000 pc=00000000802afaca]
[c=13338000000 pc=0000000080ae5314]
[c=13339000000 pc=00000000802aff34]
[c=13340000000 pc=0000000080261e7e]
[c=13341000000 pc=0000000080261eb0]
[c=13342000000 pc=00000000802afacc]
[c=13343000000 pc=0000000080ae5318]
[c=13344000000 pc=00000000802aff38]
[c=13345000000 pc=0000000080261e80]
[c=13346000000 pc=0000000080261eb4]
[c=13347000000 pc=00000000802afad0]
[c=13348000000 pc=0000000080ae531a]
[c=13349000000 pc=00000000802aff3c]
[c=13350000000 pc=0000000080261ddc]
[c=13351000000 pc=0000000080860130]
[c=13352000000 pc=00000000802afad8]
[c=13353000000 pc=0000000080ae5320]
[c=13354000000 pc=00000000802aff3c]
[c=13355000000 pc=0000000080261de0]
[c=13356000000 pc=0000000080860132]
[c=13357000000 pc=00000000802afada]
[c=13358000000 pc=0000000080ae304e]
[c=13359000000 pc=00000000802aff3e]
[c=13360000000 pc=0000000080261de2]
[c=13361000000 pc=0000000080860134]
[c=13362000000 pc=00000000802afade]
[c=13363000000 pc=0000000080ae3050]
[c=13364000000 pc=00000000802aff4c]
[c=13365000000 pc=0000000080261de6]
[c=13366000000 pc=0000000080860136]
[c=13367000000 pc=00000000802afae2]
[c=13368000000 pc=0000000080ae3054]
[c=13369000000 pc=00000000802aff4e]
[c=13370000000 pc=0000000080261dea]
[c=13371000000 pc=0000000080860138]
[c=13372000000 pc=0000000080261fd6]
[c=13373000000 pc=0000000080ae305c]
[c=13374000000 pc=0000000080261e72]
[c=13375000000 pc=0000000080261e88]
[c=13376000000 pc=000000008086013c]
[c=13377000000 pc=00000000802afe60]
[c=13378000000 pc=0000000080ae305e]
[c=13379000000 pc=0000000080261e74]
[c=13380000000 pc=0000000080261e90]
[c=13381000000 pc=000000008086013c]
[c=13382000000 pc=00000000802afe64]
[c=13383000000 pc=0000000080ae3062]
[c=13384000000 pc=0000000080261e74]
[c=13385000000 pc=0000000080261e96]
[c=13386000000 pc=0000000080860142]
[c=13387000000 pc=00000000802afe66]
[c=13388000000 pc=0000000080ae5328]
[c=13389000000 pc=0000000080261dee]
[c=13390000000 pc=0000000080261e9a]
[c=13391000000 pc=000000008086014a]
[c=13392000000 pc=00000000802afe6a]
[c=13393000000 pc=0000000080ae532c]
[c=13394000000 pc=0000000080261df2]
[c=13395000000 pc=0000000080261ea0]
[c=13396000000 pc=000000008086014c]
[c=13397000000 pc=00000000802afe70]
[c=13398000000 pc=0000000080ae5330]
[c=13399000000 pc=0000000080261df2]
[c=13400000000 pc=0000000080860402]
[c=13401000000 pc=0000000080860150]
[c=13402000000 pc=00000000802afe74]
[c=13403000000 pc=0000000080ae5332]
[c=13404000000 pc=0000000080261df4]
[c=13405000000 pc=0000000080860404]
[c=13406000000 pc=0000000080860154]
[c=13407000000 pc=00000000802afe76]
[c=13408000000 pc=0000000080261fc4]
[c=13409000000 pc=0000000080261df6]
[c=13410000000 pc=0000000080860408]
[c=13411000000 pc=0000000080860156]
[c=13412000000 pc=0000000080261fdc]
[c=13413000000 pc=0000000080261f18]
[c=13414000000 pc=0000000080261df8]
[c=13415000000 pc=0000000080860414]
[c=13416000000 pc=0000000080261eb8]
[c=13417000000 pc=0000000080261fbc]
[c=13418000000 pc=0000000080261e6e]
[c=13419000000 pc=0000000080261dfa]
[c=13420000000 pc=0000000080860416]
[c=13421000000 pc=0000000080261fb2]
[c=13422000000 pc=0000000080261fc0]
[c=13423000000 pc=00000000802aff2c]
[c=13424000000 pc=0000000080261e78]
[c=13425000000 pc=0000000080261ea4]
[c=13426000000 pc=0000000080261fb6]
[c=13427000000 pc=0000000080ae530c]
[c=13428000000 pc=00000000802aff30]
[c=13429000000 pc=0000000080261e78]
[c=13430000000 pc=0000000080261eaa]
[c=13431000000 pc=0000000080261fd2]
[c=13432000000 pc=0000000080ae530e]
[c=13433000000 pc=00000000802aff32]
[c=13434000000 pc=0000000080261e7c]
[c=13435000000 pc=0000000080261eac]
[c=13436000000 pc=00000000802afaca]
[c=13437000000 pc=0000000080ae5314]
[c=13438000000 pc=00000000802aff34]
[c=13439000000 pc=0000000080261e7e]
[c=13440000000 pc=0000000080261eb0]
[c=13441000000 pc=00000000802afacc]
[c=13442000000 pc=0000000080ae5318]
[c=13443000000 pc=00000000802aff38]
[c=13444000000 pc=0000000080261e80]
[c=13445000000 pc=0000000080261eb4]
[c=13446000000 pc=00000000802afad0]
[c=13447000000 pc=0000000080ae531a]
[c=13448000000 pc=00000000802aff3c]
[c=13449000000 pc=0000000080261ddc]
[c=13450000000 pc=0000000080860130]
[c=13451000000 pc=00000000802afad8]
[c=13452000000 pc=0000000080ae5320]
[c=13453000000 pc=00000000802aff3c]
[c=13454000000 pc=0000000080261de0]
[c=13455000000 pc=0000000080860132]
[c=13456000000 pc=00000000802afada]
[c=13457000000 pc=0000000080ae304e]
[c=13458000000 pc=00000000802aff3e]
[c=13459000000 pc=0000000080261de2]
[c=13460000000 pc=0000000080860134]
[c=13461000000 pc=00000000802afade]
[c=13462000000 pc=0000000080ae3050]
[c=13463000000 pc=00000000802aff4c]
[c=13464000000 pc=0000000080261de6]
[c=13465000000 pc=0000000080860136]
[c=13466000000 pc=00000000802afae2]
[c=13467000000 pc=0000000080ae3054]
[c=13468000000 pc=00000000802aff4e]
[c=13469000000 pc=0000000080261dea]
[c=13470000000 pc=0000000080860138]
[c=13471000000 pc=0000000080261fd6]
[c=13472000000 pc=0000000080ae305c]
[c=13473000000 pc=0000000080261e72]
[c=13474000000 pc=0000000080261e88]
[c=13475000000 pc=000000008086013c]
[c=13476000000 pc=00000000802afe60]
[c=13477000000 pc=0000000080ae305e]
[c=13478000000 pc=0000000080261e74]
[c=13479000000 pc=0000000080261e90]
[c=13480000000 pc=000000008086013c]
[c=13481000000 pc=00000000802afe64]
[c=13482000000 pc=0000000080ae3062]
[c=13483000000 pc=0000000080261e74]
[c=13484000000 pc=0000000080261e96]
[c=13485000000 pc=0000000080860142]
[c=13486000000 pc=00000000802afe66]
[c=13487000000 pc=0000000080ae5328]
[c=13488000000 pc=0000000080261dee]
[c=13489000000 pc=0000000080261e9a]
[c=13490000000 pc=000000008086014a]
[c=13491000000 pc=00000000802afe6a]
[c=13492000000 pc=0000000080ae532c]
[c=13493000000 pc=0000000080261df2]
[c=13494000000 pc=0000000080261ea0]
[c=13495000000 pc=000000008086014c]
[c=13496000000 pc=00000000802afe70]
[c=13497000000 pc=0000000080ae5330]
[c=13498000000 pc=0000000080261df2]
[c=13499000000 pc=0000000080860402]
[c=13500000000 pc=0000000080860150]
[c=13501000000 pc=00000000802afe74]
[c=13502000000 pc=0000000080ae5332]
[c=13503000000 pc=0000000080261df4]
[c=13504000000 pc=0000000080860404]
[c=13505000000 pc=0000000080860154]
[c=13506000000 pc=00000000802afe76]
[c=13507000000 pc=0000000080261fc4]
[c=13508000000 pc=0000000080261df6]
[c=13509000000 pc=0000000080860408]
[c=13510000000 pc=0000000080860156]
[c=13511000000 pc=0000000080261fdc]
[c=13512000000 pc=0000000080261f18]
[c=13513000000 pc=0000000080261df8]
[c=13514000000 pc=0000000080860414]
[c=13515000000 pc=0000000080261eb8]
[c=13516000000 pc=0000000080261fbc]
[c=13517000000 pc=0000000080261e6e]
[c=13518000000 pc=0000000080261dfa]
[c=13519000000 pc=0000000080860416]
[c=13520000000 pc=0000000080261fb2]
[c=13521000000 pc=0000000080261fc0]
[c=13522000000 pc=00000000802aff2c]
[c=13523000000 pc=0000000080261e78]
[c=13524000000 pc=0000000080261ea4]
[c=13525000000 pc=0000000080261fb6]
[c=13526000000 pc=0000000080ae530c]
[c=13527000000 pc=00000000802aff30]
[c=13528000000 pc=0000000080261e78]
[c=13529000000 pc=0000000080261eaa]
[c=13530000000 pc=0000000080261fd2]
[c=13531000000 pc=0000000080ae530e]
[c=13532000000 pc=00000000802aff32]
[c=13533000000 pc=0000000080261e7c]
[c=13534000000 pc=0000000080261eac]
[c=13535000000 pc=00000000802afaca]
[c=13536000000 pc=0000000080ae5314]
[c=13537000000 pc=00000000802aff34]
[c=13538000000 pc=0000000080261e7e]
[c=13539000000 pc=0000000080261eb0]
[c=13540000000 pc=00000000802afacc]
[c=13541000000 pc=0000000080ae5318]
[c=13542000000 pc=00000000802aff38]
[c=13543000000 pc=0000000080261e80]
[c=13544000000 pc=0000000080261eb4]
[c=13545000000 pc=00000000802afad0]
[c=13546000000 pc=0000000080ae531a]
[c=13547000000 pc=00000000802aff3c]
[c=13548000000 pc=0000000080261ddc]
[c=13549000000 pc=0000000080860130]
[c=13550000000 pc=00000000802afad8]
[c=13551000000 pc=0000000080ae5320]
[c=13552000000 pc=00000000802aff3c]
[c=13553000000 pc=0000000080261de0]
[c=13554000000 pc=0000000080860132]
[c=13555000000 pc=00000000802afada]
[c=13556000000 pc=0000000080ae304e]
[c=13557000000 pc=00000000802aff3e]
[c=13558000000 pc=0000000080261de2]
[c=13559000000 pc=0000000080860134]
[c=13560000000 pc=00000000802afade]
[c=13561000000 pc=0000000080ae3050]
[c=13562000000 pc=00000000802aff4c]
[c=13563000000 pc=0000000080261de6]
[c=13564000000 pc=0000000080860136]
[c=13565000000 pc=00000000802afae2]
[c=13566000000 pc=0000000080ae3054]
[c=13567000000 pc=00000000802aff4e]
[c=13568000000 pc=0000000080261dea]
[c=13569000000 pc=0000000080860138]
[c=13570000000 pc=0000000080261fd6]
[c=13571000000 pc=0000000080ae305c]
[c=13572000000 pc=0000000080261e72]
[c=13573000000 pc=0000000080261e88]
[c=13574000000 pc=000000008086013c]
[c=13575000000 pc=00000000802afe60]
[c=13576000000 pc=0000000080ae305e]
[c=13577000000 pc=0000000080261e74]
[c=13578000000 pc=0000000080261e90]
[c=13579000000 pc=000000008086013c]
[c=13580000000 pc=00000000802afe64]
[c=13581000000 pc=0000000080ae3062]
[c=13582000000 pc=0000000080261e74]
[c=13583000000 pc=0000000080261e96]
[c=13584000000 pc=0000000080860142]
[c=13585000000 pc=00000000802afe66]
[c=13586000000 pc=0000000080ae5328]
[c=13587000000 pc=0000000080261dee]
[c=13588000000 pc=0000000080261e9a]
[c=13589000000 pc=000000008086014a]
[c=13590000000 pc=00000000802afe6a]
[c=13591000000 pc=0000000080ae532c]
[c=13592000000 pc=0000000080261df2]
[c=13593000000 pc=0000000080261ea0]
[c=13594000000 pc=000000008086014c]
[c=13595000000 pc=00000000802afe70]
[c=13596000000 pc=0000000080ae5330]
[c=13597000000 pc=0000000080261df2]
[c=13598000000 pc=0000000080860402]
[c=13599000000 pc=0000000080860150]
[c=13600000000 pc=00000000802afe74]
[c=13601000000 pc=0000000080ae5332]
[c=13602000000 pc=0000000080261df4]
[c=13603000000 pc=0000000080860404]
[c=13604000000 pc=0000000080860154]
[c=13605000000 pc=00000000802afe76]
[c=13606000000 pc=0000000080261fc4]
[c=13607000000 pc=0000000080261df6]
[c=13608000000 pc=0000000080860408]
[c=13609000000 pc=0000000080860156]
[c=13610000000 pc=0000000080261fdc]
[c=13611000000 pc=0000000080261f18]
[c=13612000000 pc=0000000080261df8]
[c=13613000000 pc=0000000080860414]
[c=13614000000 pc=0000000080261eb8]
[c=13615000000 pc=0000000080261fbc]
[c=13616000000 pc=0000000080261e6e]
[c=13617000000 pc=0000000080261dfa]
[c=13618000000 pc=0000000080860416]
[c=13619000000 pc=0000000080261fb2]
[c=13620000000 pc=0000000080261fc0]
[c=13621000000 pc=00000000802aff2c]
[c=13622000000 pc=0000000080261e78]
[c=13623000000 pc=0000000080261ea4]
[c=13624000000 pc=0000000080261fb6]
[c=13625000000 pc=0000000080ae530c]
[c=13626000000 pc=00000000802aff30]
[c=13627000000 pc=0000000080261e78]
[c=13628000000 pc=0000000080261eaa]
[c=13629000000 pc=0000000080261fd2]
[c=13630000000 pc=0000000080ae530e]
[c=13631000000 pc=00000000802aff32]
[c=13632000000 pc=0000000080261e7c]
[c=13633000000 pc=0000000080261eac]
[c=13634000000 pc=00000000802afaca]
[c=13635000000 pc=0000000080ae5314]
[c=13636000000 pc=00000000802aff34]
[c=13637000000 pc=0000000080261e7e]
[c=13638000000 pc=0000000080261eb0]
[c=13639000000 pc=00000000802afacc]
[c=13640000000 pc=0000000080ae5318]
[c=13641000000 pc=00000000802aff38]
[c=13642000000 pc=0000000080261e80]
[c=13643000000 pc=0000000080261eb4]
[c=13644000000 pc=00000000802afad0]
[c=13645000000 pc=0000000080ae531a]
[c=13646000000 pc=00000000802aff3c]
[c=13647000000 pc=0000000080261ddc]
[c=13648000000 pc=0000000080860130]
[c=13649000000 pc=00000000802afad8]
[c=13650000000 pc=0000000080ae5320]
[c=13651000000 pc=00000000802aff3c]
[c=13652000000 pc=0000000080261de0]
[c=13653000000 pc=0000000080860132]
[c=13654000000 pc=00000000802afada]
[c=13655000000 pc=0000000080ae304e]
[c=13656000000 pc=00000000802aff3e]
[c=13657000000 pc=0000000080261de2]
[c=13658000000 pc=0000000080860134]
[c=13659000000 pc=00000000802afade]
[c=13660000000 pc=0000000080ae3050]
[c=13661000000 pc=00000000802aff4c]
[c=13662000000 pc=0000000080261de6]
[c=13663000000 pc=0000000080860136]
[c=13664000000 pc=00000000802afae2]
[c=13665000000 pc=0000000080ae3054]
[c=13666000000 pc=00000000802aff4e]
[c=13667000000 pc=0000000080261dea]
[c=13668000000 pc=0000000080860138]
[c=13669000000 pc=0000000080261fd6]
[c=13670000000 pc=0000000080ae305c]
[c=13671000000 pc=0000000080261e72]
[c=13672000000 pc=0000000080261e88]
[c=13673000000 pc=000000008086013c]
[c=13674000000 pc=00000000802afe60]
[c=13675000000 pc=0000000080ae305e]
[c=13676000000 pc=0000000080261e74]
[c=13677000000 pc=0000000080261e90]
[c=13678000000 pc=000000008086013c]
[c=13679000000 pc=00000000802afe64]
[c=13680000000 pc=0000000080ae3062]
[c=13681000000 pc=0000000080261e74]
[c=13682000000 pc=0000000080261e96]
[c=13683000000 pc=0000000080860142]
[c=13684000000 pc=00000000802afe66]
[c=13685000000 pc=0000000080ae5328]
[c=13686000000 pc=0000000080261dee]
[c=13687000000 pc=0000000080261e9a]
[c=13688000000 pc=000000008086014a]
[c=13689000000 pc=00000000802afe6a]
[c=13690000000 pc=0000000080ae532c]
[c=13691000000 pc=0000000080261df2]
[c=13692000000 pc=0000000080261ea0]
[c=13693000000 pc=000000008086014c]
[c=13694000000 pc=00000000802afe70]
[c=13695000000 pc=0000000080ae5330]
[c=13696000000 pc=0000000080261df2]
[c=13697000000 pc=0000000080860402]
[c=13698000000 pc=0000000080860150]
[c=13699000000 pc=00000000802afe74]
[c=13700000000 pc=0000000080ae5332]
[c=13701000000 pc=0000000080261df4]
[c=13702000000 pc=0000000080860404]
[c=13703000000 pc=0000000080860154]
[c=13704000000 pc=00000000802afe76]
[c=13705000000 pc=0000000080261fc4]
[c=13706000000 pc=0000000080261df6]
[c=13707000000 pc=0000000080860408]
[c=13708000000 pc=0000000080860156]
[c=13709000000 pc=0000000080261fdc]
[c=13710000000 pc=0000000080261f18]
[c=13711000000 pc=0000000080261df8]
[c=13712000000 pc=0000000080860414]
[c=13713000000 pc=0000000080261eb8]
[c=13714000000 pc=0000000080261fbc]
[c=13715000000 pc=0000000080261e6e]
[c=13716000000 pc=0000000080261dfa]
[c=13717000000 pc=0000000080860416]
[c=13718000000 pc=0000000080261fb2]
[c=13719000000 pc=0000000080261fc0]
[c=13720000000 pc=00000000802aff2c]
[c=13721000000 pc=0000000080261e78]
[c=13722000000 pc=0000000080261ea4]
[c=13723000000 pc=0000000080261fb6]
[c=13724000000 pc=0000000080ae530c]
[c=13725000000 pc=00000000802aff30]
[c=13726000000 pc=0000000080261e78]
[c=13727000000 pc=0000000080261eaa]
[c=13728000000 pc=0000000080261fd2]
[c=13729000000 pc=0000000080ae530e]
[c=13730000000 pc=00000000802aff32]
[c=13731000000 pc=0000000080261e7c]
[c=13732000000 pc=0000000080261eac]
[c=13733000000 pc=00000000802afaca]
[c=13734000000 pc=0000000080ae5314]
[c=13735000000 pc=00000000802aff34]
[c=13736000000 pc=0000000080261e7e]
[c=13737000000 pc=0000000080261eb0]
[c=13738000000 pc=00000000802afacc]
[c=13739000000 pc=0000000080ae5318]
[c=13740000000 pc=00000000802aff38]
[c=13741000000 pc=0000000080261e80]
[c=13742000000 pc=0000000080261eb4]
[c=13743000000 pc=00000000802afad0]
[c=13744000000 pc=0000000080ae531a]
[c=13745000000 pc=00000000802aff3c]
[c=13746000000 pc=0000000080261ddc]
[c=13747000000 pc=0000000080860130]
[c=13748000000 pc=00000000802afad8]
[c=13749000000 pc=0000000080ae5320]
[c=13750000000 pc=00000000802aff3c]
[c=13751000000 pc=0000000080261de0]
[c=13752000000 pc=0000000080860132]
[c=13753000000 pc=00000000802afada]
[c=13754000000 pc=0000000080ae304e]
[c=13755000000 pc=00000000802aff3e]
[c=13756000000 pc=0000000080261de2]
[c=13757000000 pc=0000000080860134]
[c=13758000000 pc=00000000802afade]
[c=13759000000 pc=0000000080ae3050]
[c=13760000000 pc=00000000802aff4c]
[c=13761000000 pc=0000000080261de6]
[c=13762000000 pc=0000000080860136]
[c=13763000000 pc=00000000802afae2]
[c=13764000000 pc=0000000080ae3054]
[c=13765000000 pc=00000000802aff4e]
[c=13766000000 pc=0000000080261dea]
[c=13767000000 pc=0000000080860138]
[c=13768000000 pc=0000000080261fd6]
[c=13769000000 pc=0000000080ae305c]
[c=13770000000 pc=0000000080261e72]
[c=13771000000 pc=0000000080261e88]
[c=13772000000 pc=000000008086013c]
[c=13773000000 pc=00000000802afe60]
[c=13774000000 pc=0000000080ae305e]
[c=13775000000 pc=0000000080261e74]
[c=13776000000 pc=0000000080261e90]
[c=13777000000 pc=000000008086013c]
[c=13778000000 pc=00000000802afe64]
[c=13779000000 pc=0000000080ae3062]
[c=13780000000 pc=0000000080261e74]
[c=13781000000 pc=0000000080261e96]
[c=13782000000 pc=0000000080860142]
[c=13783000000 pc=00000000802afe66]
[c=13784000000 pc=0000000080ae5328]
[c=13785000000 pc=0000000080261dee]
[c=13786000000 pc=0000000080261e9a]
[c=13787000000 pc=000000008086014a]
[c=13788000000 pc=00000000802afe6a]
[c=13789000000 pc=0000000080ae532c]
[c=13790000000 pc=0000000080261df2]
[c=13791000000 pc=0000000080261ea0]
[c=13792000000 pc=000000008086014c]
[c=13793000000 pc=00000000802afe70]
[c=13794000000 pc=0000000080ae5330]
[c=13795000000 pc=0000000080261df2]
[c=13796000000 pc=0000000080860402]
[c=13797000000 pc=0000000080860150]
[c=13798000000 pc=00000000802afe74]
[c=13799000000 pc=0000000080ae5332]
[c=13800000000 pc=0000000080261df4]
[c=13801000000 pc=0000000080860404]
[c=13802000000 pc=0000000080860154]
[c=13803000000 pc=00000000802afe76]
[c=13804000000 pc=0000000080261fc4]
[c=13805000000 pc=0000000080261df6]
[c=13806000000 pc=0000000080860408]
[c=13807000000 pc=0000000080860156]
[c=13808000000 pc=0000000080261fdc]
[c=13809000000 pc=0000000080261f18]
[c=13810000000 pc=0000000080261df8]
[c=13811000000 pc=0000000080860414]
[c=13812000000 pc=0000000080261eb8]
[c=13813000000 pc=0000000080261fbc]
[c=13814000000 pc=0000000080261e6e]
[c=13815000000 pc=0000000080261dfa]
[c=13816000000 pc=0000000080860416]
[c=13817000000 pc=0000000080261fb2]
[c=13818000000 pc=0000000080261fc0]
[c=13819000000 pc=00000000802aff2c]
[c=13820000000 pc=0000000080261e78]
[c=13821000000 pc=0000000080261ea4]
[c=13822000000 pc=0000000080261fb6]
[c=13823000000 pc=0000000080ae530c]
[c=13824000000 pc=00000000802aff30]
[c=13825000000 pc=0000000080261e78]
[c=13826000000 pc=0000000080261eaa]
[c=13827000000 pc=0000000080261fd2]
[c=13828000000 pc=0000000080ae530e]
[c=13829000000 pc=00000000802aff32]
[c=13830000000 pc=0000000080261e7c]
[c=13831000000 pc=0000000080261eac]
[c=13832000000 pc=00000000802afaca]
[c=13833000000 pc=0000000080ae5314]
[c=13834000000 pc=00000000802aff34]
[c=13835000000 pc=0000000080261e7e]
[c=13836000000 pc=0000000080261eb0]
[c=13837000000 pc=00000000802afacc]
[c=13838000000 pc=0000000080ae5318]
[c=13839000000 pc=00000000802aff38]
[c=13840000000 pc=0000000080261e80]
[c=13841000000 pc=0000000080261eb4]
[c=13842000000 pc=00000000802afad0]
[c=13843000000 pc=0000000080ae531a]
[c=13844000000 pc=00000000802aff3c]
[c=13845000000 pc=0000000080261ddc]
[c=13846000000 pc=0000000080860130]
[c=13847000000 pc=00000000802afad8]
[c=13848000000 pc=0000000080ae5320]
[c=13849000000 pc=00000000802aff3c]
[c=13850000000 pc=0000000080261de0]
[c=13851000000 pc=0000000080860132]
[c=13852000000 pc=00000000802afada]
[c=13853000000 pc=0000000080ae304e]
[c=13854000000 pc=00000000802aff3e]
[c=13855000000 pc=0000000080261de2]
[c=13856000000 pc=0000000080860134]
[c=13857000000 pc=00000000802afade]
[c=13858000000 pc=0000000080ae3050]
[c=13859000000 pc=00000000802aff4c]
[c=13860000000 pc=0000000080261de6]
[c=13861000000 pc=0000000080860136]
[c=13862000000 pc=00000000802afae2]
[c=13863000000 pc=0000000080ae3054]
[c=13864000000 pc=00000000802aff4e]
[c=13865000000 pc=0000000080261dea]
[c=13866000000 pc=0000000080860138]
[c=13867000000 pc=0000000080261fd6]
[c=13868000000 pc=0000000080ae305c]
[c=13869000000 pc=0000000080261e72]
[c=13870000000 pc=0000000080261e88]
[c=13871000000 pc=000000008086013c]
[c=13872000000 pc=00000000802afe60]
[c=13873000000 pc=0000000080ae305e]
[c=13874000000 pc=0000000080261e74]
[c=13875000000 pc=0000000080261e90]
[c=13876000000 pc=000000008086013c]
[c=13877000000 pc=00000000802afe64]
[c=13878000000 pc=0000000080ae3062]
[c=13879000000 pc=0000000080261e74]
[c=13880000000 pc=0000000080261e96]
[c=13881000000 pc=0000000080860142]
[c=13882000000 pc=00000000802afe66]
[c=13883000000 pc=0000000080ae5328]
[c=13884000000 pc=0000000080261dee]
[c=13885000000 pc=0000000080261e9a]
[c=13886000000 pc=000000008086014a]
[c=13887000000 pc=00000000802afe6a]
[c=13888000000 pc=0000000080ae532c]
[c=13889000000 pc=0000000080261df2]
[c=13890000000 pc=0000000080261ea0]
[c=13891000000 pc=000000008086014c]
[c=13892000000 pc=00000000802afe70]
[c=13893000000 pc=0000000080ae5330]
[c=13894000000 pc=0000000080261df2]
[c=13895000000 pc=0000000080860402]
[c=13896000000 pc=0000000080860150]
[c=13897000000 pc=00000000802afe74]
[c=13898000000 pc=0000000080ae5332]
[c=13899000000 pc=0000000080261df4]
[c=13900000000 pc=0000000080860404]
[c=13901000000 pc=0000000080860154]
[c=13902000000 pc=00000000802afe76]
[c=13903000000 pc=0000000080261fc4]
[c=13904000000 pc=0000000080261df6]
[c=13905000000 pc=0000000080860408]
[c=13906000000 pc=0000000080860156]
[c=13907000000 pc=0000000080261fdc]
[c=13908000000 pc=0000000080261f18]
[c=13909000000 pc=0000000080261df8]
[c=13910000000 pc=0000000080860414]
[c=13911000000 pc=0000000080261eb8]
[c=13912000000 pc=0000000080261fbc]
[c=13913000000 pc=0000000080261e6e]
[c=13914000000 pc=0000000080261dfa]
[c=13915000000 pc=0000000080860416]
[c=13916000000 pc=0000000080261fb2]
[c=13917000000 pc=0000000080261fc0]
[c=13918000000 pc=00000000802aff2c]
[c=13919000000 pc=0000000080261e78]
[c=13920000000 pc=0000000080261ea4]
[c=13921000000 pc=0000000080261fb6]
[c=13922000000 pc=0000000080ae530c]
[c=13923000000 pc=00000000802aff30]
[c=13924000000 pc=0000000080261e78]
[c=13925000000 pc=0000000080261eaa]
[c=13926000000 pc=0000000080261fd2]
[c=13927000000 pc=0000000080ae530e]
[c=13928000000 pc=00000000802aff32]
[c=13929000000 pc=0000000080261e7c]
[c=13930000000 pc=0000000080261eac]
[c=13931000000 pc=00000000802afaca]
[c=13932000000 pc=0000000080ae5314]
[c=13933000000 pc=00000000802aff34]
[c=13934000000 pc=0000000080261e7e]
[c=13935000000 pc=0000000080261eb0]
[c=13936000000 pc=00000000802afacc]
[c=13937000000 pc=0000000080ae5318]
[c=13938000000 pc=00000000802aff38]
[c=13939000000 pc=0000000080261e80]
[c=13940000000 pc=0000000080261eb4]
[c=13941000000 pc=00000000802afad0]
[c=13942000000 pc=0000000080ae531a]
[c=13943000000 pc=00000000802aff3c]
[c=13944000000 pc=0000000080261ddc]
[c=13945000000 pc=0000000080860130]
[c=13946000000 pc=00000000802afad8]
[c=13947000000 pc=0000000080ae5320]
[c=13948000000 pc=00000000802aff3c]
[c=13949000000 pc=0000000080261de0]
[c=13950000000 pc=0000000080860132]
[c=13951000000 pc=00000000802afada]
[c=13952000000 pc=0000000080ae304e]
[c=13953000000 pc=00000000802aff3e]
[c=13954000000 pc=0000000080261de2]
[c=13955000000 pc=0000000080860134]
[c=13956000000 pc=00000000802afade]
[c=13957000000 pc=0000000080ae3050]
[c=13958000000 pc=00000000802aff4c]
[c=13959000000 pc=0000000080261de6]
[c=13960000000 pc=0000000080860136]
[c=13961000000 pc=00000000802afae2]
[c=13962000000 pc=0000000080ae3054]
[c=13963000000 pc=00000000802aff4e]
[c=13964000000 pc=0000000080261dea]
[c=13965000000 pc=0000000080860138]
[c=13966000000 pc=0000000080261fd6]
[c=13967000000 pc=0000000080ae305c]
[c=13968000000 pc=0000000080261e72]
[c=13969000000 pc=0000000080261e88]
[c=13970000000 pc=000000008086013c]
[c=13971000000 pc=00000000802afe60]
[c=13972000000 pc=0000000080ae305e]
[c=13973000000 pc=0000000080261e74]
[c=13974000000 pc=0000000080261e90]
[c=13975000000 pc=000000008086013c]
[c=13976000000 pc=00000000802afe64]
[c=13977000000 pc=0000000080ae3062]
[c=13978000000 pc=0000000080261e74]
[c=13979000000 pc=0000000080261e96]
[c=13980000000 pc=0000000080860142]
[c=13981000000 pc=00000000802afe66]
[c=13982000000 pc=0000000080ae5328]
[c=13983000000 pc=0000000080261dee]
[c=13984000000 pc=0000000080261e9a]
[c=13985000000 pc=000000008086014a]
[c=13986000000 pc=00000000802afe6a]
[c=13987000000 pc=0000000080ae532c]
[c=13988000000 pc=0000000080261df2]
[c=13989000000 pc=0000000080261ea0]
[c=13990000000 pc=000000008086014c]
[c=13991000000 pc=00000000802afe70]
[c=13992000000 pc=0000000080ae5330]
[c=13993000000 pc=0000000080261df2]
[c=13994000000 pc=0000000080860402]
[c=13995000000 pc=0000000080860150]
[c=13996000000 pc=00000000802afe74]
[c=13997000000 pc=0000000080ae5332]
[c=13998000000 pc=0000000080261df4]
[c=13999000000 pc=0000000080860404]
[c=14000000000 pc=0000000080860154]
[c=14001000000 pc=00000000802afe76]
[c=14002000000 pc=0000000080261fc4]
[c=14003000000 pc=0000000080261df6]
[c=14004000000 pc=0000000080860408]
[c=14005000000 pc=0000000080860156]
[c=14006000000 pc=0000000080261fdc]
[c=14007000000 pc=0000000080261f18]
[c=14008000000 pc=0000000080261df8]
[c=14009000000 pc=0000000080860414]
[c=14010000000 pc=0000000080261eb8]
[c=14011000000 pc=0000000080261fbc]
[c=14012000000 pc=0000000080261e6e]
[c=14013000000 pc=0000000080261dfa]
[c=14014000000 pc=0000000080860416]
[c=14015000000 pc=0000000080261fb2]
[c=14016000000 pc=0000000080261fc0]
[c=14017000000 pc=00000000802aff2c]
[c=14018000000 pc=0000000080261e78]
[c=14019000000 pc=0000000080261ea4]
[c=14020000000 pc=0000000080261fb6]
[c=14021000000 pc=0000000080ae530c]
[c=14022000000 pc=00000000802aff30]
[c=14023000000 pc=0000000080261e78]
[c=14024000000 pc=0000000080261eaa]
[c=14025000000 pc=0000000080261fd2]
[c=14026000000 pc=0000000080ae530e]
[c=14027000000 pc=00000000802aff32]
[c=14028000000 pc=0000000080261e7c]
[c=14029000000 pc=0000000080261eac]
[c=14030000000 pc=00000000802afaca]
[c=14031000000 pc=0000000080ae5314]
[c=14032000000 pc=00000000802aff34]
[c=14033000000 pc=0000000080261e7e]
[c=14034000000 pc=0000000080261eb0]
[c=14035000000 pc=00000000802afacc]
[c=14036000000 pc=0000000080ae5318]
[c=14037000000 pc=00000000802aff38]
[c=14038000000 pc=0000000080261e80]
[c=14039000000 pc=0000000080261eb4]
[c=14040000000 pc=00000000802afad0]
[c=14041000000 pc=0000000080ae531a]
[c=14042000000 pc=00000000802aff3c]
[c=14043000000 pc=0000000080261ddc]
[c=14044000000 pc=0000000080860130]
[c=14045000000 pc=00000000802afad8]
[c=14046000000 pc=0000000080ae5320]
[c=14047000000 pc=00000000802aff3c]
[c=14048000000 pc=0000000080261de0]
[c=14049000000 pc=0000000080860132]
[c=14050000000 pc=00000000802afada]
[c=14051000000 pc=0000000080ae304e]
[c=14052000000 pc=00000000802aff3e]
[c=14053000000 pc=0000000080261de2]
[c=14054000000 pc=0000000080860134]
[c=14055000000 pc=00000000802afade]
[c=14056000000 pc=0000000080ae3050]
[c=14057000000 pc=00000000802aff4c]
[c=14058000000 pc=0000000080261de6]
[c=14059000000 pc=0000000080860136]
[c=14060000000 pc=00000000802afae2]
[c=14061000000 pc=0000000080ae3054]
[c=14062000000 pc=00000000802aff4e]
[c=14063000000 pc=0000000080261dea]
[c=14064000000 pc=0000000080860138]
[c=14065000000 pc=0000000080261fd6]
[c=14066000000 pc=0000000080ae305c]
[c=14067000000 pc=0000000080261e72]
[c=14068000000 pc=0000000080261e88]
[c=14069000000 pc=000000008086013c]
[c=14070000000 pc=00000000802afe60]
[c=14071000000 pc=0000000080ae305e]
[c=14072000000 pc=0000000080261e74]
[c=14073000000 pc=0000000080261e90]
[c=14074000000 pc=000000008086013c]
[c=14075000000 pc=00000000802afe64]
[c=14076000000 pc=0000000080ae3062]
[c=14077000000 pc=0000000080261e74]
[c=14078000000 pc=0000000080261e96]
[c=14079000000 pc=0000000080860142]
[c=14080000000 pc=00000000802afe66]
[c=14081000000 pc=0000000080ae5328]
[c=14082000000 pc=0000000080261dee]
[c=14083000000 pc=0000000080261e9a]
[c=14084000000 pc=000000008086014a]
[c=14085000000 pc=00000000802afe6a]
[c=14086000000 pc=0000000080ae532c]
[c=14087000000 pc=0000000080261df2]
[c=14088000000 pc=0000000080261ea0]
[c=14089000000 pc=000000008086014c]
[c=14090000000 pc=00000000802afe70]
[c=14091000000 pc=0000000080ae5330]
[c=14092000000 pc=0000000080261df2]
[c=14093000000 pc=0000000080860402]
[c=14094000000 pc=0000000080860150]
[c=14095000000 pc=00000000802afe74]
[c=14096000000 pc=0000000080ae5332]
[c=14097000000 pc=0000000080261df4]
[c=14098000000 pc=0000000080860404]
[c=14099000000 pc=0000000080860154]
[c=14100000000 pc=00000000802afe76]
[c=14101000000 pc=0000000080261fc4]
[c=14102000000 pc=0000000080261df6]
[c=14103000000 pc=0000000080860408]
[c=14104000000 pc=0000000080860156]
[c=14105000000 pc=0000000080261fdc]
[c=14106000000 pc=0000000080261f18]
[c=14107000000 pc=0000000080261df8]
[c=14108000000 pc=0000000080860414]
[c=14109000000 pc=0000000080261eb8]
[c=14110000000 pc=0000000080261fbc]
[c=14111000000 pc=0000000080261e6e]
[c=14112000000 pc=0000000080261dfa]
[c=14113000000 pc=0000000080860416]
[c=14114000000 pc=0000000080261fb2]
[c=14115000000 pc=0000000080261fc0]
[c=14116000000 pc=00000000802aff2c]
[c=14117000000 pc=0000000080261e78]
[c=14118000000 pc=0000000080261ea4]
[c=14119000000 pc=0000000080261fb6]
[c=14120000000 pc=0000000080ae530c]
[c=14121000000 pc=00000000802aff30]
[c=14122000000 pc=0000000080261e78]
[c=14123000000 pc=0000000080261eaa]
[c=14124000000 pc=0000000080261fd2]
[c=14125000000 pc=0000000080ae530e]
[c=14126000000 pc=00000000802aff32]
[c=14127000000 pc=0000000080261e7c]
[c=14128000000 pc=0000000080261eac]
[c=14129000000 pc=00000000802afaca]
[c=14130000000 pc=0000000080ae5314]
[c=14131000000 pc=00000000802aff34]
[c=14132000000 pc=0000000080261e7e]
[c=14133000000 pc=0000000080261eb0]
[c=14134000000 pc=00000000802afacc]
[c=14135000000 pc=0000000080ae5318]
[c=14136000000 pc=00000000802aff38]
[c=14137000000 pc=0000000080261e80]
[c=14138000000 pc=0000000080261eb4]
[c=14139000000 pc=00000000802afad0]
[c=14140000000 pc=0000000080ae531a]
[c=14141000000 pc=00000000802aff3c]
[c=14142000000 pc=0000000080261ddc]
[c=14143000000 pc=0000000080860130]
[c=14144000000 pc=00000000802afad8]
[c=14145000000 pc=0000000080ae5320]
[c=14146000000 pc=00000000802aff3c]
[c=14147000000 pc=0000000080261de0]
[c=14148000000 pc=0000000080860132]
[c=14149000000 pc=00000000802afada]
[c=14150000000 pc=0000000080ae304e]
[c=14151000000 pc=00000000802aff3e]
[c=14152000000 pc=0000000080261de2]
[c=14153000000 pc=0000000080860134]
[c=14154000000 pc=00000000802afade]
[c=14155000000 pc=0000000080ae3050]
[c=14156000000 pc=00000000802aff4c]
[c=14157000000 pc=0000000080261de6]
[c=14158000000 pc=0000000080860136]
[c=14159000000 pc=00000000802afae2]
[c=14160000000 pc=0000000080ae3054]
[c=14161000000 pc=00000000802aff4e]
[c=14162000000 pc=0000000080261dea]
[c=14163000000 pc=0000000080860138]
[c=14164000000 pc=0000000080261fd6]
[c=14165000000 pc=0000000080ae305c]
[c=14166000000 pc=0000000080261e72]
[c=14167000000 pc=0000000080261e88]
[c=14168000000 pc=000000008086013c]
[c=14169000000 pc=00000000802afe60]
[c=14170000000 pc=0000000080ae305e]
[c=14171000000 pc=0000000080261e74]
[c=14172000000 pc=0000000080261e90]
[c=14173000000 pc=000000008086013c]
[c=14174000000 pc=00000000802afe64]
[c=14175000000 pc=0000000080ae3062]
[c=14176000000 pc=0000000080261e74]
[c=14177000000 pc=0000000080261e96]
[c=14178000000 pc=0000000080860142]
[c=14179000000 pc=00000000802afe66]
[c=14180000000 pc=0000000080ae5328]
[c=14181000000 pc=0000000080261dee]
[c=14182000000 pc=0000000080261e9a]
[c=14183000000 pc=000000008086014a]
[c=14184000000 pc=00000000802afe6a]
[c=14185000000 pc=0000000080ae532c]
[c=14186000000 pc=0000000080261df2]
[c=14187000000 pc=0000000080261ea0]
[c=14188000000 pc=000000008086014c]
[c=14189000000 pc=00000000802afe70]
[c=14190000000 pc=0000000080ae5330]
[c=14191000000 pc=0000000080261df2]
[c=14192000000 pc=0000000080860402]
[c=14193000000 pc=0000000080860150]
[c=14194000000 pc=00000000802afe74]
[c=14195000000 pc=0000000080ae5332]
[c=14196000000 pc=0000000080261df4]
[c=14197000000 pc=0000000080860404]
[c=14198000000 pc=0000000080860154]
[c=14199000000 pc=00000000802afe76]
[c=14200000000 pc=0000000080261fc4]
[c=14201000000 pc=0000000080261df6]
[c=14202000000 pc=0000000080860408]
[c=14203000000 pc=0000000080860156]
[c=14204000000 pc=0000000080261fdc]
[c=14205000000 pc=0000000080261f18]
[c=14206000000 pc=0000000080261df8]
[c=14207000000 pc=0000000080860414]
[c=14208000000 pc=0000000080261eb8]
[c=14209000000 pc=0000000080261fbc]
[c=14210000000 pc=0000000080261e6e]
[c=14211000000 pc=0000000080261dfa]
[c=14212000000 pc=0000000080860416]
[c=14213000000 pc=0000000080261fb2]
[c=14214000000 pc=0000000080261fc0]
[c=14215000000 pc=00000000802aff2c]
[c=14216000000 pc=0000000080261e78]
[c=14217000000 pc=0000000080261ea4]
[c=14218000000 pc=0000000080261fb6]
[c=14219000000 pc=0000000080ae530c]
[c=14220000000 pc=00000000802aff30]
[c=14221000000 pc=0000000080261e78]
[c=14222000000 pc=0000000080261eaa]
[c=14223000000 pc=0000000080261fd2]
[c=14224000000 pc=0000000080ae530e]
[c=14225000000 pc=00000000802aff32]
[c=14226000000 pc=0000000080261e7c]
[c=14227000000 pc=0000000080261eac]
[c=14228000000 pc=00000000802afaca]
[c=14229000000 pc=0000000080ae5314]
[c=14230000000 pc=00000000802aff34]
[c=14231000000 pc=0000000080261e7e]
[c=14232000000 pc=0000000080261eb0]
[c=14233000000 pc=00000000802afacc]
[c=14234000000 pc=0000000080ae5318]
[c=14235000000 pc=00000000802aff38]
[c=14236000000 pc=0000000080261e80]
[c=14237000000 pc=0000000080261eb4]
[c=14238000000 pc=00000000802afad0]
[c=14239000000 pc=0000000080ae531a]
[c=14240000000 pc=00000000802aff3c]
[c=14241000000 pc=0000000080261ddc]
[c=14242000000 pc=0000000080860130]
[c=14243000000 pc=00000000802afad8]
[c=14244000000 pc=0000000080ae5320]
[c=14245000000 pc=00000000802aff3c]
[c=14246000000 pc=0000000080261de0]
[c=14247000000 pc=0000000080860132]
[c=14248000000 pc=00000000802afada]
[c=14249000000 pc=0000000080ae304e]
[c=14250000000 pc=00000000802aff3e]
[c=14251000000 pc=0000000080261de2]
[c=14252000000 pc=0000000080860134]
[c=14253000000 pc=00000000802afade]
[c=14254000000 pc=0000000080ae3050]
[c=14255000000 pc=00000000802aff4c]
[c=14256000000 pc=0000000080261de6]
[c=14257000000 pc=0000000080860136]
[c=14258000000 pc=00000000802afae2]
[c=14259000000 pc=0000000080ae3054]
[c=14260000000 pc=00000000802aff4e]
[c=14261000000 pc=0000000080261dea]
[c=14262000000 pc=0000000080860138]
[c=14263000000 pc=0000000080261fd6]
[c=14264000000 pc=0000000080ae305c]
[c=14265000000 pc=0000000080261e72]
[c=14266000000 pc=0000000080261e88]
[c=14267000000 pc=000000008086013c]
[c=14268000000 pc=00000000802afe60]
[c=14269000000 pc=0000000080ae305e]
[c=14270000000 pc=0000000080261e74]
[c=14271000000 pc=0000000080261e90]
[c=14272000000 pc=000000008086013c]
[c=14273000000 pc=00000000802afe64]
[c=14274000000 pc=0000000080ae3062]
[c=14275000000 pc=0000000080261e74]
[c=14276000000 pc=0000000080261e96]
[c=14277000000 pc=0000000080860142]
[c=14278000000 pc=00000000802afe66]
[c=14279000000 pc=0000000080ae5328]
[c=14280000000 pc=0000000080261dee]
[c=14281000000 pc=0000000080261e9a]
[c=14282000000 pc=000000008086014a]
[c=14283000000 pc=00000000802afe6a]
[c=14284000000 pc=0000000080ae532c]
[c=14285000000 pc=0000000080261df2]
[c=14286000000 pc=0000000080261ea0]
[c=14287000000 pc=000000008086014c]
[c=14288000000 pc=00000000802afe70]
[c=14289000000 pc=0000000080ae5330]
[c=14290000000 pc=0000000080261df2]
[c=14291000000 pc=0000000080860402]
[c=14292000000 pc=0000000080860150]
[c=14293000000 pc=00000000802afe74]
[c=14294000000 pc=0000000080ae5332]
[c=14295000000 pc=0000000080261df4]
[c=14296000000 pc=0000000080860404]
[c=14297000000 pc=0000000080860154]
[c=14298000000 pc=00000000802afe76]
[c=14299000000 pc=0000000080261fc4]
[c=14300000000 pc=0000000080261df6]
[c=14301000000 pc=0000000080860408]
[c=14302000000 pc=0000000080860156]
[c=14303000000 pc=0000000080261fdc]
[c=14304000000 pc=0000000080261f18]
[c=14305000000 pc=0000000080261df8]
[c=14306000000 pc=0000000080860414]
[c=14307000000 pc=0000000080261eb8]
[c=14308000000 pc=0000000080261fbc]
[c=14309000000 pc=0000000080261e6e]
[c=14310000000 pc=0000000080261dfa]
[c=14311000000 pc=0000000080860416]
[c=14312000000 pc=0000000080261fb2]
[c=14313000000 pc=0000000080261fc0]
[c=14314000000 pc=00000000802aff2c]
[c=14315000000 pc=0000000080261e78]
[c=14316000000 pc=0000000080261ea4]
[c=14317000000 pc=0000000080261fb6]
[c=14318000000 pc=0000000080ae530c]
[c=14319000000 pc=00000000802aff30]
[c=14320000000 pc=0000000080261e78]
[c=14321000000 pc=0000000080261eaa]
[c=14322000000 pc=0000000080261fd2]
[c=14323000000 pc=0000000080ae530e]
[c=14324000000 pc=00000000802aff32]
[c=14325000000 pc=0000000080261e7c]
[c=14326000000 pc=0000000080261eac]
[c=14327000000 pc=00000000802afaca]
[c=14328000000 pc=0000000080ae5314]
[c=14329000000 pc=00000000802aff34]
[c=14330000000 pc=0000000080261e7e]
[c=14331000000 pc=0000000080261eb0]
[c=14332000000 pc=00000000802afacc]
[c=14333000000 pc=0000000080ae5318]
[c=14334000000 pc=00000000802aff38]
[c=14335000000 pc=0000000080261e80]
[c=14336000000 pc=0000000080261eb4]
[c=14337000000 pc=00000000802afad0]
[c=14338000000 pc=0000000080ae531a]
[c=14339000000 pc=00000000802aff3c]
[c=14340000000 pc=0000000080261ddc]
[c=14341000000 pc=0000000080860130]
[c=14342000000 pc=00000000802afad8]
[c=14343000000 pc=0000000080ae5320]
[c=14344000000 pc=00000000802aff3c]
[c=14345000000 pc=0000000080261de0]
[c=14346000000 pc=0000000080860132]
[c=14347000000 pc=00000000802afada]
[c=14348000000 pc=0000000080ae304e]
[c=14349000000 pc=00000000802aff3e]
[c=14350000000 pc=0000000080261de2]
[c=14351000000 pc=0000000080860134]
[c=14352000000 pc=00000000802afade]
[c=14353000000 pc=0000000080ae3050]
[c=14354000000 pc=00000000802aff4c]
[c=14355000000 pc=0000000080261de6]
[c=14356000000 pc=0000000080860136]
[c=14357000000 pc=00000000802afae2]
[c=14358000000 pc=0000000080ae3054]
[c=14359000000 pc=00000000802aff4e]
[c=14360000000 pc=0000000080261dea]
[c=14361000000 pc=0000000080860138]
[c=14362000000 pc=0000000080261fd6]
[c=14363000000 pc=0000000080ae305c]
[c=14364000000 pc=0000000080261e72]
[c=14365000000 pc=0000000080261e88]
[c=14366000000 pc=000000008086013c]
[c=14367000000 pc=00000000802afe60]
[c=14368000000 pc=0000000080ae305e]
[c=14369000000 pc=0000000080261e74]
[c=14370000000 pc=0000000080261e90]
[c=14371000000 pc=000000008086013c]
[c=14372000000 pc=00000000802afe64]
[c=14373000000 pc=0000000080ae3062]
[c=14374000000 pc=0000000080261e74]
[c=14375000000 pc=0000000080261e96]
[c=14376000000 pc=0000000080860142]
[c=14377000000 pc=00000000802afe66]
[c=14378000000 pc=0000000080ae5328]
[c=14379000000 pc=0000000080261dee]
[c=14380000000 pc=0000000080261e9a]
[c=14381000000 pc=000000008086014a]
[c=14382000000 pc=00000000802afe6a]
[c=14383000000 pc=0000000080ae532c]
[c=14384000000 pc=0000000080261df2]
[c=14385000000 pc=0000000080261ea0]
[c=14386000000 pc=000000008086014c]
[c=14387000000 pc=00000000802afe70]
[c=14388000000 pc=0000000080ae5330]
[c=14389000000 pc=0000000080261df2]
[c=14390000000 pc=0000000080860402]
[c=14391000000 pc=0000000080860150]
[c=14392000000 pc=00000000802afe74]
[c=14393000000 pc=0000000080ae5332]
[c=14394000000 pc=0000000080261df4]
[c=14395000000 pc=0000000080860404]
[c=14396000000 pc=0000000080860154]
[c=14397000000 pc=00000000802afe76]
[c=14398000000 pc=0000000080261fc4]
[c=14399000000 pc=0000000080261df6]
[c=14400000000 pc=0000000080860408]
[c=14401000000 pc=0000000080860156]
[c=14402000000 pc=0000000080261fdc]
[c=14403000000 pc=0000000080261f18]
[c=14404000000 pc=0000000080261df8]
[c=14405000000 pc=0000000080860414]
[c=14406000000 pc=0000000080261eb8]
[c=14407000000 pc=0000000080261fbc]
[c=14408000000 pc=0000000080261e6e]
[c=14409000000 pc=0000000080261dfa]
[c=14410000000 pc=0000000080860416]
[c=14411000000 pc=0000000080261fb2]
[c=14412000000 pc=0000000080261fc0]
[c=14413000000 pc=00000000802aff2c]
[c=14414000000 pc=0000000080261e78]
[c=14415000000 pc=0000000080261ea4]
[c=14416000000 pc=0000000080261fb6]
[c=14417000000 pc=0000000080ae530c]
[c=14418000000 pc=00000000802aff30]
[c=14419000000 pc=0000000080261e78]
[c=14420000000 pc=0000000080261eaa]
[c=14421000000 pc=0000000080261fd2]
[c=14422000000 pc=0000000080ae530e]
[c=14423000000 pc=00000000802aff32]
[c=14424000000 pc=0000000080261e7c]
[c=14425000000 pc=0000000080261eac]
[c=14426000000 pc=00000000802afaca]
[c=14427000000 pc=0000000080ae5314]
[c=14428000000 pc=00000000802aff34]
[c=14429000000 pc=0000000080261e7e]
[c=14430000000 pc=0000000080261eb0]
[c=14431000000 pc=00000000802afacc]
[c=14432000000 pc=0000000080ae5318]
[c=14433000000 pc=00000000802aff38]
[c=14434000000 pc=0000000080261e80]
[c=14435000000 pc=0000000080261eb4]
[c=14436000000 pc=00000000802afad0]
[c=14437000000 pc=0000000080ae531a]
[c=14438000000 pc=00000000802aff3c]
[c=14439000000 pc=0000000080261ddc]
[c=14440000000 pc=0000000080860130]
[c=14441000000 pc=00000000802afad8]
[c=14442000000 pc=0000000080ae5320]
[c=14443000000 pc=00000000802aff3c]
[c=14444000000 pc=0000000080261de0]
[c=14445000000 pc=0000000080860132]
[c=14446000000 pc=00000000802afada]
[c=14447000000 pc=0000000080ae304e]
[c=14448000000 pc=00000000802aff3e]
[c=14449000000 pc=0000000080261de2]
[c=14450000000 pc=0000000080860134]
[c=14451000000 pc=00000000802afade]
[c=14452000000 pc=0000000080ae3050]
[c=14453000000 pc=00000000802aff4c]
[c=14454000000 pc=0000000080261de6]
[c=14455000000 pc=0000000080860136]
[c=14456000000 pc=00000000802afae2]
[c=14457000000 pc=0000000080ae3054]
[c=14458000000 pc=00000000802aff4e]
[c=14459000000 pc=0000000080261dea]
[c=14460000000 pc=0000000080860138]
[c=14461000000 pc=0000000080261fd6]
[c=14462000000 pc=0000000080ae305c]
[c=14463000000 pc=0000000080261e72]
[c=14464000000 pc=0000000080261e88]
[c=14465000000 pc=000000008086013c]
[c=14466000000 pc=00000000802afe60]
[c=14467000000 pc=0000000080ae305e]
[c=14468000000 pc=0000000080261e74]
[c=14469000000 pc=0000000080261e90]
[c=14470000000 pc=000000008086013c]
[c=14471000000 pc=00000000802afe64]
[c=14472000000 pc=0000000080ae3062]
[c=14473000000 pc=0000000080261e74]
[c=14474000000 pc=0000000080261e96]
[c=14475000000 pc=0000000080860142]
[c=14476000000 pc=00000000802afe66]
[c=14477000000 pc=0000000080ae5328]
[c=14478000000 pc=0000000080261dee]
[c=14479000000 pc=0000000080261e9a]
[c=14480000000 pc=000000008086014a]
[c=14481000000 pc=00000000802afe6a]
[c=14482000000 pc=0000000080ae532c]
[c=14483000000 pc=0000000080261df2]
[c=14484000000 pc=0000000080261ea0]
[c=14485000000 pc=000000008086014c]
[c=14486000000 pc=00000000802afe70]
[c=14487000000 pc=0000000080ae5330]
[c=14488000000 pc=0000000080261df2]
[c=14489000000 pc=0000000080860402]
[c=14490000000 pc=0000000080860150]
[c=14491000000 pc=00000000802afe74]
[c=14492000000 pc=0000000080ae5332]
[c=14493000000 pc=0000000080261df4]
[c=14494000000 pc=0000000080860404]
[c=14495000000 pc=0000000080860154]
[c=14496000000 pc=00000000802afe76]
[c=14497000000 pc=0000000080261fc4]
[c=14498000000 pc=0000000080261df6]
[c=14499000000 pc=0000000080860408]
[c=14500000000 pc=0000000080860156]
[c=14501000000 pc=0000000080261fdc]
[c=14502000000 pc=0000000080261f18]
[c=14503000000 pc=0000000080261df8]
[c=14504000000 pc=0000000080860414]
[c=14505000000 pc=0000000080261eb8]
[c=14506000000 pc=0000000080261fbc]
[c=14507000000 pc=0000000080261e6e]
[c=14508000000 pc=0000000080261dfa]
[c=14509000000 pc=0000000080860416]
[c=14510000000 pc=0000000080261fb2]
[c=14511000000 pc=0000000080261fc0]
[c=14512000000 pc=00000000802aff2c]
[c=14513000000 pc=0000000080261e78]
[c=14514000000 pc=0000000080261ea4]
[c=14515000000 pc=0000000080261fb6]
[c=14516000000 pc=0000000080ae530c]
[c=14517000000 pc=00000000802aff30]
[c=14518000000 pc=0000000080261e78]
[c=14519000000 pc=0000000080261eaa]
[c=14520000000 pc=0000000080261fd2]
[c=14521000000 pc=0000000080ae530e]
[c=14522000000 pc=00000000802aff32]
[c=14523000000 pc=0000000080261e7c]
[c=14524000000 pc=0000000080261eac]
[c=14525000000 pc=00000000802afaca]
[c=14526000000 pc=0000000080ae5314]
[c=14527000000 pc=00000000802aff34]
[c=14528000000 pc=0000000080261e7e]
[c=14529000000 pc=0000000080261eb0]
[c=14530000000 pc=00000000802afacc]
[c=14531000000 pc=0000000080ae5318]
[c=14532000000 pc=00000000802aff38]
[c=14533000000 pc=0000000080261e80]
[c=14534000000 pc=0000000080261eb4]
[c=14535000000 pc=00000000802afad0]
[c=14536000000 pc=0000000080ae531a]
[c=14537000000 pc=00000000802aff3c]
[c=14538000000 pc=0000000080261ddc]
[c=14539000000 pc=0000000080860130]
[c=14540000000 pc=00000000802afad8]
[c=14541000000 pc=0000000080ae5320]
[c=14542000000 pc=00000000802aff3c]
[c=14543000000 pc=0000000080261de0]
[c=14544000000 pc=0000000080860132]
[c=14545000000 pc=00000000802afada]
[c=14546000000 pc=0000000080ae304e]
[c=14547000000 pc=00000000802aff3e]
[c=14548000000 pc=0000000080261de2]
[c=14549000000 pc=0000000080860134]
[c=14550000000 pc=00000000802afade]
[c=14551000000 pc=0000000080ae3050]
[c=14552000000 pc=00000000802aff4c]
[c=14553000000 pc=0000000080261de6]
[c=14554000000 pc=0000000080860136]
[c=14555000000 pc=00000000802afae2]
[c=14556000000 pc=0000000080ae3054]
[c=14557000000 pc=00000000802aff4e]
[c=14558000000 pc=0000000080261dea]
[c=14559000000 pc=0000000080860138]
[c=14560000000 pc=0000000080261fd6]
[c=14561000000 pc=0000000080ae305c]
[c=14562000000 pc=0000000080261e72]
[c=14563000000 pc=0000000080261e88]
[c=14564000000 pc=000000008086013c]
[c=14565000000 pc=00000000802afe60]
[c=14566000000 pc=0000000080ae305e]
[c=14567000000 pc=0000000080261e74]
[c=14568000000 pc=0000000080261e90]
[c=14569000000 pc=000000008086013c]
[c=14570000000 pc=00000000802afe64]
[c=14571000000 pc=0000000080ae3062]
[c=14572000000 pc=0000000080261e74]
[c=14573000000 pc=0000000080261e96]
[c=14574000000 pc=0000000080860142]
[c=14575000000 pc=00000000802afe66]
[c=14576000000 pc=0000000080ae5328]
[c=14577000000 pc=0000000080261dee]
[c=14578000000 pc=0000000080261e9a]
[c=14579000000 pc=000000008086014a]
[c=14580000000 pc=00000000802afe6a]
[c=14581000000 pc=0000000080ae532c]
[c=14582000000 pc=0000000080261df2]
[c=14583000000 pc=0000000080261ea0]
[c=14584000000 pc=000000008086014c]
[c=14585000000 pc=00000000802afe70]
[c=14586000000 pc=0000000080ae5330]
[c=14587000000 pc=0000000080261df2]
[c=14588000000 pc=0000000080860402]
[c=14589000000 pc=0000000080860150]
[c=14590000000 pc=00000000802afe74]
[c=14591000000 pc=0000000080ae5332]
[c=14592000000 pc=0000000080261df4]
[c=14593000000 pc=0000000080860404]
[c=14594000000 pc=0000000080860154]
[c=14595000000 pc=00000000802afe76]
[c=14596000000 pc=0000000080261fc4]
[c=14597000000 pc=0000000080261df6]
[c=14598000000 pc=0000000080860408]
[c=14599000000 pc=0000000080860156]
[c=14600000000 pc=0000000080261fdc]
[c=14601000000 pc=0000000080261f18]
[c=14602000000 pc=0000000080261df8]
[c=14603000000 pc=0000000080860414]
[c=14604000000 pc=0000000080261eb8]
[c=14605000000 pc=0000000080261fbc]
[c=14606000000 pc=0000000080261e6e]
[c=14607000000 pc=0000000080261dfa]
[c=14608000000 pc=0000000080860416]
[c=14609000000 pc=0000000080261fb2]
[c=14610000000 pc=0000000080261fc0]
[c=14611000000 pc=00000000802aff2c]
[c=14612000000 pc=0000000080261e78]
[c=14613000000 pc=0000000080261ea4]
[c=14614000000 pc=0000000080261fb6]
[c=14615000000 pc=0000000080ae530c]
[c=14616000000 pc=00000000802aff30]
[c=14617000000 pc=0000000080261e78]
[c=14618000000 pc=0000000080261eaa]
[c=14619000000 pc=0000000080261fd2]
[c=14620000000 pc=0000000080ae530e]
[c=14621000000 pc=00000000802aff32]
[c=14622000000 pc=0000000080261e7c]
[c=14623000000 pc=0000000080261eac]
[c=14624000000 pc=00000000802afaca]
[c=14625000000 pc=0000000080ae5314]
[c=14626000000 pc=00000000802aff34]
[c=14627000000 pc=0000000080261e7e]
[c=14628000000 pc=0000000080261eb0]
[c=14629000000 pc=00000000802afacc]
[c=14630000000 pc=0000000080ae5318]
[c=14631000000 pc=00000000802aff38]
[c=14632000000 pc=0000000080261e80]
[c=14633000000 pc=0000000080261eb4]
[c=14634000000 pc=00000000802afad0]
[c=14635000000 pc=0000000080ae531a]
[c=14636000000 pc=00000000802aff3c]
[c=14637000000 pc=0000000080261ddc]
[c=14638000000 pc=0000000080860130]
[c=14639000000 pc=00000000802afad8]
[c=14640000000 pc=0000000080ae5320]
[c=14641000000 pc=00000000802aff3c]
[c=14642000000 pc=0000000080261de0]
[c=14643000000 pc=0000000080860132]
[c=14644000000 pc=00000000802afada]
[c=14645000000 pc=0000000080ae304e]
[c=14646000000 pc=00000000802aff3e]
[c=14647000000 pc=0000000080261de2]
[c=14648000000 pc=0000000080860134]
[c=14649000000 pc=00000000802afade]
[c=14650000000 pc=0000000080ae3050]
[c=14651000000 pc=00000000802aff4c]
[c=14652000000 pc=0000000080261de6]
[c=14653000000 pc=0000000080860136]
[c=14654000000 pc=00000000802afae2]
[c=14655000000 pc=0000000080ae3054]
[c=14656000000 pc=00000000802aff4e]
[c=14657000000 pc=0000000080261dea]
[c=14658000000 pc=0000000080860138]
[c=14659000000 pc=0000000080261fd6]
[c=14660000000 pc=0000000080ae305c]
[c=14661000000 pc=0000000080261e72]
[c=14662000000 pc=0000000080261e88]
[c=14663000000 pc=000000008086013c]
[c=14664000000 pc=00000000802afe60]
[c=14665000000 pc=0000000080ae305e]
[c=14666000000 pc=0000000080261e74]
[c=14667000000 pc=0000000080261e90]
[c=14668000000 pc=000000008086013c]
[c=14669000000 pc=00000000802afe64]
[c=14670000000 pc=0000000080ae3062]
[c=14671000000 pc=0000000080261e74]
[c=14672000000 pc=0000000080261e96]
[c=14673000000 pc=0000000080860142]
[c=14674000000 pc=00000000802afe66]
[c=14675000000 pc=0000000080ae5328]
[c=14676000000 pc=0000000080261dee]
[c=14677000000 pc=0000000080261e9a]
[c=14678000000 pc=000000008086014a]
[c=14679000000 pc=00000000802afe6a]
[c=14680000000 pc=0000000080ae532c]
[c=14681000000 pc=0000000080261df2]
[c=14682000000 pc=0000000080261ea0]
[c=14683000000 pc=000000008086014c]
[c=14684000000 pc=00000000802afe70]
[c=14685000000 pc=0000000080ae5330]
[c=14686000000 pc=0000000080261df2]
[c=14687000000 pc=0000000080860402]
[c=14688000000 pc=0000000080860150]
[c=14689000000 pc=00000000802afe74]
[c=14690000000 pc=0000000080ae5332]
[c=14691000000 pc=0000000080261df4]
[c=14692000000 pc=0000000080860404]
[c=14693000000 pc=0000000080860154]
[c=14694000000 pc=00000000802afe76]
[c=14695000000 pc=0000000080261fc4]
[c=14696000000 pc=0000000080261df6]
[c=14697000000 pc=0000000080860408]
[c=14698000000 pc=0000000080860156]
[c=14699000000 pc=0000000080261fdc]
[c=14700000000 pc=0000000080261f18]
[c=14701000000 pc=0000000080261df8]
[c=14702000000 pc=0000000080860414]
[c=14703000000 pc=0000000080261eb8]
[c=14704000000 pc=0000000080261fbc]
[c=14705000000 pc=0000000080261e6e]
[c=14706000000 pc=0000000080261dfa]
[c=14707000000 pc=0000000080860416]
[c=14708000000 pc=0000000080261fb2]
[c=14709000000 pc=0000000080261fc0]
[c=14710000000 pc=00000000802aff2c]
[c=14711000000 pc=0000000080261e78]
[c=14712000000 pc=0000000080261ea4]
[c=14713000000 pc=0000000080261fb6]
[c=14714000000 pc=0000000080ae530c]
[c=14715000000 pc=00000000802aff30]
[c=14716000000 pc=0000000080261e78]
[c=14717000000 pc=0000000080261eaa]
[c=14718000000 pc=0000000080261fd2]
[c=14719000000 pc=0000000080ae530e]
[c=14720000000 pc=00000000802aff32]
[c=14721000000 pc=0000000080261e7c]
[c=14722000000 pc=0000000080261eac]
[c=14723000000 pc=00000000802afaca]
[c=14724000000 pc=0000000080ae5314]
[c=14725000000 pc=00000000802aff34]
[c=14726000000 pc=0000000080261e7e]
[c=14727000000 pc=0000000080261eb0]
[c=14728000000 pc=00000000802afacc]
[c=14729000000 pc=0000000080ae5318]
[c=14730000000 pc=00000000802aff38]
[c=14731000000 pc=0000000080261e80]
[c=14732000000 pc=0000000080261eb4]
[c=14733000000 pc=00000000802afad0]
[c=14734000000 pc=0000000080ae531a]
[c=14735000000 pc=00000000802aff3c]
[c=14736000000 pc=0000000080261ddc]
[c=14737000000 pc=0000000080860130]
[c=14738000000 pc=00000000802afad8]
[c=14739000000 pc=0000000080ae5320]
[c=14740000000 pc=00000000802aff3c]
[c=14741000000 pc=0000000080261de0]
[c=14742000000 pc=0000000080860132]
[c=14743000000 pc=00000000802afada]
[c=14744000000 pc=0000000080ae304e]
[c=14745000000 pc=00000000802aff3e]
[c=14746000000 pc=0000000080261de2]
[c=14747000000 pc=0000000080860134]
[c=14748000000 pc=00000000802afade]
[c=14749000000 pc=0000000080ae3050]
[c=14750000000 pc=00000000802aff4c]
[c=14751000000 pc=0000000080261de6]
[c=14752000000 pc=0000000080860136]
[c=14753000000 pc=00000000802afae2]
[c=14754000000 pc=0000000080ae3054]
[c=14755000000 pc=00000000802aff4e]
[c=14756000000 pc=0000000080261dea]
[c=14757000000 pc=0000000080860138]
[c=14758000000 pc=0000000080261fd6]
[c=14759000000 pc=0000000080ae305c]
[c=14760000000 pc=0000000080261e72]
[c=14761000000 pc=0000000080261e88]
[c=14762000000 pc=000000008086013c]
[c=14763000000 pc=00000000802afe60]
[c=14764000000 pc=0000000080ae305e]
[c=14765000000 pc=0000000080261e74]
[c=14766000000 pc=0000000080261e90]
[c=14767000000 pc=000000008086013c]
[c=14768000000 pc=00000000802afe64]
[c=14769000000 pc=0000000080ae3062]
[c=14770000000 pc=0000000080261e74]
[c=14771000000 pc=0000000080261e96]
[c=14772000000 pc=0000000080860142]
[c=14773000000 pc=00000000802afe66]
[c=14774000000 pc=0000000080ae5328]
[c=14775000000 pc=0000000080261dee]
[c=14776000000 pc=0000000080261e9a]
[c=14777000000 pc=000000008086014a]
[c=14778000000 pc=00000000802afe6a]
[c=14779000000 pc=0000000080ae532c]
[c=14780000000 pc=0000000080261df2]
[c=14781000000 pc=0000000080261ea0]
[c=14782000000 pc=000000008086014c]
[c=14783000000 pc=00000000802afe70]
[c=14784000000 pc=0000000080ae5330]
[c=14785000000 pc=0000000080261df2]
[c=14786000000 pc=0000000080860402]
[c=14787000000 pc=0000000080860150]
[c=14788000000 pc=00000000802afe74]
[c=14789000000 pc=0000000080ae5332]
[c=14790000000 pc=0000000080261df4]
[c=14791000000 pc=0000000080860404]
[c=14792000000 pc=0000000080860154]
[c=14793000000 pc=00000000802afe76]
[c=14794000000 pc=0000000080261fc4]
[c=14795000000 pc=0000000080261df6]
[c=14796000000 pc=0000000080860408]
[c=14797000000 pc=0000000080860156]
[c=14798000000 pc=0000000080261fdc]
[c=14799000000 pc=0000000080261f18]
[c=14800000000 pc=0000000080261df8]
[c=14801000000 pc=0000000080860414]
[c=14802000000 pc=0000000080261eb8]
[c=14803000000 pc=0000000080261fbc]
[c=14804000000 pc=0000000080261e6e]
[c=14805000000 pc=0000000080261dfa]
[c=14806000000 pc=0000000080860416]
[c=14807000000 pc=0000000080261fb2]
[c=14808000000 pc=0000000080261fc0]
[c=14809000000 pc=00000000802aff2c]
[c=14810000000 pc=0000000080261e78]
[c=14811000000 pc=0000000080261ea4]
[c=14812000000 pc=0000000080261fb6]
[c=14813000000 pc=0000000080ae530c]
[c=14814000000 pc=00000000802aff30]
[c=14815000000 pc=0000000080261e78]
[c=14816000000 pc=0000000080261eaa]
[c=14817000000 pc=0000000080261fd2]
[c=14818000000 pc=0000000080ae530e]
[c=14819000000 pc=00000000802aff32]
[c=14820000000 pc=0000000080261e7c]
[c=14821000000 pc=0000000080261eac]
[c=14822000000 pc=00000000802afaca]
[c=14823000000 pc=0000000080ae5314]
[c=14824000000 pc=00000000802aff34]
[c=14825000000 pc=0000000080261e7e]
[c=14826000000 pc=0000000080261eb0]
[c=14827000000 pc=00000000802afacc]
[c=14828000000 pc=0000000080ae5318]
[c=14829000000 pc=00000000802aff38]
[c=14830000000 pc=0000000080261e80]
[c=14831000000 pc=0000000080261eb4]
[c=14832000000 pc=00000000802afad0]
[c=14833000000 pc=0000000080ae531a]
[c=14834000000 pc=00000000802aff3c]
[c=14835000000 pc=0000000080261ddc]
[c=14836000000 pc=0000000080860130]
[c=14837000000 pc=00000000802afad8]
[c=14838000000 pc=0000000080ae5320]
[c=14839000000 pc=00000000802aff3c]
[c=14840000000 pc=0000000080261de0]
[c=14841000000 pc=0000000080860132]
[c=14842000000 pc=00000000802afada]
[c=14843000000 pc=0000000080ae304e]
[c=14844000000 pc=00000000802aff3e]
[c=14845000000 pc=0000000080261de2]
[c=14846000000 pc=0000000080860134]
[c=14847000000 pc=00000000802afade]
[c=14848000000 pc=0000000080ae3050]
[c=14849000000 pc=00000000802aff4c]
[c=14850000000 pc=0000000080261de6]
[c=14851000000 pc=0000000080860136]
[c=14852000000 pc=00000000802afae2]
[c=14853000000 pc=0000000080ae3054]
[c=14854000000 pc=00000000802aff4e]
[c=14855000000 pc=0000000080261dea]
[c=14856000000 pc=0000000080860138]
[c=14857000000 pc=0000000080261fd6]
[c=14858000000 pc=0000000080ae305c]
[c=14859000000 pc=0000000080261e72]
[c=14860000000 pc=0000000080261e88]
[c=14861000000 pc=000000008086013c]
[c=14862000000 pc=00000000802afe60]
[c=14863000000 pc=0000000080ae305e]
[c=14864000000 pc=0000000080261e74]
[c=14865000000 pc=0000000080261e90]
[c=14866000000 pc=000000008086013c]
[c=14867000000 pc=00000000802afe64]
[c=14868000000 pc=0000000080ae3062]
[c=14869000000 pc=0000000080261e74]
[c=14870000000 pc=0000000080261e96]
[c=14871000000 pc=0000000080860142]
[c=14872000000 pc=00000000802afe66]
[c=14873000000 pc=0000000080ae5328]
[c=14874000000 pc=0000000080261dee]
[c=14875000000 pc=0000000080261e9a]
[c=14876000000 pc=000000008086014a]
[c=14877000000 pc=00000000802afe6a]
[c=14878000000 pc=0000000080ae532c]
[c=14879000000 pc=0000000080261df2]
[c=14880000000 pc=0000000080261ea0]
[c=14881000000 pc=000000008086014c]
[c=14882000000 pc=00000000802afe70]
[c=14883000000 pc=0000000080ae5330]
[c=14884000000 pc=0000000080261df2]
[c=14885000000 pc=0000000080860402]
[c=14886000000 pc=0000000080860150]
[c=14887000000 pc=00000000802afe74]
[c=14888000000 pc=0000000080ae5332]
[c=14889000000 pc=0000000080261df4]
[c=14890000000 pc=0000000080860404]
[c=14891000000 pc=0000000080860154]
[c=14892000000 pc=00000000802afe76]
[c=14893000000 pc=0000000080261fc4]
[c=14894000000 pc=0000000080261df6]
[c=14895000000 pc=0000000080860408]
[c=14896000000 pc=0000000080860156]
[c=14897000000 pc=0000000080261fdc]
[c=14898000000 pc=0000000080261f18]
[c=14899000000 pc=0000000080261df8]
[c=14900000000 pc=0000000080860414]
[c=14901000000 pc=0000000080261eb8]
[c=14902000000 pc=0000000080261fbc]
[c=14903000000 pc=0000000080261e6e]
[c=14904000000 pc=0000000080261dfa]
[c=14905000000 pc=0000000080860416]
[c=14906000000 pc=0000000080261fb2]
[c=14907000000 pc=0000000080261fc0]
[c=14908000000 pc=00000000802aff2c]
[c=14909000000 pc=0000000080261e78]
[c=14910000000 pc=0000000080261ea4]
[c=14911000000 pc=0000000080261fb6]
[c=14912000000 pc=0000000080ae530c]
[c=14913000000 pc=00000000802aff30]
[c=14914000000 pc=0000000080261e78]
[c=14915000000 pc=0000000080261eaa]
[c=14916000000 pc=0000000080261fd2]
[c=14917000000 pc=0000000080ae530e]
[c=14918000000 pc=00000000802aff32]
[c=14919000000 pc=0000000080261e7c]
[c=14920000000 pc=0000000080261eac]
[c=14921000000 pc=00000000802afaca]
[c=14922000000 pc=0000000080ae5314]
[c=14923000000 pc=00000000802aff34]
[c=14924000000 pc=0000000080261e7e]
[c=14925000000 pc=0000000080261eb0]
[c=14926000000 pc=00000000802afacc]
[c=14927000000 pc=0000000080ae5318]
[c=14928000000 pc=00000000802aff38]
[c=14929000000 pc=0000000080261e80]
[c=14930000000 pc=0000000080261eb4]
[c=14931000000 pc=00000000802afad0]
[c=14932000000 pc=0000000080ae531a]
[c=14933000000 pc=00000000802aff3c]
[c=14934000000 pc=0000000080261ddc]
[c=14935000000 pc=0000000080860130]
[c=14936000000 pc=00000000802afad8]
[c=14937000000 pc=0000000080ae5320]
[c=14938000000 pc=00000000802aff3c]
[c=14939000000 pc=0000000080261de0]
[c=14940000000 pc=0000000080860132]
[c=14941000000 pc=00000000802afada]
[c=14942000000 pc=0000000080ae304e]
[c=14943000000 pc=00000000802aff3e]
[c=14944000000 pc=0000000080261de2]
[c=14945000000 pc=0000000080860134]
[c=14946000000 pc=00000000802afade]
[c=14947000000 pc=0000000080ae3050]
[c=14948000000 pc=00000000802aff4c]
[c=14949000000 pc=0000000080261de6]
[c=14950000000 pc=0000000080860136]
[c=14951000000 pc=00000000802afae2]
[c=14952000000 pc=0000000080ae3054]
[c=14953000000 pc=00000000802aff4e]
[c=14954000000 pc=0000000080261dea]
[c=14955000000 pc=0000000080860138]
[c=14956000000 pc=0000000080261fd6]
[c=14957000000 pc=0000000080ae305c]
[c=14958000000 pc=0000000080261e72]
[c=14959000000 pc=0000000080261e88]
[c=14960000000 pc=000000008086013c]
[c=14961000000 pc=00000000802afe60]
[c=14962000000 pc=0000000080ae305e]
[c=14963000000 pc=0000000080261e74]
[c=14964000000 pc=0000000080261e90]
[c=14965000000 pc=000000008086013c]
[c=14966000000 pc=00000000802afe64]
[c=14967000000 pc=0000000080ae3062]
[c=14968000000 pc=0000000080261e74]
[c=14969000000 pc=0000000080261e96]
[c=14970000000 pc=0000000080860142]
[c=14971000000 pc=00000000802afe66]
[c=14972000000 pc=0000000080ae5328]
[c=14973000000 pc=0000000080261dee]
[c=14974000000 pc=0000000080261e9a]
[c=14975000000 pc=000000008086014a]
[c=14976000000 pc=00000000802afe6a]
[c=14977000000 pc=0000000080ae532c]
[c=14978000000 pc=0000000080261df2]
[c=14979000000 pc=0000000080261ea0]
[c=14980000000 pc=000000008086014c]
[c=14981000000 pc=00000000802afe70]
[c=14982000000 pc=0000000080ae5330]
[c=14983000000 pc=0000000080261df2]
[c=14984000000 pc=0000000080860402]
[c=14985000000 pc=0000000080860150]
[c=14986000000 pc=00000000802afe74]
[c=14987000000 pc=0000000080ae5332]
[c=14988000000 pc=0000000080261df4]
[c=14989000000 pc=0000000080860404]
[c=14990000000 pc=0000000080860154]
[c=14991000000 pc=00000000802afe76]
[c=14992000000 pc=0000000080261fc4]
[c=14993000000 pc=0000000080261df6]
[c=14994000000 pc=0000000080860408]
[c=14995000000 pc=0000000080860156]
[c=14996000000 pc=0000000080261fdc]
[c=14997000000 pc=0000000080261f18]
[c=14998000000 pc=0000000080261df8]
[c=14999000000 pc=0000000080860414]
[c=15000000000 pc=0000000080261eb8]
[c=15001000000 pc=0000000080261fbc]
[c=15002000000 pc=0000000080261e6e]
[c=15003000000 pc=0000000080261dfa]
[c=15004000000 pc=0000000080860416]
[c=15005000000 pc=0000000080261fb2]
[c=15006000000 pc=0000000080261fc0]
[c=15007000000 pc=00000000802aff2c]
[c=15008000000 pc=0000000080261e78]
[c=15009000000 pc=0000000080261ea4]
[c=15010000000 pc=0000000080261fb6]
[c=15011000000 pc=0000000080ae530c]
[c=15012000000 pc=00000000802aff30]
[c=15013000000 pc=0000000080261e78]
[c=15014000000 pc=0000000080261eaa]
[c=15015000000 pc=0000000080261fd2]
[c=15016000000 pc=0000000080ae530e]
[c=15017000000 pc=00000000802aff32]
[c=15018000000 pc=0000000080261e7c]
[c=15019000000 pc=0000000080261eac]
[c=15020000000 pc=00000000802afaca]
[c=15021000000 pc=0000000080ae5314]
[c=15022000000 pc=00000000802aff34]
[c=15023000000 pc=0000000080261e7e]
[c=15024000000 pc=0000000080261eb0]
[c=15025000000 pc=00000000802afacc]
[c=15026000000 pc=0000000080ae5318]
[c=15027000000 pc=00000000802aff38]
[c=15028000000 pc=0000000080261e80]
[c=15029000000 pc=0000000080261eb4]
[c=15030000000 pc=00000000802afad0]
[c=15031000000 pc=0000000080ae531a]
[c=15032000000 pc=00000000802aff3c]
[c=15033000000 pc=0000000080261ddc]
[c=15034000000 pc=0000000080860130]
[c=15035000000 pc=00000000802afad8]
[c=15036000000 pc=0000000080ae5320]
[c=15037000000 pc=00000000802aff3c]
[c=15038000000 pc=0000000080261de0]
[c=15039000000 pc=0000000080860132]
[c=15040000000 pc=00000000802afada]
[c=15041000000 pc=0000000080ae304e]
[c=15042000000 pc=00000000802aff3e]
[c=15043000000 pc=0000000080261de2]
[c=15044000000 pc=0000000080860134]
[c=15045000000 pc=00000000802afade]
[c=15046000000 pc=0000000080ae3050]
[c=15047000000 pc=00000000802aff4c]
[c=15048000000 pc=0000000080261de6]
[c=15049000000 pc=0000000080860136]
[c=15050000000 pc=00000000802afae2]
[c=15051000000 pc=0000000080ae3054]
[c=15052000000 pc=00000000802aff4e]
[c=15053000000 pc=0000000080261dea]
[c=15054000000 pc=0000000080860138]
[c=15055000000 pc=0000000080261fd6]
[c=15056000000 pc=0000000080ae305c]
[c=15057000000 pc=0000000080261e72]
[c=15058000000 pc=0000000080261e88]
[c=15059000000 pc=000000008086013c]
[c=15060000000 pc=00000000802afe60]
[c=15061000000 pc=0000000080ae305e]
[c=15062000000 pc=0000000080261e74]
[c=15063000000 pc=0000000080261e90]
[c=15064000000 pc=000000008086013c]
[c=15065000000 pc=00000000802afe64]
[c=15066000000 pc=0000000080ae3062]
[c=15067000000 pc=0000000080261e74]
[c=15068000000 pc=0000000080261e96]
[c=15069000000 pc=0000000080860142]
[c=15070000000 pc=00000000802afe66]
[c=15071000000 pc=0000000080ae5328]
[c=15072000000 pc=0000000080261dee]
[c=15073000000 pc=0000000080261e9a]
[c=15074000000 pc=000000008086014a]
[c=15075000000 pc=00000000802afe6a]
[c=15076000000 pc=0000000080ae532c]
[c=15077000000 pc=0000000080261df2]
[c=15078000000 pc=0000000080261ea0]
[c=15079000000 pc=000000008086014c]
[c=15080000000 pc=00000000802afe70]
[c=15081000000 pc=0000000080ae5330]
[c=15082000000 pc=0000000080261df2]
[c=15083000000 pc=0000000080860402]
[c=15084000000 pc=0000000080860150]
[c=15085000000 pc=00000000802afe74]
[c=15086000000 pc=0000000080ae5332]
[c=15087000000 pc=0000000080261df4]
[c=15088000000 pc=0000000080860404]
[c=15089000000 pc=0000000080860154]
[c=15090000000 pc=00000000802afe76]
[c=15091000000 pc=0000000080261fc4]
[c=15092000000 pc=0000000080261df6]
[c=15093000000 pc=0000000080860408]
[c=15094000000 pc=0000000080860156]
[c=15095000000 pc=0000000080261fdc]
[c=15096000000 pc=0000000080261f18]
[c=15097000000 pc=0000000080261df8]
[c=15098000000 pc=0000000080860414]
[c=15099000000 pc=0000000080261eb8]
[c=15100000000 pc=0000000080261fbc]
[c=15101000000 pc=0000000080261e6e]
[c=15102000000 pc=0000000080261dfa]
[c=15103000000 pc=0000000080860416]
[c=15104000000 pc=0000000080261fb2]
[c=15105000000 pc=0000000080261fc0]
[c=15106000000 pc=00000000802aff2c]
[c=15107000000 pc=0000000080261e78]
[c=15108000000 pc=0000000080261ea4]
[c=15109000000 pc=0000000080261fb6]
[c=15110000000 pc=0000000080ae530c]
[c=15111000000 pc=00000000802aff30]
[c=15112000000 pc=0000000080261e78]
[c=15113000000 pc=0000000080261eaa]
[c=15114000000 pc=0000000080261fd2]
[c=15115000000 pc=0000000080ae530e]
[c=15116000000 pc=00000000802aff32]
[c=15117000000 pc=0000000080261e7c]
[c=15118000000 pc=0000000080261eac]
[c=15119000000 pc=00000000802afaca]
[c=15120000000 pc=0000000080ae5314]
[c=15121000000 pc=00000000802aff34]
[c=15122000000 pc=0000000080261e7e]
[c=15123000000 pc=0000000080261eb0]
[c=15124000000 pc=00000000802afacc]
[c=15125000000 pc=0000000080ae5318]
[c=15126000000 pc=00000000802aff38]
[c=15127000000 pc=0000000080261e80]
[c=15128000000 pc=0000000080261eb4]
[c=15129000000 pc=00000000802afad0]
[c=15130000000 pc=0000000080ae531a]
[c=15131000000 pc=00000000802aff3c]
[c=15132000000 pc=0000000080261ddc]
[c=15133000000 pc=0000000080860130]
[c=15134000000 pc=00000000802afad8]
[c=15135000000 pc=0000000080ae5320]
[c=15136000000 pc=00000000802aff3c]
[c=15137000000 pc=0000000080261de0]
[c=15138000000 pc=0000000080860132]
[c=15139000000 pc=00000000802afada]
[c=15140000000 pc=0000000080ae304e]
[c=15141000000 pc=00000000802aff3e]
[c=15142000000 pc=0000000080261de2]
[c=15143000000 pc=0000000080860134]
[c=15144000000 pc=00000000802afade]
[c=15145000000 pc=0000000080ae3050]
[c=15146000000 pc=00000000802aff4c]
[c=15147000000 pc=0000000080261de6]
[c=15148000000 pc=0000000080860136]
[c=15149000000 pc=00000000802afae2]
[c=15150000000 pc=0000000080ae3054]
[c=15151000000 pc=00000000802aff4e]
[c=15152000000 pc=0000000080261dea]
[c=15153000000 pc=0000000080860138]
[c=15154000000 pc=0000000080261fd6]
[c=15155000000 pc=0000000080ae305c]
[c=15156000000 pc=0000000080261e72]
[c=15157000000 pc=0000000080261e88]
[c=15158000000 pc=000000008086013c]
[c=15159000000 pc=00000000802afe60]
[c=15160000000 pc=0000000080ae305e]
[c=15161000000 pc=0000000080261e74]
[c=15162000000 pc=0000000080261e90]
[c=15163000000 pc=000000008086013c]
[c=15164000000 pc=00000000802afe64]
[c=15165000000 pc=0000000080ae3062]
[c=15166000000 pc=0000000080261e74]
[c=15167000000 pc=0000000080261e96]
[c=15168000000 pc=0000000080860142]
[c=15169000000 pc=00000000802afe66]
[c=15170000000 pc=0000000080ae5328]
[c=15171000000 pc=0000000080261dee]
[c=15172000000 pc=0000000080261e9a]
[c=15173000000 pc=000000008086014a]
[c=15174000000 pc=00000000802afe6a]
[c=15175000000 pc=0000000080ae532c]
[c=15176000000 pc=0000000080261df2]
[c=15177000000 pc=0000000080261ea0]
[c=15178000000 pc=000000008086014c]
[c=15179000000 pc=00000000802afe70]
[c=15180000000 pc=0000000080ae5330]
[c=15181000000 pc=0000000080261df2]
[c=15182000000 pc=0000000080860402]
[c=15183000000 pc=0000000080860150]
[c=15184000000 pc=00000000802afe74]
[c=15185000000 pc=0000000080ae5332]
[c=15186000000 pc=0000000080261df4]
[c=15187000000 pc=0000000080860404]
[c=15188000000 pc=0000000080860154]
[c=15189000000 pc=00000000802afe76]
[c=15190000000 pc=0000000080261fc4]
[c=15191000000 pc=0000000080261df6]
[c=15192000000 pc=0000000080860408]
[c=15193000000 pc=0000000080860156]
[c=15194000000 pc=0000000080261fdc]
[c=15195000000 pc=0000000080261f18]
[c=15196000000 pc=0000000080261df8]
[c=15197000000 pc=0000000080860414]
[c=15198000000 pc=0000000080261eb8]
[c=15199000000 pc=0000000080261fbc]
[c=15200000000 pc=0000000080261e6e]
[c=15201000000 pc=0000000080261dfa]
[c=15202000000 pc=0000000080860416]
[c=15203000000 pc=0000000080261fb2]
[c=15204000000 pc=0000000080261fc0]
[c=15205000000 pc=00000000802aff2c]
[c=15206000000 pc=0000000080261e78]
[c=15207000000 pc=0000000080261ea4]
[c=15208000000 pc=0000000080261fb6]
[c=15209000000 pc=0000000080ae530c]
[c=15210000000 pc=00000000802aff30]
[c=15211000000 pc=0000000080261e78]
[c=15212000000 pc=0000000080261eaa]
[c=15213000000 pc=0000000080261fd2]
[c=15214000000 pc=0000000080ae530e]
[c=15215000000 pc=00000000802aff32]
[c=15216000000 pc=0000000080261e7c]
[c=15217000000 pc=0000000080261eac]
[c=15218000000 pc=00000000802afaca]
[c=15219000000 pc=0000000080ae5314]
[c=15220000000 pc=00000000802aff34]
[c=15221000000 pc=0000000080261e7e]
[c=15222000000 pc=0000000080261eb0]
[c=15223000000 pc=00000000802afacc]
[c=15224000000 pc=0000000080ae5318]
[c=15225000000 pc=00000000802aff38]
[c=15226000000 pc=0000000080261e80]
[c=15227000000 pc=0000000080261eb4]
[c=15228000000 pc=00000000802afad0]
[c=15229000000 pc=0000000080ae531a]
[c=15230000000 pc=00000000802aff3c]
[c=15231000000 pc=0000000080261ddc]
[c=15232000000 pc=0000000080860130]
[c=15233000000 pc=00000000802afad8]
[c=15234000000 pc=0000000080ae5320]
[c=15235000000 pc=00000000802aff3c]
[c=15236000000 pc=0000000080261de0]
[c=15237000000 pc=0000000080860132]
[c=15238000000 pc=00000000802afada]
[c=15239000000 pc=0000000080ae304e]
[c=15240000000 pc=00000000802aff3e]
[c=15241000000 pc=0000000080261de2]
[c=15242000000 pc=0000000080860134]
[c=15243000000 pc=00000000802afade]
[c=15244000000 pc=0000000080ae3050]
[c=15245000000 pc=00000000802aff4c]
[c=15246000000 pc=0000000080261de6]
[c=15247000000 pc=0000000080860136]
[c=15248000000 pc=00000000802afae2]
[c=15249000000 pc=0000000080ae3054]
[c=15250000000 pc=00000000802aff4e]
[c=15251000000 pc=0000000080261dea]
[c=15252000000 pc=0000000080860138]
[c=15253000000 pc=0000000080261fd6]
[c=15254000000 pc=0000000080ae305c]
[c=15255000000 pc=0000000080261e72]
[c=15256000000 pc=0000000080261e88]
[c=15257000000 pc=000000008086013c]
[c=15258000000 pc=00000000802afe60]
[c=15259000000 pc=0000000080ae305e]
[c=15260000000 pc=0000000080261e74]
[c=15261000000 pc=0000000080261e90]
[c=15262000000 pc=000000008086013c]
[c=15263000000 pc=00000000802afe64]
[c=15264000000 pc=0000000080ae3062]
[c=15265000000 pc=0000000080261e74]
[c=15266000000 pc=0000000080261e96]
[c=15267000000 pc=0000000080860142]
[c=15268000000 pc=00000000802afe66]
[c=15269000000 pc=0000000080ae5328]
[c=15270000000 pc=0000000080261dee]
[c=15271000000 pc=0000000080261e9a]
[c=15272000000 pc=000000008086014a]
[c=15273000000 pc=00000000802afe6a]
[c=15274000000 pc=0000000080ae532c]
[c=15275000000 pc=0000000080261df2]
[c=15276000000 pc=0000000080261ea0]
[c=15277000000 pc=000000008086014c]
[c=15278000000 pc=00000000802afe70]
[c=15279000000 pc=0000000080ae5330]
[c=15280000000 pc=0000000080261df2]
[c=15281000000 pc=0000000080860402]
[c=15282000000 pc=0000000080860150]
[c=15283000000 pc=00000000802afe74]
[c=15284000000 pc=0000000080ae5332]
[c=15285000000 pc=0000000080261df4]
[c=15286000000 pc=0000000080860404]
[c=15287000000 pc=0000000080860154]
[c=15288000000 pc=00000000802afe76]
[c=15289000000 pc=0000000080261fc4]
[c=15290000000 pc=0000000080261df6]
[c=15291000000 pc=0000000080860408]
[c=15292000000 pc=0000000080860156]
[c=15293000000 pc=0000000080261fdc]
[c=15294000000 pc=0000000080261f18]
[c=15295000000 pc=0000000080261df8]
[c=15296000000 pc=0000000080860414]
[c=15297000000 pc=0000000080261eb8]
[c=15298000000 pc=0000000080261fbc]
[c=15299000000 pc=0000000080261e6e]
[c=15300000000 pc=0000000080261dfa]
[c=15301000000 pc=0000000080860416]
[c=15302000000 pc=0000000080261fb2]
[c=15303000000 pc=0000000080261fc0]
[c=15304000000 pc=00000000802aff2c]
[c=15305000000 pc=0000000080261e78]
[c=15306000000 pc=0000000080261ea4]
[c=15307000000 pc=0000000080261fb6]
[c=15308000000 pc=0000000080ae530c]
[c=15309000000 pc=00000000802aff30]
[c=15310000000 pc=0000000080261e78]
[c=15311000000 pc=0000000080261eaa]
[c=15312000000 pc=0000000080261fd2]
[c=15313000000 pc=0000000080ae530e]
[c=15314000000 pc=00000000802aff32]
[c=15315000000 pc=0000000080261e7c]
[c=15316000000 pc=0000000080261eac]
[c=15317000000 pc=00000000802afaca]
[c=15318000000 pc=0000000080ae5314]
[c=15319000000 pc=00000000802aff34]
[c=15320000000 pc=0000000080261e7e]
[c=15321000000 pc=0000000080261eb0]
[c=15322000000 pc=00000000802afacc]
[c=15323000000 pc=0000000080ae5318]
[c=15324000000 pc=00000000802aff38]
[c=15325000000 pc=0000000080261e80]
[c=15326000000 pc=0000000080261eb4]
[c=15327000000 pc=00000000802afad0]
[c=15328000000 pc=0000000080ae531a]
[c=15329000000 pc=00000000802aff3c]
[c=15330000000 pc=0000000080261ddc]
[c=15331000000 pc=0000000080860130]
[c=15332000000 pc=00000000802afad8]
[c=15333000000 pc=0000000080ae5320]
[c=15334000000 pc=00000000802aff3c]
[c=15335000000 pc=0000000080261de0]
[c=15336000000 pc=0000000080860132]
[c=15337000000 pc=00000000802afada]
[c=15338000000 pc=0000000080ae304e]
[c=15339000000 pc=00000000802aff3e]
[c=15340000000 pc=0000000080261de2]
[c=15341000000 pc=0000000080860134]
[c=15342000000 pc=00000000802afade]
[c=15343000000 pc=0000000080ae3050]
[c=15344000000 pc=00000000802aff4c]
[c=15345000000 pc=0000000080261de6]
[c=15346000000 pc=0000000080860136]
[c=15347000000 pc=00000000802afae2]
[c=15348000000 pc=0000000080ae3054]
[c=15349000000 pc=00000000802aff4e]
[c=15350000000 pc=0000000080261dea]
[c=15351000000 pc=0000000080860138]
[c=15352000000 pc=0000000080261fd6]
[c=15353000000 pc=0000000080ae305c]
[c=15354000000 pc=0000000080261e72]
[c=15355000000 pc=0000000080261e88]
[c=15356000000 pc=000000008086013c]
[c=15357000000 pc=00000000802afe60]
[c=15358000000 pc=0000000080ae305e]
[c=15359000000 pc=0000000080261e74]
[c=15360000000 pc=0000000080261e90]
[c=15361000000 pc=000000008086013c]
[c=15362000000 pc=00000000802afe64]
[c=15363000000 pc=0000000080ae3062]
[c=15364000000 pc=0000000080261e74]
[c=15365000000 pc=0000000080261e96]
[c=15366000000 pc=0000000080860142]
[c=15367000000 pc=00000000802afe66]
[c=15368000000 pc=0000000080ae5328]
[c=15369000000 pc=0000000080261dee]
[c=15370000000 pc=0000000080261e9a]
[c=15371000000 pc=000000008086014a]
[c=15372000000 pc=00000000802afe6a]
[c=15373000000 pc=0000000080ae532c]
[c=15374000000 pc=0000000080261df2]
[c=15375000000 pc=0000000080261ea0]
[c=15376000000 pc=000000008086014c]
[c=15377000000 pc=00000000802afe70]
[c=15378000000 pc=0000000080ae5330]
[c=15379000000 pc=0000000080261df2]
[c=15380000000 pc=0000000080860402]
[c=15381000000 pc=0000000080860150]
[c=15382000000 pc=00000000802afe74]
[c=15383000000 pc=0000000080ae5332]
[c=15384000000 pc=0000000080261df4]
[c=15385000000 pc=0000000080860404]
[c=15386000000 pc=0000000080860154]
[c=15387000000 pc=00000000802afe76]
[c=15388000000 pc=0000000080261fc4]
[c=15389000000 pc=0000000080261df6]
[c=15390000000 pc=0000000080860408]
[c=15391000000 pc=0000000080860156]
[c=15392000000 pc=0000000080261fdc]
[c=15393000000 pc=0000000080261f18]
[c=15394000000 pc=0000000080261df8]
[c=15395000000 pc=0000000080860414]
[c=15396000000 pc=0000000080261eb8]
[c=15397000000 pc=0000000080261fbc]
[c=15398000000 pc=0000000080261e6e]
[c=15399000000 pc=0000000080261dfa]
[c=15400000000 pc=0000000080860416]
[c=15401000000 pc=0000000080261fb2]
[c=15402000000 pc=0000000080261fc0]
[c=15403000000 pc=00000000802aff2c]
[c=15404000000 pc=0000000080261e78]
[c=15405000000 pc=0000000080261ea4]
[c=15406000000 pc=0000000080261fb6]
[c=15407000000 pc=0000000080ae530c]
[c=15408000000 pc=00000000802aff30]
[c=15409000000 pc=0000000080261e78]
[c=15410000000 pc=0000000080261eaa]
[c=15411000000 pc=0000000080261fd2]
[c=15412000000 pc=0000000080ae530e]
[c=15413000000 pc=00000000802aff32]
[c=15414000000 pc=0000000080261e7c]
[c=15415000000 pc=0000000080261eac]
[c=15416000000 pc=00000000802afaca]
[c=15417000000 pc=0000000080ae5314]
[c=15418000000 pc=00000000802aff34]
[c=15419000000 pc=0000000080261e7e]
[c=15420000000 pc=0000000080261eb0]
[c=15421000000 pc=00000000802afacc]
[c=15422000000 pc=0000000080ae5318]
[c=15423000000 pc=00000000802aff38]
[c=15424000000 pc=0000000080261e80]
[c=15425000000 pc=0000000080261eb4]
[c=15426000000 pc=00000000802afad0]
[c=15427000000 pc=0000000080ae531a]
[c=15428000000 pc=00000000802aff3c]
[c=15429000000 pc=0000000080261ddc]
[c=15430000000 pc=0000000080860130]
[c=15431000000 pc=00000000802afad8]
[c=15432000000 pc=0000000080ae5320]
[c=15433000000 pc=00000000802aff3c]
[c=15434000000 pc=0000000080261de0]
[c=15435000000 pc=0000000080860132]
[c=15436000000 pc=00000000802afada]
[c=15437000000 pc=0000000080ae304e]
[c=15438000000 pc=00000000802aff3e]
[c=15439000000 pc=0000000080261de2]
[c=15440000000 pc=0000000080860134]
[c=15441000000 pc=00000000802afade]
[c=15442000000 pc=0000000080ae3050]
[c=15443000000 pc=00000000802aff4c]
[c=15444000000 pc=0000000080261de6]
[c=15445000000 pc=0000000080860136]
[c=15446000000 pc=00000000802afae2]
[c=15447000000 pc=0000000080ae3054]
[c=15448000000 pc=00000000802aff4e]
[c=15449000000 pc=0000000080261dea]
[c=15450000000 pc=0000000080860138]
[c=15451000000 pc=0000000080261fd6]
[c=15452000000 pc=0000000080ae305c]
[c=15453000000 pc=0000000080261e72]
[c=15454000000 pc=0000000080261e88]
[c=15455000000 pc=000000008086013c]
[c=15456000000 pc=00000000802afe60]
[c=15457000000 pc=0000000080ae305e]
[c=15458000000 pc=0000000080261e74]
[c=15459000000 pc=0000000080261e90]
[c=15460000000 pc=000000008086013c]
[c=15461000000 pc=00000000802afe64]
[c=15462000000 pc=0000000080ae3062]
[c=15463000000 pc=0000000080261e74]
[c=15464000000 pc=0000000080261e96]
[c=15465000000 pc=0000000080860142]
[c=15466000000 pc=00000000802afe66]
[c=15467000000 pc=0000000080ae5328]
[c=15468000000 pc=0000000080261dee]
[c=15469000000 pc=0000000080261e9a]
[c=15470000000 pc=000000008086014a]
[c=15471000000 pc=00000000802afe6a]
[c=15472000000 pc=0000000080ae532c]
[c=15473000000 pc=0000000080261df2]
[c=15474000000 pc=0000000080261ea0]
[c=15475000000 pc=000000008086014c]
[c=15476000000 pc=00000000802afe70]
[c=15477000000 pc=0000000080ae5330]
[c=15478000000 pc=0000000080261df2]
[c=15479000000 pc=0000000080860402]
[c=15480000000 pc=0000000080860150]
[c=15481000000 pc=00000000802afe74]
[c=15482000000 pc=0000000080ae5332]
[c=15483000000 pc=0000000080261df4]
[c=15484000000 pc=0000000080860404]
[c=15485000000 pc=0000000080860154]
[c=15486000000 pc=00000000802afe76]
[c=15487000000 pc=0000000080261fc4]
[c=15488000000 pc=0000000080261df6]
[c=15489000000 pc=0000000080860408]
[c=15490000000 pc=0000000080860156]
[c=15491000000 pc=0000000080261fdc]
[c=15492000000 pc=0000000080261f18]
[c=15493000000 pc=0000000080261df8]
[c=15494000000 pc=0000000080860414]
[c=15495000000 pc=0000000080261eb8]
[c=15496000000 pc=0000000080261fbc]
[c=15497000000 pc=0000000080261e6e]
[c=15498000000 pc=0000000080261dfa]
[c=15499000000 pc=0000000080860416]
[c=15500000000 pc=0000000080261fb2]
[c=15501000000 pc=0000000080261fc0]
[c=15502000000 pc=00000000802aff2c]
[c=15503000000 pc=0000000080261e78]
[c=15504000000 pc=0000000080261ea4]
[c=15505000000 pc=0000000080261fb6]
[c=15506000000 pc=0000000080ae530c]
[c=15507000000 pc=00000000802aff30]
[c=15508000000 pc=0000000080261e78]
[c=15509000000 pc=0000000080261eaa]
[c=15510000000 pc=0000000080261fd2]
[c=15511000000 pc=0000000080ae530e]
[c=15512000000 pc=00000000802aff32]
[c=15513000000 pc=0000000080261e7c]
[c=15514000000 pc=0000000080261eac]
[c=15515000000 pc=00000000802afaca]
[c=15516000000 pc=0000000080ae5314]
[c=15517000000 pc=00000000802aff34]
[c=15518000000 pc=0000000080261e7e]
[c=15519000000 pc=0000000080261eb0]
[c=15520000000 pc=00000000802afacc]
[c=15521000000 pc=0000000080ae5318]
[c=15522000000 pc=00000000802aff38]
[c=15523000000 pc=0000000080261e80]
[c=15524000000 pc=0000000080261eb4]
[c=15525000000 pc=00000000802afad0]
[c=15526000000 pc=0000000080ae531a]
[c=15527000000 pc=00000000802aff3c]
[c=15528000000 pc=0000000080261ddc]
[c=15529000000 pc=0000000080860130]
[c=15530000000 pc=00000000802afad8]
[c=15531000000 pc=0000000080ae5320]
[c=15532000000 pc=00000000802aff3c]
[c=15533000000 pc=0000000080261de0]
[c=15534000000 pc=0000000080860132]
[c=15535000000 pc=00000000802afada]
[c=15536000000 pc=0000000080ae304e]
[c=15537000000 pc=00000000802aff3e]
[c=15538000000 pc=0000000080261de2]
[c=15539000000 pc=0000000080860134]
[c=15540000000 pc=00000000802afade]
[c=15541000000 pc=0000000080ae3050]
[c=15542000000 pc=00000000802aff4c]
[c=15543000000 pc=0000000080261de6]
[c=15544000000 pc=0000000080860136]
[c=15545000000 pc=00000000802afae2]
[c=15546000000 pc=0000000080ae3054]
[c=15547000000 pc=00000000802aff4e]
[c=15548000000 pc=0000000080261dea]
[c=15549000000 pc=0000000080860138]
[c=15550000000 pc=0000000080261fd6]
[c=15551000000 pc=0000000080ae305c]
[c=15552000000 pc=0000000080261e72]
[c=15553000000 pc=0000000080261e88]
[c=15554000000 pc=000000008086013c]
[c=15555000000 pc=00000000802afe60]
[c=15556000000 pc=0000000080ae305e]
[c=15557000000 pc=0000000080261e74]
[c=15558000000 pc=0000000080261e90]
[c=15559000000 pc=000000008086013c]
[c=15560000000 pc=00000000802afe64]
[c=15561000000 pc=0000000080ae3062]
[c=15562000000 pc=0000000080261e74]
[c=15563000000 pc=0000000080261e96]
[c=15564000000 pc=0000000080860142]
[c=15565000000 pc=00000000802afe66]
[c=15566000000 pc=0000000080ae5328]
[c=15567000000 pc=0000000080261dee]
[c=15568000000 pc=0000000080261e9a]
[c=15569000000 pc=000000008086014a]
[c=15570000000 pc=00000000802afe6a]
[c=15571000000 pc=0000000080ae532c]
[c=15572000000 pc=0000000080261df2]
[c=15573000000 pc=0000000080261ea0]
[c=15574000000 pc=000000008086014c]
[c=15575000000 pc=00000000802afe70]
[c=15576000000 pc=0000000080ae5330]
[c=15577000000 pc=0000000080261df2]
[c=15578000000 pc=0000000080860402]
[c=15579000000 pc=0000000080860150]
[c=15580000000 pc=00000000802afe74]
[c=15581000000 pc=0000000080ae5332]
[c=15582000000 pc=0000000080261df4]
[c=15583000000 pc=0000000080860404]
[c=15584000000 pc=0000000080860154]
[c=15585000000 pc=00000000802afe76]
[c=15586000000 pc=0000000080261fc4]
[c=15587000000 pc=0000000080261df6]
[c=15588000000 pc=0000000080860408]
[c=15589000000 pc=0000000080860156]
[c=15590000000 pc=0000000080261fdc]
[c=15591000000 pc=0000000080261f18]
[c=15592000000 pc=0000000080261df8]
[c=15593000000 pc=0000000080860414]
[c=15594000000 pc=0000000080261eb8]
[c=15595000000 pc=0000000080261fbc]
[c=15596000000 pc=0000000080261e6e]
[c=15597000000 pc=0000000080261dfa]
[c=15598000000 pc=0000000080860416]
[c=15599000000 pc=0000000080261fb2]
[c=15600000000 pc=0000000080261fc0]
[c=15601000000 pc=00000000802aff2c]
[c=15602000000 pc=0000000080261e78]
[c=15603000000 pc=0000000080261ea4]
[c=15604000000 pc=0000000080261fb6]
[c=15605000000 pc=0000000080ae530c]
[c=15606000000 pc=00000000802aff30]
[c=15607000000 pc=0000000080261e78]
[c=15608000000 pc=0000000080261eaa]
[c=15609000000 pc=0000000080261fd2]
[c=15610000000 pc=0000000080ae530e]
[c=15611000000 pc=00000000802aff32]
[c=15612000000 pc=0000000080261e7c]
[c=15613000000 pc=0000000080261eac]
[c=15614000000 pc=00000000802afaca]
[c=15615000000 pc=0000000080ae5314]
[c=15616000000 pc=00000000802aff34]
[c=15617000000 pc=0000000080261e7e]
[c=15618000000 pc=0000000080261eb0]
[c=15619000000 pc=00000000802afacc]
[c=15620000000 pc=0000000080ae5318]
[c=15621000000 pc=00000000802aff38]
[c=15622000000 pc=0000000080261e80]
[c=15623000000 pc=0000000080261eb4]
[c=15624000000 pc=00000000802afad0]
[c=15625000000 pc=0000000080ae531a]
[c=15626000000 pc=00000000802aff3c]
[c=15627000000 pc=0000000080261ddc]
[c=15628000000 pc=0000000080860130]
[c=15629000000 pc=00000000802afad8]
[c=15630000000 pc=0000000080ae5320]
[c=15631000000 pc=00000000802aff3c]
[c=15632000000 pc=0000000080261de0]
[c=15633000000 pc=0000000080860132]
[c=15634000000 pc=00000000802afada]
[c=15635000000 pc=0000000080ae304e]
[c=15636000000 pc=00000000802aff3e]
[c=15637000000 pc=0000000080261de2]
[c=15638000000 pc=0000000080860134]
[c=15639000000 pc=00000000802afade]
[c=15640000000 pc=0000000080ae3050]
[c=15641000000 pc=00000000802aff4c]
[c=15642000000 pc=0000000080261de6]
[c=15643000000 pc=0000000080860136]
[c=15644000000 pc=00000000802afae2]
[c=15645000000 pc=0000000080ae3054]
[c=15646000000 pc=00000000802aff4e]
[c=15647000000 pc=0000000080261dea]
[c=15648000000 pc=0000000080860138]
[c=15649000000 pc=0000000080261fd6]
[c=15650000000 pc=0000000080ae305c]
[c=15651000000 pc=0000000080261e72]
[c=15652000000 pc=0000000080261e88]
[c=15653000000 pc=000000008086013c]
[c=15654000000 pc=00000000802afe60]
[c=15655000000 pc=0000000080ae305e]
[c=15656000000 pc=0000000080261e74]
[c=15657000000 pc=0000000080261e90]
[c=15658000000 pc=000000008086013c]
[c=15659000000 pc=00000000802afe64]
[c=15660000000 pc=0000000080ae3062]
[c=15661000000 pc=0000000080261e74]
[c=15662000000 pc=0000000080261e96]
[c=15663000000 pc=0000000080860142]
[c=15664000000 pc=00000000802afe66]
[c=15665000000 pc=0000000080ae5328]
[c=15666000000 pc=0000000080261dee]
[c=15667000000 pc=0000000080261e9a]
[c=15668000000 pc=000000008086014a]
[c=15669000000 pc=00000000802afe6a]
[c=15670000000 pc=0000000080ae532c]
[c=15671000000 pc=0000000080261df2]
[c=15672000000 pc=0000000080261ea0]
[c=15673000000 pc=000000008086014c]
[c=15674000000 pc=00000000802afe70]
[c=15675000000 pc=0000000080ae5330]
[c=15676000000 pc=0000000080261df2]
[c=15677000000 pc=0000000080860402]
[c=15678000000 pc=0000000080860150]
[c=15679000000 pc=00000000802afe74]
[c=15680000000 pc=0000000080ae5332]
[c=15681000000 pc=0000000080261df4]
[c=15682000000 pc=0000000080860404]
[c=15683000000 pc=0000000080860154]
[c=15684000000 pc=00000000802afe76]
[c=15685000000 pc=0000000080261fc4]
[c=15686000000 pc=0000000080261df6]
[c=15687000000 pc=0000000080860408]
[c=15688000000 pc=0000000080860156]
[c=15689000000 pc=0000000080261fdc]
[c=15690000000 pc=0000000080261f18]
[c=15691000000 pc=0000000080261df8]
[c=15692000000 pc=0000000080860414]
[c=15693000000 pc=0000000080261eb8]
[c=15694000000 pc=0000000080261fbc]
[c=15695000000 pc=0000000080261e6e]
[c=15696000000 pc=0000000080261dfa]
[c=15697000000 pc=0000000080860416]
[c=15698000000 pc=0000000080261fb2]
[c=15699000000 pc=0000000080261fc0]
[c=15700000000 pc=00000000802aff2c]
[c=15701000000 pc=0000000080261e78]
[c=15702000000 pc=0000000080261ea4]
[c=15703000000 pc=0000000080261fb6]
[c=15704000000 pc=0000000080ae530c]
[c=15705000000 pc=00000000802aff30]
[c=15706000000 pc=0000000080261e78]
[c=15707000000 pc=0000000080261eaa]
[c=15708000000 pc=0000000080261fd2]
[c=15709000000 pc=0000000080ae530e]
[c=15710000000 pc=00000000802aff32]
[c=15711000000 pc=0000000080261e7c]
[c=15712000000 pc=0000000080261eac]
[c=15713000000 pc=00000000802afaca]
[c=15714000000 pc=0000000080ae5314]
[c=15715000000 pc=00000000802aff34]
[c=15716000000 pc=0000000080261e7e]
[c=15717000000 pc=0000000080261eb0]
[c=15718000000 pc=00000000802afacc]
[c=15719000000 pc=0000000080ae5318]
[c=15720000000 pc=00000000802aff38]
[c=15721000000 pc=0000000080261e80]
[c=15722000000 pc=0000000080261eb4]
[c=15723000000 pc=00000000802afad0]
[c=15724000000 pc=0000000080ae531a]
[c=15725000000 pc=00000000802aff3c]
[c=15726000000 pc=0000000080261ddc]
[c=15727000000 pc=0000000080860130]
[c=15728000000 pc=00000000802afad8]
[c=15729000000 pc=0000000080ae5320]
[c=15730000000 pc=00000000802aff3c]
[c=15731000000 pc=0000000080261de0]
[c=15732000000 pc=0000000080860132]
[c=15733000000 pc=00000000802afada]
[c=15734000000 pc=0000000080ae304e]
[c=15735000000 pc=00000000802aff3e]
[c=15736000000 pc=0000000080261de2]
[c=15737000000 pc=0000000080860134]
[c=15738000000 pc=00000000802afade]
[c=15739000000 pc=0000000080ae3050]
[c=15740000000 pc=00000000802aff4c]
[c=15741000000 pc=0000000080261de6]
[c=15742000000 pc=0000000080860136]
[c=15743000000 pc=00000000802afae2]
[c=15744000000 pc=0000000080ae3054]
[c=15745000000 pc=00000000802aff4e]
[c=15746000000 pc=0000000080261dea]
[c=15747000000 pc=0000000080860138]
[c=15748000000 pc=0000000080261fd6]
[c=15749000000 pc=0000000080ae305c]
[c=15750000000 pc=0000000080261e72]
[c=15751000000 pc=0000000080261e88]
[c=15752000000 pc=000000008086013c]
[c=15753000000 pc=00000000802afe60]
[c=15754000000 pc=0000000080ae305e]
[c=15755000000 pc=0000000080261e74]
[c=15756000000 pc=0000000080261e90]
[c=15757000000 pc=000000008086013c]
[c=15758000000 pc=00000000802afe64]
[c=15759000000 pc=0000000080ae3062]
[c=15760000000 pc=0000000080261e74]
[c=15761000000 pc=0000000080261e96]
[c=15762000000 pc=0000000080860142]
[c=15763000000 pc=00000000802afe66]
[c=15764000000 pc=0000000080ae5328]
[c=15765000000 pc=0000000080261dee]
[c=15766000000 pc=0000000080261e9a]
[c=15767000000 pc=000000008086014a]
[c=15768000000 pc=00000000802afe6a]
[c=15769000000 pc=0000000080ae532c]
[c=15770000000 pc=0000000080261df2]
[c=15771000000 pc=0000000080261ea0]
[c=15772000000 pc=000000008086014c]
[c=15773000000 pc=00000000802afe70]
[c=15774000000 pc=0000000080ae5330]
[c=15775000000 pc=0000000080261df2]
[c=15776000000 pc=0000000080860402]
[c=15777000000 pc=0000000080860150]
[c=15778000000 pc=00000000802afe74]
[c=15779000000 pc=0000000080ae5332]
[c=15780000000 pc=0000000080261df4]
[c=15781000000 pc=0000000080860404]
[c=15782000000 pc=0000000080860154]
[c=15783000000 pc=00000000802afe76]
[c=15784000000 pc=0000000080261fc4]
[c=15785000000 pc=0000000080261df6]
[c=15786000000 pc=0000000080860408]
[c=15787000000 pc=0000000080860156]
[c=15788000000 pc=0000000080261fdc]
[c=15789000000 pc=0000000080261f18]
[c=15790000000 pc=0000000080261df8]
[c=15791000000 pc=0000000080860414]
[c=15792000000 pc=0000000080261eb8]
[c=15793000000 pc=0000000080261fbc]
[c=15794000000 pc=0000000080261e6e]
[c=15795000000 pc=0000000080261dfa]
[c=15796000000 pc=0000000080860416]
[c=15797000000 pc=0000000080261fb2]
[c=15798000000 pc=0000000080261fc0]
[c=15799000000 pc=00000000802aff2c]
[c=15800000000 pc=0000000080261e78]
[c=15801000000 pc=0000000080261ea4]
[c=15802000000 pc=0000000080261fb6]
[c=15803000000 pc=0000000080ae530c]
[c=15804000000 pc=00000000802aff30]
[c=15805000000 pc=0000000080261e78]
[c=15806000000 pc=0000000080261eaa]
[c=15807000000 pc=0000000080261fd2]
[c=15808000000 pc=0000000080ae530e]
[c=15809000000 pc=00000000802aff32]
[c=15810000000 pc=0000000080261e7c]
[c=15811000000 pc=0000000080261eac]
[c=15812000000 pc=00000000802afaca]
[c=15813000000 pc=0000000080ae5314]
[c=15814000000 pc=00000000802aff34]
[c=15815000000 pc=0000000080261e7e]
[c=15816000000 pc=0000000080261eb0]
[c=15817000000 pc=00000000802afacc]
[c=15818000000 pc=0000000080ae5318]
[c=15819000000 pc=00000000802aff38]
[c=15820000000 pc=0000000080261e80]
[c=15821000000 pc=0000000080261eb4]
[c=15822000000 pc=00000000802afad0]
[c=15823000000 pc=0000000080ae531a]
[c=15824000000 pc=00000000802aff3c]
[c=15825000000 pc=0000000080261ddc]
[c=15826000000 pc=0000000080860130]
[c=15827000000 pc=00000000802afad8]
[c=15828000000 pc=0000000080ae5320]
[c=15829000000 pc=00000000802aff3c]
[c=15830000000 pc=0000000080261de0]
[c=15831000000 pc=0000000080860132]
[c=15832000000 pc=00000000802afada]
[c=15833000000 pc=0000000080ae304e]
[c=15834000000 pc=00000000802aff3e]
[c=15835000000 pc=0000000080261de2]
[c=15836000000 pc=0000000080860134]
[c=15837000000 pc=00000000802afade]
[c=15838000000 pc=0000000080ae3050]
[c=15839000000 pc=00000000802aff4c]
[c=15840000000 pc=0000000080261de6]
[c=15841000000 pc=0000000080860136]
[c=15842000000 pc=00000000802afae2]
[c=15843000000 pc=0000000080ae3054]
[c=15844000000 pc=00000000802aff4e]
[c=15845000000 pc=0000000080261dea]
[c=15846000000 pc=0000000080860138]
[c=15847000000 pc=0000000080261fd6]
[c=15848000000 pc=0000000080ae305c]
[c=15849000000 pc=0000000080261e72]
[c=15850000000 pc=0000000080261e88]
[c=15851000000 pc=000000008086013c]
[c=15852000000 pc=00000000802afe60]
[c=15853000000 pc=0000000080ae305e]
[c=15854000000 pc=0000000080261e74]
[c=15855000000 pc=0000000080261e90]
[c=15856000000 pc=000000008086013c]
[c=15857000000 pc=00000000802afe64]
[c=15858000000 pc=0000000080ae3062]
[c=15859000000 pc=0000000080261e74]
[c=15860000000 pc=0000000080261e96]
[c=15861000000 pc=0000000080860142]
[c=15862000000 pc=00000000802afe66]
[c=15863000000 pc=0000000080ae5328]
[c=15864000000 pc=0000000080261dee]
[c=15865000000 pc=0000000080261e9a]
[c=15866000000 pc=000000008086014a]
[c=15867000000 pc=00000000802afe6a]
[c=15868000000 pc=0000000080ae532c]
[c=15869000000 pc=0000000080261df2]
[c=15870000000 pc=0000000080261ea0]
[c=15871000000 pc=000000008086014c]
[c=15872000000 pc=00000000802afe70]
[c=15873000000 pc=0000000080ae5330]
[c=15874000000 pc=0000000080261df2]
[c=15875000000 pc=0000000080860402]
[c=15876000000 pc=0000000080860150]
[c=15877000000 pc=00000000802afe74]
[c=15878000000 pc=0000000080ae5332]
[c=15879000000 pc=0000000080261df4]
[c=15880000000 pc=0000000080860404]
[c=15881000000 pc=0000000080860154]
[c=15882000000 pc=00000000802afe76]
[c=15883000000 pc=0000000080261fc4]
[c=15884000000 pc=0000000080261df6]
[c=15885000000 pc=0000000080860408]
[c=15886000000 pc=0000000080860156]
[c=15887000000 pc=0000000080261fdc]
[c=15888000000 pc=0000000080261f18]
[c=15889000000 pc=0000000080261df8]
[c=15890000000 pc=0000000080860414]
[c=15891000000 pc=0000000080261eb8]
[c=15892000000 pc=0000000080261fbc]
[c=15893000000 pc=0000000080261e6e]
[c=15894000000 pc=0000000080261dfa]
[c=15895000000 pc=0000000080860416]
[c=15896000000 pc=0000000080261fb2]
[c=15897000000 pc=0000000080261fc0]
[c=15898000000 pc=00000000802aff2c]
[c=15899000000 pc=0000000080261e78]
[c=15900000000 pc=0000000080261ea4]
[c=15901000000 pc=0000000080261fb6]
[c=15902000000 pc=0000000080ae530c]
[c=15903000000 pc=00000000802aff30]
[c=15904000000 pc=0000000080261e78]
[c=15905000000 pc=0000000080261eaa]
[c=15906000000 pc=0000000080261fd2]
[c=15907000000 pc=0000000080ae530e]
[c=15908000000 pc=00000000802aff32]
[c=15909000000 pc=0000000080261e7c]
[c=15910000000 pc=0000000080261eac]
[c=15911000000 pc=00000000802afaca]
[c=15912000000 pc=0000000080ae5314]
[c=15913000000 pc=00000000802aff34]
[c=15914000000 pc=0000000080261e7e]
[c=15915000000 pc=0000000080261eb0]
[c=15916000000 pc=00000000802afacc]
[c=15917000000 pc=0000000080ae5318]
[c=15918000000 pc=00000000802aff38]
[c=15919000000 pc=0000000080261e80]
[c=15920000000 pc=0000000080261eb4]
[c=15921000000 pc=00000000802afad0]
[c=15922000000 pc=0000000080ae531a]
[c=15923000000 pc=00000000802aff3c]
[c=15924000000 pc=0000000080261ddc]
[c=15925000000 pc=0000000080860130]
[c=15926000000 pc=00000000802afad8]
[c=15927000000 pc=0000000080ae5320]
[c=15928000000 pc=00000000802aff3c]
[c=15929000000 pc=0000000080261de0]
[c=15930000000 pc=0000000080860132]
[c=15931000000 pc=00000000802afada]
[c=15932000000 pc=0000000080ae304e]
[c=15933000000 pc=00000000802aff3e]
[c=15934000000 pc=0000000080261de2]
[c=15935000000 pc=0000000080860134]
[c=15936000000 pc=00000000802afade]
[c=15937000000 pc=0000000080ae3050]
[c=15938000000 pc=00000000802aff4c]
[c=15939000000 pc=0000000080261de6]
[c=15940000000 pc=0000000080860136]
[c=15941000000 pc=00000000802afae2]
[c=15942000000 pc=0000000080ae3054]
[c=15943000000 pc=00000000802aff4e]
[c=15944000000 pc=0000000080261dea]
[c=15945000000 pc=0000000080860138]
[c=15946000000 pc=0000000080261fd6]
[c=15947000000 pc=0000000080ae305c]
[c=15948000000 pc=0000000080261e72]
[c=15949000000 pc=0000000080261e88]
[c=15950000000 pc=000000008086013c]
[c=15951000000 pc=00000000802afe60]
[c=15952000000 pc=0000000080ae305e]
[c=15953000000 pc=0000000080261e74]
[c=15954000000 pc=0000000080261e90]
[c=15955000000 pc=000000008086013c]
[c=15956000000 pc=00000000802afe64]
[c=15957000000 pc=0000000080ae3062]
[c=15958000000 pc=0000000080261e74]
[c=15959000000 pc=0000000080261e96]
[c=15960000000 pc=0000000080860142]
[c=15961000000 pc=00000000802afe66]
[c=15962000000 pc=0000000080ae5328]
[c=15963000000 pc=0000000080261dee]
[c=15964000000 pc=0000000080261e9a]
[c=15965000000 pc=000000008086014a]
[c=15966000000 pc=00000000802afe6a]
[c=15967000000 pc=0000000080ae532c]
[c=15968000000 pc=0000000080261df2]
[c=15969000000 pc=0000000080261ea0]
[c=15970000000 pc=000000008086014c]
[c=15971000000 pc=00000000802afe70]
[c=15972000000 pc=0000000080ae5330]
[c=15973000000 pc=0000000080261df2]
[c=15974000000 pc=0000000080860402]
[c=15975000000 pc=0000000080860150]
[c=15976000000 pc=00000000802afe74]
[c=15977000000 pc=0000000080ae5332]
[c=15978000000 pc=0000000080261df4]
[c=15979000000 pc=0000000080860404]
[c=15980000000 pc=0000000080860154]
[c=15981000000 pc=00000000802afe76]
[c=15982000000 pc=0000000080261fc4]
[c=15983000000 pc=0000000080261df6]
[c=15984000000 pc=0000000080860408]
[c=15985000000 pc=0000000080860156]
[c=15986000000 pc=0000000080261fdc]
[c=15987000000 pc=0000000080261f18]
[c=15988000000 pc=0000000080261df8]
[c=15989000000 pc=0000000080860414]
[c=15990000000 pc=0000000080261eb8]
[c=15991000000 pc=0000000080261fbc]
[c=15992000000 pc=0000000080261e6e]
[c=15993000000 pc=0000000080261dfa]
[c=15994000000 pc=0000000080860416]
[c=15995000000 pc=0000000080261fb2]
[c=15996000000 pc=0000000080261fc0]
[c=15997000000 pc=00000000802aff2c]
[c=15998000000 pc=0000000080261e78]
[c=15999000000 pc=0000000080261ea4]
[c=16000000000 pc=0000000080261fb6]
[c=16001000000 pc=0000000080ae530c]
[c=16002000000 pc=00000000802aff30]
[c=16003000000 pc=0000000080261e78]
[c=16004000000 pc=0000000080261eaa]
[c=16005000000 pc=0000000080261fd2]
[c=16006000000 pc=0000000080ae530e]
[c=16007000000 pc=00000000802aff32]
[c=16008000000 pc=0000000080261e7c]
[c=16009000000 pc=0000000080261eac]
[c=16010000000 pc=00000000802afaca]
[c=16011000000 pc=0000000080ae5314]
[c=16012000000 pc=00000000802aff34]
[c=16013000000 pc=0000000080261e7e]
[c=16014000000 pc=0000000080261eb0]
[c=16015000000 pc=00000000802afacc]
[c=16016000000 pc=0000000080ae5318]
[c=16017000000 pc=00000000802aff38]
[c=16018000000 pc=0000000080261e80]
[c=16019000000 pc=0000000080261eb4]
[c=16020000000 pc=00000000802afad0]
[c=16021000000 pc=0000000080ae531a]
[c=16022000000 pc=00000000802aff3c]
[c=16023000000 pc=0000000080261ddc]
[c=16024000000 pc=0000000080860130]
[c=16025000000 pc=00000000802afad8]
[c=16026000000 pc=0000000080ae5320]
[c=16027000000 pc=00000000802aff3c]
[c=16028000000 pc=0000000080261de0]
[c=16029000000 pc=0000000080860132]
[c=16030000000 pc=00000000802afada]
[c=16031000000 pc=0000000080ae304e]
[c=16032000000 pc=00000000802aff3e]
[c=16033000000 pc=0000000080261de2]
[c=16034000000 pc=0000000080860134]
[c=16035000000 pc=00000000802afade]
[c=16036000000 pc=0000000080ae3050]
[c=16037000000 pc=00000000802aff4c]
[c=16038000000 pc=0000000080261de6]
[c=16039000000 pc=0000000080860136]
[c=16040000000 pc=00000000802afae2]
[c=16041000000 pc=0000000080ae3054]
[c=16042000000 pc=00000000802aff4e]
[c=16043000000 pc=0000000080261dea]
[c=16044000000 pc=0000000080860138]
[c=16045000000 pc=0000000080261fd6]
[c=16046000000 pc=0000000080ae305c]
[c=16047000000 pc=0000000080261e72]
[c=16048000000 pc=0000000080261e88]
[c=16049000000 pc=000000008086013c]
[c=16050000000 pc=00000000802afe60]
[c=16051000000 pc=0000000080ae305e]
[c=16052000000 pc=0000000080261e74]
[c=16053000000 pc=0000000080261e90]
[c=16054000000 pc=000000008086013c]
[c=16055000000 pc=00000000802afe64]
[c=16056000000 pc=0000000080ae3062]
[c=16057000000 pc=0000000080261e74]
[c=16058000000 pc=0000000080261e96]
[c=16059000000 pc=0000000080860142]
[c=16060000000 pc=00000000802afe66]
[c=16061000000 pc=0000000080ae5328]
[c=16062000000 pc=0000000080261dee]
[c=16063000000 pc=0000000080261e9a]
[c=16064000000 pc=000000008086014a]
[c=16065000000 pc=00000000802afe6a]
[c=16066000000 pc=0000000080ae532c]
[c=16067000000 pc=0000000080261df2]
[c=16068000000 pc=0000000080261ea0]
[c=16069000000 pc=000000008086014c]
[c=16070000000 pc=00000000802afe70]
[c=16071000000 pc=0000000080ae5330]
[c=16072000000 pc=0000000080261df2]
[c=16073000000 pc=0000000080860402]
[c=16074000000 pc=0000000080860150]
[c=16075000000 pc=00000000802afe74]
[c=16076000000 pc=0000000080ae5332]
[c=16077000000 pc=0000000080261df4]
[c=16078000000 pc=0000000080860404]
[c=16079000000 pc=0000000080860154]
[c=16080000000 pc=00000000802afe76]
[c=16081000000 pc=0000000080261fc4]
[c=16082000000 pc=0000000080261df6]
[c=16083000000 pc=0000000080860408]
[c=16084000000 pc=0000000080860156]
[c=16085000000 pc=0000000080261fdc]
[c=16086000000 pc=0000000080261f18]
[c=16087000000 pc=0000000080261df8]
[c=16088000000 pc=0000000080860414]
[c=16089000000 pc=0000000080261eb8]
[c=16090000000 pc=0000000080261fbc]
[c=16091000000 pc=0000000080261e6e]
[c=16092000000 pc=0000000080261dfa]
[c=16093000000 pc=0000000080860416]
[c=16094000000 pc=0000000080261fb2]
[c=16095000000 pc=0000000080261fc0]
[c=16096000000 pc=00000000802aff2c]
[c=16097000000 pc=0000000080261e78]
[c=16098000000 pc=0000000080261ea4]
[c=16099000000 pc=0000000080261fb6]
[c=16100000000 pc=0000000080ae530c]
[c=16101000000 pc=00000000802aff30]
[c=16102000000 pc=0000000080261e78]
[c=16103000000 pc=0000000080261eaa]
[c=16104000000 pc=0000000080261fd2]
[c=16105000000 pc=0000000080ae530e]
[c=16106000000 pc=00000000802aff32]
[c=16107000000 pc=0000000080261e7c]
[c=16108000000 pc=0000000080261eac]
[c=16109000000 pc=00000000802afaca]
[c=16110000000 pc=0000000080ae5314]
[c=16111000000 pc=00000000802aff34]
[c=16112000000 pc=0000000080261e7e]
[c=16113000000 pc=0000000080261eb0]
[c=16114000000 pc=00000000802afacc]
[c=16115000000 pc=0000000080ae5318]
[c=16116000000 pc=00000000802aff38]
[c=16117000000 pc=0000000080261e80]
[c=16118000000 pc=0000000080261eb4]
[c=16119000000 pc=00000000802afad0]
[c=16120000000 pc=0000000080ae531a]
[c=16121000000 pc=00000000802aff3c]
[c=16122000000 pc=0000000080261ddc]
[c=16123000000 pc=0000000080860130]
[c=16124000000 pc=00000000802afad8]
[c=16125000000 pc=0000000080ae5320]
[c=16126000000 pc=00000000802aff3c]
[c=16127000000 pc=0000000080261de0]
[c=16128000000 pc=0000000080860132]
[c=16129000000 pc=00000000802afada]
[c=16130000000 pc=0000000080ae304e]
[c=16131000000 pc=00000000802aff3e]
[c=16132000000 pc=0000000080261de2]
[c=16133000000 pc=0000000080860134]
[c=16134000000 pc=00000000802afade]
[c=16135000000 pc=0000000080ae3050]
[c=16136000000 pc=00000000802aff4c]
[c=16137000000 pc=0000000080261de6]
[c=16138000000 pc=0000000080860136]
[c=16139000000 pc=00000000802afae2]
[c=16140000000 pc=0000000080ae3054]
[c=16141000000 pc=00000000802aff4e]
[c=16142000000 pc=0000000080261dea]
[c=16143000000 pc=0000000080860138]
[c=16144000000 pc=0000000080261fd6]
[c=16145000000 pc=0000000080ae305c]
[c=16146000000 pc=0000000080261e72]
[c=16147000000 pc=0000000080261e88]
[c=16148000000 pc=000000008086013c]
[c=16149000000 pc=00000000802afe60]
[c=16150000000 pc=0000000080ae305e]
[c=16151000000 pc=0000000080261e74]
[c=16152000000 pc=0000000080261e90]
[c=16153000000 pc=000000008086013c]
[c=16154000000 pc=00000000802afe64]
[c=16155000000 pc=0000000080ae3062]
[c=16156000000 pc=0000000080261e74]
[c=16157000000 pc=0000000080261e96]
[c=16158000000 pc=0000000080860142]
[c=16159000000 pc=00000000802afe66]
[c=16160000000 pc=0000000080ae5328]
[c=16161000000 pc=0000000080261dee]
[c=16162000000 pc=0000000080261e9a]
[c=16163000000 pc=000000008086014a]
[c=16164000000 pc=00000000802afe6a]
[c=16165000000 pc=0000000080ae532c]
[c=16166000000 pc=0000000080261df2]
[c=16167000000 pc=0000000080261ea0]
[c=16168000000 pc=000000008086014c]
[c=16169000000 pc=00000000802afe70]
[c=16170000000 pc=0000000080ae5330]
[c=16171000000 pc=0000000080261df2]
[c=16172000000 pc=0000000080860402]
[c=16173000000 pc=0000000080860150]
[c=16174000000 pc=00000000802afe74]
[c=16175000000 pc=0000000080ae5332]
[c=16176000000 pc=0000000080261df4]
[c=16177000000 pc=0000000080860404]
[c=16178000000 pc=0000000080860154]
[c=16179000000 pc=00000000802afe76]
[c=16180000000 pc=0000000080261fc4]
[c=16181000000 pc=0000000080261df6]
[c=16182000000 pc=0000000080860408]
[c=16183000000 pc=0000000080860156]
[c=16184000000 pc=0000000080261fdc]
[c=16185000000 pc=0000000080261f18]
[c=16186000000 pc=0000000080261df8]
[c=16187000000 pc=0000000080860414]
[c=16188000000 pc=0000000080261eb8]
[c=16189000000 pc=0000000080261fbc]
[c=16190000000 pc=0000000080261e6e]
[c=16191000000 pc=0000000080261dfa]
[c=16192000000 pc=0000000080860416]
[c=16193000000 pc=0000000080261fb2]
[c=16194000000 pc=0000000080261fc0]
[c=16195000000 pc=00000000802aff2c]
[c=16196000000 pc=0000000080261e78]
[c=16197000000 pc=0000000080261ea4]
[c=16198000000 pc=0000000080261fb6]
[c=16199000000 pc=0000000080ae530c]
[c=16200000000 pc=00000000802aff30]
[c=16201000000 pc=0000000080261e78]
[c=16202000000 pc=0000000080261eaa]
[c=16203000000 pc=0000000080261fd2]
[c=16204000000 pc=0000000080ae530e]
[c=16205000000 pc=00000000802aff32]
[c=16206000000 pc=0000000080261e7c]
[c=16207000000 pc=0000000080261eac]
[c=16208000000 pc=00000000802afaca]
[c=16209000000 pc=0000000080ae5314]
[c=16210000000 pc=00000000802aff34]
[c=16211000000 pc=0000000080261e7e]
[c=16212000000 pc=0000000080261eb0]
[c=16213000000 pc=00000000802afacc]
[c=16214000000 pc=0000000080ae5318]
[c=16215000000 pc=00000000802aff38]
[c=16216000000 pc=0000000080261e80]
[c=16217000000 pc=0000000080261eb4]
[c=16218000000 pc=00000000802afad0]
[c=16219000000 pc=0000000080ae531a]
[c=16220000000 pc=00000000802aff3c]
[c=16221000000 pc=0000000080261ddc]
[c=16222000000 pc=0000000080860130]
[c=16223000000 pc=00000000802afad8]
[c=16224000000 pc=0000000080ae5320]
[c=16225000000 pc=00000000802aff3c]
[c=16226000000 pc=0000000080261de0]
[c=16227000000 pc=0000000080860132]
[c=16228000000 pc=00000000802afada]
[c=16229000000 pc=0000000080ae304e]
[c=16230000000 pc=00000000802aff3e]
[c=16231000000 pc=0000000080261de2]
[c=16232000000 pc=0000000080860134]
[c=16233000000 pc=00000000802afade]
[c=16234000000 pc=0000000080ae3050]
[c=16235000000 pc=00000000802aff4c]
[c=16236000000 pc=0000000080261de6]
[c=16237000000 pc=0000000080860136]
[c=16238000000 pc=00000000802afae2]
[c=16239000000 pc=0000000080ae3054]
[c=16240000000 pc=00000000802aff4e]
[c=16241000000 pc=0000000080261dea]
[c=16242000000 pc=0000000080860138]
[c=16243000000 pc=0000000080261fd6]
[c=16244000000 pc=0000000080ae305c]
[c=16245000000 pc=0000000080261e72]
[c=16246000000 pc=0000000080261e88]
[c=16247000000 pc=000000008086013c]
[c=16248000000 pc=00000000802afe60]
[c=16249000000 pc=0000000080ae305e]
[c=16250000000 pc=0000000080261e74]
[c=16251000000 pc=0000000080261e90]
[c=16252000000 pc=000000008086013c]
[c=16253000000 pc=00000000802afe64]
[c=16254000000 pc=0000000080ae3062]
[c=16255000000 pc=0000000080261e74]
[c=16256000000 pc=0000000080261e96]
[c=16257000000 pc=0000000080860142]
[c=16258000000 pc=00000000802afe66]
[c=16259000000 pc=0000000080ae5328]
[c=16260000000 pc=0000000080261dee]
[c=16261000000 pc=0000000080261e9a]
[c=16262000000 pc=000000008086014a]
[c=16263000000 pc=00000000802afe6a]
[c=16264000000 pc=0000000080ae532c]
[c=16265000000 pc=0000000080261df2]
[c=16266000000 pc=0000000080261ea0]
[c=16267000000 pc=000000008086014c]
[c=16268000000 pc=00000000802afe70]
[c=16269000000 pc=0000000080ae5330]
[c=16270000000 pc=0000000080261df2]
[c=16271000000 pc=0000000080860402]
[c=16272000000 pc=0000000080860150]
[c=16273000000 pc=00000000802afe74]
[c=16274000000 pc=0000000080ae5332]
[c=16275000000 pc=0000000080261df4]
[c=16276000000 pc=0000000080860404]
[c=16277000000 pc=0000000080860154]
[c=16278000000 pc=00000000802afe76]
[c=16279000000 pc=0000000080261fc4]
[c=16280000000 pc=0000000080261df6]
[c=16281000000 pc=0000000080860408]
[c=16282000000 pc=0000000080860156]
[c=16283000000 pc=0000000080261fdc]
[c=16284000000 pc=0000000080261f18]
[c=16285000000 pc=0000000080261df8]
[c=16286000000 pc=0000000080860414]
[c=16287000000 pc=0000000080261eb8]
[c=16288000000 pc=0000000080261fbc]
[c=16289000000 pc=0000000080261e6e]
[c=16290000000 pc=0000000080261dfa]
[c=16291000000 pc=0000000080860416]
[c=16292000000 pc=0000000080261fb2]
[c=16293000000 pc=0000000080261fc0]
[c=16294000000 pc=00000000802aff2c]
[c=16295000000 pc=0000000080261e78]
[c=16296000000 pc=0000000080261ea4]
[c=16297000000 pc=0000000080261fb6]
[c=16298000000 pc=0000000080ae530c]
[c=16299000000 pc=00000000802aff30]
[c=16300000000 pc=0000000080261e78]
[c=16301000000 pc=0000000080261eaa]
[c=16302000000 pc=0000000080261fd2]
[c=16303000000 pc=0000000080ae530e]
[c=16304000000 pc=00000000802aff32]
[c=16305000000 pc=0000000080261e7c]
[c=16306000000 pc=0000000080261eac]
[c=16307000000 pc=00000000802afaca]
[c=16308000000 pc=0000000080ae5314]
[c=16309000000 pc=00000000802aff34]
[c=16310000000 pc=0000000080261e7e]
[c=16311000000 pc=0000000080261eb0]
[c=16312000000 pc=00000000802afacc]
[c=16313000000 pc=0000000080ae5318]
[c=16314000000 pc=00000000802aff38]
[c=16315000000 pc=0000000080261e80]
[c=16316000000 pc=0000000080261eb4]
[c=16317000000 pc=00000000802afad0]
[c=16318000000 pc=0000000080ae531a]
[c=16319000000 pc=00000000802aff3c]
[c=16320000000 pc=0000000080261ddc]
[c=16321000000 pc=0000000080860130]
[c=16322000000 pc=00000000802afad8]
[c=16323000000 pc=0000000080ae5320]
[c=16324000000 pc=00000000802aff3c]
[c=16325000000 pc=0000000080261de0]
[c=16326000000 pc=0000000080860132]
[c=16327000000 pc=00000000802afada]
[c=16328000000 pc=0000000080ae304e]
[c=16329000000 pc=00000000802aff3e]
[c=16330000000 pc=0000000080261de2]
[c=16331000000 pc=0000000080860134]
[c=16332000000 pc=00000000802afade]
[c=16333000000 pc=0000000080ae3050]
[c=16334000000 pc=00000000802aff4c]
[c=16335000000 pc=0000000080261de6]
[c=16336000000 pc=0000000080860136]
[c=16337000000 pc=00000000802afae2]
[c=16338000000 pc=0000000080ae3054]
[c=16339000000 pc=00000000802aff4e]
[c=16340000000 pc=0000000080261dea]
[c=16341000000 pc=0000000080860138]
[c=16342000000 pc=0000000080261fd6]
[c=16343000000 pc=0000000080ae305c]
[c=16344000000 pc=0000000080261e72]
[c=16345000000 pc=0000000080261e88]
[c=16346000000 pc=000000008086013c]
[c=16347000000 pc=00000000802afe60]
[c=16348000000 pc=0000000080ae305e]
[c=16349000000 pc=0000000080261e74]
[c=16350000000 pc=0000000080261e90]
[c=16351000000 pc=000000008086013c]
[c=16352000000 pc=00000000802afe64]
[c=16353000000 pc=0000000080ae3062]
[c=16354000000 pc=0000000080261e74]
[c=16355000000 pc=0000000080261e96]
[c=16356000000 pc=0000000080860142]
[c=16357000000 pc=00000000802afe66]
[c=16358000000 pc=0000000080ae5328]
[c=16359000000 pc=0000000080261dee]
[c=16360000000 pc=0000000080261e9a]
[c=16361000000 pc=000000008086014a]
[c=16362000000 pc=00000000802afe6a]
[c=16363000000 pc=0000000080ae532c]
[c=16364000000 pc=0000000080261df2]
[c=16365000000 pc=0000000080261ea0]
[c=16366000000 pc=000000008086014c]
[c=16367000000 pc=00000000802afe70]
[c=16368000000 pc=0000000080ae5330]
[c=16369000000 pc=0000000080261df2]
[c=16370000000 pc=0000000080860402]
[c=16371000000 pc=0000000080860150]
[c=16372000000 pc=00000000802afe74]
[c=16373000000 pc=0000000080ae5332]
[c=16374000000 pc=0000000080261df4]
[c=16375000000 pc=0000000080860404]
[c=16376000000 pc=0000000080860154]
[c=16377000000 pc=00000000802afe76]
[c=16378000000 pc=0000000080261fc4]
[c=16379000000 pc=0000000080261df6]
[c=16380000000 pc=0000000080860408]
[c=16381000000 pc=0000000080860156]
[c=16382000000 pc=0000000080261fdc]
[c=16383000000 pc=0000000080261f18]
[c=16384000000 pc=0000000080261df8]
[c=16385000000 pc=0000000080860414]
[c=16386000000 pc=0000000080261eb8]
[c=16387000000 pc=0000000080261fbc]
[c=16388000000 pc=0000000080261e6e]
[c=16389000000 pc=0000000080261dfa]
[c=16390000000 pc=0000000080860416]
[c=16391000000 pc=0000000080261fb2]
[c=16392000000 pc=0000000080261fc0]
[c=16393000000 pc=00000000802aff2c]
[c=16394000000 pc=0000000080261e78]
[c=16395000000 pc=0000000080261ea4]
[c=16396000000 pc=0000000080261fb6]
[c=16397000000 pc=0000000080ae530c]
[c=16398000000 pc=00000000802aff30]
[c=16399000000 pc=0000000080261e78]
[c=16400000000 pc=0000000080261eaa]
[c=16401000000 pc=0000000080261fd2]
[c=16402000000 pc=0000000080ae530e]
[c=16403000000 pc=00000000802aff32]
[c=16404000000 pc=0000000080261e7c]
[c=16405000000 pc=0000000080261eac]
[c=16406000000 pc=00000000802afaca]
[c=16407000000 pc=0000000080ae5314]
[c=16408000000 pc=00000000802aff34]
[c=16409000000 pc=0000000080261e7e]
[c=16410000000 pc=0000000080261eb0]
[c=16411000000 pc=00000000802afacc]
[c=16412000000 pc=0000000080ae5318]
[c=16413000000 pc=00000000802aff38]
[c=16414000000 pc=0000000080261e80]
[c=16415000000 pc=0000000080261eb4]
[c=16416000000 pc=00000000802afad0]
[c=16417000000 pc=0000000080ae531a]
[c=16418000000 pc=00000000802aff3c]
[c=16419000000 pc=0000000080261ddc]
[c=16420000000 pc=0000000080860130]
[c=16421000000 pc=00000000802afad8]
[c=16422000000 pc=0000000080ae5320]
[c=16423000000 pc=00000000802aff3c]
[c=16424000000 pc=0000000080261de0]
[c=16425000000 pc=0000000080860132]
[c=16426000000 pc=00000000802afada]
[c=16427000000 pc=0000000080ae304e]
[c=16428000000 pc=00000000802aff3e]
[c=16429000000 pc=0000000080261de2]
[c=16430000000 pc=0000000080860134]
[c=16431000000 pc=00000000802afade]
[c=16432000000 pc=0000000080ae3050]
[c=16433000000 pc=00000000802aff4c]
[c=16434000000 pc=0000000080261de6]
[c=16435000000 pc=0000000080860136]
[c=16436000000 pc=00000000802afae2]
[c=16437000000 pc=0000000080ae3054]
[c=16438000000 pc=00000000802aff4e]
[c=16439000000 pc=0000000080261dea]
[c=16440000000 pc=0000000080860138]
[c=16441000000 pc=0000000080261fd6]
[c=16442000000 pc=0000000080ae305c]
[c=16443000000 pc=0000000080261e72]
[c=16444000000 pc=0000000080261e88]
[c=16445000000 pc=000000008086013c]
[c=16446000000 pc=00000000802afe60]
[c=16447000000 pc=0000000080ae305e]
[c=16448000000 pc=0000000080261e74]
[c=16449000000 pc=0000000080261e90]
[c=16450000000 pc=000000008086013c]
[c=16451000000 pc=00000000802afe64]
[c=16452000000 pc=0000000080ae3062]
[c=16453000000 pc=0000000080261e74]
[c=16454000000 pc=0000000080261e96]
[c=16455000000 pc=0000000080860142]
[c=16456000000 pc=00000000802afe66]
[c=16457000000 pc=0000000080ae5328]
[c=16458000000 pc=0000000080261dee]
[c=16459000000 pc=0000000080261e9a]
[c=16460000000 pc=000000008086014a]
[c=16461000000 pc=00000000802afe6a]
[c=16462000000 pc=0000000080ae532c]
[c=16463000000 pc=0000000080261df2]
[c=16464000000 pc=0000000080261ea0]
[c=16465000000 pc=000000008086014c]
[c=16466000000 pc=00000000802afe70]
[c=16467000000 pc=0000000080ae5330]
[c=16468000000 pc=0000000080261df2]
[c=16469000000 pc=0000000080860402]
[c=16470000000 pc=0000000080860150]
[c=16471000000 pc=00000000802afe74]
[c=16472000000 pc=0000000080ae5332]
[c=16473000000 pc=0000000080261df4]
[c=16474000000 pc=0000000080860404]
[c=16475000000 pc=0000000080860154]
[c=16476000000 pc=00000000802afe76]
[c=16477000000 pc=0000000080261fc4]
[c=16478000000 pc=0000000080261df6]
[c=16479000000 pc=0000000080860408]
[c=16480000000 pc=0000000080860156]
[c=16481000000 pc=0000000080261fdc]
[c=16482000000 pc=0000000080261f18]
[c=16483000000 pc=0000000080261df8]
[c=16484000000 pc=0000000080860414]
[c=16485000000 pc=0000000080261eb8]
[c=16486000000 pc=0000000080261fbc]
[c=16487000000 pc=0000000080261e6e]
[c=16488000000 pc=0000000080261dfa]
[c=16489000000 pc=0000000080860416]
[c=16490000000 pc=0000000080261fb2]
[c=16491000000 pc=0000000080261fc0]
[c=16492000000 pc=00000000802aff2c]
[c=16493000000 pc=0000000080261e78]
[c=16494000000 pc=0000000080261ea4]
[c=16495000000 pc=0000000080261fb6]
[c=16496000000 pc=0000000080ae530c]
[c=16497000000 pc=00000000802aff30]
[c=16498000000 pc=0000000080261e78]
[c=16499000000 pc=0000000080261eaa]
[c=16500000000 pc=0000000080261fd2]
[c=16501000000 pc=0000000080ae530e]
[c=16502000000 pc=00000000802aff32]
[c=16503000000 pc=0000000080261e7c]
[c=16504000000 pc=0000000080261eac]
[c=16505000000 pc=00000000802afaca]
[c=16506000000 pc=0000000080ae5314]
[c=16507000000 pc=00000000802aff34]
[c=16508000000 pc=0000000080261e7e]
[c=16509000000 pc=0000000080261eb0]
[c=16510000000 pc=00000000802afacc]
[c=16511000000 pc=0000000080ae5318]
[c=16512000000 pc=00000000802aff38]
[c=16513000000 pc=0000000080261e80]
[c=16514000000 pc=0000000080261eb4]
[c=16515000000 pc=00000000802afad0]
[c=16516000000 pc=0000000080ae531a]
[c=16517000000 pc=00000000802aff3c]
[c=16518000000 pc=0000000080261ddc]
[c=16519000000 pc=0000000080860130]
[c=16520000000 pc=00000000802afad8]
[c=16521000000 pc=0000000080ae5320]
[c=16522000000 pc=00000000802aff3c]
[c=16523000000 pc=0000000080261de0]
[c=16524000000 pc=0000000080860132]
[c=16525000000 pc=00000000802afada]
[c=16526000000 pc=0000000080ae304e]
[c=16527000000 pc=00000000802aff3e]
[c=16528000000 pc=0000000080261de2]
[c=16529000000 pc=0000000080860134]
[c=16530000000 pc=00000000802afade]
[c=16531000000 pc=0000000080ae3050]
[c=16532000000 pc=00000000802aff4c]
[c=16533000000 pc=0000000080261de6]
[c=16534000000 pc=0000000080860136]
[c=16535000000 pc=00000000802afae2]
[c=16536000000 pc=0000000080ae3054]
[c=16537000000 pc=00000000802aff4e]
[c=16538000000 pc=0000000080261dea]
[c=16539000000 pc=0000000080860138]
[c=16540000000 pc=0000000080261fd6]
[c=16541000000 pc=0000000080ae305c]
[c=16542000000 pc=0000000080261e72]
[c=16543000000 pc=0000000080261e88]
[c=16544000000 pc=000000008086013c]
[c=16545000000 pc=00000000802afe60]
[c=16546000000 pc=0000000080ae305e]
[c=16547000000 pc=0000000080261e74]
[c=16548000000 pc=0000000080261e90]
[c=16549000000 pc=000000008086013c]
[c=16550000000 pc=00000000802afe64]
[c=16551000000 pc=0000000080ae3062]
[c=16552000000 pc=0000000080261e74]
[c=16553000000 pc=0000000080261e96]
[c=16554000000 pc=0000000080860142]
[c=16555000000 pc=00000000802afe66]
[c=16556000000 pc=0000000080ae5328]
[c=16557000000 pc=0000000080261dee]
[c=16558000000 pc=0000000080261e9a]
[c=16559000000 pc=000000008086014a]
[c=16560000000 pc=00000000802afe6a]
[c=16561000000 pc=0000000080ae532c]
[c=16562000000 pc=0000000080261df2]
[c=16563000000 pc=0000000080261ea0]
[c=16564000000 pc=000000008086014c]
[c=16565000000 pc=00000000802afe70]
[c=16566000000 pc=0000000080ae5330]
[c=16567000000 pc=0000000080261df2]
[c=16568000000 pc=0000000080860402]
[c=16569000000 pc=0000000080860150]
[c=16570000000 pc=00000000802afe74]
[c=16571000000 pc=0000000080ae5332]
[c=16572000000 pc=0000000080261df4]
[c=16573000000 pc=0000000080860404]
[c=16574000000 pc=0000000080860154]
[c=16575000000 pc=00000000802afe76]
[c=16576000000 pc=0000000080261fc4]
[c=16577000000 pc=0000000080261df6]
[c=16578000000 pc=0000000080860408]
[c=16579000000 pc=0000000080860156]
[c=16580000000 pc=0000000080261fdc]
[c=16581000000 pc=0000000080261f18]
[c=16582000000 pc=0000000080261df8]
[c=16583000000 pc=0000000080860414]
[c=16584000000 pc=0000000080261eb8]
[c=16585000000 pc=0000000080261fbc]
[c=16586000000 pc=0000000080261e6e]
[c=16587000000 pc=0000000080261dfa]
[c=16588000000 pc=0000000080860416]
[c=16589000000 pc=0000000080261fb2]
[c=16590000000 pc=0000000080261fc0]
[c=16591000000 pc=00000000802aff2c]
[c=16592000000 pc=0000000080261e78]
[c=16593000000 pc=0000000080261ea4]
[c=16594000000 pc=0000000080261fb6]
[c=16595000000 pc=0000000080ae530c]
[c=16596000000 pc=00000000802aff30]
[c=16597000000 pc=0000000080261e78]
[c=16598000000 pc=0000000080261eaa]
[c=16599000000 pc=0000000080261fd2]
[c=16600000000 pc=0000000080ae530e]
[c=16601000000 pc=00000000802aff32]
[c=16602000000 pc=0000000080261e7c]
[c=16603000000 pc=0000000080261eac]
[c=16604000000 pc=00000000802afaca]
[c=16605000000 pc=0000000080ae5314]
[c=16606000000 pc=00000000802aff34]
[c=16607000000 pc=0000000080261e7e]
[c=16608000000 pc=0000000080261eb0]
[c=16609000000 pc=00000000802afacc]
[c=16610000000 pc=0000000080ae5318]
[c=16611000000 pc=00000000802aff38]
[c=16612000000 pc=0000000080261e80]
[c=16613000000 pc=0000000080261eb4]
[c=16614000000 pc=00000000802afad0]
[c=16615000000 pc=0000000080ae531a]
[c=16616000000 pc=00000000802aff3c]
[c=16617000000 pc=0000000080261ddc]
[c=16618000000 pc=0000000080860130]
[c=16619000000 pc=00000000802afad8]
[c=16620000000 pc=0000000080ae5320]
[c=16621000000 pc=00000000802aff3c]
[c=16622000000 pc=0000000080261de0]
[c=16623000000 pc=0000000080860132]
[c=16624000000 pc=00000000802afada]
[c=16625000000 pc=0000000080ae304e]
[c=16626000000 pc=00000000802aff3e]
[c=16627000000 pc=0000000080261de2]
[c=16628000000 pc=0000000080860134]
[c=16629000000 pc=00000000802afade]
[c=16630000000 pc=0000000080ae3050]
[c=16631000000 pc=00000000802aff4c]
[c=16632000000 pc=0000000080261de6]
[c=16633000000 pc=0000000080860136]
[c=16634000000 pc=00000000802afae2]
[c=16635000000 pc=0000000080ae3054]
[c=16636000000 pc=00000000802aff4e]
[c=16637000000 pc=0000000080261dea]
[c=16638000000 pc=0000000080860138]
[c=16639000000 pc=0000000080261fd6]
[c=16640000000 pc=0000000080ae305c]
[c=16641000000 pc=0000000080261e72]
[c=16642000000 pc=0000000080261e88]
[c=16643000000 pc=000000008086013c]
[c=16644000000 pc=00000000802afe60]
[c=16645000000 pc=0000000080ae305e]
[c=16646000000 pc=0000000080261e74]
[c=16647000000 pc=0000000080261e90]
[c=16648000000 pc=000000008086013c]
[c=16649000000 pc=00000000802afe64]
[c=16650000000 pc=0000000080ae3062]
[c=16651000000 pc=0000000080261e74]
[c=16652000000 pc=0000000080261e96]
[c=16653000000 pc=0000000080860142]
[c=16654000000 pc=00000000802afe66]
[c=16655000000 pc=0000000080ae5328]
[c=16656000000 pc=0000000080261dee]
[c=16657000000 pc=0000000080261e9a]
[c=16658000000 pc=000000008086014a]
[c=16659000000 pc=00000000802afe6a]
[c=16660000000 pc=0000000080ae532c]
[c=16661000000 pc=0000000080261df2]
[c=16662000000 pc=0000000080261ea0]
[c=16663000000 pc=000000008086014c]
[c=16664000000 pc=00000000802afe70]
[c=16665000000 pc=0000000080ae5330]
[c=16666000000 pc=0000000080261df2]
[c=16667000000 pc=0000000080860402]
[c=16668000000 pc=0000000080860150]
[c=16669000000 pc=00000000802afe74]
[c=16670000000 pc=0000000080ae5332]
[c=16671000000 pc=0000000080261df4]
[c=16672000000 pc=0000000080860404]
[c=16673000000 pc=0000000080860154]
[c=16674000000 pc=00000000802afe76]
[c=16675000000 pc=0000000080261fc4]
[c=16676000000 pc=0000000080261df6]
[c=16677000000 pc=0000000080860408]
[c=16678000000 pc=0000000080860156]
[c=16679000000 pc=0000000080261fdc]
[c=16680000000 pc=0000000080261f18]
[c=16681000000 pc=0000000080261df8]
[c=16682000000 pc=0000000080860414]
[c=16683000000 pc=0000000080261eb8]
[c=16684000000 pc=0000000080261fbc]
[c=16685000000 pc=0000000080261e6e]
[c=16686000000 pc=0000000080261dfa]
[c=16687000000 pc=0000000080860416]
[c=16688000000 pc=0000000080261fb2]
[c=16689000000 pc=0000000080261fc0]
[c=16690000000 pc=00000000802aff2c]
[c=16691000000 pc=0000000080261e78]
[c=16692000000 pc=0000000080261ea4]
[c=16693000000 pc=0000000080261fb6]
[c=16694000000 pc=0000000080ae530c]
[c=16695000000 pc=00000000802aff30]
[c=16696000000 pc=0000000080261e78]
[c=16697000000 pc=0000000080261eaa]
[c=16698000000 pc=0000000080261fd2]
[c=16699000000 pc=0000000080ae530e]
[c=16700000000 pc=00000000802aff32]
[c=16701000000 pc=0000000080261e7c]
[c=16702000000 pc=0000000080261eac]
[c=16703000000 pc=00000000802afaca]
[c=16704000000 pc=0000000080ae5314]
[c=16705000000 pc=00000000802aff34]
[c=16706000000 pc=0000000080261e7e]
[c=16707000000 pc=0000000080261eb0]
[c=16708000000 pc=00000000802afacc]
[c=16709000000 pc=0000000080ae5318]
[c=16710000000 pc=00000000802aff38]
[c=16711000000 pc=0000000080261e80]
[c=16712000000 pc=0000000080261eb4]
[c=16713000000 pc=00000000802afad0]
[c=16714000000 pc=0000000080ae531a]
[c=16715000000 pc=00000000802aff3c]
[c=16716000000 pc=0000000080261ddc]
[c=16717000000 pc=0000000080860130]
[c=16718000000 pc=00000000802afad8]
[c=16719000000 pc=0000000080ae5320]
[c=16720000000 pc=00000000802aff3c]
[c=16721000000 pc=0000000080261de0]
[c=16722000000 pc=0000000080860132]
[c=16723000000 pc=00000000802afada]
[c=16724000000 pc=0000000080ae304e]
[c=16725000000 pc=00000000802aff3e]
[c=16726000000 pc=0000000080261de2]
[c=16727000000 pc=0000000080860134]
[c=16728000000 pc=00000000802afade]
[c=16729000000 pc=0000000080ae3050]
[c=16730000000 pc=00000000802aff4c]
[c=16731000000 pc=0000000080261de6]
[c=16732000000 pc=0000000080860136]
[c=16733000000 pc=00000000802afae2]
[c=16734000000 pc=0000000080ae3054]
[c=16735000000 pc=00000000802aff4e]
[c=16736000000 pc=0000000080261dea]
[c=16737000000 pc=0000000080860138]
[c=16738000000 pc=0000000080261fd6]
[c=16739000000 pc=0000000080ae305c]
[c=16740000000 pc=0000000080261e72]
[c=16741000000 pc=0000000080261e88]
[c=16742000000 pc=000000008086013c]
[c=16743000000 pc=00000000802afe60]
[c=16744000000 pc=0000000080ae305e]
[c=16745000000 pc=0000000080261e74]
[c=16746000000 pc=0000000080261e90]
[c=16747000000 pc=000000008086013c]
[c=16748000000 pc=00000000802afe64]
[c=16749000000 pc=0000000080ae3062]
[c=16750000000 pc=0000000080261e74]
[c=16751000000 pc=0000000080261e96]
[c=16752000000 pc=0000000080860142]
[c=16753000000 pc=00000000802afe66]
[c=16754000000 pc=0000000080ae5328]
[c=16755000000 pc=0000000080261dee]
[c=16756000000 pc=0000000080261e9a]
[c=16757000000 pc=000000008086014a]
[c=16758000000 pc=00000000802afe6a]
[c=16759000000 pc=0000000080ae532c]
[c=16760000000 pc=0000000080261df2]
[c=16761000000 pc=0000000080261ea0]
[c=16762000000 pc=000000008086014c]
[c=16763000000 pc=00000000802afe70]
[c=16764000000 pc=0000000080ae5330]
[c=16765000000 pc=0000000080261df2]
[c=16766000000 pc=0000000080860402]
[c=16767000000 pc=0000000080860150]
[c=16768000000 pc=00000000802afe74]
[c=16769000000 pc=0000000080ae5332]
[c=16770000000 pc=0000000080261df4]
[c=16771000000 pc=0000000080860404]
[c=16772000000 pc=0000000080860154]
[c=16773000000 pc=00000000802afe76]
[c=16774000000 pc=0000000080261fc4]
[c=16775000000 pc=0000000080261df6]
[c=16776000000 pc=0000000080860408]
[c=16777000000 pc=0000000080860156]
[c=16778000000 pc=0000000080261fdc]
[c=16779000000 pc=0000000080261f18]
[c=16780000000 pc=0000000080261df8]
[c=16781000000 pc=0000000080860414]
[c=16782000000 pc=0000000080261eb8]
[c=16783000000 pc=0000000080261fbc]
[c=16784000000 pc=0000000080261e6e]
[c=16785000000 pc=0000000080261dfa]
[c=16786000000 pc=0000000080860416]
[c=16787000000 pc=0000000080261fb2]
[c=16788000000 pc=0000000080261fc0]
[c=16789000000 pc=00000000802aff2c]
[c=16790000000 pc=0000000080261e78]
[c=16791000000 pc=0000000080261ea4]
[c=16792000000 pc=0000000080261fb6]
[c=16793000000 pc=0000000080ae530c]
[c=16794000000 pc=00000000802aff30]
[c=16795000000 pc=0000000080261e78]
[c=16796000000 pc=0000000080261eaa]
[c=16797000000 pc=0000000080261fd2]
[c=16798000000 pc=0000000080ae530e]
[c=16799000000 pc=00000000802aff32]
[c=16800000000 pc=0000000080261e7c]
[c=16801000000 pc=0000000080261eac]
[c=16802000000 pc=00000000802afaca]
[c=16803000000 pc=0000000080ae5314]
[c=16804000000 pc=00000000802aff34]
[c=16805000000 pc=0000000080261e7e]
[c=16806000000 pc=0000000080261eb0]
[c=16807000000 pc=00000000802afacc]
[c=16808000000 pc=0000000080ae5318]
[c=16809000000 pc=00000000802aff38]
[c=16810000000 pc=0000000080261e80]
[c=16811000000 pc=0000000080261eb4]
[c=16812000000 pc=00000000802afad0]
[c=16813000000 pc=0000000080ae531a]
[c=16814000000 pc=00000000802aff3c]
[c=16815000000 pc=0000000080261ddc]
[c=16816000000 pc=0000000080860130]
[c=16817000000 pc=00000000802afad8]
[c=16818000000 pc=0000000080ae5320]
[c=16819000000 pc=00000000802aff3c]
[c=16820000000 pc=0000000080261de0]
[c=16821000000 pc=0000000080860132]
[c=16822000000 pc=00000000802afada]
[c=16823000000 pc=0000000080ae304e]
[c=16824000000 pc=00000000802aff3e]
[c=16825000000 pc=0000000080261de2]
[c=16826000000 pc=0000000080860134]
[c=16827000000 pc=00000000802afade]
[c=16828000000 pc=0000000080ae3050]
[c=16829000000 pc=00000000802aff4c]
[c=16830000000 pc=0000000080261de6]
[c=16831000000 pc=0000000080860136]
[c=16832000000 pc=00000000802afae2]
[c=16833000000 pc=0000000080ae3054]
[c=16834000000 pc=00000000802aff4e]
[c=16835000000 pc=0000000080261dea]
[c=16836000000 pc=0000000080860138]
[c=16837000000 pc=0000000080261fd6]
[c=16838000000 pc=0000000080ae305c]
[c=16839000000 pc=0000000080261e72]
[c=16840000000 pc=0000000080261e88]
[c=16841000000 pc=000000008086013c]
[c=16842000000 pc=00000000802afe60]
[c=16843000000 pc=0000000080ae305e]
[c=16844000000 pc=0000000080261e74]
[c=16845000000 pc=0000000080261e90]
[c=16846000000 pc=000000008086013c]
[c=16847000000 pc=00000000802afe64]
[c=16848000000 pc=0000000080ae3062]
[c=16849000000 pc=0000000080261e74]
[c=16850000000 pc=0000000080261e96]
[c=16851000000 pc=0000000080860142]
[c=16852000000 pc=00000000802afe66]
[c=16853000000 pc=0000000080ae5328]
[c=16854000000 pc=0000000080261dee]
[c=16855000000 pc=0000000080261e9a]
[c=16856000000 pc=000000008086014a]
[c=16857000000 pc=00000000802afe6a]
[c=16858000000 pc=0000000080ae532c]
[c=16859000000 pc=0000000080261df2]
[c=16860000000 pc=0000000080261ea0]
[c=16861000000 pc=000000008086014c]
[c=16862000000 pc=00000000802afe70]
[c=16863000000 pc=0000000080ae5330]
[c=16864000000 pc=0000000080261df2]
[c=16865000000 pc=0000000080860402]
[c=16866000000 pc=0000000080860150]
[c=16867000000 pc=00000000802afe74]
[c=16868000000 pc=0000000080ae5332]
[c=16869000000 pc=0000000080261df4]
[c=16870000000 pc=0000000080860404]
[c=16871000000 pc=0000000080860154]
[c=16872000000 pc=00000000802afe76]
[c=16873000000 pc=0000000080261fc4]
[c=16874000000 pc=0000000080261df6]
[c=16875000000 pc=0000000080860408]
[c=16876000000 pc=0000000080860156]
[c=16877000000 pc=0000000080261fdc]
[c=16878000000 pc=0000000080261f18]
[c=16879000000 pc=0000000080261df8]
[c=16880000000 pc=0000000080860414]
[c=16881000000 pc=0000000080261eb8]
[c=16882000000 pc=0000000080261fbc]
[c=16883000000 pc=0000000080261e6e]
[c=16884000000 pc=0000000080261dfa]
[c=16885000000 pc=0000000080860416]
[c=16886000000 pc=0000000080261fb2]
[c=16887000000 pc=0000000080261fc0]
[c=16888000000 pc=00000000802aff2c]
[c=16889000000 pc=0000000080261e78]
[c=16890000000 pc=0000000080261ea4]
[c=16891000000 pc=0000000080261fb6]
[c=16892000000 pc=0000000080ae530c]
[c=16893000000 pc=00000000802aff30]
[c=16894000000 pc=0000000080261e78]
[c=16895000000 pc=0000000080261eaa]
[c=16896000000 pc=0000000080261fd2]
[c=16897000000 pc=0000000080ae530e]
[c=16898000000 pc=00000000802aff32]
[c=16899000000 pc=0000000080261e7c]
[c=16900000000 pc=0000000080261eac]
[c=16901000000 pc=00000000802afaca]
[c=16902000000 pc=0000000080ae5314]
[c=16903000000 pc=00000000802aff34]
[c=16904000000 pc=0000000080261e7e]
[c=16905000000 pc=0000000080261eb0]
[c=16906000000 pc=00000000802afacc]
[c=16907000000 pc=0000000080ae5318]
[c=16908000000 pc=00000000802aff38]
[c=16909000000 pc=0000000080261e80]
[c=16910000000 pc=0000000080261eb4]
[c=16911000000 pc=00000000802afad0]
[c=16912000000 pc=0000000080ae531a]
[c=16913000000 pc=00000000802aff3c]
[c=16914000000 pc=0000000080261ddc]
[c=16915000000 pc=0000000080860130]
[c=16916000000 pc=00000000802afad8]
[c=16917000000 pc=0000000080ae5320]
[c=16918000000 pc=00000000802aff3c]
[c=16919000000 pc=0000000080261de0]
[c=16920000000 pc=0000000080860132]
[c=16921000000 pc=00000000802afada]
[c=16922000000 pc=0000000080ae304e]
[c=16923000000 pc=00000000802aff3e]
[c=16924000000 pc=0000000080261de2]
[c=16925000000 pc=0000000080860134]
[c=16926000000 pc=00000000802afade]
[c=16927000000 pc=0000000080ae3050]
[c=16928000000 pc=00000000802aff4c]
[c=16929000000 pc=0000000080261de6]
[c=16930000000 pc=0000000080860136]
[c=16931000000 pc=00000000802afae2]
[c=16932000000 pc=0000000080ae3054]
[c=16933000000 pc=00000000802aff4e]
[c=16934000000 pc=0000000080261dea]
[c=16935000000 pc=0000000080860138]
[c=16936000000 pc=0000000080261fd6]
[c=16937000000 pc=0000000080ae305c]
[c=16938000000 pc=0000000080261e72]
[c=16939000000 pc=0000000080261e88]
[c=16940000000 pc=000000008086013c]
[c=16941000000 pc=00000000802afe60]
[c=16942000000 pc=0000000080ae305e]
[c=16943000000 pc=0000000080261e74]
[c=16944000000 pc=0000000080261e90]
[c=16945000000 pc=000000008086013c]
[c=16946000000 pc=00000000802afe64]
[c=16947000000 pc=0000000080ae3062]
[c=16948000000 pc=0000000080261e74]
[c=16949000000 pc=0000000080261e96]
[c=16950000000 pc=0000000080860142]
[c=16951000000 pc=00000000802afe66]
[c=16952000000 pc=0000000080ae5328]
[c=16953000000 pc=0000000080261dee]
[c=16954000000 pc=0000000080261e9a]
[c=16955000000 pc=000000008086014a]
[c=16956000000 pc=00000000802afe6a]
[c=16957000000 pc=0000000080ae532c]
[c=16958000000 pc=0000000080261df2]
[c=16959000000 pc=0000000080261ea0]
[c=16960000000 pc=000000008086014c]
[c=16961000000 pc=00000000802afe70]
[c=16962000000 pc=0000000080ae5330]
[c=16963000000 pc=0000000080261df2]
[c=16964000000 pc=0000000080860402]
[c=16965000000 pc=0000000080860150]
[c=16966000000 pc=00000000802afe74]
[c=16967000000 pc=0000000080ae5332]
[c=16968000000 pc=0000000080261df4]
[c=16969000000 pc=0000000080860404]
[c=16970000000 pc=0000000080860154]
[c=16971000000 pc=00000000802afe76]
[c=16972000000 pc=0000000080261fc4]
[c=16973000000 pc=0000000080261df6]
[c=16974000000 pc=0000000080860408]
[c=16975000000 pc=0000000080860156]
[c=16976000000 pc=0000000080261fdc]
[c=16977000000 pc=0000000080261f18]
[c=16978000000 pc=0000000080261df8]
[c=16979000000 pc=0000000080860414]
[c=16980000000 pc=0000000080261eb8]
[c=16981000000 pc=0000000080261fbc]
[c=16982000000 pc=0000000080261e6e]
[c=16983000000 pc=0000000080261dfa]
[c=16984000000 pc=0000000080860416]
[c=16985000000 pc=0000000080261fb2]
[c=16986000000 pc=0000000080261fc0]
[c=16987000000 pc=00000000802aff2c]
[c=16988000000 pc=0000000080261e78]
[c=16989000000 pc=0000000080261ea4]
[c=16990000000 pc=0000000080261fb6]
[c=16991000000 pc=0000000080ae530c]
[c=16992000000 pc=00000000802aff30]
[c=16993000000 pc=0000000080261e78]
[c=16994000000 pc=0000000080261eaa]
[c=16995000000 pc=0000000080261fd2]
[c=16996000000 pc=0000000080ae530e]
[c=16997000000 pc=00000000802aff32]
[c=16998000000 pc=0000000080261e7c]
[c=16999000000 pc=0000000080261eac]
[c=17000000000 pc=00000000802afaca]
[c=17001000000 pc=0000000080ae5314]
[c=17002000000 pc=00000000802aff34]
[c=17003000000 pc=0000000080261e7e]
[c=17004000000 pc=0000000080261eb0]
[c=17005000000 pc=00000000802afacc]
[c=17006000000 pc=0000000080ae5318]
[c=17007000000 pc=00000000802aff38]
[c=17008000000 pc=0000000080261e80]
[c=17009000000 pc=0000000080261eb4]
[c=17010000000 pc=00000000802afad0]
[c=17011000000 pc=0000000080ae531a]
[c=17012000000 pc=00000000802aff3c]
[c=17013000000 pc=0000000080261ddc]
[c=17014000000 pc=0000000080860130]
[c=17015000000 pc=00000000802afad8]
[c=17016000000 pc=0000000080ae5320]
[c=17017000000 pc=00000000802aff3c]
[c=17018000000 pc=0000000080261de0]
[c=17019000000 pc=0000000080860132]
[c=17020000000 pc=00000000802afada]
[c=17021000000 pc=0000000080ae304e]
[c=17022000000 pc=00000000802aff3e]
[c=17023000000 pc=0000000080261de2]
[c=17024000000 pc=0000000080860134]
[c=17025000000 pc=00000000802afade]
[c=17026000000 pc=0000000080ae3050]
[c=17027000000 pc=00000000802aff4c]
[c=17028000000 pc=0000000080261de6]
[c=17029000000 pc=0000000080860136]
[c=17030000000 pc=00000000802afae2]
[c=17031000000 pc=0000000080ae3054]
[c=17032000000 pc=00000000802aff4e]
[c=17033000000 pc=0000000080261dea]
[c=17034000000 pc=0000000080860138]
[c=17035000000 pc=0000000080261fd6]
[c=17036000000 pc=0000000080ae305c]
[c=17037000000 pc=0000000080261e72]
[c=17038000000 pc=0000000080261e88]
[c=17039000000 pc=000000008086013c]
[c=17040000000 pc=00000000802afe60]
[c=17041000000 pc=0000000080ae305e]
[c=17042000000 pc=0000000080261e74]
[c=17043000000 pc=0000000080261e90]
[c=17044000000 pc=000000008086013c]
[c=17045000000 pc=00000000802afe64]
[c=17046000000 pc=0000000080ae3062]
[c=17047000000 pc=0000000080261e74]
[c=17048000000 pc=0000000080261e96]
[c=17049000000 pc=0000000080860142]
[c=17050000000 pc=00000000802afe66]
[c=17051000000 pc=0000000080ae5328]
[c=17052000000 pc=0000000080261dee]
[c=17053000000 pc=0000000080261e9a]
[c=17054000000 pc=000000008086014a]
[c=17055000000 pc=00000000802afe6a]
[c=17056000000 pc=0000000080ae532c]
[c=17057000000 pc=0000000080261df2]
[c=17058000000 pc=0000000080261ea0]
[c=17059000000 pc=000000008086014c]
[c=17060000000 pc=00000000802afe70]
[c=17061000000 pc=0000000080ae5330]
[c=17062000000 pc=0000000080261df2]
[c=17063000000 pc=0000000080860402]
[c=17064000000 pc=0000000080860150]
[c=17065000000 pc=00000000802afe74]
[c=17066000000 pc=0000000080ae5332]
[c=17067000000 pc=0000000080261df4]
[c=17068000000 pc=0000000080860404]
[c=17069000000 pc=0000000080860154]
[c=17070000000 pc=00000000802afe76]
[c=17071000000 pc=0000000080261fc4]
[c=17072000000 pc=0000000080261df6]
[c=17073000000 pc=0000000080860408]
[c=17074000000 pc=0000000080860156]
[c=17075000000 pc=0000000080261fdc]
[c=17076000000 pc=0000000080261f18]
[c=17077000000 pc=0000000080261df8]
[c=17078000000 pc=0000000080860414]
[c=17079000000 pc=0000000080261eb8]
[c=17080000000 pc=0000000080261fbc]
[c=17081000000 pc=0000000080261e6e]
[c=17082000000 pc=0000000080261dfa]
[c=17083000000 pc=0000000080860416]
[c=17084000000 pc=0000000080261fb2]
[c=17085000000 pc=0000000080261fc0]
[c=17086000000 pc=00000000802aff2c]
[c=17087000000 pc=0000000080261e78]
[c=17088000000 pc=0000000080261ea4]
[c=17089000000 pc=0000000080261fb6]
[c=17090000000 pc=0000000080ae530c]
[c=17091000000 pc=00000000802aff30]
[c=17092000000 pc=0000000080261e78]
[c=17093000000 pc=0000000080261eaa]
[c=17094000000 pc=0000000080261fd2]
[c=17095000000 pc=0000000080ae530e]
[c=17096000000 pc=00000000802aff32]
[c=17097000000 pc=0000000080261e7c]
[c=17098000000 pc=0000000080261eac]
[c=17099000000 pc=00000000802afaca]
[c=17100000000 pc=0000000080ae5314]
[c=17101000000 pc=00000000802aff34]
[c=17102000000 pc=0000000080261e7e]
[c=17103000000 pc=0000000080261eb0]
[c=17104000000 pc=00000000802afacc]
[c=17105000000 pc=0000000080ae5318]
[c=17106000000 pc=00000000802aff38]
[c=17107000000 pc=0000000080261e80]
[c=17108000000 pc=0000000080261eb4]
[c=17109000000 pc=00000000802afad0]
[c=17110000000 pc=0000000080ae531a]
[c=17111000000 pc=00000000802aff3c]
[c=17112000000 pc=0000000080261ddc]
[c=17113000000 pc=0000000080860130]
[c=17114000000 pc=00000000802afad8]
[c=17115000000 pc=0000000080ae5320]
[c=17116000000 pc=00000000802aff3c]
[c=17117000000 pc=0000000080261de0]
[c=17118000000 pc=0000000080860132]
[c=17119000000 pc=00000000802afada]
[c=17120000000 pc=0000000080ae304e]
[c=17121000000 pc=00000000802aff3e]
[c=17122000000 pc=0000000080261de2]
[c=17123000000 pc=0000000080860134]
[c=17124000000 pc=00000000802afade]
[c=17125000000 pc=0000000080ae3050]
[c=17126000000 pc=00000000802aff4c]
[c=17127000000 pc=0000000080261de6]
[c=17128000000 pc=0000000080860136]
[c=17129000000 pc=00000000802afae2]
[c=17130000000 pc=0000000080ae3054]
[c=17131000000 pc=00000000802aff4e]
[c=17132000000 pc=0000000080261dea]
[c=17133000000 pc=0000000080860138]
[c=17134000000 pc=0000000080261fd6]
[c=17135000000 pc=0000000080ae305c]
[c=17136000000 pc=0000000080261e72]
[c=17137000000 pc=0000000080261e88]
[c=17138000000 pc=000000008086013c]
[c=17139000000 pc=00000000802afe60]
[c=17140000000 pc=0000000080ae305e]
[c=17141000000 pc=0000000080261e74]
[c=17142000000 pc=0000000080261e90]
[c=17143000000 pc=000000008086013c]
[c=17144000000 pc=00000000802afe64]
[c=17145000000 pc=0000000080ae3062]
[c=17146000000 pc=0000000080261e74]
[c=17147000000 pc=0000000080261e96]
[c=17148000000 pc=0000000080860142]
[c=17149000000 pc=00000000802afe66]
[c=17150000000 pc=0000000080ae5328]
[c=17151000000 pc=0000000080261dee]
[c=17152000000 pc=0000000080261e9a]
[c=17153000000 pc=000000008086014a]
[c=17154000000 pc=00000000802afe6a]
[c=17155000000 pc=0000000080ae532c]
[c=17156000000 pc=0000000080261df2]
[c=17157000000 pc=0000000080261ea0]
[c=17158000000 pc=000000008086014c]
[c=17159000000 pc=00000000802afe70]
[c=17160000000 pc=0000000080ae5330]
[c=17161000000 pc=0000000080261df2]
[c=17162000000 pc=0000000080860402]
[c=17163000000 pc=0000000080860150]
[c=17164000000 pc=00000000802afe74]
[c=17165000000 pc=0000000080ae5332]
[c=17166000000 pc=0000000080261df4]
[c=17167000000 pc=0000000080860404]
[c=17168000000 pc=0000000080860154]
[c=17169000000 pc=00000000802afe76]
[c=17170000000 pc=0000000080261fc4]
[c=17171000000 pc=0000000080261df6]
[c=17172000000 pc=0000000080860408]
[c=17173000000 pc=0000000080860156]
[c=17174000000 pc=0000000080261fdc]
[c=17175000000 pc=0000000080261f18]
[c=17176000000 pc=0000000080261df8]
[c=17177000000 pc=0000000080860414]
[c=17178000000 pc=0000000080261eb8]
[c=17179000000 pc=0000000080261fbc]
[c=17180000000 pc=0000000080261e6e]
[c=17181000000 pc=0000000080261dfa]
[c=17182000000 pc=0000000080860416]
[c=17183000000 pc=0000000080261fb2]
[c=17184000000 pc=0000000080261fc0]
[c=17185000000 pc=00000000802aff2c]
[c=17186000000 pc=0000000080261e78]
[c=17187000000 pc=0000000080261ea4]
[c=17188000000 pc=0000000080261fb6]
[c=17189000000 pc=0000000080ae530c]
[c=17190000000 pc=00000000802aff30]
[c=17191000000 pc=0000000080261e78]
[c=17192000000 pc=0000000080261eaa]
[c=17193000000 pc=0000000080261fd2]
[c=17194000000 pc=0000000080ae530e]
[c=17195000000 pc=00000000802aff32]
[c=17196000000 pc=0000000080261e7c]
[c=17197000000 pc=0000000080261eac]
[c=17198000000 pc=00000000802afaca]
[c=17199000000 pc=0000000080ae5314]
[c=17200000000 pc=00000000802aff34]
[c=17201000000 pc=0000000080261e7e]
[c=17202000000 pc=0000000080261eb0]
[c=17203000000 pc=00000000802afacc]
[c=17204000000 pc=0000000080ae5318]
[c=17205000000 pc=00000000802aff38]
[c=17206000000 pc=0000000080261e80]
[c=17207000000 pc=0000000080261eb4]
[c=17208000000 pc=00000000802afad0]
[c=17209000000 pc=0000000080ae531a]
[c=17210000000 pc=00000000802aff3c]
[c=17211000000 pc=0000000080261ddc]
[c=17212000000 pc=0000000080860130]
[c=17213000000 pc=00000000802afad8]
[c=17214000000 pc=0000000080ae5320]
[c=17215000000 pc=00000000802aff3c]
[c=17216000000 pc=0000000080261de0]
[c=17217000000 pc=0000000080860132]
[c=17218000000 pc=00000000802afada]
[c=17219000000 pc=0000000080ae304e]
[c=17220000000 pc=00000000802aff3e]
[c=17221000000 pc=0000000080261de2]
[c=17222000000 pc=0000000080860134]
[c=17223000000 pc=00000000802afade]
[c=17224000000 pc=0000000080ae3050]
[c=17225000000 pc=00000000802aff4c]
[c=17226000000 pc=0000000080261de6]
[c=17227000000 pc=0000000080860136]
[c=17228000000 pc=00000000802afae2]
[c=17229000000 pc=0000000080ae3054]
[c=17230000000 pc=00000000802aff4e]
[c=17231000000 pc=0000000080261dea]
[c=17232000000 pc=0000000080860138]
[c=17233000000 pc=0000000080261fd6]
[c=17234000000 pc=0000000080ae305c]
[c=17235000000 pc=0000000080261e72]
[c=17236000000 pc=0000000080261e88]
[c=17237000000 pc=000000008086013c]
[c=17238000000 pc=00000000802afe60]
[c=17239000000 pc=0000000080ae305e]
[c=17240000000 pc=0000000080261e74]
[c=17241000000 pc=0000000080261e90]
[c=17242000000 pc=000000008086013c]
[c=17243000000 pc=00000000802afe64]
[c=17244000000 pc=0000000080ae3062]
[c=17245000000 pc=0000000080261e74]
[c=17246000000 pc=0000000080261e96]
[c=17247000000 pc=0000000080860142]
[c=17248000000 pc=00000000802afe66]
[c=17249000000 pc=0000000080ae5328]
[c=17250000000 pc=0000000080261dee]
[c=17251000000 pc=0000000080261e9a]
[c=17252000000 pc=000000008086014a]
[c=17253000000 pc=00000000802afe6a]
[c=17254000000 pc=0000000080ae532c]
[c=17255000000 pc=0000000080261df2]
[c=17256000000 pc=0000000080261ea0]
[c=17257000000 pc=000000008086014c]
[c=17258000000 pc=00000000802afe70]
[c=17259000000 pc=0000000080ae5330]
[c=17260000000 pc=0000000080261df2]
[c=17261000000 pc=0000000080860402]
[c=17262000000 pc=0000000080860150]
[c=17263000000 pc=00000000802afe74]
[c=17264000000 pc=0000000080ae5332]
[c=17265000000 pc=0000000080261df4]
[c=17266000000 pc=0000000080860404]
[c=17267000000 pc=0000000080860154]
[c=17268000000 pc=00000000802afe76]
[c=17269000000 pc=0000000080261fc4]
[c=17270000000 pc=0000000080261df6]
[c=17271000000 pc=0000000080860408]
[c=17272000000 pc=0000000080860156]
[c=17273000000 pc=0000000080261fdc]
[c=17274000000 pc=0000000080261f18]
[c=17275000000 pc=0000000080261df8]
[c=17276000000 pc=0000000080860414]
[c=17277000000 pc=0000000080261eb8]
[c=17278000000 pc=0000000080261fbc]
[c=17279000000 pc=0000000080261e6e]
[c=17280000000 pc=0000000080261dfa]
[c=17281000000 pc=0000000080860416]
[c=17282000000 pc=0000000080261fb2]
[c=17283000000 pc=0000000080261fc0]
[c=17284000000 pc=00000000802aff2c]
[c=17285000000 pc=0000000080261e78]
[c=17286000000 pc=0000000080261ea4]
[c=17287000000 pc=0000000080261fb6]
[c=17288000000 pc=0000000080ae530c]
[c=17289000000 pc=00000000802aff30]
[c=17290000000 pc=0000000080261e78]
[c=17291000000 pc=0000000080261eaa]
[c=17292000000 pc=0000000080261fd2]
[c=17293000000 pc=0000000080ae530e]
[c=17294000000 pc=00000000802aff32]
[c=17295000000 pc=0000000080261e7c]
[c=17296000000 pc=0000000080261eac]
[c=17297000000 pc=00000000802afaca]
[c=17298000000 pc=0000000080ae5314]
[c=17299000000 pc=00000000802aff34]
[c=17300000000 pc=0000000080261e7e]
[c=17301000000 pc=0000000080261eb0]
[c=17302000000 pc=00000000802afacc]
[c=17303000000 pc=0000000080ae5318]
[c=17304000000 pc=00000000802aff38]
[c=17305000000 pc=0000000080261e80]
[c=17306000000 pc=0000000080261eb4]
[c=17307000000 pc=00000000802afad0]
[c=17308000000 pc=0000000080ae531a]
[c=17309000000 pc=00000000802aff3c]
[c=17310000000 pc=0000000080261ddc]
[c=17311000000 pc=0000000080860130]
[c=17312000000 pc=00000000802afad8]
[c=17313000000 pc=0000000080ae5320]
[c=17314000000 pc=00000000802aff3c]
[c=17315000000 pc=0000000080261de0]
[c=17316000000 pc=0000000080860132]
[c=17317000000 pc=00000000802afada]
[c=17318000000 pc=0000000080ae304e]
[c=17319000000 pc=00000000802aff3e]
[c=17320000000 pc=0000000080261de2]
[c=17321000000 pc=0000000080860134]
[c=17322000000 pc=00000000802afade]
[c=17323000000 pc=0000000080ae3050]
[c=17324000000 pc=00000000802aff4c]
[c=17325000000 pc=0000000080261de6]
[c=17326000000 pc=0000000080860136]
[c=17327000000 pc=00000000802afae2]
[c=17328000000 pc=0000000080ae3054]
[c=17329000000 pc=00000000802aff4e]
[c=17330000000 pc=0000000080261dea]
[c=17331000000 pc=0000000080860138]
[c=17332000000 pc=0000000080261fd6]
[c=17333000000 pc=0000000080ae305c]
[c=17334000000 pc=0000000080261e72]
[c=17335000000 pc=0000000080261e88]
[c=17336000000 pc=000000008086013c]
[c=17337000000 pc=00000000802afe60]
[c=17338000000 pc=0000000080ae305e]
[c=17339000000 pc=0000000080261e74]
[c=17340000000 pc=0000000080261e90]
[c=17341000000 pc=000000008086013c]
[c=17342000000 pc=00000000802afe64]
[c=17343000000 pc=0000000080ae3062]
[c=17344000000 pc=0000000080261e74]
[c=17345000000 pc=0000000080261e96]
[c=17346000000 pc=0000000080860142]
[c=17347000000 pc=00000000802afe66]
[c=17348000000 pc=0000000080ae5328]
[c=17349000000 pc=0000000080261dee]
[c=17350000000 pc=0000000080261e9a]
[c=17351000000 pc=000000008086014a]
[c=17352000000 pc=00000000802afe6a]
[c=17353000000 pc=0000000080ae532c]
[c=17354000000 pc=0000000080261df2]
[c=17355000000 pc=0000000080261ea0]
[c=17356000000 pc=000000008086014c]
[c=17357000000 pc=00000000802afe70]
[c=17358000000 pc=0000000080ae5330]
[c=17359000000 pc=0000000080261df2]
[c=17360000000 pc=0000000080860402]
[c=17361000000 pc=0000000080860150]
[c=17362000000 pc=00000000802afe74]
[c=17363000000 pc=0000000080ae5332]
[c=17364000000 pc=0000000080261df4]
[c=17365000000 pc=0000000080860404]
[c=17366000000 pc=0000000080860154]
[c=17367000000 pc=00000000802afe76]
[c=17368000000 pc=0000000080261fc4]
[c=17369000000 pc=0000000080261df6]
[c=17370000000 pc=0000000080860408]
[c=17371000000 pc=0000000080860156]
[c=17372000000 pc=0000000080261fdc]
[c=17373000000 pc=0000000080261f18]
[c=17374000000 pc=0000000080261df8]
[c=17375000000 pc=0000000080860414]
[c=17376000000 pc=0000000080261eb8]
[c=17377000000 pc=0000000080261fbc]
[c=17378000000 pc=0000000080261e6e]
[c=17379000000 pc=0000000080261dfa]
[c=17380000000 pc=0000000080860416]
[c=17381000000 pc=0000000080261fb2]
[c=17382000000 pc=0000000080261fc0]
[c=17383000000 pc=00000000802aff2c]
[c=17384000000 pc=0000000080261e78]
[c=17385000000 pc=0000000080261ea4]
[c=17386000000 pc=0000000080261fb6]
[c=17387000000 pc=0000000080ae530c]
[c=17388000000 pc=00000000802aff30]
[c=17389000000 pc=0000000080261e78]
[c=17390000000 pc=0000000080261eaa]
[c=17391000000 pc=0000000080261fd2]
[c=17392000000 pc=0000000080ae530e]
[c=17393000000 pc=00000000802aff32]
[c=17394000000 pc=0000000080261e7c]
[c=17395000000 pc=0000000080261eac]
[c=17396000000 pc=00000000802afaca]
[c=17397000000 pc=0000000080ae5314]
[c=17398000000 pc=00000000802aff34]
[c=17399000000 pc=0000000080261e7e]
[c=17400000000 pc=0000000080261eb0]
[c=17401000000 pc=00000000802afacc]
[c=17402000000 pc=0000000080ae5318]
[c=17403000000 pc=00000000802aff38]
[c=17404000000 pc=0000000080261e80]
[c=17405000000 pc=0000000080261eb4]
[c=17406000000 pc=00000000802afad0]
[c=17407000000 pc=0000000080ae531a]
[c=17408000000 pc=00000000802aff3c]
[c=17409000000 pc=0000000080261ddc]
[c=17410000000 pc=0000000080860130]
[c=17411000000 pc=00000000802afad8]
[c=17412000000 pc=0000000080ae5320]
[c=17413000000 pc=00000000802aff3c]
[c=17414000000 pc=0000000080261de0]
[c=17415000000 pc=0000000080860132]
[c=17416000000 pc=00000000802afada]
[c=17417000000 pc=0000000080ae304e]
[c=17418000000 pc=00000000802aff3e]
[c=17419000000 pc=0000000080261de2]
[c=17420000000 pc=0000000080860134]
[c=17421000000 pc=00000000802afade]
[c=17422000000 pc=0000000080ae3050]
[c=17423000000 pc=00000000802aff4c]
[c=17424000000 pc=0000000080261de6]
[c=17425000000 pc=0000000080860136]
[c=17426000000 pc=00000000802afae2]
[c=17427000000 pc=0000000080ae3054]
[c=17428000000 pc=00000000802aff4e]
[c=17429000000 pc=0000000080261dea]
[c=17430000000 pc=0000000080860138]
[c=17431000000 pc=0000000080261fd6]
[c=17432000000 pc=0000000080ae305c]
[c=17433000000 pc=0000000080261e72]
[c=17434000000 pc=0000000080261e88]
[c=17435000000 pc=000000008086013c]
[c=17436000000 pc=00000000802afe60]
[c=17437000000 pc=0000000080ae305e]
[c=17438000000 pc=0000000080261e74]
[c=17439000000 pc=0000000080261e90]
[c=17440000000 pc=000000008086013c]
[c=17441000000 pc=00000000802afe64]
[c=17442000000 pc=0000000080ae3062]
[c=17443000000 pc=0000000080261e74]
[c=17444000000 pc=0000000080261e96]
[c=17445000000 pc=0000000080860142]
[c=17446000000 pc=00000000802afe66]
[c=17447000000 pc=0000000080ae5328]
[c=17448000000 pc=0000000080261dee]
[c=17449000000 pc=0000000080261e9a]
[c=17450000000 pc=000000008086014a]
[c=17451000000 pc=00000000802afe6a]
[c=17452000000 pc=0000000080ae532c]
[c=17453000000 pc=0000000080261df2]
[c=17454000000 pc=0000000080261ea0]
[c=17455000000 pc=000000008086014c]
[c=17456000000 pc=00000000802afe70]
[c=17457000000 pc=0000000080ae5330]
[c=17458000000 pc=0000000080261df2]
[c=17459000000 pc=0000000080860402]
[c=17460000000 pc=0000000080860150]
[c=17461000000 pc=00000000802afe74]
[c=17462000000 pc=0000000080ae5332]
[c=17463000000 pc=0000000080261df4]
[c=17464000000 pc=0000000080860404]
[c=17465000000 pc=0000000080860154]
[c=17466000000 pc=00000000802afe76]
[c=17467000000 pc=0000000080261fc4]
[c=17468000000 pc=0000000080261df6]
[c=17469000000 pc=0000000080860408]
[c=17470000000 pc=0000000080860156]
[c=17471000000 pc=0000000080261fdc]
[c=17472000000 pc=0000000080261f18]
[c=17473000000 pc=0000000080261df8]
[c=17474000000 pc=0000000080860414]
[c=17475000000 pc=0000000080261eb8]
[c=17476000000 pc=0000000080261fbc]
[c=17477000000 pc=0000000080261e6e]
[c=17478000000 pc=0000000080261dfa]
[c=17479000000 pc=0000000080860416]
[c=17480000000 pc=0000000080261fb2]
[c=17481000000 pc=0000000080261fc0]
[c=17482000000 pc=00000000802aff2c]
[c=17483000000 pc=0000000080261e78]
[c=17484000000 pc=0000000080261ea4]
[c=17485000000 pc=0000000080261fb6]
[c=17486000000 pc=0000000080ae530c]
[c=17487000000 pc=00000000802aff30]
[c=17488000000 pc=0000000080261e78]
[c=17489000000 pc=0000000080261eaa]
[c=17490000000 pc=0000000080261fd2]
[c=17491000000 pc=0000000080ae530e]
[c=17492000000 pc=00000000802aff32]
[c=17493000000 pc=0000000080261e7c]
[c=17494000000 pc=0000000080261eac]
[c=17495000000 pc=00000000802afaca]
[c=17496000000 pc=0000000080ae5314]
[c=17497000000 pc=00000000802aff34]
[c=17498000000 pc=0000000080261e7e]
[c=17499000000 pc=0000000080261eb0]
[c=17500000000 pc=00000000802afacc]
[c=17501000000 pc=0000000080ae5318]
[c=17502000000 pc=00000000802aff38]
[c=17503000000 pc=0000000080261e80]
[c=17504000000 pc=0000000080261eb4]
[c=17505000000 pc=00000000802afad0]
[c=17506000000 pc=0000000080ae531a]
[c=17507000000 pc=00000000802aff3c]
[c=17508000000 pc=0000000080261ddc]
[c=17509000000 pc=0000000080860130]
[c=17510000000 pc=00000000802afad8]
[c=17511000000 pc=0000000080ae5320]
[c=17512000000 pc=00000000802aff3c]
[c=17513000000 pc=0000000080261de0]
[c=17514000000 pc=0000000080860132]
[c=17515000000 pc=00000000802afada]
[c=17516000000 pc=0000000080ae304e]
[c=17517000000 pc=00000000802aff3e]
[c=17518000000 pc=0000000080261de2]
[c=17519000000 pc=0000000080860134]
[c=17520000000 pc=00000000802afade]
[c=17521000000 pc=0000000080ae3050]
[c=17522000000 pc=00000000802aff4c]
[c=17523000000 pc=0000000080261de6]
[c=17524000000 pc=0000000080860136]
[c=17525000000 pc=00000000802afae2]
[c=17526000000 pc=0000000080ae3054]
[c=17527000000 pc=00000000802aff4e]
[c=17528000000 pc=0000000080261dea]
[c=17529000000 pc=0000000080860138]
[c=17530000000 pc=0000000080261fd6]
[c=17531000000 pc=0000000080ae305c]
[c=17532000000 pc=0000000080261e72]
[c=17533000000 pc=0000000080261e88]
[c=17534000000 pc=000000008086013c]
[c=17535000000 pc=00000000802afe60]
[c=17536000000 pc=0000000080ae305e]
[c=17537000000 pc=0000000080261e74]
[c=17538000000 pc=0000000080261e90]
[c=17539000000 pc=000000008086013c]
[c=17540000000 pc=00000000802afe64]
[c=17541000000 pc=0000000080ae3062]
[c=17542000000 pc=0000000080261e74]
[c=17543000000 pc=0000000080261e96]
[c=17544000000 pc=0000000080860142]
[c=17545000000 pc=00000000802afe66]
[c=17546000000 pc=0000000080ae5328]
[c=17547000000 pc=0000000080261dee]
[c=17548000000 pc=0000000080261e9a]
[c=17549000000 pc=000000008086014a]
[c=17550000000 pc=00000000802afe6a]
[c=17551000000 pc=0000000080ae532c]
[c=17552000000 pc=0000000080261df2]
[c=17553000000 pc=0000000080261ea0]
[c=17554000000 pc=000000008086014c]
[c=17555000000 pc=00000000802afe70]
[c=17556000000 pc=0000000080ae5330]
[c=17557000000 pc=0000000080261df2]
[c=17558000000 pc=0000000080860402]
[c=17559000000 pc=0000000080860150]
[c=17560000000 pc=00000000802afe74]
[c=17561000000 pc=0000000080ae5332]
[c=17562000000 pc=0000000080261df4]
[c=17563000000 pc=0000000080860404]
[c=17564000000 pc=0000000080860154]
[c=17565000000 pc=00000000802afe76]
[c=17566000000 pc=0000000080261fc4]
[c=17567000000 pc=0000000080261df6]
[c=17568000000 pc=0000000080860408]
[c=17569000000 pc=0000000080860156]
[c=17570000000 pc=0000000080261fdc]
[c=17571000000 pc=0000000080261f18]
[c=17572000000 pc=0000000080261df8]
[c=17573000000 pc=0000000080860414]
[c=17574000000 pc=0000000080261eb8]
[c=17575000000 pc=0000000080261fbc]
[c=17576000000 pc=0000000080261e6e]
[c=17577000000 pc=0000000080261dfa]
[c=17578000000 pc=0000000080860416]
[c=17579000000 pc=0000000080261fb2]
[c=17580000000 pc=0000000080261fc0]
[c=17581000000 pc=00000000802aff2c]
[c=17582000000 pc=0000000080261e78]
[c=17583000000 pc=0000000080261ea4]
[c=17584000000 pc=0000000080261fb6]
[c=17585000000 pc=0000000080ae530c]
[c=17586000000 pc=00000000802aff30]
[c=17587000000 pc=0000000080261e78]
[c=17588000000 pc=0000000080261eaa]
[c=17589000000 pc=0000000080261fd2]
[c=17590000000 pc=0000000080ae530e]
[c=17591000000 pc=00000000802aff32]
[c=17592000000 pc=0000000080261e7c]
[c=17593000000 pc=0000000080261eac]
[c=17594000000 pc=00000000802afaca]
[c=17595000000 pc=0000000080ae5314]
[c=17596000000 pc=00000000802aff34]
[c=17597000000 pc=0000000080261e7e]
[c=17598000000 pc=0000000080261eb0]
[c=17599000000 pc=00000000802afacc]
[c=17600000000 pc=0000000080ae5318]
[c=17601000000 pc=00000000802aff38]
[c=17602000000 pc=0000000080261e80]
[c=17603000000 pc=0000000080261eb4]
[c=17604000000 pc=00000000802afad0]
[c=17605000000 pc=0000000080ae531a]
[c=17606000000 pc=00000000802aff3c]
[c=17607000000 pc=0000000080261ddc]
[c=17608000000 pc=0000000080860130]
[c=17609000000 pc=00000000802afad8]
[c=17610000000 pc=0000000080ae5320]
[c=17611000000 pc=00000000802aff3c]
[c=17612000000 pc=0000000080261de0]
[c=17613000000 pc=0000000080860132]
[c=17614000000 pc=00000000802afada]
[c=17615000000 pc=0000000080ae304e]
[c=17616000000 pc=00000000802aff3e]
[c=17617000000 pc=0000000080261de2]
[c=17618000000 pc=0000000080860134]
[c=17619000000 pc=00000000802afade]
[c=17620000000 pc=0000000080ae3050]
[c=17621000000 pc=00000000802aff4c]
[c=17622000000 pc=0000000080261de6]
[c=17623000000 pc=0000000080860136]
[c=17624000000 pc=00000000802afae2]
[c=17625000000 pc=0000000080ae3054]
[c=17626000000 pc=00000000802aff4e]
[c=17627000000 pc=0000000080261dea]
[c=17628000000 pc=0000000080860138]
[c=17629000000 pc=0000000080261fd6]
[c=17630000000 pc=0000000080ae305c]
[c=17631000000 pc=0000000080261e72]
[c=17632000000 pc=0000000080261e88]
[c=17633000000 pc=000000008086013c]
[c=17634000000 pc=00000000802afe60]
[c=17635000000 pc=0000000080ae305e]
[c=17636000000 pc=0000000080261e74]
[c=17637000000 pc=0000000080261e90]
[c=17638000000 pc=000000008086013c]
[c=17639000000 pc=00000000802afe64]
[c=17640000000 pc=0000000080ae3062]
[c=17641000000 pc=0000000080261e74]
[c=17642000000 pc=0000000080261e96]
[c=17643000000 pc=0000000080860142]
[c=17644000000 pc=00000000802afe66]
[c=17645000000 pc=0000000080ae5328]
[c=17646000000 pc=0000000080261dee]
[c=17647000000 pc=0000000080261e9a]
[c=17648000000 pc=000000008086014a]
[c=17649000000 pc=00000000802afe6a]
[c=17650000000 pc=0000000080ae532c]
[c=17651000000 pc=0000000080261df2]
[c=17652000000 pc=0000000080261ea0]
[c=17653000000 pc=000000008086014c]
[c=17654000000 pc=00000000802afe70]
[c=17655000000 pc=0000000080ae5330]
[c=17656000000 pc=0000000080261df2]
[c=17657000000 pc=0000000080860402]
[c=17658000000 pc=0000000080860150]
[c=17659000000 pc=00000000802afe74]
[c=17660000000 pc=0000000080ae5332]
[c=17661000000 pc=0000000080261df4]
[c=17662000000 pc=0000000080860404]
[c=17663000000 pc=0000000080860154]
[c=17664000000 pc=00000000802afe76]
[c=17665000000 pc=0000000080261fc4]
[c=17666000000 pc=0000000080261df6]
[c=17667000000 pc=0000000080860408]
[c=17668000000 pc=0000000080860156]
[c=17669000000 pc=0000000080261fdc]
[c=17670000000 pc=0000000080261f18]
[c=17671000000 pc=0000000080261df8]
[c=17672000000 pc=0000000080860414]
[c=17673000000 pc=0000000080261eb8]
[c=17674000000 pc=0000000080261fbc]
[c=17675000000 pc=0000000080261e6e]
[c=17676000000 pc=0000000080261dfa]
[c=17677000000 pc=0000000080860416]
[c=17678000000 pc=0000000080261fb2]
[c=17679000000 pc=0000000080261fc0]
[c=17680000000 pc=00000000802aff2c]
[c=17681000000 pc=0000000080261e78]
[c=17682000000 pc=0000000080261ea4]
[c=17683000000 pc=0000000080261fb6]
[c=17684000000 pc=0000000080ae530c]
[c=17685000000 pc=00000000802aff30]
[c=17686000000 pc=0000000080261e78]
[c=17687000000 pc=0000000080261eaa]
[c=17688000000 pc=0000000080261fd2]
[c=17689000000 pc=0000000080ae530e]
[c=17690000000 pc=00000000802aff32]
[c=17691000000 pc=0000000080261e7c]
[c=17692000000 pc=0000000080261eac]
[c=17693000000 pc=00000000802afaca]
[c=17694000000 pc=0000000080ae5314]
[c=17695000000 pc=00000000802aff34]
[c=17696000000 pc=0000000080261e7e]
[c=17697000000 pc=0000000080261eb0]
[c=17698000000 pc=00000000802afacc]
[c=17699000000 pc=0000000080ae5318]
[c=17700000000 pc=00000000802aff38]
[c=17701000000 pc=0000000080261e80]
[c=17702000000 pc=0000000080261eb4]
[c=17703000000 pc=00000000802afad0]
[c=17704000000 pc=0000000080ae531a]
[c=17705000000 pc=00000000802aff3c]
[c=17706000000 pc=0000000080261ddc]
[c=17707000000 pc=0000000080860130]
[c=17708000000 pc=00000000802afad8]
[c=17709000000 pc=0000000080ae5320]
[c=17710000000 pc=00000000802aff3c]
[c=17711000000 pc=0000000080261de0]
[c=17712000000 pc=0000000080860132]
[c=17713000000 pc=00000000802afada]
[c=17714000000 pc=0000000080ae304e]
[c=17715000000 pc=00000000802aff3e]
[c=17716000000 pc=0000000080261de2]
[c=17717000000 pc=0000000080860134]
[c=17718000000 pc=00000000802afade]
[c=17719000000 pc=0000000080ae3050]
[c=17720000000 pc=00000000802aff4c]
[c=17721000000 pc=0000000080261de6]
[c=17722000000 pc=0000000080860136]
[c=17723000000 pc=00000000802afae2]
[c=17724000000 pc=0000000080ae3054]
[c=17725000000 pc=00000000802aff4e]
[c=17726000000 pc=0000000080261dea]
[c=17727000000 pc=0000000080860138]
[c=17728000000 pc=0000000080261fd6]
[c=17729000000 pc=0000000080ae305c]
[c=17730000000 pc=0000000080261e72]
[c=17731000000 pc=0000000080261e88]
[c=17732000000 pc=000000008086013c]
[c=17733000000 pc=00000000802afe60]
[c=17734000000 pc=0000000080ae305e]
[c=17735000000 pc=0000000080261e74]
[c=17736000000 pc=0000000080261e90]
[c=17737000000 pc=000000008086013c]
[c=17738000000 pc=00000000802afe64]
[c=17739000000 pc=0000000080ae3062]
[c=17740000000 pc=0000000080261e74]
[c=17741000000 pc=0000000080261e96]
[c=17742000000 pc=0000000080860142]
[c=17743000000 pc=00000000802afe66]
[c=17744000000 pc=0000000080ae5328]
[c=17745000000 pc=0000000080261dee]
[c=17746000000 pc=0000000080261e9a]
[c=17747000000 pc=000000008086014a]
[c=17748000000 pc=00000000802afe6a]
[c=17749000000 pc=0000000080ae532c]
[c=17750000000 pc=0000000080261df2]
[c=17751000000 pc=0000000080261ea0]
[c=17752000000 pc=000000008086014c]
[c=17753000000 pc=00000000802afe70]
[c=17754000000 pc=0000000080ae5330]
[c=17755000000 pc=0000000080261df2]
[c=17756000000 pc=0000000080860402]
[c=17757000000 pc=0000000080860150]
[c=17758000000 pc=00000000802afe74]
[c=17759000000 pc=0000000080ae5332]
[c=17760000000 pc=0000000080261df4]
[c=17761000000 pc=0000000080860404]
[c=17762000000 pc=0000000080860154]
[c=17763000000 pc=00000000802afe76]
[c=17764000000 pc=0000000080261fc4]
[c=17765000000 pc=0000000080261df6]
[c=17766000000 pc=0000000080860408]
[c=17767000000 pc=0000000080860156]
[c=17768000000 pc=0000000080261fdc]
[c=17769000000 pc=0000000080261f18]
[c=17770000000 pc=0000000080261df8]
[c=17771000000 pc=0000000080860414]
[c=17772000000 pc=0000000080261eb8]
[c=17773000000 pc=0000000080261fbc]
[c=17774000000 pc=0000000080261e6e]
[c=17775000000 pc=0000000080261dfa]
[c=17776000000 pc=0000000080860416]
[c=17777000000 pc=0000000080261fb2]
[c=17778000000 pc=0000000080261fc0]
[c=17779000000 pc=00000000802aff2c]
[c=17780000000 pc=0000000080261e78]
[c=17781000000 pc=0000000080261ea4]
[c=17782000000 pc=0000000080261fb6]
[c=17783000000 pc=0000000080ae530c]
[c=17784000000 pc=00000000802aff30]
[c=17785000000 pc=0000000080261e78]
[c=17786000000 pc=0000000080261eaa]
[c=17787000000 pc=0000000080261fd2]
[c=17788000000 pc=0000000080ae530e]
[c=17789000000 pc=00000000802aff32]
[c=17790000000 pc=0000000080261e7c]
[c=17791000000 pc=0000000080261eac]
[c=17792000000 pc=00000000802afaca]
[c=17793000000 pc=0000000080ae5314]
[c=17794000000 pc=00000000802aff34]
[c=17795000000 pc=0000000080261e7e]
[c=17796000000 pc=0000000080261eb0]
[c=17797000000 pc=00000000802afacc]
[c=17798000000 pc=0000000080ae5318]
[c=17799000000 pc=00000000802aff38]
[c=17800000000 pc=0000000080261e80]
[c=17801000000 pc=0000000080261eb4]
[c=17802000000 pc=00000000802afad0]
[c=17803000000 pc=0000000080ae531a]
[c=17804000000 pc=00000000802aff3c]
[c=17805000000 pc=0000000080261ddc]
[c=17806000000 pc=0000000080860130]
[c=17807000000 pc=00000000802afad8]
[c=17808000000 pc=0000000080ae5320]
[c=17809000000 pc=00000000802aff3c]
[c=17810000000 pc=0000000080261de0]
[c=17811000000 pc=0000000080860132]
[c=17812000000 pc=00000000802afada]
[c=17813000000 pc=0000000080ae304e]
[c=17814000000 pc=00000000802aff3e]
[c=17815000000 pc=0000000080261de2]
[c=17816000000 pc=0000000080860134]
[c=17817000000 pc=00000000802afade]
[c=17818000000 pc=0000000080ae3050]
[c=17819000000 pc=00000000802aff4c]
[c=17820000000 pc=0000000080261de6]
[c=17821000000 pc=0000000080860136]
[c=17822000000 pc=00000000802afae2]
[c=17823000000 pc=0000000080ae3054]
[c=17824000000 pc=00000000802aff4e]
[c=17825000000 pc=0000000080261dea]
[c=17826000000 pc=0000000080860138]
[c=17827000000 pc=0000000080261fd6]
[c=17828000000 pc=0000000080ae305c]
[c=17829000000 pc=0000000080261e72]
[c=17830000000 pc=0000000080261e88]
[c=17831000000 pc=000000008086013c]
[c=17832000000 pc=00000000802afe60]
[c=17833000000 pc=0000000080ae305e]
[c=17834000000 pc=0000000080261e74]
[c=17835000000 pc=0000000080261e90]
[c=17836000000 pc=000000008086013c]
[c=17837000000 pc=00000000802afe64]
[c=17838000000 pc=0000000080ae3062]
[c=17839000000 pc=0000000080261e74]
[c=17840000000 pc=0000000080261e96]
[c=17841000000 pc=0000000080860142]
[c=17842000000 pc=00000000802afe66]
[c=17843000000 pc=0000000080ae5328]
[c=17844000000 pc=0000000080261dee]
[c=17845000000 pc=0000000080261e9a]
[c=17846000000 pc=000000008086014a]
[c=17847000000 pc=00000000802afe6a]
[c=17848000000 pc=0000000080ae532c]
[c=17849000000 pc=0000000080261df2]
[c=17850000000 pc=0000000080261ea0]
[c=17851000000 pc=000000008086014c]
[c=17852000000 pc=00000000802afe70]
[c=17853000000 pc=0000000080ae5330]
[c=17854000000 pc=0000000080261df2]
[c=17855000000 pc=0000000080860402]
[c=17856000000 pc=0000000080860150]
[c=17857000000 pc=00000000802afe74]
[c=17858000000 pc=0000000080ae5332]
[c=17859000000 pc=0000000080261df4]
[c=17860000000 pc=0000000080860404]
[c=17861000000 pc=0000000080860154]
[c=17862000000 pc=00000000802afe76]
[c=17863000000 pc=0000000080261fc4]
[c=17864000000 pc=0000000080261df6]
[c=17865000000 pc=0000000080860408]
[c=17866000000 pc=0000000080860156]
[c=17867000000 pc=0000000080261fdc]
[c=17868000000 pc=0000000080261f18]
[c=17869000000 pc=0000000080261df8]
[c=17870000000 pc=0000000080860414]
[c=17871000000 pc=0000000080261eb8]
[c=17872000000 pc=0000000080261fbc]
[c=17873000000 pc=0000000080261e6e]
[c=17874000000 pc=0000000080261dfa]
[c=17875000000 pc=0000000080860416]
[c=17876000000 pc=0000000080261fb2]
[c=17877000000 pc=0000000080261fc0]
[c=17878000000 pc=00000000802aff2c]
[c=17879000000 pc=0000000080261e78]
[c=17880000000 pc=0000000080261ea4]
[c=17881000000 pc=0000000080261fb6]
[c=17882000000 pc=0000000080ae530c]
[c=17883000000 pc=00000000802aff30]
[c=17884000000 pc=0000000080261e78]
[c=17885000000 pc=0000000080261eaa]
[c=17886000000 pc=0000000080261fd2]
[c=17887000000 pc=0000000080ae530e]
[c=17888000000 pc=00000000802aff32]
[c=17889000000 pc=0000000080261e7c]
[c=17890000000 pc=0000000080261eac]
[c=17891000000 pc=00000000802afaca]
[c=17892000000 pc=0000000080ae5314]
[c=17893000000 pc=00000000802aff34]
[c=17894000000 pc=0000000080261e7e]
[c=17895000000 pc=0000000080261eb0]
[c=17896000000 pc=00000000802afacc]
[c=17897000000 pc=0000000080ae5318]
[c=17898000000 pc=00000000802aff38]
[c=17899000000 pc=0000000080261e80]
[c=17900000000 pc=0000000080261eb4]
[c=17901000000 pc=00000000802afad0]
[c=17902000000 pc=0000000080ae531a]
[c=17903000000 pc=00000000802aff3c]
[c=17904000000 pc=0000000080261ddc]
[c=17905000000 pc=0000000080860130]
[c=17906000000 pc=00000000802afad8]
[c=17907000000 pc=0000000080ae5320]
[c=17908000000 pc=00000000802aff3c]
[c=17909000000 pc=0000000080261de0]
[c=17910000000 pc=0000000080860132]
[c=17911000000 pc=00000000802afada]
[c=17912000000 pc=0000000080ae304e]
[c=17913000000 pc=00000000802aff3e]
[c=17914000000 pc=0000000080261de2]
[c=17915000000 pc=0000000080860134]
[c=17916000000 pc=00000000802afade]
[c=17917000000 pc=0000000080ae3050]
[c=17918000000 pc=00000000802aff4c]
[c=17919000000 pc=0000000080261de6]
[c=17920000000 pc=0000000080860136]
[c=17921000000 pc=00000000802afae2]
[c=17922000000 pc=0000000080ae3054]
[c=17923000000 pc=00000000802aff4e]
[c=17924000000 pc=0000000080261dea]
[c=17925000000 pc=0000000080860138]
[c=17926000000 pc=0000000080261fd6]
[c=17927000000 pc=0000000080ae305c]
[c=17928000000 pc=0000000080261e72]
[c=17929000000 pc=0000000080261e88]
[c=17930000000 pc=000000008086013c]
[c=17931000000 pc=00000000802afe60]
[c=17932000000 pc=0000000080ae305e]
[c=17933000000 pc=0000000080261e74]
[c=17934000000 pc=0000000080261e90]
[c=17935000000 pc=000000008086013c]
[c=17936000000 pc=00000000802afe64]
[c=17937000000 pc=0000000080ae3062]
[c=17938000000 pc=0000000080261e74]
[c=17939000000 pc=0000000080261e96]
[c=17940000000 pc=0000000080860142]
[c=17941000000 pc=00000000802afe66]
[c=17942000000 pc=0000000080ae5328]
[c=17943000000 pc=0000000080261dee]
[c=17944000000 pc=0000000080261e9a]
[c=17945000000 pc=000000008086014a]
[c=17946000000 pc=00000000802afe6a]
[c=17947000000 pc=0000000080ae532c]
[c=17948000000 pc=0000000080261df2]
[c=17949000000 pc=0000000080261ea0]
[c=17950000000 pc=000000008086014c]
[c=17951000000 pc=00000000802afe70]
[c=17952000000 pc=0000000080ae5330]
[c=17953000000 pc=0000000080261df2]
[c=17954000000 pc=0000000080860402]
[c=17955000000 pc=0000000080860150]
[c=17956000000 pc=00000000802afe74]
[c=17957000000 pc=0000000080ae5332]
[c=17958000000 pc=0000000080261df4]
[c=17959000000 pc=0000000080860404]
[c=17960000000 pc=0000000080860154]
[c=17961000000 pc=00000000802afe76]
[c=17962000000 pc=0000000080261fc4]
[c=17963000000 pc=0000000080261df6]
[c=17964000000 pc=0000000080860408]
[c=17965000000 pc=0000000080860156]
[c=17966000000 pc=0000000080261fdc]
[c=17967000000 pc=0000000080261f18]
[c=17968000000 pc=0000000080261df8]
[c=17969000000 pc=0000000080860414]
[c=17970000000 pc=0000000080261eb8]
[c=17971000000 pc=0000000080261fbc]
[c=17972000000 pc=0000000080261e6e]
[c=17973000000 pc=0000000080261dfa]
[c=17974000000 pc=0000000080860416]
[c=17975000000 pc=0000000080261fb2]
[c=17976000000 pc=0000000080261fc0]
[c=17977000000 pc=00000000802aff2c]
[c=17978000000 pc=0000000080261e78]
[c=17979000000 pc=0000000080261ea4]
[c=17980000000 pc=0000000080261fb6]
[c=17981000000 pc=0000000080ae530c]
[c=17982000000 pc=00000000802aff30]
[c=17983000000 pc=0000000080261e78]
[c=17984000000 pc=0000000080261eaa]
[c=17985000000 pc=0000000080261fd2]
[c=17986000000 pc=0000000080ae530e]
[c=17987000000 pc=00000000802aff32]
[c=17988000000 pc=0000000080261e7c]
[c=17989000000 pc=0000000080261eac]
[c=17990000000 pc=00000000802afaca]
[c=17991000000 pc=0000000080ae5314]
[c=17992000000 pc=00000000802aff34]
[c=17993000000 pc=0000000080261e7e]
[c=17994000000 pc=0000000080261eb0]
[c=17995000000 pc=00000000802afacc]
[c=17996000000 pc=0000000080ae5318]
[c=17997000000 pc=00000000802aff38]
[c=17998000000 pc=0000000080261e80]
[c=17999000000 pc=0000000080261eb4]
[c=18000000000 pc=00000000802afad0]
[c=18001000000 pc=0000000080ae531a]
[c=18002000000 pc=00000000802aff3c]
[c=18003000000 pc=0000000080261ddc]
[c=18004000000 pc=0000000080860130]
[c=18005000000 pc=00000000802afad8]
[c=18006000000 pc=0000000080ae5320]
[c=18007000000 pc=00000000802aff3c]
[c=18008000000 pc=0000000080261de0]
[c=18009000000 pc=0000000080860132]
[c=18010000000 pc=00000000802afada]
[c=18011000000 pc=0000000080ae304e]
[c=18012000000 pc=00000000802aff3e]
[c=18013000000 pc=0000000080261de2]
[c=18014000000 pc=0000000080860134]
[c=18015000000 pc=00000000802afade]
[c=18016000000 pc=0000000080ae3050]
[c=18017000000 pc=00000000802aff4c]
[c=18018000000 pc=0000000080261de6]
[c=18019000000 pc=0000000080860136]
[c=18020000000 pc=00000000802afae2]
[c=18021000000 pc=0000000080ae3054]
[c=18022000000 pc=00000000802aff4e]
[c=18023000000 pc=0000000080261dea]
[c=18024000000 pc=0000000080860138]
[c=18025000000 pc=0000000080261fd6]
[c=18026000000 pc=0000000080ae305c]
[c=18027000000 pc=0000000080261e72]
[c=18028000000 pc=0000000080261e88]
[c=18029000000 pc=000000008086013c]
[c=18030000000 pc=00000000802afe60]
[c=18031000000 pc=0000000080ae305e]
[c=18032000000 pc=0000000080261e74]
[c=18033000000 pc=0000000080261e90]
[c=18034000000 pc=000000008086013c]
[c=18035000000 pc=00000000802afe64]
[c=18036000000 pc=0000000080ae3062]
[c=18037000000 pc=0000000080261e74]
[c=18038000000 pc=0000000080261e96]
[c=18039000000 pc=0000000080860142]
[c=18040000000 pc=00000000802afe66]
[c=18041000000 pc=0000000080ae5328]
[c=18042000000 pc=0000000080261dee]
[c=18043000000 pc=0000000080261e9a]
[c=18044000000 pc=000000008086014a]
[c=18045000000 pc=00000000802afe6a]
[c=18046000000 pc=0000000080ae532c]
[c=18047000000 pc=0000000080261df2]
[c=18048000000 pc=0000000080261ea0]
[c=18049000000 pc=000000008086014c]
[c=18050000000 pc=00000000802afe70]
[c=18051000000 pc=0000000080ae5330]
[c=18052000000 pc=0000000080261df2]
[c=18053000000 pc=0000000080860402]
[c=18054000000 pc=0000000080860150]
[c=18055000000 pc=00000000802afe74]
[c=18056000000 pc=0000000080ae5332]
[c=18057000000 pc=0000000080261df4]
[c=18058000000 pc=0000000080860404]
[c=18059000000 pc=0000000080860154]
[c=18060000000 pc=00000000802afe76]
[c=18061000000 pc=0000000080261fc4]
[c=18062000000 pc=0000000080261df6]
[c=18063000000 pc=0000000080860408]
[c=18064000000 pc=0000000080860156]
[c=18065000000 pc=0000000080261fdc]
[c=18066000000 pc=0000000080261f18]
[c=18067000000 pc=0000000080261df8]
[c=18068000000 pc=0000000080860414]
[c=18069000000 pc=0000000080261eb8]
[c=18070000000 pc=0000000080261fbc]
[c=18071000000 pc=0000000080261e6e]
[c=18072000000 pc=0000000080261dfa]
[c=18073000000 pc=0000000080860416]
[c=18074000000 pc=0000000080261fb2]
[c=18075000000 pc=0000000080261fc0]
[c=18076000000 pc=00000000802aff2c]
[c=18077000000 pc=0000000080261e78]
[c=18078000000 pc=0000000080261ea4]
[c=18079000000 pc=0000000080261fb6]
[c=18080000000 pc=0000000080ae530c]
[c=18081000000 pc=00000000802aff30]
[c=18082000000 pc=0000000080261e78]
[c=18083000000 pc=0000000080261eaa]
[c=18084000000 pc=0000000080261fd2]
[c=18085000000 pc=0000000080ae530e]
[c=18086000000 pc=00000000802aff32]
[c=18087000000 pc=0000000080261e7c]
[c=18088000000 pc=0000000080261eac]
[c=18089000000 pc=00000000802afaca]
[c=18090000000 pc=0000000080ae5314]
[c=18091000000 pc=00000000802aff34]
[c=18092000000 pc=0000000080261e7e]
[c=18093000000 pc=0000000080261eb0]
[c=18094000000 pc=00000000802afacc]
[c=18095000000 pc=0000000080ae5318]
[c=18096000000 pc=00000000802aff38]
[c=18097000000 pc=0000000080261e80]
[c=18098000000 pc=0000000080261eb4]
[c=18099000000 pc=00000000802afad0]
[c=18100000000 pc=0000000080ae531a]
[c=18101000000 pc=00000000802aff3c]
[c=18102000000 pc=0000000080261ddc]
[c=18103000000 pc=0000000080860130]
[c=18104000000 pc=00000000802afad8]
[c=18105000000 pc=0000000080ae5320]
[c=18106000000 pc=00000000802aff3c]
[c=18107000000 pc=0000000080261de0]
[c=18108000000 pc=0000000080860132]
[c=18109000000 pc=00000000802afada]
[c=18110000000 pc=0000000080ae304e]
[c=18111000000 pc=00000000802aff3e]
[c=18112000000 pc=0000000080261de2]
[c=18113000000 pc=0000000080860134]
[c=18114000000 pc=00000000802afade]
[c=18115000000 pc=0000000080ae3050]
[c=18116000000 pc=00000000802aff4c]
[c=18117000000 pc=0000000080261de6]
[c=18118000000 pc=0000000080860136]
[c=18119000000 pc=00000000802afae2]
[c=18120000000 pc=0000000080ae3054]
[c=18121000000 pc=00000000802aff4e]
[c=18122000000 pc=0000000080261dea]
[c=18123000000 pc=0000000080860138]
[c=18124000000 pc=0000000080261fd6]
[c=18125000000 pc=0000000080ae305c]
[c=18126000000 pc=0000000080261e72]
[c=18127000000 pc=0000000080261e88]
[c=18128000000 pc=000000008086013c]
[c=18129000000 pc=00000000802afe60]
[c=18130000000 pc=0000000080ae305e]
[c=18131000000 pc=0000000080261e74]
[c=18132000000 pc=0000000080261e90]
[c=18133000000 pc=000000008086013c]
[c=18134000000 pc=00000000802afe64]
[c=18135000000 pc=0000000080ae3062]
[c=18136000000 pc=0000000080261e74]
[c=18137000000 pc=0000000080261e96]
[c=18138000000 pc=0000000080860142]
[c=18139000000 pc=00000000802afe66]
[c=18140000000 pc=0000000080ae5328]
[c=18141000000 pc=0000000080261dee]
[c=18142000000 pc=0000000080261e9a]
[c=18143000000 pc=000000008086014a]
[c=18144000000 pc=00000000802afe6a]
[c=18145000000 pc=0000000080ae532c]
[c=18146000000 pc=0000000080261df2]
[c=18147000000 pc=0000000080261ea0]
[c=18148000000 pc=000000008086014c]
[c=18149000000 pc=00000000802afe70]
[c=18150000000 pc=0000000080ae5330]
[c=18151000000 pc=0000000080261df2]
[c=18152000000 pc=0000000080860402]
[c=18153000000 pc=0000000080860150]
[c=18154000000 pc=00000000802afe74]
[c=18155000000 pc=0000000080ae5332]
[c=18156000000 pc=0000000080261df4]
[c=18157000000 pc=0000000080860404]
[c=18158000000 pc=0000000080860154]
[c=18159000000 pc=00000000802afe76]
[c=18160000000 pc=0000000080261fc4]
[c=18161000000 pc=0000000080261df6]
[c=18162000000 pc=0000000080860408]
[c=18163000000 pc=0000000080860156]
[c=18164000000 pc=0000000080261fdc]
[c=18165000000 pc=0000000080261f18]
[c=18166000000 pc=0000000080261df8]
[c=18167000000 pc=0000000080860414]
[c=18168000000 pc=0000000080261eb8]
[c=18169000000 pc=0000000080261fbc]
[c=18170000000 pc=0000000080261e6e]
[c=18171000000 pc=0000000080261dfa]
[c=18172000000 pc=0000000080860416]
[c=18173000000 pc=0000000080261fb2]
[c=18174000000 pc=0000000080261fc0]
[c=18175000000 pc=00000000802aff2c]
[c=18176000000 pc=0000000080261e78]
[c=18177000000 pc=0000000080261ea4]
[c=18178000000 pc=0000000080261fb6]
[c=18179000000 pc=0000000080ae530c]
[c=18180000000 pc=00000000802aff30]
[c=18181000000 pc=0000000080261e78]
[c=18182000000 pc=0000000080261eaa]
[c=18183000000 pc=0000000080261fd2]
[c=18184000000 pc=0000000080ae530e]
[c=18185000000 pc=00000000802aff32]
[c=18186000000 pc=0000000080261e7c]
[c=18187000000 pc=0000000080261eac]
[c=18188000000 pc=00000000802afaca]
[c=18189000000 pc=0000000080ae5314]
[c=18190000000 pc=00000000802aff34]
[c=18191000000 pc=0000000080261e7e]
[c=18192000000 pc=0000000080261eb0]
[c=18193000000 pc=00000000802afacc]
[c=18194000000 pc=0000000080ae5318]
[c=18195000000 pc=00000000802aff38]
[c=18196000000 pc=0000000080261e80]
[c=18197000000 pc=0000000080261eb4]
[c=18198000000 pc=00000000802afad0]
[c=18199000000 pc=0000000080ae531a]
[c=18200000000 pc=00000000802aff3c]
[c=18201000000 pc=0000000080261ddc]
[c=18202000000 pc=0000000080860130]
[c=18203000000 pc=00000000802afad8]
[c=18204000000 pc=0000000080ae5320]
[c=18205000000 pc=00000000802aff3c]
[c=18206000000 pc=0000000080261de0]
[c=18207000000 pc=0000000080860132]
[c=18208000000 pc=00000000802afada]
[c=18209000000 pc=0000000080ae304e]
[c=18210000000 pc=00000000802aff3e]
[c=18211000000 pc=0000000080261de2]
[c=18212000000 pc=0000000080860134]
[c=18213000000 pc=00000000802afade]
[c=18214000000 pc=0000000080ae3050]
[c=18215000000 pc=00000000802aff4c]
[c=18216000000 pc=0000000080261de6]
[c=18217000000 pc=0000000080860136]
[c=18218000000 pc=00000000802afae2]
[c=18219000000 pc=0000000080ae3054]
[c=18220000000 pc=00000000802aff4e]
[c=18221000000 pc=0000000080261dea]
[c=18222000000 pc=0000000080860138]
[c=18223000000 pc=0000000080261fd6]
[c=18224000000 pc=0000000080ae305c]
[c=18225000000 pc=0000000080261e72]
[c=18226000000 pc=0000000080261e88]
[c=18227000000 pc=000000008086013c]
[c=18228000000 pc=00000000802afe60]
[c=18229000000 pc=0000000080ae305e]
[c=18230000000 pc=0000000080261e74]
[c=18231000000 pc=0000000080261e90]
[c=18232000000 pc=000000008086013c]
[c=18233000000 pc=00000000802afe64]
[c=18234000000 pc=0000000080ae3062]
[c=18235000000 pc=0000000080261e74]
[c=18236000000 pc=0000000080261e96]
[c=18237000000 pc=0000000080860142]
[c=18238000000 pc=00000000802afe66]
[c=18239000000 pc=0000000080ae5328]
[c=18240000000 pc=0000000080261dee]
[c=18241000000 pc=0000000080261e9a]
[c=18242000000 pc=000000008086014a]
[c=18243000000 pc=00000000802afe6a]
[c=18244000000 pc=0000000080ae532c]
[c=18245000000 pc=0000000080261df2]
[c=18246000000 pc=0000000080261ea0]
[c=18247000000 pc=000000008086014c]
[c=18248000000 pc=00000000802afe70]
[c=18249000000 pc=0000000080ae5330]
[c=18250000000 pc=0000000080261df2]
[c=18251000000 pc=0000000080860402]
[c=18252000000 pc=0000000080860150]
[c=18253000000 pc=00000000802afe74]
[c=18254000000 pc=0000000080ae5332]
[c=18255000000 pc=0000000080261df4]
[c=18256000000 pc=0000000080860404]
[c=18257000000 pc=0000000080860154]
[c=18258000000 pc=00000000802afe76]
[c=18259000000 pc=0000000080261fc4]
[c=18260000000 pc=0000000080261df6]
[c=18261000000 pc=0000000080860408]
[c=18262000000 pc=0000000080860156]
[c=18263000000 pc=0000000080261fdc]
[c=18264000000 pc=0000000080261f18]
[c=18265000000 pc=0000000080261df8]
[c=18266000000 pc=0000000080860414]
[c=18267000000 pc=0000000080261eb8]
[c=18268000000 pc=0000000080261fbc]
[c=18269000000 pc=0000000080261e6e]
[c=18270000000 pc=0000000080261dfa]
[c=18271000000 pc=0000000080860416]
[c=18272000000 pc=0000000080261fb2]
[c=18273000000 pc=0000000080261fc0]
[c=18274000000 pc=00000000802aff2c]
[c=18275000000 pc=0000000080261e78]
[c=18276000000 pc=0000000080261ea4]
[c=18277000000 pc=0000000080261fb6]
[c=18278000000 pc=0000000080ae530c]
[c=18279000000 pc=00000000802aff30]
[c=18280000000 pc=0000000080261e78]
[c=18281000000 pc=0000000080261eaa]
[c=18282000000 pc=0000000080261fd2]
[c=18283000000 pc=0000000080ae530e]
[c=18284000000 pc=00000000802aff32]
[c=18285000000 pc=0000000080261e7c]
[c=18286000000 pc=0000000080261eac]
[c=18287000000 pc=00000000802afaca]
[c=18288000000 pc=0000000080ae5314]
[c=18289000000 pc=00000000802aff34]
[c=18290000000 pc=0000000080261e7e]
[c=18291000000 pc=0000000080261eb0]
[c=18292000000 pc=00000000802afacc]
[c=18293000000 pc=0000000080ae5318]
[c=18294000000 pc=00000000802aff38]
[c=18295000000 pc=0000000080261e80]
[c=18296000000 pc=0000000080261eb4]
[c=18297000000 pc=00000000802afad0]
[c=18298000000 pc=0000000080ae531a]
[c=18299000000 pc=00000000802aff3c]
[c=18300000000 pc=0000000080261ddc]
[c=18301000000 pc=0000000080860130]
[c=18302000000 pc=00000000802afad8]
[c=18303000000 pc=0000000080ae5320]
[c=18304000000 pc=00000000802aff3c]
[c=18305000000 pc=0000000080261de0]
[c=18306000000 pc=0000000080860132]
[c=18307000000 pc=00000000802afada]
[c=18308000000 pc=0000000080ae304e]
[c=18309000000 pc=00000000802aff3e]
[c=18310000000 pc=0000000080261de2]
[c=18311000000 pc=0000000080860134]
[c=18312000000 pc=00000000802afade]
[c=18313000000 pc=0000000080ae3050]
[c=18314000000 pc=00000000802aff4c]
[c=18315000000 pc=0000000080261de6]
[c=18316000000 pc=0000000080860136]
[c=18317000000 pc=00000000802afae2]
[c=18318000000 pc=0000000080ae3054]
[c=18319000000 pc=00000000802aff4e]
[c=18320000000 pc=0000000080261dea]
[c=18321000000 pc=0000000080860138]
[c=18322000000 pc=0000000080261fd6]
[c=18323000000 pc=0000000080ae305c]
[c=18324000000 pc=0000000080261e72]
[c=18325000000 pc=0000000080261e88]
[c=18326000000 pc=000000008086013c]
[c=18327000000 pc=00000000802afe60]
[c=18328000000 pc=0000000080ae305e]
[c=18329000000 pc=0000000080261e74]
[c=18330000000 pc=0000000080261e90]
[c=18331000000 pc=000000008086013c]
[c=18332000000 pc=00000000802afe64]
[c=18333000000 pc=0000000080ae3062]
[c=18334000000 pc=0000000080261e74]
[c=18335000000 pc=0000000080261e96]
[c=18336000000 pc=0000000080860142]
[c=18337000000 pc=00000000802afe66]
[c=18338000000 pc=0000000080ae5328]
[c=18339000000 pc=0000000080261dee]
[c=18340000000 pc=0000000080261e9a]
[c=18341000000 pc=000000008086014a]
[c=18342000000 pc=00000000802afe6a]
[c=18343000000 pc=0000000080ae532c]
[c=18344000000 pc=0000000080261df2]
[c=18345000000 pc=0000000080261ea0]
[c=18346000000 pc=000000008086014c]
[c=18347000000 pc=00000000802afe70]
[c=18348000000 pc=0000000080ae5330]
[c=18349000000 pc=0000000080261df2]
[c=18350000000 pc=0000000080860402]
[c=18351000000 pc=0000000080860150]
[c=18352000000 pc=00000000802afe74]
[c=18353000000 pc=0000000080ae5332]
[c=18354000000 pc=0000000080261df4]
[c=18355000000 pc=0000000080860404]
[c=18356000000 pc=0000000080860154]
[c=18357000000 pc=00000000802afe76]
[c=18358000000 pc=0000000080261fc4]
[c=18359000000 pc=0000000080261df6]
[c=18360000000 pc=0000000080860408]
[c=18361000000 pc=0000000080860156]
[c=18362000000 pc=0000000080261fdc]
[c=18363000000 pc=0000000080261f18]
[c=18364000000 pc=0000000080261df8]
[c=18365000000 pc=0000000080860414]
[c=18366000000 pc=0000000080261eb8]
[c=18367000000 pc=0000000080261fbc]
[c=18368000000 pc=0000000080261e6e]
[c=18369000000 pc=0000000080261dfa]
[c=18370000000 pc=0000000080860416]
[c=18371000000 pc=0000000080261fb2]
[c=18372000000 pc=0000000080261fc0]
[c=18373000000 pc=00000000802aff2c]
[c=18374000000 pc=0000000080261e78]
[c=18375000000 pc=0000000080261ea4]
[c=18376000000 pc=0000000080261fb6]
[c=18377000000 pc=0000000080ae530c]
[c=18378000000 pc=00000000802aff30]
[c=18379000000 pc=0000000080261e78]
[c=18380000000 pc=0000000080261eaa]
[c=18381000000 pc=0000000080261fd2]
[c=18382000000 pc=0000000080ae530e]
[c=18383000000 pc=00000000802aff32]
[c=18384000000 pc=0000000080261e7c]
[c=18385000000 pc=0000000080261eac]
[c=18386000000 pc=00000000802afaca]
[c=18387000000 pc=0000000080ae5314]
[c=18388000000 pc=00000000802aff34]
[c=18389000000 pc=0000000080261e7e]
[c=18390000000 pc=0000000080261eb0]
[c=18391000000 pc=00000000802afacc]
[c=18392000000 pc=0000000080ae5318]
[c=18393000000 pc=00000000802aff38]
[c=18394000000 pc=0000000080261e80]
[c=18395000000 pc=0000000080261eb4]
[c=18396000000 pc=00000000802afad0]
[c=18397000000 pc=0000000080ae531a]
[c=18398000000 pc=00000000802aff3c]
[c=18399000000 pc=0000000080261ddc]
[c=18400000000 pc=0000000080860130]
[c=18401000000 pc=00000000802afad8]
[c=18402000000 pc=0000000080ae5320]
[c=18403000000 pc=00000000802aff3c]
[c=18404000000 pc=0000000080261de0]
[c=18405000000 pc=0000000080860132]
[c=18406000000 pc=00000000802afada]
[c=18407000000 pc=0000000080ae304e]
[c=18408000000 pc=00000000802aff3e]
[c=18409000000 pc=0000000080261de2]
[c=18410000000 pc=0000000080860134]
[c=18411000000 pc=00000000802afade]
[c=18412000000 pc=0000000080ae3050]
[c=18413000000 pc=00000000802aff4c]
[c=18414000000 pc=0000000080261de6]
[c=18415000000 pc=0000000080860136]
[c=18416000000 pc=00000000802afae2]
[c=18417000000 pc=0000000080ae3054]
[c=18418000000 pc=00000000802aff4e]
[c=18419000000 pc=0000000080261dea]
[c=18420000000 pc=0000000080860138]
[c=18421000000 pc=0000000080261fd6]
[c=18422000000 pc=0000000080ae305c]
[c=18423000000 pc=0000000080261e72]
[c=18424000000 pc=0000000080261e88]
[c=18425000000 pc=000000008086013c]
[c=18426000000 pc=00000000802afe60]
[c=18427000000 pc=0000000080ae305e]
[c=18428000000 pc=0000000080261e74]
[c=18429000000 pc=0000000080261e90]
[c=18430000000 pc=000000008086013c]
[c=18431000000 pc=00000000802afe64]
[c=18432000000 pc=0000000080ae3062]
[c=18433000000 pc=0000000080261e74]
[c=18434000000 pc=0000000080261e96]
[c=18435000000 pc=0000000080860142]
[c=18436000000 pc=00000000802afe66]
[c=18437000000 pc=0000000080ae5328]
[c=18438000000 pc=0000000080261dee]
[c=18439000000 pc=0000000080261e9a]
[c=18440000000 pc=000000008086014a]
[c=18441000000 pc=00000000802afe6a]
[c=18442000000 pc=0000000080ae532c]
[c=18443000000 pc=0000000080261df2]
[c=18444000000 pc=0000000080261ea0]
[c=18445000000 pc=000000008086014c]
[c=18446000000 pc=00000000802afe70]
[c=18447000000 pc=0000000080ae5330]
[c=18448000000 pc=0000000080261df2]
[c=18449000000 pc=0000000080860402]
[c=18450000000 pc=0000000080860150]
[c=18451000000 pc=00000000802afe74]
[c=18452000000 pc=0000000080ae5332]
[c=18453000000 pc=0000000080261df4]
[c=18454000000 pc=0000000080860404]
[c=18455000000 pc=0000000080860154]
[c=18456000000 pc=00000000802afe76]
[c=18457000000 pc=0000000080261fc4]
[c=18458000000 pc=0000000080261df6]
[c=18459000000 pc=0000000080860408]
[c=18460000000 pc=0000000080860156]
[c=18461000000 pc=0000000080261fdc]
[c=18462000000 pc=0000000080261f18]
[c=18463000000 pc=0000000080261df8]
[c=18464000000 pc=0000000080860414]
[c=18465000000 pc=0000000080261eb8]
[c=18466000000 pc=0000000080261fbc]
[c=18467000000 pc=0000000080261e6e]
[c=18468000000 pc=0000000080261dfa]
[c=18469000000 pc=0000000080860416]
[c=18470000000 pc=0000000080261fb2]
[c=18471000000 pc=0000000080261fc0]
[c=18472000000 pc=00000000802aff2c]
[c=18473000000 pc=0000000080261e78]
[c=18474000000 pc=0000000080261ea4]
[c=18475000000 pc=0000000080261fb6]
[c=18476000000 pc=0000000080ae530c]
[c=18477000000 pc=00000000802aff30]
[c=18478000000 pc=0000000080261e78]
[c=18479000000 pc=0000000080261eaa]
[c=18480000000 pc=0000000080261fd2]
[c=18481000000 pc=0000000080ae530e]
[c=18482000000 pc=00000000802aff32]
[c=18483000000 pc=0000000080261e7c]
[c=18484000000 pc=0000000080261eac]
[c=18485000000 pc=00000000802afaca]
[c=18486000000 pc=0000000080ae5314]
[c=18487000000 pc=00000000802aff34]
[c=18488000000 pc=0000000080261e7e]
[c=18489000000 pc=0000000080261eb0]
[c=18490000000 pc=00000000802afacc]
[c=18491000000 pc=0000000080ae5318]
[c=18492000000 pc=00000000802aff38]
[c=18493000000 pc=0000000080261e80]
[c=18494000000 pc=0000000080261eb4]
[c=18495000000 pc=00000000802afad0]
[c=18496000000 pc=0000000080ae531a]
[c=18497000000 pc=00000000802aff3c]
[c=18498000000 pc=0000000080261ddc]
[c=18499000000 pc=0000000080860130]
[c=18500000000 pc=00000000802afad8]
[c=18501000000 pc=0000000080ae5320]
[c=18502000000 pc=00000000802aff3c]
[c=18503000000 pc=0000000080261de0]
[c=18504000000 pc=0000000080860132]
[c=18505000000 pc=00000000802afada]
[c=18506000000 pc=0000000080ae304e]
[c=18507000000 pc=00000000802aff3e]
[c=18508000000 pc=0000000080261de2]
[c=18509000000 pc=0000000080860134]
[c=18510000000 pc=00000000802afade]
[c=18511000000 pc=0000000080ae3050]
[c=18512000000 pc=00000000802aff4c]
[c=18513000000 pc=0000000080261de6]
[c=18514000000 pc=0000000080860136]
[c=18515000000 pc=00000000802afae2]
[c=18516000000 pc=0000000080ae3054]
[c=18517000000 pc=00000000802aff4e]
[c=18518000000 pc=0000000080261dea]
[c=18519000000 pc=0000000080860138]
[c=18520000000 pc=0000000080261fd6]
[c=18521000000 pc=0000000080ae305c]
[c=18522000000 pc=0000000080261e72]
[c=18523000000 pc=0000000080261e88]
[c=18524000000 pc=000000008086013c]
[c=18525000000 pc=00000000802afe60]
[c=18526000000 pc=0000000080ae305e]
[c=18527000000 pc=0000000080261e74]
[c=18528000000 pc=0000000080261e90]
[c=18529000000 pc=000000008086013c]
[c=18530000000 pc=00000000802afe64]
[c=18531000000 pc=0000000080ae3062]
[c=18532000000 pc=0000000080261e74]
[c=18533000000 pc=0000000080261e96]
[c=18534000000 pc=0000000080860142]
[c=18535000000 pc=00000000802afe66]
[c=18536000000 pc=0000000080ae5328]
[c=18537000000 pc=0000000080261dee]
[c=18538000000 pc=0000000080261e9a]
[c=18539000000 pc=000000008086014a]
[c=18540000000 pc=00000000802afe6a]
[c=18541000000 pc=0000000080ae532c]
[c=18542000000 pc=0000000080261df2]
[c=18543000000 pc=0000000080261ea0]
[c=18544000000 pc=000000008086014c]
[c=18545000000 pc=00000000802afe70]
[c=18546000000 pc=0000000080ae5330]
[c=18547000000 pc=0000000080261df2]
[c=18548000000 pc=0000000080860402]
[c=18549000000 pc=0000000080860150]
[c=18550000000 pc=00000000802afe74]
[c=18551000000 pc=0000000080ae5332]
[c=18552000000 pc=0000000080261df4]
[c=18553000000 pc=0000000080860404]
[c=18554000000 pc=0000000080860154]
[c=18555000000 pc=00000000802afe76]
[c=18556000000 pc=0000000080261fc4]
[c=18557000000 pc=0000000080261df6]
[c=18558000000 pc=0000000080860408]
[c=18559000000 pc=0000000080860156]
[c=18560000000 pc=0000000080261fdc]
[c=18561000000 pc=0000000080261f18]
[c=18562000000 pc=0000000080261df8]
[c=18563000000 pc=0000000080860414]
[c=18564000000 pc=0000000080261eb8]
[c=18565000000 pc=0000000080261fbc]
[c=18566000000 pc=0000000080261e6e]
[c=18567000000 pc=0000000080261dfa]
[c=18568000000 pc=0000000080860416]
[c=18569000000 pc=0000000080261fb2]
[c=18570000000 pc=0000000080261fc0]
[c=18571000000 pc=00000000802aff2c]
[c=18572000000 pc=0000000080261e78]
[c=18573000000 pc=0000000080261ea4]
[c=18574000000 pc=0000000080261fb6]
[c=18575000000 pc=0000000080ae530c]
[c=18576000000 pc=00000000802aff30]
[c=18577000000 pc=0000000080261e78]
[c=18578000000 pc=0000000080261eaa]
[c=18579000000 pc=0000000080261fd2]
[c=18580000000 pc=0000000080ae530e]
[c=18581000000 pc=00000000802aff32]
[c=18582000000 pc=0000000080261e7c]
[c=18583000000 pc=0000000080261eac]
[c=18584000000 pc=00000000802afaca]
[c=18585000000 pc=0000000080ae5314]
[c=18586000000 pc=00000000802aff34]
[c=18587000000 pc=0000000080261e7e]
[c=18588000000 pc=0000000080261eb0]
[c=18589000000 pc=00000000802afacc]
[c=18590000000 pc=0000000080ae5318]
[c=18591000000 pc=00000000802aff38]
[c=18592000000 pc=0000000080261e80]
[c=18593000000 pc=0000000080261eb4]
[c=18594000000 pc=00000000802afad0]
[c=18595000000 pc=0000000080ae531a]
[c=18596000000 pc=00000000802aff3c]
[c=18597000000 pc=0000000080261ddc]
[c=18598000000 pc=0000000080860130]
[c=18599000000 pc=00000000802afad8]
[c=18600000000 pc=0000000080ae5320]
[c=18601000000 pc=00000000802aff3c]
[c=18602000000 pc=0000000080261de0]
[c=18603000000 pc=0000000080860132]
[c=18604000000 pc=00000000802afada]
[c=18605000000 pc=0000000080ae304e]
[c=18606000000 pc=00000000802aff3e]
[c=18607000000 pc=0000000080261de2]
[c=18608000000 pc=0000000080860134]
[c=18609000000 pc=00000000802afade]
[c=18610000000 pc=0000000080ae3050]
[c=18611000000 pc=00000000802aff4c]
[c=18612000000 pc=0000000080261de6]
[c=18613000000 pc=0000000080860136]
[c=18614000000 pc=00000000802afae2]
[c=18615000000 pc=0000000080ae3054]
[c=18616000000 pc=00000000802aff4e]
[c=18617000000 pc=0000000080261dea]
[c=18618000000 pc=0000000080860138]
[c=18619000000 pc=0000000080261fd6]
[c=18620000000 pc=0000000080ae305c]
[c=18621000000 pc=0000000080261e72]
[c=18622000000 pc=0000000080261e88]
[c=18623000000 pc=000000008086013c]
[c=18624000000 pc=00000000802afe60]
[c=18625000000 pc=0000000080ae305e]
[c=18626000000 pc=0000000080261e74]
[c=18627000000 pc=0000000080261e90]
[c=18628000000 pc=000000008086013c]
[c=18629000000 pc=00000000802afe64]
[c=18630000000 pc=0000000080ae3062]
[c=18631000000 pc=0000000080261e74]
[c=18632000000 pc=0000000080261e96]
[c=18633000000 pc=0000000080860142]
[c=18634000000 pc=00000000802afe66]
[c=18635000000 pc=0000000080ae5328]
[c=18636000000 pc=0000000080261dee]
[c=18637000000 pc=0000000080261e9a]
[c=18638000000 pc=000000008086014a]
[c=18639000000 pc=00000000802afe6a]
[c=18640000000 pc=0000000080ae532c]
[c=18641000000 pc=0000000080261df2]
[c=18642000000 pc=0000000080261ea0]
[c=18643000000 pc=000000008086014c]
[c=18644000000 pc=00000000802afe70]
[c=18645000000 pc=0000000080ae5330]
[c=18646000000 pc=0000000080261df2]
[c=18647000000 pc=0000000080860402]
[c=18648000000 pc=0000000080860150]
[c=18649000000 pc=00000000802afe74]
[c=18650000000 pc=0000000080ae5332]
[c=18651000000 pc=0000000080261df4]
[c=18652000000 pc=0000000080860404]
[c=18653000000 pc=0000000080860154]
[c=18654000000 pc=00000000802afe76]
[c=18655000000 pc=0000000080261fc4]
[c=18656000000 pc=0000000080261df6]
[c=18657000000 pc=0000000080860408]
[c=18658000000 pc=0000000080860156]
[c=18659000000 pc=0000000080261fdc]
[c=18660000000 pc=0000000080261f18]
[c=18661000000 pc=0000000080261df8]
[c=18662000000 pc=0000000080860414]
[c=18663000000 pc=0000000080261eb8]
[c=18664000000 pc=0000000080261fbc]
[c=18665000000 pc=0000000080261e6e]
[c=18666000000 pc=0000000080261dfa]
[c=18667000000 pc=0000000080860416]
[c=18668000000 pc=0000000080261fb2]
[c=18669000000 pc=0000000080261fc0]
[c=18670000000 pc=00000000802aff2c]
[c=18671000000 pc=0000000080261e78]
[c=18672000000 pc=0000000080261ea4]
[c=18673000000 pc=0000000080261fb6]
[c=18674000000 pc=0000000080ae530c]
[c=18675000000 pc=00000000802aff30]
[c=18676000000 pc=0000000080261e78]
[c=18677000000 pc=0000000080261eaa]
[c=18678000000 pc=0000000080261fd2]
[c=18679000000 pc=0000000080ae530e]
[c=18680000000 pc=00000000802aff32]
[c=18681000000 pc=0000000080261e7c]
[c=18682000000 pc=0000000080261eac]
[c=18683000000 pc=00000000802afaca]
[c=18684000000 pc=0000000080ae5314]
[c=18685000000 pc=00000000802aff34]
[c=18686000000 pc=0000000080261e7e]
[c=18687000000 pc=0000000080261eb0]
[c=18688000000 pc=00000000802afacc]
[c=18689000000 pc=0000000080ae5318]
[c=18690000000 pc=00000000802aff38]
[c=18691000000 pc=0000000080261e80]
[c=18692000000 pc=0000000080261eb4]
[c=18693000000 pc=00000000802afad0]
[c=18694000000 pc=0000000080ae531a]
[c=18695000000 pc=00000000802aff3c]
[c=18696000000 pc=0000000080261ddc]
[c=18697000000 pc=0000000080860130]
[c=18698000000 pc=00000000802afad8]
[c=18699000000 pc=0000000080ae5320]
[c=18700000000 pc=00000000802aff3c]
[c=18701000000 pc=0000000080261de0]
[c=18702000000 pc=0000000080860132]
[c=18703000000 pc=00000000802afada]
[c=18704000000 pc=0000000080ae304e]
[c=18705000000 pc=00000000802aff3e]
[c=18706000000 pc=0000000080261de2]
[c=18707000000 pc=0000000080860134]
[c=18708000000 pc=00000000802afade]
[c=18709000000 pc=0000000080ae3050]
[c=18710000000 pc=00000000802aff4c]
[c=18711000000 pc=0000000080261de6]
[c=18712000000 pc=0000000080860136]
[c=18713000000 pc=00000000802afae2]
[c=18714000000 pc=0000000080ae3054]
[c=18715000000 pc=00000000802aff4e]
[c=18716000000 pc=0000000080261dea]
[c=18717000000 pc=0000000080860138]
[c=18718000000 pc=0000000080261fd6]
[c=18719000000 pc=0000000080ae305c]
[c=18720000000 pc=0000000080261e72]
[c=18721000000 pc=0000000080261e88]
[c=18722000000 pc=000000008086013c]
[c=18723000000 pc=00000000802afe60]
[c=18724000000 pc=0000000080ae305e]
[c=18725000000 pc=0000000080261e74]
[c=18726000000 pc=0000000080261e90]
[c=18727000000 pc=000000008086013c]
[c=18728000000 pc=00000000802afe64]
[c=18729000000 pc=0000000080ae3062]
[c=18730000000 pc=0000000080261e74]
[c=18731000000 pc=0000000080261e96]
[c=18732000000 pc=0000000080860142]
[c=18733000000 pc=00000000802afe66]
[c=18734000000 pc=0000000080ae5328]
[c=18735000000 pc=0000000080261dee]
[c=18736000000 pc=0000000080261e9a]
[c=18737000000 pc=000000008086014a]
[c=18738000000 pc=00000000802afe6a]
[c=18739000000 pc=0000000080ae532c]
[c=18740000000 pc=0000000080261df2]
[c=18741000000 pc=0000000080261ea0]
[c=18742000000 pc=000000008086014c]
[c=18743000000 pc=00000000802afe70]
[c=18744000000 pc=0000000080ae5330]
[c=18745000000 pc=0000000080261df2]
[c=18746000000 pc=0000000080860402]
[c=18747000000 pc=0000000080860150]
[c=18748000000 pc=00000000802afe74]
[c=18749000000 pc=0000000080ae5332]
[c=18750000000 pc=0000000080261df4]
[c=18751000000 pc=0000000080860404]
[c=18752000000 pc=0000000080860154]
[c=18753000000 pc=00000000802afe76]
[c=18754000000 pc=0000000080261fc4]
[c=18755000000 pc=0000000080261df6]
[c=18756000000 pc=0000000080860408]
[c=18757000000 pc=0000000080860156]
[c=18758000000 pc=0000000080261fdc]
[c=18759000000 pc=0000000080261f18]
[c=18760000000 pc=0000000080261df8]
[c=18761000000 pc=0000000080860414]
[c=18762000000 pc=0000000080261eb8]
[c=18763000000 pc=0000000080261fbc]
[c=18764000000 pc=0000000080261e6e]
[c=18765000000 pc=0000000080261dfa]
[c=18766000000 pc=0000000080860416]
[c=18767000000 pc=0000000080261fb2]
[c=18768000000 pc=0000000080261fc0]
[c=18769000000 pc=00000000802aff2c]
[c=18770000000 pc=0000000080261e78]
[c=18771000000 pc=0000000080261ea4]
[c=18772000000 pc=0000000080261fb6]
[c=18773000000 pc=0000000080ae530c]
[c=18774000000 pc=00000000802aff30]
[c=18775000000 pc=0000000080261e78]
[c=18776000000 pc=0000000080261eaa]
[c=18777000000 pc=0000000080261fd2]
[c=18778000000 pc=0000000080ae530e]
[c=18779000000 pc=00000000802aff32]
[c=18780000000 pc=0000000080261e7c]
[c=18781000000 pc=0000000080261eac]
[c=18782000000 pc=00000000802afaca]
[c=18783000000 pc=0000000080ae5314]
[c=18784000000 pc=00000000802aff34]
[c=18785000000 pc=0000000080261e7e]
[c=18786000000 pc=0000000080261eb0]
[c=18787000000 pc=00000000802afacc]
[c=18788000000 pc=0000000080ae5318]
[c=18789000000 pc=00000000802aff38]
[c=18790000000 pc=0000000080261e80]
[c=18791000000 pc=0000000080261eb4]
[c=18792000000 pc=00000000802afad0]
[c=18793000000 pc=0000000080ae531a]
[c=18794000000 pc=00000000802aff3c]
[c=18795000000 pc=0000000080261ddc]
[c=18796000000 pc=0000000080860130]
[c=18797000000 pc=00000000802afad8]
[c=18798000000 pc=0000000080ae5320]
[c=18799000000 pc=00000000802aff3c]
[c=18800000000 pc=0000000080261de0]
[c=18801000000 pc=0000000080860132]
[c=18802000000 pc=00000000802afada]
[c=18803000000 pc=0000000080ae304e]
[c=18804000000 pc=00000000802aff3e]
[c=18805000000 pc=0000000080261de2]
[c=18806000000 pc=0000000080860134]
[c=18807000000 pc=00000000802afade]
[c=18808000000 pc=0000000080ae3050]
[c=18809000000 pc=00000000802aff4c]
[c=18810000000 pc=0000000080261de6]
[c=18811000000 pc=0000000080860136]
[c=18812000000 pc=00000000802afae2]
[c=18813000000 pc=0000000080ae3054]
[c=18814000000 pc=00000000802aff4e]
[c=18815000000 pc=0000000080261dea]
[c=18816000000 pc=0000000080860138]
[c=18817000000 pc=0000000080261fd6]
[c=18818000000 pc=0000000080ae305c]
[c=18819000000 pc=0000000080261e72]
[c=18820000000 pc=0000000080261e88]
[c=18821000000 pc=000000008086013c]
[c=18822000000 pc=00000000802afe60]
[c=18823000000 pc=0000000080ae305e]
[c=18824000000 pc=0000000080261e74]
[c=18825000000 pc=0000000080261e90]
[c=18826000000 pc=000000008086013c]
[c=18827000000 pc=00000000802afe64]
[c=18828000000 pc=0000000080ae3062]
[c=18829000000 pc=0000000080261e74]
[c=18830000000 pc=0000000080261e96]
[c=18831000000 pc=0000000080860142]
[c=18832000000 pc=00000000802afe66]
[c=18833000000 pc=0000000080ae5328]
[c=18834000000 pc=0000000080261dee]
[c=18835000000 pc=0000000080261e9a]
[c=18836000000 pc=000000008086014a]
[c=18837000000 pc=00000000802afe6a]
[c=18838000000 pc=0000000080ae532c]
[c=18839000000 pc=0000000080261df2]
[c=18840000000 pc=0000000080261ea0]
[c=18841000000 pc=000000008086014c]
[c=18842000000 pc=00000000802afe70]
[c=18843000000 pc=0000000080ae5330]
[c=18844000000 pc=0000000080261df2]
[c=18845000000 pc=0000000080860402]
[c=18846000000 pc=0000000080860150]
[c=18847000000 pc=00000000802afe74]
[c=18848000000 pc=0000000080ae5332]
[c=18849000000 pc=0000000080261df4]
[c=18850000000 pc=0000000080860404]
[c=18851000000 pc=0000000080860154]
[c=18852000000 pc=00000000802afe76]
[c=18853000000 pc=0000000080261fc4]
[c=18854000000 pc=0000000080261df6]
[c=18855000000 pc=0000000080860408]
[c=18856000000 pc=0000000080860156]
[c=18857000000 pc=0000000080261fdc]
[c=18858000000 pc=0000000080261f18]
[c=18859000000 pc=0000000080261df8]
[c=18860000000 pc=0000000080860414]
[c=18861000000 pc=0000000080261eb8]
[c=18862000000 pc=0000000080261fbc]
[c=18863000000 pc=0000000080261e6e]
[c=18864000000 pc=0000000080261dfa]
[c=18865000000 pc=0000000080860416]
[c=18866000000 pc=0000000080261fb2]
[c=18867000000 pc=0000000080261fc0]
[c=18868000000 pc=00000000802aff2c]
[c=18869000000 pc=0000000080261e78]
[c=18870000000 pc=0000000080261ea4]
[c=18871000000 pc=0000000080261fb6]
[c=18872000000 pc=0000000080ae530c]
[c=18873000000 pc=00000000802aff30]
[c=18874000000 pc=0000000080261e78]
[c=18875000000 pc=0000000080261eaa]
[c=18876000000 pc=0000000080261fd2]
[c=18877000000 pc=0000000080ae530e]
[c=18878000000 pc=00000000802aff32]
[c=18879000000 pc=0000000080261e7c]
[c=18880000000 pc=0000000080261eac]
[c=18881000000 pc=00000000802afaca]
[c=18882000000 pc=0000000080ae5314]
[c=18883000000 pc=00000000802aff34]
[c=18884000000 pc=0000000080261e7e]
[c=18885000000 pc=0000000080261eb0]
[c=18886000000 pc=00000000802afacc]
[c=18887000000 pc=0000000080ae5318]
[c=18888000000 pc=00000000802aff38]
[c=18889000000 pc=0000000080261e80]
[c=18890000000 pc=0000000080261eb4]
[c=18891000000 pc=00000000802afad0]
[c=18892000000 pc=0000000080ae531a]
[c=18893000000 pc=00000000802aff3c]
[c=18894000000 pc=0000000080261ddc]
[c=18895000000 pc=0000000080860130]
[c=18896000000 pc=00000000802afad8]
[c=18897000000 pc=0000000080ae5320]
[c=18898000000 pc=00000000802aff3c]
[c=18899000000 pc=0000000080261de0]
[c=18900000000 pc=0000000080860132]
[c=18901000000 pc=00000000802afada]
[c=18902000000 pc=0000000080ae304e]
[c=18903000000 pc=00000000802aff3e]
[c=18904000000 pc=0000000080261de2]
[c=18905000000 pc=0000000080860134]
[c=18906000000 pc=00000000802afade]
[c=18907000000 pc=0000000080ae3050]
[c=18908000000 pc=00000000802aff4c]
[c=18909000000 pc=0000000080261de6]
[c=18910000000 pc=0000000080860136]
[c=18911000000 pc=00000000802afae2]
[c=18912000000 pc=0000000080ae3054]
[c=18913000000 pc=00000000802aff4e]
[c=18914000000 pc=0000000080261dea]
[c=18915000000 pc=0000000080860138]
[c=18916000000 pc=0000000080261fd6]
[c=18917000000 pc=0000000080ae305c]
[c=18918000000 pc=0000000080261e72]
[c=18919000000 pc=0000000080261e88]
[c=18920000000 pc=000000008086013c]
[c=18921000000 pc=00000000802afe60]
[c=18922000000 pc=0000000080ae305e]
[c=18923000000 pc=0000000080261e74]
[c=18924000000 pc=0000000080261e90]
[c=18925000000 pc=000000008086013c]
[c=18926000000 pc=00000000802afe64]
[c=18927000000 pc=0000000080ae3062]
[c=18928000000 pc=0000000080261e74]
[c=18929000000 pc=0000000080261e96]
[c=18930000000 pc=0000000080860142]
[c=18931000000 pc=00000000802afe66]
[c=18932000000 pc=0000000080ae5328]
[c=18933000000 pc=0000000080261dee]
[c=18934000000 pc=0000000080261e9a]
[c=18935000000 pc=000000008086014a]
[c=18936000000 pc=00000000802afe6a]
[c=18937000000 pc=0000000080ae532c]
[c=18938000000 pc=0000000080261df2]
[c=18939000000 pc=0000000080261ea0]
[c=18940000000 pc=000000008086014c]
[c=18941000000 pc=00000000802afe70]
[c=18942000000 pc=0000000080ae5330]
[c=18943000000 pc=0000000080261df2]
[c=18944000000 pc=0000000080860402]
[c=18945000000 pc=0000000080860150]
[c=18946000000 pc=00000000802afe74]
[c=18947000000 pc=0000000080ae5332]
[c=18948000000 pc=0000000080261df4]
[c=18949000000 pc=0000000080860404]
[c=18950000000 pc=0000000080860154]
[c=18951000000 pc=00000000802afe76]
[c=18952000000 pc=0000000080261fc4]
[c=18953000000 pc=0000000080261df6]
[c=18954000000 pc=0000000080860408]
[c=18955000000 pc=0000000080860156]
[c=18956000000 pc=0000000080261fdc]
[c=18957000000 pc=0000000080261f18]
[c=18958000000 pc=0000000080261df8]
[c=18959000000 pc=0000000080860414]
[c=18960000000 pc=0000000080261eb8]
[c=18961000000 pc=0000000080261fbc]
[c=18962000000 pc=0000000080261e6e]
[c=18963000000 pc=0000000080261dfa]
[c=18964000000 pc=0000000080860416]
[c=18965000000 pc=0000000080261fb2]
[c=18966000000 pc=0000000080261fc0]
[c=18967000000 pc=00000000802aff2c]
[c=18968000000 pc=0000000080261e78]
[c=18969000000 pc=0000000080261ea4]
[c=18970000000 pc=0000000080261fb6]
[c=18971000000 pc=0000000080ae530c]
[c=18972000000 pc=00000000802aff30]
[c=18973000000 pc=0000000080261e78]
[c=18974000000 pc=0000000080261eaa]
[c=18975000000 pc=0000000080261fd2]
[c=18976000000 pc=0000000080ae530e]
[c=18977000000 pc=00000000802aff32]
[c=18978000000 pc=0000000080261e7c]
[c=18979000000 pc=0000000080261eac]
[c=18980000000 pc=00000000802afaca]
[c=18981000000 pc=0000000080ae5314]
[c=18982000000 pc=00000000802aff34]
[c=18983000000 pc=0000000080261e7e]
[c=18984000000 pc=0000000080261eb0]
[c=18985000000 pc=00000000802afacc]
[c=18986000000 pc=0000000080ae5318]
[c=18987000000 pc=00000000802aff38]
[c=18988000000 pc=0000000080261e80]
[c=18989000000 pc=0000000080261eb4]
[c=18990000000 pc=00000000802afad0]
[c=18991000000 pc=0000000080ae531a]
[c=18992000000 pc=00000000802aff3c]
[c=18993000000 pc=0000000080261ddc]
[c=18994000000 pc=0000000080860130]
[c=18995000000 pc=00000000802afad8]
[c=18996000000 pc=0000000080ae5320]
[c=18997000000 pc=00000000802aff3c]
[c=18998000000 pc=0000000080261de0]
[c=18999000000 pc=0000000080860132]
[c=19000000000 pc=00000000802afada]
[c=19001000000 pc=0000000080ae304e]
[c=19002000000 pc=00000000802aff3e]
[c=19003000000 pc=0000000080261de2]
[c=19004000000 pc=0000000080860134]
[c=19005000000 pc=00000000802afade]
[c=19006000000 pc=0000000080ae3050]
[c=19007000000 pc=00000000802aff4c]
[c=19008000000 pc=0000000080261de6]
[c=19009000000 pc=0000000080860136]
[c=19010000000 pc=00000000802afae2]
[c=19011000000 pc=0000000080ae3054]
[c=19012000000 pc=00000000802aff4e]
[c=19013000000 pc=0000000080261dea]
[c=19014000000 pc=0000000080860138]
[c=19015000000 pc=0000000080261fd6]
[c=19016000000 pc=0000000080ae305c]
[c=19017000000 pc=0000000080261e72]
[c=19018000000 pc=0000000080261e88]
[c=19019000000 pc=000000008086013c]
[c=19020000000 pc=00000000802afe60]
[c=19021000000 pc=0000000080ae305e]
[c=19022000000 pc=0000000080261e74]
[c=19023000000 pc=0000000080261e90]
[c=19024000000 pc=000000008086013c]
[c=19025000000 pc=00000000802afe64]
[c=19026000000 pc=0000000080ae3062]
[c=19027000000 pc=0000000080261e74]
[c=19028000000 pc=0000000080261e96]
[c=19029000000 pc=0000000080860142]
[c=19030000000 pc=00000000802afe66]
[c=19031000000 pc=0000000080ae5328]
[c=19032000000 pc=0000000080261dee]
[c=19033000000 pc=0000000080261e9a]
[c=19034000000 pc=000000008086014a]
[c=19035000000 pc=00000000802afe6a]
[c=19036000000 pc=0000000080ae532c]
[c=19037000000 pc=0000000080261df2]
[c=19038000000 pc=0000000080261ea0]
[c=19039000000 pc=000000008086014c]
[c=19040000000 pc=00000000802afe70]
[c=19041000000 pc=0000000080ae5330]
[c=19042000000 pc=0000000080261df2]
[c=19043000000 pc=0000000080860402]
[c=19044000000 pc=0000000080860150]
[c=19045000000 pc=00000000802afe74]
[c=19046000000 pc=0000000080ae5332]
[c=19047000000 pc=0000000080261df4]
[c=19048000000 pc=0000000080860404]
[c=19049000000 pc=0000000080860154]
[c=19050000000 pc=00000000802afe76]
[c=19051000000 pc=0000000080261fc4]
[c=19052000000 pc=0000000080261df6]
[c=19053000000 pc=0000000080860408]
[c=19054000000 pc=0000000080860156]
[c=19055000000 pc=0000000080261fdc]
[c=19056000000 pc=0000000080261f18]
[c=19057000000 pc=0000000080261df8]
[c=19058000000 pc=0000000080860414]
[c=19059000000 pc=0000000080261eb8]
[c=19060000000 pc=0000000080261fbc]
[c=19061000000 pc=0000000080261e6e]
[c=19062000000 pc=0000000080261dfa]
[c=19063000000 pc=0000000080860416]
[c=19064000000 pc=0000000080261fb2]
[c=19065000000 pc=0000000080261fc0]
[c=19066000000 pc=00000000802aff2c]
[c=19067000000 pc=0000000080261e78]
[c=19068000000 pc=0000000080261ea4]
[c=19069000000 pc=0000000080261fb6]
[c=19070000000 pc=0000000080ae530c]
[c=19071000000 pc=00000000802aff30]
[c=19072000000 pc=0000000080261e78]
[c=19073000000 pc=0000000080261eaa]
[c=19074000000 pc=0000000080261fd2]
[c=19075000000 pc=0000000080ae530e]
[c=19076000000 pc=00000000802aff32]
[c=19077000000 pc=0000000080261e7c]
[c=19078000000 pc=0000000080261eac]
[c=19079000000 pc=00000000802afaca]
[c=19080000000 pc=0000000080ae5314]
[c=19081000000 pc=00000000802aff34]
[c=19082000000 pc=0000000080261e7e]
[c=19083000000 pc=0000000080261eb0]
[c=19084000000 pc=00000000802afacc]
[c=19085000000 pc=0000000080ae5318]
[c=19086000000 pc=00000000802aff38]
[c=19087000000 pc=0000000080261e80]
[c=19088000000 pc=0000000080261eb4]
[c=19089000000 pc=00000000802afad0]
[c=19090000000 pc=0000000080ae531a]
[c=19091000000 pc=00000000802aff3c]
[c=19092000000 pc=0000000080261ddc]
[c=19093000000 pc=0000000080860130]
[c=19094000000 pc=00000000802afad8]
[c=19095000000 pc=0000000080ae5320]
[c=19096000000 pc=00000000802aff3c]
[c=19097000000 pc=0000000080261de0]
[c=19098000000 pc=0000000080860132]
[c=19099000000 pc=00000000802afada]
[c=19100000000 pc=0000000080ae304e]
[c=19101000000 pc=00000000802aff3e]
[c=19102000000 pc=0000000080261de2]
[c=19103000000 pc=0000000080860134]
[c=19104000000 pc=00000000802afade]
[c=19105000000 pc=0000000080ae3050]
[c=19106000000 pc=00000000802aff4c]
[c=19107000000 pc=0000000080261de6]
[c=19108000000 pc=0000000080860136]
[c=19109000000 pc=00000000802afae2]
[c=19110000000 pc=0000000080ae3054]
[c=19111000000 pc=00000000802aff4e]
[c=19112000000 pc=0000000080261dea]
[c=19113000000 pc=0000000080860138]
[c=19114000000 pc=0000000080261fd6]
[c=19115000000 pc=0000000080ae305c]
[c=19116000000 pc=0000000080261e72]
[c=19117000000 pc=0000000080261e88]
[c=19118000000 pc=000000008086013c]
[c=19119000000 pc=00000000802afe60]
[c=19120000000 pc=0000000080ae305e]
[c=19121000000 pc=0000000080261e74]
[c=19122000000 pc=0000000080261e90]
[c=19123000000 pc=000000008086013c]
[c=19124000000 pc=00000000802afe64]
[c=19125000000 pc=0000000080ae3062]
[c=19126000000 pc=0000000080261e74]
[c=19127000000 pc=0000000080261e96]
[c=19128000000 pc=0000000080860142]
[c=19129000000 pc=00000000802afe66]
[c=19130000000 pc=0000000080ae5328]
[c=19131000000 pc=0000000080261dee]
[c=19132000000 pc=0000000080261e9a]
[c=19133000000 pc=000000008086014a]
[c=19134000000 pc=00000000802afe6a]
[c=19135000000 pc=0000000080ae532c]
[c=19136000000 pc=0000000080261df2]
[c=19137000000 pc=0000000080261ea0]
[c=19138000000 pc=000000008086014c]
[c=19139000000 pc=00000000802afe70]
[c=19140000000 pc=0000000080ae5330]
[c=19141000000 pc=0000000080261df2]
[c=19142000000 pc=0000000080860402]
[c=19143000000 pc=0000000080860150]
[c=19144000000 pc=00000000802afe74]
[c=19145000000 pc=0000000080ae5332]
[c=19146000000 pc=0000000080261df4]
[c=19147000000 pc=0000000080860404]
[c=19148000000 pc=0000000080860154]
[c=19149000000 pc=00000000802afe76]
[c=19150000000 pc=0000000080261fc4]
[c=19151000000 pc=0000000080261df6]
[c=19152000000 pc=0000000080860408]
[c=19153000000 pc=0000000080860156]
[c=19154000000 pc=0000000080261fdc]
[c=19155000000 pc=0000000080261f18]
[c=19156000000 pc=0000000080261df8]
[c=19157000000 pc=0000000080860414]
[c=19158000000 pc=0000000080261eb8]
[c=19159000000 pc=0000000080261fbc]
[c=19160000000 pc=0000000080261e6e]
[c=19161000000 pc=0000000080261dfa]
[c=19162000000 pc=0000000080860416]
[c=19163000000 pc=0000000080261fb2]
[c=19164000000 pc=0000000080261fc0]
[c=19165000000 pc=00000000802aff2c]
[c=19166000000 pc=0000000080261e78]
[c=19167000000 pc=0000000080261ea4]
[c=19168000000 pc=0000000080261fb6]
[c=19169000000 pc=0000000080ae530c]
[c=19170000000 pc=00000000802aff30]
[c=19171000000 pc=0000000080261e78]
[c=19172000000 pc=0000000080261eaa]
[c=19173000000 pc=0000000080261fd2]
[c=19174000000 pc=0000000080ae530e]
[c=19175000000 pc=00000000802aff32]
[c=19176000000 pc=0000000080261e7c]
[c=19177000000 pc=0000000080261eac]
[c=19178000000 pc=00000000802afaca]
[c=19179000000 pc=0000000080ae5314]
[c=19180000000 pc=00000000802aff34]
[c=19181000000 pc=0000000080261e7e]
[c=19182000000 pc=0000000080261eb0]
[c=19183000000 pc=00000000802afacc]
[c=19184000000 pc=0000000080ae5318]
[c=19185000000 pc=00000000802aff38]
[c=19186000000 pc=0000000080261e80]
[c=19187000000 pc=0000000080261eb4]
[c=19188000000 pc=00000000802afad0]
[c=19189000000 pc=0000000080ae531a]
[c=19190000000 pc=00000000802aff3c]
[c=19191000000 pc=0000000080261ddc]
[c=19192000000 pc=0000000080860130]
[c=19193000000 pc=00000000802afad8]
[c=19194000000 pc=0000000080ae5320]
[c=19195000000 pc=00000000802aff3c]
[c=19196000000 pc=0000000080261de0]
[c=19197000000 pc=0000000080860132]
[c=19198000000 pc=00000000802afada]
[c=19199000000 pc=0000000080ae304e]
[c=19200000000 pc=00000000802aff3e]
[c=19201000000 pc=0000000080261de2]
[c=19202000000 pc=0000000080860134]
[c=19203000000 pc=00000000802afade]
[c=19204000000 pc=0000000080ae3050]
[c=19205000000 pc=00000000802aff4c]
[c=19206000000 pc=0000000080261de6]
[c=19207000000 pc=0000000080860136]
[c=19208000000 pc=00000000802afae2]
[c=19209000000 pc=0000000080ae3054]
[c=19210000000 pc=00000000802aff4e]
[c=19211000000 pc=0000000080261dea]
[c=19212000000 pc=0000000080860138]
[c=19213000000 pc=0000000080261fd6]
[c=19214000000 pc=0000000080ae305c]
[c=19215000000 pc=0000000080261e72]
[c=19216000000 pc=0000000080261e88]
[c=19217000000 pc=000000008086013c]
[c=19218000000 pc=00000000802afe60]
[c=19219000000 pc=0000000080ae305e]
[c=19220000000 pc=0000000080261e74]
[c=19221000000 pc=0000000080261e90]
[c=19222000000 pc=000000008086013c]
[c=19223000000 pc=00000000802afe64]
[c=19224000000 pc=0000000080ae3062]
[c=19225000000 pc=0000000080261e74]
[c=19226000000 pc=0000000080261e96]
[c=19227000000 pc=0000000080860142]
[c=19228000000 pc=00000000802afe66]
[c=19229000000 pc=0000000080ae5328]
[c=19230000000 pc=0000000080261dee]
[c=19231000000 pc=0000000080261e9a]
[c=19232000000 pc=000000008086014a]
[c=19233000000 pc=00000000802afe6a]
[c=19234000000 pc=0000000080ae532c]
[c=19235000000 pc=0000000080261df2]
[c=19236000000 pc=0000000080261ea0]
[c=19237000000 pc=000000008086014c]
[c=19238000000 pc=00000000802afe70]
[c=19239000000 pc=0000000080ae5330]
[c=19240000000 pc=0000000080261df2]
[c=19241000000 pc=0000000080860402]
[c=19242000000 pc=0000000080860150]
[c=19243000000 pc=00000000802afe74]
[c=19244000000 pc=0000000080ae5332]
[c=19245000000 pc=0000000080261df4]
[c=19246000000 pc=0000000080860404]
[c=19247000000 pc=0000000080860154]
[c=19248000000 pc=00000000802afe76]
[c=19249000000 pc=0000000080261fc4]
[c=19250000000 pc=0000000080261df6]
[c=19251000000 pc=0000000080860408]
[c=19252000000 pc=0000000080860156]
[c=19253000000 pc=0000000080261fdc]
[c=19254000000 pc=0000000080261f18]
[c=19255000000 pc=0000000080261df8]
[c=19256000000 pc=0000000080860414]
[c=19257000000 pc=0000000080261eb8]
[c=19258000000 pc=0000000080261fbc]
[c=19259000000 pc=0000000080261e6e]
[c=19260000000 pc=0000000080261dfa]
[c=19261000000 pc=0000000080860416]
[c=19262000000 pc=0000000080261fb2]
[c=19263000000 pc=0000000080261fc0]
[c=19264000000 pc=00000000802aff2c]
[c=19265000000 pc=0000000080261e78]
[c=19266000000 pc=0000000080261ea4]
[c=19267000000 pc=0000000080261fb6]
[c=19268000000 pc=0000000080ae530c]
[c=19269000000 pc=00000000802aff30]
[c=19270000000 pc=0000000080261e78]
[c=19271000000 pc=0000000080261eaa]
[c=19272000000 pc=0000000080261fd2]
[c=19273000000 pc=0000000080ae530e]
[c=19274000000 pc=00000000802aff32]
[c=19275000000 pc=0000000080261e7c]
[c=19276000000 pc=0000000080261eac]
[c=19277000000 pc=00000000802afaca]
[c=19278000000 pc=0000000080ae5314]
[c=19279000000 pc=00000000802aff34]
[c=19280000000 pc=0000000080261e7e]
[c=19281000000 pc=0000000080261eb0]
[c=19282000000 pc=00000000802afacc]
[c=19283000000 pc=0000000080ae5318]
[c=19284000000 pc=00000000802aff38]
[c=19285000000 pc=0000000080261e80]
[c=19286000000 pc=0000000080261eb4]
[c=19287000000 pc=00000000802afad0]
[c=19288000000 pc=0000000080ae531a]
[c=19289000000 pc=00000000802aff3c]
[c=19290000000 pc=0000000080261ddc]
[c=19291000000 pc=0000000080860130]
[c=19292000000 pc=00000000802afad8]
[c=19293000000 pc=0000000080ae5320]
[c=19294000000 pc=00000000802aff3c]
[c=19295000000 pc=0000000080261de0]
[c=19296000000 pc=0000000080860132]
[c=19297000000 pc=00000000802afada]
[c=19298000000 pc=0000000080ae304e]
[c=19299000000 pc=00000000802aff3e]
[c=19300000000 pc=0000000080261de2]
[c=19301000000 pc=0000000080860134]
[c=19302000000 pc=00000000802afade]
[c=19303000000 pc=0000000080ae3050]
[c=19304000000 pc=00000000802aff4c]
[c=19305000000 pc=0000000080261de6]
[c=19306000000 pc=0000000080860136]
[c=19307000000 pc=00000000802afae2]
[c=19308000000 pc=0000000080ae3054]
[c=19309000000 pc=00000000802aff4e]
[c=19310000000 pc=0000000080261dea]
[c=19311000000 pc=0000000080860138]
[c=19312000000 pc=0000000080261fd6]
[c=19313000000 pc=0000000080ae305c]
[c=19314000000 pc=0000000080261e72]
[c=19315000000 pc=0000000080261e88]
[c=19316000000 pc=000000008086013c]
[c=19317000000 pc=00000000802afe60]
[c=19318000000 pc=0000000080ae305e]
[c=19319000000 pc=0000000080261e74]
[c=19320000000 pc=0000000080261e90]
[c=19321000000 pc=000000008086013c]
[c=19322000000 pc=00000000802afe64]
[c=19323000000 pc=0000000080ae3062]
[c=19324000000 pc=0000000080261e74]
[c=19325000000 pc=0000000080261e96]
[c=19326000000 pc=0000000080860142]
[c=19327000000 pc=00000000802afe66]
[c=19328000000 pc=0000000080ae5328]
[c=19329000000 pc=0000000080261dee]
[c=19330000000 pc=0000000080261e9a]
[c=19331000000 pc=000000008086014a]
[c=19332000000 pc=00000000802afe6a]
[c=19333000000 pc=0000000080ae532c]
[c=19334000000 pc=0000000080261df2]
[c=19335000000 pc=0000000080261ea0]
[c=19336000000 pc=000000008086014c]
[c=19337000000 pc=00000000802afe70]
[c=19338000000 pc=0000000080ae5330]
[c=19339000000 pc=0000000080261df2]
[c=19340000000 pc=0000000080860402]
[c=19341000000 pc=0000000080860150]
[c=19342000000 pc=00000000802afe74]
[c=19343000000 pc=0000000080ae5332]
[c=19344000000 pc=0000000080261df4]
[c=19345000000 pc=0000000080860404]
[c=19346000000 pc=0000000080860154]
[c=19347000000 pc=00000000802afe76]
[c=19348000000 pc=0000000080261fc4]
[c=19349000000 pc=0000000080261df6]
[c=19350000000 pc=0000000080860408]
[c=19351000000 pc=0000000080860156]
[c=19352000000 pc=0000000080261fdc]
[c=19353000000 pc=0000000080261f18]
[c=19354000000 pc=0000000080261df8]
[c=19355000000 pc=0000000080860414]
[c=19356000000 pc=0000000080261eb8]
[c=19357000000 pc=0000000080261fbc]
[c=19358000000 pc=0000000080261e6e]
[c=19359000000 pc=0000000080261dfa]
[c=19360000000 pc=0000000080860416]
[c=19361000000 pc=0000000080261fb2]
[c=19362000000 pc=0000000080261fc0]
[c=19363000000 pc=00000000802aff2c]
[c=19364000000 pc=0000000080261e78]
[c=19365000000 pc=0000000080261ea4]
[c=19366000000 pc=0000000080261fb6]
[c=19367000000 pc=0000000080ae530c]
[c=19368000000 pc=00000000802aff30]
[c=19369000000 pc=0000000080261e78]
[c=19370000000 pc=0000000080261eaa]
[c=19371000000 pc=0000000080261fd2]
[c=19372000000 pc=0000000080ae530e]
[c=19373000000 pc=00000000802aff32]
[c=19374000000 pc=0000000080261e7c]
[c=19375000000 pc=0000000080261eac]
[c=19376000000 pc=00000000802afaca]
[c=19377000000 pc=0000000080ae5314]
[c=19378000000 pc=00000000802aff34]
[c=19379000000 pc=0000000080261e7e]
[c=19380000000 pc=0000000080261eb0]
[c=19381000000 pc=00000000802afacc]
[c=19382000000 pc=0000000080ae5318]
[c=19383000000 pc=00000000802aff38]
[c=19384000000 pc=0000000080261e80]
[c=19385000000 pc=0000000080261eb4]
[c=19386000000 pc=00000000802afad0]
[c=19387000000 pc=0000000080ae531a]
[c=19388000000 pc=00000000802aff3c]
[c=19389000000 pc=0000000080261ddc]
[c=19390000000 pc=0000000080860130]
[c=19391000000 pc=00000000802afad8]
[c=19392000000 pc=0000000080ae5320]
[c=19393000000 pc=00000000802aff3c]
[c=19394000000 pc=0000000080261de0]
[c=19395000000 pc=0000000080860132]
[c=19396000000 pc=00000000802afada]
[c=19397000000 pc=0000000080ae304e]
[c=19398000000 pc=00000000802aff3e]
[c=19399000000 pc=0000000080261de2]
[c=19400000000 pc=0000000080860134]
[c=19401000000 pc=00000000802afade]
[c=19402000000 pc=0000000080ae3050]
[c=19403000000 pc=00000000802aff4c]
[c=19404000000 pc=0000000080261de6]
[c=19405000000 pc=0000000080860136]
[c=19406000000 pc=00000000802afae2]
[c=19407000000 pc=0000000080ae3054]
[c=19408000000 pc=00000000802aff4e]
[c=19409000000 pc=0000000080261dea]
[c=19410000000 pc=0000000080860138]
[c=19411000000 pc=0000000080261fd6]
[c=19412000000 pc=0000000080ae305c]
[c=19413000000 pc=0000000080261e72]
[c=19414000000 pc=0000000080261e88]
[c=19415000000 pc=000000008086013c]
[c=19416000000 pc=00000000802afe60]
[c=19417000000 pc=0000000080ae305e]
[c=19418000000 pc=0000000080261e74]
[c=19419000000 pc=0000000080261e90]
[c=19420000000 pc=000000008086013c]
[c=19421000000 pc=00000000802afe64]
[c=19422000000 pc=0000000080ae3062]
[c=19423000000 pc=0000000080261e74]
[c=19424000000 pc=0000000080261e96]
[c=19425000000 pc=0000000080860142]
[c=19426000000 pc=00000000802afe66]
[c=19427000000 pc=0000000080ae5328]
[c=19428000000 pc=0000000080261dee]
[c=19429000000 pc=0000000080261e9a]
[c=19430000000 pc=000000008086014a]
[c=19431000000 pc=00000000802afe6a]
[c=19432000000 pc=0000000080ae532c]
[c=19433000000 pc=0000000080261df2]
[c=19434000000 pc=0000000080261ea0]
[c=19435000000 pc=000000008086014c]
[c=19436000000 pc=00000000802afe70]
[c=19437000000 pc=0000000080ae5330]
[c=19438000000 pc=0000000080261df2]
[c=19439000000 pc=0000000080860402]
[c=19440000000 pc=0000000080860150]
[c=19441000000 pc=00000000802afe74]
[c=19442000000 pc=0000000080ae5332]
[c=19443000000 pc=0000000080261df4]
[c=19444000000 pc=0000000080860404]
[c=19445000000 pc=0000000080860154]
[c=19446000000 pc=00000000802afe76]
[c=19447000000 pc=0000000080261fc4]
[c=19448000000 pc=0000000080261df6]
[c=19449000000 pc=0000000080860408]
[c=19450000000 pc=0000000080860156]
[c=19451000000 pc=0000000080261fdc]
[c=19452000000 pc=0000000080261f18]
[c=19453000000 pc=0000000080261df8]
[c=19454000000 pc=0000000080860414]
[c=19455000000 pc=0000000080261eb8]
[c=19456000000 pc=0000000080261fbc]
[c=19457000000 pc=0000000080261e6e]
[c=19458000000 pc=0000000080261dfa]
[c=19459000000 pc=0000000080860416]
[c=19460000000 pc=0000000080261fb2]
[c=19461000000 pc=0000000080261fc0]
[c=19462000000 pc=00000000802aff2c]
[c=19463000000 pc=0000000080261e78]
[c=19464000000 pc=0000000080261ea4]
[c=19465000000 pc=0000000080261fb6]
[c=19466000000 pc=0000000080ae530c]
[c=19467000000 pc=00000000802aff30]
[c=19468000000 pc=0000000080261e78]
[c=19469000000 pc=0000000080261eaa]
[c=19470000000 pc=0000000080261fd2]
[c=19471000000 pc=0000000080ae530e]
[c=19472000000 pc=00000000802aff32]
[c=19473000000 pc=0000000080261e7c]
[c=19474000000 pc=0000000080261eac]
[c=19475000000 pc=00000000802afaca]
[c=19476000000 pc=0000000080ae5314]
[c=19477000000 pc=00000000802aff34]
[c=19478000000 pc=0000000080261e7e]
[c=19479000000 pc=0000000080261eb0]
[c=19480000000 pc=00000000802afacc]
[c=19481000000 pc=0000000080ae5318]
[c=19482000000 pc=00000000802aff38]
[c=19483000000 pc=0000000080261e80]
[c=19484000000 pc=0000000080261eb4]
[c=19485000000 pc=00000000802afad0]
[c=19486000000 pc=0000000080ae531a]
[c=19487000000 pc=00000000802aff3c]
[c=19488000000 pc=0000000080261ddc]
[c=19489000000 pc=0000000080860130]
[c=19490000000 pc=00000000802afad8]
[c=19491000000 pc=0000000080ae5320]
[c=19492000000 pc=00000000802aff3c]
[c=19493000000 pc=0000000080261de0]
[c=19494000000 pc=0000000080860132]
[c=19495000000 pc=00000000802afada]
[c=19496000000 pc=0000000080ae304e]
[c=19497000000 pc=00000000802aff3e]
[c=19498000000 pc=0000000080261de2]
[c=19499000000 pc=0000000080860134]
[c=19500000000 pc=00000000802afade]
[c=19501000000 pc=0000000080ae3050]
[c=19502000000 pc=00000000802aff4c]
[c=19503000000 pc=0000000080261de6]
[c=19504000000 pc=0000000080860136]
[c=19505000000 pc=00000000802afae2]
[c=19506000000 pc=0000000080ae3054]
[c=19507000000 pc=00000000802aff4e]
[c=19508000000 pc=0000000080261dea]
[c=19509000000 pc=0000000080860138]
[c=19510000000 pc=0000000080261fd6]
[c=19511000000 pc=0000000080ae305c]
[c=19512000000 pc=0000000080261e72]
[c=19513000000 pc=0000000080261e88]
[c=19514000000 pc=000000008086013c]
[c=19515000000 pc=00000000802afe60]
[c=19516000000 pc=0000000080ae305e]
[c=19517000000 pc=0000000080261e74]
[c=19518000000 pc=0000000080261e90]
[c=19519000000 pc=000000008086013c]
[c=19520000000 pc=00000000802afe64]
[c=19521000000 pc=0000000080ae3062]
[c=19522000000 pc=0000000080261e74]
[c=19523000000 pc=0000000080261e96]
[c=19524000000 pc=0000000080860142]
[c=19525000000 pc=00000000802afe66]
[c=19526000000 pc=0000000080ae5328]
[c=19527000000 pc=0000000080261dee]
[c=19528000000 pc=0000000080261e9a]
[c=19529000000 pc=000000008086014a]
[c=19530000000 pc=00000000802afe6a]
[c=19531000000 pc=0000000080ae532c]
[c=19532000000 pc=0000000080261df2]
[c=19533000000 pc=0000000080261ea0]
[c=19534000000 pc=000000008086014c]
[c=19535000000 pc=00000000802afe70]
[c=19536000000 pc=0000000080ae5330]
[c=19537000000 pc=0000000080261df2]
[c=19538000000 pc=0000000080860402]
[c=19539000000 pc=0000000080860150]
[c=19540000000 pc=00000000802afe74]
[c=19541000000 pc=0000000080ae5332]
[c=19542000000 pc=0000000080261df4]
[c=19543000000 pc=0000000080860404]
[c=19544000000 pc=0000000080860154]
[c=19545000000 pc=00000000802afe76]
[c=19546000000 pc=0000000080261fc4]
[c=19547000000 pc=0000000080261df6]
[c=19548000000 pc=0000000080860408]
[c=19549000000 pc=0000000080860156]
[c=19550000000 pc=0000000080261fdc]
[c=19551000000 pc=0000000080261f18]
[c=19552000000 pc=0000000080261df8]
[c=19553000000 pc=0000000080860414]
[c=19554000000 pc=0000000080261eb8]
[c=19555000000 pc=0000000080261fbc]
[c=19556000000 pc=0000000080261e6e]
[c=19557000000 pc=0000000080261dfa]
[c=19558000000 pc=0000000080860416]
[c=19559000000 pc=0000000080261fb2]
[c=19560000000 pc=0000000080261fc0]
[c=19561000000 pc=00000000802aff2c]
[c=19562000000 pc=0000000080261e78]
[c=19563000000 pc=0000000080261ea4]
[c=19564000000 pc=0000000080261fb6]
[c=19565000000 pc=0000000080ae530c]
[c=19566000000 pc=00000000802aff30]
[c=19567000000 pc=0000000080261e78]
[c=19568000000 pc=0000000080261eaa]
[c=19569000000 pc=0000000080261fd2]
[c=19570000000 pc=0000000080ae530e]
[c=19571000000 pc=00000000802aff32]
[c=19572000000 pc=0000000080261e7c]
[c=19573000000 pc=0000000080261eac]
[c=19574000000 pc=00000000802afaca]
[c=19575000000 pc=0000000080ae5314]
[c=19576000000 pc=00000000802aff34]
[c=19577000000 pc=0000000080261e7e]
[c=19578000000 pc=0000000080261eb0]
[c=19579000000 pc=00000000802afacc]
[c=19580000000 pc=0000000080ae5318]
[c=19581000000 pc=00000000802aff38]
[c=19582000000 pc=0000000080261e80]
[c=19583000000 pc=0000000080261eb4]
[c=19584000000 pc=00000000802afad0]
[c=19585000000 pc=0000000080ae531a]
[c=19586000000 pc=00000000802aff3c]
[c=19587000000 pc=0000000080261ddc]
[c=19588000000 pc=0000000080860130]
[c=19589000000 pc=00000000802afad8]
[c=19590000000 pc=0000000080ae5320]
[c=19591000000 pc=00000000802aff3c]
[c=19592000000 pc=0000000080261de0]
[c=19593000000 pc=0000000080860132]
[c=19594000000 pc=00000000802afada]
[c=19595000000 pc=0000000080ae304e]
[c=19596000000 pc=00000000802aff3e]
[c=19597000000 pc=0000000080261de2]
[c=19598000000 pc=0000000080860134]
[c=19599000000 pc=00000000802afade]
[c=19600000000 pc=0000000080ae3050]
[c=19601000000 pc=00000000802aff4c]
[c=19602000000 pc=0000000080261de6]
[c=19603000000 pc=0000000080860136]
[c=19604000000 pc=00000000802afae2]
[c=19605000000 pc=0000000080ae3054]
[c=19606000000 pc=00000000802aff4e]
[c=19607000000 pc=0000000080261dea]
[c=19608000000 pc=0000000080860138]
[c=19609000000 pc=0000000080261fd6]
[c=19610000000 pc=0000000080ae305c]
[c=19611000000 pc=0000000080261e72]
[c=19612000000 pc=0000000080261e88]
[c=19613000000 pc=000000008086013c]
[c=19614000000 pc=00000000802afe60]
[c=19615000000 pc=0000000080ae305e]
[c=19616000000 pc=0000000080261e74]
[c=19617000000 pc=0000000080261e90]
[c=19618000000 pc=000000008086013c]
[c=19619000000 pc=00000000802afe64]
[c=19620000000 pc=0000000080ae3062]
[c=19621000000 pc=0000000080261e74]
[c=19622000000 pc=0000000080261e96]
[c=19623000000 pc=0000000080860142]
[c=19624000000 pc=00000000802afe66]
[c=19625000000 pc=0000000080ae5328]
[c=19626000000 pc=0000000080261dee]
[c=19627000000 pc=0000000080261e9a]
[c=19628000000 pc=000000008086014a]
[c=19629000000 pc=00000000802afe6a]
[c=19630000000 pc=0000000080ae532c]
[c=19631000000 pc=0000000080261df2]
[c=19632000000 pc=0000000080261ea0]
[c=19633000000 pc=000000008086014c]
[c=19634000000 pc=00000000802afe70]
[c=19635000000 pc=0000000080ae5330]
[c=19636000000 pc=0000000080261df2]
[c=19637000000 pc=0000000080860402]
[c=19638000000 pc=0000000080860150]
[c=19639000000 pc=00000000802afe74]
[c=19640000000 pc=0000000080ae5332]
[c=19641000000 pc=0000000080261df4]
[c=19642000000 pc=0000000080860404]
[c=19643000000 pc=0000000080860154]
[c=19644000000 pc=00000000802afe76]
[c=19645000000 pc=0000000080261fc4]
[c=19646000000 pc=0000000080261df6]
[c=19647000000 pc=0000000080860408]
[c=19648000000 pc=0000000080860156]
[c=19649000000 pc=0000000080261fdc]
[c=19650000000 pc=0000000080261f18]
[c=19651000000 pc=0000000080261df8]
[c=19652000000 pc=0000000080860414]
[c=19653000000 pc=0000000080261eb8]
[c=19654000000 pc=0000000080261fbc]
[c=19655000000 pc=0000000080261e6e]
[c=19656000000 pc=0000000080261dfa]
[c=19657000000 pc=0000000080860416]
[c=19658000000 pc=0000000080261fb2]
[c=19659000000 pc=0000000080261fc0]
[c=19660000000 pc=00000000802aff2c]
[c=19661000000 pc=0000000080261e78]
[c=19662000000 pc=0000000080261ea4]
[c=19663000000 pc=0000000080261fb6]
[c=19664000000 pc=0000000080ae530c]
[c=19665000000 pc=00000000802aff30]
[c=19666000000 pc=0000000080261e78]
[c=19667000000 pc=0000000080261eaa]
[c=19668000000 pc=0000000080261fd2]
[c=19669000000 pc=0000000080ae530e]
[c=19670000000 pc=00000000802aff32]
[c=19671000000 pc=0000000080261e7c]
[c=19672000000 pc=0000000080261eac]
[c=19673000000 pc=00000000802afaca]
[c=19674000000 pc=0000000080ae5314]
[c=19675000000 pc=00000000802aff34]
[c=19676000000 pc=0000000080261e7e]
[c=19677000000 pc=0000000080261eb0]
[c=19678000000 pc=00000000802afacc]
[c=19679000000 pc=0000000080ae5318]
[c=19680000000 pc=00000000802aff38]
[c=19681000000 pc=0000000080261e80]
[c=19682000000 pc=0000000080261eb4]
[c=19683000000 pc=00000000802afad0]
[c=19684000000 pc=0000000080ae531a]
[c=19685000000 pc=00000000802aff3c]
[c=19686000000 pc=0000000080261ddc]
[c=19687000000 pc=0000000080860130]
[c=19688000000 pc=00000000802afad8]
[c=19689000000 pc=0000000080ae5320]
[c=19690000000 pc=00000000802aff3c]
[c=19691000000 pc=0000000080261de0]
[c=19692000000 pc=0000000080860132]
[c=19693000000 pc=00000000802afada]
[c=19694000000 pc=0000000080ae304e]
[c=19695000000 pc=00000000802aff3e]
[c=19696000000 pc=0000000080261de2]
[c=19697000000 pc=0000000080860134]
[c=19698000000 pc=00000000802afade]
[c=19699000000 pc=0000000080ae3050]
[c=19700000000 pc=00000000802aff4c]
[c=19701000000 pc=0000000080261de6]
[c=19702000000 pc=0000000080860136]
[c=19703000000 pc=00000000802afae2]
[c=19704000000 pc=0000000080ae3054]
[c=19705000000 pc=00000000802aff4e]
[c=19706000000 pc=0000000080261dea]
[c=19707000000 pc=0000000080860138]
[c=19708000000 pc=0000000080261fd6]
[c=19709000000 pc=0000000080ae305c]
[c=19710000000 pc=0000000080261e72]
[c=19711000000 pc=0000000080261e88]
[c=19712000000 pc=000000008086013c]
[c=19713000000 pc=00000000802afe60]
[c=19714000000 pc=0000000080ae305e]
[c=19715000000 pc=0000000080261e74]
[c=19716000000 pc=0000000080261e90]
[c=19717000000 pc=000000008086013c]
[c=19718000000 pc=00000000802afe64]
[c=19719000000 pc=0000000080ae3062]
[c=19720000000 pc=0000000080261e74]
[c=19721000000 pc=0000000080261e96]
[c=19722000000 pc=0000000080860142]
[c=19723000000 pc=00000000802afe66]
[c=19724000000 pc=0000000080ae5328]
[c=19725000000 pc=0000000080261dee]
[c=19726000000 pc=0000000080261e9a]
[c=19727000000 pc=000000008086014a]
[c=19728000000 pc=00000000802afe6a]
[c=19729000000 pc=0000000080ae532c]
[c=19730000000 pc=0000000080261df2]
[c=19731000000 pc=0000000080261ea0]
[c=19732000000 pc=000000008086014c]
[c=19733000000 pc=00000000802afe70]
[c=19734000000 pc=0000000080ae5330]
[c=19735000000 pc=0000000080261df2]
[c=19736000000 pc=0000000080860402]
[c=19737000000 pc=0000000080860150]
[c=19738000000 pc=00000000802afe74]
[c=19739000000 pc=0000000080ae5332]
[c=19740000000 pc=0000000080261df4]
[c=19741000000 pc=0000000080860404]
[c=19742000000 pc=0000000080860154]
[c=19743000000 pc=00000000802afe76]
[c=19744000000 pc=0000000080261fc4]
[c=19745000000 pc=0000000080261df6]
[c=19746000000 pc=0000000080860408]
[c=19747000000 pc=0000000080860156]
[c=19748000000 pc=0000000080261fdc]
[c=19749000000 pc=0000000080261f18]
[c=19750000000 pc=0000000080261df8]
[c=19751000000 pc=0000000080860414]
[c=19752000000 pc=0000000080261eb8]
[c=19753000000 pc=0000000080261fbc]
[c=19754000000 pc=0000000080261e6e]
[c=19755000000 pc=0000000080261dfa]
[c=19756000000 pc=0000000080860416]
[c=19757000000 pc=0000000080261fb2]
[c=19758000000 pc=0000000080261fc0]
[c=19759000000 pc=00000000802aff2c]
[c=19760000000 pc=0000000080261e78]
[c=19761000000 pc=0000000080261ea4]
[c=19762000000 pc=0000000080261fb6]
[c=19763000000 pc=0000000080ae530c]
[c=19764000000 pc=00000000802aff30]
[c=19765000000 pc=0000000080261e78]
[c=19766000000 pc=0000000080261eaa]
[c=19767000000 pc=0000000080261fd2]
[c=19768000000 pc=0000000080ae530e]
[c=19769000000 pc=00000000802aff32]
[c=19770000000 pc=0000000080261e7c]
[c=19771000000 pc=0000000080261eac]
[c=19772000000 pc=00000000802afaca]
[c=19773000000 pc=0000000080ae5314]
[c=19774000000 pc=00000000802aff34]
[c=19775000000 pc=0000000080261e7e]
[c=19776000000 pc=0000000080261eb0]
[c=19777000000 pc=00000000802afacc]
[c=19778000000 pc=0000000080ae5318]
[c=19779000000 pc=00000000802aff38]
[c=19780000000 pc=0000000080261e80]
[c=19781000000 pc=0000000080261eb4]
[c=19782000000 pc=00000000802afad0]
[c=19783000000 pc=0000000080ae531a]
[c=19784000000 pc=00000000802aff3c]
[c=19785000000 pc=0000000080261ddc]
[c=19786000000 pc=0000000080860130]
[c=19787000000 pc=00000000802afad8]
[c=19788000000 pc=0000000080ae5320]
[c=19789000000 pc=00000000802aff3c]
[c=19790000000 pc=0000000080261de0]
[c=19791000000 pc=0000000080860132]
[c=19792000000 pc=00000000802afada]
[c=19793000000 pc=0000000080ae304e]
[c=19794000000 pc=00000000802aff3e]
[c=19795000000 pc=0000000080261de2]
[c=19796000000 pc=0000000080860134]
[c=19797000000 pc=00000000802afade]
[c=19798000000 pc=0000000080ae3050]
[c=19799000000 pc=00000000802aff4c]
[c=19800000000 pc=0000000080261de6]
[c=19801000000 pc=0000000080860136]
[c=19802000000 pc=00000000802afae2]
[c=19803000000 pc=0000000080ae3054]
[c=19804000000 pc=00000000802aff4e]
[c=19805000000 pc=0000000080261dea]
[c=19806000000 pc=0000000080860138]
[c=19807000000 pc=0000000080261fd6]
[c=19808000000 pc=0000000080ae305c]
[c=19809000000 pc=0000000080261e72]
[c=19810000000 pc=0000000080261e88]
[c=19811000000 pc=000000008086013c]
[c=19812000000 pc=00000000802afe60]
[c=19813000000 pc=0000000080ae305e]
[c=19814000000 pc=0000000080261e74]
[c=19815000000 pc=0000000080261e90]
[c=19816000000 pc=000000008086013c]
[c=19817000000 pc=00000000802afe64]
[c=19818000000 pc=0000000080ae3062]
[c=19819000000 pc=0000000080261e74]
[c=19820000000 pc=0000000080261e96]
[c=19821000000 pc=0000000080860142]
[c=19822000000 pc=00000000802afe66]
[c=19823000000 pc=0000000080ae5328]
[c=19824000000 pc=0000000080261dee]
[c=19825000000 pc=0000000080261e9a]
[c=19826000000 pc=000000008086014a]
[c=19827000000 pc=00000000802afe6a]
[c=19828000000 pc=0000000080ae532c]
[c=19829000000 pc=0000000080261df2]
[c=19830000000 pc=0000000080261ea0]
[c=19831000000 pc=000000008086014c]
[c=19832000000 pc=00000000802afe70]
[c=19833000000 pc=0000000080ae5330]
[c=19834000000 pc=0000000080261df2]
[c=19835000000 pc=0000000080860402]
[c=19836000000 pc=0000000080860150]
[c=19837000000 pc=00000000802afe74]
[c=19838000000 pc=0000000080ae5332]
[c=19839000000 pc=0000000080261df4]
[c=19840000000 pc=0000000080860404]
[c=19841000000 pc=0000000080860154]
[c=19842000000 pc=00000000802afe76]
[c=19843000000 pc=0000000080261fc4]
[c=19844000000 pc=0000000080261df6]
[c=19845000000 pc=0000000080860408]
[c=19846000000 pc=0000000080860156]
[c=19847000000 pc=0000000080261fdc]
[c=19848000000 pc=0000000080261f18]
[c=19849000000 pc=0000000080261df8]
[c=19850000000 pc=0000000080860414]
[c=19851000000 pc=0000000080261eb8]
[c=19852000000 pc=0000000080261fbc]
[c=19853000000 pc=0000000080261e6e]
[c=19854000000 pc=0000000080261dfa]
[c=19855000000 pc=0000000080860416]
[c=19856000000 pc=0000000080261fb2]
[c=19857000000 pc=0000000080261fc0]
[c=19858000000 pc=00000000802aff2c]
[c=19859000000 pc=0000000080261e78]
[c=19860000000 pc=0000000080261ea4]
[c=19861000000 pc=0000000080261fb6]
[c=19862000000 pc=0000000080ae530c]
[c=19863000000 pc=00000000802aff30]
[c=19864000000 pc=0000000080261e78]
[c=19865000000 pc=0000000080261eaa]
[c=19866000000 pc=0000000080261fd2]
[c=19867000000 pc=0000000080ae530e]
[c=19868000000 pc=00000000802aff32]
[c=19869000000 pc=0000000080261e7c]
[c=19870000000 pc=0000000080261eac]
[c=19871000000 pc=00000000802afaca]
[c=19872000000 pc=0000000080ae5314]
[c=19873000000 pc=00000000802aff34]
[c=19874000000 pc=0000000080261e7e]
[c=19875000000 pc=0000000080261eb0]
[c=19876000000 pc=00000000802afacc]
[c=19877000000 pc=0000000080ae5318]
[c=19878000000 pc=00000000802aff38]
[c=19879000000 pc=0000000080261e80]
[c=19880000000 pc=0000000080261eb4]
[c=19881000000 pc=00000000802afad0]
[c=19882000000 pc=0000000080ae531a]
[c=19883000000 pc=00000000802aff3c]
[c=19884000000 pc=0000000080261ddc]
[c=19885000000 pc=0000000080860130]
[c=19886000000 pc=00000000802afad8]
[c=19887000000 pc=0000000080ae5320]
[c=19888000000 pc=00000000802aff3c]
[c=19889000000 pc=0000000080261de0]
[c=19890000000 pc=0000000080860132]
[c=19891000000 pc=00000000802afada]
[c=19892000000 pc=0000000080ae304e]
[c=19893000000 pc=00000000802aff3e]
[c=19894000000 pc=0000000080261de2]
[c=19895000000 pc=0000000080860134]
[c=19896000000 pc=00000000802afade]
[c=19897000000 pc=0000000080ae3050]
[c=19898000000 pc=00000000802aff4c]
[c=19899000000 pc=0000000080261de6]
[c=19900000000 pc=0000000080860136]
[c=19901000000 pc=00000000802afae2]
[c=19902000000 pc=0000000080ae3054]
[c=19903000000 pc=00000000802aff4e]
[c=19904000000 pc=0000000080261dea]
[c=19905000000 pc=0000000080860138]
[c=19906000000 pc=0000000080261fd6]
[c=19907000000 pc=0000000080ae305c]
[c=19908000000 pc=0000000080261e72]
[c=19909000000 pc=0000000080261e88]
[c=19910000000 pc=000000008086013c]
[c=19911000000 pc=00000000802afe60]
[c=19912000000 pc=0000000080ae305e]
[c=19913000000 pc=0000000080261e74]
[c=19914000000 pc=0000000080261e90]
[c=19915000000 pc=000000008086013c]
[c=19916000000 pc=00000000802afe64]
[c=19917000000 pc=0000000080ae3062]
[c=19918000000 pc=0000000080261e74]
[c=19919000000 pc=0000000080261e96]
[c=19920000000 pc=0000000080860142]
[c=19921000000 pc=00000000802afe66]
[c=19922000000 pc=0000000080ae5328]
[c=19923000000 pc=0000000080261dee]
[c=19924000000 pc=0000000080261e9a]
[c=19925000000 pc=000000008086014a]
[c=19926000000 pc=00000000802afe6a]
[c=19927000000 pc=0000000080ae532c]
[c=19928000000 pc=0000000080261df2]
[c=19929000000 pc=0000000080261ea0]
[c=19930000000 pc=000000008086014c]
[c=19931000000 pc=00000000802afe70]
[c=19932000000 pc=0000000080ae5330]
[c=19933000000 pc=0000000080261df2]
[c=19934000000 pc=0000000080860402]
[c=19935000000 pc=0000000080860150]
[c=19936000000 pc=00000000802afe74]
[c=19937000000 pc=0000000080ae5332]
[c=19938000000 pc=0000000080261df4]
[c=19939000000 pc=0000000080860404]
[c=19940000000 pc=0000000080860154]
[c=19941000000 pc=00000000802afe76]
[c=19942000000 pc=0000000080261fc4]
[c=19943000000 pc=0000000080261df6]
[c=19944000000 pc=0000000080860408]
[c=19945000000 pc=0000000080860156]
[c=19946000000 pc=0000000080261fdc]
[c=19947000000 pc=0000000080261f18]
[c=19948000000 pc=0000000080261df8]
[c=19949000000 pc=0000000080860414]
[c=19950000000 pc=0000000080261eb8]
[c=19951000000 pc=0000000080261fbc]
[c=19952000000 pc=0000000080261e6e]
[c=19953000000 pc=0000000080261dfa]
[c=19954000000 pc=0000000080860416]
[c=19955000000 pc=0000000080261fb2]
[c=19956000000 pc=0000000080261fc0]
[c=19957000000 pc=00000000802aff2c]
[c=19958000000 pc=0000000080261e78]
[c=19959000000 pc=0000000080261ea4]
[c=19960000000 pc=0000000080261fb6]
[c=19961000000 pc=0000000080ae530c]
[c=19962000000 pc=00000000802aff30]
[c=19963000000 pc=0000000080261e78]
[c=19964000000 pc=0000000080261eaa]
[c=19965000000 pc=0000000080261fd2]
[c=19966000000 pc=0000000080ae530e]
[c=19967000000 pc=00000000802aff32]
[c=19968000000 pc=0000000080261e7c]
[c=19969000000 pc=0000000080261eac]
[c=19970000000 pc=00000000802afaca]
[c=19971000000 pc=0000000080ae5314]
[c=19972000000 pc=00000000802aff34]
[c=19973000000 pc=0000000080261e7e]
[c=19974000000 pc=0000000080261eb0]
[c=19975000000 pc=00000000802afacc]
[c=19976000000 pc=0000000080ae5318]
[c=19977000000 pc=00000000802aff38]
[c=19978000000 pc=0000000080261e80]
[c=19979000000 pc=0000000080261eb4]
[c=19980000000 pc=00000000802afad0]
[c=19981000000 pc=0000000080ae531a]
[c=19982000000 pc=00000000802aff3c]
[c=19983000000 pc=0000000080261ddc]
[c=19984000000 pc=0000000080860130]
[c=19985000000 pc=00000000802afad8]
[c=19986000000 pc=0000000080ae5320]
[c=19987000000 pc=00000000802aff3c]
[c=19988000000 pc=0000000080261de0]
[c=19989000000 pc=0000000080860132]
[c=19990000000 pc=00000000802afada]
[c=19991000000 pc=0000000080ae304e]
[c=19992000000 pc=00000000802aff3e]
[c=19993000000 pc=0000000080261de2]
[c=19994000000 pc=0000000080860134]
[c=19995000000 pc=00000000802afade]
[c=19996000000 pc=0000000080ae3050]
[c=19997000000 pc=00000000802aff4c]
[c=19998000000 pc=0000000080261de6]
[c=19999000000 pc=0000000080860136]
[c=20000000000 pc=00000000802afae2]
[c=20001000000 pc=0000000080ae3054]
[c=20002000000 pc=00000000802aff4e]
[c=20003000000 pc=0000000080261dea]
[c=20004000000 pc=0000000080860138]
[c=20005000000 pc=0000000080261fd6]
[c=20006000000 pc=0000000080ae305c]
[c=20007000000 pc=0000000080261e72]
[c=20008000000 pc=0000000080261e88]
[c=20009000000 pc=000000008086013c]
[c=20010000000 pc=00000000802afe60]
[c=20011000000 pc=0000000080ae305e]
[c=20012000000 pc=0000000080261e74]
[c=20013000000 pc=0000000080261e90]
[c=20014000000 pc=000000008086013c]
[c=20015000000 pc=00000000802afe64]
[c=20016000000 pc=0000000080ae3062]
[c=20017000000 pc=0000000080261e74]
[c=20018000000 pc=0000000080261e96]
[c=20019000000 pc=0000000080860142]
[c=20020000000 pc=00000000802afe66]
[c=20021000000 pc=0000000080ae5328]
[c=20022000000 pc=0000000080261dee]
[c=20023000000 pc=0000000080261e9a]
[c=20024000000 pc=000000008086014a]
[c=20025000000 pc=00000000802afe6a]
[c=20026000000 pc=0000000080ae532c]
[c=20027000000 pc=0000000080261df2]
[c=20028000000 pc=0000000080261ea0]
[c=20029000000 pc=000000008086014c]
[c=20030000000 pc=00000000802afe70]
[c=20031000000 pc=0000000080ae5330]
[c=20032000000 pc=0000000080261df2]
[c=20033000000 pc=0000000080860402]
[c=20034000000 pc=0000000080860150]
[c=20035000000 pc=00000000802afe74]
[c=20036000000 pc=0000000080ae5332]
[c=20037000000 pc=0000000080261df4]
[c=20038000000 pc=0000000080860404]
[c=20039000000 pc=0000000080860154]
[c=20040000000 pc=00000000802afe76]
[c=20041000000 pc=0000000080261fc4]
[c=20042000000 pc=0000000080261df6]
[c=20043000000 pc=0000000080860408]
[c=20044000000 pc=0000000080860156]
[c=20045000000 pc=0000000080261fdc]
[c=20046000000 pc=0000000080261f18]
[c=20047000000 pc=0000000080261df8]
[c=20048000000 pc=0000000080860414]
[c=20049000000 pc=0000000080261eb8]
[c=20050000000 pc=0000000080261fbc]
[c=20051000000 pc=0000000080261e6e]
[c=20052000000 pc=0000000080261dfa]
[c=20053000000 pc=0000000080860416]
[c=20054000000 pc=0000000080261fb2]
[c=20055000000 pc=0000000080261fc0]
[c=20056000000 pc=00000000802aff2c]
[c=20057000000 pc=0000000080261e78]
[c=20058000000 pc=0000000080261ea4]
[c=20059000000 pc=0000000080261fb6]
[c=20060000000 pc=0000000080ae530c]
[c=20061000000 pc=00000000802aff30]
[c=20062000000 pc=0000000080261e78]
[c=20063000000 pc=0000000080261eaa]
[c=20064000000 pc=0000000080261fd2]
[c=20065000000 pc=0000000080ae530e]
[c=20066000000 pc=00000000802aff32]
[c=20067000000 pc=0000000080261e7c]
[c=20068000000 pc=0000000080261eac]
[c=20069000000 pc=00000000802afaca]
[c=20070000000 pc=0000000080ae5314]
[c=20071000000 pc=00000000802aff34]
[c=20072000000 pc=0000000080261e7e]
[c=20073000000 pc=0000000080261eb0]
[c=20074000000 pc=00000000802afacc]
[c=20075000000 pc=0000000080ae5318]
[c=20076000000 pc=00000000802aff38]
[c=20077000000 pc=0000000080261e80]
[c=20078000000 pc=0000000080261eb4]
[c=20079000000 pc=00000000802afad0]
[c=20080000000 pc=0000000080ae531a]
[c=20081000000 pc=00000000802aff3c]
[c=20082000000 pc=0000000080261ddc]
[c=20083000000 pc=0000000080860130]
[c=20084000000 pc=00000000802afad8]
[c=20085000000 pc=0000000080ae5320]
[c=20086000000 pc=00000000802aff3c]
[c=20087000000 pc=0000000080261de0]
[c=20088000000 pc=0000000080860132]
[c=20089000000 pc=00000000802afada]
[c=20090000000 pc=0000000080ae304e]
[c=20091000000 pc=00000000802aff3e]
[c=20092000000 pc=0000000080261de2]
[c=20093000000 pc=0000000080860134]
[c=20094000000 pc=00000000802afade]
[c=20095000000 pc=0000000080ae3050]
[c=20096000000 pc=00000000802aff4c]
[c=20097000000 pc=0000000080261de6]
[c=20098000000 pc=0000000080860136]
[c=20099000000 pc=00000000802afae2]
[c=20100000000 pc=0000000080ae3054]
[c=20101000000 pc=00000000802aff4e]
[c=20102000000 pc=0000000080261dea]
[c=20103000000 pc=0000000080860138]
[c=20104000000 pc=0000000080261fd6]
[c=20105000000 pc=0000000080ae305c]
[c=20106000000 pc=0000000080261e72]
[c=20107000000 pc=0000000080261e88]
[c=20108000000 pc=000000008086013c]
[c=20109000000 pc=00000000802afe60]
[c=20110000000 pc=0000000080ae305e]
[c=20111000000 pc=0000000080261e74]
[c=20112000000 pc=0000000080261e90]
[c=20113000000 pc=000000008086013c]
[c=20114000000 pc=00000000802afe64]
[c=20115000000 pc=0000000080ae3062]
[c=20116000000 pc=0000000080261e74]
[c=20117000000 pc=0000000080261e96]
[c=20118000000 pc=0000000080860142]
[c=20119000000 pc=00000000802afe66]
[c=20120000000 pc=0000000080ae5328]
[c=20121000000 pc=0000000080261dee]
[c=20122000000 pc=0000000080261e9a]
[c=20123000000 pc=000000008086014a]
[c=20124000000 pc=00000000802afe6a]
[c=20125000000 pc=0000000080ae532c]
[c=20126000000 pc=0000000080261df2]
[c=20127000000 pc=0000000080261ea0]
[c=20128000000 pc=000000008086014c]
[c=20129000000 pc=00000000802afe70]
[c=20130000000 pc=0000000080ae5330]
[c=20131000000 pc=0000000080261df2]
[c=20132000000 pc=0000000080860402]
[c=20133000000 pc=0000000080860150]
[c=20134000000 pc=00000000802afe74]
[c=20135000000 pc=0000000080ae5332]
[c=20136000000 pc=0000000080261df4]
[c=20137000000 pc=0000000080860404]
[c=20138000000 pc=0000000080860154]
[c=20139000000 pc=00000000802afe76]
[c=20140000000 pc=0000000080261fc4]
[c=20141000000 pc=0000000080261df6]
[c=20142000000 pc=0000000080860408]
[c=20143000000 pc=0000000080860156]
[c=20144000000 pc=0000000080261fdc]
[c=20145000000 pc=0000000080261f18]
[c=20146000000 pc=0000000080261df8]
[c=20147000000 pc=0000000080860414]
[c=20148000000 pc=0000000080261eb8]
[c=20149000000 pc=0000000080261fbc]
[c=20150000000 pc=0000000080261e6e]
[c=20151000000 pc=0000000080261dfa]
[c=20152000000 pc=0000000080860416]
[c=20153000000 pc=0000000080261fb2]
[c=20154000000 pc=0000000080261fc0]
[c=20155000000 pc=00000000802aff2c]
[c=20156000000 pc=0000000080261e78]
[c=20157000000 pc=0000000080261ea4]
[c=20158000000 pc=0000000080261fb6]
[c=20159000000 pc=0000000080ae530c]
[c=20160000000 pc=00000000802aff30]
[c=20161000000 pc=0000000080261e78]
[c=20162000000 pc=0000000080261eaa]
[c=20163000000 pc=0000000080261fd2]
[c=20164000000 pc=0000000080ae530e]
[c=20165000000 pc=00000000802aff32]
[c=20166000000 pc=0000000080261e7c]
[c=20167000000 pc=0000000080261eac]
[c=20168000000 pc=00000000802afaca]
[c=20169000000 pc=0000000080ae5314]
[c=20170000000 pc=00000000802aff34]
[c=20171000000 pc=0000000080261e7e]
[c=20172000000 pc=0000000080261eb0]
[c=20173000000 pc=00000000802afacc]
[c=20174000000 pc=0000000080ae5318]
[c=20175000000 pc=00000000802aff38]
[c=20176000000 pc=0000000080261e80]
[c=20177000000 pc=0000000080261eb4]
[c=20178000000 pc=00000000802afad0]
[c=20179000000 pc=0000000080ae531a]
[c=20180000000 pc=00000000802aff3c]
[c=20181000000 pc=0000000080261ddc]
[c=20182000000 pc=0000000080860130]
[c=20183000000 pc=00000000802afad8]
[c=20184000000 pc=0000000080ae5320]
[c=20185000000 pc=00000000802aff3c]
[c=20186000000 pc=0000000080261de0]
[c=20187000000 pc=0000000080860132]
[c=20188000000 pc=00000000802afada]
[c=20189000000 pc=0000000080ae304e]
[c=20190000000 pc=00000000802aff3e]
[c=20191000000 pc=0000000080261de2]
[c=20192000000 pc=0000000080860134]
[c=20193000000 pc=00000000802afade]
[c=20194000000 pc=0000000080ae3050]
[c=20195000000 pc=00000000802aff4c]
[c=20196000000 pc=0000000080261de6]
[c=20197000000 pc=0000000080860136]
[c=20198000000 pc=00000000802afae2]
[c=20199000000 pc=0000000080ae3054]
[c=20200000000 pc=00000000802aff4e]
[c=20201000000 pc=0000000080261dea]
[c=20202000000 pc=0000000080860138]
[c=20203000000 pc=0000000080261fd6]
[c=20204000000 pc=0000000080ae305c]
[c=20205000000 pc=0000000080261e72]
[c=20206000000 pc=0000000080261e88]
[c=20207000000 pc=000000008086013c]
[c=20208000000 pc=00000000802afe60]
[c=20209000000 pc=0000000080ae305e]
[c=20210000000 pc=0000000080261e74]
[c=20211000000 pc=0000000080261e90]
[c=20212000000 pc=000000008086013c]
[c=20213000000 pc=00000000802afe64]
[c=20214000000 pc=0000000080ae3062]
[c=20215000000 pc=0000000080261e74]
[c=20216000000 pc=0000000080261e96]
[c=20217000000 pc=0000000080860142]
[c=20218000000 pc=00000000802afe66]
[c=20219000000 pc=0000000080ae5328]
[c=20220000000 pc=0000000080261dee]
[c=20221000000 pc=0000000080261e9a]
[c=20222000000 pc=000000008086014a]
[c=20223000000 pc=00000000802afe6a]
[c=20224000000 pc=0000000080ae532c]
[c=20225000000 pc=0000000080261df2]
[c=20226000000 pc=0000000080261ea0]
[c=20227000000 pc=000000008086014c]
[c=20228000000 pc=00000000802afe70]
[c=20229000000 pc=0000000080ae5330]
[c=20230000000 pc=0000000080261df2]
[c=20231000000 pc=0000000080860402]
[c=20232000000 pc=0000000080860150]
[c=20233000000 pc=00000000802afe74]
[c=20234000000 pc=0000000080ae5332]
[c=20235000000 pc=0000000080261df4]
[c=20236000000 pc=0000000080860404]
[c=20237000000 pc=0000000080860154]
[c=20238000000 pc=00000000802afe76]
[c=20239000000 pc=0000000080261fc4]
[c=20240000000 pc=0000000080261df6]
[c=20241000000 pc=0000000080860408]
[c=20242000000 pc=0000000080860156]
[c=20243000000 pc=0000000080261fdc]
[c=20244000000 pc=0000000080261f18]
[c=20245000000 pc=0000000080261df8]
[c=20246000000 pc=0000000080860414]
[c=20247000000 pc=0000000080261eb8]
[c=20248000000 pc=0000000080261fbc]
[c=20249000000 pc=0000000080261e6e]
[c=20250000000 pc=0000000080261dfa]
[c=20251000000 pc=0000000080860416]
[c=20252000000 pc=0000000080261fb2]
[c=20253000000 pc=0000000080261fc0]
[c=20254000000 pc=00000000802aff2c]
[c=20255000000 pc=0000000080261e78]
[c=20256000000 pc=0000000080261ea4]
[c=20257000000 pc=0000000080261fb6]
[c=20258000000 pc=0000000080ae530c]
[c=20259000000 pc=00000000802aff30]
[c=20260000000 pc=0000000080261e78]
[c=20261000000 pc=0000000080261eaa]
[c=20262000000 pc=0000000080261fd2]
[c=20263000000 pc=0000000080ae530e]
[c=20264000000 pc=00000000802aff32]
[c=20265000000 pc=0000000080261e7c]
[c=20266000000 pc=0000000080261eac]
[c=20267000000 pc=00000000802afaca]
[c=20268000000 pc=0000000080ae5314]
[c=20269000000 pc=00000000802aff34]
[c=20270000000 pc=0000000080261e7e]
[c=20271000000 pc=0000000080261eb0]
[c=20272000000 pc=00000000802afacc]
[c=20273000000 pc=0000000080ae5318]
[c=20274000000 pc=00000000802aff38]
[c=20275000000 pc=0000000080261e80]
[c=20276000000 pc=0000000080261eb4]
[c=20277000000 pc=00000000802afad0]
[c=20278000000 pc=0000000080ae531a]
[c=20279000000 pc=00000000802aff3c]
[c=20280000000 pc=0000000080261ddc]
[c=20281000000 pc=0000000080860130]
[c=20282000000 pc=00000000802afad8]
[c=20283000000 pc=0000000080ae5320]
[c=20284000000 pc=00000000802aff3c]
[c=20285000000 pc=0000000080261de0]
[c=20286000000 pc=0000000080860132]
[c=20287000000 pc=00000000802afada]
[c=20288000000 pc=0000000080ae304e]
[c=20289000000 pc=00000000802aff3e]
[c=20290000000 pc=0000000080261de2]
[c=20291000000 pc=0000000080860134]
[c=20292000000 pc=00000000802afade]
[c=20293000000 pc=0000000080ae3050]
[c=20294000000 pc=00000000802aff4c]
[c=20295000000 pc=0000000080261de6]
[c=20296000000 pc=0000000080860136]
[c=20297000000 pc=00000000802afae2]
[c=20298000000 pc=0000000080ae3054]
[c=20299000000 pc=00000000802aff4e]
[c=20300000000 pc=0000000080261dea]
[c=20301000000 pc=0000000080860138]
[c=20302000000 pc=0000000080261fd6]
[c=20303000000 pc=0000000080ae305c]
[c=20304000000 pc=0000000080261e72]
[c=20305000000 pc=0000000080261e88]
[c=20306000000 pc=000000008086013c]
[c=20307000000 pc=00000000802afe60]
[c=20308000000 pc=0000000080ae305e]
[c=20309000000 pc=0000000080261e74]
[c=20310000000 pc=0000000080261e90]
[c=20311000000 pc=000000008086013c]
[c=20312000000 pc=00000000802afe64]
[c=20313000000 pc=0000000080ae3062]
[c=20314000000 pc=0000000080261e74]
[c=20315000000 pc=0000000080261e96]
[c=20316000000 pc=0000000080860142]
[c=20317000000 pc=00000000802afe66]
[c=20318000000 pc=0000000080ae5328]
[c=20319000000 pc=0000000080261dee]
[c=20320000000 pc=0000000080261e9a]
[c=20321000000 pc=000000008086014a]
[c=20322000000 pc=00000000802afe6a]
[c=20323000000 pc=0000000080ae532c]
[c=20324000000 pc=0000000080261df2]
[c=20325000000 pc=0000000080261ea0]
[c=20326000000 pc=000000008086014c]
[c=20327000000 pc=00000000802afe70]
[c=20328000000 pc=0000000080ae5330]
[c=20329000000 pc=0000000080261df2]
[c=20330000000 pc=0000000080860402]
[c=20331000000 pc=0000000080860150]
[c=20332000000 pc=00000000802afe74]
[c=20333000000 pc=0000000080ae5332]
[c=20334000000 pc=0000000080261df4]
[c=20335000000 pc=0000000080860404]
[c=20336000000 pc=0000000080860154]
[c=20337000000 pc=00000000802afe76]
[c=20338000000 pc=0000000080261fc4]
[c=20339000000 pc=0000000080261df6]
[c=20340000000 pc=0000000080860408]
[c=20341000000 pc=0000000080860156]
[c=20342000000 pc=0000000080261fdc]
[c=20343000000 pc=0000000080261f18]
[c=20344000000 pc=0000000080261df8]
[c=20345000000 pc=0000000080860414]
[c=20346000000 pc=0000000080261eb8]
[c=20347000000 pc=0000000080261fbc]
[c=20348000000 pc=0000000080261e6e]
[c=20349000000 pc=0000000080261dfa]
[c=20350000000 pc=0000000080860416]
[c=20351000000 pc=0000000080261fb2]
[c=20352000000 pc=0000000080261fc0]
[c=20353000000 pc=00000000802aff2c]
[c=20354000000 pc=0000000080261e78]
[c=20355000000 pc=0000000080261ea4]
[c=20356000000 pc=0000000080261fb6]
[c=20357000000 pc=0000000080ae530c]
[c=20358000000 pc=00000000802aff30]
[c=20359000000 pc=0000000080261e78]
[c=20360000000 pc=0000000080261eaa]
[c=20361000000 pc=0000000080261fd2]
[c=20362000000 pc=0000000080ae530e]
[c=20363000000 pc=00000000802aff32]
[c=20364000000 pc=0000000080261e7c]
[c=20365000000 pc=0000000080261eac]
[c=20366000000 pc=00000000802afaca]
[c=20367000000 pc=0000000080ae5314]
[c=20368000000 pc=00000000802aff34]
[c=20369000000 pc=0000000080261e7e]
[c=20370000000 pc=0000000080261eb0]
[c=20371000000 pc=00000000802afacc]
[c=20372000000 pc=0000000080ae5318]
[c=20373000000 pc=00000000802aff38]
[c=20374000000 pc=0000000080261e80]
[c=20375000000 pc=0000000080261eb4]
[c=20376000000 pc=00000000802afad0]
[c=20377000000 pc=0000000080ae531a]
[c=20378000000 pc=00000000802aff3c]
[c=20379000000 pc=0000000080261ddc]
[c=20380000000 pc=0000000080860130]
[c=20381000000 pc=00000000802afad8]
[c=20382000000 pc=0000000080ae5320]
[c=20383000000 pc=00000000802aff3c]
[c=20384000000 pc=0000000080261de0]
[c=20385000000 pc=0000000080860132]
[c=20386000000 pc=00000000802afada]
[c=20387000000 pc=0000000080ae304e]
[c=20388000000 pc=00000000802aff3e]
[c=20389000000 pc=0000000080261de2]
[c=20390000000 pc=0000000080860134]
[c=20391000000 pc=00000000802afade]
[c=20392000000 pc=0000000080ae3050]
[c=20393000000 pc=00000000802aff4c]
[c=20394000000 pc=0000000080261de6]
[c=20395000000 pc=0000000080860136]
[c=20396000000 pc=00000000802afae2]
[c=20397000000 pc=0000000080ae3054]
[c=20398000000 pc=00000000802aff4e]
[c=20399000000 pc=0000000080261dea]
[c=20400000000 pc=0000000080860138]
[c=20401000000 pc=0000000080261fd6]
[c=20402000000 pc=0000000080ae305c]
[c=20403000000 pc=0000000080261e72]
[c=20404000000 pc=0000000080261e88]
[c=20405000000 pc=000000008086013c]
[c=20406000000 pc=00000000802afe60]
[c=20407000000 pc=0000000080ae305e]
[c=20408000000 pc=0000000080261e74]
[c=20409000000 pc=0000000080261e90]
[c=20410000000 pc=000000008086013c]
[c=20411000000 pc=00000000802afe64]
[c=20412000000 pc=0000000080ae3062]
[c=20413000000 pc=0000000080261e74]
[c=20414000000 pc=0000000080261e96]
[c=20415000000 pc=0000000080860142]
[c=20416000000 pc=00000000802afe66]
[c=20417000000 pc=0000000080ae5328]
[c=20418000000 pc=0000000080261dee]
[c=20419000000 pc=0000000080261e9a]
[c=20420000000 pc=000000008086014a]
[c=20421000000 pc=00000000802afe6a]
[c=20422000000 pc=0000000080ae532c]
[c=20423000000 pc=0000000080261df2]
[c=20424000000 pc=0000000080261ea0]
[c=20425000000 pc=000000008086014c]
[c=20426000000 pc=00000000802afe70]
[c=20427000000 pc=0000000080ae5330]
[c=20428000000 pc=0000000080261df2]
[c=20429000000 pc=0000000080860402]
[c=20430000000 pc=0000000080860150]
[c=20431000000 pc=00000000802afe74]
[c=20432000000 pc=0000000080ae5332]
[c=20433000000 pc=0000000080261df4]
[c=20434000000 pc=0000000080860404]
[c=20435000000 pc=0000000080860154]
[c=20436000000 pc=00000000802afe76]
[c=20437000000 pc=0000000080261fc4]
[c=20438000000 pc=0000000080261df6]
[c=20439000000 pc=0000000080860408]
[c=20440000000 pc=0000000080860156]
[c=20441000000 pc=0000000080261fdc]
[c=20442000000 pc=0000000080261f18]
[c=20443000000 pc=0000000080261df8]
[c=20444000000 pc=0000000080860414]
[c=20445000000 pc=0000000080261eb8]
[c=20446000000 pc=0000000080261fbc]
[c=20447000000 pc=0000000080261e6e]
[c=20448000000 pc=0000000080261dfa]
[c=20449000000 pc=0000000080860416]
[c=20450000000 pc=0000000080261fb2]
[c=20451000000 pc=0000000080261fc0]
[c=20452000000 pc=00000000802aff2c]
[c=20453000000 pc=0000000080261e78]
[c=20454000000 pc=0000000080261ea4]
[c=20455000000 pc=0000000080261fb6]
[c=20456000000 pc=0000000080ae530c]
[c=20457000000 pc=00000000802aff30]
[c=20458000000 pc=0000000080261e78]
[c=20459000000 pc=0000000080261eaa]
[c=20460000000 pc=0000000080261fd2]
[c=20461000000 pc=0000000080ae530e]
[c=20462000000 pc=00000000802aff32]
[c=20463000000 pc=0000000080261e7c]
[c=20464000000 pc=0000000080261eac]
[c=20465000000 pc=00000000802afaca]
[c=20466000000 pc=0000000080ae5314]
[c=20467000000 pc=00000000802aff34]
[c=20468000000 pc=0000000080261e7e]
[c=20469000000 pc=0000000080261eb0]
[c=20470000000 pc=00000000802afacc]
[c=20471000000 pc=0000000080ae5318]
[c=20472000000 pc=00000000802aff38]
[c=20473000000 pc=0000000080261e80]
[c=20474000000 pc=0000000080261eb4]
[c=20475000000 pc=00000000802afad0]
[c=20476000000 pc=0000000080ae531a]
[c=20477000000 pc=00000000802aff3c]
[c=20478000000 pc=0000000080261ddc]
[c=20479000000 pc=0000000080860130]
[c=20480000000 pc=00000000802afad8]
[c=20481000000 pc=0000000080ae5320]
[c=20482000000 pc=00000000802aff3c]
[c=20483000000 pc=0000000080261de0]
[c=20484000000 pc=0000000080860132]
[c=20485000000 pc=00000000802afada]
[c=20486000000 pc=0000000080ae304e]
[c=20487000000 pc=00000000802aff3e]
[c=20488000000 pc=0000000080261de2]
[c=20489000000 pc=0000000080860134]
[c=20490000000 pc=00000000802afade]
[c=20491000000 pc=0000000080ae3050]
[c=20492000000 pc=00000000802aff4c]
[c=20493000000 pc=0000000080261de6]
[c=20494000000 pc=0000000080860136]
[c=20495000000 pc=00000000802afae2]
[c=20496000000 pc=0000000080ae3054]
[c=20497000000 pc=00000000802aff4e]
[c=20498000000 pc=0000000080261dea]
[c=20499000000 pc=0000000080860138]
[c=20500000000 pc=0000000080261fd6]
[c=20501000000 pc=0000000080ae305c]
[c=20502000000 pc=0000000080261e72]
[c=20503000000 pc=0000000080261e88]
[c=20504000000 pc=000000008086013c]
[c=20505000000 pc=00000000802afe60]
[c=20506000000 pc=0000000080ae305e]
[c=20507000000 pc=0000000080261e74]
[c=20508000000 pc=0000000080261e90]
[c=20509000000 pc=000000008086013c]
[c=20510000000 pc=00000000802afe64]
[c=20511000000 pc=0000000080ae3062]
[c=20512000000 pc=0000000080261e74]
[c=20513000000 pc=0000000080261e96]
[c=20514000000 pc=0000000080860142]
[c=20515000000 pc=00000000802afe66]
[c=20516000000 pc=0000000080ae5328]
[c=20517000000 pc=0000000080261dee]
[c=20518000000 pc=0000000080261e9a]
[c=20519000000 pc=000000008086014a]
[c=20520000000 pc=00000000802afe6a]
[c=20521000000 pc=0000000080ae532c]
[c=20522000000 pc=0000000080261df2]
[c=20523000000 pc=0000000080261ea0]
[c=20524000000 pc=000000008086014c]
[c=20525000000 pc=00000000802afe70]
[c=20526000000 pc=0000000080ae5330]
[c=20527000000 pc=0000000080261df2]
[c=20528000000 pc=0000000080860402]
[c=20529000000 pc=0000000080860150]
[c=20530000000 pc=00000000802afe74]
[c=20531000000 pc=0000000080ae5332]
[c=20532000000 pc=0000000080261df4]
[c=20533000000 pc=0000000080860404]
[c=20534000000 pc=0000000080860154]
[c=20535000000 pc=00000000802afe76]
[c=20536000000 pc=0000000080261fc4]
[c=20537000000 pc=0000000080261df6]
[c=20538000000 pc=0000000080860408]
[c=20539000000 pc=0000000080860156]
[c=20540000000 pc=0000000080261fdc]
[c=20541000000 pc=0000000080261f18]
[c=20542000000 pc=0000000080261df8]
[c=20543000000 pc=0000000080860414]
[c=20544000000 pc=0000000080261eb8]
[c=20545000000 pc=0000000080261fbc]
[c=20546000000 pc=0000000080261e6e]
[c=20547000000 pc=0000000080261dfa]
[c=20548000000 pc=0000000080860416]
[c=20549000000 pc=0000000080261fb2]
[c=20550000000 pc=0000000080261fc0]
[c=20551000000 pc=00000000802aff2c]
[c=20552000000 pc=0000000080261e78]
[c=20553000000 pc=0000000080261ea4]
[c=20554000000 pc=0000000080261fb6]
[c=20555000000 pc=0000000080ae530c]
[c=20556000000 pc=00000000802aff30]
[c=20557000000 pc=0000000080261e78]
[c=20558000000 pc=0000000080261eaa]
[c=20559000000 pc=0000000080261fd2]
[c=20560000000 pc=0000000080ae530e]
[c=20561000000 pc=00000000802aff32]
[c=20562000000 pc=0000000080261e7c]
[c=20563000000 pc=0000000080261eac]
[c=20564000000 pc=00000000802afaca]
[c=20565000000 pc=0000000080ae5314]
[c=20566000000 pc=00000000802aff34]
[c=20567000000 pc=0000000080261e7e]
[c=20568000000 pc=0000000080261eb0]
[c=20569000000 pc=00000000802afacc]
[c=20570000000 pc=0000000080ae5318]
[c=20571000000 pc=00000000802aff38]
[c=20572000000 pc=0000000080261e80]
[c=20573000000 pc=0000000080261eb4]
[c=20574000000 pc=00000000802afad0]
[c=20575000000 pc=0000000080ae531a]
[c=20576000000 pc=00000000802aff3c]
[c=20577000000 pc=0000000080261ddc]
[c=20578000000 pc=0000000080860130]
[c=20579000000 pc=00000000802afad8]
[c=20580000000 pc=0000000080ae5320]
[c=20581000000 pc=00000000802aff3c]
[c=20582000000 pc=0000000080261de0]
[c=20583000000 pc=0000000080860132]
[c=20584000000 pc=00000000802afada]
[c=20585000000 pc=0000000080ae304e]
[c=20586000000 pc=00000000802aff3e]
[c=20587000000 pc=0000000080261de2]
[c=20588000000 pc=0000000080860134]
[c=20589000000 pc=00000000802afade]
[c=20590000000 pc=0000000080ae3050]
[c=20591000000 pc=00000000802aff4c]
[c=20592000000 pc=0000000080261de6]
[c=20593000000 pc=0000000080860136]
[c=20594000000 pc=00000000802afae2]
[c=20595000000 pc=0000000080ae3054]
[c=20596000000 pc=00000000802aff4e]
[c=20597000000 pc=0000000080261dea]
[c=20598000000 pc=0000000080860138]
[c=20599000000 pc=0000000080261fd6]
[c=20600000000 pc=0000000080ae305c]
[c=20601000000 pc=0000000080261e72]
[c=20602000000 pc=0000000080261e88]
[c=20603000000 pc=000000008086013c]
[c=20604000000 pc=00000000802afe60]
[c=20605000000 pc=0000000080ae305e]
[c=20606000000 pc=0000000080261e74]
[c=20607000000 pc=0000000080261e90]
[c=20608000000 pc=000000008086013c]
[c=20609000000 pc=00000000802afe64]
[c=20610000000 pc=0000000080ae3062]
[c=20611000000 pc=0000000080261e74]
[c=20612000000 pc=0000000080261e96]
[c=20613000000 pc=0000000080860142]
[c=20614000000 pc=00000000802afe66]
[c=20615000000 pc=0000000080ae5328]
[c=20616000000 pc=0000000080261dee]
[c=20617000000 pc=0000000080261e9a]
[c=20618000000 pc=000000008086014a]
[c=20619000000 pc=00000000802afe6a]
[c=20620000000 pc=0000000080ae532c]
[c=20621000000 pc=0000000080261df2]
[c=20622000000 pc=0000000080261ea0]
[c=20623000000 pc=000000008086014c]
[c=20624000000 pc=00000000802afe70]
[c=20625000000 pc=0000000080ae5330]
[c=20626000000 pc=0000000080261df2]
[c=20627000000 pc=0000000080860402]
[c=20628000000 pc=0000000080860150]
[c=20629000000 pc=00000000802afe74]
[c=20630000000 pc=0000000080ae5332]
[c=20631000000 pc=0000000080261df4]
[c=20632000000 pc=0000000080860404]
[c=20633000000 pc=0000000080860154]
[c=20634000000 pc=00000000802afe76]
[c=20635000000 pc=0000000080261fc4]
[c=20636000000 pc=0000000080261df6]
[c=20637000000 pc=0000000080860408]
[c=20638000000 pc=0000000080860156]
[c=20639000000 pc=0000000080261fdc]
[c=20640000000 pc=0000000080261f18]
[c=20641000000 pc=0000000080261df8]
[c=20642000000 pc=0000000080860414]
[c=20643000000 pc=0000000080261eb8]
[c=20644000000 pc=0000000080261fbc]
[c=20645000000 pc=0000000080261e6e]
[c=20646000000 pc=0000000080261dfa]
[c=20647000000 pc=0000000080860416]
[c=20648000000 pc=0000000080261fb2]
[c=20649000000 pc=0000000080261fc0]
[c=20650000000 pc=00000000802aff2c]
[c=20651000000 pc=0000000080261e78]
[c=20652000000 pc=0000000080261ea4]
[c=20653000000 pc=0000000080261fb6]
[c=20654000000 pc=0000000080ae530c]
[c=20655000000 pc=00000000802aff30]
[c=20656000000 pc=0000000080261e78]
[c=20657000000 pc=0000000080261eaa]
[c=20658000000 pc=0000000080261fd2]
[c=20659000000 pc=0000000080ae530e]
[c=20660000000 pc=00000000802aff32]
[c=20661000000 pc=0000000080261e7c]
[c=20662000000 pc=0000000080261eac]
[c=20663000000 pc=00000000802afaca]
[c=20664000000 pc=0000000080ae5314]
[c=20665000000 pc=00000000802aff34]
[c=20666000000 pc=0000000080261e7e]
[c=20667000000 pc=0000000080261eb0]
[c=20668000000 pc=00000000802afacc]
[c=20669000000 pc=0000000080ae5318]
[c=20670000000 pc=00000000802aff38]
[c=20671000000 pc=0000000080261e80]
[c=20672000000 pc=0000000080261eb4]
[c=20673000000 pc=00000000802afad0]
[c=20674000000 pc=0000000080ae531a]
[c=20675000000 pc=00000000802aff3c]
[c=20676000000 pc=0000000080261ddc]
[c=20677000000 pc=0000000080860130]
[c=20678000000 pc=00000000802afad8]
[c=20679000000 pc=0000000080ae5320]
[c=20680000000 pc=00000000802aff3c]
[c=20681000000 pc=0000000080261de0]
[c=20682000000 pc=0000000080860132]
[c=20683000000 pc=00000000802afada]
[c=20684000000 pc=0000000080ae304e]
[c=20685000000 pc=00000000802aff3e]
[c=20686000000 pc=0000000080261de2]
[c=20687000000 pc=0000000080860134]
[c=20688000000 pc=00000000802afade]
[c=20689000000 pc=0000000080ae3050]
[c=20690000000 pc=00000000802aff4c]
[c=20691000000 pc=0000000080261de6]
[c=20692000000 pc=0000000080860136]
[c=20693000000 pc=00000000802afae2]
[c=20694000000 pc=0000000080ae3054]
[c=20695000000 pc=00000000802aff4e]
[c=20696000000 pc=0000000080261dea]
[c=20697000000 pc=0000000080860138]
[c=20698000000 pc=0000000080261fd6]
[c=20699000000 pc=0000000080ae305c]
[c=20700000000 pc=0000000080261e72]
[c=20701000000 pc=0000000080261e88]
[c=20702000000 pc=000000008086013c]
[c=20703000000 pc=00000000802afe60]
[c=20704000000 pc=0000000080ae305e]
[c=20705000000 pc=0000000080261e74]
[c=20706000000 pc=0000000080261e90]
[c=20707000000 pc=000000008086013c]
[c=20708000000 pc=00000000802afe64]
[c=20709000000 pc=0000000080ae3062]
[c=20710000000 pc=0000000080261e74]
[c=20711000000 pc=0000000080261e96]
[c=20712000000 pc=0000000080860142]
[c=20713000000 pc=00000000802afe66]
[c=20714000000 pc=0000000080ae5328]
[c=20715000000 pc=0000000080261dee]
[c=20716000000 pc=0000000080261e9a]
[c=20717000000 pc=000000008086014a]
[c=20718000000 pc=00000000802afe6a]
[c=20719000000 pc=0000000080ae532c]
[c=20720000000 pc=0000000080261df2]
[c=20721000000 pc=0000000080261ea0]
[c=20722000000 pc=000000008086014c]
[c=20723000000 pc=00000000802afe70]
[c=20724000000 pc=0000000080ae5330]
[c=20725000000 pc=0000000080261df2]
[c=20726000000 pc=0000000080860402]
[c=20727000000 pc=0000000080860150]
[c=20728000000 pc=00000000802afe74]
[c=20729000000 pc=0000000080ae5332]
[c=20730000000 pc=0000000080261df4]
[c=20731000000 pc=0000000080860404]
[c=20732000000 pc=0000000080860154]
[c=20733000000 pc=00000000802afe76]
[c=20734000000 pc=0000000080261fc4]
[c=20735000000 pc=0000000080261df6]
[c=20736000000 pc=0000000080860408]
[c=20737000000 pc=0000000080860156]
[c=20738000000 pc=0000000080261fdc]
[c=20739000000 pc=0000000080261f18]
[c=20740000000 pc=0000000080261df8]
[c=20741000000 pc=0000000080860414]
[c=20742000000 pc=0000000080261eb8]
[c=20743000000 pc=0000000080261fbc]
[c=20744000000 pc=0000000080261e6e]
[c=20745000000 pc=0000000080261dfa]
[c=20746000000 pc=0000000080860416]
[c=20747000000 pc=0000000080261fb2]
[c=20748000000 pc=0000000080261fc0]
[c=20749000000 pc=00000000802aff2c]
[c=20750000000 pc=0000000080261e78]
[c=20751000000 pc=0000000080261ea4]
[c=20752000000 pc=0000000080261fb6]
[c=20753000000 pc=0000000080ae530c]
[c=20754000000 pc=00000000802aff30]
[c=20755000000 pc=0000000080261e78]
[c=20756000000 pc=0000000080261eaa]
[c=20757000000 pc=0000000080261fd2]
[c=20758000000 pc=0000000080ae530e]
[c=20759000000 pc=00000000802aff32]
[c=20760000000 pc=0000000080261e7c]
[c=20761000000 pc=0000000080261eac]
[c=20762000000 pc=00000000802afaca]
[c=20763000000 pc=0000000080ae5314]
[c=20764000000 pc=00000000802aff34]
[c=20765000000 pc=0000000080261e7e]
[c=20766000000 pc=0000000080261eb0]
[c=20767000000 pc=00000000802afacc]
[c=20768000000 pc=0000000080ae5318]
[c=20769000000 pc=00000000802aff38]
[c=20770000000 pc=0000000080261e80]
[c=20771000000 pc=0000000080261eb4]
[c=20772000000 pc=00000000802afad0]
[c=20773000000 pc=0000000080ae531a]
[c=20774000000 pc=00000000802aff3c]
[c=20775000000 pc=0000000080261ddc]
[c=20776000000 pc=0000000080860130]
[c=20777000000 pc=00000000802afad8]
[c=20778000000 pc=0000000080ae5320]
[c=20779000000 pc=00000000802aff3c]
[c=20780000000 pc=0000000080261de0]
[c=20781000000 pc=0000000080860132]
[c=20782000000 pc=00000000802afada]
[c=20783000000 pc=0000000080ae304e]
[c=20784000000 pc=00000000802aff3e]
[c=20785000000 pc=0000000080261de2]
[c=20786000000 pc=0000000080860134]
[c=20787000000 pc=00000000802afade]
[c=20788000000 pc=0000000080ae3050]
[c=20789000000 pc=00000000802aff4c]
[c=20790000000 pc=0000000080261de6]
[c=20791000000 pc=0000000080860136]
[c=20792000000 pc=00000000802afae2]
[c=20793000000 pc=0000000080ae3054]
[c=20794000000 pc=00000000802aff4e]
[c=20795000000 pc=0000000080261dea]
[c=20796000000 pc=0000000080860138]
[c=20797000000 pc=0000000080261fd6]
[c=20798000000 pc=0000000080ae305c]
[c=20799000000 pc=0000000080261e72]
[c=20800000000 pc=0000000080261e88]
[c=20801000000 pc=000000008086013c]
[c=20802000000 pc=00000000802afe60]
[c=20803000000 pc=0000000080ae305e]
[c=20804000000 pc=0000000080261e74]
[c=20805000000 pc=0000000080261e90]
[c=20806000000 pc=000000008086013c]
[c=20807000000 pc=00000000802afe64]
[c=20808000000 pc=0000000080ae3062]
[c=20809000000 pc=0000000080261e74]
[c=20810000000 pc=0000000080261e96]
[c=20811000000 pc=0000000080860142]
[c=20812000000 pc=00000000802afe66]
[c=20813000000 pc=0000000080ae5328]
[c=20814000000 pc=0000000080261dee]
[c=20815000000 pc=0000000080261e9a]
[c=20816000000 pc=000000008086014a]
[c=20817000000 pc=00000000802afe6a]
[c=20818000000 pc=0000000080ae532c]
[c=20819000000 pc=0000000080261df2]
[c=20820000000 pc=0000000080261ea0]
[c=20821000000 pc=000000008086014c]
[c=20822000000 pc=00000000802afe70]
[c=20823000000 pc=0000000080ae5330]
[c=20824000000 pc=0000000080261df2]
[c=20825000000 pc=0000000080860402]
[c=20826000000 pc=0000000080860150]
[c=20827000000 pc=00000000802afe74]
[c=20828000000 pc=0000000080ae5332]
[c=20829000000 pc=0000000080261df4]
[c=20830000000 pc=0000000080860404]
[c=20831000000 pc=0000000080860154]
[c=20832000000 pc=00000000802afe76]
[c=20833000000 pc=0000000080261fc4]
[c=20834000000 pc=0000000080261df6]
[c=20835000000 pc=0000000080860408]
[c=20836000000 pc=0000000080860156]
[c=20837000000 pc=0000000080261fdc]
[c=20838000000 pc=0000000080261f18]
[c=20839000000 pc=0000000080261df8]
[c=20840000000 pc=0000000080860414]
[c=20841000000 pc=0000000080261eb8]
[c=20842000000 pc=0000000080261fbc]
[c=20843000000 pc=0000000080261e6e]
[c=20844000000 pc=0000000080261dfa]
[c=20845000000 pc=0000000080860416]
[c=20846000000 pc=0000000080261fb2]
[c=20847000000 pc=0000000080261fc0]
[c=20848000000 pc=00000000802aff2c]
[c=20849000000 pc=0000000080261e78]
[c=20850000000 pc=0000000080261ea4]
[c=20851000000 pc=0000000080261fb6]
[c=20852000000 pc=0000000080ae530c]
[c=20853000000 pc=00000000802aff30]
[c=20854000000 pc=0000000080261e78]
[c=20855000000 pc=0000000080261eaa]
[c=20856000000 pc=0000000080261fd2]
[c=20857000000 pc=0000000080ae530e]
[c=20858000000 pc=00000000802aff32]
[c=20859000000 pc=0000000080261e7c]
[c=20860000000 pc=0000000080261eac]
[c=20861000000 pc=00000000802afaca]
[c=20862000000 pc=0000000080ae5314]
[c=20863000000 pc=00000000802aff34]
[c=20864000000 pc=0000000080261e7e]
[c=20865000000 pc=0000000080261eb0]
[c=20866000000 pc=00000000802afacc]
[c=20867000000 pc=0000000080ae5318]
[c=20868000000 pc=00000000802aff38]
[c=20869000000 pc=0000000080261e80]
[c=20870000000 pc=0000000080261eb4]
[c=20871000000 pc=00000000802afad0]
[c=20872000000 pc=0000000080ae531a]
[c=20873000000 pc=00000000802aff3c]
[c=20874000000 pc=0000000080261ddc]
[c=20875000000 pc=0000000080860130]
[c=20876000000 pc=00000000802afad8]
[c=20877000000 pc=0000000080ae5320]
[c=20878000000 pc=00000000802aff3c]
[c=20879000000 pc=0000000080261de0]
[c=20880000000 pc=0000000080860132]
[c=20881000000 pc=00000000802afada]
[c=20882000000 pc=0000000080ae304e]
[c=20883000000 pc=00000000802aff3e]
[c=20884000000 pc=0000000080261de2]
[c=20885000000 pc=0000000080860134]
[c=20886000000 pc=00000000802afade]
[c=20887000000 pc=0000000080ae3050]
[c=20888000000 pc=00000000802aff4c]
[c=20889000000 pc=0000000080261de6]
[c=20890000000 pc=0000000080860136]
[c=20891000000 pc=00000000802afae2]
[c=20892000000 pc=0000000080ae3054]
[c=20893000000 pc=00000000802aff4e]
[c=20894000000 pc=0000000080261dea]
[c=20895000000 pc=0000000080860138]
[c=20896000000 pc=0000000080261fd6]
[c=20897000000 pc=0000000080ae305c]
[c=20898000000 pc=0000000080261e72]
[c=20899000000 pc=0000000080261e88]
[c=20900000000 pc=000000008086013c]
[c=20901000000 pc=00000000802afe60]
[c=20902000000 pc=0000000080ae305e]
[c=20903000000 pc=0000000080261e74]
[c=20904000000 pc=0000000080261e90]
[c=20905000000 pc=000000008086013c]
[c=20906000000 pc=00000000802afe64]
[c=20907000000 pc=0000000080ae3062]
[c=20908000000 pc=0000000080261e74]
[c=20909000000 pc=0000000080261e96]
[c=20910000000 pc=0000000080860142]
[c=20911000000 pc=00000000802afe66]
[c=20912000000 pc=0000000080ae5328]
[c=20913000000 pc=0000000080261dee]
[c=20914000000 pc=0000000080261e9a]
[c=20915000000 pc=000000008086014a]
[c=20916000000 pc=00000000802afe6a]
[c=20917000000 pc=0000000080ae532c]
[c=20918000000 pc=0000000080261df2]
[c=20919000000 pc=0000000080261ea0]
[c=20920000000 pc=000000008086014c]
[c=20921000000 pc=00000000802afe70]
[c=20922000000 pc=0000000080ae5330]
[c=20923000000 pc=0000000080261df2]
[c=20924000000 pc=0000000080860402]
[c=20925000000 pc=0000000080860150]
[c=20926000000 pc=00000000802afe74]
[c=20927000000 pc=0000000080ae5332]
[c=20928000000 pc=0000000080261df4]
[c=20929000000 pc=0000000080860404]
[c=20930000000 pc=0000000080860154]
[c=20931000000 pc=00000000802afe76]
[c=20932000000 pc=0000000080261fc4]
[c=20933000000 pc=0000000080261df6]
[c=20934000000 pc=0000000080860408]
[c=20935000000 pc=0000000080860156]
[c=20936000000 pc=0000000080261fdc]
[c=20937000000 pc=0000000080261f18]
[c=20938000000 pc=0000000080261df8]
[c=20939000000 pc=0000000080860414]
[c=20940000000 pc=0000000080261eb8]
[c=20941000000 pc=0000000080261fbc]
[c=20942000000 pc=0000000080261e6e]
[c=20943000000 pc=0000000080261dfa]
[c=20944000000 pc=0000000080860416]
[c=20945000000 pc=0000000080261fb2]
[c=20946000000 pc=0000000080261fc0]
[c=20947000000 pc=00000000802aff2c]
[c=20948000000 pc=0000000080261e78]
[c=20949000000 pc=0000000080261ea4]
[c=20950000000 pc=0000000080261fb6]
[c=20951000000 pc=0000000080ae530c]
[c=20952000000 pc=00000000802aff30]
[c=20953000000 pc=0000000080261e78]
[c=20954000000 pc=0000000080261eaa]
[c=20955000000 pc=0000000080261fd2]
[c=20956000000 pc=0000000080ae530e]
[c=20957000000 pc=00000000802aff32]
[c=20958000000 pc=0000000080261e7c]
[c=20959000000 pc=0000000080261eac]
[c=20960000000 pc=00000000802afaca]
[c=20961000000 pc=0000000080ae5314]
[c=20962000000 pc=00000000802aff34]
[c=20963000000 pc=0000000080261e7e]
[c=20964000000 pc=0000000080261eb0]
[c=20965000000 pc=00000000802afacc]
[c=20966000000 pc=0000000080ae5318]
[c=20967000000 pc=00000000802aff38]
[c=20968000000 pc=0000000080261e80]
[c=20969000000 pc=0000000080261eb4]
[c=20970000000 pc=00000000802afad0]
[c=20971000000 pc=0000000080ae531a]
[c=20972000000 pc=00000000802aff3c]
[c=20973000000 pc=0000000080261ddc]
[c=20974000000 pc=0000000080860130]
[c=20975000000 pc=00000000802afad8]
[c=20976000000 pc=0000000080ae5320]
[c=20977000000 pc=00000000802aff3c]
[c=20978000000 pc=0000000080261de0]
[c=20979000000 pc=0000000080860132]
[c=20980000000 pc=00000000802afada]
[c=20981000000 pc=0000000080ae304e]
[c=20982000000 pc=00000000802aff3e]
[c=20983000000 pc=0000000080261de2]
[c=20984000000 pc=0000000080860134]
[c=20985000000 pc=00000000802afade]
[c=20986000000 pc=0000000080ae3050]
[c=20987000000 pc=00000000802aff4c]
[c=20988000000 pc=0000000080261de6]
[c=20989000000 pc=0000000080860136]
[c=20990000000 pc=00000000802afae2]
[c=20991000000 pc=0000000080ae3054]
[c=20992000000 pc=00000000802aff4e]
[c=20993000000 pc=0000000080261dea]
[c=20994000000 pc=0000000080860138]
[c=20995000000 pc=0000000080261fd6]
[c=20996000000 pc=0000000080ae305c]
[c=20997000000 pc=0000000080261e72]
[c=20998000000 pc=0000000080261e88]
[c=20999000000 pc=000000008086013c]
[c=21000000000 pc=00000000802afe60]
[c=21001000000 pc=0000000080ae305e]
[c=21002000000 pc=0000000080261e74]
[c=21003000000 pc=0000000080261e90]
[c=21004000000 pc=000000008086013c]
[c=21005000000 pc=00000000802afe64]
[c=21006000000 pc=0000000080ae3062]
[c=21007000000 pc=0000000080261e74]
[c=21008000000 pc=0000000080261e96]
[c=21009000000 pc=0000000080860142]
[c=21010000000 pc=00000000802afe66]
[c=21011000000 pc=0000000080ae5328]
[c=21012000000 pc=0000000080261dee]
[c=21013000000 pc=0000000080261e9a]
[c=21014000000 pc=000000008086014a]
[c=21015000000 pc=00000000802afe6a]
[c=21016000000 pc=0000000080ae532c]
[c=21017000000 pc=0000000080261df2]
[c=21018000000 pc=0000000080261ea0]
[c=21019000000 pc=000000008086014c]
[c=21020000000 pc=00000000802afe70]
[c=21021000000 pc=0000000080ae5330]
[c=21022000000 pc=0000000080261df2]
[c=21023000000 pc=0000000080860402]
[c=21024000000 pc=0000000080860150]
[c=21025000000 pc=00000000802afe74]
[c=21026000000 pc=0000000080ae5332]
[c=21027000000 pc=0000000080261df4]
[c=21028000000 pc=0000000080860404]
[c=21029000000 pc=0000000080860154]
[c=21030000000 pc=00000000802afe76]
[c=21031000000 pc=0000000080261fc4]
[c=21032000000 pc=0000000080261df6]
[c=21033000000 pc=0000000080860408]
[c=21034000000 pc=0000000080860156]
[c=21035000000 pc=0000000080261fdc]
[c=21036000000 pc=0000000080261f18]
[c=21037000000 pc=0000000080261df8]
[c=21038000000 pc=0000000080860414]
[c=21039000000 pc=0000000080261eb8]
[c=21040000000 pc=0000000080261fbc]
[c=21041000000 pc=0000000080261e6e]
[c=21042000000 pc=0000000080261dfa]
[c=21043000000 pc=0000000080860416]
[c=21044000000 pc=0000000080261fb2]
[c=21045000000 pc=0000000080261fc0]
[c=21046000000 pc=00000000802aff2c]
[c=21047000000 pc=0000000080261e78]
[c=21048000000 pc=0000000080261ea4]
[c=21049000000 pc=0000000080261fb6]
[c=21050000000 pc=0000000080ae530c]
[c=21051000000 pc=00000000802aff30]
[c=21052000000 pc=0000000080261e78]
[c=21053000000 pc=0000000080261eaa]
[c=21054000000 pc=0000000080261fd2]
[c=21055000000 pc=0000000080ae530e]
[c=21056000000 pc=00000000802aff32]
[c=21057000000 pc=0000000080261e7c]
[c=21058000000 pc=0000000080261eac]
[c=21059000000 pc=00000000802afaca]
[c=21060000000 pc=0000000080ae5314]
[c=21061000000 pc=00000000802aff34]
[c=21062000000 pc=0000000080261e7e]
[c=21063000000 pc=0000000080261eb0]
[c=21064000000 pc=00000000802afacc]
[c=21065000000 pc=0000000080ae5318]
[c=21066000000 pc=00000000802aff38]
[c=21067000000 pc=0000000080261e80]
[c=21068000000 pc=0000000080261eb4]
[c=21069000000 pc=00000000802afad0]
[c=21070000000 pc=0000000080ae531a]
[c=21071000000 pc=00000000802aff3c]
[c=21072000000 pc=0000000080261ddc]
[c=21073000000 pc=0000000080860130]
[c=21074000000 pc=00000000802afad8]
[c=21075000000 pc=0000000080ae5320]
[c=21076000000 pc=00000000802aff3c]
[c=21077000000 pc=0000000080261de0]
[c=21078000000 pc=0000000080860132]
[c=21079000000 pc=00000000802afada]
[c=21080000000 pc=0000000080ae304e]
[c=21081000000 pc=00000000802aff3e]
[c=21082000000 pc=0000000080261de2]
[c=21083000000 pc=0000000080860134]
[c=21084000000 pc=00000000802afade]
[c=21085000000 pc=0000000080ae3050]
[c=21086000000 pc=00000000802aff4c]
[c=21087000000 pc=0000000080261de6]
[c=21088000000 pc=0000000080860136]
[c=21089000000 pc=00000000802afae2]
[c=21090000000 pc=0000000080ae3054]
[c=21091000000 pc=00000000802aff4e]
[c=21092000000 pc=0000000080261dea]
[c=21093000000 pc=0000000080860138]
[c=21094000000 pc=0000000080261fd6]
[c=21095000000 pc=0000000080ae305c]
[c=21096000000 pc=0000000080261e72]
[c=21097000000 pc=0000000080261e88]
[c=21098000000 pc=000000008086013c]
[c=21099000000 pc=00000000802afe60]
[c=21100000000 pc=0000000080ae305e]
[c=21101000000 pc=0000000080261e74]
[c=21102000000 pc=0000000080261e90]
[c=21103000000 pc=000000008086013c]
[c=21104000000 pc=00000000802afe64]
[c=21105000000 pc=0000000080ae3062]
[c=21106000000 pc=0000000080261e74]
[c=21107000000 pc=0000000080261e96]
[c=21108000000 pc=0000000080860142]
[c=21109000000 pc=00000000802afe66]
[c=21110000000 pc=0000000080ae5328]
[c=21111000000 pc=0000000080261dee]
[c=21112000000 pc=0000000080261e9a]
[c=21113000000 pc=000000008086014a]
[c=21114000000 pc=00000000802afe6a]
[c=21115000000 pc=0000000080ae532c]
[c=21116000000 pc=0000000080261df2]
[c=21117000000 pc=0000000080261ea0]
[c=21118000000 pc=000000008086014c]
[c=21119000000 pc=00000000802afe70]
[c=21120000000 pc=0000000080ae5330]
[c=21121000000 pc=0000000080261df2]
[c=21122000000 pc=0000000080860402]
[c=21123000000 pc=0000000080860150]
[c=21124000000 pc=00000000802afe74]
[c=21125000000 pc=0000000080ae5332]
[c=21126000000 pc=0000000080261df4]
[c=21127000000 pc=0000000080860404]
[c=21128000000 pc=0000000080860154]
[c=21129000000 pc=00000000802afe76]
[c=21130000000 pc=0000000080261fc4]
[c=21131000000 pc=0000000080261df6]
[c=21132000000 pc=0000000080860408]
[c=21133000000 pc=0000000080860156]
[c=21134000000 pc=0000000080261fdc]
[c=21135000000 pc=0000000080261f18]
[c=21136000000 pc=0000000080261df8]
[c=21137000000 pc=0000000080860414]
[c=21138000000 pc=0000000080261eb8]
[c=21139000000 pc=0000000080261fbc]
[c=21140000000 pc=0000000080261e6e]
[c=21141000000 pc=0000000080261dfa]
[c=21142000000 pc=0000000080860416]
[c=21143000000 pc=0000000080261fb2]
[c=21144000000 pc=0000000080261fc0]
[c=21145000000 pc=00000000802aff2c]
[c=21146000000 pc=0000000080261e78]
[c=21147000000 pc=0000000080261ea4]
[c=21148000000 pc=0000000080261fb6]
[c=21149000000 pc=0000000080ae530c]
[c=21150000000 pc=00000000802aff30]
[c=21151000000 pc=0000000080261e78]
[c=21152000000 pc=0000000080261eaa]
[c=21153000000 pc=0000000080261fd2]
[c=21154000000 pc=0000000080ae530e]
[c=21155000000 pc=00000000802aff32]
[c=21156000000 pc=0000000080261e7c]
[c=21157000000 pc=0000000080261eac]
[c=21158000000 pc=00000000802afaca]
[c=21159000000 pc=0000000080ae5314]
[c=21160000000 pc=00000000802aff34]
[c=21161000000 pc=0000000080261e7e]
[c=21162000000 pc=0000000080261eb0]
[c=21163000000 pc=00000000802afacc]
[c=21164000000 pc=0000000080ae5318]
[c=21165000000 pc=00000000802aff38]
[c=21166000000 pc=0000000080261e80]
[c=21167000000 pc=0000000080261eb4]
[c=21168000000 pc=00000000802afad0]
[c=21169000000 pc=0000000080ae531a]
[c=21170000000 pc=00000000802aff3c]
[c=21171000000 pc=0000000080261ddc]
[c=21172000000 pc=0000000080860130]
[c=21173000000 pc=00000000802afad8]
[c=21174000000 pc=0000000080ae5320]
[c=21175000000 pc=00000000802aff3c]
[c=21176000000 pc=0000000080261de0]
[c=21177000000 pc=0000000080860132]
[c=21178000000 pc=00000000802afada]
[c=21179000000 pc=0000000080ae304e]
[c=21180000000 pc=00000000802aff3e]
[c=21181000000 pc=0000000080261de2]
[c=21182000000 pc=0000000080860134]
[c=21183000000 pc=00000000802afade]
[c=21184000000 pc=0000000080ae3050]
[c=21185000000 pc=00000000802aff4c]
[c=21186000000 pc=0000000080261de6]
[c=21187000000 pc=0000000080860136]
[c=21188000000 pc=00000000802afae2]
[c=21189000000 pc=0000000080ae3054]
[c=21190000000 pc=00000000802aff4e]
[c=21191000000 pc=0000000080261dea]
[c=21192000000 pc=0000000080860138]
[c=21193000000 pc=0000000080261fd6]
[c=21194000000 pc=0000000080ae305c]
[c=21195000000 pc=0000000080261e72]
[c=21196000000 pc=0000000080261e88]
[c=21197000000 pc=000000008086013c]
[c=21198000000 pc=00000000802afe60]
[c=21199000000 pc=0000000080ae305e]
[c=21200000000 pc=0000000080261e74]
[c=21201000000 pc=0000000080261e90]
[c=21202000000 pc=000000008086013c]
[c=21203000000 pc=00000000802afe64]
[c=21204000000 pc=0000000080ae3062]
[c=21205000000 pc=0000000080261e74]
[c=21206000000 pc=0000000080261e96]
[c=21207000000 pc=0000000080860142]
[c=21208000000 pc=00000000802afe66]
[c=21209000000 pc=0000000080ae5328]
[c=21210000000 pc=0000000080261dee]
[c=21211000000 pc=0000000080261e9a]
[c=21212000000 pc=000000008086014a]
[c=21213000000 pc=00000000802afe6a]
[c=21214000000 pc=0000000080ae532c]
[c=21215000000 pc=0000000080261df2]
[c=21216000000 pc=0000000080261ea0]
[c=21217000000 pc=000000008086014c]
[c=21218000000 pc=00000000802afe70]
[c=21219000000 pc=0000000080ae5330]
[c=21220000000 pc=0000000080261df2]
[c=21221000000 pc=0000000080860402]
[c=21222000000 pc=0000000080860150]
[c=21223000000 pc=00000000802afe74]
[c=21224000000 pc=0000000080ae5332]
[c=21225000000 pc=0000000080261df4]
[c=21226000000 pc=0000000080860404]
[c=21227000000 pc=0000000080860154]
[c=21228000000 pc=00000000802afe76]
[c=21229000000 pc=0000000080261fc4]
[c=21230000000 pc=0000000080261df6]
[c=21231000000 pc=0000000080860408]
[c=21232000000 pc=0000000080860156]
[c=21233000000 pc=0000000080261fdc]
[c=21234000000 pc=0000000080261f18]
[c=21235000000 pc=0000000080261df8]
[c=21236000000 pc=0000000080860414]
[c=21237000000 pc=0000000080261eb8]
[c=21238000000 pc=0000000080261fbc]
[c=21239000000 pc=0000000080261e6e]
[c=21240000000 pc=0000000080261dfa]
[c=21241000000 pc=0000000080860416]
[c=21242000000 pc=0000000080261fb2]
[c=21243000000 pc=0000000080261fc0]
[c=21244000000 pc=00000000802aff2c]
[c=21245000000 pc=0000000080261e78]
[c=21246000000 pc=0000000080261ea4]
[c=21247000000 pc=0000000080261fb6]
[c=21248000000 pc=0000000080ae530c]
[c=21249000000 pc=00000000802aff30]
[c=21250000000 pc=0000000080261e78]
[c=21251000000 pc=0000000080261eaa]
[c=21252000000 pc=0000000080261fd2]
[c=21253000000 pc=0000000080ae530e]
[c=21254000000 pc=00000000802aff32]
[c=21255000000 pc=0000000080261e7c]
[c=21256000000 pc=0000000080261eac]
[c=21257000000 pc=00000000802afaca]
[c=21258000000 pc=0000000080ae5314]
[c=21259000000 pc=00000000802aff34]
[c=21260000000 pc=0000000080261e7e]
[c=21261000000 pc=0000000080261eb0]
[c=21262000000 pc=00000000802afacc]
[c=21263000000 pc=0000000080ae5318]
[c=21264000000 pc=00000000802aff38]
[c=21265000000 pc=0000000080261e80]
[c=21266000000 pc=0000000080261eb4]
[c=21267000000 pc=00000000802afad0]
[c=21268000000 pc=0000000080ae531a]
[c=21269000000 pc=00000000802aff3c]
[c=21270000000 pc=0000000080261ddc]
[c=21271000000 pc=0000000080860130]
[c=21272000000 pc=00000000802afad8]
[c=21273000000 pc=0000000080ae5320]
[c=21274000000 pc=00000000802aff3c]
[c=21275000000 pc=0000000080261de0]
[c=21276000000 pc=0000000080860132]
[c=21277000000 pc=00000000802afada]
[c=21278000000 pc=0000000080ae304e]
[c=21279000000 pc=00000000802aff3e]
[c=21280000000 pc=0000000080261de2]
[c=21281000000 pc=0000000080860134]
[c=21282000000 pc=00000000802afade]
[c=21283000000 pc=0000000080ae3050]
[c=21284000000 pc=00000000802aff4c]
[c=21285000000 pc=0000000080261de6]
[c=21286000000 pc=0000000080860136]
[c=21287000000 pc=00000000802afae2]
[c=21288000000 pc=0000000080ae3054]
[c=21289000000 pc=00000000802aff4e]
[c=21290000000 pc=0000000080261dea]
[c=21291000000 pc=0000000080860138]
[c=21292000000 pc=0000000080261fd6]
[c=21293000000 pc=0000000080ae305c]
[c=21294000000 pc=0000000080261e72]
[c=21295000000 pc=0000000080261e88]
[c=21296000000 pc=000000008086013c]
[c=21297000000 pc=00000000802afe60]
[c=21298000000 pc=0000000080ae305e]
[c=21299000000 pc=0000000080261e74]
[c=21300000000 pc=0000000080261e90]
[c=21301000000 pc=000000008086013c]
[c=21302000000 pc=00000000802afe64]
[c=21303000000 pc=0000000080ae3062]
[c=21304000000 pc=0000000080261e74]
[c=21305000000 pc=0000000080261e96]
[c=21306000000 pc=0000000080860142]
[c=21307000000 pc=00000000802afe66]
[c=21308000000 pc=0000000080ae5328]
[c=21309000000 pc=0000000080261dee]
[c=21310000000 pc=0000000080261e9a]
[c=21311000000 pc=000000008086014a]
[c=21312000000 pc=00000000802afe6a]
[c=21313000000 pc=0000000080ae532c]
[c=21314000000 pc=0000000080261df2]
[c=21315000000 pc=0000000080261ea0]
[c=21316000000 pc=000000008086014c]
[c=21317000000 pc=00000000802afe70]
[c=21318000000 pc=0000000080ae5330]
[c=21319000000 pc=0000000080261df2]
[c=21320000000 pc=0000000080860402]
[c=21321000000 pc=0000000080860150]
[c=21322000000 pc=00000000802afe74]
[c=21323000000 pc=0000000080ae5332]
[c=21324000000 pc=0000000080261df4]
[c=21325000000 pc=0000000080860404]
[c=21326000000 pc=0000000080860154]
[c=21327000000 pc=00000000802afe76]
[c=21328000000 pc=0000000080261fc4]
[c=21329000000 pc=0000000080261df6]
[c=21330000000 pc=0000000080860408]
[c=21331000000 pc=0000000080860156]
[c=21332000000 pc=0000000080261fdc]
[c=21333000000 pc=0000000080261f18]
[c=21334000000 pc=0000000080261df8]
[c=21335000000 pc=0000000080860414]
[c=21336000000 pc=0000000080261eb8]
[c=21337000000 pc=0000000080261fbc]
[c=21338000000 pc=0000000080261e6e]
[c=21339000000 pc=0000000080261dfa]
[c=21340000000 pc=0000000080860416]
[c=21341000000 pc=0000000080261fb2]
[c=21342000000 pc=0000000080261fc0]
[c=21343000000 pc=00000000802aff2c]
[c=21344000000 pc=0000000080261e78]
[c=21345000000 pc=0000000080261ea4]
[c=21346000000 pc=0000000080261fb6]
[c=21347000000 pc=0000000080ae530c]
[c=21348000000 pc=00000000802aff30]
[c=21349000000 pc=0000000080261e78]
[c=21350000000 pc=0000000080261eaa]
[c=21351000000 pc=0000000080261fd2]
[c=21352000000 pc=0000000080ae530e]
[c=21353000000 pc=00000000802aff32]
[c=21354000000 pc=0000000080261e7c]
[c=21355000000 pc=0000000080261eac]
[c=21356000000 pc=00000000802afaca]
[c=21357000000 pc=0000000080ae5314]
[c=21358000000 pc=00000000802aff34]
[c=21359000000 pc=0000000080261e7e]
[c=21360000000 pc=0000000080261eb0]
[c=21361000000 pc=00000000802afacc]
[c=21362000000 pc=0000000080ae5318]
[c=21363000000 pc=00000000802aff38]
[c=21364000000 pc=0000000080261e80]
[c=21365000000 pc=0000000080261eb4]
[c=21366000000 pc=00000000802afad0]
[c=21367000000 pc=0000000080ae531a]
[c=21368000000 pc=00000000802aff3c]
[c=21369000000 pc=0000000080261ddc]
[c=21370000000 pc=0000000080860130]
[c=21371000000 pc=00000000802afad8]
[c=21372000000 pc=0000000080ae5320]
[c=21373000000 pc=00000000802aff3c]
[c=21374000000 pc=0000000080261de0]
[c=21375000000 pc=0000000080860132]
[c=21376000000 pc=00000000802afada]
[c=21377000000 pc=0000000080ae304e]
[c=21378000000 pc=00000000802aff3e]
[c=21379000000 pc=0000000080261de2]
[c=21380000000 pc=0000000080860134]
[c=21381000000 pc=00000000802afade]
[c=21382000000 pc=0000000080ae3050]
[c=21383000000 pc=00000000802aff4c]
[c=21384000000 pc=0000000080261de6]
[c=21385000000 pc=0000000080860136]
[c=21386000000 pc=00000000802afae2]
[c=21387000000 pc=0000000080ae3054]
[c=21388000000 pc=00000000802aff4e]
[c=21389000000 pc=0000000080261dea]
[c=21390000000 pc=0000000080860138]
[c=21391000000 pc=0000000080261fd6]
[c=21392000000 pc=0000000080ae305c]
[c=21393000000 pc=0000000080261e72]
[c=21394000000 pc=0000000080261e88]
[c=21395000000 pc=000000008086013c]
[c=21396000000 pc=00000000802afe60]
[c=21397000000 pc=0000000080ae305e]
[c=21398000000 pc=0000000080261e74]
[c=21399000000 pc=0000000080261e90]
[c=21400000000 pc=000000008086013c]
[c=21401000000 pc=00000000802afe64]
[c=21402000000 pc=0000000080ae3062]
[c=21403000000 pc=0000000080261e74]
[c=21404000000 pc=0000000080261e96]
[c=21405000000 pc=0000000080860142]
[c=21406000000 pc=00000000802afe66]
[c=21407000000 pc=0000000080ae5328]
[c=21408000000 pc=0000000080261dee]
[c=21409000000 pc=0000000080261e9a]
[c=21410000000 pc=000000008086014a]
[c=21411000000 pc=00000000802afe6a]
[c=21412000000 pc=0000000080ae532c]
[c=21413000000 pc=0000000080261df2]
[c=21414000000 pc=0000000080261ea0]
[c=21415000000 pc=000000008086014c]
[c=21416000000 pc=00000000802afe70]
[c=21417000000 pc=0000000080ae5330]
[c=21418000000 pc=0000000080261df2]
[c=21419000000 pc=0000000080860402]
[c=21420000000 pc=0000000080860150]
[c=21421000000 pc=00000000802afe74]
[c=21422000000 pc=0000000080ae5332]
[c=21423000000 pc=0000000080261df4]
[c=21424000000 pc=0000000080860404]
[c=21425000000 pc=0000000080860154]
[c=21426000000 pc=00000000802afe76]
[c=21427000000 pc=0000000080261fc4]
[c=21428000000 pc=0000000080261df6]
[c=21429000000 pc=0000000080860408]
[c=21430000000 pc=0000000080860156]
[c=21431000000 pc=0000000080261fdc]
[c=21432000000 pc=0000000080261f18]
[c=21433000000 pc=0000000080261df8]
[c=21434000000 pc=0000000080860414]
[c=21435000000 pc=0000000080261eb8]
[c=21436000000 pc=0000000080261fbc]
[c=21437000000 pc=0000000080261e6e]
[c=21438000000 pc=0000000080261dfa]
[c=21439000000 pc=0000000080860416]
[c=21440000000 pc=0000000080261fb2]
[c=21441000000 pc=0000000080261fc0]
[c=21442000000 pc=00000000802aff2c]
[c=21443000000 pc=0000000080261e78]
[c=21444000000 pc=0000000080261ea4]
[c=21445000000 pc=0000000080261fb6]
[c=21446000000 pc=0000000080ae530c]
[c=21447000000 pc=00000000802aff30]
[c=21448000000 pc=0000000080261e78]
[c=21449000000 pc=0000000080261eaa]
[c=21450000000 pc=0000000080261fd2]
[c=21451000000 pc=0000000080ae530e]
[c=21452000000 pc=00000000802aff32]
[c=21453000000 pc=0000000080261e7c]
[c=21454000000 pc=0000000080261eac]
[c=21455000000 pc=00000000802afaca]
[c=21456000000 pc=0000000080ae5314]
[c=21457000000 pc=00000000802aff34]
[c=21458000000 pc=0000000080261e7e]
[c=21459000000 pc=0000000080261eb0]
[c=21460000000 pc=00000000802afacc]
[c=21461000000 pc=0000000080ae5318]
[c=21462000000 pc=00000000802aff38]
[c=21463000000 pc=0000000080261e80]
[c=21464000000 pc=0000000080261eb4]
[c=21465000000 pc=00000000802afad0]
[c=21466000000 pc=0000000080ae531a]
[c=21467000000 pc=00000000802aff3c]
[c=21468000000 pc=0000000080261ddc]
[c=21469000000 pc=0000000080860130]
[c=21470000000 pc=00000000802afad8]
[c=21471000000 pc=0000000080ae5320]
[c=21472000000 pc=00000000802aff3c]
[c=21473000000 pc=0000000080261de0]
[c=21474000000 pc=0000000080860132]
[c=21475000000 pc=00000000802afada]
[c=21476000000 pc=0000000080ae304e]
[c=21477000000 pc=00000000802aff3e]
[c=21478000000 pc=0000000080261de2]
[c=21479000000 pc=0000000080860134]
[c=21480000000 pc=00000000802afade]
[c=21481000000 pc=0000000080ae3050]
[c=21482000000 pc=00000000802aff4c]
[c=21483000000 pc=0000000080261de6]
[c=21484000000 pc=0000000080860136]
[c=21485000000 pc=00000000802afae2]
[c=21486000000 pc=0000000080ae3054]
[c=21487000000 pc=00000000802aff4e]
[c=21488000000 pc=0000000080261dea]
[c=21489000000 pc=0000000080860138]
[c=21490000000 pc=0000000080261fd6]
[c=21491000000 pc=0000000080ae305c]
[c=21492000000 pc=0000000080261e72]
[c=21493000000 pc=0000000080261e88]
[c=21494000000 pc=000000008086013c]
[c=21495000000 pc=00000000802afe60]
[c=21496000000 pc=0000000080ae305e]
[c=21497000000 pc=0000000080261e74]
[c=21498000000 pc=0000000080261e90]
[c=21499000000 pc=000000008086013c]
[c=21500000000 pc=00000000802afe64]
[c=21501000000 pc=0000000080ae3062]
[c=21502000000 pc=0000000080261e74]
[c=21503000000 pc=0000000080261e96]
[c=21504000000 pc=0000000080860142]
[c=21505000000 pc=00000000802afe66]
[c=21506000000 pc=0000000080ae5328]
[c=21507000000 pc=0000000080261dee]
[c=21508000000 pc=0000000080261e9a]
[c=21509000000 pc=000000008086014a]
[c=21510000000 pc=00000000802afe6a]
[c=21511000000 pc=0000000080ae532c]
[c=21512000000 pc=0000000080261df2]
[c=21513000000 pc=0000000080261ea0]
[c=21514000000 pc=000000008086014c]
[c=21515000000 pc=00000000802afe70]
[c=21516000000 pc=0000000080ae5330]
[c=21517000000 pc=0000000080261df2]
[c=21518000000 pc=0000000080860402]
[c=21519000000 pc=0000000080860150]
[c=21520000000 pc=00000000802afe74]
[c=21521000000 pc=0000000080ae5332]
[c=21522000000 pc=0000000080261df4]
[c=21523000000 pc=0000000080860404]
[c=21524000000 pc=0000000080860154]
[c=21525000000 pc=00000000802afe76]
[c=21526000000 pc=0000000080261fc4]
[c=21527000000 pc=0000000080261df6]
[c=21528000000 pc=0000000080860408]
[c=21529000000 pc=0000000080860156]
[c=21530000000 pc=0000000080261fdc]
[c=21531000000 pc=0000000080261f18]
[c=21532000000 pc=0000000080261df8]
[c=21533000000 pc=0000000080860414]
[c=21534000000 pc=0000000080261eb8]
[c=21535000000 pc=0000000080261fbc]
[c=21536000000 pc=0000000080261e6e]
[c=21537000000 pc=0000000080261dfa]
[c=21538000000 pc=0000000080860416]
[c=21539000000 pc=0000000080261fb2]
[c=21540000000 pc=0000000080261fc0]
[c=21541000000 pc=00000000802aff2c]
[c=21542000000 pc=0000000080261e78]
[c=21543000000 pc=0000000080261ea4]
[c=21544000000 pc=0000000080261fb6]
[c=21545000000 pc=0000000080ae530c]
[c=21546000000 pc=00000000802aff30]
[c=21547000000 pc=0000000080261e78]
[c=21548000000 pc=0000000080261eaa]
[c=21549000000 pc=0000000080261fd2]
[c=21550000000 pc=0000000080ae530e]
[c=21551000000 pc=00000000802aff32]
[c=21552000000 pc=0000000080261e7c]
[c=21553000000 pc=0000000080261eac]
[c=21554000000 pc=00000000802afaca]
[c=21555000000 pc=0000000080ae5314]
[c=21556000000 pc=00000000802aff34]
[c=21557000000 pc=0000000080261e7e]
[c=21558000000 pc=0000000080261eb0]
[c=21559000000 pc=00000000802afacc]
[c=21560000000 pc=0000000080ae5318]
[c=21561000000 pc=00000000802aff38]
[c=21562000000 pc=0000000080261e80]
[c=21563000000 pc=0000000080261eb4]
[c=21564000000 pc=00000000802afad0]
[c=21565000000 pc=0000000080ae531a]
[c=21566000000 pc=00000000802aff3c]
[c=21567000000 pc=0000000080261ddc]
[c=21568000000 pc=0000000080860130]
[c=21569000000 pc=00000000802afad8]
[c=21570000000 pc=0000000080ae5320]
[c=21571000000 pc=00000000802aff3c]
[c=21572000000 pc=0000000080261de0]
[c=21573000000 pc=0000000080860132]
[c=21574000000 pc=00000000802afada]
[c=21575000000 pc=0000000080ae304e]
[c=21576000000 pc=00000000802aff3e]
[c=21577000000 pc=0000000080261de2]
[c=21578000000 pc=0000000080860134]
[c=21579000000 pc=00000000802afade]
[c=21580000000 pc=0000000080ae3050]
[c=21581000000 pc=00000000802aff4c]
[c=21582000000 pc=0000000080261de6]
[c=21583000000 pc=0000000080860136]
[c=21584000000 pc=00000000802afae2]
[c=21585000000 pc=0000000080ae3054]
[c=21586000000 pc=00000000802aff4e]
[c=21587000000 pc=0000000080261dea]
[c=21588000000 pc=0000000080860138]
[c=21589000000 pc=0000000080261fd6]
[c=21590000000 pc=0000000080ae305c]
[c=21591000000 pc=0000000080261e72]
[c=21592000000 pc=0000000080261e88]
[c=21593000000 pc=000000008086013c]
[c=21594000000 pc=00000000802afe60]
[c=21595000000 pc=0000000080ae305e]
[c=21596000000 pc=0000000080261e74]
[c=21597000000 pc=0000000080261e90]
[c=21598000000 pc=000000008086013c]
[c=21599000000 pc=00000000802afe64]
[c=21600000000 pc=0000000080ae3062]
[c=21601000000 pc=0000000080261e74]
[c=21602000000 pc=0000000080261e96]
[c=21603000000 pc=0000000080860142]
[c=21604000000 pc=00000000802afe66]
[c=21605000000 pc=0000000080ae5328]
[c=21606000000 pc=0000000080261dee]
[c=21607000000 pc=0000000080261e9a]
[c=21608000000 pc=000000008086014a]
[c=21609000000 pc=00000000802afe6a]
[c=21610000000 pc=0000000080ae532c]
[c=21611000000 pc=0000000080261df2]
[c=21612000000 pc=0000000080261ea0]
[c=21613000000 pc=000000008086014c]
[c=21614000000 pc=00000000802afe70]
[c=21615000000 pc=0000000080ae5330]
[c=21616000000 pc=0000000080261df2]
[c=21617000000 pc=0000000080860402]
[c=21618000000 pc=0000000080860150]
[c=21619000000 pc=00000000802afe74]
[c=21620000000 pc=0000000080ae5332]
[c=21621000000 pc=0000000080261df4]
[c=21622000000 pc=0000000080860404]
[c=21623000000 pc=0000000080860154]
[c=21624000000 pc=00000000802afe76]
[c=21625000000 pc=0000000080261fc4]
[c=21626000000 pc=0000000080261df6]
[c=21627000000 pc=0000000080860408]
[c=21628000000 pc=0000000080860156]
[c=21629000000 pc=0000000080261fdc]
[c=21630000000 pc=0000000080261f18]
[c=21631000000 pc=0000000080261df8]
[c=21632000000 pc=0000000080860414]
[c=21633000000 pc=0000000080261eb8]
[c=21634000000 pc=0000000080261fbc]
[c=21635000000 pc=0000000080261e6e]
[c=21636000000 pc=0000000080261dfa]
[c=21637000000 pc=0000000080860416]
[c=21638000000 pc=0000000080261fb2]
[c=21639000000 pc=0000000080261fc0]
[c=21640000000 pc=00000000802aff2c]
[c=21641000000 pc=0000000080261e78]
[c=21642000000 pc=0000000080261ea4]
[c=21643000000 pc=0000000080261fb6]
[c=21644000000 pc=0000000080ae530c]
[c=21645000000 pc=00000000802aff30]
[c=21646000000 pc=0000000080261e78]
[c=21647000000 pc=0000000080261eaa]
[c=21648000000 pc=0000000080261fd2]
[c=21649000000 pc=0000000080ae530e]
[c=21650000000 pc=00000000802aff32]
[c=21651000000 pc=0000000080261e7c]
[c=21652000000 pc=0000000080261eac]
[c=21653000000 pc=00000000802afaca]
[c=21654000000 pc=0000000080ae5314]
[c=21655000000 pc=00000000802aff34]
[c=21656000000 pc=0000000080261e7e]
[c=21657000000 pc=0000000080261eb0]
[c=21658000000 pc=00000000802afacc]
[c=21659000000 pc=0000000080ae5318]
[c=21660000000 pc=00000000802aff38]
[c=21661000000 pc=0000000080261e80]
[c=21662000000 pc=0000000080261eb4]
[c=21663000000 pc=00000000802afad0]
[c=21664000000 pc=0000000080ae531a]
[c=21665000000 pc=00000000802aff3c]
[c=21666000000 pc=0000000080261ddc]
[c=21667000000 pc=0000000080860130]
[c=21668000000 pc=00000000802afad8]
[c=21669000000 pc=0000000080ae5320]
[c=21670000000 pc=00000000802aff3c]
[c=21671000000 pc=0000000080261de0]
[c=21672000000 pc=0000000080860132]
[c=21673000000 pc=00000000802afada]
[c=21674000000 pc=0000000080ae304e]
[c=21675000000 pc=00000000802aff3e]
[c=21676000000 pc=0000000080261de2]
[c=21677000000 pc=0000000080860134]
[c=21678000000 pc=00000000802afade]
[c=21679000000 pc=0000000080ae3050]
[c=21680000000 pc=00000000802aff4c]
[c=21681000000 pc=0000000080261de6]
[c=21682000000 pc=0000000080860136]
[c=21683000000 pc=00000000802afae2]
[c=21684000000 pc=0000000080ae3054]
[c=21685000000 pc=00000000802aff4e]
[c=21686000000 pc=0000000080261dea]
[c=21687000000 pc=0000000080860138]
[c=21688000000 pc=0000000080261fd6]
[c=21689000000 pc=0000000080ae305c]
[c=21690000000 pc=0000000080261e72]
[c=21691000000 pc=0000000080261e88]
[c=21692000000 pc=000000008086013c]
[c=21693000000 pc=00000000802afe60]
[c=21694000000 pc=0000000080ae305e]
[c=21695000000 pc=0000000080261e74]
[c=21696000000 pc=0000000080261e90]
[c=21697000000 pc=000000008086013c]
[c=21698000000 pc=00000000802afe64]
[c=21699000000 pc=0000000080ae3062]
[c=21700000000 pc=0000000080261e74]
[c=21701000000 pc=0000000080261e96]
[c=21702000000 pc=0000000080860142]
[c=21703000000 pc=00000000802afe66]
[c=21704000000 pc=0000000080ae5328]
[c=21705000000 pc=0000000080261dee]
[c=21706000000 pc=0000000080261e9a]
[c=21707000000 pc=000000008086014a]
[c=21708000000 pc=00000000802afe6a]
[c=21709000000 pc=0000000080ae532c]
[c=21710000000 pc=0000000080261df2]
[c=21711000000 pc=0000000080261ea0]
[c=21712000000 pc=000000008086014c]
[c=21713000000 pc=00000000802afe70]
[c=21714000000 pc=0000000080ae5330]
[c=21715000000 pc=0000000080261df2]
[c=21716000000 pc=0000000080860402]
[c=21717000000 pc=0000000080860150]
[c=21718000000 pc=00000000802afe74]
[c=21719000000 pc=0000000080ae5332]
[c=21720000000 pc=0000000080261df4]
[c=21721000000 pc=0000000080860404]
[c=21722000000 pc=0000000080860154]
[c=21723000000 pc=00000000802afe76]
[c=21724000000 pc=0000000080261fc4]
[c=21725000000 pc=0000000080261df6]
[c=21726000000 pc=0000000080860408]
[c=21727000000 pc=0000000080860156]
[c=21728000000 pc=0000000080261fdc]
[c=21729000000 pc=0000000080261f18]
[c=21730000000 pc=0000000080261df8]
[c=21731000000 pc=0000000080860414]
[c=21732000000 pc=0000000080261eb8]
[c=21733000000 pc=0000000080261fbc]
[c=21734000000 pc=0000000080261e6e]
[c=21735000000 pc=0000000080261dfa]
[c=21736000000 pc=0000000080860416]
[c=21737000000 pc=0000000080261fb2]
[c=21738000000 pc=0000000080261fc0]
[c=21739000000 pc=00000000802aff2c]
[c=21740000000 pc=0000000080261e78]
[c=21741000000 pc=0000000080261ea4]
[c=21742000000 pc=0000000080261fb6]
[c=21743000000 pc=0000000080ae530c]
[c=21744000000 pc=00000000802aff30]
[c=21745000000 pc=0000000080261e78]
[c=21746000000 pc=0000000080261eaa]
[c=21747000000 pc=0000000080261fd2]
[c=21748000000 pc=0000000080ae530e]
[c=21749000000 pc=00000000802aff32]
[c=21750000000 pc=0000000080261e7c]
[c=21751000000 pc=0000000080261eac]
[c=21752000000 pc=00000000802afaca]
[c=21753000000 pc=0000000080ae5314]
[c=21754000000 pc=00000000802aff34]
[c=21755000000 pc=0000000080261e7e]
[c=21756000000 pc=0000000080261eb0]
[c=21757000000 pc=00000000802afacc]
[c=21758000000 pc=0000000080ae5318]
[c=21759000000 pc=00000000802aff38]
[c=21760000000 pc=0000000080261e80]
[c=21761000000 pc=0000000080261eb4]
[c=21762000000 pc=00000000802afad0]
[c=21763000000 pc=0000000080ae531a]
[c=21764000000 pc=00000000802aff3c]
[c=21765000000 pc=0000000080261ddc]
[c=21766000000 pc=0000000080860130]
[c=21767000000 pc=00000000802afad8]
[c=21768000000 pc=0000000080ae5320]
[c=21769000000 pc=00000000802aff3c]
[c=21770000000 pc=0000000080261de0]
[c=21771000000 pc=0000000080860132]
[c=21772000000 pc=00000000802afada]
[c=21773000000 pc=0000000080ae304e]
[c=21774000000 pc=00000000802aff3e]
[c=21775000000 pc=0000000080261de2]
[c=21776000000 pc=0000000080860134]
[c=21777000000 pc=00000000802afade]
[c=21778000000 pc=0000000080ae3050]
[c=21779000000 pc=00000000802aff4c]
[c=21780000000 pc=0000000080261de6]
[c=21781000000 pc=0000000080860136]
[c=21782000000 pc=00000000802afae2]
[c=21783000000 pc=0000000080ae3054]
[c=21784000000 pc=00000000802aff4e]
[c=21785000000 pc=0000000080261dea]
[c=21786000000 pc=0000000080860138]
[c=21787000000 pc=0000000080261fd6]
[c=21788000000 pc=0000000080ae305c]
[c=21789000000 pc=0000000080261e72]
[c=21790000000 pc=0000000080261e88]
[c=21791000000 pc=000000008086013c]
[c=21792000000 pc=00000000802afe60]
[c=21793000000 pc=0000000080ae305e]
[c=21794000000 pc=0000000080261e74]
[c=21795000000 pc=0000000080261e90]
[c=21796000000 pc=000000008086013c]
[c=21797000000 pc=00000000802afe64]
[c=21798000000 pc=0000000080ae3062]
[c=21799000000 pc=0000000080261e74]
[c=21800000000 pc=0000000080261e96]
[c=21801000000 pc=0000000080860142]
[c=21802000000 pc=00000000802afe66]
[c=21803000000 pc=0000000080ae5328]
[c=21804000000 pc=0000000080261dee]
[c=21805000000 pc=0000000080261e9a]
[c=21806000000 pc=000000008086014a]
[c=21807000000 pc=00000000802afe6a]
[c=21808000000 pc=0000000080ae532c]
[c=21809000000 pc=0000000080261df2]
[c=21810000000 pc=0000000080261ea0]
[c=21811000000 pc=000000008086014c]
[c=21812000000 pc=00000000802afe70]
[c=21813000000 pc=0000000080ae5330]
[c=21814000000 pc=0000000080261df2]
[c=21815000000 pc=0000000080860402]
[c=21816000000 pc=0000000080860150]
[c=21817000000 pc=00000000802afe74]
[c=21818000000 pc=0000000080ae5332]
[c=21819000000 pc=0000000080261df4]
[c=21820000000 pc=0000000080860404]
[c=21821000000 pc=0000000080860154]
[c=21822000000 pc=00000000802afe76]
[c=21823000000 pc=0000000080261fc4]
[c=21824000000 pc=0000000080261df6]
[c=21825000000 pc=0000000080860408]
[c=21826000000 pc=0000000080860156]
[c=21827000000 pc=0000000080261fdc]
[c=21828000000 pc=0000000080261f18]
[c=21829000000 pc=0000000080261df8]
[c=21830000000 pc=0000000080860414]
[c=21831000000 pc=0000000080261eb8]
[c=21832000000 pc=0000000080261fbc]
[c=21833000000 pc=0000000080261e6e]
[c=21834000000 pc=0000000080261dfa]
[c=21835000000 pc=0000000080860416]
[c=21836000000 pc=0000000080261fb2]
[c=21837000000 pc=0000000080261fc0]
[c=21838000000 pc=00000000802aff2c]
[c=21839000000 pc=0000000080261e78]
[c=21840000000 pc=0000000080261ea4]
[c=21841000000 pc=0000000080261fb6]
[c=21842000000 pc=0000000080ae530c]
[c=21843000000 pc=00000000802aff30]
[c=21844000000 pc=0000000080261e78]
[c=21845000000 pc=0000000080261eaa]
[c=21846000000 pc=0000000080261fd2]
[c=21847000000 pc=0000000080ae530e]
[c=21848000000 pc=00000000802aff32]
[c=21849000000 pc=0000000080261e7c]
[c=21850000000 pc=0000000080261eac]
[c=21851000000 pc=00000000802afaca]
[c=21852000000 pc=0000000080ae5314]
[c=21853000000 pc=00000000802aff34]
[c=21854000000 pc=0000000080261e7e]
[c=21855000000 pc=0000000080261eb0]
[c=21856000000 pc=00000000802afacc]
[c=21857000000 pc=0000000080ae5318]
[c=21858000000 pc=00000000802aff38]
[c=21859000000 pc=0000000080261e80]
[c=21860000000 pc=0000000080261eb4]
[c=21861000000 pc=00000000802afad0]
[c=21862000000 pc=0000000080ae531a]
[c=21863000000 pc=00000000802aff3c]
[c=21864000000 pc=0000000080261ddc]
[c=21865000000 pc=0000000080860130]
[c=21866000000 pc=00000000802afad8]
[c=21867000000 pc=0000000080ae5320]
[c=21868000000 pc=00000000802aff3c]
[c=21869000000 pc=0000000080261de0]
[c=21870000000 pc=0000000080860132]
[c=21871000000 pc=00000000802afada]
[c=21872000000 pc=0000000080ae304e]
[c=21873000000 pc=00000000802aff3e]
[c=21874000000 pc=0000000080261de2]
[c=21875000000 pc=0000000080860134]
[c=21876000000 pc=00000000802afade]
[c=21877000000 pc=0000000080ae3050]
[c=21878000000 pc=00000000802aff4c]
[c=21879000000 pc=0000000080261de6]
[c=21880000000 pc=0000000080860136]
[c=21881000000 pc=00000000802afae2]
[c=21882000000 pc=0000000080ae3054]
[c=21883000000 pc=00000000802aff4e]
[c=21884000000 pc=0000000080261dea]
[c=21885000000 pc=0000000080860138]
[c=21886000000 pc=0000000080261fd6]
[c=21887000000 pc=0000000080ae305c]
[c=21888000000 pc=0000000080261e72]
[c=21889000000 pc=0000000080261e88]
[c=21890000000 pc=000000008086013c]
[c=21891000000 pc=00000000802afe60]
[c=21892000000 pc=0000000080ae305e]
[c=21893000000 pc=0000000080261e74]
[c=21894000000 pc=0000000080261e90]
[c=21895000000 pc=000000008086013c]
[c=21896000000 pc=00000000802afe64]
[c=21897000000 pc=0000000080ae3062]
[c=21898000000 pc=0000000080261e74]
[c=21899000000 pc=0000000080261e96]
[c=21900000000 pc=0000000080860142]
[c=21901000000 pc=00000000802afe66]
[c=21902000000 pc=0000000080ae5328]
[c=21903000000 pc=0000000080261dee]
[c=21904000000 pc=0000000080261e9a]
[c=21905000000 pc=000000008086014a]
[c=21906000000 pc=00000000802afe6a]
[c=21907000000 pc=0000000080ae532c]
[c=21908000000 pc=0000000080261df2]
[c=21909000000 pc=0000000080261ea0]
[c=21910000000 pc=000000008086014c]
[c=21911000000 pc=00000000802afe70]
[c=21912000000 pc=0000000080ae5330]
[c=21913000000 pc=0000000080261df2]
[c=21914000000 pc=0000000080860402]
[c=21915000000 pc=0000000080860150]
[c=21916000000 pc=00000000802afe74]
[c=21917000000 pc=0000000080ae5332]
[c=21918000000 pc=0000000080261df4]
[c=21919000000 pc=0000000080860404]
[c=21920000000 pc=0000000080860154]
[c=21921000000 pc=00000000802afe76]
[c=21922000000 pc=0000000080261fc4]
[c=21923000000 pc=0000000080261df6]
[c=21924000000 pc=0000000080860408]
[c=21925000000 pc=0000000080860156]
[c=21926000000 pc=0000000080261fdc]
[c=21927000000 pc=0000000080261f18]
[c=21928000000 pc=0000000080261df8]
[c=21929000000 pc=0000000080860414]
[c=21930000000 pc=0000000080261eb8]
[c=21931000000 pc=0000000080261fbc]
[c=21932000000 pc=0000000080261e6e]
[c=21933000000 pc=0000000080261dfa]
[c=21934000000 pc=0000000080860416]
[c=21935000000 pc=0000000080261fb2]
[c=21936000000 pc=0000000080261fc0]
[c=21937000000 pc=00000000802aff2c]
[c=21938000000 pc=0000000080261e78]
[c=21939000000 pc=0000000080261ea4]
[c=21940000000 pc=0000000080261fb6]
[c=21941000000 pc=0000000080ae530c]
[c=21942000000 pc=00000000802aff30]
[c=21943000000 pc=0000000080261e78]
[c=21944000000 pc=0000000080261eaa]
[c=21945000000 pc=0000000080261fd2]
[c=21946000000 pc=0000000080ae530e]
[c=21947000000 pc=00000000802aff32]
[c=21948000000 pc=0000000080261e7c]
[c=21949000000 pc=0000000080261eac]
[c=21950000000 pc=00000000802afaca]
[c=21951000000 pc=0000000080ae5314]
[c=21952000000 pc=00000000802aff34]
[c=21953000000 pc=0000000080261e7e]
[c=21954000000 pc=0000000080261eb0]
[c=21955000000 pc=00000000802afacc]
[c=21956000000 pc=0000000080ae5318]
[c=21957000000 pc=00000000802aff38]
[c=21958000000 pc=0000000080261e80]
[c=21959000000 pc=0000000080261eb4]
[c=21960000000 pc=00000000802afad0]
[c=21961000000 pc=0000000080ae531a]
[c=21962000000 pc=00000000802aff3c]
[c=21963000000 pc=0000000080261ddc]
[c=21964000000 pc=0000000080860130]
[c=21965000000 pc=00000000802afad8]
[c=21966000000 pc=0000000080ae5320]
[c=21967000000 pc=00000000802aff3c]
[c=21968000000 pc=0000000080261de0]
[c=21969000000 pc=0000000080860132]
[c=21970000000 pc=00000000802afada]
[c=21971000000 pc=0000000080ae304e]
[c=21972000000 pc=00000000802aff3e]
[c=21973000000 pc=0000000080261de2]
[c=21974000000 pc=0000000080860134]
[c=21975000000 pc=00000000802afade]
[c=21976000000 pc=0000000080ae3050]
[c=21977000000 pc=00000000802aff4c]
[c=21978000000 pc=0000000080261de6]
[c=21979000000 pc=0000000080860136]
[c=21980000000 pc=00000000802afae2]
[c=21981000000 pc=0000000080ae3054]
[c=21982000000 pc=00000000802aff4e]
[c=21983000000 pc=0000000080261dea]
[c=21984000000 pc=0000000080860138]
[c=21985000000 pc=0000000080261fd6]
[c=21986000000 pc=0000000080ae305c]
[c=21987000000 pc=0000000080261e72]
[c=21988000000 pc=0000000080261e88]
[c=21989000000 pc=000000008086013c]
[c=21990000000 pc=00000000802afe60]
[c=21991000000 pc=0000000080ae305e]
[c=21992000000 pc=0000000080261e74]
[c=21993000000 pc=0000000080261e90]
[c=21994000000 pc=000000008086013c]
[c=21995000000 pc=00000000802afe64]
[c=21996000000 pc=0000000080ae3062]
[c=21997000000 pc=0000000080261e74]
[c=21998000000 pc=0000000080261e96]
[c=21999000000 pc=0000000080860142]
[c=22000000000 pc=00000000802afe66]
[c=22001000000 pc=0000000080ae5328]
[c=22002000000 pc=0000000080261dee]
[c=22003000000 pc=0000000080261e9a]
[c=22004000000 pc=000000008086014a]
[c=22005000000 pc=00000000802afe6a]
[c=22006000000 pc=0000000080ae532c]
[c=22007000000 pc=0000000080261df2]
[c=22008000000 pc=0000000080261ea0]
[c=22009000000 pc=000000008086014c]
[c=22010000000 pc=00000000802afe70]
[c=22011000000 pc=0000000080ae5330]
[c=22012000000 pc=0000000080261df2]
[c=22013000000 pc=0000000080860402]
[c=22014000000 pc=0000000080860150]
[c=22015000000 pc=00000000802afe74]
[c=22016000000 pc=0000000080ae5332]
[c=22017000000 pc=0000000080261df4]
[c=22018000000 pc=0000000080860404]
[c=22019000000 pc=0000000080860154]
[c=22020000000 pc=00000000802afe76]
[c=22021000000 pc=0000000080261fc4]
[c=22022000000 pc=0000000080261df6]
[c=22023000000 pc=0000000080860408]
[c=22024000000 pc=0000000080860156]
[c=22025000000 pc=0000000080261fdc]
[c=22026000000 pc=0000000080261f18]
[c=22027000000 pc=0000000080261df8]
[c=22028000000 pc=0000000080860414]
[c=22029000000 pc=0000000080261eb8]
[c=22030000000 pc=0000000080261fbc]
[c=22031000000 pc=0000000080261e6e]
[c=22032000000 pc=0000000080261dfa]
[c=22033000000 pc=0000000080860416]
[c=22034000000 pc=0000000080261fb2]
[c=22035000000 pc=0000000080261fc0]
[c=22036000000 pc=00000000802aff2c]
[c=22037000000 pc=0000000080261e78]
[c=22038000000 pc=0000000080261ea4]
[c=22039000000 pc=0000000080261fb6]
[c=22040000000 pc=0000000080ae530c]
[c=22041000000 pc=00000000802aff30]
[c=22042000000 pc=0000000080261e78]
[c=22043000000 pc=0000000080261eaa]
[c=22044000000 pc=0000000080261fd2]
[c=22045000000 pc=0000000080ae530e]
[c=22046000000 pc=00000000802aff32]
[c=22047000000 pc=0000000080261e7c]
[c=22048000000 pc=0000000080261eac]
[c=22049000000 pc=00000000802afaca]
[c=22050000000 pc=0000000080ae5314]
[c=22051000000 pc=00000000802aff34]
[c=22052000000 pc=0000000080261e7e]
[c=22053000000 pc=0000000080261eb0]
[c=22054000000 pc=00000000802afacc]
[c=22055000000 pc=0000000080ae5318]
[c=22056000000 pc=00000000802aff38]
[c=22057000000 pc=0000000080261e80]
[c=22058000000 pc=0000000080261eb4]
[c=22059000000 pc=00000000802afad0]
[c=22060000000 pc=0000000080ae531a]
[c=22061000000 pc=00000000802aff3c]
[c=22062000000 pc=0000000080261ddc]
[c=22063000000 pc=0000000080860130]
[c=22064000000 pc=00000000802afad8]
[c=22065000000 pc=0000000080ae5320]
[c=22066000000 pc=00000000802aff3c]
[c=22067000000 pc=0000000080261de0]
[c=22068000000 pc=0000000080860132]
[c=22069000000 pc=00000000802afada]
[c=22070000000 pc=0000000080ae304e]
[c=22071000000 pc=00000000802aff3e]
[c=22072000000 pc=0000000080261de2]
[c=22073000000 pc=0000000080860134]
[c=22074000000 pc=00000000802afade]
[c=22075000000 pc=0000000080ae3050]
[c=22076000000 pc=00000000802aff4c]
[c=22077000000 pc=0000000080261de6]
[c=22078000000 pc=0000000080860136]
[c=22079000000 pc=00000000802afae2]
[c=22080000000 pc=0000000080ae3054]
[c=22081000000 pc=00000000802aff4e]
[c=22082000000 pc=0000000080261dea]
[c=22083000000 pc=0000000080860138]
[c=22084000000 pc=0000000080261fd6]
[c=22085000000 pc=0000000080ae305c]
[c=22086000000 pc=0000000080261e72]
[c=22087000000 pc=0000000080261e88]
[c=22088000000 pc=000000008086013c]
[c=22089000000 pc=00000000802afe60]
[c=22090000000 pc=0000000080ae305e]
[c=22091000000 pc=0000000080261e74]
[c=22092000000 pc=0000000080261e90]
[c=22093000000 pc=000000008086013c]
[c=22094000000 pc=00000000802afe64]
[c=22095000000 pc=0000000080ae3062]
[c=22096000000 pc=0000000080261e74]
[c=22097000000 pc=0000000080261e96]
[c=22098000000 pc=0000000080860142]
[c=22099000000 pc=00000000802afe66]
[c=22100000000 pc=0000000080ae5328]
[c=22101000000 pc=0000000080261dee]
[c=22102000000 pc=0000000080261e9a]
[c=22103000000 pc=000000008086014a]
[c=22104000000 pc=00000000802afe6a]
[c=22105000000 pc=0000000080ae532c]
[c=22106000000 pc=0000000080261df2]
[c=22107000000 pc=0000000080261ea0]
[c=22108000000 pc=000000008086014c]
[c=22109000000 pc=00000000802afe70]
[c=22110000000 pc=0000000080ae5330]
[c=22111000000 pc=0000000080261df2]
[c=22112000000 pc=0000000080860402]
[c=22113000000 pc=0000000080860150]
[c=22114000000 pc=00000000802afe74]
[c=22115000000 pc=0000000080ae5332]
[c=22116000000 pc=0000000080261df4]
[c=22117000000 pc=0000000080860404]
[c=22118000000 pc=0000000080860154]
[c=22119000000 pc=00000000802afe76]
[c=22120000000 pc=0000000080261fc4]
[c=22121000000 pc=0000000080261df6]
[c=22122000000 pc=0000000080860408]
[c=22123000000 pc=0000000080860156]
[c=22124000000 pc=0000000080261fdc]
[c=22125000000 pc=0000000080261f18]
[c=22126000000 pc=0000000080261df8]
[c=22127000000 pc=0000000080860414]
[c=22128000000 pc=0000000080261eb8]
[c=22129000000 pc=0000000080261fbc]
[c=22130000000 pc=0000000080261e6e]
[c=22131000000 pc=0000000080261dfa]
[c=22132000000 pc=0000000080860416]
[c=22133000000 pc=0000000080261fb2]
[c=22134000000 pc=0000000080261fc0]
[c=22135000000 pc=00000000802aff2c]
[c=22136000000 pc=0000000080261e78]
[c=22137000000 pc=0000000080261ea4]
[c=22138000000 pc=0000000080261fb6]
[c=22139000000 pc=0000000080ae530c]
[c=22140000000 pc=00000000802aff30]
[c=22141000000 pc=0000000080261e78]
[c=22142000000 pc=0000000080261eaa]
[c=22143000000 pc=0000000080261fd2]
[c=22144000000 pc=0000000080ae530e]
[c=22145000000 pc=00000000802aff32]
[c=22146000000 pc=0000000080261e7c]
[c=22147000000 pc=0000000080261eac]
[c=22148000000 pc=00000000802afaca]
[c=22149000000 pc=0000000080ae5314]
[c=22150000000 pc=00000000802aff34]
[c=22151000000 pc=0000000080261e7e]
[c=22152000000 pc=0000000080261eb0]
[c=22153000000 pc=00000000802afacc]
[c=22154000000 pc=0000000080ae5318]
[c=22155000000 pc=00000000802aff38]
[c=22156000000 pc=0000000080261e80]
[c=22157000000 pc=0000000080261eb4]
[c=22158000000 pc=00000000802afad0]
[c=22159000000 pc=0000000080ae531a]
[c=22160000000 pc=00000000802aff3c]
[c=22161000000 pc=0000000080261ddc]
[c=22162000000 pc=0000000080860130]
[c=22163000000 pc=00000000802afad8]
[c=22164000000 pc=0000000080ae5320]
[c=22165000000 pc=00000000802aff3c]
[c=22166000000 pc=0000000080261de0]
[c=22167000000 pc=0000000080860132]
[c=22168000000 pc=00000000802afada]
[c=22169000000 pc=0000000080ae304e]
[c=22170000000 pc=00000000802aff3e]
[c=22171000000 pc=0000000080261de2]
[c=22172000000 pc=0000000080860134]
[c=22173000000 pc=00000000802afade]
[c=22174000000 pc=0000000080ae3050]
[c=22175000000 pc=00000000802aff4c]
[c=22176000000 pc=0000000080261de6]
[c=22177000000 pc=0000000080860136]
[c=22178000000 pc=00000000802afae2]
[c=22179000000 pc=0000000080ae3054]
[c=22180000000 pc=00000000802aff4e]
[c=22181000000 pc=0000000080261dea]
[c=22182000000 pc=0000000080860138]
[c=22183000000 pc=0000000080261fd6]
[c=22184000000 pc=0000000080ae305c]
[c=22185000000 pc=0000000080261e72]
[c=22186000000 pc=0000000080261e88]
[c=22187000000 pc=000000008086013c]
[c=22188000000 pc=00000000802afe60]
[c=22189000000 pc=0000000080ae305e]
[c=22190000000 pc=0000000080261e74]
[c=22191000000 pc=0000000080261e90]
[c=22192000000 pc=000000008086013c]
[c=22193000000 pc=00000000802afe64]
[c=22194000000 pc=0000000080ae3062]
[c=22195000000 pc=0000000080261e74]
[c=22196000000 pc=0000000080261e96]
[c=22197000000 pc=0000000080860142]
[c=22198000000 pc=00000000802afe66]
[c=22199000000 pc=0000000080ae5328]
[c=22200000000 pc=0000000080261dee]
[c=22201000000 pc=0000000080261e9a]
[c=22202000000 pc=000000008086014a]
[c=22203000000 pc=00000000802afe6a]
[c=22204000000 pc=0000000080ae532c]
[c=22205000000 pc=0000000080261df2]
[c=22206000000 pc=0000000080261ea0]
[c=22207000000 pc=000000008086014c]
[c=22208000000 pc=00000000802afe70]
[c=22209000000 pc=0000000080ae5330]
[c=22210000000 pc=0000000080261df2]
[c=22211000000 pc=0000000080860402]
[c=22212000000 pc=0000000080860150]
[c=22213000000 pc=00000000802afe74]
[c=22214000000 pc=0000000080ae5332]
[c=22215000000 pc=0000000080261df4]
[c=22216000000 pc=0000000080860404]
[c=22217000000 pc=0000000080860154]
[c=22218000000 pc=00000000802afe76]
[c=22219000000 pc=0000000080261fc4]
[c=22220000000 pc=0000000080261df6]
[c=22221000000 pc=0000000080860408]
[c=22222000000 pc=0000000080860156]
[c=22223000000 pc=0000000080261fdc]
[c=22224000000 pc=0000000080261f18]
[c=22225000000 pc=0000000080261df8]
[c=22226000000 pc=0000000080860414]
[c=22227000000 pc=0000000080261eb8]
[c=22228000000 pc=0000000080261fbc]
[c=22229000000 pc=0000000080261e6e]
[c=22230000000 pc=0000000080261dfa]
[c=22231000000 pc=0000000080860416]
[c=22232000000 pc=0000000080261fb2]
[c=22233000000 pc=0000000080261fc0]
[c=22234000000 pc=00000000802aff2c]
[c=22235000000 pc=0000000080261e78]
[c=22236000000 pc=0000000080261ea4]
[c=22237000000 pc=0000000080261fb6]
[c=22238000000 pc=0000000080ae530c]
[c=22239000000 pc=00000000802aff30]
[c=22240000000 pc=0000000080261e78]
[c=22241000000 pc=0000000080261eaa]
[c=22242000000 pc=0000000080261fd2]
[c=22243000000 pc=0000000080ae530e]
[c=22244000000 pc=00000000802aff32]
[c=22245000000 pc=0000000080261e7c]
[c=22246000000 pc=0000000080261eac]
[c=22247000000 pc=00000000802afaca]
[c=22248000000 pc=0000000080ae5314]
[c=22249000000 pc=00000000802aff34]
[c=22250000000 pc=0000000080261e7e]
[c=22251000000 pc=0000000080261eb0]
[c=22252000000 pc=00000000802afacc]
[c=22253000000 pc=0000000080ae5318]
[c=22254000000 pc=00000000802aff38]
[c=22255000000 pc=0000000080261e80]
[c=22256000000 pc=0000000080261eb4]
[c=22257000000 pc=00000000802afad0]
[c=22258000000 pc=0000000080ae531a]
[c=22259000000 pc=00000000802aff3c]
[c=22260000000 pc=0000000080261ddc]
[c=22261000000 pc=0000000080860130]
[c=22262000000 pc=00000000802afad8]
[c=22263000000 pc=0000000080ae5320]
[c=22264000000 pc=00000000802aff3c]
[c=22265000000 pc=0000000080261de0]
[c=22266000000 pc=0000000080860132]
[c=22267000000 pc=00000000802afada]
[c=22268000000 pc=0000000080ae304e]
[c=22269000000 pc=00000000802aff3e]
[c=22270000000 pc=0000000080261de2]
[c=22271000000 pc=0000000080860134]
[c=22272000000 pc=00000000802afade]
[c=22273000000 pc=0000000080ae3050]
[c=22274000000 pc=00000000802aff4c]
[c=22275000000 pc=0000000080261de6]
[c=22276000000 pc=0000000080860136]
[c=22277000000 pc=00000000802afae2]
[c=22278000000 pc=0000000080ae3054]
[c=22279000000 pc=00000000802aff4e]
[c=22280000000 pc=0000000080261dea]
[c=22281000000 pc=0000000080860138]
[c=22282000000 pc=0000000080261fd6]
[c=22283000000 pc=0000000080ae305c]
[c=22284000000 pc=0000000080261e72]
[c=22285000000 pc=0000000080261e88]
[c=22286000000 pc=000000008086013c]
[c=22287000000 pc=00000000802afe60]
[c=22288000000 pc=0000000080ae305e]
[c=22289000000 pc=0000000080261e74]
[c=22290000000 pc=0000000080261e90]
[c=22291000000 pc=000000008086013c]
[c=22292000000 pc=00000000802afe64]
[c=22293000000 pc=0000000080ae3062]
[c=22294000000 pc=0000000080261e74]
[c=22295000000 pc=0000000080261e96]
[c=22296000000 pc=0000000080860142]
[c=22297000000 pc=00000000802afe66]
[c=22298000000 pc=0000000080ae5328]
[c=22299000000 pc=0000000080261dee]
[c=22300000000 pc=0000000080261e9a]
[c=22301000000 pc=000000008086014a]
[c=22302000000 pc=00000000802afe6a]
[c=22303000000 pc=0000000080ae532c]
[c=22304000000 pc=0000000080261df2]
[c=22305000000 pc=0000000080261ea0]
[c=22306000000 pc=000000008086014c]
[c=22307000000 pc=00000000802afe70]
[c=22308000000 pc=0000000080ae5330]
[c=22309000000 pc=0000000080261df2]
[c=22310000000 pc=0000000080860402]
[c=22311000000 pc=0000000080860150]
[c=22312000000 pc=00000000802afe74]
[c=22313000000 pc=0000000080ae5332]
[c=22314000000 pc=0000000080261df4]
[c=22315000000 pc=0000000080860404]
[c=22316000000 pc=0000000080860154]
[c=22317000000 pc=00000000802afe76]
[c=22318000000 pc=0000000080261fc4]
[c=22319000000 pc=0000000080261df6]
[c=22320000000 pc=0000000080860408]
[c=22321000000 pc=0000000080860156]
[c=22322000000 pc=0000000080261fdc]
[c=22323000000 pc=0000000080261f18]
[c=22324000000 pc=0000000080261df8]
[c=22325000000 pc=0000000080860414]
[c=22326000000 pc=0000000080261eb8]
[c=22327000000 pc=0000000080261fbc]
[c=22328000000 pc=0000000080261e6e]
[c=22329000000 pc=0000000080261dfa]
[c=22330000000 pc=0000000080860416]
[c=22331000000 pc=0000000080261fb2]
[c=22332000000 pc=0000000080261fc0]
[c=22333000000 pc=00000000802aff2c]
[c=22334000000 pc=0000000080261e78]
[c=22335000000 pc=0000000080261ea4]
[c=22336000000 pc=0000000080261fb6]
[c=22337000000 pc=0000000080ae530c]
[c=22338000000 pc=00000000802aff30]
[c=22339000000 pc=0000000080261e78]
[c=22340000000 pc=0000000080261eaa]
[c=22341000000 pc=0000000080261fd2]
[c=22342000000 pc=0000000080ae530e]
[c=22343000000 pc=00000000802aff32]
[c=22344000000 pc=0000000080261e7c]
[c=22345000000 pc=0000000080261eac]
[c=22346000000 pc=00000000802afaca]
[c=22347000000 pc=0000000080ae5314]
[c=22348000000 pc=00000000802aff34]
[c=22349000000 pc=0000000080261e7e]
[c=22350000000 pc=0000000080261eb0]
[c=22351000000 pc=00000000802afacc]
[c=22352000000 pc=0000000080ae5318]
[c=22353000000 pc=00000000802aff38]
[c=22354000000 pc=0000000080261e80]
[c=22355000000 pc=0000000080261eb4]
[c=22356000000 pc=00000000802afad0]
[c=22357000000 pc=0000000080ae531a]
[c=22358000000 pc=00000000802aff3c]
[c=22359000000 pc=0000000080261ddc]
[c=22360000000 pc=0000000080860130]
[c=22361000000 pc=00000000802afad8]
[c=22362000000 pc=0000000080ae5320]
[c=22363000000 pc=00000000802aff3c]
[c=22364000000 pc=0000000080261de0]
[c=22365000000 pc=0000000080860132]
[c=22366000000 pc=00000000802afada]
[c=22367000000 pc=0000000080ae304e]
[c=22368000000 pc=00000000802aff3e]
[c=22369000000 pc=0000000080261de2]
[c=22370000000 pc=0000000080860134]
[c=22371000000 pc=00000000802afade]
[c=22372000000 pc=0000000080ae3050]
[c=22373000000 pc=00000000802aff4c]
[c=22374000000 pc=0000000080261de6]
[c=22375000000 pc=0000000080860136]
[c=22376000000 pc=00000000802afae2]
[c=22377000000 pc=0000000080ae3054]
[c=22378000000 pc=00000000802aff4e]
[c=22379000000 pc=0000000080261dea]
[c=22380000000 pc=0000000080860138]
[c=22381000000 pc=0000000080261fd6]
[c=22382000000 pc=0000000080ae305c]
[c=22383000000 pc=0000000080261e72]
[c=22384000000 pc=0000000080261e88]
[c=22385000000 pc=000000008086013c]
[c=22386000000 pc=00000000802afe60]
[c=22387000000 pc=0000000080ae305e]
[c=22388000000 pc=0000000080261e74]
[c=22389000000 pc=0000000080261e90]
[c=22390000000 pc=000000008086013c]
[c=22391000000 pc=00000000802afe64]
[c=22392000000 pc=0000000080ae3062]
[c=22393000000 pc=0000000080261e74]
[c=22394000000 pc=0000000080261e96]
[c=22395000000 pc=0000000080860142]
[c=22396000000 pc=00000000802afe66]
[c=22397000000 pc=0000000080ae5328]
[c=22398000000 pc=0000000080261dee]
[c=22399000000 pc=0000000080261e9a]
[c=22400000000 pc=000000008086014a]
[c=22401000000 pc=00000000802afe6a]
[c=22402000000 pc=0000000080ae532c]
[c=22403000000 pc=0000000080261df2]
[c=22404000000 pc=0000000080261ea0]
[c=22405000000 pc=000000008086014c]
[c=22406000000 pc=00000000802afe70]
[c=22407000000 pc=0000000080ae5330]
[c=22408000000 pc=0000000080261df2]
[c=22409000000 pc=0000000080860402]
[c=22410000000 pc=0000000080860150]
[c=22411000000 pc=00000000802afe74]
[c=22412000000 pc=0000000080ae5332]
[c=22413000000 pc=0000000080261df4]
[c=22414000000 pc=0000000080860404]
[c=22415000000 pc=0000000080860154]
[c=22416000000 pc=00000000802afe76]
[c=22417000000 pc=0000000080261fc4]
[c=22418000000 pc=0000000080261df6]
[c=22419000000 pc=0000000080860408]
[c=22420000000 pc=0000000080860156]
[c=22421000000 pc=0000000080261fdc]
[c=22422000000 pc=0000000080261f18]
[c=22423000000 pc=0000000080261df8]
[c=22424000000 pc=0000000080860414]
[c=22425000000 pc=0000000080261eb8]
[c=22426000000 pc=0000000080261fbc]
[c=22427000000 pc=0000000080261e6e]
[c=22428000000 pc=0000000080261dfa]
[c=22429000000 pc=0000000080860416]
[c=22430000000 pc=0000000080261fb2]
[c=22431000000 pc=0000000080261fc0]
[c=22432000000 pc=00000000802aff2c]
[c=22433000000 pc=0000000080261e78]
[c=22434000000 pc=0000000080261ea4]
[c=22435000000 pc=0000000080261fb6]
[c=22436000000 pc=0000000080ae530c]
[c=22437000000 pc=00000000802aff30]
[c=22438000000 pc=0000000080261e78]
[c=22439000000 pc=0000000080261eaa]
[c=22440000000 pc=0000000080261fd2]
[c=22441000000 pc=0000000080ae530e]
[c=22442000000 pc=00000000802aff32]
[c=22443000000 pc=0000000080261e7c]
[c=22444000000 pc=0000000080261eac]
[c=22445000000 pc=00000000802afaca]
[c=22446000000 pc=0000000080ae5314]
[c=22447000000 pc=00000000802aff34]
[c=22448000000 pc=0000000080261e7e]
[c=22449000000 pc=0000000080261eb0]
[c=22450000000 pc=00000000802afacc]
[c=22451000000 pc=0000000080ae5318]
[c=22452000000 pc=00000000802aff38]
[c=22453000000 pc=0000000080261e80]
[c=22454000000 pc=0000000080261eb4]
[c=22455000000 pc=00000000802afad0]
[c=22456000000 pc=0000000080ae531a]
[c=22457000000 pc=00000000802aff3c]
[c=22458000000 pc=0000000080261ddc]
[c=22459000000 pc=0000000080860130]
[c=22460000000 pc=00000000802afad8]
[c=22461000000 pc=0000000080ae5320]
[c=22462000000 pc=00000000802aff3c]
[c=22463000000 pc=0000000080261de0]
[c=22464000000 pc=0000000080860132]
[c=22465000000 pc=00000000802afada]
[c=22466000000 pc=0000000080ae304e]
[c=22467000000 pc=00000000802aff3e]
[c=22468000000 pc=0000000080261de2]
[c=22469000000 pc=0000000080860134]
[c=22470000000 pc=00000000802afade]
[c=22471000000 pc=0000000080ae3050]
[c=22472000000 pc=00000000802aff4c]
[c=22473000000 pc=0000000080261de6]
[c=22474000000 pc=0000000080860136]
[c=22475000000 pc=00000000802afae2]
[c=22476000000 pc=0000000080ae3054]
[c=22477000000 pc=00000000802aff4e]
[c=22478000000 pc=0000000080261dea]
[c=22479000000 pc=0000000080860138]
[c=22480000000 pc=0000000080261fd6]
[c=22481000000 pc=0000000080ae305c]
[c=22482000000 pc=0000000080261e72]
[c=22483000000 pc=0000000080261e88]
[c=22484000000 pc=000000008086013c]
[c=22485000000 pc=00000000802afe60]
[c=22486000000 pc=0000000080ae305e]
[c=22487000000 pc=0000000080261e74]
[c=22488000000 pc=0000000080261e90]
[c=22489000000 pc=000000008086013c]
[c=22490000000 pc=00000000802afe64]
[c=22491000000 pc=0000000080ae3062]
[c=22492000000 pc=0000000080261e74]
[c=22493000000 pc=0000000080261e96]
[c=22494000000 pc=0000000080860142]
[c=22495000000 pc=00000000802afe66]
[c=22496000000 pc=0000000080ae5328]
[c=22497000000 pc=0000000080261dee]
[c=22498000000 pc=0000000080261e9a]
[c=22499000000 pc=000000008086014a]
[c=22500000000 pc=00000000802afe6a]
[c=22501000000 pc=0000000080ae532c]
[c=22502000000 pc=0000000080261df2]
[c=22503000000 pc=0000000080261ea0]
[c=22504000000 pc=000000008086014c]
[c=22505000000 pc=00000000802afe70]
[c=22506000000 pc=0000000080ae5330]
[c=22507000000 pc=0000000080261df2]
[c=22508000000 pc=0000000080860402]
[c=22509000000 pc=0000000080860150]
[c=22510000000 pc=00000000802afe74]
[c=22511000000 pc=0000000080ae5332]
[c=22512000000 pc=0000000080261df4]
[c=22513000000 pc=0000000080860404]
[c=22514000000 pc=0000000080860154]
[c=22515000000 pc=00000000802afe76]
[c=22516000000 pc=0000000080261fc4]
[c=22517000000 pc=0000000080261df6]
[c=22518000000 pc=0000000080860408]
[c=22519000000 pc=0000000080860156]
[c=22520000000 pc=0000000080261fdc]
[c=22521000000 pc=0000000080261f18]
[c=22522000000 pc=0000000080261df8]
[c=22523000000 pc=0000000080860414]
[c=22524000000 pc=0000000080261eb8]
[c=22525000000 pc=0000000080261fbc]
[c=22526000000 pc=0000000080261e6e]
[c=22527000000 pc=0000000080261dfa]
[c=22528000000 pc=0000000080860416]
[c=22529000000 pc=0000000080261fb2]
[c=22530000000 pc=0000000080261fc0]
[c=22531000000 pc=00000000802aff2c]
[c=22532000000 pc=0000000080261e78]
[c=22533000000 pc=0000000080261ea4]
[c=22534000000 pc=0000000080261fb6]
[c=22535000000 pc=0000000080ae530c]
[c=22536000000 pc=00000000802aff30]
[c=22537000000 pc=0000000080261e78]
[c=22538000000 pc=0000000080261eaa]
[c=22539000000 pc=0000000080261fd2]
[c=22540000000 pc=0000000080ae530e]
[c=22541000000 pc=00000000802aff32]
[c=22542000000 pc=0000000080261e7c]
[c=22543000000 pc=0000000080261eac]
[c=22544000000 pc=00000000802afaca]
[c=22545000000 pc=0000000080ae5314]
[c=22546000000 pc=00000000802aff34]
[c=22547000000 pc=0000000080261e7e]
[c=22548000000 pc=0000000080261eb0]
[c=22549000000 pc=00000000802afacc]
[c=22550000000 pc=0000000080ae5318]
[c=22551000000 pc=00000000802aff38]
[c=22552000000 pc=0000000080261e80]
[c=22553000000 pc=0000000080261eb4]
[c=22554000000 pc=00000000802afad0]
[c=22555000000 pc=0000000080ae531a]
[c=22556000000 pc=00000000802aff3c]
[c=22557000000 pc=0000000080261ddc]
[c=22558000000 pc=0000000080860130]
[c=22559000000 pc=00000000802afad8]
[c=22560000000 pc=0000000080ae5320]
[c=22561000000 pc=00000000802aff3c]
[c=22562000000 pc=0000000080261de0]
[c=22563000000 pc=0000000080860132]
[c=22564000000 pc=00000000802afada]
[c=22565000000 pc=0000000080ae304e]
[c=22566000000 pc=00000000802aff3e]
[c=22567000000 pc=0000000080261de2]
[c=22568000000 pc=0000000080860134]
[c=22569000000 pc=00000000802afade]
[c=22570000000 pc=0000000080ae3050]
[c=22571000000 pc=00000000802aff4c]
[c=22572000000 pc=0000000080261de6]
[c=22573000000 pc=0000000080860136]
[c=22574000000 pc=00000000802afae2]
[c=22575000000 pc=0000000080ae3054]
[c=22576000000 pc=00000000802aff4e]
[c=22577000000 pc=0000000080261dea]
[c=22578000000 pc=0000000080860138]
[c=22579000000 pc=0000000080261fd6]
[c=22580000000 pc=0000000080ae305c]
[c=22581000000 pc=0000000080261e72]
[c=22582000000 pc=0000000080261e88]
[c=22583000000 pc=000000008086013c]
[c=22584000000 pc=00000000802afe60]
[c=22585000000 pc=0000000080ae305e]
[c=22586000000 pc=0000000080261e74]
[c=22587000000 pc=0000000080261e90]
[c=22588000000 pc=000000008086013c]
[c=22589000000 pc=00000000802afe64]
[c=22590000000 pc=0000000080ae3062]
[c=22591000000 pc=0000000080261e74]
[c=22592000000 pc=0000000080261e96]
[c=22593000000 pc=0000000080860142]
[c=22594000000 pc=00000000802afe66]
[c=22595000000 pc=0000000080ae5328]
[c=22596000000 pc=0000000080261dee]
[c=22597000000 pc=0000000080261e9a]
[c=22598000000 pc=000000008086014a]
[c=22599000000 pc=00000000802afe6a]
[c=22600000000 pc=0000000080ae532c]
[c=22601000000 pc=0000000080261df2]
[c=22602000000 pc=0000000080261ea0]
[c=22603000000 pc=000000008086014c]
[c=22604000000 pc=00000000802afe70]
[c=22605000000 pc=0000000080ae5330]
[c=22606000000 pc=0000000080261df2]
[c=22607000000 pc=0000000080860402]
[c=22608000000 pc=0000000080860150]
[c=22609000000 pc=00000000802afe74]
[c=22610000000 pc=0000000080ae5332]
[c=22611000000 pc=0000000080261df4]
[c=22612000000 pc=0000000080860404]
[c=22613000000 pc=0000000080860154]
[c=22614000000 pc=00000000802afe76]
[c=22615000000 pc=0000000080261fc4]
[c=22616000000 pc=0000000080261df6]
[c=22617000000 pc=0000000080860408]
[c=22618000000 pc=0000000080860156]
[c=22619000000 pc=0000000080261fdc]
[c=22620000000 pc=0000000080261f18]
[c=22621000000 pc=0000000080261df8]
[c=22622000000 pc=0000000080860414]
[c=22623000000 pc=0000000080261eb8]
[c=22624000000 pc=0000000080261fbc]
[c=22625000000 pc=0000000080261e6e]
[c=22626000000 pc=0000000080261dfa]
[c=22627000000 pc=0000000080860416]
[c=22628000000 pc=0000000080261fb2]
[c=22629000000 pc=0000000080261fc0]
[c=22630000000 pc=00000000802aff2c]
[c=22631000000 pc=0000000080261e78]
[c=22632000000 pc=0000000080261ea4]
[c=22633000000 pc=0000000080261fb6]
[c=22634000000 pc=0000000080ae530c]
[c=22635000000 pc=00000000802aff30]
[c=22636000000 pc=0000000080261e78]
[c=22637000000 pc=0000000080261eaa]
[c=22638000000 pc=0000000080261fd2]
[c=22639000000 pc=0000000080ae530e]
[c=22640000000 pc=00000000802aff32]
[c=22641000000 pc=0000000080261e7c]
[c=22642000000 pc=0000000080261eac]
[c=22643000000 pc=00000000802afaca]
[c=22644000000 pc=0000000080ae5314]
[c=22645000000 pc=00000000802aff34]
[c=22646000000 pc=0000000080261e7e]
[c=22647000000 pc=0000000080261eb0]
[c=22648000000 pc=00000000802afacc]
[c=22649000000 pc=0000000080ae5318]
[c=22650000000 pc=00000000802aff38]
[c=22651000000 pc=0000000080261e80]
[c=22652000000 pc=0000000080261eb4]
[c=22653000000 pc=00000000802afad0]
[c=22654000000 pc=0000000080ae531a]
[c=22655000000 pc=00000000802aff3c]
[c=22656000000 pc=0000000080261ddc]
[c=22657000000 pc=0000000080860130]
[c=22658000000 pc=00000000802afad8]
[c=22659000000 pc=0000000080ae5320]
[c=22660000000 pc=00000000802aff3c]
[c=22661000000 pc=0000000080261de0]
[c=22662000000 pc=0000000080860132]
[c=22663000000 pc=00000000802afada]
[c=22664000000 pc=0000000080ae304e]
[c=22665000000 pc=00000000802aff3e]
[c=22666000000 pc=0000000080261de2]
[c=22667000000 pc=0000000080860134]
[c=22668000000 pc=00000000802afade]
[c=22669000000 pc=0000000080ae3050]
[c=22670000000 pc=00000000802aff4c]
[c=22671000000 pc=0000000080261de6]
[c=22672000000 pc=0000000080860136]
[c=22673000000 pc=00000000802afae2]
[c=22674000000 pc=0000000080ae3054]
[c=22675000000 pc=00000000802aff4e]
[c=22676000000 pc=0000000080261dea]
[c=22677000000 pc=0000000080860138]
[c=22678000000 pc=0000000080261fd6]
[c=22679000000 pc=0000000080ae305c]
[c=22680000000 pc=0000000080261e72]
[c=22681000000 pc=0000000080261e88]
[c=22682000000 pc=000000008086013c]
[c=22683000000 pc=00000000802afe60]
[c=22684000000 pc=0000000080ae305e]
[c=22685000000 pc=0000000080261e74]
[c=22686000000 pc=0000000080261e90]
[c=22687000000 pc=000000008086013c]
[c=22688000000 pc=00000000802afe64]
[c=22689000000 pc=0000000080ae3062]
[c=22690000000 pc=0000000080261e74]
[c=22691000000 pc=0000000080261e96]
[c=22692000000 pc=0000000080860142]
[c=22693000000 pc=00000000802afe66]
[c=22694000000 pc=0000000080ae5328]
[c=22695000000 pc=0000000080261dee]
[c=22696000000 pc=0000000080261e9a]
[c=22697000000 pc=000000008086014a]
[c=22698000000 pc=00000000802afe6a]
[c=22699000000 pc=0000000080ae532c]
[c=22700000000 pc=0000000080261df2]
[c=22701000000 pc=0000000080261ea0]
[c=22702000000 pc=000000008086014c]
[c=22703000000 pc=00000000802afe70]
[c=22704000000 pc=0000000080ae5330]
[c=22705000000 pc=0000000080261df2]
[c=22706000000 pc=0000000080860402]
[c=22707000000 pc=0000000080860150]
[c=22708000000 pc=00000000802afe74]
[c=22709000000 pc=0000000080ae5332]
[c=22710000000 pc=0000000080261df4]
[c=22711000000 pc=0000000080860404]
[c=22712000000 pc=0000000080860154]
[c=22713000000 pc=00000000802afe76]
[c=22714000000 pc=0000000080261fc4]
[c=22715000000 pc=0000000080261df6]
[c=22716000000 pc=0000000080860408]
[c=22717000000 pc=0000000080860156]
[c=22718000000 pc=0000000080261fdc]
[c=22719000000 pc=0000000080261f18]
[c=22720000000 pc=0000000080261df8]
[c=22721000000 pc=0000000080860414]
[c=22722000000 pc=0000000080261eb8]
[c=22723000000 pc=0000000080261fbc]
[c=22724000000 pc=0000000080261e6e]
[c=22725000000 pc=0000000080261dfa]
[c=22726000000 pc=0000000080860416]
[c=22727000000 pc=0000000080261fb2]
[c=22728000000 pc=0000000080261fc0]
[c=22729000000 pc=00000000802aff2c]
[c=22730000000 pc=0000000080261e78]
[c=22731000000 pc=0000000080261ea4]
[c=22732000000 pc=0000000080261fb6]
[c=22733000000 pc=0000000080ae530c]
[c=22734000000 pc=00000000802aff30]
[c=22735000000 pc=0000000080261e78]
[c=22736000000 pc=0000000080261eaa]
[c=22737000000 pc=0000000080261fd2]
[c=22738000000 pc=0000000080ae530e]
[c=22739000000 pc=00000000802aff32]
[c=22740000000 pc=0000000080261e7c]
[c=22741000000 pc=0000000080261eac]
[c=22742000000 pc=00000000802afaca]
[c=22743000000 pc=0000000080ae5314]
[c=22744000000 pc=00000000802aff34]
[c=22745000000 pc=0000000080261e7e]
[c=22746000000 pc=0000000080261eb0]
[c=22747000000 pc=00000000802afacc]
[c=22748000000 pc=0000000080ae5318]
[c=22749000000 pc=00000000802aff38]
[c=22750000000 pc=0000000080261e80]
[c=22751000000 pc=0000000080261eb4]
[c=22752000000 pc=00000000802afad0]
[c=22753000000 pc=0000000080ae531a]
[c=22754000000 pc=00000000802aff3c]
[c=22755000000 pc=0000000080261ddc]
[c=22756000000 pc=0000000080860130]
[c=22757000000 pc=00000000802afad8]
[c=22758000000 pc=0000000080ae5320]
[c=22759000000 pc=00000000802aff3c]
[c=22760000000 pc=0000000080261de0]
[c=22761000000 pc=0000000080860132]
[c=22762000000 pc=00000000802afada]
[c=22763000000 pc=0000000080ae304e]
[c=22764000000 pc=00000000802aff3e]
[c=22765000000 pc=0000000080261de2]
[c=22766000000 pc=0000000080860134]
[c=22767000000 pc=00000000802afade]
[c=22768000000 pc=0000000080ae3050]
[c=22769000000 pc=00000000802aff4c]
[c=22770000000 pc=0000000080261de6]
[c=22771000000 pc=0000000080860136]
[c=22772000000 pc=00000000802afae2]
[c=22773000000 pc=0000000080ae3054]
[c=22774000000 pc=00000000802aff4e]
[c=22775000000 pc=0000000080261dea]
[c=22776000000 pc=0000000080860138]
[c=22777000000 pc=0000000080261fd6]
[c=22778000000 pc=0000000080ae305c]
[c=22779000000 pc=0000000080261e72]
[c=22780000000 pc=0000000080261e88]
[c=22781000000 pc=000000008086013c]
[c=22782000000 pc=00000000802afe60]
[c=22783000000 pc=0000000080ae305e]
[c=22784000000 pc=0000000080261e74]
[c=22785000000 pc=0000000080261e90]
[c=22786000000 pc=000000008086013c]
[c=22787000000 pc=00000000802afe64]
[c=22788000000 pc=0000000080ae3062]
[c=22789000000 pc=0000000080261e74]
[c=22790000000 pc=0000000080261e96]
[c=22791000000 pc=0000000080860142]
[c=22792000000 pc=00000000802afe66]
[c=22793000000 pc=0000000080ae5328]
[c=22794000000 pc=0000000080261dee]
[c=22795000000 pc=0000000080261e9a]
[c=22796000000 pc=000000008086014a]
[c=22797000000 pc=00000000802afe6a]
[c=22798000000 pc=0000000080ae532c]
[c=22799000000 pc=0000000080261df2]
[c=22800000000 pc=0000000080261ea0]
[c=22801000000 pc=000000008086014c]
[c=22802000000 pc=00000000802afe70]
[c=22803000000 pc=0000000080ae5330]
[c=22804000000 pc=0000000080261df2]
[c=22805000000 pc=0000000080860402]
[c=22806000000 pc=0000000080860150]
[c=22807000000 pc=00000000802afe74]
[c=22808000000 pc=0000000080ae5332]
[c=22809000000 pc=0000000080261df4]
[c=22810000000 pc=0000000080860404]
[c=22811000000 pc=0000000080860154]
[c=22812000000 pc=00000000802afe76]
[c=22813000000 pc=0000000080261fc4]
[c=22814000000 pc=0000000080261df6]
[c=22815000000 pc=0000000080860408]
[c=22816000000 pc=0000000080860156]
[c=22817000000 pc=0000000080261fdc]
[c=22818000000 pc=0000000080261f18]
[c=22819000000 pc=0000000080261df8]
[c=22820000000 pc=0000000080860414]
[c=22821000000 pc=0000000080261eb8]
[c=22822000000 pc=0000000080261fbc]
[c=22823000000 pc=0000000080261e6e]
[c=22824000000 pc=0000000080261dfa]
[c=22825000000 pc=0000000080860416]
[c=22826000000 pc=0000000080261fb2]
[c=22827000000 pc=0000000080261fc0]
[c=22828000000 pc=00000000802aff2c]
[c=22829000000 pc=0000000080261e78]
[c=22830000000 pc=0000000080261ea4]
[c=22831000000 pc=0000000080261fb6]
[c=22832000000 pc=0000000080ae530c]
[c=22833000000 pc=00000000802aff30]
[c=22834000000 pc=0000000080261e78]
[c=22835000000 pc=0000000080261eaa]
[c=22836000000 pc=0000000080261fd2]
[c=22837000000 pc=0000000080ae530e]
[c=22838000000 pc=00000000802aff32]
[c=22839000000 pc=0000000080261e7c]
[c=22840000000 pc=0000000080261eac]
[c=22841000000 pc=00000000802afaca]
[c=22842000000 pc=0000000080ae5314]
[c=22843000000 pc=00000000802aff34]
[c=22844000000 pc=0000000080261e7e]
[c=22845000000 pc=0000000080261eb0]
[c=22846000000 pc=00000000802afacc]
[c=22847000000 pc=0000000080ae5318]
[c=22848000000 pc=00000000802aff38]
[c=22849000000 pc=0000000080261e80]
[c=22850000000 pc=0000000080261eb4]
[c=22851000000 pc=00000000802afad0]
[c=22852000000 pc=0000000080ae531a]
[c=22853000000 pc=00000000802aff3c]
[c=22854000000 pc=0000000080261ddc]
[c=22855000000 pc=0000000080860130]
[c=22856000000 pc=00000000802afad8]
[c=22857000000 pc=0000000080ae5320]
[c=22858000000 pc=00000000802aff3c]
[c=22859000000 pc=0000000080261de0]
[c=22860000000 pc=0000000080860132]
[c=22861000000 pc=00000000802afada]
[c=22862000000 pc=0000000080ae304e]
[c=22863000000 pc=00000000802aff3e]
[c=22864000000 pc=0000000080261de2]
[c=22865000000 pc=0000000080860134]
[c=22866000000 pc=00000000802afade]
[c=22867000000 pc=0000000080ae3050]
[c=22868000000 pc=00000000802aff4c]
[c=22869000000 pc=0000000080261de6]
[c=22870000000 pc=0000000080860136]
[c=22871000000 pc=00000000802afae2]
[c=22872000000 pc=0000000080ae3054]
[c=22873000000 pc=00000000802aff4e]
[c=22874000000 pc=0000000080261dea]
[c=22875000000 pc=0000000080860138]
[c=22876000000 pc=0000000080261fd6]
[c=22877000000 pc=0000000080ae305c]
[c=22878000000 pc=0000000080261e72]
[c=22879000000 pc=0000000080261e88]
[c=22880000000 pc=000000008086013c]
[c=22881000000 pc=00000000802afe60]
[c=22882000000 pc=0000000080ae305e]
[c=22883000000 pc=0000000080261e74]
[c=22884000000 pc=0000000080261e90]
[c=22885000000 pc=000000008086013c]
[c=22886000000 pc=00000000802afe64]
[c=22887000000 pc=0000000080ae3062]
[c=22888000000 pc=0000000080261e74]
[c=22889000000 pc=0000000080261e96]
[c=22890000000 pc=0000000080860142]
[c=22891000000 pc=00000000802afe66]
[c=22892000000 pc=0000000080ae5328]
[c=22893000000 pc=0000000080261dee]
[c=22894000000 pc=0000000080261e9a]
[c=22895000000 pc=000000008086014a]
[c=22896000000 pc=00000000802afe6a]
[c=22897000000 pc=0000000080ae532c]
[c=22898000000 pc=0000000080261df2]
[c=22899000000 pc=0000000080261ea0]
[c=22900000000 pc=000000008086014c]
[c=22901000000 pc=00000000802afe70]
[c=22902000000 pc=0000000080ae5330]
[c=22903000000 pc=0000000080261df2]
[c=22904000000 pc=0000000080860402]
[c=22905000000 pc=0000000080860150]
[c=22906000000 pc=00000000802afe74]
[c=22907000000 pc=0000000080ae5332]
[c=22908000000 pc=0000000080261df4]
[c=22909000000 pc=0000000080860404]
[c=22910000000 pc=0000000080860154]
[c=22911000000 pc=00000000802afe76]
[c=22912000000 pc=0000000080261fc4]
[c=22913000000 pc=0000000080261df6]
[c=22914000000 pc=0000000080860408]
[c=22915000000 pc=0000000080860156]
[c=22916000000 pc=0000000080261fdc]
[c=22917000000 pc=0000000080261f18]
[c=22918000000 pc=0000000080261df8]
[c=22919000000 pc=0000000080860414]
[c=22920000000 pc=0000000080261eb8]
[c=22921000000 pc=0000000080261fbc]
[c=22922000000 pc=0000000080261e6e]
[c=22923000000 pc=0000000080261dfa]
[c=22924000000 pc=0000000080860416]
[c=22925000000 pc=0000000080261fb2]
[c=22926000000 pc=0000000080261fc0]
[c=22927000000 pc=00000000802aff2c]
[c=22928000000 pc=0000000080261e78]
[c=22929000000 pc=0000000080261ea4]
[c=22930000000 pc=0000000080261fb6]
[c=22931000000 pc=0000000080ae530c]
[c=22932000000 pc=00000000802aff30]
[c=22933000000 pc=0000000080261e78]
[c=22934000000 pc=0000000080261eaa]
[c=22935000000 pc=0000000080261fd2]
[c=22936000000 pc=0000000080ae530e]
[c=22937000000 pc=00000000802aff32]
[c=22938000000 pc=0000000080261e7c]
[c=22939000000 pc=0000000080261eac]
[c=22940000000 pc=00000000802afaca]
[c=22941000000 pc=0000000080ae5314]
[c=22942000000 pc=00000000802aff34]
[c=22943000000 pc=0000000080261e7e]
[c=22944000000 pc=0000000080261eb0]
[c=22945000000 pc=00000000802afacc]
[c=22946000000 pc=0000000080ae5318]
[c=22947000000 pc=00000000802aff38]
[c=22948000000 pc=0000000080261e80]
[c=22949000000 pc=0000000080261eb4]
[c=22950000000 pc=00000000802afad0]
[c=22951000000 pc=0000000080ae531a]
[c=22952000000 pc=00000000802aff3c]
[c=22953000000 pc=0000000080261ddc]
[c=22954000000 pc=0000000080860130]
[c=22955000000 pc=00000000802afad8]
[c=22956000000 pc=0000000080ae5320]
[c=22957000000 pc=00000000802aff3c]
[c=22958000000 pc=0000000080261de0]
[c=22959000000 pc=0000000080860132]
[c=22960000000 pc=00000000802afada]
[c=22961000000 pc=0000000080ae304e]
[c=22962000000 pc=00000000802aff3e]
[c=22963000000 pc=0000000080261de2]
[c=22964000000 pc=0000000080860134]
[c=22965000000 pc=00000000802afade]
[c=22966000000 pc=0000000080ae3050]
[c=22967000000 pc=00000000802aff4c]
[c=22968000000 pc=0000000080261de6]
[c=22969000000 pc=0000000080860136]
[c=22970000000 pc=00000000802afae2]
[c=22971000000 pc=0000000080ae3054]
[c=22972000000 pc=00000000802aff4e]
[c=22973000000 pc=0000000080261dea]
[c=22974000000 pc=0000000080860138]
[c=22975000000 pc=0000000080261fd6]
[c=22976000000 pc=0000000080ae305c]
[c=22977000000 pc=0000000080261e72]
[c=22978000000 pc=0000000080261e88]
[c=22979000000 pc=000000008086013c]
[c=22980000000 pc=00000000802afe60]
[c=22981000000 pc=0000000080ae305e]
[c=22982000000 pc=0000000080261e74]
[c=22983000000 pc=0000000080261e90]
[c=22984000000 pc=000000008086013c]
[c=22985000000 pc=00000000802afe64]
[c=22986000000 pc=0000000080ae3062]
[c=22987000000 pc=0000000080261e74]
[c=22988000000 pc=0000000080261e96]
[c=22989000000 pc=0000000080860142]
[c=22990000000 pc=00000000802afe66]
[c=22991000000 pc=0000000080ae5328]
[c=22992000000 pc=0000000080261dee]
[c=22993000000 pc=0000000080261e9a]
[c=22994000000 pc=000000008086014a]
[c=22995000000 pc=00000000802afe6a]
[c=22996000000 pc=0000000080ae532c]
[c=22997000000 pc=0000000080261df2]
[c=22998000000 pc=0000000080261ea0]
[c=22999000000 pc=000000008086014c]
[c=23000000000 pc=00000000802afe70]
[c=23001000000 pc=0000000080ae5330]
[c=23002000000 pc=0000000080261df2]
[c=23003000000 pc=0000000080860402]
[c=23004000000 pc=0000000080860150]
[c=23005000000 pc=00000000802afe74]
[c=23006000000 pc=0000000080ae5332]
[c=23007000000 pc=0000000080261df4]
[c=23008000000 pc=0000000080860404]
[c=23009000000 pc=0000000080860154]
[c=23010000000 pc=00000000802afe76]
[c=23011000000 pc=0000000080261fc4]
[c=23012000000 pc=0000000080261df6]
[c=23013000000 pc=0000000080860408]
[c=23014000000 pc=0000000080860156]
[c=23015000000 pc=0000000080261fdc]
[c=23016000000 pc=0000000080261f18]
[c=23017000000 pc=0000000080261df8]
[c=23018000000 pc=0000000080860414]
[c=23019000000 pc=0000000080261eb8]
[c=23020000000 pc=0000000080261fbc]
[c=23021000000 pc=0000000080261e6e]
[c=23022000000 pc=0000000080261dfa]
[c=23023000000 pc=0000000080860416]
[c=23024000000 pc=0000000080261fb2]
[c=23025000000 pc=0000000080261fc0]
[c=23026000000 pc=00000000802aff2c]
[c=23027000000 pc=0000000080261e78]
[c=23028000000 pc=0000000080261ea4]
[c=23029000000 pc=0000000080261fb6]
[c=23030000000 pc=0000000080ae530c]
[c=23031000000 pc=00000000802aff30]
[c=23032000000 pc=0000000080261e78]
[c=23033000000 pc=0000000080261eaa]
[c=23034000000 pc=0000000080261fd2]
[c=23035000000 pc=0000000080ae530e]
[c=23036000000 pc=00000000802aff32]
[c=23037000000 pc=0000000080261e7c]
[c=23038000000 pc=0000000080261eac]
[c=23039000000 pc=00000000802afaca]
[c=23040000000 pc=0000000080ae5314]
[c=23041000000 pc=00000000802aff34]
[c=23042000000 pc=0000000080261e7e]
[c=23043000000 pc=0000000080261eb0]
[c=23044000000 pc=00000000802afacc]
[c=23045000000 pc=0000000080ae5318]
[c=23046000000 pc=00000000802aff38]
[c=23047000000 pc=0000000080261e80]
[c=23048000000 pc=0000000080261eb4]
[c=23049000000 pc=00000000802afad0]
[c=23050000000 pc=0000000080ae531a]
[c=23051000000 pc=00000000802aff3c]
[c=23052000000 pc=0000000080261ddc]
[c=23053000000 pc=0000000080860130]
[c=23054000000 pc=00000000802afad8]
[c=23055000000 pc=0000000080ae5320]
[c=23056000000 pc=00000000802aff3c]
[c=23057000000 pc=0000000080261de0]
[c=23058000000 pc=0000000080860132]
[c=23059000000 pc=00000000802afada]
[c=23060000000 pc=0000000080ae304e]
[c=23061000000 pc=00000000802aff3e]
[c=23062000000 pc=0000000080261de2]
[c=23063000000 pc=0000000080860134]
[c=23064000000 pc=00000000802afade]
[c=23065000000 pc=0000000080ae3050]
[c=23066000000 pc=00000000802aff4c]
[c=23067000000 pc=0000000080261de6]
[c=23068000000 pc=0000000080860136]
[c=23069000000 pc=00000000802afae2]
[c=23070000000 pc=0000000080ae3054]
[c=23071000000 pc=00000000802aff4e]
[c=23072000000 pc=0000000080261dea]
[c=23073000000 pc=0000000080860138]
[c=23074000000 pc=0000000080261fd6]
[c=23075000000 pc=0000000080ae305c]
[c=23076000000 pc=0000000080261e72]
[c=23077000000 pc=0000000080261e88]
[c=23078000000 pc=000000008086013c]
[c=23079000000 pc=00000000802afe60]
[c=23080000000 pc=0000000080ae305e]
[c=23081000000 pc=0000000080261e74]
[c=23082000000 pc=0000000080261e90]
[c=23083000000 pc=000000008086013c]
[c=23084000000 pc=00000000802afe64]
[c=23085000000 pc=0000000080ae3062]
[c=23086000000 pc=0000000080261e74]
[c=23087000000 pc=0000000080261e96]
[c=23088000000 pc=0000000080860142]
[c=23089000000 pc=00000000802afe66]
[c=23090000000 pc=0000000080ae5328]
[c=23091000000 pc=0000000080261dee]
[c=23092000000 pc=0000000080261e9a]
[c=23093000000 pc=000000008086014a]
[c=23094000000 pc=00000000802afe6a]
[c=23095000000 pc=0000000080ae532c]
[c=23096000000 pc=0000000080261df2]
[c=23097000000 pc=0000000080261ea0]
[c=23098000000 pc=000000008086014c]
[c=23099000000 pc=00000000802afe70]
[c=23100000000 pc=0000000080ae5330]
[c=23101000000 pc=0000000080261df2]
[c=23102000000 pc=0000000080860402]
[c=23103000000 pc=0000000080860150]
[c=23104000000 pc=00000000802afe74]
[c=23105000000 pc=0000000080ae5332]
[c=23106000000 pc=0000000080261df4]
[c=23107000000 pc=0000000080860404]
[c=23108000000 pc=0000000080860154]
[c=23109000000 pc=00000000802afe76]
[c=23110000000 pc=0000000080261fc4]
[c=23111000000 pc=0000000080261df6]
[c=23112000000 pc=0000000080860408]
[c=23113000000 pc=0000000080860156]
[c=23114000000 pc=0000000080261fdc]
[c=23115000000 pc=0000000080261f18]
[c=23116000000 pc=0000000080261df8]
[c=23117000000 pc=0000000080860414]
[c=23118000000 pc=0000000080261eb8]
[c=23119000000 pc=0000000080261fbc]
[c=23120000000 pc=0000000080261e6e]
[c=23121000000 pc=0000000080261dfa]
[c=23122000000 pc=0000000080860416]
[c=23123000000 pc=0000000080261fb2]
[c=23124000000 pc=0000000080261fc0]
[c=23125000000 pc=00000000802aff2c]
[c=23126000000 pc=0000000080261e78]
[c=23127000000 pc=0000000080261ea4]
[c=23128000000 pc=0000000080261fb6]
[c=23129000000 pc=0000000080ae530c]
[c=23130000000 pc=00000000802aff30]
[c=23131000000 pc=0000000080261e78]
[c=23132000000 pc=0000000080261eaa]
[c=23133000000 pc=0000000080261fd2]
[c=23134000000 pc=0000000080ae530e]
[c=23135000000 pc=00000000802aff32]
[c=23136000000 pc=0000000080261e7c]
[c=23137000000 pc=0000000080261eac]
[c=23138000000 pc=00000000802afaca]
[c=23139000000 pc=0000000080ae5314]
[c=23140000000 pc=00000000802aff34]
[c=23141000000 pc=0000000080261e7e]
[c=23142000000 pc=0000000080261eb0]
[c=23143000000 pc=00000000802afacc]
[c=23144000000 pc=0000000080ae5318]
[c=23145000000 pc=00000000802aff38]
[c=23146000000 pc=0000000080261e80]
[c=23147000000 pc=0000000080261eb4]
[c=23148000000 pc=00000000802afad0]
[c=23149000000 pc=0000000080ae531a]
[c=23150000000 pc=00000000802aff3c]
[c=23151000000 pc=0000000080261ddc]
[c=23152000000 pc=0000000080860130]
[c=23153000000 pc=00000000802afad8]
[c=23154000000 pc=0000000080ae5320]
[c=23155000000 pc=00000000802aff3c]
[c=23156000000 pc=0000000080261de0]
[c=23157000000 pc=0000000080860132]
[c=23158000000 pc=00000000802afada]
[c=23159000000 pc=0000000080ae304e]
[c=23160000000 pc=00000000802aff3e]
[c=23161000000 pc=0000000080261de2]
[c=23162000000 pc=0000000080860134]
[c=23163000000 pc=00000000802afade]
[c=23164000000 pc=0000000080ae3050]
[c=23165000000 pc=00000000802aff4c]
[c=23166000000 pc=0000000080261de6]
[c=23167000000 pc=0000000080860136]
[c=23168000000 pc=00000000802afae2]
[c=23169000000 pc=0000000080ae3054]
[c=23170000000 pc=00000000802aff4e]
[c=23171000000 pc=0000000080261dea]
[c=23172000000 pc=0000000080860138]
[c=23173000000 pc=0000000080261fd6]
[c=23174000000 pc=0000000080ae305c]
[c=23175000000 pc=0000000080261e72]
[c=23176000000 pc=0000000080261e88]
[c=23177000000 pc=000000008086013c]
[c=23178000000 pc=00000000802afe60]
[c=23179000000 pc=0000000080ae305e]
[c=23180000000 pc=0000000080261e74]
[c=23181000000 pc=0000000080261e90]
[c=23182000000 pc=000000008086013c]
[c=23183000000 pc=00000000802afe64]
[c=23184000000 pc=0000000080ae3062]
[c=23185000000 pc=0000000080261e74]
[c=23186000000 pc=0000000080261e96]
[c=23187000000 pc=0000000080860142]
[c=23188000000 pc=00000000802afe66]
[c=23189000000 pc=0000000080ae5328]
[c=23190000000 pc=0000000080261dee]
[c=23191000000 pc=0000000080261e9a]
[c=23192000000 pc=000000008086014a]
[c=23193000000 pc=00000000802afe6a]
[c=23194000000 pc=0000000080ae532c]
[c=23195000000 pc=0000000080261df2]
[c=23196000000 pc=0000000080261ea0]
[c=23197000000 pc=000000008086014c]
[c=23198000000 pc=00000000802afe70]
[c=23199000000 pc=0000000080ae5330]
[c=23200000000 pc=0000000080261df2]
[c=23201000000 pc=0000000080860402]
[c=23202000000 pc=0000000080860150]
[c=23203000000 pc=00000000802afe74]
[c=23204000000 pc=0000000080ae5332]
[c=23205000000 pc=0000000080261df4]
[c=23206000000 pc=0000000080860404]
[c=23207000000 pc=0000000080860154]
[c=23208000000 pc=00000000802afe76]
[c=23209000000 pc=0000000080261fc4]
[c=23210000000 pc=0000000080261df6]
[c=23211000000 pc=0000000080860408]
[c=23212000000 pc=0000000080860156]
[c=23213000000 pc=0000000080261fdc]
[c=23214000000 pc=0000000080261f18]
[c=23215000000 pc=0000000080261df8]
[c=23216000000 pc=0000000080860414]
[c=23217000000 pc=0000000080261eb8]
[c=23218000000 pc=0000000080261fbc]
[c=23219000000 pc=0000000080261e6e]
[c=23220000000 pc=0000000080261dfa]
[c=23221000000 pc=0000000080860416]
[c=23222000000 pc=0000000080261fb2]
[c=23223000000 pc=0000000080261fc0]
[c=23224000000 pc=00000000802aff2c]
[c=23225000000 pc=0000000080261e78]
[c=23226000000 pc=0000000080261ea4]
[c=23227000000 pc=0000000080261fb6]
[c=23228000000 pc=0000000080ae530c]
[c=23229000000 pc=00000000802aff30]
[c=23230000000 pc=0000000080261e78]
[c=23231000000 pc=0000000080261eaa]
[c=23232000000 pc=0000000080261fd2]
[c=23233000000 pc=0000000080ae530e]
[c=23234000000 pc=00000000802aff32]
[c=23235000000 pc=0000000080261e7c]
[c=23236000000 pc=0000000080261eac]
[c=23237000000 pc=00000000802afaca]
[c=23238000000 pc=0000000080ae5314]
[c=23239000000 pc=00000000802aff34]
[c=23240000000 pc=0000000080261e7e]
[c=23241000000 pc=0000000080261eb0]
[c=23242000000 pc=00000000802afacc]
[c=23243000000 pc=0000000080ae5318]
[c=23244000000 pc=00000000802aff38]
[c=23245000000 pc=0000000080261e80]
[c=23246000000 pc=0000000080261eb4]
[c=23247000000 pc=00000000802afad0]
[c=23248000000 pc=0000000080ae531a]
[c=23249000000 pc=00000000802aff3c]
[c=23250000000 pc=0000000080261ddc]
[c=23251000000 pc=0000000080860130]
[c=23252000000 pc=00000000802afad8]
[c=23253000000 pc=0000000080ae5320]
[c=23254000000 pc=00000000802aff3c]
[c=23255000000 pc=0000000080261de0]
[c=23256000000 pc=0000000080860132]
[c=23257000000 pc=00000000802afada]
[c=23258000000 pc=0000000080ae304e]
[c=23259000000 pc=00000000802aff3e]
[c=23260000000 pc=0000000080261de2]
[c=23261000000 pc=0000000080860134]
[c=23262000000 pc=00000000802afade]
[c=23263000000 pc=0000000080ae3050]
[c=23264000000 pc=00000000802aff4c]
[c=23265000000 pc=0000000080261de6]
[c=23266000000 pc=0000000080860136]
[c=23267000000 pc=00000000802afae2]
[c=23268000000 pc=0000000080ae3054]
[c=23269000000 pc=00000000802aff4e]
[c=23270000000 pc=0000000080261dea]
[c=23271000000 pc=0000000080860138]
[c=23272000000 pc=0000000080261fd6]
[c=23273000000 pc=0000000080ae305c]
[c=23274000000 pc=0000000080261e72]
[c=23275000000 pc=0000000080261e88]
[c=23276000000 pc=000000008086013c]
[c=23277000000 pc=00000000802afe60]
[c=23278000000 pc=0000000080ae305e]
[c=23279000000 pc=0000000080261e74]
[c=23280000000 pc=0000000080261e90]
[c=23281000000 pc=000000008086013c]
[c=23282000000 pc=00000000802afe64]
[c=23283000000 pc=0000000080ae3062]
[c=23284000000 pc=0000000080261e74]
[c=23285000000 pc=0000000080261e96]
[c=23286000000 pc=0000000080860142]
[c=23287000000 pc=00000000802afe66]
[c=23288000000 pc=0000000080ae5328]
[c=23289000000 pc=0000000080261dee]
[c=23290000000 pc=0000000080261e9a]
[c=23291000000 pc=000000008086014a]
[c=23292000000 pc=00000000802afe6a]
[c=23293000000 pc=0000000080ae532c]
[c=23294000000 pc=0000000080261df2]
[c=23295000000 pc=0000000080261ea0]
[c=23296000000 pc=000000008086014c]
[c=23297000000 pc=00000000802afe70]
[c=23298000000 pc=0000000080ae5330]
[c=23299000000 pc=0000000080261df2]
[c=23300000000 pc=0000000080860402]
[c=23301000000 pc=0000000080860150]
[c=23302000000 pc=00000000802afe74]
[c=23303000000 pc=0000000080ae5332]
[c=23304000000 pc=0000000080261df4]
[c=23305000000 pc=0000000080860404]
[c=23306000000 pc=0000000080860154]
[c=23307000000 pc=00000000802afe76]
[c=23308000000 pc=0000000080261fc4]
[c=23309000000 pc=0000000080261df6]
[c=23310000000 pc=0000000080860408]
[c=23311000000 pc=0000000080860156]
[c=23312000000 pc=0000000080261fdc]
[c=23313000000 pc=0000000080261f18]
[c=23314000000 pc=0000000080261df8]
[c=23315000000 pc=0000000080860414]
[c=23316000000 pc=0000000080261eb8]
[c=23317000000 pc=0000000080261fbc]
[c=23318000000 pc=0000000080261e6e]
[c=23319000000 pc=0000000080261dfa]
[c=23320000000 pc=0000000080860416]
[c=23321000000 pc=0000000080261fb2]
[c=23322000000 pc=0000000080261fc0]
[c=23323000000 pc=00000000802aff2c]
[c=23324000000 pc=0000000080261e78]
[c=23325000000 pc=0000000080261ea4]
[c=23326000000 pc=0000000080261fb6]
[c=23327000000 pc=0000000080ae530c]
[c=23328000000 pc=00000000802aff30]
[c=23329000000 pc=0000000080261e78]
[c=23330000000 pc=0000000080261eaa]
[c=23331000000 pc=0000000080261fd2]
[c=23332000000 pc=0000000080ae530e]
[c=23333000000 pc=00000000802aff32]
[c=23334000000 pc=0000000080261e7c]
[c=23335000000 pc=0000000080261eac]
[c=23336000000 pc=00000000802afaca]
[c=23337000000 pc=0000000080ae5314]
[c=23338000000 pc=00000000802aff34]
[c=23339000000 pc=0000000080261e7e]
[c=23340000000 pc=0000000080261eb0]
[c=23341000000 pc=00000000802afacc]
[c=23342000000 pc=0000000080ae5318]
[c=23343000000 pc=00000000802aff38]
[c=23344000000 pc=0000000080261e80]
[c=23345000000 pc=0000000080261eb4]
[c=23346000000 pc=00000000802afad0]
[c=23347000000 pc=0000000080ae531a]
[c=23348000000 pc=00000000802aff3c]
[c=23349000000 pc=0000000080261ddc]
[c=23350000000 pc=0000000080860130]
[c=23351000000 pc=00000000802afad8]
[c=23352000000 pc=0000000080ae5320]
[c=23353000000 pc=00000000802aff3c]
[c=23354000000 pc=0000000080261de0]
[c=23355000000 pc=0000000080860132]
[c=23356000000 pc=00000000802afada]
[c=23357000000 pc=0000000080ae304e]
[c=23358000000 pc=00000000802aff3e]
[c=23359000000 pc=0000000080261de2]
[c=23360000000 pc=0000000080860134]
[c=23361000000 pc=00000000802afade]
[c=23362000000 pc=0000000080ae3050]
[c=23363000000 pc=00000000802aff4c]
[c=23364000000 pc=0000000080261de6]
[c=23365000000 pc=0000000080860136]
[c=23366000000 pc=00000000802afae2]
[c=23367000000 pc=0000000080ae3054]
[c=23368000000 pc=00000000802aff4e]
[c=23369000000 pc=0000000080261dea]
[c=23370000000 pc=0000000080860138]
[c=23371000000 pc=0000000080261fd6]
[c=23372000000 pc=0000000080ae305c]
[c=23373000000 pc=0000000080261e72]
[c=23374000000 pc=0000000080261e88]
[c=23375000000 pc=000000008086013c]
[c=23376000000 pc=00000000802afe60]
[c=23377000000 pc=0000000080ae305e]
[c=23378000000 pc=0000000080261e74]
[c=23379000000 pc=0000000080261e90]
[c=23380000000 pc=000000008086013c]
[c=23381000000 pc=00000000802afe64]
[c=23382000000 pc=0000000080ae3062]
[c=23383000000 pc=0000000080261e74]
[c=23384000000 pc=0000000080261e96]
[c=23385000000 pc=0000000080860142]
[c=23386000000 pc=00000000802afe66]
[c=23387000000 pc=0000000080ae5328]
[c=23388000000 pc=0000000080261dee]
[c=23389000000 pc=0000000080261e9a]
[c=23390000000 pc=000000008086014a]
[c=23391000000 pc=00000000802afe6a]
[c=23392000000 pc=0000000080ae532c]
[c=23393000000 pc=0000000080261df2]
[c=23394000000 pc=0000000080261ea0]
[c=23395000000 pc=000000008086014c]
[c=23396000000 pc=00000000802afe70]
[c=23397000000 pc=0000000080ae5330]
[c=23398000000 pc=0000000080261df2]
[c=23399000000 pc=0000000080860402]
[c=23400000000 pc=0000000080860150]
[c=23401000000 pc=00000000802afe74]
[c=23402000000 pc=0000000080ae5332]
[c=23403000000 pc=0000000080261df4]
[c=23404000000 pc=0000000080860404]
[c=23405000000 pc=0000000080860154]
[c=23406000000 pc=00000000802afe76]
[c=23407000000 pc=0000000080261fc4]
[c=23408000000 pc=0000000080261df6]
[c=23409000000 pc=0000000080860408]
[c=23410000000 pc=0000000080860156]
[c=23411000000 pc=0000000080261fdc]
[c=23412000000 pc=0000000080261f18]
[c=23413000000 pc=0000000080261df8]
[c=23414000000 pc=0000000080860414]
[c=23415000000 pc=0000000080261eb8]
[c=23416000000 pc=0000000080261fbc]
[c=23417000000 pc=0000000080261e6e]
[c=23418000000 pc=0000000080261dfa]
[c=23419000000 pc=0000000080860416]
[c=23420000000 pc=0000000080261fb2]
[c=23421000000 pc=0000000080261fc0]
[c=23422000000 pc=00000000802aff2c]
[c=23423000000 pc=0000000080261e78]
[c=23424000000 pc=0000000080261ea4]
[c=23425000000 pc=0000000080261fb6]
[c=23426000000 pc=0000000080ae530c]
[c=23427000000 pc=00000000802aff30]
[c=23428000000 pc=0000000080261e78]
[c=23429000000 pc=0000000080261eaa]
[c=23430000000 pc=0000000080261fd2]
[c=23431000000 pc=0000000080ae530e]
[c=23432000000 pc=00000000802aff32]
[c=23433000000 pc=0000000080261e7c]
[c=23434000000 pc=0000000080261eac]
[c=23435000000 pc=00000000802afaca]
[c=23436000000 pc=0000000080ae5314]
[c=23437000000 pc=00000000802aff34]
[c=23438000000 pc=0000000080261e7e]
[c=23439000000 pc=0000000080261eb0]
[c=23440000000 pc=00000000802afacc]
[c=23441000000 pc=0000000080ae5318]
[c=23442000000 pc=00000000802aff38]
[c=23443000000 pc=0000000080261e80]
[c=23444000000 pc=0000000080261eb4]
[c=23445000000 pc=00000000802afad0]
[c=23446000000 pc=0000000080ae531a]
[c=23447000000 pc=00000000802aff3c]
[c=23448000000 pc=0000000080261ddc]
[c=23449000000 pc=0000000080860130]
[c=23450000000 pc=00000000802afad8]
[c=23451000000 pc=0000000080ae5320]
[c=23452000000 pc=00000000802aff3c]
[c=23453000000 pc=0000000080261de0]
[c=23454000000 pc=0000000080860132]
[c=23455000000 pc=00000000802afada]
[c=23456000000 pc=0000000080ae304e]
[c=23457000000 pc=00000000802aff3e]
[c=23458000000 pc=0000000080261de2]
[c=23459000000 pc=0000000080860134]
[c=23460000000 pc=00000000802afade]
[c=23461000000 pc=0000000080ae3050]
[c=23462000000 pc=00000000802aff4c]
[c=23463000000 pc=0000000080261de6]
[c=23464000000 pc=0000000080860136]
[c=23465000000 pc=00000000802afae2]
[c=23466000000 pc=0000000080ae3054]
[c=23467000000 pc=00000000802aff4e]
[c=23468000000 pc=0000000080261dea]
[c=23469000000 pc=0000000080860138]
[c=23470000000 pc=0000000080261fd6]
[c=23471000000 pc=0000000080ae305c]
[c=23472000000 pc=0000000080261e72]
[c=23473000000 pc=0000000080261e88]
[c=23474000000 pc=000000008086013c]
[c=23475000000 pc=00000000802afe60]
[c=23476000000 pc=0000000080ae305e]
[c=23477000000 pc=0000000080261e74]
[c=23478000000 pc=0000000080261e90]
[c=23479000000 pc=000000008086013c]
[c=23480000000 pc=00000000802afe64]
[c=23481000000 pc=0000000080ae3062]
[c=23482000000 pc=0000000080261e74]
[c=23483000000 pc=0000000080261e96]
[c=23484000000 pc=0000000080860142]
[c=23485000000 pc=00000000802afe66]
[c=23486000000 pc=0000000080ae5328]
[c=23487000000 pc=0000000080261dee]
[c=23488000000 pc=0000000080261e9a]
[c=23489000000 pc=000000008086014a]
[c=23490000000 pc=00000000802afe6a]
[c=23491000000 pc=0000000080ae532c]
[c=23492000000 pc=0000000080261df2]
[c=23493000000 pc=0000000080261ea0]
[c=23494000000 pc=000000008086014c]
[c=23495000000 pc=00000000802afe70]
[c=23496000000 pc=0000000080ae5330]
[c=23497000000 pc=0000000080261df2]
[c=23498000000 pc=0000000080860402]
[c=23499000000 pc=0000000080860150]
[c=23500000000 pc=00000000802afe74]
[c=23501000000 pc=0000000080ae5332]
[c=23502000000 pc=0000000080261df4]
[c=23503000000 pc=0000000080860404]
[c=23504000000 pc=0000000080860154]
[c=23505000000 pc=00000000802afe76]
[c=23506000000 pc=0000000080261fc4]
[c=23507000000 pc=0000000080261df6]
[c=23508000000 pc=0000000080860408]
[c=23509000000 pc=0000000080860156]
[c=23510000000 pc=0000000080261fdc]
[c=23511000000 pc=0000000080261f18]
[c=23512000000 pc=0000000080261df8]
[c=23513000000 pc=0000000080860414]
[c=23514000000 pc=0000000080261eb8]
[c=23515000000 pc=0000000080261fbc]
[c=23516000000 pc=0000000080261e6e]
[c=23517000000 pc=0000000080261dfa]
[c=23518000000 pc=0000000080860416]
[c=23519000000 pc=0000000080261fb2]
[c=23520000000 pc=0000000080261fc0]
[c=23521000000 pc=00000000802aff2c]
[c=23522000000 pc=0000000080261e78]
[c=23523000000 pc=0000000080261ea4]
[c=23524000000 pc=0000000080261fb6]
[c=23525000000 pc=0000000080ae530c]
[c=23526000000 pc=00000000802aff30]
[c=23527000000 pc=0000000080261e78]
[c=23528000000 pc=0000000080261eaa]
[c=23529000000 pc=0000000080261fd2]
[c=23530000000 pc=0000000080ae530e]
[c=23531000000 pc=00000000802aff32]
[c=23532000000 pc=0000000080261e7c]
[c=23533000000 pc=0000000080261eac]
[c=23534000000 pc=00000000802afaca]
[c=23535000000 pc=0000000080ae5314]
[c=23536000000 pc=00000000802aff34]
[c=23537000000 pc=0000000080261e7e]
[c=23538000000 pc=0000000080261eb0]
[c=23539000000 pc=00000000802afacc]
[c=23540000000 pc=0000000080ae5318]
[c=23541000000 pc=00000000802aff38]
[c=23542000000 pc=0000000080261e80]
[c=23543000000 pc=0000000080261eb4]
[c=23544000000 pc=00000000802afad0]
[c=23545000000 pc=0000000080ae531a]
[c=23546000000 pc=00000000802aff3c]
[c=23547000000 pc=0000000080261ddc]
[c=23548000000 pc=0000000080860130]
[c=23549000000 pc=00000000802afad8]
[c=23550000000 pc=0000000080ae5320]
[c=23551000000 pc=00000000802aff3c]
[c=23552000000 pc=0000000080261de0]
[c=23553000000 pc=0000000080860132]
[c=23554000000 pc=00000000802afada]
[c=23555000000 pc=0000000080ae304e]
[c=23556000000 pc=00000000802aff3e]
[c=23557000000 pc=0000000080261de2]
[c=23558000000 pc=0000000080860134]
[c=23559000000 pc=00000000802afade]
[c=23560000000 pc=0000000080ae3050]
[c=23561000000 pc=00000000802aff4c]
[c=23562000000 pc=0000000080261de6]
[c=23563000000 pc=0000000080860136]
[c=23564000000 pc=00000000802afae2]
[c=23565000000 pc=0000000080ae3054]
[c=23566000000 pc=00000000802aff4e]
[c=23567000000 pc=0000000080261dea]
[c=23568000000 pc=0000000080860138]
[c=23569000000 pc=0000000080261fd6]
[c=23570000000 pc=0000000080ae305c]
[c=23571000000 pc=0000000080261e72]
[c=23572000000 pc=0000000080261e88]
[c=23573000000 pc=000000008086013c]
[c=23574000000 pc=00000000802afe60]
[c=23575000000 pc=0000000080ae305e]
[c=23576000000 pc=0000000080261e74]
[c=23577000000 pc=0000000080261e90]
[c=23578000000 pc=000000008086013c]
[c=23579000000 pc=00000000802afe64]
[c=23580000000 pc=0000000080ae3062]
[c=23581000000 pc=0000000080261e74]
[c=23582000000 pc=0000000080261e96]
[c=23583000000 pc=0000000080860142]
[c=23584000000 pc=00000000802afe66]
[c=23585000000 pc=0000000080ae5328]
[c=23586000000 pc=0000000080261dee]
[c=23587000000 pc=0000000080261e9a]
[c=23588000000 pc=000000008086014a]
[c=23589000000 pc=00000000802afe6a]
[c=23590000000 pc=0000000080ae532c]
[c=23591000000 pc=0000000080261df2]
[c=23592000000 pc=0000000080261ea0]
[c=23593000000 pc=000000008086014c]
[c=23594000000 pc=00000000802afe70]
[c=23595000000 pc=0000000080ae5330]
[c=23596000000 pc=0000000080261df2]
[c=23597000000 pc=0000000080860402]
[c=23598000000 pc=0000000080860150]
[c=23599000000 pc=00000000802afe74]
[c=23600000000 pc=0000000080ae5332]
[c=23601000000 pc=0000000080261df4]
[c=23602000000 pc=0000000080860404]
[c=23603000000 pc=0000000080860154]
[c=23604000000 pc=00000000802afe76]
[c=23605000000 pc=0000000080261fc4]
[c=23606000000 pc=0000000080261df6]
[c=23607000000 pc=0000000080860408]
[c=23608000000 pc=0000000080860156]
[c=23609000000 pc=0000000080261fdc]
[c=23610000000 pc=0000000080261f18]
[c=23611000000 pc=0000000080261df8]
[c=23612000000 pc=0000000080860414]
[c=23613000000 pc=0000000080261eb8]
[c=23614000000 pc=0000000080261fbc]
[c=23615000000 pc=0000000080261e6e]
[c=23616000000 pc=0000000080261dfa]
[c=23617000000 pc=0000000080860416]
[c=23618000000 pc=0000000080261fb2]
[c=23619000000 pc=0000000080261fc0]
[c=23620000000 pc=00000000802aff2c]
[c=23621000000 pc=0000000080261e78]
[c=23622000000 pc=0000000080261ea4]
[c=23623000000 pc=0000000080261fb6]
[c=23624000000 pc=0000000080ae530c]
[c=23625000000 pc=00000000802aff30]
[c=23626000000 pc=0000000080261e78]
[c=23627000000 pc=0000000080261eaa]
[c=23628000000 pc=0000000080261fd2]
[c=23629000000 pc=0000000080ae530e]
[c=23630000000 pc=00000000802aff32]
[c=23631000000 pc=0000000080261e7c]
[c=23632000000 pc=0000000080261eac]
[c=23633000000 pc=00000000802afaca]
[c=23634000000 pc=0000000080ae5314]
[c=23635000000 pc=00000000802aff34]
[c=23636000000 pc=0000000080261e7e]
[c=23637000000 pc=0000000080261eb0]
[c=23638000000 pc=00000000802afacc]
[c=23639000000 pc=0000000080ae5318]
[c=23640000000 pc=00000000802aff38]
[c=23641000000 pc=0000000080261e80]
[c=23642000000 pc=0000000080261eb4]
[c=23643000000 pc=00000000802afad0]
[c=23644000000 pc=0000000080ae531a]
[c=23645000000 pc=00000000802aff3c]
[c=23646000000 pc=0000000080261ddc]
[c=23647000000 pc=0000000080860130]
[c=23648000000 pc=00000000802afad8]
[c=23649000000 pc=0000000080ae5320]
[c=23650000000 pc=00000000802aff3c]
[c=23651000000 pc=0000000080261de0]
[c=23652000000 pc=0000000080860132]
[c=23653000000 pc=00000000802afada]
[c=23654000000 pc=0000000080ae304e]
[c=23655000000 pc=00000000802aff3e]
[c=23656000000 pc=0000000080261de2]
[c=23657000000 pc=0000000080860134]
[c=23658000000 pc=00000000802afade]
[c=23659000000 pc=0000000080ae3050]
[c=23660000000 pc=00000000802aff4c]
[c=23661000000 pc=0000000080261de6]
[c=23662000000 pc=0000000080860136]
[c=23663000000 pc=00000000802afae2]
[c=23664000000 pc=0000000080ae3054]
[c=23665000000 pc=00000000802aff4e]
[c=23666000000 pc=0000000080261dea]
[c=23667000000 pc=0000000080860138]
[c=23668000000 pc=0000000080261fd6]
[c=23669000000 pc=0000000080ae305c]
[c=23670000000 pc=0000000080261e72]
[c=23671000000 pc=0000000080261e88]
[c=23672000000 pc=000000008086013c]
[c=23673000000 pc=00000000802afe60]
[c=23674000000 pc=0000000080ae305e]
[c=23675000000 pc=0000000080261e74]
[c=23676000000 pc=0000000080261e90]
[c=23677000000 pc=000000008086013c]
[c=23678000000 pc=00000000802afe64]
[c=23679000000 pc=0000000080ae3062]
[c=23680000000 pc=0000000080261e74]
[c=23681000000 pc=0000000080261e96]
[c=23682000000 pc=0000000080860142]
[c=23683000000 pc=00000000802afe66]
[c=23684000000 pc=0000000080ae5328]
[c=23685000000 pc=0000000080261dee]
[c=23686000000 pc=0000000080261e9a]
[c=23687000000 pc=000000008086014a]
[c=23688000000 pc=00000000802afe6a]
[c=23689000000 pc=0000000080ae532c]
[c=23690000000 pc=0000000080261df2]
[c=23691000000 pc=0000000080261ea0]
[c=23692000000 pc=000000008086014c]
[c=23693000000 pc=00000000802afe70]
[c=23694000000 pc=0000000080ae5330]
[c=23695000000 pc=0000000080261df2]
[c=23696000000 pc=0000000080860402]
[c=23697000000 pc=0000000080860150]
[c=23698000000 pc=00000000802afe74]
[c=23699000000 pc=0000000080ae5332]
[c=23700000000 pc=0000000080261df4]
[c=23701000000 pc=0000000080860404]
[c=23702000000 pc=0000000080860154]
[c=23703000000 pc=00000000802afe76]
[c=23704000000 pc=0000000080261fc4]
[c=23705000000 pc=0000000080261df6]
[c=23706000000 pc=0000000080860408]
[c=23707000000 pc=0000000080860156]
[c=23708000000 pc=0000000080261fdc]
[c=23709000000 pc=0000000080261f18]
[c=23710000000 pc=0000000080261df8]
[c=23711000000 pc=0000000080860414]
[c=23712000000 pc=0000000080261eb8]
[c=23713000000 pc=0000000080261fbc]
[c=23714000000 pc=0000000080261e6e]
[c=23715000000 pc=0000000080261dfa]
[c=23716000000 pc=0000000080860416]
[c=23717000000 pc=0000000080261fb2]
[c=23718000000 pc=0000000080261fc0]
[c=23719000000 pc=00000000802aff2c]
[c=23720000000 pc=0000000080261e78]
[c=23721000000 pc=0000000080261ea4]
[c=23722000000 pc=0000000080261fb6]
[c=23723000000 pc=0000000080ae530c]
[c=23724000000 pc=00000000802aff30]
[c=23725000000 pc=0000000080261e78]
[c=23726000000 pc=0000000080261eaa]
[c=23727000000 pc=0000000080261fd2]
[c=23728000000 pc=0000000080ae530e]
[c=23729000000 pc=00000000802aff32]
[c=23730000000 pc=0000000080261e7c]
[c=23731000000 pc=0000000080261eac]
[c=23732000000 pc=00000000802afaca]
[c=23733000000 pc=0000000080ae5314]
[c=23734000000 pc=00000000802aff34]
[c=23735000000 pc=0000000080261e7e]
[c=23736000000 pc=0000000080261eb0]
[c=23737000000 pc=00000000802afacc]
[c=23738000000 pc=0000000080ae5318]
[c=23739000000 pc=00000000802aff38]
[c=23740000000 pc=0000000080261e80]
[c=23741000000 pc=0000000080261eb4]
[c=23742000000 pc=00000000802afad0]
[c=23743000000 pc=0000000080ae531a]
[c=23744000000 pc=00000000802aff3c]
[c=23745000000 pc=0000000080261ddc]
[c=23746000000 pc=0000000080860130]
[c=23747000000 pc=00000000802afad8]
[c=23748000000 pc=0000000080ae5320]
[c=23749000000 pc=00000000802aff3c]
[c=23750000000 pc=0000000080261de0]
[c=23751000000 pc=0000000080860132]
[c=23752000000 pc=00000000802afada]
[c=23753000000 pc=0000000080ae304e]
[c=23754000000 pc=00000000802aff3e]
[c=23755000000 pc=0000000080261de2]
[c=23756000000 pc=0000000080860134]
[c=23757000000 pc=00000000802afade]
[c=23758000000 pc=0000000080ae3050]
[c=23759000000 pc=00000000802aff4c]
[c=23760000000 pc=0000000080261de6]
[c=23761000000 pc=0000000080860136]
[c=23762000000 pc=00000000802afae2]
[c=23763000000 pc=0000000080ae3054]
[c=23764000000 pc=00000000802aff4e]
[c=23765000000 pc=0000000080261dea]
[c=23766000000 pc=0000000080860138]
[c=23767000000 pc=0000000080261fd6]
[c=23768000000 pc=0000000080ae305c]
[c=23769000000 pc=0000000080261e72]
[c=23770000000 pc=0000000080261e88]
[c=23771000000 pc=000000008086013c]
[c=23772000000 pc=00000000802afe60]
[c=23773000000 pc=0000000080ae305e]
[c=23774000000 pc=0000000080261e74]
[c=23775000000 pc=0000000080261e90]
[c=23776000000 pc=000000008086013c]
[c=23777000000 pc=00000000802afe64]
[c=23778000000 pc=0000000080ae3062]
[c=23779000000 pc=0000000080261e74]
[c=23780000000 pc=0000000080261e96]
[c=23781000000 pc=0000000080860142]
[c=23782000000 pc=00000000802afe66]
[c=23783000000 pc=0000000080ae5328]
[c=23784000000 pc=0000000080261dee]
[c=23785000000 pc=0000000080261e9a]
[c=23786000000 pc=000000008086014a]
[c=23787000000 pc=00000000802afe6a]
[c=23788000000 pc=0000000080ae532c]
[c=23789000000 pc=0000000080261df2]
[c=23790000000 pc=0000000080261ea0]
[c=23791000000 pc=000000008086014c]
[c=23792000000 pc=00000000802afe70]
[c=23793000000 pc=0000000080ae5330]
[c=23794000000 pc=0000000080261df2]
[c=23795000000 pc=0000000080860402]
[c=23796000000 pc=0000000080860150]
[c=23797000000 pc=00000000802afe74]
[c=23798000000 pc=0000000080ae5332]
[c=23799000000 pc=0000000080261df4]
[c=23800000000 pc=0000000080860404]
[c=23801000000 pc=0000000080860154]
[c=23802000000 pc=00000000802afe76]
[c=23803000000 pc=0000000080261fc4]
[c=23804000000 pc=0000000080261df6]
[c=23805000000 pc=0000000080860408]
[c=23806000000 pc=0000000080860156]
[c=23807000000 pc=0000000080261fdc]
[c=23808000000 pc=0000000080261f18]
[c=23809000000 pc=0000000080261df8]
[c=23810000000 pc=0000000080860414]
[c=23811000000 pc=0000000080261eb8]
[c=23812000000 pc=0000000080261fbc]
[c=23813000000 pc=0000000080261e6e]
[c=23814000000 pc=0000000080261dfa]
[c=23815000000 pc=0000000080860416]
[c=23816000000 pc=0000000080261fb2]
[c=23817000000 pc=0000000080261fc0]
[c=23818000000 pc=00000000802aff2c]
[c=23819000000 pc=0000000080261e78]
[c=23820000000 pc=0000000080261ea4]
[c=23821000000 pc=0000000080261fb6]
[c=23822000000 pc=0000000080ae530c]
[c=23823000000 pc=00000000802aff30]
[c=23824000000 pc=0000000080261e78]
[c=23825000000 pc=0000000080261eaa]
[c=23826000000 pc=0000000080261fd2]
[c=23827000000 pc=0000000080ae530e]
[c=23828000000 pc=00000000802aff32]
[c=23829000000 pc=0000000080261e7c]
[c=23830000000 pc=0000000080261eac]
[c=23831000000 pc=00000000802afaca]
[c=23832000000 pc=0000000080ae5314]
[c=23833000000 pc=00000000802aff34]
[c=23834000000 pc=0000000080261e7e]
[c=23835000000 pc=0000000080261eb0]
[c=23836000000 pc=00000000802afacc]
[c=23837000000 pc=0000000080ae5318]
[c=23838000000 pc=00000000802aff38]
[c=23839000000 pc=0000000080261e80]
[c=23840000000 pc=0000000080261eb4]
[c=23841000000 pc=00000000802afad0]
[c=23842000000 pc=0000000080ae531a]
[c=23843000000 pc=00000000802aff3c]
[c=23844000000 pc=0000000080261ddc]
[c=23845000000 pc=0000000080860130]
[c=23846000000 pc=00000000802afad8]
[c=23847000000 pc=0000000080ae5320]
[c=23848000000 pc=00000000802aff3c]
[c=23849000000 pc=0000000080261de0]
[c=23850000000 pc=0000000080860132]
[c=23851000000 pc=00000000802afada]
[c=23852000000 pc=0000000080ae304e]
[c=23853000000 pc=00000000802aff3e]
[c=23854000000 pc=0000000080261de2]
[c=23855000000 pc=0000000080860134]
[c=23856000000 pc=00000000802afade]
[c=23857000000 pc=0000000080ae3050]
[c=23858000000 pc=00000000802aff4c]
[c=23859000000 pc=0000000080261de6]
[c=23860000000 pc=0000000080860136]
[c=23861000000 pc=00000000802afae2]
[c=23862000000 pc=0000000080ae3054]
[c=23863000000 pc=00000000802aff4e]
[c=23864000000 pc=0000000080261dea]
[c=23865000000 pc=0000000080860138]
[c=23866000000 pc=0000000080261fd6]
[c=23867000000 pc=0000000080ae305c]
[c=23868000000 pc=0000000080261e72]
[c=23869000000 pc=0000000080261e88]
[c=23870000000 pc=000000008086013c]
[c=23871000000 pc=00000000802afe60]
[c=23872000000 pc=0000000080ae305e]
[c=23873000000 pc=0000000080261e74]
[c=23874000000 pc=0000000080261e90]
[c=23875000000 pc=000000008086013c]
[c=23876000000 pc=00000000802afe64]
[c=23877000000 pc=0000000080ae3062]
[c=23878000000 pc=0000000080261e74]
[c=23879000000 pc=0000000080261e96]
[c=23880000000 pc=0000000080860142]
[c=23881000000 pc=00000000802afe66]
[c=23882000000 pc=0000000080ae5328]
[c=23883000000 pc=0000000080261dee]
[c=23884000000 pc=0000000080261e9a]
[c=23885000000 pc=000000008086014a]
[c=23886000000 pc=00000000802afe6a]
[c=23887000000 pc=0000000080ae532c]
[c=23888000000 pc=0000000080261df2]
[c=23889000000 pc=0000000080261ea0]
[c=23890000000 pc=000000008086014c]
[c=23891000000 pc=00000000802afe70]
[c=23892000000 pc=0000000080ae5330]
[c=23893000000 pc=0000000080261df2]
[c=23894000000 pc=0000000080860402]
[c=23895000000 pc=0000000080860150]
[c=23896000000 pc=00000000802afe74]
[c=23897000000 pc=0000000080ae5332]
[c=23898000000 pc=0000000080261df4]
[c=23899000000 pc=0000000080860404]
[c=23900000000 pc=0000000080860154]
[c=23901000000 pc=00000000802afe76]
[c=23902000000 pc=0000000080261fc4]
[c=23903000000 pc=0000000080261df6]
[c=23904000000 pc=0000000080860408]
[c=23905000000 pc=0000000080860156]
[c=23906000000 pc=0000000080261fdc]
[c=23907000000 pc=0000000080261f18]
[c=23908000000 pc=0000000080261df8]
[c=23909000000 pc=0000000080860414]
[c=23910000000 pc=0000000080261eb8]
[c=23911000000 pc=0000000080261fbc]
[c=23912000000 pc=0000000080261e6e]
[c=23913000000 pc=0000000080261dfa]
[c=23914000000 pc=0000000080860416]
[c=23915000000 pc=0000000080261fb2]
[c=23916000000 pc=0000000080261fc0]
[c=23917000000 pc=00000000802aff2c]
[c=23918000000 pc=0000000080261e78]
[c=23919000000 pc=0000000080261ea4]
[c=23920000000 pc=0000000080261fb6]
[c=23921000000 pc=0000000080ae530c]
[c=23922000000 pc=00000000802aff30]
[c=23923000000 pc=0000000080261e78]
[c=23924000000 pc=0000000080261eaa]
[c=23925000000 pc=0000000080261fd2]
[c=23926000000 pc=0000000080ae530e]
[c=23927000000 pc=00000000802aff32]
[c=23928000000 pc=0000000080261e7c]
[c=23929000000 pc=0000000080261eac]
[c=23930000000 pc=00000000802afaca]
[c=23931000000 pc=0000000080ae5314]
[c=23932000000 pc=00000000802aff34]
[c=23933000000 pc=0000000080261e7e]
[c=23934000000 pc=0000000080261eb0]
[c=23935000000 pc=00000000802afacc]
[c=23936000000 pc=0000000080ae5318]
[c=23937000000 pc=00000000802aff38]
[c=23938000000 pc=0000000080261e80]
[c=23939000000 pc=0000000080261eb4]
[c=23940000000 pc=00000000802afad0]
[c=23941000000 pc=0000000080ae531a]
[c=23942000000 pc=00000000802aff3c]
[c=23943000000 pc=0000000080261ddc]
[c=23944000000 pc=0000000080860130]
[c=23945000000 pc=00000000802afad8]
[c=23946000000 pc=0000000080ae5320]
[c=23947000000 pc=00000000802aff3c]
[c=23948000000 pc=0000000080261de0]
[c=23949000000 pc=0000000080860132]
[c=23950000000 pc=00000000802afada]
[c=23951000000 pc=0000000080ae304e]
[c=23952000000 pc=00000000802aff3e]
[c=23953000000 pc=0000000080261de2]
[c=23954000000 pc=0000000080860134]
[c=23955000000 pc=00000000802afade]
[c=23956000000 pc=0000000080ae3050]
[c=23957000000 pc=00000000802aff4c]
[c=23958000000 pc=0000000080261de6]
[c=23959000000 pc=0000000080860136]
[c=23960000000 pc=00000000802afae2]
[c=23961000000 pc=0000000080ae3054]
[c=23962000000 pc=00000000802aff4e]
[c=23963000000 pc=0000000080261dea]
[c=23964000000 pc=0000000080860138]
[c=23965000000 pc=0000000080261fd6]
[c=23966000000 pc=0000000080ae305c]
[c=23967000000 pc=0000000080261e72]
[c=23968000000 pc=0000000080261e88]
[c=23969000000 pc=000000008086013c]
[c=23970000000 pc=00000000802afe60]
[c=23971000000 pc=0000000080ae305e]
[c=23972000000 pc=0000000080261e74]
[c=23973000000 pc=0000000080261e90]
[c=23974000000 pc=000000008086013c]
[c=23975000000 pc=00000000802afe64]
[c=23976000000 pc=0000000080ae3062]
[c=23977000000 pc=0000000080261e74]
[c=23978000000 pc=0000000080261e96]
[c=23979000000 pc=0000000080860142]
[c=23980000000 pc=00000000802afe66]
[c=23981000000 pc=0000000080ae5328]
[c=23982000000 pc=0000000080261dee]
[c=23983000000 pc=0000000080261e9a]
[c=23984000000 pc=000000008086014a]
[c=23985000000 pc=00000000802afe6a]
[c=23986000000 pc=0000000080ae532c]
[c=23987000000 pc=0000000080261df2]
[c=23988000000 pc=0000000080261ea0]
[c=23989000000 pc=000000008086014c]
[c=23990000000 pc=00000000802afe70]
[c=23991000000 pc=0000000080ae5330]
[c=23992000000 pc=0000000080261df2]
[c=23993000000 pc=0000000080860402]
[c=23994000000 pc=0000000080860150]
[c=23995000000 pc=00000000802afe74]
[c=23996000000 pc=0000000080ae5332]
[c=23997000000 pc=0000000080261df4]
[c=23998000000 pc=0000000080860404]
[c=23999000000 pc=0000000080860154]
[c=24000000000 pc=00000000802afe76]
[c=24001000000 pc=0000000080261fc4]
[c=24002000000 pc=0000000080261df6]
[c=24003000000 pc=0000000080860408]
[c=24004000000 pc=0000000080860156]
[c=24005000000 pc=0000000080261fdc]
[c=24006000000 pc=0000000080261f18]
[c=24007000000 pc=0000000080261df8]
[c=24008000000 pc=0000000080860414]
[c=24009000000 pc=0000000080261eb8]
[c=24010000000 pc=0000000080261fbc]
[c=24011000000 pc=0000000080261e6e]
[c=24012000000 pc=0000000080261dfa]
[c=24013000000 pc=0000000080860416]
[c=24014000000 pc=0000000080261fb2]
[c=24015000000 pc=0000000080261fc0]
[c=24016000000 pc=00000000802aff2c]
[c=24017000000 pc=0000000080261e78]
[c=24018000000 pc=0000000080261ea4]
[c=24019000000 pc=0000000080261fb6]
[c=24020000000 pc=0000000080ae530c]
[c=24021000000 pc=00000000802aff30]
[c=24022000000 pc=0000000080261e78]
[c=24023000000 pc=0000000080261eaa]
[c=24024000000 pc=0000000080261fd2]
[c=24025000000 pc=0000000080ae530e]
[c=24026000000 pc=00000000802aff32]
[c=24027000000 pc=0000000080261e7c]
[c=24028000000 pc=0000000080261eac]
[c=24029000000 pc=00000000802afaca]
[c=24030000000 pc=0000000080ae5314]
[c=24031000000 pc=00000000802aff34]
[c=24032000000 pc=0000000080261e7e]
[c=24033000000 pc=0000000080261eb0]
[c=24034000000 pc=00000000802afacc]
[c=24035000000 pc=0000000080ae5318]
[c=24036000000 pc=00000000802aff38]
[c=24037000000 pc=0000000080261e80]
[c=24038000000 pc=0000000080261eb4]
[c=24039000000 pc=00000000802afad0]
[c=24040000000 pc=0000000080ae531a]
[c=24041000000 pc=00000000802aff3c]
[c=24042000000 pc=0000000080261ddc]
[c=24043000000 pc=0000000080860130]
[c=24044000000 pc=00000000802afad8]
[c=24045000000 pc=0000000080ae5320]
[c=24046000000 pc=00000000802aff3c]
[c=24047000000 pc=0000000080261de0]
[c=24048000000 pc=0000000080860132]
[c=24049000000 pc=00000000802afada]
[c=24050000000 pc=0000000080ae304e]
[c=24051000000 pc=00000000802aff3e]
[c=24052000000 pc=0000000080261de2]
[c=24053000000 pc=0000000080860134]
[c=24054000000 pc=00000000802afade]
[c=24055000000 pc=0000000080ae3050]
[c=24056000000 pc=00000000802aff4c]
[c=24057000000 pc=0000000080261de6]
[c=24058000000 pc=0000000080860136]
[c=24059000000 pc=00000000802afae2]
[c=24060000000 pc=0000000080ae3054]
[c=24061000000 pc=00000000802aff4e]
[c=24062000000 pc=0000000080261dea]
[c=24063000000 pc=0000000080860138]
[c=24064000000 pc=0000000080261fd6]
[c=24065000000 pc=0000000080ae305c]
[c=24066000000 pc=0000000080261e72]
[c=24067000000 pc=0000000080261e88]
[c=24068000000 pc=000000008086013c]
[c=24069000000 pc=00000000802afe60]
[c=24070000000 pc=0000000080ae305e]
[c=24071000000 pc=0000000080261e74]
[c=24072000000 pc=0000000080261e90]
[c=24073000000 pc=000000008086013c]
[c=24074000000 pc=00000000802afe64]
[c=24075000000 pc=0000000080ae3062]
[c=24076000000 pc=0000000080261e74]
[c=24077000000 pc=0000000080261e96]
[c=24078000000 pc=0000000080860142]
[c=24079000000 pc=00000000802afe66]
[c=24080000000 pc=0000000080ae5328]
[c=24081000000 pc=0000000080261dee]
[c=24082000000 pc=0000000080261e9a]
[c=24083000000 pc=000000008086014a]
[c=24084000000 pc=00000000802afe6a]
[c=24085000000 pc=0000000080ae532c]
[c=24086000000 pc=0000000080261df2]
[c=24087000000 pc=0000000080261ea0]
[c=24088000000 pc=000000008086014c]
[c=24089000000 pc=00000000802afe70]
[c=24090000000 pc=0000000080ae5330]
[c=24091000000 pc=0000000080261df2]
[c=24092000000 pc=0000000080860402]
[c=24093000000 pc=0000000080860150]
[c=24094000000 pc=00000000802afe74]
[c=24095000000 pc=0000000080ae5332]
[c=24096000000 pc=0000000080261df4]
[c=24097000000 pc=0000000080860404]
[c=24098000000 pc=0000000080860154]
[c=24099000000 pc=00000000802afe76]
[c=24100000000 pc=0000000080261fc4]
[c=24101000000 pc=0000000080261df6]
[c=24102000000 pc=0000000080860408]
[c=24103000000 pc=0000000080860156]
[c=24104000000 pc=0000000080261fdc]
[c=24105000000 pc=0000000080261f18]
[c=24106000000 pc=0000000080261df8]
[c=24107000000 pc=0000000080860414]
[c=24108000000 pc=0000000080261eb8]
[c=24109000000 pc=0000000080261fbc]
[c=24110000000 pc=0000000080261e6e]
[c=24111000000 pc=0000000080261dfa]
[c=24112000000 pc=0000000080860416]
[c=24113000000 pc=0000000080261fb2]
[c=24114000000 pc=0000000080261fc0]
[c=24115000000 pc=00000000802aff2c]
[c=24116000000 pc=0000000080261e78]
[c=24117000000 pc=0000000080261ea4]
[c=24118000000 pc=0000000080261fb6]
[c=24119000000 pc=0000000080ae530c]
[c=24120000000 pc=00000000802aff30]
[c=24121000000 pc=0000000080261e78]
[c=24122000000 pc=0000000080261eaa]
[c=24123000000 pc=0000000080261fd2]
[c=24124000000 pc=0000000080ae530e]
[c=24125000000 pc=00000000802aff32]
[c=24126000000 pc=0000000080261e7c]
[c=24127000000 pc=0000000080261eac]
[c=24128000000 pc=00000000802afaca]
[c=24129000000 pc=0000000080ae5314]
[c=24130000000 pc=00000000802aff34]
[c=24131000000 pc=0000000080261e7e]
[c=24132000000 pc=0000000080261eb0]
[c=24133000000 pc=00000000802afacc]
[c=24134000000 pc=0000000080ae5318]
[c=24135000000 pc=00000000802aff38]
[c=24136000000 pc=0000000080261e80]
[c=24137000000 pc=0000000080261eb4]
[c=24138000000 pc=00000000802afad0]
[c=24139000000 pc=0000000080ae531a]
[c=24140000000 pc=00000000802aff3c]
[c=24141000000 pc=0000000080261ddc]
[c=24142000000 pc=0000000080860130]
[c=24143000000 pc=00000000802afad8]
[c=24144000000 pc=0000000080ae5320]
[c=24145000000 pc=00000000802aff3c]
[c=24146000000 pc=0000000080261de0]
[c=24147000000 pc=0000000080860132]
[c=24148000000 pc=00000000802afada]
[c=24149000000 pc=0000000080ae304e]
[c=24150000000 pc=00000000802aff