
*** Running vivado
    with args -log ila_timer.vds -m64 -product Vivado -mode batch -messageDb vivado.pb -notrace -source ila_timer.tcl


****** Vivado v2025.1 (64-bit)
  **** SW Build 6140274 on Wed May 21 22:58:25 MDT 2025
  **** IP Build 6138677 on Thu May 22 03:10:11 MDT 2025
  **** SharedData Build 6139179 on Tue May 20 17:58:58 MDT 2025
  **** Start of session at: Mon Aug 10 05:09:22 2026
    ** Copyright 1986-2022 Xilinx, Inc. All Rights Reserved.
    ** Copyright 2022-2025 Advanced Micro Devices, Inc. All Rights Reserved.

source ila_timer.tcl -notrace
Command: synth_design -top ila_timer -part xcku5p-ffvb676-2-i -incremental_mode off -mode out_of_context
Starting synth_design
Attempting to get a license for feature 'Synthesis' and/or device 'xcku5p'
INFO: [Common 17-349] Got license for feature 'Synthesis' and/or device 'xcku5p'
INFO: [Device 21-403] Loading part xcku5p-ffvb676-2-i
INFO: [Synth 8-7079] Multithreading enabled for synth_design using a maximum of 4 processes.
INFO: [Synth 8-7078] Launching helper process for spawning children vivado processes
INFO: [Synth 8-7075] Helper process launched with PID 715405
---------------------------------------------------------------------------------
Starting RTL Elaboration : Time (s): cpu = 00:00:03 ; elapsed = 00:00:03 . Memory (MB): peak = 2754.477 ; gain = 175.859 ; free physical = 16793 ; free virtual = 55880
---------------------------------------------------------------------------------
INFO: [Synth 8-11241] undeclared symbol 'tms_int', assumed default net type 'wire' [/home/tommy/smolrv64/platforms/rk-xcku5p-f-v1.2/rk_xcku5p.gen/sources_1/ip/ila_timer/hdl/verilog/xsdbm_v3_0_4_bs_core_ext.vh:30]
INFO: [Synth 8-11241] undeclared symbol 'runtest_int', assumed default net type 'wire' [/home/tommy/smolrv64/platforms/rk-xcku5p-f-v1.2/rk_xcku5p.gen/sources_1/ip/ila_timer/hdl/verilog/xsdbm_v3_0_4_bs_core_ext.vh:32]
INFO: [Synth 8-11241] undeclared symbol 'tms_int', assumed default net type 'wire' [/home/tommy/smolrv64/platforms/rk-xcku5p-f-v1.2/rk_xcku5p.gen/sources_1/ip/ila_timer/hdl/verilog/xsdbm_v3_0_4_bs_core_ext.vh:69]
INFO: [Synth 8-11241] undeclared symbol 'runtest_int', assumed default net type 'wire' [/home/tommy/smolrv64/platforms/rk-xcku5p-f-v1.2/rk_xcku5p.gen/sources_1/ip/ila_timer/hdl/verilog/xsdbm_v3_0_4_bs_core_ext.vh:71]
INFO: [Synth 8-11241] undeclared symbol 'tms_int', assumed default net type 'wire' [/home/tommy/smolrv64/platforms/rk-xcku5p-f-v1.2/rk_xcku5p.gen/sources_1/ip/ila_timer/hdl/verilog/xsdbm_v3_0_4_bs_core_ext.vh:109]
INFO: [Synth 8-11241] undeclared symbol 'runtest_int', assumed default net type 'wire' [/home/tommy/smolrv64/platforms/rk-xcku5p-f-v1.2/rk_xcku5p.gen/sources_1/ip/ila_timer/hdl/verilog/xsdbm_v3_0_4_bs_core_ext.vh:111]
INFO: [Synth 8-11241] undeclared symbol 'tms_int', assumed default net type 'wire' [/home/tommy/smolrv64/platforms/rk-xcku5p-f-v1.2/rk_xcku5p.gen/sources_1/ip/ila_timer/hdl/verilog/xsdbm_v3_0_4_bs_core_ext.vh:150]
INFO: [Synth 8-11241] undeclared symbol 'runtest_int', assumed default net type 'wire' [/home/tommy/smolrv64/platforms/rk-xcku5p-f-v1.2/rk_xcku5p.gen/sources_1/ip/ila_timer/hdl/verilog/xsdbm_v3_0_4_bs_core_ext.vh:152]
INFO: [Synth 8-11241] undeclared symbol 'tms_int', assumed default net type 'wire' [/home/tommy/smolrv64/platforms/rk-xcku5p-f-v1.2/rk_xcku5p.gen/sources_1/ip/ila_timer/hdl/verilog/xsdbm_v3_0_4_bs_core_ext.vh:192]
INFO: [Synth 8-11241] undeclared symbol 'runtest_int', assumed default net type 'wire' [/home/tommy/smolrv64/platforms/rk-xcku5p-f-v1.2/rk_xcku5p.gen/sources_1/ip/ila_timer/hdl/verilog/xsdbm_v3_0_4_bs_core_ext.vh:194]
INFO: [Synth 8-11241] undeclared symbol 'tms_int', assumed default net type 'wire' [/home/tommy/smolrv64/platforms/rk-xcku5p-f-v1.2/rk_xcku5p.gen/sources_1/ip/ila_timer/hdl/verilog/xsdbm_v3_0_4_bs_core_ext.vh:235]
INFO: [Synth 8-11241] undeclared symbol 'runtest_int', assumed default net type 'wire' [/home/tommy/smolrv64/platforms/rk-xcku5p-f-v1.2/rk_xcku5p.gen/sources_1/ip/ila_timer/hdl/verilog/xsdbm_v3_0_4_bs_core_ext.vh:237]
INFO: [Synth 8-11241] undeclared symbol 'tms_int', assumed default net type 'wire' [/home/tommy/smolrv64/platforms/rk-xcku5p-f-v1.2/rk_xcku5p.gen/sources_1/ip/ila_timer/hdl/verilog/xsdbm_v3_0_4_bs_core_ext.vh:279]
INFO: [Synth 8-11241] undeclared symbol 'runtest_int', assumed default net type 'wire' [/home/tommy/smolrv64/platforms/rk-xcku5p-f-v1.2/rk_xcku5p.gen/sources_1/ip/ila_timer/hdl/verilog/xsdbm_v3_0_4_bs_core_ext.vh:281]
INFO: [Synth 8-11241] undeclared symbol 'tms_int', assumed default net type 'wire' [/home/tommy/smolrv64/platforms/rk-xcku5p-f-v1.2/rk_xcku5p.gen/sources_1/ip/ila_timer/hdl/verilog/xsdbm_v3_0_4_bs_core_ext.vh:324]
INFO: [Synth 8-11241] undeclared symbol 'runtest_int', assumed default net type 'wire' [/home/tommy/smolrv64/platforms/rk-xcku5p-f-v1.2/rk_xcku5p.gen/sources_1/ip/ila_timer/hdl/verilog/xsdbm_v3_0_4_bs_core_ext.vh:326]
INFO: [Synth 8-11241] undeclared symbol 'tms_int', assumed default net type 'wire' [/home/tommy/smolrv64/platforms/rk-xcku5p-f-v1.2/rk_xcku5p.gen/sources_1/ip/ila_timer/hdl/verilog/xsdbm_v3_0_4_bs_core_ext.vh:370]
INFO: [Synth 8-11241] undeclared symbol 'runtest_int', assumed default net type 'wire' [/home/tommy/smolrv64/platforms/rk-xcku5p-f-v1.2/rk_xcku5p.gen/sources_1/ip/ila_timer/hdl/verilog/xsdbm_v3_0_4_bs_core_ext.vh:372]
INFO: [Synth 8-11241] undeclared symbol 'tms_int', assumed default net type 'wire' [/home/tommy/smolrv64/platforms/rk-xcku5p-f-v1.2/rk_xcku5p.gen/sources_1/ip/ila_timer/hdl/verilog/xsdbm_v3_0_4_bs_core_ext.vh:417]
INFO: [Synth 8-11241] undeclared symbol 'runtest_int', assumed default net type 'wire' [/home/tommy/smolrv64/platforms/rk-xcku5p-f-v1.2/rk_xcku5p.gen/sources_1/ip/ila_timer/hdl/verilog/xsdbm_v3_0_4_bs_core_ext.vh:419]
INFO: [Synth 8-11241] undeclared symbol 'tms_int', assumed default net type 'wire' [/home/tommy/smolrv64/platforms/rk-xcku5p-f-v1.2/rk_xcku5p.gen/sources_1/ip/ila_timer/hdl/verilog/xsdbm_v3_0_4_bs_core_ext.vh:465]
INFO: [Synth 8-11241] undeclared symbol 'runtest_int', assumed default net type 'wire' [/home/tommy/smolrv64/platforms/rk-xcku5p-f-v1.2/rk_xcku5p.gen/sources_1/ip/ila_timer/hdl/verilog/xsdbm_v3_0_4_bs_core_ext.vh:467]
INFO: [Synth 8-11241] undeclared symbol 'tms_int', assumed default net type 'wire' [/home/tommy/smolrv64/platforms/rk-xcku5p-f-v1.2/rk_xcku5p.gen/sources_1/ip/ila_timer/hdl/verilog/xsdbm_v3_0_4_bs_core_ext.vh:514]
INFO: [Synth 8-11241] undeclared symbol 'runtest_int', assumed default net type 'wire' [/home/tommy/smolrv64/platforms/rk-xcku5p-f-v1.2/rk_xcku5p.gen/sources_1/ip/ila_timer/hdl/verilog/xsdbm_v3_0_4_bs_core_ext.vh:516]
INFO: [Synth 8-11241] undeclared symbol 'tms_int', assumed default net type 'wire' [/home/tommy/smolrv64/platforms/rk-xcku5p-f-v1.2/rk_xcku5p.gen/sources_1/ip/ila_timer/hdl/verilog/xsdbm_v3_0_4_bs_core_ext.vh:564]
INFO: [Synth 8-11241] undeclared symbol 'runtest_int', assumed default net type 'wire' [/home/tommy/smolrv64/platforms/rk-xcku5p-f-v1.2/rk_xcku5p.gen/sources_1/ip/ila_timer/hdl/verilog/xsdbm_v3_0_4_bs_core_ext.vh:566]
INFO: [Synth 8-11241] undeclared symbol 'tms_int', assumed default net type 'wire' [/home/tommy/smolrv64/platforms/rk-xcku5p-f-v1.2/rk_xcku5p.gen/sources_1/ip/ila_timer/hdl/verilog/xsdbm_v3_0_4_bs_core_ext.vh:615]
INFO: [Synth 8-11241] undeclared symbol 'runtest_int', assumed default net type 'wire' [/home/tommy/smolrv64/platforms/rk-xcku5p-f-v1.2/rk_xcku5p.gen/sources_1/ip/ila_timer/hdl/verilog/xsdbm_v3_0_4_bs_core_ext.vh:617]
INFO: [Synth 8-11241] undeclared symbol 'tms_int', assumed default net type 'wire' [/home/tommy/smolrv64/platforms/rk-xcku5p-f-v1.2/rk_xcku5p.gen/sources_1/ip/ila_timer/hdl/verilog/xsdbm_v3_0_4_bs_core.vh:30]
INFO: [Synth 8-11241] undeclared symbol 'runtest_int', assumed default net type 'wire' [/home/tommy/smolrv64/platforms/rk-xcku5p-f-v1.2/rk_xcku5p.gen/sources_1/ip/ila_timer/hdl/verilog/xsdbm_v3_0_4_bs_core.vh:32]
INFO: [Synth 8-11241] undeclared symbol 'tms_int', assumed default net type 'wire' [/home/tommy/smolrv64/platforms/rk-xcku5p-f-v1.2/rk_xcku5p.gen/sources_1/ip/ila_timer/hdl/verilog/xsdbm_v3_0_4_bs_core.vh:69]
INFO: [Synth 8-11241] undeclared symbol 'runtest_int', assumed default net type 'wire' [/home/tommy/smolrv64/platforms/rk-xcku5p-f-v1.2/rk_xcku5p.gen/sources_1/ip/ila_timer/hdl/verilog/xsdbm_v3_0_4_bs_core.vh:71]
INFO: [Synth 8-11241] undeclared symbol 'tms_int', assumed default net type 'wire' [/home/tommy/smolrv64/platforms/rk-xcku5p-f-v1.2/rk_xcku5p.gen/sources_1/ip/ila_timer/hdl/verilog/xsdbm_v3_0_4_bs_core.vh:109]
INFO: [Synth 8-11241] undeclared symbol 'runtest_int', assumed default net type 'wire' [/home/tommy/smolrv64/platforms/rk-xcku5p-f-v1.2/rk_xcku5p.gen/sources_1/ip/ila_timer/hdl/verilog/xsdbm_v3_0_4_bs_core.vh:111]
INFO: [Synth 8-11241] undeclared symbol 'tms_int', assumed default net type 'wire' [/home/tommy/smolrv64/platforms/rk-xcku5p-f-v1.2/rk_xcku5p.gen/sources_1/ip/ila_timer/hdl/verilog/xsdbm_v3_0_4_bs_core.vh:150]
INFO: [Synth 8-11241] undeclared symbol 'runtest_int', assumed default net type 'wire' [/home/tommy/smolrv64/platforms/rk-xcku5p-f-v1.2/rk_xcku5p.gen/sources_1/ip/ila_timer/hdl/verilog/xsdbm_v3_0_4_bs_core.vh:152]
INFO: [Synth 8-11241] undeclared symbol 'tms_int', assumed default net type 'wire' [/home/tommy/smolrv64/platforms/rk-xcku5p-f-v1.2/rk_xcku5p.gen/sources_1/ip/ila_timer/hdl/verilog/xsdbm_v3_0_4_bs_core.vh:192]
INFO: [Synth 8-11241] undeclared symbol 'runtest_int', assumed default net type 'wire' [/home/tommy/smolrv64/platforms/rk-xcku5p-f-v1.2/rk_xcku5p.gen/sources_1/ip/ila_timer/hdl/verilog/xsdbm_v3_0_4_bs_core.vh:194]
INFO: [Synth 8-11241] undeclared symbol 'tms_int', assumed default net type 'wire' [/home/tommy/smolrv64/platforms/rk-xcku5p-f-v1.2/rk_xcku5p.gen/sources_1/ip/ila_timer/hdl/verilog/xsdbm_v3_0_4_bs_core.vh:235]
INFO: [Synth 8-11241] undeclared symbol 'runtest_int', assumed default net type 'wire' [/home/tommy/smolrv64/platforms/rk-xcku5p-f-v1.2/rk_xcku5p.gen/sources_1/ip/ila_timer/hdl/verilog/xsdbm_v3_0_4_bs_core.vh:237]
INFO: [Synth 8-11241] undeclared symbol 'tms_int', assumed default net type 'wire' [/home/tommy/smolrv64/platforms/rk-xcku5p-f-v1.2/rk_xcku5p.gen/sources_1/ip/ila_timer/hdl/verilog/xsdbm_v3_0_4_bs_core.vh:279]
INFO: [Synth 8-11241] undeclared symbol 'runtest_int', assumed default net type 'wire' [/home/tommy/smolrv64/platforms/rk-xcku5p-f-v1.2/rk_xcku5p.gen/sources_1/ip/ila_timer/hdl/verilog/xsdbm_v3_0_4_bs_core.vh:281]
INFO: [Synth 8-11241] undeclared symbol 'tms_int', assumed default net type 'wire' [/home/tommy/smolrv64/platforms/rk-xcku5p-f-v1.2/rk_xcku5p.gen/sources_1/ip/ila_timer/hdl/verilog/xsdbm_v3_0_4_bs_core.vh:324]
INFO: [Synth 8-11241] undeclared symbol 'runtest_int', assumed default net type 'wire' [/home/tommy/smolrv64/platforms/rk-xcku5p-f-v1.2/rk_xcku5p.gen/sources_1/ip/ila_timer/hdl/verilog/xsdbm_v3_0_4_bs_core.vh:326]
INFO: [Synth 8-11241] undeclared symbol 'tms_int', assumed default net type 'wire' [/home/tommy/smolrv64/platforms/rk-xcku5p-f-v1.2/rk_xcku5p.gen/sources_1/ip/ila_timer/hdl/verilog/xsdbm_v3_0_4_bs_core.vh:370]
INFO: [Synth 8-11241] undeclared symbol 'runtest_int', assumed default net type 'wire' [/home/tommy/smolrv64/platforms/rk-xcku5p-f-v1.2/rk_xcku5p.gen/sources_1/ip/ila_timer/hdl/verilog/xsdbm_v3_0_4_bs_core.vh:372]
INFO: [Synth 8-11241] undeclared symbol 'tms_int', assumed default net type 'wire' [/home/tommy/smolrv64/platforms/rk-xcku5p-f-v1.2/rk_xcku5p.gen/sources_1/ip/ila_timer/hdl/verilog/xsdbm_v3_0_4_bs_core.vh:417]
INFO: [Synth 8-11241] undeclared symbol 'runtest_int', assumed default net type 'wire' [/home/tommy/smolrv64/platforms/rk-xcku5p-f-v1.2/rk_xcku5p.gen/sources_1/ip/ila_timer/hdl/verilog/xsdbm_v3_0_4_bs_core.vh:419]
INFO: [Synth 8-11241] undeclared symbol 'tms_int', assumed default net type 'wire' [/home/tommy/smolrv64/platforms/rk-xcku5p-f-v1.2/rk_xcku5p.gen/sources_1/ip/ila_timer/hdl/verilog/xsdbm_v3_0_4_bs_core.vh:465]
INFO: [Synth 8-11241] undeclared symbol 'runtest_int', assumed default net type 'wire' [/home/tommy/smolrv64/platforms/rk-xcku5p-f-v1.2/rk_xcku5p.gen/sources_1/ip/ila_timer/hdl/verilog/xsdbm_v3_0_4_bs_core.vh:467]
INFO: [Synth 8-11241] undeclared symbol 'tms_int', assumed default net type 'wire' [/home/tommy/smolrv64/platforms/rk-xcku5p-f-v1.2/rk_xcku5p.gen/sources_1/ip/ila_timer/hdl/verilog/xsdbm_v3_0_4_bs_core.vh:514]
INFO: [Synth 8-11241] undeclared symbol 'runtest_int', assumed default net type 'wire' [/home/tommy/smolrv64/platforms/rk-xcku5p-f-v1.2/rk_xcku5p.gen/sources_1/ip/ila_timer/hdl/verilog/xsdbm_v3_0_4_bs_core.vh:516]
INFO: [Synth 8-11241] undeclared symbol 'tms_int', assumed default net type 'wire' [/home/tommy/smolrv64/platforms/rk-xcku5p-f-v1.2/rk_xcku5p.gen/sources_1/ip/ila_timer/hdl/verilog/xsdbm_v3_0_4_bs_core.vh:564]
INFO: [Synth 8-11241] undeclared symbol 'runtest_int', assumed default net type 'wire' [/home/tommy/smolrv64/platforms/rk-xcku5p-f-v1.2/rk_xcku5p.gen/sources_1/ip/ila_timer/hdl/verilog/xsdbm_v3_0_4_bs_core.vh:566]
INFO: [Synth 8-11241] undeclared symbol 'tms_int', assumed default net type 'wire' [/home/tommy/smolrv64/platforms/rk-xcku5p-f-v1.2/rk_xcku5p.gen/sources_1/ip/ila_timer/hdl/verilog/xsdbm_v3_0_4_bs_core.vh:615]
INFO: [Synth 8-11241] undeclared symbol 'runtest_int', assumed default net type 'wire' [/home/tommy/smolrv64/platforms/rk-xcku5p-f-v1.2/rk_xcku5p.gen/sources_1/ip/ila_timer/hdl/verilog/xsdbm_v3_0_4_bs_core.vh:617]
INFO: [Synth 8-11241] undeclared symbol 'tms_int', assumed default net type 'wire' [/home/tommy/smolrv64/platforms/rk-xcku5p-f-v1.2/rk_xcku5p.gen/sources_1/ip/ila_timer/hdl/verilog/xsdbm_v3_0_4_bs_core_vec.vh:30]
INFO: [Synth 8-11241] undeclared symbol 'runtest_int', assumed default net type 'wire' [/home/tommy/smolrv64/platforms/rk-xcku5p-f-v1.2/rk_xcku5p.gen/sources_1/ip/ila_timer/hdl/verilog/xsdbm_v3_0_4_bs_core_vec.vh:32]
INFO: [Synth 8-11241] undeclared symbol 'tms_int', assumed default net type 'wire' [/home/tommy/smolrv64/platforms/rk-xcku5p-f-v1.2/rk_xcku5p.gen/sources_1/ip/ila_timer/hdl/verilog/xsdbm_v3_0_4_bs_core_vec.vh:65]
INFO: [Synth 8-11241] undeclared symbol 'runtest_int', assumed default net type 'wire' [/home/tommy/smolrv64/platforms/rk-xcku5p-f-v1.2/rk_xcku5p.gen/sources_1/ip/ila_timer/hdl/verilog/xsdbm_v3_0_4_bs_core_vec.vh:67]
INFO: [Synth 8-11241] undeclared symbol 'tms_int', assumed default net type 'wire' [/home/tommy/smolrv64/platforms/rk-xcku5p-f-v1.2/rk_xcku5p.gen/sources_1/ip/ila_timer/hdl/verilog/xsdbm_v3_0_4_bs_core_vec.vh:100]
INFO: [Synth 8-11241] undeclared symbol 'runtest_int', assumed default net type 'wire' [/home/tommy/smolrv64/platforms/rk-xcku5p-f-v1.2/rk_xcku5p.gen/sources_1/ip/ila_timer/hdl/verilog/xsdbm_v3_0_4_bs_core_vec.vh:102]
INFO: [Synth 8-11241] undeclared symbol 'tms_int', assumed default net type 'wire' [/home/tommy/smolrv64/platforms/rk-xcku5p-f-v1.2/rk_xcku5p.gen/sources_1/ip/ila_timer/hdl/verilog/xsdbm_v3_0_4_bs_core_vec.vh:135]
INFO: [Synth 8-11241] undeclared symbol 'runtest_int', assumed default net type 'wire' [/home/tommy/smolrv64/platforms/rk-xcku5p-f-v1.2/rk_xcku5p.gen/sources_1/ip/ila_timer/hdl/verilog/xsdbm_v3_0_4_bs_core_vec.vh:137]
INFO: [Synth 8-11241] undeclared symbol 'tms_int', assumed default net type 'wire' [/home/tommy/smolrv64/platforms/rk-xcku5p-f-v1.2/rk_xcku5p.gen/sources_1/ip/ila_timer/hdl/verilog/xsdbm_v3_0_4_bs_core_vec.vh:170]
INFO: [Synth 8-11241] undeclared symbol 'runtest_int', assumed default net type 'wire' [/home/tommy/smolrv64/platforms/rk-xcku5p-f-v1.2/rk_xcku5p.gen/sources_1/ip/ila_timer/hdl/verilog/xsdbm_v3_0_4_bs_core_vec.vh:172]
INFO: [Synth 8-11241] undeclared symbol 'tms_int', assumed default net type 'wire' [/home/tommy/smolrv64/platforms/rk-xcku5p-f-v1.2/rk_xcku5p.gen/sources_1/ip/ila_timer/hdl/verilog/xsdbm_v3_0_4_bs_core_vec.vh:205]
INFO: [Synth 8-11241] undeclared symbol 'runtest_int', assumed default net type 'wire' [/home/tommy/smolrv64/platforms/rk-xcku5p-f-v1.2/rk_xcku5p.gen/sources_1/ip/ila_timer/hdl/verilog/xsdbm_v3_0_4_bs_core_vec.vh:207]
INFO: [Synth 8-11241] undeclared symbol 'tms_int', assumed default net type 'wire' [/home/tommy/smolrv64/platforms/rk-xcku5p-f-v1.2/rk_xcku5p.gen/sources_1/ip/ila_timer/hdl/verilog/xsdbm_v3_0_4_bs_core_vec.vh:240]
INFO: [Synth 8-11241] undeclared symbol 'runtest_int', assumed default net type 'wire' [/home/tommy/smolrv64/platforms/rk-xcku5p-f-v1.2/rk_xcku5p.gen/sources_1/ip/ila_timer/hdl/verilog/xsdbm_v3_0_4_bs_core_vec.vh:242]
INFO: [Synth 8-11241] undeclared symbol 'tms_int', assumed default net type 'wire' [/home/tommy/smolrv64/platforms/rk-xcku5p-f-v1.2/rk_xcku5p.gen/sources_1/ip/ila_timer/hdl/verilog/xsdbm_v3_0_4_bs_core_vec.vh:275]
INFO: [Synth 8-11241] undeclared symbol 'runtest_int', assumed default net type 'wire' [/home/tommy/smolrv64/platforms/rk-xcku5p-f-v1.2/rk_xcku5p.gen/sources_1/ip/ila_timer/hdl/verilog/xsdbm_v3_0_4_bs_core_vec.vh:277]
INFO: [Synth 8-11241] undeclared symbol 'tms_int', assumed default net type 'wire' [/home/tommy/smolrv64/platforms/rk-xcku5p-f-v1.2/rk_xcku5p.gen/sources_1/ip/ila_timer/hdl/verilog/xsdbm_v3_0_4_bs_core_vec.vh:310]
INFO: [Synth 8-11241] undeclared symbol 'runtest_int', assumed default net type 'wire' [/home/tommy/smolrv64/platforms/rk-xcku5p-f-v1.2/rk_xcku5p.gen/sources_1/ip/ila_timer/hdl/verilog/xsdbm_v3_0_4_bs_core_vec.vh:312]
INFO: [Synth 8-11241] undeclared symbol 'tms_int', assumed default net type 'wire' [/home/tommy/smolrv64/platforms/rk-xcku5p-f-v1.2/rk_xcku5p.gen/sources_1/ip/ila_timer/hdl/verilog/xsdbm_v3_0_4_bs_core_vec.vh:345]
INFO: [Synth 8-11241] undeclared symbol 'runtest_int', assumed default net type 'wire' [/home/tommy/smolrv64/platforms/rk-xcku5p-f-v1.2/rk_xcku5p.gen/sources_1/ip/ila_timer/hdl/verilog/xsdbm_v3_0_4_bs_core_vec.vh:347]
INFO: [Synth 8-11241] undeclared symbol 'tms_int', assumed default net type 'wire' [/home/tommy/smolrv64/platforms/rk-xcku5p-f-v1.2/rk_xcku5p.gen/sources_1/ip/ila_timer/hdl/verilog/xsdbm_v3_0_4_bs_core_vec.vh:380]
INFO: [Synth 8-11241] undeclared symbol 'runtest_int', assumed default net type 'wire' [/home/tommy/smolrv64/platforms/rk-xcku5p-f-v1.2/rk_xcku5p.gen/sources_1/ip/ila_timer/hdl/verilog/xsdbm_v3_0_4_bs_core_vec.vh:382]
INFO: [Synth 8-11241] undeclared symbol 'tms_int', assumed default net type 'wire' [/home/tommy/smolrv64/platforms/rk-xcku5p-f-v1.2/rk_xcku5p.gen/sources_1/ip/ila_timer/hdl/verilog/xsdbm_v3_0_4_bs_core_vec.vh:415]
INFO: [Synth 8-11241] undeclared symbol 'runtest_int', assumed default net type 'wire' [/home/tommy/smolrv64/platforms/rk-xcku5p-f-v1.2/rk_xcku5p.gen/sources_1/ip/ila_timer/hdl/verilog/xsdbm_v3_0_4_bs_core_vec.vh:417]
INFO: [Synth 8-11241] undeclared symbol 'tms_int', assumed default net type 'wire' [/home/tommy/smolrv64/platforms/rk-xcku5p-f-v1.2/rk_xcku5p.gen/sources_1/ip/ila_timer/hdl/verilog/xsdbm_v3_0_4_bs_core_vec.vh:450]
INFO: [Synth 8-11241] undeclared symbol 'runtest_int', assumed default net type 'wire' [/home/tommy/smolrv64/platforms/rk-xcku5p-f-v1.2/rk_xcku5p.gen/sources_1/ip/ila_timer/hdl/verilog/xsdbm_v3_0_4_bs_core_vec.vh:452]
INFO: [Synth 8-11241] undeclared symbol 'tms_int', assumed default net type 'wire' [/home/tommy/smolrv64/platforms/rk-xcku5p-f-v1.2/rk_xcku5p.gen/sources_1/ip/ila_timer/hdl/verilog/xsdbm_v3_0_4_bs_core_vec.vh:485]
INFO: [Synth 8-11241] undeclared symbol 'runtest_int', assumed default net type 'wire' [/home/tommy/smolrv64/platforms/rk-xcku5p-f-v1.2/rk_xcku5p.gen/sources_1/ip/ila_timer/hdl/verilog/xsdbm_v3_0_4_bs_core_vec.vh:487]
INFO: [Synth 8-11241] undeclared symbol 'tms_int', assumed default net type 'wire' [/home/tommy/smolrv64/platforms/rk-xcku5p-f-v1.2/rk_xcku5p.gen/sources_1/ip/ila_timer/hdl/verilog/xsdbm_v3_0_4_bs_core_vec.vh:30]
INFO: [Synth 8-11241] undeclared symbol 'runtest_int', assumed default net type 'wire' [/home/tommy/smolrv64/platforms/rk-xcku5p-f-v1.2/rk_xcku5p.gen/sources_1/ip/ila_timer/hdl/verilog/xsdbm_v3_0_4_bs_core_vec.vh:32]
INFO: [Synth 8-11241] undeclared symbol 'tms_int', assumed default net type 'wire' [/home/tommy/smolrv64/platforms/rk-xcku5p-f-v1.2/rk_xcku5p.gen/sources_1/ip/ila_timer/hdl/verilog/xsdbm_v3_0_4_bs_core_vec.vh:65]
INFO: [Synth 8-11241] undeclared symbol 'runtest_int', assumed default net type 'wire' [/home/tommy/smolrv64/platforms/rk-xcku5p-f-v1.2/rk_xcku5p.gen/sources_1/ip/ila_timer/hdl/verilog/xsdbm_v3_0_4_bs_core_vec.vh:67]
INFO: [Synth 8-11241] undeclared symbol 'tms_int', assumed default net type 'wire' [/home/tommy/smolrv64/platforms/rk-xcku5p-f-v1.2/rk_xcku5p.gen/sources_1/ip/ila_timer/hdl/verilog/xsdbm_v3_0_4_bs_core_vec.vh:100]
INFO: [Synth 8-11241] undeclared symbol 'runtest_int', assumed default net type 'wire' [/home/tommy/smolrv64/platforms/rk-xcku5p-f-v1.2/rk_xcku5p.gen/sources_1/ip/ila_timer/hdl/verilog/xsdbm_v3_0_4_bs_core_vec.vh:102]
INFO: [Synth 8-11241] undeclared symbol 'tms_int', assumed default net type 'wire' [/home/tommy/smolrv64/platforms/rk-xcku5p-f-v1.2/rk_xcku5p.gen/sources_1/ip/ila_timer/hdl/verilog/xsdbm_v3_0_4_bs_core_vec.vh:135]
INFO: [Synth 8-11241] undeclared symbol 'runtest_int', assumed default net type 'wire' [/home/tommy/smolrv64/platforms/rk-xcku5p-f-v1.2/rk_xcku5p.gen/sources_1/ip/ila_timer/hdl/verilog/xsdbm_v3_0_4_bs_core_vec.vh:137]
INFO: [Synth 8-11241] undeclared symbol 'tms_int', assumed default net type 'wire' [/home/tommy/smolrv64/platforms/rk-xcku5p-f-v1.2/rk_xcku5p.gen/sources_1/ip/ila_timer/hdl/verilog/xsdbm_v3_0_4_bs_core_vec.vh:170]
INFO: [Synth 8-11241] undeclared symbol 'runtest_int', assumed default net type 'wire' [/home/tommy/smolrv64/platforms/rk-xcku5p-f-v1.2/rk_xcku5p.gen/sources_1/ip/ila_timer/hdl/verilog/xsdbm_v3_0_4_bs_core_vec.vh:172]
INFO: [Synth 8-11241] undeclared symbol 'tms_int', assumed default net type 'wire' [/home/tommy/smolrv64/platforms/rk-xcku5p-f-v1.2/rk_xcku5p.gen/sources_1/ip/ila_timer/hdl/verilog/xsdbm_v3_0_4_bs_core_vec.vh:205]
INFO: [Synth 8-11241] undeclared symbol 'runtest_int', assumed default net type 'wire' [/home/tommy/smolrv64/platforms/rk-xcku5p-f-v1.2/rk_xcku5p.gen/sources_1/ip/ila_timer/hdl/verilog/xsdbm_v3_0_4_bs_core_vec.vh:207]
INFO: [Synth 8-11241] undeclared symbol 'tms_int', assumed default net type 'wire' [/home/tommy/smolrv64/platforms/rk-xcku5p-f-v1.2/rk_xcku5p.gen/sources_1/ip/ila_timer/hdl/verilog/xsdbm_v3_0_4_bs_core_vec.vh:240]
INFO: [Synth 8-11241] undeclared symbol 'runtest_int', assumed default net type 'wire' [/home/tommy/smolrv64/platforms/rk-xcku5p-f-v1.2/rk_xcku5p.gen/sources_1/ip/ila_timer/hdl/verilog/xsdbm_v3_0_4_bs_core_vec.vh:242]
INFO: [Synth 8-11241] undeclared symbol 'tms_int', assumed default net type 'wire' [/home/tommy/smolrv64/platforms/rk-xcku5p-f-v1.2/rk_xcku5p.gen/sources_1/ip/ila_timer/hdl/verilog/xsdbm_v3_0_4_bs_core_vec.vh:275]
INFO: [Synth 8-11241] undeclared symbol 'runtest_int', assumed default net type 'wire' [/home/tommy/smolrv64/platforms/rk-xcku5p-f-v1.2/rk_xcku5p.gen/sources_1/ip/ila_timer/hdl/verilog/xsdbm_v3_0_4_bs_core_vec.vh:277]
INFO: [Common 17-14] Message 'Synth 8-11241' appears 100 times and further instances of the messages will be disabled. Use the Tcl command set_msg_config to change the current settings.
INFO: [Synth 8-6157] synthesizing module 'ila_timer' [/home/tommy/smolrv64/platforms/rk-xcku5p-f-v1.2/rk_xcku5p.gen/sources_1/ip/ila_timer/synth/ila_timer.v:48]
INFO: [Synth 8-6157] synthesizing module 'CFGLUT5' [/home/tommy/Xilinx/2025.1/Vivado/scripts/rt/data/unisim_comp.v:3131]
INFO: [Synth 8-6155] done synthesizing module 'CFGLUT5' (0#1) [/home/tommy/Xilinx/2025.1/Vivado/scripts/rt/data/unisim_comp.v:3131]
INFO: [Synth 8-6157] synthesizing module 'CARRY4' [/home/tommy/Xilinx/2025.1/Vivado/scripts/rt/data/unisim_comp.v:3094]
INFO: [Synth 8-6155] done synthesizing module 'CARRY4' (0#1) [/home/tommy/Xilinx/2025.1/Vivado/scripts/rt/data/unisim_comp.v:3094]
INFO: [Synth 8-6157] synthesizing module 'SRLC32E' [/home/tommy/Xilinx/2025.1/Vivado/scripts/rt/data/unisim_comp.v:158762]
INFO: [Synth 8-6155] done synthesizing module 'SRLC32E' (0#1) [/home/tommy/Xilinx/2025.1/Vivado/scripts/rt/data/unisim_comp.v:158762]
INFO: [Synth 8-6157] synthesizing module 'SRL16E' [/home/tommy/Xilinx/2025.1/Vivado/scripts/rt/data/unisim_comp.v:158612]
INFO: [Synth 8-6155] done synthesizing module 'SRL16E' (0#1) [/home/tommy/Xilinx/2025.1/Vivado/scripts/rt/data/unisim_comp.v:158612]
INFO: [Synth 8-6157] synthesizing module 'SRLC16E' [/home/tommy/Xilinx/2025.1/Vivado/scripts/rt/data/unisim_comp.v:158701]
INFO: [Synth 8-6155] done synthesizing module 'SRLC16E' (0#1) [/home/tommy/Xilinx/2025.1/Vivado/scripts/rt/data/unisim_comp.v:158701]
INFO: [Synth 8-6157] synthesizing module 'FDRE' [/home/tommy/Xilinx/2025.1/Vivado/scripts/rt/data/unisim_comp.v:44231]
INFO: [Synth 8-6155] done synthesizing module 'FDRE' (0#1) [/home/tommy/Xilinx/2025.1/Vivado/scripts/rt/data/unisim_comp.v:44231]
WARNING: [Synth 8-7071] port 'clk_nobuf' of module 'ila_v6_2_18_ila' is unconnected for instance 'inst' [/home/tommy/smolrv64/platforms/rk-xcku5p-f-v1.2/rk_xcku5p.gen/sources_1/ip/ila_timer/synth/ila_timer.v:3223]
WARNING: [Synth 8-7071] port 'clkdiv_out' of module 'ila_v6_2_18_ila' is unconnected for instance 'inst' [/home/tommy/smolrv64/platforms/rk-xcku5p-f-v1.2/rk_xcku5p.gen/sources_1/ip/ila_timer/synth/ila_timer.v:3223]
WARNING: [Synth 8-7071] port 'trig_in' of module 'ila_v6_2_18_ila' is unconnected for instance 'inst' [/home/tommy/smolrv64/platforms/rk-xcku5p-f-v1.2/rk_xcku5p.gen/sources_1/ip/ila_timer/synth/ila_timer.v:3223]
WARNING: [Synth 8-7071] port 'trig_in_ack' of module 'ila_v6_2_18_ila' is unconnected for instance 'inst' [/home/tommy/smolrv64/platforms/rk-xcku5p-f-v1.2/rk_xcku5p.gen/sources_1/ip/ila_timer/synth/ila_timer.v:3223]
WARNING: [Synth 8-7071] port 'trig_out' of module 'ila_v6_2_18_ila' is unconnected for instance 'inst' [/home/tommy/smolrv64/platforms/rk-xcku5p-f-v1.2/rk_xcku5p.gen/sources_1/ip/ila_timer/synth/ila_timer.v:3223]
WARNING: [Synth 8-7071] port 'trig_out_ack' of module 'ila_v6_2_18_ila' is unconnected for instance 'inst' [/home/tommy/smolrv64/platforms/rk-xcku5p-f-v1.2/rk_xcku5p.gen/sources_1/ip/ila_timer/synth/ila_timer.v:3223]
WARNING: [Synth 8-7023] instance 'inst' of module 'ila_v6_2_18_ila' has 1033 connections declared, but only 1027 given [/home/tommy/smolrv64/platforms/rk-xcku5p-f-v1.2/rk_xcku5p.gen/sources_1/ip/ila_timer/synth/ila_timer.v:3223]
INFO: [Synth 8-6155] done synthesizing module 'ila_timer' (0#1) [/home/tommy/smolrv64/platforms/rk-xcku5p-f-v1.2/rk_xcku5p.gen/sources_1/ip/ila_timer/synth/ila_timer.v:48]
WARNING: [Synth 8-3848] Net sl_iport0 in module/entity ila_timer does not have driver. [/home/tommy/smolrv64/platforms/rk-xcku5p-f-v1.2/rk_xcku5p.gen/sources_1/ip/ila_timer/synth/ila_timer.v:112]
WARNING: [Synth 8-7129] Port CLKB in module blk_mem_gen_v8_4_11_blk_mem_output_block is either unconnected or has no load
WARNING: [Synth 8-7129] Port DOUTA_I[323] in module blk_mem_gen_v8_4_11_blk_mem_output_block is either unconnected or has no load
WARNING: [Synth 8-7129] Port DOUTA_I[322] in module blk_mem_gen_v8_4_11_blk_mem_output_block is either unconnected or has no load
WARNING: [Synth 8-7129] Port DOUTA_I[321] in module blk_mem_gen_v8_4_11_blk_mem_output_block is either unconnected or has no load
WARNING: [Synth 8-7129] Port DOUTA_I[320] in module blk_mem_gen_v8_4_11_blk_mem_output_block is either unconnected or has no load
WARNING: [Synth 8-7129] Port DOUTA_I[319] in module blk_mem_gen_v8_4_11_blk_mem_output_block is either unconnected or has no load
WARNING: [Synth 8-7129] Port DOUTA_I[318] in module blk_mem_gen_v8_4_11_blk_mem_output_block is either unconnected or has no load
WARNING: [Synth 8-7129] Port DOUTA_I[317] in module blk_mem_gen_v8_4_11_blk_mem_output_block is either unconnected or has no load
WARNING: [Synth 8-7129] Port DOUTA_I[316] in module blk_mem_gen_v8_4_11_blk_mem_output_block is either unconnected or has no load
WARNING: [Synth 8-7129] Port DOUTA_I[315] in module blk_mem_gen_v8_4_11_blk_mem_output_block is either unconnected or has no load
WARNING: [Synth 8-7129] Port DOUTA_I[314] in module blk_mem_gen_v8_4_11_blk_mem_output_block is either unconnected or has no load
WARNING: [Synth 8-7129] Port DOUTA_I[313] in module blk_mem_gen_v8_4_11_blk_mem_output_block is either unconnected or has no load
WARNING: [Synth 8-7129] Port DOUTA_I[312] in module blk_mem_gen_v8_4_11_blk_mem_output_block is either unconnected or has no load
WARNING: [Synth 8-7129] Port DOUTA_I[311] in module blk_mem_gen_v8_4_11_blk_mem_output_block is either unconnected or has no load
WARNING: [Synth 8-7129] Port DOUTA_I[310] in module blk_mem_gen_v8_4_11_blk_mem_output_block is either unconnected or has no load
WARNING: [Synth 8-7129] Port DOUTA_I[309] in module blk_mem_gen_v8_4_11_blk_mem_output_block is either unconnected or has no load
WARNING: [Synth 8-7129] Port DOUTA_I[308] in module blk_mem_gen_v8_4_11_blk_mem_output_block is either unconnected or has no load
WARNING: [Synth 8-7129] Port DOUTA_I[307] in module blk_mem_gen_v8_4_11_blk_mem_output_block is either unconnected or has no load
WARNING: [Synth 8-7129] Port DOUTA_I[306] in module blk_mem_gen_v8_4_11_blk_mem_output_block is either unconnected or has no load
WARNING: [Synth 8-7129] Port DOUTA_I[305] in module blk_mem_gen_v8_4_11_blk_mem_output_block is either unconnected or has no load
WARNING: [Synth 8-7129] Port DOUTA_I[304] in module blk_mem_gen_v8_4_11_blk_mem_output_block is either unconnected or has no load
WARNING: [Synth 8-7129] Port DOUTA_I[303] in module blk_mem_gen_v8_4_11_blk_mem_output_block is either unconnected or has no load
WARNING: [Synth 8-7129] Port DOUTA_I[302] in module blk_mem_gen_v8_4_11_blk_mem_output_block is either unconnected or has no load
WARNING: [Synth 8-7129] Port DOUTA_I[301] in module blk_mem_gen_v8_4_11_blk_mem_output_block is either unconnected or has no load
WARNING: [Synth 8-7129] Port DOUTA_I[300] in module blk_mem_gen_v8_4_11_blk_mem_output_block is either unconnected or has no load
WARNING: [Synth 8-7129] Port DOUTA_I[299] in module blk_mem_gen_v8_4_11_blk_mem_output_block is either unconnected or has no load
WARNING: [Synth 8-7129] Port DOUTA_I[298] in module blk_mem_gen_v8_4_11_blk_mem_output_block is either unconnected or has no load
WARNING: [Synth 8-7129] Port DOUTA_I[297] in module blk_mem_gen_v8_4_11_blk_mem_output_block is either unconnected or has no load
WARNING: [Synth 8-7129] Port DOUTA_I[296] in module blk_mem_gen_v8_4_11_blk_mem_output_block is either unconnected or has no load
WARNING: [Synth 8-7129] Port DOUTA_I[295] in module blk_mem_gen_v8_4_11_blk_mem_output_block is either unconnected or has no load
WARNING: [Synth 8-7129] Port DOUTA_I[294] in module blk_mem_gen_v8_4_11_blk_mem_output_block is either unconnected or has no load
WARNING: [Synth 8-7129] Port DOUTA_I[293] in module blk_mem_gen_v8_4_11_blk_mem_output_block is either unconnected or has no load
WARNING: [Synth 8-7129] Port DOUTA_I[292] in module blk_mem_gen_v8_4_11_blk_mem_output_block is either unconnected or has no load
WARNING: [Synth 8-7129] Port DOUTA_I[291] in module blk_mem_gen_v8_4_11_blk_mem_output_block is either unconnected or has no load
WARNING: [Synth 8-7129] Port DOUTA_I[290] in module blk_mem_gen_v8_4_11_blk_mem_output_block is either unconnected or has no load
WARNING: [Synth 8-7129] Port DOUTA_I[289] in module blk_mem_gen_v8_4_11_blk_mem_output_block is either unconnected or has no load
WARNING: [Synth 8-7129] Port DOUTA_I[288] in module blk_mem_gen_v8_4_11_blk_mem_output_block is either unconnected or has no load
WARNING: [Synth 8-7129] Port DOUTA_I[287] in module blk_mem_gen_v8_4_11_blk_mem_output_block is either unconnected or has no load
WARNING: [Synth 8-7129] Port DOUTA_I[286] in module blk_mem_gen_v8_4_11_blk_mem_output_block is either unconnected or has no load
WARNING: [Synth 8-7129] Port DOUTA_I[285] in module blk_mem_gen_v8_4_11_blk_mem_output_block is either unconnected or has no load
WARNING: [Synth 8-7129] Port DOUTA_I[284] in module blk_mem_gen_v8_4_11_blk_mem_output_block is either unconnected or has no load
WARNING: [Synth 8-7129] Port DOUTA_I[283] in module blk_mem_gen_v8_4_11_blk_mem_output_block is either unconnected or has no load
WARNING: [Synth 8-7129] Port DOUTA_I[282] in module blk_mem_gen_v8_4_11_blk_mem_output_block is either unconnected or has no load
WARNING: [Synth 8-7129] Port DOUTA_I[281] in module blk_mem_gen_v8_4_11_blk_mem_output_block is either unconnected or has no load
WARNING: [Synth 8-7129] Port DOUTA_I[280] in module blk_mem_gen_v8_4_11_blk_mem_output_block is either unconnected or has no load
WARNING: [Synth 8-7129] Port DOUTA_I[279] in module blk_mem_gen_v8_4_11_blk_mem_output_block is either unconnected or has no load
WARNING: [Synth 8-7129] Port DOUTA_I[278] in module blk_mem_gen_v8_4_11_blk_mem_output_block is either unconnected or has no load
WARNING: [Synth 8-7129] Port DOUTA_I[277] in module blk_mem_gen_v8_4_11_blk_mem_output_block is either unconnected or has no load
WARNING: [Synth 8-7129] Port DOUTA_I[276] in module blk_mem_gen_v8_4_11_blk_mem_output_block is either unconnected or has no load
WARNING: [Synth 8-7129] Port DOUTA_I[275] in module blk_mem_gen_v8_4_11_blk_mem_output_block is either unconnected or has no load
WARNING: [Synth 8-7129] Port DOUTA_I[274] in module blk_mem_gen_v8_4_11_blk_mem_output_block is either unconnected or has no load
WARNING: [Synth 8-7129] Port DOUTA_I[273] in module blk_mem_gen_v8_4_11_blk_mem_output_block is either unconnected or has no load
WARNING: [Synth 8-7129] Port DOUTA_I[272] in module blk_mem_gen_v8_4_11_blk_mem_output_block is either unconnected or has no load
WARNING: [Synth 8-7129] Port DOUTA_I[271] in module blk_mem_gen_v8_4_11_blk_mem_output_block is either unconnected or has no load
WARNING: [Synth 8-7129] Port DOUTA_I[270] in module blk_mem_gen_v8_4_11_blk_mem_output_block is either unconnected or has no load
WARNING: [Synth 8-7129] Port DOUTA_I[269] in module blk_mem_gen_v8_4_11_blk_mem_output_block is either unconnected or has no load
WARNING: [Synth 8-7129] Port DOUTA_I[268] in module blk_mem_gen_v8_4_11_blk_mem_output_block is either unconnected or has no load
WARNING: [Synth 8-7129] Port DOUTA_I[267] in module blk_mem_gen_v8_4_11_blk_mem_output_block is either unconnected or has no load
WARNING: [Synth 8-7129] Port DOUTA_I[266] in module blk_mem_gen_v8_4_11_blk_mem_output_block is either unconnected or has no load
WARNING: [Synth 8-7129] Port DOUTA_I[265] in module blk_mem_gen_v8_4_11_blk_mem_output_block is either unconnected or has no load
WARNING: [Synth 8-7129] Port DOUTA_I[264] in module blk_mem_gen_v8_4_11_blk_mem_output_block is either unconnected or has no load
WARNING: [Synth 8-7129] Port DOUTA_I[263] in module blk_mem_gen_v8_4_11_blk_mem_output_block is either unconnected or has no load
WARNING: [Synth 8-7129] Port DOUTA_I[262] in module blk_mem_gen_v8_4_11_blk_mem_output_block is either unconnected or has no load
WARNING: [Synth 8-7129] Port DOUTA_I[261] in module blk_mem_gen_v8_4_11_blk_mem_output_block is either unconnected or has no load
WARNING: [Synth 8-7129] Port DOUTA_I[260] in module blk_mem_gen_v8_4_11_blk_mem_output_block is either unconnected or has no load
WARNING: [Synth 8-7129] Port DOUTA_I[259] in module blk_mem_gen_v8_4_11_blk_mem_output_block is either unconnected or has no load
WARNING: [Synth 8-7129] Port DOUTA_I[258] in module blk_mem_gen_v8_4_11_blk_mem_output_block is either unconnected or has no load
WARNING: [Synth 8-7129] Port DOUTA_I[257] in module blk_mem_gen_v8_4_11_blk_mem_output_block is either unconnected or has no load
WARNING: [Synth 8-7129] Port DOUTA_I[256] in module blk_mem_gen_v8_4_11_blk_mem_output_block is either unconnected or has no load
WARNING: [Synth 8-7129] Port DOUTA_I[255] in module blk_mem_gen_v8_4_11_blk_mem_output_block is either unconnected or has no load
WARNING: [Synth 8-7129] Port DOUTA_I[254] in module blk_mem_gen_v8_4_11_blk_mem_output_block is either unconnected or has no load
WARNING: [Synth 8-7129] Port DOUTA_I[253] in module blk_mem_gen_v8_4_11_blk_mem_output_block is either unconnected or has no load
WARNING: [Synth 8-7129] Port DOUTA_I[252] in module blk_mem_gen_v8_4_11_blk_mem_output_block is either unconnected or has no load
WARNING: [Synth 8-7129] Port DOUTA_I[251] in module blk_mem_gen_v8_4_11_blk_mem_output_block is either unconnected or has no load
WARNING: [Synth 8-7129] Port DOUTA_I[250] in module blk_mem_gen_v8_4_11_blk_mem_output_block is either unconnected or has no load
WARNING: [Synth 8-7129] Port DOUTA_I[249] in module blk_mem_gen_v8_4_11_blk_mem_output_block is either unconnected or has no load
WARNING: [Synth 8-7129] Port DOUTA_I[248] in module blk_mem_gen_v8_4_11_blk_mem_output_block is either unconnected or has no load
WARNING: [Synth 8-7129] Port DOUTA_I[247] in module blk_mem_gen_v8_4_11_blk_mem_output_block is either unconnected or has no load
WARNING: [Synth 8-7129] Port DOUTA_I[246] in module blk_mem_gen_v8_4_11_blk_mem_output_block is either unconnected or has no load
WARNING: [Synth 8-7129] Port DOUTA_I[245] in module blk_mem_gen_v8_4_11_blk_mem_output_block is either unconnected or has no load
WARNING: [Synth 8-7129] Port DOUTA_I[244] in module blk_mem_gen_v8_4_11_blk_mem_output_block is either unconnected or has no load
WARNING: [Synth 8-7129] Port DOUTA_I[243] in module blk_mem_gen_v8_4_11_blk_mem_output_block is either unconnected or has no load
WARNING: [Synth 8-7129] Port DOUTA_I[242] in module blk_mem_gen_v8_4_11_blk_mem_output_block is either unconnected or has no load
WARNING: [Synth 8-7129] Port DOUTA_I[241] in module blk_mem_gen_v8_4_11_blk_mem_output_block is either unconnected or has no load
WARNING: [Synth 8-7129] Port DOUTA_I[240] in module blk_mem_gen_v8_4_11_blk_mem_output_block is either unconnected or has no load
WARNING: [Synth 8-7129] Port DOUTA_I[239] in module blk_mem_gen_v8_4_11_blk_mem_output_block is either unconnected or has no load
WARNING: [Synth 8-7129] Port DOUTA_I[238] in module blk_mem_gen_v8_4_11_blk_mem_output_block is either unconnected or has no load
WARNING: [Synth 8-7129] Port DOUTA_I[237] in module blk_mem_gen_v8_4_11_blk_mem_output_block is either unconnected or has no load
WARNING: [Synth 8-7129] Port DOUTA_I[236] in module blk_mem_gen_v8_4_11_blk_mem_output_block is either unconnected or has no load
WARNING: [Synth 8-7129] Port DOUTA_I[235] in module blk_mem_gen_v8_4_11_blk_mem_output_block is either unconnected or has no load
WARNING: [Synth 8-7129] Port DOUTA_I[234] in module blk_mem_gen_v8_4_11_blk_mem_output_block is either unconnected or has no load
WARNING: [Synth 8-7129] Port DOUTA_I[233] in module blk_mem_gen_v8_4_11_blk_mem_output_block is either unconnected or has no load
WARNING: [Synth 8-7129] Port DOUTA_I[232] in module blk_mem_gen_v8_4_11_blk_mem_output_block is either unconnected or has no load
WARNING: [Synth 8-7129] Port DOUTA_I[231] in module blk_mem_gen_v8_4_11_blk_mem_output_block is either unconnected or has no load
WARNING: [Synth 8-7129] Port DOUTA_I[230] in module blk_mem_gen_v8_4_11_blk_mem_output_block is either unconnected or has no load
WARNING: [Synth 8-7129] Port DOUTA_I[229] in module blk_mem_gen_v8_4_11_blk_mem_output_block is either unconnected or has no load
WARNING: [Synth 8-7129] Port DOUTA_I[228] in module blk_mem_gen_v8_4_11_blk_mem_output_block is either unconnected or has no load
WARNING: [Synth 8-7129] Port DOUTA_I[227] in module blk_mem_gen_v8_4_11_blk_mem_output_block is either unconnected or has no load
WARNING: [Synth 8-7129] Port DOUTA_I[226] in module blk_mem_gen_v8_4_11_blk_mem_output_block is either unconnected or has no load
WARNING: [Synth 8-7129] Port DOUTA_I[225] in module blk_mem_gen_v8_4_11_blk_mem_output_block is either unconnected or has no load
INFO: [Common 17-14] Message 'Synth 8-7129' appears 100 times and further instances of the messages will be disabled. Use the Tcl command set_msg_config to change the current settings.
---------------------------------------------------------------------------------
Finished RTL Elaboration : Time (s): cpu = 00:00:11 ; elapsed = 00:00:12 . Memory (MB): peak = 3234.922 ; gain = 656.305 ; free physical = 16345 ; free virtual = 55436
---------------------------------------------------------------------------------
---------------------------------------------------------------------------------
Start Handling Custom Attributes
---------------------------------------------------------------------------------
---------------------------------------------------------------------------------
Finished Handling Custom Attributes : Time (s): cpu = 00:00:11 ; elapsed = 00:00:12 . Memory (MB): peak = 3234.922 ; gain = 656.305 ; free physical = 16345 ; free virtual = 55436
---------------------------------------------------------------------------------
---------------------------------------------------------------------------------
Finished RTL Optimization Phase 1 : Time (s): cpu = 00:00:11 ; elapsed = 00:00:12 . Memory (MB): peak = 3234.922 ; gain = 656.305 ; free physical = 16345 ; free virtual = 55436
---------------------------------------------------------------------------------
Netlist sorting complete. Time (s): cpu = 00:00:00.08 ; elapsed = 00:00:00.08 . Memory (MB): peak = 3234.922 ; gain = 0.000 ; free physical = 16345 ; free virtual = 55436
INFO: [Netlist 29-17] Analyzing 491 Unisim elements for replacement
INFO: [Netlist 29-28] Unisim Transformation completed in 0 CPU seconds
INFO: [Project 1-570] Preparing netlist for logic optimization

Processing XDC Constraints
Initializing timing engine
Parsing XDC File [/home/tommy/smolrv64/platforms/rk-xcku5p-f-v1.2/rk_xcku5p.gen/sources_1/ip/ila_timer/ila_timer_ooc.xdc] for cell 'inst'
Finished Parsing XDC File [/home/tommy/smolrv64/platforms/rk-xcku5p-f-v1.2/rk_xcku5p.gen/sources_1/ip/ila_timer/ila_timer_ooc.xdc] for cell 'inst'
Parsing XDC File [/home/tommy/smolrv64/platforms/rk-xcku5p-f-v1.2/rk_xcku5p.gen/sources_1/ip/ila_timer/ila_v6_2/constraints/ila.xdc] for cell 'inst'
Finished Parsing XDC File [/home/tommy/smolrv64/platforms/rk-xcku5p-f-v1.2/rk_xcku5p.gen/sources_1/ip/ila_timer/ila_v6_2/constraints/ila.xdc] for cell 'inst'
INFO: [Project 1-236] Implementation specific constraints were found while reading constraint file [/home/tommy/smolrv64/platforms/rk-xcku5p-f-v1.2/rk_xcku5p.gen/sources_1/ip/ila_timer/ila_v6_2/constraints/ila.xdc]. These constraints will be ignored for synthesis but will be used in implementation. Impacted constraints are listed in the file [.Xil/ila_timer_propImpl.xdc].
Resolution: To avoid this warning, move constraints listed in [.Xil/ila_timer_propImpl.xdc] to another XDC file and exclude this new file from synthesis with the used_in_synthesis property (File Properties dialog in GUI) and re-run elaboration/synthesis.
Parsing XDC File [/home/tommy/smolrv64/platforms/rk-xcku5p-f-v1.2/rk_xcku5p.runs/ila_timer_synth_1/dont_touch.xdc]
Finished Parsing XDC File [/home/tommy/smolrv64/platforms/rk-xcku5p-f-v1.2/rk_xcku5p.runs/ila_timer_synth_1/dont_touch.xdc]
Completed Processing XDC Constraints

Netlist sorting complete. Time (s): cpu = 00:00:00 ; elapsed = 00:00:00 . Memory (MB): peak = 3274.941 ; gain = 0.000 ; free physical = 16368 ; free virtual = 55458
INFO: [Project 1-111] Unisim Transformation Summary:
  A total of 367 instances were transformed.
  CFGLUT5 => CFGLUT5 (SRL16E, SRLC32E): 324 instances
  CFGLUT5 => SRLC32E: 43 instances

Constraint Validation Runtime : Time (s): cpu = 00:00:00.08 ; elapsed = 00:00:00.1 . Memory (MB): peak = 3274.977 ; gain = 0.000 ; free physical = 16367 ; free virtual = 55457
INFO: [Designutils 20-5008] Incremental synthesis strategy off
---------------------------------------------------------------------------------
Finished Constraint Validation : Time (s): cpu = 00:00:17 ; elapsed = 00:00:18 . Memory (MB): peak = 3274.977 ; gain = 696.359 ; free physical = 16375 ; free virtual = 55466
---------------------------------------------------------------------------------
---------------------------------------------------------------------------------
Start Loading Part and Timing Information
---------------------------------------------------------------------------------
Loading part: xcku5p-ffvb676-2-i
INFO: [Synth 8-6742] Reading net delay rules and data
---------------------------------------------------------------------------------
Finished Loading Part and Timing Information : Time (s): cpu = 00:00:17 ; elapsed = 00:00:18 . Memory (MB): peak = 3282.945 ; gain = 704.328 ; free physical = 16375 ; free virtual = 55466
---------------------------------------------------------------------------------
---------------------------------------------------------------------------------
Start Applying 'set_property' XDC Constraints
---------------------------------------------------------------------------------
---------------------------------------------------------------------------------
Finished applying 'set_property' XDC Constraints : Time (s): cpu = 00:00:17 ; elapsed = 00:00:18 . Memory (MB): peak = 3282.945 ; gain = 704.328 ; free physical = 16374 ; free virtual = 55465
---------------------------------------------------------------------------------
INFO: [Synth 8-802] inferred FSM for state register 'current_state_reg' in module 'xsdbs_v1_0_5_reg_p2s'
INFO: [Synth 8-802] inferred FSM for state register 'current_state_reg' in module 'xsdbs_v1_0_5_reg_p2s__parameterized0'
INFO: [Synth 8-802] inferred FSM for state register 'current_state_reg' in module 'xsdbs_v1_0_5_reg_p2s__parameterized1'
INFO: [Synth 8-802] inferred FSM for state register 'current_state_reg' in module 'xsdbs_v1_0_5_reg_p2s__parameterized2'
INFO: [Synth 8-802] inferred FSM for state register 'current_state_reg' in module 'xsdbs_v1_0_5_reg_p2s__parameterized3'
INFO: [Synth 8-802] inferred FSM for state register 'current_state_reg' in module 'xsdbs_v1_0_5_reg_p2s__parameterized4'
INFO: [Synth 8-802] inferred FSM for state register 'current_state_reg' in module 'xsdbs_v1_0_5_reg_p2s__parameterized5'
INFO: [Synth 8-802] inferred FSM for state register 'current_state_reg' in module 'xsdbs_v1_0_5_reg_p2s__parameterized6'
INFO: [Synth 8-802] inferred FSM for state register 'current_state_reg' in module 'xsdbs_v1_0_5_reg_p2s__parameterized7'
INFO: [Synth 8-802] inferred FSM for state register 'current_state_reg' in module 'xsdbs_v1_0_5_reg_p2s__parameterized8'
INFO: [Synth 8-802] inferred FSM for state register 'current_state_reg' in module 'xsdbs_v1_0_5_reg_p2s__parameterized9'
INFO: [Synth 8-802] inferred FSM for state register 'current_state_reg' in module 'xsdbs_v1_0_5_reg_p2s__parameterized10'
INFO: [Synth 8-802] inferred FSM for state register 'current_state_reg' in module 'xsdbs_v1_0_5_reg_p2s__parameterized11'
INFO: [Synth 8-802] inferred FSM for state register 'current_state_reg' in module 'xsdbs_v1_0_5_reg_p2s__parameterized12'
INFO: [Synth 8-802] inferred FSM for state register 'current_state_reg' in module 'xsdbs_v1_0_5_reg_p2s__parameterized13'
INFO: [Synth 8-802] inferred FSM for state register 'current_state_reg' in module 'xsdbs_v1_0_5_reg_p2s__parameterized14'
INFO: [Synth 8-802] inferred FSM for state register 'current_state_reg' in module 'xsdbs_v1_0_5_reg_p2s__parameterized15'
INFO: [Synth 8-802] inferred FSM for state register 'current_state_reg' in module 'xsdbs_v1_0_5_reg_p2s__parameterized16'
INFO: [Synth 8-802] inferred FSM for state register 'current_state_reg' in module 'xsdbs_v1_0_5_reg_p2s__parameterized17'
INFO: [Synth 8-802] inferred FSM for state register 'current_state_reg' in module 'xsdbs_v1_0_5_reg_p2s__parameterized18'
INFO: [Synth 8-802] inferred FSM for state register 'current_state_reg' in module 'xsdbs_v1_0_5_reg_p2s__parameterized19'
INFO: [Synth 8-802] inferred FSM for state register 'current_state_reg' in module 'xsdbs_v1_0_5_reg_p2s__parameterized20'
INFO: [Synth 8-802] inferred FSM for state register 'current_state_reg' in module 'xsdbs_v1_0_5_reg_p2s__parameterized21'
INFO: [Synth 8-802] inferred FSM for state register 'current_state_reg' in module 'xsdbs_v1_0_5_reg_p2s__parameterized22'
INFO: [Synth 8-802] inferred FSM for state register 'current_state_reg' in module 'xsdbs_v1_0_5_reg_p2s__parameterized23'
INFO: [Synth 8-802] inferred FSM for state register 'current_state_reg' in module 'xsdbs_v1_0_5_reg_p2s__parameterized24'
INFO: [Synth 8-802] inferred FSM for state register 'current_state_reg' in module 'xsdbs_v1_0_5_reg_p2s__parameterized25'
INFO: [Synth 8-802] inferred FSM for state register 'current_state_reg' in module 'xsdbs_v1_0_5_reg_p2s__parameterized26'
INFO: [Synth 8-802] inferred FSM for state register 'current_state_reg' in module 'xsdbs_v1_0_5_reg_p2s__parameterized27'
INFO: [Synth 8-802] inferred FSM for state register 'current_state_reg' in module 'xsdbs_v1_0_5_reg_p2s__parameterized28'
INFO: [Synth 8-802] inferred FSM for state register 'current_state_reg' in module 'xsdbs_v1_0_5_reg_p2s__parameterized29'
INFO: [Synth 8-802] inferred FSM for state register 'current_state_reg' in module 'xsdbs_v1_0_5_reg_p2s__parameterized30'
INFO: [Synth 8-802] inferred FSM for state register 'current_state_reg' in module 'xsdbs_v1_0_5_reg_p2s__parameterized31'
INFO: [Synth 8-802] inferred FSM for state register 'current_state_reg' in module 'xsdbs_v1_0_5_reg_p2s__parameterized32'
INFO: [Synth 8-802] inferred FSM for state register 'current_state_reg' in module 'xsdbs_v1_0_5_reg_p2s__parameterized33'
INFO: [Synth 8-802] inferred FSM for state register 'current_state_reg' in module 'xsdbs_v1_0_5_reg_p2s__parameterized34'
INFO: [Synth 8-802] inferred FSM for state register 'current_state_reg' in module 'xsdbs_v1_0_5_reg_p2s__parameterized35'
INFO: [Synth 8-802] inferred FSM for state register 'current_state_reg' in module 'xsdbs_v1_0_5_reg_p2s__parameterized36'
INFO: [Synth 8-802] inferred FSM for state register 'current_state_reg' in module 'xsdbs_v1_0_5_reg_p2s__parameterized37'
INFO: [Synth 8-802] inferred FSM for state register 'current_state_reg' in module 'xsdbs_v1_0_5_reg_p2s__parameterized38'
INFO: [Synth 8-802] inferred FSM for state register 'current_state_reg' in module 'xsdbs_v1_0_5_reg_p2s__parameterized39'
INFO: [Synth 8-802] inferred FSM for state register 'current_state_reg' in module 'xsdbs_v1_0_5_reg_p2s__parameterized40'
INFO: [Synth 8-802] inferred FSM for state register 'current_state_reg' in module 'xsdbs_v1_0_5_reg_p2s__parameterized41'
INFO: [Synth 8-802] inferred FSM for state register 'current_state_reg' in module 'xsdbs_v1_0_5_reg_p2s__parameterized42'
INFO: [Synth 8-802] inferred FSM for state register 'current_state_reg' in module 'xsdbs_v1_0_5_reg_p2s__parameterized43'
INFO: [Synth 8-802] inferred FSM for state register 'current_state_reg' in module 'ltlib_v1_0_3_generic_memrd'
---------------------------------------------------------------------------------------------------
                   State |                     New Encoding |                Previous Encoding 
---------------------------------------------------------------------------------------------------
*
                    IDLE |                             0001 |                             0001
                     REG |                             0010 |                             0010
                     P2S |                             0100 |                             0100
                     S2P |                             1000 |                             1000
---------------------------------------------------------------------------------------------------
INFO: [Synth 8-3898] No Re-encoding of one hot register 'current_state_reg' in module 'xsdbs_v1_0_5_reg_p2s'
---------------------------------------------------------------------------------------------------
                   State |                     New Encoding |                Previous Encoding 
---------------------------------------------------------------------------------------------------
*
                    IDLE |                             0001 |                             0001
                     REG |                             0010 |                             0010
                     P2S |                             0100 |                             0100
                     S2P |                             1000 |                             1000
---------------------------------------------------------------------------------------------------
INFO: [Synth 8-3898] No Re-encoding of one hot register 'current_state_reg' in module 'xsdbs_v1_0_5_reg_p2s__parameterized0'
---------------------------------------------------------------------------------------------------
                   State |                     New Encoding |                Previous Encoding 
---------------------------------------------------------------------------------------------------
*
                    IDLE |                             0001 |                             0001
                     REG |                             0010 |                             0010
                     P2S |                             0100 |                             0100
                     S2P |                             1000 |                             1000
---------------------------------------------------------------------------------------------------
INFO: [Synth 8-3898] No Re-encoding of one hot register 'current_state_reg' in module 'xsdbs_v1_0_5_reg_p2s__parameterized1'
---------------------------------------------------------------------------------------------------
                   State |                     New Encoding |                Previous Encoding 
---------------------------------------------------------------------------------------------------
*
                    IDLE |                             0001 |                             0001
                     REG |                             0010 |                             0010
                     P2S |                             0100 |                             0100
                     S2P |                             1000 |                             1000
---------------------------------------------------------------------------------------------------
INFO: [Synth 8-3898] No Re-encoding of one hot register 'current_state_reg' in module 'xsdbs_v1_0_5_reg_p2s__parameterized2'
---------------------------------------------------------------------------------------------------
                   State |                     New Encoding |                Previous Encoding 
---------------------------------------------------------------------------------------------------
*
                    IDLE |                             0001 |                             0001
                     REG |                             0010 |                             0010
                     P2S |                             0100 |                             0100
                     S2P |                             1000 |                             1000
---------------------------------------------------------------------------------------------------
INFO: [Synth 8-3898] No Re-encoding of one hot register 'current_state_reg' in module 'xsdbs_v1_0_5_reg_p2s__parameterized3'
---------------------------------------------------------------------------------------------------
                   State |                     New Encoding |                Previous Encoding 
---------------------------------------------------------------------------------------------------
*
                    IDLE |                             0001 |                             0001
                     REG |                             0010 |                             0010
                     P2S |                             0100 |                             0100
                     S2P |                             1000 |                             1000
---------------------------------------------------------------------------------------------------
INFO: [Synth 8-3898] No Re-encoding of one hot register 'current_state_reg' in module 'xsdbs_v1_0_5_reg_p2s__parameterized4'
---------------------------------------------------------------------------------------------------
                   State |                     New Encoding |                Previous Encoding 
---------------------------------------------------------------------------------------------------
*
                    IDLE |                             0001 |                             0001
                     REG |                             0010 |                             0010
                     P2S |                             0100 |                             0100
                     S2P |                             1000 |                             1000
---------------------------------------------------------------------------------------------------
INFO: [Synth 8-3898] No Re-encoding of one hot register 'current_state_reg' in module 'xsdbs_v1_0_5_reg_p2s__parameterized5'
---------------------------------------------------------------------------------------------------
                   State |                     New Encoding |                Previous Encoding 
---------------------------------------------------------------------------------------------------
*
                    IDLE |                             0001 |                             0001
                     REG |                             0010 |                             0010
                     P2S |                             0100 |                             0100
                     S2P |                             1000 |                             1000
---------------------------------------------------------------------------------------------------
INFO: [Synth 8-3898] No Re-encoding of one hot register 'current_state_reg' in module 'xsdbs_v1_0_5_reg_p2s__parameterized6'
---------------------------------------------------------------------------------------------------
                   State |                     New Encoding |                Previous Encoding 
---------------------------------------------------------------------------------------------------
*
                    IDLE |                             0001 |                             0001
                     REG |                             0010 |                             0010
                     P2S |                             0100 |                             0100
                     S2P |                             1000 |                             1000
---------------------------------------------------------------------------------------------------
INFO: [Synth 8-3898] No Re-encoding of one hot register 'current_state_reg' in module 'xsdbs_v1_0_5_reg_p2s__parameterized7'
---------------------------------------------------------------------------------------------------
                   State |                     New Encoding |                Previous Encoding 
---------------------------------------------------------------------------------------------------
*
                    IDLE |                             0001 |                             0001
                     REG |                             0010 |                             0010
                     P2S |                             0100 |                             0100
                     S2P |                             1000 |                             1000
---------------------------------------------------------------------------------------------------
INFO: [Synth 8-3898] No Re-encoding of one hot register 'current_state_reg' in module 'xsdbs_v1_0_5_reg_p2s__parameterized8'
---------------------------------------------------------------------------------------------------
                   State |                     New Encoding |                Previous Encoding 
---------------------------------------------------------------------------------------------------
*
                    IDLE |                             0001 |                             0001
                     REG |                             0010 |                             0010
                     P2S |                             0100 |                             0100
                     S2P |                             1000 |                             1000
---------------------------------------------------------------------------------------------------
INFO: [Synth 8-3898] No Re-encoding of one hot register 'current_state_reg' in module 'xsdbs_v1_0_5_reg_p2s__parameterized9'
---------------------------------------------------------------------------------------------------
                   State |                     New Encoding |                Previous Encoding 
---------------------------------------------------------------------------------------------------
*
                    IDLE |                             0001 |                             0001
                     REG |                             0010 |                             0010
                     P2S |                             0100 |                             0100
                     S2P |                             1000 |                             1000
---------------------------------------------------------------------------------------------------
INFO: [Synth 8-3898] No Re-encoding of one hot register 'current_state_reg' in module 'xsdbs_v1_0_5_reg_p2s__parameterized10'
---------------------------------------------------------------------------------------------------
                   State |                     New Encoding |                Previous Encoding 
---------------------------------------------------------------------------------------------------
*
                    IDLE |                             0001 |                             0001
                     REG |                             0010 |                             0010
                     P2S |                             0100 |                             0100
                     S2P |                             1000 |                             1000
---------------------------------------------------------------------------------------------------
INFO: [Synth 8-3898] No Re-encoding of one hot register 'current_state_reg' in module 'xsdbs_v1_0_5_reg_p2s__parameterized11'
---------------------------------------------------------------------------------------------------
                   State |                     New Encoding |                Previous Encoding 
---------------------------------------------------------------------------------------------------
*
                    IDLE |                             0001 |                             0001
                     REG |                             0010 |                             0010
                     P2S |                             0100 |                             0100
                     S2P |                             1000 |                             1000
---------------------------------------------------------------------------------------------------
INFO: [Synth 8-3898] No Re-encoding of one hot register 'current_state_reg' in module 'xsdbs_v1_0_5_reg_p2s__parameterized12'
---------------------------------------------------------------------------------------------------
                   State |                     New Encoding |                Previous Encoding 
---------------------------------------------------------------------------------------------------
*
                    IDLE |                             0001 |                             0001
                     REG |                             0010 |                             0010
                     P2S |                             0100 |                             0100
                     S2P |                             1000 |                             1000
---------------------------------------------------------------------------------------------------
INFO: [Synth 8-3898] No Re-encoding of one hot register 'current_state_reg' in module 'xsdbs_v1_0_5_reg_p2s__parameterized13'
---------------------------------------------------------------------------------------------------
                   State |                     New Encoding |                Previous Encoding 
---------------------------------------------------------------------------------------------------
*
                    IDLE |                             0001 |                             0001
                     REG |                             0010 |                             0010
                     P2S |                             0100 |                             0100
                     S2P |                             1000 |                             1000
---------------------------------------------------------------------------------------------------
INFO: [Synth 8-3898] No Re-encoding of one hot register 'current_state_reg' in module 'xsdbs_v1_0_5_reg_p2s__parameterized14'
---------------------------------------------------------------------------------------------------
                   State |                     New Encoding |                Previous Encoding 
---------------------------------------------------------------------------------------------------
*
                    IDLE |                             0001 |                             0001
                     REG |                             0010 |                             0010
                     P2S |                             0100 |                             0100
                     S2P |                             1000 |                             1000
---------------------------------------------------------------------------------------------------
INFO: [Synth 8-3898] No Re-encoding of one hot register 'current_state_reg' in module 'xsdbs_v1_0_5_reg_p2s__parameterized15'
---------------------------------------------------------------------------------------------------
                   State |                     New Encoding |                Previous Encoding 
---------------------------------------------------------------------------------------------------
*
                    IDLE |                             0001 |                             0001
                     REG |                             0010 |                             0010
                     P2S |                             0100 |                             0100
                     S2P |                             1000 |                             1000
---------------------------------------------------------------------------------------------------
INFO: [Synth 8-3898] No Re-encoding of one hot register 'current_state_reg' in module 'xsdbs_v1_0_5_reg_p2s__parameterized16'
---------------------------------------------------------------------------------------------------
                   State |                     New Encoding |                Previous Encoding 
---------------------------------------------------------------------------------------------------
*
                    IDLE |                             0001 |                             0001
                     REG |                             0010 |                             0010
                     P2S |                             0100 |                             0100
                     S2P |                             1000 |                             1000
---------------------------------------------------------------------------------------------------
INFO: [Synth 8-3898] No Re-encoding of one hot register 'current_state_reg' in module 'xsdbs_v1_0_5_reg_p2s__parameterized17'
---------------------------------------------------------------------------------------------------
                   State |                     New Encoding |                Previous Encoding 
---------------------------------------------------------------------------------------------------
*
                    IDLE |                             0001 |                             0001
                     REG |                             0010 |                             0010
                     P2S |                             0100 |                             0100
                     S2P |                             1000 |                             1000
---------------------------------------------------------------------------------------------------
INFO: [Synth 8-3898] No Re-encoding of one hot register 'current_state_reg' in module 'xsdbs_v1_0_5_reg_p2s__parameterized18'
---------------------------------------------------------------------------------------------------
                   State |                     New Encoding |                Previous Encoding 
---------------------------------------------------------------------------------------------------
*
                    IDLE |                             0001 |                             0001
                     REG |                             0010 |                             0010
                     P2S |                             0100 |                             0100
                     S2P |                             1000 |                             1000
---------------------------------------------------------------------------------------------------
INFO: [Synth 8-3898] No Re-encoding of one hot register 'current_state_reg' in module 'xsdbs_v1_0_5_reg_p2s__parameterized19'
---------------------------------------------------------------------------------------------------
                   State |                     New Encoding |                Previous Encoding 
---------------------------------------------------------------------------------------------------
*
                    IDLE |                             0001 |                             0001
                     REG |                             0010 |                             0010
                     P2S |                             0100 |                             0100
                     S2P |                             1000 |                             1000
---------------------------------------------------------------------------------------------------
INFO: [Synth 8-3898] No Re-encoding of one hot register 'current_state_reg' in module 'xsdbs_v1_0_5_reg_p2s__parameterized20'
---------------------------------------------------------------------------------------------------
                   State |                     New Encoding |                Previous Encoding 
---------------------------------------------------------------------------------------------------
*
                    IDLE |                             0001 |                             0001
                     REG |                             0010 |                             0010
                     P2S |                             0100 |                             0100
                     S2P |                             1000 |                             1000
---------------------------------------------------------------------------------------------------
INFO: [Synth 8-3898] No Re-encoding of one hot register 'current_state_reg' in module 'xsdbs_v1_0_5_reg_p2s__parameterized21'
---------------------------------------------------------------------------------------------------
                   State |                     New Encoding |                Previous Encoding 
---------------------------------------------------------------------------------------------------
*
                    IDLE |                             0001 |                             0001
                     REG |                             0010 |                             0010
                     P2S |                             0100 |                             0100
                     S2P |                             1000 |                             1000
---------------------------------------------------------------------------------------------------
INFO: [Synth 8-3898] No Re-encoding of one hot register 'current_state_reg' in module 'xsdbs_v1_0_5_reg_p2s__parameterized22'
---------------------------------------------------------------------------------------------------
                   State |                     New Encoding |                Previous Encoding 
---------------------------------------------------------------------------------------------------
*
                    IDLE |                             0001 |                             0001
                     REG |                             0010 |                             0010
                     P2S |                             0100 |                             0100
                     S2P |                             1000 |                             1000
---------------------------------------------------------------------------------------------------
INFO: [Synth 8-3898] No Re-encoding of one hot register 'current_state_reg' in module 'xsdbs_v1_0_5_reg_p2s__parameterized23'
---------------------------------------------------------------------------------------------------
                   State |                     New Encoding |                Previous Encoding 
---------------------------------------------------------------------------------------------------
*
                    IDLE |                             0001 |                             0001
                     REG |                             0010 |                             0010
                     P2S |                             0100 |                             0100
                     S2P |                             1000 |                             1000
---------------------------------------------------------------------------------------------------
INFO: [Synth 8-3898] No Re-encoding of one hot register 'current_state_reg' in module 'xsdbs_v1_0_5_reg_p2s__parameterized24'
---------------------------------------------------------------------------------------------------
                   State |                     New Encoding |                Previous Encoding 
---------------------------------------------------------------------------------------------------
*
                    IDLE |                             0001 |                             0001
                     REG |                             0010 |                             0010
                     P2S |                             0100 |                             0100
                     S2P |                             1000 |                             1000
---------------------------------------------------------------------------------------------------
INFO: [Synth 8-3898] No Re-encoding of one hot register 'current_state_reg' in module 'xsdbs_v1_0_5_reg_p2s__parameterized25'
---------------------------------------------------------------------------------------------------
                   State |                     New Encoding |                Previous Encoding 
---------------------------------------------------------------------------------------------------
*
                    IDLE |                             0001 |                             0001
                     REG |                             0010 |                             0010
                     P2S |                             0100 |                             0100
                     S2P |                             1000 |                             1000
---------------------------------------------------------------------------------------------------
INFO: [Synth 8-3898] No Re-encoding of one hot register 'current_state_reg' in module 'xsdbs_v1_0_5_reg_p2s__parameterized26'
---------------------------------------------------------------------------------------------------
                   State |                     New Encoding |                Previous Encoding 
---------------------------------------------------------------------------------------------------
*
                    IDLE |                             0001 |                             0001
                     REG |                             0010 |                             0010
                     P2S |                             0100 |                             0100
                     S2P |                             1000 |                             1000
---------------------------------------------------------------------------------------------------
INFO: [Synth 8-3898] No Re-encoding of one hot register 'current_state_reg' in module 'xsdbs_v1_0_5_reg_p2s__parameterized27'
---------------------------------------------------------------------------------------------------
                   State |                     New Encoding |                Previous Encoding 
---------------------------------------------------------------------------------------------------
*
                    IDLE |                             0001 |                             0001
                     REG |                             0010 |                             0010
                     P2S |                             0100 |                             0100
                     S2P |                             1000 |                             1000
---------------------------------------------------------------------------------------------------
INFO: [Synth 8-3898] No Re-encoding of one hot register 'current_state_reg' in module 'xsdbs_v1_0_5_reg_p2s__parameterized28'
---------------------------------------------------------------------------------------------------
                   State |                     New Encoding |                Previous Encoding 
---------------------------------------------------------------------------------------------------
*
                    IDLE |                             0001 |                             0001
                     REG |                             0010 |                             0010
                     P2S |                             0100 |                             0100
                     S2P |                             1000 |                             1000
---------------------------------------------------------------------------------------------------
INFO: [Synth 8-3898] No Re-encoding of one hot register 'current_state_reg' in module 'xsdbs_v1_0_5_reg_p2s__parameterized29'
---------------------------------------------------------------------------------------------------
                   State |                     New Encoding |                Previous Encoding 
---------------------------------------------------------------------------------------------------
*
                    IDLE |                             0001 |                             0001
                     REG |                             0010 |                             0010
                     P2S |                             0100 |                             0100
                     S2P |                             1000 |                             1000
---------------------------------------------------------------------------------------------------
INFO: [Synth 8-3898] No Re-encoding of one hot register 'current_state_reg' in module 'xsdbs_v1_0_5_reg_p2s__parameterized30'
---------------------------------------------------------------------------------------------------
                   State |                     New Encoding |                Previous Encoding 
---------------------------------------------------------------------------------------------------
*
                    IDLE |                             0001 |                             0001
                     REG |                             0010 |                             0010
                     P2S |                             0100 |                             0100
                     S2P |                             1000 |                             1000
---------------------------------------------------------------------------------------------------
INFO: [Synth 8-3898] No Re-encoding of one hot register 'current_state_reg' in module 'xsdbs_v1_0_5_reg_p2s__parameterized31'
---------------------------------------------------------------------------------------------------
                   State |                     New Encoding |                Previous Encoding 
---------------------------------------------------------------------------------------------------
*
                    IDLE |                             0001 |                             0001
                     REG |                             0010 |                             0010
                     P2S |                             0100 |                             0100
                     S2P |                             1000 |                             1000
---------------------------------------------------------------------------------------------------
INFO: [Synth 8-3898] No Re-encoding of one hot register 'current_state_reg' in module 'xsdbs_v1_0_5_reg_p2s__parameterized32'
---------------------------------------------------------------------------------------------------
                   State |                     New Encoding |                Previous Encoding 
---------------------------------------------------------------------------------------------------
*
                    IDLE |                             0001 |                             0001
                     REG |                             0010 |                             0010
                     P2S |                             0100 |                             0100
                     S2P |                             1000 |                             1000
---------------------------------------------------------------------------------------------------
INFO: [Synth 8-3898] No Re-encoding of one hot register 'current_state_reg' in module 'xsdbs_v1_0_5_reg_p2s__parameterized33'
---------------------------------------------------------------------------------------------------
                   State |                     New Encoding |                Previous Encoding 
---------------------------------------------------------------------------------------------------
*
                    IDLE |                             0001 |                             0001
                     REG |                             0010 |                             0010
                     P2S |                             0100 |                             0100
                     S2P |                             1000 |                             1000
---------------------------------------------------------------------------------------------------
INFO: [Synth 8-3898] No Re-encoding of one hot register 'current_state_reg' in module 'xsdbs_v1_0_5_reg_p2s__parameterized34'
---------------------------------------------------------------------------------------------------
                   State |                     New Encoding |                Previous Encoding 
---------------------------------------------------------------------------------------------------
*
                    IDLE |                             0001 |                             0001
                     REG |                             0010 |                             0010
                     P2S |                             0100 |                             0100
                     S2P |                             1000 |                             1000
---------------------------------------------------------------------------------------------------
INFO: [Synth 8-3898] No Re-encoding of one hot register 'current_state_reg' in module 'xsdbs_v1_0_5_reg_p2s__parameterized35'
---------------------------------------------------------------------------------------------------
                   State |                     New Encoding |                Previous Encoding 
---------------------------------------------------------------------------------------------------
*
                    IDLE |                             0001 |                             0001
                     REG |                             0010 |                             0010
                     P2S |                             0100 |                             0100
                     S2P |                             1000 |                             1000
---------------------------------------------------------------------------------------------------
INFO: [Synth 8-3898] No Re-encoding of one hot register 'current_state_reg' in module 'xsdbs_v1_0_5_reg_p2s__parameterized36'
---------------------------------------------------------------------------------------------------
                   State |                     New Encoding |                Previous Encoding 
---------------------------------------------------------------------------------------------------
*
                    IDLE |                             0001 |                             0001
                     REG |                             0010 |                             0010
                     P2S |                             0100 |                             0100
                     S2P |                             1000 |                             1000
---------------------------------------------------------------------------------------------------
INFO: [Synth 8-3898] No Re-encoding of one hot register 'current_state_reg' in module 'xsdbs_v1_0_5_reg_p2s__parameterized37'
---------------------------------------------------------------------------------------------------
                   State |                     New Encoding |                Previous Encoding 
---------------------------------------------------------------------------------------------------
*
                    IDLE |                             0001 |                             0001
                     REG |                             0010 |                             0010
                     P2S |                             0100 |                             0100
                     S2P |                             1000 |                             1000
---------------------------------------------------------------------------------------------------
INFO: [Synth 8-3898] No Re-encoding of one hot register 'current_state_reg' in module 'xsdbs_v1_0_5_reg_p2s__parameterized38'
---------------------------------------------------------------------------------------------------
                   State |                     New Encoding |                Previous Encoding 
---------------------------------------------------------------------------------------------------
*
                    IDLE |                             0001 |                             0001
                     REG |                             0010 |                             0010
                     P2S |                             0100 |                             0100
                     S2P |                             1000 |                             1000
---------------------------------------------------------------------------------------------------
INFO: [Synth 8-3898] No Re-encoding of one hot register 'current_state_reg' in module 'xsdbs_v1_0_5_reg_p2s__parameterized39'
---------------------------------------------------------------------------------------------------
                   State |                     New Encoding |                Previous Encoding 
---------------------------------------------------------------------------------------------------
*
                    IDLE |                             0001 |                             0001
                     REG |                             0010 |                             0010
                     P2S |                             0100 |                             0100
                     S2P |                             1000 |                             1000
---------------------------------------------------------------------------------------------------
INFO: [Synth 8-3898] No Re-encoding of one hot register 'current_state_reg' in module 'xsdbs_v1_0_5_reg_p2s__parameterized40'
---------------------------------------------------------------------------------------------------
                   State |                     New Encoding |                Previous Encoding 
---------------------------------------------------------------------------------------------------
*
                    IDLE |                             0001 |                             0001
                     REG |                             0010 |                             0010
                     P2S |                             0100 |                             0100
                     S2P |                             1000 |                             1000
---------------------------------------------------------------------------------------------------
INFO: [Synth 8-3898] No Re-encoding of one hot register 'current_state_reg' in module 'xsdbs_v1_0_5_reg_p2s__parameterized41'
---------------------------------------------------------------------------------------------------
                   State |                     New Encoding |                Previous Encoding 
---------------------------------------------------------------------------------------------------
*
                    IDLE |                             0001 |                             0001
                     REG |                             0010 |                             0010
                     P2S |                             0100 |                             0100
                     S2P |                             1000 |                             1000
---------------------------------------------------------------------------------------------------
INFO: [Synth 8-3898] No Re-encoding of one hot register 'current_state_reg' in module 'xsdbs_v1_0_5_reg_p2s__parameterized42'
---------------------------------------------------------------------------------------------------
                   State |                     New Encoding |                Previous Encoding 
---------------------------------------------------------------------------------------------------
*
                    IDLE |                             0001 |                             0001
                     REG |                             0010 |                             0010
                     P2S |                             0100 |                             0100
                     S2P |                             1000 |                             1000
---------------------------------------------------------------------------------------------------
INFO: [Synth 8-3898] No Re-encoding of one hot register 'current_state_reg' in module 'xsdbs_v1_0_5_reg_p2s__parameterized43'
---------------------------------------------------------------------------------------------------
                   State |                     New Encoding |                Previous Encoding 
---------------------------------------------------------------------------------------------------
*
              RESET_ADDR |                          0000001 |                          0000001
            REQUEST_READ |                          0000010 |                          0000010
           WAIT_READ_ACK |                          0000100 |                          0000100
             OUTPUT_DATA |                          0001000 |                          0001000
                    IDLE |                          0010000 |                          0010000
         INCREMENT_BLOCK |                          0100000 |                          0100000
       INCREMENT_ADDRESS |                          1000000 |                          1000000
---------------------------------------------------------------------------------------------------
INFO: [Synth 8-3898] No Re-encoding of one hot register 'current_state_reg' in module 'ltlib_v1_0_3_generic_memrd'
---------------------------------------------------------------------------------
Finished RTL Optimization Phase 2 : Time (s): cpu = 00:00:18 ; elapsed = 00:00:19 . Memory (MB): peak = 3282.945 ; gain = 704.328 ; free physical = 16378 ; free virtual = 55472
---------------------------------------------------------------------------------
---------------------------------------------------------------------------------
Start RTL Component Statistics 
---------------------------------------------------------------------------------
---------------------------------------------------------------------------------
Finished RTL Component Statistics 
---------------------------------------------------------------------------------
---------------------------------------------------------------------------------
Start Part Resource Summary
---------------------------------------------------------------------------------
Part Resources:
DSPs: 1824 (col length:96)
BRAMs: 960 (col length: RAMB18 96 RAMB36 48)
---------------------------------------------------------------------------------
Finished Part Resource Summary
---------------------------------------------------------------------------------
---------------------------------------------------------------------------------
Start Cross Boundary and Area Optimization
---------------------------------------------------------------------------------
WARNING: [Synth 8-7080] Parallel synthesis criteria is not met
---------------------------------------------------------------------------------
Finished Cross Boundary and Area Optimization : Time (s): cpu = 00:00:28 ; elapsed = 00:00:29 . Memory (MB): peak = 3282.945 ; gain = 704.328 ; free physical = 16390 ; free virtual = 55484
---------------------------------------------------------------------------------
---------------------------------------------------------------------------------
Start Applying XDC Timing Constraints
---------------------------------------------------------------------------------
---------------------------------------------------------------------------------
Finished Applying XDC Timing Constraints : Time (s): cpu = 00:00:31 ; elapsed = 00:00:33 . Memory (MB): peak = 3557.305 ; gain = 978.688 ; free physical = 16196 ; free virtual = 55290
---------------------------------------------------------------------------------
---------------------------------------------------------------------------------
Start Timing Optimization
---------------------------------------------------------------------------------
---------------------------------------------------------------------------------
Finished Timing Optimization : Time (s): cpu = 00:00:32 ; elapsed = 00:00:33 . Memory (MB): peak = 3590.336 ; gain = 1011.719 ; free physical = 16165 ; free virtual = 55259
---------------------------------------------------------------------------------
---------------------------------------------------------------------------------
Start Technology Mapping
---------------------------------------------------------------------------------
---------------------------------------------------------------------------------
Finished Technology Mapping : Time (s): cpu = 00:00:32 ; elapsed = 00:00:34 . Memory (MB): peak = 3609.375 ; gain = 1030.758 ; free physical = 16149 ; free virtual = 55243
---------------------------------------------------------------------------------
---------------------------------------------------------------------------------
Start IO Insertion
---------------------------------------------------------------------------------
---------------------------------------------------------------------------------
Start Flattening Before IO Insertion
---------------------------------------------------------------------------------
---------------------------------------------------------------------------------
Finished Flattening Before IO Insertion
---------------------------------------------------------------------------------
---------------------------------------------------------------------------------
Start Final Netlist Cleanup
---------------------------------------------------------------------------------
---------------------------------------------------------------------------------
Finished Final Netlist Cleanup
---------------------------------------------------------------------------------
INFO: [Synth 8-3295] tying undriven pin dummy_inferred:in0 to constant 0
INFO: [Synth 8-3295] tying undriven pin inst:sl_iport0[36] to constant 0
INFO: [Synth 8-3295] tying undriven pin inst:sl_iport0[35] to constant 0
INFO: [Synth 8-3295] tying undriven pin inst:sl_iport0[34] to constant 0
INFO: [Synth 8-3295] tying undriven pin inst:sl_iport0[33] to constant 0
INFO: [Synth 8-3295] tying undriven pin inst:sl_iport0[32] to constant 0
INFO: [Synth 8-3295] tying undriven pin inst:sl_iport0[31] to constant 0
INFO: [Synth 8-3295] tying undriven pin inst:sl_iport0[30] to constant 0
INFO: [Synth 8-3295] tying undriven pin inst:sl_iport0[29] to constant 0
INFO: [Synth 8-3295] tying undriven pin inst:sl_iport0[28] to constant 0
INFO: [Synth 8-3295] tying undriven pin inst:sl_iport0[27] to constant 0
INFO: [Synth 8-3295] tying undriven pin inst:sl_iport0[26] to constant 0
INFO: [Synth 8-3295] tying undriven pin inst:sl_iport0[25] to constant 0
INFO: [Synth 8-3295] tying undriven pin inst:sl_iport0[24] to constant 0
INFO: [Synth 8-3295] tying undriven pin inst:sl_iport0[23] to constant 0
INFO: [Synth 8-3295] tying undriven pin inst:sl_iport0[22] to constant 0
INFO: [Synth 8-3295] tying undriven pin inst:sl_iport0[21] to constant 0
INFO: [Synth 8-3295] tying undriven pin inst:sl_iport0[20] to constant 0
INFO: [Synth 8-3295] tying undriven pin inst:sl_iport0[19] to constant 0
INFO: [Synth 8-3295] tying undriven pin inst:sl_iport0[18] to constant 0
INFO: [Synth 8-3295] tying undriven pin inst:sl_iport0[17] to constant 0
INFO: [Synth 8-3295] tying undriven pin inst:sl_iport0[16] to constant 0
INFO: [Synth 8-3295] tying undriven pin inst:sl_iport0[15] to constant 0
INFO: [Synth 8-3295] tying undriven pin inst:sl_iport0[14] to constant 0
INFO: [Synth 8-3295] tying undriven pin inst:sl_iport0[13] to constant 0
INFO: [Synth 8-3295] tying undriven pin inst:sl_iport0[12] to constant 0
INFO: [Synth 8-3295] tying undriven pin inst:sl_iport0[11] to constant 0
INFO: [Synth 8-3295] tying undriven pin inst:sl_iport0[10] to constant 0
INFO: [Synth 8-3295] tying undriven pin inst:sl_iport0[9] to constant 0
INFO: [Synth 8-3295] tying undriven pin inst:sl_iport0[8] to constant 0
INFO: [Synth 8-3295] tying undriven pin inst:sl_iport0[7] to constant 0
INFO: [Synth 8-3295] tying undriven pin inst:sl_iport0[6] to constant 0
INFO: [Synth 8-3295] tying undriven pin inst:sl_iport0[5] to constant 0
INFO: [Synth 8-3295] tying undriven pin inst:sl_iport0[4] to constant 0
INFO: [Synth 8-3295] tying undriven pin inst:sl_iport0[3] to constant 0
INFO: [Synth 8-3295] tying undriven pin inst:sl_iport0[2] to constant 0
INFO: [Synth 8-3295] tying undriven pin inst:sl_iport0[1] to constant 0
INFO: [Synth 8-3295] tying undriven pin inst:sl_iport0[0] to constant 0
INFO: [Synth 8-3295] tying undriven pin inst:trig_in to constant 0
INFO: [Synth 8-3295] tying undriven pin inst:trig_out_ack to constant 0
---------------------------------------------------------------------------------
Finished IO Insertion : Time (s): cpu = 00:00:34 ; elapsed = 00:00:36 . Memory (MB): peak = 3759.188 ; gain = 1180.570 ; free physical = 16026 ; free virtual = 55120
---------------------------------------------------------------------------------
---------------------------------------------------------------------------------
Start Renaming Generated Instances
---------------------------------------------------------------------------------
---------------------------------------------------------------------------------
Finished Renaming Generated Instances : Time (s): cpu = 00:00:34 ; elapsed = 00:00:36 . Memory (MB): peak = 3759.188 ; gain = 1180.570 ; free physical = 16026 ; free virtual = 55120
---------------------------------------------------------------------------------
---------------------------------------------------------------------------------
Start Rebuilding User Hierarchy
---------------------------------------------------------------------------------
---------------------------------------------------------------------------------
Finished Rebuilding User Hierarchy : Time (s): cpu = 00:00:34 ; elapsed = 00:00:36 . Memory (MB): peak = 3759.188 ; gain = 1180.570 ; free physical = 16026 ; free virtual = 55120
---------------------------------------------------------------------------------
---------------------------------------------------------------------------------
Start Renaming Generated Ports
---------------------------------------------------------------------------------
---------------------------------------------------------------------------------
Finished Renaming Generated Ports : Time (s): cpu = 00:00:34 ; elapsed = 00:00:36 . Memory (MB): peak = 3759.188 ; gain = 1180.570 ; free physical = 16026 ; free virtual = 55120
---------------------------------------------------------------------------------
---------------------------------------------------------------------------------
Start Handling Custom Attributes
---------------------------------------------------------------------------------
---------------------------------------------------------------------------------
Finished Handling Custom Attributes : Time (s): cpu = 00:00:34 ; elapsed = 00:00:36 . Memory (MB): peak = 3759.188 ; gain = 1180.570 ; free physical = 16026 ; free virtual = 55120
---------------------------------------------------------------------------------
---------------------------------------------------------------------------------
Start Renaming Generated Nets
---------------------------------------------------------------------------------
---------------------------------------------------------------------------------
Finished Renaming Generated Nets : Time (s): cpu = 00:00:34 ; elapsed = 00:00:36 . Memory (MB): peak = 3759.188 ; gain = 1180.570 ; free physical = 16026 ; free virtual = 55120
---------------------------------------------------------------------------------
---------------------------------------------------------------------------------
Start Writing Synthesis Report
---------------------------------------------------------------------------------

Report BlackBoxes: 
+-+--------------+----------+
| |BlackBox name |Instances |
+-+--------------+----------+
+-+--------------+----------+

Report Cell Usage: 
+------+---------+------+
|      |Cell     |Count |
+------+---------+------+
|1     |CARRY4   |   124|
|2     |CARRY8   |    12|
|3     |CFGLUT5  |   367|
|4     |LUT1     |    75|
|5     |LUT2     |   417|
|6     |LUT3     |   599|
|7     |LUT4     |   491|
|8     |LUT5     |   291|
|9     |LUT6     |  1462|
|10    |MUXF7    |   143|
|11    |MUXF8    |     7|
|12    |RAM64M   |     4|
|13    |RAM64M8  |    12|
|14    |RAMB36E2 |    72|
|15    |SRL16E   |   331|
|16    |SRLC16E  |     2|
|17    |SRLC32E  |    17|
|18    |FDRE     |  5548|
|19    |FDSE     |    10|
+------+---------+------+
---------------------------------------------------------------------------------
Finished Writing Synthesis Report : Time (s): cpu = 00:00:34 ; elapsed = 00:00:36 . Memory (MB): peak = 3759.188 ; gain = 1180.570 ; free physical = 16026 ; free virtual = 55120
---------------------------------------------------------------------------------
Synthesis finished with 0 errors, 0 critical warnings and 3518 warnings.
Synthesis Optimization Runtime : Time (s): cpu = 00:00:30 ; elapsed = 00:00:32 . Memory (MB): peak = 3759.188 ; gain = 1140.516 ; free physical = 16018 ; free virtual = 55112
Synthesis Optimization Complete : Time (s): cpu = 00:00:35 ; elapsed = 00:00:36 . Memory (MB): peak = 3759.188 ; gain = 1180.570 ; free physical = 16018 ; free virtual = 55112
INFO: [Project 1-571] Translating synthesized netlist
Netlist sorting complete. Time (s): cpu = 00:00:00.05 ; elapsed = 00:00:00.05 . Memory (MB): peak = 3759.188 ; gain = 0.000 ; free physical = 16177 ; free virtual = 55271
INFO: [Netlist 29-17] Analyzing 669 Unisim elements for replacement
INFO: [Netlist 29-28] Unisim Transformation completed in 0 CPU seconds
INFO: [Project 1-570] Preparing netlist for logic optimization
INFO: [Opt 31-138] Pushed 0 inverter(s) to 0 load pin(s).
Netlist sorting complete. Time (s): cpu = 00:00:00 ; elapsed = 00:00:00 . Memory (MB): peak = 3759.188 ; gain = 0.000 ; free physical = 16155 ; free virtual = 55249
INFO: [Project 1-111] Unisim Transformation Summary:
  A total of 449 instances were transformed.
  (CARRY4) => CARRY8: 66 instances
  CFGLUT5 => CFGLUT5 (SRL16E, SRLC32E): 324 instances
  CFGLUT5 => SRLC32E: 43 instances
  RAM64M => RAM64M (RAMD64E(x4)): 4 instances
  RAM64M8 => RAM64M8 (RAMD64E(x8)): 12 instances

Synth Design complete | Checksum: c5e24dcf
INFO: [Common 17-83] Releasing license: Synthesis
267 Infos, 109 Warnings, 0 Critical Warnings and 0 Errors encountered.
synth_design completed successfully
synth_design: Time (s): cpu = 00:00:41 ; elapsed = 00:00:42 . Memory (MB): peak = 3759.188 ; gain = 2206.328 ; free physical = 16154 ; free virtual = 55248
INFO: [Common 17-2834] synth_design peak Physical Memory [PSS] (MB): overall = 2884.723; main = 2884.723; forked = 273.455
INFO: [Common 17-2834] synth_design peak Virtual Memory [VSS] (MB): overall = 4326.297; main = 3704.461; forked = 964.605
Write ShapeDB Complete: Time (s): cpu = 00:00:00.02 ; elapsed = 00:00:00 . Memory (MB): peak = 3759.188 ; gain = 0.000 ; free physical = 16155 ; free virtual = 55249
INFO: [Common 17-1381] The checkpoint '/home/tommy/smolrv64/platforms/rk-xcku5p-f-v1.2/rk_xcku5p.runs/ila_timer_synth_1/ila_timer.dcp' has been generated.
INFO: [Coretcl 2-1648] Added synthesis output to IP cache for IP ila_timer, cache-ID = e203ea5d495f3178
INFO: [Coretcl 2-1174] Renamed 492 cell refs.
Write ShapeDB Complete: Time (s): cpu = 00:00:00.02 ; elapsed = 00:00:00 . Memory (MB): peak = 3759.188 ; gain = 0.000 ; free physical = 16099 ; free virtual = 55213
INFO: [Common 17-1381] The checkpoint '/home/tommy/smolrv64/platforms/rk-xcku5p-f-v1.2/rk_xcku5p.runs/ila_timer_synth_1/ila_timer.dcp' has been generated.
INFO: [Vivado 12-24828] Executing command : report_utilization -file ila_timer_utilization_synth.rpt -pb ila_timer_utilization_synth.pb
INFO: [Common 17-206] Exiting Vivado at Mon Aug 10 05:10:08 2026...
